audio_id,media_type,source_pack,source_category,source_path,normalized_path,extension,notes
sfx_100_cc0_sfx_0_bell_01,sfx,100_cc0_sfx_0,root,assetdirectory/audio/sfx_ogapacks/source/100_cc0_sfx_0/bell_01.ogg,assetdirectory/audio/normalized/sfx/100_cc0_sfx_0/sfx_100_cc0_sfx_0_bell_01.ogg,ogg,normalized
sfx_100_cc0_sfx_0_bell_02,sfx,100_cc0_sfx_0,root,assetdirectory/audio/sfx_ogapacks/source/100_cc0_sfx_0/bell_02.ogg,assetdirectory/audio/normalized/sfx/100_cc0_sfx_0/sfx_100_cc0_sfx_0_bell_02.ogg,ogg,normalized
sfx_100_cc0_sfx_0_bell_03,sfx,100_cc0_sfx_0,root,assetdirectory/audio/sfx_ogapacks/source/100_cc0_sfx_0/bell_03.ogg,assetdirectory/audio/normalized/sfx/100_cc0_sfx_0/sfx_100_cc0_sfx_0_bell_03.ogg,ogg,normalized
sfx_100_cc0_sfx_0_dishes_01,sfx,100_cc0_sfx_0,root,assetdirectory/audio/sfx_ogapacks/source/100_cc0_sfx_0/dishes_01.ogg,assetdirectory/audio/normalized/sfx/100_cc0_sfx_0/sfx_100_cc0_sfx_0_dishes_01.ogg,ogg,normalized
sfx_100_cc0_sfx_0_dishes_02,sfx,100_cc0_sfx_0,root,assetdirectory/audio/sfx_ogapacks/source/100_cc0_sfx_0/dishes_02.ogg,assetdirectory/audio/normalized/sfx/100_cc0_sfx_0/sfx_100_cc0_sfx_0_dishes_02.ogg,ogg,normalized
sfx_100_cc0_sfx_0_dishes_03,sfx,100_cc0_sfx_0,root,assetdirectory/audio/sfx_ogapacks/source/100_cc0_sfx_0/dishes_03.ogg,assetdirectory/audio/normalized/sfx/100_cc0_sfx_0/sfx_100_cc0_sfx_0_dishes_03.ogg,ogg,normalized
sfx_100_cc0_sfx_0_dishes_04,sfx,100_cc0_sfx_0,root,assetdirectory/audio/sfx_ogapacks/source/100_cc0_sfx_0/dishes_04.ogg,assetdirectory/audio/normalized/sfx/100_cc0_sfx_0/sfx_100_cc0_sfx_0_dishes_04.ogg,ogg,normalized
sfx_100_cc0_sfx_0_door_01,sfx,100_cc0_sfx_0,root,assetdirectory/audio/sfx_ogapacks/source/100_cc0_sfx_0/door_01.ogg,assetdirectory/audio/normalized/sfx/100_cc0_sfx_0/sfx_100_cc0_sfx_0_door_01.ogg,ogg,normalized
sfx_100_cc0_sfx_0_door_02,sfx,100_cc0_sfx_0,root,assetdirectory/audio/sfx_ogapacks/source/100_cc0_sfx_0/door_02.ogg,assetdirectory/audio/normalized/sfx/100_cc0_sfx_0/sfx_100_cc0_sfx_0_door_02.ogg,ogg,normalized
sfx_100_cc0_sfx_0_door_close_01,sfx,100_cc0_sfx_0,root,assetdirectory/audio/sfx_ogapacks/source/100_cc0_sfx_0/door_close_01.ogg,assetdirectory/audio/normalized/sfx/100_cc0_sfx_0/sfx_100_cc0_sfx_0_door_close_01.ogg,ogg,normalized
sfx_100_cc0_sfx_0_door_close_02,sfx,100_cc0_sfx_0,root,assetdirectory/audio/sfx_ogapacks/source/100_cc0_sfx_0/door_close_02.ogg,assetdirectory/audio/normalized/sfx/100_cc0_sfx_0/sfx_100_cc0_sfx_0_door_close_02.ogg,ogg,normalized
sfx_100_cc0_sfx_0_door_close_03,sfx,100_cc0_sfx_0,root,assetdirectory/audio/sfx_ogapacks/source/100_cc0_sfx_0/door_close_03.ogg,assetdirectory/audio/normalized/sfx/100_cc0_sfx_0/sfx_100_cc0_sfx_0_door_close_03.ogg,ogg,normalized
sfx_100_cc0_sfx_0_door_close_04,sfx,100_cc0_sfx_0,root,assetdirectory/audio/sfx_ogapacks/source/100_cc0_sfx_0/door_close_04.ogg,assetdirectory/audio/normalized/sfx/100_cc0_sfx_0/sfx_100_cc0_sfx_0_door_close_04.ogg,ogg,normalized
sfx_100_cc0_sfx_0_door_open,sfx,100_cc0_sfx_0,root,assetdirectory/audio/sfx_ogapacks/source/100_cc0_sfx_0/door_open.ogg,assetdirectory/audio/normalized/sfx/100_cc0_sfx_0/sfx_100_cc0_sfx_0_door_open.ogg,ogg,normalized
sfx_100_cc0_sfx_0_explosion,sfx,100_cc0_sfx_0,root,assetdirectory/audio/sfx_ogapacks/source/100_cc0_sfx_0/explosion.ogg,assetdirectory/audio/normalized/sfx/100_cc0_sfx_0/sfx_100_cc0_sfx_0_explosion.ogg,ogg,normalized
sfx_100_cc0_sfx_0_glass_01,sfx,100_cc0_sfx_0,root,assetdirectory/audio/sfx_ogapacks/source/100_cc0_sfx_0/glass_01.ogg,assetdirectory/audio/normalized/sfx/100_cc0_sfx_0/sfx_100_cc0_sfx_0_glass_01.ogg,ogg,normalized
sfx_100_cc0_sfx_0_glass_02,sfx,100_cc0_sfx_0,root,assetdirectory/audio/sfx_ogapacks/source/100_cc0_sfx_0/glass_02.ogg,assetdirectory/audio/normalized/sfx/100_cc0_sfx_0/sfx_100_cc0_sfx_0_glass_02.ogg,ogg,normalized
sfx_100_cc0_sfx_0_glass_03,sfx,100_cc0_sfx_0,root,assetdirectory/audio/sfx_ogapacks/source/100_cc0_sfx_0/glass_03.ogg,assetdirectory/audio/normalized/sfx/100_cc0_sfx_0/sfx_100_cc0_sfx_0_glass_03.ogg,ogg,normalized
sfx_100_cc0_sfx_0_glass_04,sfx,100_cc0_sfx_0,root,assetdirectory/audio/sfx_ogapacks/source/100_cc0_sfx_0/glass_04.ogg,assetdirectory/audio/normalized/sfx/100_cc0_sfx_0/sfx_100_cc0_sfx_0_glass_04.ogg,ogg,normalized
sfx_100_cc0_sfx_0_glass_05,sfx,100_cc0_sfx_0,root,assetdirectory/audio/sfx_ogapacks/source/100_cc0_sfx_0/glass_05.ogg,assetdirectory/audio/normalized/sfx/100_cc0_sfx_0/sfx_100_cc0_sfx_0_glass_05.ogg,ogg,normalized
sfx_100_cc0_sfx_0_gong_01,sfx,100_cc0_sfx_0,root,assetdirectory/audio/sfx_ogapacks/source/100_cc0_sfx_0/gong_01.ogg,assetdirectory/audio/normalized/sfx/100_cc0_sfx_0/sfx_100_cc0_sfx_0_gong_01.ogg,ogg,normalized
sfx_100_cc0_sfx_0_gong_02,sfx,100_cc0_sfx_0,root,assetdirectory/audio/sfx_ogapacks/source/100_cc0_sfx_0/gong_02.ogg,assetdirectory/audio/normalized/sfx/100_cc0_sfx_0/sfx_100_cc0_sfx_0_gong_02.ogg,ogg,normalized
sfx_100_cc0_sfx_0_hit_01,sfx,100_cc0_sfx_0,root,assetdirectory/audio/sfx_ogapacks/source/100_cc0_sfx_0/hit_01.ogg,assetdirectory/audio/normalized/sfx/100_cc0_sfx_0/sfx_100_cc0_sfx_0_hit_01.ogg,ogg,normalized
sfx_100_cc0_sfx_0_hit_02,sfx,100_cc0_sfx_0,root,assetdirectory/audio/sfx_ogapacks/source/100_cc0_sfx_0/hit_02.ogg,assetdirectory/audio/normalized/sfx/100_cc0_sfx_0/sfx_100_cc0_sfx_0_hit_02.ogg,ogg,normalized
sfx_100_cc0_sfx_0_hit_03,sfx,100_cc0_sfx_0,root,assetdirectory/audio/sfx_ogapacks/source/100_cc0_sfx_0/hit_03.ogg,assetdirectory/audio/normalized/sfx/100_cc0_sfx_0/sfx_100_cc0_sfx_0_hit_03.ogg,ogg,normalized
sfx_100_cc0_sfx_0_hit_04,sfx,100_cc0_sfx_0,root,assetdirectory/audio/sfx_ogapacks/source/100_cc0_sfx_0/hit_04.ogg,assetdirectory/audio/normalized/sfx/100_cc0_sfx_0/sfx_100_cc0_sfx_0_hit_04.ogg,ogg,normalized
sfx_100_cc0_sfx_0_key_open_01,sfx,100_cc0_sfx_0,root,assetdirectory/audio/sfx_ogapacks/source/100_cc0_sfx_0/key_open_01.ogg,assetdirectory/audio/normalized/sfx/100_cc0_sfx_0/sfx_100_cc0_sfx_0_key_open_01.ogg,ogg,normalized
sfx_100_cc0_sfx_0_key_open_02,sfx,100_cc0_sfx_0,root,assetdirectory/audio/sfx_ogapacks/source/100_cc0_sfx_0/key_open_02.ogg,assetdirectory/audio/normalized/sfx/100_cc0_sfx_0/sfx_100_cc0_sfx_0_key_open_02.ogg,ogg,normalized
sfx_100_cc0_sfx_0_machine_01,sfx,100_cc0_sfx_0,root,assetdirectory/audio/sfx_ogapacks/source/100_cc0_sfx_0/machine_01.ogg,assetdirectory/audio/normalized/sfx/100_cc0_sfx_0/sfx_100_cc0_sfx_0_machine_01.ogg,ogg,normalized
sfx_100_cc0_sfx_0_machine_02,sfx,100_cc0_sfx_0,root,assetdirectory/audio/sfx_ogapacks/source/100_cc0_sfx_0/machine_02.ogg,assetdirectory/audio/normalized/sfx/100_cc0_sfx_0/sfx_100_cc0_sfx_0_machine_02.ogg,ogg,normalized
sfx_100_cc0_sfx_0_machine_03,sfx,100_cc0_sfx_0,root,assetdirectory/audio/sfx_ogapacks/source/100_cc0_sfx_0/machine_03.ogg,assetdirectory/audio/normalized/sfx/100_cc0_sfx_0/sfx_100_cc0_sfx_0_machine_03.ogg,ogg,normalized
sfx_100_cc0_sfx_0_metal_01,sfx,100_cc0_sfx_0,root,assetdirectory/audio/sfx_ogapacks/source/100_cc0_sfx_0/metal_01.ogg,assetdirectory/audio/normalized/sfx/100_cc0_sfx_0/sfx_100_cc0_sfx_0_metal_01.ogg,ogg,normalized
sfx_100_cc0_sfx_0_metal_02,sfx,100_cc0_sfx_0,root,assetdirectory/audio/sfx_ogapacks/source/100_cc0_sfx_0/metal_02.ogg,assetdirectory/audio/normalized/sfx/100_cc0_sfx_0/sfx_100_cc0_sfx_0_metal_02.ogg,ogg,normalized
sfx_100_cc0_sfx_0_metal_03,sfx,100_cc0_sfx_0,root,assetdirectory/audio/sfx_ogapacks/source/100_cc0_sfx_0/metal_03.ogg,assetdirectory/audio/normalized/sfx/100_cc0_sfx_0/sfx_100_cc0_sfx_0_metal_03.ogg,ogg,normalized
sfx_100_cc0_sfx_0_metal_04,sfx,100_cc0_sfx_0,root,assetdirectory/audio/sfx_ogapacks/source/100_cc0_sfx_0/metal_04.ogg,assetdirectory/audio/normalized/sfx/100_cc0_sfx_0/sfx_100_cc0_sfx_0_metal_04.ogg,ogg,normalized
sfx_100_cc0_sfx_0_metal_05,sfx,100_cc0_sfx_0,root,assetdirectory/audio/sfx_ogapacks/source/100_cc0_sfx_0/metal_05.ogg,assetdirectory/audio/normalized/sfx/100_cc0_sfx_0/sfx_100_cc0_sfx_0_metal_05.ogg,ogg,normalized
sfx_100_cc0_sfx_0_metal_06,sfx,100_cc0_sfx_0,root,assetdirectory/audio/sfx_ogapacks/source/100_cc0_sfx_0/metal_06.ogg,assetdirectory/audio/normalized/sfx/100_cc0_sfx_0/sfx_100_cc0_sfx_0_metal_06.ogg,ogg,normalized
sfx_100_cc0_sfx_0_metal_07,sfx,100_cc0_sfx_0,root,assetdirectory/audio/sfx_ogapacks/source/100_cc0_sfx_0/metal_07.ogg,assetdirectory/audio/normalized/sfx/100_cc0_sfx_0/sfx_100_cc0_sfx_0_metal_07.ogg,ogg,normalized
sfx_100_cc0_sfx_0_metal_08,sfx,100_cc0_sfx_0,root,assetdirectory/audio/sfx_ogapacks/source/100_cc0_sfx_0/metal_08.ogg,assetdirectory/audio/normalized/sfx/100_cc0_sfx_0/sfx_100_cc0_sfx_0_metal_08.ogg,ogg,normalized
sfx_100_cc0_sfx_0_metal_09,sfx,100_cc0_sfx_0,root,assetdirectory/audio/sfx_ogapacks/source/100_cc0_sfx_0/metal_09.ogg,assetdirectory/audio/normalized/sfx/100_cc0_sfx_0/sfx_100_cc0_sfx_0_metal_09.ogg,ogg,normalized
sfx_100_cc0_sfx_0_metal_10,sfx,100_cc0_sfx_0,root,assetdirectory/audio/sfx_ogapacks/source/100_cc0_sfx_0/metal_10.ogg,assetdirectory/audio/normalized/sfx/100_cc0_sfx_0/sfx_100_cc0_sfx_0_metal_10.ogg,ogg,normalized
sfx_100_cc0_sfx_0_metal_11,sfx,100_cc0_sfx_0,root,assetdirectory/audio/sfx_ogapacks/source/100_cc0_sfx_0/metal_11.ogg,assetdirectory/audio/normalized/sfx/100_cc0_sfx_0/sfx_100_cc0_sfx_0_metal_11.ogg,ogg,normalized
sfx_100_cc0_sfx_0_metal_12,sfx,100_cc0_sfx_0,root,assetdirectory/audio/sfx_ogapacks/source/100_cc0_sfx_0/metal_12.ogg,assetdirectory/audio/normalized/sfx/100_cc0_sfx_0/sfx_100_cc0_sfx_0_metal_12.ogg,ogg,normalized
sfx_100_cc0_sfx_0_microwave_door_close,sfx,100_cc0_sfx_0,root,assetdirectory/audio/sfx_ogapacks/source/100_cc0_sfx_0/microwave_door_close.ogg,assetdirectory/audio/normalized/sfx/100_cc0_sfx_0/sfx_100_cc0_sfx_0_microwave_door_close.ogg,ogg,normalized
sfx_100_cc0_sfx_0_microwave_door_open,sfx,100_cc0_sfx_0,root,assetdirectory/audio/sfx_ogapacks/source/100_cc0_sfx_0/microwave_door_open.ogg,assetdirectory/audio/normalized/sfx/100_cc0_sfx_0/sfx_100_cc0_sfx_0_microwave_door_open.ogg,ogg,normalized
sfx_100_cc0_sfx_0_noise_01,sfx,100_cc0_sfx_0,root,assetdirectory/audio/sfx_ogapacks/source/100_cc0_sfx_0/noise_01.ogg,assetdirectory/audio/normalized/sfx/100_cc0_sfx_0/sfx_100_cc0_sfx_0_noise_01.ogg,ogg,normalized
sfx_100_cc0_sfx_0_noise_02,sfx,100_cc0_sfx_0,root,assetdirectory/audio/sfx_ogapacks/source/100_cc0_sfx_0/noise_02.ogg,assetdirectory/audio/normalized/sfx/100_cc0_sfx_0/sfx_100_cc0_sfx_0_noise_02.ogg,ogg,normalized
sfx_100_cc0_sfx_0_other_01,sfx,100_cc0_sfx_0,root,assetdirectory/audio/sfx_ogapacks/source/100_cc0_sfx_0/other_01.ogg,assetdirectory/audio/normalized/sfx/100_cc0_sfx_0/sfx_100_cc0_sfx_0_other_01.ogg,ogg,normalized
sfx_100_cc0_sfx_0_other_02,sfx,100_cc0_sfx_0,root,assetdirectory/audio/sfx_ogapacks/source/100_cc0_sfx_0/other_02.ogg,assetdirectory/audio/normalized/sfx/100_cc0_sfx_0/sfx_100_cc0_sfx_0_other_02.ogg,ogg,normalized
sfx_100_cc0_sfx_0_other_03,sfx,100_cc0_sfx_0,root,assetdirectory/audio/sfx_ogapacks/source/100_cc0_sfx_0/other_03.ogg,assetdirectory/audio/normalized/sfx/100_cc0_sfx_0/sfx_100_cc0_sfx_0_other_03.ogg,ogg,normalized
sfx_100_cc0_sfx_0_other_04,sfx,100_cc0_sfx_0,root,assetdirectory/audio/sfx_ogapacks/source/100_cc0_sfx_0/other_04.ogg,assetdirectory/audio/normalized/sfx/100_cc0_sfx_0/sfx_100_cc0_sfx_0_other_04.ogg,ogg,normalized
sfx_100_cc0_sfx_0_other_05,sfx,100_cc0_sfx_0,root,assetdirectory/audio/sfx_ogapacks/source/100_cc0_sfx_0/other_05.ogg,assetdirectory/audio/normalized/sfx/100_cc0_sfx_0/sfx_100_cc0_sfx_0_other_05.ogg,ogg,normalized
sfx_100_cc0_sfx_0_other_06,sfx,100_cc0_sfx_0,root,assetdirectory/audio/sfx_ogapacks/source/100_cc0_sfx_0/other_06.ogg,assetdirectory/audio/normalized/sfx/100_cc0_sfx_0/sfx_100_cc0_sfx_0_other_06.ogg,ogg,normalized
sfx_100_cc0_sfx_0_other_07,sfx,100_cc0_sfx_0,root,assetdirectory/audio/sfx_ogapacks/source/100_cc0_sfx_0/other_07.ogg,assetdirectory/audio/normalized/sfx/100_cc0_sfx_0/sfx_100_cc0_sfx_0_other_07.ogg,ogg,normalized
sfx_100_cc0_sfx_0_paper_01,sfx,100_cc0_sfx_0,root,assetdirectory/audio/sfx_ogapacks/source/100_cc0_sfx_0/paper_01.ogg,assetdirectory/audio/normalized/sfx/100_cc0_sfx_0/sfx_100_cc0_sfx_0_paper_01.ogg,ogg,normalized
sfx_100_cc0_sfx_0_paper_02,sfx,100_cc0_sfx_0,root,assetdirectory/audio/sfx_ogapacks/source/100_cc0_sfx_0/paper_02.ogg,assetdirectory/audio/normalized/sfx/100_cc0_sfx_0/sfx_100_cc0_sfx_0_paper_02.ogg,ogg,normalized
sfx_100_cc0_sfx_0_paper_03,sfx,100_cc0_sfx_0,root,assetdirectory/audio/sfx_ogapacks/source/100_cc0_sfx_0/paper_03.ogg,assetdirectory/audio/normalized/sfx/100_cc0_sfx_0/sfx_100_cc0_sfx_0_paper_03.ogg,ogg,normalized
sfx_100_cc0_sfx_0_paper_04,sfx,100_cc0_sfx_0,root,assetdirectory/audio/sfx_ogapacks/source/100_cc0_sfx_0/paper_04.ogg,assetdirectory/audio/normalized/sfx/100_cc0_sfx_0/sfx_100_cc0_sfx_0_paper_04.ogg,ogg,normalized
sfx_100_cc0_sfx_0_plop_01,sfx,100_cc0_sfx_0,root,assetdirectory/audio/sfx_ogapacks/source/100_cc0_sfx_0/plop_01.ogg,assetdirectory/audio/normalized/sfx/100_cc0_sfx_0/sfx_100_cc0_sfx_0_plop_01.ogg,ogg,normalized
sfx_100_cc0_sfx_0_plop_02,sfx,100_cc0_sfx_0,root,assetdirectory/audio/sfx_ogapacks/source/100_cc0_sfx_0/plop_02.ogg,assetdirectory/audio/normalized/sfx/100_cc0_sfx_0/sfx_100_cc0_sfx_0_plop_02.ogg,ogg,normalized
sfx_100_cc0_sfx_0_pot_01,sfx,100_cc0_sfx_0,root,assetdirectory/audio/sfx_ogapacks/source/100_cc0_sfx_0/pot_01.ogg,assetdirectory/audio/normalized/sfx/100_cc0_sfx_0/sfx_100_cc0_sfx_0_pot_01.ogg,ogg,normalized
sfx_100_cc0_sfx_0_pot_02,sfx,100_cc0_sfx_0,root,assetdirectory/audio/sfx_ogapacks/source/100_cc0_sfx_0/pot_02.ogg,assetdirectory/audio/normalized/sfx/100_cc0_sfx_0/sfx_100_cc0_sfx_0_pot_02.ogg,ogg,normalized
sfx_100_cc0_sfx_0_shot_01,sfx,100_cc0_sfx_0,root,assetdirectory/audio/sfx_ogapacks/source/100_cc0_sfx_0/shot_01.ogg,assetdirectory/audio/normalized/sfx/100_cc0_sfx_0/sfx_100_cc0_sfx_0_shot_01.ogg,ogg,normalized
sfx_100_cc0_sfx_0_shot_02,sfx,100_cc0_sfx_0,root,assetdirectory/audio/sfx_ogapacks/source/100_cc0_sfx_0/shot_02.ogg,assetdirectory/audio/normalized/sfx/100_cc0_sfx_0/sfx_100_cc0_sfx_0_shot_02.ogg,ogg,normalized
sfx_100_cc0_sfx_0_slam_01,sfx,100_cc0_sfx_0,root,assetdirectory/audio/sfx_ogapacks/source/100_cc0_sfx_0/slam_01.ogg,assetdirectory/audio/normalized/sfx/100_cc0_sfx_0/sfx_100_cc0_sfx_0_slam_01.ogg,ogg,normalized
sfx_100_cc0_sfx_0_slam_02,sfx,100_cc0_sfx_0,root,assetdirectory/audio/sfx_ogapacks/source/100_cc0_sfx_0/slam_02.ogg,assetdirectory/audio/normalized/sfx/100_cc0_sfx_0/sfx_100_cc0_sfx_0_slam_02.ogg,ogg,normalized
sfx_100_cc0_sfx_0_slam_03,sfx,100_cc0_sfx_0,root,assetdirectory/audio/sfx_ogapacks/source/100_cc0_sfx_0/slam_03.ogg,assetdirectory/audio/normalized/sfx/100_cc0_sfx_0/sfx_100_cc0_sfx_0_slam_03.ogg,ogg,normalized
sfx_100_cc0_sfx_0_slam_04,sfx,100_cc0_sfx_0,root,assetdirectory/audio/sfx_ogapacks/source/100_cc0_sfx_0/slam_04.ogg,assetdirectory/audio/normalized/sfx/100_cc0_sfx_0/sfx_100_cc0_sfx_0_slam_04.ogg,ogg,normalized
sfx_100_cc0_sfx_0_slam_05,sfx,100_cc0_sfx_0,root,assetdirectory/audio/sfx_ogapacks/source/100_cc0_sfx_0/slam_05.ogg,assetdirectory/audio/normalized/sfx/100_cc0_sfx_0/sfx_100_cc0_sfx_0_slam_05.ogg,ogg,normalized
sfx_100_cc0_sfx_0_slam_06,sfx,100_cc0_sfx_0,root,assetdirectory/audio/sfx_ogapacks/source/100_cc0_sfx_0/slam_06.ogg,assetdirectory/audio/normalized/sfx/100_cc0_sfx_0/sfx_100_cc0_sfx_0_slam_06.ogg,ogg,normalized
sfx_100_cc0_sfx_0_slam_07,sfx,100_cc0_sfx_0,root,assetdirectory/audio/sfx_ogapacks/source/100_cc0_sfx_0/slam_07.ogg,assetdirectory/audio/normalized/sfx/100_cc0_sfx_0/sfx_100_cc0_sfx_0_slam_07.ogg,ogg,normalized
sfx_100_cc0_sfx_0_splash_01,sfx,100_cc0_sfx_0,root,assetdirectory/audio/sfx_ogapacks/source/100_cc0_sfx_0/splash_01.ogg,assetdirectory/audio/normalized/sfx/100_cc0_sfx_0/sfx_100_cc0_sfx_0_splash_01.ogg,ogg,normalized
sfx_100_cc0_sfx_0_splash_02,sfx,100_cc0_sfx_0,root,assetdirectory/audio/sfx_ogapacks/source/100_cc0_sfx_0/splash_02.ogg,assetdirectory/audio/normalized/sfx/100_cc0_sfx_0/sfx_100_cc0_sfx_0_splash_02.ogg,ogg,normalized
sfx_100_cc0_sfx_0_spring_01,sfx,100_cc0_sfx_0,root,assetdirectory/audio/sfx_ogapacks/source/100_cc0_sfx_0/spring_01.ogg,assetdirectory/audio/normalized/sfx/100_cc0_sfx_0/sfx_100_cc0_sfx_0_spring_01.ogg,ogg,normalized
sfx_100_cc0_sfx_0_spring_02,sfx,100_cc0_sfx_0,root,assetdirectory/audio/sfx_ogapacks/source/100_cc0_sfx_0/spring_02.ogg,assetdirectory/audio/normalized/sfx/100_cc0_sfx_0/sfx_100_cc0_sfx_0_spring_02.ogg,ogg,normalized
sfx_100_cc0_sfx_0_spring_03,sfx,100_cc0_sfx_0,root,assetdirectory/audio/sfx_ogapacks/source/100_cc0_sfx_0/spring_03.ogg,assetdirectory/audio/normalized/sfx/100_cc0_sfx_0/sfx_100_cc0_sfx_0_spring_03.ogg,ogg,normalized
sfx_100_cc0_sfx_0_spring_04,sfx,100_cc0_sfx_0,root,assetdirectory/audio/sfx_ogapacks/source/100_cc0_sfx_0/spring_04.ogg,assetdirectory/audio/normalized/sfx/100_cc0_sfx_0/sfx_100_cc0_sfx_0_spring_04.ogg,ogg,normalized
sfx_100_cc0_sfx_0_spring_05,sfx,100_cc0_sfx_0,root,assetdirectory/audio/sfx_ogapacks/source/100_cc0_sfx_0/spring_05.ogg,assetdirectory/audio/normalized/sfx/100_cc0_sfx_0/sfx_100_cc0_sfx_0_spring_05.ogg,ogg,normalized
sfx_100_cc0_sfx_0_spring_06,sfx,100_cc0_sfx_0,root,assetdirectory/audio/sfx_ogapacks/source/100_cc0_sfx_0/spring_06.ogg,assetdirectory/audio/normalized/sfx/100_cc0_sfx_0/sfx_100_cc0_sfx_0_spring_06.ogg,ogg,normalized
sfx_100_cc0_sfx_0_spring_07,sfx,100_cc0_sfx_0,root,assetdirectory/audio/sfx_ogapacks/source/100_cc0_sfx_0/spring_07.ogg,assetdirectory/audio/normalized/sfx/100_cc0_sfx_0/sfx_100_cc0_sfx_0_spring_07.ogg,ogg,normalized
sfx_100_cc0_sfx_0_spring_08,sfx,100_cc0_sfx_0,root,assetdirectory/audio/sfx_ogapacks/source/100_cc0_sfx_0/spring_08.ogg,assetdirectory/audio/normalized/sfx/100_cc0_sfx_0/sfx_100_cc0_sfx_0_spring_08.ogg,ogg,normalized
sfx_100_cc0_sfx_0_spring_09,sfx,100_cc0_sfx_0,root,assetdirectory/audio/sfx_ogapacks/source/100_cc0_sfx_0/spring_09.ogg,assetdirectory/audio/normalized/sfx/100_cc0_sfx_0/sfx_100_cc0_sfx_0_spring_09.ogg,ogg,normalized
sfx_100_cc0_sfx_0_switch_01,sfx,100_cc0_sfx_0,root,assetdirectory/audio/sfx_ogapacks/source/100_cc0_sfx_0/switch_01.ogg,assetdirectory/audio/normalized/sfx/100_cc0_sfx_0/sfx_100_cc0_sfx_0_switch_01.ogg,ogg,normalized
sfx_100_cc0_sfx_0_switch_02,sfx,100_cc0_sfx_0,root,assetdirectory/audio/sfx_ogapacks/source/100_cc0_sfx_0/switch_02.ogg,assetdirectory/audio/normalized/sfx/100_cc0_sfx_0/sfx_100_cc0_sfx_0_switch_02.ogg,ogg,normalized
sfx_100_cc0_sfx_0_toilet_01,sfx,100_cc0_sfx_0,root,assetdirectory/audio/sfx_ogapacks/source/100_cc0_sfx_0/toilet_01.ogg,assetdirectory/audio/normalized/sfx/100_cc0_sfx_0/sfx_100_cc0_sfx_0_toilet_01.ogg,ogg,normalized
sfx_100_cc0_sfx_0_toilet_02,sfx,100_cc0_sfx_0,root,assetdirectory/audio/sfx_ogapacks/source/100_cc0_sfx_0/toilet_02.ogg,assetdirectory/audio/normalized/sfx/100_cc0_sfx_0/sfx_100_cc0_sfx_0_toilet_02.ogg,ogg,normalized
sfx_100_cc0_sfx_0_tools_01,sfx,100_cc0_sfx_0,root,assetdirectory/audio/sfx_ogapacks/source/100_cc0_sfx_0/tools_01.ogg,assetdirectory/audio/normalized/sfx/100_cc0_sfx_0/sfx_100_cc0_sfx_0_tools_01.ogg,ogg,normalized
sfx_100_cc0_sfx_0_tools_02,sfx,100_cc0_sfx_0,root,assetdirectory/audio/sfx_ogapacks/source/100_cc0_sfx_0/tools_02.ogg,assetdirectory/audio/normalized/sfx/100_cc0_sfx_0/sfx_100_cc0_sfx_0_tools_02.ogg,ogg,normalized
sfx_100_cc0_sfx_0_tools_03,sfx,100_cc0_sfx_0,root,assetdirectory/audio/sfx_ogapacks/source/100_cc0_sfx_0/tools_03.ogg,assetdirectory/audio/normalized/sfx/100_cc0_sfx_0/sfx_100_cc0_sfx_0_tools_03.ogg,ogg,normalized
sfx_100_cc0_sfx_0_tools_04,sfx,100_cc0_sfx_0,root,assetdirectory/audio/sfx_ogapacks/source/100_cc0_sfx_0/tools_04.ogg,assetdirectory/audio/normalized/sfx/100_cc0_sfx_0/sfx_100_cc0_sfx_0_tools_04.ogg,ogg,normalized
sfx_100_cc0_sfx_0_tools_05,sfx,100_cc0_sfx_0,root,assetdirectory/audio/sfx_ogapacks/source/100_cc0_sfx_0/tools_05.ogg,assetdirectory/audio/normalized/sfx/100_cc0_sfx_0/sfx_100_cc0_sfx_0_tools_05.ogg,ogg,normalized
sfx_100_cc0_sfx_0_weird_01,sfx,100_cc0_sfx_0,root,assetdirectory/audio/sfx_ogapacks/source/100_cc0_sfx_0/weird_01.ogg,assetdirectory/audio/normalized/sfx/100_cc0_sfx_0/sfx_100_cc0_sfx_0_weird_01.ogg,ogg,normalized
sfx_100_cc0_sfx_0_weird_02,sfx,100_cc0_sfx_0,root,assetdirectory/audio/sfx_ogapacks/source/100_cc0_sfx_0/weird_02.ogg,assetdirectory/audio/normalized/sfx/100_cc0_sfx_0/sfx_100_cc0_sfx_0_weird_02.ogg,ogg,normalized
sfx_100_cc0_sfx_0_weird_03,sfx,100_cc0_sfx_0,root,assetdirectory/audio/sfx_ogapacks/source/100_cc0_sfx_0/weird_03.ogg,assetdirectory/audio/normalized/sfx/100_cc0_sfx_0/sfx_100_cc0_sfx_0_weird_03.ogg,ogg,normalized
sfx_100_cc0_sfx_0_weird_04,sfx,100_cc0_sfx_0,root,assetdirectory/audio/sfx_ogapacks/source/100_cc0_sfx_0/weird_04.ogg,assetdirectory/audio/normalized/sfx/100_cc0_sfx_0/sfx_100_cc0_sfx_0_weird_04.ogg,ogg,normalized
sfx_100_cc0_sfx_0_weird_05,sfx,100_cc0_sfx_0,root,assetdirectory/audio/sfx_ogapacks/source/100_cc0_sfx_0/weird_05.ogg,assetdirectory/audio/normalized/sfx/100_cc0_sfx_0/sfx_100_cc0_sfx_0_weird_05.ogg,ogg,normalized
sfx_100_cc0_sfx_0_wooded_box_open,sfx,100_cc0_sfx_0,root,assetdirectory/audio/sfx_ogapacks/source/100_cc0_sfx_0/wooded_box_open.ogg,assetdirectory/audio/normalized/sfx/100_cc0_sfx_0/sfx_100_cc0_sfx_0_wooded_box_open.ogg,ogg,normalized
sfx_100_cc0_sfx_0_wooden_01,sfx,100_cc0_sfx_0,root,assetdirectory/audio/sfx_ogapacks/source/100_cc0_sfx_0/wooden_01.ogg,assetdirectory/audio/normalized/sfx/100_cc0_sfx_0/sfx_100_cc0_sfx_0_wooden_01.ogg,ogg,normalized
sfx_100_cc0_sfx_0_wooden_02,sfx,100_cc0_sfx_0,root,assetdirectory/audio/sfx_ogapacks/source/100_cc0_sfx_0/wooden_02.ogg,assetdirectory/audio/normalized/sfx/100_cc0_sfx_0/sfx_100_cc0_sfx_0_wooden_02.ogg,ogg,normalized
sfx_100_cc0_sfx_0_wooden_03,sfx,100_cc0_sfx_0,root,assetdirectory/audio/sfx_ogapacks/source/100_cc0_sfx_0/wooden_03.ogg,assetdirectory/audio/normalized/sfx/100_cc0_sfx_0/sfx_100_cc0_sfx_0_wooden_03.ogg,ogg,normalized
sfx_100_cc0_wood_metal_sfx_door_open_01,sfx,100_cc0_wood_metal_sfx,root,assetdirectory/audio/sfx_ogapacks/source/100_cc0_wood_metal_sfx/door_open_01.ogg,assetdirectory/audio/normalized/sfx/100_cc0_wood_metal_sfx/sfx_100_cc0_wood_metal_sfx_door_open_01.ogg,ogg,normalized
sfx_100_cc0_wood_metal_sfx_hammer_01,sfx,100_cc0_wood_metal_sfx,root,assetdirectory/audio/sfx_ogapacks/source/100_cc0_wood_metal_sfx/hammer_01.ogg,assetdirectory/audio/normalized/sfx/100_cc0_wood_metal_sfx/sfx_100_cc0_wood_metal_sfx_hammer_01.ogg,ogg,normalized
sfx_100_cc0_wood_metal_sfx_hammer_02,sfx,100_cc0_wood_metal_sfx,root,assetdirectory/audio/sfx_ogapacks/source/100_cc0_wood_metal_sfx/hammer_02.ogg,assetdirectory/audio/normalized/sfx/100_cc0_wood_metal_sfx/sfx_100_cc0_wood_metal_sfx_hammer_02.ogg,ogg,normalized
sfx_100_cc0_wood_metal_sfx_hammer_03,sfx,100_cc0_wood_metal_sfx,root,assetdirectory/audio/sfx_ogapacks/source/100_cc0_wood_metal_sfx/hammer_03.ogg,assetdirectory/audio/normalized/sfx/100_cc0_wood_metal_sfx/sfx_100_cc0_wood_metal_sfx_hammer_03.ogg,ogg,normalized
sfx_100_cc0_wood_metal_sfx_hammer_04,sfx,100_cc0_wood_metal_sfx,root,assetdirectory/audio/sfx_ogapacks/source/100_cc0_wood_metal_sfx/hammer_04.ogg,assetdirectory/audio/normalized/sfx/100_cc0_wood_metal_sfx/sfx_100_cc0_wood_metal_sfx_hammer_04.ogg,ogg,normalized
sfx_100_cc0_wood_metal_sfx_keys_01,sfx,100_cc0_wood_metal_sfx,root,assetdirectory/audio/sfx_ogapacks/source/100_cc0_wood_metal_sfx/keys_01.ogg,assetdirectory/audio/normalized/sfx/100_cc0_wood_metal_sfx/sfx_100_cc0_wood_metal_sfx_keys_01.ogg,ogg,normalized
sfx_100_cc0_wood_metal_sfx_keys_02,sfx,100_cc0_wood_metal_sfx,root,assetdirectory/audio/sfx_ogapacks/source/100_cc0_wood_metal_sfx/keys_02.ogg,assetdirectory/audio/normalized/sfx/100_cc0_wood_metal_sfx/sfx_100_cc0_wood_metal_sfx_keys_02.ogg,ogg,normalized
sfx_100_cc0_wood_metal_sfx_keys_03,sfx,100_cc0_wood_metal_sfx,root,assetdirectory/audio/sfx_ogapacks/source/100_cc0_wood_metal_sfx/keys_03.ogg,assetdirectory/audio/normalized/sfx/100_cc0_wood_metal_sfx/sfx_100_cc0_wood_metal_sfx_keys_03.ogg,ogg,normalized
sfx_100_cc0_wood_metal_sfx_keys_04,sfx,100_cc0_wood_metal_sfx,root,assetdirectory/audio/sfx_ogapacks/source/100_cc0_wood_metal_sfx/keys_04.ogg,assetdirectory/audio/normalized/sfx/100_cc0_wood_metal_sfx/sfx_100_cc0_wood_metal_sfx_keys_04.ogg,ogg,normalized
sfx_100_cc0_wood_metal_sfx_keys_05,sfx,100_cc0_wood_metal_sfx,root,assetdirectory/audio/sfx_ogapacks/source/100_cc0_wood_metal_sfx/keys_05.ogg,assetdirectory/audio/normalized/sfx/100_cc0_wood_metal_sfx/sfx_100_cc0_wood_metal_sfx_keys_05.ogg,ogg,normalized
sfx_100_cc0_wood_metal_sfx_keys_06,sfx,100_cc0_wood_metal_sfx,root,assetdirectory/audio/sfx_ogapacks/source/100_cc0_wood_metal_sfx/keys_06.ogg,assetdirectory/audio/normalized/sfx/100_cc0_wood_metal_sfx/sfx_100_cc0_wood_metal_sfx_keys_06.ogg,ogg,normalized
sfx_100_cc0_wood_metal_sfx_keys_07,sfx,100_cc0_wood_metal_sfx,root,assetdirectory/audio/sfx_ogapacks/source/100_cc0_wood_metal_sfx/keys_07.ogg,assetdirectory/audio/normalized/sfx/100_cc0_wood_metal_sfx/sfx_100_cc0_wood_metal_sfx_keys_07.ogg,ogg,normalized
sfx_100_cc0_wood_metal_sfx_lock_open_01,sfx,100_cc0_wood_metal_sfx,root,assetdirectory/audio/sfx_ogapacks/source/100_cc0_wood_metal_sfx/lock_open_01.ogg,assetdirectory/audio/normalized/sfx/100_cc0_wood_metal_sfx/sfx_100_cc0_wood_metal_sfx_lock_open_01.ogg,ogg,normalized
sfx_100_cc0_wood_metal_sfx_metal_close_01,sfx,100_cc0_wood_metal_sfx,root,assetdirectory/audio/sfx_ogapacks/source/100_cc0_wood_metal_sfx/metal_close_01.ogg,assetdirectory/audio/normalized/sfx/100_cc0_wood_metal_sfx/sfx_100_cc0_wood_metal_sfx_metal_close_01.ogg,ogg,normalized
sfx_100_cc0_wood_metal_sfx_metal_falling_01,sfx,100_cc0_wood_metal_sfx,root,assetdirectory/audio/sfx_ogapacks/source/100_cc0_wood_metal_sfx/metal_falling_01.ogg,assetdirectory/audio/normalized/sfx/100_cc0_wood_metal_sfx/sfx_100_cc0_wood_metal_sfx_metal_falling_01.ogg,ogg,normalized
sfx_100_cc0_wood_metal_sfx_metal_falling_02,sfx,100_cc0_wood_metal_sfx,root,assetdirectory/audio/sfx_ogapacks/source/100_cc0_wood_metal_sfx/metal_falling_02.ogg,assetdirectory/audio/normalized/sfx/100_cc0_wood_metal_sfx/sfx_100_cc0_wood_metal_sfx_metal_falling_02.ogg,ogg,normalized
sfx_100_cc0_wood_metal_sfx_metal_hit_01,sfx,100_cc0_wood_metal_sfx,root,assetdirectory/audio/sfx_ogapacks/source/100_cc0_wood_metal_sfx/metal_hit_01.ogg,assetdirectory/audio/normalized/sfx/100_cc0_wood_metal_sfx/sfx_100_cc0_wood_metal_sfx_metal_hit_01.ogg,ogg,normalized
sfx_100_cc0_wood_metal_sfx_metal_hit_02,sfx,100_cc0_wood_metal_sfx,root,assetdirectory/audio/sfx_ogapacks/source/100_cc0_wood_metal_sfx/metal_hit_02.ogg,assetdirectory/audio/normalized/sfx/100_cc0_wood_metal_sfx/sfx_100_cc0_wood_metal_sfx_metal_hit_02.ogg,ogg,normalized
sfx_100_cc0_wood_metal_sfx_metal_hit_03,sfx,100_cc0_wood_metal_sfx,root,assetdirectory/audio/sfx_ogapacks/source/100_cc0_wood_metal_sfx/metal_hit_03.ogg,assetdirectory/audio/normalized/sfx/100_cc0_wood_metal_sfx/sfx_100_cc0_wood_metal_sfx_metal_hit_03.ogg,ogg,normalized
sfx_100_cc0_wood_metal_sfx_metal_hit_04,sfx,100_cc0_wood_metal_sfx,root,assetdirectory/audio/sfx_ogapacks/source/100_cc0_wood_metal_sfx/metal_hit_04.ogg,assetdirectory/audio/normalized/sfx/100_cc0_wood_metal_sfx/sfx_100_cc0_wood_metal_sfx_metal_hit_04.ogg,ogg,normalized
sfx_100_cc0_wood_metal_sfx_metal_hit_05,sfx,100_cc0_wood_metal_sfx,root,assetdirectory/audio/sfx_ogapacks/source/100_cc0_wood_metal_sfx/metal_hit_05.ogg,assetdirectory/audio/normalized/sfx/100_cc0_wood_metal_sfx/sfx_100_cc0_wood_metal_sfx_metal_hit_05.ogg,ogg,normalized
sfx_100_cc0_wood_metal_sfx_metal_open_01,sfx,100_cc0_wood_metal_sfx,root,assetdirectory/audio/sfx_ogapacks/source/100_cc0_wood_metal_sfx/metal_open_01.ogg,assetdirectory/audio/normalized/sfx/100_cc0_wood_metal_sfx/sfx_100_cc0_wood_metal_sfx_metal_open_01.ogg,ogg,normalized
sfx_100_cc0_wood_metal_sfx_metal_sheet_01,sfx,100_cc0_wood_metal_sfx,root,assetdirectory/audio/sfx_ogapacks/source/100_cc0_wood_metal_sfx/metal_sheet_01.ogg,assetdirectory/audio/normalized/sfx/100_cc0_wood_metal_sfx/sfx_100_cc0_wood_metal_sfx_metal_sheet_01.ogg,ogg,normalized
sfx_100_cc0_wood_metal_sfx_metal_sheet_02,sfx,100_cc0_wood_metal_sfx,root,assetdirectory/audio/sfx_ogapacks/source/100_cc0_wood_metal_sfx/metal_sheet_02.ogg,assetdirectory/audio/normalized/sfx/100_cc0_wood_metal_sfx/sfx_100_cc0_wood_metal_sfx_metal_sheet_02.ogg,ogg,normalized
sfx_100_cc0_wood_metal_sfx_metal_sheet_03,sfx,100_cc0_wood_metal_sfx,root,assetdirectory/audio/sfx_ogapacks/source/100_cc0_wood_metal_sfx/metal_sheet_03.ogg,assetdirectory/audio/normalized/sfx/100_cc0_wood_metal_sfx/sfx_100_cc0_wood_metal_sfx_metal_sheet_03.ogg,ogg,normalized
sfx_100_cc0_wood_metal_sfx_metal_sheet_04,sfx,100_cc0_wood_metal_sfx,root,assetdirectory/audio/sfx_ogapacks/source/100_cc0_wood_metal_sfx/metal_sheet_04.ogg,assetdirectory/audio/normalized/sfx/100_cc0_wood_metal_sfx/sfx_100_cc0_wood_metal_sfx_metal_sheet_04.ogg,ogg,normalized
sfx_100_cc0_wood_metal_sfx_metal_sheet_05,sfx,100_cc0_wood_metal_sfx,root,assetdirectory/audio/sfx_ogapacks/source/100_cc0_wood_metal_sfx/metal_sheet_05.ogg,assetdirectory/audio/normalized/sfx/100_cc0_wood_metal_sfx/sfx_100_cc0_wood_metal_sfx_metal_sheet_05.ogg,ogg,normalized
sfx_100_cc0_wood_metal_sfx_metal_sheet_06,sfx,100_cc0_wood_metal_sfx,root,assetdirectory/audio/sfx_ogapacks/source/100_cc0_wood_metal_sfx/metal_sheet_06.ogg,assetdirectory/audio/normalized/sfx/100_cc0_wood_metal_sfx/sfx_100_cc0_wood_metal_sfx_metal_sheet_06.ogg,ogg,normalized
sfx_100_cc0_wood_metal_sfx_metal_slam_01,sfx,100_cc0_wood_metal_sfx,root,assetdirectory/audio/sfx_ogapacks/source/100_cc0_wood_metal_sfx/metal_slam_01.ogg,assetdirectory/audio/normalized/sfx/100_cc0_wood_metal_sfx/sfx_100_cc0_wood_metal_sfx_metal_slam_01.ogg,ogg,normalized
sfx_100_cc0_wood_metal_sfx_metal_spring_01,sfx,100_cc0_wood_metal_sfx,root,assetdirectory/audio/sfx_ogapacks/source/100_cc0_wood_metal_sfx/metal_spring_01.ogg,assetdirectory/audio/normalized/sfx/100_cc0_wood_metal_sfx/sfx_100_cc0_wood_metal_sfx_metal_spring_01.ogg,ogg,normalized
sfx_100_cc0_wood_metal_sfx_metal_spring_02,sfx,100_cc0_wood_metal_sfx,root,assetdirectory/audio/sfx_ogapacks/source/100_cc0_wood_metal_sfx/metal_spring_02.ogg,assetdirectory/audio/normalized/sfx/100_cc0_wood_metal_sfx/sfx_100_cc0_wood_metal_sfx_metal_spring_02.ogg,ogg,normalized
sfx_100_cc0_wood_metal_sfx_misc_01,sfx,100_cc0_wood_metal_sfx,root,assetdirectory/audio/sfx_ogapacks/source/100_cc0_wood_metal_sfx/misc_01.ogg,assetdirectory/audio/normalized/sfx/100_cc0_wood_metal_sfx/sfx_100_cc0_wood_metal_sfx_misc_01.ogg,ogg,normalized
sfx_100_cc0_wood_metal_sfx_misc_02,sfx,100_cc0_wood_metal_sfx,root,assetdirectory/audio/sfx_ogapacks/source/100_cc0_wood_metal_sfx/misc_02.ogg,assetdirectory/audio/normalized/sfx/100_cc0_wood_metal_sfx/sfx_100_cc0_wood_metal_sfx_misc_02.ogg,ogg,normalized
sfx_100_cc0_wood_metal_sfx_misc_03,sfx,100_cc0_wood_metal_sfx,root,assetdirectory/audio/sfx_ogapacks/source/100_cc0_wood_metal_sfx/misc_03.ogg,assetdirectory/audio/normalized/sfx/100_cc0_wood_metal_sfx/sfx_100_cc0_wood_metal_sfx_misc_03.ogg,ogg,normalized
sfx_100_cc0_wood_metal_sfx_misc_04,sfx,100_cc0_wood_metal_sfx,root,assetdirectory/audio/sfx_ogapacks/source/100_cc0_wood_metal_sfx/misc_04.ogg,assetdirectory/audio/normalized/sfx/100_cc0_wood_metal_sfx/sfx_100_cc0_wood_metal_sfx_misc_04.ogg,ogg,normalized
sfx_100_cc0_wood_metal_sfx_misc_05,sfx,100_cc0_wood_metal_sfx,root,assetdirectory/audio/sfx_ogapacks/source/100_cc0_wood_metal_sfx/misc_05.ogg,assetdirectory/audio/normalized/sfx/100_cc0_wood_metal_sfx/sfx_100_cc0_wood_metal_sfx_misc_05.ogg,ogg,normalized
sfx_100_cc0_wood_metal_sfx_misc_06,sfx,100_cc0_wood_metal_sfx,root,assetdirectory/audio/sfx_ogapacks/source/100_cc0_wood_metal_sfx/misc_06.ogg,assetdirectory/audio/normalized/sfx/100_cc0_wood_metal_sfx/sfx_100_cc0_wood_metal_sfx_misc_06.ogg,ogg,normalized
sfx_100_cc0_wood_metal_sfx_misc_07,sfx,100_cc0_wood_metal_sfx,root,assetdirectory/audio/sfx_ogapacks/source/100_cc0_wood_metal_sfx/misc_07.ogg,assetdirectory/audio/normalized/sfx/100_cc0_wood_metal_sfx/sfx_100_cc0_wood_metal_sfx_misc_07.ogg,ogg,normalized
sfx_100_cc0_wood_metal_sfx_misc_08,sfx,100_cc0_wood_metal_sfx,root,assetdirectory/audio/sfx_ogapacks/source/100_cc0_wood_metal_sfx/misc_08.ogg,assetdirectory/audio/normalized/sfx/100_cc0_wood_metal_sfx/sfx_100_cc0_wood_metal_sfx_misc_08.ogg,ogg,normalized
sfx_100_cc0_wood_metal_sfx_misc_09,sfx,100_cc0_wood_metal_sfx,root,assetdirectory/audio/sfx_ogapacks/source/100_cc0_wood_metal_sfx/misc_09.ogg,assetdirectory/audio/normalized/sfx/100_cc0_wood_metal_sfx/sfx_100_cc0_wood_metal_sfx_misc_09.ogg,ogg,normalized
sfx_100_cc0_wood_metal_sfx_misc_10,sfx,100_cc0_wood_metal_sfx,root,assetdirectory/audio/sfx_ogapacks/source/100_cc0_wood_metal_sfx/misc_10.ogg,assetdirectory/audio/normalized/sfx/100_cc0_wood_metal_sfx/sfx_100_cc0_wood_metal_sfx_misc_10.ogg,ogg,normalized
sfx_100_cc0_wood_metal_sfx_misc_11,sfx,100_cc0_wood_metal_sfx,root,assetdirectory/audio/sfx_ogapacks/source/100_cc0_wood_metal_sfx/misc_11.ogg,assetdirectory/audio/normalized/sfx/100_cc0_wood_metal_sfx/sfx_100_cc0_wood_metal_sfx_misc_11.ogg,ogg,normalized
sfx_100_cc0_wood_metal_sfx_misc_12,sfx,100_cc0_wood_metal_sfx,root,assetdirectory/audio/sfx_ogapacks/source/100_cc0_wood_metal_sfx/misc_12.ogg,assetdirectory/audio/normalized/sfx/100_cc0_wood_metal_sfx/sfx_100_cc0_wood_metal_sfx_misc_12.ogg,ogg,normalized
sfx_100_cc0_wood_metal_sfx_misc_13,sfx,100_cc0_wood_metal_sfx,root,assetdirectory/audio/sfx_ogapacks/source/100_cc0_wood_metal_sfx/misc_13.ogg,assetdirectory/audio/normalized/sfx/100_cc0_wood_metal_sfx/sfx_100_cc0_wood_metal_sfx_misc_13.ogg,ogg,normalized
sfx_100_cc0_wood_metal_sfx_misc_14,sfx,100_cc0_wood_metal_sfx,root,assetdirectory/audio/sfx_ogapacks/source/100_cc0_wood_metal_sfx/misc_14.ogg,assetdirectory/audio/normalized/sfx/100_cc0_wood_metal_sfx/sfx_100_cc0_wood_metal_sfx_misc_14.ogg,ogg,normalized
sfx_100_cc0_wood_metal_sfx_misc_15,sfx,100_cc0_wood_metal_sfx,root,assetdirectory/audio/sfx_ogapacks/source/100_cc0_wood_metal_sfx/misc_15.ogg,assetdirectory/audio/normalized/sfx/100_cc0_wood_metal_sfx/sfx_100_cc0_wood_metal_sfx_misc_15.ogg,ogg,normalized
sfx_100_cc0_wood_metal_sfx_misc_16,sfx,100_cc0_wood_metal_sfx,root,assetdirectory/audio/sfx_ogapacks/source/100_cc0_wood_metal_sfx/misc_16.ogg,assetdirectory/audio/normalized/sfx/100_cc0_wood_metal_sfx/sfx_100_cc0_wood_metal_sfx_misc_16.ogg,ogg,normalized
sfx_100_cc0_wood_metal_sfx_misc_17,sfx,100_cc0_wood_metal_sfx,root,assetdirectory/audio/sfx_ogapacks/source/100_cc0_wood_metal_sfx/misc_17.ogg,assetdirectory/audio/normalized/sfx/100_cc0_wood_metal_sfx/sfx_100_cc0_wood_metal_sfx_misc_17.ogg,ogg,normalized
sfx_100_cc0_wood_metal_sfx_tools_01,sfx,100_cc0_wood_metal_sfx,root,assetdirectory/audio/sfx_ogapacks/source/100_cc0_wood_metal_sfx/tools_01.ogg,assetdirectory/audio/normalized/sfx/100_cc0_wood_metal_sfx/sfx_100_cc0_wood_metal_sfx_tools_01.ogg,ogg,normalized
sfx_100_cc0_wood_metal_sfx_tools_02,sfx,100_cc0_wood_metal_sfx,root,assetdirectory/audio/sfx_ogapacks/source/100_cc0_wood_metal_sfx/tools_02.ogg,assetdirectory/audio/normalized/sfx/100_cc0_wood_metal_sfx/sfx_100_cc0_wood_metal_sfx_tools_02.ogg,ogg,normalized
sfx_100_cc0_wood_metal_sfx_tools_03,sfx,100_cc0_wood_metal_sfx,root,assetdirectory/audio/sfx_ogapacks/source/100_cc0_wood_metal_sfx/tools_03.ogg,assetdirectory/audio/normalized/sfx/100_cc0_wood_metal_sfx/sfx_100_cc0_wood_metal_sfx_tools_03.ogg,ogg,normalized
sfx_100_cc0_wood_metal_sfx_tools_04,sfx,100_cc0_wood_metal_sfx,root,assetdirectory/audio/sfx_ogapacks/source/100_cc0_wood_metal_sfx/tools_04.ogg,assetdirectory/audio/normalized/sfx/100_cc0_wood_metal_sfx/sfx_100_cc0_wood_metal_sfx_tools_04.ogg,ogg,normalized
sfx_100_cc0_wood_metal_sfx_tools_05,sfx,100_cc0_wood_metal_sfx,root,assetdirectory/audio/sfx_ogapacks/source/100_cc0_wood_metal_sfx/tools_05.ogg,assetdirectory/audio/normalized/sfx/100_cc0_wood_metal_sfx/sfx_100_cc0_wood_metal_sfx_tools_05.ogg,ogg,normalized
sfx_100_cc0_wood_metal_sfx_tools_06,sfx,100_cc0_wood_metal_sfx,root,assetdirectory/audio/sfx_ogapacks/source/100_cc0_wood_metal_sfx/tools_06.ogg,assetdirectory/audio/normalized/sfx/100_cc0_wood_metal_sfx/sfx_100_cc0_wood_metal_sfx_tools_06.ogg,ogg,normalized
sfx_100_cc0_wood_metal_sfx_tools_07,sfx,100_cc0_wood_metal_sfx,root,assetdirectory/audio/sfx_ogapacks/source/100_cc0_wood_metal_sfx/tools_07.ogg,assetdirectory/audio/normalized/sfx/100_cc0_wood_metal_sfx/sfx_100_cc0_wood_metal_sfx_tools_07.ogg,ogg,normalized
sfx_100_cc0_wood_metal_sfx_tools_08,sfx,100_cc0_wood_metal_sfx,root,assetdirectory/audio/sfx_ogapacks/source/100_cc0_wood_metal_sfx/tools_08.ogg,assetdirectory/audio/normalized/sfx/100_cc0_wood_metal_sfx/sfx_100_cc0_wood_metal_sfx_tools_08.ogg,ogg,normalized
sfx_100_cc0_wood_metal_sfx_tools_09,sfx,100_cc0_wood_metal_sfx,root,assetdirectory/audio/sfx_ogapacks/source/100_cc0_wood_metal_sfx/tools_09.ogg,assetdirectory/audio/normalized/sfx/100_cc0_wood_metal_sfx/sfx_100_cc0_wood_metal_sfx_tools_09.ogg,ogg,normalized
sfx_100_cc0_wood_metal_sfx_tools_10,sfx,100_cc0_wood_metal_sfx,root,assetdirectory/audio/sfx_ogapacks/source/100_cc0_wood_metal_sfx/tools_10.ogg,assetdirectory/audio/normalized/sfx/100_cc0_wood_metal_sfx/sfx_100_cc0_wood_metal_sfx_tools_10.ogg,ogg,normalized
sfx_100_cc0_wood_metal_sfx_tools_11,sfx,100_cc0_wood_metal_sfx,root,assetdirectory/audio/sfx_ogapacks/source/100_cc0_wood_metal_sfx/tools_11.ogg,assetdirectory/audio/normalized/sfx/100_cc0_wood_metal_sfx/sfx_100_cc0_wood_metal_sfx_tools_11.ogg,ogg,normalized
sfx_100_cc0_wood_metal_sfx_tools_12,sfx,100_cc0_wood_metal_sfx,root,assetdirectory/audio/sfx_ogapacks/source/100_cc0_wood_metal_sfx/tools_12.ogg,assetdirectory/audio/normalized/sfx/100_cc0_wood_metal_sfx/sfx_100_cc0_wood_metal_sfx_tools_12.ogg,ogg,normalized
sfx_100_cc0_wood_metal_sfx_wood_breaking_01,sfx,100_cc0_wood_metal_sfx,root,assetdirectory/audio/sfx_ogapacks/source/100_cc0_wood_metal_sfx/wood_breaking_01.ogg,assetdirectory/audio/normalized/sfx/100_cc0_wood_metal_sfx/sfx_100_cc0_wood_metal_sfx_wood_breaking_01.ogg,ogg,normalized
sfx_100_cc0_wood_metal_sfx_wood_breaking_02,sfx,100_cc0_wood_metal_sfx,root,assetdirectory/audio/sfx_ogapacks/source/100_cc0_wood_metal_sfx/wood_breaking_02.ogg,assetdirectory/audio/normalized/sfx/100_cc0_wood_metal_sfx/sfx_100_cc0_wood_metal_sfx_wood_breaking_02.ogg,ogg,normalized
sfx_100_cc0_wood_metal_sfx_wood_close_01,sfx,100_cc0_wood_metal_sfx,root,assetdirectory/audio/sfx_ogapacks/source/100_cc0_wood_metal_sfx/wood_close_01.ogg,assetdirectory/audio/normalized/sfx/100_cc0_wood_metal_sfx/sfx_100_cc0_wood_metal_sfx_wood_close_01.ogg,ogg,normalized
sfx_100_cc0_wood_metal_sfx_wood_close_02,sfx,100_cc0_wood_metal_sfx,root,assetdirectory/audio/sfx_ogapacks/source/100_cc0_wood_metal_sfx/wood_close_02.ogg,assetdirectory/audio/normalized/sfx/100_cc0_wood_metal_sfx/sfx_100_cc0_wood_metal_sfx_wood_close_02.ogg,ogg,normalized
sfx_100_cc0_wood_metal_sfx_wood_cracking_01,sfx,100_cc0_wood_metal_sfx,root,assetdirectory/audio/sfx_ogapacks/source/100_cc0_wood_metal_sfx/wood_cracking_01.ogg,assetdirectory/audio/normalized/sfx/100_cc0_wood_metal_sfx/sfx_100_cc0_wood_metal_sfx_wood_cracking_01.ogg,ogg,normalized
sfx_100_cc0_wood_metal_sfx_wood_cracking_02,sfx,100_cc0_wood_metal_sfx,root,assetdirectory/audio/sfx_ogapacks/source/100_cc0_wood_metal_sfx/wood_cracking_02.ogg,assetdirectory/audio/normalized/sfx/100_cc0_wood_metal_sfx/sfx_100_cc0_wood_metal_sfx_wood_cracking_02.ogg,ogg,normalized
sfx_100_cc0_wood_metal_sfx_wood_cracking_03,sfx,100_cc0_wood_metal_sfx,root,assetdirectory/audio/sfx_ogapacks/source/100_cc0_wood_metal_sfx/wood_cracking_03.ogg,assetdirectory/audio/normalized/sfx/100_cc0_wood_metal_sfx/sfx_100_cc0_wood_metal_sfx_wood_cracking_03.ogg,ogg,normalized
sfx_100_cc0_wood_metal_sfx_wood_cracking_04,sfx,100_cc0_wood_metal_sfx,root,assetdirectory/audio/sfx_ogapacks/source/100_cc0_wood_metal_sfx/wood_cracking_04.ogg,assetdirectory/audio/normalized/sfx/100_cc0_wood_metal_sfx/sfx_100_cc0_wood_metal_sfx_wood_cracking_04.ogg,ogg,normalized
sfx_100_cc0_wood_metal_sfx_wood_falling_01,sfx,100_cc0_wood_metal_sfx,root,assetdirectory/audio/sfx_ogapacks/source/100_cc0_wood_metal_sfx/wood_falling_01.ogg,assetdirectory/audio/normalized/sfx/100_cc0_wood_metal_sfx/sfx_100_cc0_wood_metal_sfx_wood_falling_01.ogg,ogg,normalized
sfx_100_cc0_wood_metal_sfx_wood_falling_02,sfx,100_cc0_wood_metal_sfx,root,assetdirectory/audio/sfx_ogapacks/source/100_cc0_wood_metal_sfx/wood_falling_02.ogg,assetdirectory/audio/normalized/sfx/100_cc0_wood_metal_sfx/sfx_100_cc0_wood_metal_sfx_wood_falling_02.ogg,ogg,normalized
sfx_100_cc0_wood_metal_sfx_wood_falling_03,sfx,100_cc0_wood_metal_sfx,root,assetdirectory/audio/sfx_ogapacks/source/100_cc0_wood_metal_sfx/wood_falling_03.ogg,assetdirectory/audio/normalized/sfx/100_cc0_wood_metal_sfx/sfx_100_cc0_wood_metal_sfx_wood_falling_03.ogg,ogg,normalized
sfx_100_cc0_wood_metal_sfx_wood_falling_04,sfx,100_cc0_wood_metal_sfx,root,assetdirectory/audio/sfx_ogapacks/source/100_cc0_wood_metal_sfx/wood_falling_04.ogg,assetdirectory/audio/normalized/sfx/100_cc0_wood_metal_sfx/sfx_100_cc0_wood_metal_sfx_wood_falling_04.ogg,ogg,normalized
sfx_100_cc0_wood_metal_sfx_wood_falling_05,sfx,100_cc0_wood_metal_sfx,root,assetdirectory/audio/sfx_ogapacks/source/100_cc0_wood_metal_sfx/wood_falling_05.ogg,assetdirectory/audio/normalized/sfx/100_cc0_wood_metal_sfx/sfx_100_cc0_wood_metal_sfx_wood_falling_05.ogg,ogg,normalized
sfx_100_cc0_wood_metal_sfx_wood_falling_06,sfx,100_cc0_wood_metal_sfx,root,assetdirectory/audio/sfx_ogapacks/source/100_cc0_wood_metal_sfx/wood_falling_06.ogg,assetdirectory/audio/normalized/sfx/100_cc0_wood_metal_sfx/sfx_100_cc0_wood_metal_sfx_wood_falling_06.ogg,ogg,normalized
sfx_100_cc0_wood_metal_sfx_wood_hammer_01,sfx,100_cc0_wood_metal_sfx,root,assetdirectory/audio/sfx_ogapacks/source/100_cc0_wood_metal_sfx/wood_hammer_01.ogg,assetdirectory/audio/normalized/sfx/100_cc0_wood_metal_sfx/sfx_100_cc0_wood_metal_sfx_wood_hammer_01.ogg,ogg,normalized
sfx_100_cc0_wood_metal_sfx_wood_hammer_02,sfx,100_cc0_wood_metal_sfx,root,assetdirectory/audio/sfx_ogapacks/source/100_cc0_wood_metal_sfx/wood_hammer_02.ogg,assetdirectory/audio/normalized/sfx/100_cc0_wood_metal_sfx/sfx_100_cc0_wood_metal_sfx_wood_hammer_02.ogg,ogg,normalized
sfx_100_cc0_wood_metal_sfx_wood_hit_01,sfx,100_cc0_wood_metal_sfx,root,assetdirectory/audio/sfx_ogapacks/source/100_cc0_wood_metal_sfx/wood_hit_01.ogg,assetdirectory/audio/normalized/sfx/100_cc0_wood_metal_sfx/sfx_100_cc0_wood_metal_sfx_wood_hit_01.ogg,ogg,normalized
sfx_100_cc0_wood_metal_sfx_wood_hit_02,sfx,100_cc0_wood_metal_sfx,root,assetdirectory/audio/sfx_ogapacks/source/100_cc0_wood_metal_sfx/wood_hit_02.ogg,assetdirectory/audio/normalized/sfx/100_cc0_wood_metal_sfx/sfx_100_cc0_wood_metal_sfx_wood_hit_02.ogg,ogg,normalized
sfx_100_cc0_wood_metal_sfx_wood_hit_03,sfx,100_cc0_wood_metal_sfx,root,assetdirectory/audio/sfx_ogapacks/source/100_cc0_wood_metal_sfx/wood_hit_03.ogg,assetdirectory/audio/normalized/sfx/100_cc0_wood_metal_sfx/sfx_100_cc0_wood_metal_sfx_wood_hit_03.ogg,ogg,normalized
sfx_100_cc0_wood_metal_sfx_wood_hit_04,sfx,100_cc0_wood_metal_sfx,root,assetdirectory/audio/sfx_ogapacks/source/100_cc0_wood_metal_sfx/wood_hit_04.ogg,assetdirectory/audio/normalized/sfx/100_cc0_wood_metal_sfx/sfx_100_cc0_wood_metal_sfx_wood_hit_04.ogg,ogg,normalized
sfx_100_cc0_wood_metal_sfx_wood_hit_05,sfx,100_cc0_wood_metal_sfx,root,assetdirectory/audio/sfx_ogapacks/source/100_cc0_wood_metal_sfx/wood_hit_05.ogg,assetdirectory/audio/normalized/sfx/100_cc0_wood_metal_sfx/sfx_100_cc0_wood_metal_sfx_wood_hit_05.ogg,ogg,normalized
sfx_100_cc0_wood_metal_sfx_wood_hit_06,sfx,100_cc0_wood_metal_sfx,root,assetdirectory/audio/sfx_ogapacks/source/100_cc0_wood_metal_sfx/wood_hit_06.ogg,assetdirectory/audio/normalized/sfx/100_cc0_wood_metal_sfx/sfx_100_cc0_wood_metal_sfx_wood_hit_06.ogg,ogg,normalized
sfx_100_cc0_wood_metal_sfx_wood_hit_07,sfx,100_cc0_wood_metal_sfx,root,assetdirectory/audio/sfx_ogapacks/source/100_cc0_wood_metal_sfx/wood_hit_07.ogg,assetdirectory/audio/normalized/sfx/100_cc0_wood_metal_sfx/sfx_100_cc0_wood_metal_sfx_wood_hit_07.ogg,ogg,normalized
sfx_100_cc0_wood_metal_sfx_wood_hit_08,sfx,100_cc0_wood_metal_sfx,root,assetdirectory/audio/sfx_ogapacks/source/100_cc0_wood_metal_sfx/wood_hit_08.ogg,assetdirectory/audio/normalized/sfx/100_cc0_wood_metal_sfx/sfx_100_cc0_wood_metal_sfx_wood_hit_08.ogg,ogg,normalized
sfx_100_cc0_wood_metal_sfx_wood_hit_09,sfx,100_cc0_wood_metal_sfx,root,assetdirectory/audio/sfx_ogapacks/source/100_cc0_wood_metal_sfx/wood_hit_09.ogg,assetdirectory/audio/normalized/sfx/100_cc0_wood_metal_sfx/sfx_100_cc0_wood_metal_sfx_wood_hit_09.ogg,ogg,normalized
sfx_100_cc0_wood_metal_sfx_wood_misc_01,sfx,100_cc0_wood_metal_sfx,root,assetdirectory/audio/sfx_ogapacks/source/100_cc0_wood_metal_sfx/wood_misc_01.ogg,assetdirectory/audio/normalized/sfx/100_cc0_wood_metal_sfx/sfx_100_cc0_wood_metal_sfx_wood_misc_01.ogg,ogg,normalized
sfx_100_cc0_wood_metal_sfx_wood_misc_02,sfx,100_cc0_wood_metal_sfx,root,assetdirectory/audio/sfx_ogapacks/source/100_cc0_wood_metal_sfx/wood_misc_02.ogg,assetdirectory/audio/normalized/sfx/100_cc0_wood_metal_sfx/sfx_100_cc0_wood_metal_sfx_wood_misc_02.ogg,ogg,normalized
sfx_100_cc0_wood_metal_sfx_wood_misc_03,sfx,100_cc0_wood_metal_sfx,root,assetdirectory/audio/sfx_ogapacks/source/100_cc0_wood_metal_sfx/wood_misc_03.ogg,assetdirectory/audio/normalized/sfx/100_cc0_wood_metal_sfx/sfx_100_cc0_wood_metal_sfx_wood_misc_03.ogg,ogg,normalized
sfx_100_cc0_wood_metal_sfx_wood_misc_04,sfx,100_cc0_wood_metal_sfx,root,assetdirectory/audio/sfx_ogapacks/source/100_cc0_wood_metal_sfx/wood_misc_04.ogg,assetdirectory/audio/normalized/sfx/100_cc0_wood_metal_sfx/sfx_100_cc0_wood_metal_sfx_wood_misc_04.ogg,ogg,normalized
sfx_100_cc0_wood_metal_sfx_wood_misc_05,sfx,100_cc0_wood_metal_sfx,root,assetdirectory/audio/sfx_ogapacks/source/100_cc0_wood_metal_sfx/wood_misc_05.ogg,assetdirectory/audio/normalized/sfx/100_cc0_wood_metal_sfx/sfx_100_cc0_wood_metal_sfx_wood_misc_05.ogg,ogg,normalized
sfx_100_cc0_wood_metal_sfx_wood_misc_06,sfx,100_cc0_wood_metal_sfx,root,assetdirectory/audio/sfx_ogapacks/source/100_cc0_wood_metal_sfx/wood_misc_06.ogg,assetdirectory/audio/normalized/sfx/100_cc0_wood_metal_sfx/sfx_100_cc0_wood_metal_sfx_wood_misc_06.ogg,ogg,normalized
sfx_100_cc0_wood_metal_sfx_wood_misc_07,sfx,100_cc0_wood_metal_sfx,root,assetdirectory/audio/sfx_ogapacks/source/100_cc0_wood_metal_sfx/wood_misc_07.ogg,assetdirectory/audio/normalized/sfx/100_cc0_wood_metal_sfx/sfx_100_cc0_wood_metal_sfx_wood_misc_07.ogg,ogg,normalized
sfx_100_cc0_wood_metal_sfx_wood_misc_08,sfx,100_cc0_wood_metal_sfx,root,assetdirectory/audio/sfx_ogapacks/source/100_cc0_wood_metal_sfx/wood_misc_08.ogg,assetdirectory/audio/normalized/sfx/100_cc0_wood_metal_sfx/sfx_100_cc0_wood_metal_sfx_wood_misc_08.ogg,ogg,normalized
sfx_100_cc0_wood_metal_sfx_wood_misc_09,sfx,100_cc0_wood_metal_sfx,root,assetdirectory/audio/sfx_ogapacks/source/100_cc0_wood_metal_sfx/wood_misc_09.ogg,assetdirectory/audio/normalized/sfx/100_cc0_wood_metal_sfx/sfx_100_cc0_wood_metal_sfx_wood_misc_09.ogg,ogg,normalized
sfx_100_cc0_wood_metal_sfx_wood_slam_01,sfx,100_cc0_wood_metal_sfx,root,assetdirectory/audio/sfx_ogapacks/source/100_cc0_wood_metal_sfx/wood_slam_01.ogg,assetdirectory/audio/normalized/sfx/100_cc0_wood_metal_sfx/sfx_100_cc0_wood_metal_sfx_wood_slam_01.ogg,ogg,normalized
sfx_100_cc0_wood_metal_sfx_wood_slam_02,sfx,100_cc0_wood_metal_sfx,root,assetdirectory/audio/sfx_ogapacks/source/100_cc0_wood_metal_sfx/wood_slam_02.ogg,assetdirectory/audio/normalized/sfx/100_cc0_wood_metal_sfx/sfx_100_cc0_wood_metal_sfx_wood_slam_02.ogg,ogg,normalized
sfx_100_cc0_wood_metal_sfx_wood_slam_03,sfx,100_cc0_wood_metal_sfx,root,assetdirectory/audio/sfx_ogapacks/source/100_cc0_wood_metal_sfx/wood_slam_03.ogg,assetdirectory/audio/normalized/sfx/100_cc0_wood_metal_sfx/sfx_100_cc0_wood_metal_sfx_wood_slam_03.ogg,ogg,normalized
sfx_100_cc0_wood_metal_sfx_wood_slam_04,sfx,100_cc0_wood_metal_sfx,root,assetdirectory/audio/sfx_ogapacks/source/100_cc0_wood_metal_sfx/wood_slam_04.ogg,assetdirectory/audio/normalized/sfx/100_cc0_wood_metal_sfx/sfx_100_cc0_wood_metal_sfx_wood_slam_04.ogg,ogg,normalized
sfx_100_cc0_wood_metal_sfx_wood_squeak_01,sfx,100_cc0_wood_metal_sfx,root,assetdirectory/audio/sfx_ogapacks/source/100_cc0_wood_metal_sfx/wood_squeak_01.ogg,assetdirectory/audio/normalized/sfx/100_cc0_wood_metal_sfx/sfx_100_cc0_wood_metal_sfx_wood_squeak_01.ogg,ogg,normalized
sfx_100_cc0_wood_metal_sfx_wood_squeak_02,sfx,100_cc0_wood_metal_sfx,root,assetdirectory/audio/sfx_ogapacks/source/100_cc0_wood_metal_sfx/wood_squeak_02.ogg,assetdirectory/audio/normalized/sfx/100_cc0_wood_metal_sfx/sfx_100_cc0_wood_metal_sfx_wood_squeak_02.ogg,ogg,normalized
sfx_25_cc0_bang_sfx_bang_01,sfx,25_cc0_bang_sfx,root,assetdirectory/audio/sfx_ogapacks/source/25_cc0_bang_sfx/bang_01.ogg,assetdirectory/audio/normalized/sfx/25_cc0_bang_sfx/sfx_25_cc0_bang_sfx_bang_01.ogg,ogg,normalized
sfx_25_cc0_bang_sfx_bang_02,sfx,25_cc0_bang_sfx,root,assetdirectory/audio/sfx_ogapacks/source/25_cc0_bang_sfx/bang_02.ogg,assetdirectory/audio/normalized/sfx/25_cc0_bang_sfx/sfx_25_cc0_bang_sfx_bang_02.ogg,ogg,normalized
sfx_25_cc0_bang_sfx_bang_03,sfx,25_cc0_bang_sfx,root,assetdirectory/audio/sfx_ogapacks/source/25_cc0_bang_sfx/bang_03.ogg,assetdirectory/audio/normalized/sfx/25_cc0_bang_sfx/sfx_25_cc0_bang_sfx_bang_03.ogg,ogg,normalized
sfx_25_cc0_bang_sfx_bang_04,sfx,25_cc0_bang_sfx,root,assetdirectory/audio/sfx_ogapacks/source/25_cc0_bang_sfx/bang_04.ogg,assetdirectory/audio/normalized/sfx/25_cc0_bang_sfx/sfx_25_cc0_bang_sfx_bang_04.ogg,ogg,normalized
sfx_25_cc0_bang_sfx_bang_05,sfx,25_cc0_bang_sfx,root,assetdirectory/audio/sfx_ogapacks/source/25_cc0_bang_sfx/bang_05.ogg,assetdirectory/audio/normalized/sfx/25_cc0_bang_sfx/sfx_25_cc0_bang_sfx_bang_05.ogg,ogg,normalized
sfx_25_cc0_bang_sfx_bang_06,sfx,25_cc0_bang_sfx,root,assetdirectory/audio/sfx_ogapacks/source/25_cc0_bang_sfx/bang_06.ogg,assetdirectory/audio/normalized/sfx/25_cc0_bang_sfx/sfx_25_cc0_bang_sfx_bang_06.ogg,ogg,normalized
sfx_25_cc0_bang_sfx_bang_07,sfx,25_cc0_bang_sfx,root,assetdirectory/audio/sfx_ogapacks/source/25_cc0_bang_sfx/bang_07.ogg,assetdirectory/audio/normalized/sfx/25_cc0_bang_sfx/sfx_25_cc0_bang_sfx_bang_07.ogg,ogg,normalized
sfx_25_cc0_bang_sfx_bang_08,sfx,25_cc0_bang_sfx,root,assetdirectory/audio/sfx_ogapacks/source/25_cc0_bang_sfx/bang_08.ogg,assetdirectory/audio/normalized/sfx/25_cc0_bang_sfx/sfx_25_cc0_bang_sfx_bang_08.ogg,ogg,normalized
sfx_25_cc0_bang_sfx_bang_09,sfx,25_cc0_bang_sfx,root,assetdirectory/audio/sfx_ogapacks/source/25_cc0_bang_sfx/bang_09.ogg,assetdirectory/audio/normalized/sfx/25_cc0_bang_sfx/sfx_25_cc0_bang_sfx_bang_09.ogg,ogg,normalized
sfx_25_cc0_bang_sfx_bang_10,sfx,25_cc0_bang_sfx,root,assetdirectory/audio/sfx_ogapacks/source/25_cc0_bang_sfx/bang_10.ogg,assetdirectory/audio/normalized/sfx/25_cc0_bang_sfx/sfx_25_cc0_bang_sfx_bang_10.ogg,ogg,normalized
sfx_25_cc0_bang_sfx_cannon_01,sfx,25_cc0_bang_sfx,root,assetdirectory/audio/sfx_ogapacks/source/25_cc0_bang_sfx/cannon_01.ogg,assetdirectory/audio/normalized/sfx/25_cc0_bang_sfx/sfx_25_cc0_bang_sfx_cannon_01.ogg,ogg,normalized
sfx_25_cc0_bang_sfx_cannon_02,sfx,25_cc0_bang_sfx,root,assetdirectory/audio/sfx_ogapacks/source/25_cc0_bang_sfx/cannon_02.ogg,assetdirectory/audio/normalized/sfx/25_cc0_bang_sfx/sfx_25_cc0_bang_sfx_cannon_02.ogg,ogg,normalized
sfx_25_cc0_bang_sfx_cannon_03,sfx,25_cc0_bang_sfx,root,assetdirectory/audio/sfx_ogapacks/source/25_cc0_bang_sfx/cannon_03.ogg,assetdirectory/audio/normalized/sfx/25_cc0_bang_sfx/sfx_25_cc0_bang_sfx_cannon_03.ogg,ogg,normalized
sfx_25_cc0_bang_sfx_cannon_04,sfx,25_cc0_bang_sfx,root,assetdirectory/audio/sfx_ogapacks/source/25_cc0_bang_sfx/cannon_04.ogg,assetdirectory/audio/normalized/sfx/25_cc0_bang_sfx/sfx_25_cc0_bang_sfx_cannon_04.ogg,ogg,normalized
sfx_25_cc0_bang_sfx_cannon_05,sfx,25_cc0_bang_sfx,root,assetdirectory/audio/sfx_ogapacks/source/25_cc0_bang_sfx/cannon_05.ogg,assetdirectory/audio/normalized/sfx/25_cc0_bang_sfx/sfx_25_cc0_bang_sfx_cannon_05.ogg,ogg,normalized
sfx_25_cc0_bang_sfx_fw_01,sfx,25_cc0_bang_sfx,root,assetdirectory/audio/sfx_ogapacks/source/25_cc0_bang_sfx/fw_01.ogg,assetdirectory/audio/normalized/sfx/25_cc0_bang_sfx/sfx_25_cc0_bang_sfx_fw_01.ogg,ogg,normalized
sfx_25_cc0_bang_sfx_fw_02,sfx,25_cc0_bang_sfx,root,assetdirectory/audio/sfx_ogapacks/source/25_cc0_bang_sfx/fw_02.ogg,assetdirectory/audio/normalized/sfx/25_cc0_bang_sfx/sfx_25_cc0_bang_sfx_fw_02.ogg,ogg,normalized
sfx_25_cc0_bang_sfx_fw_03,sfx,25_cc0_bang_sfx,root,assetdirectory/audio/sfx_ogapacks/source/25_cc0_bang_sfx/fw_03.ogg,assetdirectory/audio/normalized/sfx/25_cc0_bang_sfx/sfx_25_cc0_bang_sfx_fw_03.ogg,ogg,normalized
sfx_25_cc0_bang_sfx_fw_04,sfx,25_cc0_bang_sfx,root,assetdirectory/audio/sfx_ogapacks/source/25_cc0_bang_sfx/fw_04.ogg,assetdirectory/audio/normalized/sfx/25_cc0_bang_sfx/sfx_25_cc0_bang_sfx_fw_04.ogg,ogg,normalized
sfx_25_cc0_bang_sfx_fw_05,sfx,25_cc0_bang_sfx,root,assetdirectory/audio/sfx_ogapacks/source/25_cc0_bang_sfx/fw_05.ogg,assetdirectory/audio/normalized/sfx/25_cc0_bang_sfx/sfx_25_cc0_bang_sfx_fw_05.ogg,ogg,normalized
sfx_25_cc0_bang_sfx_fw_06,sfx,25_cc0_bang_sfx,root,assetdirectory/audio/sfx_ogapacks/source/25_cc0_bang_sfx/fw_06.ogg,assetdirectory/audio/normalized/sfx/25_cc0_bang_sfx/sfx_25_cc0_bang_sfx_fw_06.ogg,ogg,normalized
sfx_25_cc0_bang_sfx_fw_loop,sfx,25_cc0_bang_sfx,root,assetdirectory/audio/sfx_ogapacks/source/25_cc0_bang_sfx/fw_loop.ogg,assetdirectory/audio/normalized/sfx/25_cc0_bang_sfx/sfx_25_cc0_bang_sfx_fw_loop.ogg,ogg,normalized
sfx_25_cc0_bang_sfx_shot_01,sfx,25_cc0_bang_sfx,root,assetdirectory/audio/sfx_ogapacks/source/25_cc0_bang_sfx/shot_01.ogg,assetdirectory/audio/normalized/sfx/25_cc0_bang_sfx/sfx_25_cc0_bang_sfx_shot_01.ogg,ogg,normalized
sfx_25_cc0_bang_sfx_shot_02,sfx,25_cc0_bang_sfx,root,assetdirectory/audio/sfx_ogapacks/source/25_cc0_bang_sfx/shot_02.ogg,assetdirectory/audio/normalized/sfx/25_cc0_bang_sfx/sfx_25_cc0_bang_sfx_shot_02.ogg,ogg,normalized
sfx_25_cc0_bang_sfx_shot_03,sfx,25_cc0_bang_sfx,root,assetdirectory/audio/sfx_ogapacks/source/25_cc0_bang_sfx/shot_03.ogg,assetdirectory/audio/normalized/sfx/25_cc0_bang_sfx/sfx_25_cc0_bang_sfx_shot_03.ogg,ogg,normalized
sfx_25_cc0_mud_sfx_mud_01,sfx,25_cc0_mud_sfx,root,assetdirectory/audio/sfx_ogapacks/source/25_cc0_mud_sfx/mud_01.ogg,assetdirectory/audio/normalized/sfx/25_cc0_mud_sfx/sfx_25_cc0_mud_sfx_mud_01.ogg,ogg,normalized
sfx_25_cc0_mud_sfx_mud_02,sfx,25_cc0_mud_sfx,root,assetdirectory/audio/sfx_ogapacks/source/25_cc0_mud_sfx/mud_02.ogg,assetdirectory/audio/normalized/sfx/25_cc0_mud_sfx/sfx_25_cc0_mud_sfx_mud_02.ogg,ogg,normalized
sfx_25_cc0_mud_sfx_mud_03,sfx,25_cc0_mud_sfx,root,assetdirectory/audio/sfx_ogapacks/source/25_cc0_mud_sfx/mud_03.ogg,assetdirectory/audio/normalized/sfx/25_cc0_mud_sfx/sfx_25_cc0_mud_sfx_mud_03.ogg,ogg,normalized
sfx_25_cc0_mud_sfx_mud_04,sfx,25_cc0_mud_sfx,root,assetdirectory/audio/sfx_ogapacks/source/25_cc0_mud_sfx/mud_04.ogg,assetdirectory/audio/normalized/sfx/25_cc0_mud_sfx/sfx_25_cc0_mud_sfx_mud_04.ogg,ogg,normalized
sfx_25_cc0_mud_sfx_mud_05,sfx,25_cc0_mud_sfx,root,assetdirectory/audio/sfx_ogapacks/source/25_cc0_mud_sfx/mud_05.ogg,assetdirectory/audio/normalized/sfx/25_cc0_mud_sfx/sfx_25_cc0_mud_sfx_mud_05.ogg,ogg,normalized
sfx_25_cc0_mud_sfx_mud_06,sfx,25_cc0_mud_sfx,root,assetdirectory/audio/sfx_ogapacks/source/25_cc0_mud_sfx/mud_06.ogg,assetdirectory/audio/normalized/sfx/25_cc0_mud_sfx/sfx_25_cc0_mud_sfx_mud_06.ogg,ogg,normalized
sfx_25_cc0_mud_sfx_mud_07,sfx,25_cc0_mud_sfx,root,assetdirectory/audio/sfx_ogapacks/source/25_cc0_mud_sfx/mud_07.ogg,assetdirectory/audio/normalized/sfx/25_cc0_mud_sfx/sfx_25_cc0_mud_sfx_mud_07.ogg,ogg,normalized
sfx_25_cc0_mud_sfx_mud_08,sfx,25_cc0_mud_sfx,root,assetdirectory/audio/sfx_ogapacks/source/25_cc0_mud_sfx/mud_08.ogg,assetdirectory/audio/normalized/sfx/25_cc0_mud_sfx/sfx_25_cc0_mud_sfx_mud_08.ogg,ogg,normalized
sfx_25_cc0_mud_sfx_mud_09,sfx,25_cc0_mud_sfx,root,assetdirectory/audio/sfx_ogapacks/source/25_cc0_mud_sfx/mud_09.ogg,assetdirectory/audio/normalized/sfx/25_cc0_mud_sfx/sfx_25_cc0_mud_sfx_mud_09.ogg,ogg,normalized
sfx_25_cc0_mud_sfx_mud_10,sfx,25_cc0_mud_sfx,root,assetdirectory/audio/sfx_ogapacks/source/25_cc0_mud_sfx/mud_10.ogg,assetdirectory/audio/normalized/sfx/25_cc0_mud_sfx/sfx_25_cc0_mud_sfx_mud_10.ogg,ogg,normalized
sfx_25_cc0_mud_sfx_mud_11,sfx,25_cc0_mud_sfx,root,assetdirectory/audio/sfx_ogapacks/source/25_cc0_mud_sfx/mud_11.ogg,assetdirectory/audio/normalized/sfx/25_cc0_mud_sfx/sfx_25_cc0_mud_sfx_mud_11.ogg,ogg,normalized
sfx_25_cc0_mud_sfx_mud_12,sfx,25_cc0_mud_sfx,root,assetdirectory/audio/sfx_ogapacks/source/25_cc0_mud_sfx/mud_12.ogg,assetdirectory/audio/normalized/sfx/25_cc0_mud_sfx/sfx_25_cc0_mud_sfx_mud_12.ogg,ogg,normalized
sfx_25_cc0_mud_sfx_mud_13,sfx,25_cc0_mud_sfx,root,assetdirectory/audio/sfx_ogapacks/source/25_cc0_mud_sfx/mud_13.ogg,assetdirectory/audio/normalized/sfx/25_cc0_mud_sfx/sfx_25_cc0_mud_sfx_mud_13.ogg,ogg,normalized
sfx_25_cc0_mud_sfx_mud_14,sfx,25_cc0_mud_sfx,root,assetdirectory/audio/sfx_ogapacks/source/25_cc0_mud_sfx/mud_14.ogg,assetdirectory/audio/normalized/sfx/25_cc0_mud_sfx/sfx_25_cc0_mud_sfx_mud_14.ogg,ogg,normalized
sfx_25_cc0_mud_sfx_mud_15,sfx,25_cc0_mud_sfx,root,assetdirectory/audio/sfx_ogapacks/source/25_cc0_mud_sfx/mud_15.ogg,assetdirectory/audio/normalized/sfx/25_cc0_mud_sfx/sfx_25_cc0_mud_sfx_mud_15.ogg,ogg,normalized
sfx_25_cc0_mud_sfx_mud_16,sfx,25_cc0_mud_sfx,root,assetdirectory/audio/sfx_ogapacks/source/25_cc0_mud_sfx/mud_16.ogg,assetdirectory/audio/normalized/sfx/25_cc0_mud_sfx/sfx_25_cc0_mud_sfx_mud_16.ogg,ogg,normalized
sfx_25_cc0_mud_sfx_mud_17,sfx,25_cc0_mud_sfx,root,assetdirectory/audio/sfx_ogapacks/source/25_cc0_mud_sfx/mud_17.ogg,assetdirectory/audio/normalized/sfx/25_cc0_mud_sfx/sfx_25_cc0_mud_sfx_mud_17.ogg,ogg,normalized
sfx_25_cc0_mud_sfx_mud_18,sfx,25_cc0_mud_sfx,root,assetdirectory/audio/sfx_ogapacks/source/25_cc0_mud_sfx/mud_18.ogg,assetdirectory/audio/normalized/sfx/25_cc0_mud_sfx/sfx_25_cc0_mud_sfx_mud_18.ogg,ogg,normalized
sfx_25_cc0_mud_sfx_mud_19,sfx,25_cc0_mud_sfx,root,assetdirectory/audio/sfx_ogapacks/source/25_cc0_mud_sfx/mud_19.ogg,assetdirectory/audio/normalized/sfx/25_cc0_mud_sfx/sfx_25_cc0_mud_sfx_mud_19.ogg,ogg,normalized
sfx_25_cc0_mud_sfx_mud_20,sfx,25_cc0_mud_sfx,root,assetdirectory/audio/sfx_ogapacks/source/25_cc0_mud_sfx/mud_20.ogg,assetdirectory/audio/normalized/sfx/25_cc0_mud_sfx/sfx_25_cc0_mud_sfx_mud_20.ogg,ogg,normalized
sfx_25_cc0_mud_sfx_mud_21,sfx,25_cc0_mud_sfx,root,assetdirectory/audio/sfx_ogapacks/source/25_cc0_mud_sfx/mud_21.ogg,assetdirectory/audio/normalized/sfx/25_cc0_mud_sfx/sfx_25_cc0_mud_sfx_mud_21.ogg,ogg,normalized
sfx_25_cc0_mud_sfx_mud_22,sfx,25_cc0_mud_sfx,root,assetdirectory/audio/sfx_ogapacks/source/25_cc0_mud_sfx/mud_22.ogg,assetdirectory/audio/normalized/sfx/25_cc0_mud_sfx/sfx_25_cc0_mud_sfx_mud_22.ogg,ogg,normalized
sfx_25_cc0_mud_sfx_mud_23,sfx,25_cc0_mud_sfx,root,assetdirectory/audio/sfx_ogapacks/source/25_cc0_mud_sfx/mud_23.ogg,assetdirectory/audio/normalized/sfx/25_cc0_mud_sfx/sfx_25_cc0_mud_sfx_mud_23.ogg,ogg,normalized
sfx_25_cc0_mud_sfx_mud_24,sfx,25_cc0_mud_sfx,root,assetdirectory/audio/sfx_ogapacks/source/25_cc0_mud_sfx/mud_24.ogg,assetdirectory/audio/normalized/sfx/25_cc0_mud_sfx/sfx_25_cc0_mud_sfx_mud_24.ogg,ogg,normalized
sfx_25_cc0_mud_sfx_mud_25,sfx,25_cc0_mud_sfx,root,assetdirectory/audio/sfx_ogapacks/source/25_cc0_mud_sfx/mud_25.ogg,assetdirectory/audio/normalized/sfx/25_cc0_mud_sfx/sfx_25_cc0_mud_sfx_mud_25.ogg,ogg,normalized
sfx_50_cc0_retro_synth_sfx_power_up_01,sfx,50_cc0_retro_synth_sfx,root,assetdirectory/audio/sfx_ogapacks/source/50_cc0_retro_synth_sfx/power_up_01.ogg,assetdirectory/audio/normalized/sfx/50_cc0_retro_synth_sfx/sfx_50_cc0_retro_synth_sfx_power_up_01.ogg,ogg,normalized
sfx_50_cc0_retro_synth_sfx_power_up_02,sfx,50_cc0_retro_synth_sfx,root,assetdirectory/audio/sfx_ogapacks/source/50_cc0_retro_synth_sfx/power_up_02.ogg,assetdirectory/audio/normalized/sfx/50_cc0_retro_synth_sfx/sfx_50_cc0_retro_synth_sfx_power_up_02.ogg,ogg,normalized
sfx_50_cc0_retro_synth_sfx_power_up_03,sfx,50_cc0_retro_synth_sfx,root,assetdirectory/audio/sfx_ogapacks/source/50_cc0_retro_synth_sfx/power_up_03.ogg,assetdirectory/audio/normalized/sfx/50_cc0_retro_synth_sfx/sfx_50_cc0_retro_synth_sfx_power_up_03.ogg,ogg,normalized
sfx_50_cc0_retro_synth_sfx_power_up_04,sfx,50_cc0_retro_synth_sfx,root,assetdirectory/audio/sfx_ogapacks/source/50_cc0_retro_synth_sfx/power_up_04.ogg,assetdirectory/audio/normalized/sfx/50_cc0_retro_synth_sfx/sfx_50_cc0_retro_synth_sfx_power_up_04.ogg,ogg,normalized
sfx_50_cc0_retro_synth_sfx_power_up_05,sfx,50_cc0_retro_synth_sfx,root,assetdirectory/audio/sfx_ogapacks/source/50_cc0_retro_synth_sfx/power_up_05.ogg,assetdirectory/audio/normalized/sfx/50_cc0_retro_synth_sfx/sfx_50_cc0_retro_synth_sfx_power_up_05.ogg,ogg,normalized
sfx_50_cc0_retro_synth_sfx_power_up_06,sfx,50_cc0_retro_synth_sfx,root,assetdirectory/audio/sfx_ogapacks/source/50_cc0_retro_synth_sfx/power_up_06.ogg,assetdirectory/audio/normalized/sfx/50_cc0_retro_synth_sfx/sfx_50_cc0_retro_synth_sfx_power_up_06.ogg,ogg,normalized
sfx_50_cc0_retro_synth_sfx_retro_coin_01,sfx,50_cc0_retro_synth_sfx,root,assetdirectory/audio/sfx_ogapacks/source/50_cc0_retro_synth_sfx/retro_coin_01.ogg,assetdirectory/audio/normalized/sfx/50_cc0_retro_synth_sfx/sfx_50_cc0_retro_synth_sfx_retro_coin_01.ogg,ogg,normalized
sfx_50_cc0_retro_synth_sfx_retro_coin_02,sfx,50_cc0_retro_synth_sfx,root,assetdirectory/audio/sfx_ogapacks/source/50_cc0_retro_synth_sfx/retro_coin_02.ogg,assetdirectory/audio/normalized/sfx/50_cc0_retro_synth_sfx/sfx_50_cc0_retro_synth_sfx_retro_coin_02.ogg,ogg,normalized
sfx_50_cc0_retro_synth_sfx_retro_die_01,sfx,50_cc0_retro_synth_sfx,root,assetdirectory/audio/sfx_ogapacks/source/50_cc0_retro_synth_sfx/retro_die_01.ogg,assetdirectory/audio/normalized/sfx/50_cc0_retro_synth_sfx/sfx_50_cc0_retro_synth_sfx_retro_die_01.ogg,ogg,normalized
sfx_50_cc0_retro_synth_sfx_retro_die_02,sfx,50_cc0_retro_synth_sfx,root,assetdirectory/audio/sfx_ogapacks/source/50_cc0_retro_synth_sfx/retro_die_02.ogg,assetdirectory/audio/normalized/sfx/50_cc0_retro_synth_sfx/sfx_50_cc0_retro_synth_sfx_retro_die_02.ogg,ogg,normalized
sfx_50_cc0_retro_synth_sfx_retro_die_03,sfx,50_cc0_retro_synth_sfx,root,assetdirectory/audio/sfx_ogapacks/source/50_cc0_retro_synth_sfx/retro_die_03.ogg,assetdirectory/audio/normalized/sfx/50_cc0_retro_synth_sfx/sfx_50_cc0_retro_synth_sfx_retro_die_03.ogg,ogg,normalized
sfx_50_cc0_retro_synth_sfx_retro_explosion_01,sfx,50_cc0_retro_synth_sfx,root,assetdirectory/audio/sfx_ogapacks/source/50_cc0_retro_synth_sfx/retro_explosion_01.ogg,assetdirectory/audio/normalized/sfx/50_cc0_retro_synth_sfx/sfx_50_cc0_retro_synth_sfx_retro_explosion_01.ogg,ogg,normalized
sfx_50_cc0_retro_synth_sfx_retro_explosion_02,sfx,50_cc0_retro_synth_sfx,root,assetdirectory/audio/sfx_ogapacks/source/50_cc0_retro_synth_sfx/retro_explosion_02.ogg,assetdirectory/audio/normalized/sfx/50_cc0_retro_synth_sfx/sfx_50_cc0_retro_synth_sfx_retro_explosion_02.ogg,ogg,normalized
sfx_50_cc0_retro_synth_sfx_retro_explosion_03,sfx,50_cc0_retro_synth_sfx,root,assetdirectory/audio/sfx_ogapacks/source/50_cc0_retro_synth_sfx/retro_explosion_03.ogg,assetdirectory/audio/normalized/sfx/50_cc0_retro_synth_sfx/sfx_50_cc0_retro_synth_sfx_retro_explosion_03.ogg,ogg,normalized
sfx_50_cc0_retro_synth_sfx_retro_explosion_04,sfx,50_cc0_retro_synth_sfx,root,assetdirectory/audio/sfx_ogapacks/source/50_cc0_retro_synth_sfx/retro_explosion_04.ogg,assetdirectory/audio/normalized/sfx/50_cc0_retro_synth_sfx/sfx_50_cc0_retro_synth_sfx_retro_explosion_04.ogg,ogg,normalized
sfx_50_cc0_retro_synth_sfx_retro_explosion_05,sfx,50_cc0_retro_synth_sfx,root,assetdirectory/audio/sfx_ogapacks/source/50_cc0_retro_synth_sfx/retro_explosion_05.ogg,assetdirectory/audio/normalized/sfx/50_cc0_retro_synth_sfx/sfx_50_cc0_retro_synth_sfx_retro_explosion_05.ogg,ogg,normalized
sfx_50_cc0_retro_synth_sfx_retro_misc_01,sfx,50_cc0_retro_synth_sfx,root,assetdirectory/audio/sfx_ogapacks/source/50_cc0_retro_synth_sfx/retro_misc_01.ogg,assetdirectory/audio/normalized/sfx/50_cc0_retro_synth_sfx/sfx_50_cc0_retro_synth_sfx_retro_misc_01.ogg,ogg,normalized
sfx_50_cc0_retro_synth_sfx_retro_misc_02,sfx,50_cc0_retro_synth_sfx,root,assetdirectory/audio/sfx_ogapacks/source/50_cc0_retro_synth_sfx/retro_misc_02.ogg,assetdirectory/audio/normalized/sfx/50_cc0_retro_synth_sfx/sfx_50_cc0_retro_synth_sfx_retro_misc_02.ogg,ogg,normalized
sfx_50_cc0_retro_synth_sfx_retro_misc_03,sfx,50_cc0_retro_synth_sfx,root,assetdirectory/audio/sfx_ogapacks/source/50_cc0_retro_synth_sfx/retro_misc_03.ogg,assetdirectory/audio/normalized/sfx/50_cc0_retro_synth_sfx/sfx_50_cc0_retro_synth_sfx_retro_misc_03.ogg,ogg,normalized
sfx_50_cc0_retro_synth_sfx_retro_misc_04,sfx,50_cc0_retro_synth_sfx,root,assetdirectory/audio/sfx_ogapacks/source/50_cc0_retro_synth_sfx/retro_misc_04.ogg,assetdirectory/audio/normalized/sfx/50_cc0_retro_synth_sfx/sfx_50_cc0_retro_synth_sfx_retro_misc_04.ogg,ogg,normalized
sfx_50_cc0_retro_synth_sfx_retro_misc_05,sfx,50_cc0_retro_synth_sfx,root,assetdirectory/audio/sfx_ogapacks/source/50_cc0_retro_synth_sfx/retro_misc_05.ogg,assetdirectory/audio/normalized/sfx/50_cc0_retro_synth_sfx/sfx_50_cc0_retro_synth_sfx_retro_misc_05.ogg,ogg,normalized
sfx_50_cc0_retro_synth_sfx_shot_01,sfx,50_cc0_retro_synth_sfx,root,assetdirectory/audio/sfx_ogapacks/source/50_cc0_retro_synth_sfx/shot_01.ogg,assetdirectory/audio/normalized/sfx/50_cc0_retro_synth_sfx/sfx_50_cc0_retro_synth_sfx_shot_01.ogg,ogg,normalized
sfx_50_cc0_retro_synth_sfx_shot_02,sfx,50_cc0_retro_synth_sfx,root,assetdirectory/audio/sfx_ogapacks/source/50_cc0_retro_synth_sfx/shot_02.ogg,assetdirectory/audio/normalized/sfx/50_cc0_retro_synth_sfx/sfx_50_cc0_retro_synth_sfx_shot_02.ogg,ogg,normalized
sfx_50_cc0_retro_synth_sfx_synth_beep_01,sfx,50_cc0_retro_synth_sfx,root,assetdirectory/audio/sfx_ogapacks/source/50_cc0_retro_synth_sfx/synth_beep_01.ogg,assetdirectory/audio/normalized/sfx/50_cc0_retro_synth_sfx/sfx_50_cc0_retro_synth_sfx_synth_beep_01.ogg,ogg,normalized
sfx_50_cc0_retro_synth_sfx_synth_beep_02,sfx,50_cc0_retro_synth_sfx,root,assetdirectory/audio/sfx_ogapacks/source/50_cc0_retro_synth_sfx/synth_beep_02.ogg,assetdirectory/audio/normalized/sfx/50_cc0_retro_synth_sfx/sfx_50_cc0_retro_synth_sfx_synth_beep_02.ogg,ogg,normalized
sfx_50_cc0_retro_synth_sfx_synth_beep_03,sfx,50_cc0_retro_synth_sfx,root,assetdirectory/audio/sfx_ogapacks/source/50_cc0_retro_synth_sfx/synth_beep_03.ogg,assetdirectory/audio/normalized/sfx/50_cc0_retro_synth_sfx/sfx_50_cc0_retro_synth_sfx_synth_beep_03.ogg,ogg,normalized
sfx_50_cc0_retro_synth_sfx_synth_laser_01,sfx,50_cc0_retro_synth_sfx,root,assetdirectory/audio/sfx_ogapacks/source/50_cc0_retro_synth_sfx/synth_laser_01.ogg,assetdirectory/audio/normalized/sfx/50_cc0_retro_synth_sfx/sfx_50_cc0_retro_synth_sfx_synth_laser_01.ogg,ogg,normalized
sfx_50_cc0_retro_synth_sfx_synth_laser_02,sfx,50_cc0_retro_synth_sfx,root,assetdirectory/audio/sfx_ogapacks/source/50_cc0_retro_synth_sfx/synth_laser_02.ogg,assetdirectory/audio/normalized/sfx/50_cc0_retro_synth_sfx/sfx_50_cc0_retro_synth_sfx_synth_laser_02.ogg,ogg,normalized
sfx_50_cc0_retro_synth_sfx_synth_laser_03,sfx,50_cc0_retro_synth_sfx,root,assetdirectory/audio/sfx_ogapacks/source/50_cc0_retro_synth_sfx/synth_laser_03.ogg,assetdirectory/audio/normalized/sfx/50_cc0_retro_synth_sfx/sfx_50_cc0_retro_synth_sfx_synth_laser_03.ogg,ogg,normalized
sfx_50_cc0_retro_synth_sfx_synth_laser_04,sfx,50_cc0_retro_synth_sfx,root,assetdirectory/audio/sfx_ogapacks/source/50_cc0_retro_synth_sfx/synth_laser_04.ogg,assetdirectory/audio/normalized/sfx/50_cc0_retro_synth_sfx/sfx_50_cc0_retro_synth_sfx_synth_laser_04.ogg,ogg,normalized
sfx_50_cc0_retro_synth_sfx_synth_laser_05,sfx,50_cc0_retro_synth_sfx,root,assetdirectory/audio/sfx_ogapacks/source/50_cc0_retro_synth_sfx/synth_laser_05.ogg,assetdirectory/audio/normalized/sfx/50_cc0_retro_synth_sfx/sfx_50_cc0_retro_synth_sfx_synth_laser_05.ogg,ogg,normalized
sfx_50_cc0_retro_synth_sfx_synth_laser_06,sfx,50_cc0_retro_synth_sfx,root,assetdirectory/audio/sfx_ogapacks/source/50_cc0_retro_synth_sfx/synth_laser_06.ogg,assetdirectory/audio/normalized/sfx/50_cc0_retro_synth_sfx/sfx_50_cc0_retro_synth_sfx_synth_laser_06.ogg,ogg,normalized
sfx_50_cc0_retro_synth_sfx_synth_laser_07,sfx,50_cc0_retro_synth_sfx,root,assetdirectory/audio/sfx_ogapacks/source/50_cc0_retro_synth_sfx/synth_laser_07.ogg,assetdirectory/audio/normalized/sfx/50_cc0_retro_synth_sfx/sfx_50_cc0_retro_synth_sfx_synth_laser_07.ogg,ogg,normalized
sfx_50_cc0_retro_synth_sfx_synth_laser_08,sfx,50_cc0_retro_synth_sfx,root,assetdirectory/audio/sfx_ogapacks/source/50_cc0_retro_synth_sfx/synth_laser_08.ogg,assetdirectory/audio/normalized/sfx/50_cc0_retro_synth_sfx/sfx_50_cc0_retro_synth_sfx_synth_laser_08.ogg,ogg,normalized
sfx_50_cc0_retro_synth_sfx_synth_misc_01,sfx,50_cc0_retro_synth_sfx,root,assetdirectory/audio/sfx_ogapacks/source/50_cc0_retro_synth_sfx/synth_misc_01.ogg,assetdirectory/audio/normalized/sfx/50_cc0_retro_synth_sfx/sfx_50_cc0_retro_synth_sfx_synth_misc_01.ogg,ogg,normalized
sfx_50_cc0_retro_synth_sfx_synth_misc_02,sfx,50_cc0_retro_synth_sfx,root,assetdirectory/audio/sfx_ogapacks/source/50_cc0_retro_synth_sfx/synth_misc_02.ogg,assetdirectory/audio/normalized/sfx/50_cc0_retro_synth_sfx/sfx_50_cc0_retro_synth_sfx_synth_misc_02.ogg,ogg,normalized
sfx_50_cc0_retro_synth_sfx_synth_misc_03,sfx,50_cc0_retro_synth_sfx,root,assetdirectory/audio/sfx_ogapacks/source/50_cc0_retro_synth_sfx/synth_misc_03.ogg,assetdirectory/audio/normalized/sfx/50_cc0_retro_synth_sfx/sfx_50_cc0_retro_synth_sfx_synth_misc_03.ogg,ogg,normalized
sfx_50_cc0_retro_synth_sfx_synth_misc_04,sfx,50_cc0_retro_synth_sfx,root,assetdirectory/audio/sfx_ogapacks/source/50_cc0_retro_synth_sfx/synth_misc_04.ogg,assetdirectory/audio/normalized/sfx/50_cc0_retro_synth_sfx/sfx_50_cc0_retro_synth_sfx_synth_misc_04.ogg,ogg,normalized
sfx_50_cc0_retro_synth_sfx_synth_misc_05,sfx,50_cc0_retro_synth_sfx,root,assetdirectory/audio/sfx_ogapacks/source/50_cc0_retro_synth_sfx/synth_misc_05.ogg,assetdirectory/audio/normalized/sfx/50_cc0_retro_synth_sfx/sfx_50_cc0_retro_synth_sfx_synth_misc_05.ogg,ogg,normalized
sfx_50_cc0_retro_synth_sfx_synth_misc_06,sfx,50_cc0_retro_synth_sfx,root,assetdirectory/audio/sfx_ogapacks/source/50_cc0_retro_synth_sfx/synth_misc_06.ogg,assetdirectory/audio/normalized/sfx/50_cc0_retro_synth_sfx/sfx_50_cc0_retro_synth_sfx_synth_misc_06.ogg,ogg,normalized
sfx_50_cc0_retro_synth_sfx_synth_misc_07,sfx,50_cc0_retro_synth_sfx,root,assetdirectory/audio/sfx_ogapacks/source/50_cc0_retro_synth_sfx/synth_misc_07.ogg,assetdirectory/audio/normalized/sfx/50_cc0_retro_synth_sfx/sfx_50_cc0_retro_synth_sfx_synth_misc_07.ogg,ogg,normalized
sfx_50_cc0_retro_synth_sfx_synth_misc_08,sfx,50_cc0_retro_synth_sfx,root,assetdirectory/audio/sfx_ogapacks/source/50_cc0_retro_synth_sfx/synth_misc_08.ogg,assetdirectory/audio/normalized/sfx/50_cc0_retro_synth_sfx/sfx_50_cc0_retro_synth_sfx_synth_misc_08.ogg,ogg,normalized
sfx_50_cc0_retro_synth_sfx_synth_misc_09,sfx,50_cc0_retro_synth_sfx,root,assetdirectory/audio/sfx_ogapacks/source/50_cc0_retro_synth_sfx/synth_misc_09.ogg,assetdirectory/audio/normalized/sfx/50_cc0_retro_synth_sfx/sfx_50_cc0_retro_synth_sfx_synth_misc_09.ogg,ogg,normalized
sfx_50_cc0_retro_synth_sfx_synth_misc_10,sfx,50_cc0_retro_synth_sfx,root,assetdirectory/audio/sfx_ogapacks/source/50_cc0_retro_synth_sfx/synth_misc_10.ogg,assetdirectory/audio/normalized/sfx/50_cc0_retro_synth_sfx/sfx_50_cc0_retro_synth_sfx_synth_misc_10.ogg,ogg,normalized
sfx_50_cc0_retro_synth_sfx_synth_misc_11,sfx,50_cc0_retro_synth_sfx,root,assetdirectory/audio/sfx_ogapacks/source/50_cc0_retro_synth_sfx/synth_misc_11.ogg,assetdirectory/audio/normalized/sfx/50_cc0_retro_synth_sfx/sfx_50_cc0_retro_synth_sfx_synth_misc_11.ogg,ogg,normalized
sfx_50_cc0_retro_synth_sfx_synth_misc_12,sfx,50_cc0_retro_synth_sfx,root,assetdirectory/audio/sfx_ogapacks/source/50_cc0_retro_synth_sfx/synth_misc_12.ogg,assetdirectory/audio/normalized/sfx/50_cc0_retro_synth_sfx/sfx_50_cc0_retro_synth_sfx_synth_misc_12.ogg,ogg,normalized
sfx_50_cc0_retro_synth_sfx_synth_misc_13,sfx,50_cc0_retro_synth_sfx,root,assetdirectory/audio/sfx_ogapacks/source/50_cc0_retro_synth_sfx/synth_misc_13.ogg,assetdirectory/audio/normalized/sfx/50_cc0_retro_synth_sfx/sfx_50_cc0_retro_synth_sfx_synth_misc_13.ogg,ogg,normalized
sfx_50_cc0_retro_synth_sfx_synth_misc_14,sfx,50_cc0_retro_synth_sfx,root,assetdirectory/audio/sfx_ogapacks/source/50_cc0_retro_synth_sfx/synth_misc_14.ogg,assetdirectory/audio/normalized/sfx/50_cc0_retro_synth_sfx/sfx_50_cc0_retro_synth_sfx_synth_misc_14.ogg,ogg,normalized
sfx_50_cc0_retro_synth_sfx_synth_misc_15,sfx,50_cc0_retro_synth_sfx,root,assetdirectory/audio/sfx_ogapacks/source/50_cc0_retro_synth_sfx/synth_misc_15.ogg,assetdirectory/audio/normalized/sfx/50_cc0_retro_synth_sfx/sfx_50_cc0_retro_synth_sfx_synth_misc_15.ogg,ogg,normalized
sfx_50_cc0_retro_synth_sfx_synth_misc_16,sfx,50_cc0_retro_synth_sfx,root,assetdirectory/audio/sfx_ogapacks/source/50_cc0_retro_synth_sfx/synth_misc_16.ogg,assetdirectory/audio/normalized/sfx/50_cc0_retro_synth_sfx/sfx_50_cc0_retro_synth_sfx_synth_misc_16.ogg,ogg,normalized
sfx_60_sci_fi_sfx_0_sfx_01a,sfx,60_sci_fi_sfx_0,root,assetdirectory/audio/sfx_ogapacks/source/60_sci_fi_sfx_0/sfx_01a.ogg,assetdirectory/audio/normalized/sfx/60_sci_fi_sfx_0/sfx_60_sci_fi_sfx_0_sfx_01a.ogg,ogg,normalized
sfx_60_sci_fi_sfx_0_sfx_01b,sfx,60_sci_fi_sfx_0,root,assetdirectory/audio/sfx_ogapacks/source/60_sci_fi_sfx_0/sfx_01b.ogg,assetdirectory/audio/normalized/sfx/60_sci_fi_sfx_0/sfx_60_sci_fi_sfx_0_sfx_01b.ogg,ogg,normalized
sfx_60_sci_fi_sfx_0_sfx_01c,sfx,60_sci_fi_sfx_0,root,assetdirectory/audio/sfx_ogapacks/source/60_sci_fi_sfx_0/sfx_01c.ogg,assetdirectory/audio/normalized/sfx/60_sci_fi_sfx_0/sfx_60_sci_fi_sfx_0_sfx_01c.ogg,ogg,normalized
sfx_60_sci_fi_sfx_0_sfx_02a,sfx,60_sci_fi_sfx_0,root,assetdirectory/audio/sfx_ogapacks/source/60_sci_fi_sfx_0/sfx_02a.ogg,assetdirectory/audio/normalized/sfx/60_sci_fi_sfx_0/sfx_60_sci_fi_sfx_0_sfx_02a.ogg,ogg,normalized
sfx_60_sci_fi_sfx_0_sfx_02b,sfx,60_sci_fi_sfx_0,root,assetdirectory/audio/sfx_ogapacks/source/60_sci_fi_sfx_0/sfx_02b.ogg,assetdirectory/audio/normalized/sfx/60_sci_fi_sfx_0/sfx_60_sci_fi_sfx_0_sfx_02b.ogg,ogg,normalized
sfx_60_sci_fi_sfx_0_sfx_02c,sfx,60_sci_fi_sfx_0,root,assetdirectory/audio/sfx_ogapacks/source/60_sci_fi_sfx_0/sfx_02c.ogg,assetdirectory/audio/normalized/sfx/60_sci_fi_sfx_0/sfx_60_sci_fi_sfx_0_sfx_02c.ogg,ogg,normalized
sfx_60_sci_fi_sfx_0_sfx_02d,sfx,60_sci_fi_sfx_0,root,assetdirectory/audio/sfx_ogapacks/source/60_sci_fi_sfx_0/sfx_02d.ogg,assetdirectory/audio/normalized/sfx/60_sci_fi_sfx_0/sfx_60_sci_fi_sfx_0_sfx_02d.ogg,ogg,normalized
sfx_60_sci_fi_sfx_0_sfx_03a,sfx,60_sci_fi_sfx_0,root,assetdirectory/audio/sfx_ogapacks/source/60_sci_fi_sfx_0/sfx_03a.ogg,assetdirectory/audio/normalized/sfx/60_sci_fi_sfx_0/sfx_60_sci_fi_sfx_0_sfx_03a.ogg,ogg,normalized
sfx_60_sci_fi_sfx_0_sfx_03b,sfx,60_sci_fi_sfx_0,root,assetdirectory/audio/sfx_ogapacks/source/60_sci_fi_sfx_0/sfx_03b.ogg,assetdirectory/audio/normalized/sfx/60_sci_fi_sfx_0/sfx_60_sci_fi_sfx_0_sfx_03b.ogg,ogg,normalized
sfx_60_sci_fi_sfx_0_sfx_04a,sfx,60_sci_fi_sfx_0,root,assetdirectory/audio/sfx_ogapacks/source/60_sci_fi_sfx_0/sfx_04a.ogg,assetdirectory/audio/normalized/sfx/60_sci_fi_sfx_0/sfx_60_sci_fi_sfx_0_sfx_04a.ogg,ogg,normalized
sfx_60_sci_fi_sfx_0_sfx_04b,sfx,60_sci_fi_sfx_0,root,assetdirectory/audio/sfx_ogapacks/source/60_sci_fi_sfx_0/sfx_04b.ogg,assetdirectory/audio/normalized/sfx/60_sci_fi_sfx_0/sfx_60_sci_fi_sfx_0_sfx_04b.ogg,ogg,normalized
sfx_60_sci_fi_sfx_0_sfx_04c,sfx,60_sci_fi_sfx_0,root,assetdirectory/audio/sfx_ogapacks/source/60_sci_fi_sfx_0/sfx_04c.ogg,assetdirectory/audio/normalized/sfx/60_sci_fi_sfx_0/sfx_60_sci_fi_sfx_0_sfx_04c.ogg,ogg,normalized
sfx_60_sci_fi_sfx_0_sfx_05a,sfx,60_sci_fi_sfx_0,root,assetdirectory/audio/sfx_ogapacks/source/60_sci_fi_sfx_0/sfx_05a.ogg,assetdirectory/audio/normalized/sfx/60_sci_fi_sfx_0/sfx_60_sci_fi_sfx_0_sfx_05a.ogg,ogg,normalized
sfx_60_sci_fi_sfx_0_sfx_05b,sfx,60_sci_fi_sfx_0,root,assetdirectory/audio/sfx_ogapacks/source/60_sci_fi_sfx_0/sfx_05b.ogg,assetdirectory/audio/normalized/sfx/60_sci_fi_sfx_0/sfx_60_sci_fi_sfx_0_sfx_05b.ogg,ogg,normalized
sfx_60_sci_fi_sfx_0_sfx_05c,sfx,60_sci_fi_sfx_0,root,assetdirectory/audio/sfx_ogapacks/source/60_sci_fi_sfx_0/sfx_05c.ogg,assetdirectory/audio/normalized/sfx/60_sci_fi_sfx_0/sfx_60_sci_fi_sfx_0_sfx_05c.ogg,ogg,normalized
sfx_60_sci_fi_sfx_0_sfx_06,sfx,60_sci_fi_sfx_0,root,assetdirectory/audio/sfx_ogapacks/source/60_sci_fi_sfx_0/sfx_06.ogg,assetdirectory/audio/normalized/sfx/60_sci_fi_sfx_0/sfx_60_sci_fi_sfx_0_sfx_06.ogg,ogg,normalized
sfx_60_sci_fi_sfx_0_sfx_06b,sfx,60_sci_fi_sfx_0,root,assetdirectory/audio/sfx_ogapacks/source/60_sci_fi_sfx_0/sfx_06b.ogg,assetdirectory/audio/normalized/sfx/60_sci_fi_sfx_0/sfx_60_sci_fi_sfx_0_sfx_06b.ogg,ogg,normalized
sfx_60_sci_fi_sfx_0_sfx_07a,sfx,60_sci_fi_sfx_0,root,assetdirectory/audio/sfx_ogapacks/source/60_sci_fi_sfx_0/sfx_07a.ogg,assetdirectory/audio/normalized/sfx/60_sci_fi_sfx_0/sfx_60_sci_fi_sfx_0_sfx_07a.ogg,ogg,normalized
sfx_60_sci_fi_sfx_0_sfx_07b,sfx,60_sci_fi_sfx_0,root,assetdirectory/audio/sfx_ogapacks/source/60_sci_fi_sfx_0/sfx_07b.ogg,assetdirectory/audio/normalized/sfx/60_sci_fi_sfx_0/sfx_60_sci_fi_sfx_0_sfx_07b.ogg,ogg,normalized
sfx_60_sci_fi_sfx_0_sfx_07c,sfx,60_sci_fi_sfx_0,root,assetdirectory/audio/sfx_ogapacks/source/60_sci_fi_sfx_0/sfx_07c.ogg,assetdirectory/audio/normalized/sfx/60_sci_fi_sfx_0/sfx_60_sci_fi_sfx_0_sfx_07c.ogg,ogg,normalized
sfx_60_sci_fi_sfx_0_sfx_07d,sfx,60_sci_fi_sfx_0,root,assetdirectory/audio/sfx_ogapacks/source/60_sci_fi_sfx_0/sfx_07d.ogg,assetdirectory/audio/normalized/sfx/60_sci_fi_sfx_0/sfx_60_sci_fi_sfx_0_sfx_07d.ogg,ogg,normalized
sfx_60_sci_fi_sfx_0_sfx_08a,sfx,60_sci_fi_sfx_0,root,assetdirectory/audio/sfx_ogapacks/source/60_sci_fi_sfx_0/sfx_08a.ogg,assetdirectory/audio/normalized/sfx/60_sci_fi_sfx_0/sfx_60_sci_fi_sfx_0_sfx_08a.ogg,ogg,normalized
sfx_60_sci_fi_sfx_0_sfx_08b,sfx,60_sci_fi_sfx_0,root,assetdirectory/audio/sfx_ogapacks/source/60_sci_fi_sfx_0/sfx_08b.ogg,assetdirectory/audio/normalized/sfx/60_sci_fi_sfx_0/sfx_60_sci_fi_sfx_0_sfx_08b.ogg,ogg,normalized
sfx_60_sci_fi_sfx_0_sfx_09a,sfx,60_sci_fi_sfx_0,root,assetdirectory/audio/sfx_ogapacks/source/60_sci_fi_sfx_0/sfx_09a.ogg,assetdirectory/audio/normalized/sfx/60_sci_fi_sfx_0/sfx_60_sci_fi_sfx_0_sfx_09a.ogg,ogg,normalized
sfx_60_sci_fi_sfx_0_sfx_09b,sfx,60_sci_fi_sfx_0,root,assetdirectory/audio/sfx_ogapacks/source/60_sci_fi_sfx_0/sfx_09b.ogg,assetdirectory/audio/normalized/sfx/60_sci_fi_sfx_0/sfx_60_sci_fi_sfx_0_sfx_09b.ogg,ogg,normalized
sfx_60_sci_fi_sfx_0_sfx_10a,sfx,60_sci_fi_sfx_0,root,assetdirectory/audio/sfx_ogapacks/source/60_sci_fi_sfx_0/sfx_10a.ogg,assetdirectory/audio/normalized/sfx/60_sci_fi_sfx_0/sfx_60_sci_fi_sfx_0_sfx_10a.ogg,ogg,normalized
sfx_60_sci_fi_sfx_0_sfx_10b,sfx,60_sci_fi_sfx_0,root,assetdirectory/audio/sfx_ogapacks/source/60_sci_fi_sfx_0/sfx_10b.ogg,assetdirectory/audio/normalized/sfx/60_sci_fi_sfx_0/sfx_60_sci_fi_sfx_0_sfx_10b.ogg,ogg,normalized
sfx_60_sci_fi_sfx_0_sfx_10c,sfx,60_sci_fi_sfx_0,root,assetdirectory/audio/sfx_ogapacks/source/60_sci_fi_sfx_0/sfx_10c.ogg,assetdirectory/audio/normalized/sfx/60_sci_fi_sfx_0/sfx_60_sci_fi_sfx_0_sfx_10c.ogg,ogg,normalized
sfx_60_sci_fi_sfx_0_sfx_11a,sfx,60_sci_fi_sfx_0,root,assetdirectory/audio/sfx_ogapacks/source/60_sci_fi_sfx_0/sfx_11a.ogg,assetdirectory/audio/normalized/sfx/60_sci_fi_sfx_0/sfx_60_sci_fi_sfx_0_sfx_11a.ogg,ogg,normalized
sfx_60_sci_fi_sfx_0_sfx_11b,sfx,60_sci_fi_sfx_0,root,assetdirectory/audio/sfx_ogapacks/source/60_sci_fi_sfx_0/sfx_11b.ogg,assetdirectory/audio/normalized/sfx/60_sci_fi_sfx_0/sfx_60_sci_fi_sfx_0_sfx_11b.ogg,ogg,normalized
sfx_60_sci_fi_sfx_0_sfx_11c,sfx,60_sci_fi_sfx_0,root,assetdirectory/audio/sfx_ogapacks/source/60_sci_fi_sfx_0/sfx_11c.ogg,assetdirectory/audio/normalized/sfx/60_sci_fi_sfx_0/sfx_60_sci_fi_sfx_0_sfx_11c.ogg,ogg,normalized
sfx_60_sci_fi_sfx_0_sfx_11d,sfx,60_sci_fi_sfx_0,root,assetdirectory/audio/sfx_ogapacks/source/60_sci_fi_sfx_0/sfx_11d.ogg,assetdirectory/audio/normalized/sfx/60_sci_fi_sfx_0/sfx_60_sci_fi_sfx_0_sfx_11d.ogg,ogg,normalized
sfx_60_sci_fi_sfx_0_sfx_12a,sfx,60_sci_fi_sfx_0,root,assetdirectory/audio/sfx_ogapacks/source/60_sci_fi_sfx_0/sfx_12a.ogg,assetdirectory/audio/normalized/sfx/60_sci_fi_sfx_0/sfx_60_sci_fi_sfx_0_sfx_12a.ogg,ogg,normalized
sfx_60_sci_fi_sfx_0_sfx_12b,sfx,60_sci_fi_sfx_0,root,assetdirectory/audio/sfx_ogapacks/source/60_sci_fi_sfx_0/sfx_12b.ogg,assetdirectory/audio/normalized/sfx/60_sci_fi_sfx_0/sfx_60_sci_fi_sfx_0_sfx_12b.ogg,ogg,normalized
sfx_60_sci_fi_sfx_0_sfx_12c,sfx,60_sci_fi_sfx_0,root,assetdirectory/audio/sfx_ogapacks/source/60_sci_fi_sfx_0/sfx_12c.ogg,assetdirectory/audio/normalized/sfx/60_sci_fi_sfx_0/sfx_60_sci_fi_sfx_0_sfx_12c.ogg,ogg,normalized
sfx_60_sci_fi_sfx_0_sfx_13a,sfx,60_sci_fi_sfx_0,root,assetdirectory/audio/sfx_ogapacks/source/60_sci_fi_sfx_0/sfx_13a.ogg,assetdirectory/audio/normalized/sfx/60_sci_fi_sfx_0/sfx_60_sci_fi_sfx_0_sfx_13a.ogg,ogg,normalized
sfx_60_sci_fi_sfx_0_sfx_13b,sfx,60_sci_fi_sfx_0,root,assetdirectory/audio/sfx_ogapacks/source/60_sci_fi_sfx_0/sfx_13b.ogg,assetdirectory/audio/normalized/sfx/60_sci_fi_sfx_0/sfx_60_sci_fi_sfx_0_sfx_13b.ogg,ogg,normalized
sfx_60_sci_fi_sfx_0_sfx_13c,sfx,60_sci_fi_sfx_0,root,assetdirectory/audio/sfx_ogapacks/source/60_sci_fi_sfx_0/sfx_13c.ogg,assetdirectory/audio/normalized/sfx/60_sci_fi_sfx_0/sfx_60_sci_fi_sfx_0_sfx_13c.ogg,ogg,normalized
sfx_60_sci_fi_sfx_0_sfx_14a,sfx,60_sci_fi_sfx_0,root,assetdirectory/audio/sfx_ogapacks/source/60_sci_fi_sfx_0/sfx_14a.ogg,assetdirectory/audio/normalized/sfx/60_sci_fi_sfx_0/sfx_60_sci_fi_sfx_0_sfx_14a.ogg,ogg,normalized
sfx_60_sci_fi_sfx_0_sfx_14b,sfx,60_sci_fi_sfx_0,root,assetdirectory/audio/sfx_ogapacks/source/60_sci_fi_sfx_0/sfx_14b.ogg,assetdirectory/audio/normalized/sfx/60_sci_fi_sfx_0/sfx_60_sci_fi_sfx_0_sfx_14b.ogg,ogg,normalized
sfx_60_sci_fi_sfx_0_sfx_14c,sfx,60_sci_fi_sfx_0,root,assetdirectory/audio/sfx_ogapacks/source/60_sci_fi_sfx_0/sfx_14c.ogg,assetdirectory/audio/normalized/sfx/60_sci_fi_sfx_0/sfx_60_sci_fi_sfx_0_sfx_14c.ogg,ogg,normalized
sfx_60_sci_fi_sfx_0_sfx_15a,sfx,60_sci_fi_sfx_0,root,assetdirectory/audio/sfx_ogapacks/source/60_sci_fi_sfx_0/sfx_15a.ogg,assetdirectory/audio/normalized/sfx/60_sci_fi_sfx_0/sfx_60_sci_fi_sfx_0_sfx_15a.ogg,ogg,normalized
sfx_60_sci_fi_sfx_0_sfx_15b,sfx,60_sci_fi_sfx_0,root,assetdirectory/audio/sfx_ogapacks/source/60_sci_fi_sfx_0/sfx_15b.ogg,assetdirectory/audio/normalized/sfx/60_sci_fi_sfx_0/sfx_60_sci_fi_sfx_0_sfx_15b.ogg,ogg,normalized
sfx_60_sci_fi_sfx_0_sfx_15c,sfx,60_sci_fi_sfx_0,root,assetdirectory/audio/sfx_ogapacks/source/60_sci_fi_sfx_0/sfx_15c.ogg,assetdirectory/audio/normalized/sfx/60_sci_fi_sfx_0/sfx_60_sci_fi_sfx_0_sfx_15c.ogg,ogg,normalized
sfx_60_sci_fi_sfx_0_sfx_16a,sfx,60_sci_fi_sfx_0,root,assetdirectory/audio/sfx_ogapacks/source/60_sci_fi_sfx_0/sfx_16a.ogg,assetdirectory/audio/normalized/sfx/60_sci_fi_sfx_0/sfx_60_sci_fi_sfx_0_sfx_16a.ogg,ogg,normalized
sfx_60_sci_fi_sfx_0_sfx_16b,sfx,60_sci_fi_sfx_0,root,assetdirectory/audio/sfx_ogapacks/source/60_sci_fi_sfx_0/sfx_16b.ogg,assetdirectory/audio/normalized/sfx/60_sci_fi_sfx_0/sfx_60_sci_fi_sfx_0_sfx_16b.ogg,ogg,normalized
sfx_60_sci_fi_sfx_0_sfx_17a,sfx,60_sci_fi_sfx_0,root,assetdirectory/audio/sfx_ogapacks/source/60_sci_fi_sfx_0/sfx_17a.ogg,assetdirectory/audio/normalized/sfx/60_sci_fi_sfx_0/sfx_60_sci_fi_sfx_0_sfx_17a.ogg,ogg,normalized
sfx_60_sci_fi_sfx_0_sfx_17b,sfx,60_sci_fi_sfx_0,root,assetdirectory/audio/sfx_ogapacks/source/60_sci_fi_sfx_0/sfx_17b.ogg,assetdirectory/audio/normalized/sfx/60_sci_fi_sfx_0/sfx_60_sci_fi_sfx_0_sfx_17b.ogg,ogg,normalized
sfx_60_sci_fi_sfx_0_sfx_18a,sfx,60_sci_fi_sfx_0,root,assetdirectory/audio/sfx_ogapacks/source/60_sci_fi_sfx_0/sfx_18a.ogg,assetdirectory/audio/normalized/sfx/60_sci_fi_sfx_0/sfx_60_sci_fi_sfx_0_sfx_18a.ogg,ogg,normalized
sfx_60_sci_fi_sfx_0_sfx_18b,sfx,60_sci_fi_sfx_0,root,assetdirectory/audio/sfx_ogapacks/source/60_sci_fi_sfx_0/sfx_18b.ogg,assetdirectory/audio/normalized/sfx/60_sci_fi_sfx_0/sfx_60_sci_fi_sfx_0_sfx_18b.ogg,ogg,normalized
sfx_60_sci_fi_sfx_0_sfx_19a,sfx,60_sci_fi_sfx_0,root,assetdirectory/audio/sfx_ogapacks/source/60_sci_fi_sfx_0/sfx_19a.ogg,assetdirectory/audio/normalized/sfx/60_sci_fi_sfx_0/sfx_60_sci_fi_sfx_0_sfx_19a.ogg,ogg,normalized
sfx_60_sci_fi_sfx_0_sfx_19b,sfx,60_sci_fi_sfx_0,root,assetdirectory/audio/sfx_ogapacks/source/60_sci_fi_sfx_0/sfx_19b.ogg,assetdirectory/audio/normalized/sfx/60_sci_fi_sfx_0/sfx_60_sci_fi_sfx_0_sfx_19b.ogg,ogg,normalized
sfx_60_sci_fi_sfx_0_sfx_19c,sfx,60_sci_fi_sfx_0,root,assetdirectory/audio/sfx_ogapacks/source/60_sci_fi_sfx_0/sfx_19c.ogg,assetdirectory/audio/normalized/sfx/60_sci_fi_sfx_0/sfx_60_sci_fi_sfx_0_sfx_19c.ogg,ogg,normalized
sfx_60_sci_fi_sfx_0_sfx_20a,sfx,60_sci_fi_sfx_0,root,assetdirectory/audio/sfx_ogapacks/source/60_sci_fi_sfx_0/sfx_20a.ogg,assetdirectory/audio/normalized/sfx/60_sci_fi_sfx_0/sfx_60_sci_fi_sfx_0_sfx_20a.ogg,ogg,normalized
sfx_60_sci_fi_sfx_0_sfx_20b,sfx,60_sci_fi_sfx_0,root,assetdirectory/audio/sfx_ogapacks/source/60_sci_fi_sfx_0/sfx_20b.ogg,assetdirectory/audio/normalized/sfx/60_sci_fi_sfx_0/sfx_60_sci_fi_sfx_0_sfx_20b.ogg,ogg,normalized
sfx_60_sci_fi_sfx_0_sfx_20c,sfx,60_sci_fi_sfx_0,root,assetdirectory/audio/sfx_ogapacks/source/60_sci_fi_sfx_0/sfx_20c.ogg,assetdirectory/audio/normalized/sfx/60_sci_fi_sfx_0/sfx_60_sci_fi_sfx_0_sfx_20c.ogg,ogg,normalized
sfx_60_sci_fi_sfx_0_sfx_21a,sfx,60_sci_fi_sfx_0,root,assetdirectory/audio/sfx_ogapacks/source/60_sci_fi_sfx_0/sfx_21a.ogg,assetdirectory/audio/normalized/sfx/60_sci_fi_sfx_0/sfx_60_sci_fi_sfx_0_sfx_21a.ogg,ogg,normalized
sfx_60_sci_fi_sfx_0_sfx_21b,sfx,60_sci_fi_sfx_0,root,assetdirectory/audio/sfx_ogapacks/source/60_sci_fi_sfx_0/sfx_21b.ogg,assetdirectory/audio/normalized/sfx/60_sci_fi_sfx_0/sfx_60_sci_fi_sfx_0_sfx_21b.ogg,ogg,normalized
sfx_60_sci_fi_sfx_0_sfx_22a,sfx,60_sci_fi_sfx_0,root,assetdirectory/audio/sfx_ogapacks/source/60_sci_fi_sfx_0/sfx_22a.ogg,assetdirectory/audio/normalized/sfx/60_sci_fi_sfx_0/sfx_60_sci_fi_sfx_0_sfx_22a.ogg,ogg,normalized
sfx_60_sci_fi_sfx_0_sfx_22b,sfx,60_sci_fi_sfx_0,root,assetdirectory/audio/sfx_ogapacks/source/60_sci_fi_sfx_0/sfx_22b.ogg,assetdirectory/audio/normalized/sfx/60_sci_fi_sfx_0/sfx_60_sci_fi_sfx_0_sfx_22b.ogg,ogg,normalized
sfx_80_cc0_rpg_sfx_0_blade_01,sfx,80_cc0_rpg_sfx_0,root,assetdirectory/audio/sfx_ogapacks/source/80_cc0_rpg_sfx_0/blade_01.ogg,assetdirectory/audio/normalized/sfx/80_cc0_rpg_sfx_0/sfx_80_cc0_rpg_sfx_0_blade_01.ogg,ogg,normalized
sfx_80_cc0_rpg_sfx_0_blade_02,sfx,80_cc0_rpg_sfx_0,root,assetdirectory/audio/sfx_ogapacks/source/80_cc0_rpg_sfx_0/blade_02.ogg,assetdirectory/audio/normalized/sfx/80_cc0_rpg_sfx_0/sfx_80_cc0_rpg_sfx_0_blade_02.ogg,ogg,normalized
sfx_80_cc0_rpg_sfx_0_blade_03,sfx,80_cc0_rpg_sfx_0,root,assetdirectory/audio/sfx_ogapacks/source/80_cc0_rpg_sfx_0/blade_03.ogg,assetdirectory/audio/normalized/sfx/80_cc0_rpg_sfx_0/sfx_80_cc0_rpg_sfx_0_blade_03.ogg,ogg,normalized
sfx_80_cc0_rpg_sfx_0_book_01,sfx,80_cc0_rpg_sfx_0,root,assetdirectory/audio/sfx_ogapacks/source/80_cc0_rpg_sfx_0/book_01.ogg,assetdirectory/audio/normalized/sfx/80_cc0_rpg_sfx_0/sfx_80_cc0_rpg_sfx_0_book_01.ogg,ogg,normalized
sfx_80_cc0_rpg_sfx_0_book_02,sfx,80_cc0_rpg_sfx_0,root,assetdirectory/audio/sfx_ogapacks/source/80_cc0_rpg_sfx_0/book_02.ogg,assetdirectory/audio/normalized/sfx/80_cc0_rpg_sfx_0/sfx_80_cc0_rpg_sfx_0_book_02.ogg,ogg,normalized
sfx_80_cc0_rpg_sfx_0_book_03,sfx,80_cc0_rpg_sfx_0,root,assetdirectory/audio/sfx_ogapacks/source/80_cc0_rpg_sfx_0/book_03.ogg,assetdirectory/audio/normalized/sfx/80_cc0_rpg_sfx_0/sfx_80_cc0_rpg_sfx_0_book_03.ogg,ogg,normalized
sfx_80_cc0_rpg_sfx_0_book_04,sfx,80_cc0_rpg_sfx_0,root,assetdirectory/audio/sfx_ogapacks/source/80_cc0_rpg_sfx_0/book_04.ogg,assetdirectory/audio/normalized/sfx/80_cc0_rpg_sfx_0/sfx_80_cc0_rpg_sfx_0_book_04.ogg,ogg,normalized
sfx_80_cc0_rpg_sfx_0_chain_01,sfx,80_cc0_rpg_sfx_0,root,assetdirectory/audio/sfx_ogapacks/source/80_cc0_rpg_sfx_0/chain_01.ogg,assetdirectory/audio/normalized/sfx/80_cc0_rpg_sfx_0/sfx_80_cc0_rpg_sfx_0_chain_01.ogg,ogg,normalized
sfx_80_cc0_rpg_sfx_0_chain_02,sfx,80_cc0_rpg_sfx_0,root,assetdirectory/audio/sfx_ogapacks/source/80_cc0_rpg_sfx_0/chain_02.ogg,assetdirectory/audio/normalized/sfx/80_cc0_rpg_sfx_0/sfx_80_cc0_rpg_sfx_0_chain_02.ogg,ogg,normalized
sfx_80_cc0_rpg_sfx_0_chain_03,sfx,80_cc0_rpg_sfx_0,root,assetdirectory/audio/sfx_ogapacks/source/80_cc0_rpg_sfx_0/chain_03.ogg,assetdirectory/audio/normalized/sfx/80_cc0_rpg_sfx_0/sfx_80_cc0_rpg_sfx_0_chain_03.ogg,ogg,normalized
sfx_80_cc0_rpg_sfx_0_creature_die_01,sfx,80_cc0_rpg_sfx_0,root,assetdirectory/audio/sfx_ogapacks/source/80_cc0_rpg_sfx_0/creature_die_01.ogg,assetdirectory/audio/normalized/sfx/80_cc0_rpg_sfx_0/sfx_80_cc0_rpg_sfx_0_creature_die_01.ogg,ogg,normalized
sfx_80_cc0_rpg_sfx_0_creature_hurt_01,sfx,80_cc0_rpg_sfx_0,root,assetdirectory/audio/sfx_ogapacks/source/80_cc0_rpg_sfx_0/creature_hurt_01.ogg,assetdirectory/audio/normalized/sfx/80_cc0_rpg_sfx_0/sfx_80_cc0_rpg_sfx_0_creature_hurt_01.ogg,ogg,normalized
sfx_80_cc0_rpg_sfx_0_creature_hurt_02,sfx,80_cc0_rpg_sfx_0,root,assetdirectory/audio/sfx_ogapacks/source/80_cc0_rpg_sfx_0/creature_hurt_02.ogg,assetdirectory/audio/normalized/sfx/80_cc0_rpg_sfx_0/sfx_80_cc0_rpg_sfx_0_creature_hurt_02.ogg,ogg,normalized
sfx_80_cc0_rpg_sfx_0_creature_misc_01,sfx,80_cc0_rpg_sfx_0,root,assetdirectory/audio/sfx_ogapacks/source/80_cc0_rpg_sfx_0/creature_misc_01.ogg,assetdirectory/audio/normalized/sfx/80_cc0_rpg_sfx_0/sfx_80_cc0_rpg_sfx_0_creature_misc_01.ogg,ogg,normalized
sfx_80_cc0_rpg_sfx_0_creature_misc_02,sfx,80_cc0_rpg_sfx_0,root,assetdirectory/audio/sfx_ogapacks/source/80_cc0_rpg_sfx_0/creature_misc_02.ogg,assetdirectory/audio/normalized/sfx/80_cc0_rpg_sfx_0/sfx_80_cc0_rpg_sfx_0_creature_misc_02.ogg,ogg,normalized
sfx_80_cc0_rpg_sfx_0_creature_misc_03,sfx,80_cc0_rpg_sfx_0,root,assetdirectory/audio/sfx_ogapacks/source/80_cc0_rpg_sfx_0/creature_misc_03.ogg,assetdirectory/audio/normalized/sfx/80_cc0_rpg_sfx_0/sfx_80_cc0_rpg_sfx_0_creature_misc_03.ogg,ogg,normalized
sfx_80_cc0_rpg_sfx_0_creature_misc_04,sfx,80_cc0_rpg_sfx_0,root,assetdirectory/audio/sfx_ogapacks/source/80_cc0_rpg_sfx_0/creature_misc_04.ogg,assetdirectory/audio/normalized/sfx/80_cc0_rpg_sfx_0/sfx_80_cc0_rpg_sfx_0_creature_misc_04.ogg,ogg,normalized
sfx_80_cc0_rpg_sfx_0_creature_misc_05,sfx,80_cc0_rpg_sfx_0,root,assetdirectory/audio/sfx_ogapacks/source/80_cc0_rpg_sfx_0/creature_misc_05.ogg,assetdirectory/audio/normalized/sfx/80_cc0_rpg_sfx_0/sfx_80_cc0_rpg_sfx_0_creature_misc_05.ogg,ogg,normalized
sfx_80_cc0_rpg_sfx_0_creature_misc_06,sfx,80_cc0_rpg_sfx_0,root,assetdirectory/audio/sfx_ogapacks/source/80_cc0_rpg_sfx_0/creature_misc_06.ogg,assetdirectory/audio/normalized/sfx/80_cc0_rpg_sfx_0/sfx_80_cc0_rpg_sfx_0_creature_misc_06.ogg,ogg,normalized
sfx_80_cc0_rpg_sfx_0_creature_misc_07,sfx,80_cc0_rpg_sfx_0,root,assetdirectory/audio/sfx_ogapacks/source/80_cc0_rpg_sfx_0/creature_misc_07.ogg,assetdirectory/audio/normalized/sfx/80_cc0_rpg_sfx_0/sfx_80_cc0_rpg_sfx_0_creature_misc_07.ogg,ogg,normalized
sfx_80_cc0_rpg_sfx_0_creature_misc_08,sfx,80_cc0_rpg_sfx_0,root,assetdirectory/audio/sfx_ogapacks/source/80_cc0_rpg_sfx_0/creature_misc_08.ogg,assetdirectory/audio/normalized/sfx/80_cc0_rpg_sfx_0/sfx_80_cc0_rpg_sfx_0_creature_misc_08.ogg,ogg,normalized
sfx_80_cc0_rpg_sfx_0_creature_monster_01,sfx,80_cc0_rpg_sfx_0,root,assetdirectory/audio/sfx_ogapacks/source/80_cc0_rpg_sfx_0/creature_monster_01.ogg,assetdirectory/audio/normalized/sfx/80_cc0_rpg_sfx_0/sfx_80_cc0_rpg_sfx_0_creature_monster_01.ogg,ogg,normalized
sfx_80_cc0_rpg_sfx_0_creature_monster_02,sfx,80_cc0_rpg_sfx_0,root,assetdirectory/audio/sfx_ogapacks/source/80_cc0_rpg_sfx_0/creature_monster_02.ogg,assetdirectory/audio/normalized/sfx/80_cc0_rpg_sfx_0/sfx_80_cc0_rpg_sfx_0_creature_monster_02.ogg,ogg,normalized
sfx_80_cc0_rpg_sfx_0_creature_monster_03,sfx,80_cc0_rpg_sfx_0,root,assetdirectory/audio/sfx_ogapacks/source/80_cc0_rpg_sfx_0/creature_monster_03.ogg,assetdirectory/audio/normalized/sfx/80_cc0_rpg_sfx_0/sfx_80_cc0_rpg_sfx_0_creature_monster_03.ogg,ogg,normalized
sfx_80_cc0_rpg_sfx_0_creature_monster_04,sfx,80_cc0_rpg_sfx_0,root,assetdirectory/audio/sfx_ogapacks/source/80_cc0_rpg_sfx_0/creature_monster_04.ogg,assetdirectory/audio/normalized/sfx/80_cc0_rpg_sfx_0/sfx_80_cc0_rpg_sfx_0_creature_monster_04.ogg,ogg,normalized
sfx_80_cc0_rpg_sfx_0_creature_roar_01,sfx,80_cc0_rpg_sfx_0,root,assetdirectory/audio/sfx_ogapacks/source/80_cc0_rpg_sfx_0/creature_roar_01.ogg,assetdirectory/audio/normalized/sfx/80_cc0_rpg_sfx_0/sfx_80_cc0_rpg_sfx_0_creature_roar_01.ogg,ogg,normalized
sfx_80_cc0_rpg_sfx_0_creature_roar_02,sfx,80_cc0_rpg_sfx_0,root,assetdirectory/audio/sfx_ogapacks/source/80_cc0_rpg_sfx_0/creature_roar_02.ogg,assetdirectory/audio/normalized/sfx/80_cc0_rpg_sfx_0/sfx_80_cc0_rpg_sfx_0_creature_roar_02.ogg,ogg,normalized
sfx_80_cc0_rpg_sfx_0_creature_roar_03,sfx,80_cc0_rpg_sfx_0,root,assetdirectory/audio/sfx_ogapacks/source/80_cc0_rpg_sfx_0/creature_roar_03.ogg,assetdirectory/audio/normalized/sfx/80_cc0_rpg_sfx_0/sfx_80_cc0_rpg_sfx_0_creature_roar_03.ogg,ogg,normalized
sfx_80_cc0_rpg_sfx_0_creature_slime_01,sfx,80_cc0_rpg_sfx_0,root,assetdirectory/audio/sfx_ogapacks/source/80_cc0_rpg_sfx_0/creature_slime_01.ogg,assetdirectory/audio/normalized/sfx/80_cc0_rpg_sfx_0/sfx_80_cc0_rpg_sfx_0_creature_slime_01.ogg,ogg,normalized
sfx_80_cc0_rpg_sfx_0_creature_slime_02,sfx,80_cc0_rpg_sfx_0,root,assetdirectory/audio/sfx_ogapacks/source/80_cc0_rpg_sfx_0/creature_slime_02.ogg,assetdirectory/audio/normalized/sfx/80_cc0_rpg_sfx_0/sfx_80_cc0_rpg_sfx_0_creature_slime_02.ogg,ogg,normalized
sfx_80_cc0_rpg_sfx_0_creature_slime_03,sfx,80_cc0_rpg_sfx_0,root,assetdirectory/audio/sfx_ogapacks/source/80_cc0_rpg_sfx_0/creature_slime_03.ogg,assetdirectory/audio/normalized/sfx/80_cc0_rpg_sfx_0/sfx_80_cc0_rpg_sfx_0_creature_slime_03.ogg,ogg,normalized
sfx_80_cc0_rpg_sfx_0_creature_slime_04,sfx,80_cc0_rpg_sfx_0,root,assetdirectory/audio/sfx_ogapacks/source/80_cc0_rpg_sfx_0/creature_slime_04.ogg,assetdirectory/audio/normalized/sfx/80_cc0_rpg_sfx_0/sfx_80_cc0_rpg_sfx_0_creature_slime_04.ogg,ogg,normalized
sfx_80_cc0_rpg_sfx_0_item_coins_01,sfx,80_cc0_rpg_sfx_0,root,assetdirectory/audio/sfx_ogapacks/source/80_cc0_rpg_sfx_0/item_coins_01.ogg,assetdirectory/audio/normalized/sfx/80_cc0_rpg_sfx_0/sfx_80_cc0_rpg_sfx_0_item_coins_01.ogg,ogg,normalized
sfx_80_cc0_rpg_sfx_0_item_coins_02,sfx,80_cc0_rpg_sfx_0,root,assetdirectory/audio/sfx_ogapacks/source/80_cc0_rpg_sfx_0/item_coins_02.ogg,assetdirectory/audio/normalized/sfx/80_cc0_rpg_sfx_0/sfx_80_cc0_rpg_sfx_0_item_coins_02.ogg,ogg,normalized
sfx_80_cc0_rpg_sfx_0_item_coins_03,sfx,80_cc0_rpg_sfx_0,root,assetdirectory/audio/sfx_ogapacks/source/80_cc0_rpg_sfx_0/item_coins_03.ogg,assetdirectory/audio/normalized/sfx/80_cc0_rpg_sfx_0/sfx_80_cc0_rpg_sfx_0_item_coins_03.ogg,ogg,normalized
sfx_80_cc0_rpg_sfx_0_item_coins_04,sfx,80_cc0_rpg_sfx_0,root,assetdirectory/audio/sfx_ogapacks/source/80_cc0_rpg_sfx_0/item_coins_04.ogg,assetdirectory/audio/normalized/sfx/80_cc0_rpg_sfx_0/sfx_80_cc0_rpg_sfx_0_item_coins_04.ogg,ogg,normalized
sfx_80_cc0_rpg_sfx_0_item_gem_01,sfx,80_cc0_rpg_sfx_0,root,assetdirectory/audio/sfx_ogapacks/source/80_cc0_rpg_sfx_0/item_gem_01.ogg,assetdirectory/audio/normalized/sfx/80_cc0_rpg_sfx_0/sfx_80_cc0_rpg_sfx_0_item_gem_01.ogg,ogg,normalized
sfx_80_cc0_rpg_sfx_0_item_gem_02,sfx,80_cc0_rpg_sfx_0,root,assetdirectory/audio/sfx_ogapacks/source/80_cc0_rpg_sfx_0/item_gem_02.ogg,assetdirectory/audio/normalized/sfx/80_cc0_rpg_sfx_0/sfx_80_cc0_rpg_sfx_0_item_gem_02.ogg,ogg,normalized
sfx_80_cc0_rpg_sfx_0_item_gem_03,sfx,80_cc0_rpg_sfx_0,root,assetdirectory/audio/sfx_ogapacks/source/80_cc0_rpg_sfx_0/item_gem_03.ogg,assetdirectory/audio/normalized/sfx/80_cc0_rpg_sfx_0/sfx_80_cc0_rpg_sfx_0_item_gem_03.ogg,ogg,normalized
sfx_80_cc0_rpg_sfx_0_item_gem_04,sfx,80_cc0_rpg_sfx_0,root,assetdirectory/audio/sfx_ogapacks/source/80_cc0_rpg_sfx_0/item_gem_04.ogg,assetdirectory/audio/normalized/sfx/80_cc0_rpg_sfx_0/sfx_80_cc0_rpg_sfx_0_item_gem_04.ogg,ogg,normalized
sfx_80_cc0_rpg_sfx_0_item_misc_01,sfx,80_cc0_rpg_sfx_0,root,assetdirectory/audio/sfx_ogapacks/source/80_cc0_rpg_sfx_0/item_misc_01.ogg,assetdirectory/audio/normalized/sfx/80_cc0_rpg_sfx_0/sfx_80_cc0_rpg_sfx_0_item_misc_01.ogg,ogg,normalized
sfx_80_cc0_rpg_sfx_0_item_misc_02,sfx,80_cc0_rpg_sfx_0,root,assetdirectory/audio/sfx_ogapacks/source/80_cc0_rpg_sfx_0/item_misc_02.ogg,assetdirectory/audio/normalized/sfx/80_cc0_rpg_sfx_0/sfx_80_cc0_rpg_sfx_0_item_misc_02.ogg,ogg,normalized
sfx_80_cc0_rpg_sfx_0_item_misc_03,sfx,80_cc0_rpg_sfx_0,root,assetdirectory/audio/sfx_ogapacks/source/80_cc0_rpg_sfx_0/item_misc_03.ogg,assetdirectory/audio/normalized/sfx/80_cc0_rpg_sfx_0/sfx_80_cc0_rpg_sfx_0_item_misc_03.ogg,ogg,normalized
sfx_80_cc0_rpg_sfx_0_item_misc_04,sfx,80_cc0_rpg_sfx_0,root,assetdirectory/audio/sfx_ogapacks/source/80_cc0_rpg_sfx_0/item_misc_04.ogg,assetdirectory/audio/normalized/sfx/80_cc0_rpg_sfx_0/sfx_80_cc0_rpg_sfx_0_item_misc_04.ogg,ogg,normalized
sfx_80_cc0_rpg_sfx_0_item_misc_05,sfx,80_cc0_rpg_sfx_0,root,assetdirectory/audio/sfx_ogapacks/source/80_cc0_rpg_sfx_0/item_misc_05.ogg,assetdirectory/audio/normalized/sfx/80_cc0_rpg_sfx_0/sfx_80_cc0_rpg_sfx_0_item_misc_05.ogg,ogg,normalized
sfx_80_cc0_rpg_sfx_0_item_misc_06,sfx,80_cc0_rpg_sfx_0,root,assetdirectory/audio/sfx_ogapacks/source/80_cc0_rpg_sfx_0/item_misc_06.ogg,assetdirectory/audio/normalized/sfx/80_cc0_rpg_sfx_0/sfx_80_cc0_rpg_sfx_0_item_misc_06.ogg,ogg,normalized
sfx_80_cc0_rpg_sfx_0_item_stone_01,sfx,80_cc0_rpg_sfx_0,root,assetdirectory/audio/sfx_ogapacks/source/80_cc0_rpg_sfx_0/item_stone_01.ogg,assetdirectory/audio/normalized/sfx/80_cc0_rpg_sfx_0/sfx_80_cc0_rpg_sfx_0_item_stone_01.ogg,ogg,normalized
sfx_80_cc0_rpg_sfx_0_item_stone_02,sfx,80_cc0_rpg_sfx_0,root,assetdirectory/audio/sfx_ogapacks/source/80_cc0_rpg_sfx_0/item_stone_02.ogg,assetdirectory/audio/normalized/sfx/80_cc0_rpg_sfx_0/sfx_80_cc0_rpg_sfx_0_item_stone_02.ogg,ogg,normalized
sfx_80_cc0_rpg_sfx_0_item_stone_03,sfx,80_cc0_rpg_sfx_0,root,assetdirectory/audio/sfx_ogapacks/source/80_cc0_rpg_sfx_0/item_stone_03.ogg,assetdirectory/audio/normalized/sfx/80_cc0_rpg_sfx_0/sfx_80_cc0_rpg_sfx_0_item_stone_03.ogg,ogg,normalized
sfx_80_cc0_rpg_sfx_0_item_stone_04,sfx,80_cc0_rpg_sfx_0,root,assetdirectory/audio/sfx_ogapacks/source/80_cc0_rpg_sfx_0/item_stone_04.ogg,assetdirectory/audio/normalized/sfx/80_cc0_rpg_sfx_0/sfx_80_cc0_rpg_sfx_0_item_stone_04.ogg,ogg,normalized
sfx_80_cc0_rpg_sfx_0_item_wood_01,sfx,80_cc0_rpg_sfx_0,root,assetdirectory/audio/sfx_ogapacks/source/80_cc0_rpg_sfx_0/item_wood_01.ogg,assetdirectory/audio/normalized/sfx/80_cc0_rpg_sfx_0/sfx_80_cc0_rpg_sfx_0_item_wood_01.ogg,ogg,normalized
sfx_80_cc0_rpg_sfx_0_item_wood_02,sfx,80_cc0_rpg_sfx_0,root,assetdirectory/audio/sfx_ogapacks/source/80_cc0_rpg_sfx_0/item_wood_02.ogg,assetdirectory/audio/normalized/sfx/80_cc0_rpg_sfx_0/sfx_80_cc0_rpg_sfx_0_item_wood_02.ogg,ogg,normalized
sfx_80_cc0_rpg_sfx_0_item_wood_03,sfx,80_cc0_rpg_sfx_0,root,assetdirectory/audio/sfx_ogapacks/source/80_cc0_rpg_sfx_0/item_wood_03.ogg,assetdirectory/audio/normalized/sfx/80_cc0_rpg_sfx_0/sfx_80_cc0_rpg_sfx_0_item_wood_03.ogg,ogg,normalized
sfx_80_cc0_rpg_sfx_0_lock_01,sfx,80_cc0_rpg_sfx_0,root,assetdirectory/audio/sfx_ogapacks/source/80_cc0_rpg_sfx_0/lock_01.ogg,assetdirectory/audio/normalized/sfx/80_cc0_rpg_sfx_0/sfx_80_cc0_rpg_sfx_0_lock_01.ogg,ogg,normalized
sfx_80_cc0_rpg_sfx_0_lock_02,sfx,80_cc0_rpg_sfx_0,root,assetdirectory/audio/sfx_ogapacks/source/80_cc0_rpg_sfx_0/lock_02.ogg,assetdirectory/audio/normalized/sfx/80_cc0_rpg_sfx_0/sfx_80_cc0_rpg_sfx_0_lock_02.ogg,ogg,normalized
sfx_80_cc0_rpg_sfx_0_lock_03,sfx,80_cc0_rpg_sfx_0,root,assetdirectory/audio/sfx_ogapacks/source/80_cc0_rpg_sfx_0/lock_03.ogg,assetdirectory/audio/normalized/sfx/80_cc0_rpg_sfx_0/sfx_80_cc0_rpg_sfx_0_lock_03.ogg,ogg,normalized
sfx_80_cc0_rpg_sfx_0_metal_01,sfx,80_cc0_rpg_sfx_0,root,assetdirectory/audio/sfx_ogapacks/source/80_cc0_rpg_sfx_0/metal_01.ogg,assetdirectory/audio/normalized/sfx/80_cc0_rpg_sfx_0/sfx_80_cc0_rpg_sfx_0_metal_01.ogg,ogg,normalized
sfx_80_cc0_rpg_sfx_0_metal_02,sfx,80_cc0_rpg_sfx_0,root,assetdirectory/audio/sfx_ogapacks/source/80_cc0_rpg_sfx_0/metal_02.ogg,assetdirectory/audio/normalized/sfx/80_cc0_rpg_sfx_0/sfx_80_cc0_rpg_sfx_0_metal_02.ogg,ogg,normalized
sfx_80_cc0_rpg_sfx_0_metal_03,sfx,80_cc0_rpg_sfx_0,root,assetdirectory/audio/sfx_ogapacks/source/80_cc0_rpg_sfx_0/metal_03.ogg,assetdirectory/audio/normalized/sfx/80_cc0_rpg_sfx_0/sfx_80_cc0_rpg_sfx_0_metal_03.ogg,ogg,normalized
sfx_80_cc0_rpg_sfx_0_misc_01,sfx,80_cc0_rpg_sfx_0,root,assetdirectory/audio/sfx_ogapacks/source/80_cc0_rpg_sfx_0/misc_01.ogg,assetdirectory/audio/normalized/sfx/80_cc0_rpg_sfx_0/sfx_80_cc0_rpg_sfx_0_misc_01.ogg,ogg,normalized
sfx_80_cc0_rpg_sfx_0_misc_02,sfx,80_cc0_rpg_sfx_0,root,assetdirectory/audio/sfx_ogapacks/source/80_cc0_rpg_sfx_0/misc_02.ogg,assetdirectory/audio/normalized/sfx/80_cc0_rpg_sfx_0/sfx_80_cc0_rpg_sfx_0_misc_02.ogg,ogg,normalized
sfx_80_cc0_rpg_sfx_0_misc_03,sfx,80_cc0_rpg_sfx_0,root,assetdirectory/audio/sfx_ogapacks/source/80_cc0_rpg_sfx_0/misc_03.ogg,assetdirectory/audio/normalized/sfx/80_cc0_rpg_sfx_0/sfx_80_cc0_rpg_sfx_0_misc_03.ogg,ogg,normalized
sfx_80_cc0_rpg_sfx_0_spell_01,sfx,80_cc0_rpg_sfx_0,root,assetdirectory/audio/sfx_ogapacks/source/80_cc0_rpg_sfx_0/spell_01.ogg,assetdirectory/audio/normalized/sfx/80_cc0_rpg_sfx_0/sfx_80_cc0_rpg_sfx_0_spell_01.ogg,ogg,normalized
sfx_80_cc0_rpg_sfx_0_spell_02,sfx,80_cc0_rpg_sfx_0,root,assetdirectory/audio/sfx_ogapacks/source/80_cc0_rpg_sfx_0/spell_02.ogg,assetdirectory/audio/normalized/sfx/80_cc0_rpg_sfx_0/sfx_80_cc0_rpg_sfx_0_spell_02.ogg,ogg,normalized
sfx_80_cc0_rpg_sfx_0_spell_fire_01,sfx,80_cc0_rpg_sfx_0,root,assetdirectory/audio/sfx_ogapacks/source/80_cc0_rpg_sfx_0/spell_fire_01.ogg,assetdirectory/audio/normalized/sfx/80_cc0_rpg_sfx_0/sfx_80_cc0_rpg_sfx_0_spell_fire_01.ogg,ogg,normalized
sfx_80_cc0_rpg_sfx_0_spell_fire_02,sfx,80_cc0_rpg_sfx_0,root,assetdirectory/audio/sfx_ogapacks/source/80_cc0_rpg_sfx_0/spell_fire_02.ogg,assetdirectory/audio/normalized/sfx/80_cc0_rpg_sfx_0/sfx_80_cc0_rpg_sfx_0_spell_fire_02.ogg,ogg,normalized
sfx_80_cc0_rpg_sfx_0_spell_fire_03,sfx,80_cc0_rpg_sfx_0,root,assetdirectory/audio/sfx_ogapacks/source/80_cc0_rpg_sfx_0/spell_fire_03.ogg,assetdirectory/audio/normalized/sfx/80_cc0_rpg_sfx_0/sfx_80_cc0_rpg_sfx_0_spell_fire_03.ogg,ogg,normalized
sfx_80_cc0_rpg_sfx_0_spell_fire_04,sfx,80_cc0_rpg_sfx_0,root,assetdirectory/audio/sfx_ogapacks/source/80_cc0_rpg_sfx_0/spell_fire_04.ogg,assetdirectory/audio/normalized/sfx/80_cc0_rpg_sfx_0/sfx_80_cc0_rpg_sfx_0_spell_fire_04.ogg,ogg,normalized
sfx_80_cc0_rpg_sfx_0_spell_fire_05,sfx,80_cc0_rpg_sfx_0,root,assetdirectory/audio/sfx_ogapacks/source/80_cc0_rpg_sfx_0/spell_fire_05.ogg,assetdirectory/audio/normalized/sfx/80_cc0_rpg_sfx_0/sfx_80_cc0_rpg_sfx_0_spell_fire_05.ogg,ogg,normalized
sfx_80_cc0_rpg_sfx_0_spell_fire_06,sfx,80_cc0_rpg_sfx_0,root,assetdirectory/audio/sfx_ogapacks/source/80_cc0_rpg_sfx_0/spell_fire_06.ogg,assetdirectory/audio/normalized/sfx/80_cc0_rpg_sfx_0/sfx_80_cc0_rpg_sfx_0_spell_fire_06.ogg,ogg,normalized
sfx_80_cc0_rpg_sfx_0_spell_fire_07,sfx,80_cc0_rpg_sfx_0,root,assetdirectory/audio/sfx_ogapacks/source/80_cc0_rpg_sfx_0/spell_fire_07.ogg,assetdirectory/audio/normalized/sfx/80_cc0_rpg_sfx_0/sfx_80_cc0_rpg_sfx_0_spell_fire_07.ogg,ogg,normalized
sfx_80_cc0_rpg_sfx_0_stones_01,sfx,80_cc0_rpg_sfx_0,root,assetdirectory/audio/sfx_ogapacks/source/80_cc0_rpg_sfx_0/stones_01.ogg,assetdirectory/audio/normalized/sfx/80_cc0_rpg_sfx_0/sfx_80_cc0_rpg_sfx_0_stones_01.ogg,ogg,normalized
sfx_80_cc0_rpg_sfx_0_stones_02,sfx,80_cc0_rpg_sfx_0,root,assetdirectory/audio/sfx_ogapacks/source/80_cc0_rpg_sfx_0/stones_02.ogg,assetdirectory/audio/normalized/sfx/80_cc0_rpg_sfx_0/sfx_80_cc0_rpg_sfx_0_stones_02.ogg,ogg,normalized
sfx_80_cc0_rpg_sfx_0_stones_03,sfx,80_cc0_rpg_sfx_0,root,assetdirectory/audio/sfx_ogapacks/source/80_cc0_rpg_sfx_0/stones_03.ogg,assetdirectory/audio/normalized/sfx/80_cc0_rpg_sfx_0/sfx_80_cc0_rpg_sfx_0_stones_03.ogg,ogg,normalized
sfx_80_cc0_rpg_sfx_0_stones_04,sfx,80_cc0_rpg_sfx_0,root,assetdirectory/audio/sfx_ogapacks/source/80_cc0_rpg_sfx_0/stones_04.ogg,assetdirectory/audio/normalized/sfx/80_cc0_rpg_sfx_0/sfx_80_cc0_rpg_sfx_0_stones_04.ogg,ogg,normalized
sfx_80_cc0_rpg_sfx_0_wood_01,sfx,80_cc0_rpg_sfx_0,root,assetdirectory/audio/sfx_ogapacks/source/80_cc0_rpg_sfx_0/wood_01.ogg,assetdirectory/audio/normalized/sfx/80_cc0_rpg_sfx_0/sfx_80_cc0_rpg_sfx_0_wood_01.ogg,ogg,normalized
sfx_80_cc0_rpg_sfx_0_wood_02,sfx,80_cc0_rpg_sfx_0,root,assetdirectory/audio/sfx_ogapacks/source/80_cc0_rpg_sfx_0/wood_02.ogg,assetdirectory/audio/normalized/sfx/80_cc0_rpg_sfx_0/sfx_80_cc0_rpg_sfx_0_wood_02.ogg,ogg,normalized
sfx_80_cc0_rpg_sfx_0_wood_03,sfx,80_cc0_rpg_sfx_0,root,assetdirectory/audio/sfx_ogapacks/source/80_cc0_rpg_sfx_0/wood_03.ogg,assetdirectory/audio/normalized/sfx/80_cc0_rpg_sfx_0/sfx_80_cc0_rpg_sfx_0_wood_03.ogg,ogg,normalized
sfx_80_cc0_rpg_sfx_0_wood_04,sfx,80_cc0_rpg_sfx_0,root,assetdirectory/audio/sfx_ogapacks/source/80_cc0_rpg_sfx_0/wood_04.ogg,assetdirectory/audio/normalized/sfx/80_cc0_rpg_sfx_0/sfx_80_cc0_rpg_sfx_0_wood_04.ogg,ogg,normalized
sfx_80_cc0_rpg_sfx_0_wood_05,sfx,80_cc0_rpg_sfx_0,root,assetdirectory/audio/sfx_ogapacks/source/80_cc0_rpg_sfx_0/wood_05.ogg,assetdirectory/audio/normalized/sfx/80_cc0_rpg_sfx_0/sfx_80_cc0_rpg_sfx_0_wood_05.ogg,ogg,normalized
sfx_bookflip_sfx_bookflip1,sfx,bookflip_sfx,root,assetdirectory/audio/sfx_ogapacks/source/bookflip_sfx/BookFlip1.wav,assetdirectory/audio/normalized/sfx/bookflip_sfx/sfx_bookflip_sfx_bookflip1.wav,wav,normalized
sfx_bookflip_sfx_bookflip10,sfx,bookflip_sfx,root,assetdirectory/audio/sfx_ogapacks/source/bookflip_sfx/BookFlip10.wav,assetdirectory/audio/normalized/sfx/bookflip_sfx/sfx_bookflip_sfx_bookflip10.wav,wav,normalized
sfx_bookflip_sfx_bookflip11,sfx,bookflip_sfx,root,assetdirectory/audio/sfx_ogapacks/source/bookflip_sfx/BookFlip11.wav,assetdirectory/audio/normalized/sfx/bookflip_sfx/sfx_bookflip_sfx_bookflip11.wav,wav,normalized
sfx_bookflip_sfx_bookflip12,sfx,bookflip_sfx,root,assetdirectory/audio/sfx_ogapacks/source/bookflip_sfx/BookFlip12.wav,assetdirectory/audio/normalized/sfx/bookflip_sfx/sfx_bookflip_sfx_bookflip12.wav,wav,normalized
sfx_bookflip_sfx_bookflip13,sfx,bookflip_sfx,root,assetdirectory/audio/sfx_ogapacks/source/bookflip_sfx/BookFlip13.wav,assetdirectory/audio/normalized/sfx/bookflip_sfx/sfx_bookflip_sfx_bookflip13.wav,wav,normalized
sfx_bookflip_sfx_bookflip2,sfx,bookflip_sfx,root,assetdirectory/audio/sfx_ogapacks/source/bookflip_sfx/BookFlip2.wav,assetdirectory/audio/normalized/sfx/bookflip_sfx/sfx_bookflip_sfx_bookflip2.wav,wav,normalized
sfx_bookflip_sfx_bookflip3,sfx,bookflip_sfx,root,assetdirectory/audio/sfx_ogapacks/source/bookflip_sfx/BookFlip3.wav,assetdirectory/audio/normalized/sfx/bookflip_sfx/sfx_bookflip_sfx_bookflip3.wav,wav,normalized
sfx_bookflip_sfx_bookflip4,sfx,bookflip_sfx,root,assetdirectory/audio/sfx_ogapacks/source/bookflip_sfx/BookFlip4.wav,assetdirectory/audio/normalized/sfx/bookflip_sfx/sfx_bookflip_sfx_bookflip4.wav,wav,normalized
sfx_bookflip_sfx_bookflip5,sfx,bookflip_sfx,root,assetdirectory/audio/sfx_ogapacks/source/bookflip_sfx/BookFlip5.wav,assetdirectory/audio/normalized/sfx/bookflip_sfx/sfx_bookflip_sfx_bookflip5.wav,wav,normalized
sfx_bookflip_sfx_bookflip6,sfx,bookflip_sfx,root,assetdirectory/audio/sfx_ogapacks/source/bookflip_sfx/BookFlip6.wav,assetdirectory/audio/normalized/sfx/bookflip_sfx/sfx_bookflip_sfx_bookflip6.wav,wav,normalized
sfx_bookflip_sfx_bookflip7,sfx,bookflip_sfx,root,assetdirectory/audio/sfx_ogapacks/source/bookflip_sfx/BookFlip7.wav,assetdirectory/audio/normalized/sfx/bookflip_sfx/sfx_bookflip_sfx_bookflip7.wav,wav,normalized
sfx_bookflip_sfx_bookflip8,sfx,bookflip_sfx,root,assetdirectory/audio/sfx_ogapacks/source/bookflip_sfx/BookFlip8.wav,assetdirectory/audio/normalized/sfx/bookflip_sfx/sfx_bookflip_sfx_bookflip8.wav,wav,normalized
sfx_bookflip_sfx_bookflip9,sfx,bookflip_sfx,root,assetdirectory/audio/sfx_ogapacks/source/bookflip_sfx/BookFlip9.wav,assetdirectory/audio/normalized/sfx/bookflip_sfx/sfx_bookflip_sfx_bookflip9.wav,wav,normalized
sfx_rpg_sound_pack_rpg_sound_pack_npc_beetle_bite_small,sfx,rpg_sound_pack,RPG Sound Pack/NPC/beetle,assetdirectory/audio/sfx_ogapacks/source/rpg_sound_pack/RPG Sound Pack/NPC/beetle/bite-small.wav,assetdirectory/audio/normalized/sfx/rpg_sound_pack/rpg_sound_pack_npc_beetle/sfx_rpg_sound_pack_rpg_sound_pack_npc_beetle_bite_small.wav,wav,normalized
sfx_rpg_sound_pack_rpg_sound_pack_npc_beetle_bite_small2,sfx,rpg_sound_pack,RPG Sound Pack/NPC/beetle,assetdirectory/audio/sfx_ogapacks/source/rpg_sound_pack/RPG Sound Pack/NPC/beetle/bite-small2.wav,assetdirectory/audio/normalized/sfx/rpg_sound_pack/rpg_sound_pack_npc_beetle/sfx_rpg_sound_pack_rpg_sound_pack_npc_beetle_bite_small2.wav,wav,normalized
sfx_rpg_sound_pack_rpg_sound_pack_npc_beetle_bite_small3,sfx,rpg_sound_pack,RPG Sound Pack/NPC/beetle,assetdirectory/audio/sfx_ogapacks/source/rpg_sound_pack/RPG Sound Pack/NPC/beetle/bite-small3.wav,assetdirectory/audio/normalized/sfx/rpg_sound_pack/rpg_sound_pack_npc_beetle/sfx_rpg_sound_pack_rpg_sound_pack_npc_beetle_bite_small3.wav,wav,normalized
sfx_rpg_sound_pack_rpg_sound_pack_npc_giant_giant1,sfx,rpg_sound_pack,RPG Sound Pack/NPC/giant,assetdirectory/audio/sfx_ogapacks/source/rpg_sound_pack/RPG Sound Pack/NPC/giant/giant1.wav,assetdirectory/audio/normalized/sfx/rpg_sound_pack/rpg_sound_pack_npc_giant/sfx_rpg_sound_pack_rpg_sound_pack_npc_giant_giant1.wav,wav,normalized
sfx_rpg_sound_pack_rpg_sound_pack_npc_giant_giant2,sfx,rpg_sound_pack,RPG Sound Pack/NPC/giant,assetdirectory/audio/sfx_ogapacks/source/rpg_sound_pack/RPG Sound Pack/NPC/giant/giant2.wav,assetdirectory/audio/normalized/sfx/rpg_sound_pack/rpg_sound_pack_npc_giant/sfx_rpg_sound_pack_rpg_sound_pack_npc_giant_giant2.wav,wav,normalized
sfx_rpg_sound_pack_rpg_sound_pack_npc_giant_giant3,sfx,rpg_sound_pack,RPG Sound Pack/NPC/giant,assetdirectory/audio/sfx_ogapacks/source/rpg_sound_pack/RPG Sound Pack/NPC/giant/giant3.wav,assetdirectory/audio/normalized/sfx/rpg_sound_pack/rpg_sound_pack_npc_giant/sfx_rpg_sound_pack_rpg_sound_pack_npc_giant_giant3.wav,wav,normalized
sfx_rpg_sound_pack_rpg_sound_pack_npc_giant_giant4,sfx,rpg_sound_pack,RPG Sound Pack/NPC/giant,assetdirectory/audio/sfx_ogapacks/source/rpg_sound_pack/RPG Sound Pack/NPC/giant/giant4.wav,assetdirectory/audio/normalized/sfx/rpg_sound_pack/rpg_sound_pack_npc_giant/sfx_rpg_sound_pack_rpg_sound_pack_npc_giant_giant4.wav,wav,normalized
sfx_rpg_sound_pack_rpg_sound_pack_npc_giant_giant5,sfx,rpg_sound_pack,RPG Sound Pack/NPC/giant,assetdirectory/audio/sfx_ogapacks/source/rpg_sound_pack/RPG Sound Pack/NPC/giant/giant5.wav,assetdirectory/audio/normalized/sfx/rpg_sound_pack/rpg_sound_pack_npc_giant/sfx_rpg_sound_pack_rpg_sound_pack_npc_giant_giant5.wav,wav,normalized
sfx_rpg_sound_pack_rpg_sound_pack_npc_gutteral_beast_mnstr1,sfx,rpg_sound_pack,RPG Sound Pack/NPC/gutteral beast,assetdirectory/audio/sfx_ogapacks/source/rpg_sound_pack/RPG Sound Pack/NPC/gutteral beast/mnstr1.wav,assetdirectory/audio/normalized/sfx/rpg_sound_pack/rpg_sound_pack_npc_gutteral_beast/sfx_rpg_sound_pack_rpg_sound_pack_npc_gutteral_beast_mnstr1.wav,wav,normalized
sfx_rpg_sound_pack_rpg_sound_pack_npc_gutteral_beast_mnstr10,sfx,rpg_sound_pack,RPG Sound Pack/NPC/gutteral beast,assetdirectory/audio/sfx_ogapacks/source/rpg_sound_pack/RPG Sound Pack/NPC/gutteral beast/mnstr10.wav,assetdirectory/audio/normalized/sfx/rpg_sound_pack/rpg_sound_pack_npc_gutteral_beast/sfx_rpg_sound_pack_rpg_sound_pack_npc_gutteral_beast_mnstr10.wav,wav,normalized
sfx_rpg_sound_pack_rpg_sound_pack_npc_gutteral_beast_mnstr11,sfx,rpg_sound_pack,RPG Sound Pack/NPC/gutteral beast,assetdirectory/audio/sfx_ogapacks/source/rpg_sound_pack/RPG Sound Pack/NPC/gutteral beast/mnstr11.wav,assetdirectory/audio/normalized/sfx/rpg_sound_pack/rpg_sound_pack_npc_gutteral_beast/sfx_rpg_sound_pack_rpg_sound_pack_npc_gutteral_beast_mnstr11.wav,wav,normalized
sfx_rpg_sound_pack_rpg_sound_pack_npc_gutteral_beast_mnstr12,sfx,rpg_sound_pack,RPG Sound Pack/NPC/gutteral beast,assetdirectory/audio/sfx_ogapacks/source/rpg_sound_pack/RPG Sound Pack/NPC/gutteral beast/mnstr12.wav,assetdirectory/audio/normalized/sfx/rpg_sound_pack/rpg_sound_pack_npc_gutteral_beast/sfx_rpg_sound_pack_rpg_sound_pack_npc_gutteral_beast_mnstr12.wav,wav,normalized
sfx_rpg_sound_pack_rpg_sound_pack_npc_gutteral_beast_mnstr13,sfx,rpg_sound_pack,RPG Sound Pack/NPC/gutteral beast,assetdirectory/audio/sfx_ogapacks/source/rpg_sound_pack/RPG Sound Pack/NPC/gutteral beast/mnstr13.wav,assetdirectory/audio/normalized/sfx/rpg_sound_pack/rpg_sound_pack_npc_gutteral_beast/sfx_rpg_sound_pack_rpg_sound_pack_npc_gutteral_beast_mnstr13.wav,wav,normalized
sfx_rpg_sound_pack_rpg_sound_pack_npc_gutteral_beast_mnstr14,sfx,rpg_sound_pack,RPG Sound Pack/NPC/gutteral beast,assetdirectory/audio/sfx_ogapacks/source/rpg_sound_pack/RPG Sound Pack/NPC/gutteral beast/mnstr14.wav,assetdirectory/audio/normalized/sfx/rpg_sound_pack/rpg_sound_pack_npc_gutteral_beast/sfx_rpg_sound_pack_rpg_sound_pack_npc_gutteral_beast_mnstr14.wav,wav,normalized
sfx_rpg_sound_pack_rpg_sound_pack_npc_gutteral_beast_mnstr15,sfx,rpg_sound_pack,RPG Sound Pack/NPC/gutteral beast,assetdirectory/audio/sfx_ogapacks/source/rpg_sound_pack/RPG Sound Pack/NPC/gutteral beast/mnstr15.wav,assetdirectory/audio/normalized/sfx/rpg_sound_pack/rpg_sound_pack_npc_gutteral_beast/sfx_rpg_sound_pack_rpg_sound_pack_npc_gutteral_beast_mnstr15.wav,wav,normalized
sfx_rpg_sound_pack_rpg_sound_pack_npc_gutteral_beast_mnstr2,sfx,rpg_sound_pack,RPG Sound Pack/NPC/gutteral beast,assetdirectory/audio/sfx_ogapacks/source/rpg_sound_pack/RPG Sound Pack/NPC/gutteral beast/mnstr2.wav,assetdirectory/audio/normalized/sfx/rpg_sound_pack/rpg_sound_pack_npc_gutteral_beast/sfx_rpg_sound_pack_rpg_sound_pack_npc_gutteral_beast_mnstr2.wav,wav,normalized
sfx_rpg_sound_pack_rpg_sound_pack_npc_gutteral_beast_mnstr3,sfx,rpg_sound_pack,RPG Sound Pack/NPC/gutteral beast,assetdirectory/audio/sfx_ogapacks/source/rpg_sound_pack/RPG Sound Pack/NPC/gutteral beast/mnstr3.wav,assetdirectory/audio/normalized/sfx/rpg_sound_pack/rpg_sound_pack_npc_gutteral_beast/sfx_rpg_sound_pack_rpg_sound_pack_npc_gutteral_beast_mnstr3.wav,wav,normalized
sfx_rpg_sound_pack_rpg_sound_pack_npc_gutteral_beast_mnstr4,sfx,rpg_sound_pack,RPG Sound Pack/NPC/gutteral beast,assetdirectory/audio/sfx_ogapacks/source/rpg_sound_pack/RPG Sound Pack/NPC/gutteral beast/mnstr4.wav,assetdirectory/audio/normalized/sfx/rpg_sound_pack/rpg_sound_pack_npc_gutteral_beast/sfx_rpg_sound_pack_rpg_sound_pack_npc_gutteral_beast_mnstr4.wav,wav,normalized
sfx_rpg_sound_pack_rpg_sound_pack_npc_gutteral_beast_mnstr5,sfx,rpg_sound_pack,RPG Sound Pack/NPC/gutteral beast,assetdirectory/audio/sfx_ogapacks/source/rpg_sound_pack/RPG Sound Pack/NPC/gutteral beast/mnstr5.wav,assetdirectory/audio/normalized/sfx/rpg_sound_pack/rpg_sound_pack_npc_gutteral_beast/sfx_rpg_sound_pack_rpg_sound_pack_npc_gutteral_beast_mnstr5.wav,wav,normalized
sfx_rpg_sound_pack_rpg_sound_pack_npc_gutteral_beast_mnstr6,sfx,rpg_sound_pack,RPG Sound Pack/NPC/gutteral beast,assetdirectory/audio/sfx_ogapacks/source/rpg_sound_pack/RPG Sound Pack/NPC/gutteral beast/mnstr6.wav,assetdirectory/audio/normalized/sfx/rpg_sound_pack/rpg_sound_pack_npc_gutteral_beast/sfx_rpg_sound_pack_rpg_sound_pack_npc_gutteral_beast_mnstr6.wav,wav,normalized
sfx_rpg_sound_pack_rpg_sound_pack_npc_gutteral_beast_mnstr7,sfx,rpg_sound_pack,RPG Sound Pack/NPC/gutteral beast,assetdirectory/audio/sfx_ogapacks/source/rpg_sound_pack/RPG Sound Pack/NPC/gutteral beast/mnstr7.wav,assetdirectory/audio/normalized/sfx/rpg_sound_pack/rpg_sound_pack_npc_gutteral_beast/sfx_rpg_sound_pack_rpg_sound_pack_npc_gutteral_beast_mnstr7.wav,wav,normalized
sfx_rpg_sound_pack_rpg_sound_pack_npc_gutteral_beast_mnstr8,sfx,rpg_sound_pack,RPG Sound Pack/NPC/gutteral beast,assetdirectory/audio/sfx_ogapacks/source/rpg_sound_pack/RPG Sound Pack/NPC/gutteral beast/mnstr8.wav,assetdirectory/audio/normalized/sfx/rpg_sound_pack/rpg_sound_pack_npc_gutteral_beast/sfx_rpg_sound_pack_rpg_sound_pack_npc_gutteral_beast_mnstr8.wav,wav,normalized
sfx_rpg_sound_pack_rpg_sound_pack_npc_gutteral_beast_mnstr9,sfx,rpg_sound_pack,RPG Sound Pack/NPC/gutteral beast,assetdirectory/audio/sfx_ogapacks/source/rpg_sound_pack/RPG Sound Pack/NPC/gutteral beast/mnstr9.wav,assetdirectory/audio/normalized/sfx/rpg_sound_pack/rpg_sound_pack_npc_gutteral_beast/sfx_rpg_sound_pack_rpg_sound_pack_npc_gutteral_beast_mnstr9.wav,wav,normalized
sfx_rpg_sound_pack_rpg_sound_pack_npc_misc_wolfman,sfx,rpg_sound_pack,RPG Sound Pack/NPC/misc,assetdirectory/audio/sfx_ogapacks/source/rpg_sound_pack/RPG Sound Pack/NPC/misc/wolfman.wav,assetdirectory/audio/normalized/sfx/rpg_sound_pack/rpg_sound_pack_npc_misc/sfx_rpg_sound_pack_rpg_sound_pack_npc_misc_wolfman.wav,wav,normalized
sfx_rpg_sound_pack_rpg_sound_pack_npc_ogre_ogre1,sfx,rpg_sound_pack,RPG Sound Pack/NPC/ogre,assetdirectory/audio/sfx_ogapacks/source/rpg_sound_pack/RPG Sound Pack/NPC/ogre/ogre1.wav,assetdirectory/audio/normalized/sfx/rpg_sound_pack/rpg_sound_pack_npc_ogre/sfx_rpg_sound_pack_rpg_sound_pack_npc_ogre_ogre1.wav,wav,normalized
sfx_rpg_sound_pack_rpg_sound_pack_npc_ogre_ogre2,sfx,rpg_sound_pack,RPG Sound Pack/NPC/ogre,assetdirectory/audio/sfx_ogapacks/source/rpg_sound_pack/RPG Sound Pack/NPC/ogre/ogre2.wav,assetdirectory/audio/normalized/sfx/rpg_sound_pack/rpg_sound_pack_npc_ogre/sfx_rpg_sound_pack_rpg_sound_pack_npc_ogre_ogre2.wav,wav,normalized
sfx_rpg_sound_pack_rpg_sound_pack_npc_ogre_ogre3,sfx,rpg_sound_pack,RPG Sound Pack/NPC/ogre,assetdirectory/audio/sfx_ogapacks/source/rpg_sound_pack/RPG Sound Pack/NPC/ogre/ogre3.wav,assetdirectory/audio/normalized/sfx/rpg_sound_pack/rpg_sound_pack_npc_ogre/sfx_rpg_sound_pack_rpg_sound_pack_npc_ogre_ogre3.wav,wav,normalized
sfx_rpg_sound_pack_rpg_sound_pack_npc_ogre_ogre4,sfx,rpg_sound_pack,RPG Sound Pack/NPC/ogre,assetdirectory/audio/sfx_ogapacks/source/rpg_sound_pack/RPG Sound Pack/NPC/ogre/ogre4.wav,assetdirectory/audio/normalized/sfx/rpg_sound_pack/rpg_sound_pack_npc_ogre/sfx_rpg_sound_pack_rpg_sound_pack_npc_ogre_ogre4.wav,wav,normalized
sfx_rpg_sound_pack_rpg_sound_pack_npc_ogre_ogre5,sfx,rpg_sound_pack,RPG Sound Pack/NPC/ogre,assetdirectory/audio/sfx_ogapacks/source/rpg_sound_pack/RPG Sound Pack/NPC/ogre/ogre5.wav,assetdirectory/audio/normalized/sfx/rpg_sound_pack/rpg_sound_pack_npc_ogre/sfx_rpg_sound_pack_rpg_sound_pack_npc_ogre_ogre5.wav,wav,normalized
sfx_rpg_sound_pack_rpg_sound_pack_npc_shade_shade1,sfx,rpg_sound_pack,RPG Sound Pack/NPC/shade,assetdirectory/audio/sfx_ogapacks/source/rpg_sound_pack/RPG Sound Pack/NPC/shade/shade1.wav,assetdirectory/audio/normalized/sfx/rpg_sound_pack/rpg_sound_pack_npc_shade/sfx_rpg_sound_pack_rpg_sound_pack_npc_shade_shade1.wav,wav,normalized
sfx_rpg_sound_pack_rpg_sound_pack_npc_shade_shade10,sfx,rpg_sound_pack,RPG Sound Pack/NPC/shade,assetdirectory/audio/sfx_ogapacks/source/rpg_sound_pack/RPG Sound Pack/NPC/shade/shade10.wav,assetdirectory/audio/normalized/sfx/rpg_sound_pack/rpg_sound_pack_npc_shade/sfx_rpg_sound_pack_rpg_sound_pack_npc_shade_shade10.wav,wav,normalized
sfx_rpg_sound_pack_rpg_sound_pack_npc_shade_shade11,sfx,rpg_sound_pack,RPG Sound Pack/NPC/shade,assetdirectory/audio/sfx_ogapacks/source/rpg_sound_pack/RPG Sound Pack/NPC/shade/shade11.wav,assetdirectory/audio/normalized/sfx/rpg_sound_pack/rpg_sound_pack_npc_shade/sfx_rpg_sound_pack_rpg_sound_pack_npc_shade_shade11.wav,wav,normalized
sfx_rpg_sound_pack_rpg_sound_pack_npc_shade_shade12,sfx,rpg_sound_pack,RPG Sound Pack/NPC/shade,assetdirectory/audio/sfx_ogapacks/source/rpg_sound_pack/RPG Sound Pack/NPC/shade/shade12.wav,assetdirectory/audio/normalized/sfx/rpg_sound_pack/rpg_sound_pack_npc_shade/sfx_rpg_sound_pack_rpg_sound_pack_npc_shade_shade12.wav,wav,normalized
sfx_rpg_sound_pack_rpg_sound_pack_npc_shade_shade13,sfx,rpg_sound_pack,RPG Sound Pack/NPC/shade,assetdirectory/audio/sfx_ogapacks/source/rpg_sound_pack/RPG Sound Pack/NPC/shade/shade13.wav,assetdirectory/audio/normalized/sfx/rpg_sound_pack/rpg_sound_pack_npc_shade/sfx_rpg_sound_pack_rpg_sound_pack_npc_shade_shade13.wav,wav,normalized
sfx_rpg_sound_pack_rpg_sound_pack_npc_shade_shade14,sfx,rpg_sound_pack,RPG Sound Pack/NPC/shade,assetdirectory/audio/sfx_ogapacks/source/rpg_sound_pack/RPG Sound Pack/NPC/shade/shade14.wav,assetdirectory/audio/normalized/sfx/rpg_sound_pack/rpg_sound_pack_npc_shade/sfx_rpg_sound_pack_rpg_sound_pack_npc_shade_shade14.wav,wav,normalized
sfx_rpg_sound_pack_rpg_sound_pack_npc_shade_shade15,sfx,rpg_sound_pack,RPG Sound Pack/NPC/shade,assetdirectory/audio/sfx_ogapacks/source/rpg_sound_pack/RPG Sound Pack/NPC/shade/shade15.wav,assetdirectory/audio/normalized/sfx/rpg_sound_pack/rpg_sound_pack_npc_shade/sfx_rpg_sound_pack_rpg_sound_pack_npc_shade_shade15.wav,wav,normalized
sfx_rpg_sound_pack_rpg_sound_pack_npc_shade_shade2,sfx,rpg_sound_pack,RPG Sound Pack/NPC/shade,assetdirectory/audio/sfx_ogapacks/source/rpg_sound_pack/RPG Sound Pack/NPC/shade/shade2.wav,assetdirectory/audio/normalized/sfx/rpg_sound_pack/rpg_sound_pack_npc_shade/sfx_rpg_sound_pack_rpg_sound_pack_npc_shade_shade2.wav,wav,normalized
sfx_rpg_sound_pack_rpg_sound_pack_npc_shade_shade3,sfx,rpg_sound_pack,RPG Sound Pack/NPC/shade,assetdirectory/audio/sfx_ogapacks/source/rpg_sound_pack/RPG Sound Pack/NPC/shade/shade3.wav,assetdirectory/audio/normalized/sfx/rpg_sound_pack/rpg_sound_pack_npc_shade/sfx_rpg_sound_pack_rpg_sound_pack_npc_shade_shade3.wav,wav,normalized
sfx_rpg_sound_pack_rpg_sound_pack_npc_shade_shade4,sfx,rpg_sound_pack,RPG Sound Pack/NPC/shade,assetdirectory/audio/sfx_ogapacks/source/rpg_sound_pack/RPG Sound Pack/NPC/shade/shade4.wav,assetdirectory/audio/normalized/sfx/rpg_sound_pack/rpg_sound_pack_npc_shade/sfx_rpg_sound_pack_rpg_sound_pack_npc_shade_shade4.wav,wav,normalized
sfx_rpg_sound_pack_rpg_sound_pack_npc_shade_shade5,sfx,rpg_sound_pack,RPG Sound Pack/NPC/shade,assetdirectory/audio/sfx_ogapacks/source/rpg_sound_pack/RPG Sound Pack/NPC/shade/shade5.wav,assetdirectory/audio/normalized/sfx/rpg_sound_pack/rpg_sound_pack_npc_shade/sfx_rpg_sound_pack_rpg_sound_pack_npc_shade_shade5.wav,wav,normalized
sfx_rpg_sound_pack_rpg_sound_pack_npc_shade_shade6,sfx,rpg_sound_pack,RPG Sound Pack/NPC/shade,assetdirectory/audio/sfx_ogapacks/source/rpg_sound_pack/RPG Sound Pack/NPC/shade/shade6.wav,assetdirectory/audio/normalized/sfx/rpg_sound_pack/rpg_sound_pack_npc_shade/sfx_rpg_sound_pack_rpg_sound_pack_npc_shade_shade6.wav,wav,normalized
sfx_rpg_sound_pack_rpg_sound_pack_npc_shade_shade7,sfx,rpg_sound_pack,RPG Sound Pack/NPC/shade,assetdirectory/audio/sfx_ogapacks/source/rpg_sound_pack/RPG Sound Pack/NPC/shade/shade7.wav,assetdirectory/audio/normalized/sfx/rpg_sound_pack/rpg_sound_pack_npc_shade/sfx_rpg_sound_pack_rpg_sound_pack_npc_shade_shade7.wav,wav,normalized
sfx_rpg_sound_pack_rpg_sound_pack_npc_shade_shade8,sfx,rpg_sound_pack,RPG Sound Pack/NPC/shade,assetdirectory/audio/sfx_ogapacks/source/rpg_sound_pack/RPG Sound Pack/NPC/shade/shade8.wav,assetdirectory/audio/normalized/sfx/rpg_sound_pack/rpg_sound_pack_npc_shade/sfx_rpg_sound_pack_rpg_sound_pack_npc_shade_shade8.wav,wav,normalized
sfx_rpg_sound_pack_rpg_sound_pack_npc_shade_shade9,sfx,rpg_sound_pack,RPG Sound Pack/NPC/shade,assetdirectory/audio/sfx_ogapacks/source/rpg_sound_pack/RPG Sound Pack/NPC/shade/shade9.wav,assetdirectory/audio/normalized/sfx/rpg_sound_pack/rpg_sound_pack_npc_shade/sfx_rpg_sound_pack_rpg_sound_pack_npc_shade_shade9.wav,wav,normalized
sfx_rpg_sound_pack_rpg_sound_pack_npc_slime_slime1,sfx,rpg_sound_pack,RPG Sound Pack/NPC/slime,assetdirectory/audio/sfx_ogapacks/source/rpg_sound_pack/RPG Sound Pack/NPC/slime/slime1.wav,assetdirectory/audio/normalized/sfx/rpg_sound_pack/rpg_sound_pack_npc_slime/sfx_rpg_sound_pack_rpg_sound_pack_npc_slime_slime1.wav,wav,normalized
sfx_rpg_sound_pack_rpg_sound_pack_npc_slime_slime10,sfx,rpg_sound_pack,RPG Sound Pack/NPC/slime,assetdirectory/audio/sfx_ogapacks/source/rpg_sound_pack/RPG Sound Pack/NPC/slime/slime10.wav,assetdirectory/audio/normalized/sfx/rpg_sound_pack/rpg_sound_pack_npc_slime/sfx_rpg_sound_pack_rpg_sound_pack_npc_slime_slime10.wav,wav,normalized
sfx_rpg_sound_pack_rpg_sound_pack_npc_slime_slime2,sfx,rpg_sound_pack,RPG Sound Pack/NPC/slime,assetdirectory/audio/sfx_ogapacks/source/rpg_sound_pack/RPG Sound Pack/NPC/slime/slime2.wav,assetdirectory/audio/normalized/sfx/rpg_sound_pack/rpg_sound_pack_npc_slime/sfx_rpg_sound_pack_rpg_sound_pack_npc_slime_slime2.wav,wav,normalized
sfx_rpg_sound_pack_rpg_sound_pack_npc_slime_slime3,sfx,rpg_sound_pack,RPG Sound Pack/NPC/slime,assetdirectory/audio/sfx_ogapacks/source/rpg_sound_pack/RPG Sound Pack/NPC/slime/slime3.wav,assetdirectory/audio/normalized/sfx/rpg_sound_pack/rpg_sound_pack_npc_slime/sfx_rpg_sound_pack_rpg_sound_pack_npc_slime_slime3.wav,wav,normalized
sfx_rpg_sound_pack_rpg_sound_pack_npc_slime_slime4,sfx,rpg_sound_pack,RPG Sound Pack/NPC/slime,assetdirectory/audio/sfx_ogapacks/source/rpg_sound_pack/RPG Sound Pack/NPC/slime/slime4.wav,assetdirectory/audio/normalized/sfx/rpg_sound_pack/rpg_sound_pack_npc_slime/sfx_rpg_sound_pack_rpg_sound_pack_npc_slime_slime4.wav,wav,normalized
sfx_rpg_sound_pack_rpg_sound_pack_npc_slime_slime5,sfx,rpg_sound_pack,RPG Sound Pack/NPC/slime,assetdirectory/audio/sfx_ogapacks/source/rpg_sound_pack/RPG Sound Pack/NPC/slime/slime5.wav,assetdirectory/audio/normalized/sfx/rpg_sound_pack/rpg_sound_pack_npc_slime/sfx_rpg_sound_pack_rpg_sound_pack_npc_slime_slime5.wav,wav,normalized
sfx_rpg_sound_pack_rpg_sound_pack_npc_slime_slime6,sfx,rpg_sound_pack,RPG Sound Pack/NPC/slime,assetdirectory/audio/sfx_ogapacks/source/rpg_sound_pack/RPG Sound Pack/NPC/slime/slime6.wav,assetdirectory/audio/normalized/sfx/rpg_sound_pack/rpg_sound_pack_npc_slime/sfx_rpg_sound_pack_rpg_sound_pack_npc_slime_slime6.wav,wav,normalized
sfx_rpg_sound_pack_rpg_sound_pack_npc_slime_slime7,sfx,rpg_sound_pack,RPG Sound Pack/NPC/slime,assetdirectory/audio/sfx_ogapacks/source/rpg_sound_pack/RPG Sound Pack/NPC/slime/slime7.wav,assetdirectory/audio/normalized/sfx/rpg_sound_pack/rpg_sound_pack_npc_slime/sfx_rpg_sound_pack_rpg_sound_pack_npc_slime_slime7.wav,wav,normalized
sfx_rpg_sound_pack_rpg_sound_pack_npc_slime_slime8,sfx,rpg_sound_pack,RPG Sound Pack/NPC/slime,assetdirectory/audio/sfx_ogapacks/source/rpg_sound_pack/RPG Sound Pack/NPC/slime/slime8.wav,assetdirectory/audio/normalized/sfx/rpg_sound_pack/rpg_sound_pack_npc_slime/sfx_rpg_sound_pack_rpg_sound_pack_npc_slime_slime8.wav,wav,normalized
sfx_rpg_sound_pack_rpg_sound_pack_npc_slime_slime9,sfx,rpg_sound_pack,RPG Sound Pack/NPC/slime,assetdirectory/audio/sfx_ogapacks/source/rpg_sound_pack/RPG Sound Pack/NPC/slime/slime9.wav,assetdirectory/audio/normalized/sfx/rpg_sound_pack/rpg_sound_pack_npc_slime/sfx_rpg_sound_pack_rpg_sound_pack_npc_slime_slime9.wav,wav,normalized
sfx_rpg_sound_pack_rpg_sound_pack_battle_magic1,sfx,rpg_sound_pack,RPG Sound Pack/battle,assetdirectory/audio/sfx_ogapacks/source/rpg_sound_pack/RPG Sound Pack/battle/magic1.wav,assetdirectory/audio/normalized/sfx/rpg_sound_pack/rpg_sound_pack_battle/sfx_rpg_sound_pack_rpg_sound_pack_battle_magic1.wav,wav,normalized
sfx_rpg_sound_pack_rpg_sound_pack_battle_spell,sfx,rpg_sound_pack,RPG Sound Pack/battle,assetdirectory/audio/sfx_ogapacks/source/rpg_sound_pack/RPG Sound Pack/battle/spell.wav,assetdirectory/audio/normalized/sfx/rpg_sound_pack/rpg_sound_pack_battle/sfx_rpg_sound_pack_rpg_sound_pack_battle_spell.wav,wav,normalized
sfx_rpg_sound_pack_rpg_sound_pack_battle_swing,sfx,rpg_sound_pack,RPG Sound Pack/battle,assetdirectory/audio/sfx_ogapacks/source/rpg_sound_pack/RPG Sound Pack/battle/swing.wav,assetdirectory/audio/normalized/sfx/rpg_sound_pack/rpg_sound_pack_battle/sfx_rpg_sound_pack_rpg_sound_pack_battle_swing.wav,wav,normalized
sfx_rpg_sound_pack_rpg_sound_pack_battle_swing2,sfx,rpg_sound_pack,RPG Sound Pack/battle,assetdirectory/audio/sfx_ogapacks/source/rpg_sound_pack/RPG Sound Pack/battle/swing2.wav,assetdirectory/audio/normalized/sfx/rpg_sound_pack/rpg_sound_pack_battle/sfx_rpg_sound_pack_rpg_sound_pack_battle_swing2.wav,wav,normalized
sfx_rpg_sound_pack_rpg_sound_pack_battle_swing3,sfx,rpg_sound_pack,RPG Sound Pack/battle,assetdirectory/audio/sfx_ogapacks/source/rpg_sound_pack/RPG Sound Pack/battle/swing3.wav,assetdirectory/audio/normalized/sfx/rpg_sound_pack/rpg_sound_pack_battle/sfx_rpg_sound_pack_rpg_sound_pack_battle_swing3.wav,wav,normalized
sfx_rpg_sound_pack_rpg_sound_pack_battle_sword_unsheathe,sfx,rpg_sound_pack,RPG Sound Pack/battle,assetdirectory/audio/sfx_ogapacks/source/rpg_sound_pack/RPG Sound Pack/battle/sword-unsheathe.wav,assetdirectory/audio/normalized/sfx/rpg_sound_pack/rpg_sound_pack_battle/sfx_rpg_sound_pack_rpg_sound_pack_battle_sword_unsheathe.wav,wav,normalized
sfx_rpg_sound_pack_rpg_sound_pack_battle_sword_unsheathe2,sfx,rpg_sound_pack,RPG Sound Pack/battle,assetdirectory/audio/sfx_ogapacks/source/rpg_sound_pack/RPG Sound Pack/battle/sword-unsheathe2.wav,assetdirectory/audio/normalized/sfx/rpg_sound_pack/rpg_sound_pack_battle/sfx_rpg_sound_pack_rpg_sound_pack_battle_sword_unsheathe2.wav,wav,normalized
sfx_rpg_sound_pack_rpg_sound_pack_battle_sword_unsheathe3,sfx,rpg_sound_pack,RPG Sound Pack/battle,assetdirectory/audio/sfx_ogapacks/source/rpg_sound_pack/RPG Sound Pack/battle/sword-unsheathe3.wav,assetdirectory/audio/normalized/sfx/rpg_sound_pack/rpg_sound_pack_battle/sfx_rpg_sound_pack_rpg_sound_pack_battle_sword_unsheathe3.wav,wav,normalized
sfx_rpg_sound_pack_rpg_sound_pack_battle_sword_unsheathe4,sfx,rpg_sound_pack,RPG Sound Pack/battle,assetdirectory/audio/sfx_ogapacks/source/rpg_sound_pack/RPG Sound Pack/battle/sword-unsheathe4.wav,assetdirectory/audio/normalized/sfx/rpg_sound_pack/rpg_sound_pack_battle/sfx_rpg_sound_pack_rpg_sound_pack_battle_sword_unsheathe4.wav,wav,normalized
sfx_rpg_sound_pack_rpg_sound_pack_battle_sword_unsheathe5,sfx,rpg_sound_pack,RPG Sound Pack/battle,assetdirectory/audio/sfx_ogapacks/source/rpg_sound_pack/RPG Sound Pack/battle/sword-unsheathe5.wav,assetdirectory/audio/normalized/sfx/rpg_sound_pack/rpg_sound_pack_battle/sfx_rpg_sound_pack_rpg_sound_pack_battle_sword_unsheathe5.wav,wav,normalized
sfx_rpg_sound_pack_rpg_sound_pack_interface_interface1,sfx,rpg_sound_pack,RPG Sound Pack/interface,assetdirectory/audio/sfx_ogapacks/source/rpg_sound_pack/RPG Sound Pack/interface/interface1.wav,assetdirectory/audio/normalized/sfx/rpg_sound_pack/rpg_sound_pack_interface/sfx_rpg_sound_pack_rpg_sound_pack_interface_interface1.wav,wav,normalized
sfx_rpg_sound_pack_rpg_sound_pack_interface_interface2,sfx,rpg_sound_pack,RPG Sound Pack/interface,assetdirectory/audio/sfx_ogapacks/source/rpg_sound_pack/RPG Sound Pack/interface/interface2.wav,assetdirectory/audio/normalized/sfx/rpg_sound_pack/rpg_sound_pack_interface/sfx_rpg_sound_pack_rpg_sound_pack_interface_interface2.wav,wav,normalized
sfx_rpg_sound_pack_rpg_sound_pack_interface_interface3,sfx,rpg_sound_pack,RPG Sound Pack/interface,assetdirectory/audio/sfx_ogapacks/source/rpg_sound_pack/RPG Sound Pack/interface/interface3.wav,assetdirectory/audio/normalized/sfx/rpg_sound_pack/rpg_sound_pack_interface/sfx_rpg_sound_pack_rpg_sound_pack_interface_interface3.wav,wav,normalized
sfx_rpg_sound_pack_rpg_sound_pack_interface_interface4,sfx,rpg_sound_pack,RPG Sound Pack/interface,assetdirectory/audio/sfx_ogapacks/source/rpg_sound_pack/RPG Sound Pack/interface/interface4.wav,assetdirectory/audio/normalized/sfx/rpg_sound_pack/rpg_sound_pack_interface/sfx_rpg_sound_pack_rpg_sound_pack_interface_interface4.wav,wav,normalized
sfx_rpg_sound_pack_rpg_sound_pack_interface_interface5,sfx,rpg_sound_pack,RPG Sound Pack/interface,assetdirectory/audio/sfx_ogapacks/source/rpg_sound_pack/RPG Sound Pack/interface/interface5.wav,assetdirectory/audio/normalized/sfx/rpg_sound_pack/rpg_sound_pack_interface/sfx_rpg_sound_pack_rpg_sound_pack_interface_interface5.wav,wav,normalized
sfx_rpg_sound_pack_rpg_sound_pack_interface_interface6,sfx,rpg_sound_pack,RPG Sound Pack/interface,assetdirectory/audio/sfx_ogapacks/source/rpg_sound_pack/RPG Sound Pack/interface/interface6.wav,assetdirectory/audio/normalized/sfx/rpg_sound_pack/rpg_sound_pack_interface/sfx_rpg_sound_pack_rpg_sound_pack_interface_interface6.wav,wav,normalized
sfx_rpg_sound_pack_rpg_sound_pack_inventory_armor_light,sfx,rpg_sound_pack,RPG Sound Pack/inventory,assetdirectory/audio/sfx_ogapacks/source/rpg_sound_pack/RPG Sound Pack/inventory/armor-light.wav,assetdirectory/audio/normalized/sfx/rpg_sound_pack/rpg_sound_pack_inventory/sfx_rpg_sound_pack_rpg_sound_pack_inventory_armor_light.wav,wav,normalized
sfx_rpg_sound_pack_rpg_sound_pack_inventory_beads,sfx,rpg_sound_pack,RPG Sound Pack/inventory,assetdirectory/audio/sfx_ogapacks/source/rpg_sound_pack/RPG Sound Pack/inventory/beads.wav,assetdirectory/audio/normalized/sfx/rpg_sound_pack/rpg_sound_pack_inventory/sfx_rpg_sound_pack_rpg_sound_pack_inventory_beads.wav,wav,normalized
sfx_rpg_sound_pack_rpg_sound_pack_inventory_bottle,sfx,rpg_sound_pack,RPG Sound Pack/inventory,assetdirectory/audio/sfx_ogapacks/source/rpg_sound_pack/RPG Sound Pack/inventory/bottle.wav,assetdirectory/audio/normalized/sfx/rpg_sound_pack/rpg_sound_pack_inventory/sfx_rpg_sound_pack_rpg_sound_pack_inventory_bottle.wav,wav,normalized
sfx_rpg_sound_pack_rpg_sound_pack_inventory_bubble,sfx,rpg_sound_pack,RPG Sound Pack/inventory,assetdirectory/audio/sfx_ogapacks/source/rpg_sound_pack/RPG Sound Pack/inventory/bubble.wav,assetdirectory/audio/normalized/sfx/rpg_sound_pack/rpg_sound_pack_inventory/sfx_rpg_sound_pack_rpg_sound_pack_inventory_bubble.wav,wav,normalized
sfx_rpg_sound_pack_rpg_sound_pack_inventory_bubble2,sfx,rpg_sound_pack,RPG Sound Pack/inventory,assetdirectory/audio/sfx_ogapacks/source/rpg_sound_pack/RPG Sound Pack/inventory/bubble2.wav,assetdirectory/audio/normalized/sfx/rpg_sound_pack/rpg_sound_pack_inventory/sfx_rpg_sound_pack_rpg_sound_pack_inventory_bubble2.wav,wav,normalized
sfx_rpg_sound_pack_rpg_sound_pack_inventory_bubble3,sfx,rpg_sound_pack,RPG Sound Pack/inventory,assetdirectory/audio/sfx_ogapacks/source/rpg_sound_pack/RPG Sound Pack/inventory/bubble3.wav,assetdirectory/audio/normalized/sfx/rpg_sound_pack/rpg_sound_pack_inventory/sfx_rpg_sound_pack_rpg_sound_pack_inventory_bubble3.wav,wav,normalized
sfx_rpg_sound_pack_rpg_sound_pack_inventory_chainmail1,sfx,rpg_sound_pack,RPG Sound Pack/inventory,assetdirectory/audio/sfx_ogapacks/source/rpg_sound_pack/RPG Sound Pack/inventory/chainmail1.wav,assetdirectory/audio/normalized/sfx/rpg_sound_pack/rpg_sound_pack_inventory/sfx_rpg_sound_pack_rpg_sound_pack_inventory_chainmail1.wav,wav,normalized
sfx_rpg_sound_pack_rpg_sound_pack_inventory_chainmail2,sfx,rpg_sound_pack,RPG Sound Pack/inventory,assetdirectory/audio/sfx_ogapacks/source/rpg_sound_pack/RPG Sound Pack/inventory/chainmail2.wav,assetdirectory/audio/normalized/sfx/rpg_sound_pack/rpg_sound_pack_inventory/sfx_rpg_sound_pack_rpg_sound_pack_inventory_chainmail2.wav,wav,normalized
sfx_rpg_sound_pack_rpg_sound_pack_inventory_cloth_heavy,sfx,rpg_sound_pack,RPG Sound Pack/inventory,assetdirectory/audio/sfx_ogapacks/source/rpg_sound_pack/RPG Sound Pack/inventory/cloth-heavy.wav,assetdirectory/audio/normalized/sfx/rpg_sound_pack/rpg_sound_pack_inventory/sfx_rpg_sound_pack_rpg_sound_pack_inventory_cloth_heavy.wav,wav,normalized
sfx_rpg_sound_pack_rpg_sound_pack_inventory_cloth,sfx,rpg_sound_pack,RPG Sound Pack/inventory,assetdirectory/audio/sfx_ogapacks/source/rpg_sound_pack/RPG Sound Pack/inventory/cloth.wav,assetdirectory/audio/normalized/sfx/rpg_sound_pack/rpg_sound_pack_inventory/sfx_rpg_sound_pack_rpg_sound_pack_inventory_cloth.wav,wav,normalized
sfx_rpg_sound_pack_rpg_sound_pack_inventory_coin,sfx,rpg_sound_pack,RPG Sound Pack/inventory,assetdirectory/audio/sfx_ogapacks/source/rpg_sound_pack/RPG Sound Pack/inventory/coin.wav,assetdirectory/audio/normalized/sfx/rpg_sound_pack/rpg_sound_pack_inventory/sfx_rpg_sound_pack_rpg_sound_pack_inventory_coin.wav,wav,normalized
sfx_rpg_sound_pack_rpg_sound_pack_inventory_coin2,sfx,rpg_sound_pack,RPG Sound Pack/inventory,assetdirectory/audio/sfx_ogapacks/source/rpg_sound_pack/RPG Sound Pack/inventory/coin2.wav,assetdirectory/audio/normalized/sfx/rpg_sound_pack/rpg_sound_pack_inventory/sfx_rpg_sound_pack_rpg_sound_pack_inventory_coin2.wav,wav,normalized
sfx_rpg_sound_pack_rpg_sound_pack_inventory_coin3,sfx,rpg_sound_pack,RPG Sound Pack/inventory,assetdirectory/audio/sfx_ogapacks/source/rpg_sound_pack/RPG Sound Pack/inventory/coin3.wav,assetdirectory/audio/normalized/sfx/rpg_sound_pack/rpg_sound_pack_inventory/sfx_rpg_sound_pack_rpg_sound_pack_inventory_coin3.wav,wav,normalized
sfx_rpg_sound_pack_rpg_sound_pack_inventory_metal_ringing,sfx,rpg_sound_pack,RPG Sound Pack/inventory,assetdirectory/audio/sfx_ogapacks/source/rpg_sound_pack/RPG Sound Pack/inventory/metal-ringing.wav,assetdirectory/audio/normalized/sfx/rpg_sound_pack/rpg_sound_pack_inventory/sfx_rpg_sound_pack_rpg_sound_pack_inventory_metal_ringing.wav,wav,normalized
sfx_rpg_sound_pack_rpg_sound_pack_inventory_metal_small1,sfx,rpg_sound_pack,RPG Sound Pack/inventory,assetdirectory/audio/sfx_ogapacks/source/rpg_sound_pack/RPG Sound Pack/inventory/metal-small1.wav,assetdirectory/audio/normalized/sfx/rpg_sound_pack/rpg_sound_pack_inventory/sfx_rpg_sound_pack_rpg_sound_pack_inventory_metal_small1.wav,wav,normalized
sfx_rpg_sound_pack_rpg_sound_pack_inventory_metal_small2,sfx,rpg_sound_pack,RPG Sound Pack/inventory,assetdirectory/audio/sfx_ogapacks/source/rpg_sound_pack/RPG Sound Pack/inventory/metal-small2.wav,assetdirectory/audio/normalized/sfx/rpg_sound_pack/rpg_sound_pack_inventory/sfx_rpg_sound_pack_rpg_sound_pack_inventory_metal_small2.wav,wav,normalized
sfx_rpg_sound_pack_rpg_sound_pack_inventory_metal_small3,sfx,rpg_sound_pack,RPG Sound Pack/inventory,assetdirectory/audio/sfx_ogapacks/source/rpg_sound_pack/RPG Sound Pack/inventory/metal-small3.wav,assetdirectory/audio/normalized/sfx/rpg_sound_pack/rpg_sound_pack_inventory/sfx_rpg_sound_pack_rpg_sound_pack_inventory_metal_small3.wav,wav,normalized
sfx_rpg_sound_pack_rpg_sound_pack_inventory_wood_small,sfx,rpg_sound_pack,RPG Sound Pack/inventory,assetdirectory/audio/sfx_ogapacks/source/rpg_sound_pack/RPG Sound Pack/inventory/wood-small.wav,assetdirectory/audio/normalized/sfx/rpg_sound_pack/rpg_sound_pack_inventory/sfx_rpg_sound_pack_rpg_sound_pack_inventory_wood_small.wav,wav,normalized
sfx_rpg_sound_pack_rpg_sound_pack_misc_burp,sfx,rpg_sound_pack,RPG Sound Pack/misc,assetdirectory/audio/sfx_ogapacks/source/rpg_sound_pack/RPG Sound Pack/misc/burp.wav,assetdirectory/audio/normalized/sfx/rpg_sound_pack/rpg_sound_pack_misc/sfx_rpg_sound_pack_rpg_sound_pack_misc_burp.wav,wav,normalized
sfx_rpg_sound_pack_rpg_sound_pack_misc_random1,sfx,rpg_sound_pack,RPG Sound Pack/misc,assetdirectory/audio/sfx_ogapacks/source/rpg_sound_pack/RPG Sound Pack/misc/random1.wav,assetdirectory/audio/normalized/sfx/rpg_sound_pack/rpg_sound_pack_misc/sfx_rpg_sound_pack_rpg_sound_pack_misc_random1.wav,wav,normalized
sfx_rpg_sound_pack_rpg_sound_pack_misc_random2,sfx,rpg_sound_pack,RPG Sound Pack/misc,assetdirectory/audio/sfx_ogapacks/source/rpg_sound_pack/RPG Sound Pack/misc/random2.wav,assetdirectory/audio/normalized/sfx/rpg_sound_pack/rpg_sound_pack_misc/sfx_rpg_sound_pack_rpg_sound_pack_misc_random2.wav,wav,normalized
sfx_rpg_sound_pack_rpg_sound_pack_misc_random3,sfx,rpg_sound_pack,RPG Sound Pack/misc,assetdirectory/audio/sfx_ogapacks/source/rpg_sound_pack/RPG Sound Pack/misc/random3.wav,assetdirectory/audio/normalized/sfx/rpg_sound_pack/rpg_sound_pack_misc/sfx_rpg_sound_pack_rpg_sound_pack_misc_random3.wav,wav,normalized
sfx_rpg_sound_pack_rpg_sound_pack_misc_random4,sfx,rpg_sound_pack,RPG Sound Pack/misc,assetdirectory/audio/sfx_ogapacks/source/rpg_sound_pack/RPG Sound Pack/misc/random4.wav,assetdirectory/audio/normalized/sfx/rpg_sound_pack/rpg_sound_pack_misc/sfx_rpg_sound_pack_rpg_sound_pack_misc_random4.wav,wav,normalized
sfx_rpg_sound_pack_rpg_sound_pack_misc_random5,sfx,rpg_sound_pack,RPG Sound Pack/misc,assetdirectory/audio/sfx_ogapacks/source/rpg_sound_pack/RPG Sound Pack/misc/random5.wav,assetdirectory/audio/normalized/sfx/rpg_sound_pack/rpg_sound_pack_misc/sfx_rpg_sound_pack_rpg_sound_pack_misc_random5.wav,wav,normalized
sfx_rpg_sound_pack_rpg_sound_pack_misc_random6,sfx,rpg_sound_pack,RPG Sound Pack/misc,assetdirectory/audio/sfx_ogapacks/source/rpg_sound_pack/RPG Sound Pack/misc/random6.wav,assetdirectory/audio/normalized/sfx/rpg_sound_pack/rpg_sound_pack_misc/sfx_rpg_sound_pack_rpg_sound_pack_misc_random6.wav,wav,normalized
sfx_rpg_sound_pack_rpg_sound_pack_world_door,sfx,rpg_sound_pack,RPG Sound Pack/world,assetdirectory/audio/sfx_ogapacks/source/rpg_sound_pack/RPG Sound Pack/world/door.wav,assetdirectory/audio/normalized/sfx/rpg_sound_pack/rpg_sound_pack_world/sfx_rpg_sound_pack_rpg_sound_pack_world_door.wav,wav,normalized
sfx_sci_fi_sfx_beep_01,sfx,sci_fi_sfx,root,assetdirectory/audio/sfx_ogapacks/source/sci_fi_sfx/beep_01.ogg,assetdirectory/audio/normalized/sfx/sci_fi_sfx/sfx_sci_fi_sfx_beep_01.ogg,ogg,normalized
sfx_sci_fi_sfx_beep_02,sfx,sci_fi_sfx,root,assetdirectory/audio/sfx_ogapacks/source/sci_fi_sfx/beep_02.ogg,assetdirectory/audio/normalized/sfx/sci_fi_sfx/sfx_sci_fi_sfx_beep_02.ogg,ogg,normalized
sfx_sci_fi_sfx_beep_03,sfx,sci_fi_sfx,root,assetdirectory/audio/sfx_ogapacks/source/sci_fi_sfx/beep_03.ogg,assetdirectory/audio/normalized/sfx/sci_fi_sfx/sfx_sci_fi_sfx_beep_03.ogg,ogg,normalized
sfx_sci_fi_sfx_explosion_01,sfx,sci_fi_sfx,root,assetdirectory/audio/sfx_ogapacks/source/sci_fi_sfx/explosion_01.ogg,assetdirectory/audio/normalized/sfx/sci_fi_sfx/sfx_sci_fi_sfx_explosion_01.ogg,ogg,normalized
sfx_sci_fi_sfx_explosion_02,sfx,sci_fi_sfx,root,assetdirectory/audio/sfx_ogapacks/source/sci_fi_sfx/explosion_02.ogg,assetdirectory/audio/normalized/sfx/sci_fi_sfx/sfx_sci_fi_sfx_explosion_02.ogg,ogg,normalized
sfx_sci_fi_sfx_loop_ambient_01,sfx,sci_fi_sfx,root,assetdirectory/audio/sfx_ogapacks/source/sci_fi_sfx/loop_ambient_01.ogg,assetdirectory/audio/normalized/sfx/sci_fi_sfx/sfx_sci_fi_sfx_loop_ambient_01.ogg,ogg,normalized
sfx_sci_fi_sfx_loop_ambient_weird,sfx,sci_fi_sfx,root,assetdirectory/audio/sfx_ogapacks/source/sci_fi_sfx/loop_ambient_weird.ogg,assetdirectory/audio/normalized/sfx/sci_fi_sfx/sfx_sci_fi_sfx_loop_ambient_weird.ogg,ogg,normalized
sfx_sci_fi_sfx_loop_machine_01,sfx,sci_fi_sfx,root,assetdirectory/audio/sfx_ogapacks/source/sci_fi_sfx/loop_machine_01.ogg,assetdirectory/audio/normalized/sfx/sci_fi_sfx/sfx_sci_fi_sfx_loop_machine_01.ogg,ogg,normalized
sfx_sci_fi_sfx_loop_machine_02,sfx,sci_fi_sfx,root,assetdirectory/audio/sfx_ogapacks/source/sci_fi_sfx/loop_machine_02.ogg,assetdirectory/audio/normalized/sfx/sci_fi_sfx/sfx_sci_fi_sfx_loop_machine_02.ogg,ogg,normalized
sfx_sci_fi_sfx_loop_machine_03,sfx,sci_fi_sfx,root,assetdirectory/audio/sfx_ogapacks/source/sci_fi_sfx/loop_machine_03.ogg,assetdirectory/audio/normalized/sfx/sci_fi_sfx/sfx_sci_fi_sfx_loop_machine_03.ogg,ogg,normalized
sfx_sci_fi_sfx_misc_01,sfx,sci_fi_sfx,root,assetdirectory/audio/sfx_ogapacks/source/sci_fi_sfx/misc_01.ogg,assetdirectory/audio/normalized/sfx/sci_fi_sfx/sfx_sci_fi_sfx_misc_01.ogg,ogg,normalized
sfx_sci_fi_sfx_misc_02,sfx,sci_fi_sfx,root,assetdirectory/audio/sfx_ogapacks/source/sci_fi_sfx/misc_02.ogg,assetdirectory/audio/normalized/sfx/sci_fi_sfx/sfx_sci_fi_sfx_misc_02.ogg,ogg,normalized
sfx_sci_fi_sfx_misc_03,sfx,sci_fi_sfx,root,assetdirectory/audio/sfx_ogapacks/source/sci_fi_sfx/misc_03.ogg,assetdirectory/audio/normalized/sfx/sci_fi_sfx/sfx_sci_fi_sfx_misc_03.ogg,ogg,normalized
sfx_sci_fi_sfx_misc_04,sfx,sci_fi_sfx,root,assetdirectory/audio/sfx_ogapacks/source/sci_fi_sfx/misc_04.ogg,assetdirectory/audio/normalized/sfx/sci_fi_sfx/sfx_sci_fi_sfx_misc_04.ogg,ogg,normalized
sfx_sci_fi_sfx_misc_05,sfx,sci_fi_sfx,root,assetdirectory/audio/sfx_ogapacks/source/sci_fi_sfx/misc_05.ogg,assetdirectory/audio/normalized/sfx/sci_fi_sfx/sfx_sci_fi_sfx_misc_05.ogg,ogg,normalized
sfx_sci_fi_sfx_misc_06,sfx,sci_fi_sfx,root,assetdirectory/audio/sfx_ogapacks/source/sci_fi_sfx/misc_06.ogg,assetdirectory/audio/normalized/sfx/sci_fi_sfx/sfx_sci_fi_sfx_misc_06.ogg,ogg,normalized
sfx_sci_fi_sfx_misc_07,sfx,sci_fi_sfx,root,assetdirectory/audio/sfx_ogapacks/source/sci_fi_sfx/misc_07.ogg,assetdirectory/audio/normalized/sfx/sci_fi_sfx/sfx_sci_fi_sfx_misc_07.ogg,ogg,normalized
sfx_sci_fi_sfx_misc_08,sfx,sci_fi_sfx,root,assetdirectory/audio/sfx_ogapacks/source/sci_fi_sfx/misc_08.ogg,assetdirectory/audio/normalized/sfx/sci_fi_sfx/sfx_sci_fi_sfx_misc_08.ogg,ogg,normalized
sfx_sci_fi_sfx_misc_09,sfx,sci_fi_sfx,root,assetdirectory/audio/sfx_ogapacks/source/sci_fi_sfx/misc_09.ogg,assetdirectory/audio/normalized/sfx/sci_fi_sfx/sfx_sci_fi_sfx_misc_09.ogg,ogg,normalized
sfx_sci_fi_sfx_misc_10,sfx,sci_fi_sfx,root,assetdirectory/audio/sfx_ogapacks/source/sci_fi_sfx/misc_10.ogg,assetdirectory/audio/normalized/sfx/sci_fi_sfx/sfx_sci_fi_sfx_misc_10.ogg,ogg,normalized
sfx_sci_fi_sfx_misc_11,sfx,sci_fi_sfx,root,assetdirectory/audio/sfx_ogapacks/source/sci_fi_sfx/misc_11.ogg,assetdirectory/audio/normalized/sfx/sci_fi_sfx/sfx_sci_fi_sfx_misc_11.ogg,ogg,normalized
sfx_sci_fi_sfx_misc_12,sfx,sci_fi_sfx,root,assetdirectory/audio/sfx_ogapacks/source/sci_fi_sfx/misc_12.ogg,assetdirectory/audio/normalized/sfx/sci_fi_sfx/sfx_sci_fi_sfx_misc_12.ogg,ogg,normalized
sfx_sci_fi_sfx_retro_beep_01,sfx,sci_fi_sfx,root,assetdirectory/audio/sfx_ogapacks/source/sci_fi_sfx/retro_beep_01.ogg,assetdirectory/audio/normalized/sfx/sci_fi_sfx/sfx_sci_fi_sfx_retro_beep_01.ogg,ogg,normalized
sfx_sci_fi_sfx_retro_beep_02,sfx,sci_fi_sfx,root,assetdirectory/audio/sfx_ogapacks/source/sci_fi_sfx/retro_beep_02.ogg,assetdirectory/audio/normalized/sfx/sci_fi_sfx/sfx_sci_fi_sfx_retro_beep_02.ogg,ogg,normalized
sfx_sci_fi_sfx_retro_beep_03,sfx,sci_fi_sfx,root,assetdirectory/audio/sfx_ogapacks/source/sci_fi_sfx/retro_beep_03.ogg,assetdirectory/audio/normalized/sfx/sci_fi_sfx/sfx_sci_fi_sfx_retro_beep_03.ogg,ogg,normalized
sfx_sci_fi_sfx_retro_beep_04,sfx,sci_fi_sfx,root,assetdirectory/audio/sfx_ogapacks/source/sci_fi_sfx/retro_beep_04.ogg,assetdirectory/audio/normalized/sfx/sci_fi_sfx/sfx_sci_fi_sfx_retro_beep_04.ogg,ogg,normalized
sfx_sci_fi_sfx_retro_beep_05,sfx,sci_fi_sfx,root,assetdirectory/audio/sfx_ogapacks/source/sci_fi_sfx/retro_beep_05.ogg,assetdirectory/audio/normalized/sfx/sci_fi_sfx/sfx_sci_fi_sfx_retro_beep_05.ogg,ogg,normalized
sfx_sci_fi_sfx_retro_beep_06,sfx,sci_fi_sfx,root,assetdirectory/audio/sfx_ogapacks/source/sci_fi_sfx/retro_beep_06.ogg,assetdirectory/audio/normalized/sfx/sci_fi_sfx/sfx_sci_fi_sfx_retro_beep_06.ogg,ogg,normalized
sfx_sci_fi_sfx_retro_explosion,sfx,sci_fi_sfx,root,assetdirectory/audio/sfx_ogapacks/source/sci_fi_sfx/retro_explosion.ogg,assetdirectory/audio/normalized/sfx/sci_fi_sfx/sfx_sci_fi_sfx_retro_explosion.ogg,ogg,normalized
sfx_sci_fi_sfx_retro_laser_01,sfx,sci_fi_sfx,root,assetdirectory/audio/sfx_ogapacks/source/sci_fi_sfx/retro_laser_01.ogg,assetdirectory/audio/normalized/sfx/sci_fi_sfx/sfx_sci_fi_sfx_retro_laser_01.ogg,ogg,normalized
sfx_sci_fi_sfx_retro_laser_02,sfx,sci_fi_sfx,root,assetdirectory/audio/sfx_ogapacks/source/sci_fi_sfx/retro_laser_02.ogg,assetdirectory/audio/normalized/sfx/sci_fi_sfx/sfx_sci_fi_sfx_retro_laser_02.ogg,ogg,normalized
sfx_sci_fi_sfx_rocket_01,sfx,sci_fi_sfx,root,assetdirectory/audio/sfx_ogapacks/source/sci_fi_sfx/rocket_01.ogg,assetdirectory/audio/normalized/sfx/sci_fi_sfx/sfx_sci_fi_sfx_rocket_01.ogg,ogg,normalized
sfx_sci_fi_sfx_shoot_01,sfx,sci_fi_sfx,root,assetdirectory/audio/sfx_ogapacks/source/sci_fi_sfx/shoot_01.ogg,assetdirectory/audio/normalized/sfx/sci_fi_sfx/sfx_sci_fi_sfx_shoot_01.ogg,ogg,normalized
sfx_sci_fi_sfx_shoot_02,sfx,sci_fi_sfx,root,assetdirectory/audio/sfx_ogapacks/source/sci_fi_sfx/shoot_02.ogg,assetdirectory/audio/normalized/sfx/sci_fi_sfx/sfx_sci_fi_sfx_shoot_02.ogg,ogg,normalized
sfx_sci_fi_sfx_teleport_01,sfx,sci_fi_sfx,root,assetdirectory/audio/sfx_ogapacks/source/sci_fi_sfx/teleport_01.ogg,assetdirectory/audio/normalized/sfx/sci_fi_sfx/sfx_sci_fi_sfx_teleport_01.ogg,ogg,normalized
sfx_sci_fi_sfx_teleport_02,sfx,sci_fi_sfx,root,assetdirectory/audio/sfx_ogapacks/source/sci_fi_sfx/teleport_02.ogg,assetdirectory/audio/normalized/sfx/sci_fi_sfx/sfx_sci_fi_sfx_teleport_02.ogg,ogg,normalized
sfx_sci_fi_sfx_terminal_01,sfx,sci_fi_sfx,root,assetdirectory/audio/sfx_ogapacks/source/sci_fi_sfx/terminal_01.ogg,assetdirectory/audio/normalized/sfx/sci_fi_sfx/sfx_sci_fi_sfx_terminal_01.ogg,ogg,normalized
sfx_sci_fi_sfx_terminal_02,sfx,sci_fi_sfx,root,assetdirectory/audio/sfx_ogapacks/source/sci_fi_sfx/terminal_02.ogg,assetdirectory/audio/normalized/sfx/sci_fi_sfx/sfx_sci_fi_sfx_terminal_02.ogg,ogg,normalized
sfx_sci_fi_sfx_terminal_03,sfx,sci_fi_sfx,root,assetdirectory/audio/sfx_ogapacks/source/sci_fi_sfx/terminal_03.ogg,assetdirectory/audio/normalized/sfx/sci_fi_sfx/sfx_sci_fi_sfx_terminal_03.ogg,ogg,normalized
sfx_sci_fi_sfx_terminal_04,sfx,sci_fi_sfx,root,assetdirectory/audio/sfx_ogapacks/source/sci_fi_sfx/terminal_04.ogg,assetdirectory/audio/normalized/sfx/sci_fi_sfx/sfx_sci_fi_sfx_terminal_04.ogg,ogg,normalized
sfx_sci_fi_sfx_terminal_05,sfx,sci_fi_sfx,root,assetdirectory/audio/sfx_ogapacks/source/sci_fi_sfx/terminal_05.ogg,assetdirectory/audio/normalized/sfx/sci_fi_sfx/sfx_sci_fi_sfx_terminal_05.ogg,ogg,normalized
sfx_sci_fi_sfx_terminal_06,sfx,sci_fi_sfx,root,assetdirectory/audio/sfx_ogapacks/source/sci_fi_sfx/terminal_06.ogg,assetdirectory/audio/normalized/sfx/sci_fi_sfx/sfx_sci_fi_sfx_terminal_06.ogg,ogg,normalized
sfx_sci_fi_sfx_terminal_07,sfx,sci_fi_sfx,root,assetdirectory/audio/sfx_ogapacks/source/sci_fi_sfx/terminal_07.ogg,assetdirectory/audio/normalized/sfx/sci_fi_sfx/sfx_sci_fi_sfx_terminal_07.ogg,ogg,normalized
sfx_sci_fi_sfx_terminal_08,sfx,sci_fi_sfx,root,assetdirectory/audio/sfx_ogapacks/source/sci_fi_sfx/terminal_08.ogg,assetdirectory/audio/normalized/sfx/sci_fi_sfx/sfx_sci_fi_sfx_terminal_08.ogg,ogg,normalized
sfx_sci_fi_sfx_terminal_09,sfx,sci_fi_sfx,root,assetdirectory/audio/sfx_ogapacks/source/sci_fi_sfx/terminal_09.ogg,assetdirectory/audio/normalized/sfx/sci_fi_sfx/sfx_sci_fi_sfx_terminal_09.ogg,ogg,normalized
sfx_sci_fi_sfx_weird_01,sfx,sci_fi_sfx,root,assetdirectory/audio/sfx_ogapacks/source/sci_fi_sfx/weird_01.ogg,assetdirectory/audio/normalized/sfx/sci_fi_sfx/sfx_sci_fi_sfx_weird_01.ogg,ogg,normalized
sfx_sci_fi_sfx_weird_02,sfx,sci_fi_sfx,root,assetdirectory/audio/sfx_ogapacks/source/sci_fi_sfx/weird_02.ogg,assetdirectory/audio/normalized/sfx/sci_fi_sfx/sfx_sci_fi_sfx_weird_02.ogg,ogg,normalized
sfx_sci_fi_sfx_weird_03,sfx,sci_fi_sfx,root,assetdirectory/audio/sfx_ogapacks/source/sci_fi_sfx/weird_03.ogg,assetdirectory/audio/normalized/sfx/sci_fi_sfx/sfx_sci_fi_sfx_weird_03.ogg,ogg,normalized
sfx_sci_fi_sfx_weird_04,sfx,sci_fi_sfx,root,assetdirectory/audio/sfx_ogapacks/source/sci_fi_sfx/weird_04.ogg,assetdirectory/audio/normalized/sfx/sci_fi_sfx/sfx_sci_fi_sfx_weird_04.ogg,ogg,normalized
sfx_sci_fi_sfx_weird_05,sfx,sci_fi_sfx,root,assetdirectory/audio/sfx_ogapacks/source/sci_fi_sfx/weird_05.ogg,assetdirectory/audio/normalized/sfx/sci_fi_sfx/sfx_sci_fi_sfx_weird_05.ogg,ogg,normalized
sfx_sfx_breaking_and_falling_bfh1_breaking_01,sfx,sfx_breaking_and_falling,root,assetdirectory/audio/sfx_ogapacks/source/sfx_breaking_and_falling/bfh1_breaking_01.ogg,assetdirectory/audio/normalized/sfx/sfx_breaking_and_falling/sfx_sfx_breaking_and_falling_bfh1_breaking_01.ogg,ogg,normalized
sfx_sfx_breaking_and_falling_bfh1_breaking_02,sfx,sfx_breaking_and_falling,root,assetdirectory/audio/sfx_ogapacks/source/sfx_breaking_and_falling/bfh1_breaking_02.ogg,assetdirectory/audio/normalized/sfx/sfx_breaking_and_falling/sfx_sfx_breaking_and_falling_bfh1_breaking_02.ogg,ogg,normalized
sfx_sfx_breaking_and_falling_bfh1_breaking_03,sfx,sfx_breaking_and_falling,root,assetdirectory/audio/sfx_ogapacks/source/sfx_breaking_and_falling/bfh1_breaking_03.ogg,assetdirectory/audio/normalized/sfx/sfx_breaking_and_falling/sfx_sfx_breaking_and_falling_bfh1_breaking_03.ogg,ogg,normalized
sfx_sfx_breaking_and_falling_bfh1_falling_01,sfx,sfx_breaking_and_falling,root,assetdirectory/audio/sfx_ogapacks/source/sfx_breaking_and_falling/bfh1_falling_01.ogg,assetdirectory/audio/normalized/sfx/sfx_breaking_and_falling/sfx_sfx_breaking_and_falling_bfh1_falling_01.ogg,ogg,normalized
sfx_sfx_breaking_and_falling_bfh1_falling_02,sfx,sfx_breaking_and_falling,root,assetdirectory/audio/sfx_ogapacks/source/sfx_breaking_and_falling/bfh1_falling_02.ogg,assetdirectory/audio/normalized/sfx/sfx_breaking_and_falling/sfx_sfx_breaking_and_falling_bfh1_falling_02.ogg,ogg,normalized
sfx_sfx_breaking_and_falling_bfh1_falling_03,sfx,sfx_breaking_and_falling,root,assetdirectory/audio/sfx_ogapacks/source/sfx_breaking_and_falling/bfh1_falling_03.ogg,assetdirectory/audio/normalized/sfx/sfx_breaking_and_falling/sfx_sfx_breaking_and_falling_bfh1_falling_03.ogg,ogg,normalized
sfx_sfx_breaking_and_falling_bfh1_falling_04,sfx,sfx_breaking_and_falling,root,assetdirectory/audio/sfx_ogapacks/source/sfx_breaking_and_falling/bfh1_falling_04.ogg,assetdirectory/audio/normalized/sfx/sfx_breaking_and_falling/sfx_sfx_breaking_and_falling_bfh1_falling_04.ogg,ogg,normalized
sfx_sfx_breaking_and_falling_bfh1_falling_05,sfx,sfx_breaking_and_falling,root,assetdirectory/audio/sfx_ogapacks/source/sfx_breaking_and_falling/bfh1_falling_05.ogg,assetdirectory/audio/normalized/sfx/sfx_breaking_and_falling/sfx_sfx_breaking_and_falling_bfh1_falling_05.ogg,ogg,normalized
sfx_sfx_breaking_and_falling_bfh1_falling_06,sfx,sfx_breaking_and_falling,root,assetdirectory/audio/sfx_ogapacks/source/sfx_breaking_and_falling/bfh1_falling_06.ogg,assetdirectory/audio/normalized/sfx/sfx_breaking_and_falling/sfx_sfx_breaking_and_falling_bfh1_falling_06.ogg,ogg,normalized
sfx_sfx_breaking_and_falling_bfh1_falling_07,sfx,sfx_breaking_and_falling,root,assetdirectory/audio/sfx_ogapacks/source/sfx_breaking_and_falling/bfh1_falling_07.ogg,assetdirectory/audio/normalized/sfx/sfx_breaking_and_falling/sfx_sfx_breaking_and_falling_bfh1_falling_07.ogg,ogg,normalized
sfx_sfx_breaking_and_falling_bfh1_glass_breaking_01,sfx,sfx_breaking_and_falling,root,assetdirectory/audio/sfx_ogapacks/source/sfx_breaking_and_falling/bfh1_glass_breaking_01.ogg,assetdirectory/audio/normalized/sfx/sfx_breaking_and_falling/sfx_sfx_breaking_and_falling_bfh1_glass_breaking_01.ogg,ogg,normalized
sfx_sfx_breaking_and_falling_bfh1_glass_breaking_02,sfx,sfx_breaking_and_falling,root,assetdirectory/audio/sfx_ogapacks/source/sfx_breaking_and_falling/bfh1_glass_breaking_02.ogg,assetdirectory/audio/normalized/sfx/sfx_breaking_and_falling/sfx_sfx_breaking_and_falling_bfh1_glass_breaking_02.ogg,ogg,normalized
sfx_sfx_breaking_and_falling_bfh1_glass_breaking_03,sfx,sfx_breaking_and_falling,root,assetdirectory/audio/sfx_ogapacks/source/sfx_breaking_and_falling/bfh1_glass_breaking_03.ogg,assetdirectory/audio/normalized/sfx/sfx_breaking_and_falling/sfx_sfx_breaking_and_falling_bfh1_glass_breaking_03.ogg,ogg,normalized
sfx_sfx_breaking_and_falling_bfh1_glass_breaking_04,sfx,sfx_breaking_and_falling,root,assetdirectory/audio/sfx_ogapacks/source/sfx_breaking_and_falling/bfh1_glass_breaking_04.ogg,assetdirectory/audio/normalized/sfx/sfx_breaking_and_falling/sfx_sfx_breaking_and_falling_bfh1_glass_breaking_04.ogg,ogg,normalized
sfx_sfx_breaking_and_falling_bfh1_glass_breaking_05,sfx,sfx_breaking_and_falling,root,assetdirectory/audio/sfx_ogapacks/source/sfx_breaking_and_falling/bfh1_glass_breaking_05.ogg,assetdirectory/audio/normalized/sfx/sfx_breaking_and_falling/sfx_sfx_breaking_and_falling_bfh1_glass_breaking_05.ogg,ogg,normalized
sfx_sfx_breaking_and_falling_bfh1_glass_breaking_06,sfx,sfx_breaking_and_falling,root,assetdirectory/audio/sfx_ogapacks/source/sfx_breaking_and_falling/bfh1_glass_breaking_06.ogg,assetdirectory/audio/normalized/sfx/sfx_breaking_and_falling/sfx_sfx_breaking_and_falling_bfh1_glass_breaking_06.ogg,ogg,normalized
sfx_sfx_breaking_and_falling_bfh1_glass_falling_01,sfx,sfx_breaking_and_falling,root,assetdirectory/audio/sfx_ogapacks/source/sfx_breaking_and_falling/bfh1_glass_falling_01.ogg,assetdirectory/audio/normalized/sfx/sfx_breaking_and_falling/sfx_sfx_breaking_and_falling_bfh1_glass_falling_01.ogg,ogg,normalized
sfx_sfx_breaking_and_falling_bfh1_glass_falling_02,sfx,sfx_breaking_and_falling,root,assetdirectory/audio/sfx_ogapacks/source/sfx_breaking_and_falling/bfh1_glass_falling_02.ogg,assetdirectory/audio/normalized/sfx/sfx_breaking_and_falling/sfx_sfx_breaking_and_falling_bfh1_glass_falling_02.ogg,ogg,normalized
sfx_sfx_breaking_and_falling_bfh1_glass_falling_03,sfx,sfx_breaking_and_falling,root,assetdirectory/audio/sfx_ogapacks/source/sfx_breaking_and_falling/bfh1_glass_falling_03.ogg,assetdirectory/audio/normalized/sfx/sfx_breaking_and_falling/sfx_sfx_breaking_and_falling_bfh1_glass_falling_03.ogg,ogg,normalized
sfx_sfx_breaking_and_falling_bfh1_glass_falling_04,sfx,sfx_breaking_and_falling,root,assetdirectory/audio/sfx_ogapacks/source/sfx_breaking_and_falling/bfh1_glass_falling_04.ogg,assetdirectory/audio/normalized/sfx/sfx_breaking_and_falling/sfx_sfx_breaking_and_falling_bfh1_glass_falling_04.ogg,ogg,normalized
sfx_sfx_breaking_and_falling_bfh1_glass_hit_01,sfx,sfx_breaking_and_falling,root,assetdirectory/audio/sfx_ogapacks/source/sfx_breaking_and_falling/bfh1_glass_hit_01.ogg,assetdirectory/audio/normalized/sfx/sfx_breaking_and_falling/sfx_sfx_breaking_and_falling_bfh1_glass_hit_01.ogg,ogg,normalized
sfx_sfx_breaking_and_falling_bfh1_glass_hit_02,sfx,sfx_breaking_and_falling,root,assetdirectory/audio/sfx_ogapacks/source/sfx_breaking_and_falling/bfh1_glass_hit_02.ogg,assetdirectory/audio/normalized/sfx/sfx_breaking_and_falling/sfx_sfx_breaking_and_falling_bfh1_glass_hit_02.ogg,ogg,normalized
sfx_sfx_breaking_and_falling_bfh1_hit_01,sfx,sfx_breaking_and_falling,root,assetdirectory/audio/sfx_ogapacks/source/sfx_breaking_and_falling/bfh1_hit_01.ogg,assetdirectory/audio/normalized/sfx/sfx_breaking_and_falling/sfx_sfx_breaking_and_falling_bfh1_hit_01.ogg,ogg,normalized
sfx_sfx_breaking_and_falling_bfh1_hit_02,sfx,sfx_breaking_and_falling,root,assetdirectory/audio/sfx_ogapacks/source/sfx_breaking_and_falling/bfh1_hit_02.ogg,assetdirectory/audio/normalized/sfx/sfx_breaking_and_falling/sfx_sfx_breaking_and_falling_bfh1_hit_02.ogg,ogg,normalized
sfx_sfx_breaking_and_falling_bfh1_hit_03,sfx,sfx_breaking_and_falling,root,assetdirectory/audio/sfx_ogapacks/source/sfx_breaking_and_falling/bfh1_hit_03.ogg,assetdirectory/audio/normalized/sfx/sfx_breaking_and_falling/sfx_sfx_breaking_and_falling_bfh1_hit_03.ogg,ogg,normalized
sfx_sfx_breaking_and_falling_bfh1_hit_04,sfx,sfx_breaking_and_falling,root,assetdirectory/audio/sfx_ogapacks/source/sfx_breaking_and_falling/bfh1_hit_04.ogg,assetdirectory/audio/normalized/sfx/sfx_breaking_and_falling/sfx_sfx_breaking_and_falling_bfh1_hit_04.ogg,ogg,normalized
sfx_sfx_breaking_and_falling_bfh1_hit_05,sfx,sfx_breaking_and_falling,root,assetdirectory/audio/sfx_ogapacks/source/sfx_breaking_and_falling/bfh1_hit_05.ogg,assetdirectory/audio/normalized/sfx/sfx_breaking_and_falling/sfx_sfx_breaking_and_falling_bfh1_hit_05.ogg,ogg,normalized
sfx_sfx_breaking_and_falling_bfh1_hit_06,sfx,sfx_breaking_and_falling,root,assetdirectory/audio/sfx_ogapacks/source/sfx_breaking_and_falling/bfh1_hit_06.ogg,assetdirectory/audio/normalized/sfx/sfx_breaking_and_falling/sfx_sfx_breaking_and_falling_bfh1_hit_06.ogg,ogg,normalized
sfx_sfx_breaking_and_falling_bfh1_hit_07,sfx,sfx_breaking_and_falling,root,assetdirectory/audio/sfx_ogapacks/source/sfx_breaking_and_falling/bfh1_hit_07.ogg,assetdirectory/audio/normalized/sfx/sfx_breaking_and_falling/sfx_sfx_breaking_and_falling_bfh1_hit_07.ogg,ogg,normalized
sfx_sfx_breaking_and_falling_bfh1_hit_08,sfx,sfx_breaking_and_falling,root,assetdirectory/audio/sfx_ogapacks/source/sfx_breaking_and_falling/bfh1_hit_08.ogg,assetdirectory/audio/normalized/sfx/sfx_breaking_and_falling/sfx_sfx_breaking_and_falling_bfh1_hit_08.ogg,ogg,normalized
sfx_sfx_breaking_and_falling_bfh1_hit_09,sfx,sfx_breaking_and_falling,root,assetdirectory/audio/sfx_ogapacks/source/sfx_breaking_and_falling/bfh1_hit_09.ogg,assetdirectory/audio/normalized/sfx/sfx_breaking_and_falling/sfx_sfx_breaking_and_falling_bfh1_hit_09.ogg,ogg,normalized
sfx_sfx_breaking_and_falling_bfh1_hit_10,sfx,sfx_breaking_and_falling,root,assetdirectory/audio/sfx_ogapacks/source/sfx_breaking_and_falling/bfh1_hit_10.ogg,assetdirectory/audio/normalized/sfx/sfx_breaking_and_falling/sfx_sfx_breaking_and_falling_bfh1_hit_10.ogg,ogg,normalized
sfx_sfx_breaking_and_falling_bfh1_hit_11,sfx,sfx_breaking_and_falling,root,assetdirectory/audio/sfx_ogapacks/source/sfx_breaking_and_falling/bfh1_hit_11.ogg,assetdirectory/audio/normalized/sfx/sfx_breaking_and_falling/sfx_sfx_breaking_and_falling_bfh1_hit_11.ogg,ogg,normalized
sfx_sfx_breaking_and_falling_bfh1_hit_12,sfx,sfx_breaking_and_falling,root,assetdirectory/audio/sfx_ogapacks/source/sfx_breaking_and_falling/bfh1_hit_12.ogg,assetdirectory/audio/normalized/sfx/sfx_breaking_and_falling/sfx_sfx_breaking_and_falling_bfh1_hit_12.ogg,ogg,normalized
sfx_sfx_breaking_and_falling_bfh1_hit_13,sfx,sfx_breaking_and_falling,root,assetdirectory/audio/sfx_ogapacks/source/sfx_breaking_and_falling/bfh1_hit_13.ogg,assetdirectory/audio/normalized/sfx/sfx_breaking_and_falling/sfx_sfx_breaking_and_falling_bfh1_hit_13.ogg,ogg,normalized
sfx_sfx_breaking_and_falling_bfh1_metal_falling_01,sfx,sfx_breaking_and_falling,root,assetdirectory/audio/sfx_ogapacks/source/sfx_breaking_and_falling/bfh1_metal_falling_01.ogg,assetdirectory/audio/normalized/sfx/sfx_breaking_and_falling/sfx_sfx_breaking_and_falling_bfh1_metal_falling_01.ogg,ogg,normalized
sfx_sfx_breaking_and_falling_bfh1_metal_falling_02,sfx,sfx_breaking_and_falling,root,assetdirectory/audio/sfx_ogapacks/source/sfx_breaking_and_falling/bfh1_metal_falling_02.ogg,assetdirectory/audio/normalized/sfx/sfx_breaking_and_falling/sfx_sfx_breaking_and_falling_bfh1_metal_falling_02.ogg,ogg,normalized
sfx_sfx_breaking_and_falling_bfh1_metal_falling_03,sfx,sfx_breaking_and_falling,root,assetdirectory/audio/sfx_ogapacks/source/sfx_breaking_and_falling/bfh1_metal_falling_03.ogg,assetdirectory/audio/normalized/sfx/sfx_breaking_and_falling/sfx_sfx_breaking_and_falling_bfh1_metal_falling_03.ogg,ogg,normalized
sfx_sfx_breaking_and_falling_bfh1_metal_falling_04,sfx,sfx_breaking_and_falling,root,assetdirectory/audio/sfx_ogapacks/source/sfx_breaking_and_falling/bfh1_metal_falling_04.ogg,assetdirectory/audio/normalized/sfx/sfx_breaking_and_falling/sfx_sfx_breaking_and_falling_bfh1_metal_falling_04.ogg,ogg,normalized
sfx_sfx_breaking_and_falling_bfh1_metal_falling_05,sfx,sfx_breaking_and_falling,root,assetdirectory/audio/sfx_ogapacks/source/sfx_breaking_and_falling/bfh1_metal_falling_05.ogg,assetdirectory/audio/normalized/sfx/sfx_breaking_and_falling/sfx_sfx_breaking_and_falling_bfh1_metal_falling_05.ogg,ogg,normalized
sfx_sfx_breaking_and_falling_bfh1_metal_hit_01,sfx,sfx_breaking_and_falling,root,assetdirectory/audio/sfx_ogapacks/source/sfx_breaking_and_falling/bfh1_metal_hit_01.ogg,assetdirectory/audio/normalized/sfx/sfx_breaking_and_falling/sfx_sfx_breaking_and_falling_bfh1_metal_hit_01.ogg,ogg,normalized
sfx_sfx_breaking_and_falling_bfh1_metal_hit_02,sfx,sfx_breaking_and_falling,root,assetdirectory/audio/sfx_ogapacks/source/sfx_breaking_and_falling/bfh1_metal_hit_02.ogg,assetdirectory/audio/normalized/sfx/sfx_breaking_and_falling/sfx_sfx_breaking_and_falling_bfh1_metal_hit_02.ogg,ogg,normalized
sfx_sfx_breaking_and_falling_bfh1_metal_hit_03,sfx,sfx_breaking_and_falling,root,assetdirectory/audio/sfx_ogapacks/source/sfx_breaking_and_falling/bfh1_metal_hit_03.ogg,assetdirectory/audio/normalized/sfx/sfx_breaking_and_falling/sfx_sfx_breaking_and_falling_bfh1_metal_hit_03.ogg,ogg,normalized
sfx_sfx_breaking_and_falling_bfh1_metal_hit_04,sfx,sfx_breaking_and_falling,root,assetdirectory/audio/sfx_ogapacks/source/sfx_breaking_and_falling/bfh1_metal_hit_04.ogg,assetdirectory/audio/normalized/sfx/sfx_breaking_and_falling/sfx_sfx_breaking_and_falling_bfh1_metal_hit_04.ogg,ogg,normalized
sfx_sfx_breaking_and_falling_bfh1_metal_hit_05,sfx,sfx_breaking_and_falling,root,assetdirectory/audio/sfx_ogapacks/source/sfx_breaking_and_falling/bfh1_metal_hit_05.ogg,assetdirectory/audio/normalized/sfx/sfx_breaking_and_falling/sfx_sfx_breaking_and_falling_bfh1_metal_hit_05.ogg,ogg,normalized
sfx_sfx_breaking_and_falling_bfh1_metal_hit_06,sfx,sfx_breaking_and_falling,root,assetdirectory/audio/sfx_ogapacks/source/sfx_breaking_and_falling/bfh1_metal_hit_06.ogg,assetdirectory/audio/normalized/sfx/sfx_breaking_and_falling/sfx_sfx_breaking_and_falling_bfh1_metal_hit_06.ogg,ogg,normalized
sfx_sfx_breaking_and_falling_bfh1_misc_01,sfx,sfx_breaking_and_falling,root,assetdirectory/audio/sfx_ogapacks/source/sfx_breaking_and_falling/bfh1_misc_01.ogg,assetdirectory/audio/normalized/sfx/sfx_breaking_and_falling/sfx_sfx_breaking_and_falling_bfh1_misc_01.ogg,ogg,normalized
sfx_sfx_breaking_and_falling_bfh1_misc_02,sfx,sfx_breaking_and_falling,root,assetdirectory/audio/sfx_ogapacks/source/sfx_breaking_and_falling/bfh1_misc_02.ogg,assetdirectory/audio/normalized/sfx/sfx_breaking_and_falling/sfx_sfx_breaking_and_falling_bfh1_misc_02.ogg,ogg,normalized
sfx_sfx_breaking_and_falling_bfh1_misc_03,sfx,sfx_breaking_and_falling,root,assetdirectory/audio/sfx_ogapacks/source/sfx_breaking_and_falling/bfh1_misc_03.ogg,assetdirectory/audio/normalized/sfx/sfx_breaking_and_falling/sfx_sfx_breaking_and_falling_bfh1_misc_03.ogg,ogg,normalized
sfx_sfx_breaking_and_falling_bfh1_misc_04,sfx,sfx_breaking_and_falling,root,assetdirectory/audio/sfx_ogapacks/source/sfx_breaking_and_falling/bfh1_misc_04.ogg,assetdirectory/audio/normalized/sfx/sfx_breaking_and_falling/sfx_sfx_breaking_and_falling_bfh1_misc_04.ogg,ogg,normalized
sfx_sfx_breaking_and_falling_bfh1_misc_05,sfx,sfx_breaking_and_falling,root,assetdirectory/audio/sfx_ogapacks/source/sfx_breaking_and_falling/bfh1_misc_05.ogg,assetdirectory/audio/normalized/sfx/sfx_breaking_and_falling/sfx_sfx_breaking_and_falling_bfh1_misc_05.ogg,ogg,normalized
sfx_sfx_breaking_and_falling_bfh1_misc_06,sfx,sfx_breaking_and_falling,root,assetdirectory/audio/sfx_ogapacks/source/sfx_breaking_and_falling/bfh1_misc_06.ogg,assetdirectory/audio/normalized/sfx/sfx_breaking_and_falling/sfx_sfx_breaking_and_falling_bfh1_misc_06.ogg,ogg,normalized
sfx_sfx_breaking_and_falling_bfh1_misc_07,sfx,sfx_breaking_and_falling,root,assetdirectory/audio/sfx_ogapacks/source/sfx_breaking_and_falling/bfh1_misc_07.ogg,assetdirectory/audio/normalized/sfx/sfx_breaking_and_falling/sfx_sfx_breaking_and_falling_bfh1_misc_07.ogg,ogg,normalized
sfx_sfx_breaking_and_falling_bfh1_rock_breaking_01,sfx,sfx_breaking_and_falling,root,assetdirectory/audio/sfx_ogapacks/source/sfx_breaking_and_falling/bfh1_rock_breaking_01.ogg,assetdirectory/audio/normalized/sfx/sfx_breaking_and_falling/sfx_sfx_breaking_and_falling_bfh1_rock_breaking_01.ogg,ogg,normalized
sfx_sfx_breaking_and_falling_bfh1_rock_breaking_02,sfx,sfx_breaking_and_falling,root,assetdirectory/audio/sfx_ogapacks/source/sfx_breaking_and_falling/bfh1_rock_breaking_02.ogg,assetdirectory/audio/normalized/sfx/sfx_breaking_and_falling/sfx_sfx_breaking_and_falling_bfh1_rock_breaking_02.ogg,ogg,normalized
sfx_sfx_breaking_and_falling_bfh1_rock_breaking_03,sfx,sfx_breaking_and_falling,root,assetdirectory/audio/sfx_ogapacks/source/sfx_breaking_and_falling/bfh1_rock_breaking_03.ogg,assetdirectory/audio/normalized/sfx/sfx_breaking_and_falling/sfx_sfx_breaking_and_falling_bfh1_rock_breaking_03.ogg,ogg,normalized
sfx_sfx_breaking_and_falling_bfh1_rock_falling_01,sfx,sfx_breaking_and_falling,root,assetdirectory/audio/sfx_ogapacks/source/sfx_breaking_and_falling/bfh1_rock_falling_01.ogg,assetdirectory/audio/normalized/sfx/sfx_breaking_and_falling/sfx_sfx_breaking_and_falling_bfh1_rock_falling_01.ogg,ogg,normalized
sfx_sfx_breaking_and_falling_bfh1_rock_falling_02,sfx,sfx_breaking_and_falling,root,assetdirectory/audio/sfx_ogapacks/source/sfx_breaking_and_falling/bfh1_rock_falling_02.ogg,assetdirectory/audio/normalized/sfx/sfx_breaking_and_falling/sfx_sfx_breaking_and_falling_bfh1_rock_falling_02.ogg,ogg,normalized
sfx_sfx_breaking_and_falling_bfh1_rock_falling_03,sfx,sfx_breaking_and_falling,root,assetdirectory/audio/sfx_ogapacks/source/sfx_breaking_and_falling/bfh1_rock_falling_03.ogg,assetdirectory/audio/normalized/sfx/sfx_breaking_and_falling/sfx_sfx_breaking_and_falling_bfh1_rock_falling_03.ogg,ogg,normalized
sfx_sfx_breaking_and_falling_bfh1_rock_falling_04,sfx,sfx_breaking_and_falling,root,assetdirectory/audio/sfx_ogapacks/source/sfx_breaking_and_falling/bfh1_rock_falling_04.ogg,assetdirectory/audio/normalized/sfx/sfx_breaking_and_falling/sfx_sfx_breaking_and_falling_bfh1_rock_falling_04.ogg,ogg,normalized
sfx_sfx_breaking_and_falling_bfh1_rock_falling_05,sfx,sfx_breaking_and_falling,root,assetdirectory/audio/sfx_ogapacks/source/sfx_breaking_and_falling/bfh1_rock_falling_05.ogg,assetdirectory/audio/normalized/sfx/sfx_breaking_and_falling/sfx_sfx_breaking_and_falling_bfh1_rock_falling_05.ogg,ogg,normalized
sfx_sfx_breaking_and_falling_bfh1_rock_falling_06,sfx,sfx_breaking_and_falling,root,assetdirectory/audio/sfx_ogapacks/source/sfx_breaking_and_falling/bfh1_rock_falling_06.ogg,assetdirectory/audio/normalized/sfx/sfx_breaking_and_falling/sfx_sfx_breaking_and_falling_bfh1_rock_falling_06.ogg,ogg,normalized
sfx_sfx_breaking_and_falling_bfh1_rock_falling_07,sfx,sfx_breaking_and_falling,root,assetdirectory/audio/sfx_ogapacks/source/sfx_breaking_and_falling/bfh1_rock_falling_07.ogg,assetdirectory/audio/normalized/sfx/sfx_breaking_and_falling/sfx_sfx_breaking_and_falling_bfh1_rock_falling_07.ogg,ogg,normalized
sfx_sfx_breaking_and_falling_bfh1_rock_falling_08,sfx,sfx_breaking_and_falling,root,assetdirectory/audio/sfx_ogapacks/source/sfx_breaking_and_falling/bfh1_rock_falling_08.ogg,assetdirectory/audio/normalized/sfx/sfx_breaking_and_falling/sfx_sfx_breaking_and_falling_bfh1_rock_falling_08.ogg,ogg,normalized
sfx_sfx_breaking_and_falling_bfh1_rock_falling_09,sfx,sfx_breaking_and_falling,root,assetdirectory/audio/sfx_ogapacks/source/sfx_breaking_and_falling/bfh1_rock_falling_09.ogg,assetdirectory/audio/normalized/sfx/sfx_breaking_and_falling/sfx_sfx_breaking_and_falling_bfh1_rock_falling_09.ogg,ogg,normalized
sfx_sfx_breaking_and_falling_bfh1_rock_hit_01,sfx,sfx_breaking_and_falling,root,assetdirectory/audio/sfx_ogapacks/source/sfx_breaking_and_falling/bfh1_rock_hit_01.ogg,assetdirectory/audio/normalized/sfx/sfx_breaking_and_falling/sfx_sfx_breaking_and_falling_bfh1_rock_hit_01.ogg,ogg,normalized
sfx_sfx_breaking_and_falling_bfh1_wood_breaking_01,sfx,sfx_breaking_and_falling,root,assetdirectory/audio/sfx_ogapacks/source/sfx_breaking_and_falling/bfh1_wood_breaking_01.ogg,assetdirectory/audio/normalized/sfx/sfx_breaking_and_falling/sfx_sfx_breaking_and_falling_bfh1_wood_breaking_01.ogg,ogg,normalized
sfx_sfx_breaking_and_falling_bfh1_wood_breaking_02,sfx,sfx_breaking_and_falling,root,assetdirectory/audio/sfx_ogapacks/source/sfx_breaking_and_falling/bfh1_wood_breaking_02.ogg,assetdirectory/audio/normalized/sfx/sfx_breaking_and_falling/sfx_sfx_breaking_and_falling_bfh1_wood_breaking_02.ogg,ogg,normalized
sfx_sfx_breaking_and_falling_bfh1_wood_breaking_03,sfx,sfx_breaking_and_falling,root,assetdirectory/audio/sfx_ogapacks/source/sfx_breaking_and_falling/bfh1_wood_breaking_03.ogg,assetdirectory/audio/normalized/sfx/sfx_breaking_and_falling/sfx_sfx_breaking_and_falling_bfh1_wood_breaking_03.ogg,ogg,normalized
sfx_sfx_breaking_and_falling_bfh1_wood_breaking_04,sfx,sfx_breaking_and_falling,root,assetdirectory/audio/sfx_ogapacks/source/sfx_breaking_and_falling/bfh1_wood_breaking_04.ogg,assetdirectory/audio/normalized/sfx/sfx_breaking_and_falling/sfx_sfx_breaking_and_falling_bfh1_wood_breaking_04.ogg,ogg,normalized
sfx_sfx_breaking_and_falling_bfh1_wood_falling_01,sfx,sfx_breaking_and_falling,root,assetdirectory/audio/sfx_ogapacks/source/sfx_breaking_and_falling/bfh1_wood_falling_01.ogg,assetdirectory/audio/normalized/sfx/sfx_breaking_and_falling/sfx_sfx_breaking_and_falling_bfh1_wood_falling_01.ogg,ogg,normalized
sfx_sfx_breaking_and_falling_bfh1_wood_falling_02,sfx,sfx_breaking_and_falling,root,assetdirectory/audio/sfx_ogapacks/source/sfx_breaking_and_falling/bfh1_wood_falling_02.ogg,assetdirectory/audio/normalized/sfx/sfx_breaking_and_falling/sfx_sfx_breaking_and_falling_bfh1_wood_falling_02.ogg,ogg,normalized
sfx_sfx_breaking_and_falling_bfh1_wood_hit_01,sfx,sfx_breaking_and_falling,root,assetdirectory/audio/sfx_ogapacks/source/sfx_breaking_and_falling/bfh1_wood_hit_01.ogg,assetdirectory/audio/normalized/sfx/sfx_breaking_and_falling/sfx_sfx_breaking_and_falling_bfh1_wood_hit_01.ogg,ogg,normalized
sfx_sfx_breaking_and_falling_bfh1_wood_hit_02,sfx,sfx_breaking_and_falling,root,assetdirectory/audio/sfx_ogapacks/source/sfx_breaking_and_falling/bfh1_wood_hit_02.ogg,assetdirectory/audio/normalized/sfx/sfx_breaking_and_falling/sfx_sfx_breaking_and_falling_bfh1_wood_hit_02.ogg,ogg,normalized
sfx_sfx_breaking_and_falling_bfh1_wood_hit_03,sfx,sfx_breaking_and_falling,root,assetdirectory/audio/sfx_ogapacks/source/sfx_breaking_and_falling/bfh1_wood_hit_03.ogg,assetdirectory/audio/normalized/sfx/sfx_breaking_and_falling/sfx_sfx_breaking_and_falling_bfh1_wood_hit_03.ogg,ogg,normalized
sfx_sfx_loops_alarm_01,sfx,sfx_loops,root,assetdirectory/audio/sfx_ogapacks/source/sfx_loops/alarm_01.ogg,assetdirectory/audio/normalized/sfx/sfx_loops/sfx_sfx_loops_alarm_01.ogg,ogg,normalized
sfx_sfx_loops_alarm_02,sfx,sfx_loops,root,assetdirectory/audio/sfx_ogapacks/source/sfx_loops/alarm_02.ogg,assetdirectory/audio/normalized/sfx/sfx_loops/sfx_sfx_loops_alarm_02.ogg,ogg,normalized
sfx_sfx_loops_alarm_03,sfx,sfx_loops,root,assetdirectory/audio/sfx_ogapacks/source/sfx_loops/alarm_03.ogg,assetdirectory/audio/normalized/sfx/sfx_loops/sfx_sfx_loops_alarm_03.ogg,ogg,normalized
sfx_sfx_loops_ambient_01,sfx,sfx_loops,root,assetdirectory/audio/sfx_ogapacks/source/sfx_loops/ambient_01.ogg,assetdirectory/audio/normalized/sfx/sfx_loops/sfx_sfx_loops_ambient_01.ogg,ogg,normalized
sfx_sfx_loops_ambient_02,sfx,sfx_loops,root,assetdirectory/audio/sfx_ogapacks/source/sfx_loops/ambient_02.ogg,assetdirectory/audio/normalized/sfx/sfx_loops/sfx_sfx_loops_ambient_02.ogg,ogg,normalized
sfx_sfx_loops_ambient_03,sfx,sfx_loops,root,assetdirectory/audio/sfx_ogapacks/source/sfx_loops/ambient_03.ogg,assetdirectory/audio/normalized/sfx/sfx_loops/sfx_sfx_loops_ambient_03.ogg,ogg,normalized
sfx_sfx_loops_machine_01,sfx,sfx_loops,root,assetdirectory/audio/sfx_ogapacks/source/sfx_loops/machine_01.ogg,assetdirectory/audio/normalized/sfx/sfx_loops/sfx_sfx_loops_machine_01.ogg,ogg,normalized
sfx_sfx_loops_machine_02,sfx,sfx_loops,root,assetdirectory/audio/sfx_ogapacks/source/sfx_loops/machine_02.ogg,assetdirectory/audio/normalized/sfx/sfx_loops/sfx_sfx_loops_machine_02.ogg,ogg,normalized
sfx_sfx_loops_machine_03,sfx,sfx_loops,root,assetdirectory/audio/sfx_ogapacks/source/sfx_loops/machine_03.ogg,assetdirectory/audio/normalized/sfx/sfx_loops/sfx_sfx_loops_machine_03.ogg,ogg,normalized
sfx_sfx_loops_machine_04,sfx,sfx_loops,root,assetdirectory/audio/sfx_ogapacks/source/sfx_loops/machine_04.ogg,assetdirectory/audio/normalized/sfx/sfx_loops/sfx_sfx_loops_machine_04.ogg,ogg,normalized
sfx_sfx_loops_machine_05,sfx,sfx_loops,root,assetdirectory/audio/sfx_ogapacks/source/sfx_loops/machine_05.ogg,assetdirectory/audio/normalized/sfx/sfx_loops/sfx_sfx_loops_machine_05.ogg,ogg,normalized
sfx_sfx_loops_machine_06,sfx,sfx_loops,root,assetdirectory/audio/sfx_ogapacks/source/sfx_loops/machine_06.ogg,assetdirectory/audio/normalized/sfx/sfx_loops/sfx_sfx_loops_machine_06.ogg,ogg,normalized
sfx_sfx_loops_machine_07,sfx,sfx_loops,root,assetdirectory/audio/sfx_ogapacks/source/sfx_loops/machine_07.ogg,assetdirectory/audio/normalized/sfx/sfx_loops/sfx_sfx_loops_machine_07.ogg,ogg,normalized
sfx_sfx_loops_machine_08,sfx,sfx_loops,root,assetdirectory/audio/sfx_ogapacks/source/sfx_loops/machine_08.ogg,assetdirectory/audio/normalized/sfx/sfx_loops/sfx_sfx_loops_machine_08.ogg,ogg,normalized
sfx_sfx_loops_machine_09,sfx,sfx_loops,root,assetdirectory/audio/sfx_ogapacks/source/sfx_loops/machine_09.ogg,assetdirectory/audio/normalized/sfx/sfx_loops/sfx_sfx_loops_machine_09.ogg,ogg,normalized
sfx_sfx_loops_machine_10,sfx,sfx_loops,root,assetdirectory/audio/sfx_ogapacks/source/sfx_loops/machine_10.ogg,assetdirectory/audio/normalized/sfx/sfx_loops/sfx_sfx_loops_machine_10.ogg,ogg,normalized
sfx_sfx_loops_machine_11,sfx,sfx_loops,root,assetdirectory/audio/sfx_ogapacks/source/sfx_loops/machine_11.ogg,assetdirectory/audio/normalized/sfx/sfx_loops/sfx_sfx_loops_machine_11.ogg,ogg,normalized
sfx_sfx_loops_noise_01,sfx,sfx_loops,root,assetdirectory/audio/sfx_ogapacks/source/sfx_loops/noise_01.ogg,assetdirectory/audio/normalized/sfx/sfx_loops/sfx_sfx_loops_noise_01.ogg,ogg,normalized
sfx_sfx_loops_noise_02,sfx,sfx_loops,root,assetdirectory/audio/sfx_ogapacks/source/sfx_loops/noise_02.ogg,assetdirectory/audio/normalized/sfx/sfx_loops/sfx_sfx_loops_noise_02.ogg,ogg,normalized
sfx_sfx_loops_noise_03,sfx,sfx_loops,root,assetdirectory/audio/sfx_ogapacks/source/sfx_loops/noise_03.ogg,assetdirectory/audio/normalized/sfx/sfx_loops/sfx_sfx_loops_noise_03.ogg,ogg,normalized
sfx_sfx_loops_pump_01,sfx,sfx_loops,root,assetdirectory/audio/sfx_ogapacks/source/sfx_loops/pump_01.ogg,assetdirectory/audio/normalized/sfx/sfx_loops/sfx_sfx_loops_pump_01.ogg,ogg,normalized
sfx_sfx_loops_pump_02,sfx,sfx_loops,root,assetdirectory/audio/sfx_ogapacks/source/sfx_loops/pump_02.ogg,assetdirectory/audio/normalized/sfx/sfx_loops/sfx_sfx_loops_pump_02.ogg,ogg,normalized
sfx_sfx_loops_rain,sfx,sfx_loops,root,assetdirectory/audio/sfx_ogapacks/source/sfx_loops/rain.ogg,assetdirectory/audio/normalized/sfx/sfx_loops/sfx_sfx_loops_rain.ogg,ogg,normalized
sfx_sfx_loops_rolling,sfx,sfx_loops,root,assetdirectory/audio/sfx_ogapacks/source/sfx_loops/rolling.ogg,assetdirectory/audio/normalized/sfx/sfx_loops/sfx_sfx_loops_rolling.ogg,ogg,normalized
sfx_sfx_loops_saw,sfx,sfx_loops,root,assetdirectory/audio/sfx_ogapacks/source/sfx_loops/saw.ogg,assetdirectory/audio/normalized/sfx/sfx_loops/sfx_sfx_loops_saw.ogg,ogg,normalized
sfx_sfx_loops_water_boiling,sfx,sfx_loops,root,assetdirectory/audio/sfx_ogapacks/source/sfx_loops/water_boiling.ogg,assetdirectory/audio/normalized/sfx/sfx_loops/sfx_sfx_loops_water_boiling.ogg,ogg,normalized
sfx_sfx_loops_water_flowing,sfx,sfx_loops,root,assetdirectory/audio/sfx_ogapacks/source/sfx_loops/water_flowing.ogg,assetdirectory/audio/normalized/sfx/sfx_loops/sfx_sfx_loops_water_flowing.ogg,ogg,normalized
sfx_sfx_loops_weird_01,sfx,sfx_loops,root,assetdirectory/audio/sfx_ogapacks/source/sfx_loops/weird_01.ogg,assetdirectory/audio/normalized/sfx/sfx_loops/sfx_sfx_loops_weird_01.ogg,ogg,normalized
sfx_sfx_loops_weird_02,sfx,sfx_loops,root,assetdirectory/audio/sfx_ogapacks/source/sfx_loops/weird_02.ogg,assetdirectory/audio/normalized/sfx/sfx_loops/sfx_sfx_loops_weird_02.ogg,ogg,normalized
sfx_sfx_loops_weird_03,sfx,sfx_loops,root,assetdirectory/audio/sfx_ogapacks/source/sfx_loops/weird_03.ogg,assetdirectory/audio/normalized/sfx/sfx_loops/sfx_sfx_loops_weird_03.ogg,ogg,normalized
sfx_water_splash_slime_sfx_bubble_01,sfx,water_splash_slime_sfx,root,assetdirectory/audio/sfx_ogapacks/source/water_splash_slime_sfx/bubble_01.ogg,assetdirectory/audio/normalized/sfx/water_splash_slime_sfx/sfx_water_splash_slime_sfx_bubble_01.ogg,ogg,normalized
sfx_water_splash_slime_sfx_bubble_02,sfx,water_splash_slime_sfx,root,assetdirectory/audio/sfx_ogapacks/source/water_splash_slime_sfx/bubble_02.ogg,assetdirectory/audio/normalized/sfx/water_splash_slime_sfx/sfx_water_splash_slime_sfx_bubble_02.ogg,ogg,normalized
sfx_water_splash_slime_sfx_bubble_03,sfx,water_splash_slime_sfx,root,assetdirectory/audio/sfx_ogapacks/source/water_splash_slime_sfx/bubble_03.ogg,assetdirectory/audio/normalized/sfx/water_splash_slime_sfx/sfx_water_splash_slime_sfx_bubble_03.ogg,ogg,normalized
sfx_water_splash_slime_sfx_loop_bubbles_02,sfx,water_splash_slime_sfx,root,assetdirectory/audio/sfx_ogapacks/source/water_splash_slime_sfx/loop_bubbles_02.ogg,assetdirectory/audio/normalized/sfx/water_splash_slime_sfx/sfx_water_splash_slime_sfx_loop_bubbles_02.ogg,ogg,normalized
sfx_water_splash_slime_sfx_loop_bubbles_1,sfx,water_splash_slime_sfx,root,assetdirectory/audio/sfx_ogapacks/source/water_splash_slime_sfx/loop_bubbles_1.ogg,assetdirectory/audio/normalized/sfx/water_splash_slime_sfx/sfx_water_splash_slime_sfx_loop_bubbles_1.ogg,ogg,normalized
sfx_water_splash_slime_sfx_loop_rain,sfx,water_splash_slime_sfx,root,assetdirectory/audio/sfx_ogapacks/source/water_splash_slime_sfx/loop_rain.ogg,assetdirectory/audio/normalized/sfx/water_splash_slime_sfx/sfx_water_splash_slime_sfx_loop_rain.ogg,ogg,normalized
sfx_water_splash_slime_sfx_loop_water_01,sfx,water_splash_slime_sfx,root,assetdirectory/audio/sfx_ogapacks/source/water_splash_slime_sfx/loop_water_01.ogg,assetdirectory/audio/normalized/sfx/water_splash_slime_sfx/sfx_water_splash_slime_sfx_loop_water_01.ogg,ogg,normalized
sfx_water_splash_slime_sfx_loop_water_02,sfx,water_splash_slime_sfx,root,assetdirectory/audio/sfx_ogapacks/source/water_splash_slime_sfx/loop_water_02.ogg,assetdirectory/audio/normalized/sfx/water_splash_slime_sfx/sfx_water_splash_slime_sfx_loop_water_02.ogg,ogg,normalized
sfx_water_splash_slime_sfx_loop_water_03,sfx,water_splash_slime_sfx,root,assetdirectory/audio/sfx_ogapacks/source/water_splash_slime_sfx/loop_water_03.ogg,assetdirectory/audio/normalized/sfx/water_splash_slime_sfx/sfx_water_splash_slime_sfx_loop_water_03.ogg,ogg,normalized
sfx_water_splash_slime_sfx_slime_01,sfx,water_splash_slime_sfx,root,assetdirectory/audio/sfx_ogapacks/source/water_splash_slime_sfx/slime_01.ogg,assetdirectory/audio/normalized/sfx/water_splash_slime_sfx/sfx_water_splash_slime_sfx_slime_01.ogg,ogg,normalized
sfx_water_splash_slime_sfx_slime_02,sfx,water_splash_slime_sfx,root,assetdirectory/audio/sfx_ogapacks/source/water_splash_slime_sfx/slime_02.ogg,assetdirectory/audio/normalized/sfx/water_splash_slime_sfx/sfx_water_splash_slime_sfx_slime_02.ogg,ogg,normalized
sfx_water_splash_slime_sfx_slime_03,sfx,water_splash_slime_sfx,root,assetdirectory/audio/sfx_ogapacks/source/water_splash_slime_sfx/slime_03.ogg,assetdirectory/audio/normalized/sfx/water_splash_slime_sfx/sfx_water_splash_slime_sfx_slime_03.ogg,ogg,normalized
sfx_water_splash_slime_sfx_slime_04,sfx,water_splash_slime_sfx,root,assetdirectory/audio/sfx_ogapacks/source/water_splash_slime_sfx/slime_04.ogg,assetdirectory/audio/normalized/sfx/water_splash_slime_sfx/sfx_water_splash_slime_sfx_slime_04.ogg,ogg,normalized
sfx_water_splash_slime_sfx_slime_05,sfx,water_splash_slime_sfx,root,assetdirectory/audio/sfx_ogapacks/source/water_splash_slime_sfx/slime_05.ogg,assetdirectory/audio/normalized/sfx/water_splash_slime_sfx/sfx_water_splash_slime_sfx_slime_05.ogg,ogg,normalized
sfx_water_splash_slime_sfx_slime_06,sfx,water_splash_slime_sfx,root,assetdirectory/audio/sfx_ogapacks/source/water_splash_slime_sfx/slime_06.ogg,assetdirectory/audio/normalized/sfx/water_splash_slime_sfx/sfx_water_splash_slime_sfx_slime_06.ogg,ogg,normalized
sfx_water_splash_slime_sfx_slime_07,sfx,water_splash_slime_sfx,root,assetdirectory/audio/sfx_ogapacks/source/water_splash_slime_sfx/slime_07.ogg,assetdirectory/audio/normalized/sfx/water_splash_slime_sfx/sfx_water_splash_slime_sfx_slime_07.ogg,ogg,normalized
sfx_water_splash_slime_sfx_slime_08,sfx,water_splash_slime_sfx,root,assetdirectory/audio/sfx_ogapacks/source/water_splash_slime_sfx/slime_08.ogg,assetdirectory/audio/normalized/sfx/water_splash_slime_sfx/sfx_water_splash_slime_sfx_slime_08.ogg,ogg,normalized
sfx_water_splash_slime_sfx_slime_09,sfx,water_splash_slime_sfx,root,assetdirectory/audio/sfx_ogapacks/source/water_splash_slime_sfx/slime_09.ogg,assetdirectory/audio/normalized/sfx/water_splash_slime_sfx/sfx_water_splash_slime_sfx_slime_09.ogg,ogg,normalized
sfx_water_splash_slime_sfx_slime_10,sfx,water_splash_slime_sfx,root,assetdirectory/audio/sfx_ogapacks/source/water_splash_slime_sfx/slime_10.ogg,assetdirectory/audio/normalized/sfx/water_splash_slime_sfx/sfx_water_splash_slime_sfx_slime_10.ogg,ogg,normalized
sfx_water_splash_slime_sfx_slime_11,sfx,water_splash_slime_sfx,root,assetdirectory/audio/sfx_ogapacks/source/water_splash_slime_sfx/slime_11.ogg,assetdirectory/audio/normalized/sfx/water_splash_slime_sfx/sfx_water_splash_slime_sfx_slime_11.ogg,ogg,normalized
sfx_water_splash_slime_sfx_slime_12,sfx,water_splash_slime_sfx,root,assetdirectory/audio/sfx_ogapacks/source/water_splash_slime_sfx/slime_12.ogg,assetdirectory/audio/normalized/sfx/water_splash_slime_sfx/sfx_water_splash_slime_sfx_slime_12.ogg,ogg,normalized
sfx_water_splash_slime_sfx_slime_13,sfx,water_splash_slime_sfx,root,assetdirectory/audio/sfx_ogapacks/source/water_splash_slime_sfx/slime_13.ogg,assetdirectory/audio/normalized/sfx/water_splash_slime_sfx/sfx_water_splash_slime_sfx_slime_13.ogg,ogg,normalized
sfx_water_splash_slime_sfx_slime_14,sfx,water_splash_slime_sfx,root,assetdirectory/audio/sfx_ogapacks/source/water_splash_slime_sfx/slime_14.ogg,assetdirectory/audio/normalized/sfx/water_splash_slime_sfx/sfx_water_splash_slime_sfx_slime_14.ogg,ogg,normalized
sfx_water_splash_slime_sfx_slime_15,sfx,water_splash_slime_sfx,root,assetdirectory/audio/sfx_ogapacks/source/water_splash_slime_sfx/slime_15.ogg,assetdirectory/audio/normalized/sfx/water_splash_slime_sfx/sfx_water_splash_slime_sfx_slime_15.ogg,ogg,normalized
sfx_water_splash_slime_sfx_slime_16,sfx,water_splash_slime_sfx,root,assetdirectory/audio/sfx_ogapacks/source/water_splash_slime_sfx/slime_16.ogg,assetdirectory/audio/normalized/sfx/water_splash_slime_sfx/sfx_water_splash_slime_sfx_slime_16.ogg,ogg,normalized
sfx_water_splash_slime_sfx_splash_01,sfx,water_splash_slime_sfx,root,assetdirectory/audio/sfx_ogapacks/source/water_splash_slime_sfx/splash_01.ogg,assetdirectory/audio/normalized/sfx/water_splash_slime_sfx/sfx_water_splash_slime_sfx_splash_01.ogg,ogg,normalized
sfx_water_splash_slime_sfx_splash_02,sfx,water_splash_slime_sfx,root,assetdirectory/audio/sfx_ogapacks/source/water_splash_slime_sfx/splash_02.ogg,assetdirectory/audio/normalized/sfx/water_splash_slime_sfx/sfx_water_splash_slime_sfx_splash_02.ogg,ogg,normalized
sfx_water_splash_slime_sfx_splash_03,sfx,water_splash_slime_sfx,root,assetdirectory/audio/sfx_ogapacks/source/water_splash_slime_sfx/splash_03.ogg,assetdirectory/audio/normalized/sfx/water_splash_slime_sfx/sfx_water_splash_slime_sfx_splash_03.ogg,ogg,normalized
sfx_water_splash_slime_sfx_splash_04,sfx,water_splash_slime_sfx,root,assetdirectory/audio/sfx_ogapacks/source/water_splash_slime_sfx/splash_04.ogg,assetdirectory/audio/normalized/sfx/water_splash_slime_sfx/sfx_water_splash_slime_sfx_splash_04.ogg,ogg,normalized
sfx_water_splash_slime_sfx_splash_05,sfx,water_splash_slime_sfx,root,assetdirectory/audio/sfx_ogapacks/source/water_splash_slime_sfx/splash_05.ogg,assetdirectory/audio/normalized/sfx/water_splash_slime_sfx/sfx_water_splash_slime_sfx_splash_05.ogg,ogg,normalized
sfx_water_splash_slime_sfx_splash_06,sfx,water_splash_slime_sfx,root,assetdirectory/audio/sfx_ogapacks/source/water_splash_slime_sfx/splash_06.ogg,assetdirectory/audio/normalized/sfx/water_splash_slime_sfx/sfx_water_splash_slime_sfx_splash_06.ogg,ogg,normalized
sfx_water_splash_slime_sfx_splash_07,sfx,water_splash_slime_sfx,root,assetdirectory/audio/sfx_ogapacks/source/water_splash_slime_sfx/splash_07.ogg,assetdirectory/audio/normalized/sfx/water_splash_slime_sfx/sfx_water_splash_slime_sfx_splash_07.ogg,ogg,normalized
sfx_water_splash_slime_sfx_splash_08,sfx,water_splash_slime_sfx,root,assetdirectory/audio/sfx_ogapacks/source/water_splash_slime_sfx/splash_08.ogg,assetdirectory/audio/normalized/sfx/water_splash_slime_sfx/sfx_water_splash_slime_sfx_splash_08.ogg,ogg,normalized
sfx_water_splash_slime_sfx_splash_09,sfx,water_splash_slime_sfx,root,assetdirectory/audio/sfx_ogapacks/source/water_splash_slime_sfx/splash_09.ogg,assetdirectory/audio/normalized/sfx/water_splash_slime_sfx/sfx_water_splash_slime_sfx_splash_09.ogg,ogg,normalized
sfx_water_splash_slime_sfx_splash_10,sfx,water_splash_slime_sfx,root,assetdirectory/audio/sfx_ogapacks/source/water_splash_slime_sfx/splash_10.ogg,assetdirectory/audio/normalized/sfx/water_splash_slime_sfx/sfx_water_splash_slime_sfx_splash_10.ogg,ogg,normalized
sfx_water_splash_slime_sfx_splash_11,sfx,water_splash_slime_sfx,root,assetdirectory/audio/sfx_ogapacks/source/water_splash_slime_sfx/splash_11.ogg,assetdirectory/audio/normalized/sfx/water_splash_slime_sfx/sfx_water_splash_slime_sfx_splash_11.ogg,ogg,normalized
sfx_water_splash_slime_sfx_splash_12,sfx,water_splash_slime_sfx,root,assetdirectory/audio/sfx_ogapacks/source/water_splash_slime_sfx/splash_12.ogg,assetdirectory/audio/normalized/sfx/water_splash_slime_sfx/sfx_water_splash_slime_sfx_splash_12.ogg,ogg,normalized
sfx_water_splash_slime_sfx_splash_13,sfx,water_splash_slime_sfx,root,assetdirectory/audio/sfx_ogapacks/source/water_splash_slime_sfx/splash_13.ogg,assetdirectory/audio/normalized/sfx/water_splash_slime_sfx/sfx_water_splash_slime_sfx_splash_13.ogg,ogg,normalized
sfx_water_splash_slime_sfx_splash_14,sfx,water_splash_slime_sfx,root,assetdirectory/audio/sfx_ogapacks/source/water_splash_slime_sfx/splash_14.ogg,assetdirectory/audio/normalized/sfx/water_splash_slime_sfx/sfx_water_splash_slime_sfx_splash_14.ogg,ogg,normalized
sfx_water_splash_slime_sfx_splash_15,sfx,water_splash_slime_sfx,root,assetdirectory/audio/sfx_ogapacks/source/water_splash_slime_sfx/splash_15.ogg,assetdirectory/audio/normalized/sfx/water_splash_slime_sfx/sfx_water_splash_slime_sfx_splash_15.ogg,ogg,normalized
sfx_casino_sounds_50_sounds_cardfan1,sfx,Casino sounds (50 sounds),root,assetdirectory/audio/kenney_repo/Audio (295 files)/Casino sounds (50 sounds)/cardFan1.ogg,assetdirectory/audio/normalized/sfx/casino_sounds_50_sounds/sfx_casino_sounds_50_sounds_cardfan1.ogg,ogg,normalized
sfx_casino_sounds_50_sounds_cardfan2,sfx,Casino sounds (50 sounds),root,assetdirectory/audio/kenney_repo/Audio (295 files)/Casino sounds (50 sounds)/cardFan2.ogg,assetdirectory/audio/normalized/sfx/casino_sounds_50_sounds/sfx_casino_sounds_50_sounds_cardfan2.ogg,ogg,normalized
sfx_casino_sounds_50_sounds_cardopenpackage1,sfx,Casino sounds (50 sounds),root,assetdirectory/audio/kenney_repo/Audio (295 files)/Casino sounds (50 sounds)/cardOpenPackage1.ogg,assetdirectory/audio/normalized/sfx/casino_sounds_50_sounds/sfx_casino_sounds_50_sounds_cardopenpackage1.ogg,ogg,normalized
sfx_casino_sounds_50_sounds_cardopenpackage2,sfx,Casino sounds (50 sounds),root,assetdirectory/audio/kenney_repo/Audio (295 files)/Casino sounds (50 sounds)/cardOpenPackage2.ogg,assetdirectory/audio/normalized/sfx/casino_sounds_50_sounds/sfx_casino_sounds_50_sounds_cardopenpackage2.ogg,ogg,normalized
sfx_casino_sounds_50_sounds_cardplace1,sfx,Casino sounds (50 sounds),root,assetdirectory/audio/kenney_repo/Audio (295 files)/Casino sounds (50 sounds)/cardPlace1.ogg,assetdirectory/audio/normalized/sfx/casino_sounds_50_sounds/sfx_casino_sounds_50_sounds_cardplace1.ogg,ogg,normalized
sfx_casino_sounds_50_sounds_cardplace2,sfx,Casino sounds (50 sounds),root,assetdirectory/audio/kenney_repo/Audio (295 files)/Casino sounds (50 sounds)/cardPlace2.ogg,assetdirectory/audio/normalized/sfx/casino_sounds_50_sounds/sfx_casino_sounds_50_sounds_cardplace2.ogg,ogg,normalized
sfx_casino_sounds_50_sounds_cardplace3,sfx,Casino sounds (50 sounds),root,assetdirectory/audio/kenney_repo/Audio (295 files)/Casino sounds (50 sounds)/cardPlace3.ogg,assetdirectory/audio/normalized/sfx/casino_sounds_50_sounds/sfx_casino_sounds_50_sounds_cardplace3.ogg,ogg,normalized
sfx_casino_sounds_50_sounds_cardplace4,sfx,Casino sounds (50 sounds),root,assetdirectory/audio/kenney_repo/Audio (295 files)/Casino sounds (50 sounds)/cardPlace4.ogg,assetdirectory/audio/normalized/sfx/casino_sounds_50_sounds/sfx_casino_sounds_50_sounds_cardplace4.ogg,ogg,normalized
sfx_casino_sounds_50_sounds_cardshove1,sfx,Casino sounds (50 sounds),root,assetdirectory/audio/kenney_repo/Audio (295 files)/Casino sounds (50 sounds)/cardShove1.ogg,assetdirectory/audio/normalized/sfx/casino_sounds_50_sounds/sfx_casino_sounds_50_sounds_cardshove1.ogg,ogg,normalized
sfx_casino_sounds_50_sounds_cardshove2,sfx,Casino sounds (50 sounds),root,assetdirectory/audio/kenney_repo/Audio (295 files)/Casino sounds (50 sounds)/cardShove2.ogg,assetdirectory/audio/normalized/sfx/casino_sounds_50_sounds/sfx_casino_sounds_50_sounds_cardshove2.ogg,ogg,normalized
sfx_casino_sounds_50_sounds_cardshove3,sfx,Casino sounds (50 sounds),root,assetdirectory/audio/kenney_repo/Audio (295 files)/Casino sounds (50 sounds)/cardShove3.ogg,assetdirectory/audio/normalized/sfx/casino_sounds_50_sounds/sfx_casino_sounds_50_sounds_cardshove3.ogg,ogg,normalized
sfx_casino_sounds_50_sounds_cardshove4,sfx,Casino sounds (50 sounds),root,assetdirectory/audio/kenney_repo/Audio (295 files)/Casino sounds (50 sounds)/cardShove4.ogg,assetdirectory/audio/normalized/sfx/casino_sounds_50_sounds/sfx_casino_sounds_50_sounds_cardshove4.ogg,ogg,normalized
sfx_casino_sounds_50_sounds_cardshuffle,sfx,Casino sounds (50 sounds),root,assetdirectory/audio/kenney_repo/Audio (295 files)/Casino sounds (50 sounds)/cardShuffle.ogg,assetdirectory/audio/normalized/sfx/casino_sounds_50_sounds/sfx_casino_sounds_50_sounds_cardshuffle.ogg,ogg,normalized
sfx_casino_sounds_50_sounds_cardslide1,sfx,Casino sounds (50 sounds),root,assetdirectory/audio/kenney_repo/Audio (295 files)/Casino sounds (50 sounds)/cardSlide1.ogg,assetdirectory/audio/normalized/sfx/casino_sounds_50_sounds/sfx_casino_sounds_50_sounds_cardslide1.ogg,ogg,normalized
sfx_casino_sounds_50_sounds_cardslide2,sfx,Casino sounds (50 sounds),root,assetdirectory/audio/kenney_repo/Audio (295 files)/Casino sounds (50 sounds)/cardSlide2.ogg,assetdirectory/audio/normalized/sfx/casino_sounds_50_sounds/sfx_casino_sounds_50_sounds_cardslide2.ogg,ogg,normalized
sfx_casino_sounds_50_sounds_cardslide3,sfx,Casino sounds (50 sounds),root,assetdirectory/audio/kenney_repo/Audio (295 files)/Casino sounds (50 sounds)/cardSlide3.ogg,assetdirectory/audio/normalized/sfx/casino_sounds_50_sounds/sfx_casino_sounds_50_sounds_cardslide3.ogg,ogg,normalized
sfx_casino_sounds_50_sounds_cardslide4,sfx,Casino sounds (50 sounds),root,assetdirectory/audio/kenney_repo/Audio (295 files)/Casino sounds (50 sounds)/cardSlide4.ogg,assetdirectory/audio/normalized/sfx/casino_sounds_50_sounds/sfx_casino_sounds_50_sounds_cardslide4.ogg,ogg,normalized
sfx_casino_sounds_50_sounds_cardslide5,sfx,Casino sounds (50 sounds),root,assetdirectory/audio/kenney_repo/Audio (295 files)/Casino sounds (50 sounds)/cardSlide5.ogg,assetdirectory/audio/normalized/sfx/casino_sounds_50_sounds/sfx_casino_sounds_50_sounds_cardslide5.ogg,ogg,normalized
sfx_casino_sounds_50_sounds_cardslide6,sfx,Casino sounds (50 sounds),root,assetdirectory/audio/kenney_repo/Audio (295 files)/Casino sounds (50 sounds)/cardSlide6.ogg,assetdirectory/audio/normalized/sfx/casino_sounds_50_sounds/sfx_casino_sounds_50_sounds_cardslide6.ogg,ogg,normalized
sfx_casino_sounds_50_sounds_cardslide7,sfx,Casino sounds (50 sounds),root,assetdirectory/audio/kenney_repo/Audio (295 files)/Casino sounds (50 sounds)/cardSlide7.ogg,assetdirectory/audio/normalized/sfx/casino_sounds_50_sounds/sfx_casino_sounds_50_sounds_cardslide7.ogg,ogg,normalized
sfx_casino_sounds_50_sounds_cardslide8,sfx,Casino sounds (50 sounds),root,assetdirectory/audio/kenney_repo/Audio (295 files)/Casino sounds (50 sounds)/cardSlide8.ogg,assetdirectory/audio/normalized/sfx/casino_sounds_50_sounds/sfx_casino_sounds_50_sounds_cardslide8.ogg,ogg,normalized
sfx_casino_sounds_50_sounds_cardtakeoutpackage1,sfx,Casino sounds (50 sounds),root,assetdirectory/audio/kenney_repo/Audio (295 files)/Casino sounds (50 sounds)/cardTakeOutPackage1.ogg,assetdirectory/audio/normalized/sfx/casino_sounds_50_sounds/sfx_casino_sounds_50_sounds_cardtakeoutpackage1.ogg,ogg,normalized
sfx_casino_sounds_50_sounds_cardtakeoutpackage2,sfx,Casino sounds (50 sounds),root,assetdirectory/audio/kenney_repo/Audio (295 files)/Casino sounds (50 sounds)/cardTakeOutPackage2.ogg,assetdirectory/audio/normalized/sfx/casino_sounds_50_sounds/sfx_casino_sounds_50_sounds_cardtakeoutpackage2.ogg,ogg,normalized
sfx_casino_sounds_50_sounds_chiplay1,sfx,Casino sounds (50 sounds),root,assetdirectory/audio/kenney_repo/Audio (295 files)/Casino sounds (50 sounds)/chipLay1.ogg,assetdirectory/audio/normalized/sfx/casino_sounds_50_sounds/sfx_casino_sounds_50_sounds_chiplay1.ogg,ogg,normalized
sfx_casino_sounds_50_sounds_chiplay2,sfx,Casino sounds (50 sounds),root,assetdirectory/audio/kenney_repo/Audio (295 files)/Casino sounds (50 sounds)/chipLay2.ogg,assetdirectory/audio/normalized/sfx/casino_sounds_50_sounds/sfx_casino_sounds_50_sounds_chiplay2.ogg,ogg,normalized
sfx_casino_sounds_50_sounds_chiplay3,sfx,Casino sounds (50 sounds),root,assetdirectory/audio/kenney_repo/Audio (295 files)/Casino sounds (50 sounds)/chipLay3.ogg,assetdirectory/audio/normalized/sfx/casino_sounds_50_sounds/sfx_casino_sounds_50_sounds_chiplay3.ogg,ogg,normalized
sfx_casino_sounds_50_sounds_chipscollide1,sfx,Casino sounds (50 sounds),root,assetdirectory/audio/kenney_repo/Audio (295 files)/Casino sounds (50 sounds)/chipsCollide1.ogg,assetdirectory/audio/normalized/sfx/casino_sounds_50_sounds/sfx_casino_sounds_50_sounds_chipscollide1.ogg,ogg,normalized
sfx_casino_sounds_50_sounds_chipscollide2,sfx,Casino sounds (50 sounds),root,assetdirectory/audio/kenney_repo/Audio (295 files)/Casino sounds (50 sounds)/chipsCollide2.ogg,assetdirectory/audio/normalized/sfx/casino_sounds_50_sounds/sfx_casino_sounds_50_sounds_chipscollide2.ogg,ogg,normalized
sfx_casino_sounds_50_sounds_chipscollide3,sfx,Casino sounds (50 sounds),root,assetdirectory/audio/kenney_repo/Audio (295 files)/Casino sounds (50 sounds)/chipsCollide3.ogg,assetdirectory/audio/normalized/sfx/casino_sounds_50_sounds/sfx_casino_sounds_50_sounds_chipscollide3.ogg,ogg,normalized
sfx_casino_sounds_50_sounds_chipscollide4,sfx,Casino sounds (50 sounds),root,assetdirectory/audio/kenney_repo/Audio (295 files)/Casino sounds (50 sounds)/chipsCollide4.ogg,assetdirectory/audio/normalized/sfx/casino_sounds_50_sounds/sfx_casino_sounds_50_sounds_chipscollide4.ogg,ogg,normalized
sfx_casino_sounds_50_sounds_chipshandle1,sfx,Casino sounds (50 sounds),root,assetdirectory/audio/kenney_repo/Audio (295 files)/Casino sounds (50 sounds)/chipsHandle1.ogg,assetdirectory/audio/normalized/sfx/casino_sounds_50_sounds/sfx_casino_sounds_50_sounds_chipshandle1.ogg,ogg,normalized
sfx_casino_sounds_50_sounds_chipshandle2,sfx,Casino sounds (50 sounds),root,assetdirectory/audio/kenney_repo/Audio (295 files)/Casino sounds (50 sounds)/chipsHandle2.ogg,assetdirectory/audio/normalized/sfx/casino_sounds_50_sounds/sfx_casino_sounds_50_sounds_chipshandle2.ogg,ogg,normalized
sfx_casino_sounds_50_sounds_chipshandle3,sfx,Casino sounds (50 sounds),root,assetdirectory/audio/kenney_repo/Audio (295 files)/Casino sounds (50 sounds)/chipsHandle3.ogg,assetdirectory/audio/normalized/sfx/casino_sounds_50_sounds/sfx_casino_sounds_50_sounds_chipshandle3.ogg,ogg,normalized
sfx_casino_sounds_50_sounds_chipshandle4,sfx,Casino sounds (50 sounds),root,assetdirectory/audio/kenney_repo/Audio (295 files)/Casino sounds (50 sounds)/chipsHandle4.ogg,assetdirectory/audio/normalized/sfx/casino_sounds_50_sounds/sfx_casino_sounds_50_sounds_chipshandle4.ogg,ogg,normalized
sfx_casino_sounds_50_sounds_chipshandle5,sfx,Casino sounds (50 sounds),root,assetdirectory/audio/kenney_repo/Audio (295 files)/Casino sounds (50 sounds)/chipsHandle5.ogg,assetdirectory/audio/normalized/sfx/casino_sounds_50_sounds/sfx_casino_sounds_50_sounds_chipshandle5.ogg,ogg,normalized
sfx_casino_sounds_50_sounds_chipshandle6,sfx,Casino sounds (50 sounds),root,assetdirectory/audio/kenney_repo/Audio (295 files)/Casino sounds (50 sounds)/chipsHandle6.ogg,assetdirectory/audio/normalized/sfx/casino_sounds_50_sounds/sfx_casino_sounds_50_sounds_chipshandle6.ogg,ogg,normalized
sfx_casino_sounds_50_sounds_chipsstack1,sfx,Casino sounds (50 sounds),root,assetdirectory/audio/kenney_repo/Audio (295 files)/Casino sounds (50 sounds)/chipsStack1.ogg,assetdirectory/audio/normalized/sfx/casino_sounds_50_sounds/sfx_casino_sounds_50_sounds_chipsstack1.ogg,ogg,normalized
sfx_casino_sounds_50_sounds_chipsstack2,sfx,Casino sounds (50 sounds),root,assetdirectory/audio/kenney_repo/Audio (295 files)/Casino sounds (50 sounds)/chipsStack2.ogg,assetdirectory/audio/normalized/sfx/casino_sounds_50_sounds/sfx_casino_sounds_50_sounds_chipsstack2.ogg,ogg,normalized
sfx_casino_sounds_50_sounds_chipsstack3,sfx,Casino sounds (50 sounds),root,assetdirectory/audio/kenney_repo/Audio (295 files)/Casino sounds (50 sounds)/chipsStack3.ogg,assetdirectory/audio/normalized/sfx/casino_sounds_50_sounds/sfx_casino_sounds_50_sounds_chipsstack3.ogg,ogg,normalized
sfx_casino_sounds_50_sounds_chipsstack4,sfx,Casino sounds (50 sounds),root,assetdirectory/audio/kenney_repo/Audio (295 files)/Casino sounds (50 sounds)/chipsStack4.ogg,assetdirectory/audio/normalized/sfx/casino_sounds_50_sounds/sfx_casino_sounds_50_sounds_chipsstack4.ogg,ogg,normalized
sfx_casino_sounds_50_sounds_chipsstack5,sfx,Casino sounds (50 sounds),root,assetdirectory/audio/kenney_repo/Audio (295 files)/Casino sounds (50 sounds)/chipsStack5.ogg,assetdirectory/audio/normalized/sfx/casino_sounds_50_sounds/sfx_casino_sounds_50_sounds_chipsstack5.ogg,ogg,normalized
sfx_casino_sounds_50_sounds_chipsstack6,sfx,Casino sounds (50 sounds),root,assetdirectory/audio/kenney_repo/Audio (295 files)/Casino sounds (50 sounds)/chipsStack6.ogg,assetdirectory/audio/normalized/sfx/casino_sounds_50_sounds/sfx_casino_sounds_50_sounds_chipsstack6.ogg,ogg,normalized
sfx_casino_sounds_50_sounds_dicethrow1,sfx,Casino sounds (50 sounds),root,assetdirectory/audio/kenney_repo/Audio (295 files)/Casino sounds (50 sounds)/diceThrow1.ogg,assetdirectory/audio/normalized/sfx/casino_sounds_50_sounds/sfx_casino_sounds_50_sounds_dicethrow1.ogg,ogg,normalized
sfx_casino_sounds_50_sounds_dicethrow2,sfx,Casino sounds (50 sounds),root,assetdirectory/audio/kenney_repo/Audio (295 files)/Casino sounds (50 sounds)/diceThrow2.ogg,assetdirectory/audio/normalized/sfx/casino_sounds_50_sounds/sfx_casino_sounds_50_sounds_dicethrow2.ogg,ogg,normalized
sfx_casino_sounds_50_sounds_dicethrow3,sfx,Casino sounds (50 sounds),root,assetdirectory/audio/kenney_repo/Audio (295 files)/Casino sounds (50 sounds)/diceThrow3.ogg,assetdirectory/audio/normalized/sfx/casino_sounds_50_sounds/sfx_casino_sounds_50_sounds_dicethrow3.ogg,ogg,normalized
sfx_casino_sounds_50_sounds_dicethrow4,sfx,Casino sounds (50 sounds),root,assetdirectory/audio/kenney_repo/Audio (295 files)/Casino sounds (50 sounds)/diceThrow4.ogg,assetdirectory/audio/normalized/sfx/casino_sounds_50_sounds/sfx_casino_sounds_50_sounds_dicethrow4.ogg,ogg,normalized
sfx_casino_sounds_50_sounds_diegrab1,sfx,Casino sounds (50 sounds),root,assetdirectory/audio/kenney_repo/Audio (295 files)/Casino sounds (50 sounds)/dieGrab1.ogg,assetdirectory/audio/normalized/sfx/casino_sounds_50_sounds/sfx_casino_sounds_50_sounds_diegrab1.ogg,ogg,normalized
sfx_casino_sounds_50_sounds_diegrab2,sfx,Casino sounds (50 sounds),root,assetdirectory/audio/kenney_repo/Audio (295 files)/Casino sounds (50 sounds)/dieGrab2.ogg,assetdirectory/audio/normalized/sfx/casino_sounds_50_sounds/sfx_casino_sounds_50_sounds_diegrab2.ogg,ogg,normalized
sfx_casino_sounds_50_sounds_dieshuffle1,sfx,Casino sounds (50 sounds),root,assetdirectory/audio/kenney_repo/Audio (295 files)/Casino sounds (50 sounds)/dieShuffle1.ogg,assetdirectory/audio/normalized/sfx/casino_sounds_50_sounds/sfx_casino_sounds_50_sounds_dieshuffle1.ogg,ogg,normalized
sfx_casino_sounds_50_sounds_dieshuffle2,sfx,Casino sounds (50 sounds),root,assetdirectory/audio/kenney_repo/Audio (295 files)/Casino sounds (50 sounds)/dieShuffle2.ogg,assetdirectory/audio/normalized/sfx/casino_sounds_50_sounds/sfx_casino_sounds_50_sounds_dieshuffle2.ogg,ogg,normalized
sfx_casino_sounds_50_sounds_dieshuffle3,sfx,Casino sounds (50 sounds),root,assetdirectory/audio/kenney_repo/Audio (295 files)/Casino sounds (50 sounds)/dieShuffle3.ogg,assetdirectory/audio/normalized/sfx/casino_sounds_50_sounds/sfx_casino_sounds_50_sounds_dieshuffle3.ogg,ogg,normalized
sfx_casino_sounds_50_sounds_diethrow1,sfx,Casino sounds (50 sounds),root,assetdirectory/audio/kenney_repo/Audio (295 files)/Casino sounds (50 sounds)/dieThrow1.ogg,assetdirectory/audio/normalized/sfx/casino_sounds_50_sounds/sfx_casino_sounds_50_sounds_diethrow1.ogg,ogg,normalized
sfx_casino_sounds_50_sounds_diethrow2,sfx,Casino sounds (50 sounds),root,assetdirectory/audio/kenney_repo/Audio (295 files)/Casino sounds (50 sounds)/dieThrow2.ogg,assetdirectory/audio/normalized/sfx/casino_sounds_50_sounds/sfx_casino_sounds_50_sounds_diethrow2.ogg,ogg,normalized
sfx_casino_sounds_50_sounds_diethrow3,sfx,Casino sounds (50 sounds),root,assetdirectory/audio/kenney_repo/Audio (295 files)/Casino sounds (50 sounds)/dieThrow3.ogg,assetdirectory/audio/normalized/sfx/casino_sounds_50_sounds/sfx_casino_sounds_50_sounds_diethrow3.ogg,ogg,normalized
sfx_digital_sounds_60_sounds_highdown,sfx,Digital sounds (60 sounds),root,assetdirectory/audio/kenney_repo/Audio (295 files)/Digital sounds (60 sounds)/highDown.ogg,assetdirectory/audio/normalized/sfx/digital_sounds_60_sounds/sfx_digital_sounds_60_sounds_highdown.ogg,ogg,normalized
sfx_digital_sounds_60_sounds_highup,sfx,Digital sounds (60 sounds),root,assetdirectory/audio/kenney_repo/Audio (295 files)/Digital sounds (60 sounds)/highUp.ogg,assetdirectory/audio/normalized/sfx/digital_sounds_60_sounds/sfx_digital_sounds_60_sounds_highup.ogg,ogg,normalized
sfx_digital_sounds_60_sounds_laser1,sfx,Digital sounds (60 sounds),root,assetdirectory/audio/kenney_repo/Audio (295 files)/Digital sounds (60 sounds)/laser1.ogg,assetdirectory/audio/normalized/sfx/digital_sounds_60_sounds/sfx_digital_sounds_60_sounds_laser1.ogg,ogg,normalized
sfx_digital_sounds_60_sounds_laser2,sfx,Digital sounds (60 sounds),root,assetdirectory/audio/kenney_repo/Audio (295 files)/Digital sounds (60 sounds)/laser2.ogg,assetdirectory/audio/normalized/sfx/digital_sounds_60_sounds/sfx_digital_sounds_60_sounds_laser2.ogg,ogg,normalized
sfx_digital_sounds_60_sounds_laser3,sfx,Digital sounds (60 sounds),root,assetdirectory/audio/kenney_repo/Audio (295 files)/Digital sounds (60 sounds)/laser3.ogg,assetdirectory/audio/normalized/sfx/digital_sounds_60_sounds/sfx_digital_sounds_60_sounds_laser3.ogg,ogg,normalized
sfx_digital_sounds_60_sounds_laser4,sfx,Digital sounds (60 sounds),root,assetdirectory/audio/kenney_repo/Audio (295 files)/Digital sounds (60 sounds)/laser4.ogg,assetdirectory/audio/normalized/sfx/digital_sounds_60_sounds/sfx_digital_sounds_60_sounds_laser4.ogg,ogg,normalized
sfx_digital_sounds_60_sounds_laser5,sfx,Digital sounds (60 sounds),root,assetdirectory/audio/kenney_repo/Audio (295 files)/Digital sounds (60 sounds)/laser5.ogg,assetdirectory/audio/normalized/sfx/digital_sounds_60_sounds/sfx_digital_sounds_60_sounds_laser5.ogg,ogg,normalized
sfx_digital_sounds_60_sounds_laser6,sfx,Digital sounds (60 sounds),root,assetdirectory/audio/kenney_repo/Audio (295 files)/Digital sounds (60 sounds)/laser6.ogg,assetdirectory/audio/normalized/sfx/digital_sounds_60_sounds/sfx_digital_sounds_60_sounds_laser6.ogg,ogg,normalized
sfx_digital_sounds_60_sounds_laser7,sfx,Digital sounds (60 sounds),root,assetdirectory/audio/kenney_repo/Audio (295 files)/Digital sounds (60 sounds)/laser7.ogg,assetdirectory/audio/normalized/sfx/digital_sounds_60_sounds/sfx_digital_sounds_60_sounds_laser7.ogg,ogg,normalized
sfx_digital_sounds_60_sounds_laser8,sfx,Digital sounds (60 sounds),root,assetdirectory/audio/kenney_repo/Audio (295 files)/Digital sounds (60 sounds)/laser8.ogg,assetdirectory/audio/normalized/sfx/digital_sounds_60_sounds/sfx_digital_sounds_60_sounds_laser8.ogg,ogg,normalized
sfx_digital_sounds_60_sounds_laser9,sfx,Digital sounds (60 sounds),root,assetdirectory/audio/kenney_repo/Audio (295 files)/Digital sounds (60 sounds)/laser9.ogg,assetdirectory/audio/normalized/sfx/digital_sounds_60_sounds/sfx_digital_sounds_60_sounds_laser9.ogg,ogg,normalized
sfx_digital_sounds_60_sounds_lowdown,sfx,Digital sounds (60 sounds),root,assetdirectory/audio/kenney_repo/Audio (295 files)/Digital sounds (60 sounds)/lowDown.ogg,assetdirectory/audio/normalized/sfx/digital_sounds_60_sounds/sfx_digital_sounds_60_sounds_lowdown.ogg,ogg,normalized
sfx_digital_sounds_60_sounds_lowrandom,sfx,Digital sounds (60 sounds),root,assetdirectory/audio/kenney_repo/Audio (295 files)/Digital sounds (60 sounds)/lowRandom.ogg,assetdirectory/audio/normalized/sfx/digital_sounds_60_sounds/sfx_digital_sounds_60_sounds_lowrandom.ogg,ogg,normalized
sfx_digital_sounds_60_sounds_lowthreetone,sfx,Digital sounds (60 sounds),root,assetdirectory/audio/kenney_repo/Audio (295 files)/Digital sounds (60 sounds)/lowThreeTone.ogg,assetdirectory/audio/normalized/sfx/digital_sounds_60_sounds/sfx_digital_sounds_60_sounds_lowthreetone.ogg,ogg,normalized
sfx_digital_sounds_60_sounds_pepsound1,sfx,Digital sounds (60 sounds),root,assetdirectory/audio/kenney_repo/Audio (295 files)/Digital sounds (60 sounds)/pepSound1.ogg,assetdirectory/audio/normalized/sfx/digital_sounds_60_sounds/sfx_digital_sounds_60_sounds_pepsound1.ogg,ogg,normalized
sfx_digital_sounds_60_sounds_pepsound2,sfx,Digital sounds (60 sounds),root,assetdirectory/audio/kenney_repo/Audio (295 files)/Digital sounds (60 sounds)/pepSound2.ogg,assetdirectory/audio/normalized/sfx/digital_sounds_60_sounds/sfx_digital_sounds_60_sounds_pepsound2.ogg,ogg,normalized
sfx_digital_sounds_60_sounds_pepsound3,sfx,Digital sounds (60 sounds),root,assetdirectory/audio/kenney_repo/Audio (295 files)/Digital sounds (60 sounds)/pepSound3.ogg,assetdirectory/audio/normalized/sfx/digital_sounds_60_sounds/sfx_digital_sounds_60_sounds_pepsound3.ogg,ogg,normalized
sfx_digital_sounds_60_sounds_pepsound4,sfx,Digital sounds (60 sounds),root,assetdirectory/audio/kenney_repo/Audio (295 files)/Digital sounds (60 sounds)/pepSound4.ogg,assetdirectory/audio/normalized/sfx/digital_sounds_60_sounds/sfx_digital_sounds_60_sounds_pepsound4.ogg,ogg,normalized
sfx_digital_sounds_60_sounds_pepsound5,sfx,Digital sounds (60 sounds),root,assetdirectory/audio/kenney_repo/Audio (295 files)/Digital sounds (60 sounds)/pepSound5.ogg,assetdirectory/audio/normalized/sfx/digital_sounds_60_sounds/sfx_digital_sounds_60_sounds_pepsound5.ogg,ogg,normalized
sfx_digital_sounds_60_sounds_phasejump1,sfx,Digital sounds (60 sounds),root,assetdirectory/audio/kenney_repo/Audio (295 files)/Digital sounds (60 sounds)/phaseJump1.ogg,assetdirectory/audio/normalized/sfx/digital_sounds_60_sounds/sfx_digital_sounds_60_sounds_phasejump1.ogg,ogg,normalized
sfx_digital_sounds_60_sounds_phasejump2,sfx,Digital sounds (60 sounds),root,assetdirectory/audio/kenney_repo/Audio (295 files)/Digital sounds (60 sounds)/phaseJump2.ogg,assetdirectory/audio/normalized/sfx/digital_sounds_60_sounds/sfx_digital_sounds_60_sounds_phasejump2.ogg,ogg,normalized
sfx_digital_sounds_60_sounds_phasejump3,sfx,Digital sounds (60 sounds),root,assetdirectory/audio/kenney_repo/Audio (295 files)/Digital sounds (60 sounds)/phaseJump3.ogg,assetdirectory/audio/normalized/sfx/digital_sounds_60_sounds/sfx_digital_sounds_60_sounds_phasejump3.ogg,ogg,normalized
sfx_digital_sounds_60_sounds_phasejump4,sfx,Digital sounds (60 sounds),root,assetdirectory/audio/kenney_repo/Audio (295 files)/Digital sounds (60 sounds)/phaseJump4.ogg,assetdirectory/audio/normalized/sfx/digital_sounds_60_sounds/sfx_digital_sounds_60_sounds_phasejump4.ogg,ogg,normalized
sfx_digital_sounds_60_sounds_phasejump5,sfx,Digital sounds (60 sounds),root,assetdirectory/audio/kenney_repo/Audio (295 files)/Digital sounds (60 sounds)/phaseJump5.ogg,assetdirectory/audio/normalized/sfx/digital_sounds_60_sounds/sfx_digital_sounds_60_sounds_phasejump5.ogg,ogg,normalized
sfx_digital_sounds_60_sounds_phaserdown1,sfx,Digital sounds (60 sounds),root,assetdirectory/audio/kenney_repo/Audio (295 files)/Digital sounds (60 sounds)/phaserDown1.ogg,assetdirectory/audio/normalized/sfx/digital_sounds_60_sounds/sfx_digital_sounds_60_sounds_phaserdown1.ogg,ogg,normalized
sfx_digital_sounds_60_sounds_phaserdown2,sfx,Digital sounds (60 sounds),root,assetdirectory/audio/kenney_repo/Audio (295 files)/Digital sounds (60 sounds)/phaserDown2.ogg,assetdirectory/audio/normalized/sfx/digital_sounds_60_sounds/sfx_digital_sounds_60_sounds_phaserdown2.ogg,ogg,normalized
sfx_digital_sounds_60_sounds_phaserdown3,sfx,Digital sounds (60 sounds),root,assetdirectory/audio/kenney_repo/Audio (295 files)/Digital sounds (60 sounds)/phaserDown3.ogg,assetdirectory/audio/normalized/sfx/digital_sounds_60_sounds/sfx_digital_sounds_60_sounds_phaserdown3.ogg,ogg,normalized
sfx_digital_sounds_60_sounds_phaserup1,sfx,Digital sounds (60 sounds),root,assetdirectory/audio/kenney_repo/Audio (295 files)/Digital sounds (60 sounds)/phaserUp1.ogg,assetdirectory/audio/normalized/sfx/digital_sounds_60_sounds/sfx_digital_sounds_60_sounds_phaserup1.ogg,ogg,normalized
sfx_digital_sounds_60_sounds_phaserup2,sfx,Digital sounds (60 sounds),root,assetdirectory/audio/kenney_repo/Audio (295 files)/Digital sounds (60 sounds)/phaserUp2.ogg,assetdirectory/audio/normalized/sfx/digital_sounds_60_sounds/sfx_digital_sounds_60_sounds_phaserup2.ogg,ogg,normalized
sfx_digital_sounds_60_sounds_phaserup3,sfx,Digital sounds (60 sounds),root,assetdirectory/audio/kenney_repo/Audio (295 files)/Digital sounds (60 sounds)/phaserUp3.ogg,assetdirectory/audio/normalized/sfx/digital_sounds_60_sounds/sfx_digital_sounds_60_sounds_phaserup3.ogg,ogg,normalized
sfx_digital_sounds_60_sounds_phaserup4,sfx,Digital sounds (60 sounds),root,assetdirectory/audio/kenney_repo/Audio (295 files)/Digital sounds (60 sounds)/phaserUp4.ogg,assetdirectory/audio/normalized/sfx/digital_sounds_60_sounds/sfx_digital_sounds_60_sounds_phaserup4.ogg,ogg,normalized
sfx_digital_sounds_60_sounds_phaserup5,sfx,Digital sounds (60 sounds),root,assetdirectory/audio/kenney_repo/Audio (295 files)/Digital sounds (60 sounds)/phaserUp5.ogg,assetdirectory/audio/normalized/sfx/digital_sounds_60_sounds/sfx_digital_sounds_60_sounds_phaserup5.ogg,ogg,normalized
sfx_digital_sounds_60_sounds_phaserup6,sfx,Digital sounds (60 sounds),root,assetdirectory/audio/kenney_repo/Audio (295 files)/Digital sounds (60 sounds)/phaserUp6.ogg,assetdirectory/audio/normalized/sfx/digital_sounds_60_sounds/sfx_digital_sounds_60_sounds_phaserup6.ogg,ogg,normalized
sfx_digital_sounds_60_sounds_phaserup7,sfx,Digital sounds (60 sounds),root,assetdirectory/audio/kenney_repo/Audio (295 files)/Digital sounds (60 sounds)/phaserUp7.ogg,assetdirectory/audio/normalized/sfx/digital_sounds_60_sounds/sfx_digital_sounds_60_sounds_phaserup7.ogg,ogg,normalized
sfx_digital_sounds_60_sounds_powerup1,sfx,Digital sounds (60 sounds),root,assetdirectory/audio/kenney_repo/Audio (295 files)/Digital sounds (60 sounds)/powerUp1.ogg,assetdirectory/audio/normalized/sfx/digital_sounds_60_sounds/sfx_digital_sounds_60_sounds_powerup1.ogg,ogg,normalized
sfx_digital_sounds_60_sounds_powerup10,sfx,Digital sounds (60 sounds),root,assetdirectory/audio/kenney_repo/Audio (295 files)/Digital sounds (60 sounds)/powerUp10.ogg,assetdirectory/audio/normalized/sfx/digital_sounds_60_sounds/sfx_digital_sounds_60_sounds_powerup10.ogg,ogg,normalized
sfx_digital_sounds_60_sounds_powerup11,sfx,Digital sounds (60 sounds),root,assetdirectory/audio/kenney_repo/Audio (295 files)/Digital sounds (60 sounds)/powerUp11.ogg,assetdirectory/audio/normalized/sfx/digital_sounds_60_sounds/sfx_digital_sounds_60_sounds_powerup11.ogg,ogg,normalized
sfx_digital_sounds_60_sounds_powerup12,sfx,Digital sounds (60 sounds),root,assetdirectory/audio/kenney_repo/Audio (295 files)/Digital sounds (60 sounds)/powerUp12.ogg,assetdirectory/audio/normalized/sfx/digital_sounds_60_sounds/sfx_digital_sounds_60_sounds_powerup12.ogg,ogg,normalized
sfx_digital_sounds_60_sounds_powerup2,sfx,Digital sounds (60 sounds),root,assetdirectory/audio/kenney_repo/Audio (295 files)/Digital sounds (60 sounds)/powerUp2.ogg,assetdirectory/audio/normalized/sfx/digital_sounds_60_sounds/sfx_digital_sounds_60_sounds_powerup2.ogg,ogg,normalized
sfx_digital_sounds_60_sounds_powerup3,sfx,Digital sounds (60 sounds),root,assetdirectory/audio/kenney_repo/Audio (295 files)/Digital sounds (60 sounds)/powerUp3.ogg,assetdirectory/audio/normalized/sfx/digital_sounds_60_sounds/sfx_digital_sounds_60_sounds_powerup3.ogg,ogg,normalized
sfx_digital_sounds_60_sounds_powerup4,sfx,Digital sounds (60 sounds),root,assetdirectory/audio/kenney_repo/Audio (295 files)/Digital sounds (60 sounds)/powerUp4.ogg,assetdirectory/audio/normalized/sfx/digital_sounds_60_sounds/sfx_digital_sounds_60_sounds_powerup4.ogg,ogg,normalized
sfx_digital_sounds_60_sounds_powerup5,sfx,Digital sounds (60 sounds),root,assetdirectory/audio/kenney_repo/Audio (295 files)/Digital sounds (60 sounds)/powerUp5.ogg,assetdirectory/audio/normalized/sfx/digital_sounds_60_sounds/sfx_digital_sounds_60_sounds_powerup5.ogg,ogg,normalized
sfx_digital_sounds_60_sounds_powerup6,sfx,Digital sounds (60 sounds),root,assetdirectory/audio/kenney_repo/Audio (295 files)/Digital sounds (60 sounds)/powerUp6.ogg,assetdirectory/audio/normalized/sfx/digital_sounds_60_sounds/sfx_digital_sounds_60_sounds_powerup6.ogg,ogg,normalized
sfx_digital_sounds_60_sounds_powerup7,sfx,Digital sounds (60 sounds),root,assetdirectory/audio/kenney_repo/Audio (295 files)/Digital sounds (60 sounds)/powerUp7.ogg,assetdirectory/audio/normalized/sfx/digital_sounds_60_sounds/sfx_digital_sounds_60_sounds_powerup7.ogg,ogg,normalized
sfx_digital_sounds_60_sounds_powerup8,sfx,Digital sounds (60 sounds),root,assetdirectory/audio/kenney_repo/Audio (295 files)/Digital sounds (60 sounds)/powerUp8.ogg,assetdirectory/audio/normalized/sfx/digital_sounds_60_sounds/sfx_digital_sounds_60_sounds_powerup8.ogg,ogg,normalized
sfx_digital_sounds_60_sounds_powerup9,sfx,Digital sounds (60 sounds),root,assetdirectory/audio/kenney_repo/Audio (295 files)/Digital sounds (60 sounds)/powerUp9.ogg,assetdirectory/audio/normalized/sfx/digital_sounds_60_sounds/sfx_digital_sounds_60_sounds_powerup9.ogg,ogg,normalized
sfx_digital_sounds_60_sounds_spacetrash1,sfx,Digital sounds (60 sounds),root,assetdirectory/audio/kenney_repo/Audio (295 files)/Digital sounds (60 sounds)/spaceTrash1.ogg,assetdirectory/audio/normalized/sfx/digital_sounds_60_sounds/sfx_digital_sounds_60_sounds_spacetrash1.ogg,ogg,normalized
sfx_digital_sounds_60_sounds_spacetrash2,sfx,Digital sounds (60 sounds),root,assetdirectory/audio/kenney_repo/Audio (295 files)/Digital sounds (60 sounds)/spaceTrash2.ogg,assetdirectory/audio/normalized/sfx/digital_sounds_60_sounds/sfx_digital_sounds_60_sounds_spacetrash2.ogg,ogg,normalized
sfx_digital_sounds_60_sounds_spacetrash3,sfx,Digital sounds (60 sounds),root,assetdirectory/audio/kenney_repo/Audio (295 files)/Digital sounds (60 sounds)/spaceTrash3.ogg,assetdirectory/audio/normalized/sfx/digital_sounds_60_sounds/sfx_digital_sounds_60_sounds_spacetrash3.ogg,ogg,normalized
sfx_digital_sounds_60_sounds_spacetrash4,sfx,Digital sounds (60 sounds),root,assetdirectory/audio/kenney_repo/Audio (295 files)/Digital sounds (60 sounds)/spaceTrash4.ogg,assetdirectory/audio/normalized/sfx/digital_sounds_60_sounds/sfx_digital_sounds_60_sounds_spacetrash4.ogg,ogg,normalized
sfx_digital_sounds_60_sounds_spacetrash5,sfx,Digital sounds (60 sounds),root,assetdirectory/audio/kenney_repo/Audio (295 files)/Digital sounds (60 sounds)/spaceTrash5.ogg,assetdirectory/audio/normalized/sfx/digital_sounds_60_sounds/sfx_digital_sounds_60_sounds_spacetrash5.ogg,ogg,normalized
sfx_digital_sounds_60_sounds_threetone1,sfx,Digital sounds (60 sounds),root,assetdirectory/audio/kenney_repo/Audio (295 files)/Digital sounds (60 sounds)/threeTone1.ogg,assetdirectory/audio/normalized/sfx/digital_sounds_60_sounds/sfx_digital_sounds_60_sounds_threetone1.ogg,ogg,normalized
sfx_digital_sounds_60_sounds_threetone2,sfx,Digital sounds (60 sounds),root,assetdirectory/audio/kenney_repo/Audio (295 files)/Digital sounds (60 sounds)/threeTone2.ogg,assetdirectory/audio/normalized/sfx/digital_sounds_60_sounds/sfx_digital_sounds_60_sounds_threetone2.ogg,ogg,normalized
sfx_digital_sounds_60_sounds_tone1,sfx,Digital sounds (60 sounds),root,assetdirectory/audio/kenney_repo/Audio (295 files)/Digital sounds (60 sounds)/tone1.ogg,assetdirectory/audio/normalized/sfx/digital_sounds_60_sounds/sfx_digital_sounds_60_sounds_tone1.ogg,ogg,normalized
sfx_digital_sounds_60_sounds_twotone1,sfx,Digital sounds (60 sounds),root,assetdirectory/audio/kenney_repo/Audio (295 files)/Digital sounds (60 sounds)/twoTone1.ogg,assetdirectory/audio/normalized/sfx/digital_sounds_60_sounds/sfx_digital_sounds_60_sounds_twotone1.ogg,ogg,normalized
sfx_digital_sounds_60_sounds_twotone2,sfx,Digital sounds (60 sounds),root,assetdirectory/audio/kenney_repo/Audio (295 files)/Digital sounds (60 sounds)/twoTone2.ogg,assetdirectory/audio/normalized/sfx/digital_sounds_60_sounds/sfx_digital_sounds_60_sounds_twotone2.ogg,ogg,normalized
sfx_digital_sounds_60_sounds_zap1,sfx,Digital sounds (60 sounds),root,assetdirectory/audio/kenney_repo/Audio (295 files)/Digital sounds (60 sounds)/zap1.ogg,assetdirectory/audio/normalized/sfx/digital_sounds_60_sounds/sfx_digital_sounds_60_sounds_zap1.ogg,ogg,normalized
sfx_digital_sounds_60_sounds_zap2,sfx,Digital sounds (60 sounds),root,assetdirectory/audio/kenney_repo/Audio (295 files)/Digital sounds (60 sounds)/zap2.ogg,assetdirectory/audio/normalized/sfx/digital_sounds_60_sounds/sfx_digital_sounds_60_sounds_zap2.ogg,ogg,normalized
sfx_digital_sounds_60_sounds_zapthreetonedown,sfx,Digital sounds (60 sounds),root,assetdirectory/audio/kenney_repo/Audio (295 files)/Digital sounds (60 sounds)/zapThreeToneDown.ogg,assetdirectory/audio/normalized/sfx/digital_sounds_60_sounds/sfx_digital_sounds_60_sounds_zapthreetonedown.ogg,ogg,normalized
sfx_digital_sounds_60_sounds_zapthreetoneup,sfx,Digital sounds (60 sounds),root,assetdirectory/audio/kenney_repo/Audio (295 files)/Digital sounds (60 sounds)/zapThreeToneUp.ogg,assetdirectory/audio/normalized/sfx/digital_sounds_60_sounds/sfx_digital_sounds_60_sounds_zapthreetoneup.ogg,ogg,normalized
sfx_digital_sounds_60_sounds_zaptwotone,sfx,Digital sounds (60 sounds),root,assetdirectory/audio/kenney_repo/Audio (295 files)/Digital sounds (60 sounds)/zapTwoTone.ogg,assetdirectory/audio/normalized/sfx/digital_sounds_60_sounds/sfx_digital_sounds_60_sounds_zaptwotone.ogg,ogg,normalized
sfx_digital_sounds_60_sounds_zaptwotone2,sfx,Digital sounds (60 sounds),root,assetdirectory/audio/kenney_repo/Audio (295 files)/Digital sounds (60 sounds)/zapTwoTone2.ogg,assetdirectory/audio/normalized/sfx/digital_sounds_60_sounds/sfx_digital_sounds_60_sounds_zaptwotone2.ogg,ogg,normalized
sfx_jingle_sounds_85_sounds_jingles_hit_jingles_hit00,sfx,Jingle sounds (85 sounds),jingles_HIT,assetdirectory/audio/kenney_repo/Audio (295 files)/Jingle sounds (85 sounds)/jingles_HIT/jingles_HIT00.ogg,assetdirectory/audio/normalized/sfx/jingle_sounds_85_sounds/jingles_hit/sfx_jingle_sounds_85_sounds_jingles_hit_jingles_hit00.ogg,ogg,normalized
sfx_jingle_sounds_85_sounds_jingles_hit_jingles_hit01,sfx,Jingle sounds (85 sounds),jingles_HIT,assetdirectory/audio/kenney_repo/Audio (295 files)/Jingle sounds (85 sounds)/jingles_HIT/jingles_HIT01.ogg,assetdirectory/audio/normalized/sfx/jingle_sounds_85_sounds/jingles_hit/sfx_jingle_sounds_85_sounds_jingles_hit_jingles_hit01.ogg,ogg,normalized
sfx_jingle_sounds_85_sounds_jingles_hit_jingles_hit02,sfx,Jingle sounds (85 sounds),jingles_HIT,assetdirectory/audio/kenney_repo/Audio (295 files)/Jingle sounds (85 sounds)/jingles_HIT/jingles_HIT02.ogg,assetdirectory/audio/normalized/sfx/jingle_sounds_85_sounds/jingles_hit/sfx_jingle_sounds_85_sounds_jingles_hit_jingles_hit02.ogg,ogg,normalized
sfx_jingle_sounds_85_sounds_jingles_hit_jingles_hit03,sfx,Jingle sounds (85 sounds),jingles_HIT,assetdirectory/audio/kenney_repo/Audio (295 files)/Jingle sounds (85 sounds)/jingles_HIT/jingles_HIT03.ogg,assetdirectory/audio/normalized/sfx/jingle_sounds_85_sounds/jingles_hit/sfx_jingle_sounds_85_sounds_jingles_hit_jingles_hit03.ogg,ogg,normalized
sfx_jingle_sounds_85_sounds_jingles_hit_jingles_hit04,sfx,Jingle sounds (85 sounds),jingles_HIT,assetdirectory/audio/kenney_repo/Audio (295 files)/Jingle sounds (85 sounds)/jingles_HIT/jingles_HIT04.ogg,assetdirectory/audio/normalized/sfx/jingle_sounds_85_sounds/jingles_hit/sfx_jingle_sounds_85_sounds_jingles_hit_jingles_hit04.ogg,ogg,normalized
sfx_jingle_sounds_85_sounds_jingles_hit_jingles_hit05,sfx,Jingle sounds (85 sounds),jingles_HIT,assetdirectory/audio/kenney_repo/Audio (295 files)/Jingle sounds (85 sounds)/jingles_HIT/jingles_HIT05.ogg,assetdirectory/audio/normalized/sfx/jingle_sounds_85_sounds/jingles_hit/sfx_jingle_sounds_85_sounds_jingles_hit_jingles_hit05.ogg,ogg,normalized
sfx_jingle_sounds_85_sounds_jingles_hit_jingles_hit06,sfx,Jingle sounds (85 sounds),jingles_HIT,assetdirectory/audio/kenney_repo/Audio (295 files)/Jingle sounds (85 sounds)/jingles_HIT/jingles_HIT06.ogg,assetdirectory/audio/normalized/sfx/jingle_sounds_85_sounds/jingles_hit/sfx_jingle_sounds_85_sounds_jingles_hit_jingles_hit06.ogg,ogg,normalized
sfx_jingle_sounds_85_sounds_jingles_hit_jingles_hit07,sfx,Jingle sounds (85 sounds),jingles_HIT,assetdirectory/audio/kenney_repo/Audio (295 files)/Jingle sounds (85 sounds)/jingles_HIT/jingles_HIT07.ogg,assetdirectory/audio/normalized/sfx/jingle_sounds_85_sounds/jingles_hit/sfx_jingle_sounds_85_sounds_jingles_hit_jingles_hit07.ogg,ogg,normalized
sfx_jingle_sounds_85_sounds_jingles_hit_jingles_hit08,sfx,Jingle sounds (85 sounds),jingles_HIT,assetdirectory/audio/kenney_repo/Audio (295 files)/Jingle sounds (85 sounds)/jingles_HIT/jingles_HIT08.ogg,assetdirectory/audio/normalized/sfx/jingle_sounds_85_sounds/jingles_hit/sfx_jingle_sounds_85_sounds_jingles_hit_jingles_hit08.ogg,ogg,normalized
sfx_jingle_sounds_85_sounds_jingles_hit_jingles_hit09,sfx,Jingle sounds (85 sounds),jingles_HIT,assetdirectory/audio/kenney_repo/Audio (295 files)/Jingle sounds (85 sounds)/jingles_HIT/jingles_HIT09.ogg,assetdirectory/audio/normalized/sfx/jingle_sounds_85_sounds/jingles_hit/sfx_jingle_sounds_85_sounds_jingles_hit_jingles_hit09.ogg,ogg,normalized
sfx_jingle_sounds_85_sounds_jingles_hit_jingles_hit10,sfx,Jingle sounds (85 sounds),jingles_HIT,assetdirectory/audio/kenney_repo/Audio (295 files)/Jingle sounds (85 sounds)/jingles_HIT/jingles_HIT10.ogg,assetdirectory/audio/normalized/sfx/jingle_sounds_85_sounds/jingles_hit/sfx_jingle_sounds_85_sounds_jingles_hit_jingles_hit10.ogg,ogg,normalized
sfx_jingle_sounds_85_sounds_jingles_hit_jingles_hit11,sfx,Jingle sounds (85 sounds),jingles_HIT,assetdirectory/audio/kenney_repo/Audio (295 files)/Jingle sounds (85 sounds)/jingles_HIT/jingles_HIT11.ogg,assetdirectory/audio/normalized/sfx/jingle_sounds_85_sounds/jingles_hit/sfx_jingle_sounds_85_sounds_jingles_hit_jingles_hit11.ogg,ogg,normalized
sfx_jingle_sounds_85_sounds_jingles_hit_jingles_hit12,sfx,Jingle sounds (85 sounds),jingles_HIT,assetdirectory/audio/kenney_repo/Audio (295 files)/Jingle sounds (85 sounds)/jingles_HIT/jingles_HIT12.ogg,assetdirectory/audio/normalized/sfx/jingle_sounds_85_sounds/jingles_hit/sfx_jingle_sounds_85_sounds_jingles_hit_jingles_hit12.ogg,ogg,normalized
sfx_jingle_sounds_85_sounds_jingles_hit_jingles_hit13,sfx,Jingle sounds (85 sounds),jingles_HIT,assetdirectory/audio/kenney_repo/Audio (295 files)/Jingle sounds (85 sounds)/jingles_HIT/jingles_HIT13.ogg,assetdirectory/audio/normalized/sfx/jingle_sounds_85_sounds/jingles_hit/sfx_jingle_sounds_85_sounds_jingles_hit_jingles_hit13.ogg,ogg,normalized
sfx_jingle_sounds_85_sounds_jingles_hit_jingles_hit14,sfx,Jingle sounds (85 sounds),jingles_HIT,assetdirectory/audio/kenney_repo/Audio (295 files)/Jingle sounds (85 sounds)/jingles_HIT/jingles_HIT14.ogg,assetdirectory/audio/normalized/sfx/jingle_sounds_85_sounds/jingles_hit/sfx_jingle_sounds_85_sounds_jingles_hit_jingles_hit14.ogg,ogg,normalized
sfx_jingle_sounds_85_sounds_jingles_hit_jingles_hit15,sfx,Jingle sounds (85 sounds),jingles_HIT,assetdirectory/audio/kenney_repo/Audio (295 files)/Jingle sounds (85 sounds)/jingles_HIT/jingles_HIT15.ogg,assetdirectory/audio/normalized/sfx/jingle_sounds_85_sounds/jingles_hit/sfx_jingle_sounds_85_sounds_jingles_hit_jingles_hit15.ogg,ogg,normalized
sfx_jingle_sounds_85_sounds_jingles_hit_jingles_hit16,sfx,Jingle sounds (85 sounds),jingles_HIT,assetdirectory/audio/kenney_repo/Audio (295 files)/Jingle sounds (85 sounds)/jingles_HIT/jingles_HIT16.ogg,assetdirectory/audio/normalized/sfx/jingle_sounds_85_sounds/jingles_hit/sfx_jingle_sounds_85_sounds_jingles_hit_jingles_hit16.ogg,ogg,normalized
sfx_jingle_sounds_85_sounds_jingles_nes_jingles_nes00,sfx,Jingle sounds (85 sounds),jingles_NES,assetdirectory/audio/kenney_repo/Audio (295 files)/Jingle sounds (85 sounds)/jingles_NES/jingles_NES00.ogg,assetdirectory/audio/normalized/sfx/jingle_sounds_85_sounds/jingles_nes/sfx_jingle_sounds_85_sounds_jingles_nes_jingles_nes00.ogg,ogg,normalized
sfx_jingle_sounds_85_sounds_jingles_nes_jingles_nes01,sfx,Jingle sounds (85 sounds),jingles_NES,assetdirectory/audio/kenney_repo/Audio (295 files)/Jingle sounds (85 sounds)/jingles_NES/jingles_NES01.ogg,assetdirectory/audio/normalized/sfx/jingle_sounds_85_sounds/jingles_nes/sfx_jingle_sounds_85_sounds_jingles_nes_jingles_nes01.ogg,ogg,normalized
sfx_jingle_sounds_85_sounds_jingles_nes_jingles_nes02,sfx,Jingle sounds (85 sounds),jingles_NES,assetdirectory/audio/kenney_repo/Audio (295 files)/Jingle sounds (85 sounds)/jingles_NES/jingles_NES02.ogg,assetdirectory/audio/normalized/sfx/jingle_sounds_85_sounds/jingles_nes/sfx_jingle_sounds_85_sounds_jingles_nes_jingles_nes02.ogg,ogg,normalized
sfx_jingle_sounds_85_sounds_jingles_nes_jingles_nes03,sfx,Jingle sounds (85 sounds),jingles_NES,assetdirectory/audio/kenney_repo/Audio (295 files)/Jingle sounds (85 sounds)/jingles_NES/jingles_NES03.ogg,assetdirectory/audio/normalized/sfx/jingle_sounds_85_sounds/jingles_nes/sfx_jingle_sounds_85_sounds_jingles_nes_jingles_nes03.ogg,ogg,normalized
sfx_jingle_sounds_85_sounds_jingles_nes_jingles_nes04,sfx,Jingle sounds (85 sounds),jingles_NES,assetdirectory/audio/kenney_repo/Audio (295 files)/Jingle sounds (85 sounds)/jingles_NES/jingles_NES04.ogg,assetdirectory/audio/normalized/sfx/jingle_sounds_85_sounds/jingles_nes/sfx_jingle_sounds_85_sounds_jingles_nes_jingles_nes04.ogg,ogg,normalized
sfx_jingle_sounds_85_sounds_jingles_nes_jingles_nes05,sfx,Jingle sounds (85 sounds),jingles_NES,assetdirectory/audio/kenney_repo/Audio (295 files)/Jingle sounds (85 sounds)/jingles_NES/jingles_NES05.ogg,assetdirectory/audio/normalized/sfx/jingle_sounds_85_sounds/jingles_nes/sfx_jingle_sounds_85_sounds_jingles_nes_jingles_nes05.ogg,ogg,normalized
sfx_jingle_sounds_85_sounds_jingles_nes_jingles_nes06,sfx,Jingle sounds (85 sounds),jingles_NES,assetdirectory/audio/kenney_repo/Audio (295 files)/Jingle sounds (85 sounds)/jingles_NES/jingles_NES06.ogg,assetdirectory/audio/normalized/sfx/jingle_sounds_85_sounds/jingles_nes/sfx_jingle_sounds_85_sounds_jingles_nes_jingles_nes06.ogg,ogg,normalized
sfx_jingle_sounds_85_sounds_jingles_nes_jingles_nes07,sfx,Jingle sounds (85 sounds),jingles_NES,assetdirectory/audio/kenney_repo/Audio (295 files)/Jingle sounds (85 sounds)/jingles_NES/jingles_NES07.ogg,assetdirectory/audio/normalized/sfx/jingle_sounds_85_sounds/jingles_nes/sfx_jingle_sounds_85_sounds_jingles_nes_jingles_nes07.ogg,ogg,normalized
sfx_jingle_sounds_85_sounds_jingles_nes_jingles_nes08,sfx,Jingle sounds (85 sounds),jingles_NES,assetdirectory/audio/kenney_repo/Audio (295 files)/Jingle sounds (85 sounds)/jingles_NES/jingles_NES08.ogg,assetdirectory/audio/normalized/sfx/jingle_sounds_85_sounds/jingles_nes/sfx_jingle_sounds_85_sounds_jingles_nes_jingles_nes08.ogg,ogg,normalized
sfx_jingle_sounds_85_sounds_jingles_nes_jingles_nes09,sfx,Jingle sounds (85 sounds),jingles_NES,assetdirectory/audio/kenney_repo/Audio (295 files)/Jingle sounds (85 sounds)/jingles_NES/jingles_NES09.ogg,assetdirectory/audio/normalized/sfx/jingle_sounds_85_sounds/jingles_nes/sfx_jingle_sounds_85_sounds_jingles_nes_jingles_nes09.ogg,ogg,normalized
sfx_jingle_sounds_85_sounds_jingles_nes_jingles_nes10,sfx,Jingle sounds (85 sounds),jingles_NES,assetdirectory/audio/kenney_repo/Audio (295 files)/Jingle sounds (85 sounds)/jingles_NES/jingles_NES10.ogg,assetdirectory/audio/normalized/sfx/jingle_sounds_85_sounds/jingles_nes/sfx_jingle_sounds_85_sounds_jingles_nes_jingles_nes10.ogg,ogg,normalized
sfx_jingle_sounds_85_sounds_jingles_nes_jingles_nes11,sfx,Jingle sounds (85 sounds),jingles_NES,assetdirectory/audio/kenney_repo/Audio (295 files)/Jingle sounds (85 sounds)/jingles_NES/jingles_NES11.ogg,assetdirectory/audio/normalized/sfx/jingle_sounds_85_sounds/jingles_nes/sfx_jingle_sounds_85_sounds_jingles_nes_jingles_nes11.ogg,ogg,normalized
sfx_jingle_sounds_85_sounds_jingles_nes_jingles_nes12,sfx,Jingle sounds (85 sounds),jingles_NES,assetdirectory/audio/kenney_repo/Audio (295 files)/Jingle sounds (85 sounds)/jingles_NES/jingles_NES12.ogg,assetdirectory/audio/normalized/sfx/jingle_sounds_85_sounds/jingles_nes/sfx_jingle_sounds_85_sounds_jingles_nes_jingles_nes12.ogg,ogg,normalized
sfx_jingle_sounds_85_sounds_jingles_nes_jingles_nes13,sfx,Jingle sounds (85 sounds),jingles_NES,assetdirectory/audio/kenney_repo/Audio (295 files)/Jingle sounds (85 sounds)/jingles_NES/jingles_NES13.ogg,assetdirectory/audio/normalized/sfx/jingle_sounds_85_sounds/jingles_nes/sfx_jingle_sounds_85_sounds_jingles_nes_jingles_nes13.ogg,ogg,normalized
sfx_jingle_sounds_85_sounds_jingles_nes_jingles_nes14,sfx,Jingle sounds (85 sounds),jingles_NES,assetdirectory/audio/kenney_repo/Audio (295 files)/Jingle sounds (85 sounds)/jingles_NES/jingles_NES14.ogg,assetdirectory/audio/normalized/sfx/jingle_sounds_85_sounds/jingles_nes/sfx_jingle_sounds_85_sounds_jingles_nes_jingles_nes14.ogg,ogg,normalized
sfx_jingle_sounds_85_sounds_jingles_nes_jingles_nes15,sfx,Jingle sounds (85 sounds),jingles_NES,assetdirectory/audio/kenney_repo/Audio (295 files)/Jingle sounds (85 sounds)/jingles_NES/jingles_NES15.ogg,assetdirectory/audio/normalized/sfx/jingle_sounds_85_sounds/jingles_nes/sfx_jingle_sounds_85_sounds_jingles_nes_jingles_nes15.ogg,ogg,normalized
sfx_jingle_sounds_85_sounds_jingles_nes_jingles_nes16,sfx,Jingle sounds (85 sounds),jingles_NES,assetdirectory/audio/kenney_repo/Audio (295 files)/Jingle sounds (85 sounds)/jingles_NES/jingles_NES16.ogg,assetdirectory/audio/normalized/sfx/jingle_sounds_85_sounds/jingles_nes/sfx_jingle_sounds_85_sounds_jingles_nes_jingles_nes16.ogg,ogg,normalized
sfx_jingle_sounds_85_sounds_jingles_pizza_jingles_pizza00,sfx,Jingle sounds (85 sounds),jingles_PIZZA,assetdirectory/audio/kenney_repo/Audio (295 files)/Jingle sounds (85 sounds)/jingles_PIZZA/jingles_PIZZA00.ogg,assetdirectory/audio/normalized/sfx/jingle_sounds_85_sounds/jingles_pizza/sfx_jingle_sounds_85_sounds_jingles_pizza_jingles_pizza00.ogg,ogg,normalized
sfx_jingle_sounds_85_sounds_jingles_pizza_jingles_pizza01,sfx,Jingle sounds (85 sounds),jingles_PIZZA,assetdirectory/audio/kenney_repo/Audio (295 files)/Jingle sounds (85 sounds)/jingles_PIZZA/jingles_PIZZA01.ogg,assetdirectory/audio/normalized/sfx/jingle_sounds_85_sounds/jingles_pizza/sfx_jingle_sounds_85_sounds_jingles_pizza_jingles_pizza01.ogg,ogg,normalized
sfx_jingle_sounds_85_sounds_jingles_pizza_jingles_pizza02,sfx,Jingle sounds (85 sounds),jingles_PIZZA,assetdirectory/audio/kenney_repo/Audio (295 files)/Jingle sounds (85 sounds)/jingles_PIZZA/jingles_PIZZA02.ogg,assetdirectory/audio/normalized/sfx/jingle_sounds_85_sounds/jingles_pizza/sfx_jingle_sounds_85_sounds_jingles_pizza_jingles_pizza02.ogg,ogg,normalized
sfx_jingle_sounds_85_sounds_jingles_pizza_jingles_pizza03,sfx,Jingle sounds (85 sounds),jingles_PIZZA,assetdirectory/audio/kenney_repo/Audio (295 files)/Jingle sounds (85 sounds)/jingles_PIZZA/jingles_PIZZA03.ogg,assetdirectory/audio/normalized/sfx/jingle_sounds_85_sounds/jingles_pizza/sfx_jingle_sounds_85_sounds_jingles_pizza_jingles_pizza03.ogg,ogg,normalized
sfx_jingle_sounds_85_sounds_jingles_pizza_jingles_pizza04,sfx,Jingle sounds (85 sounds),jingles_PIZZA,assetdirectory/audio/kenney_repo/Audio (295 files)/Jingle sounds (85 sounds)/jingles_PIZZA/jingles_PIZZA04.ogg,assetdirectory/audio/normalized/sfx/jingle_sounds_85_sounds/jingles_pizza/sfx_jingle_sounds_85_sounds_jingles_pizza_jingles_pizza04.ogg,ogg,normalized
sfx_jingle_sounds_85_sounds_jingles_pizza_jingles_pizza05,sfx,Jingle sounds (85 sounds),jingles_PIZZA,assetdirectory/audio/kenney_repo/Audio (295 files)/Jingle sounds (85 sounds)/jingles_PIZZA/jingles_PIZZA05.ogg,assetdirectory/audio/normalized/sfx/jingle_sounds_85_sounds/jingles_pizza/sfx_jingle_sounds_85_sounds_jingles_pizza_jingles_pizza05.ogg,ogg,normalized
sfx_jingle_sounds_85_sounds_jingles_pizza_jingles_pizza06,sfx,Jingle sounds (85 sounds),jingles_PIZZA,assetdirectory/audio/kenney_repo/Audio (295 files)/Jingle sounds (85 sounds)/jingles_PIZZA/jingles_PIZZA06.ogg,assetdirectory/audio/normalized/sfx/jingle_sounds_85_sounds/jingles_pizza/sfx_jingle_sounds_85_sounds_jingles_pizza_jingles_pizza06.ogg,ogg,normalized
sfx_jingle_sounds_85_sounds_jingles_pizza_jingles_pizza07,sfx,Jingle sounds (85 sounds),jingles_PIZZA,assetdirectory/audio/kenney_repo/Audio (295 files)/Jingle sounds (85 sounds)/jingles_PIZZA/jingles_PIZZA07.ogg,assetdirectory/audio/normalized/sfx/jingle_sounds_85_sounds/jingles_pizza/sfx_jingle_sounds_85_sounds_jingles_pizza_jingles_pizza07.ogg,ogg,normalized
sfx_jingle_sounds_85_sounds_jingles_pizza_jingles_pizza08,sfx,Jingle sounds (85 sounds),jingles_PIZZA,assetdirectory/audio/kenney_repo/Audio (295 files)/Jingle sounds (85 sounds)/jingles_PIZZA/jingles_PIZZA08.ogg,assetdirectory/audio/normalized/sfx/jingle_sounds_85_sounds/jingles_pizza/sfx_jingle_sounds_85_sounds_jingles_pizza_jingles_pizza08.ogg,ogg,normalized
sfx_jingle_sounds_85_sounds_jingles_pizza_jingles_pizza09,sfx,Jingle sounds (85 sounds),jingles_PIZZA,assetdirectory/audio/kenney_repo/Audio (295 files)/Jingle sounds (85 sounds)/jingles_PIZZA/jingles_PIZZA09.ogg,assetdirectory/audio/normalized/sfx/jingle_sounds_85_sounds/jingles_pizza/sfx_jingle_sounds_85_sounds_jingles_pizza_jingles_pizza09.ogg,ogg,normalized
sfx_jingle_sounds_85_sounds_jingles_pizza_jingles_pizza10,sfx,Jingle sounds (85 sounds),jingles_PIZZA,assetdirectory/audio/kenney_repo/Audio (295 files)/Jingle sounds (85 sounds)/jingles_PIZZA/jingles_PIZZA10.ogg,assetdirectory/audio/normalized/sfx/jingle_sounds_85_sounds/jingles_pizza/sfx_jingle_sounds_85_sounds_jingles_pizza_jingles_pizza10.ogg,ogg,normalized
sfx_jingle_sounds_85_sounds_jingles_pizza_jingles_pizza11,sfx,Jingle sounds (85 sounds),jingles_PIZZA,assetdirectory/audio/kenney_repo/Audio (295 files)/Jingle sounds (85 sounds)/jingles_PIZZA/jingles_PIZZA11.ogg,assetdirectory/audio/normalized/sfx/jingle_sounds_85_sounds/jingles_pizza/sfx_jingle_sounds_85_sounds_jingles_pizza_jingles_pizza11.ogg,ogg,normalized
sfx_jingle_sounds_85_sounds_jingles_pizza_jingles_pizza12,sfx,Jingle sounds (85 sounds),jingles_PIZZA,assetdirectory/audio/kenney_repo/Audio (295 files)/Jingle sounds (85 sounds)/jingles_PIZZA/jingles_PIZZA12.ogg,assetdirectory/audio/normalized/sfx/jingle_sounds_85_sounds/jingles_pizza/sfx_jingle_sounds_85_sounds_jingles_pizza_jingles_pizza12.ogg,ogg,normalized
sfx_jingle_sounds_85_sounds_jingles_pizza_jingles_pizza13,sfx,Jingle sounds (85 sounds),jingles_PIZZA,assetdirectory/audio/kenney_repo/Audio (295 files)/Jingle sounds (85 sounds)/jingles_PIZZA/jingles_PIZZA13.ogg,assetdirectory/audio/normalized/sfx/jingle_sounds_85_sounds/jingles_pizza/sfx_jingle_sounds_85_sounds_jingles_pizza_jingles_pizza13.ogg,ogg,normalized
sfx_jingle_sounds_85_sounds_jingles_pizza_jingles_pizza14,sfx,Jingle sounds (85 sounds),jingles_PIZZA,assetdirectory/audio/kenney_repo/Audio (295 files)/Jingle sounds (85 sounds)/jingles_PIZZA/jingles_PIZZA14.ogg,assetdirectory/audio/normalized/sfx/jingle_sounds_85_sounds/jingles_pizza/sfx_jingle_sounds_85_sounds_jingles_pizza_jingles_pizza14.ogg,ogg,normalized
sfx_jingle_sounds_85_sounds_jingles_pizza_jingles_pizza15,sfx,Jingle sounds (85 sounds),jingles_PIZZA,assetdirectory/audio/kenney_repo/Audio (295 files)/Jingle sounds (85 sounds)/jingles_PIZZA/jingles_PIZZA15.ogg,assetdirectory/audio/normalized/sfx/jingle_sounds_85_sounds/jingles_pizza/sfx_jingle_sounds_85_sounds_jingles_pizza_jingles_pizza15.ogg,ogg,normalized
sfx_jingle_sounds_85_sounds_jingles_pizza_jingles_pizza16,sfx,Jingle sounds (85 sounds),jingles_PIZZA,assetdirectory/audio/kenney_repo/Audio (295 files)/Jingle sounds (85 sounds)/jingles_PIZZA/jingles_PIZZA16.ogg,assetdirectory/audio/normalized/sfx/jingle_sounds_85_sounds/jingles_pizza/sfx_jingle_sounds_85_sounds_jingles_pizza_jingles_pizza16.ogg,ogg,normalized
sfx_jingle_sounds_85_sounds_jingles_sax_jingles_sax00,sfx,Jingle sounds (85 sounds),jingles_SAX,assetdirectory/audio/kenney_repo/Audio (295 files)/Jingle sounds (85 sounds)/jingles_SAX/jingles_SAX00.ogg,assetdirectory/audio/normalized/sfx/jingle_sounds_85_sounds/jingles_sax/sfx_jingle_sounds_85_sounds_jingles_sax_jingles_sax00.ogg,ogg,normalized
sfx_jingle_sounds_85_sounds_jingles_sax_jingles_sax01,sfx,Jingle sounds (85 sounds),jingles_SAX,assetdirectory/audio/kenney_repo/Audio (295 files)/Jingle sounds (85 sounds)/jingles_SAX/jingles_SAX01.ogg,assetdirectory/audio/normalized/sfx/jingle_sounds_85_sounds/jingles_sax/sfx_jingle_sounds_85_sounds_jingles_sax_jingles_sax01.ogg,ogg,normalized
sfx_jingle_sounds_85_sounds_jingles_sax_jingles_sax02,sfx,Jingle sounds (85 sounds),jingles_SAX,assetdirectory/audio/kenney_repo/Audio (295 files)/Jingle sounds (85 sounds)/jingles_SAX/jingles_SAX02.ogg,assetdirectory/audio/normalized/sfx/jingle_sounds_85_sounds/jingles_sax/sfx_jingle_sounds_85_sounds_jingles_sax_jingles_sax02.ogg,ogg,normalized
sfx_jingle_sounds_85_sounds_jingles_sax_jingles_sax03,sfx,Jingle sounds (85 sounds),jingles_SAX,assetdirectory/audio/kenney_repo/Audio (295 files)/Jingle sounds (85 sounds)/jingles_SAX/jingles_SAX03.ogg,assetdirectory/audio/normalized/sfx/jingle_sounds_85_sounds/jingles_sax/sfx_jingle_sounds_85_sounds_jingles_sax_jingles_sax03.ogg,ogg,normalized
sfx_jingle_sounds_85_sounds_jingles_sax_jingles_sax04,sfx,Jingle sounds (85 sounds),jingles_SAX,assetdirectory/audio/kenney_repo/Audio (295 files)/Jingle sounds (85 sounds)/jingles_SAX/jingles_SAX04.ogg,assetdirectory/audio/normalized/sfx/jingle_sounds_85_sounds/jingles_sax/sfx_jingle_sounds_85_sounds_jingles_sax_jingles_sax04.ogg,ogg,normalized
sfx_jingle_sounds_85_sounds_jingles_sax_jingles_sax05,sfx,Jingle sounds (85 sounds),jingles_SAX,assetdirectory/audio/kenney_repo/Audio (295 files)/Jingle sounds (85 sounds)/jingles_SAX/jingles_SAX05.ogg,assetdirectory/audio/normalized/sfx/jingle_sounds_85_sounds/jingles_sax/sfx_jingle_sounds_85_sounds_jingles_sax_jingles_sax05.ogg,ogg,normalized
sfx_jingle_sounds_85_sounds_jingles_sax_jingles_sax06,sfx,Jingle sounds (85 sounds),jingles_SAX,assetdirectory/audio/kenney_repo/Audio (295 files)/Jingle sounds (85 sounds)/jingles_SAX/jingles_SAX06.ogg,assetdirectory/audio/normalized/sfx/jingle_sounds_85_sounds/jingles_sax/sfx_jingle_sounds_85_sounds_jingles_sax_jingles_sax06.ogg,ogg,normalized
sfx_jingle_sounds_85_sounds_jingles_sax_jingles_sax07,sfx,Jingle sounds (85 sounds),jingles_SAX,assetdirectory/audio/kenney_repo/Audio (295 files)/Jingle sounds (85 sounds)/jingles_SAX/jingles_SAX07.ogg,assetdirectory/audio/normalized/sfx/jingle_sounds_85_sounds/jingles_sax/sfx_jingle_sounds_85_sounds_jingles_sax_jingles_sax07.ogg,ogg,normalized
sfx_jingle_sounds_85_sounds_jingles_sax_jingles_sax08,sfx,Jingle sounds (85 sounds),jingles_SAX,assetdirectory/audio/kenney_repo/Audio (295 files)/Jingle sounds (85 sounds)/jingles_SAX/jingles_SAX08.ogg,assetdirectory/audio/normalized/sfx/jingle_sounds_85_sounds/jingles_sax/sfx_jingle_sounds_85_sounds_jingles_sax_jingles_sax08.ogg,ogg,normalized
sfx_jingle_sounds_85_sounds_jingles_sax_jingles_sax09,sfx,Jingle sounds (85 sounds),jingles_SAX,assetdirectory/audio/kenney_repo/Audio (295 files)/Jingle sounds (85 sounds)/jingles_SAX/jingles_SAX09.ogg,assetdirectory/audio/normalized/sfx/jingle_sounds_85_sounds/jingles_sax/sfx_jingle_sounds_85_sounds_jingles_sax_jingles_sax09.ogg,ogg,normalized
sfx_jingle_sounds_85_sounds_jingles_sax_jingles_sax10,sfx,Jingle sounds (85 sounds),jingles_SAX,assetdirectory/audio/kenney_repo/Audio (295 files)/Jingle sounds (85 sounds)/jingles_SAX/jingles_SAX10.ogg,assetdirectory/audio/normalized/sfx/jingle_sounds_85_sounds/jingles_sax/sfx_jingle_sounds_85_sounds_jingles_sax_jingles_sax10.ogg,ogg,normalized
sfx_jingle_sounds_85_sounds_jingles_sax_jingles_sax11,sfx,Jingle sounds (85 sounds),jingles_SAX,assetdirectory/audio/kenney_repo/Audio (295 files)/Jingle sounds (85 sounds)/jingles_SAX/jingles_SAX11.ogg,assetdirectory/audio/normalized/sfx/jingle_sounds_85_sounds/jingles_sax/sfx_jingle_sounds_85_sounds_jingles_sax_jingles_sax11.ogg,ogg,normalized
sfx_jingle_sounds_85_sounds_jingles_sax_jingles_sax12,sfx,Jingle sounds (85 sounds),jingles_SAX,assetdirectory/audio/kenney_repo/Audio (295 files)/Jingle sounds (85 sounds)/jingles_SAX/jingles_SAX12.ogg,assetdirectory/audio/normalized/sfx/jingle_sounds_85_sounds/jingles_sax/sfx_jingle_sounds_85_sounds_jingles_sax_jingles_sax12.ogg,ogg,normalized
sfx_jingle_sounds_85_sounds_jingles_sax_jingles_sax13,sfx,Jingle sounds (85 sounds),jingles_SAX,assetdirectory/audio/kenney_repo/Audio (295 files)/Jingle sounds (85 sounds)/jingles_SAX/jingles_SAX13.ogg,assetdirectory/audio/normalized/sfx/jingle_sounds_85_sounds/jingles_sax/sfx_jingle_sounds_85_sounds_jingles_sax_jingles_sax13.ogg,ogg,normalized
sfx_jingle_sounds_85_sounds_jingles_sax_jingles_sax14,sfx,Jingle sounds (85 sounds),jingles_SAX,assetdirectory/audio/kenney_repo/Audio (295 files)/Jingle sounds (85 sounds)/jingles_SAX/jingles_SAX14.ogg,assetdirectory/audio/normalized/sfx/jingle_sounds_85_sounds/jingles_sax/sfx_jingle_sounds_85_sounds_jingles_sax_jingles_sax14.ogg,ogg,normalized
sfx_jingle_sounds_85_sounds_jingles_sax_jingles_sax15,sfx,Jingle sounds (85 sounds),jingles_SAX,assetdirectory/audio/kenney_repo/Audio (295 files)/Jingle sounds (85 sounds)/jingles_SAX/jingles_SAX15.ogg,assetdirectory/audio/normalized/sfx/jingle_sounds_85_sounds/jingles_sax/sfx_jingle_sounds_85_sounds_jingles_sax_jingles_sax15.ogg,ogg,normalized
sfx_jingle_sounds_85_sounds_jingles_sax_jingles_sax16,sfx,Jingle sounds (85 sounds),jingles_SAX,assetdirectory/audio/kenney_repo/Audio (295 files)/Jingle sounds (85 sounds)/jingles_SAX/jingles_SAX16.ogg,assetdirectory/audio/normalized/sfx/jingle_sounds_85_sounds/jingles_sax/sfx_jingle_sounds_85_sounds_jingles_sax_jingles_sax16.ogg,ogg,normalized
sfx_jingle_sounds_85_sounds_jingles_steel_jingles_steel00,sfx,Jingle sounds (85 sounds),jingles_STEEL,assetdirectory/audio/kenney_repo/Audio (295 files)/Jingle sounds (85 sounds)/jingles_STEEL/jingles_STEEL00.ogg,assetdirectory/audio/normalized/sfx/jingle_sounds_85_sounds/jingles_steel/sfx_jingle_sounds_85_sounds_jingles_steel_jingles_steel00.ogg,ogg,normalized
sfx_jingle_sounds_85_sounds_jingles_steel_jingles_steel01,sfx,Jingle sounds (85 sounds),jingles_STEEL,assetdirectory/audio/kenney_repo/Audio (295 files)/Jingle sounds (85 sounds)/jingles_STEEL/jingles_STEEL01.ogg,assetdirectory/audio/normalized/sfx/jingle_sounds_85_sounds/jingles_steel/sfx_jingle_sounds_85_sounds_jingles_steel_jingles_steel01.ogg,ogg,normalized
sfx_jingle_sounds_85_sounds_jingles_steel_jingles_steel02,sfx,Jingle sounds (85 sounds),jingles_STEEL,assetdirectory/audio/kenney_repo/Audio (295 files)/Jingle sounds (85 sounds)/jingles_STEEL/jingles_STEEL02.ogg,assetdirectory/audio/normalized/sfx/jingle_sounds_85_sounds/jingles_steel/sfx_jingle_sounds_85_sounds_jingles_steel_jingles_steel02.ogg,ogg,normalized
sfx_jingle_sounds_85_sounds_jingles_steel_jingles_steel03,sfx,Jingle sounds (85 sounds),jingles_STEEL,assetdirectory/audio/kenney_repo/Audio (295 files)/Jingle sounds (85 sounds)/jingles_STEEL/jingles_STEEL03.ogg,assetdirectory/audio/normalized/sfx/jingle_sounds_85_sounds/jingles_steel/sfx_jingle_sounds_85_sounds_jingles_steel_jingles_steel03.ogg,ogg,normalized
sfx_jingle_sounds_85_sounds_jingles_steel_jingles_steel04,sfx,Jingle sounds (85 sounds),jingles_STEEL,assetdirectory/audio/kenney_repo/Audio (295 files)/Jingle sounds (85 sounds)/jingles_STEEL/jingles_STEEL04.ogg,assetdirectory/audio/normalized/sfx/jingle_sounds_85_sounds/jingles_steel/sfx_jingle_sounds_85_sounds_jingles_steel_jingles_steel04.ogg,ogg,normalized
sfx_jingle_sounds_85_sounds_jingles_steel_jingles_steel05,sfx,Jingle sounds (85 sounds),jingles_STEEL,assetdirectory/audio/kenney_repo/Audio (295 files)/Jingle sounds (85 sounds)/jingles_STEEL/jingles_STEEL05.ogg,assetdirectory/audio/normalized/sfx/jingle_sounds_85_sounds/jingles_steel/sfx_jingle_sounds_85_sounds_jingles_steel_jingles_steel05.ogg,ogg,normalized
sfx_jingle_sounds_85_sounds_jingles_steel_jingles_steel06,sfx,Jingle sounds (85 sounds),jingles_STEEL,assetdirectory/audio/kenney_repo/Audio (295 files)/Jingle sounds (85 sounds)/jingles_STEEL/jingles_STEEL06.ogg,assetdirectory/audio/normalized/sfx/jingle_sounds_85_sounds/jingles_steel/sfx_jingle_sounds_85_sounds_jingles_steel_jingles_steel06.ogg,ogg,normalized
sfx_jingle_sounds_85_sounds_jingles_steel_jingles_steel07,sfx,Jingle sounds (85 sounds),jingles_STEEL,assetdirectory/audio/kenney_repo/Audio (295 files)/Jingle sounds (85 sounds)/jingles_STEEL/jingles_STEEL07.ogg,assetdirectory/audio/normalized/sfx/jingle_sounds_85_sounds/jingles_steel/sfx_jingle_sounds_85_sounds_jingles_steel_jingles_steel07.ogg,ogg,normalized
sfx_jingle_sounds_85_sounds_jingles_steel_jingles_steel08,sfx,Jingle sounds (85 sounds),jingles_STEEL,assetdirectory/audio/kenney_repo/Audio (295 files)/Jingle sounds (85 sounds)/jingles_STEEL/jingles_STEEL08.ogg,assetdirectory/audio/normalized/sfx/jingle_sounds_85_sounds/jingles_steel/sfx_jingle_sounds_85_sounds_jingles_steel_jingles_steel08.ogg,ogg,normalized
sfx_jingle_sounds_85_sounds_jingles_steel_jingles_steel09,sfx,Jingle sounds (85 sounds),jingles_STEEL,assetdirectory/audio/kenney_repo/Audio (295 files)/Jingle sounds (85 sounds)/jingles_STEEL/jingles_STEEL09.ogg,assetdirectory/audio/normalized/sfx/jingle_sounds_85_sounds/jingles_steel/sfx_jingle_sounds_85_sounds_jingles_steel_jingles_steel09.ogg,ogg,normalized
sfx_jingle_sounds_85_sounds_jingles_steel_jingles_steel10,sfx,Jingle sounds (85 sounds),jingles_STEEL,assetdirectory/audio/kenney_repo/Audio (295 files)/Jingle sounds (85 sounds)/jingles_STEEL/jingles_STEEL10.ogg,assetdirectory/audio/normalized/sfx/jingle_sounds_85_sounds/jingles_steel/sfx_jingle_sounds_85_sounds_jingles_steel_jingles_steel10.ogg,ogg,normalized
sfx_jingle_sounds_85_sounds_jingles_steel_jingles_steel11,sfx,Jingle sounds (85 sounds),jingles_STEEL,assetdirectory/audio/kenney_repo/Audio (295 files)/Jingle sounds (85 sounds)/jingles_STEEL/jingles_STEEL11.ogg,assetdirectory/audio/normalized/sfx/jingle_sounds_85_sounds/jingles_steel/sfx_jingle_sounds_85_sounds_jingles_steel_jingles_steel11.ogg,ogg,normalized
sfx_jingle_sounds_85_sounds_jingles_steel_jingles_steel12,sfx,Jingle sounds (85 sounds),jingles_STEEL,assetdirectory/audio/kenney_repo/Audio (295 files)/Jingle sounds (85 sounds)/jingles_STEEL/jingles_STEEL12.ogg,assetdirectory/audio/normalized/sfx/jingle_sounds_85_sounds/jingles_steel/sfx_jingle_sounds_85_sounds_jingles_steel_jingles_steel12.ogg,ogg,normalized
sfx_jingle_sounds_85_sounds_jingles_steel_jingles_steel13,sfx,Jingle sounds (85 sounds),jingles_STEEL,assetdirectory/audio/kenney_repo/Audio (295 files)/Jingle sounds (85 sounds)/jingles_STEEL/jingles_STEEL13.ogg,assetdirectory/audio/normalized/sfx/jingle_sounds_85_sounds/jingles_steel/sfx_jingle_sounds_85_sounds_jingles_steel_jingles_steel13.ogg,ogg,normalized
sfx_jingle_sounds_85_sounds_jingles_steel_jingles_steel14,sfx,Jingle sounds (85 sounds),jingles_STEEL,assetdirectory/audio/kenney_repo/Audio (295 files)/Jingle sounds (85 sounds)/jingles_STEEL/jingles_STEEL14.ogg,assetdirectory/audio/normalized/sfx/jingle_sounds_85_sounds/jingles_steel/sfx_jingle_sounds_85_sounds_jingles_steel_jingles_steel14.ogg,ogg,normalized
sfx_jingle_sounds_85_sounds_jingles_steel_jingles_steel15,sfx,Jingle sounds (85 sounds),jingles_STEEL,assetdirectory/audio/kenney_repo/Audio (295 files)/Jingle sounds (85 sounds)/jingles_STEEL/jingles_STEEL15.ogg,assetdirectory/audio/normalized/sfx/jingle_sounds_85_sounds/jingles_steel/sfx_jingle_sounds_85_sounds_jingles_steel_jingles_steel15.ogg,ogg,normalized
sfx_jingle_sounds_85_sounds_jingles_steel_jingles_steel16,sfx,Jingle sounds (85 sounds),jingles_STEEL,assetdirectory/audio/kenney_repo/Audio (295 files)/Jingle sounds (85 sounds)/jingles_STEEL/jingles_STEEL16.ogg,assetdirectory/audio/normalized/sfx/jingle_sounds_85_sounds/jingles_steel/sfx_jingle_sounds_85_sounds_jingles_steel_jingles_steel16.ogg,ogg,normalized
sfx_rpg_sounds_50_sounds_belthandle1,sfx,RPG sounds (50 sounds),root,assetdirectory/audio/kenney_repo/Audio (295 files)/RPG sounds (50 sounds)/beltHandle1.ogg,assetdirectory/audio/normalized/sfx/rpg_sounds_50_sounds/sfx_rpg_sounds_50_sounds_belthandle1.ogg,ogg,normalized
sfx_rpg_sounds_50_sounds_belthandle2,sfx,RPG sounds (50 sounds),root,assetdirectory/audio/kenney_repo/Audio (295 files)/RPG sounds (50 sounds)/beltHandle2.ogg,assetdirectory/audio/normalized/sfx/rpg_sounds_50_sounds/sfx_rpg_sounds_50_sounds_belthandle2.ogg,ogg,normalized
sfx_rpg_sounds_50_sounds_bookclose,sfx,RPG sounds (50 sounds),root,assetdirectory/audio/kenney_repo/Audio (295 files)/RPG sounds (50 sounds)/bookClose.ogg,assetdirectory/audio/normalized/sfx/rpg_sounds_50_sounds/sfx_rpg_sounds_50_sounds_bookclose.ogg,ogg,normalized
sfx_rpg_sounds_50_sounds_bookflip1,sfx,RPG sounds (50 sounds),root,assetdirectory/audio/kenney_repo/Audio (295 files)/RPG sounds (50 sounds)/bookFlip1.ogg,assetdirectory/audio/normalized/sfx/rpg_sounds_50_sounds/sfx_rpg_sounds_50_sounds_bookflip1.ogg,ogg,normalized
sfx_rpg_sounds_50_sounds_bookflip2,sfx,RPG sounds (50 sounds),root,assetdirectory/audio/kenney_repo/Audio (295 files)/RPG sounds (50 sounds)/bookFlip2.ogg,assetdirectory/audio/normalized/sfx/rpg_sounds_50_sounds/sfx_rpg_sounds_50_sounds_bookflip2.ogg,ogg,normalized
sfx_rpg_sounds_50_sounds_bookflip3,sfx,RPG sounds (50 sounds),root,assetdirectory/audio/kenney_repo/Audio (295 files)/RPG sounds (50 sounds)/bookFlip3.ogg,assetdirectory/audio/normalized/sfx/rpg_sounds_50_sounds/sfx_rpg_sounds_50_sounds_bookflip3.ogg,ogg,normalized
sfx_rpg_sounds_50_sounds_bookopen,sfx,RPG sounds (50 sounds),root,assetdirectory/audio/kenney_repo/Audio (295 files)/RPG sounds (50 sounds)/bookOpen.ogg,assetdirectory/audio/normalized/sfx/rpg_sounds_50_sounds/sfx_rpg_sounds_50_sounds_bookopen.ogg,ogg,normalized
sfx_rpg_sounds_50_sounds_bookplace1,sfx,RPG sounds (50 sounds),root,assetdirectory/audio/kenney_repo/Audio (295 files)/RPG sounds (50 sounds)/bookPlace1.ogg,assetdirectory/audio/normalized/sfx/rpg_sounds_50_sounds/sfx_rpg_sounds_50_sounds_bookplace1.ogg,ogg,normalized
sfx_rpg_sounds_50_sounds_bookplace2,sfx,RPG sounds (50 sounds),root,assetdirectory/audio/kenney_repo/Audio (295 files)/RPG sounds (50 sounds)/bookPlace2.ogg,assetdirectory/audio/normalized/sfx/rpg_sounds_50_sounds/sfx_rpg_sounds_50_sounds_bookplace2.ogg,ogg,normalized
sfx_rpg_sounds_50_sounds_bookplace3,sfx,RPG sounds (50 sounds),root,assetdirectory/audio/kenney_repo/Audio (295 files)/RPG sounds (50 sounds)/bookPlace3.ogg,assetdirectory/audio/normalized/sfx/rpg_sounds_50_sounds/sfx_rpg_sounds_50_sounds_bookplace3.ogg,ogg,normalized
sfx_rpg_sounds_50_sounds_chop,sfx,RPG sounds (50 sounds),root,assetdirectory/audio/kenney_repo/Audio (295 files)/RPG sounds (50 sounds)/chop.ogg,assetdirectory/audio/normalized/sfx/rpg_sounds_50_sounds/sfx_rpg_sounds_50_sounds_chop.ogg,ogg,normalized
sfx_rpg_sounds_50_sounds_cloth1,sfx,RPG sounds (50 sounds),root,assetdirectory/audio/kenney_repo/Audio (295 files)/RPG sounds (50 sounds)/cloth1.ogg,assetdirectory/audio/normalized/sfx/rpg_sounds_50_sounds/sfx_rpg_sounds_50_sounds_cloth1.ogg,ogg,normalized
sfx_rpg_sounds_50_sounds_cloth2,sfx,RPG sounds (50 sounds),root,assetdirectory/audio/kenney_repo/Audio (295 files)/RPG sounds (50 sounds)/cloth2.ogg,assetdirectory/audio/normalized/sfx/rpg_sounds_50_sounds/sfx_rpg_sounds_50_sounds_cloth2.ogg,ogg,normalized
sfx_rpg_sounds_50_sounds_cloth3,sfx,RPG sounds (50 sounds),root,assetdirectory/audio/kenney_repo/Audio (295 files)/RPG sounds (50 sounds)/cloth3.ogg,assetdirectory/audio/normalized/sfx/rpg_sounds_50_sounds/sfx_rpg_sounds_50_sounds_cloth3.ogg,ogg,normalized
sfx_rpg_sounds_50_sounds_cloth4,sfx,RPG sounds (50 sounds),root,assetdirectory/audio/kenney_repo/Audio (295 files)/RPG sounds (50 sounds)/cloth4.ogg,assetdirectory/audio/normalized/sfx/rpg_sounds_50_sounds/sfx_rpg_sounds_50_sounds_cloth4.ogg,ogg,normalized
sfx_rpg_sounds_50_sounds_clothbelt,sfx,RPG sounds (50 sounds),root,assetdirectory/audio/kenney_repo/Audio (295 files)/RPG sounds (50 sounds)/clothBelt.ogg,assetdirectory/audio/normalized/sfx/rpg_sounds_50_sounds/sfx_rpg_sounds_50_sounds_clothbelt.ogg,ogg,normalized
sfx_rpg_sounds_50_sounds_clothbelt2,sfx,RPG sounds (50 sounds),root,assetdirectory/audio/kenney_repo/Audio (295 files)/RPG sounds (50 sounds)/clothBelt2.ogg,assetdirectory/audio/normalized/sfx/rpg_sounds_50_sounds/sfx_rpg_sounds_50_sounds_clothbelt2.ogg,ogg,normalized
sfx_rpg_sounds_50_sounds_creak1,sfx,RPG sounds (50 sounds),root,assetdirectory/audio/kenney_repo/Audio (295 files)/RPG sounds (50 sounds)/creak1.ogg,assetdirectory/audio/normalized/sfx/rpg_sounds_50_sounds/sfx_rpg_sounds_50_sounds_creak1.ogg,ogg,normalized
sfx_rpg_sounds_50_sounds_creak2,sfx,RPG sounds (50 sounds),root,assetdirectory/audio/kenney_repo/Audio (295 files)/RPG sounds (50 sounds)/creak2.ogg,assetdirectory/audio/normalized/sfx/rpg_sounds_50_sounds/sfx_rpg_sounds_50_sounds_creak2.ogg,ogg,normalized
sfx_rpg_sounds_50_sounds_creak3,sfx,RPG sounds (50 sounds),root,assetdirectory/audio/kenney_repo/Audio (295 files)/RPG sounds (50 sounds)/creak3.ogg,assetdirectory/audio/normalized/sfx/rpg_sounds_50_sounds/sfx_rpg_sounds_50_sounds_creak3.ogg,ogg,normalized
sfx_rpg_sounds_50_sounds_doorclose_1,sfx,RPG sounds (50 sounds),root,assetdirectory/audio/kenney_repo/Audio (295 files)/RPG sounds (50 sounds)/doorClose_1.ogg,assetdirectory/audio/normalized/sfx/rpg_sounds_50_sounds/sfx_rpg_sounds_50_sounds_doorclose_1.ogg,ogg,normalized
sfx_rpg_sounds_50_sounds_doorclose_2,sfx,RPG sounds (50 sounds),root,assetdirectory/audio/kenney_repo/Audio (295 files)/RPG sounds (50 sounds)/doorClose_2.ogg,assetdirectory/audio/normalized/sfx/rpg_sounds_50_sounds/sfx_rpg_sounds_50_sounds_doorclose_2.ogg,ogg,normalized
sfx_rpg_sounds_50_sounds_doorclose_3,sfx,RPG sounds (50 sounds),root,assetdirectory/audio/kenney_repo/Audio (295 files)/RPG sounds (50 sounds)/doorClose_3.ogg,assetdirectory/audio/normalized/sfx/rpg_sounds_50_sounds/sfx_rpg_sounds_50_sounds_doorclose_3.ogg,ogg,normalized
sfx_rpg_sounds_50_sounds_doorclose_4,sfx,RPG sounds (50 sounds),root,assetdirectory/audio/kenney_repo/Audio (295 files)/RPG sounds (50 sounds)/doorClose_4.ogg,assetdirectory/audio/normalized/sfx/rpg_sounds_50_sounds/sfx_rpg_sounds_50_sounds_doorclose_4.ogg,ogg,normalized
sfx_rpg_sounds_50_sounds_dooropen_1,sfx,RPG sounds (50 sounds),root,assetdirectory/audio/kenney_repo/Audio (295 files)/RPG sounds (50 sounds)/doorOpen_1.ogg,assetdirectory/audio/normalized/sfx/rpg_sounds_50_sounds/sfx_rpg_sounds_50_sounds_dooropen_1.ogg,ogg,normalized
sfx_rpg_sounds_50_sounds_dooropen_2,sfx,RPG sounds (50 sounds),root,assetdirectory/audio/kenney_repo/Audio (295 files)/RPG sounds (50 sounds)/doorOpen_2.ogg,assetdirectory/audio/normalized/sfx/rpg_sounds_50_sounds/sfx_rpg_sounds_50_sounds_dooropen_2.ogg,ogg,normalized
sfx_rpg_sounds_50_sounds_drawknife1,sfx,RPG sounds (50 sounds),root,assetdirectory/audio/kenney_repo/Audio (295 files)/RPG sounds (50 sounds)/drawKnife1.ogg,assetdirectory/audio/normalized/sfx/rpg_sounds_50_sounds/sfx_rpg_sounds_50_sounds_drawknife1.ogg,ogg,normalized
sfx_rpg_sounds_50_sounds_drawknife2,sfx,RPG sounds (50 sounds),root,assetdirectory/audio/kenney_repo/Audio (295 files)/RPG sounds (50 sounds)/drawKnife2.ogg,assetdirectory/audio/normalized/sfx/rpg_sounds_50_sounds/sfx_rpg_sounds_50_sounds_drawknife2.ogg,ogg,normalized
sfx_rpg_sounds_50_sounds_drawknife3,sfx,RPG sounds (50 sounds),root,assetdirectory/audio/kenney_repo/Audio (295 files)/RPG sounds (50 sounds)/drawKnife3.ogg,assetdirectory/audio/normalized/sfx/rpg_sounds_50_sounds/sfx_rpg_sounds_50_sounds_drawknife3.ogg,ogg,normalized
sfx_rpg_sounds_50_sounds_dropleather,sfx,RPG sounds (50 sounds),root,assetdirectory/audio/kenney_repo/Audio (295 files)/RPG sounds (50 sounds)/dropLeather.ogg,assetdirectory/audio/normalized/sfx/rpg_sounds_50_sounds/sfx_rpg_sounds_50_sounds_dropleather.ogg,ogg,normalized
sfx_rpg_sounds_50_sounds_footstep00,sfx,RPG sounds (50 sounds),root,assetdirectory/audio/kenney_repo/Audio (295 files)/RPG sounds (50 sounds)/footstep00.ogg,assetdirectory/audio/normalized/sfx/rpg_sounds_50_sounds/sfx_rpg_sounds_50_sounds_footstep00.ogg,ogg,normalized
sfx_rpg_sounds_50_sounds_footstep01,sfx,RPG sounds (50 sounds),root,assetdirectory/audio/kenney_repo/Audio (295 files)/RPG sounds (50 sounds)/footstep01.ogg,assetdirectory/audio/normalized/sfx/rpg_sounds_50_sounds/sfx_rpg_sounds_50_sounds_footstep01.ogg,ogg,normalized
sfx_rpg_sounds_50_sounds_footstep02,sfx,RPG sounds (50 sounds),root,assetdirectory/audio/kenney_repo/Audio (295 files)/RPG sounds (50 sounds)/footstep02.ogg,assetdirectory/audio/normalized/sfx/rpg_sounds_50_sounds/sfx_rpg_sounds_50_sounds_footstep02.ogg,ogg,normalized
sfx_rpg_sounds_50_sounds_footstep03,sfx,RPG sounds (50 sounds),root,assetdirectory/audio/kenney_repo/Audio (295 files)/RPG sounds (50 sounds)/footstep03.ogg,assetdirectory/audio/normalized/sfx/rpg_sounds_50_sounds/sfx_rpg_sounds_50_sounds_footstep03.ogg,ogg,normalized
sfx_rpg_sounds_50_sounds_footstep04,sfx,RPG sounds (50 sounds),root,assetdirectory/audio/kenney_repo/Audio (295 files)/RPG sounds (50 sounds)/footstep04.ogg,assetdirectory/audio/normalized/sfx/rpg_sounds_50_sounds/sfx_rpg_sounds_50_sounds_footstep04.ogg,ogg,normalized
sfx_rpg_sounds_50_sounds_footstep05,sfx,RPG sounds (50 sounds),root,assetdirectory/audio/kenney_repo/Audio (295 files)/RPG sounds (50 sounds)/footstep05.ogg,assetdirectory/audio/normalized/sfx/rpg_sounds_50_sounds/sfx_rpg_sounds_50_sounds_footstep05.ogg,ogg,normalized
sfx_rpg_sounds_50_sounds_footstep06,sfx,RPG sounds (50 sounds),root,assetdirectory/audio/kenney_repo/Audio (295 files)/RPG sounds (50 sounds)/footstep06.ogg,assetdirectory/audio/normalized/sfx/rpg_sounds_50_sounds/sfx_rpg_sounds_50_sounds_footstep06.ogg,ogg,normalized
sfx_rpg_sounds_50_sounds_footstep07,sfx,RPG sounds (50 sounds),root,assetdirectory/audio/kenney_repo/Audio (295 files)/RPG sounds (50 sounds)/footstep07.ogg,assetdirectory/audio/normalized/sfx/rpg_sounds_50_sounds/sfx_rpg_sounds_50_sounds_footstep07.ogg,ogg,normalized
sfx_rpg_sounds_50_sounds_footstep08,sfx,RPG sounds (50 sounds),root,assetdirectory/audio/kenney_repo/Audio (295 files)/RPG sounds (50 sounds)/footstep08.ogg,assetdirectory/audio/normalized/sfx/rpg_sounds_50_sounds/sfx_rpg_sounds_50_sounds_footstep08.ogg,ogg,normalized
sfx_rpg_sounds_50_sounds_footstep09,sfx,RPG sounds (50 sounds),root,assetdirectory/audio/kenney_repo/Audio (295 files)/RPG sounds (50 sounds)/footstep09.ogg,assetdirectory/audio/normalized/sfx/rpg_sounds_50_sounds/sfx_rpg_sounds_50_sounds_footstep09.ogg,ogg,normalized
sfx_rpg_sounds_50_sounds_handlecoins,sfx,RPG sounds (50 sounds),root,assetdirectory/audio/kenney_repo/Audio (295 files)/RPG sounds (50 sounds)/handleCoins.ogg,assetdirectory/audio/normalized/sfx/rpg_sounds_50_sounds/sfx_rpg_sounds_50_sounds_handlecoins.ogg,ogg,normalized
sfx_rpg_sounds_50_sounds_handlecoins2,sfx,RPG sounds (50 sounds),root,assetdirectory/audio/kenney_repo/Audio (295 files)/RPG sounds (50 sounds)/handleCoins2.ogg,assetdirectory/audio/normalized/sfx/rpg_sounds_50_sounds/sfx_rpg_sounds_50_sounds_handlecoins2.ogg,ogg,normalized
sfx_rpg_sounds_50_sounds_handlesmallleather,sfx,RPG sounds (50 sounds),root,assetdirectory/audio/kenney_repo/Audio (295 files)/RPG sounds (50 sounds)/handleSmallLeather.ogg,assetdirectory/audio/normalized/sfx/rpg_sounds_50_sounds/sfx_rpg_sounds_50_sounds_handlesmallleather.ogg,ogg,normalized
sfx_rpg_sounds_50_sounds_handlesmallleather2,sfx,RPG sounds (50 sounds),root,assetdirectory/audio/kenney_repo/Audio (295 files)/RPG sounds (50 sounds)/handleSmallLeather2.ogg,assetdirectory/audio/normalized/sfx/rpg_sounds_50_sounds/sfx_rpg_sounds_50_sounds_handlesmallleather2.ogg,ogg,normalized
sfx_rpg_sounds_50_sounds_knifeslice,sfx,RPG sounds (50 sounds),root,assetdirectory/audio/kenney_repo/Audio (295 files)/RPG sounds (50 sounds)/knifeSlice.ogg,assetdirectory/audio/normalized/sfx/rpg_sounds_50_sounds/sfx_rpg_sounds_50_sounds_knifeslice.ogg,ogg,normalized
sfx_rpg_sounds_50_sounds_knifeslice2,sfx,RPG sounds (50 sounds),root,assetdirectory/audio/kenney_repo/Audio (295 files)/RPG sounds (50 sounds)/knifeSlice2.ogg,assetdirectory/audio/normalized/sfx/rpg_sounds_50_sounds/sfx_rpg_sounds_50_sounds_knifeslice2.ogg,ogg,normalized
sfx_rpg_sounds_50_sounds_metalclick,sfx,RPG sounds (50 sounds),root,assetdirectory/audio/kenney_repo/Audio (295 files)/RPG sounds (50 sounds)/metalClick.ogg,assetdirectory/audio/normalized/sfx/rpg_sounds_50_sounds/sfx_rpg_sounds_50_sounds_metalclick.ogg,ogg,normalized
sfx_rpg_sounds_50_sounds_metallatch,sfx,RPG sounds (50 sounds),root,assetdirectory/audio/kenney_repo/Audio (295 files)/RPG sounds (50 sounds)/metalLatch.ogg,assetdirectory/audio/normalized/sfx/rpg_sounds_50_sounds/sfx_rpg_sounds_50_sounds_metallatch.ogg,ogg,normalized
sfx_rpg_sounds_50_sounds_metalpot1,sfx,RPG sounds (50 sounds),root,assetdirectory/audio/kenney_repo/Audio (295 files)/RPG sounds (50 sounds)/metalPot1.ogg,assetdirectory/audio/normalized/sfx/rpg_sounds_50_sounds/sfx_rpg_sounds_50_sounds_metalpot1.ogg,ogg,normalized
sfx_rpg_sounds_50_sounds_metalpot2,sfx,RPG sounds (50 sounds),root,assetdirectory/audio/kenney_repo/Audio (295 files)/RPG sounds (50 sounds)/metalPot2.ogg,assetdirectory/audio/normalized/sfx/rpg_sounds_50_sounds/sfx_rpg_sounds_50_sounds_metalpot2.ogg,ogg,normalized
sfx_rpg_sounds_50_sounds_metalpot3,sfx,RPG sounds (50 sounds),root,assetdirectory/audio/kenney_repo/Audio (295 files)/RPG sounds (50 sounds)/metalPot3.ogg,assetdirectory/audio/normalized/sfx/rpg_sounds_50_sounds/sfx_rpg_sounds_50_sounds_metalpot3.ogg,ogg,normalized
sfx_ui_sounds_50_sounds_click1,sfx,UI sounds (50 sounds),root,assetdirectory/audio/kenney_repo/Audio (295 files)/UI sounds (50 sounds)/click1.ogg,assetdirectory/audio/normalized/sfx/ui_sounds_50_sounds/sfx_ui_sounds_50_sounds_click1.ogg,ogg,normalized
sfx_ui_sounds_50_sounds_click2,sfx,UI sounds (50 sounds),root,assetdirectory/audio/kenney_repo/Audio (295 files)/UI sounds (50 sounds)/click2.ogg,assetdirectory/audio/normalized/sfx/ui_sounds_50_sounds/sfx_ui_sounds_50_sounds_click2.ogg,ogg,normalized
sfx_ui_sounds_50_sounds_click3,sfx,UI sounds (50 sounds),root,assetdirectory/audio/kenney_repo/Audio (295 files)/UI sounds (50 sounds)/click3.ogg,assetdirectory/audio/normalized/sfx/ui_sounds_50_sounds/sfx_ui_sounds_50_sounds_click3.ogg,ogg,normalized
sfx_ui_sounds_50_sounds_click4,sfx,UI sounds (50 sounds),root,assetdirectory/audio/kenney_repo/Audio (295 files)/UI sounds (50 sounds)/click4.ogg,assetdirectory/audio/normalized/sfx/ui_sounds_50_sounds/sfx_ui_sounds_50_sounds_click4.ogg,ogg,normalized
sfx_ui_sounds_50_sounds_click5,sfx,UI sounds (50 sounds),root,assetdirectory/audio/kenney_repo/Audio (295 files)/UI sounds (50 sounds)/click5.ogg,assetdirectory/audio/normalized/sfx/ui_sounds_50_sounds/sfx_ui_sounds_50_sounds_click5.ogg,ogg,normalized
sfx_ui_sounds_50_sounds_mouseclick1,sfx,UI sounds (50 sounds),root,assetdirectory/audio/kenney_repo/Audio (295 files)/UI sounds (50 sounds)/mouseclick1.ogg,assetdirectory/audio/normalized/sfx/ui_sounds_50_sounds/sfx_ui_sounds_50_sounds_mouseclick1.ogg,ogg,normalized
sfx_ui_sounds_50_sounds_mouserelease1,sfx,UI sounds (50 sounds),root,assetdirectory/audio/kenney_repo/Audio (295 files)/UI sounds (50 sounds)/mouserelease1.ogg,assetdirectory/audio/normalized/sfx/ui_sounds_50_sounds/sfx_ui_sounds_50_sounds_mouserelease1.ogg,ogg,normalized
sfx_ui_sounds_50_sounds_rollover1,sfx,UI sounds (50 sounds),root,assetdirectory/audio/kenney_repo/Audio (295 files)/UI sounds (50 sounds)/rollover1.ogg,assetdirectory/audio/normalized/sfx/ui_sounds_50_sounds/sfx_ui_sounds_50_sounds_rollover1.ogg,ogg,normalized
sfx_ui_sounds_50_sounds_rollover2,sfx,UI sounds (50 sounds),root,assetdirectory/audio/kenney_repo/Audio (295 files)/UI sounds (50 sounds)/rollover2.ogg,assetdirectory/audio/normalized/sfx/ui_sounds_50_sounds/sfx_ui_sounds_50_sounds_rollover2.ogg,ogg,normalized
sfx_ui_sounds_50_sounds_rollover3,sfx,UI sounds (50 sounds),root,assetdirectory/audio/kenney_repo/Audio (295 files)/UI sounds (50 sounds)/rollover3.ogg,assetdirectory/audio/normalized/sfx/ui_sounds_50_sounds/sfx_ui_sounds_50_sounds_rollover3.ogg,ogg,normalized
sfx_ui_sounds_50_sounds_rollover4,sfx,UI sounds (50 sounds),root,assetdirectory/audio/kenney_repo/Audio (295 files)/UI sounds (50 sounds)/rollover4.ogg,assetdirectory/audio/normalized/sfx/ui_sounds_50_sounds/sfx_ui_sounds_50_sounds_rollover4.ogg,ogg,normalized
sfx_ui_sounds_50_sounds_rollover5,sfx,UI sounds (50 sounds),root,assetdirectory/audio/kenney_repo/Audio (295 files)/UI sounds (50 sounds)/rollover5.ogg,assetdirectory/audio/normalized/sfx/ui_sounds_50_sounds/sfx_ui_sounds_50_sounds_rollover5.ogg,ogg,normalized
sfx_ui_sounds_50_sounds_rollover6,sfx,UI sounds (50 sounds),root,assetdirectory/audio/kenney_repo/Audio (295 files)/UI sounds (50 sounds)/rollover6.ogg,assetdirectory/audio/normalized/sfx/ui_sounds_50_sounds/sfx_ui_sounds_50_sounds_rollover6.ogg,ogg,normalized
sfx_ui_sounds_50_sounds_switch1,sfx,UI sounds (50 sounds),root,assetdirectory/audio/kenney_repo/Audio (295 files)/UI sounds (50 sounds)/switch1.ogg,assetdirectory/audio/normalized/sfx/ui_sounds_50_sounds/sfx_ui_sounds_50_sounds_switch1.ogg,ogg,normalized
sfx_ui_sounds_50_sounds_switch10,sfx,UI sounds (50 sounds),root,assetdirectory/audio/kenney_repo/Audio (295 files)/UI sounds (50 sounds)/switch10.ogg,assetdirectory/audio/normalized/sfx/ui_sounds_50_sounds/sfx_ui_sounds_50_sounds_switch10.ogg,ogg,normalized
sfx_ui_sounds_50_sounds_switch11,sfx,UI sounds (50 sounds),root,assetdirectory/audio/kenney_repo/Audio (295 files)/UI sounds (50 sounds)/switch11.ogg,assetdirectory/audio/normalized/sfx/ui_sounds_50_sounds/sfx_ui_sounds_50_sounds_switch11.ogg,ogg,normalized
sfx_ui_sounds_50_sounds_switch12,sfx,UI sounds (50 sounds),root,assetdirectory/audio/kenney_repo/Audio (295 files)/UI sounds (50 sounds)/switch12.ogg,assetdirectory/audio/normalized/sfx/ui_sounds_50_sounds/sfx_ui_sounds_50_sounds_switch12.ogg,ogg,normalized
sfx_ui_sounds_50_sounds_switch13,sfx,UI sounds (50 sounds),root,assetdirectory/audio/kenney_repo/Audio (295 files)/UI sounds (50 sounds)/switch13.ogg,assetdirectory/audio/normalized/sfx/ui_sounds_50_sounds/sfx_ui_sounds_50_sounds_switch13.ogg,ogg,normalized
sfx_ui_sounds_50_sounds_switch14,sfx,UI sounds (50 sounds),root,assetdirectory/audio/kenney_repo/Audio (295 files)/UI sounds (50 sounds)/switch14.ogg,assetdirectory/audio/normalized/sfx/ui_sounds_50_sounds/sfx_ui_sounds_50_sounds_switch14.ogg,ogg,normalized
sfx_ui_sounds_50_sounds_switch15,sfx,UI sounds (50 sounds),root,assetdirectory/audio/kenney_repo/Audio (295 files)/UI sounds (50 sounds)/switch15.ogg,assetdirectory/audio/normalized/sfx/ui_sounds_50_sounds/sfx_ui_sounds_50_sounds_switch15.ogg,ogg,normalized
sfx_ui_sounds_50_sounds_switch16,sfx,UI sounds (50 sounds),root,assetdirectory/audio/kenney_repo/Audio (295 files)/UI sounds (50 sounds)/switch16.ogg,assetdirectory/audio/normalized/sfx/ui_sounds_50_sounds/sfx_ui_sounds_50_sounds_switch16.ogg,ogg,normalized
sfx_ui_sounds_50_sounds_switch17,sfx,UI sounds (50 sounds),root,assetdirectory/audio/kenney_repo/Audio (295 files)/UI sounds (50 sounds)/switch17.ogg,assetdirectory/audio/normalized/sfx/ui_sounds_50_sounds/sfx_ui_sounds_50_sounds_switch17.ogg,ogg,normalized
sfx_ui_sounds_50_sounds_switch18,sfx,UI sounds (50 sounds),root,assetdirectory/audio/kenney_repo/Audio (295 files)/UI sounds (50 sounds)/switch18.ogg,assetdirectory/audio/normalized/sfx/ui_sounds_50_sounds/sfx_ui_sounds_50_sounds_switch18.ogg,ogg,normalized
sfx_ui_sounds_50_sounds_switch19,sfx,UI sounds (50 sounds),root,assetdirectory/audio/kenney_repo/Audio (295 files)/UI sounds (50 sounds)/switch19.ogg,assetdirectory/audio/normalized/sfx/ui_sounds_50_sounds/sfx_ui_sounds_50_sounds_switch19.ogg,ogg,normalized
sfx_ui_sounds_50_sounds_switch2,sfx,UI sounds (50 sounds),root,assetdirectory/audio/kenney_repo/Audio (295 files)/UI sounds (50 sounds)/switch2.ogg,assetdirectory/audio/normalized/sfx/ui_sounds_50_sounds/sfx_ui_sounds_50_sounds_switch2.ogg,ogg,normalized
sfx_ui_sounds_50_sounds_switch20,sfx,UI sounds (50 sounds),root,assetdirectory/audio/kenney_repo/Audio (295 files)/UI sounds (50 sounds)/switch20.ogg,assetdirectory/audio/normalized/sfx/ui_sounds_50_sounds/sfx_ui_sounds_50_sounds_switch20.ogg,ogg,normalized
sfx_ui_sounds_50_sounds_switch21,sfx,UI sounds (50 sounds),root,assetdirectory/audio/kenney_repo/Audio (295 files)/UI sounds (50 sounds)/switch21.ogg,assetdirectory/audio/normalized/sfx/ui_sounds_50_sounds/sfx_ui_sounds_50_sounds_switch21.ogg,ogg,normalized
sfx_ui_sounds_50_sounds_switch22,sfx,UI sounds (50 sounds),root,assetdirectory/audio/kenney_repo/Audio (295 files)/UI sounds (50 sounds)/switch22.ogg,assetdirectory/audio/normalized/sfx/ui_sounds_50_sounds/sfx_ui_sounds_50_sounds_switch22.ogg,ogg,normalized
sfx_ui_sounds_50_sounds_switch23,sfx,UI sounds (50 sounds),root,assetdirectory/audio/kenney_repo/Audio (295 files)/UI sounds (50 sounds)/switch23.ogg,assetdirectory/audio/normalized/sfx/ui_sounds_50_sounds/sfx_ui_sounds_50_sounds_switch23.ogg,ogg,normalized
sfx_ui_sounds_50_sounds_switch24,sfx,UI sounds (50 sounds),root,assetdirectory/audio/kenney_repo/Audio (295 files)/UI sounds (50 sounds)/switch24.ogg,assetdirectory/audio/normalized/sfx/ui_sounds_50_sounds/sfx_ui_sounds_50_sounds_switch24.ogg,ogg,normalized
sfx_ui_sounds_50_sounds_switch25,sfx,UI sounds (50 sounds),root,assetdirectory/audio/kenney_repo/Audio (295 files)/UI sounds (50 sounds)/switch25.ogg,assetdirectory/audio/normalized/sfx/ui_sounds_50_sounds/sfx_ui_sounds_50_sounds_switch25.ogg,ogg,normalized
sfx_ui_sounds_50_sounds_switch26,sfx,UI sounds (50 sounds),root,assetdirectory/audio/kenney_repo/Audio (295 files)/UI sounds (50 sounds)/switch26.ogg,assetdirectory/audio/normalized/sfx/ui_sounds_50_sounds/sfx_ui_sounds_50_sounds_switch26.ogg,ogg,normalized
sfx_ui_sounds_50_sounds_switch27,sfx,UI sounds (50 sounds),root,assetdirectory/audio/kenney_repo/Audio (295 files)/UI sounds (50 sounds)/switch27.ogg,assetdirectory/audio/normalized/sfx/ui_sounds_50_sounds/sfx_ui_sounds_50_sounds_switch27.ogg,ogg,normalized
sfx_ui_sounds_50_sounds_switch28,sfx,UI sounds (50 sounds),root,assetdirectory/audio/kenney_repo/Audio (295 files)/UI sounds (50 sounds)/switch28.ogg,assetdirectory/audio/normalized/sfx/ui_sounds_50_sounds/sfx_ui_sounds_50_sounds_switch28.ogg,ogg,normalized
sfx_ui_sounds_50_sounds_switch29,sfx,UI sounds (50 sounds),root,assetdirectory/audio/kenney_repo/Audio (295 files)/UI sounds (50 sounds)/switch29.ogg,assetdirectory/audio/normalized/sfx/ui_sounds_50_sounds/sfx_ui_sounds_50_sounds_switch29.ogg,ogg,normalized
sfx_ui_sounds_50_sounds_switch3,sfx,UI sounds (50 sounds),root,assetdirectory/audio/kenney_repo/Audio (295 files)/UI sounds (50 sounds)/switch3.ogg,assetdirectory/audio/normalized/sfx/ui_sounds_50_sounds/sfx_ui_sounds_50_sounds_switch3.ogg,ogg,normalized
sfx_ui_sounds_50_sounds_switch30,sfx,UI sounds (50 sounds),root,assetdirectory/audio/kenney_repo/Audio (295 files)/UI sounds (50 sounds)/switch30.ogg,assetdirectory/audio/normalized/sfx/ui_sounds_50_sounds/sfx_ui_sounds_50_sounds_switch30.ogg,ogg,normalized
sfx_ui_sounds_50_sounds_switch31,sfx,UI sounds (50 sounds),root,assetdirectory/audio/kenney_repo/Audio (295 files)/UI sounds (50 sounds)/switch31.ogg,assetdirectory/audio/normalized/sfx/ui_sounds_50_sounds/sfx_ui_sounds_50_sounds_switch31.ogg,ogg,normalized
sfx_ui_sounds_50_sounds_switch32,sfx,UI sounds (50 sounds),root,assetdirectory/audio/kenney_repo/Audio (295 files)/UI sounds (50 sounds)/switch32.ogg,assetdirectory/audio/normalized/sfx/ui_sounds_50_sounds/sfx_ui_sounds_50_sounds_switch32.ogg,ogg,normalized
sfx_ui_sounds_50_sounds_switch33,sfx,UI sounds (50 sounds),root,assetdirectory/audio/kenney_repo/Audio (295 files)/UI sounds (50 sounds)/switch33.ogg,assetdirectory/audio/normalized/sfx/ui_sounds_50_sounds/sfx_ui_sounds_50_sounds_switch33.ogg,ogg,normalized
sfx_ui_sounds_50_sounds_switch34,sfx,UI sounds (50 sounds),root,assetdirectory/audio/kenney_repo/Audio (295 files)/UI sounds (50 sounds)/switch34.ogg,assetdirectory/audio/normalized/sfx/ui_sounds_50_sounds/sfx_ui_sounds_50_sounds_switch34.ogg,ogg,normalized
sfx_ui_sounds_50_sounds_switch35,sfx,UI sounds (50 sounds),root,assetdirectory/audio/kenney_repo/Audio (295 files)/UI sounds (50 sounds)/switch35.ogg,assetdirectory/audio/normalized/sfx/ui_sounds_50_sounds/sfx_ui_sounds_50_sounds_switch35.ogg,ogg,normalized
sfx_ui_sounds_50_sounds_switch36,sfx,UI sounds (50 sounds),root,assetdirectory/audio/kenney_repo/Audio (295 files)/UI sounds (50 sounds)/switch36.ogg,assetdirectory/audio/normalized/sfx/ui_sounds_50_sounds/sfx_ui_sounds_50_sounds_switch36.ogg,ogg,normalized
sfx_ui_sounds_50_sounds_switch37,sfx,UI sounds (50 sounds),root,assetdirectory/audio/kenney_repo/Audio (295 files)/UI sounds (50 sounds)/switch37.ogg,assetdirectory/audio/normalized/sfx/ui_sounds_50_sounds/sfx_ui_sounds_50_sounds_switch37.ogg,ogg,normalized
sfx_ui_sounds_50_sounds_switch38,sfx,UI sounds (50 sounds),root,assetdirectory/audio/kenney_repo/Audio (295 files)/UI sounds (50 sounds)/switch38.ogg,assetdirectory/audio/normalized/sfx/ui_sounds_50_sounds/sfx_ui_sounds_50_sounds_switch38.ogg,ogg,normalized
sfx_ui_sounds_50_sounds_switch4,sfx,UI sounds (50 sounds),root,assetdirectory/audio/kenney_repo/Audio (295 files)/UI sounds (50 sounds)/switch4.ogg,assetdirectory/audio/normalized/sfx/ui_sounds_50_sounds/sfx_ui_sounds_50_sounds_switch4.ogg,ogg,normalized
sfx_ui_sounds_50_sounds_switch5,sfx,UI sounds (50 sounds),root,assetdirectory/audio/kenney_repo/Audio (295 files)/UI sounds (50 sounds)/switch5.ogg,assetdirectory/audio/normalized/sfx/ui_sounds_50_sounds/sfx_ui_sounds_50_sounds_switch5.ogg,ogg,normalized
sfx_ui_sounds_50_sounds_switch6,sfx,UI sounds (50 sounds),root,assetdirectory/audio/kenney_repo/Audio (295 files)/UI sounds (50 sounds)/switch6.ogg,assetdirectory/audio/normalized/sfx/ui_sounds_50_sounds/sfx_ui_sounds_50_sounds_switch6.ogg,ogg,normalized
sfx_ui_sounds_50_sounds_switch7,sfx,UI sounds (50 sounds),root,assetdirectory/audio/kenney_repo/Audio (295 files)/UI sounds (50 sounds)/switch7.ogg,assetdirectory/audio/normalized/sfx/ui_sounds_50_sounds/sfx_ui_sounds_50_sounds_switch7.ogg,ogg,normalized
sfx_ui_sounds_50_sounds_switch8,sfx,UI sounds (50 sounds),root,assetdirectory/audio/kenney_repo/Audio (295 files)/UI sounds (50 sounds)/switch8.ogg,assetdirectory/audio/normalized/sfx/ui_sounds_50_sounds/sfx_ui_sounds_50_sounds_switch8.ogg,ogg,normalized
sfx_ui_sounds_50_sounds_switch9,sfx,UI sounds (50 sounds),root,assetdirectory/audio/kenney_repo/Audio (295 files)/UI sounds (50 sounds)/switch9.ogg,assetdirectory/audio/normalized/sfx/ui_sounds_50_sounds/sfx_ui_sounds_50_sounds_switch9.ogg,ogg,normalized
bgm_music_pack1_track_1_1_1,bgm,Music_Pack1_Track_1,1,assetdirectory/audio/bgm_ogapacks/Music_Pack1_Track_1/1/1.flac,assetdirectory/audio/normalized/bgm/music_pack1_track_1/1/bgm_music_pack1_track_1_1_1.flac,flac,normalized
bgm_music_pack1_track_1_1_1,bgm,Music_Pack1_Track_1,1,assetdirectory/audio/bgm_ogapacks/Music_Pack1_Track_1/1/1.mp3,assetdirectory/audio/normalized/bgm/music_pack1_track_1/1/bgm_music_pack1_track_1_1_1.mp3,mp3,normalized
bgm_music_pack1_track_1_1_1,bgm,Music_Pack1_Track_1,1,assetdirectory/audio/bgm_ogapacks/Music_Pack1_Track_1/1/1.ogg,assetdirectory/audio/normalized/bgm/music_pack1_track_1/1/bgm_music_pack1_track_1_1_1.ogg,ogg,normalized
bgm_music_pack1_track_1_1_1,bgm,Music_Pack1_Track_1,1,assetdirectory/audio/bgm_ogapacks/Music_Pack1_Track_1/1/1.wav,assetdirectory/audio/normalized/bgm/music_pack1_track_1/1/bgm_music_pack1_track_1_1_1.wav,wav,normalized
bgm_music_pack1_track_2_2_2,bgm,Music_Pack1_Track_2,2,assetdirectory/audio/bgm_ogapacks/Music_Pack1_Track_2/2/2.flac,assetdirectory/audio/normalized/bgm/music_pack1_track_2/2/bgm_music_pack1_track_2_2_2.flac,flac,normalized
bgm_music_pack1_track_2_2_2,bgm,Music_Pack1_Track_2,2,assetdirectory/audio/bgm_ogapacks/Music_Pack1_Track_2/2/2.mp3,assetdirectory/audio/normalized/bgm/music_pack1_track_2/2/bgm_music_pack1_track_2_2_2.mp3,mp3,normalized
bgm_music_pack1_track_2_2_2,bgm,Music_Pack1_Track_2,2,assetdirectory/audio/bgm_ogapacks/Music_Pack1_Track_2/2/2.ogg,assetdirectory/audio/normalized/bgm/music_pack1_track_2/2/bgm_music_pack1_track_2_2_2.ogg,ogg,normalized
bgm_music_pack1_track_2_2_2,bgm,Music_Pack1_Track_2,2,assetdirectory/audio/bgm_ogapacks/Music_Pack1_Track_2/2/2.wav,assetdirectory/audio/normalized/bgm/music_pack1_track_2/2/bgm_music_pack1_track_2_2_2.wav,wav,normalized
bgm_music_pack1_track_3_3_3,bgm,Music_Pack1_Track_3,3,assetdirectory/audio/bgm_ogapacks/Music_Pack1_Track_3/3/3.flac,assetdirectory/audio/normalized/bgm/music_pack1_track_3/3/bgm_music_pack1_track_3_3_3.flac,flac,normalized
bgm_music_pack1_track_3_3_3,bgm,Music_Pack1_Track_3,3,assetdirectory/audio/bgm_ogapacks/Music_Pack1_Track_3/3/3.mp3,assetdirectory/audio/normalized/bgm/music_pack1_track_3/3/bgm_music_pack1_track_3_3_3.mp3,mp3,normalized
bgm_music_pack1_track_3_3_3,bgm,Music_Pack1_Track_3,3,assetdirectory/audio/bgm_ogapacks/Music_Pack1_Track_3/3/3.ogg,assetdirectory/audio/normalized/bgm/music_pack1_track_3/3/bgm_music_pack1_track_3_3_3.ogg,ogg,normalized
bgm_music_pack1_track_3_3_3,bgm,Music_Pack1_Track_3,3,assetdirectory/audio/bgm_ogapacks/Music_Pack1_Track_3/3/3.wav,assetdirectory/audio/normalized/bgm/music_pack1_track_3/3/bgm_music_pack1_track_3_3_3.wav,wav,normalized
bgm_music_pack1_track_4_4_4,bgm,Music_Pack1_Track_4,4,assetdirectory/audio/bgm_ogapacks/Music_Pack1_Track_4/4/4.flac,assetdirectory/audio/normalized/bgm/music_pack1_track_4/4/bgm_music_pack1_track_4_4_4.flac,flac,normalized
bgm_music_pack1_track_4_4_4,bgm,Music_Pack1_Track_4,4,assetdirectory/audio/bgm_ogapacks/Music_Pack1_Track_4/4/4.mp3,assetdirectory/audio/normalized/bgm/music_pack1_track_4/4/bgm_music_pack1_track_4_4_4.mp3,mp3,normalized
bgm_music_pack1_track_4_4_4,bgm,Music_Pack1_Track_4,4,assetdirectory/audio/bgm_ogapacks/Music_Pack1_Track_4/4/4.ogg,assetdirectory/audio/normalized/bgm/music_pack1_track_4/4/bgm_music_pack1_track_4_4_4.ogg,ogg,normalized
bgm_music_pack1_track_4_4_4,bgm,Music_Pack1_Track_4,4,assetdirectory/audio/bgm_ogapacks/Music_Pack1_Track_4/4/4.wav,assetdirectory/audio/normalized/bgm/music_pack1_track_4/4/bgm_music_pack1_track_4_4_4.wav,wav,normalized
