# Created by Kenney (www.kenney.nl)

mtllib corridor-wide-end.mtl

g corridor-wide-end

v -2.523785 0.05 2.862079 1 1 1
v -2.562608 0.05 2.71719 1 1 1
v -2.378896 0.05 2.823256 1 1 1
v -2.417719 0.05 2.678367 1 1 1
v -2.192604 0 2.113795 1 1 1
v -2.296132 0 2.500166 1 1 1
v -2.253842 0.1 2.149151 1 1 1
v -2.331487 0.1 2.438929 1 1 1
v -2.400041 0 2.647749 1 1 1
v -2.348277 0 2.840934 1 1 1
v -2.541462 0 2.892698 1 1 1
v -2.682502 0 2.396638 1 1 1
v -2.621265 0.1 2.361283 1 1 1
v -2.578975 0 2.010268 1 1 1
v -2.543619 0.1 2.071505 1 1 1
v -2.593226 0 2.699512 1 1 1
v -2.523785 0.05 -3.137921 1 1 1
v -2.562608 0.05 -3.28281 1 1 1
v -2.378896 0.05 -3.176744 1 1 1
v -2.417719 0.05 -3.321633 1 1 1
v -2.192604 0 -3.886205 1 1 1
v -2.296132 0 -3.499834 1 1 1
v -2.253842 0.1 -3.850849 1 1 1
v -2.331487 0.1 -3.561071 1 1 1
v -2.400041 0 -3.352251 1 1 1
v -2.348277 0 -3.159066 1 1 1
v -2.541462 0 -3.107302 1 1 1
v -2.682502 0 -3.603362 1 1 1
v -2.621265 0.1 -3.638717 1 1 1
v -2.578975 0 -3.989732 1 1 1
v -2.543619 0.1 -3.928495 1 1 1
v -2.593226 0 -3.300488 1 1 1
v -2.862079 0.05 -2.523783 1 1 1
v -2.71719 0.05 -2.562606 1 1 1
v -2.823256 0.05 -2.378894 1 1 1
v -2.678367 0.05 -2.417717 1 1 1
v -2.113795 5.136725E-19 -2.192603 1 1 1
v -2.500166 5.136725E-19 -2.29613 1 1 1
v -2.149151 0.1 -2.25384 1 1 1
v -2.438929 0.1 -2.331486 1 1 1
v -2.647749 5.136725E-19 -2.400039 1 1 1
v -2.840934 5.136725E-19 -2.348275 1 1 1
v -2.892698 5.136725E-19 -2.541461 1 1 1
v -2.396638 5.136725E-19 -2.6825 1 1 1
v -2.361283 0.1 -2.621263 1 1 1
v -2.010268 5.136725E-19 -2.578973 1 1 1
v -2.071505 0.1 -2.543617 1 1 1
v -2.699512 5.136725E-19 -2.593224 1 1 1
v 3.137923 0.05 -2.523783 1 1 1
v 3.282812 0.05 -2.562606 1 1 1
v 3.176746 0.05 -2.378894 1 1 1
v 3.321635 0.05 -2.417717 1 1 1
v 3.886207 5.136725E-19 -2.192603 1 1 1
v 3.499836 5.136725E-19 -2.29613 1 1 1
v 3.850851 0.1 -2.25384 1 1 1
v 3.561073 0.1 -2.331486 1 1 1
v 3.352253 5.136725E-19 -2.400039 1 1 1
v 3.159068 5.136725E-19 -2.348275 1 1 1
v 3.107304 5.136725E-19 -2.541461 1 1 1
v 3.603364 5.136725E-19 -2.6825 1 1 1
v 3.638719 0.1 -2.621263 1 1 1
v 3.989734 5.136725E-19 -2.578973 1 1 1
v 3.928497 0.1 -2.543617 1 1 1
v 3.300489 5.136725E-19 -2.593224 1 1 1
v -3.137925 0.05 2.523783 1 1 1
v -3.282814 0.05 2.562606 1 1 1
v -3.176748 0.05 2.378894 1 1 1
v -3.321636 0.05 2.417717 1 1 1
v -3.886209 0 2.192603 1 1 1
v -3.499838 0 2.29613 1 1 1
v -3.850853 0.1 2.25384 1 1 1
v -3.561075 0.1 2.331486 1 1 1
v -3.352255 0 2.400039 1 1 1
v -3.15907 0 2.348275 1 1 1
v -3.107306 0 2.541461 1 1 1
v -3.603366 0 2.6825 1 1 1
v -3.638721 0.1 2.621263 1 1 1
v -3.989736 0 2.578973 1 1 1
v -3.928499 0.1 2.543617 1 1 1
v -3.300491 0 2.593224 1 1 1
v 4 0 0 1 1 1
v 4 0 4 1 1 1
v 0 0 0 1 1 1
v 0 0 4 1 1 1
v 4 0 -4 1 1 1
v 0 0 -4 1 1 1
v -1.907349E-06 0 0 1 1 1
v -1.907349E-06 0 4 1 1 1
v -4.000002 0 0 1 1 1
v -4.000002 0 4 1 1 1
v -1.907349E-06 0 -4 1 1 1
v -4.000002 0 -4 1 1 1
v -1.296844 -5.138843E-19 2.432191 1 1 1
v -1.266226 0.05 2.449869 1 1 1
v -1.245081 -5.138843E-19 2.625376 1 1 1
v -1.227403 0.05 2.594758 1 1 1
v -1.051895 -5.138843E-19 2.573612 1 1 1
v -1.082514 0.05 2.555935 1 1 1
v -1.547955 -5.138843E-19 2.714653 1 1 1
v -1.934325 -5.138843E-19 2.611125 1 1 1
v -1.58331 0.1 2.653415 1 1 1
v -1.873088 0.1 2.575769 1 1 1
v -1.830798 -5.138843E-19 2.224754 1 1 1
v -1.795442 0.1 2.285992 1 1 1
v 1.071889 -5.138843E-19 2.006432 1 1 1
v 1.096889 0.1 2.031432 1 1 1
v 1.071889 -5.138843E-19 2.206432 1 1 1
v 1.096889 0.1 2.181432 1 1 1
v 1.246889 0.1 2.031432 1 1 1
v 1.246889 0.1 2.181432 1 1 1
v 1.271889 -5.138843E-19 2.206432 1 1 1
v 1.271889 -5.138843E-19 2.006432 1 1 1
v -1.444427 -5.138843E-19 2.328282 1 1 1
v -1.505665 0.1 2.363637 1 1 1
v -1.103659 -5.138843E-19 2.380427 1 1 1
v -1.121337 0.05 2.411046 1 1 1
v 1.74957 0.05 2.49822 1 1 1
v 1.537438 0.05 2.710352 1 1 1
v 1.537438 0.05 2.286088 1 1 1
v 1.325306 0.05 2.49822 1 1 1
v 1.537438 -5.138843E-19 2.215377 1 1 1
v 1.254596 -5.138843E-19 2.49822 1 1 1
v 0.8904107 -2.88816E-15 2.097593 1 1 1
v 0.8550553 0.05 2.15883 1 1 1
v 0.5040404 -2.88816E-15 2.201121 1 1 1
v 0.5652776 0.05 2.236476 1 1 1
v 1.820281 -5.138843E-19 2.49822 1 1 1
v 1.537438 -5.138843E-19 2.781063 1 1 1
v 0.9939382 -2.88816E-15 2.483963 1 1 1
v 0.607568 -2.88816E-15 2.587491 1 1 1
v 0.932701 0.05 2.448608 1 1 1
v 0.6429233 0.05 2.526254 1 1 1
v 1.296844 -2.117582E-22 -2.432191 1 1 1
v 1.266226 0.05 -2.449869 1 1 1
v 1.245081 -2.117582E-22 -2.625376 1 1 1
v 1.227403 0.05 -2.594758 1 1 1
v 1.051895 -2.117582E-22 -2.573612 1 1 1
v 1.082514 0.05 -2.555935 1 1 1
v 1.547955 -2.117582E-22 -2.714653 1 1 1
v 1.934325 -2.117582E-22 -2.611125 1 1 1
v 1.58331 0.1 -2.653415 1 1 1
v 1.873088 0.1 -2.575769 1 1 1
v 1.830798 -2.117582E-22 -2.224754 1 1 1
v 1.795442 0.1 -2.285992 1 1 1
v -1.071889 -2.117582E-22 -2.006432 1 1 1
v -1.096889 0.1 -2.031432 1 1 1
v -1.071889 -2.117582E-22 -2.206432 1 1 1
v -1.096889 0.1 -2.181432 1 1 1
v -1.246889 0.1 -2.031432 1 1 1
v -1.246889 0.1 -2.181432 1 1 1
v -1.271889 -2.117582E-22 -2.206432 1 1 1
v -1.271889 -2.117582E-22 -2.006432 1 1 1
v 1.444427 -2.117582E-22 -2.328282 1 1 1
v 1.505665 0.1 -2.363637 1 1 1
v 1.103659 -2.117582E-22 -2.380427 1 1 1
v 1.121337 0.05 -2.411046 1 1 1
v -1.74957 0.05 -2.49822 1 1 1
v -1.537438 0.05 -2.710352 1 1 1
v -1.537438 0.05 -2.286088 1 1 1
v -1.325306 0.05 -2.49822 1 1 1
v -1.537438 -2.117582E-22 -2.215377 1 1 1
v -1.254596 -2.117582E-22 -2.49822 1 1 1
v -0.8904107 -2.887646E-15 -2.097593 1 1 1
v -0.8550553 0.05 -2.15883 1 1 1
v -0.5040404 -2.887646E-15 -2.201121 1 1 1
v -0.5652776 0.05 -2.236476 1 1 1
v -1.820281 -2.117582E-22 -2.49822 1 1 1
v -1.537438 -2.117582E-22 -2.781063 1 1 1
v -0.9939382 -2.887646E-15 -2.483963 1 1 1
v -0.607568 -2.887646E-15 -2.587491 1 1 1
v -0.932701 0.05 -2.448608 1 1 1
v -0.6429233 0.05 -2.526254 1 1 1
v -2.432193 -5.138843E-19 -1.296844 1 1 1
v -2.44987 0.05 -1.266226 1 1 1
v -2.625378 -5.138843E-19 -1.245081 1 1 1
v -2.594759 0.05 -1.227403 1 1 1
v -2.573614 -5.138843E-19 -1.051895 1 1 1
v -2.555936 0.05 -1.082514 1 1 1
v -2.714654 -5.138843E-19 -1.547955 1 1 1
v -2.611126 -5.138843E-19 -1.934326 1 1 1
v -2.653417 0.1 -1.583311 1 1 1
v -2.575771 0.1 -1.873088 1 1 1
v -2.224756 -5.138843E-19 -1.830798 1 1 1
v -2.285993 0.1 -1.795443 1 1 1
v -2.006434 -5.138843E-19 1.071889 1 1 1
v -2.031434 0.1 1.096889 1 1 1
v -2.206434 -5.138843E-19 1.071889 1 1 1
v -2.181434 0.1 1.096889 1 1 1
v -2.031434 0.1 1.246889 1 1 1
v -2.181434 0.1 1.246889 1 1 1
v -2.206434 -5.138843E-19 1.271889 1 1 1
v -2.006434 -5.138843E-19 1.271889 1 1 1
v -2.328284 -5.138843E-19 -1.444427 1 1 1
v -2.363639 0.1 -1.505665 1 1 1
v -2.380429 -5.138843E-19 -1.103659 1 1 1
v -2.411047 0.05 -1.121337 1 1 1
v -2.498222 0.05 1.749571 1 1 1
v -2.710354 0.05 1.537439 1 1 1
v -2.28609 0.05 1.537439 1 1 1
v -2.498222 0.05 1.325306 1 1 1
v -2.215379 -5.138843E-19 1.537439 1 1 1
v -2.498222 -5.138843E-19 1.254596 1 1 1
v -2.097595 -2.88816E-15 0.8904108 1 1 1
v -2.158833 0.05 0.8550555 1 1 1
v -2.201123 -2.88816E-15 0.5040404 1 1 1
v -2.236478 0.05 0.5652776 1 1 1
v -2.498222 -5.138843E-19 1.820281 1 1 1
v -2.781065 -5.138843E-19 1.537439 1 1 1
v -2.483965 -2.88816E-15 0.9939383 1 1 1
v -2.587493 -2.88816E-15 0.607568 1 1 1
v -2.44861 0.05 0.9327011 1 1 1
v -2.526256 0.05 0.6429234 1 1 1
v 2.862077 0.05 2.523783 1 1 1
v 2.717188 0.05 2.562606 1 1 1
v 2.823254 0.05 2.378894 1 1 1
v 2.678365 0.05 2.417717 1 1 1
v 2.113793 0 2.192603 1 1 1
v 2.500164 0 2.29613 1 1 1
v 2.149149 0.1 2.25384 1 1 1
v 2.438927 0.1 2.331486 1 1 1
v 2.647747 0 2.400039 1 1 1
v 2.840932 0 2.348275 1 1 1
v 2.892696 0 2.541461 1 1 1
v 2.396636 0 2.6825 1 1 1
v 2.361281 0.1 2.621263 1 1 1
v 2.010266 0 2.578973 1 1 1
v 2.071503 0.1 2.543617 1 1 1
v 2.699511 0 2.593224 1 1 1
v -3.199004 0.2 3 1 1 1
v -3.399004 0.2 4 1 1 1
v -3.199004 0.9 3 1 1 1
v -3.399004 0.9 4 1 1 1
v -4.000001 0.9 4 1 1 1
v -4.000001 0.9 2 1 1 1
v -3.399004 0.9 2 1 1 1
v -3.399004 0.2 2 1 1 1
v -4.000001 0.2 2 1 1 1
v -4.000001 0.2 4 1 1 1
v -3.199004 0.2 -3 1 1 1
v -3.399004 0.2 -2 1 1 1
v -3.199004 0.9 -3 1 1 1
v -3.399004 0.9 -2 1 1 1
v -4.000001 0.9 -2 1 1 1
v -4.000001 0.9 -4 1 1 1
v -3.399004 0.9 -4 1 1 1
v -3.399004 0.2 -4 1 1 1
v -4.000001 0.2 -4 1 1 1
v -4.000001 0.2 -2 1 1 1
v -3.000002 0.2 -3.199002 1 1 1
v -4.000002 0.2 -3.399002 1 1 1
v -3.000002 0.9 -3.199002 1 1 1
v -4.000002 0.9 -3.399002 1 1 1
v -4.000002 0.9 -3.999999 1 1 1
v -2.000002 0.9 -4 1 1 1
v -2.000002 0.9 -3.399002 1 1 1
v -2.000002 0.2 -3.399002 1 1 1
v -2.000002 0.2 -4 1 1 1
v -4.000002 0.2 -3.999999 1 1 1
v 3 0.2 -3.199002 1 1 1
v 2 0.2 -3.399002 1 1 1
v 3 0.9 -3.199002 1 1 1
v 2 0.9 -3.399002 1 1 1
v 2 0.9 -3.999999 1 1 1
v 4 0.9 -4 1 1 1
v 4 0.9 -3.399002 1 1 1
v 4 0.2 -3.399002 1 1 1
v 4 0.2 -4 1 1 1
v 2 0.2 -3.999999 1 1 1
v -3.000002 0.2 3.199002 1 1 1
v -2.000002 0.2 3.399002 1 1 1
v -3.000002 0.9 3.199002 1 1 1
v -2.000002 0.9 3.399002 1 1 1
v -2.000002 0.9 3.999999 1 1 1
v -4.000002 0.9 4 1 1 1
v -4.000002 0.9 3.399002 1 1 1
v -4.000002 0.2 3.399002 1 1 1
v -4.000002 0.2 4 1 1 1
v -2.000002 0.2 3.999999 1 1 1
v -2 0.2 3.399002 1 1 1
v -8.085408E-14 0.2 3.199002 1 1 1
v -2 0.9 3.399002 1 1 1
v -8.085408E-14 0.9 3.199002 1 1 1
v 2 0.9 4 1 1 1
v -2 0.9 4 1 1 1
v 2 0.9 3.399002 1 1 1
v 2 0.2 4 1 1 1
v -2 0.2 4 1 1 1
v 2 0.2 3.399002 1 1 1
v 2.733845E-13 0.2 -3.199002 1 1 1
v 2.733845E-13 0.9 -3.199002 1 1 1
v -2 0.9 -4 1 1 1
v 2 0.9 -4 1 1 1
v -2 0.9 -3.399002 1 1 1
v -2 0.2 -4 1 1 1
v 2 0.2 -4 1 1 1
v -2 0.2 -3.399002 1 1 1
v -3.399004 0.2 -2 1 1 1
v -3.199004 0.2 4.774309E-08 1 1 1
v -3.399004 0.9 -2 1 1 1
v -3.199004 0.9 4.774309E-08 1 1 1
v -4.000001 0.9 2 1 1 1
v -4.000001 0.9 -2 1 1 1
v -3.399004 0.9 2 1 1 1
v -4.000001 0.2 2 1 1 1
v -4.000001 0.2 -2 1 1 1
v -3.399004 0.2 2 1 1 1
v 3 0.2 3.199002 1 1 1
v 4 0.2 3.399002 1 1 1
v 3 0.9 3.199002 1 1 1
v 4 0.9 3.399002 1 1 1
v 4 0.9 3.999999 1 1 1
v 4 0.2 3.999999 1 1 1
v -4.000003 4.05 4 1 1 1
v -4.000002 4.05 2 1 1 1
v -3.600003 4.05 4 1 1 1
v -3.400002 4.05 3 1 1 1
v -3.600003 4.05 2 1 1 1
v -3.600003 0.9 2 1 1 1
v -4.000002 0.9 2 1 1 1
v -3.400002 0.9 3 1 1 1
v -4.000003 0.9 4 1 1 1
v -3.600003 0.9 4 1 1 1
v -4.000001 0 4 1 1 1
v -4.000001 0 2 1 1 1
v -4.000001 0.2 2 1 1 1
v -2.998006 0.2 4 1 1 1
v -2.798007 0.2 3 1 1 1
v -2.998006 0.2 2 1 1 1
v -2.798007 0 3 1 1 1
v -2.998006 0 4 1 1 1
v -2.998006 0 2 1 1 1
v -3.466372 1.332707 2.668151 1 1 1
v -3.417343 1.332707 2.658345 1 1 1
v -3.541958 1.332707 2.290225 1 1 1
v -3.492929 1.332707 2.280419 1 1 1
v -3.456567 1.582707 2.71718 1 1 1
v -3.466372 1.632707 2.668151 1 1 1
v -3.407538 1.582707 2.707374 1 1 1
v -3.417343 1.632707 2.658345 1 1 1
v -3.407538 1.382707 2.707374 1 1 1
v -3.456567 1.382707 2.71718 1 1 1
v -3.551763 1.382707 2.241196 1 1 1
v -3.502734 1.382707 2.23139 1 1 1
v -3.541958 1.632707 2.290225 1 1 1
v -3.492929 1.632707 2.280419 1 1 1
v -3.502734 1.582707 2.23139 1 1 1
v -3.551763 1.582707 2.241196 1 1 1
v -4.000003 4.05 -2 1 1 1
v -4.000002 4.05 -4 1 1 1
v -3.600003 4.05 -2 1 1 1
v -3.400002 4.05 -3 1 1 1
v -3.600003 4.05 -4 1 1 1
v -3.600003 0.9 -4 1 1 1
v -4.000002 0.9 -4 1 1 1
v -3.400002 0.9 -3 1 1 1
v -4.000003 0.9 -2 1 1 1
v -3.600003 0.9 -2 1 1 1
v -4.000001 0 -2 1 1 1
v -4.000001 0 -4 1 1 1
v -4.000001 0.2 -2 1 1 1
v -2.998006 0.2 -2 1 1 1
v -2.798007 0.2 -3 1 1 1
v -2.998006 0.2 -4 1 1 1
v -2.798007 0 -3 1 1 1
v -2.998006 0 -2 1 1 1
v -2.998006 0 -4 1 1 1
v -3.466372 1.332707 -3.331849 1 1 1
v -3.417343 1.332707 -3.341655 1 1 1
v -3.541958 1.332707 -3.709775 1 1 1
v -3.492929 1.332707 -3.719581 1 1 1
v -3.456567 1.582707 -3.28282 1 1 1
v -3.466372 1.632707 -3.331849 1 1 1
v -3.407538 1.582707 -3.292626 1 1 1
v -3.417343 1.632707 -3.341655 1 1 1
v -3.407538 1.382707 -3.292626 1 1 1
v -3.456567 1.382707 -3.28282 1 1 1
v -3.551763 1.382707 -3.758804 1 1 1
v -3.502734 1.382707 -3.76861 1 1 1
v -3.541958 1.632707 -3.709775 1 1 1
v -3.492929 1.632707 -3.719581 1 1 1
v -3.502734 1.582707 -3.76861 1 1 1
v -3.551763 1.582707 -3.758804 1 1 1
v -4.000002 4.05 -4.000001 1 1 1
v -2.000002 4.05 -4.000001 1 1 1
v -4.000002 4.05 -3.600001 1 1 1
v -3.000002 4.05 -3.400001 1 1 1
v -2.000002 4.05 -3.600001 1 1 1
v -2.000002 0.9 -3.600001 1 1 1
v -2.000002 0.9 -4.000001 1 1 1
v -3.000002 0.9 -3.400001 1 1 1
v -4.000002 0.9 -4.000001 1 1 1
v -4.000002 0.9 -3.600001 1 1 1
v -4.000002 5.136725E-19 -4 1 1 1
v -2.000002 5.136725E-19 -4 1 1 1
v -4.000002 0.2 -4 1 1 1
v -4.000002 0.2 -2.998004 1 1 1
v -3.000002 0.2 -2.798005 1 1 1
v -2.000002 0.2 -2.998004 1 1 1
v -3.000002 5.136725E-19 -2.798005 1 1 1
v -4.000002 5.136725E-19 -2.998004 1 1 1
v -2.000002 5.136725E-19 -2.998004 1 1 1
v -2.668153 1.332707 -3.466371 1 1 1
v -2.658347 1.332707 -3.417341 1 1 1
v -2.290227 1.332707 -3.541956 1 1 1
v -2.280421 1.332707 -3.492927 1 1 1
v -2.717182 1.582707 -3.456565 1 1 1
v -2.668153 1.632707 -3.466371 1 1 1
v -2.707376 1.582707 -3.407536 1 1 1
v -2.658347 1.632707 -3.417341 1 1 1
v -2.707376 1.382707 -3.407536 1 1 1
v -2.717182 1.382707 -3.456565 1 1 1
v -2.241198 1.382707 -3.551762 1 1 1
v -2.231392 1.382707 -3.502733 1 1 1
v -2.290227 1.632707 -3.541956 1 1 1
v -2.280421 1.632707 -3.492927 1 1 1
v -2.231392 1.582707 -3.502733 1 1 1
v -2.241198 1.582707 -3.551762 1 1 1
v 2 4.05 -4.000001 1 1 1
v 4 4.05 -4.000001 1 1 1
v 2 4.05 -3.600001 1 1 1
v 3 4.05 -3.400001 1 1 1
v 4 4.05 -3.600001 1 1 1
v 4 0.9 -3.600001 1 1 1
v 4 0.9 -4.000001 1 1 1
v 3 0.9 -3.400001 1 1 1
v 2 0.9 -4.000001 1 1 1
v 2 0.9 -3.600001 1 1 1
v 2 5.136725E-19 -4 1 1 1
v 4 5.136725E-19 -4 1 1 1
v 2 0.2 -2.998004 1 1 1
v 3 0.2 -2.798005 1 1 1
v 4 0.2 -2.998004 1 1 1
v 3 5.136725E-19 -2.798005 1 1 1
v 2 5.136725E-19 -2.998004 1 1 1
v 4 5.136725E-19 -2.998004 1 1 1
v 3.331849 1.332707 -3.466371 1 1 1
v 3.341655 1.332707 -3.417341 1 1 1
v 3.709775 1.332707 -3.541956 1 1 1
v 3.719581 1.332707 -3.492927 1 1 1
v 3.28282 1.582707 -3.456565 1 1 1
v 3.331849 1.632707 -3.466371 1 1 1
v 3.292626 1.582707 -3.407536 1 1 1
v 3.341655 1.632707 -3.417341 1 1 1
v 3.292626 1.382707 -3.407536 1 1 1
v 3.28282 1.382707 -3.456565 1 1 1
v 3.758804 1.382707 -3.551762 1 1 1
v 3.76861 1.382707 -3.502733 1 1 1
v 3.709775 1.632707 -3.541956 1 1 1
v 3.719581 1.632707 -3.492927 1 1 1
v 3.76861 1.582707 -3.502733 1 1 1
v 3.758804 1.582707 -3.551762 1 1 1
v -2.000002 4.05 4.000001 1 1 1
v -4.000002 4.05 4.000001 1 1 1
v -2.000002 4.05 3.600001 1 1 1
v -3.000002 4.05 3.400001 1 1 1
v -4.000002 4.05 3.600001 1 1 1
v -4.000002 0.9 3.600001 1 1 1
v -4.000002 0.9 4.000001 1 1 1
v -3.000002 0.9 3.400001 1 1 1
v -2.000002 0.9 4.000001 1 1 1
v -2.000002 0.9 3.600001 1 1 1
v -2.000002 0 4 1 1 1
v -4.000002 0 4 1 1 1
v -2.000002 0.2 4 1 1 1
v -2.000002 0.2 2.998004 1 1 1
v -3.000002 0.2 2.798005 1 1 1
v -4.000002 0.2 2.998004 1 1 1
v -3.000002 0 2.798005 1 1 1
v -2.000002 0 2.998004 1 1 1
v -4.000002 0 2.998004 1 1 1
v -3.331851 1.332707 3.466371 1 1 1
v -3.341657 1.332707 3.417341 1 1 1
v -3.709777 1.332707 3.541956 1 1 1
v -3.719583 1.332707 3.492927 1 1 1
v -3.282822 1.582707 3.456565 1 1 1
v -3.331851 1.632707 3.466371 1 1 1
v -3.292628 1.582707 3.407536 1 1 1
v -3.341657 1.632707 3.417341 1 1 1
v -3.292628 1.382707 3.407536 1 1 1
v -3.282822 1.382707 3.456565 1 1 1
v -3.758806 1.382707 3.551762 1 1 1
v -3.768612 1.382707 3.502733 1 1 1
v -3.709777 1.632707 3.541956 1 1 1
v -3.719583 1.632707 3.492927 1 1 1
v -3.768612 1.582707 3.502733 1 1 1
v -3.758806 1.582707 3.551762 1 1 1
v 2 0.9 4.000001 1 1 1
v -2 0.9 4.000001 1 1 1
v 2 4.05 4.000001 1 1 1
v -2 4.05 4.000001 1 1 1
v 2 4.05 3.600001 1 1 1
v 2 0.9 3.600001 1 1 1
v -2 0.9 3.600001 1 1 1
v -2 4.05 3.600001 1 1 1
v -5.197762E-14 4.05 3.400001 1 1 1
v -5.197762E-14 0.9 3.400001 1 1 1
v -1.130444E-08 3.60442E-16 2.548004 1 1 1
v 0.5459808 3.60442E-16 2.639001 1 1 1
v -1.130444E-08 0.2 2.548004 1 1 1
v 0.5459808 0.2 2.639001 1 1 1
v 0.667636 0.2 2.760656 1 1 1
v 0.667636 3.60442E-16 2.760656 1 1 1
v 0.7586328 0.2 3.306637 1 1 1
v 0.7586328 3.60442E-16 3.306637 1 1 1
v -0.5459808 3.60442E-16 2.639001 1 1 1
v -0.5459808 0.2 2.639001 1 1 1
v -0.7586328 0.2 3.306637 1 1 1
v -0.6676361 0.2 2.760656 1 1 1
v -0.6676361 3.60442E-16 2.760656 1 1 1
v -0.7586328 3.60442E-16 3.306637 1 1 1
v 2 0.2 2.998004 1 1 1
v 2 -5.136725E-19 2.998004 1 1 1
v 2 -5.136725E-19 4 1 1 1
v -2 -5.136725E-19 2.998004 1 1 1
v -8.954693E-09 -5.136725E-19 2.798005 1 1 1
v -2 0.2 2.998004 1 1 1
v -8.954693E-09 0.2 2.798005 1 1 1
v -2 -5.136725E-19 4 1 1 1
v -1.072641 2.957801 3.507264 1 1 1
v -1.077616 2.957801 3.457512 1 1 1
v -1.122393 2.907801 3.512239 1 1 1
v -1.127368 2.907801 3.462488 1 1 1
v -1.072641 3.157801 3.507264 1 1 1
v -1.122393 3.207801 3.512239 1 1 1
v -1.077616 3.157801 3.457512 1 1 1
v -1.127368 3.207801 3.462488 1 1 1
v -1.510866 2.907801 3.500837 1 1 1
v -1.560618 2.957801 3.505813 1 1 1
v -1.560618 3.157801 3.505813 1 1 1
v -1.510866 3.207801 3.500837 1 1 1
v -1.505891 3.207801 3.550589 1 1 1
v -1.505891 2.907801 3.550589 1 1 1
v -1.555642 2.957801 3.555564 1 1 1
v -1.555642 3.157801 3.555564 1 1 1
v -1.128829 2.397031 3.512883 1 1 1
v -1.133804 2.397031 3.463131 1 1 1
v -1.178581 2.447031 3.517858 1 1 1
v -1.183556 2.447031 3.468106 1 1 1
v -0.7453312 2.397031 3.474533 1 1 1
v -0.6955794 2.447031 3.469558 1 1 1
v -0.6955794 2.647031 3.469558 1 1 1
v -1.178581 2.647031 3.517858 1 1 1
v -0.7453312 2.697031 3.474533 1 1 1
v -1.128829 2.697031 3.512883 1 1 1
v -0.7503064 2.397031 3.424781 1 1 1
v -0.7005545 2.447031 3.419806 1 1 1
v -0.7503064 2.697031 3.424781 1 1 1
v -1.133804 2.697031 3.463131 1 1 1
v -0.7005545 2.647031 3.419806 1 1 1
v -1.183556 2.647031 3.468106 1 1 1
v 1.471186 1.463198 3.496869 1 1 1
v 1.421434 1.413198 3.491894 1 1 1
v 1.466211 1.463198 3.546621 1 1 1
v 1.416459 1.413198 3.541646 1 1 1
v 0.9881846 1.463198 3.448569 1 1 1
v 0.9881846 1.663198 3.448569 1 1 1
v 0.9832095 1.463198 3.498321 1 1 1
v 0.9832095 1.663198 3.498321 1 1 1
v 1.037936 1.713198 3.453544 1 1 1
v 1.032961 1.713198 3.503296 1 1 1
v 1.037936 1.413198 3.453544 1 1 1
v 1.471186 1.663198 3.496869 1 1 1
v 1.421434 1.713198 3.491894 1 1 1
v 1.032961 1.413198 3.503296 1 1 1
v 1.466211 1.663198 3.546621 1 1 1
v 1.416459 1.713198 3.541646 1 1 1
v -2 0.9 -4.000001 1 1 1
v -2 4.05 -4.000001 1 1 1
v -2 4.05 -3.600001 1 1 1
v -2 0.9 -3.600001 1 1 1
v 1.961956E-13 4.05 -3.400001 1 1 1
v 1.961956E-13 0.9 -3.400001 1 1 1
v 1.130462E-08 3.609557E-16 -2.548004 1 1 1
v -0.5459808 3.609557E-16 -2.639001 1 1 1
v 1.130462E-08 0.2 -2.548004 1 1 1
v -0.5459808 0.2 -2.639001 1 1 1
v -0.667636 0.2 -2.760656 1 1 1
v -0.667636 3.609557E-16 -2.760656 1 1 1
v -0.7586328 0.2 -3.306637 1 1 1
v -0.7586328 3.609557E-16 -3.306637 1 1 1
v 0.5459808 3.609557E-16 -2.639001 1 1 1
v 0.5459808 0.2 -2.639001 1 1 1
v 0.7586328 0.2 -3.306637 1 1 1
v 0.6676361 0.2 -2.760656 1 1 1
v 0.6676361 3.609557E-16 -2.760656 1 1 1
v 0.7586328 3.609557E-16 -3.306637 1 1 1
v -2 0.2 -2.998004 1 1 1
v -2 0 -2.998004 1 1 1
v -2 0 -4 1 1 1
v 2 0 -2.998004 1 1 1
v 8.954982E-09 0 -2.798005 1 1 1
v 8.954982E-09 0.2 -2.798005 1 1 1
v 2 0 -4 1 1 1
v 1.072641 2.957801 -3.507264 1 1 1
v 1.077616 2.957801 -3.457512 1 1 1
v 1.122393 2.907801 -3.512239 1 1 1
v 1.127368 2.907801 -3.462488 1 1 1
v 1.072641 3.157801 -3.507264 1 1 1
v 1.122393 3.207801 -3.512239 1 1 1
v 1.077616 3.157801 -3.457512 1 1 1
v 1.127368 3.207801 -3.462488 1 1 1
v 1.510866 2.907801 -3.500837 1 1 1
v 1.560618 2.957801 -3.505813 1 1 1
v 1.560618 3.157801 -3.505813 1 1 1
v 1.510866 3.207801 -3.500837 1 1 1
v 1.505891 3.207801 -3.550589 1 1 1
v 1.505891 2.907801 -3.550589 1 1 1
v 1.555642 2.957801 -3.555564 1 1 1
v 1.555642 3.157801 -3.555564 1 1 1
v 1.128829 2.397031 -3.512883 1 1 1
v 1.133804 2.397031 -3.463131 1 1 1
v 1.178581 2.447031 -3.517858 1 1 1
v 1.183556 2.447031 -3.468106 1 1 1
v 0.7453312 2.397031 -3.474533 1 1 1
v 0.6955794 2.447031 -3.469558 1 1 1
v 0.6955794 2.647031 -3.469558 1 1 1
v 1.178581 2.647031 -3.517858 1 1 1
v 0.7453312 2.697031 -3.474533 1 1 1
v 1.128829 2.697031 -3.512883 1 1 1
v 0.7503064 2.397031 -3.424781 1 1 1
v 0.7005545 2.447031 -3.419806 1 1 1
v 0.7503064 2.697031 -3.424781 1 1 1
v 1.133804 2.697031 -3.463131 1 1 1
v 0.7005545 2.647031 -3.419806 1 1 1
v 1.183556 2.647031 -3.468106 1 1 1
v -1.471186 1.463198 -3.496869 1 1 1
v -1.421434 1.413198 -3.491894 1 1 1
v -1.466211 1.463198 -3.546621 1 1 1
v -1.416459 1.413198 -3.541646 1 1 1
v -0.9881846 1.463198 -3.448569 1 1 1
v -0.9881846 1.663198 -3.448569 1 1 1
v -0.9832095 1.463198 -3.498321 1 1 1
v -0.9832095 1.663198 -3.498321 1 1 1
v -1.037936 1.713198 -3.453544 1 1 1
v -1.032961 1.713198 -3.503296 1 1 1
v -1.037936 1.413198 -3.453544 1 1 1
v -1.471186 1.663198 -3.496869 1 1 1
v -1.421434 1.713198 -3.491894 1 1 1
v -1.032961 1.413198 -3.503296 1 1 1
v -1.466211 1.663198 -3.546621 1 1 1
v -1.416459 1.713198 -3.541646 1 1 1
v -4.000003 0.9 2 1 1 1
v -4.000002 0.9 -2 1 1 1
v -4.000003 4.05 2 1 1 1
v -4.000002 4.05 -2 1 1 1
v -3.600003 4.05 2 1 1 1
v -3.600003 0.9 2 1 1 1
v -3.600002 0.9 -2 1 1 1
v -3.600002 4.05 -2 1 1 1
v -3.400002 4.05 3.576273E-08 1 1 1
v -3.400002 0.9 3.576273E-08 1 1 1
v -2.548006 3.60442E-16 3.39136E-08 1 1 1
v -2.639003 3.60442E-16 0.5459809 1 1 1
v -2.548006 0.2 3.39136E-08 1 1 1
v -2.639003 0.2 0.5459809 1 1 1
v -2.760658 0.2 0.6676361 1 1 1
v -2.760658 3.60442E-16 0.6676361 1 1 1
v -3.306639 0.2 0.7586329 1 1 1
v -3.306639 3.60442E-16 0.7586329 1 1 1
v -2.639003 3.60442E-16 -0.5459808 1 1 1
v -2.639003 0.2 -0.5459808 1 1 1
v -3.306639 0.2 -0.758633 1 1 1
v -2.760658 0.2 -0.6676362 1 1 1
v -2.760658 3.60442E-16 -0.6676362 1 1 1
v -3.306639 3.60442E-16 -0.758633 1 1 1
v -2.998007 0.2 2 1 1 1
v -2.998007 -5.136725E-19 2 1 1 1
v -4.000002 0.2 2 1 1 1
v -4.000002 -5.136725E-19 2 1 1 1
v -2.998006 -5.136725E-19 -2 1 1 1
v -2.798007 -5.136725E-19 6.268979E-08 1 1 1
v -2.998006 0.2 -2 1 1 1
v -2.798007 0.2 6.268979E-08 1 1 1
v -4.000001 -5.136725E-19 -2 1 1 1
v -4.000001 0.2 -2 1 1 1
v -3.507266 2.957801 -1.072641 1 1 1
v -3.457514 2.957801 -1.077616 1 1 1
v -3.512241 2.907801 -1.122393 1 1 1
v -3.46249 2.907801 -1.127368 1 1 1
v -3.507266 3.157801 -1.072641 1 1 1
v -3.512241 3.207801 -1.122393 1 1 1
v -3.457514 3.157801 -1.077616 1 1 1
v -3.46249 3.207801 -1.127368 1 1 1
v -3.500839 2.907801 -1.510866 1 1 1
v -3.505814 2.957801 -1.560618 1 1 1
v -3.505814 3.157801 -1.560618 1 1 1
v -3.500839 3.207801 -1.510866 1 1 1
v -3.550591 3.207801 -1.505891 1 1 1
v -3.550591 2.907801 -1.505891 1 1 1
v -3.555566 2.957801 -1.555642 1 1 1
v -3.555566 3.157801 -1.555642 1 1 1
v -3.512885 2.397031 -1.128829 1 1 1
v -3.463133 2.397031 -1.133804 1 1 1
v -3.51786 2.447031 -1.178581 1 1 1
v -3.468108 2.447031 -1.183556 1 1 1
v -3.474535 2.397031 -0.7453312 1 1 1
v -3.46956 2.447031 -0.6955793 1 1 1
v -3.46956 2.647031 -0.6955793 1 1 1
v -3.51786 2.647031 -1.178581 1 1 1
v -3.474535 2.697031 -0.7453312 1 1 1
v -3.512885 2.697031 -1.128829 1 1 1
v -3.424783 2.397031 -0.7503064 1 1 1
v -3.419808 2.447031 -0.7005545 1 1 1
v -3.424783 2.697031 -0.7503064 1 1 1
v -3.463133 2.697031 -1.133804 1 1 1
v -3.419808 2.647031 -0.7005545 1 1 1
v -3.468108 2.647031 -1.183556 1 1 1
v -3.496871 1.463198 1.471186 1 1 1
v -3.491896 1.413198 1.421434 1 1 1
v -3.546623 1.463198 1.466211 1 1 1
v -3.541647 1.413198 1.416459 1 1 1
v -3.448571 1.463198 0.9881846 1 1 1
v -3.448571 1.663198 0.9881846 1 1 1
v -3.498322 1.463198 0.9832094 1 1 1
v -3.498322 1.663198 0.9832094 1 1 1
v -3.453546 1.713198 1.037936 1 1 1
v -3.503298 1.713198 1.032961 1 1 1
v -3.453546 1.413198 1.037936 1 1 1
v -3.496871 1.663198 1.471186 1 1 1
v -3.491896 1.713198 1.421434 1 1 1
v -3.503298 1.413198 1.032961 1 1 1
v -3.546623 1.663198 1.466211 1 1 1
v -3.541647 1.713198 1.416459 1 1 1
v 4 4.05 4.000001 1 1 1
v 4 4.05 3.600001 1 1 1
v 3 4.05 3.400001 1 1 1
v 3 0.9 3.400001 1 1 1
v 4 0.9 4.000001 1 1 1
v 4 0.9 3.600001 1 1 1
v 4 0 4 1 1 1
v 2 0 4 1 1 1
v 4 0.2 4 1 1 1
v 4 0.2 2.998004 1 1 1
v 3 0.2 2.798005 1 1 1
v 3 0 2.798005 1 1 1
v 4 0 2.998004 1 1 1
v 2 0 2.998004 1 1 1
v 2.668151 1.332707 3.466371 1 1 1
v 2.658345 1.332707 3.417341 1 1 1
v 2.290225 1.332707 3.541956 1 1 1
v 2.280419 1.332707 3.492927 1 1 1
v 2.71718 1.582707 3.456565 1 1 1
v 2.668151 1.632707 3.466371 1 1 1
v 2.707374 1.582707 3.407536 1 1 1
v 2.658345 1.632707 3.417341 1 1 1
v 2.707374 1.382707 3.407536 1 1 1
v 2.71718 1.382707 3.456565 1 1 1
v 2.241196 1.382707 3.551762 1 1 1
v 2.23139 1.382707 3.502733 1 1 1
v 2.290225 1.632707 3.541956 1 1 1
v 2.280419 1.632707 3.492927 1 1 1
v 2.23139 1.582707 3.502733 1 1 1
v 2.241196 1.582707 3.551762 1 1 1
v -5.775291E-15 0.2 3.937453 1 1 1
v -0.44505 0.2 3.863278 1 1 1
v -5.775291E-15 0.6 3.937453 1 1 1
v -0.44505 0.6 3.863278 1 1 1
v -0.44505 0.2 2.973178 1 1 1
v 0 0.2 2.899003 1 1 1
v -0.44505 0.6 2.973178 1 1 1
v 0 0.6 2.899003 1 1 1
v 0.44505 0.2 3.863278 1 1 1
v 0.44505 0.6 3.863278 1 1 1
v 0.519225 0.6 3.418228 1 1 1
v 0.519225 0.2 3.418228 1 1 1
v 0.44505 0.6 2.973178 1 1 1
v -0.519225 0.6 3.418228 1 1 1
v -0.519225 0.2 3.418228 1 1 1
v 0.44505 0.2 2.973178 1 1 1
v 0.48375 4.233286 2.934478 1 1 1
v 0.48375 3.833286 2.934478 1 1 1
v 0.564375 4.233286 3.418228 1 1 1
v 0.564375 3.833286 3.418228 1 1 1
v 5.775291E-15 3.833286 3.982603 1 1 1
v -0.48375 3.833286 3.901978 1 1 1
v 5.775291E-15 4.233286 3.982603 1 1 1
v -0.48375 4.233286 3.901978 1 1 1
v 0.48375 3.833286 3.901978 1 1 1
v 0.48375 4.233286 3.901978 1 1 1
v -5.775291E-15 3.833286 2.853853 1 1 1
v -5.775291E-15 4.233286 2.853853 1 1 1
v -0.48375 3.833286 2.934478 1 1 1
v -0.48375 4.233286 2.934478 1 1 1
v -0.564375 3.833286 3.418228 1 1 1
v -0.564375 4.233286 3.418228 1 1 1
v -0.4375 3.833286 3.418228 1 1 1
v -0.375 3.833286 3.793228 1 1 1
v -0.35 0.6 3.418228 1 1 1
v -0.3 0.6 3.718228 1 1 1
v -0.375 3.833286 3.043228 1 1 1
v -0.3 0.6 3.118228 1 1 1
v 0 0.6 3.068228 1 1 1
v 0.3 0.6 3.118228 1 1 1
v 0 3.833286 2.980728 1 1 1
v 0.375 3.833286 3.043228 1 1 1
v 0.3 0.6 3.718228 1 1 1
v 1.155058E-14 0.6 3.768228 1 1 1
v 0.375 3.833286 3.793228 1 1 1
v 0 3.833286 3.855728 1 1 1
v 0.4375 3.833286 3.418228 1 1 1
v 0.35 0.6 3.418228 1 1 1
v -2.438299E-13 0.2 -3.937453 1 1 1
v 0.44505 0.2 -3.863278 1 1 1
v -2.438299E-13 0.6 -3.937453 1 1 1
v 0.44505 0.6 -3.863278 1 1 1
v 0.44505 0.2 -2.973178 1 1 1
v 2.496052E-13 0.2 -2.899003 1 1 1
v 0.44505 0.6 -2.973178 1 1 1
v 2.496052E-13 0.6 -2.899003 1 1 1
v -0.44505 0.2 -3.863278 1 1 1
v -0.44505 0.6 -3.863278 1 1 1
v -0.519225 0.6 -3.418228 1 1 1
v -0.519225 0.2 -3.418228 1 1 1
v -0.44505 0.6 -2.973178 1 1 1
v 0.519225 0.6 -3.418228 1 1 1
v 0.519225 0.2 -3.418228 1 1 1
v -0.44505 0.2 -2.973178 1 1 1
v -0.48375 4.233286 -2.934478 1 1 1
v -0.48375 3.833286 -2.934478 1 1 1
v -0.564375 4.233286 -3.418228 1 1 1
v -0.564375 3.833286 -3.418228 1 1 1
v -2.770853E-13 3.833286 -3.982603 1 1 1
v 0.48375 3.833286 -3.901978 1 1 1
v -2.770853E-13 4.233286 -3.982603 1 1 1
v 0.48375 4.233286 -3.901978 1 1 1
v -0.48375 3.833286 -3.901978 1 1 1
v -0.48375 4.233286 -3.901978 1 1 1
v 2.770853E-13 3.833286 -2.853853 1 1 1
v 2.770853E-13 4.233286 -2.853853 1 1 1
v 0.48375 3.833286 -2.934478 1 1 1
v 0.48375 4.233286 -2.934478 1 1 1
v 0.564375 3.833286 -3.418228 1 1 1
v 0.564375 4.233286 -3.418228 1 1 1
v 0.4375 3.833286 -3.418228 1 1 1
v 0.375 3.833286 -3.793228 1 1 1
v 0.35 0.6 -3.418228 1 1 1
v 0.3 0.6 -3.718228 1 1 1
v 0.375 3.833286 -3.043228 1 1 1
v 0.3 0.6 -3.118228 1 1 1
v 1.682543E-13 0.6 -3.068228 1 1 1
v -0.3 0.6 -3.118228 1 1 1
v 2.103179E-13 3.833286 -2.980728 1 1 1
v -0.375 3.833286 -3.043228 1 1 1
v -0.3 0.6 -3.718228 1 1 1
v -1.798049E-13 0.6 -3.768228 1 1 1
v -0.375 3.833286 -3.793228 1 1 1
v -2.103179E-13 3.833286 -3.855728 1 1 1
v -0.4375 3.833286 -3.418228 1 1 1
v -0.35 0.6 -3.418228 1 1 1
v -3.937455 0.2 -6.189645E-08 1 1 1
v -3.86328 0.2 -0.4450501 1 1 1
v -3.937455 0.6 -6.189645E-08 1 1 1
v -3.86328 0.6 -0.4450501 1 1 1
v -2.97318 0.2 -0.44505 1 1 1
v -2.899005 0.2 6.189644E-08 1 1 1
v -2.97318 0.6 -0.44505 1 1 1
v -2.899005 0.6 6.189644E-08 1 1 1
v -3.86328 0.2 0.44505 1 1 1
v -3.86328 0.6 0.44505 1 1 1
v -3.41823 0.6 0.5192251 1 1 1
v -3.41823 0.2 0.5192251 1 1 1
v -2.97318 0.6 0.4450501 1 1 1
v -3.41823 0.6 -0.5192251 1 1 1
v -3.41823 0.2 -0.5192251 1 1 1
v -2.97318 0.2 0.4450501 1 1 1
v -2.93448 4.233286 0.4837501 1 1 1
v -2.93448 3.833286 0.4837501 1 1 1
v -3.41823 4.233286 0.564375 1 1 1
v -3.41823 3.833286 0.564375 1 1 1
v -3.982605 3.833286 -6.727873E-08 1 1 1
v -3.90198 3.833286 -0.4837501 1 1 1
v -3.982605 4.233286 -6.727873E-08 1 1 1
v -3.90198 4.233286 -0.4837501 1 1 1
v -3.90198 3.833286 0.48375 1 1 1
v -3.90198 4.233286 0.48375 1 1 1
v -2.853855 3.833286 6.727873E-08 1 1 1
v -2.853855 4.233286 6.727873E-08 1 1 1
v -2.93448 3.833286 -0.48375 1 1 1
v -2.93448 4.233286 -0.48375 1 1 1
v -3.41823 3.833286 -0.564375 1 1 1
v -3.41823 4.233286 -0.564375 1 1 1
v -3.41823 3.833286 -0.4375001 1 1 1
v -3.79323 3.833286 -0.3750001 1 1 1
v -3.41823 0.6 -0.35 1 1 1
v -3.71823 0.6 -0.3000001 1 1 1
v -3.04323 3.833286 -0.375 1 1 1
v -3.11823 0.6 -0.3 1 1 1
v -3.06823 0.6 4.172325E-08 1 1 1
v -3.11823 0.6 0.3000001 1 1 1
v -2.98073 3.833286 5.215406E-08 1 1 1
v -3.04323 3.833286 0.3750001 1 1 1
v -3.71823 0.6 0.3 1 1 1
v -3.76823 0.6 -4.172324E-08 1 1 1
v -3.79323 3.833286 0.375 1 1 1
v -3.85573 3.833286 -5.215406E-08 1 1 1
v -3.41823 3.833286 0.4375001 1 1 1
v -3.41823 0.6 0.35 1 1 1

vn -0.3003765 0.7994348 0.5202672
vn -0.5202672 0.7994348 -0.3003765
vn 0.5202672 0.7994348 0.3003765
vn 0.3003765 0.7994348 -0.5202672
vn -0.5202672 -0.7994348 -0.3003765
vn 0.5202672 -0.7994348 0.3003765
vn 0.3003765 -0.7994348 -0.5202672
vn -0.3003765 -0.7994348 0.5202672
vn 0.7071069 0.5773503 -0.4082482
vn 0.4082482 0.5773503 0.7071069
vn 0.5202673 0.7994348 -0.3003764
vn 0.3003764 0.7994348 0.5202673
vn -0.5202673 -0.7994348 0.3003764
vn -0.4082482 -0.5773503 -0.7071069
vn -0.7071069 -0.5773503 0.4082482
vn -0.3003764 -0.7994348 -0.5202673
vn 0.4082484 0.5773503 -0.7071068
vn 0.7071068 0.5773503 0.4082484
vn -0.7071068 -0.5773503 -0.4082484
vn -0.4082484 -0.5773503 0.7071068
vn -0.4082484 0.5773503 0.7071068
vn 0.4082484 -0.5773503 -0.7071068
vn -0.7071069 0.5773503 0.4082482
vn -0.5202673 0.7994348 0.3003764
vn 0.7071069 -0.5773503 -0.4082482
vn 0.5202673 -0.7994348 -0.3003764
vn -0.4082482 0.5773503 -0.7071069
vn -0.3003764 0.7994348 -0.5202673
vn 0.4082482 -0.5773503 0.7071069
vn 0.3003764 -0.7994348 0.5202673
vn -0.7071068 0.5773503 -0.4082484
vn 0.7071068 -0.5773503 0.4082484
vn -0.5202672 0.7994348 -0.3003764
vn 0.3003764 0.7994348 -0.5202672
vn -0.3003764 0.7994348 0.5202672
vn 0.5202672 0.7994348 0.3003764
vn 0.3003764 -0.7994348 -0.5202672
vn -0.3003764 -0.7994348 0.5202672
vn 0.5202672 -0.7994348 0.3003764
vn -0.5202672 -0.7994348 -0.3003764
vn 0.4082483 0.5773503 0.7071068
vn -0.7071068 0.5773503 0.4082483
vn 0.3003764 0.7994348 0.5202672
vn -0.5202672 0.7994348 0.3003764
vn -0.3003764 -0.7994348 -0.5202672
vn 0.7071068 -0.5773503 -0.4082483
vn -0.4082483 -0.5773503 -0.7071068
vn 0.5202672 -0.7994348 -0.3003764
vn 0.7071068 0.5773503 0.4082482
vn -0.4082482 0.5773503 0.7071068
vn 0.4082482 -0.5773503 -0.7071068
vn -0.7071068 -0.5773503 -0.4082482
vn -0.7071068 0.5773503 -0.4082482
vn 0.7071068 -0.5773503 0.4082482
vn -0.4082483 0.5773503 -0.7071068
vn -0.3003764 0.7994348 -0.5202672
vn 0.4082483 -0.5773503 0.7071068
vn 0.3003764 -0.7994348 0.5202672
vn 0.7071068 0.5773503 -0.4082483
vn 0.5202672 0.7994348 -0.3003764
vn -0.7071068 -0.5773503 0.4082483
vn -0.5202672 -0.7994348 0.3003764
vn 0.4082482 0.5773503 -0.7071068
vn -0.4082482 -0.5773503 0.7071068
vn 0 1 0
vn 0 -1 0
vn -0.7071068 0.5773503 -0.4082483
vn -0.4082483 0.5773503 0.7071068
vn 0.4082483 -0.5773503 -0.7071068
vn 0.7071068 -0.5773503 0.4082483
vn 0.7071068 0.5773503 0.4082483
vn -0.7071068 -0.5773503 -0.4082483
vn -0.6666667 0.3333333 -0.6666667
vn -0.5033765 0.7022992 -0.5033765
vn -0.6666667 0.3333333 0.6666667
vn -0.5033765 0.7022992 0.5033765
vn 0.6666667 -0.3333333 -0.6666667
vn 0.5033765 -0.7022992 0.5033765
vn 0.6666667 -0.3333333 0.6666667
vn 0.5033765 -0.7022992 -0.5033765
vn 0.5033765 0.7022992 -0.5033765
vn 0.5033765 0.7022992 0.5033765
vn -0.5033765 -0.7022992 -0.5033765
vn -0.5033765 -0.7022992 0.5033765
vn 0.6666667 0.3333333 0.6666667
vn -0.6666667 -0.3333333 -0.6666667
vn 0.6666667 0.3333333 -0.6666667
vn -0.6666667 -0.3333333 0.6666667
vn 0.4082483 0.5773503 -0.7071068
vn -0.4082483 -0.5773503 0.7071068
vn 0.4245382 0.9054101 0
vn 0 0.9054101 0.4245382
vn 0 0.9054101 -0.4245382
vn -0.4245382 0.9054101 0
vn 0 -0.9054101 0.4245382
vn 0 -0.9054101 -0.4245382
vn -0.4245382 -0.9054101 0
vn 0.4245382 -0.9054101 0
vn 0 0.8164966 -0.5773503
vn -0.5773503 0.8164966 0
vn 0 -0.8164966 0.5773503
vn 0.5773503 -0.8164966 0
vn 0.2886751 0.8164966 -0.5
vn 0.2122691 0.90541 -0.3676609
vn -0.5 0.8164966 -0.2886751
vn -0.3676609 0.90541 -0.2122691
vn 0.5 -0.8164966 0.2886751
vn -0.2122691 -0.90541 0.3676609
vn -0.2886751 -0.8164966 0.5
vn 0.3676609 -0.90541 0.2122691
vn 0.5773503 0.8164966 0
vn -0.5773503 -0.8164966 0
vn 0 0.8164966 0.5773503
vn 0 -0.8164966 -0.5773503
vn 0.5 0.8164966 0.2886751
vn -0.2886751 0.8164966 0.5
vn 0.3676609 0.90541 0.2122691
vn -0.2122691 0.90541 0.3676609
vn -0.3676609 -0.90541 -0.2122691
vn 0.2886751 -0.8164966 -0.5
vn -0.5 -0.8164966 -0.2886751
vn 0.2122691 -0.90541 -0.3676609
vn -0.4245382 0.9054101 2.040868E-13
vn -2.040868E-13 0.9054101 -0.4245382
vn 2.040868E-13 0.9054101 0.4245382
vn 0.4245382 0.9054101 -2.040868E-13
vn -2.040868E-13 -0.9054101 -0.4245382
vn 2.040868E-13 -0.9054101 0.4245382
vn 0.4245382 -0.9054101 -2.040868E-13
vn -0.4245382 -0.9054101 2.040868E-13
vn 2.775476E-13 0.8164966 0.5773503
vn 0.5773503 0.8164966 -2.775476E-13
vn -2.775476E-13 -0.8164966 -0.5773503
vn -0.5773503 -0.8164966 2.775476E-13
vn -0.5773503 0.8164966 2.775476E-13
vn 0.5773503 -0.8164966 -2.775476E-13
vn -2.775476E-13 0.8164966 -0.5773503
vn 2.775476E-13 -0.8164966 0.5773503
vn 0.4082484 0.5773503 -0.7071068
vn -0.7071068 0.5773503 -0.4082484
vn 0.7071068 -0.5773503 0.4082484
vn -0.4082484 -0.5773503 0.7071068
vn -0.4082484 0.5773503 0.7071068
vn 0.4082484 -0.5773503 -0.7071068
vn 0.6666668 0.3333333 -0.6666667
vn 0.5033766 0.7022992 -0.5033765
vn -0.6666667 0.3333333 -0.6666668
vn -0.5033765 0.7022992 -0.5033766
vn 0.6666667 -0.3333333 0.6666668
vn -0.5033766 -0.7022992 0.5033765
vn -0.6666668 -0.3333333 0.6666667
vn 0.5033765 -0.7022992 0.5033766
vn 0.5033765 0.7022992 0.5033766
vn -0.5033766 0.7022992 0.5033765
vn 0.5033766 -0.7022992 -0.5033765
vn -0.5033765 -0.7022992 -0.5033766
vn -0.6666668 0.3333333 0.6666667
vn 0.6666668 -0.3333333 -0.6666667
vn 0.6666667 0.3333333 0.6666668
vn -0.6666667 -0.3333333 -0.6666668
vn 0.7071068 0.5773503 0.4082484
vn -0.7071068 -0.5773503 -0.4082484
vn -5.06089E-08 0.9054101 0.4245383
vn -0.4245383 0.9054101 -5.06089E-08
vn 0.4245383 0.9054101 5.06089E-08
vn 5.06089E-08 0.9054101 -0.4245383
vn -0.4245383 -0.9054101 -5.06089E-08
vn 0.4245383 -0.9054101 5.06089E-08
vn 5.06089E-08 -0.9054101 -0.4245383
vn -5.06089E-08 -0.9054101 0.4245383
vn 0.5773503 0.8164966 6.882551E-08
vn 6.882551E-08 0.8164966 -0.5773503
vn -0.5773503 -0.8164966 -6.882551E-08
vn -6.882551E-08 -0.8164966 0.5773503
vn 0.5 0.8164966 0.2886752
vn 0.3676609 0.90541 0.2122692
vn 0.2886752 0.8164966 -0.5
vn 0.2122692 0.90541 -0.3676609
vn -0.2886752 -0.8164966 0.5
vn -0.3676609 -0.90541 -0.2122692
vn -0.5 -0.8164966 -0.2886752
vn -0.2122692 -0.90541 0.3676609
vn -6.882551E-08 0.8164966 0.5773503
vn 6.882551E-08 -0.8164966 -0.5773503
vn -0.5773503 0.8164966 -6.882551E-08
vn 0.5773503 -0.8164966 6.882551E-08
vn -0.2886752 0.8164966 0.5
vn -0.5 0.8164966 -0.2886752
vn -0.2122692 0.90541 0.3676609
vn -0.3676609 0.90541 -0.2122692
vn 0.2122692 -0.90541 -0.3676609
vn 0.5 -0.8164966 0.2886752
vn 0.2886752 -0.8164966 -0.5
vn 0.3676609 -0.90541 0.2122692
vn 1 0 1.192093E-07
vn 0.9805808 0 0.1961163
vn -1 0 -1.192093E-07
vn -0.9805808 0 -0.1961163
vn 1.192093E-07 0 -1
vn -1.192093E-07 0 1
vn 0.9805808 0 -0.1961161
vn -0.9805808 0 0.1961161
vn 4.807266E-13 0 1
vn -0.1961161 0 0.9805807
vn -4.807266E-13 0 -1
vn 0.1961161 0 -0.9805807
vn 1 0 -4.807266E-13
vn -1 0 4.807266E-13
vn 0.1961161 0 0.9805807
vn -0.1961161 0 -0.9805807
vn 0 0 -1
vn 0 0 1
vn -1 0 0
vn 1 0 0
vn -0.09950371 0 -0.9950371
vn 0.09950371 0 0.9950371
vn 0.09950371 0 -0.9950371
vn -0.09950371 0 0.9950371
vn 0.9950373 0 -0.09950361
vn -0.9950373 0 0.09950361
vn 0.9950373 0 0.09950384
vn -0.9950373 0 -0.09950384
vn 0.9805808 0 0.1961162
vn -0.9805808 0 -0.1961162
vn 0.9805808 0 -0.1961161
vn -0.9805808 0 0.1961161
vn 0.07505035 -0.9238795 0.375252
vn -0.07505035 -0.9238795 -0.375252
vn 0.07505035 0.9238795 0.375252
vn -0.07505035 0.9238795 -0.375252
vn 0.1811876 0.3826834 0.9059385
vn -0.1811876 -0.3826834 -0.9059385
vn 0.1811876 -0.3826834 0.9059385
vn -0.1811876 0.3826834 -0.9059385
vn -0.1961161 0 0.9805807
vn 0.1961161 0 -0.9805807
vn 0.1961162 0 0.9805807
vn -0.1961162 0 -0.9805807
vn -0.3752519 -0.9238795 0.07505039
vn 0.3752519 -0.9238795 -0.07505039
vn -0.3752519 0.9238795 0.07505039
vn 0.3752519 0.9238795 -0.07505039
vn -0.9059384 0.3826834 0.1811877
vn 0.9059384 -0.3826834 -0.1811877
vn -0.9059384 -0.3826834 0.1811877
vn 0.9059384 0.3826834 -0.1811877
vn 0.4575815 0 -0.8891677
vn -0.4575815 0 0.8891677
vn 0.8891677 0 -0.4575816
vn 0.986394 0 -0.164399
vn -0.986394 0 0.164399
vn -0.8891677 0 0.4575816
vn -0.4575816 0 -0.8891677
vn 0.4575816 0 0.8891677
vn -0.8891677 0 -0.4575815
vn -0.986394 0 -0.164399
vn 0.986394 0 0.164399
vn 0.8891677 0 0.4575815
vn -0.09950373 0 -0.9950371
vn 0.09950373 0 0.9950371
vn 0.0995037 0 -0.9950371
vn -0.0995037 0 0.9950371
vn 0.9192945 -0.3826834 -0.09192945
vn 0.3807842 -0.9238795 -0.03807842
vn -0.3807842 0.9238795 0.03807842
vn -0.9192945 0.3826834 0.09192945
vn 0.9192945 0.3826834 -0.09192945
vn 0.3807842 0.9238795 -0.03807842
vn -0.9192945 -0.3826834 0.09192945
vn -0.3807842 -0.9238795 0.03807842
vn 0.9192945 -0.3826834 0.09192945
vn 0.3807842 -0.9238795 0.03807842
vn -0.9192945 0.3826834 -0.09192945
vn -0.3807842 0.9238795 -0.03807842
vn -0.9192945 -0.3826834 -0.09192945
vn 0.9192945 0.3826834 0.09192945
vn -0.3807842 -0.9238795 -0.03807842
vn 0.3807842 0.9238795 0.03807842
vn 0.8891677 0 0.4575817
vn -0.8891677 0 -0.4575817
vn 0.4575815 0 0.8891678
vn 0.1643989 0 0.9863941
vn -0.1643989 0 -0.9863941
vn -0.4575815 0 -0.8891678
vn 0.8891678 0 -0.4575815
vn -0.8891678 0 0.4575815
vn 0.4575817 0 -0.8891677
vn 0.1643991 0 -0.9863941
vn -0.1643991 0 0.9863941
vn -0.4575817 0 0.8891677
vn 0.9950373 0 -0.09950362
vn -0.9950373 0 0.09950362
vn 0.9950373 0 0.09950384
vn -0.9950373 0 -0.09950384
vn 0.09192935 -0.3826834 0.9192946
vn 0.03807838 -0.9238795 0.3807843
vn -0.03807838 0.9238795 -0.3807843
vn -0.09192935 0.3826834 -0.9192946
vn 0.09192935 0.3826834 0.9192946
vn 0.03807838 0.9238795 0.3807843
vn -0.09192935 -0.3826834 -0.9192946
vn -0.03807838 -0.9238795 -0.3807843
vn -0.09192957 -0.3826834 0.9192946
vn -0.03807847 -0.9238795 0.3807843
vn 0.09192957 0.3826834 -0.9192946
vn 0.03807847 0.9238795 -0.3807843
vn 0.09192957 -0.3826834 -0.9192946
vn -0.09192957 0.3826834 0.9192946
vn 0.03807847 -0.9238795 -0.3807843
vn -0.03807847 0.9238795 0.3807843
vn -0.164399 0 0.986394
vn 0.164399 0 -0.986394
vn -0.164399 0 -0.986394
vn 0.164399 0 0.986394
vn 0.986394 0 0.164399
vn -0.986394 0 -0.164399
vn -0.986394 0 0.164399
vn 0.986394 0 -0.164399
vn -0.999634 -0.02705235 0
vn -0.9860427 -0.02668454 0.1643405
vn 0.999634 0.02705235 0
vn 0.9860427 0.02668454 -0.1643405
vn -0.9860427 -0.02668454 -0.1643405
vn 0.9860427 0.02668454 0.1643405
vn 0 -0.02705235 -0.999634
vn 0.1643405 -0.02668453 -0.9860427
vn 0 0.02705235 0.999634
vn -0.1643405 0.02668453 0.9860427
vn 0.1643405 -0.02668453 0.9860427
vn 0 -0.02705235 0.999634
vn -0.1643405 0.02668453 -0.9860427
vn 0 0.02705235 -0.999634
vn 0.9860427 -0.02668454 -0.1643405
vn 0.999634 -0.02705235 0
vn -0.999634 0.02705235 0
vn -0.9860427 0.02668454 0.1643405
vn 0.9860427 -0.02668454 0.1643405
vn -0.9860427 0.02668454 -0.1643405
vn -0.1643405 -0.02668453 -0.9860427
vn 0.1643405 0.02668453 0.9860427
vn -0.1643405 -0.02668453 0.9860427
vn 0.1643405 0.02668453 -0.9860427
vn 0.999634 -0.02705235 -4.805507E-13
vn -0.999634 0.02705235 4.805507E-13
vn 4.805507E-13 -0.02705235 0.999634
vn -4.805507E-13 0.02705235 -0.999634
vn -4.805507E-13 -0.02705235 -0.999634
vn 4.805507E-13 0.02705235 0.999634
vn -0.999634 -0.02705235 4.805507E-13
vn 0.999634 0.02705235 -4.805507E-13
vn -0.9863941 0 -0.1643991
vn 0.9863941 0 0.1643991
vn 0.9863941 0 -0.1643989
vn -0.9863941 0 0.1643989
vn -0.1643991 0 0.9863941
vn 0.1643991 0 -0.9863941
vn -0.1643989 0 -0.9863941
vn 0.1643989 0 0.9863941
vn 1.191657E-07 -0.02705235 -0.9996341
vn -0.1643403 -0.02668454 -0.9860428
vn -1.191657E-07 0.02705235 0.9996341
vn 0.1643403 0.02668454 0.9860428
vn 0.1643406 -0.02668454 -0.9860428
vn -0.1643406 0.02668454 0.9860428
vn 0.9996341 -0.02705235 1.191657E-07
vn 0.9860428 -0.02668453 0.1643406
vn -0.9996341 0.02705235 -1.191657E-07
vn -0.9860428 0.02668453 -0.1643406
vn -0.9860428 -0.02668453 0.1643403
vn -0.9996341 -0.02705235 -1.191657E-07
vn 0.9860428 0.02668453 -0.1643403
vn 0.9996341 0.02705235 1.191657E-07
vn 0.1643403 -0.02668454 0.9860428
vn -1.191657E-07 -0.02705235 0.9996341
vn 1.191657E-07 0.02705235 -0.9996341
vn -0.1643403 0.02668454 -0.9860428
vn -0.1643406 -0.02668454 0.9860428
vn 0.1643406 0.02668454 -0.9860428
vn 0.9860428 -0.02668453 -0.1643403
vn -0.9860428 0.02668453 0.1643403
vn -0.9860428 -0.02668453 -0.1643406
vn 0.9860428 0.02668453 0.1643406

vt 0.46875 0.065
vt 0.46875 0.025
vt 0.46875 0.105
vt 0.09375 0.025
vt 0.09375 0.225
vt 0.34375 0.225
vt 0.34375 0.025
vt 0.34375 0.105
vt 0.34375 0.1208127
vt 0.34375 0.1331584
vt 0.34375 0.1356275
vt 0.34375 0.1232818
vt 0.34375 0.1947402
vt 0.34375 0.1923779
vt 0.34375 0.2041891
vt 0.34375 0.2065513
vt 0.34375 0.1682468
vt 0.34375 0.170609
vt 0.34375 0.1800579
vt 0.34375 0.1824202
vt 0.34375 0.1241282
vt 0.34375 0.121766
vt 0.34375 0.1335772
vt 0.34375 0.1359394
vt 0.21875 0.145
vt 0.21875 0.225
vt 0.21875 0.075
vt 0.21875 0.175

usemtl colormap

f 3/1/3 2/1/2 1/1/1
f 2/1/2 3/1/3 4/1/4
f 1/1/7 2/1/6 3/1/5
f 4/1/8 3/1/5 2/1/6
f 7/3/11 6/2/10 5/2/9
f 6/2/10 7/3/11 8/3/12
f 5/2/15 6/2/14 7/3/13
f 8/3/16 7/3/13 6/2/14
f 4/1/4 10/2/18 9/2/17
f 10/2/18 4/1/4 3/1/3
f 9/2/20 10/2/19 4/1/8
f 3/1/5 4/1/8 10/2/19
f 3/1/3 11/2/21 10/2/18
f 11/2/21 3/1/3 1/1/1
f 10/2/19 11/2/22 3/1/5
f 1/1/7 3/1/5 11/2/22
f 8/3/12 12/2/23 6/2/10
f 12/2/23 8/3/12 13/3/24
f 6/2/14 12/2/25 8/3/16
f 13/3/26 8/3/16 12/2/25
f 14/2/27 7/3/11 5/2/9
f 7/3/11 14/2/27 15/3/28
f 5/2/15 7/3/13 14/2/29
f 15/3/30 14/2/29 7/3/13
f 16/2/31 4/1/4 9/2/17
f 4/1/4 16/2/31 2/1/2
f 9/2/20 4/1/8 16/2/32
f 2/1/6 16/2/32 4/1/8
f 1/1/1 16/2/31 11/2/21
f 16/2/31 1/1/1 2/1/2
f 11/2/22 16/2/32 1/1/7
f 2/1/6 1/1/7 16/2/32
f 7/3/11 13/3/24 8/3/12
f 13/3/24 7/3/11 15/3/28
f 8/3/16 13/3/26 7/3/13
f 15/3/30 7/3/13 13/3/26
f 13/3/24 14/2/27 12/2/23
f 14/2/27 13/3/24 15/3/28
f 12/2/25 14/2/29 13/3/26
f 15/3/30 13/3/26 14/2/29
f 19/1/3 18/1/2 17/1/1
f 18/1/2 19/1/3 20/1/4
f 17/1/7 18/1/6 19/1/5
f 20/1/8 19/1/5 18/1/6
f 23/3/11 22/2/10 21/2/9
f 22/2/10 23/3/11 24/3/12
f 21/2/15 22/2/14 23/3/13
f 24/3/16 23/3/13 22/2/14
f 20/1/4 26/2/18 25/2/17
f 26/2/18 20/1/4 19/1/3
f 25/2/20 26/2/19 20/1/8
f 19/1/5 20/1/8 26/2/19
f 19/1/3 27/2/21 26/2/18
f 27/2/21 19/1/3 17/1/1
f 26/2/19 27/2/22 19/1/5
f 17/1/7 19/1/5 27/2/22
f 24/3/12 28/2/23 22/2/10
f 28/2/23 24/3/12 29/3/24
f 22/2/14 28/2/25 24/3/16
f 29/3/26 24/3/16 28/2/25
f 30/2/27 23/3/11 21/2/9
f 23/3/11 30/2/27 31/3/28
f 21/2/15 23/3/13 30/2/29
f 31/3/30 30/2/29 23/3/13
f 32/2/31 20/1/4 25/2/17
f 20/1/4 32/2/31 18/1/2
f 25/2/20 20/1/8 32/2/32
f 18/1/6 32/2/32 20/1/8
f 17/1/1 32/2/31 27/2/21
f 32/2/31 17/1/1 18/1/2
f 27/2/22 32/2/32 17/1/7
f 18/1/6 17/1/7 32/2/32
f 23/3/11 29/3/24 24/3/12
f 29/3/24 23/3/11 31/3/28
f 24/3/16 29/3/26 23/3/13
f 31/3/30 23/3/13 29/3/26
f 29/3/24 30/2/27 28/2/23
f 30/2/27 29/3/24 31/3/28
f 28/2/25 30/2/29 29/3/26
f 31/3/30 29/3/26 30/2/29
f 35/1/35 34/1/34 33/1/33
f 34/1/34 35/1/35 36/1/36
f 33/1/39 34/1/38 35/1/37
f 36/1/40 35/1/37 34/1/38
f 39/3/43 38/2/42 37/2/41
f 38/2/42 39/3/43 40/3/44
f 37/2/47 38/2/46 39/3/45
f 40/3/48 39/3/45 38/2/46
f 36/1/36 42/2/50 41/2/49
f 42/2/50 36/1/36 35/1/35
f 41/2/52 42/2/51 36/1/40
f 35/1/37 36/1/40 42/2/51
f 35/1/35 43/2/53 42/2/50
f 43/2/53 35/1/35 33/1/33
f 42/2/51 43/2/54 35/1/37
f 33/1/39 35/1/37 43/2/54
f 40/3/44 44/2/55 38/2/42
f 44/2/55 40/3/44 45/3/56
f 38/2/46 44/2/57 40/3/48
f 45/3/58 40/3/48 44/2/57
f 46/2/59 39/3/43 37/2/41
f 39/3/43 46/2/59 47/3/60
f 37/2/47 39/3/45 46/2/61
f 47/3/62 46/2/61 39/3/45
f 48/2/63 36/1/36 41/2/49
f 36/1/36 48/2/63 34/1/34
f 41/2/52 36/1/40 48/2/64
f 34/1/38 48/2/64 36/1/40
f 33/1/33 48/2/63 43/2/53
f 48/2/63 33/1/33 34/1/34
f 43/2/54 48/2/64 33/1/39
f 34/1/38 33/1/39 48/2/64
f 39/3/43 45/3/56 40/3/44
f 45/3/56 39/3/43 47/3/60
f 40/3/48 45/3/58 39/3/45
f 47/3/62 39/3/45 45/3/58
f 45/3/56 46/2/59 44/2/55
f 46/2/59 45/3/56 47/3/60
f 44/2/57 46/2/61 45/3/58
f 47/3/62 45/3/58 46/2/61
f 51/1/35 50/1/34 49/1/33
f 50/1/34 51/1/35 52/1/36
f 49/1/39 50/1/38 51/1/37
f 52/1/40 51/1/37 50/1/38
f 55/3/43 54/2/42 53/2/41
f 54/2/42 55/3/43 56/3/44
f 53/2/47 54/2/46 55/3/45
f 56/3/48 55/3/45 54/2/46
f 52/1/36 58/2/50 57/2/49
f 58/2/50 52/1/36 51/1/35
f 57/2/52 58/2/51 52/1/40
f 51/1/37 52/1/40 58/2/51
f 51/1/35 59/2/53 58/2/50
f 59/2/53 51/1/35 49/1/33
f 58/2/51 59/2/54 51/1/37
f 49/1/39 51/1/37 59/2/54
f 56/3/44 60/2/55 54/2/42
f 60/2/55 56/3/44 61/3/56
f 54/2/46 60/2/57 56/3/48
f 61/3/58 56/3/48 60/2/57
f 62/2/59 55/3/43 53/2/41
f 55/3/43 62/2/59 63/3/60
f 53/2/47 55/3/45 62/2/61
f 63/3/62 62/2/61 55/3/45
f 64/2/63 52/1/36 57/2/49
f 52/1/36 64/2/63 50/1/34
f 57/2/52 52/1/40 64/2/64
f 50/1/38 64/2/64 52/1/40
f 49/1/33 64/2/63 59/2/53
f 64/2/63 49/1/33 50/1/34
f 59/2/54 64/2/64 49/1/39
f 50/1/38 49/1/39 64/2/64
f 55/3/43 61/3/56 56/3/44
f 61/3/56 55/3/43 63/3/60
f 56/3/48 61/3/58 55/3/45
f 63/3/62 55/3/45 61/3/58
f 61/3/56 62/2/59 60/2/55
f 62/2/59 61/3/56 63/3/60
f 60/2/57 62/2/61 61/3/58
f 63/3/62 61/3/58 62/2/61
f 67/1/34 66/1/35 65/1/36
f 66/1/35 67/1/34 68/1/33
f 65/1/40 66/1/37 67/1/38
f 68/1/39 67/1/38 66/1/37
f 71/3/56 70/2/59 69/2/55
f 70/2/59 71/3/56 72/3/60
f 69/2/57 70/2/61 71/3/58
f 72/3/62 71/3/58 70/2/61
f 68/1/33 74/2/63 73/2/53
f 74/2/63 68/1/33 67/1/34
f 73/2/54 74/2/64 68/1/39
f 67/1/38 68/1/39 74/2/64
f 67/1/34 75/2/49 74/2/63
f 75/2/49 67/1/34 65/1/36
f 74/2/64 75/2/52 67/1/38
f 65/1/40 67/1/38 75/2/52
f 72/3/60 76/2/41 70/2/59
f 76/2/41 72/3/60 77/3/43
f 70/2/61 76/2/47 72/3/62
f 77/3/45 72/3/62 76/2/47
f 78/2/42 71/3/56 69/2/55
f 71/3/56 78/2/42 79/3/44
f 69/2/57 71/3/58 78/2/46
f 79/3/48 78/2/46 71/3/58
f 80/2/50 68/1/33 73/2/53
f 68/1/33 80/2/50 66/1/35
f 73/2/54 68/1/39 80/2/51
f 66/1/37 80/2/51 68/1/39
f 65/1/36 80/2/50 75/2/49
f 80/2/50 65/1/36 66/1/35
f 75/2/52 80/2/51 65/1/40
f 66/1/37 65/1/40 80/2/51
f 71/3/56 77/3/43 72/3/60
f 77/3/43 71/3/56 79/3/44
f 72/3/62 77/3/45 71/3/58
f 79/3/48 71/3/58 77/3/45
f 77/3/43 78/2/42 76/2/41
f 78/2/42 77/3/43 79/3/44
f 76/2/47 78/2/46 77/3/45
f 79/3/48 77/3/45 78/2/46
f 83/2/65 82/2/65 81/2/65
f 82/2/65 83/2/65 84/2/65
f 81/2/66 82/2/66 83/2/66
f 84/2/66 83/2/66 82/2/66
f 86/2/65 81/2/65 85/2/65
f 81/2/65 86/2/65 83/2/65
f 85/2/66 81/2/66 86/2/66
f 83/2/66 86/2/66 81/2/66
f 89/2/65 88/2/65 87/2/65
f 88/2/65 89/2/65 90/2/65
f 87/2/66 88/2/66 89/2/66
f 90/2/66 89/2/66 88/2/66
f 92/2/65 87/2/65 91/2/65
f 87/2/65 92/2/65 89/2/65
f 91/2/66 87/2/66 92/2/66
f 89/2/66 92/2/66 87/2/66
f 95/2/68 94/1/33 93/2/67
f 94/1/33 95/2/68 96/1/35
f 93/2/70 94/1/39 95/2/69
f 96/1/37 95/2/69 94/1/39
f 98/1/36 95/2/68 97/2/71
f 95/2/68 98/1/36 96/1/35
f 97/2/72 95/2/69 98/1/40
f 96/1/37 98/1/40 95/2/69
f 101/3/43 100/2/42 99/2/41
f 100/2/42 101/3/43 102/3/44
f 99/2/47 100/2/46 101/3/45
f 102/3/48 101/3/45 100/2/46
f 100/2/42 104/3/56 103/2/55
f 104/3/56 100/2/42 102/3/44
f 103/2/57 104/3/58 100/2/46
f 102/3/48 100/2/46 104/3/58
f 107/2/75 106/3/74 105/2/73
f 106/3/74 107/2/75 108/3/76
f 105/2/79 106/3/78 107/2/77
f 108/3/80 107/2/77 106/3/78
f 106/3/74 110/3/82 109/3/81
f 110/3/82 106/3/74 108/3/76
f 109/3/84 110/3/83 106/3/78
f 108/3/80 106/3/78 110/3/83
f 110/3/82 107/2/75 111/2/85
f 107/2/75 110/3/82 108/3/76
f 111/2/86 107/2/77 110/3/83
f 108/3/80 110/3/83 107/2/77
f 106/3/74 112/2/87 105/2/73
f 112/2/87 106/3/74 109/3/81
f 105/2/79 112/2/88 106/3/78
f 109/3/84 106/3/78 112/2/88
f 109/3/81 111/2/85 112/2/87
f 111/2/85 109/3/81 110/3/82
f 112/2/88 111/2/86 109/3/84
f 110/3/83 109/3/84 111/2/86
f 114/3/60 99/2/41 113/2/59
f 99/2/41 114/3/60 101/3/43
f 113/2/61 99/2/47 114/3/62
f 101/3/45 114/3/62 99/2/47
f 94/1/33 115/2/89 93/2/67
f 115/2/89 94/1/33 116/1/34
f 93/2/70 115/2/90 94/1/39
f 116/1/38 94/1/39 115/2/90
f 104/3/56 113/2/59 103/2/55
f 113/2/59 104/3/56 114/3/60
f 103/2/57 113/2/61 104/3/58
f 114/3/62 104/3/58 113/2/61
f 104/3/56 101/3/43 114/3/60
f 101/3/43 104/3/56 102/3/44
f 114/3/62 101/3/45 104/3/58
f 102/3/48 104/3/58 101/3/45
f 119/1/93 118/1/92 117/1/91
f 118/1/92 119/1/93 120/1/94
f 117/1/97 118/1/96 119/1/95
f 120/1/98 119/1/95 118/1/96
f 116/1/34 96/1/35 98/1/36
f 96/1/35 116/1/34 94/1/33
f 98/1/40 96/1/37 116/1/38
f 94/1/39 116/1/38 96/1/37
f 121/2/99 120/1/94 119/1/93
f 120/1/94 121/2/99 122/2/100
f 119/1/95 120/1/98 121/2/101
f 122/2/102 121/2/101 120/1/98
f 125/2/105 124/1/104 123/2/103
f 124/1/104 125/2/105 126/1/106
f 123/2/109 124/1/108 125/2/107
f 126/1/110 125/2/107 124/1/108
f 121/2/99 117/1/91 127/2/111
f 117/1/91 121/2/99 119/1/93
f 127/2/112 117/1/97 121/2/101
f 119/1/95 121/2/101 117/1/97
f 120/1/94 128/2/113 118/1/92
f 128/2/113 120/1/94 122/2/100
f 118/1/96 128/2/114 120/1/98
f 122/2/102 120/1/98 128/2/114
f 131/1/117 130/2/116 129/2/115
f 130/2/116 131/1/117 132/1/118
f 129/2/121 130/2/120 131/1/119
f 132/1/122 131/1/119 130/2/120
f 117/1/91 128/2/113 127/2/111
f 128/2/113 117/1/91 118/1/92
f 127/2/112 128/2/114 117/1/97
f 118/1/96 117/1/97 128/2/114
f 123/2/103 131/1/117 129/2/115
f 131/1/117 123/2/103 124/1/104
f 129/2/121 131/1/119 123/2/109
f 124/1/108 123/2/109 131/1/119
f 126/1/106 130/2/116 132/1/118
f 130/2/116 126/1/106 125/2/105
f 132/1/122 130/2/120 126/1/110
f 125/2/107 126/1/110 130/2/120
f 124/1/104 132/1/118 131/1/117
f 132/1/118 124/1/104 126/1/106
f 131/1/119 132/1/122 124/1/108
f 126/1/110 124/1/108 132/1/122
f 116/1/34 97/2/71 115/2/89
f 97/2/71 116/1/34 98/1/36
f 115/2/90 97/2/72 116/1/38
f 98/1/40 116/1/38 97/2/72
f 135/2/89 134/1/36 133/2/71
f 134/1/36 135/2/89 136/1/34
f 133/2/72 134/1/40 135/2/90
f 136/1/38 135/2/90 134/1/40
f 138/1/33 135/2/89 137/2/67
f 135/2/89 138/1/33 136/1/34
f 137/2/70 135/2/90 138/1/39
f 136/1/38 138/1/39 135/2/90
f 141/3/56 140/2/59 139/2/55
f 140/2/59 141/3/56 142/3/60
f 139/2/57 140/2/61 141/3/58
f 142/3/62 141/3/58 140/2/61
f 140/2/59 144/3/43 143/2/41
f 144/3/43 140/2/59 142/3/60
f 143/2/47 144/3/45 140/2/61
f 142/3/62 140/2/61 144/3/45
f 147/2/87 146/3/82 145/2/85
f 146/3/82 147/2/87 148/3/81
f 145/2/86 146/3/83 147/2/88
f 148/3/84 147/2/88 146/3/83
f 146/3/82 150/3/74 149/3/76
f 150/3/74 146/3/82 148/3/81
f 149/3/80 150/3/78 146/3/83
f 148/3/84 146/3/83 150/3/78
f 150/3/74 147/2/87 151/2/73
f 147/2/87 150/3/74 148/3/81
f 151/2/79 147/2/88 150/3/78
f 148/3/84 150/3/78 147/2/88
f 146/3/82 152/2/75 145/2/85
f 152/2/75 146/3/82 149/3/76
f 145/2/86 152/2/77 146/3/83
f 149/3/80 146/3/83 152/2/77
f 149/3/76 151/2/73 152/2/75
f 151/2/73 149/3/76 150/3/74
f 152/2/77 151/2/79 149/3/80
f 150/3/78 149/3/80 151/2/79
f 154/3/44 139/2/55 153/2/42
f 139/2/55 154/3/44 141/3/56
f 153/2/46 139/2/57 154/3/48
f 141/3/58 154/3/48 139/2/57
f 134/1/36 155/2/68 133/2/71
f 155/2/68 134/1/36 156/1/35
f 133/2/72 155/2/69 134/1/40
f 156/1/37 134/1/40 155/2/69
f 144/3/43 153/2/42 143/2/41
f 153/2/42 144/3/43 154/3/44
f 143/2/47 153/2/46 144/3/45
f 154/3/48 144/3/45 153/2/46
f 144/3/43 141/3/56 154/3/44
f 141/3/56 144/3/43 142/3/60
f 154/3/48 141/3/58 144/3/45
f 142/3/62 144/3/45 141/3/58
f 159/1/125 158/1/124 157/1/123
f 158/1/124 159/1/125 160/1/126
f 157/1/129 158/1/128 159/1/127
f 160/1/130 159/1/127 158/1/128
f 156/1/35 136/1/34 138/1/33
f 136/1/34 156/1/35 134/1/36
f 138/1/39 136/1/38 156/1/37
f 134/1/40 156/1/37 136/1/38
f 161/2/131 160/1/126 159/1/125
f 160/1/126 161/2/131 162/2/132
f 159/1/127 160/1/130 161/2/133
f 162/2/134 161/2/133 160/1/130
f 165/2/115 164/1/118 163/2/116
f 164/1/118 165/2/115 166/1/117
f 163/2/120 164/1/122 165/2/121
f 166/1/119 165/2/121 164/1/122
f 161/2/131 157/1/123 167/2/135
f 157/1/123 161/2/131 159/1/125
f 167/2/136 157/1/129 161/2/133
f 159/1/127 161/2/133 157/1/129
f 160/1/126 168/2/137 158/1/124
f 168/2/137 160/1/126 162/2/132
f 158/1/128 168/2/138 160/1/130
f 162/2/134 160/1/130 168/2/138
f 171/1/106 170/2/103 169/2/105
f 170/2/103 171/1/106 172/1/104
f 169/2/107 170/2/109 171/1/110
f 172/1/108 171/1/110 170/2/109
f 157/1/123 168/2/137 167/2/135
f 168/2/137 157/1/123 158/1/124
f 167/2/136 168/2/138 157/1/129
f 158/1/128 157/1/129 168/2/138
f 163/2/116 171/1/106 169/2/105
f 171/1/106 163/2/116 164/1/118
f 169/2/107 171/1/110 163/2/120
f 164/1/122 163/2/120 171/1/110
f 166/1/117 170/2/103 172/1/104
f 170/2/103 166/1/117 165/2/115
f 172/1/108 170/2/109 166/1/119
f 165/2/121 166/1/119 170/2/109
f 164/1/118 172/1/104 171/1/106
f 172/1/104 164/1/118 166/1/117
f 171/1/110 172/1/108 164/1/122
f 166/1/119 164/1/122 172/1/108
f 156/1/35 137/2/67 155/2/68
f 137/2/67 156/1/35 138/1/33
f 155/2/69 137/2/70 156/1/37
f 138/1/39 156/1/37 137/2/70
f 175/2/140 174/1/4 173/2/139
f 174/1/4 175/2/140 176/1/2
f 173/2/142 174/1/8 175/2/141
f 176/1/6 175/2/141 174/1/8
f 178/1/1 175/2/140 177/2/143
f 175/2/140 178/1/1 176/1/2
f 177/2/144 175/2/141 178/1/7
f 176/1/6 178/1/7 175/2/141
f 181/3/24 180/2/27 179/2/23
f 180/2/27 181/3/24 182/3/28
f 179/2/25 180/2/29 181/3/26
f 182/3/30 181/3/26 180/2/29
f 180/2/27 184/3/11 183/2/9
f 184/3/11 180/2/27 182/3/28
f 183/2/15 184/3/13 180/2/29
f 182/3/30 180/2/29 184/3/13
f 187/2/147 186/3/146 185/2/145
f 186/3/146 187/2/147 188/3/148
f 185/2/151 186/3/150 187/2/149
f 188/3/152 187/2/149 186/3/150
f 186/3/146 190/3/154 189/3/153
f 190/3/154 186/3/146 188/3/148
f 189/3/156 190/3/155 186/3/150
f 188/3/152 186/3/150 190/3/155
f 190/3/154 187/2/147 191/2/157
f 187/2/147 190/3/154 188/3/148
f 191/2/158 187/2/149 190/3/155
f 188/3/152 190/3/155 187/2/149
f 186/3/146 192/2/159 185/2/145
f 192/2/159 186/3/146 189/3/153
f 185/2/151 192/2/160 186/3/150
f 189/3/156 186/3/150 192/2/160
f 189/3/153 191/2/157 192/2/159
f 191/2/157 189/3/153 190/3/154
f 192/2/160 191/2/158 189/3/156
f 190/3/155 189/3/156 191/2/158
f 194/3/12 179/2/23 193/2/10
f 179/2/23 194/3/12 181/3/24
f 193/2/14 179/2/25 194/3/16
f 181/3/26 194/3/16 179/2/25
f 174/1/4 195/2/161 173/2/139
f 195/2/161 174/1/4 196/1/3
f 173/2/142 195/2/162 174/1/8
f 196/1/5 174/1/8 195/2/162
f 184/3/11 193/2/10 183/2/9
f 193/2/10 184/3/11 194/3/12
f 183/2/15 193/2/14 184/3/13
f 194/3/16 184/3/13 193/2/14
f 184/3/11 181/3/24 194/3/12
f 181/3/24 184/3/11 182/3/28
f 194/3/16 181/3/26 184/3/13
f 182/3/30 184/3/13 181/3/26
f 199/1/165 198/1/164 197/1/163
f 198/1/164 199/1/165 200/1/166
f 197/1/169 198/1/168 199/1/167
f 200/1/170 199/1/167 198/1/168
f 196/1/3 176/1/2 178/1/1
f 176/1/2 196/1/3 174/1/4
f 178/1/7 176/1/6 196/1/5
f 174/1/8 196/1/5 176/1/6
f 201/2/171 200/1/166 199/1/165
f 200/1/166 201/2/171 202/2/172
f 199/1/167 200/1/170 201/2/173
f 202/2/174 201/2/173 200/1/170
f 205/2/177 204/1/176 203/2/175
f 204/1/176 205/2/177 206/1/178
f 203/2/181 204/1/180 205/2/179
f 206/1/182 205/2/179 204/1/180
f 201/2/171 197/1/163 207/2/183
f 197/1/163 201/2/171 199/1/165
f 207/2/184 197/1/169 201/2/173
f 199/1/167 201/2/173 197/1/169
f 200/1/166 208/2/185 198/1/164
f 208/2/185 200/1/166 202/2/172
f 198/1/168 208/2/186 200/1/170
f 202/2/174 200/1/170 208/2/186
f 211/1/189 210/2/188 209/2/187
f 210/2/188 211/1/189 212/1/190
f 209/2/193 210/2/192 211/1/191
f 212/1/194 211/1/191 210/2/192
f 197/1/163 208/2/185 207/2/183
f 208/2/185 197/1/163 198/1/164
f 207/2/184 208/2/186 197/1/169
f 198/1/168 197/1/169 208/2/186
f 203/2/175 211/1/189 209/2/187
f 211/1/189 203/2/175 204/1/176
f 209/2/193 211/1/191 203/2/181
f 204/1/180 203/2/181 211/1/191
f 206/1/178 210/2/188 212/1/190
f 210/2/188 206/1/178 205/2/177
f 212/1/194 210/2/192 206/1/182
f 205/2/179 206/1/182 210/2/192
f 204/1/176 212/1/190 211/1/189
f 212/1/190 204/1/176 206/1/178
f 211/1/191 212/1/194 204/1/180
f 206/1/182 204/1/180 212/1/194
f 196/1/3 177/2/143 195/2/161
f 177/2/143 196/1/3 178/1/1
f 195/2/162 177/2/144 196/1/5
f 178/1/7 196/1/5 177/2/144
f 215/1/34 214/1/35 213/1/36
f 214/1/35 215/1/34 216/1/33
f 213/1/40 214/1/37 215/1/38
f 216/1/39 215/1/38 214/1/37
f 219/3/56 218/2/59 217/2/55
f 218/2/59 219/3/56 220/3/60
f 217/2/57 218/2/61 219/3/58
f 220/3/62 219/3/58 218/2/61
f 216/1/33 222/2/63 221/2/53
f 222/2/63 216/1/33 215/1/34
f 221/2/54 222/2/64 216/1/39
f 215/1/38 216/1/39 222/2/64
f 215/1/34 223/2/49 222/2/63
f 223/2/49 215/1/34 213/1/36
f 222/2/64 223/2/52 215/1/38
f 213/1/40 215/1/38 223/2/52
f 220/3/60 224/2/41 218/2/59
f 224/2/41 220/3/60 225/3/43
f 218/2/61 224/2/47 220/3/62
f 225/3/45 220/3/62 224/2/47
f 226/2/42 219/3/56 217/2/55
f 219/3/56 226/2/42 227/3/44
f 217/2/57 219/3/58 226/2/46
f 227/3/48 226/2/46 219/3/58
f 228/2/50 216/1/33 221/2/53
f 216/1/33 228/2/50 214/1/35
f 221/2/54 216/1/39 228/2/51
f 214/1/37 228/2/51 216/1/39
f 213/1/36 228/2/50 223/2/49
f 228/2/50 213/1/36 214/1/35
f 223/2/52 228/2/51 213/1/40
f 214/1/37 213/1/40 228/2/51
f 219/3/56 225/3/43 220/3/60
f 225/3/43 219/3/56 227/3/44
f 220/3/62 225/3/45 219/3/58
f 227/3/48 219/3/58 225/3/45
f 225/3/43 226/2/42 224/2/41
f 226/2/42 225/3/43 227/3/44
f 224/2/47 226/2/46 225/3/45
f 227/3/48 225/3/45 226/2/46
f 231/5/195 230/4/196 229/4/195
f 230/4/196 231/5/195 232/5/196
f 229/4/197 230/4/198 231/5/197
f 232/5/198 231/5/197 230/4/198
f 232/5/65 234/5/65 233/5/65
f 234/5/65 232/5/65 231/5/65
f 234/5/65 231/5/65 235/5/65
f 233/5/66 234/5/66 232/5/66
f 231/5/66 232/5/66 234/5/66
f 235/5/66 231/5/66 234/5/66
f 237/4/199 235/5/199 236/4/199
f 235/5/199 237/4/199 234/5/199
f 236/4/200 235/5/200 237/4/200
f 234/5/200 237/4/200 235/5/200
f 233/5/197 237/4/197 238/4/197
f 237/4/197 233/5/197 234/5/197
f 238/4/195 237/4/195 233/5/195
f 234/5/195 233/5/195 237/4/195
f 233/5/200 230/4/200 232/5/200
f 230/4/200 233/5/200 238/4/200
f 232/5/199 230/4/199 233/5/199
f 238/4/199 233/5/199 230/4/199
f 235/5/201 229/4/195 236/4/201
f 229/4/195 235/5/201 231/5/195
f 236/4/202 229/4/197 235/5/202
f 231/5/197 235/5/202 229/4/197
f 241/5/195 240/4/196 239/4/195
f 240/4/196 241/5/195 242/5/196
f 239/4/197 240/4/198 241/5/197
f 242/5/198 241/5/197 240/4/198
f 242/5/65 244/5/65 243/5/65
f 244/5/65 242/5/65 241/5/65
f 244/5/65 241/5/65 245/5/65
f 243/5/66 244/5/66 242/5/66
f 241/5/66 242/5/66 244/5/66
f 245/5/66 241/5/66 244/5/66
f 247/4/199 245/5/199 246/4/199
f 245/5/199 247/4/199 244/5/199
f 246/4/200 245/5/200 247/4/200
f 244/5/200 247/4/200 245/5/200
f 243/5/197 247/4/197 248/4/197
f 247/4/197 243/5/197 244/5/197
f 248/4/195 247/4/195 243/5/195
f 244/5/195 243/5/195 247/4/195
f 243/5/200 240/4/200 242/5/200
f 240/4/200 243/5/200 248/4/200
f 242/5/199 240/4/199 243/5/199
f 248/4/199 243/5/199 240/4/199
f 245/5/201 239/4/195 246/4/201
f 239/4/195 245/5/201 241/5/195
f 246/4/202 239/4/197 245/5/202
f 241/5/197 245/5/202 239/4/197
f 251/5/203 250/4/204 249/4/203
f 250/4/204 251/5/203 252/5/204
f 249/4/205 250/4/206 251/5/205
f 252/5/206 251/5/205 250/4/206
f 252/5/65 254/5/65 253/5/65
f 254/5/65 252/5/65 251/5/65
f 254/5/65 251/5/65 255/5/65
f 253/5/66 254/5/66 252/5/66
f 251/5/66 252/5/66 254/5/66
f 255/5/66 251/5/66 254/5/66
f 257/4/207 255/5/207 256/4/207
f 255/5/207 257/4/207 254/5/207
f 256/4/208 255/5/208 257/4/208
f 254/5/208 257/4/208 255/5/208
f 253/5/205 257/4/205 258/4/205
f 257/4/205 253/5/205 254/5/205
f 258/4/203 257/4/203 253/5/203
f 254/5/203 253/5/203 257/4/203
f 253/5/208 250/4/208 252/5/208
f 250/4/208 253/5/208 258/4/208
f 252/5/207 250/4/207 253/5/207
f 258/4/207 253/5/207 250/4/207
f 255/5/209 249/4/203 256/4/209
f 249/4/203 255/5/209 251/5/203
f 256/4/210 249/4/205 255/5/210
f 251/5/205 255/5/210 249/4/205
f 261/5/203 260/4/204 259/4/203
f 260/4/204 261/5/203 262/5/204
f 259/4/205 260/4/206 261/5/205
f 262/5/206 261/5/205 260/4/206
f 262/5/65 264/5/65 263/5/65
f 264/5/65 262/5/65 261/5/65
f 264/5/65 261/5/65 265/5/65
f 263/5/66 264/5/66 262/5/66
f 261/5/66 262/5/66 264/5/66
f 265/5/66 261/5/66 264/5/66
f 267/4/207 265/5/207 266/4/207
f 265/5/207 267/4/207 264/5/207
f 266/4/208 265/5/208 267/4/208
f 264/5/208 267/4/208 265/5/208
f 263/5/205 267/4/205 268/4/205
f 267/4/205 263/5/205 264/5/205
f 268/4/203 267/4/203 263/5/203
f 264/5/203 263/5/203 267/4/203
f 263/5/208 260/4/208 262/5/208
f 260/4/208 263/5/208 268/4/208
f 262/5/207 260/4/207 263/5/207
f 268/4/207 263/5/207 260/4/207
f 265/5/209 259/4/203 266/4/209
f 259/4/203 265/5/209 261/5/203
f 266/4/210 259/4/205 265/5/210
f 261/5/205 265/5/210 259/4/205
f 271/5/211 270/4/206 269/4/211
f 270/4/206 271/5/211 272/5/206
f 269/4/212 270/4/204 271/5/212
f 272/5/204 271/5/212 270/4/204
f 272/5/65 274/5/65 273/5/65
f 274/5/65 272/5/65 271/5/65
f 274/5/65 271/5/65 275/5/65
f 273/5/66 274/5/66 272/5/66
f 271/5/66 272/5/66 274/5/66
f 275/5/66 271/5/66 274/5/66
f 277/4/213 275/5/213 276/4/213
f 275/5/213 277/4/213 274/5/213
f 276/4/214 275/5/214 277/4/214
f 274/5/214 277/4/214 275/5/214
f 273/5/212 277/4/212 278/4/212
f 277/4/212 273/5/212 274/5/212
f 278/4/211 277/4/211 273/5/211
f 274/5/211 273/5/211 277/4/211
f 273/5/214 270/4/214 272/5/214
f 270/4/214 273/5/214 278/4/214
f 272/5/213 270/4/213 273/5/213
f 278/4/213 273/5/213 270/4/213
f 275/5/210 269/4/211 276/4/210
f 269/4/211 275/5/210 271/5/211
f 276/4/209 269/4/212 275/5/209
f 271/5/212 275/5/209 269/4/212
f 281/5/215 280/4/211 279/4/215
f 280/4/211 281/5/215 282/5/211
f 279/4/216 280/4/212 281/5/216
f 282/5/212 281/5/216 280/4/212
f 285/5/65 284/5/65 283/5/65
f 284/5/65 285/5/65 282/5/65
f 284/5/65 282/5/65 281/5/65
f 283/5/66 284/5/66 285/5/66
f 282/5/66 285/5/66 284/5/66
f 281/5/66 282/5/66 284/5/66
f 283/5/212 287/4/212 286/4/212
f 287/4/212 283/5/212 284/5/212
f 286/4/211 287/4/211 283/5/211
f 284/5/211 283/5/211 287/4/211
f 282/5/211 288/4/217 280/4/211
f 288/4/217 282/5/211 285/5/217
f 280/4/212 288/4/218 282/5/212
f 285/5/218 282/5/212 288/4/218
f 283/5/214 288/4/214 285/5/214
f 288/4/214 283/5/214 286/4/214
f 285/5/213 288/4/213 283/5/213
f 286/4/213 283/5/213 288/4/213
f 287/4/213 281/5/213 279/4/213
f 281/5/213 287/4/213 284/5/213
f 279/4/214 281/5/214 287/4/214
f 284/5/214 287/4/214 281/5/214
f 262/5/216 289/4/203 260/4/216
f 289/4/203 262/5/216 290/5/203
f 260/4/215 289/4/205 262/5/215
f 290/5/205 262/5/215 289/4/205
f 293/5/65 292/5/65 291/5/65
f 292/5/65 293/5/65 290/5/65
f 292/5/65 290/5/65 262/5/65
f 291/5/66 292/5/66 293/5/66
f 290/5/66 293/5/66 292/5/66
f 262/5/66 290/5/66 292/5/66
f 291/5/205 295/4/205 294/4/205
f 295/4/205 291/5/205 292/5/205
f 294/4/203 295/4/203 291/5/203
f 292/5/203 291/5/203 295/4/203
f 290/5/203 296/4/218 289/4/203
f 296/4/218 290/5/203 293/5/218
f 289/4/205 296/4/217 290/5/205
f 293/5/217 290/5/205 296/4/217
f 291/5/208 296/4/208 293/5/208
f 296/4/208 291/5/208 294/4/208
f 293/5/207 296/4/207 291/5/207
f 294/4/207 291/5/207 296/4/207
f 295/4/207 262/5/207 260/4/207
f 262/5/207 295/4/207 292/5/207
f 260/4/208 262/5/208 295/4/208
f 292/5/208 295/4/208 262/5/208
f 299/5/219 298/4/195 297/4/219
f 298/4/195 299/5/219 300/5/195
f 297/4/220 298/4/197 299/5/220
f 300/5/197 299/5/220 298/4/197
f 303/5/65 302/5/65 301/5/65
f 302/5/65 303/5/65 300/5/65
f 302/5/65 300/5/65 299/5/65
f 301/5/66 302/5/66 303/5/66
f 300/5/66 303/5/66 302/5/66
f 299/5/66 300/5/66 302/5/66
f 301/5/197 305/4/197 304/4/197
f 305/4/197 301/5/197 302/5/197
f 304/4/195 305/4/195 301/5/195
f 302/5/195 301/5/195 305/4/195
f 300/5/195 306/4/221 298/4/195
f 306/4/221 300/5/195 303/5/221
f 298/4/197 306/4/222 300/5/197
f 303/5/222 300/5/197 306/4/222
f 301/5/200 306/4/200 303/5/200
f 306/4/200 301/5/200 304/4/200
f 303/5/199 306/4/199 301/5/199
f 304/4/199 301/5/199 306/4/199
f 305/4/199 299/5/199 297/4/199
f 299/5/199 305/4/199 302/5/199
f 297/4/200 299/5/200 305/4/200
f 302/5/200 305/4/200 299/5/200
f 309/5/211 308/4/206 307/4/211
f 308/4/206 309/5/211 310/5/206
f 307/4/212 308/4/204 309/5/212
f 310/5/204 309/5/212 308/4/204
f 310/5/65 283/5/65 311/5/65
f 283/5/65 310/5/65 309/5/65
f 283/5/65 309/5/65 285/5/65
f 311/5/66 283/5/66 310/5/66
f 309/5/66 310/5/66 283/5/66
f 285/5/66 309/5/66 283/5/66
f 286/4/213 285/5/213 288/4/213
f 285/5/213 286/4/213 283/5/213
f 288/4/214 285/5/214 286/4/214
f 283/5/214 286/4/214 285/5/214
f 311/5/212 286/4/212 312/4/212
f 286/4/212 311/5/212 283/5/212
f 312/4/211 286/4/211 311/5/211
f 283/5/211 311/5/211 286/4/211
f 311/5/214 308/4/214 310/5/214
f 308/4/214 311/5/214 312/4/214
f 310/5/213 308/4/213 311/5/213
f 312/4/213 311/5/213 308/4/213
f 285/5/210 307/4/211 288/4/210
f 307/4/211 285/5/210 309/5/211
f 288/4/209 307/4/212 285/5/209
f 309/5/212 285/5/209 307/4/212
f 315/6/65 314/6/65 313/6/65
f 314/6/65 315/6/65 316/6/65
f 314/6/65 316/6/65 317/6/65
f 313/6/66 314/6/66 315/6/66
f 316/6/66 315/6/66 314/6/66
f 317/6/66 316/6/66 314/6/66
f 319/7/199 317/6/199 318/7/199
f 317/6/199 319/7/199 314/6/199
f 318/7/200 317/6/200 319/7/200
f 314/6/200 319/7/200 317/6/200
f 317/6/201 320/7/195 318/7/201
f 320/7/195 317/6/201 316/6/195
f 318/7/202 320/7/197 317/6/202
f 316/6/197 317/6/202 320/7/197
f 313/6/197 319/7/197 321/7/197
f 319/7/197 313/6/197 314/6/197
f 321/7/195 319/7/195 313/6/195
f 314/6/195 313/6/195 319/7/195
f 313/6/200 322/7/200 315/6/200
f 322/7/200 313/6/200 321/7/200
f 315/6/199 322/7/199 313/6/199
f 321/7/199 313/6/199 322/7/199
f 316/6/195 322/7/196 320/7/195
f 322/7/196 316/6/195 315/6/196
f 320/7/197 322/7/198 316/6/197
f 315/6/198 316/6/197 322/7/198
f 238/8/197 324/7/197 323/7/197
f 324/7/197 238/8/197 325/8/197
f 323/7/195 324/7/195 238/8/195
f 325/8/195 238/8/195 324/7/195
f 326/8/65 325/8/65 238/8/65
f 325/8/65 326/8/65 327/8/65
f 325/8/65 327/8/65 328/8/65
f 238/8/66 325/8/66 326/8/66
f 327/8/66 326/8/66 325/8/66
f 328/8/66 327/8/66 325/8/66
f 327/8/195 330/7/223 329/7/195
f 330/7/223 327/8/195 326/8/223
f 329/7/197 330/7/224 327/8/197
f 326/8/224 327/8/197 330/7/224
f 238/8/200 330/7/200 326/8/200
f 330/7/200 238/8/200 323/7/200
f 326/8/199 330/7/199 238/8/199
f 323/7/199 238/8/199 330/7/199
f 324/7/199 328/8/199 331/7/199
f 328/8/199 324/7/199 325/8/199
f 331/7/200 328/8/200 324/7/200
f 325/8/200 324/7/200 328/8/200
f 324/7/66 330/7/66 323/7/66
f 330/7/66 324/7/66 329/7/66
f 329/7/66 324/7/66 331/7/66
f 323/7/65 330/7/65 324/7/65
f 329/7/65 324/7/65 330/7/65
f 331/7/65 324/7/65 329/7/65
f 328/8/225 329/7/195 331/7/225
f 329/7/195 328/8/225 327/8/195
f 331/7/226 329/7/197 328/8/226
f 327/8/197 328/8/226 329/7/197
f 334/9/228 333/9/227 332/9/227
f 333/9/227 334/9/228 335/9/228
f 332/9/230 333/9/230 334/9/229
f 335/9/229 334/9/229 333/9/230
f 338/10/231 337/11/229 336/10/231
f 337/11/229 338/10/231 339/11/229
f 336/10/232 337/11/228 338/10/232
f 339/11/228 338/10/232 337/11/228
f 336/10/231 340/12/233 338/10/231
f 340/12/233 336/10/231 341/12/233
f 338/10/232 340/12/234 336/10/232
f 341/12/234 336/10/232 340/12/234
f 342/12/232 335/9/228 334/9/228
f 335/9/228 342/12/232 343/12/232
f 334/9/229 335/9/229 342/12/231
f 343/12/231 342/12/231 335/9/229
f 339/11/229 344/11/230 337/11/229
f 344/11/230 339/11/229 345/11/230
f 337/11/228 344/11/227 339/11/228
f 345/11/227 339/11/228 344/11/227
f 343/12/201 333/9/201 335/9/201
f 333/9/201 343/12/201 340/12/201
f 340/12/201 343/12/201 346/10/201
f 340/12/201 346/10/201 338/10/201
f 338/10/201 346/10/201 345/11/201
f 338/10/201 345/11/201 339/11/201
f 335/9/202 333/9/202 343/12/202
f 340/12/202 343/12/202 333/9/202
f 346/10/202 343/12/202 340/12/202
f 338/10/202 346/10/202 340/12/202
f 345/11/202 346/10/202 338/10/202
f 339/11/202 345/11/202 338/10/202
f 341/12/202 334/9/202 332/9/202
f 334/9/202 341/12/202 342/12/202
f 342/12/202 341/12/202 336/10/202
f 342/12/202 336/10/202 347/10/202
f 347/10/202 336/10/202 337/11/202
f 347/10/202 337/11/202 344/11/202
f 332/9/201 334/9/201 341/12/201
f 342/12/201 341/12/201 334/9/201
f 336/10/201 341/12/201 342/12/201
f 347/10/201 336/10/201 342/12/201
f 337/11/201 336/10/201 347/10/201
f 344/11/201 337/11/201 347/10/201
f 342/12/232 346/10/234 343/12/232
f 346/10/234 342/12/232 347/10/234
f 343/12/231 346/10/233 342/12/231
f 347/10/233 342/12/231 346/10/233
f 345/11/230 347/10/234 344/11/230
f 347/10/234 345/11/230 346/10/234
f 344/11/227 347/10/233 345/11/227
f 346/10/233 345/11/227 347/10/233
f 332/9/227 340/12/233 341/12/233
f 340/12/233 332/9/227 333/9/227
f 341/12/234 340/12/234 332/9/230
f 333/9/230 332/9/230 340/12/234
f 350/6/65 349/6/65 348/6/65
f 349/6/65 350/6/65 351/6/65
f 349/6/65 351/6/65 352/6/65
f 348/6/66 349/6/66 350/6/66
f 351/6/66 350/6/66 349/6/66
f 352/6/66 351/6/66 349/6/66
f 354/7/199 352/6/199 353/7/199
f 352/6/199 354/7/199 349/6/199
f 353/7/200 352/6/200 354/7/200
f 349/6/200 354/7/200 352/6/200
f 352/6/201 355/7/195 353/7/201
f 355/7/195 352/6/201 351/6/195
f 353/7/202 355/7/197 352/6/202
f 351/6/197 352/6/202 355/7/197
f 348/6/197 354/7/197 356/7/197
f 354/7/197 348/6/197 349/6/197
f 356/7/195 354/7/195 348/6/195
f 349/6/195 348/6/195 354/7/195
f 348/6/200 357/7/200 350/6/200
f 357/7/200 348/6/200 356/7/200
f 350/6/199 357/7/199 348/6/199
f 356/7/199 348/6/199 357/7/199
f 351/6/195 357/7/196 355/7/195
f 357/7/196 351/6/195 350/6/196
f 355/7/197 357/7/198 351/6/197
f 350/6/198 351/6/197 357/7/198
f 360/8/197 359/7/197 358/7/197
f 359/7/197 360/8/197 247/8/197
f 358/7/195 359/7/195 360/8/195
f 247/8/195 360/8/195 359/7/195
f 361/8/65 247/8/65 360/8/65
f 247/8/65 361/8/65 362/8/65
f 247/8/65 362/8/65 363/8/65
f 360/8/66 247/8/66 361/8/66
f 362/8/66 361/8/66 247/8/66
f 363/8/66 362/8/66 247/8/66
f 362/8/195 365/7/223 364/7/195
f 365/7/223 362/8/195 361/8/223
f 364/7/197 365/7/224 362/8/197
f 361/8/224 362/8/197 365/7/224
f 360/8/200 365/7/200 361/8/200
f 365/7/200 360/8/200 358/7/200
f 361/8/199 365/7/199 360/8/199
f 358/7/199 360/8/199 365/7/199
f 359/7/199 363/8/199 366/7/199
f 363/8/199 359/7/199 247/8/199
f 366/7/200 363/8/200 359/7/200
f 247/8/200 359/7/200 363/8/200
f 359/7/66 365/7/66 358/7/66
f 365/7/66 359/7/66 364/7/66
f 364/7/66 359/7/66 366/7/66
f 358/7/65 365/7/65 359/7/65
f 364/7/65 359/7/65 365/7/65
f 366/7/65 359/7/65 364/7/65
f 363/8/225 364/7/195 366/7/225
f 364/7/195 363/8/225 362/8/195
f 366/7/226 364/7/197 363/8/226
f 362/8/197 363/8/226 364/7/197
f 369/9/228 368/9/227 367/9/227
f 368/9/227 369/9/228 370/9/228
f 367/9/230 368/9/230 369/9/229
f 370/9/229 369/9/229 368/9/230
f 373/10/231 372/11/229 371/10/231
f 372/11/229 373/10/231 374/11/229
f 371/10/232 372/11/228 373/10/232
f 374/11/228 373/10/232 372/11/228
f 371/10/231 375/12/233 373/10/231
f 375/12/233 371/10/231 376/12/233
f 373/10/232 375/12/234 371/10/232
f 376/12/234 371/10/232 375/12/234
f 377/12/232 370/9/228 369/9/228
f 370/9/228 377/12/232 378/12/232
f 369/9/229 370/9/229 377/12/231
f 378/12/231 377/12/231 370/9/229
f 374/11/229 379/11/230 372/11/229
f 379/11/230 374/11/229 380/11/230
f 372/11/228 379/11/227 374/11/228
f 380/11/227 374/11/228 379/11/227
f 378/12/201 368/9/201 370/9/201
f 368/9/201 378/12/201 375/12/201
f 375/12/201 378/12/201 381/10/201
f 375/12/201 381/10/201 373/10/201
f 373/10/201 381/10/201 380/11/201
f 373/10/201 380/11/201 374/11/201
f 370/9/202 368/9/202 378/12/202
f 375/12/202 378/12/202 368/9/202
f 381/10/202 378/12/202 375/12/202
f 373/10/202 381/10/202 375/12/202
f 380/11/202 381/10/202 373/10/202
f 374/11/202 380/11/202 373/10/202
f 376/12/202 369/9/202 367/9/202
f 369/9/202 376/12/202 377/12/202
f 377/12/202 376/12/202 371/10/202
f 377/12/202 371/10/202 382/10/202
f 382/10/202 371/10/202 372/11/202
f 382/10/202 372/11/202 379/11/202
f 367/9/201 369/9/201 376/12/201
f 377/12/201 376/12/201 369/9/201
f 371/10/201 376/12/201 377/12/201
f 382/10/201 371/10/201 377/12/201
f 372/11/201 371/10/201 382/10/201
f 379/11/201 372/11/201 382/10/201
f 377/12/232 381/10/234 378/12/232
f 381/10/234 377/12/232 382/10/234
f 378/12/231 381/10/233 377/12/231
f 382/10/233 377/12/231 381/10/233
f 380/11/230 382/10/234 379/11/230
f 382/10/234 380/11/230 381/10/234
f 379/11/227 382/10/233 380/11/227
f 381/10/233 380/11/227 382/10/233
f 367/9/227 375/12/233 376/12/233
f 375/12/233 367/9/227 368/9/227
f 376/12/234 375/12/234 367/9/230
f 368/9/230 367/9/230 375/12/234
f 385/6/65 384/6/65 383/6/65
f 384/6/65 385/6/65 386/6/65
f 384/6/65 386/6/65 387/6/65
f 383/6/66 384/6/66 385/6/66
f 386/6/66 385/6/66 384/6/66
f 387/6/66 386/6/66 384/6/66
f 389/7/207 387/6/207 388/7/207
f 387/6/207 389/7/207 384/6/207
f 388/7/208 387/6/208 389/7/208
f 384/6/208 389/7/208 387/6/208
f 387/6/209 390/7/203 388/7/209
f 390/7/203 387/6/209 386/6/203
f 388/7/210 390/7/205 387/6/210
f 386/6/205 387/6/210 390/7/205
f 383/6/205 389/7/205 391/7/205
f 389/7/205 383/6/205 384/6/205
f 391/7/203 389/7/203 383/6/203
f 384/6/203 383/6/203 389/7/203
f 383/6/208 392/7/208 385/6/208
f 392/7/208 383/6/208 391/7/208
f 385/6/207 392/7/207 383/6/207
f 391/7/207 383/6/207 392/7/207
f 386/6/203 392/7/204 390/7/203
f 392/7/204 386/6/203 385/6/204
f 390/7/205 392/7/206 386/6/205
f 385/6/206 386/6/205 392/7/206
f 395/8/205 394/7/205 393/7/205
f 394/7/205 395/8/205 257/8/205
f 393/7/203 394/7/203 395/8/203
f 257/8/203 395/8/203 394/7/203
f 396/8/65 257/8/65 395/8/65
f 257/8/65 396/8/65 397/8/65
f 257/8/65 397/8/65 398/8/65
f 395/8/66 257/8/66 396/8/66
f 397/8/66 396/8/66 257/8/66
f 398/8/66 397/8/66 257/8/66
f 397/8/203 400/7/235 399/7/203
f 400/7/235 397/8/203 396/8/235
f 399/7/205 400/7/236 397/8/205
f 396/8/236 397/8/205 400/7/236
f 395/8/208 400/7/208 396/8/208
f 400/7/208 395/8/208 393/7/208
f 396/8/207 400/7/207 395/8/207
f 393/7/207 395/8/207 400/7/207
f 394/7/207 398/8/207 401/7/207
f 398/8/207 394/7/207 257/8/207
f 401/7/208 398/8/208 394/7/208
f 257/8/208 394/7/208 398/8/208
f 394/7/66 400/7/66 393/7/66
f 400/7/66 394/7/66 399/7/66
f 399/7/66 394/7/66 401/7/66
f 393/7/65 400/7/65 394/7/65
f 399/7/65 394/7/65 400/7/65
f 401/7/65 394/7/65 399/7/65
f 398/8/237 399/7/203 401/7/237
f 399/7/203 398/8/237 397/8/203
f 401/7/238 399/7/205 398/8/238
f 397/8/205 398/8/238 399/7/205
f 404/9/240 403/9/239 402/9/239
f 403/9/239 404/9/240 405/9/240
f 402/9/242 403/9/242 404/9/241
f 405/9/241 404/9/241 403/9/242
f 408/10/243 407/11/241 406/10/243
f 407/11/241 408/10/243 409/11/241
f 406/10/244 407/11/240 408/10/244
f 409/11/240 408/10/244 407/11/240
f 406/10/243 410/12/245 408/10/243
f 410/12/245 406/10/243 411/12/245
f 408/10/244 410/12/246 406/10/244
f 411/12/246 406/10/244 410/12/246
f 412/12/244 405/9/240 404/9/240
f 405/9/240 412/12/244 413/12/244
f 404/9/241 405/9/241 412/12/243
f 413/12/243 412/12/243 405/9/241
f 409/11/241 414/11/242 407/11/241
f 414/11/242 409/11/241 415/11/242
f 407/11/240 414/11/239 409/11/240
f 415/11/239 409/11/240 414/11/239
f 413/12/209 403/9/209 405/9/209
f 403/9/209 413/12/209 410/12/209
f 410/12/209 413/12/209 416/10/209
f 410/12/209 416/10/209 408/10/209
f 408/10/209 416/10/209 415/11/209
f 408/10/209 415/11/209 409/11/209
f 405/9/210 403/9/210 413/12/210
f 410/12/210 413/12/210 403/9/210
f 416/10/210 413/12/210 410/12/210
f 408/10/210 416/10/210 410/12/210
f 415/11/210 416/10/210 408/10/210
f 409/11/210 415/11/210 408/10/210
f 411/12/210 404/9/210 402/9/210
f 404/9/210 411/12/210 412/12/210
f 412/12/210 411/12/210 406/10/210
f 412/12/210 406/10/210 417/10/210
f 417/10/210 406/10/210 407/11/210
f 417/10/210 407/11/210 414/11/210
f 402/9/209 404/9/209 411/12/209
f 412/12/209 411/12/209 404/9/209
f 406/10/209 411/12/209 412/12/209
f 417/10/209 406/10/209 412/12/209
f 407/11/209 406/10/209 417/10/209
f 414/11/209 407/11/209 417/10/209
f 412/12/244 416/10/246 413/12/244
f 416/10/246 412/12/244 417/10/246
f 413/12/243 416/10/245 412/12/243
f 417/10/245 412/12/243 416/10/245
f 415/11/242 417/10/246 414/11/242
f 417/10/246 415/11/242 416/10/246
f 414/11/239 417/10/245 415/11/239
f 416/10/245 415/11/239 417/10/245
f 402/9/239 410/12/245 411/12/245
f 410/12/245 402/9/239 403/9/239
f 411/12/246 410/12/246 402/9/242
f 403/9/242 402/9/242 410/12/246
f 420/6/65 419/6/65 418/6/65
f 419/6/65 420/6/65 421/6/65
f 419/6/65 421/6/65 422/6/65
f 418/6/66 419/6/66 420/6/66
f 421/6/66 420/6/66 419/6/66
f 422/6/66 421/6/66 419/6/66
f 424/7/207 422/6/207 423/7/207
f 422/6/207 424/7/207 419/6/207
f 423/7/208 422/6/208 424/7/208
f 419/6/208 424/7/208 422/6/208
f 422/6/209 425/7/203 423/7/209
f 425/7/203 422/6/209 421/6/203
f 423/7/210 425/7/205 422/6/210
f 421/6/205 422/6/210 425/7/205
f 418/6/205 424/7/205 426/7/205
f 424/7/205 418/6/205 419/6/205
f 426/7/203 424/7/203 418/6/203
f 419/6/203 418/6/203 424/7/203
f 418/6/208 427/7/208 420/6/208
f 427/7/208 418/6/208 426/7/208
f 420/6/207 427/7/207 418/6/207
f 426/7/207 418/6/207 427/7/207
f 421/6/203 427/7/204 425/7/203
f 427/7/204 421/6/203 420/6/204
f 425/7/205 427/7/206 421/6/205
f 420/6/206 421/6/205 427/7/206
f 295/8/205 429/7/205 428/7/205
f 429/7/205 295/8/205 267/8/205
f 428/7/203 429/7/203 295/8/203
f 267/8/203 295/8/203 429/7/203
f 430/8/65 267/8/65 295/8/65
f 267/8/65 430/8/65 431/8/65
f 267/8/65 431/8/65 432/8/65
f 295/8/66 267/8/66 430/8/66
f 431/8/66 430/8/66 267/8/66
f 432/8/66 431/8/66 267/8/66
f 431/8/203 434/7/235 433/7/203
f 434/7/235 431/8/203 430/8/235
f 433/7/205 434/7/236 431/8/205
f 430/8/236 431/8/205 434/7/236
f 295/8/208 434/7/208 430/8/208
f 434/7/208 295/8/208 428/7/208
f 430/8/207 434/7/207 295/8/207
f 428/7/207 295/8/207 434/7/207
f 429/7/207 432/8/207 435/7/207
f 432/8/207 429/7/207 267/8/207
f 435/7/208 432/8/208 429/7/208
f 267/8/208 429/7/208 432/8/208
f 429/7/66 434/7/66 428/7/66
f 434/7/66 429/7/66 433/7/66
f 433/7/66 429/7/66 435/7/66
f 428/7/65 434/7/65 429/7/65
f 433/7/65 429/7/65 434/7/65
f 435/7/65 429/7/65 433/7/65
f 432/8/237 433/7/203 435/7/237
f 433/7/203 432/8/237 431/8/203
f 435/7/238 433/7/205 432/8/238
f 431/8/205 432/8/238 433/7/205
f 438/9/240 437/9/239 436/9/239
f 437/9/239 438/9/240 439/9/240
f 436/9/242 437/9/242 438/9/241
f 439/9/241 438/9/241 437/9/242
f 442/10/243 441/11/241 440/10/243
f 441/11/241 442/10/243 443/11/241
f 440/10/244 441/11/240 442/10/244
f 443/11/240 442/10/244 441/11/240
f 440/10/243 444/12/245 442/10/243
f 444/12/245 440/10/243 445/12/245
f 442/10/244 444/12/246 440/10/244
f 445/12/246 440/10/244 444/12/246
f 446/12/244 439/9/240 438/9/240
f 439/9/240 446/12/244 447/12/244
f 438/9/241 439/9/241 446/12/243
f 447/12/243 446/12/243 439/9/241
f 443/11/241 448/11/242 441/11/241
f 448/11/242 443/11/241 449/11/242
f 441/11/240 448/11/239 443/11/240
f 449/11/239 443/11/240 448/11/239
f 447/12/209 437/9/209 439/9/209
f 437/9/209 447/12/209 444/12/209
f 444/12/209 447/12/209 450/10/209
f 444/12/209 450/10/209 442/10/209
f 442/10/209 450/10/209 449/11/209
f 442/10/209 449/11/209 443/11/209
f 439/9/210 437/9/210 447/12/210
f 444/12/210 447/12/210 437/9/210
f 450/10/210 447/12/210 444/12/210
f 442/10/210 450/10/210 444/12/210
f 449/11/210 450/10/210 442/10/210
f 443/11/210 449/11/210 442/10/210
f 445/12/210 438/9/210 436/9/210
f 438/9/210 445/12/210 446/12/210
f 446/12/210 445/12/210 440/10/210
f 446/12/210 440/10/210 451/10/210
f 451/10/210 440/10/210 441/11/210
f 451/10/210 441/11/210 448/11/210
f 436/9/209 438/9/209 445/12/209
f 446/12/209 445/12/209 438/9/209
f 440/10/209 445/12/209 446/12/209
f 451/10/209 440/10/209 446/12/209
f 441/11/209 440/10/209 451/10/209
f 448/11/209 441/11/209 451/10/209
f 446/12/244 450/10/246 447/12/244
f 450/10/246 446/12/244 451/10/246
f 447/12/243 450/10/245 446/12/243
f 451/10/245 446/12/243 450/10/245
f 449/11/242 451/10/246 448/11/242
f 451/10/246 449/11/242 450/10/246
f 448/11/239 451/10/245 449/11/239
f 450/10/245 449/11/239 451/10/245
f 436/9/239 444/12/245 445/12/245
f 444/12/245 436/9/239 437/9/239
f 445/12/246 444/12/246 436/9/242
f 437/9/242 436/9/242 444/12/246
f 454/6/65 453/6/65 452/6/65
f 453/6/65 454/6/65 455/6/65
f 453/6/65 455/6/65 456/6/65
f 452/6/66 453/6/66 454/6/66
f 455/6/66 454/6/66 453/6/66
f 456/6/66 455/6/66 453/6/66
f 458/7/213 456/6/213 457/7/213
f 456/6/213 458/7/213 453/6/213
f 457/7/214 456/6/214 458/7/214
f 453/6/214 458/7/214 456/6/214
f 456/6/210 459/7/211 457/7/210
f 459/7/211 456/6/210 455/6/211
f 457/7/209 459/7/212 456/6/209
f 455/6/212 456/6/209 459/7/212
f 452/6/212 458/7/212 460/7/212
f 458/7/212 452/6/212 453/6/212
f 460/7/211 458/7/211 452/6/211
f 453/6/211 452/6/211 458/7/211
f 452/6/214 461/7/214 454/6/214
f 461/7/214 452/6/214 460/7/214
f 454/6/213 461/7/213 452/6/213
f 460/7/213 452/6/213 461/7/213
f 455/6/211 461/7/206 459/7/211
f 461/7/206 455/6/211 454/6/206
f 459/7/212 461/7/204 455/6/212
f 454/6/204 455/6/212 461/7/204
f 464/8/212 463/7/212 462/7/212
f 463/7/212 464/8/212 277/8/212
f 462/7/211 463/7/211 464/8/211
f 277/8/211 464/8/211 463/7/211
f 465/8/65 277/8/65 464/8/65
f 277/8/65 465/8/65 466/8/65
f 277/8/65 466/8/65 467/8/65
f 464/8/66 277/8/66 465/8/66
f 466/8/66 465/8/66 277/8/66
f 467/8/66 466/8/66 277/8/66
f 466/8/211 469/7/236 468/7/211
f 469/7/236 466/8/211 465/8/236
f 468/7/212 469/7/235 466/8/212
f 465/8/235 466/8/212 469/7/235
f 464/8/214 469/7/214 465/8/214
f 469/7/214 464/8/214 462/7/214
f 465/8/213 469/7/213 464/8/213
f 462/7/213 464/8/213 469/7/213
f 463/7/213 467/8/213 470/7/213
f 467/8/213 463/7/213 277/8/213
f 470/7/214 467/8/214 463/7/214
f 277/8/214 463/7/214 467/8/214
f 463/7/66 469/7/66 462/7/66
f 469/7/66 463/7/66 468/7/66
f 468/7/66 463/7/66 470/7/66
f 462/7/65 469/7/65 463/7/65
f 468/7/65 463/7/65 469/7/65
f 470/7/65 463/7/65 468/7/65
f 467/8/238 468/7/211 470/7/238
f 468/7/211 467/8/238 466/8/211
f 470/7/237 468/7/212 467/8/237
f 466/8/212 467/8/237 468/7/212
f 473/9/239 472/9/240 471/9/240
f 472/9/240 473/9/239 474/9/239
f 471/9/241 472/9/241 473/9/242
f 474/9/242 473/9/242 472/9/241
f 477/10/246 476/11/242 475/10/246
f 476/11/242 477/10/246 478/11/242
f 475/10/245 476/11/239 477/10/245
f 478/11/239 477/10/245 476/11/239
f 475/10/246 479/12/244 477/10/246
f 479/12/244 475/10/246 480/12/244
f 477/10/245 479/12/243 475/10/245
f 480/12/243 475/10/245 479/12/243
f 481/12/245 474/9/239 473/9/239
f 474/9/239 481/12/245 482/12/245
f 473/9/242 474/9/242 481/12/246
f 482/12/246 481/12/246 474/9/242
f 478/11/242 483/11/241 476/11/242
f 483/11/241 478/11/242 484/11/241
f 476/11/239 483/11/240 478/11/239
f 484/11/240 478/11/239 483/11/240
f 482/12/210 472/9/210 474/9/210
f 472/9/210 482/12/210 479/12/210
f 479/12/210 482/12/210 485/10/210
f 479/12/210 485/10/210 477/10/210
f 477/10/210 485/10/210 484/11/210
f 477/10/210 484/11/210 478/11/210
f 474/9/209 472/9/209 482/12/209
f 479/12/209 482/12/209 472/9/209
f 485/10/209 482/12/209 479/12/209
f 477/10/209 485/10/209 479/12/209
f 484/11/209 485/10/209 477/10/209
f 478/11/209 484/11/209 477/10/209
f 480/12/209 473/9/209 471/9/209
f 473/9/209 480/12/209 481/12/209
f 481/12/209 480/12/209 475/10/209
f 481/12/209 475/10/209 486/10/209
f 486/10/209 475/10/209 476/11/209
f 486/10/209 476/11/209 483/11/209
f 471/9/210 473/9/210 480/12/210
f 481/12/210 480/12/210 473/9/210
f 475/10/210 480/12/210 481/12/210
f 486/10/210 475/10/210 481/12/210
f 476/11/210 475/10/210 486/10/210
f 483/11/210 476/11/210 486/10/210
f 481/12/245 485/10/243 482/12/245
f 485/10/243 481/12/245 486/10/243
f 482/12/246 485/10/244 481/12/246
f 486/10/244 481/12/246 485/10/244
f 484/11/241 486/10/243 483/11/241
f 486/10/243 484/11/241 485/10/243
f 483/11/240 486/10/244 484/11/240
f 485/10/244 484/11/240 486/10/244
f 471/9/240 479/12/244 480/12/244
f 479/12/244 471/9/240 472/9/240
f 480/12/243 479/12/243 471/9/241
f 472/9/241 471/9/241 479/12/243
f 489/6/212 488/7/212 487/7/212
f 488/7/212 489/6/212 490/6/212
f 487/7/211 488/7/211 489/6/211
f 490/6/211 489/6/211 488/7/211
f 489/6/214 492/7/214 491/6/214
f 492/7/214 489/6/214 487/7/214
f 491/6/213 492/7/213 489/6/213
f 487/7/213 489/6/213 492/7/213
f 488/7/213 494/6/213 493/7/213
f 494/6/213 488/7/213 490/6/213
f 493/7/214 494/6/214 488/7/214
f 490/6/214 488/7/214 494/6/214
f 491/6/65 490/6/65 489/6/65
f 490/6/65 491/6/65 495/6/65
f 490/6/65 495/6/65 494/6/65
f 489/6/66 490/6/66 491/6/66
f 495/6/66 491/6/66 490/6/66
f 494/6/66 495/6/66 490/6/66
f 494/6/215 496/7/211 493/7/215
f 496/7/211 494/6/215 495/6/211
f 493/7/216 496/7/212 494/6/216
f 495/6/212 494/6/216 496/7/212
f 495/6/211 492/7/217 496/7/211
f 492/7/217 495/6/211 491/6/217
f 496/7/212 492/7/218 495/6/212
f 491/6/218 495/6/212 492/7/218
f 499/8/211 498/7/247 497/7/211
f 498/7/247 499/8/211 500/8/247
f 497/7/212 498/7/248 499/8/212
f 500/8/248 499/8/212 498/7/248
f 503/8/250 502/7/249 501/8/249
f 502/7/249 503/8/250 504/7/250
f 501/8/252 502/7/252 503/8/251
f 504/7/251 503/8/251 502/7/252
f 500/8/247 502/7/249 498/7/247
f 502/7/249 500/8/247 501/8/249
f 498/7/248 502/7/252 500/8/248
f 501/8/252 500/8/248 502/7/252
f 506/8/253 497/7/211 505/7/253
f 497/7/211 506/8/253 499/8/211
f 505/7/254 497/7/212 506/8/254
f 499/8/212 506/8/254 497/7/212
f 501/8/65 507/8/65 503/8/65
f 507/8/65 501/8/65 500/8/65
f 507/8/65 500/8/65 499/8/65
f 507/8/65 499/8/65 506/8/65
f 507/8/65 506/8/65 508/8/65
f 503/8/66 507/8/66 501/8/66
f 500/8/66 501/8/66 507/8/66
f 499/8/66 500/8/66 507/8/66
f 506/8/66 499/8/66 507/8/66
f 508/8/66 506/8/66 507/8/66
f 510/7/256 508/8/255 509/7/255
f 508/8/255 510/7/256 507/8/256
f 509/7/258 508/8/258 510/7/257
f 507/8/257 510/7/257 508/8/258
f 509/7/255 506/8/253 505/7/253
f 506/8/253 509/7/255 508/8/255
f 505/7/254 506/8/254 509/7/258
f 508/8/258 509/7/258 506/8/254
f 286/8/214 512/7/214 511/8/214
f 512/7/214 286/8/214 513/7/214
f 511/8/213 512/7/213 286/8/213
f 513/7/213 286/8/213 512/7/213
f 516/8/259 515/7/211 514/7/259
f 515/7/211 516/8/259 517/8/211
f 514/7/260 515/7/212 516/8/260
f 517/8/212 516/8/260 515/7/212
f 286/8/212 518/7/212 513/7/212
f 518/7/212 286/8/212 287/8/212
f 513/7/211 518/7/211 286/8/211
f 287/8/211 286/8/211 518/7/211
f 517/8/211 512/7/261 515/7/211
f 512/7/261 517/8/211 511/8/261
f 515/7/212 512/7/262 517/8/212
f 511/8/262 517/8/212 512/7/262
f 518/7/66 512/7/66 513/7/66
f 512/7/66 518/7/66 515/7/66
f 515/7/66 518/7/66 514/7/66
f 513/7/65 512/7/65 518/7/65
f 515/7/65 518/7/65 512/7/65
f 514/7/65 518/7/65 515/7/65
f 511/8/65 287/8/65 286/8/65
f 287/8/65 511/8/65 517/8/65
f 287/8/65 517/8/65 516/8/65
f 286/8/66 287/8/66 511/8/66
f 517/8/66 511/8/66 287/8/66
f 516/8/66 517/8/66 287/8/66
f 518/7/213 516/8/213 514/7/213
f 516/8/213 518/7/213 287/8/213
f 514/7/214 516/8/214 518/7/214
f 287/8/214 518/7/214 516/8/214
f 521/14/264 520/13/263 519/13/263
f 520/13/263 521/14/264 522/14/264
f 519/13/266 520/13/266 521/14/265
f 522/14/265 521/14/265 520/13/266
f 525/15/267 524/16/268 523/15/267
f 524/16/268 525/15/267 526/16/268
f 523/15/269 524/16/270 525/15/269
f 526/16/270 525/15/269 524/16/270
f 528/13/215 522/14/215 527/14/215
f 522/14/215 528/13/215 520/13/215
f 520/13/215 528/13/215 529/15/215
f 520/13/215 529/15/215 525/15/215
f 525/15/215 529/15/215 530/16/215
f 525/15/215 530/16/215 526/16/215
f 527/14/216 522/14/216 528/13/216
f 520/13/216 528/13/216 522/14/216
f 529/15/216 528/13/216 520/13/216
f 525/15/216 529/15/216 520/13/216
f 530/16/216 529/15/216 525/15/216
f 526/16/216 530/16/216 525/15/216
f 526/16/268 531/16/265 524/16/268
f 531/16/265 526/16/268 530/16/265
f 524/16/270 531/16/264 526/16/270
f 530/16/264 526/16/270 531/16/264
f 533/13/269 527/14/270 532/14/270
f 527/14/270 533/13/269 528/13/269
f 532/14/268 527/14/268 533/13/267
f 528/13/267 533/13/267 527/14/268
f 519/13/216 532/14/216 521/14/216
f 532/14/216 519/13/216 533/13/216
f 533/13/216 519/13/216 523/15/216
f 533/13/216 523/15/216 534/15/216
f 534/15/216 523/15/216 524/16/216
f 534/15/216 524/16/216 531/16/216
f 521/14/215 532/14/215 519/13/215
f 533/13/215 519/13/215 532/14/215
f 523/15/215 519/13/215 533/13/215
f 534/15/215 523/15/215 533/13/215
f 524/16/215 523/15/215 534/15/215
f 531/16/215 524/16/215 534/15/215
f 530/16/265 534/15/266 531/16/265
f 534/15/266 530/16/265 529/15/266
f 531/16/264 534/15/263 530/16/264
f 529/15/263 530/16/264 534/15/263
f 532/14/270 522/14/264 521/14/264
f 522/14/264 532/14/270 527/14/270
f 521/14/265 522/14/265 532/14/268
f 527/14/268 532/14/268 522/14/265
f 523/15/267 520/13/263 525/15/267
f 520/13/263 523/15/267 519/13/263
f 525/15/269 520/13/266 523/15/269
f 519/13/266 523/15/269 520/13/266
f 533/13/269 529/15/266 528/13/269
f 529/15/266 533/13/269 534/15/266
f 528/13/267 529/15/263 533/13/267
f 534/15/263 533/13/267 529/15/263
f 537/18/269 536/17/270 535/17/270
f 536/17/270 537/18/269 538/18/269
f 535/17/268 536/17/268 537/18/267
f 538/18/267 537/18/267 536/17/268
f 540/18/216 535/17/216 539/17/216
f 535/17/216 540/18/216 537/18/216
f 537/18/216 540/18/216 541/19/216
f 537/18/216 541/19/216 542/19/216
f 542/19/216 541/19/216 543/20/216
f 542/19/216 543/20/216 544/20/216
f 539/17/215 535/17/215 540/18/215
f 537/18/215 540/18/215 535/17/215
f 541/19/215 540/18/215 537/18/215
f 542/19/215 541/19/215 537/18/215
f 543/20/215 541/19/215 542/19/215
f 544/20/215 543/20/215 542/19/215
f 535/17/270 545/17/264 539/17/264
f 545/17/264 535/17/270 536/17/270
f 539/17/265 545/17/265 535/17/268
f 536/17/268 535/17/268 545/17/265
f 539/17/264 546/18/263 540/18/263
f 546/18/263 539/17/264 545/17/264
f 540/18/266 546/18/266 539/17/265
f 545/17/265 539/17/265 546/18/266
f 547/20/268 544/20/265 543/20/268
f 544/20/265 547/20/268 548/20/265
f 543/20/270 544/20/264 547/20/270
f 548/20/264 547/20/270 544/20/264
f 541/19/267 546/18/263 549/19/267
f 546/18/263 541/19/267 540/18/263
f 549/19/269 546/18/266 541/19/269
f 540/18/266 541/19/269 546/18/266
f 548/20/265 542/19/266 544/20/265
f 542/19/266 548/20/265 550/19/266
f 544/20/264 542/19/263 548/20/264
f 550/19/263 548/20/264 542/19/263
f 537/18/269 550/19/266 538/18/269
f 550/19/266 537/18/269 542/19/266
f 538/18/267 550/19/263 537/18/267
f 542/19/263 537/18/267 550/19/263
f 549/19/267 543/20/268 541/19/267
f 543/20/268 549/19/267 547/20/268
f 541/19/269 543/20/270 549/19/269
f 547/20/270 549/19/269 543/20/270
f 538/18/215 545/17/215 536/17/215
f 545/17/215 538/18/215 546/18/215
f 546/18/215 538/18/215 550/19/215
f 546/18/215 550/19/215 549/19/215
f 549/19/215 550/19/215 548/20/215
f 549/19/215 548/20/215 547/20/215
f 536/17/216 545/17/216 538/18/216
f 546/18/216 538/18/216 545/17/216
f 550/19/216 538/18/216 546/18/216
f 549/19/216 550/19/216 546/18/216
f 548/20/216 550/19/216 549/19/216
f 547/20/216 548/20/216 549/19/216
f 553/21/271 552/22/272 551/21/271
f 552/22/272 553/21/271 554/22/272
f 551/21/273 552/22/274 553/21/273
f 554/22/274 553/21/273 552/22/274
f 557/21/275 556/23/273 555/21/275
f 556/23/273 557/21/275 558/23/273
f 555/21/276 556/23/271 557/21/276
f 558/23/271 557/21/276 556/23/271
f 556/23/273 560/24/274 559/24/274
f 560/24/274 556/23/273 558/23/273
f 559/24/272 560/24/272 556/23/271
f 558/23/271 556/23/271 560/24/272
f 555/21/217 552/22/217 561/22/217
f 552/22/217 555/21/217 551/21/217
f 551/21/217 555/21/217 556/23/217
f 551/21/217 556/23/217 562/23/217
f 562/23/217 556/23/217 559/24/217
f 562/23/217 559/24/217 563/24/217
f 561/22/218 552/22/218 555/21/218
f 551/21/218 555/21/218 552/22/218
f 556/23/218 555/21/218 551/21/218
f 562/23/218 556/23/218 551/21/218
f 559/24/218 556/23/218 562/23/218
f 563/24/218 559/24/218 562/23/218
f 554/22/272 561/22/277 552/22/272
f 561/22/277 554/22/272 564/22/277
f 552/22/274 561/22/278 554/22/274
f 564/22/278 554/22/274 561/22/278
f 553/21/218 564/22/218 554/22/218
f 564/22/218 553/21/218 557/21/218
f 557/21/218 553/21/218 565/23/218
f 557/21/218 565/23/218 558/23/218
f 558/23/218 565/23/218 566/24/218
f 558/23/218 566/24/218 560/24/218
f 554/22/217 564/22/217 553/21/217
f 557/21/217 553/21/217 564/22/217
f 565/23/217 553/21/217 557/21/217
f 558/23/217 565/23/217 557/21/217
f 566/24/217 565/23/217 558/23/217
f 560/24/217 566/24/217 558/23/217
f 559/24/274 566/24/278 563/24/278
f 566/24/278 559/24/274 560/24/274
f 563/24/277 566/24/277 559/24/272
f 560/24/272 559/24/272 566/24/277
f 564/22/277 555/21/275 561/22/277
f 555/21/275 564/22/277 557/21/275
f 561/22/278 555/21/276 564/22/278
f 557/21/276 564/22/278 555/21/276
f 563/24/278 565/23/276 562/23/276
f 565/23/276 563/24/278 566/24/278
f 562/23/275 565/23/275 563/24/277
f 566/24/277 563/24/277 565/23/275
f 565/23/276 551/21/271 562/23/276
f 551/21/271 565/23/276 553/21/271
f 562/23/275 551/21/273 565/23/275
f 553/21/273 565/23/275 551/21/273
f 568/6/205 426/7/205 567/7/205
f 426/7/205 568/6/205 418/6/205
f 567/7/203 426/7/203 568/6/203
f 418/6/203 568/6/203 426/7/203
f 568/6/208 570/7/208 569/6/208
f 570/7/208 568/6/208 567/7/208
f 569/6/207 570/7/207 568/6/207
f 567/7/207 568/6/207 570/7/207
f 426/7/207 420/6/207 427/7/207
f 420/6/207 426/7/207 418/6/207
f 427/7/208 420/6/208 426/7/208
f 418/6/208 426/7/208 420/6/208
f 569/6/65 418/6/65 568/6/65
f 418/6/65 569/6/65 571/6/65
f 418/6/65 571/6/65 420/6/65
f 568/6/66 418/6/66 569/6/66
f 571/6/66 569/6/66 418/6/66
f 420/6/66 571/6/66 418/6/66
f 420/6/216 572/7/203 427/7/216
f 572/7/203 420/6/216 571/6/203
f 427/7/215 572/7/205 420/6/215
f 571/6/205 420/6/215 572/7/205
f 571/6/203 570/7/218 572/7/203
f 570/7/218 571/6/203 569/6/218
f 572/7/205 570/7/217 571/6/205
f 569/6/217 571/6/205 570/7/217
f 575/8/203 574/7/248 573/7/203
f 574/7/248 575/8/203 576/8/248
f 573/7/205 574/7/247 575/8/205
f 576/8/247 575/8/205 574/7/247
f 579/8/251 578/7/252 577/8/252
f 578/7/252 579/8/251 580/7/251
f 577/8/249 578/7/249 579/8/250
f 580/7/250 579/8/250 578/7/249
f 576/8/248 578/7/252 574/7/248
f 578/7/252 576/8/248 577/8/252
f 574/7/247 578/7/249 576/8/247
f 577/8/249 576/8/247 578/7/249
f 582/8/254 573/7/203 581/7/254
f 573/7/203 582/8/254 575/8/203
f 581/7/253 573/7/205 582/8/253
f 575/8/205 582/8/253 573/7/205
f 577/8/65 583/8/65 579/8/65
f 583/8/65 577/8/65 576/8/65
f 583/8/65 576/8/65 575/8/65
f 583/8/65 575/8/65 582/8/65
f 583/8/65 582/8/65 584/8/65
f 579/8/66 583/8/66 577/8/66
f 576/8/66 577/8/66 583/8/66
f 575/8/66 576/8/66 583/8/66
f 582/8/66 575/8/66 583/8/66
f 584/8/66 582/8/66 583/8/66
f 586/7/257 584/8/258 585/7/258
f 584/8/258 586/7/257 583/8/257
f 585/7/255 584/8/255 586/7/256
f 583/8/256 586/7/256 584/8/255
f 585/7/258 582/8/254 581/7/254
f 582/8/254 585/7/258 584/8/258
f 581/7/253 582/8/253 585/7/255
f 584/8/255 585/7/255 582/8/253
f 294/8/208 588/7/208 587/8/208
f 588/7/208 294/8/208 589/7/208
f 587/8/207 588/7/207 294/8/207
f 589/7/207 294/8/207 588/7/207
f 430/8/260 591/7/203 590/7/260
f 591/7/203 430/8/260 592/8/203
f 590/7/259 591/7/205 430/8/259
f 592/8/205 430/8/259 591/7/205
f 294/8/205 593/7/205 589/7/205
f 593/7/205 294/8/205 295/8/205
f 589/7/203 593/7/203 294/8/203
f 295/8/203 294/8/203 593/7/203
f 592/8/203 588/7/262 591/7/203
f 588/7/262 592/8/203 587/8/262
f 591/7/205 588/7/261 592/8/205
f 587/8/261 592/8/205 588/7/261
f 593/7/66 588/7/66 589/7/66
f 588/7/66 593/7/66 591/7/66
f 591/7/66 593/7/66 590/7/66
f 589/7/65 588/7/65 593/7/65
f 591/7/65 593/7/65 588/7/65
f 590/7/65 593/7/65 591/7/65
f 587/8/65 295/8/65 294/8/65
f 295/8/65 587/8/65 592/8/65
f 295/8/65 592/8/65 430/8/65
f 294/8/66 295/8/66 587/8/66
f 592/8/66 587/8/66 295/8/66
f 430/8/66 592/8/66 295/8/66
f 593/7/207 430/8/207 590/7/207
f 430/8/207 593/7/207 295/8/207
f 590/7/208 430/8/208 593/7/208
f 295/8/208 593/7/208 430/8/208
f 596/14/270 595/13/269 594/13/269
f 595/13/269 596/14/270 597/14/270
f 594/13/267 595/13/267 596/14/268
f 597/14/268 596/14/268 595/13/267
f 600/15/266 599/16/265 598/15/266
f 599/16/265 600/15/266 601/16/265
f 598/15/263 599/16/264 600/15/263
f 601/16/264 600/15/263 599/16/264
f 603/13/216 597/14/216 602/14/216
f 597/14/216 603/13/216 595/13/216
f 595/13/216 603/13/216 604/15/216
f 595/13/216 604/15/216 600/15/216
f 600/15/216 604/15/216 605/16/216
f 600/15/216 605/16/216 601/16/216
f 602/14/215 597/14/215 603/13/215
f 595/13/215 603/13/215 597/14/215
f 604/15/215 603/13/215 595/13/215
f 600/15/215 604/15/215 595/13/215
f 605/16/215 604/15/215 600/15/215
f 601/16/215 605/16/215 600/15/215
f 601/16/265 606/16/268 599/16/265
f 606/16/268 601/16/265 605/16/268
f 599/16/264 606/16/270 601/16/264
f 605/16/270 601/16/264 606/16/270
f 608/13/263 602/14/264 607/14/264
f 602/14/264 608/13/263 603/13/263
f 607/14/265 602/14/265 608/13/266
f 603/13/266 608/13/266 602/14/265
f 594/13/215 607/14/215 596/14/215
f 607/14/215 594/13/215 608/13/215
f 608/13/215 594/13/215 598/15/215
f 608/13/215 598/15/215 609/15/215
f 609/15/215 598/15/215 599/16/215
f 609/15/215 599/16/215 606/16/215
f 596/14/216 607/14/216 594/13/216
f 608/13/216 594/13/216 607/14/216
f 598/15/216 594/13/216 608/13/216
f 609/15/216 598/15/216 608/13/216
f 599/16/216 598/15/216 609/15/216
f 606/16/216 599/16/216 609/15/216
f 605/16/268 609/15/267 606/16/268
f 609/15/267 605/16/268 604/15/267
f 606/16/270 609/15/269 605/16/270
f 604/15/269 605/16/270 609/15/269
f 607/14/264 597/14/270 596/14/270
f 597/14/270 607/14/264 602/14/264
f 596/14/268 597/14/268 607/14/265
f 602/14/265 607/14/265 597/14/268
f 598/15/266 595/13/269 600/15/266
f 595/13/269 598/15/266 594/13/269
f 600/15/263 595/13/267 598/15/263
f 594/13/267 598/15/263 595/13/267
f 608/13/263 604/15/267 603/13/263
f 604/15/267 608/13/263 609/15/267
f 603/13/266 604/15/269 608/13/266
f 609/15/269 608/13/266 604/15/269
f 612/18/263 611/17/264 610/17/264
f 611/17/264 612/18/263 613/18/263
f 610/17/265 611/17/265 612/18/266
f 613/18/266 612/18/266 611/17/265
f 615/18/215 610/17/215 614/17/215
f 610/17/215 615/18/215 612/18/215
f 612/18/215 615/18/215 616/19/215
f 612/18/215 616/19/215 617/19/215
f 617/19/215 616/19/215 618/20/215
f 617/19/215 618/20/215 619/20/215
f 614/17/216 610/17/216 615/18/216
f 612/18/216 615/18/216 610/17/216
f 616/19/216 615/18/216 612/18/216
f 617/19/216 616/19/216 612/18/216
f 618/20/216 616/19/216 617/19/216
f 619/20/216 618/20/216 617/19/216
f 610/17/264 620/17/270 614/17/270
f 620/17/270 610/17/264 611/17/264
f 614/17/268 620/17/268 610/17/265
f 611/17/265 610/17/265 620/17/268
f 614/17/270 621/18/269 615/18/269
f 621/18/269 614/17/270 620/17/270
f 615/18/267 621/18/267 614/17/268
f 620/17/268 614/17/268 621/18/267
f 622/20/265 619/20/268 618/20/265
f 619/20/268 622/20/265 623/20/268
f 618/20/264 619/20/270 622/20/264
f 623/20/270 622/20/264 619/20/270
f 616/19/266 621/18/269 624/19/266
f 621/18/269 616/19/266 615/18/269
f 624/19/263 621/18/267 616/19/263
f 615/18/267 616/19/263 621/18/267
f 623/20/268 617/19/267 619/20/268
f 617/19/267 623/20/268 625/19/267
f 619/20/270 617/19/269 623/20/270
f 625/19/269 623/20/270 617/19/269
f 612/18/263 625/19/267 613/18/263
f 625/19/267 612/18/263 617/19/267
f 613/18/266 625/19/269 612/18/266
f 617/19/269 612/18/266 625/19/269
f 624/19/266 618/20/265 616/19/266
f 618/20/265 624/19/266 622/20/265
f 616/19/263 618/20/264 624/19/263
f 622/20/264 624/19/263 618/20/264
f 613/18/216 620/17/216 611/17/216
f 620/17/216 613/18/216 621/18/216
f 621/18/216 613/18/216 625/19/216
f 621/18/216 625/19/216 624/19/216
f 624/19/216 625/19/216 623/20/216
f 624/19/216 623/20/216 622/20/216
f 611/17/215 620/17/215 613/18/215
f 621/18/215 613/18/215 620/17/215
f 625/19/215 613/18/215 621/18/215
f 624/19/215 625/19/215 621/18/215
f 623/20/215 625/19/215 624/19/215
f 622/20/215 623/20/215 624/19/215
f 628/21/275 627/22/277 626/21/275
f 627/22/277 628/21/275 629/22/277
f 626/21/276 627/22/278 628/21/276
f 629/22/278 628/21/276 627/22/278
f 632/21/271 631/23/276 630/21/271
f 631/23/276 632/21/271 633/23/276
f 630/21/273 631/23/275 632/21/273
f 633/23/275 632/21/273 631/23/275
f 631/23/276 635/24/278 634/24/278
f 635/24/278 631/23/276 633/23/276
f 634/24/277 635/24/277 631/23/275
f 633/23/275 631/23/275 635/24/277
f 630/21/218 627/22/218 636/22/218
f 627/22/218 630/21/218 626/21/218
f 626/21/218 630/21/218 631/23/218
f 626/21/218 631/23/218 637/23/218
f 637/23/218 631/23/218 634/24/218
f 637/23/218 634/24/218 638/24/218
f 636/22/217 627/22/217 630/21/217
f 626/21/217 630/21/217 627/22/217
f 631/23/217 630/21/217 626/21/217
f 637/23/217 631/23/217 626/21/217
f 634/24/217 631/23/217 637/23/217
f 638/24/217 634/24/217 637/23/217
f 629/22/277 636/22/272 627/22/277
f 636/22/272 629/22/277 639/22/272
f 627/22/278 636/22/274 629/22/278
f 639/22/274 629/22/278 636/22/274
f 628/21/217 639/22/217 629/22/217
f 639/22/217 628/21/217 632/21/217
f 632/21/217 628/21/217 640/23/217
f 632/21/217 640/23/217 633/23/217
f 633/23/217 640/23/217 641/24/217
f 633/23/217 641/24/217 635/24/217
f 629/22/218 639/22/218 628/21/218
f 632/21/218 628/21/218 639/22/218
f 640/23/218 628/21/218 632/21/218
f 633/23/218 640/23/218 632/21/218
f 641/24/218 640/23/218 633/23/218
f 635/24/218 641/24/218 633/23/218
f 634/24/278 641/24/274 638/24/274
f 641/24/274 634/24/278 635/24/278
f 638/24/272 641/24/272 634/24/277
f 635/24/277 634/24/277 641/24/272
f 639/22/272 630/21/271 636/22/272
f 630/21/271 639/22/272 632/21/271
f 636/22/274 630/21/273 639/22/274
f 632/21/273 639/22/274 630/21/273
f 638/24/274 640/23/273 637/23/273
f 640/23/273 638/24/274 641/24/274
f 637/23/271 640/23/271 638/24/272
f 641/24/272 638/24/272 640/23/271
f 640/23/273 626/21/275 637/23/273
f 626/21/275 640/23/273 628/21/275
f 637/23/271 626/21/276 640/23/271
f 628/21/276 640/23/271 626/21/276
f 644/6/197 643/7/197 642/7/197
f 643/7/197 644/6/197 645/6/197
f 642/7/195 643/7/195 644/6/195
f 645/6/195 644/6/195 643/7/195
f 644/6/200 647/7/200 646/6/200
f 647/7/200 644/6/200 642/7/200
f 646/6/199 647/7/199 644/6/199
f 642/7/199 644/6/199 647/7/199
f 643/7/199 649/6/199 648/7/199
f 649/6/199 643/7/199 645/6/199
f 648/7/200 649/6/200 643/7/200
f 645/6/200 643/7/200 649/6/200
f 646/6/65 645/6/65 644/6/65
f 645/6/65 646/6/65 650/6/65
f 645/6/65 650/6/65 649/6/65
f 644/6/66 645/6/66 646/6/66
f 650/6/66 646/6/66 645/6/66
f 649/6/66 650/6/66 645/6/66
f 649/6/219 651/7/195 648/7/219
f 651/7/195 649/6/219 650/6/195
f 648/7/220 651/7/197 649/6/220
f 650/6/197 649/6/220 651/7/197
f 650/6/195 647/7/221 651/7/195
f 647/7/221 650/6/195 646/6/221
f 651/7/197 647/7/222 650/6/197
f 646/6/222 650/6/197 647/7/222
f 654/8/195 653/7/279 652/7/195
f 653/7/279 654/8/195 655/8/279
f 652/7/197 653/7/280 654/8/197
f 655/8/280 654/8/197 653/7/280
f 658/8/282 657/7/281 656/8/281
f 657/7/281 658/8/282 659/7/282
f 656/8/284 657/7/284 658/8/283
f 659/7/283 658/8/283 657/7/284
f 655/8/279 657/7/281 653/7/279
f 657/7/281 655/8/279 656/8/281
f 653/7/280 657/7/284 655/8/280
f 656/8/284 655/8/280 657/7/284
f 661/8/285 652/7/195 660/7/285
f 652/7/195 661/8/285 654/8/195
f 660/7/286 652/7/197 661/8/286
f 654/8/197 661/8/286 652/7/197
f 656/8/65 662/8/65 658/8/65
f 662/8/65 656/8/65 655/8/65
f 662/8/65 655/8/65 654/8/65
f 662/8/65 654/8/65 661/8/65
f 662/8/65 661/8/65 663/8/65
f 658/8/66 662/8/66 656/8/66
f 655/8/66 656/8/66 662/8/66
f 654/8/66 655/8/66 662/8/66
f 661/8/66 654/8/66 662/8/66
f 663/8/66 661/8/66 662/8/66
f 665/7/288 663/8/287 664/7/287
f 663/8/287 665/7/288 662/8/288
f 664/7/290 663/8/290 665/7/289
f 662/8/289 665/7/289 663/8/290
f 664/7/287 661/8/285 660/7/285
f 661/8/285 664/7/287 663/8/287
f 660/7/286 661/8/286 664/7/290
f 663/8/290 664/7/290 661/8/286
f 668/8/200 667/7/200 666/8/200
f 667/7/200 668/8/200 669/7/200
f 666/8/199 667/7/199 668/8/199
f 669/7/199 668/8/199 667/7/199
f 672/8/291 671/7/195 670/7/291
f 671/7/195 672/8/291 673/8/195
f 670/7/292 671/7/197 672/8/292
f 673/8/197 672/8/292 671/7/197
f 668/8/197 674/7/197 669/7/197
f 674/7/197 668/8/197 675/8/197
f 669/7/195 674/7/195 668/8/195
f 675/8/195 668/8/195 674/7/195
f 673/8/195 667/7/293 671/7/195
f 667/7/293 673/8/195 666/8/293
f 671/7/197 667/7/294 673/8/197
f 666/8/294 673/8/197 667/7/294
f 674/7/66 667/7/66 669/7/66
f 667/7/66 674/7/66 671/7/66
f 671/7/66 674/7/66 670/7/66
f 669/7/65 667/7/65 674/7/65
f 671/7/65 674/7/65 667/7/65
f 670/7/65 674/7/65 671/7/65
f 666/8/65 675/8/65 668/8/65
f 675/8/65 666/8/65 673/8/65
f 675/8/65 673/8/65 672/8/65
f 668/8/66 675/8/66 666/8/66
f 673/8/66 666/8/66 675/8/66
f 672/8/66 673/8/66 675/8/66
f 674/7/199 672/8/199 670/7/199
f 672/8/199 674/7/199 675/8/199
f 670/7/200 672/8/200 674/7/200
f 675/8/200 674/7/200 672/8/200
f 678/14/296 677/13/295 676/13/295
f 677/13/295 678/14/296 679/14/296
f 676/13/298 677/13/298 678/14/297
f 679/14/297 678/14/297 677/13/298
f 682/15/299 681/16/300 680/15/299
f 681/16/300 682/15/299 683/16/300
f 680/15/301 681/16/302 682/15/301
f 683/16/302 682/15/301 681/16/302
f 685/13/219 679/14/219 684/14/219
f 679/14/219 685/13/219 677/13/219
f 677/13/219 685/13/219 686/15/219
f 677/13/219 686/15/219 682/15/219
f 682/15/219 686/15/219 687/16/219
f 682/15/219 687/16/219 683/16/219
f 684/14/220 679/14/220 685/13/220
f 677/13/220 685/13/220 679/14/220
f 686/15/220 685/13/220 677/13/220
f 682/15/220 686/15/220 677/13/220
f 687/16/220 686/15/220 682/15/220
f 683/16/220 687/16/220 682/15/220
f 683/16/300 688/16/297 681/16/300
f 688/16/297 683/16/300 687/16/297
f 681/16/302 688/16/296 683/16/302
f 687/16/296 683/16/302 688/16/296
f 690/13/301 684/14/302 689/14/302
f 684/14/302 690/13/301 685/13/301
f 689/14/300 684/14/300 690/13/299
f 685/13/299 690/13/299 684/14/300
f 676/13/220 689/14/220 678/14/220
f 689/14/220 676/13/220 690/13/220
f 690/13/220 676/13/220 680/15/220
f 690/13/220 680/15/220 691/15/220
f 691/15/220 680/15/220 681/16/220
f 691/15/220 681/16/220 688/16/220
f 678/14/219 689/14/219 676/13/219
f 690/13/219 676/13/219 689/14/219
f 680/15/219 676/13/219 690/13/219
f 691/15/219 680/15/219 690/13/219
f 681/16/219 680/15/219 691/15/219
f 688/16/219 681/16/219 691/15/219
f 687/16/297 691/15/298 688/16/297
f 691/15/298 687/16/297 686/15/298
f 688/16/296 691/15/295 687/16/296
f 686/15/295 687/16/296 691/15/295
f 689/14/302 679/14/296 678/14/296
f 679/14/296 689/14/302 684/14/302
f 678/14/297 679/14/297 689/14/300
f 684/14/300 689/14/300 679/14/297
f 680/15/299 677/13/295 682/15/299
f 677/13/295 680/15/299 676/13/295
f 682/15/301 677/13/298 680/15/301
f 676/13/298 680/15/301 677/13/298
f 690/13/301 686/15/298 685/13/301
f 686/15/298 690/13/301 691/15/298
f 685/13/299 686/15/295 690/13/299
f 691/15/295 690/13/299 686/15/295
f 694/18/301 693/17/302 692/17/302
f 693/17/302 694/18/301 695/18/301
f 692/17/300 693/17/300 694/18/299
f 695/18/299 694/18/299 693/17/300
f 697/18/220 692/17/220 696/17/220
f 692/17/220 697/18/220 694/18/220
f 694/18/220 697/18/220 698/19/220
f 694/18/220 698/19/220 699/19/220
f 699/19/220 698/19/220 700/20/220
f 699/19/220 700/20/220 701/20/220
f 696/17/219 692/17/219 697/18/219
f 694/18/219 697/18/219 692/17/219
f 698/19/219 697/18/219 694/18/219
f 699/19/219 698/19/219 694/18/219
f 700/20/219 698/19/219 699/19/219
f 701/20/219 700/20/219 699/19/219
f 692/17/302 702/17/296 696/17/296
f 702/17/296 692/17/302 693/17/302
f 696/17/297 702/17/297 692/17/300
f 693/17/300 692/17/300 702/17/297
f 696/17/296 703/18/295 697/18/295
f 703/18/295 696/17/296 702/17/296
f 697/18/298 703/18/298 696/17/297
f 702/17/297 696/17/297 703/18/298
f 704/20/300 701/20/297 700/20/300
f 701/20/297 704/20/300 705/20/297
f 700/20/302 701/20/296 704/20/302
f 705/20/296 704/20/302 701/20/296
f 698/19/299 703/18/295 706/19/299
f 703/18/295 698/19/299 697/18/295
f 706/19/301 703/18/298 698/19/301
f 697/18/298 698/19/301 703/18/298
f 705/20/297 699/19/298 701/20/297
f 699/19/298 705/20/297 707/19/298
f 701/20/296 699/19/295 705/20/296
f 707/19/295 705/20/296 699/19/295
f 694/18/301 707/19/298 695/18/301
f 707/19/298 694/18/301 699/19/298
f 695/18/299 707/19/295 694/18/299
f 699/19/295 694/18/299 707/19/295
f 706/19/299 700/20/300 698/19/299
f 700/20/300 706/19/299 704/20/300
f 698/19/301 700/20/302 706/19/301
f 704/20/302 706/19/301 700/20/302
f 695/18/219 702/17/219 693/17/219
f 702/17/219 695/18/219 703/18/219
f 703/18/219 695/18/219 707/19/219
f 703/18/219 707/19/219 706/19/219
f 706/19/219 707/19/219 705/20/219
f 706/19/219 705/20/219 704/20/219
f 693/17/220 702/17/220 695/18/220
f 703/18/220 695/18/220 702/17/220
f 707/19/220 695/18/220 703/18/220
f 706/19/220 707/19/220 703/18/220
f 705/20/220 707/19/220 706/19/220
f 704/20/220 705/20/220 706/19/220
f 710/21/303 709/22/304 708/21/303
f 709/22/304 710/21/303 711/22/304
f 708/21/305 709/22/306 710/21/305
f 711/22/306 710/21/305 709/22/306
f 714/21/307 713/23/305 712/21/307
f 713/23/305 714/21/307 715/23/305
f 712/21/308 713/23/303 714/21/308
f 715/23/303 714/21/308 713/23/303
f 713/23/305 717/24/306 716/24/306
f 717/24/306 713/23/305 715/23/305
f 716/24/304 717/24/304 713/23/303
f 715/23/303 713/23/303 717/24/304
f 712/21/221 709/22/221 718/22/221
f 709/22/221 712/21/221 708/21/221
f 708/21/221 712/21/221 713/23/221
f 708/21/221 713/23/221 719/23/221
f 719/23/221 713/23/221 716/24/221
f 719/23/221 716/24/221 720/24/221
f 718/22/222 709/22/222 712/21/222
f 708/21/222 712/21/222 709/22/222
f 713/23/222 712/21/222 708/21/222
f 719/23/222 713/23/222 708/21/222
f 716/24/222 713/23/222 719/23/222
f 720/24/222 716/24/222 719/23/222
f 711/22/304 718/22/309 709/22/304
f 718/22/309 711/22/304 721/22/309
f 709/22/306 718/22/310 711/22/306
f 721/22/310 711/22/306 718/22/310
f 710/21/222 721/22/222 711/22/222
f 721/22/222 710/21/222 714/21/222
f 714/21/222 710/21/222 722/23/222
f 714/21/222 722/23/222 715/23/222
f 715/23/222 722/23/222 723/24/222
f 715/23/222 723/24/222 717/24/222
f 711/22/221 721/22/221 710/21/221
f 714/21/221 710/21/221 721/22/221
f 722/23/221 710/21/221 714/21/221
f 715/23/221 722/23/221 714/21/221
f 723/24/221 722/23/221 715/23/221
f 717/24/221 723/24/221 715/23/221
f 716/24/306 723/24/310 720/24/310
f 723/24/310 716/24/306 717/24/306
f 720/24/309 723/24/309 716/24/304
f 717/24/304 716/24/304 723/24/309
f 721/22/309 712/21/307 718/22/309
f 712/21/307 721/22/309 714/21/307
f 718/22/310 712/21/308 721/22/310
f 714/21/308 721/22/310 712/21/308
f 720/24/310 722/23/308 719/23/308
f 722/23/308 720/24/310 723/24/310
f 719/23/307 722/23/307 720/24/309
f 723/24/309 720/24/309 722/23/307
f 722/23/308 708/21/303 719/23/308
f 708/21/303 722/23/308 710/21/303
f 719/23/307 708/21/305 722/23/307
f 710/21/305 722/23/307 708/21/305
f 725/6/65 489/6/65 724/6/65
f 489/6/65 725/6/65 726/6/65
f 489/6/65 726/6/65 491/6/65
f 724/6/66 489/6/66 725/6/66
f 726/6/66 725/6/66 489/6/66
f 491/6/66 726/6/66 489/6/66
f 487/7/213 491/6/213 492/7/213
f 491/6/213 487/7/213 489/6/213
f 492/7/214 491/6/214 487/7/214
f 489/6/214 487/7/214 491/6/214
f 491/6/210 727/7/211 492/7/210
f 727/7/211 491/6/210 726/6/211
f 492/7/209 727/7/212 491/6/209
f 726/6/212 491/6/209 727/7/212
f 724/6/212 487/7/212 728/7/212
f 487/7/212 724/6/212 489/6/212
f 728/7/211 487/7/211 724/6/211
f 489/6/211 724/6/211 487/7/211
f 724/6/214 729/7/214 725/6/214
f 729/7/214 724/6/214 728/7/214
f 725/6/213 729/7/213 724/6/213
f 728/7/213 724/6/213 729/7/213
f 726/6/211 729/7/206 727/7/211
f 729/7/206 726/6/211 725/6/206
f 727/7/212 729/7/204 726/6/212
f 725/6/204 726/6/212 729/7/204
f 732/8/212 731/7/212 730/7/212
f 731/7/212 732/8/212 286/8/212
f 730/7/211 731/7/211 732/8/211
f 286/8/211 732/8/211 731/7/211
f 733/8/65 286/8/65 732/8/65
f 286/8/65 733/8/65 734/8/65
f 286/8/65 734/8/65 511/8/65
f 732/8/66 286/8/66 733/8/66
f 734/8/66 733/8/66 286/8/66
f 511/8/66 734/8/66 286/8/66
f 734/8/211 736/7/236 735/7/211
f 736/7/236 734/8/211 733/8/236
f 735/7/212 736/7/235 734/8/212
f 733/8/235 734/8/212 736/7/235
f 732/8/214 736/7/214 733/8/214
f 736/7/214 732/8/214 730/7/214
f 733/8/213 736/7/213 732/8/213
f 730/7/213 732/8/213 736/7/213
f 731/7/213 511/8/213 737/7/213
f 511/8/213 731/7/213 286/8/213
f 737/7/214 511/8/214 731/7/214
f 286/8/214 731/7/214 511/8/214
f 731/7/66 736/7/66 730/7/66
f 736/7/66 731/7/66 735/7/66
f 735/7/66 731/7/66 737/7/66
f 730/7/65 736/7/65 731/7/65
f 735/7/65 731/7/65 736/7/65
f 737/7/65 731/7/65 735/7/65
f 511/8/238 735/7/211 737/7/238
f 735/7/211 511/8/238 734/8/211
f 737/7/237 735/7/212 511/8/237
f 734/8/212 511/8/237 735/7/212
f 740/9/239 739/9/240 738/9/240
f 739/9/240 740/9/239 741/9/239
f 738/9/241 739/9/241 740/9/242
f 741/9/242 740/9/242 739/9/241
f 744/10/246 743/11/242 742/10/246
f 743/11/242 744/10/246 745/11/242
f 742/10/245 743/11/239 744/10/245
f 745/11/239 744/10/245 743/11/239
f 742/10/246 746/12/244 744/10/246
f 746/12/244 742/10/246 747/12/244
f 744/10/245 746/12/243 742/10/245
f 747/12/243 742/10/245 746/12/243
f 748/12/245 741/9/239 740/9/239
f 741/9/239 748/12/245 749/12/245
f 740/9/242 741/9/242 748/12/246
f 749/12/246 748/12/246 741/9/242
f 745/11/242 750/11/241 743/11/242
f 750/11/241 745/11/242 751/11/241
f 743/11/239 750/11/240 745/11/239
f 751/11/240 745/11/239 750/11/240
f 749/12/210 739/9/210 741/9/210
f 739/9/210 749/12/210 746/12/210
f 746/12/210 749/12/210 752/10/210
f 746/12/210 752/10/210 744/10/210
f 744/10/210 752/10/210 751/11/210
f 744/10/210 751/11/210 745/11/210
f 741/9/209 739/9/209 749/12/209
f 746/12/209 749/12/209 739/9/209
f 752/10/209 749/12/209 746/12/209
f 744/10/209 752/10/209 746/12/209
f 751/11/209 752/10/209 744/10/209
f 745/11/209 751/11/209 744/10/209
f 747/12/209 740/9/209 738/9/209
f 740/9/209 747/12/209 748/12/209
f 748/12/209 747/12/209 742/10/209
f 748/12/209 742/10/209 753/10/209
f 753/10/209 742/10/209 743/11/209
f 753/10/209 743/11/209 750/11/209
f 738/9/210 740/9/210 747/12/210
f 748/12/210 747/12/210 740/9/210
f 742/10/210 747/12/210 748/12/210
f 753/10/210 742/10/210 748/12/210
f 743/11/210 742/10/210 753/10/210
f 750/11/210 743/11/210 753/10/210
f 748/12/245 752/10/243 749/12/245
f 752/10/243 748/12/245 753/10/243
f 749/12/246 752/10/244 748/12/246
f 753/10/244 748/12/246 752/10/244
f 751/11/241 753/10/243 750/11/241
f 753/10/243 751/11/241 752/10/243
f 750/11/240 753/10/244 751/11/240
f 752/10/244 751/11/240 753/10/244
f 738/9/240 746/12/244 747/12/244
f 746/12/244 738/9/240 739/9/240
f 747/12/243 746/12/243 738/9/241
f 739/9/241 738/9/241 746/12/243
f 756/26/212 755/25/311 754/25/212
f 755/25/311 756/26/212 757/26/311
f 754/25/211 755/25/312 756/26/211
f 757/26/312 756/26/211 755/25/312
f 760/26/313 759/25/211 758/25/313
f 759/25/211 760/26/313 761/26/211
f 758/25/314 759/25/212 760/26/314
f 761/26/212 760/26/314 759/25/212
f 763/26/314 754/25/212 762/25/314
f 754/25/212 763/26/314 756/26/212
f 762/25/313 754/25/211 763/26/313
f 756/26/211 763/26/313 754/25/211
f 763/26/315 765/25/214 764/26/214
f 765/25/214 763/26/315 762/25/315
f 764/26/213 765/25/213 763/26/316
f 762/25/316 763/26/316 765/25/213
f 766/26/65 763/26/65 764/26/65
f 763/26/65 766/26/65 761/26/65
f 763/26/65 761/26/65 756/26/65
f 756/26/65 761/26/65 760/26/65
f 756/26/65 760/26/65 757/26/65
f 757/26/65 760/26/65 767/26/65
f 764/26/66 763/26/66 766/26/66
f 761/26/66 766/26/66 763/26/66
f 756/26/66 761/26/66 763/26/66
f 760/26/66 761/26/66 756/26/66
f 757/26/66 760/26/66 756/26/66
f 767/26/66 760/26/66 757/26/66
f 768/25/213 760/26/316 758/25/316
f 760/26/316 768/25/213 767/26/213
f 758/25/315 760/26/315 768/25/214
f 767/26/214 768/25/214 760/26/315
f 755/25/317 767/26/213 768/25/213
f 767/26/213 755/25/317 757/26/317
f 768/25/214 767/26/214 755/25/318
f 757/26/318 755/25/318 767/26/214
f 764/26/214 769/25/318 766/26/318
f 769/25/318 764/26/214 765/25/214
f 766/26/317 769/25/317 764/26/213
f 765/25/213 764/26/213 769/25/317
f 761/26/211 769/25/312 759/25/211
f 769/25/312 761/26/211 766/26/312
f 759/25/212 769/25/311 761/26/212
f 766/26/311 761/26/212 769/25/311
f 772/26/214 771/25/318 770/26/318
f 771/25/318 772/26/214 773/25/214
f 770/26/317 771/25/317 772/26/213
f 773/25/213 772/26/213 771/25/317
f 776/26/212 775/25/311 774/25/212
f 775/25/311 776/26/212 777/26/311
f 774/25/211 775/25/312 776/26/211
f 777/26/312 776/26/211 775/25/312
f 779/26/314 774/25/212 778/25/314
f 774/25/212 779/26/314 776/26/212
f 778/25/313 774/25/211 779/26/313
f 776/26/211 779/26/313 774/25/211
f 781/26/211 771/25/312 780/25/211
f 771/25/312 781/26/211 770/26/312
f 780/25/212 771/25/311 781/26/212
f 770/26/311 781/26/212 771/25/311
f 783/26/313 780/25/211 782/25/313
f 780/25/211 783/26/313 781/26/211
f 782/25/314 780/25/212 783/26/314
f 781/26/212 783/26/314 780/25/212
f 784/25/213 783/26/316 782/25/316
f 783/26/316 784/25/213 785/26/213
f 782/25/315 783/26/315 784/25/214
f 785/26/214 784/25/214 783/26/315
f 775/25/317 785/26/213 784/25/213
f 785/26/213 775/25/317 777/26/317
f 784/25/214 785/26/214 775/25/318
f 777/26/318 775/25/318 785/26/214
f 770/26/65 779/26/65 772/26/65
f 779/26/65 770/26/65 776/26/65
f 776/26/65 770/26/65 781/26/65
f 776/26/65 781/26/65 777/26/65
f 777/26/65 781/26/65 783/26/65
f 777/26/65 783/26/65 785/26/65
f 772/26/66 779/26/66 770/26/66
f 776/26/66 770/26/66 779/26/66
f 781/26/66 770/26/66 776/26/66
f 777/26/66 781/26/66 776/26/66
f 783/26/66 781/26/66 777/26/66
f 785/26/66 783/26/66 777/26/66
f 778/25/66 771/25/66 773/25/66
f 771/25/66 778/25/66 774/25/66
f 771/25/66 774/25/66 780/25/66
f 780/25/66 774/25/66 775/25/66
f 780/25/66 775/25/66 782/25/66
f 782/25/66 775/25/66 784/25/66
f 773/25/65 771/25/65 778/25/65
f 774/25/65 778/25/65 771/25/65
f 780/25/65 774/25/65 771/25/65
f 775/25/65 774/25/65 780/25/65
f 782/25/65 775/25/65 780/25/65
f 784/25/65 775/25/65 782/25/65
f 779/26/315 773/25/214 772/26/214
f 773/25/214 779/26/315 778/25/315
f 772/26/213 773/25/213 779/26/316
f 778/25/316 779/26/316 773/25/213
f 788/28/319 787/27/320 786/27/319
f 787/27/320 788/28/319 789/28/320
f 786/27/321 787/27/322 788/28/321
f 789/28/322 788/28/321 787/27/322
f 791/28/323 786/27/319 790/27/323
f 786/27/319 791/28/323 788/28/319
f 790/27/324 786/27/321 791/28/324
f 788/28/321 791/28/324 786/27/321
f 794/27/325 793/28/326 792/28/325
f 793/28/326 794/27/325 795/27/326
f 792/28/327 793/28/328 794/27/327
f 795/27/328 794/27/327 793/28/328
f 798/27/329 797/28/330 796/28/329
f 797/28/330 798/27/329 799/27/330
f 796/28/331 797/28/332 798/27/331
f 799/27/332 798/27/331 797/28/332
f 800/27/334 793/28/333 795/27/333
f 793/28/333 800/27/334 801/28/334
f 795/27/336 793/28/336 800/27/335
f 801/28/335 800/27/335 793/28/336
f 798/27/337 801/28/334 800/27/334
f 801/28/334 798/27/337 796/28/337
f 800/27/335 801/28/335 798/27/338
f 796/28/338 798/27/338 801/28/335
f 790/27/339 792/28/325 791/28/339
f 792/28/325 790/27/339 794/27/325
f 791/28/340 792/28/327 790/27/340
f 794/27/327 790/27/340 792/28/327
f 799/27/330 789/28/341 797/28/330
f 789/28/341 799/27/330 787/27/341
f 797/28/332 789/28/342 799/27/332
f 787/27/342 799/27/332 789/28/342
f 804/26/205 803/25/312 802/25/205
f 803/25/312 804/26/205 805/26/312
f 802/25/203 803/25/311 804/26/203
f 805/26/311 804/26/203 803/25/311
f 808/26/314 807/25/203 806/25/314
f 807/25/203 808/26/314 809/26/203
f 806/25/313 807/25/205 808/26/313
f 809/26/205 808/26/313 807/25/205
f 811/26/313 802/25/205 810/25/313
f 802/25/205 811/26/313 804/26/205
f 810/25/314 802/25/203 811/26/314
f 804/26/203 811/26/314 802/25/203
f 811/26/316 813/25/208 812/26/208
f 813/25/208 811/26/316 810/25/316
f 812/26/207 813/25/207 811/26/315
f 810/25/315 811/26/315 813/25/207
f 814/26/65 811/26/65 812/26/65
f 811/26/65 814/26/65 809/26/65
f 811/26/65 809/26/65 804/26/65
f 804/26/65 809/26/65 808/26/65
f 804/26/65 808/26/65 805/26/65
f 805/26/65 808/26/65 815/26/65
f 812/26/66 811/26/66 814/26/66
f 809/26/66 814/26/66 811/26/66
f 804/26/66 809/26/66 811/26/66
f 808/26/66 809/26/66 804/26/66
f 805/26/66 808/26/66 804/26/66
f 815/26/66 808/26/66 805/26/66
f 816/25/207 808/26/315 806/25/315
f 808/26/315 816/25/207 815/26/207
f 806/25/316 808/26/316 816/25/208
f 815/26/208 816/25/208 808/26/316
f 803/25/318 815/26/207 816/25/207
f 815/26/207 803/25/318 805/26/318
f 816/25/208 815/26/208 803/25/317
f 805/26/317 803/25/317 815/26/208
f 812/26/208 817/25/317 814/26/317
f 817/25/317 812/26/208 813/25/208
f 814/26/318 817/25/318 812/26/207
f 813/25/207 812/26/207 817/25/318
f 809/26/203 817/25/311 807/25/203
f 817/25/311 809/26/203 814/26/311
f 807/25/205 817/25/312 809/26/205
f 814/26/312 809/26/205 817/25/312
f 820/26/208 819/25/317 818/26/317
f 819/25/317 820/26/208 821/25/208
f 818/26/318 819/25/318 820/26/207
f 821/25/207 820/26/207 819/25/318
f 824/26/205 823/25/312 822/25/205
f 823/25/312 824/26/205 825/26/312
f 822/25/203 823/25/311 824/26/203
f 825/26/311 824/26/203 823/25/311
f 827/26/313 822/25/205 826/25/313
f 822/25/205 827/26/313 824/26/205
f 826/25/314 822/25/203 827/26/314
f 824/26/203 827/26/314 822/25/203
f 829/26/203 819/25/311 828/25/203
f 819/25/311 829/26/203 818/26/311
f 828/25/205 819/25/312 829/26/205
f 818/26/312 829/26/205 819/25/312
f 831/26/314 828/25/203 830/25/314
f 828/25/203 831/26/314 829/26/203
f 830/25/313 828/25/205 831/26/313
f 829/26/205 831/26/313 828/25/205
f 832/25/207 831/26/315 830/25/315
f 831/26/315 832/25/207 833/26/207
f 830/25/316 831/26/316 832/25/208
f 833/26/208 832/25/208 831/26/316
f 823/25/318 833/26/207 832/25/207
f 833/26/207 823/25/318 825/26/318
f 832/25/208 833/26/208 823/25/317
f 825/26/317 823/25/317 833/26/208
f 818/26/65 827/26/65 820/26/65
f 827/26/65 818/26/65 824/26/65
f 824/26/65 818/26/65 829/26/65
f 824/26/65 829/26/65 825/26/65
f 825/26/65 829/26/65 831/26/65
f 825/26/65 831/26/65 833/26/65
f 820/26/66 827/26/66 818/26/66
f 824/26/66 818/26/66 827/26/66
f 829/26/66 818/26/66 824/26/66
f 825/26/66 829/26/66 824/26/66
f 831/26/66 829/26/66 825/26/66
f 833/26/66 831/26/66 825/26/66
f 826/25/66 819/25/66 821/25/66
f 819/25/66 826/25/66 822/25/66
f 819/25/66 822/25/66 828/25/66
f 828/25/66 822/25/66 823/25/66
f 828/25/66 823/25/66 830/25/66
f 830/25/66 823/25/66 832/25/66
f 821/25/65 819/25/65 826/25/65
f 822/25/65 826/25/65 819/25/65
f 828/25/65 822/25/65 819/25/65
f 823/25/65 822/25/65 828/25/65
f 830/25/65 823/25/65 828/25/65
f 832/25/65 823/25/65 830/25/65
f 827/26/316 821/25/208 820/26/208
f 821/25/208 827/26/316 826/25/316
f 820/26/207 821/25/207 827/26/315
f 826/25/315 827/26/315 821/25/207
f 836/28/343 835/27/333 834/27/343
f 835/27/333 836/28/343 837/28/333
f 834/27/344 835/27/336 836/28/344
f 837/28/336 836/28/344 835/27/336
f 839/28/337 834/27/343 838/27/337
f 834/27/343 839/28/337 836/28/343
f 838/27/338 834/27/344 839/28/338
f 836/28/344 839/28/338 834/27/344
f 842/27/345 841/28/341 840/28/345
f 841/28/341 842/27/345 843/27/341
f 840/28/346 841/28/342 842/27/346
f 843/27/342 842/27/346 841/28/342
f 846/27/339 845/28/347 844/28/339
f 845/28/347 846/27/339 847/27/347
f 844/28/340 845/28/348 846/27/340
f 847/27/348 846/27/340 845/28/348
f 848/27/349 841/28/320 843/27/320
f 841/28/320 848/27/349 849/28/349
f 843/27/322 841/28/322 848/27/350
f 849/28/350 848/27/350 841/28/322
f 846/27/323 849/28/349 848/27/349
f 849/28/349 846/27/323 844/28/323
f 848/27/350 849/28/350 846/27/324
f 844/28/324 846/27/324 849/28/350
f 838/27/329 840/28/345 839/28/329
f 840/28/345 838/27/329 842/27/345
f 839/28/331 840/28/346 838/27/331
f 842/27/346 838/27/331 840/28/346
f 847/27/347 837/28/326 845/28/347
f 837/28/326 847/27/347 835/27/326
f 845/28/348 837/28/328 847/27/348
f 835/27/328 847/27/348 837/28/328
f 852/26/197 851/25/351 850/25/197
f 851/25/351 852/26/197 853/26/351
f 850/25/195 851/25/352 852/26/195
f 853/26/352 852/26/195 851/25/352
f 856/26/353 855/25/195 854/25/353
f 855/25/195 856/26/353 857/26/195
f 854/25/354 855/25/197 856/26/354
f 857/26/197 856/26/354 855/25/197
f 859/26/354 850/25/197 858/25/354
f 850/25/197 859/26/354 852/26/197
f 858/25/353 850/25/195 859/26/353
f 852/26/195 859/26/353 850/25/195
f 859/26/355 861/25/200 860/26/200
f 861/25/200 859/26/355 858/25/355
f 860/26/199 861/25/199 859/26/356
f 858/25/356 859/26/356 861/25/199
f 862/26/65 859/26/65 860/26/65
f 859/26/65 862/26/65 857/26/65
f 859/26/65 857/26/65 852/26/65
f 852/26/65 857/26/65 856/26/65
f 852/26/65 856/26/65 853/26/65
f 853/26/65 856/26/65 863/26/65
f 860/26/66 859/26/66 862/26/66
f 857/26/66 862/26/66 859/26/66
f 852/26/66 857/26/66 859/26/66
f 856/26/66 857/26/66 852/26/66
f 853/26/66 856/26/66 852/26/66
f 863/26/66 856/26/66 853/26/66
f 864/25/199 856/26/356 854/25/356
f 856/26/356 864/25/199 863/26/199
f 854/25/355 856/26/355 864/25/200
f 863/26/200 864/25/200 856/26/355
f 851/25/357 863/26/199 864/25/199
f 863/26/199 851/25/357 853/26/357
f 864/25/200 863/26/200 851/25/358
f 853/26/358 851/25/358 863/26/200
f 860/26/200 865/25/358 862/26/358
f 865/25/358 860/26/200 861/25/200
f 862/26/357 865/25/357 860/26/199
f 861/25/199 860/26/199 865/25/357
f 857/26/195 865/25/352 855/25/195
f 865/25/352 857/26/195 862/26/352
f 855/25/197 865/25/351 857/26/197
f 862/26/351 857/26/197 865/25/351
f 868/26/200 867/25/358 866/26/358
f 867/25/358 868/26/200 869/25/200
f 866/26/357 867/25/357 868/26/199
f 869/25/199 868/26/199 867/25/357
f 872/26/197 871/25/351 870/25/197
f 871/25/351 872/26/197 873/26/351
f 870/25/195 871/25/352 872/26/195
f 873/26/352 872/26/195 871/25/352
f 875/26/354 870/25/197 874/25/354
f 870/25/197 875/26/354 872/26/197
f 874/25/353 870/25/195 875/26/353
f 872/26/195 875/26/353 870/25/195
f 877/26/195 867/25/352 876/25/195
f 867/25/352 877/26/195 866/26/352
f 876/25/197 867/25/351 877/26/197
f 866/26/351 877/26/197 867/25/351
f 879/26/353 876/25/195 878/25/353
f 876/25/195 879/26/353 877/26/195
f 878/25/354 876/25/197 879/26/354
f 877/26/197 879/26/354 876/25/197
f 880/25/199 879/26/356 878/25/356
f 879/26/356 880/25/199 881/26/199
f 878/25/355 879/26/355 880/25/200
f 881/26/200 880/25/200 879/26/355
f 871/25/357 881/26/199 880/25/199
f 881/26/199 871/25/357 873/26/357
f 880/25/200 881/26/200 871/25/358
f 873/26/358 871/25/358 881/26/200
f 866/26/65 875/26/65 868/26/65
f 875/26/65 866/26/65 872/26/65
f 872/26/65 866/26/65 877/26/65
f 872/26/65 877/26/65 873/26/65
f 873/26/65 877/26/65 879/26/65
f 873/26/65 879/26/65 881/26/65
f 868/26/66 875/26/66 866/26/66
f 872/26/66 866/26/66 875/26/66
f 877/26/66 866/26/66 872/26/66
f 873/26/66 877/26/66 872/26/66
f 879/26/66 877/26/66 873/26/66
f 881/26/66 879/26/66 873/26/66
f 874/25/66 867/25/66 869/25/66
f 867/25/66 874/25/66 870/25/66
f 867/25/66 870/25/66 876/25/66
f 876/25/66 870/25/66 871/25/66
f 876/25/66 871/25/66 878/25/66
f 878/25/66 871/25/66 880/25/66
f 869/25/65 867/25/65 874/25/65
f 870/25/65 874/25/65 867/25/65
f 876/25/65 870/25/65 867/25/65
f 871/25/65 870/25/65 876/25/65
f 878/25/65 871/25/65 876/25/65
f 880/25/65 871/25/65 878/25/65
f 875/26/355 869/25/200 868/26/200
f 869/25/200 875/26/355 874/25/355
f 868/26/199 869/25/199 875/26/356
f 874/25/356 875/26/356 869/25/199
f 884/28/359 883/27/360 882/27/359
f 883/27/360 884/28/359 885/28/360
f 882/27/361 883/27/362 884/28/361
f 885/28/362 884/28/361 883/27/362
f 887/28/363 882/27/359 886/27/363
f 882/27/359 887/28/363 884/28/359
f 886/27/364 882/27/361 887/28/364
f 884/28/361 887/28/364 882/27/361
f 890/27/365 889/28/366 888/28/365
f 889/28/366 890/27/365 891/27/366
f 888/28/367 889/28/368 890/27/367
f 891/27/368 890/27/367 889/28/368
f 894/27/369 893/28/370 892/28/369
f 893/28/370 894/27/369 895/27/370
f 892/28/371 893/28/372 894/27/371
f 895/27/372 894/27/371 893/28/372
f 896/27/374 889/28/373 891/27/373
f 889/28/373 896/27/374 897/28/374
f 891/27/376 889/28/376 896/27/375
f 897/28/375 896/27/375 889/28/376
f 894/27/377 897/28/374 896/27/374
f 897/28/374 894/27/377 892/28/377
f 896/27/375 897/28/375 894/27/378
f 892/28/378 894/27/378 897/28/375
f 886/27/379 888/28/365 887/28/379
f 888/28/365 886/27/379 890/27/365
f 887/28/380 888/28/367 886/27/380
f 890/27/367 886/27/380 888/28/367
f 895/27/370 885/28/381 893/28/370
f 885/28/381 895/27/370 883/27/381
f 893/28/372 885/28/382 895/27/372
f 883/27/382 895/27/372 885/28/382

g corridor-wide-end




usemtl colormap

f 3/1/3 2/1/2 1/1/1
f 2/1/2 3/1/3 4/1/4
f 1/1/7 2/1/6 3/1/5
f 4/1/8 3/1/5 2/1/6
f 7/3/11 6/2/10 5/2/9
f 6/2/10 7/3/11 8/3/12
f 5/2/15 6/2/14 7/3/13
f 8/3/16 7/3/13 6/2/14
f 4/1/4 10/2/18 9/2/17
f 10/2/18 4/1/4 3/1/3
f 9/2/20 10/2/19 4/1/8
f 3/1/5 4/1/8 10/2/19
f 3/1/3 11/2/21 10/2/18
f 11/2/21 3/1/3 1/1/1
f 10/2/19 11/2/22 3/1/5
f 1/1/7 3/1/5 11/2/22
f 8/3/12 12/2/23 6/2/10
f 12/2/23 8/3/12 13/3/24
f 6/2/14 12/2/25 8/3/16
f 13/3/26 8/3/16 12/2/25
f 14/2/27 7/3/11 5/2/9
f 7/3/11 14/2/27 15/3/28
f 5/2/15 7/3/13 14/2/29
f 15/3/30 14/2/29 7/3/13
f 16/2/31 4/1/4 9/2/17
f 4/1/4 16/2/31 2/1/2
f 9/2/20 4/1/8 16/2/32
f 2/1/6 16/2/32 4/1/8
f 1/1/1 16/2/31 11/2/21
f 16/2/31 1/1/1 2/1/2
f 11/2/22 16/2/32 1/1/7
f 2/1/6 1/1/7 16/2/32
f 7/3/11 13/3/24 8/3/12
f 13/3/24 7/3/11 15/3/28
f 8/3/16 13/3/26 7/3/13
f 15/3/30 7/3/13 13/3/26
f 13/3/24 14/2/27 12/2/23
f 14/2/27 13/3/24 15/3/28
f 12/2/25 14/2/29 13/3/26
f 15/3/30 13/3/26 14/2/29
f 19/1/3 18/1/2 17/1/1
f 18/1/2 19/1/3 20/1/4
f 17/1/7 18/1/6 19/1/5
f 20/1/8 19/1/5 18/1/6
f 23/3/11 22/2/10 21/2/9
f 22/2/10 23/3/11 24/3/12
f 21/2/15 22/2/14 23/3/13
f 24/3/16 23/3/13 22/2/14
f 20/1/4 26/2/18 25/2/17
f 26/2/18 20/1/4 19/1/3
f 25/2/20 26/2/19 20/1/8
f 19/1/5 20/1/8 26/2/19
f 19/1/3 27/2/21 26/2/18
f 27/2/21 19/1/3 17/1/1
f 26/2/19 27/2/22 19/1/5
f 17/1/7 19/1/5 27/2/22
f 24/3/12 28/2/23 22/2/10
f 28/2/23 24/3/12 29/3/24
f 22/2/14 28/2/25 24/3/16
f 29/3/26 24/3/16 28/2/25
f 30/2/27 23/3/11 21/2/9
f 23/3/11 30/2/27 31/3/28
f 21/2/15 23/3/13 30/2/29
f 31/3/30 30/2/29 23/3/13
f 32/2/31 20/1/4 25/2/17
f 20/1/4 32/2/31 18/1/2
f 25/2/20 20/1/8 32/2/32
f 18/1/6 32/2/32 20/1/8
f 17/1/1 32/2/31 27/2/21
f 32/2/31 17/1/1 18/1/2
f 27/2/22 32/2/32 17/1/7
f 18/1/6 17/1/7 32/2/32
f 23/3/11 29/3/24 24/3/12
f 29/3/24 23/3/11 31/3/28
f 24/3/16 29/3/26 23/3/13
f 31/3/30 23/3/13 29/3/26
f 29/3/24 30/2/27 28/2/23
f 30/2/27 29/3/24 31/3/28
f 28/2/25 30/2/29 29/3/26
f 31/3/30 29/3/26 30/2/29
f 35/1/35 34/1/34 33/1/33
f 34/1/34 35/1/35 36/1/36
f 33/1/39 34/1/38 35/1/37
f 36/1/40 35/1/37 34/1/38
f 39/3/43 38/2/42 37/2/41
f 38/2/42 39/3/43 40/3/44
f 37/2/47 38/2/46 39/3/45
f 40/3/48 39/3/45 38/2/46
f 36/1/36 42/2/50 41/2/49
f 42/2/50 36/1/36 35/1/35
f 41/2/52 42/2/51 36/1/40
f 35/1/37 36/1/40 42/2/51
f 35/1/35 43/2/53 42/2/50
f 43/2/53 35/1/35 33/1/33
f 42/2/51 43/2/54 35/1/37
f 33/1/39 35/1/37 43/2/54
f 40/3/44 44/2/55 38/2/42
f 44/2/55 40/3/44 45/3/56
f 38/2/46 44/2/57 40/3/48
f 45/3/58 40/3/48 44/2/57
f 46/2/59 39/3/43 37/2/41
f 39/3/43 46/2/59 47/3/60
f 37/2/47 39/3/45 46/2/61
f 47/3/62 46/2/61 39/3/45
f 48/2/63 36/1/36 41/2/49
f 36/1/36 48/2/63 34/1/34
f 41/2/52 36/1/40 48/2/64
f 34/1/38 48/2/64 36/1/40
f 33/1/33 48/2/63 43/2/53
f 48/2/63 33/1/33 34/1/34
f 43/2/54 48/2/64 33/1/39
f 34/1/38 33/1/39 48/2/64
f 39/3/43 45/3/56 40/3/44
f 45/3/56 39/3/43 47/3/60
f 40/3/48 45/3/58 39/3/45
f 47/3/62 39/3/45 45/3/58
f 45/3/56 46/2/59 44/2/55
f 46/2/59 45/3/56 47/3/60
f 44/2/57 46/2/61 45/3/58
f 47/3/62 45/3/58 46/2/61
f 51/1/35 50/1/34 49/1/33
f 50/1/34 51/1/35 52/1/36
f 49/1/39 50/1/38 51/1/37
f 52/1/40 51/1/37 50/1/38
f 55/3/43 54/2/42 53/2/41
f 54/2/42 55/3/43 56/3/44
f 53/2/47 54/2/46 55/3/45
f 56/3/48 55/3/45 54/2/46
f 52/1/36 58/2/50 57/2/49
f 58/2/50 52/1/36 51/1/35
f 57/2/52 58/2/51 52/1/40
f 51/1/37 52/1/40 58/2/51
f 51/1/35 59/2/53 58/2/50
f 59/2/53 51/1/35 49/1/33
f 58/2/51 59/2/54 51/1/37
f 49/1/39 51/1/37 59/2/54
f 56/3/44 60/2/55 54/2/42
f 60/2/55 56/3/44 61/3/56
f 54/2/46 60/2/57 56/3/48
f 61/3/58 56/3/48 60/2/57
f 62/2/59 55/3/43 53/2/41
f 55/3/43 62/2/59 63/3/60
f 53/2/47 55/3/45 62/2/61
f 63/3/62 62/2/61 55/3/45
f 64/2/63 52/1/36 57/2/49
f 52/1/36 64/2/63 50/1/34
f 57/2/52 52/1/40 64/2/64
f 50/1/38 64/2/64 52/1/40
f 49/1/33 64/2/63 59/2/53
f 64/2/63 49/1/33 50/1/34
f 59/2/54 64/2/64 49/1/39
f 50/1/38 49/1/39 64/2/64
f 55/3/43 61/3/56 56/3/44
f 61/3/56 55/3/43 63/3/60
f 56/3/48 61/3/58 55/3/45
f 63/3/62 55/3/45 61/3/58
f 61/3/56 62/2/59 60/2/55
f 62/2/59 61/3/56 63/3/60
f 60/2/57 62/2/61 61/3/58
f 63/3/62 61/3/58 62/2/61
f 67/1/34 66/1/35 65/1/36
f 66/1/35 67/1/34 68/1/33
f 65/1/40 66/1/37 67/1/38
f 68/1/39 67/1/38 66/1/37
f 71/3/56 70/2/59 69/2/55
f 70/2/59 71/3/56 72/3/60
f 69/2/57 70/2/61 71/3/58
f 72/3/62 71/3/58 70/2/61
f 68/1/33 74/2/63 73/2/53
f 74/2/63 68/1/33 67/1/34
f 73/2/54 74/2/64 68/1/39
f 67/1/38 68/1/39 74/2/64
f 67/1/34 75/2/49 74/2/63
f 75/2/49 67/1/34 65/1/36
f 74/2/64 75/2/52 67/1/38
f 65/1/40 67/1/38 75/2/52
f 72/3/60 76/2/41 70/2/59
f 76/2/41 72/3/60 77/3/43
f 70/2/61 76/2/47 72/3/62
f 77/3/45 72/3/62 76/2/47
f 78/2/42 71/3/56 69/2/55
f 71/3/56 78/2/42 79/3/44
f 69/2/57 71/3/58 78/2/46
f 79/3/48 78/2/46 71/3/58
f 80/2/50 68/1/33 73/2/53
f 68/1/33 80/2/50 66/1/35
f 73/2/54 68/1/39 80/2/51
f 66/1/37 80/2/51 68/1/39
f 65/1/36 80/2/50 75/2/49
f 80/2/50 65/1/36 66/1/35
f 75/2/52 80/2/51 65/1/40
f 66/1/37 65/1/40 80/2/51
f 71/3/56 77/3/43 72/3/60
f 77/3/43 71/3/56 79/3/44
f 72/3/62 77/3/45 71/3/58
f 79/3/48 71/3/58 77/3/45
f 77/3/43 78/2/42 76/2/41
f 78/2/42 77/3/43 79/3/44
f 76/2/47 78/2/46 77/3/45
f 79/3/48 77/3/45 78/2/46
f 83/2/65 82/2/65 81/2/65
f 82/2/65 83/2/65 84/2/65
f 81/2/66 82/2/66 83/2/66
f 84/2/66 83/2/66 82/2/66
f 86/2/65 81/2/65 85/2/65
f 81/2/65 86/2/65 83/2/65
f 85/2/66 81/2/66 86/2/66
f 83/2/66 86/2/66 81/2/66
f 89/2/65 88/2/65 87/2/65
f 88/2/65 89/2/65 90/2/65
f 87/2/66 88/2/66 89/2/66
f 90/2/66 89/2/66 88/2/66
f 92/2/65 87/2/65 91/2/65
f 87/2/65 92/2/65 89/2/65
f 91/2/66 87/2/66 92/2/66
f 89/2/66 92/2/66 87/2/66
f 95/2/68 94/1/33 93/2/67
f 94/1/33 95/2/68 96/1/35
f 93/2/70 94/1/39 95/2/69
f 96/1/37 95/2/69 94/1/39
f 98/1/36 95/2/68 97/2/71
f 95/2/68 98/1/36 96/1/35
f 97/2/72 95/2/69 98/1/40
f 96/1/37 98/1/40 95/2/69
f 101/3/43 100/2/42 99/2/41
f 100/2/42 101/3/43 102/3/44
f 99/2/47 100/2/46 101/3/45
f 102/3/48 101/3/45 100/2/46
f 100/2/42 104/3/56 103/2/55
f 104/3/56 100/2/42 102/3/44
f 103/2/57 104/3/58 100/2/46
f 102/3/48 100/2/46 104/3/58
f 107/2/75 106/3/74 105/2/73
f 106/3/74 107/2/75 108/3/76
f 105/2/79 106/3/78 107/2/77
f 108/3/80 107/2/77 106/3/78
f 106/3/74 110/3/82 109/3/81
f 110/3/82 106/3/74 108/3/76
f 109/3/84 110/3/83 106/3/78
f 108/3/80 106/3/78 110/3/83
f 110/3/82 107/2/75 111/2/85
f 107/2/75 110/3/82 108/3/76
f 111/2/86 107/2/77 110/3/83
f 108/3/80 110/3/83 107/2/77
f 106/3/74 112/2/87 105/2/73
f 112/2/87 106/3/74 109/3/81
f 105/2/79 112/2/88 106/3/78
f 109/3/84 106/3/78 112/2/88
f 109/3/81 111/2/85 112/2/87
f 111/2/85 109/3/81 110/3/82
f 112/2/88 111/2/86 109/3/84
f 110/3/83 109/3/84 111/2/86
f 114/3/60 99/2/41 113/2/59
f 99/2/41 114/3/60 101/3/43
f 113/2/61 99/2/47 114/3/62
f 101/3/45 114/3/62 99/2/47
f 94/1/33 115/2/89 93/2/67
f 115/2/89 94/1/33 116/1/34
f 93/2/70 115/2/90 94/1/39
f 116/1/38 94/1/39 115/2/90
f 104/3/56 113/2/59 103/2/55
f 113/2/59 104/3/56 114/3/60
f 103/2/57 113/2/61 104/3/58
f 114/3/62 104/3/58 113/2/61
f 104/3/56 101/3/43 114/3/60
f 101/3/43 104/3/56 102/3/44
f 114/3/62 101/3/45 104/3/58
f 102/3/48 104/3/58 101/3/45
f 119/1/93 118/1/92 117/1/91
f 118/1/92 119/1/93 120/1/94
f 117/1/97 118/1/96 119/1/95
f 120/1/98 119/1/95 118/1/96
f 116/1/34 96/1/35 98/1/36
f 96/1/35 116/1/34 94/1/33
f 98/1/40 96/1/37 116/1/38
f 94/1/39 116/1/38 96/1/37
f 121/2/99 120/1/94 119/1/93
f 120/1/94 121/2/99 122/2/100
f 119/1/95 120/1/98 121/2/101
f 122/2/102 121/2/101 120/1/98
f 125/2/105 124/1/104 123/2/103
f 124/1/104 125/2/105 126/1/106
f 123/2/109 124/1/108 125/2/107
f 126/1/110 125/2/107 124/1/108
f 121/2/99 117/1/91 127/2/111
f 117/1/91 121/2/99 119/1/93
f 127/2/112 117/1/97 121/2/101
f 119/1/95 121/2/101 117/1/97
f 120/1/94 128/2/113 118/1/92
f 128/2/113 120/1/94 122/2/100
f 118/1/96 128/2/114 120/1/98
f 122/2/102 120/1/98 128/2/114
f 131/1/117 130/2/116 129/2/115
f 130/2/116 131/1/117 132/1/118
f 129/2/121 130/2/120 131/1/119
f 132/1/122 131/1/119 130/2/120
f 117/1/91 128/2/113 127/2/111
f 128/2/113 117/1/91 118/1/92
f 127/2/112 128/2/114 117/1/97
f 118/1/96 117/1/97 128/2/114
f 123/2/103 131/1/117 129/2/115
f 131/1/117 123/2/103 124/1/104
f 129/2/121 131/1/119 123/2/109
f 124/1/108 123/2/109 131/1/119
f 126/1/106 130/2/116 132/1/118
f 130/2/116 126/1/106 125/2/105
f 132/1/122 130/2/120 126/1/110
f 125/2/107 126/1/110 130/2/120
f 124/1/104 132/1/118 131/1/117
f 132/1/118 124/1/104 126/1/106
f 131/1/119 132/1/122 124/1/108
f 126/1/110 124/1/108 132/1/122
f 116/1/34 97/2/71 115/2/89
f 97/2/71 116/1/34 98/1/36
f 115/2/90 97/2/72 116/1/38
f 98/1/40 116/1/38 97/2/72
f 135/2/89 134/1/36 133/2/71
f 134/1/36 135/2/89 136/1/34
f 133/2/72 134/1/40 135/2/90
f 136/1/38 135/2/90 134/1/40
f 138/1/33 135/2/89 137/2/67
f 135/2/89 138/1/33 136/1/34
f 137/2/70 135/2/90 138/1/39
f 136/1/38 138/1/39 135/2/90
f 141/3/56 140/2/59 139/2/55
f 140/2/59 141/3/56 142/3/60
f 139/2/57 140/2/61 141/3/58
f 142/3/62 141/3/58 140/2/61
f 140/2/59 144/3/43 143/2/41
f 144/3/43 140/2/59 142/3/60
f 143/2/47 144/3/45 140/2/61
f 142/3/62 140/2/61 144/3/45
f 147/2/87 146/3/82 145/2/85
f 146/3/82 147/2/87 148/3/81
f 145/2/86 146/3/83 147/2/88
f 148/3/84 147/2/88 146/3/83
f 146/3/82 150/3/74 149/3/76
f 150/3/74 146/3/82 148/3/81
f 149/3/80 150/3/78 146/3/83
f 148/3/84 146/3/83 150/3/78
f 150/3/74 147/2/87 151/2/73
f 147/2/87 150/3/74 148/3/81
f 151/2/79 147/2/88 150/3/78
f 148/3/84 150/3/78 147/2/88
f 146/3/82 152/2/75 145/2/85
f 152/2/75 146/3/82 149/3/76
f 145/2/86 152/2/77 146/3/83
f 149/3/80 146/3/83 152/2/77
f 149/3/76 151/2/73 152/2/75
f 151/2/73 149/3/76 150/3/74
f 152/2/77 151/2/79 149/3/80
f 150/3/78 149/3/80 151/2/79
f 154/3/44 139/2/55 153/2/42
f 139/2/55 154/3/44 141/3/56
f 153/2/46 139/2/57 154/3/48
f 141/3/58 154/3/48 139/2/57
f 134/1/36 155/2/68 133/2/71
f 155/2/68 134/1/36 156/1/35
f 133/2/72 155/2/69 134/1/40
f 156/1/37 134/1/40 155/2/69
f 144/3/43 153/2/42 143/2/41
f 153/2/42 144/3/43 154/3/44
f 143/2/47 153/2/46 144/3/45
f 154/3/48 144/3/45 153/2/46
f 144/3/43 141/3/56 154/3/44
f 141/3/56 144/3/43 142/3/60
f 154/3/48 141/3/58 144/3/45
f 142/3/62 144/3/45 141/3/58
f 159/1/125 158/1/124 157/1/123
f 158/1/124 159/1/125 160/1/126
f 157/1/129 158/1/128 159/1/127
f 160/1/130 159/1/127 158/1/128
f 156/1/35 136/1/34 138/1/33
f 136/1/34 156/1/35 134/1/36
f 138/1/39 136/1/38 156/1/37
f 134/1/40 156/1/37 136/1/38
f 161/2/131 160/1/126 159/1/125
f 160/1/126 161/2/131 162/2/132
f 159/1/127 160/1/130 161/2/133
f 162/2/134 161/2/133 160/1/130
f 165/2/115 164/1/118 163/2/116
f 164/1/118 165/2/115 166/1/117
f 163/2/120 164/1/122 165/2/121
f 166/1/119 165/2/121 164/1/122
f 161/2/131 157/1/123 167/2/135
f 157/1/123 161/2/131 159/1/125
f 167/2/136 157/1/129 161/2/133
f 159/1/127 161/2/133 157/1/129
f 160/1/126 168/2/137 158/1/124
f 168/2/137 160/1/126 162/2/132
f 158/1/128 168/2/138 160/1/130
f 162/2/134 160/1/130 168/2/138
f 171/1/106 170/2/103 169/2/105
f 170/2/103 171/1/106 172/1/104
f 169/2/107 170/2/109 171/1/110
f 172/1/108 171/1/110 170/2/109
f 157/1/123 168/2/137 167/2/135
f 168/2/137 157/1/123 158/1/124
f 167/2/136 168/2/138 157/1/129
f 158/1/128 157/1/129 168/2/138
f 163/2/116 171/1/106 169/2/105
f 171/1/106 163/2/116 164/1/118
f 169/2/107 171/1/110 163/2/120
f 164/1/122 163/2/120 171/1/110
f 166/1/117 170/2/103 172/1/104
f 170/2/103 166/1/117 165/2/115
f 172/1/108 170/2/109 166/1/119
f 165/2/121 166/1/119 170/2/109
f 164/1/118 172/1/104 171/1/106
f 172/1/104 164/1/118 166/1/117
f 171/1/110 172/1/108 164/1/122
f 166/1/119 164/1/122 172/1/108
f 156/1/35 137/2/67 155/2/68
f 137/2/67 156/1/35 138/1/33
f 155/2/69 137/2/70 156/1/37
f 138/1/39 156/1/37 137/2/70
f 175/2/140 174/1/4 173/2/139
f 174/1/4 175/2/140 176/1/2
f 173/2/142 174/1/8 175/2/141
f 176/1/6 175/2/141 174/1/8
f 178/1/1 175/2/140 177/2/143
f 175/2/140 178/1/1 176/1/2
f 177/2/144 175/2/141 178/1/7
f 176/1/6 178/1/7 175/2/141
f 181/3/24 180/2/27 179/2/23
f 180/2/27 181/3/24 182/3/28
f 179/2/25 180/2/29 181/3/26
f 182/3/30 181/3/26 180/2/29
f 180/2/27 184/3/11 183/2/9
f 184/3/11 180/2/27 182/3/28
f 183/2/15 184/3/13 180/2/29
f 182/3/30 180/2/29 184/3/13
f 187/2/147 186/3/146 185/2/145
f 186/3/146 187/2/147 188/3/148
f 185/2/151 186/3/150 187/2/149
f 188/3/152 187/2/149 186/3/150
f 186/3/146 190/3/154 189/3/153
f 190/3/154 186/3/146 188/3/148
f 189/3/156 190/3/155 186/3/150
f 188/3/152 186/3/150 190/3/155
f 190/3/154 187/2/147 191/2/157
f 187/2/147 190/3/154 188/3/148
f 191/2/158 187/2/149 190/3/155
f 188/3/152 190/3/155 187/2/149
f 186/3/146 192/2/159 185/2/145
f 192/2/159 186/3/146 189/3/153
f 185/2/151 192/2/160 186/3/150
f 189/3/156 186/3/150 192/2/160
f 189/3/153 191/2/157 192/2/159
f 191/2/157 189/3/153 190/3/154
f 192/2/160 191/2/158 189/3/156
f 190/3/155 189/3/156 191/2/158
f 194/3/12 179/2/23 193/2/10
f 179/2/23 194/3/12 181/3/24
f 193/2/14 179/2/25 194/3/16
f 181/3/26 194/3/16 179/2/25
f 174/1/4 195/2/161 173/2/139
f 195/2/161 174/1/4 196/1/3
f 173/2/142 195/2/162 174/1/8
f 196/1/5 174/1/8 195/2/162
f 184/3/11 193/2/10 183/2/9
f 193/2/10 184/3/11 194/3/12
f 183/2/15 193/2/14 184/3/13
f 194/3/16 184/3/13 193/2/14
f 184/3/11 181/3/24 194/3/12
f 181/3/24 184/3/11 182/3/28
f 194/3/16 181/3/26 184/3/13
f 182/3/30 184/3/13 181/3/26
f 199/1/165 198/1/164 197/1/163
f 198/1/164 199/1/165 200/1/166
f 197/1/169 198/1/168 199/1/167
f 200/1/170 199/1/167 198/1/168
f 196/1/3 176/1/2 178/1/1
f 176/1/2 196/1/3 174/1/4
f 178/1/7 176/1/6 196/1/5
f 174/1/8 196/1/5 176/1/6
f 201/2/171 200/1/166 199/1/165
f 200/1/166 201/2/171 202/2/172
f 199/1/167 200/1/170 201/2/173
f 202/2/174 201/2/173 200/1/170
f 205/2/177 204/1/176 203/2/175
f 204/1/176 205/2/177 206/1/178
f 203/2/181 204/1/180 205/2/179
f 206/1/182 205/2/179 204/1/180
f 201/2/171 197/1/163 207/2/183
f 197/1/163 201/2/171 199/1/165
f 207/2/184 197/1/169 201/2/173
f 199/1/167 201/2/173 197/1/169
f 200/1/166 208/2/185 198/1/164
f 208/2/185 200/1/166 202/2/172
f 198/1/168 208/2/186 200/1/170
f 202/2/174 200/1/170 208/2/186
f 211/1/189 210/2/188 209/2/187
f 210/2/188 211/1/189 212/1/190
f 209/2/193 210/2/192 211/1/191
f 212/1/194 211/1/191 210/2/192
f 197/1/163 208/2/185 207/2/183
f 208/2/185 197/1/163 198/1/164
f 207/2/184 208/2/186 197/1/169
f 198/1/168 197/1/169 208/2/186
f 203/2/175 211/1/189 209/2/187
f 211/1/189 203/2/175 204/1/176
f 209/2/193 211/1/191 203/2/181
f 204/1/180 203/2/181 211/1/191
f 206/1/178 210/2/188 212/1/190
f 210/2/188 206/1/178 205/2/177
f 212/1/194 210/2/192 206/1/182
f 205/2/179 206/1/182 210/2/192
f 204/1/176 212/1/190 211/1/189
f 212/1/190 204/1/176 206/1/178
f 211/1/191 212/1/194 204/1/180
f 206/1/182 204/1/180 212/1/194
f 196/1/3 177/2/143 195/2/161
f 177/2/143 196/1/3 178/1/1
f 195/2/162 177/2/144 196/1/5
f 178/1/7 196/1/5 177/2/144
f 215/1/34 214/1/35 213/1/36
f 214/1/35 215/1/34 216/1/33
f 213/1/40 214/1/37 215/1/38
f 216/1/39 215/1/38 214/1/37
f 219/3/56 218/2/59 217/2/55
f 218/2/59 219/3/56 220/3/60
f 217/2/57 218/2/61 219/3/58
f 220/3/62 219/3/58 218/2/61
f 216/1/33 222/2/63 221/2/53
f 222/2/63 216/1/33 215/1/34
f 221/2/54 222/2/64 216/1/39
f 215/1/38 216/1/39 222/2/64
f 215/1/34 223/2/49 222/2/63
f 223/2/49 215/1/34 213/1/36
f 222/2/64 223/2/52 215/1/38
f 213/1/40 215/1/38 223/2/52
f 220/3/60 224/2/41 218/2/59
f 224/2/41 220/3/60 225/3/43
f 218/2/61 224/2/47 220/3/62
f 225/3/45 220/3/62 224/2/47
f 226/2/42 219/3/56 217/2/55
f 219/3/56 226/2/42 227/3/44
f 217/2/57 219/3/58 226/2/46
f 227/3/48 226/2/46 219/3/58
f 228/2/50 216/1/33 221/2/53
f 216/1/33 228/2/50 214/1/35
f 221/2/54 216/1/39 228/2/51
f 214/1/37 228/2/51 216/1/39
f 213/1/36 228/2/50 223/2/49
f 228/2/50 213/1/36 214/1/35
f 223/2/52 228/2/51 213/1/40
f 214/1/37 213/1/40 228/2/51
f 219/3/56 225/3/43 220/3/60
f 225/3/43 219/3/56 227/3/44
f 220/3/62 225/3/45 219/3/58
f 227/3/48 219/3/58 225/3/45
f 225/3/43 226/2/42 224/2/41
f 226/2/42 225/3/43 227/3/44
f 224/2/47 226/2/46 225/3/45
f 227/3/48 225/3/45 226/2/46
f 231/5/195 230/4/196 229/4/195
f 230/4/196 231/5/195 232/5/196
f 229/4/197 230/4/198 231/5/197
f 232/5/198 231/5/197 230/4/198
f 232/5/65 234/5/65 233/5/65
f 234/5/65 232/5/65 231/5/65
f 234/5/65 231/5/65 235/5/65
f 233/5/66 234/5/66 232/5/66
f 231/5/66 232/5/66 234/5/66
f 235/5/66 231/5/66 234/5/66
f 237/4/199 235/5/199 236/4/199
f 235/5/199 237/4/199 234/5/199
f 236/4/200 235/5/200 237/4/200
f 234/5/200 237/4/200 235/5/200
f 233/5/197 237/4/197 238/4/197
f 237/4/197 233/5/197 234/5/197
f 238/4/195 237/4/195 233/5/195
f 234/5/195 233/5/195 237/4/195
f 233/5/200 230/4/200 232/5/200
f 230/4/200 233/5/200 238/4/200
f 232/5/199 230/4/199 233/5/199
f 238/4/199 233/5/199 230/4/199
f 235/5/201 229/4/195 236/4/201
f 229/4/195 235/5/201 231/5/195
f 236/4/202 229/4/197 235/5/202
f 231/5/197 235/5/202 229/4/197
f 241/5/195 240/4/196 239/4/195
f 240/4/196 241/5/195 242/5/196
f 239/4/197 240/4/198 241/5/197
f 242/5/198 241/5/197 240/4/198
f 242/5/65 244/5/65 243/5/65
f 244/5/65 242/5/65 241/5/65
f 244/5/65 241/5/65 245/5/65
f 243/5/66 244/5/66 242/5/66
f 241/5/66 242/5/66 244/5/66
f 245/5/66 241/5/66 244/5/66
f 247/4/199 245/5/199 246/4/199
f 245/5/199 247/4/199 244/5/199
f 246/4/200 245/5/200 247/4/200
f 244/5/200 247/4/200 245/5/200
f 243/5/197 247/4/197 248/4/197
f 247/4/197 243/5/197 244/5/197
f 248/4/195 247/4/195 243/5/195
f 244/5/195 243/5/195 247/4/195
f 243/5/200 240/4/200 242/5/200
f 240/4/200 243/5/200 248/4/200
f 242/5/199 240/4/199 243/5/199
f 248/4/199 243/5/199 240/4/199
f 245/5/201 239/4/195 246/4/201
f 239/4/195 245/5/201 241/5/195
f 246/4/202 239/4/197 245/5/202
f 241/5/197 245/5/202 239/4/197
f 251/5/203 250/4/204 249/4/203
f 250/4/204 251/5/203 252/5/204
f 249/4/205 250/4/206 251/5/205
f 252/5/206 251/5/205 250/4/206
f 252/5/65 254/5/65 253/5/65
f 254/5/65 252/5/65 251/5/65
f 254/5/65 251/5/65 255/5/65
f 253/5/66 254/5/66 252/5/66
f 251/5/66 252/5/66 254/5/66
f 255/5/66 251/5/66 254/5/66
f 257/4/207 255/5/207 256/4/207
f 255/5/207 257/4/207 254/5/207
f 256/4/208 255/5/208 257/4/208
f 254/5/208 257/4/208 255/5/208
f 253/5/205 257/4/205 258/4/205
f 257/4/205 253/5/205 254/5/205
f 258/4/203 257/4/203 253/5/203
f 254/5/203 253/5/203 257/4/203
f 253/5/208 250/4/208 252/5/208
f 250/4/208 253/5/208 258/4/208
f 252/5/207 250/4/207 253/5/207
f 258/4/207 253/5/207 250/4/207
f 255/5/209 249/4/203 256/4/209
f 249/4/203 255/5/209 251/5/203
f 256/4/210 249/4/205 255/5/210
f 251/5/205 255/5/210 249/4/205
f 261/5/203 260/4/204 259/4/203
f 260/4/204 261/5/203 262/5/204
f 259/4/205 260/4/206 261/5/205
f 262/5/206 261/5/205 260/4/206
f 262/5/65 264/5/65 263/5/65
f 264/5/65 262/5/65 261/5/65
f 264/5/65 261/5/65 265/5/65
f 263/5/66 264/5/66 262/5/66
f 261/5/66 262/5/66 264/5/66
f 265/5/66 261/5/66 264/5/66
f 267/4/207 265/5/207 266/4/207
f 265/5/207 267/4/207 264/5/207
f 266/4/208 265/5/208 267/4/208
f 264/5/208 267/4/208 265/5/208
f 263/5/205 267/4/205 268/4/205
f 267/4/205 263/5/205 264/5/205
f 268/4/203 267/4/203 263/5/203
f 264/5/203 263/5/203 267/4/203
f 263/5/208 260/4/208 262/5/208
f 260/4/208 263/5/208 268/4/208
f 262/5/207 260/4/207 263/5/207
f 268/4/207 263/5/207 260/4/207
f 265/5/209 259/4/203 266/4/209
f 259/4/203 265/5/209 261/5/203
f 266/4/210 259/4/205 265/5/210
f 261/5/205 265/5/210 259/4/205
f 271/5/211 270/4/206 269/4/211
f 270/4/206 271/5/211 272/5/206
f 269/4/212 270/4/204 271/5/212
f 272/5/204 271/5/212 270/4/204
f 272/5/65 274/5/65 273/5/65
f 274/5/65 272/5/65 271/5/65
f 274/5/65 271/5/65 275/5/65
f 273/5/66 274/5/66 272/5/66
f 271/5/66 272/5/66 274/5/66
f 275/5/66 271/5/66 274/5/66
f 277/4/213 275/5/213 276/4/213
f 275/5/213 277/4/213 274/5/213
f 276/4/214 275/5/214 277/4/214
f 274/5/214 277/4/214 275/5/214
f 273/5/212 277/4/212 278/4/212
f 277/4/212 273/5/212 274/5/212
f 278/4/211 277/4/211 273/5/211
f 274/5/211 273/5/211 277/4/211
f 273/5/214 270/4/214 272/5/214
f 270/4/214 273/5/214 278/4/214
f 272/5/213 270/4/213 273/5/213
f 278/4/213 273/5/213 270/4/213
f 275/5/210 269/4/211 276/4/210
f 269/4/211 275/5/210 271/5/211
f 276/4/209 269/4/212 275/5/209
f 271/5/212 275/5/209 269/4/212
f 281/5/215 280/4/211 279/4/215
f 280/4/211 281/5/215 282/5/211
f 279/4/216 280/4/212 281/5/216
f 282/5/212 281/5/216 280/4/212
f 285/5/65 284/5/65 283/5/65
f 284/5/65 285/5/65 282/5/65
f 284/5/65 282/5/65 281/5/65
f 283/5/66 284/5/66 285/5/66
f 282/5/66 285/5/66 284/5/66
f 281/5/66 282/5/66 284/5/66
f 283/5/212 287/4/212 286/4/212
f 287/4/212 283/5/212 284/5/212
f 286/4/211 287/4/211 283/5/211
f 284/5/211 283/5/211 287/4/211
f 282/5/211 288/4/217 280/4/211
f 288/4/217 282/5/211 285/5/217
f 280/4/212 288/4/218 282/5/212
f 285/5/218 282/5/212 288/4/218
f 283/5/214 288/4/214 285/5/214
f 288/4/214 283/5/214 286/4/214
f 285/5/213 288/4/213 283/5/213
f 286/4/213 283/5/213 288/4/213
f 287/4/213 281/5/213 279/4/213
f 281/5/213 287/4/213 284/5/213
f 279/4/214 281/5/214 287/4/214
f 284/5/214 287/4/214 281/5/214
f 262/5/216 289/4/203 260/4/216
f 289/4/203 262/5/216 290/5/203
f 260/4/215 289/4/205 262/5/215
f 290/5/205 262/5/215 289/4/205
f 293/5/65 292/5/65 291/5/65
f 292/5/65 293/5/65 290/5/65
f 292/5/65 290/5/65 262/5/65
f 291/5/66 292/5/66 293/5/66
f 290/5/66 293/5/66 292/5/66
f 262/5/66 290/5/66 292/5/66
f 291/5/205 295/4/205 294/4/205
f 295/4/205 291/5/205 292/5/205
f 294/4/203 295/4/203 291/5/203
f 292/5/203 291/5/203 295/4/203
f 290/5/203 296/4/218 289/4/203
f 296/4/218 290/5/203 293/5/218
f 289/4/205 296/4/217 290/5/205
f 293/5/217 290/5/205 296/4/217
f 291/5/208 296/4/208 293/5/208
f 296/4/208 291/5/208 294/4/208
f 293/5/207 296/4/207 291/5/207
f 294/4/207 291/5/207 296/4/207
f 295/4/207 262/5/207 260/4/207
f 262/5/207 295/4/207 292/5/207
f 260/4/208 262/5/208 295/4/208
f 292/5/208 295/4/208 262/5/208
f 299/5/219 298/4/195 297/4/219
f 298/4/195 299/5/219 300/5/195
f 297/4/220 298/4/197 299/5/220
f 300/5/197 299/5/220 298/4/197
f 303/5/65 302/5/65 301/5/65
f 302/5/65 303/5/65 300/5/65
f 302/5/65 300/5/65 299/5/65
f 301/5/66 302/5/66 303/5/66
f 300/5/66 303/5/66 302/5/66
f 299/5/66 300/5/66 302/5/66
f 301/5/197 305/4/197 304/4/197
f 305/4/197 301/5/197 302/5/197
f 304/4/195 305/4/195 301/5/195
f 302/5/195 301/5/195 305/4/195
f 300/5/195 306/4/221 298/4/195
f 306/4/221 300/5/195 303/5/221
f 298/4/197 306/4/222 300/5/197
f 303/5/222 300/5/197 306/4/222
f 301/5/200 306/4/200 303/5/200
f 306/4/200 301/5/200 304/4/200
f 303/5/199 306/4/199 301/5/199
f 304/4/199 301/5/199 306/4/199
f 305/4/199 299/5/199 297/4/199
f 299/5/199 305/4/199 302/5/199
f 297/4/200 299/5/200 305/4/200
f 302/5/200 305/4/200 299/5/200
f 309/5/211 308/4/206 307/4/211
f 308/4/206 309/5/211 310/5/206
f 307/4/212 308/4/204 309/5/212
f 310/5/204 309/5/212 308/4/204
f 310/5/65 283/5/65 311/5/65
f 283/5/65 310/5/65 309/5/65
f 283/5/65 309/5/65 285/5/65
f 311/5/66 283/5/66 310/5/66
f 309/5/66 310/5/66 283/5/66
f 285/5/66 309/5/66 283/5/66
f 286/4/213 285/5/213 288/4/213
f 285/5/213 286/4/213 283/5/213
f 288/4/214 285/5/214 286/4/214
f 283/5/214 286/4/214 285/5/214
f 311/5/212 286/4/212 312/4/212
f 286/4/212 311/5/212 283/5/212
f 312/4/211 286/4/211 311/5/211
f 283/5/211 311/5/211 286/4/211
f 311/5/214 308/4/214 310/5/214
f 308/4/214 311/5/214 312/4/214
f 310/5/213 308/4/213 311/5/213
f 312/4/213 311/5/213 308/4/213
f 285/5/210 307/4/211 288/4/210
f 307/4/211 285/5/210 309/5/211
f 288/4/209 307/4/212 285/5/209
f 309/5/212 285/5/209 307/4/212
f 315/6/65 314/6/65 313/6/65
f 314/6/65 315/6/65 316/6/65
f 314/6/65 316/6/65 317/6/65
f 313/6/66 314/6/66 315/6/66
f 316/6/66 315/6/66 314/6/66
f 317/6/66 316/6/66 314/6/66
f 319/7/199 317/6/199 318/7/199
f 317/6/199 319/7/199 314/6/199
f 318/7/200 317/6/200 319/7/200
f 314/6/200 319/7/200 317/6/200
f 317/6/201 320/7/195 318/7/201
f 320/7/195 317/6/201 316/6/195
f 318/7/202 320/7/197 317/6/202
f 316/6/197 317/6/202 320/7/197
f 313/6/197 319/7/197 321/7/197
f 319/7/197 313/6/197 314/6/197
f 321/7/195 319/7/195 313/6/195
f 314/6/195 313/6/195 319/7/195
f 313/6/200 322/7/200 315/6/200
f 322/7/200 313/6/200 321/7/200
f 315/6/199 322/7/199 313/6/199
f 321/7/199 313/6/199 322/7/199
f 316/6/195 322/7/196 320/7/195
f 322/7/196 316/6/195 315/6/196
f 320/7/197 322/7/198 316/6/197
f 315/6/198 316/6/197 322/7/198
f 238/8/197 324/7/197 323/7/197
f 324/7/197 238/8/197 325/8/197
f 323/7/195 324/7/195 238/8/195
f 325/8/195 238/8/195 324/7/195
f 326/8/65 325/8/65 238/8/65
f 325/8/65 326/8/65 327/8/65
f 325/8/65 327/8/65 328/8/65
f 238/8/66 325/8/66 326/8/66
f 327/8/66 326/8/66 325/8/66
f 328/8/66 327/8/66 325/8/66
f 327/8/195 330/7/223 329/7/195
f 330/7/223 327/8/195 326/8/223
f 329/7/197 330/7/224 327/8/197
f 326/8/224 327/8/197 330/7/224
f 238/8/200 330/7/200 326/8/200
f 330/7/200 238/8/200 323/7/200
f 326/8/199 330/7/199 238/8/199
f 323/7/199 238/8/199 330/7/199
f 324/7/199 328/8/199 331/7/199
f 328/8/199 324/7/199 325/8/199
f 331/7/200 328/8/200 324/7/200
f 325/8/200 324/7/200 328/8/200
f 324/7/66 330/7/66 323/7/66
f 330/7/66 324/7/66 329/7/66
f 329/7/66 324/7/66 331/7/66
f 323/7/65 330/7/65 324/7/65
f 329/7/65 324/7/65 330/7/65
f 331/7/65 324/7/65 329/7/65
f 328/8/225 329/7/195 331/7/225
f 329/7/195 328/8/225 327/8/195
f 331/7/226 329/7/197 328/8/226
f 327/8/197 328/8/226 329/7/197
f 334/9/228 333/9/227 332/9/227
f 333/9/227 334/9/228 335/9/228
f 332/9/230 333/9/230 334/9/229
f 335/9/229 334/9/229 333/9/230
f 338/10/231 337/11/229 336/10/231
f 337/11/229 338/10/231 339/11/229
f 336/10/232 337/11/228 338/10/232
f 339/11/228 338/10/232 337/11/228
f 336/10/231 340/12/233 338/10/231
f 340/12/233 336/10/231 341/12/233
f 338/10/232 340/12/234 336/10/232
f 341/12/234 336/10/232 340/12/234
f 342/12/232 335/9/228 334/9/228
f 335/9/228 342/12/232 343/12/232
f 334/9/229 335/9/229 342/12/231
f 343/12/231 342/12/231 335/9/229
f 339/11/229 344/11/230 337/11/229
f 344/11/230 339/11/229 345/11/230
f 337/11/228 344/11/227 339/11/228
f 345/11/227 339/11/228 344/11/227
f 343/12/201 333/9/201 335/9/201
f 333/9/201 343/12/201 340/12/201
f 340/12/201 343/12/201 346/10/201
f 340/12/201 346/10/201 338/10/201
f 338/10/201 346/10/201 345/11/201
f 338/10/201 345/11/201 339/11/201
f 335/9/202 333/9/202 343/12/202
f 340/12/202 343/12/202 333/9/202
f 346/10/202 343/12/202 340/12/202
f 338/10/202 346/10/202 340/12/202
f 345/11/202 346/10/202 338/10/202
f 339/11/202 345/11/202 338/10/202
f 341/12/202 334/9/202 332/9/202
f 334/9/202 341/12/202 342/12/202
f 342/12/202 341/12/202 336/10/202
f 342/12/202 336/10/202 347/10/202
f 347/10/202 336/10/202 337/11/202
f 347/10/202 337/11/202 344/11/202
f 332/9/201 334/9/201 341/12/201
f 342/12/201 341/12/201 334/9/201
f 336/10/201 341/12/201 342/12/201
f 347/10/201 336/10/201 342/12/201
f 337/11/201 336/10/201 347/10/201
f 344/11/201 337/11/201 347/10/201
f 342/12/232 346/10/234 343/12/232
f 346/10/234 342/12/232 347/10/234
f 343/12/231 346/10/233 342/12/231
f 347/10/233 342/12/231 346/10/233
f 345/11/230 347/10/234 344/11/230
f 347/10/234 345/11/230 346/10/234
f 344/11/227 347/10/233 345/11/227
f 346/10/233 345/11/227 347/10/233
f 332/9/227 340/12/233 341/12/233
f 340/12/233 332/9/227 333/9/227
f 341/12/234 340/12/234 332/9/230
f 333/9/230 332/9/230 340/12/234
f 350/6/65 349/6/65 348/6/65
f 349/6/65 350/6/65 351/6/65
f 349/6/65 351/6/65 352/6/65
f 348/6/66 349/6/66 350/6/66
f 351/6/66 350/6/66 349/6/66
f 352/6/66 351/6/66 349/6/66
f 354/7/199 352/6/199 353/7/199
f 352/6/199 354/7/199 349/6/199
f 353/7/200 352/6/200 354/7/200
f 349/6/200 354/7/200 352/6/200
f 352/6/201 355/7/195 353/7/201
f 355/7/195 352/6/201 351/6/195
f 353/7/202 355/7/197 352/6/202
f 351/6/197 352/6/202 355/7/197
f 348/6/197 354/7/197 356/7/197
f 354/7/197 348/6/197 349/6/197
f 356/7/195 354/7/195 348/6/195
f 349/6/195 348/6/195 354/7/195
f 348/6/200 357/7/200 350/6/200
f 357/7/200 348/6/200 356/7/200
f 350/6/199 357/7/199 348/6/199
f 356/7/199 348/6/199 357/7/199
f 351/6/195 357/7/196 355/7/195
f 357/7/196 351/6/195 350/6/196
f 355/7/197 357/7/198 351/6/197
f 350/6/198 351/6/197 357/7/198
f 360/8/197 359/7/197 358/7/197
f 359/7/197 360/8/197 247/8/197
f 358/7/195 359/7/195 360/8/195
f 247/8/195 360/8/195 359/7/195
f 361/8/65 247/8/65 360/8/65
f 247/8/65 361/8/65 362/8/65
f 247/8/65 362/8/65 363/8/65
f 360/8/66 247/8/66 361/8/66
f 362/8/66 361/8/66 247/8/66
f 363/8/66 362/8/66 247/8/66
f 362/8/195 365/7/223 364/7/195
f 365/7/223 362/8/195 361/8/223
f 364/7/197 365/7/224 362/8/197
f 361/8/224 362/8/197 365/7/224
f 360/8/200 365/7/200 361/8/200
f 365/7/200 360/8/200 358/7/200
f 361/8/199 365/7/199 360/8/199
f 358/7/199 360/8/199 365/7/199
f 359/7/199 363/8/199 366/7/199
f 363/8/199 359/7/199 247/8/199
f 366/7/200 363/8/200 359/7/200
f 247/8/200 359/7/200 363/8/200
f 359/7/66 365/7/66 358/7/66
f 365/7/66 359/7/66 364/7/66
f 364/7/66 359/7/66 366/7/66
f 358/7/65 365/7/65 359/7/65
f 364/7/65 359/7/65 365/7/65
f 366/7/65 359/7/65 364/7/65
f 363/8/225 364/7/195 366/7/225
f 364/7/195 363/8/225 362/8/195
f 366/7/226 364/7/197 363/8/226
f 362/8/197 363/8/226 364/7/197
f 369/9/228 368/9/227 367/9/227
f 368/9/227 369/9/228 370/9/228
f 367/9/230 368/9/230 369/9/229
f 370/9/229 369/9/229 368/9/230
f 373/10/231 372/11/229 371/10/231
f 372/11/229 373/10/231 374/11/229
f 371/10/232 372/11/228 373/10/232
f 374/11/228 373/10/232 372/11/228
f 371/10/231 375/12/233 373/10/231
f 375/12/233 371/10/231 376/12/233
f 373/10/232 375/12/234 371/10/232
f 376/12/234 371/10/232 375/12/234
f 377/12/232 370/9/228 369/9/228
f 370/9/228 377/12/232 378/12/232
f 369/9/229 370/9/229 377/12/231
f 378/12/231 377/12/231 370/9/229
f 374/11/229 379/11/230 372/11/229
f 379/11/230 374/11/229 380/11/230
f 372/11/228 379/11/227 374/11/228
f 380/11/227 374/11/228 379/11/227
f 378/12/201 368/9/201 370/9/201
f 368/9/201 378/12/201 375/12/201
f 375/12/201 378/12/201 381/10/201
f 375/12/201 381/10/201 373/10/201
f 373/10/201 381/10/201 380/11/201
f 373/10/201 380/11/201 374/11/201
f 370/9/202 368/9/202 378/12/202
f 375/12/202 378/12/202 368/9/202
f 381/10/202 378/12/202 375/12/202
f 373/10/202 381/10/202 375/12/202
f 380/11/202 381/10/202 373/10/202
f 374/11/202 380/11/202 373/10/202
f 376/12/202 369/9/202 367/9/202
f 369/9/202 376/12/202 377/12/202
f 377/12/202 376/12/202 371/10/202
f 377/12/202 371/10/202 382/10/202
f 382/10/202 371/10/202 372/11/202
f 382/10/202 372/11/202 379/11/202
f 367/9/201 369/9/201 376/12/201
f 377/12/201 376/12/201 369/9/201
f 371/10/201 376/12/201 377/12/201
f 382/10/201 371/10/201 377/12/201
f 372/11/201 371/10/201 382/10/201
f 379/11/201 372/11/201 382/10/201
f 377/12/232 381/10/234 378/12/232
f 381/10/234 377/12/232 382/10/234
f 378/12/231 381/10/233 377/12/231
f 382/10/233 377/12/231 381/10/233
f 380/11/230 382/10/234 379/11/230
f 382/10/234 380/11/230 381/10/234
f 379/11/227 382/10/233 380/11/227
f 381/10/233 380/11/227 382/10/233
f 367/9/227 375/12/233 376/12/233
f 375/12/233 367/9/227 368/9/227
f 376/12/234 375/12/234 367/9/230
f 368/9/230 367/9/230 375/12/234
f 385/6/65 384/6/65 383/6/65
f 384/6/65 385/6/65 386/6/65
f 384/6/65 386/6/65 387/6/65
f 383/6/66 384/6/66 385/6/66
f 386/6/66 385/6/66 384/6/66
f 387/6/66 386/6/66 384/6/66
f 389/7/207 387/6/207 388/7/207
f 387/6/207 389/7/207 384/6/207
f 388/7/208 387/6/208 389/7/208
f 384/6/208 389/7/208 387/6/208
f 387/6/209 390/7/203 388/7/209
f 390/7/203 387/6/209 386/6/203
f 388/7/210 390/7/205 387/6/210
f 386/6/205 387/6/210 390/7/205
f 383/6/205 389/7/205 391/7/205
f 389/7/205 383/6/205 384/6/205
f 391/7/203 389/7/203 383/6/203
f 384/6/203 383/6/203 389/7/203
f 383/6/208 392/7/208 385/6/208
f 392/7/208 383/6/208 391/7/208
f 385/6/207 392/7/207 383/6/207
f 391/7/207 383/6/207 392/7/207
f 386/6/203 392/7/204 390/7/203
f 392/7/204 386/6/203 385/6/204
f 390/7/205 392/7/206 386/6/205
f 385/6/206 386/6/205 392/7/206
f 395/8/205 394/7/205 393/7/205
f 394/7/205 395/8/205 257/8/205
f 393/7/203 394/7/203 395/8/203
f 257/8/203 395/8/203 394/7/203
f 396/8/65 257/8/65 395/8/65
f 257/8/65 396/8/65 397/8/65
f 257/8/65 397/8/65 398/8/65
f 395/8/66 257/8/66 396/8/66
f 397/8/66 396/8/66 257/8/66
f 398/8/66 397/8/66 257/8/66
f 397/8/203 400/7/235 399/7/203
f 400/7/235 397/8/203 396/8/235
f 399/7/205 400/7/236 397/8/205
f 396/8/236 397/8/205 400/7/236
f 395/8/208 400/7/208 396/8/208
f 400/7/208 395/8/208 393/7/208
f 396/8/207 400/7/207 395/8/207
f 393/7/207 395/8/207 400/7/207
f 394/7/207 398/8/207 401/7/207
f 398/8/207 394/7/207 257/8/207
f 401/7/208 398/8/208 394/7/208
f 257/8/208 394/7/208 398/8/208
f 394/7/66 400/7/66 393/7/66
f 400/7/66 394/7/66 399/7/66
f 399/7/66 394/7/66 401/7/66
f 393/7/65 400/7/65 394/7/65
f 399/7/65 394/7/65 400/7/65
f 401/7/65 394/7/65 399/7/65
f 398/8/237 399/7/203 401/7/237
f 399/7/203 398/8/237 397/8/203
f 401/7/238 399/7/205 398/8/238
f 397/8/205 398/8/238 399/7/205
f 404/9/240 403/9/239 402/9/239
f 403/9/239 404/9/240 405/9/240
f 402/9/242 403/9/242 404/9/241
f 405/9/241 404/9/241 403/9/242
f 408/10/243 407/11/241 406/10/243
f 407/11/241 408/10/243 409/11/241
f 406/10/244 407/11/240 408/10/244
f 409/11/240 408/10/244 407/11/240
f 406/10/243 410/12/245 408/10/243
f 410/12/245 406/10/243 411/12/245
f 408/10/244 410/12/246 406/10/244
f 411/12/246 406/10/244 410/12/246
f 412/12/244 405/9/240 404/9/240
f 405/9/240 412/12/244 413/12/244
f 404/9/241 405/9/241 412/12/243
f 413/12/243 412/12/243 405/9/241
f 409/11/241 414/11/242 407/11/241
f 414/11/242 409/11/241 415/11/242
f 407/11/240 414/11/239 409/11/240
f 415/11/239 409/11/240 414/11/239
f 413/12/209 403/9/209 405/9/209
f 403/9/209 413/12/209 410/12/209
f 410/12/209 413/12/209 416/10/209
f 410/12/209 416/10/209 408/10/209
f 408/10/209 416/10/209 415/11/209
f 408/10/209 415/11/209 409/11/209
f 405/9/210 403/9/210 413/12/210
f 410/12/210 413/12/210 403/9/210
f 416/10/210 413/12/210 410/12/210
f 408/10/210 416/10/210 410/12/210
f 415/11/210 416/10/210 408/10/210
f 409/11/210 415/11/210 408/10/210
f 411/12/210 404/9/210 402/9/210
f 404/9/210 411/12/210 412/12/210
f 412/12/210 411/12/210 406/10/210
f 412/12/210 406/10/210 417/10/210
f 417/10/210 406/10/210 407/11/210
f 417/10/210 407/11/210 414/11/210
f 402/9/209 404/9/209 411/12/209
f 412/12/209 411/12/209 404/9/209
f 406/10/209 411/12/209 412/12/209
f 417/10/209 406/10/209 412/12/209
f 407/11/209 406/10/209 417/10/209
f 414/11/209 407/11/209 417/10/209
f 412/12/244 416/10/246 413/12/244
f 416/10/246 412/12/244 417/10/246
f 413/12/243 416/10/245 412/12/243
f 417/10/245 412/12/243 416/10/245
f 415/11/242 417/10/246 414/11/242
f 417/10/246 415/11/242 416/10/246
f 414/11/239 417/10/245 415/11/239
f 416/10/245 415/11/239 417/10/245
f 402/9/239 410/12/245 411/12/245
f 410/12/245 402/9/239 403/9/239
f 411/12/246 410/12/246 402/9/242
f 403/9/242 402/9/242 410/12/246
f 420/6/65 419/6/65 418/6/65
f 419/6/65 420/6/65 421/6/65
f 419/6/65 421/6/65 422/6/65
f 418/6/66 419/6/66 420/6/66
f 421/6/66 420/6/66 419/6/66
f 422/6/66 421/6/66 419/6/66
f 424/7/207 422/6/207 423/7/207
f 422/6/207 424/7/207 419/6/207
f 423/7/208 422/6/208 424/7/208
f 419/6/208 424/7/208 422/6/208
f 422/6/209 425/7/203 423/7/209
f 425/7/203 422/6/209 421/6/203
f 423/7/210 425/7/205 422/6/210
f 421/6/205 422/6/210 425/7/205
f 418/6/205 424/7/205 426/7/205
f 424/7/205 418/6/205 419/6/205
f 426/7/203 424/7/203 418/6/203
f 419/6/203 418/6/203 424/7/203
f 418/6/208 427/7/208 420/6/208
f 427/7/208 418/6/208 426/7/208
f 420/6/207 427/7/207 418/6/207
f 426/7/207 418/6/207 427/7/207
f 421/6/203 427/7/204 425/7/203
f 427/7/204 421/6/203 420/6/204
f 425/7/205 427/7/206 421/6/205
f 420/6/206 421/6/205 427/7/206
f 295/8/205 429/7/205 428/7/205
f 429/7/205 295/8/205 267/8/205
f 428/7/203 429/7/203 295/8/203
f 267/8/203 295/8/203 429/7/203
f 430/8/65 267/8/65 295/8/65
f 267/8/65 430/8/65 431/8/65
f 267/8/65 431/8/65 432/8/65
f 295/8/66 267/8/66 430/8/66
f 431/8/66 430/8/66 267/8/66
f 432/8/66 431/8/66 267/8/66
f 431/8/203 434/7/235 433/7/203
f 434/7/235 431/8/203 430/8/235
f 433/7/205 434/7/236 431/8/205
f 430/8/236 431/8/205 434/7/236
f 295/8/208 434/7/208 430/8/208
f 434/7/208 295/8/208 428/7/208
f 430/8/207 434/7/207 295/8/207
f 428/7/207 295/8/207 434/7/207
f 429/7/207 432/8/207 435/7/207
f 432/8/207 429/7/207 267/8/207
f 435/7/208 432/8/208 429/7/208
f 267/8/208 429/7/208 432/8/208
f 429/7/66 434/7/66 428/7/66
f 434/7/66 429/7/66 433/7/66
f 433/7/66 429/7/66 435/7/66
f 428/7/65 434/7/65 429/7/65
f 433/7/65 429/7/65 434/7/65
f 435/7/65 429/7/65 433/7/65
f 432/8/237 433/7/203 435/7/237
f 433/7/203 432/8/237 431/8/203
f 435/7/238 433/7/205 432/8/238
f 431/8/205 432/8/238 433/7/205
f 438/9/240 437/9/239 436/9/239
f 437/9/239 438/9/240 439/9/240
f 436/9/242 437/9/242 438/9/241
f 439/9/241 438/9/241 437/9/242
f 442/10/243 441/11/241 440/10/243
f 441/11/241 442/10/243 443/11/241
f 440/10/244 441/11/240 442/10/244
f 443/11/240 442/10/244 441/11/240
f 440/10/243 444/12/245 442/10/243
f 444/12/245 440/10/243 445/12/245
f 442/10/244 444/12/246 440/10/244
f 445/12/246 440/10/244 444/12/246
f 446/12/244 439/9/240 438/9/240
f 439/9/240 446/12/244 447/12/244
f 438/9/241 439/9/241 446/12/243
f 447/12/243 446/12/243 439/9/241
f 443/11/241 448/11/242 441/11/241
f 448/11/242 443/11/241 449/11/242
f 441/11/240 448/11/239 443/11/240
f 449/11/239 443/11/240 448/11/239
f 447/12/209 437/9/209 439/9/209
f 437/9/209 447/12/209 444/12/209
f 444/12/209 447/12/209 450/10/209
f 444/12/209 450/10/209 442/10/209
f 442/10/209 450/10/209 449/11/209
f 442/10/209 449/11/209 443/11/209
f 439/9/210 437/9/210 447/12/210
f 444/12/210 447/12/210 437/9/210
f 450/10/210 447/12/210 444/12/210
f 442/10/210 450/10/210 444/12/210
f 449/11/210 450/10/210 442/10/210
f 443/11/210 449/11/210 442/10/210
f 445/12/210 438/9/210 436/9/210
f 438/9/210 445/12/210 446/12/210
f 446/12/210 445/12/210 440/10/210
f 446/12/210 440/10/210 451/10/210
f 451/10/210 440/10/210 441/11/210
f 451/10/210 441/11/210 448/11/210
f 436/9/209 438/9/209 445/12/209
f 446/12/209 445/12/209 438/9/209
f 440/10/209 445/12/209 446/12/209
f 451/10/209 440/10/209 446/12/209
f 441/11/209 440/10/209 451/10/209
f 448/11/209 441/11/209 451/10/209
f 446/12/244 450/10/246 447/12/244
f 450/10/246 446/12/244 451/10/246
f 447/12/243 450/10/245 446/12/243
f 451/10/245 446/12/243 450/10/245
f 449/11/242 451/10/246 448/11/242
f 451/10/246 449/11/242 450/10/246
f 448/11/239 451/10/245 449/11/239
f 450/10/245 449/11/239 451/10/245
f 436/9/239 444/12/245 445/12/245
f 444/12/245 436/9/239 437/9/239
f 445/12/246 444/12/246 436/9/242
f 437/9/242 436/9/242 444/12/246
f 454/6/65 453/6/65 452/6/65
f 453/6/65 454/6/65 455/6/65
f 453/6/65 455/6/65 456/6/65
f 452/6/66 453/6/66 454/6/66
f 455/6/66 454/6/66 453/6/66
f 456/6/66 455/6/66 453/6/66
f 458/7/213 456/6/213 457/7/213
f 456/6/213 458/7/213 453/6/213
f 457/7/214 456/6/214 458/7/214
f 453/6/214 458/7/214 456/6/214
f 456/6/210 459/7/211 457/7/210
f 459/7/211 456/6/210 455/6/211
f 457/7/209 459/7/212 456/6/209
f 455/6/212 456/6/209 459/7/212
f 452/6/212 458/7/212 460/7/212
f 458/7/212 452/6/212 453/6/212
f 460/7/211 458/7/211 452/6/211
f 453/6/211 452/6/211 458/7/211
f 452/6/214 461/7/214 454/6/214
f 461/7/214 452/6/214 460/7/214
f 454/6/213 461/7/213 452/6/213
f 460/7/213 452/6/213 461/7/213
f 455/6/211 461/7/206 459/7/211
f 461/7/206 455/6/211 454/6/206
f 459/7/212 461/7/204 455/6/212
f 454/6/204 455/6/212 461/7/204
f 464/8/212 463/7/212 462/7/212
f 463/7/212 464/8/212 277/8/212
f 462/7/211 463/7/211 464/8/211
f 277/8/211 464/8/211 463/7/211
f 465/8/65 277/8/65 464/8/65
f 277/8/65 465/8/65 466/8/65
f 277/8/65 466/8/65 467/8/65
f 464/8/66 277/8/66 465/8/66
f 466/8/66 465/8/66 277/8/66
f 467/8/66 466/8/66 277/8/66
f 466/8/211 469/7/236 468/7/211
f 469/7/236 466/8/211 465/8/236
f 468/7/212 469/7/235 466/8/212
f 465/8/235 466/8/212 469/7/235
f 464/8/214 469/7/214 465/8/214
f 469/7/214 464/8/214 462/7/214
f 465/8/213 469/7/213 464/8/213
f 462/7/213 464/8/213 469/7/213
f 463/7/213 467/8/213 470/7/213
f 467/8/213 463/7/213 277/8/213
f 470/7/214 467/8/214 463/7/214
f 277/8/214 463/7/214 467/8/214
f 463/7/66 469/7/66 462/7/66
f 469/7/66 463/7/66 468/7/66
f 468/7/66 463/7/66 470/7/66
f 462/7/65 469/7/65 463/7/65
f 468/7/65 463/7/65 469/7/65
f 470/7/65 463/7/65 468/7/65
f 467/8/238 468/7/211 470/7/238
f 468/7/211 467/8/238 466/8/211
f 470/7/237 468/7/212 467/8/237
f 466/8/212 467/8/237 468/7/212
f 473/9/239 472/9/240 471/9/240
f 472/9/240 473/9/239 474/9/239
f 471/9/241 472/9/241 473/9/242
f 474/9/242 473/9/242 472/9/241
f 477/10/246 476/11/242 475/10/246
f 476/11/242 477/10/246 478/11/242
f 475/10/245 476/11/239 477/10/245
f 478/11/239 477/10/245 476/11/239
f 475/10/246 479/12/244 477/10/246
f 479/12/244 475/10/246 480/12/244
f 477/10/245 479/12/243 475/10/245
f 480/12/243 475/10/245 479/12/243
f 481/12/245 474/9/239 473/9/239
f 474/9/239 481/12/245 482/12/245
f 473/9/242 474/9/242 481/12/246
f 482/12/246 481/12/246 474/9/242
f 478/11/242 483/11/241 476/11/242
f 483/11/241 478/11/242 484/11/241
f 476/11/239 483/11/240 478/11/239
f 484/11/240 478/11/239 483/11/240
f 482/12/210 472/9/210 474/9/210
f 472/9/210 482/12/210 479/12/210
f 479/12/210 482/12/210 485/10/210
f 479/12/210 485/10/210 477/10/210
f 477/10/210 485/10/210 484/11/210
f 477/10/210 484/11/210 478/11/210
f 474/9/209 472/9/209 482/12/209
f 479/12/209 482/12/209 472/9/209
f 485/10/209 482/12/209 479/12/209
f 477/10/209 485/10/209 479/12/209
f 484/11/209 485/10/209 477/10/209
f 478/11/209 484/11/209 477/10/209
f 480/12/209 473/9/209 471/9/209
f 473/9/209 480/12/209 481/12/209
f 481/12/209 480/12/209 475/10/209
f 481/12/209 475/10/209 486/10/209
f 486/10/209 475/10/209 476/11/209
f 486/10/209 476/11/209 483/11/209
f 471/9/210 473/9/210 480/12/210
f 481/12/210 480/12/210 473/9/210
f 475/10/210 480/12/210 481/12/210
f 486/10/210 475/10/210 481/12/210
f 476/11/210 475/10/210 486/10/210
f 483/11/210 476/11/210 486/10/210
f 481/12/245 485/10/243 482/12/245
f 485/10/243 481/12/245 486/10/243
f 482/12/246 485/10/244 481/12/246
f 486/10/244 481/12/246 485/10/244
f 484/11/241 486/10/243 483/11/241
f 486/10/243 484/11/241 485/10/243
f 483/11/240 486/10/244 484/11/240
f 485/10/244 484/11/240 486/10/244
f 471/9/240 479/12/244 480/12/244
f 479/12/244 471/9/240 472/9/240
f 480/12/243 479/12/243 471/9/241
f 472/9/241 471/9/241 479/12/243
f 489/6/212 488/7/212 487/7/212
f 488/7/212 489/6/212 490/6/212
f 487/7/211 488/7/211 489/6/211
f 490/6/211 489/6/211 488/7/211
f 489/6/214 492/7/214 491/6/214
f 492/7/214 489/6/214 487/7/214
f 491/6/213 492/7/213 489/6/213
f 487/7/213 489/6/213 492/7/213
f 488/7/213 494/6/213 493/7/213
f 494/6/213 488/7/213 490/6/213
f 493/7/214 494/6/214 488/7/214
f 490/6/214 488/7/214 494/6/214
f 491/6/65 490/6/65 489/6/65
f 490/6/65 491/6/65 495/6/65
f 490/6/65 495/6/65 494/6/65
f 489/6/66 490/6/66 491/6/66
f 495/6/66 491/6/66 490/6/66
f 494/6/66 495/6/66 490/6/66
f 494/6/215 496/7/211 493/7/215
f 496/7/211 494/6/215 495/6/211
f 493/7/216 496/7/212 494/6/216
f 495/6/212 494/6/216 496/7/212
f 495/6/211 492/7/217 496/7/211
f 492/7/217 495/6/211 491/6/217
f 496/7/212 492/7/218 495/6/212
f 491/6/218 495/6/212 492/7/218
f 499/8/211 498/7/247 497/7/211
f 498/7/247 499/8/211 500/8/247
f 497/7/212 498/7/248 499/8/212
f 500/8/248 499/8/212 498/7/248
f 503/8/250 502/7/249 501/8/249
f 502/7/249 503/8/250 504/7/250
f 501/8/252 502/7/252 503/8/251
f 504/7/251 503/8/251 502/7/252
f 500/8/247 502/7/249 498/7/247
f 502/7/249 500/8/247 501/8/249
f 498/7/248 502/7/252 500/8/248
f 501/8/252 500/8/248 502/7/252
f 506/8/253 497/7/211 505/7/253
f 497/7/211 506/8/253 499/8/211
f 505/7/254 497/7/212 506/8/254
f 499/8/212 506/8/254 497/7/212
f 501/8/65 507/8/65 503/8/65
f 507/8/65 501/8/65 500/8/65
f 507/8/65 500/8/65 499/8/65
f 507/8/65 499/8/65 506/8/65
f 507/8/65 506/8/65 508/8/65
f 503/8/66 507/8/66 501/8/66
f 500/8/66 501/8/66 507/8/66
f 499/8/66 500/8/66 507/8/66
f 506/8/66 499/8/66 507/8/66
f 508/8/66 506/8/66 507/8/66
f 510/7/256 508/8/255 509/7/255
f 508/8/255 510/7/256 507/8/256
f 509/7/258 508/8/258 510/7/257
f 507/8/257 510/7/257 508/8/258
f 509/7/255 506/8/253 505/7/253
f 506/8/253 509/7/255 508/8/255
f 505/7/254 506/8/254 509/7/258
f 508/8/258 509/7/258 506/8/254
f 286/8/214 512/7/214 511/8/214
f 512/7/214 286/8/214 513/7/214
f 511/8/213 512/7/213 286/8/213
f 513/7/213 286/8/213 512/7/213
f 516/8/259 515/7/211 514/7/259
f 515/7/211 516/8/259 517/8/211
f 514/7/260 515/7/212 516/8/260
f 517/8/212 516/8/260 515/7/212
f 286/8/212 518/7/212 513/7/212
f 518/7/212 286/8/212 287/8/212
f 513/7/211 518/7/211 286/8/211
f 287/8/211 286/8/211 518/7/211
f 517/8/211 512/7/261 515/7/211
f 512/7/261 517/8/211 511/8/261
f 515/7/212 512/7/262 517/8/212
f 511/8/262 517/8/212 512/7/262
f 518/7/66 512/7/66 513/7/66
f 512/7/66 518/7/66 515/7/66
f 515/7/66 518/7/66 514/7/66
f 513/7/65 512/7/65 518/7/65
f 515/7/65 518/7/65 512/7/65
f 514/7/65 518/7/65 515/7/65
f 511/8/65 287/8/65 286/8/65
f 287/8/65 511/8/65 517/8/65
f 287/8/65 517/8/65 516/8/65
f 286/8/66 287/8/66 511/8/66
f 517/8/66 511/8/66 287/8/66
f 516/8/66 517/8/66 287/8/66
f 518/7/213 516/8/213 514/7/213
f 516/8/213 518/7/213 287/8/213
f 514/7/214 516/8/214 518/7/214
f 287/8/214 518/7/214 516/8/214
f 521/14/264 520/13/263 519/13/263
f 520/13/263 521/14/264 522/14/264
f 519/13/266 520/13/266 521/14/265
f 522/14/265 521/14/265 520/13/266
f 525/15/267 524/16/268 523/15/267
f 524/16/268 525/15/267 526/16/268
f 523/15/269 524/16/270 525/15/269
f 526/16/270 525/15/269 524/16/270
f 528/13/215 522/14/215 527/14/215
f 522/14/215 528/13/215 520/13/215
f 520/13/215 528/13/215 529/15/215
f 520/13/215 529/15/215 525/15/215
f 525/15/215 529/15/215 530/16/215
f 525/15/215 530/16/215 526/16/215
f 527/14/216 522/14/216 528/13/216
f 520/13/216 528/13/216 522/14/216
f 529/15/216 528/13/216 520/13/216
f 525/15/216 529/15/216 520/13/216
f 530/16/216 529/15/216 525/15/216
f 526/16/216 530/16/216 525/15/216
f 526/16/268 531/16/265 524/16/268
f 531/16/265 526/16/268 530/16/265
f 524/16/270 531/16/264 526/16/270
f 530/16/264 526/16/270 531/16/264
f 533/13/269 527/14/270 532/14/270
f 527/14/270 533/13/269 528/13/269
f 532/14/268 527/14/268 533/13/267
f 528/13/267 533/13/267 527/14/268
f 519/13/216 532/14/216 521/14/216
f 532/14/216 519/13/216 533/13/216
f 533/13/216 519/13/216 523/15/216
f 533/13/216 523/15/216 534/15/216
f 534/15/216 523/15/216 524/16/216
f 534/15/216 524/16/216 531/16/216
f 521/14/215 532/14/215 519/13/215
f 533/13/215 519/13/215 532/14/215
f 523/15/215 519/13/215 533/13/215
f 534/15/215 523/15/215 533/13/215
f 524/16/215 523/15/215 534/15/215
f 531/16/215 524/16/215 534/15/215
f 530/16/265 534/15/266 531/16/265
f 534/15/266 530/16/265 529/15/266
f 531/16/264 534/15/263 530/16/264
f 529/15/263 530/16/264 534/15/263
f 532/14/270 522/14/264 521/14/264
f 522/14/264 532/14/270 527/14/270
f 521/14/265 522/14/265 532/14/268
f 527/14/268 532/14/268 522/14/265
f 523/15/267 520/13/263 525/15/267
f 520/13/263 523/15/267 519/13/263
f 525/15/269 520/13/266 523/15/269
f 519/13/266 523/15/269 520/13/266
f 533/13/269 529/15/266 528/13/269
f 529/15/266 533/13/269 534/15/266
f 528/13/267 529/15/263 533/13/267
f 534/15/263 533/13/267 529/15/263
f 537/18/269 536/17/270 535/17/270
f 536/17/270 537/18/269 538/18/269
f 535/17/268 536/17/268 537/18/267
f 538/18/267 537/18/267 536/17/268
f 540/18/216 535/17/216 539/17/216
f 535/17/216 540/18/216 537/18/216
f 537/18/216 540/18/216 541/19/216
f 537/18/216 541/19/216 542/19/216
f 542/19/216 541/19/216 543/20/216
f 542/19/216 543/20/216 544/20/216
f 539/17/215 535/17/215 540/18/215
f 537/18/215 540/18/215 535/17/215
f 541/19/215 540/18/215 537/18/215
f 542/19/215 541/19/215 537/18/215
f 543/20/215 541/19/215 542/19/215
f 544/20/215 543/20/215 542/19/215
f 535/17/270 545/17/264 539/17/264
f 545/17/264 535/17/270 536/17/270
f 539/17/265 545/17/265 535/17/268
f 536/17/268 535/17/268 545/17/265
f 539/17/264 546/18/263 540/18/263
f 546/18/263 539/17/264 545/17/264
f 540/18/266 546/18/266 539/17/265
f 545/17/265 539/17/265 546/18/266
f 547/20/268 544/20/265 543/20/268
f 544/20/265 547/20/268 548/20/265
f 543/20/270 544/20/264 547/20/270
f 548/20/264 547/20/270 544/20/264
f 541/19/267 546/18/263 549/19/267
f 546/18/263 541/19/267 540/18/263
f 549/19/269 546/18/266 541/19/269
f 540/18/266 541/19/269 546/18/266
f 548/20/265 542/19/266 544/20/265
f 542/19/266 548/20/265 550/19/266
f 544/20/264 542/19/263 548/20/264
f 550/19/263 548/20/264 542/19/263
f 537/18/269 550/19/266 538/18/269
f 550/19/266 537/18/269 542/19/266
f 538/18/267 550/19/263 537/18/267
f 542/19/263 537/18/267 550/19/263
f 549/19/267 543/20/268 541/19/267
f 543/20/268 549/19/267 547/20/268
f 541/19/269 543/20/270 549/19/269
f 547/20/270 549/19/269 543/20/270
f 538/18/215 545/17/215 536/17/215
f 545/17/215 538/18/215 546/18/215
f 546/18/215 538/18/215 550/19/215
f 546/18/215 550/19/215 549/19/215
f 549/19/215 550/19/215 548/20/215
f 549/19/215 548/20/215 547/20/215
f 536/17/216 545/17/216 538/18/216
f 546/18/216 538/18/216 545/17/216
f 550/19/216 538/18/216 546/18/216
f 549/19/216 550/19/216 546/18/216
f 548/20/216 550/19/216 549/19/216
f 547/20/216 548/20/216 549/19/216
f 553/21/271 552/22/272 551/21/271
f 552/22/272 553/21/271 554/22/272
f 551/21/273 552/22/274 553/21/273
f 554/22/274 553/21/273 552/22/274
f 557/21/275 556/23/273 555/21/275
f 556/23/273 557/21/275 558/23/273
f 555/21/276 556/23/271 557/21/276
f 558/23/271 557/21/276 556/23/271
f 556/23/273 560/24/274 559/24/274
f 560/24/274 556/23/273 558/23/273
f 559/24/272 560/24/272 556/23/271
f 558/23/271 556/23/271 560/24/272
f 555/21/217 552/22/217 561/22/217
f 552/22/217 555/21/217 551/21/217
f 551/21/217 555/21/217 556/23/217
f 551/21/217 556/23/217 562/23/217
f 562/23/217 556/23/217 559/24/217
f 562/23/217 559/24/217 563/24/217
f 561/22/218 552/22/218 555/21/218
f 551/21/218 555/21/218 552/22/218
f 556/23/218 555/21/218 551/21/218
f 562/23/218 556/23/218 551/21/218
f 559/24/218 556/23/218 562/23/218
f 563/24/218 559/24/218 562/23/218
f 554/22/272 561/22/277 552/22/272
f 561/22/277 554/22/272 564/22/277
f 552/22/274 561/22/278 554/22/274
f 564/22/278 554/22/274 561/22/278
f 553/21/218 564/22/218 554/22/218
f 564/22/218 553/21/218 557/21/218
f 557/21/218 553/21/218 565/23/218
f 557/21/218 565/23/218 558/23/218
f 558/23/218 565/23/218 566/24/218
f 558/23/218 566/24/218 560/24/218
f 554/22/217 564/22/217 553/21/217
f 557/21/217 553/21/217 564/22/217
f 565/23/217 553/21/217 557/21/217
f 558/23/217 565/23/217 557/21/217
f 566/24/217 565/23/217 558/23/217
f 560/24/217 566/24/217 558/23/217
f 559/24/274 566/24/278 563/24/278
f 566/24/278 559/24/274 560/24/274
f 563/24/277 566/24/277 559/24/272
f 560/24/272 559/24/272 566/24/277
f 564/22/277 555/21/275 561/22/277
f 555/21/275 564/22/277 557/21/275
f 561/22/278 555/21/276 564/22/278
f 557/21/276 564/22/278 555/21/276
f 563/24/278 565/23/276 562/23/276
f 565/23/276 563/24/278 566/24/278
f 562/23/275 565/23/275 563/24/277
f 566/24/277 563/24/277 565/23/275
f 565/23/276 551/21/271 562/23/276
f 551/21/271 565/23/276 553/21/271
f 562/23/275 551/21/273 565/23/275
f 553/21/273 565/23/275 551/21/273
f 568/6/205 426/7/205 567/7/205
f 426/7/205 568/6/205 418/6/205
f 567/7/203 426/7/203 568/6/203
f 418/6/203 568/6/203 426/7/203
f 568/6/208 570/7/208 569/6/208
f 570/7/208 568/6/208 567/7/208
f 569/6/207 570/7/207 568/6/207
f 567/7/207 568/6/207 570/7/207
f 426/7/207 420/6/207 427/7/207
f 420/6/207 426/7/207 418/6/207
f 427/7/208 420/6/208 426/7/208
f 418/6/208 426/7/208 420/6/208
f 569/6/65 418/6/65 568/6/65
f 418/6/65 569/6/65 571/6/65
f 418/6/65 571/6/65 420/6/65
f 568/6/66 418/6/66 569/6/66
f 571/6/66 569/6/66 418/6/66
f 420/6/66 571/6/66 418/6/66
f 420/6/216 572/7/203 427/7/216
f 572/7/203 420/6/216 571/6/203
f 427/7/215 572/7/205 420/6/215
f 571/6/205 420/6/215 572/7/205
f 571/6/203 570/7/218 572/7/203
f 570/7/218 571/6/203 569/6/218
f 572/7/205 570/7/217 571/6/205
f 569/6/217 571/6/205 570/7/217
f 575/8/203 574/7/248 573/7/203
f 574/7/248 575/8/203 576/8/248
f 573/7/205 574/7/247 575/8/205
f 576/8/247 575/8/205 574/7/247
f 579/8/251 578/7/252 577/8/252
f 578/7/252 579/8/251 580/7/251
f 577/8/249 578/7/249 579/8/250
f 580/7/250 579/8/250 578/7/249
f 576/8/248 578/7/252 574/7/248
f 578/7/252 576/8/248 577/8/252
f 574/7/247 578/7/249 576/8/247
f 577/8/249 576/8/247 578/7/249
f 582/8/254 573/7/203 581/7/254
f 573/7/203 582/8/254 575/8/203
f 581/7/253 573/7/205 582/8/253
f 575/8/205 582/8/253 573/7/205
f 577/8/65 583/8/65 579/8/65
f 583/8/65 577/8/65 576/8/65
f 583/8/65 576/8/65 575/8/65
f 583/8/65 575/8/65 582/8/65
f 583/8/65 582/8/65 584/8/65
f 579/8/66 583/8/66 577/8/66
f 576/8/66 577/8/66 583/8/66
f 575/8/66 576/8/66 583/8/66
f 582/8/66 575/8/66 583/8/66
f 584/8/66 582/8/66 583/8/66
f 586/7/257 584/8/258 585/7/258
f 584/8/258 586/7/257 583/8/257
f 585/7/255 584/8/255 586/7/256
f 583/8/256 586/7/256 584/8/255
f 585/7/258 582/8/254 581/7/254
f 582/8/254 585/7/258 584/8/258
f 581/7/253 582/8/253 585/7/255
f 584/8/255 585/7/255 582/8/253
f 294/8/208 588/7/208 587/8/208
f 588/7/208 294/8/208 589/7/208
f 587/8/207 588/7/207 294/8/207
f 589/7/207 294/8/207 588/7/207
f 430/8/260 591/7/203 590/7/260
f 591/7/203 430/8/260 592/8/203
f 590/7/259 591/7/205 430/8/259
f 592/8/205 430/8/259 591/7/205
f 294/8/205 593/7/205 589/7/205
f 593/7/205 294/8/205 295/8/205
f 589/7/203 593/7/203 294/8/203
f 295/8/203 294/8/203 593/7/203
f 592/8/203 588/7/262 591/7/203
f 588/7/262 592/8/203 587/8/262
f 591/7/205 588/7/261 592/8/205
f 587/8/261 592/8/205 588/7/261
f 593/7/66 588/7/66 589/7/66
f 588/7/66 593/7/66 591/7/66
f 591/7/66 593/7/66 590/7/66
f 589/7/65 588/7/65 593/7/65
f 591/7/65 593/7/65 588/7/65
f 590/7/65 593/7/65 591/7/65
f 587/8/65 295/8/65 294/8/65
f 295/8/65 587/8/65 592/8/65
f 295/8/65 592/8/65 430/8/65
f 294/8/66 295/8/66 587/8/66
f 592/8/66 587/8/66 295/8/66
f 430/8/66 592/8/66 295/8/66
f 593/7/207 430/8/207 590/7/207
f 430/8/207 593/7/207 295/8/207
f 590/7/208 430/8/208 593/7/208
f 295/8/208 593/7/208 430/8/208
f 596/14/270 595/13/269 594/13/269
f 595/13/269 596/14/270 597/14/270
f 594/13/267 595/13/267 596/14/268
f 597/14/268 596/14/268 595/13/267
f 600/15/266 599/16/265 598/15/266
f 599/16/265 600/15/266 601/16/265
f 598/15/263 599/16/264 600/15/263
f 601/16/264 600/15/263 599/16/264
f 603/13/216 597/14/216 602/14/216
f 597/14/216 603/13/216 595/13/216
f 595/13/216 603/13/216 604/15/216
f 595/13/216 604/15/216 600/15/216
f 600/15/216 604/15/216 605/16/216
f 600/15/216 605/16/216 601/16/216
f 602/14/215 597/14/215 603/13/215
f 595/13/215 603/13/215 597/14/215
f 604/15/215 603/13/215 595/13/215
f 600/15/215 604/15/215 595/13/215
f 605/16/215 604/15/215 600/15/215
f 601/16/215 605/16/215 600/15/215
f 601/16/265 606/16/268 599/16/265
f 606/16/268 601/16/265 605/16/268
f 599/16/264 606/16/270 601/16/264
f 605/16/270 601/16/264 606/16/270
f 608/13/263 602/14/264 607/14/264
f 602/14/264 608/13/263 603/13/263
f 607/14/265 602/14/265 608/13/266
f 603/13/266 608/13/266 602/14/265
f 594/13/215 607/14/215 596/14/215
f 607/14/215 594/13/215 608/13/215
f 608/13/215 594/13/215 598/15/215
f 608/13/215 598/15/215 609/15/215
f 609/15/215 598/15/215 599/16/215
f 609/15/215 599/16/215 606/16/215
f 596/14/216 607/14/216 594/13/216
f 608/13/216 594/13/216 607/14/216
f 598/15/216 594/13/216 608/13/216
f 609/15/216 598/15/216 608/13/216
f 599/16/216 598/15/216 609/15/216
f 606/16/216 599/16/216 609/15/216
f 605/16/268 609/15/267 606/16/268
f 609/15/267 605/16/268 604/15/267
f 606/16/270 609/15/269 605/16/270
f 604/15/269 605/16/270 609/15/269
f 607/14/264 597/14/270 596/14/270
f 597/14/270 607/14/264 602/14/264
f 596/14/268 597/14/268 607/14/265
f 602/14/265 607/14/265 597/14/268
f 598/15/266 595/13/269 600/15/266
f 595/13/269 598/15/266 594/13/269
f 600/15/263 595/13/267 598/15/263
f 594/13/267 598/15/263 595/13/267
f 608/13/263 604/15/267 603/13/263
f 604/15/267 608/13/263 609/15/267
f 603/13/266 604/15/269 608/13/266
f 609/15/269 608/13/266 604/15/269
f 612/18/263 611/17/264 610/17/264
f 611/17/264 612/18/263 613/18/263
f 610/17/265 611/17/265 612/18/266
f 613/18/266 612/18/266 611/17/265
f 615/18/215 610/17/215 614/17/215
f 610/17/215 615/18/215 612/18/215
f 612/18/215 615/18/215 616/19/215
f 612/18/215 616/19/215 617/19/215
f 617/19/215 616/19/215 618/20/215
f 617/19/215 618/20/215 619/20/215
f 614/17/216 610/17/216 615/18/216
f 612/18/216 615/18/216 610/17/216
f 616/19/216 615/18/216 612/18/216
f 617/19/216 616/19/216 612/18/216
f 618/20/216 616/19/216 617/19/216
f 619/20/216 618/20/216 617/19/216
f 610/17/264 620/17/270 614/17/270
f 620/17/270 610/17/264 611/17/264
f 614/17/268 620/17/268 610/17/265
f 611/17/265 610/17/265 620/17/268
f 614/17/270 621/18/269 615/18/269
f 621/18/269 614/17/270 620/17/270
f 615/18/267 621/18/267 614/17/268
f 620/17/268 614/17/268 621/18/267
f 622/20/265 619/20/268 618/20/265
f 619/20/268 622/20/265 623/20/268
f 618/20/264 619/20/270 622/20/264
f 623/20/270 622/20/264 619/20/270
f 616/19/266 621/18/269 624/19/266
f 621/18/269 616/19/266 615/18/269
f 624/19/263 621/18/267 616/19/263
f 615/18/267 616/19/263 621/18/267
f 623/20/268 617/19/267 619/20/268
f 617/19/267 623/20/268 625/19/267
f 619/20/270 617/19/269 623/20/270
f 625/19/269 623/20/270 617/19/269
f 612/18/263 625/19/267 613/18/263
f 625/19/267 612/18/263 617/19/267
f 613/18/266 625/19/269 612/18/266
f 617/19/269 612/18/266 625/19/269
f 624/19/266 618/20/265 616/19/266
f 618/20/265 624/19/266 622/20/265
f 616/19/263 618/20/264 624/19/263
f 622/20/264 624/19/263 618/20/264
f 613/18/216 620/17/216 611/17/216
f 620/17/216 613/18/216 621/18/216
f 621/18/216 613/18/216 625/19/216
f 621/18/216 625/19/216 624/19/216
f 624/19/216 625/19/216 623/20/216
f 624/19/216 623/20/216 622/20/216
f 611/17/215 620/17/215 613/18/215
f 621/18/215 613/18/215 620/17/215
f 625/19/215 613/18/215 621/18/215
f 624/19/215 625/19/215 621/18/215
f 623/20/215 625/19/215 624/19/215
f 622/20/215 623/20/215 624/19/215
f 628/21/275 627/22/277 626/21/275
f 627/22/277 628/21/275 629/22/277
f 626/21/276 627/22/278 628/21/276
f 629/22/278 628/21/276 627/22/278
f 632/21/271 631/23/276 630/21/271
f 631/23/276 632/21/271 633/23/276
f 630/21/273 631/23/275 632/21/273
f 633/23/275 632/21/273 631/23/275
f 631/23/276 635/24/278 634/24/278
f 635/24/278 631/23/276 633/23/276
f 634/24/277 635/24/277 631/23/275
f 633/23/275 631/23/275 635/24/277
f 630/21/218 627/22/218 636/22/218
f 627/22/218 630/21/218 626/21/218
f 626/21/218 630/21/218 631/23/218
f 626/21/218 631/23/218 637/23/218
f 637/23/218 631/23/218 634/24/218
f 637/23/218 634/24/218 638/24/218
f 636/22/217 627/22/217 630/21/217
f 626/21/217 630/21/217 627/22/217
f 631/23/217 630/21/217 626/21/217
f 637/23/217 631/23/217 626/21/217
f 634/24/217 631/23/217 637/23/217
f 638/24/217 634/24/217 637/23/217
f 629/22/277 636/22/272 627/22/277
f 636/22/272 629/22/277 639/22/272
f 627/22/278 636/22/274 629/22/278
f 639/22/274 629/22/278 636/22/274
f 628/21/217 639/22/217 629/22/217
f 639/22/217 628/21/217 632/21/217
f 632/21/217 628/21/217 640/23/217
f 632/21/217 640/23/217 633/23/217
f 633/23/217 640/23/217 641/24/217
f 633/23/217 641/24/217 635/24/217
f 629/22/218 639/22/218 628/21/218
f 632/21/218 628/21/218 639/22/218
f 640/23/218 628/21/218 632/21/218
f 633/23/218 640/23/218 632/21/218
f 641/24/218 640/23/218 633/23/218
f 635/24/218 641/24/218 633/23/218
f 634/24/278 641/24/274 638/24/274
f 641/24/274 634/24/278 635/24/278
f 638/24/272 641/24/272 634/24/277
f 635/24/277 634/24/277 641/24/272
f 639/22/272 630/21/271 636/22/272
f 630/21/271 639/22/272 632/21/271
f 636/22/274 630/21/273 639/22/274
f 632/21/273 639/22/274 630/21/273
f 638/24/274 640/23/273 637/23/273
f 640/23/273 638/24/274 641/24/274
f 637/23/271 640/23/271 638/24/272
f 641/24/272 638/24/272 640/23/271
f 640/23/273 626/21/275 637/23/273
f 626/21/275 640/23/273 628/21/275
f 637/23/271 626/21/276 640/23/271
f 628/21/276 640/23/271 626/21/276
f 644/6/197 643/7/197 642/7/197
f 643/7/197 644/6/197 645/6/197
f 642/7/195 643/7/195 644/6/195
f 645/6/195 644/6/195 643/7/195
f 644/6/200 647/7/200 646/6/200
f 647/7/200 644/6/200 642/7/200
f 646/6/199 647/7/199 644/6/199
f 642/7/199 644/6/199 647/7/199
f 643/7/199 649/6/199 648/7/199
f 649/6/199 643/7/199 645/6/199
f 648/7/200 649/6/200 643/7/200
f 645/6/200 643/7/200 649/6/200
f 646/6/65 645/6/65 644/6/65
f 645/6/65 646/6/65 650/6/65
f 645/6/65 650/6/65 649/6/65
f 644/6/66 645/6/66 646/6/66
f 650/6/66 646/6/66 645/6/66
f 649/6/66 650/6/66 645/6/66
f 649/6/219 651/7/195 648/7/219
f 651/7/195 649/6/219 650/6/195
f 648/7/220 651/7/197 649/6/220
f 650/6/197 649/6/220 651/7/197
f 650/6/195 647/7/221 651/7/195
f 647/7/221 650/6/195 646/6/221
f 651/7/197 647/7/222 650/6/197
f 646/6/222 650/6/197 647/7/222
f 654/8/195 653/7/279 652/7/195
f 653/7/279 654/8/195 655/8/279
f 652/7/197 653/7/280 654/8/197
f 655/8/280 654/8/197 653/7/280
f 658/8/282 657/7/281 656/8/281
f 657/7/281 658/8/282 659/7/282
f 656/8/284 657/7/284 658/8/283
f 659/7/283 658/8/283 657/7/284
f 655/8/279 657/7/281 653/7/279
f 657/7/281 655/8/279 656/8/281
f 653/7/280 657/7/284 655/8/280
f 656/8/284 655/8/280 657/7/284
f 661/8/285 652/7/195 660/7/285
f 652/7/195 661/8/285 654/8/195
f 660/7/286 652/7/197 661/8/286
f 654/8/197 661/8/286 652/7/197
f 656/8/65 662/8/65 658/8/65
f 662/8/65 656/8/65 655/8/65
f 662/8/65 655/8/65 654/8/65
f 662/8/65 654/8/65 661/8/65
f 662/8/65 661/8/65 663/8/65
f 658/8/66 662/8/66 656/8/66
f 655/8/66 656/8/66 662/8/66
f 654/8/66 655/8/66 662/8/66
f 661/8/66 654/8/66 662/8/66
f 663/8/66 661/8/66 662/8/66
f 665/7/288 663/8/287 664/7/287
f 663/8/287 665/7/288 662/8/288
f 664/7/290 663/8/290 665/7/289
f 662/8/289 665/7/289 663/8/290
f 664/7/287 661/8/285 660/7/285
f 661/8/285 664/7/287 663/8/287
f 660/7/286 661/8/286 664/7/290
f 663/8/290 664/7/290 661/8/286
f 668/8/200 667/7/200 666/8/200
f 667/7/200 668/8/200 669/7/200
f 666/8/199 667/7/199 668/8/199
f 669/7/199 668/8/199 667/7/199
f 672/8/291 671/7/195 670/7/291
f 671/7/195 672/8/291 673/8/195
f 670/7/292 671/7/197 672/8/292
f 673/8/197 672/8/292 671/7/197
f 668/8/197 674/7/197 669/7/197
f 674/7/197 668/8/197 675/8/197
f 669/7/195 674/7/195 668/8/195
f 675/8/195 668/8/195 674/7/195
f 673/8/195 667/7/293 671/7/195
f 667/7/293 673/8/195 666/8/293
f 671/7/197 667/7/294 673/8/197
f 666/8/294 673/8/197 667/7/294
f 674/7/66 667/7/66 669/7/66
f 667/7/66 674/7/66 671/7/66
f 671/7/66 674/7/66 670/7/66
f 669/7/65 667/7/65 674/7/65
f 671/7/65 674/7/65 667/7/65
f 670/7/65 674/7/65 671/7/65
f 666/8/65 675/8/65 668/8/65
f 675/8/65 666/8/65 673/8/65
f 675/8/65 673/8/65 672/8/65
f 668/8/66 675/8/66 666/8/66
f 673/8/66 666/8/66 675/8/66
f 672/8/66 673/8/66 675/8/66
f 674/7/199 672/8/199 670/7/199
f 672/8/199 674/7/199 675/8/199
f 670/7/200 672/8/200 674/7/200
f 675/8/200 674/7/200 672/8/200
f 678/14/296 677/13/295 676/13/295
f 677/13/295 678/14/296 679/14/296
f 676/13/298 677/13/298 678/14/297
f 679/14/297 678/14/297 677/13/298
f 682/15/299 681/16/300 680/15/299
f 681/16/300 682/15/299 683/16/300
f 680/15/301 681/16/302 682/15/301
f 683/16/302 682/15/301 681/16/302
f 685/13/219 679/14/219 684/14/219
f 679/14/219 685/13/219 677/13/219
f 677/13/219 685/13/219 686/15/219
f 677/13/219 686/15/219 682/15/219
f 682/15/219 686/15/219 687/16/219
f 682/15/219 687/16/219 683/16/219
f 684/14/220 679/14/220 685/13/220
f 677/13/220 685/13/220 679/14/220
f 686/15/220 685/13/220 677/13/220
f 682/15/220 686/15/220 677/13/220
f 687/16/220 686/15/220 682/15/220
f 683/16/220 687/16/220 682/15/220
f 683/16/300 688/16/297 681/16/300
f 688/16/297 683/16/300 687/16/297
f 681/16/302 688/16/296 683/16/302
f 687/16/296 683/16/302 688/16/296
f 690/13/301 684/14/302 689/14/302
f 684/14/302 690/13/301 685/13/301
f 689/14/300 684/14/300 690/13/299
f 685/13/299 690/13/299 684/14/300
f 676/13/220 689/14/220 678/14/220
f 689/14/220 676/13/220 690/13/220
f 690/13/220 676/13/220 680/15/220
f 690/13/220 680/15/220 691/15/220
f 691/15/220 680/15/220 681/16/220
f 691/15/220 681/16/220 688/16/220
f 678/14/219 689/14/219 676/13/219
f 690/13/219 676/13/219 689/14/219
f 680/15/219 676/13/219 690/13/219
f 691/15/219 680/15/219 690/13/219
f 681/16/219 680/15/219 691/15/219
f 688/16/219 681/16/219 691/15/219
f 687/16/297 691/15/298 688/16/297
f 691/15/298 687/16/297 686/15/298
f 688/16/296 691/15/295 687/16/296
f 686/15/295 687/16/296 691/15/295
f 689/14/302 679/14/296 678/14/296
f 679/14/296 689/14/302 684/14/302
f 678/14/297 679/14/297 689/14/300
f 684/14/300 689/14/300 679/14/297
f 680/15/299 677/13/295 682/15/299
f 677/13/295 680/15/299 676/13/295
f 682/15/301 677/13/298 680/15/301
f 676/13/298 680/15/301 677/13/298
f 690/13/301 686/15/298 685/13/301
f 686/15/298 690/13/301 691/15/298
f 685/13/299 686/15/295 690/13/299
f 691/15/295 690/13/299 686/15/295
f 694/18/301 693/17/302 692/17/302
f 693/17/302 694/18/301 695/18/301
f 692/17/300 693/17/300 694/18/299
f 695/18/299 694/18/299 693/17/300
f 697/18/220 692/17/220 696/17/220
f 692/17/220 697/18/220 694/18/220
f 694/18/220 697/18/220 698/19/220
f 694/18/220 698/19/220 699/19/220
f 699/19/220 698/19/220 700/20/220
f 699/19/220 700/20/220 701/20/220
f 696/17/219 692/17/219 697/18/219
f 694/18/219 697/18/219 692/17/219
f 698/19/219 697/18/219 694/18/219
f 699/19/219 698/19/219 694/18/219
f 700/20/219 698/19/219 699/19/219
f 701/20/219 700/20/219 699/19/219
f 692/17/302 702/17/296 696/17/296
f 702/17/296 692/17/302 693/17/302
f 696/17/297 702/17/297 692/17/300
f 693/17/300 692/17/300 702/17/297
f 696/17/296 703/18/295 697/18/295
f 703/18/295 696/17/296 702/17/296
f 697/18/298 703/18/298 696/17/297
f 702/17/297 696/17/297 703/18/298
f 704/20/300 701/20/297 700/20/300
f 701/20/297 704/20/300 705/20/297
f 700/20/302 701/20/296 704/20/302
f 705/20/296 704/20/302 701/20/296
f 698/19/299 703/18/295 706/19/299
f 703/18/295 698/19/299 697/18/295
f 706/19/301 703/18/298 698/19/301
f 697/18/298 698/19/301 703/18/298
f 705/20/297 699/19/298 701/20/297
f 699/19/298 705/20/297 707/19/298
f 701/20/296 699/19/295 705/20/296
f 707/19/295 705/20/296 699/19/295
f 694/18/301 707/19/298 695/18/301
f 707/19/298 694/18/301 699/19/298
f 695/18/299 707/19/295 694/18/299
f 699/19/295 694/18/299 707/19/295
f 706/19/299 700/20/300 698/19/299
f 700/20/300 706/19/299 704/20/300
f 698/19/301 700/20/302 706/19/301
f 704/20/302 706/19/301 700/20/302
f 695/18/219 702/17/219 693/17/219
f 702/17/219 695/18/219 703/18/219
f 703/18/219 695/18/219 707/19/219
f 703/18/219 707/19/219 706/19/219
f 706/19/219 707/19/219 705/20/219
f 706/19/219 705/20/219 704/20/219
f 693/17/220 702/17/220 695/18/220
f 703/18/220 695/18/220 702/17/220
f 707/19/220 695/18/220 703/18/220
f 706/19/220 707/19/220 703/18/220
f 705/20/220 707/19/220 706/19/220
f 704/20/220 705/20/220 706/19/220
f 710/21/303 709/22/304 708/21/303
f 709/22/304 710/21/303 711/22/304
f 708/21/305 709/22/306 710/21/305
f 711/22/306 710/21/305 709/22/306
f 714/21/307 713/23/305 712/21/307
f 713/23/305 714/21/307 715/23/305
f 712/21/308 713/23/303 714/21/308
f 715/23/303 714/21/308 713/23/303
f 713/23/305 717/24/306 716/24/306
f 717/24/306 713/23/305 715/23/305
f 716/24/304 717/24/304 713/23/303
f 715/23/303 713/23/303 717/24/304
f 712/21/221 709/22/221 718/22/221
f 709/22/221 712/21/221 708/21/221
f 708/21/221 712/21/221 713/23/221
f 708/21/221 713/23/221 719/23/221
f 719/23/221 713/23/221 716/24/221
f 719/23/221 716/24/221 720/24/221
f 718/22/222 709/22/222 712/21/222
f 708/21/222 712/21/222 709/22/222
f 713/23/222 712/21/222 708/21/222
f 719/23/222 713/23/222 708/21/222
f 716/24/222 713/23/222 719/23/222
f 720/24/222 716/24/222 719/23/222
f 711/22/304 718/22/309 709/22/304
f 718/22/309 711/22/304 721/22/309
f 709/22/306 718/22/310 711/22/306
f 721/22/310 711/22/306 718/22/310
f 710/21/222 721/22/222 711/22/222
f 721/22/222 710/21/222 714/21/222
f 714/21/222 710/21/222 722/23/222
f 714/21/222 722/23/222 715/23/222
f 715/23/222 722/23/222 723/24/222
f 715/23/222 723/24/222 717/24/222
f 711/22/221 721/22/221 710/21/221
f 714/21/221 710/21/221 721/22/221
f 722/23/221 710/21/221 714/21/221
f 715/23/221 722/23/221 714/21/221
f 723/24/221 722/23/221 715/23/221
f 717/24/221 723/24/221 715/23/221
f 716/24/306 723/24/310 720/24/310
f 723/24/310 716/24/306 717/24/306
f 720/24/309 723/24/309 716/24/304
f 717/24/304 716/24/304 723/24/309
f 721/22/309 712/21/307 718/22/309
f 712/21/307 721/22/309 714/21/307
f 718/22/310 712/21/308 721/22/310
f 714/21/308 721/22/310 712/21/308
f 720/24/310 722/23/308 719/23/308
f 722/23/308 720/24/310 723/24/310
f 719/23/307 722/23/307 720/24/309
f 723/24/309 720/24/309 722/23/307
f 722/23/308 708/21/303 719/23/308
f 708/21/303 722/23/308 710/21/303
f 719/23/307 708/21/305 722/23/307
f 710/21/305 722/23/307 708/21/305
f 725/6/65 489/6/65 724/6/65
f 489/6/65 725/6/65 726/6/65
f 489/6/65 726/6/65 491/6/65
f 724/6/66 489/6/66 725/6/66
f 726/6/66 725/6/66 489/6/66
f 491/6/66 726/6/66 489/6/66
f 487/7/213 491/6/213 492/7/213
f 491/6/213 487/7/213 489/6/213
f 492/7/214 491/6/214 487/7/214
f 489/6/214 487/7/214 491/6/214
f 491/6/210 727/7/211 492/7/210
f 727/7/211 491/6/210 726/6/211
f 492/7/209 727/7/212 491/6/209
f 726/6/212 491/6/209 727/7/212
f 724/6/212 487/7/212 728/7/212
f 487/7/212 724/6/212 489/6/212
f 728/7/211 487/7/211 724/6/211
f 489/6/211 724/6/211 487/7/211
f 724/6/214 729/7/214 725/6/214
f 729/7/214 724/6/214 728/7/214
f 725/6/213 729/7/213 724/6/213
f 728/7/213 724/6/213 729/7/213
f 726/6/211 729/7/206 727/7/211
f 729/7/206 726/6/211 725/6/206
f 727/7/212 729/7/204 726/6/212
f 725/6/204 726/6/212 729/7/204
f 732/8/212 731/7/212 730/7/212
f 731/7/212 732/8/212 286/8/212
f 730/7/211 731/7/211 732/8/211
f 286/8/211 732/8/211 731/7/211
f 733/8/65 286/8/65 732/8/65
f 286/8/65 733/8/65 734/8/65
f 286/8/65 734/8/65 511/8/65
f 732/8/66 286/8/66 733/8/66
f 734/8/66 733/8/66 286/8/66
f 511/8/66 734/8/66 286/8/66
f 734/8/211 736/7/236 735/7/211
f 736/7/236 734/8/211 733/8/236
f 735/7/212 736/7/235 734/8/212
f 733/8/235 734/8/212 736/7/235
f 732/8/214 736/7/214 733/8/214
f 736/7/214 732/8/214 730/7/214
f 733/8/213 736/7/213 732/8/213
f 730/7/213 732/8/213 736/7/213
f 731/7/213 511/8/213 737/7/213
f 511/8/213 731/7/213 286/8/213
f 737/7/214 511/8/214 731/7/214
f 286/8/214 731/7/214 511/8/214
f 731/7/66 736/7/66 730/7/66
f 736/7/66 731/7/66 735/7/66
f 735/7/66 731/7/66 737/7/66
f 730/7/65 736/7/65 731/7/65
f 735/7/65 731/7/65 736/7/65
f 737/7/65 731/7/65 735/7/65
f 511/8/238 735/7/211 737/7/238
f 735/7/211 511/8/238 734/8/211
f 737/7/237 735/7/212 511/8/237
f 734/8/212 511/8/237 735/7/212
f 740/9/239 739/9/240 738/9/240
f 739/9/240 740/9/239 741/9/239
f 738/9/241 739/9/241 740/9/242
f 741/9/242 740/9/242 739/9/241
f 744/10/246 743/11/242 742/10/246
f 743/11/242 744/10/246 745/11/242
f 742/10/245 743/11/239 744/10/245
f 745/11/239 744/10/245 743/11/239
f 742/10/246 746/12/244 744/10/246
f 746/12/244 742/10/246 747/12/244
f 744/10/245 746/12/243 742/10/245
f 747/12/243 742/10/245 746/12/243
f 748/12/245 741/9/239 740/9/239
f 741/9/239 748/12/245 749/12/245
f 740/9/242 741/9/242 748/12/246
f 749/12/246 748/12/246 741/9/242
f 745/11/242 750/11/241 743/11/242
f 750/11/241 745/11/242 751/11/241
f 743/11/239 750/11/240 745/11/239
f 751/11/240 745/11/239 750/11/240
f 749/12/210 739/9/210 741/9/210
f 739/9/210 749/12/210 746/12/210
f 746/12/210 749/12/210 752/10/210
f 746/12/210 752/10/210 744/10/210
f 744/10/210 752/10/210 751/11/210
f 744/10/210 751/11/210 745/11/210
f 741/9/209 739/9/209 749/12/209
f 746/12/209 749/12/209 739/9/209
f 752/10/209 749/12/209 746/12/209
f 744/10/209 752/10/209 746/12/209
f 751/11/209 752/10/209 744/10/209
f 745/11/209 751/11/209 744/10/209
f 747/12/209 740/9/209 738/9/209
f 740/9/209 747/12/209 748/12/209
f 748/12/209 747/12/209 742/10/209
f 748/12/209 742/10/209 753/10/209
f 753/10/209 742/10/209 743/11/209
f 753/10/209 743/11/209 750/11/209
f 738/9/210 740/9/210 747/12/210
f 748/12/210 747/12/210 740/9/210
f 742/10/210 747/12/210 748/12/210
f 753/10/210 742/10/210 748/12/210
f 743/11/210 742/10/210 753/10/210
f 750/11/210 743/11/210 753/10/210
f 748/12/245 752/10/243 749/12/245
f 752/10/243 748/12/245 753/10/243
f 749/12/246 752/10/244 748/12/246
f 753/10/244 748/12/246 752/10/244
f 751/11/241 753/10/243 750/11/241
f 753/10/243 751/11/241 752/10/243
f 750/11/240 753/10/244 751/11/240
f 752/10/244 751/11/240 753/10/244
f 738/9/240 746/12/244 747/12/244
f 746/12/244 738/9/240 739/9/240
f 747/12/243 746/12/243 738/9/241
f 739/9/241 738/9/241 746/12/243
f 756/26/212 755/25/311 754/25/212
f 755/25/311 756/26/212 757/26/311
f 754/25/211 755/25/312 756/26/211
f 757/26/312 756/26/211 755/25/312
f 760/26/313 759/25/211 758/25/313
f 759/25/211 760/26/313 761/26/211
f 758/25/314 759/25/212 760/26/314
f 761/26/212 760/26/314 759/25/212
f 763/26/314 754/25/212 762/25/314
f 754/25/212 763/26/314 756/26/212
f 762/25/313 754/25/211 763/26/313
f 756/26/211 763/26/313 754/25/211
f 763/26/315 765/25/214 764/26/214
f 765/25/214 763/26/315 762/25/315
f 764/26/213 765/25/213 763/26/316
f 762/25/316 763/26/316 765/25/213
f 766/26/65 763/26/65 764/26/65
f 763/26/65 766/26/65 761/26/65
f 763/26/65 761/26/65 756/26/65
f 756/26/65 761/26/65 760/26/65
f 756/26/65 760/26/65 757/26/65
f 757/26/65 760/26/65 767/26/65
f 764/26/66 763/26/66 766/26/66
f 761/26/66 766/26/66 763/26/66
f 756/26/66 761/26/66 763/26/66
f 760/26/66 761/26/66 756/26/66
f 757/26/66 760/26/66 756/26/66
f 767/26/66 760/26/66 757/26/66
f 768/25/213 760/26/316 758/25/316
f 760/26/316 768/25/213 767/26/213
f 758/25/315 760/26/315 768/25/214
f 767/26/214 768/25/214 760/26/315
f 755/25/317 767/26/213 768/25/213
f 767/26/213 755/25/317 757/26/317
f 768/25/214 767/26/214 755/25/318
f 757/26/318 755/25/318 767/26/214
f 764/26/214 769/25/318 766/26/318
f 769/25/318 764/26/214 765/25/214
f 766/26/317 769/25/317 764/26/213
f 765/25/213 764/26/213 769/25/317
f 761/26/211 769/25/312 759/25/211
f 769/25/312 761/26/211 766/26/312
f 759/25/212 769/25/311 761/26/212
f 766/26/311 761/26/212 769/25/311
f 772/26/214 771/25/318 770/26/318
f 771/25/318 772/26/214 773/25/214
f 770/26/317 771/25/317 772/26/213
f 773/25/213 772/26/213 771/25/317
f 776/26/212 775/25/311 774/25/212
f 775/25/311 776/26/212 777/26/311
f 774/25/211 775/25/312 776/26/211
f 777/26/312 776/26/211 775/25/312
f 779/26/314 774/25/212 778/25/314
f 774/25/212 779/26/314 776/26/212
f 778/25/313 774/25/211 779/26/313
f 776/26/211 779/26/313 774/25/211
f 781/26/211 771/25/312 780/25/211
f 771/25/312 781/26/211 770/26/312
f 780/25/212 771/25/311 781/26/212
f 770/26/311 781/26/212 771/25/311
f 783/26/313 780/25/211 782/25/313
f 780/25/211 783/26/313 781/26/211
f 782/25/314 780/25/212 783/26/314
f 781/26/212 783/26/314 780/25/212
f 784/25/213 783/26/316 782/25/316
f 783/26/316 784/25/213 785/26/213
f 782/25/315 783/26/315 784/25/214
f 785/26/214 784/25/214 783/26/315
f 775/25/317 785/26/213 784/25/213
f 785/26/213 775/25/317 777/26/317
f 784/25/214 785/26/214 775/25/318
f 777/26/318 775/25/318 785/26/214
f 770/26/65 779/26/65 772/26/65
f 779/26/65 770/26/65 776/26/65
f 776/26/65 770/26/65 781/26/65
f 776/26/65 781/26/65 777/26/65
f 777/26/65 781/26/65 783/26/65
f 777/26/65 783/26/65 785/26/65
f 772/26/66 779/26/66 770/26/66
f 776/26/66 770/26/66 779/26/66
f 781/26/66 770/26/66 776/26/66
f 777/26/66 781/26/66 776/26/66
f 783/26/66 781/26/66 777/26/66
f 785/26/66 783/26/66 777/26/66
f 778/25/66 771/25/66 773/25/66
f 771/25/66 778/25/66 774/25/66
f 771/25/66 774/25/66 780/25/66
f 780/25/66 774/25/66 775/25/66
f 780/25/66 775/25/66 782/25/66
f 782/25/66 775/25/66 784/25/66
f 773/25/65 771/25/65 778/25/65
f 774/25/65 778/25/65 771/25/65
f 780/25/65 774/25/65 771/25/65
f 775/25/65 774/25/65 780/25/65
f 782/25/65 775/25/65 780/25/65
f 784/25/65 775/25/65 782/25/65
f 779/26/315 773/25/214 772/26/214
f 773/25/214 779/26/315 778/25/315
f 772/26/213 773/25/213 779/26/316
f 778/25/316 779/26/316 773/25/213
f 788/28/319 787/27/320 786/27/319
f 787/27/320 788/28/319 789/28/320
f 786/27/321 787/27/322 788/28/321
f 789/28/322 788/28/321 787/27/322
f 791/28/323 786/27/319 790/27/323
f 786/27/319 791/28/323 788/28/319
f 790/27/324 786/27/321 791/28/324
f 788/28/321 791/28/324 786/27/321
f 794/27/325 793/28/326 792/28/325
f 793/28/326 794/27/325 795/27/326
f 792/28/327 793/28/328 794/27/327
f 795/27/328 794/27/327 793/28/328
f 798/27/329 797/28/330 796/28/329
f 797/28/330 798/27/329 799/27/330
f 796/28/331 797/28/332 798/27/331
f 799/27/332 798/27/331 797/28/332
f 800/27/334 793/28/333 795/27/333
f 793/28/333 800/27/334 801/28/334
f 795/27/336 793/28/336 800/27/335
f 801/28/335 800/27/335 793/28/336
f 798/27/337 801/28/334 800/27/334
f 801/28/334 798/27/337 796/28/337
f 800/27/335 801/28/335 798/27/338
f 796/28/338 798/27/338 801/28/335
f 790/27/339 792/28/325 791/28/339
f 792/28/325 790/27/339 794/27/325
f 791/28/340 792/28/327 790/27/340
f 794/27/327 790/27/340 792/28/327
f 799/27/330 789/28/341 797/28/330
f 789/28/341 799/27/330 787/27/341
f 797/28/332 789/28/342 799/27/332
f 787/27/342 799/27/332 789/28/342
f 804/26/205 803/25/312 802/25/205
f 803/25/312 804/26/205 805/26/312
f 802/25/203 803/25/311 804/26/203
f 805/26/311 804/26/203 803/25/311
f 808/26/314 807/25/203 806/25/314
f 807/25/203 808/26/314 809/26/203
f 806/25/313 807/25/205 808/26/313
f 809/26/205 808/26/313 807/25/205
f 811/26/313 802/25/205 810/25/313
f 802/25/205 811/26/313 804/26/205
f 810/25/314 802/25/203 811/26/314
f 804/26/203 811/26/314 802/25/203
f 811/26/316 813/25/208 812/26/208
f 813/25/208 811/26/316 810/25/316
f 812/26/207 813/25/207 811/26/315
f 810/25/315 811/26/315 813/25/207
f 814/26/65 811/26/65 812/26/65
f 811/26/65 814/26/65 809/26/65
f 811/26/65 809/26/65 804/26/65
f 804/26/65 809/26/65 808/26/65
f 804/26/65 808/26/65 805/26/65
f 805/26/65 808/26/65 815/26/65
f 812/26/66 811/26/66 814/26/66
f 809/26/66 814/26/66 811/26/66
f 804/26/66 809/26/66 811/26/66
f 808/26/66 809/26/66 804/26/66
f 805/26/66 808/26/66 804/26/66
f 815/26/66 808/26/66 805/26/66
f 816/25/207 808/26/315 806/25/315
f 808/26/315 816/25/207 815/26/207
f 806/25/316 808/26/316 816/25/208
f 815/26/208 816/25/208 808/26/316
f 803/25/318 815/26/207 816/25/207
f 815/26/207 803/25/318 805/26/318
f 816/25/208 815/26/208 803/25/317
f 805/26/317 803/25/317 815/26/208
f 812/26/208 817/25/317 814/26/317
f 817/25/317 812/26/208 813/25/208
f 814/26/318 817/25/318 812/26/207
f 813/25/207 812/26/207 817/25/318
f 809/26/203 817/25/311 807/25/203
f 817/25/311 809/26/203 814/26/311
f 807/25/205 817/25/312 809/26/205
f 814/26/312 809/26/205 817/25/312
f 820/26/208 819/25/317 818/26/317
f 819/25/317 820/26/208 821/25/208
f 818/26/318 819/25/318 820/26/207
f 821/25/207 820/26/207 819/25/318
f 824/26/205 823/25/312 822/25/205
f 823/25/312 824/26/205 825/26/312
f 822/25/203 823/25/311 824/26/203
f 825/26/311 824/26/203 823/25/311
f 827/26/313 822/25/205 826/25/313
f 822/25/205 827/26/313 824/26/205
f 826/25/314 822/25/203 827/26/314
f 824/26/203 827/26/314 822/25/203
f 829/26/203 819/25/311 828/25/203
f 819/25/311 829/26/203 818/26/311
f 828/25/205 819/25/312 829/26/205
f 818/26/312 829/26/205 819/25/312
f 831/26/314 828/25/203 830/25/314
f 828/25/203 831/26/314 829/26/203
f 830/25/313 828/25/205 831/26/313
f 829/26/205 831/26/313 828/25/205
f 832/25/207 831/26/315 830/25/315
f 831/26/315 832/25/207 833/26/207
f 830/25/316 831/26/316 832/25/208
f 833/26/208 832/25/208 831/26/316
f 823/25/318 833/26/207 832/25/207
f 833/26/207 823/25/318 825/26/318
f 832/25/208 833/26/208 823/25/317
f 825/26/317 823/25/317 833/26/208
f 818/26/65 827/26/65 820/26/65
f 827/26/65 818/26/65 824/26/65
f 824/26/65 818/26/65 829/26/65
f 824/26/65 829/26/65 825/26/65
f 825/26/65 829/26/65 831/26/65
f 825/26/65 831/26/65 833/26/65
f 820/26/66 827/26/66 818/26/66
f 824/26/66 818/26/66 827/26/66
f 829/26/66 818/26/66 824/26/66
f 825/26/66 829/26/66 824/26/66
f 831/26/66 829/26/66 825/26/66
f 833/26/66 831/26/66 825/26/66
f 826/25/66 819/25/66 821/25/66
f 819/25/66 826/25/66 822/25/66
f 819/25/66 822/25/66 828/25/66
f 828/25/66 822/25/66 823/25/66
f 828/25/66 823/25/66 830/25/66
f 830/25/66 823/25/66 832/25/66
f 821/25/65 819/25/65 826/25/65
f 822/25/65 826/25/65 819/25/65
f 828/25/65 822/25/65 819/25/65
f 823/25/65 822/25/65 828/25/65
f 830/25/65 823/25/65 828/25/65
f 832/25/65 823/25/65 830/25/65
f 827/26/316 821/25/208 820/26/208
f 821/25/208 827/26/316 826/25/316
f 820/26/207 821/25/207 827/26/315
f 826/25/315 827/26/315 821/25/207
f 836/28/343 835/27/333 834/27/343
f 835/27/333 836/28/343 837/28/333
f 834/27/344 835/27/336 836/28/344
f 837/28/336 836/28/344 835/27/336
f 839/28/337 834/27/343 838/27/337
f 834/27/343 839/28/337 836/28/343
f 838/27/338 834/27/344 839/28/338
f 836/28/344 839/28/338 834/27/344
f 842/27/345 841/28/341 840/28/345
f 841/28/341 842/27/345 843/27/341
f 840/28/346 841/28/342 842/27/346
f 843/27/342 842/27/346 841/28/342
f 846/27/339 845/28/347 844/28/339
f 845/28/347 846/27/339 847/27/347
f 844/28/340 845/28/348 846/27/340
f 847/27/348 846/27/340 845/28/348
f 848/27/349 841/28/320 843/27/320
f 841/28/320 848/27/349 849/28/349
f 843/27/322 841/28/322 848/27/350
f 849/28/350 848/27/350 841/28/322
f 846/27/323 849/28/349 848/27/349
f 849/28/349 846/27/323 844/28/323
f 848/27/350 849/28/350 846/27/324
f 844/28/324 846/27/324 849/28/350
f 838/27/329 840/28/345 839/28/329
f 840/28/345 838/27/329 842/27/345
f 839/28/331 840/28/346 838/27/331
f 842/27/346 838/27/331 840/28/346
f 847/27/347 837/28/326 845/28/347
f 837/28/326 847/27/347 835/27/326
f 845/28/348 837/28/328 847/27/348
f 835/27/328 847/27/348 837/28/328
f 852/26/197 851/25/351 850/25/197
f 851/25/351 852/26/197 853/26/351
f 850/25/195 851/25/352 852/26/195
f 853/26/352 852/26/195 851/25/352
f 856/26/353 855/25/195 854/25/353
f 855/25/195 856/26/353 857/26/195
f 854/25/354 855/25/197 856/26/354
f 857/26/197 856/26/354 855/25/197
f 859/26/354 850/25/197 858/25/354
f 850/25/197 859/26/354 852/26/197
f 858/25/353 850/25/195 859/26/353
f 852/26/195 859/26/353 850/25/195
f 859/26/355 861/25/200 860/26/200
f 861/25/200 859/26/355 858/25/355
f 860/26/199 861/25/199 859/26/356
f 858/25/356 859/26/356 861/25/199
f 862/26/65 859/26/65 860/26/65
f 859/26/65 862/26/65 857/26/65
f 859/26/65 857/26/65 852/26/65
f 852/26/65 857/26/65 856/26/65
f 852/26/65 856/26/65 853/26/65
f 853/26/65 856/26/65 863/26/65
f 860/26/66 859/26/66 862/26/66
f 857/26/66 862/26/66 859/26/66
f 852/26/66 857/26/66 859/26/66
f 856/26/66 857/26/66 852/26/66
f 853/26/66 856/26/66 852/26/66
f 863/26/66 856/26/66 853/26/66
f 864/25/199 856/26/356 854/25/356
f 856/26/356 864/25/199 863/26/199
f 854/25/355 856/26/355 864/25/200
f 863/26/200 864/25/200 856/26/355
f 851/25/357 863/26/199 864/25/199
f 863/26/199 851/25/357 853/26/357
f 864/25/200 863/26/200 851/25/358
f 853/26/358 851/25/358 863/26/200
f 860/26/200 865/25/358 862/26/358
f 865/25/358 860/26/200 861/25/200
f 862/26/357 865/25/357 860/26/199
f 861/25/199 860/26/199 865/25/357
f 857/26/195 865/25/352 855/25/195
f 865/25/352 857/26/195 862/26/352
f 855/25/197 865/25/351 857/26/197
f 862/26/351 857/26/197 865/25/351
f 868/26/200 867/25/358 866/26/358
f 867/25/358 868/26/200 869/25/200
f 866/26/357 867/25/357 868/26/199
f 869/25/199 868/26/199 867/25/357
f 872/26/197 871/25/351 870/25/197
f 871/25/351 872/26/197 873/26/351
f 870/25/195 871/25/352 872/26/195
f 873/26/352 872/26/195 871/25/352
f 875/26/354 870/25/197 874/25/354
f 870/25/197 875/26/354 872/26/197
f 874/25/353 870/25/195 875/26/353
f 872/26/195 875/26/353 870/25/195
f 877/26/195 867/25/352 876/25/195
f 867/25/352 877/26/195 866/26/352
f 876/25/197 867/25/351 877/26/197
f 866/26/351 877/26/197 867/25/351
f 879/26/353 876/25/195 878/25/353
f 876/25/195 879/26/353 877/26/195
f 878/25/354 876/25/197 879/26/354
f 877/26/197 879/26/354 876/25/197
f 880/25/199 879/26/356 878/25/356
f 879/26/356 880/25/199 881/26/199
f 878/25/355 879/26/355 880/25/200
f 881/26/200 880/25/200 879/26/355
f 871/25/357 881/26/199 880/25/199
f 881/26/199 871/25/357 873/26/357
f 880/25/200 881/26/200 871/25/358
f 873/26/358 871/25/358 881/26/200
f 866/26/65 875/26/65 868/26/65
f 875/26/65 866/26/65 872/26/65
f 872/26/65 866/26/65 877/26/65
f 872/26/65 877/26/65 873/26/65
f 873/26/65 877/26/65 879/26/65
f 873/26/65 879/26/65 881/26/65
f 868/26/66 875/26/66 866/26/66
f 872/26/66 866/26/66 875/26/66
f 877/26/66 866/26/66 872/26/66
f 873/26/66 877/26/66 872/26/66
f 879/26/66 877/26/66 873/26/66
f 881/26/66 879/26/66 873/26/66
f 874/25/66 867/25/66 869/25/66
f 867/25/66 874/25/66 870/25/66
f 867/25/66 870/25/66 876/25/66
f 876/25/66 870/25/66 871/25/66
f 876/25/66 871/25/66 878/25/66
f 878/25/66 871/25/66 880/25/66
f 869/25/65 867/25/65 874/25/65
f 870/25/65 874/25/65 867/25/65
f 876/25/65 870/25/65 867/25/65
f 871/25/65 870/25/65 876/25/65
f 878/25/65 871/25/65 876/25/65
f 880/25/65 871/25/65 878/25/65
f 875/26/355 869/25/200 868/26/200
f 869/25/200 875/26/355 874/25/355
f 868/26/199 869/25/199 875/26/356
f 874/25/356 875/26/356 869/25/199
f 884/28/359 883/27/360 882/27/359
f 883/27/360 884/28/359 885/28/360
f 882/27/361 883/27/362 884/28/361
f 885/28/362 884/28/361 883/27/362
f 887/28/363 882/27/359 886/27/363
f 882/27/359 887/28/363 884/28/359
f 886/27/364 882/27/361 887/28/364
f 884/28/361 887/28/364 882/27/361
f 890/27/365 889/28/366 888/28/365
f 889/28/366 890/27/365 891/27/366
f 888/28/367 889/28/368 890/27/367
f 891/27/368 890/27/367 889/28/368
f 894/27/369 893/28/370 892/28/369
f 893/28/370 894/27/369 895/27/370
f 892/28/371 893/28/372 894/27/371
f 895/27/372 894/27/371 893/28/372
f 896/27/374 889/28/373 891/27/373
f 889/28/373 896/27/374 897/28/374
f 891/27/376 889/28/376 896/27/375
f 897/28/375 896/27/375 889/28/376
f 894/27/377 897/28/374 896/27/374
f 897/28/374 894/27/377 892/28/377
f 896/27/375 897/28/375 894/27/378
f 892/28/378 894/27/378 897/28/375
f 886/27/379 888/28/365 887/28/379
f 888/28/365 886/27/379 890/27/365
f 887/28/380 888/28/367 886/27/380
f 890/27/367 886/27/380 888/28/367
f 895/27/370 885/28/381 893/28/370
f 885/28/381 895/27/370 883/27/381
f 893/28/372 885/28/382 895/27/372
f 883/27/382 895/27/372 885/28/382

