# Created by Kenney (www.kenney.nl)

mtllib corridor-transition.mtl

g corridor-transition

v -1.399002 0.9 2 1 1 1
v -2 0.9 2 1 1 1
v -1.479521 0.9 1.699501 1 1 1
v -2 0.9 1.399002 1 1 1
v -1.699501 0.9 1.479521 1 1 1
v -1.399002 0.2 2 1 1 1
v -2 0.2 2 1 1 1
v -2 0.2 1.399002 1 1 1
v -1.699501 0.2 1.479521 1 1 1
v -1.479521 0.2 1.699501 1 1 1
v -2 0.2 3.399002 1 1 1
v -8.085408E-14 0.2 3.199002 1 1 1
v -2 0.9 3.399002 1 1 1
v -8.085408E-14 0.9 3.199002 1 1 1
v 2 0.9 4 1 1 1
v -2 0.9 4 1 1 1
v 2 0.9 3.399002 1 1 1
v 2 0.2 4 1 1 1
v -2 0.2 4 1 1 1
v 2 0.2 3.399002 1 1 1
v -6 0.2 1.399002 1 1 1
v -4 0.2 1.199002 1 1 1
v -6 0.9 1.399002 1 1 1
v -4 0.9 1.199002 1 1 1
v -2 0.9 1.999999 1 1 1
v -6 0.9 1.999999 1 1 1
v -2 0.9 1.399002 1 1 1
v -2 0.2 1.999999 1 1 1
v -6 0.2 1.999999 1 1 1
v -2 0.2 1.399002 1 1 1
v 2 0.2 -3.399002 1 1 1
v 4.412657E-14 0.2 -3.199002 1 1 1
v 2 0.9 -3.399002 1 1 1
v 4.412657E-14 0.9 -3.199002 1 1 1
v -2 0.9 -4 1 1 1
v 2 0.9 -4 1 1 1
v -2 0.9 -3.399002 1 1 1
v -2 0.2 -4 1 1 1
v 2 0.2 -4 1 1 1
v -2 0.2 -3.399002 1 1 1
v -2 0.2 -1.399002 1 1 1
v -4 0.2 -1.199002 1 1 1
v -2 0.9 -1.399002 1 1 1
v -4 0.9 -1.199002 1 1 1
v -6 0.9 -1.999999 1 1 1
v -2 0.9 -1.999999 1 1 1
v -6 0.9 -1.399002 1 1 1
v -6 0.2 -1.999999 1 1 1
v -2 0.2 -1.999999 1 1 1
v -6 0.2 -1.399002 1 1 1
v -2 0.9 -1.399002 1 1 1
v -2 0.9 -2 1 1 1
v -1.699501 0.9 -1.479521 1 1 1
v -1.399002 0.9 -2 1 1 1
v -1.479521 0.9 -1.699501 1 1 1
v -2 0.2 -1.399002 1 1 1
v -2 0.2 -2 1 1 1
v -1.399002 0.2 -2 1 1 1
v -1.479521 0.2 -1.699501 1 1 1
v -1.699501 0.2 -1.479521 1 1 1
v -1.199004 0.2 -3 1 1 1
v -1.399004 0.2 -2 1 1 1
v -1.199004 0.9 -3 1 1 1
v -1.399004 0.9 -2 1 1 1
v -2.000001 0.9 -2 1 1 1
v -2.000001 0.9 -4 1 1 1
v -1.399004 0.9 -4 1 1 1
v -1.399004 0.2 -4 1 1 1
v -2.000001 0.2 -4 1 1 1
v -2.000001 0.2 -2 1 1 1
v -1.199004 0.2 3 1 1 1
v -1.399004 0.2 4 1 1 1
v -1.199004 0.9 3 1 1 1
v -1.399004 0.9 4 1 1 1
v -2.000001 0.9 4 1 1 1
v -2.000001 0.9 2 1 1 1
v -1.399004 0.9 2 1 1 1
v -1.399004 0.2 2 1 1 1
v -2.000001 0.2 2 1 1 1
v -2.000001 0.2 4 1 1 1
v -1.599999 4.05 1.999999 1 1 1
v -1.599999 0.9 1.999999 1 1 1
v -1.999999 4.05 1.999999 1 1 1
v -1.999999 0.9 1.999999 1 1 1
v -1.999999 0.9 1.599999 1 1 1
v -1.999999 4.05 1.599999 1 1 1
v -1.653589 0.9 1.799999 1 1 1
v -1.653589 4.05 1.799999 1 1 1
v -1.799999 0.9 1.653589 1 1 1
v -1.799999 4.05 1.653589 1 1 1
v -1.999998 -1.707772E-14 2 1 1 1
v -1.999998 -1.707772E-14 0.9980048 1 1 1
v -1.999998 0.2 2 1 1 1
v -1.999998 0.2 0.9980048 1 1 1
v -0.998003 0.2 2 1 1 1
v -0.998003 -1.707772E-14 2 1 1 1
v -1.132245 0.2 1.499002 1 1 1
v -1.499001 0.2 1.132247 1 1 1
v -1.132245 -1.635581E-14 1.499002 1 1 1
v -1.499001 -1.635581E-14 1.132247 1 1 1
v 2 0.2 2.998004 1 1 1
v 2 0 2.998004 1 1 1
v 2 0 4 1 1 1
v -2 0 2.998004 1 1 1
v -8.954693E-09 0 2.798005 1 1 1
v -2 0.2 2.998004 1 1 1
v -8.954693E-09 0.2 2.798005 1 1 1
v -2 0 4 1 1 1
v -2 0.9 3.6 1 1 1
v -5.197762E-14 0.9 3.4 1 1 1
v -2 4.05 3.6 1 1 1
v -5.197762E-14 4.05 3.4 1 1 1
v 2 0.9 3.6 1 1 1
v 2 4.05 3.6 1 1 1
v 2 4.05 4 1 1 1
v 2 0.9 4 1 1 1
v -2 4.05 4 1 1 1
v -2 0.9 4 1 1 1
v 0.927856 1.285278 3.442537 1 1 1
v 0.5443586 1.285278 3.404188 1 1 1
v 0.9228808 1.285278 3.492289 1 1 1
v 0.5393834 1.285278 3.453939 1 1 1
v 0.927856 1.585278 3.442537 1 1 1
v 0.9228808 1.585278 3.492289 1 1 1
v 0.5443586 1.585278 3.404188 1 1 1
v 0.5393834 1.585278 3.453939 1 1 1
v 0.9776078 1.535278 3.447513 1 1 1
v 0.9776078 1.335278 3.447513 1 1 1
v 0.9726327 1.535278 3.497264 1 1 1
v 0.9726327 1.335278 3.497264 1 1 1
v 0.4946067 1.335278 3.399212 1 1 1
v 0.4946067 1.535278 3.399212 1 1 1
v 0.4896315 1.335278 3.448964 1 1 1
v 0.4896315 1.535278 3.448964 1 1 1
v -1.132622 3.191752 3.513262 1 1 1
v -1.51612 3.191752 3.551611 1 1 1
v -1.137597 3.191752 3.46351 1 1 1
v -1.521095 3.191752 3.50186 1 1 1
v -1.132622 2.891752 3.513262 1 1 1
v -1.137597 2.891752 3.46351 1 1 1
v -1.51612 2.891752 3.551611 1 1 1
v -1.521095 2.891752 3.50186 1 1 1
v -1.08287 3.141752 3.508286 1 1 1
v -1.087846 3.141752 3.458535 1 1 1
v -1.565871 3.141752 3.556587 1 1 1
v -1.570847 3.141752 3.506835 1 1 1
v -1.087846 2.941752 3.458535 1 1 1
v -1.08287 2.941752 3.508286 1 1 1
v -1.565871 2.941752 3.556587 1 1 1
v -1.570847 2.941752 3.506835 1 1 1
v 1.637035 1.633671 3.513454 1 1 1
v 1.253537 1.633671 3.475105 1 1 1
v 1.63206 1.633671 3.563206 1 1 1
v 1.248562 1.633671 3.524857 1 1 1
v 1.637035 1.933671 3.513454 1 1 1
v 1.63206 1.933671 3.563206 1 1 1
v 1.253537 1.933671 3.475105 1 1 1
v 1.248562 1.933671 3.524857 1 1 1
v 1.686787 1.883671 3.51843 1 1 1
v 1.681812 1.883671 3.568182 1 1 1
v 1.686787 1.683671 3.51843 1 1 1
v 1.681812 1.683671 3.568182 1 1 1
v 1.203786 1.683671 3.470129 1 1 1
v 1.203786 1.883671 3.470129 1 1 1
v 1.19881 1.683671 3.519881 1 1 1
v 1.19881 1.883671 3.519881 1 1 1
v -2 0.2 0.9980046 1 1 1
v -2 0 0.9980046 1 1 1
v -2 0.2 2 1 1 1
v -2 0 2 1 1 1
v -6 0 0.9980046 1 1 1
v -4 0 0.7980046 1 1 1
v -6 0.2 0.9980046 1 1 1
v -4 0.2 0.7980046 1 1 1
v -6 0 2 1 1 1
v -6 0.2 2 1 1 1
v -6 0.9 1.6 1 1 1
v -4 0.9 1.4 1 1 1
v -6 4.05 1.6 1 1 1
v -4 4.05 1.4 1 1 1
v -2 0.9 1.6 1 1 1
v -2 4.05 1.6 1 1 1
v -2 4.05 2 1 1 1
v -2 0.9 2 1 1 1
v -6 4.05 2 1 1 1
v -6 0.9 2 1 1 1
v -3.072144 1.285278 1.442537 1 1 1
v -3.455642 1.285278 1.404188 1 1 1
v -3.077119 1.285278 1.492289 1 1 1
v -3.460617 1.285278 1.453939 1 1 1
v -3.072144 1.585278 1.442537 1 1 1
v -3.077119 1.585278 1.492289 1 1 1
v -3.455642 1.585278 1.404188 1 1 1
v -3.460617 1.585278 1.453939 1 1 1
v -3.022392 1.535278 1.447513 1 1 1
v -3.022392 1.335278 1.447513 1 1 1
v -3.027367 1.535278 1.497264 1 1 1
v -3.027367 1.335278 1.497264 1 1 1
v -3.505393 1.335278 1.399212 1 1 1
v -3.505393 1.535278 1.399212 1 1 1
v -3.510369 1.335278 1.448964 1 1 1
v -3.510369 1.535278 1.448964 1 1 1
v -5.132622 3.191752 1.513262 1 1 1
v -5.51612 3.191752 1.551612 1 1 1
v -5.137597 3.191752 1.46351 1 1 1
v -5.521095 3.191752 1.50186 1 1 1
v -5.132622 2.891752 1.513262 1 1 1
v -5.137597 2.891752 1.46351 1 1 1
v -5.51612 2.891752 1.551612 1 1 1
v -5.521095 2.891752 1.50186 1 1 1
v -5.08287 3.141752 1.508287 1 1 1
v -5.087846 3.141752 1.458535 1 1 1
v -5.565871 3.141752 1.556587 1 1 1
v -5.570847 3.141752 1.506835 1 1 1
v -5.087846 2.941752 1.458535 1 1 1
v -5.08287 2.941752 1.508287 1 1 1
v -5.565871 2.941752 1.556587 1 1 1
v -5.570847 2.941752 1.506835 1 1 1
v -2.362965 1.633671 1.513454 1 1 1
v -2.746463 1.633671 1.475105 1 1 1
v -2.36794 1.633671 1.563206 1 1 1
v -2.751438 1.633671 1.524857 1 1 1
v -2.362965 1.933671 1.513454 1 1 1
v -2.36794 1.933671 1.563206 1 1 1
v -2.746463 1.933671 1.475105 1 1 1
v -2.751438 1.933671 1.524857 1 1 1
v -2.313213 1.883671 1.51843 1 1 1
v -2.318188 1.883671 1.568182 1 1 1
v -2.313213 1.683671 1.51843 1 1 1
v -2.318188 1.683671 1.568182 1 1 1
v -2.796214 1.683671 1.470129 1 1 1
v -2.796214 1.883671 1.470129 1 1 1
v -2.801189 1.683671 1.519881 1 1 1
v -2.801189 1.883671 1.519881 1 1 1
v -2 0.2 -2.998004 1 1 1
v -2 0 -2.998004 1 1 1
v -2 0 -4 1 1 1
v 2 0 -2.998004 1 1 1
v 8.954638E-09 0 -2.798005 1 1 1
v 2 0.2 -2.998004 1 1 1
v 8.954638E-09 0.2 -2.798005 1 1 1
v 2 0 -4 1 1 1
v 2 0.9 -3.6 1 1 1
v 2.450245E-14 0.9 -3.4 1 1 1
v 2 4.05 -3.6 1 1 1
v 2.450245E-14 4.05 -3.4 1 1 1
v -2 0.9 -3.6 1 1 1
v -2 4.05 -3.6 1 1 1
v -2 4.05 -4 1 1 1
v -2 0.9 -4 1 1 1
v 2 4.05 -4 1 1 1
v 2 0.9 -4 1 1 1
v -0.927856 1.285278 -3.442537 1 1 1
v -0.5443586 1.285278 -3.404188 1 1 1
v -0.9228808 1.285278 -3.492289 1 1 1
v -0.5393834 1.285278 -3.453939 1 1 1
v -0.927856 1.585278 -3.442537 1 1 1
v -0.9228808 1.585278 -3.492289 1 1 1
v -0.5443586 1.585278 -3.404188 1 1 1
v -0.5393834 1.585278 -3.453939 1 1 1
v -0.9776078 1.535278 -3.447513 1 1 1
v -0.9776078 1.335278 -3.447513 1 1 1
v -0.9726327 1.535278 -3.497264 1 1 1
v -0.9726327 1.335278 -3.497264 1 1 1
v -0.4946067 1.335278 -3.399212 1 1 1
v -0.4946067 1.535278 -3.399212 1 1 1
v -0.4896315 1.335278 -3.448964 1 1 1
v -0.4896315 1.535278 -3.448964 1 1 1
v 1.132622 3.191752 -3.513262 1 1 1
v 1.51612 3.191752 -3.551611 1 1 1
v 1.137597 3.191752 -3.46351 1 1 1
v 1.521095 3.191752 -3.50186 1 1 1
v 1.132622 2.891752 -3.513262 1 1 1
v 1.137597 2.891752 -3.46351 1 1 1
v 1.51612 2.891752 -3.551611 1 1 1
v 1.521095 2.891752 -3.50186 1 1 1
v 1.08287 3.141752 -3.508286 1 1 1
v 1.087846 3.141752 -3.458535 1 1 1
v 1.565871 3.141752 -3.556587 1 1 1
v 1.570847 3.141752 -3.506835 1 1 1
v 1.087846 2.941752 -3.458535 1 1 1
v 1.08287 2.941752 -3.508286 1 1 1
v 1.565871 2.941752 -3.556587 1 1 1
v 1.570847 2.941752 -3.506835 1 1 1
v -1.637035 1.633671 -3.513454 1 1 1
v -1.253537 1.633671 -3.475105 1 1 1
v -1.63206 1.633671 -3.563206 1 1 1
v -1.248562 1.633671 -3.524857 1 1 1
v -1.637035 1.933671 -3.513454 1 1 1
v -1.63206 1.933671 -3.563206 1 1 1
v -1.253537 1.933671 -3.475105 1 1 1
v -1.248562 1.933671 -3.524857 1 1 1
v -1.686787 1.883671 -3.51843 1 1 1
v -1.681812 1.883671 -3.568182 1 1 1
v -1.686787 1.683671 -3.51843 1 1 1
v -1.681812 1.683671 -3.568182 1 1 1
v -1.203786 1.683671 -3.470129 1 1 1
v -1.203786 1.883671 -3.470129 1 1 1
v -1.19881 1.683671 -3.519881 1 1 1
v -1.19881 1.883671 -3.519881 1 1 1
v -6 0.2 -0.9980046 1 1 1
v -6 0 -0.9980046 1 1 1
v -6 0.2 -2 1 1 1
v -6 0 -2 1 1 1
v -2 0 -0.9980046 1 1 1
v -4 0 -0.7980046 1 1 1
v -2 0.2 -0.9980046 1 1 1
v -4 0.2 -0.7980046 1 1 1
v -2 0 -2 1 1 1
v -2 0.2 -2 1 1 1
v -2 0.9 -1.6 1 1 1
v -4 0.9 -1.4 1 1 1
v -2 4.05 -1.6 1 1 1
v -4 4.05 -1.4 1 1 1
v -6 0.9 -1.6 1 1 1
v -6 4.05 -1.6 1 1 1
v -6 4.05 -2 1 1 1
v -6 0.9 -2 1 1 1
v -2 4.05 -2 1 1 1
v -2 0.9 -2 1 1 1
v -4.927856 1.285278 -1.442537 1 1 1
v -4.544359 1.285278 -1.404188 1 1 1
v -4.922881 1.285278 -1.492289 1 1 1
v -4.539383 1.285278 -1.453939 1 1 1
v -4.927856 1.585278 -1.442537 1 1 1
v -4.922881 1.585278 -1.492289 1 1 1
v -4.544359 1.585278 -1.404188 1 1 1
v -4.539383 1.585278 -1.453939 1 1 1
v -4.977608 1.535278 -1.447513 1 1 1
v -4.977608 1.335278 -1.447513 1 1 1
v -4.972633 1.535278 -1.497264 1 1 1
v -4.972633 1.335278 -1.497264 1 1 1
v -4.494606 1.335278 -1.399212 1 1 1
v -4.494606 1.535278 -1.399212 1 1 1
v -4.489632 1.335278 -1.448964 1 1 1
v -4.489632 1.535278 -1.448964 1 1 1
v -2.867378 3.191752 -1.513262 1 1 1
v -2.48388 3.191752 -1.551612 1 1 1
v -2.862403 3.191752 -1.46351 1 1 1
v -2.478905 3.191752 -1.50186 1 1 1
v -2.867378 2.891752 -1.513262 1 1 1
v -2.862403 2.891752 -1.46351 1 1 1
v -2.48388 2.891752 -1.551612 1 1 1
v -2.478905 2.891752 -1.50186 1 1 1
v -2.91713 3.141752 -1.508287 1 1 1
v -2.912154 3.141752 -1.458535 1 1 1
v -2.434129 3.141752 -1.556587 1 1 1
v -2.429153 3.141752 -1.506835 1 1 1
v -2.912154 2.941752 -1.458535 1 1 1
v -2.91713 2.941752 -1.508287 1 1 1
v -2.434129 2.941752 -1.556587 1 1 1
v -2.429153 2.941752 -1.506835 1 1 1
v -5.637035 1.633671 -1.513454 1 1 1
v -5.253537 1.633671 -1.475105 1 1 1
v -5.63206 1.633671 -1.563206 1 1 1
v -5.248562 1.633671 -1.524857 1 1 1
v -5.637035 1.933671 -1.513454 1 1 1
v -5.63206 1.933671 -1.563206 1 1 1
v -5.253537 1.933671 -1.475105 1 1 1
v -5.248562 1.933671 -1.524857 1 1 1
v -5.686787 1.883671 -1.51843 1 1 1
v -5.681811 1.883671 -1.568182 1 1 1
v -5.686787 1.683671 -1.51843 1 1 1
v -5.681811 1.683671 -1.568182 1 1 1
v -5.203786 1.683671 -1.470129 1 1 1
v -5.203786 1.883671 -1.470129 1 1 1
v -5.198811 1.683671 -1.519881 1 1 1
v -5.198811 1.883671 -1.519881 1 1 1
v -1.999999 4.05 -1.599999 1 1 1
v -1.999999 0.9 -1.599999 1 1 1
v -1.999999 4.05 -1.999999 1 1 1
v -1.999999 0.9 -1.999999 1 1 1
v -1.599999 0.9 -1.999999 1 1 1
v -1.599999 4.05 -1.999999 1 1 1
v -1.799999 0.9 -1.653589 1 1 1
v -1.799999 4.05 -1.653589 1 1 1
v -1.653589 0.9 -1.799999 1 1 1
v -1.653589 4.05 -1.799999 1 1 1
v -2.000002 -1.707772E-14 -2 1 1 1
v -0.9980068 -1.707772E-14 -2 1 1 1
v -2.000002 0.2 -2 1 1 1
v -0.9980068 0.2 -2 1 1 1
v -2.000002 0.2 -0.9980049 1 1 1
v -2.000002 -1.707772E-14 -0.9980049 1 1 1
v -1.499004 0.2 -1.132247 1 1 1
v -1.132249 0.2 -1.499002 1 1 1
v -1.499004 -1.635581E-14 -1.132247 1 1 1
v -1.132249 -1.635581E-14 -1.499002 1 1 1
v -2.000001 4.05 -2 1 1 1
v -2.000001 4.05 -4 1 1 1
v -1.600001 4.05 -2 1 1 1
v -1.400001 4.05 -3 1 1 1
v -1.600001 4.05 -4 1 1 1
v -1.600001 0.9 -4 1 1 1
v -2.000001 0.9 -4 1 1 1
v -1.400001 0.9 -3 1 1 1
v -2.000001 0.9 -2 1 1 1
v -1.600001 0.9 -2 1 1 1
v -2 0 -2 1 1 1
v -2 0 -4 1 1 1
v -2 0.2 -2 1 1 1
v -2 0.2 -4 1 1 1
v -0.9980046 0.2 -2 1 1 1
v -0.7980045 0.2 -3 1 1 1
v -0.9980044 0.2 -4 1 1 1
v -0.7980045 0 -3 1 1 1
v -0.9980046 0 -2 1 1 1
v -0.9980044 0 -4 1 1 1
v -1.466371 1.332707 -3.331849 1 1 1
v -1.417341 1.332707 -3.341655 1 1 1
v -1.541956 1.332707 -3.709775 1 1 1
v -1.492927 1.332707 -3.719581 1 1 1
v -1.456565 1.582707 -3.28282 1 1 1
v -1.466371 1.632707 -3.331849 1 1 1
v -1.407536 1.582707 -3.292626 1 1 1
v -1.417341 1.632707 -3.341655 1 1 1
v -1.407536 1.382707 -3.292626 1 1 1
v -1.456565 1.382707 -3.28282 1 1 1
v -1.551762 1.382707 -3.758804 1 1 1
v -1.502732 1.382707 -3.76861 1 1 1
v -1.541956 1.632707 -3.709775 1 1 1
v -1.492927 1.632707 -3.719581 1 1 1
v -1.502732 1.582707 -3.76861 1 1 1
v -1.551762 1.582707 -3.758804 1 1 1
v -2.000001 4.05 4 1 1 1
v -2.000001 4.05 2 1 1 1
v -1.600001 4.05 4 1 1 1
v -1.400001 4.05 3 1 1 1
v -1.600001 4.05 2 1 1 1
v -1.600001 0.9 2 1 1 1
v -2.000001 0.9 2 1 1 1
v -1.400001 0.9 3 1 1 1
v -2.000001 0.9 4 1 1 1
v -1.600001 0.9 4 1 1 1
v -2 0 4 1 1 1
v -2 0 2 1 1 1
v -2 0.2 4 1 1 1
v -2 0.2 2 1 1 1
v -0.9980046 0.2 4 1 1 1
v -0.7980045 0.2 3 1 1 1
v -0.9980044 0.2 2 1 1 1
v -0.7980045 0 3 1 1 1
v -0.9980046 0 4 1 1 1
v -0.9980044 0 2 1 1 1
v -1.466371 1.332707 2.668151 1 1 1
v -1.417341 1.332707 2.658345 1 1 1
v -1.541956 1.332707 2.290225 1 1 1
v -1.492927 1.332707 2.280419 1 1 1
v -1.456565 1.582707 2.71718 1 1 1
v -1.466371 1.632707 2.668151 1 1 1
v -1.407536 1.582707 2.707374 1 1 1
v -1.417341 1.632707 2.658345 1 1 1
v -1.407536 1.382707 2.707374 1 1 1
v -1.456565 1.382707 2.71718 1 1 1
v -1.551762 1.382707 2.241196 1 1 1
v -1.502732 1.382707 2.23139 1 1 1
v -1.541956 1.632707 2.290225 1 1 1
v -1.492927 1.632707 2.280419 1 1 1
v -1.502732 1.582707 2.23139 1 1 1
v -1.551762 1.582707 2.241196 1 1 1
v 2 0 -4 1 1 1
v 2 0 0 1 1 1
v -2 0 -4 1 1 1
v -2 0 0 1 1 1
v -2 0 -2 1 1 1
v -2 0 2 1 1 1
v -6 0 -2 1 1 1
v -6 0 2 1 1 1
v -1.296844 -2.117582E-22 2.432191 1 1 1
v -1.266226 0.05 2.449869 1 1 1
v -1.245081 -2.117582E-22 2.625376 1 1 1
v -1.227403 0.05 2.594758 1 1 1
v -1.051895 -2.117582E-22 2.573612 1 1 1
v -1.082514 0.05 2.555935 1 1 1
v -1.547955 -2.117582E-22 2.714653 1 1 1
v -1.934325 -2.117582E-22 2.611125 1 1 1
v -1.58331 0.1 2.653415 1 1 1
v -1.873088 0.1 2.575769 1 1 1
v -1.830798 -2.117582E-22 2.224754 1 1 1
v -1.795442 0.1 2.285992 1 1 1
v 1.071889 -2.117582E-22 2.006432 1 1 1
v 1.096889 0.1 2.031432 1 1 1
v 1.071889 -2.117582E-22 2.206432 1 1 1
v 1.096889 0.1 2.181432 1 1 1
v 1.246889 0.1 2.031432 1 1 1
v 1.246889 0.1 2.181432 1 1 1
v 1.271889 -2.117582E-22 2.206432 1 1 1
v 1.271889 -2.117582E-22 2.006432 1 1 1
v -1.444427 -2.117582E-22 2.328282 1 1 1
v -1.505665 0.1 2.363637 1 1 1
v -1.103659 -2.117582E-22 2.380427 1 1 1
v -1.121337 0.05 2.411046 1 1 1
v 1.74957 0.05 2.49822 1 1 1
v 1.537438 0.05 2.710352 1 1 1
v 1.537438 0.05 2.286088 1 1 1
v 1.325306 0.05 2.49822 1 1 1
v 1.537438 -2.117582E-22 2.215377 1 1 1
v 1.254596 -2.117582E-22 2.49822 1 1 1
v 0.8904107 -2.887646E-15 2.097593 1 1 1
v 0.8550553 0.05 2.15883 1 1 1
v 0.5040404 -2.887646E-15 2.201121 1 1 1
v 0.5652776 0.05 2.236476 1 1 1
v 1.820281 -2.117582E-22 2.49822 1 1 1
v 1.537438 -2.117582E-22 2.781063 1 1 1
v 0.9939382 -2.887646E-15 2.483963 1 1 1
v 0.607568 -2.887646E-15 2.587491 1 1 1
v 0.932701 0.05 2.448608 1 1 1
v 0.6429233 0.05 2.526254 1 1 1
v -5.296844 -2.117582E-22 0.4321909 1 1 1
v -5.266226 0.05 0.4498687 1 1 1
v -5.24508 -2.117582E-22 0.6253761 1 1 1
v -5.227403 0.05 0.5947576 1 1 1
v -5.051895 -2.117582E-22 0.5736123 1 1 1
v -5.082514 0.05 0.5559347 1 1 1
v -5.547955 -2.117582E-22 0.7146524 1 1 1
v -5.934325 -2.117582E-22 0.6111248 1 1 1
v -5.58331 0.1 0.6534151 1 1 1
v -5.873088 0.1 0.5757694 1 1 1
v -5.830798 -2.117582E-22 0.2247545 1 1 1
v -5.795443 0.1 0.2859917 1 1 1
v -2.928111 -2.117582E-22 0.006432176 1 1 1
v -2.903111 0.1 0.03143215 1 1 1
v -2.928111 -2.117582E-22 0.2064322 1 1 1
v -2.903111 0.1 0.1814322 1 1 1
v -2.753111 0.1 0.03143215 1 1 1
v -2.753111 0.1 0.1814322 1 1 1
v -2.728111 -2.117582E-22 0.2064322 1 1 1
v -2.728111 -2.117582E-22 0.006432176 1 1 1
v -5.444427 -2.117582E-22 0.328282 1 1 1
v -5.505665 0.1 0.3636373 1 1 1
v -5.103659 -2.117582E-22 0.3804271 1 1 1
v -5.121337 0.05 0.4110458 1 1 1
v -2.25043 0.05 0.4982197 1 1 1
v -2.462562 0.05 0.7103517 1 1 1
v -2.462562 0.05 0.2860878 1 1 1
v -2.674694 0.05 0.4982197 1 1 1
v -2.462562 -2.117582E-22 0.2153771 1 1 1
v -2.745404 -2.117582E-22 0.4982197 1 1 1
v -3.109589 -2.887646E-15 0.09759319 1 1 1
v -3.144945 0.05 0.1588304 1 1 1
v -3.49596 -2.887646E-15 0.2011209 1 1 1
v -3.434722 0.05 0.2364762 1 1 1
v -2.179719 -2.117582E-22 0.4982197 1 1 1
v -2.462562 -2.117582E-22 0.7810625 1 1 1
v -3.006062 -2.887646E-15 0.4839635 1 1 1
v -3.392432 -2.887646E-15 0.5874912 1 1 1
v -3.067299 0.05 0.4486082 1 1 1
v -3.357077 0.05 0.5262539 1 1 1
v 1.296844 -2.117582E-22 -2.432191 1 1 1
v 1.266226 0.05 -2.449869 1 1 1
v 1.245081 -2.117582E-22 -2.625376 1 1 1
v 1.227403 0.05 -2.594758 1 1 1
v 1.051895 -2.117582E-22 -2.573612 1 1 1
v 1.082514 0.05 -2.555935 1 1 1
v 1.547955 -2.117582E-22 -2.714653 1 1 1
v 1.934325 -2.117582E-22 -2.611125 1 1 1
v 1.58331 0.1 -2.653415 1 1 1
v 1.873088 0.1 -2.575769 1 1 1
v 1.830798 -2.117582E-22 -2.224754 1 1 1
v 1.795442 0.1 -2.285992 1 1 1
v -1.071889 -2.117582E-22 -2.006432 1 1 1
v -1.096889 0.1 -2.031432 1 1 1
v -1.071889 -2.117582E-22 -2.206432 1 1 1
v -1.096889 0.1 -2.181432 1 1 1
v -1.246889 0.1 -2.031432 1 1 1
v -1.246889 0.1 -2.181432 1 1 1
v -1.271889 -2.117582E-22 -2.206432 1 1 1
v -1.271889 -2.117582E-22 -2.006432 1 1 1
v 1.444427 -2.117582E-22 -2.328282 1 1 1
v 1.505665 0.1 -2.363637 1 1 1
v 1.103659 -2.117582E-22 -2.380427 1 1 1
v 1.121337 0.05 -2.411046 1 1 1
v -1.74957 0.05 -2.49822 1 1 1
v -1.537438 0.05 -2.710352 1 1 1
v -1.537438 0.05 -2.286088 1 1 1
v -1.325306 0.05 -2.49822 1 1 1
v -1.537438 -2.117582E-22 -2.215377 1 1 1
v -1.254596 -2.117582E-22 -2.49822 1 1 1
v -0.8904107 -2.887646E-15 -2.097593 1 1 1
v -0.8550553 0.05 -2.15883 1 1 1
v -0.5040404 -2.887646E-15 -2.201121 1 1 1
v -0.5652776 0.05 -2.236476 1 1 1
v -1.820281 -2.117582E-22 -2.49822 1 1 1
v -1.537438 -2.117582E-22 -2.781063 1 1 1
v -0.9939382 -2.887646E-15 -2.483963 1 1 1
v -0.607568 -2.887646E-15 -2.587491 1 1 1
v -0.932701 0.05 -2.448608 1 1 1
v -0.6429233 0.05 -2.526254 1 1 1
v -2.703156 -2.117582E-22 -0.4321909 1 1 1
v -2.733774 0.05 -0.4498687 1 1 1
v -2.75492 -2.117582E-22 -0.6253761 1 1 1
v -2.772597 0.05 -0.5947576 1 1 1
v -2.948105 -2.117582E-22 -0.5736123 1 1 1
v -2.917486 0.05 -0.5559347 1 1 1
v -2.452045 -2.117582E-22 -0.7146524 1 1 1
v -2.065675 -2.117582E-22 -0.6111248 1 1 1
v -2.41669 0.1 -0.6534151 1 1 1
v -2.126912 0.1 -0.5757694 1 1 1
v -2.169202 -2.117582E-22 -0.2247545 1 1 1
v -2.204558 0.1 -0.2859917 1 1 1
v -5.071889 -2.117582E-22 -0.006432176 1 1 1
v -5.096889 0.1 -0.03143215 1 1 1
v -5.071889 -2.117582E-22 -0.2064322 1 1 1
v -5.096889 0.1 -0.1814322 1 1 1
v -5.246889 0.1 -0.03143215 1 1 1
v -5.246889 0.1 -0.1814322 1 1 1
v -5.271889 -2.117582E-22 -0.2064322 1 1 1
v -5.271889 -2.117582E-22 -0.006432176 1 1 1
v -2.555573 -2.117582E-22 -0.328282 1 1 1
v -2.494335 0.1 -0.3636373 1 1 1
v -2.896341 -2.117582E-22 -0.3804271 1 1 1
v -2.878663 0.05 -0.4110458 1 1 1
v -5.74957 0.05 -0.4982197 1 1 1
v -5.537438 0.05 -0.7103517 1 1 1
v -5.537438 0.05 -0.2860878 1 1 1
v -5.325306 0.05 -0.4982197 1 1 1
v -5.537438 -2.117582E-22 -0.2153771 1 1 1
v -5.254596 -2.117582E-22 -0.4982197 1 1 1
v -4.89041 -2.887646E-15 -0.09759319 1 1 1
v -4.855055 0.05 -0.1588304 1 1 1
v -4.50404 -2.887646E-15 -0.2011209 1 1 1
v -4.565278 0.05 -0.2364762 1 1 1
v -5.820281 -2.117582E-22 -0.4982197 1 1 1
v -5.537438 -2.117582E-22 -0.7810625 1 1 1
v -4.993938 -2.887646E-15 -0.4839635 1 1 1
v -4.607568 -2.887646E-15 -0.5874912 1 1 1
v -4.932701 0.05 -0.4486082 1 1 1
v -4.642923 0.05 -0.5262539 1 1 1
v -0.5237846 0.05 -3.137921 1 1 1
v -0.5626075 0.05 -3.28281 1 1 1
v -0.3788958 0.05 -3.176744 1 1 1
v -0.4177186 0.05 -3.321633 1 1 1
v -0.1926043 0 -3.886205 1 1 1
v -0.2961321 0 -3.499834 1 1 1
v -0.2538416 0.1 -3.850849 1 1 1
v -0.3314874 0.1 -3.561071 1 1 1
v -0.400041 0 -3.352251 1 1 1
v -0.3482772 0 -3.159066 1 1 1
v -0.5414624 0 -3.107302 1 1 1
v -0.6825024 0 -3.603362 1 1 1
v -0.6212652 0.1 -3.638717 1 1 1
v -0.5789747 0 -3.989732 1 1 1
v -0.5436194 0.1 -3.928495 1 1 1
v -0.5932262 0 -3.300488 1 1 1
v -0.5237846 0.05 2.862079 1 1 1
v -0.5626075 0.05 2.71719 1 1 1
v -0.3788958 0.05 2.823256 1 1 1
v -0.4177186 0.05 2.678367 1 1 1
v -0.1926043 0 2.113795 1 1 1
v -0.2961321 0 2.500166 1 1 1
v -0.2538416 0.1 2.149151 1 1 1
v -0.3314874 0.1 2.438929 1 1 1
v -0.400041 0 2.647749 1 1 1
v -0.3482772 0 2.840934 1 1 1
v -0.5414624 0 2.892698 1 1 1
v -0.6825024 0 2.396638 1 1 1
v -0.6212652 0.1 2.361283 1 1 1
v -0.5789747 0 2.010268 1 1 1
v -0.5436194 0.1 2.071505 1 1 1
v -0.5932262 0 2.699512 1 1 1
v 2 0 4 1 1 1
v -2 0 4 1 1 1

vn 0 1 0
vn 0 -1 0
vn -1.192093E-07 0 1
vn 1.192093E-07 0 -1
vn -1 0 -1.192093E-07
vn 1 0 1.192093E-07
vn 0.5000002 0 -0.8660255
vn 0.2588192 0 -0.9659259
vn -0.2588192 0 0.9659259
vn -0.5000002 0 0.8660255
vn 0.8660256 0 -0.5
vn -0.8660256 0 0.5
vn 0.965926 0 -0.2588189
vn -0.965926 0 0.2588189
vn -0.09950371 0 -0.9950371
vn 0 0 -1
vn 0.09950371 0 0.9950371
vn 0 0 1
vn 0.09950371 0 -0.9950371
vn -0.09950371 0 0.9950371
vn 1 0 0
vn -1 0 0
vn -9.170442E-14 0 1
vn 9.170442E-14 0 -1
vn -1 0 -9.170442E-14
vn 1 0 9.170442E-14
vn -1 0 3.314016E-14
vn 1 0 -3.314016E-14
vn -3.314016E-14 0 -1
vn 3.314016E-14 0 1
vn 0.8660254 0 0.5
vn 0.9659258 0 0.258819
vn -0.9659258 0 -0.258819
vn -0.8660254 0 -0.5
vn 0.5 0 0.8660254
vn -0.5 0 -0.8660254
vn 0.258819 0 0.9659258
vn -0.258819 0 -0.9659258
vn 0.9805808 0 0.1961163
vn -0.9805808 0 -0.1961163
vn 0.9805808 0 -0.1961161
vn -0.9805808 0 0.1961161
vn 0.8660256 0 -0.4999999
vn -0.8660256 0 0.4999999
vn -0.09950373 0 -0.9950371
vn 0.09950373 0 0.9950371
vn 0.0995037 0 -0.9950371
vn -0.0995037 0 0.9950371
vn 0.3807842 -0.9238795 0.03807842
vn -0.3807842 -0.9238795 -0.03807842
vn -0.3807842 0.9238795 -0.03807842
vn 0.3807842 0.9238795 0.03807842
vn 0.9192945 0.3826834 0.09192945
vn 0.9192945 -0.3826834 0.09192945
vn -0.9192945 -0.3826834 -0.09192945
vn -0.9192945 0.3826834 -0.09192945
vn 0.3807842 0.9238795 -0.03807842
vn -0.3807842 0.9238795 0.03807842
vn -0.3807842 -0.9238795 0.03807842
vn 0.3807842 -0.9238795 -0.03807842
vn 0.9192945 0.3826834 -0.09192945
vn -0.9192945 -0.3826834 0.09192945
vn -0.9192945 0.3826834 0.09192945
vn 0.9192945 -0.3826834 -0.09192945
vn 0.5 0 0.8660254
vn -0.5 0 -0.8660254
vn 0.9805808 0 0.1961162
vn -0.9805808 0 -0.1961162
vn 0.9805808 0 -0.1961161
vn -0.9805808 0 0.1961161
vn 0.07505035 -0.9238795 0.375252
vn -0.07505035 -0.9238795 -0.375252
vn 0.07505035 0.9238795 0.375252
vn -0.07505035 0.9238795 -0.375252
vn 0.1811876 0.3826834 0.9059385
vn -0.1811876 -0.3826834 -0.9059385
vn 0.1811876 -0.3826834 0.9059385
vn -0.1811876 0.3826834 -0.9059385
vn -0.7071068 0.5773503 -0.4082483
vn -0.5202672 0.7994348 -0.3003764
vn -0.4082483 0.5773503 0.7071068
vn -0.3003764 0.7994348 0.5202672
vn 0.4082483 -0.5773503 -0.7071068
vn 0.5202672 -0.7994348 0.3003764
vn 0.7071068 -0.5773503 0.4082483
vn 0.3003764 -0.7994348 -0.5202672
vn 0.7071068 0.5773503 0.4082483
vn 0.5202672 0.7994348 0.3003764
vn -0.5202672 -0.7994348 -0.3003764
vn -0.7071068 -0.5773503 -0.4082483
vn 0.4082483 0.5773503 0.7071068
vn -0.7071068 0.5773503 0.4082483
vn 0.3003764 0.7994348 0.5202672
vn -0.5202672 0.7994348 0.3003764
vn -0.3003764 -0.7994348 -0.5202672
vn 0.7071068 -0.5773503 -0.4082483
vn -0.4082483 -0.5773503 -0.7071068
vn 0.5202672 -0.7994348 -0.3003764
vn -0.4082483 0.5773503 -0.7071068
vn -0.3003764 0.7994348 -0.5202672
vn 0.3003764 -0.7994348 0.5202672
vn 0.4082483 -0.5773503 0.7071068
vn -0.6666667 0.3333333 -0.6666667
vn -0.5033765 0.7022992 -0.5033765
vn -0.6666667 0.3333333 0.6666667
vn -0.5033765 0.7022992 0.5033765
vn 0.6666667 -0.3333333 -0.6666667
vn 0.5033765 -0.7022992 0.5033765
vn 0.6666667 -0.3333333 0.6666667
vn 0.5033765 -0.7022992 -0.5033765
vn 0.5033765 0.7022992 -0.5033765
vn 0.5033765 0.7022992 0.5033765
vn -0.5033765 -0.7022992 -0.5033765
vn -0.5033765 -0.7022992 0.5033765
vn 0.6666667 0.3333333 0.6666667
vn -0.6666667 -0.3333333 -0.6666667
vn 0.6666667 0.3333333 -0.6666667
vn -0.6666667 -0.3333333 0.6666667
vn 0.7071068 0.5773503 -0.4082483
vn 0.5202672 0.7994348 -0.3003764
vn -0.5202672 -0.7994348 0.3003764
vn -0.7071068 -0.5773503 0.4082483
vn 0.4082483 0.5773503 -0.7071068
vn 0.3003764 0.7994348 -0.5202672
vn -0.4082483 -0.5773503 0.7071068
vn -0.3003764 -0.7994348 0.5202672
vn 0.4245382 0.9054101 0
vn 0 0.9054101 0.4245382
vn 0 0.9054101 -0.4245382
vn -0.4245382 0.9054101 0
vn 0 -0.9054101 0.4245382
vn 0 -0.9054101 -0.4245382
vn -0.4245382 -0.9054101 0
vn 0.4245382 -0.9054101 0
vn 0 0.8164966 -0.5773503
vn -0.5773503 0.8164966 0
vn 0 -0.8164966 0.5773503
vn 0.5773503 -0.8164966 0
vn 0.2886751 0.8164966 -0.5
vn 0.2122691 0.90541 -0.3676609
vn -0.5 0.8164966 -0.2886751
vn -0.3676609 0.90541 -0.2122691
vn 0.5 -0.8164966 0.2886751
vn -0.2122691 -0.90541 0.3676609
vn -0.2886751 -0.8164966 0.5
vn 0.3676609 -0.90541 0.2122691
vn 0.5773503 0.8164966 0
vn -0.5773503 -0.8164966 0
vn 0 0.8164966 0.5773503
vn 0 -0.8164966 -0.5773503
vn 0.5 0.8164966 0.2886751
vn -0.2886751 0.8164966 0.5
vn 0.3676609 0.90541 0.2122691
vn -0.2122691 0.90541 0.3676609
vn -0.3676609 -0.90541 -0.2122691
vn 0.2886751 -0.8164966 -0.5
vn -0.5 -0.8164966 -0.2886751
vn 0.2122691 -0.90541 -0.3676609
vn -0.4245382 0.9054101 -3.893203E-14
vn 3.893203E-14 0.9054101 -0.4245382
vn -3.893203E-14 0.9054101 0.4245382
vn 0.4245382 0.9054101 3.893203E-14
vn 3.893203E-14 -0.9054101 -0.4245382
vn -3.893203E-14 -0.9054101 0.4245382
vn 0.4245382 -0.9054101 3.893203E-14
vn -0.4245382 -0.9054101 -3.893203E-14
vn -5.294557E-14 0.8164966 0.5773503
vn 0.5773503 0.8164966 5.294557E-14
vn 5.294557E-14 -0.8164966 -0.5773503
vn -0.5773503 -0.8164966 -5.294557E-14
vn -0.5773503 0.8164966 -5.294557E-14
vn 0.5773503 -0.8164966 5.294557E-14
vn 5.294557E-14 0.8164966 -0.5773503
vn -5.294557E-14 -0.8164966 0.5773503
vn -0.3003765 0.7994348 0.5202672
vn -0.5202672 0.7994348 -0.3003765
vn 0.5202672 0.7994348 0.3003765
vn 0.3003765 0.7994348 -0.5202672
vn -0.5202672 -0.7994348 -0.3003765
vn 0.5202672 -0.7994348 0.3003765
vn 0.3003765 -0.7994348 -0.5202672
vn -0.3003765 -0.7994348 0.5202672
vn 0.7071069 0.5773503 -0.4082482
vn 0.4082482 0.5773503 0.7071069
vn 0.5202673 0.7994348 -0.3003764
vn 0.3003764 0.7994348 0.5202673
vn -0.5202673 -0.7994348 0.3003764
vn -0.4082482 -0.5773503 -0.7071069
vn -0.7071069 -0.5773503 0.4082482
vn -0.3003764 -0.7994348 -0.5202673
vn 0.4082484 0.5773503 -0.7071068
vn 0.7071068 0.5773503 0.4082484
vn -0.7071068 -0.5773503 -0.4082484
vn -0.4082484 -0.5773503 0.7071068
vn -0.4082484 0.5773503 0.7071068
vn 0.4082484 -0.5773503 -0.7071068
vn -0.7071069 0.5773503 0.4082482
vn -0.5202673 0.7994348 0.3003764
vn 0.7071069 -0.5773503 -0.4082482
vn 0.5202673 -0.7994348 -0.3003764
vn -0.4082482 0.5773503 -0.7071069
vn -0.3003764 0.7994348 -0.5202673
vn 0.4082482 -0.5773503 0.7071069
vn 0.3003764 -0.7994348 0.5202673
vn -0.7071068 0.5773503 -0.4082484
vn 0.7071068 -0.5773503 0.4082484

vt 0.09375 0.225
vt 0.09375 0.025
vt 0.34375 0.225
vt 0.34375 0.025
vt 0.34375 0.105
vt 0.34375 0.07946212
vt 0.34375 0.09850974
vt 0.34375 0.09533513
vt 0.34375 0.08263672
vt 0.34375 0.2005081
vt 0.34375 0.1814605
vt 0.34375 0.1973335
vt 0.34375 0.1846351
vt 0.34375 0.1015823
vt 0.34375 0.1206299
vt 0.34375 0.1174553
vt 0.34375 0.1047569
vt 0.34375 0.1208127
vt 0.34375 0.1331584
vt 0.34375 0.1356275
vt 0.34375 0.1232818
vt 0.46875 0.025
vt 0.46875 0.065
vt 0.46875 0.105

usemtl colormap

f 3/1/1 2/1/1 1/1/1
f 2/1/1 3/1/1 4/1/1
f 4/1/1 3/1/1 5/1/1
f 1/1/2 2/1/2 3/1/2
f 4/1/2 3/1/2 2/1/2
f 5/1/2 3/1/2 4/1/2
f 2/1/3 6/2/3 1/1/3
f 6/2/3 2/1/3 7/2/3
f 1/1/4 6/2/4 2/1/4
f 7/2/4 2/1/4 6/2/4
f 2/1/5 8/2/5 7/2/5
f 8/2/5 2/1/5 4/1/5
f 7/2/6 8/2/6 2/1/6
f 4/1/6 2/1/6 8/2/6
f 8/2/8 5/1/7 9/2/7
f 5/1/7 8/2/8 4/1/8
f 9/2/10 5/1/10 8/2/9
f 4/1/9 8/2/9 5/1/10
f 9/2/7 3/1/11 10/2/11
f 3/1/11 9/2/7 5/1/7
f 10/2/12 3/1/12 9/2/10
f 5/1/10 9/2/10 3/1/12
f 10/2/11 1/1/13 6/2/13
f 1/1/13 10/2/11 3/1/11
f 6/2/14 1/1/14 10/2/12
f 3/1/12 10/2/12 1/1/14
f 13/1/15 12/2/16 11/2/15
f 12/2/16 13/1/15 14/1/16
f 11/2/17 12/2/18 13/1/17
f 14/1/18 13/1/17 12/2/18
f 17/1/1 16/1/1 15/1/1
f 16/1/1 17/1/1 14/1/1
f 16/1/1 14/1/1 13/1/1
f 15/1/2 16/1/2 17/1/2
f 14/1/2 17/1/2 16/1/2
f 13/1/2 14/1/2 16/1/2
f 15/1/18 19/2/18 18/2/18
f 19/2/18 15/1/18 16/1/18
f 18/2/16 19/2/16 15/1/16
f 16/1/16 15/1/16 19/2/16
f 14/1/16 20/2/19 12/2/16
f 20/2/19 14/1/16 17/1/19
f 12/2/18 20/2/20 14/1/18
f 17/1/20 14/1/18 20/2/20
f 15/1/21 20/2/21 17/1/21
f 20/2/21 15/1/21 18/2/21
f 17/1/22 20/2/22 15/1/22
f 18/2/22 15/1/22 20/2/22
f 19/2/22 13/1/22 11/2/22
f 13/1/22 19/2/22 16/1/22
f 11/2/21 13/1/21 19/2/21
f 16/1/21 19/2/21 13/1/21
f 23/1/15 22/2/16 21/2/15
f 22/2/16 23/1/15 24/1/16
f 21/2/17 22/2/18 23/1/17
f 24/1/18 23/1/17 22/2/18
f 27/1/1 26/1/1 25/1/1
f 26/1/1 27/1/1 24/1/1
f 26/1/1 24/1/1 23/1/1
f 25/1/2 26/1/2 27/1/2
f 24/1/2 27/1/2 26/1/2
f 23/1/2 24/1/2 26/1/2
f 25/1/18 29/2/18 28/2/18
f 29/2/18 25/1/18 26/1/18
f 28/2/16 29/2/16 25/1/16
f 26/1/16 25/1/16 29/2/16
f 24/1/16 30/2/19 22/2/16
f 30/2/19 24/1/16 27/1/19
f 22/2/18 30/2/20 24/1/18
f 27/1/20 24/1/18 30/2/20
f 25/1/21 30/2/21 27/1/21
f 30/2/21 25/1/21 28/2/21
f 27/1/22 30/2/22 25/1/22
f 28/2/22 25/1/22 30/2/22
f 29/2/22 23/1/22 21/2/22
f 23/1/22 29/2/22 26/1/22
f 21/2/21 23/1/21 29/2/21
f 26/1/21 29/2/21 23/1/21
f 33/1/17 32/2/23 31/2/17
f 32/2/23 33/1/17 34/1/23
f 31/2/15 32/2/24 33/1/15
f 34/1/24 33/1/15 32/2/24
f 37/1/1 36/1/1 35/1/1
f 36/1/1 37/1/1 34/1/1
f 36/1/1 34/1/1 33/1/1
f 35/1/2 36/1/2 37/1/2
f 34/1/2 37/1/2 36/1/2
f 33/1/2 34/1/2 36/1/2
f 35/1/24 39/2/24 38/2/24
f 39/2/24 35/1/24 36/1/24
f 38/2/23 39/2/23 35/1/23
f 36/1/23 35/1/23 39/2/23
f 34/1/23 40/2/20 32/2/23
f 40/2/20 34/1/23 37/1/20
f 32/2/24 40/2/19 34/1/24
f 37/1/19 34/1/24 40/2/19
f 35/1/25 40/2/25 37/1/25
f 40/2/25 35/1/25 38/2/25
f 37/1/26 40/2/26 35/1/26
f 38/2/26 35/1/26 40/2/26
f 39/2/26 33/1/26 31/2/26
f 33/1/26 39/2/26 36/1/26
f 31/2/25 33/1/25 39/2/25
f 36/1/25 39/2/25 33/1/25
f 43/1/17 42/2/23 41/2/17
f 42/2/23 43/1/17 44/1/23
f 41/2/15 42/2/24 43/1/15
f 44/1/24 43/1/15 42/2/24
f 47/1/1 46/1/1 45/1/1
f 46/1/1 47/1/1 44/1/1
f 46/1/1 44/1/1 43/1/1
f 45/1/2 46/1/2 47/1/2
f 44/1/2 47/1/2 46/1/2
f 43/1/2 44/1/2 46/1/2
f 45/1/24 49/2/24 48/2/24
f 49/2/24 45/1/24 46/1/24
f 48/2/23 49/2/23 45/1/23
f 46/1/23 45/1/23 49/2/23
f 44/1/23 50/2/20 42/2/23
f 50/2/20 44/1/23 47/1/20
f 42/2/24 50/2/19 44/1/24
f 47/1/19 44/1/24 50/2/19
f 45/1/25 50/2/25 47/1/25
f 50/2/25 45/1/25 48/2/25
f 47/1/26 50/2/26 45/1/26
f 48/2/26 45/1/26 50/2/26
f 49/2/26 43/1/26 41/2/26
f 43/1/26 49/2/26 46/1/26
f 41/2/25 43/1/25 49/2/25
f 46/1/25 49/2/25 43/1/25
f 53/1/1 52/1/1 51/1/1
f 52/1/1 53/1/1 54/1/1
f 54/1/1 53/1/1 55/1/1
f 51/1/2 52/1/2 53/1/2
f 54/1/2 53/1/2 52/1/2
f 55/1/2 53/1/2 54/1/2
f 52/1/27 56/2/27 51/1/27
f 56/2/27 52/1/27 57/2/27
f 51/1/28 56/2/28 52/1/28
f 57/2/28 52/1/28 56/2/28
f 52/1/29 58/2/29 57/2/29
f 58/2/29 52/1/29 54/1/29
f 57/2/30 58/2/30 52/1/30
f 54/1/30 52/1/30 58/2/30
f 58/2/32 55/1/31 59/2/31
f 55/1/31 58/2/32 54/1/32
f 59/2/34 55/1/34 58/2/33
f 54/1/33 58/2/33 55/1/34
f 59/2/31 53/1/35 60/2/35
f 53/1/35 59/2/31 55/1/31
f 60/2/36 53/1/36 59/2/34
f 55/1/34 59/2/34 53/1/36
f 60/2/35 51/1/37 56/2/37
f 51/1/37 60/2/35 53/1/35
f 56/2/38 51/1/38 60/2/36
f 53/1/36 60/2/36 51/1/38
f 63/1/6 62/2/39 61/2/6
f 62/2/39 63/1/6 64/1/39
f 61/2/5 62/2/40 63/1/5
f 64/1/40 63/1/5 62/2/40
f 64/1/1 66/1/1 65/1/1
f 66/1/1 64/1/1 63/1/1
f 66/1/1 63/1/1 67/1/1
f 65/1/2 66/1/2 64/1/2
f 63/1/2 64/1/2 66/1/2
f 67/1/2 63/1/2 66/1/2
f 69/2/4 67/1/4 68/2/4
f 67/1/4 69/2/4 66/1/4
f 68/2/3 67/1/3 69/2/3
f 66/1/3 69/2/3 67/1/3
f 65/1/5 69/2/5 70/2/5
f 69/2/5 65/1/5 66/1/5
f 70/2/6 69/2/6 65/1/6
f 66/1/6 65/1/6 69/2/6
f 65/1/3 62/2/3 64/1/3
f 62/2/3 65/1/3 70/2/3
f 64/1/4 62/2/4 65/1/4
f 70/2/4 65/1/4 62/2/4
f 67/1/41 61/2/6 68/2/41
f 61/2/6 67/1/41 63/1/6
f 68/2/42 61/2/5 67/1/42
f 63/1/5 67/1/42 61/2/5
f 73/1/6 72/2/39 71/2/6
f 72/2/39 73/1/6 74/1/39
f 71/2/5 72/2/40 73/1/5
f 74/1/40 73/1/5 72/2/40
f 74/1/1 76/1/1 75/1/1
f 76/1/1 74/1/1 73/1/1
f 76/1/1 73/1/1 77/1/1
f 75/1/2 76/1/2 74/1/2
f 73/1/2 74/1/2 76/1/2
f 77/1/2 73/1/2 76/1/2
f 79/2/4 77/1/4 78/2/4
f 77/1/4 79/2/4 76/1/4
f 78/2/3 77/1/3 79/2/3
f 76/1/3 79/2/3 77/1/3
f 75/1/5 79/2/5 80/2/5
f 79/2/5 75/1/5 76/1/5
f 80/2/6 79/2/6 75/1/6
f 76/1/6 75/1/6 79/2/6
f 75/1/3 72/2/3 74/1/3
f 72/2/3 75/1/3 80/2/3
f 74/1/4 72/2/4 75/1/4
f 80/2/4 75/1/4 72/2/4
f 77/1/41 71/2/6 78/2/41
f 71/2/6 77/1/41 73/1/6
f 78/2/42 71/2/5 77/1/42
f 73/1/5 77/1/42 71/2/5
f 83/3/3 82/4/3 81/3/3
f 82/4/3 83/3/3 84/4/3
f 81/3/4 82/4/4 83/3/4
f 84/4/4 83/3/4 82/4/4
f 83/3/5 85/4/5 84/4/5
f 85/4/5 83/3/5 86/3/5
f 84/4/6 85/4/6 83/3/6
f 86/3/6 83/3/6 85/4/6
f 87/4/11 81/3/13 82/4/13
f 81/3/13 87/4/11 88/3/11
f 82/4/14 81/3/14 87/4/12
f 88/3/12 87/4/12 81/3/14
f 85/4/8 90/3/7 89/4/7
f 90/3/7 85/4/8 86/3/8
f 89/4/10 90/3/10 85/4/9
f 86/3/9 85/4/9 90/3/10
f 88/3/1 83/3/1 81/3/1
f 83/3/1 88/3/1 86/3/1
f 86/3/1 88/3/1 90/3/1
f 81/3/2 83/3/2 88/3/2
f 86/3/2 88/3/2 83/3/2
f 90/3/2 88/3/2 86/3/2
f 90/3/7 87/4/11 89/4/7
f 87/4/11 90/3/7 88/3/11
f 89/4/10 87/4/12 90/3/10
f 88/3/12 90/3/10 87/4/12
f 93/5/5 92/4/5 91/4/5
f 92/4/5 93/5/5 94/5/5
f 91/4/6 92/4/6 93/5/6
f 94/5/6 93/5/6 92/4/6
f 93/5/3 96/4/3 95/5/3
f 96/4/3 93/5/3 91/4/3
f 95/5/4 96/4/4 93/5/4
f 91/4/4 93/5/4 96/4/4
f 97/5/1 93/5/1 95/5/1
f 93/5/1 97/5/1 94/5/1
f 94/5/1 97/5/1 98/5/1
f 95/5/2 93/5/2 97/5/2
f 94/5/2 97/5/2 93/5/2
f 98/5/2 97/5/2 94/5/2
f 92/4/2 96/4/2 91/4/2
f 96/4/2 92/4/2 99/4/2
f 99/4/2 92/4/2 100/4/2
f 91/4/1 96/4/1 92/4/1
f 99/4/1 92/4/1 96/4/1
f 100/4/1 92/4/1 99/4/1
f 92/4/8 98/5/7 100/4/7
f 98/5/7 92/4/8 94/5/8
f 100/4/10 98/5/10 92/4/9
f 94/5/9 92/4/9 98/5/10
f 98/5/7 99/4/43 100/4/7
f 99/4/43 98/5/7 97/5/43
f 100/4/10 99/4/44 98/5/10
f 97/5/44 98/5/10 99/4/44
f 99/4/43 95/5/13 96/4/13
f 95/5/13 99/4/43 97/5/43
f 96/4/14 95/5/14 99/4/44
f 97/5/44 99/4/44 95/5/14
f 18/5/21 102/4/21 101/5/21
f 102/4/21 18/5/21 103/4/21
f 101/5/22 102/4/22 18/5/22
f 103/4/22 18/5/22 102/4/22
f 106/5/45 105/4/16 104/4/45
f 105/4/16 106/5/45 107/5/16
f 104/4/46 105/4/18 106/5/46
f 107/5/18 106/5/46 105/4/18
f 18/5/18 108/4/18 103/4/18
f 108/4/18 18/5/18 19/5/18
f 103/4/16 108/4/16 18/5/16
f 19/5/16 18/5/16 108/4/16
f 107/5/16 102/4/47 105/4/16
f 102/4/47 107/5/16 101/5/47
f 105/4/18 102/4/48 107/5/18
f 101/5/48 107/5/18 102/4/48
f 108/4/2 102/4/2 103/4/2
f 102/4/2 108/4/2 105/4/2
f 105/4/2 108/4/2 104/4/2
f 103/4/1 102/4/1 108/4/1
f 105/4/1 108/4/1 102/4/1
f 104/4/1 108/4/1 105/4/1
f 101/5/1 19/5/1 18/5/1
f 19/5/1 101/5/1 107/5/1
f 19/5/1 107/5/1 106/5/1
f 18/5/2 19/5/2 101/5/2
f 107/5/2 101/5/2 19/5/2
f 106/5/2 107/5/2 19/5/2
f 108/4/22 106/5/22 104/4/22
f 106/5/22 108/4/22 19/5/22
f 104/4/21 106/5/21 108/4/21
f 19/5/21 108/4/21 106/5/21
f 111/3/15 110/4/16 109/4/15
f 110/4/16 111/3/15 112/3/16
f 109/4/17 110/4/18 111/3/17
f 112/3/18 111/3/17 110/4/18
f 112/3/16 113/4/19 110/4/16
f 113/4/19 112/3/16 114/3/19
f 110/4/18 113/4/20 112/3/18
f 114/3/20 112/3/18 113/4/20
f 115/3/21 113/4/21 114/3/21
f 113/4/21 115/3/21 116/4/21
f 114/3/22 113/4/22 115/3/22
f 116/4/22 115/3/22 113/4/22
f 114/3/1 117/3/1 115/3/1
f 117/3/1 114/3/1 112/3/1
f 117/3/1 112/3/1 111/3/1
f 115/3/2 117/3/2 114/3/2
f 112/3/2 114/3/2 117/3/2
f 111/3/2 112/3/2 117/3/2
f 115/3/18 118/4/18 116/4/18
f 118/4/18 115/3/18 117/3/18
f 116/4/16 118/4/16 115/3/16
f 117/3/16 115/3/16 118/4/16
f 118/4/22 111/3/22 109/4/22
f 111/3/22 118/4/22 117/3/22
f 109/4/21 111/3/21 118/4/21
f 117/3/21 118/4/21 111/3/21
f 121/6/49 120/6/50 119/6/49
f 120/6/50 121/6/49 122/6/50
f 119/6/51 120/6/52 121/6/51
f 122/6/52 121/6/51 120/6/52
f 125/7/51 124/7/52 123/7/52
f 124/7/52 125/7/51 126/7/51
f 123/7/50 124/7/50 125/7/49
f 126/7/49 125/7/49 124/7/50
f 129/8/53 128/9/54 127/8/53
f 128/9/54 129/8/53 130/9/54
f 127/8/55 128/9/56 129/8/55
f 130/9/56 129/8/55 128/9/56
f 133/9/55 132/8/56 131/9/55
f 132/8/56 133/9/55 134/8/56
f 131/9/53 132/8/54 133/9/53
f 134/8/54 133/9/53 132/8/54
f 123/7/52 129/8/53 127/8/53
f 129/8/53 123/7/52 124/7/52
f 127/8/55 129/8/55 123/7/50
f 124/7/50 123/7/50 129/8/55
f 130/9/54 119/6/49 128/9/54
f 119/6/49 130/9/54 121/6/49
f 128/9/56 119/6/51 130/9/56
f 121/6/51 130/9/56 119/6/51
f 131/9/19 119/6/19 120/6/19
f 119/6/19 131/9/19 128/9/19
f 128/9/19 131/9/19 132/8/19
f 128/9/19 132/8/19 127/8/19
f 127/8/19 132/8/19 125/7/19
f 127/8/19 125/7/19 123/7/19
f 120/6/20 119/6/20 131/9/20
f 128/9/20 131/9/20 119/6/20
f 132/8/20 131/9/20 128/9/20
f 127/8/20 132/8/20 128/9/20
f 125/7/20 132/8/20 127/8/20
f 123/7/20 125/7/20 127/8/20
f 130/9/20 122/6/20 121/6/20
f 122/6/20 130/9/20 133/9/20
f 133/9/20 130/9/20 129/8/20
f 133/9/20 129/8/20 134/8/20
f 134/8/20 129/8/20 124/7/20
f 134/8/20 124/7/20 126/7/20
f 121/6/19 122/6/19 130/9/19
f 133/9/19 130/9/19 122/6/19
f 129/8/19 130/9/19 133/9/19
f 134/8/19 129/8/19 133/9/19
f 124/7/19 129/8/19 134/8/19
f 126/7/19 124/7/19 134/8/19
f 122/6/50 131/9/55 120/6/50
f 131/9/55 122/6/50 133/9/55
f 120/6/52 131/9/53 122/6/52
f 133/9/53 122/6/52 131/9/53
f 132/8/56 126/7/51 125/7/51
f 126/7/51 132/8/56 134/8/56
f 125/7/49 126/7/49 132/8/54
f 134/8/54 132/8/54 126/7/49
f 137/10/57 136/10/58 135/10/57
f 136/10/58 137/10/57 138/10/58
f 135/10/59 136/10/60 137/10/59
f 138/10/60 137/10/59 136/10/60
f 141/11/59 140/11/60 139/11/60
f 140/11/60 141/11/59 142/11/59
f 139/11/58 140/11/58 141/11/57
f 142/11/57 141/11/57 140/11/58
f 144/12/61 135/10/57 143/12/61
f 135/10/57 144/12/61 137/10/57
f 143/12/62 135/10/59 144/12/62
f 137/10/59 144/12/62 135/10/59
f 138/10/58 145/12/63 136/10/58
f 145/12/63 138/10/58 146/12/63
f 136/10/60 145/12/64 138/10/60
f 146/12/64 138/10/60 145/12/64
f 143/12/61 147/13/64 144/12/61
f 147/13/64 143/12/61 148/13/64
f 144/12/62 147/13/63 143/12/62
f 148/13/63 143/12/62 147/13/63
f 139/11/60 147/13/64 148/13/64
f 147/13/64 139/11/60 140/11/60
f 148/13/63 147/13/63 139/11/58
f 140/11/58 139/11/58 147/13/63
f 148/13/17 141/11/17 139/11/17
f 141/11/17 148/13/17 149/13/17
f 149/13/17 148/13/17 143/12/17
f 149/13/17 143/12/17 145/12/17
f 145/12/17 143/12/17 135/10/17
f 145/12/17 135/10/17 136/10/17
f 139/11/15 141/11/15 148/13/15
f 149/13/15 148/13/15 141/11/15
f 143/12/15 148/13/15 149/13/15
f 145/12/15 143/12/15 149/13/15
f 135/10/15 143/12/15 145/12/15
f 136/10/15 135/10/15 145/12/15
f 150/13/15 140/11/15 142/11/15
f 140/11/15 150/13/15 147/13/15
f 147/13/15 150/13/15 146/12/15
f 147/13/15 146/12/15 144/12/15
f 144/12/15 146/12/15 138/10/15
f 144/12/15 138/10/15 137/10/15
f 142/11/17 140/11/17 150/13/17
f 147/13/17 150/13/17 140/11/17
f 146/12/17 150/13/17 147/13/17
f 144/12/17 146/12/17 147/13/17
f 138/10/17 146/12/17 144/12/17
f 137/10/17 138/10/17 144/12/17
f 149/13/62 142/11/59 141/11/59
f 142/11/59 149/13/62 150/13/62
f 141/11/57 142/11/57 149/13/61
f 150/13/61 149/13/61 142/11/57
f 149/13/62 146/12/63 150/13/62
f 146/12/63 149/13/62 145/12/63
f 150/13/61 146/12/64 149/13/61
f 145/12/64 149/13/61 146/12/64
f 153/14/49 152/14/50 151/14/49
f 152/14/50 153/14/49 154/14/50
f 151/14/51 152/14/52 153/14/51
f 154/14/52 153/14/51 152/14/52
f 157/15/51 156/15/52 155/15/52
f 156/15/52 157/15/51 158/15/51
f 155/15/50 156/15/50 157/15/49
f 158/15/49 157/15/49 156/15/50
f 155/15/52 160/16/53 159/16/53
f 160/16/53 155/15/52 156/15/52
f 159/16/55 160/16/55 155/15/50
f 156/15/50 155/15/50 160/16/55
f 162/17/54 151/14/49 161/17/54
f 151/14/49 162/17/54 153/14/49
f 161/17/56 151/14/51 162/17/56
f 153/14/51 162/17/56 151/14/51
f 165/17/55 164/16/56 163/17/55
f 164/16/56 165/17/55 166/16/56
f 163/17/53 164/16/54 165/17/53
f 166/16/54 165/17/53 164/16/54
f 160/16/53 161/17/54 159/16/53
f 161/17/54 160/16/53 162/17/54
f 159/16/55 161/17/56 160/16/55
f 162/17/56 160/16/55 161/17/56
f 163/17/19 151/14/19 152/14/19
f 151/14/19 163/17/19 161/17/19
f 161/17/19 163/17/19 164/16/19
f 161/17/19 164/16/19 159/16/19
f 159/16/19 164/16/19 157/15/19
f 159/16/19 157/15/19 155/15/19
f 152/14/20 151/14/20 163/17/20
f 161/17/20 163/17/20 151/14/20
f 164/16/20 163/17/20 161/17/20
f 159/16/20 164/16/20 161/17/20
f 157/15/20 164/16/20 159/16/20
f 155/15/20 157/15/20 159/16/20
f 154/14/50 163/17/55 152/14/50
f 163/17/55 154/14/50 165/17/55
f 152/14/52 163/17/53 154/14/52
f 165/17/53 154/14/52 163/17/53
f 162/17/20 154/14/20 153/14/20
f 154/14/20 162/17/20 165/17/20
f 165/17/20 162/17/20 160/16/20
f 165/17/20 160/16/20 166/16/20
f 166/16/20 160/16/20 156/15/20
f 166/16/20 156/15/20 158/15/20
f 153/14/19 154/14/19 162/17/19
f 165/17/19 162/17/19 154/14/19
f 160/16/19 162/17/19 165/17/19
f 166/16/19 160/16/19 165/17/19
f 156/15/19 160/16/19 166/16/19
f 158/15/19 156/15/19 166/16/19
f 164/16/56 158/15/51 157/15/51
f 158/15/51 164/16/56 166/16/56
f 157/15/49 158/15/49 164/16/54
f 166/16/54 164/16/54 158/15/49
f 169/5/21 168/4/21 167/5/21
f 168/4/21 169/5/21 170/4/21
f 167/5/22 168/4/22 169/5/22
f 170/4/22 169/5/22 168/4/22
f 173/5/45 172/4/16 171/4/45
f 172/4/16 173/5/45 174/5/16
f 171/4/46 172/4/18 173/5/46
f 174/5/18 173/5/46 172/4/18
f 169/5/18 175/4/18 170/4/18
f 175/4/18 169/5/18 176/5/18
f 170/4/16 175/4/16 169/5/16
f 176/5/16 169/5/16 175/4/16
f 174/5/16 168/4/47 172/4/16
f 168/4/47 174/5/16 167/5/47
f 172/4/18 168/4/48 174/5/18
f 167/5/48 174/5/18 168/4/48
f 175/4/2 168/4/2 170/4/2
f 168/4/2 175/4/2 172/4/2
f 172/4/2 175/4/2 171/4/2
f 170/4/1 168/4/1 175/4/1
f 172/4/1 175/4/1 168/4/1
f 171/4/1 175/4/1 172/4/1
f 167/5/1 176/5/1 169/5/1
f 176/5/1 167/5/1 174/5/1
f 176/5/1 174/5/1 173/5/1
f 169/5/2 176/5/2 167/5/2
f 174/5/2 167/5/2 176/5/2
f 173/5/2 174/5/2 176/5/2
f 175/4/22 173/5/22 171/4/22
f 173/5/22 175/4/22 176/5/22
f 171/4/21 173/5/21 175/4/21
f 176/5/21 175/4/21 173/5/21
f 179/3/15 178/4/16 177/4/15
f 178/4/16 179/3/15 180/3/16
f 177/4/17 178/4/18 179/3/17
f 180/3/18 179/3/17 178/4/18
f 180/3/16 181/4/19 178/4/16
f 181/4/19 180/3/16 182/3/19
f 178/4/18 181/4/20 180/3/18
f 182/3/20 180/3/18 181/4/20
f 183/3/21 181/4/21 182/3/21
f 181/4/21 183/3/21 184/4/21
f 182/3/22 181/4/22 183/3/22
f 184/4/22 183/3/22 181/4/22
f 182/3/1 185/3/1 183/3/1
f 185/3/1 182/3/1 180/3/1
f 185/3/1 180/3/1 179/3/1
f 183/3/2 185/3/2 182/3/2
f 180/3/2 182/3/2 185/3/2
f 179/3/2 180/3/2 185/3/2
f 183/3/18 186/4/18 184/4/18
f 186/4/18 183/3/18 185/3/18
f 184/4/16 186/4/16 183/3/16
f 185/3/16 183/3/16 186/4/16
f 186/4/22 179/3/22 177/4/22
f 179/3/22 186/4/22 185/3/22
f 177/4/21 179/3/21 186/4/21
f 185/3/21 186/4/21 179/3/21
f 189/6/49 188/6/50 187/6/49
f 188/6/50 189/6/49 190/6/50
f 187/6/51 188/6/52 189/6/51
f 190/6/52 189/6/51 188/6/52
f 193/7/51 192/7/52 191/7/52
f 192/7/52 193/7/51 194/7/51
f 191/7/50 192/7/50 193/7/49
f 194/7/49 193/7/49 192/7/50
f 197/8/53 196/9/54 195/8/53
f 196/9/54 197/8/53 198/9/54
f 195/8/55 196/9/56 197/8/55
f 198/9/56 197/8/55 196/9/56
f 201/9/55 200/8/56 199/9/55
f 200/8/56 201/9/55 202/8/56
f 199/9/53 200/8/54 201/9/53
f 202/8/54 201/9/53 200/8/54
f 191/7/52 197/8/53 195/8/53
f 197/8/53 191/7/52 192/7/52
f 195/8/55 197/8/55 191/7/50
f 192/7/50 191/7/50 197/8/55
f 198/9/54 187/6/49 196/9/54
f 187/6/49 198/9/54 189/6/49
f 196/9/56 187/6/51 198/9/56
f 189/6/51 198/9/56 187/6/51
f 199/9/19 187/6/19 188/6/19
f 187/6/19 199/9/19 196/9/19
f 196/9/19 199/9/19 200/8/19
f 196/9/19 200/8/19 195/8/19
f 195/8/19 200/8/19 193/7/19
f 195/8/19 193/7/19 191/7/19
f 188/6/20 187/6/20 199/9/20
f 196/9/20 199/9/20 187/6/20
f 200/8/20 199/9/20 196/9/20
f 195/8/20 200/8/20 196/9/20
f 193/7/20 200/8/20 195/8/20
f 191/7/20 193/7/20 195/8/20
f 198/9/20 190/6/20 189/6/20
f 190/6/20 198/9/20 201/9/20
f 201/9/20 198/9/20 197/8/20
f 201/9/20 197/8/20 202/8/20
f 202/8/20 197/8/20 192/7/20
f 202/8/20 192/7/20 194/7/20
f 189/6/19 190/6/19 198/9/19
f 201/9/19 198/9/19 190/6/19
f 197/8/19 198/9/19 201/9/19
f 202/8/19 197/8/19 201/9/19
f 192/7/19 197/8/19 202/8/19
f 194/7/19 192/7/19 202/8/19
f 190/6/50 199/9/55 188/6/50
f 199/9/55 190/6/50 201/9/55
f 188/6/52 199/9/53 190/6/52
f 201/9/53 190/6/52 199/9/53
f 200/8/56 194/7/51 193/7/51
f 194/7/51 200/8/56 202/8/56
f 193/7/49 194/7/49 200/8/54
f 202/8/54 200/8/54 194/7/49
f 205/10/57 204/10/58 203/10/57
f 204/10/58 205/10/57 206/10/58
f 203/10/59 204/10/60 205/10/59
f 206/10/60 205/10/59 204/10/60
f 209/11/59 208/11/60 207/11/60
f 208/11/60 209/11/59 210/11/59
f 207/11/58 208/11/58 209/11/57
f 210/11/57 209/11/57 208/11/58
f 212/12/61 203/10/57 211/12/61
f 203/10/57 212/12/61 205/10/57
f 211/12/62 203/10/59 212/12/62
f 205/10/59 212/12/62 203/10/59
f 206/10/58 213/12/63 204/10/58
f 213/12/63 206/10/58 214/12/63
f 204/10/60 213/12/64 206/10/60
f 214/12/64 206/10/60 213/12/64
f 211/12/61 215/13/64 212/12/61
f 215/13/64 211/12/61 216/13/64
f 212/12/62 215/13/63 211/12/62
f 216/13/63 211/12/62 215/13/63
f 207/11/60 215/13/64 216/13/64
f 215/13/64 207/11/60 208/11/60
f 216/13/63 215/13/63 207/11/58
f 208/11/58 207/11/58 215/13/63
f 216/13/17 209/11/17 207/11/17
f 209/11/17 216/13/17 217/13/17
f 217/13/17 216/13/17 211/12/17
f 217/13/17 211/12/17 213/12/17
f 213/12/17 211/12/17 203/10/17
f 213/12/17 203/10/17 204/10/17
f 207/11/15 209/11/15 216/13/15
f 217/13/15 216/13/15 209/11/15
f 211/12/15 216/13/15 217/13/15
f 213/12/15 211/12/15 217/13/15
f 203/10/15 211/12/15 213/12/15
f 204/10/15 203/10/15 213/12/15
f 218/13/15 208/11/15 210/11/15
f 208/11/15 218/13/15 215/13/15
f 215/13/15 218/13/15 214/12/15
f 215/13/15 214/12/15 212/12/15
f 212/12/15 214/12/15 206/10/15
f 212/12/15 206/10/15 205/10/15
f 210/11/17 208/11/17 218/13/17
f 215/13/17 218/13/17 208/11/17
f 214/12/17 218/13/17 215/13/17
f 212/12/17 214/12/17 215/13/17
f 206/10/17 214/12/17 212/12/17
f 205/10/17 206/10/17 212/12/17
f 217/13/62 210/11/59 209/11/59
f 210/11/59 217/13/62 218/13/62
f 209/11/57 210/11/57 217/13/61
f 218/13/61 217/13/61 210/11/57
f 217/13/62 214/12/63 218/13/62
f 214/12/63 217/13/62 213/12/63
f 218/13/61 214/12/64 217/13/61
f 213/12/64 217/13/61 214/12/64
f 221/14/49 220/14/50 219/14/49
f 220/14/50 221/14/49 222/14/50
f 219/14/51 220/14/52 221/14/51
f 222/14/52 221/14/51 220/14/52
f 225/15/51 224/15/52 223/15/52
f 224/15/52 225/15/51 226/15/51
f 223/15/50 224/15/50 225/15/49
f 226/15/49 225/15/49 224/15/50
f 223/15/52 228/16/53 227/16/53
f 228/16/53 223/15/52 224/15/52
f 227/16/55 228/16/55 223/15/50
f 224/15/50 223/15/50 228/16/55
f 230/17/54 219/14/49 229/17/54
f 219/14/49 230/17/54 221/14/49
f 229/17/56 219/14/51 230/17/56
f 221/14/51 230/17/56 219/14/51
f 233/17/55 232/16/56 231/17/55
f 232/16/56 233/17/55 234/16/56
f 231/17/53 232/16/54 233/17/53
f 234/16/54 233/17/53 232/16/54
f 228/16/53 229/17/54 227/16/53
f 229/17/54 228/16/53 230/17/54
f 227/16/55 229/17/56 228/16/55
f 230/17/56 228/16/55 229/17/56
f 231/17/19 219/14/19 220/14/19
f 219/14/19 231/17/19 229/17/19
f 229/17/19 231/17/19 232/16/19
f 229/17/19 232/16/19 227/16/19
f 227/16/19 232/16/19 225/15/19
f 227/16/19 225/15/19 223/15/19
f 220/14/20 219/14/20 231/17/20
f 229/17/20 231/17/20 219/14/20
f 232/16/20 231/17/20 229/17/20
f 227/16/20 232/16/20 229/17/20
f 225/15/20 232/16/20 227/16/20
f 223/15/20 225/15/20 227/16/20
f 222/14/50 231/17/55 220/14/50
f 231/17/55 222/14/50 233/17/55
f 220/14/52 231/17/53 222/14/52
f 233/17/53 222/14/52 231/17/53
f 230/17/20 222/14/20 221/14/20
f 222/14/20 230/17/20 233/17/20
f 233/17/20 230/17/20 228/16/20
f 233/17/20 228/16/20 234/16/20
f 234/16/20 228/16/20 224/15/20
f 234/16/20 224/15/20 226/15/20
f 221/14/19 222/14/19 230/17/19
f 233/17/19 230/17/19 222/14/19
f 228/16/19 230/17/19 233/17/19
f 234/16/19 228/16/19 233/17/19
f 224/15/19 228/16/19 234/16/19
f 226/15/19 224/15/19 234/16/19
f 232/16/56 226/15/51 225/15/51
f 226/15/51 232/16/56 234/16/56
f 225/15/49 226/15/49 232/16/54
f 234/16/54 232/16/54 226/15/49
f 38/5/25 236/4/25 235/5/25
f 236/4/25 38/5/25 237/4/25
f 235/5/26 236/4/26 38/5/26
f 237/4/26 38/5/26 236/4/26
f 240/5/46 239/4/23 238/4/46
f 239/4/23 240/5/46 241/5/23
f 238/4/45 239/4/24 240/5/45
f 241/5/24 240/5/45 239/4/24
f 38/5/24 242/4/24 237/4/24
f 242/4/24 38/5/24 39/5/24
f 237/4/23 242/4/23 38/5/23
f 39/5/23 38/5/23 242/4/23
f 241/5/23 236/4/48 239/4/23
f 236/4/48 241/5/23 235/5/48
f 239/4/24 236/4/47 241/5/24
f 235/5/47 241/5/24 236/4/47
f 242/4/2 236/4/2 237/4/2
f 236/4/2 242/4/2 239/4/2
f 239/4/2 242/4/2 238/4/2
f 237/4/1 236/4/1 242/4/1
f 239/4/1 242/4/1 236/4/1
f 238/4/1 242/4/1 239/4/1
f 235/5/1 39/5/1 38/5/1
f 39/5/1 235/5/1 241/5/1
f 39/5/1 241/5/1 240/5/1
f 38/5/2 39/5/2 235/5/2
f 241/5/2 235/5/2 39/5/2
f 240/5/2 241/5/2 39/5/2
f 242/4/26 240/5/26 238/4/26
f 240/5/26 242/4/26 39/5/26
f 238/4/25 240/5/25 242/4/25
f 39/5/25 242/4/25 240/5/25
f 245/3/17 244/4/23 243/4/17
f 244/4/23 245/3/17 246/3/23
f 243/4/15 244/4/24 245/3/15
f 246/3/24 245/3/15 244/4/24
f 246/3/23 247/4/20 244/4/23
f 247/4/20 246/3/23 248/3/20
f 244/4/24 247/4/19 246/3/24
f 248/3/19 246/3/24 247/4/19
f 249/3/25 247/4/25 248/3/25
f 247/4/25 249/3/25 250/4/25
f 248/3/26 247/4/26 249/3/26
f 250/4/26 249/3/26 247/4/26
f 248/3/1 251/3/1 249/3/1
f 251/3/1 248/3/1 246/3/1
f 251/3/1 246/3/1 245/3/1
f 249/3/2 251/3/2 248/3/2
f 246/3/2 248/3/2 251/3/2
f 245/3/2 246/3/2 251/3/2
f 249/3/24 252/4/24 250/4/24
f 252/4/24 249/3/24 251/3/24
f 250/4/23 252/4/23 249/3/23
f 251/3/23 249/3/23 252/4/23
f 252/4/26 245/3/26 243/4/26
f 245/3/26 252/4/26 251/3/26
f 243/4/25 245/3/25 252/4/25
f 251/3/25 252/4/25 245/3/25
f 255/6/50 254/6/49 253/6/50
f 254/6/49 255/6/50 256/6/49
f 253/6/52 254/6/51 255/6/52
f 256/6/51 255/6/52 254/6/51
f 259/7/52 258/7/51 257/7/51
f 258/7/51 259/7/52 260/7/52
f 257/7/49 258/7/49 259/7/50
f 260/7/50 259/7/50 258/7/49
f 263/8/56 262/9/55 261/8/56
f 262/9/55 263/8/56 264/9/55
f 261/8/54 262/9/53 263/8/54
f 264/9/53 263/8/54 262/9/53
f 267/9/54 266/8/53 265/9/54
f 266/8/53 267/9/54 268/8/53
f 265/9/56 266/8/55 267/9/56
f 268/8/55 267/9/56 266/8/55
f 257/7/51 263/8/56 261/8/56
f 263/8/56 257/7/51 258/7/51
f 261/8/54 263/8/54 257/7/49
f 258/7/49 257/7/49 263/8/54
f 264/9/55 253/6/50 262/9/55
f 253/6/50 264/9/55 255/6/50
f 262/9/53 253/6/52 264/9/53
f 255/6/52 264/9/53 253/6/52
f 265/9/20 253/6/20 254/6/20
f 253/6/20 265/9/20 262/9/20
f 262/9/20 265/9/20 266/8/20
f 262/9/20 266/8/20 261/8/20
f 261/8/20 266/8/20 259/7/20
f 261/8/20 259/7/20 257/7/20
f 254/6/19 253/6/19 265/9/19
f 262/9/19 265/9/19 253/6/19
f 266/8/19 265/9/19 262/9/19
f 261/8/19 266/8/19 262/9/19
f 259/7/19 266/8/19 261/8/19
f 257/7/19 259/7/19 261/8/19
f 264/9/19 256/6/19 255/6/19
f 256/6/19 264/9/19 267/9/19
f 267/9/19 264/9/19 263/8/19
f 267/9/19 263/8/19 268/8/19
f 268/8/19 263/8/19 258/7/19
f 268/8/19 258/7/19 260/7/19
f 255/6/20 256/6/20 264/9/20
f 267/9/20 264/9/20 256/6/20
f 263/8/20 264/9/20 267/9/20
f 268/8/20 263/8/20 267/9/20
f 258/7/20 263/8/20 268/8/20
f 260/7/20 258/7/20 268/8/20
f 256/6/49 265/9/54 254/6/49
f 265/9/54 256/6/49 267/9/54
f 254/6/51 265/9/56 256/6/51
f 267/9/56 256/6/51 265/9/56
f 266/8/53 260/7/52 259/7/52
f 260/7/52 266/8/53 268/8/53
f 259/7/50 260/7/50 266/8/55
f 268/8/55 266/8/55 260/7/50
f 271/10/58 270/10/57 269/10/58
f 270/10/57 271/10/58 272/10/57
f 269/10/60 270/10/59 271/10/60
f 272/10/59 271/10/60 270/10/59
f 275/11/60 274/11/59 273/11/59
f 274/11/59 275/11/60 276/11/60
f 273/11/57 274/11/57 275/11/58
f 276/11/58 275/11/58 274/11/57
f 278/12/63 269/10/58 277/12/63
f 269/10/58 278/12/63 271/10/58
f 277/12/64 269/10/60 278/12/64
f 271/10/60 278/12/64 269/10/60
f 272/10/57 279/12/61 270/10/57
f 279/12/61 272/10/57 280/12/61
f 270/10/59 279/12/62 272/10/59
f 280/12/62 272/10/59 279/12/62
f 277/12/63 281/13/62 278/12/63
f 281/13/62 277/12/63 282/13/62
f 278/12/64 281/13/61 277/12/64
f 282/13/61 277/12/64 281/13/61
f 273/11/59 281/13/62 282/13/62
f 281/13/62 273/11/59 274/11/59
f 282/13/61 281/13/61 273/11/57
f 274/11/57 273/11/57 281/13/61
f 282/13/15 275/11/15 273/11/15
f 275/11/15 282/13/15 283/13/15
f 283/13/15 282/13/15 277/12/15
f 283/13/15 277/12/15 279/12/15
f 279/12/15 277/12/15 269/10/15
f 279/12/15 269/10/15 270/10/15
f 273/11/17 275/11/17 282/13/17
f 283/13/17 282/13/17 275/11/17
f 277/12/17 282/13/17 283/13/17
f 279/12/17 277/12/17 283/13/17
f 269/10/17 277/12/17 279/12/17
f 270/10/17 269/10/17 279/12/17
f 284/13/17 274/11/17 276/11/17
f 274/11/17 284/13/17 281/13/17
f 281/13/17 284/13/17 280/12/17
f 281/13/17 280/12/17 278/12/17
f 278/12/17 280/12/17 272/10/17
f 278/12/17 272/10/17 271/10/17
f 276/11/15 274/11/15 284/13/15
f 281/13/15 284/13/15 274/11/15
f 280/12/15 284/13/15 281/13/15
f 278/12/15 280/12/15 281/13/15
f 272/10/15 280/12/15 278/12/15
f 271/10/15 272/10/15 278/12/15
f 283/13/64 276/11/60 275/11/60
f 276/11/60 283/13/64 284/13/64
f 275/11/58 276/11/58 283/13/63
f 284/13/63 283/13/63 276/11/58
f 283/13/64 280/12/61 284/13/64
f 280/12/61 283/13/64 279/12/61
f 284/13/63 280/12/62 283/13/63
f 279/12/62 283/13/63 280/12/62
f 287/14/50 286/14/49 285/14/50
f 286/14/49 287/14/50 288/14/49
f 285/14/52 286/14/51 287/14/52
f 288/14/51 287/14/52 286/14/51
f 291/15/52 290/15/51 289/15/51
f 290/15/51 291/15/52 292/15/52
f 289/15/49 290/15/49 291/15/50
f 292/15/50 291/15/50 290/15/49
f 289/15/51 294/16/56 293/16/56
f 294/16/56 289/15/51 290/15/51
f 293/16/54 294/16/54 289/15/49
f 290/15/49 289/15/49 294/16/54
f 296/17/55 285/14/50 295/17/55
f 285/14/50 296/17/55 287/14/50
f 295/17/53 285/14/52 296/17/53
f 287/14/52 296/17/53 285/14/52
f 299/17/54 298/16/53 297/17/54
f 298/16/53 299/17/54 300/16/53
f 297/17/56 298/16/55 299/17/56
f 300/16/55 299/17/56 298/16/55
f 294/16/56 295/17/55 293/16/56
f 295/17/55 294/16/56 296/17/55
f 293/16/54 295/17/53 294/16/54
f 296/17/53 294/16/54 295/17/53
f 297/17/20 285/14/20 286/14/20
f 285/14/20 297/17/20 295/17/20
f 295/17/20 297/17/20 298/16/20
f 295/17/20 298/16/20 293/16/20
f 293/16/20 298/16/20 291/15/20
f 293/16/20 291/15/20 289/15/20
f 286/14/19 285/14/19 297/17/19
f 295/17/19 297/17/19 285/14/19
f 298/16/19 297/17/19 295/17/19
f 293/16/19 298/16/19 295/17/19
f 291/15/19 298/16/19 293/16/19
f 289/15/19 291/15/19 293/16/19
f 288/14/49 297/17/54 286/14/49
f 297/17/54 288/14/49 299/17/54
f 286/14/51 297/17/56 288/14/51
f 299/17/56 288/14/51 297/17/56
f 296/17/19 288/14/19 287/14/19
f 288/14/19 296/17/19 299/17/19
f 299/17/19 296/17/19 294/16/19
f 299/17/19 294/16/19 300/16/19
f 300/16/19 294/16/19 290/15/19
f 300/16/19 290/15/19 292/15/19
f 287/14/20 288/14/20 296/17/20
f 299/17/20 296/17/20 288/14/20
f 294/16/20 296/17/20 299/17/20
f 300/16/20 294/16/20 299/17/20
f 290/15/20 294/16/20 300/16/20
f 292/15/20 290/15/20 300/16/20
f 298/16/53 292/15/52 291/15/52
f 292/15/52 298/16/53 300/16/53
f 291/15/50 292/15/50 298/16/55
f 300/16/55 298/16/55 292/15/50
f 303/5/25 302/4/25 301/5/25
f 302/4/25 303/5/25 304/4/25
f 301/5/26 302/4/26 303/5/26
f 304/4/26 303/5/26 302/4/26
f 307/5/46 306/4/23 305/4/46
f 306/4/23 307/5/46 308/5/23
f 305/4/45 306/4/24 307/5/45
f 308/5/24 307/5/45 306/4/24
f 303/5/24 309/4/24 304/4/24
f 309/4/24 303/5/24 310/5/24
f 304/4/23 309/4/23 303/5/23
f 310/5/23 303/5/23 309/4/23
f 308/5/23 302/4/48 306/4/23
f 302/4/48 308/5/23 301/5/48
f 306/4/24 302/4/47 308/5/24
f 301/5/47 308/5/24 302/4/47
f 309/4/2 302/4/2 304/4/2
f 302/4/2 309/4/2 306/4/2
f 306/4/2 309/4/2 305/4/2
f 304/4/1 302/4/1 309/4/1
f 306/4/1 309/4/1 302/4/1
f 305/4/1 309/4/1 306/4/1
f 301/5/1 310/5/1 303/5/1
f 310/5/1 301/5/1 308/5/1
f 310/5/1 308/5/1 307/5/1
f 303/5/2 310/5/2 301/5/2
f 308/5/2 301/5/2 310/5/2
f 307/5/2 308/5/2 310/5/2
f 309/4/26 307/5/26 305/4/26
f 307/5/26 309/4/26 310/5/26
f 305/4/25 307/5/25 309/4/25
f 310/5/25 309/4/25 307/5/25
f 313/3/17 312/4/23 311/4/17
f 312/4/23 313/3/17 314/3/23
f 311/4/15 312/4/24 313/3/15
f 314/3/24 313/3/15 312/4/24
f 314/3/23 315/4/20 312/4/23
f 315/4/20 314/3/23 316/3/20
f 312/4/24 315/4/19 314/3/24
f 316/3/19 314/3/24 315/4/19
f 317/3/25 315/4/25 316/3/25
f 315/4/25 317/3/25 318/4/25
f 316/3/26 315/4/26 317/3/26
f 318/4/26 317/3/26 315/4/26
f 316/3/1 319/3/1 317/3/1
f 319/3/1 316/3/1 314/3/1
f 319/3/1 314/3/1 313/3/1
f 317/3/2 319/3/2 316/3/2
f 314/3/2 316/3/2 319/3/2
f 313/3/2 314/3/2 319/3/2
f 317/3/24 320/4/24 318/4/24
f 320/4/24 317/3/24 319/3/24
f 318/4/23 320/4/23 317/3/23
f 319/3/23 317/3/23 320/4/23
f 320/4/26 313/3/26 311/4/26
f 313/3/26 320/4/26 319/3/26
f 311/4/25 313/3/25 320/4/25
f 319/3/25 320/4/25 313/3/25
f 323/6/50 322/6/49 321/6/50
f 322/6/49 323/6/50 324/6/49
f 321/6/52 322/6/51 323/6/52
f 324/6/51 323/6/52 322/6/51
f 327/7/52 326/7/51 325/7/51
f 326/7/51 327/7/52 328/7/52
f 325/7/49 326/7/49 327/7/50
f 328/7/50 327/7/50 326/7/49
f 331/8/56 330/9/55 329/8/56
f 330/9/55 331/8/56 332/9/55
f 329/8/54 330/9/53 331/8/54
f 332/9/53 331/8/54 330/9/53
f 335/9/54 334/8/53 333/9/54
f 334/8/53 335/9/54 336/8/53
f 333/9/56 334/8/55 335/9/56
f 336/8/55 335/9/56 334/8/55
f 325/7/51 331/8/56 329/8/56
f 331/8/56 325/7/51 326/7/51
f 329/8/54 331/8/54 325/7/49
f 326/7/49 325/7/49 331/8/54
f 332/9/55 321/6/50 330/9/55
f 321/6/50 332/9/55 323/6/50
f 330/9/53 321/6/52 332/9/53
f 323/6/52 332/9/53 321/6/52
f 333/9/20 321/6/20 322/6/20
f 321/6/20 333/9/20 330/9/20
f 330/9/20 333/9/20 334/8/20
f 330/9/20 334/8/20 329/8/20
f 329/8/20 334/8/20 327/7/20
f 329/8/20 327/7/20 325/7/20
f 322/6/19 321/6/19 333/9/19
f 330/9/19 333/9/19 321/6/19
f 334/8/19 333/9/19 330/9/19
f 329/8/19 334/8/19 330/9/19
f 327/7/19 334/8/19 329/8/19
f 325/7/19 327/7/19 329/8/19
f 332/9/19 324/6/19 323/6/19
f 324/6/19 332/9/19 335/9/19
f 335/9/19 332/9/19 331/8/19
f 335/9/19 331/8/19 336/8/19
f 336/8/19 331/8/19 326/7/19
f 336/8/19 326/7/19 328/7/19
f 323/6/20 324/6/20 332/9/20
f 335/9/20 332/9/20 324/6/20
f 331/8/20 332/9/20 335/9/20
f 336/8/20 331/8/20 335/9/20
f 326/7/20 331/8/20 336/8/20
f 328/7/20 326/7/20 336/8/20
f 324/6/49 333/9/54 322/6/49
f 333/9/54 324/6/49 335/9/54
f 322/6/51 333/9/56 324/6/51
f 335/9/56 324/6/51 333/9/56
f 334/8/53 328/7/52 327/7/52
f 328/7/52 334/8/53 336/8/53
f 327/7/50 328/7/50 334/8/55
f 336/8/55 334/8/55 328/7/50
f 339/10/58 338/10/57 337/10/58
f 338/10/57 339/10/58 340/10/57
f 337/10/60 338/10/59 339/10/60
f 340/10/59 339/10/60 338/10/59
f 343/11/60 342/11/59 341/11/59
f 342/11/59 343/11/60 344/11/60
f 341/11/57 342/11/57 343/11/58
f 344/11/58 343/11/58 342/11/57
f 346/12/63 337/10/58 345/12/63
f 337/10/58 346/12/63 339/10/58
f 345/12/64 337/10/60 346/12/64
f 339/10/60 346/12/64 337/10/60
f 340/10/57 347/12/61 338/10/57
f 347/12/61 340/10/57 348/12/61
f 338/10/59 347/12/62 340/10/59
f 348/12/62 340/10/59 347/12/62
f 345/12/63 349/13/62 346/12/63
f 349/13/62 345/12/63 350/13/62
f 346/12/64 349/13/61 345/12/64
f 350/13/61 345/12/64 349/13/61
f 341/11/59 349/13/62 350/13/62
f 349/13/62 341/11/59 342/11/59
f 350/13/61 349/13/61 341/11/57
f 342/11/57 341/11/57 349/13/61
f 350/13/15 343/11/15 341/11/15
f 343/11/15 350/13/15 351/13/15
f 351/13/15 350/13/15 345/12/15
f 351/13/15 345/12/15 347/12/15
f 347/12/15 345/12/15 337/10/15
f 347/12/15 337/10/15 338/10/15
f 341/11/17 343/11/17 350/13/17
f 351/13/17 350/13/17 343/11/17
f 345/12/17 350/13/17 351/13/17
f 347/12/17 345/12/17 351/13/17
f 337/10/17 345/12/17 347/12/17
f 338/10/17 337/10/17 347/12/17
f 352/13/17 342/11/17 344/11/17
f 342/11/17 352/13/17 349/13/17
f 349/13/17 352/13/17 348/12/17
f 349/13/17 348/12/17 346/12/17
f 346/12/17 348/12/17 340/10/17
f 346/12/17 340/10/17 339/10/17
f 344/11/15 342/11/15 352/13/15
f 349/13/15 352/13/15 342/11/15
f 348/12/15 352/13/15 349/13/15
f 346/12/15 348/12/15 349/13/15
f 340/10/15 348/12/15 346/12/15
f 339/10/15 340/10/15 346/12/15
f 351/13/64 344/11/60 343/11/60
f 344/11/60 351/13/64 352/13/64
f 343/11/58 344/11/58 351/13/63
f 352/13/63 351/13/63 344/11/58
f 351/13/64 348/12/61 352/13/64
f 348/12/61 351/13/64 347/12/61
f 352/13/63 348/12/62 351/13/63
f 347/12/62 351/13/63 348/12/62
f 355/14/50 354/14/49 353/14/50
f 354/14/49 355/14/50 356/14/49
f 353/14/52 354/14/51 355/14/52
f 356/14/51 355/14/52 354/14/51
f 359/15/52 358/15/51 357/15/51
f 358/15/51 359/15/52 360/15/52
f 357/15/49 358/15/49 359/15/50
f 360/15/50 359/15/50 358/15/49
f 357/15/51 362/16/56 361/16/56
f 362/16/56 357/15/51 358/15/51
f 361/16/54 362/16/54 357/15/49
f 358/15/49 357/15/49 362/16/54
f 364/17/55 353/14/50 363/17/55
f 353/14/50 364/17/55 355/14/50
f 363/17/53 353/14/52 364/17/53
f 355/14/52 364/17/53 353/14/52
f 367/17/54 366/16/53 365/17/54
f 366/16/53 367/17/54 368/16/53
f 365/17/56 366/16/55 367/17/56
f 368/16/55 367/17/56 366/16/55
f 362/16/56 363/17/55 361/16/56
f 363/17/55 362/16/56 364/17/55
f 361/16/54 363/17/53 362/16/54
f 364/17/53 362/16/54 363/17/53
f 365/17/20 353/14/20 354/14/20
f 353/14/20 365/17/20 363/17/20
f 363/17/20 365/17/20 366/16/20
f 363/17/20 366/16/20 361/16/20
f 361/16/20 366/16/20 359/15/20
f 361/16/20 359/15/20 357/15/20
f 354/14/19 353/14/19 365/17/19
f 363/17/19 365/17/19 353/14/19
f 366/16/19 365/17/19 363/17/19
f 361/16/19 366/16/19 363/17/19
f 359/15/19 366/16/19 361/16/19
f 357/15/19 359/15/19 361/16/19
f 356/14/49 365/17/54 354/14/49
f 365/17/54 356/14/49 367/17/54
f 354/14/51 365/17/56 356/14/51
f 367/17/56 356/14/51 365/17/56
f 364/17/19 356/14/19 355/14/19
f 356/14/19 364/17/19 367/17/19
f 367/17/19 364/17/19 362/16/19
f 367/17/19 362/16/19 368/16/19
f 368/16/19 362/16/19 358/15/19
f 368/16/19 358/15/19 360/15/19
f 355/14/20 356/14/20 364/17/20
f 367/17/20 364/17/20 356/14/20
f 362/16/20 364/17/20 367/17/20
f 368/16/20 362/16/20 367/17/20
f 358/15/20 362/16/20 368/16/20
f 360/15/20 358/15/20 368/16/20
f 366/16/53 360/15/52 359/15/52
f 360/15/52 366/16/53 368/16/53
f 359/15/50 360/15/50 366/16/55
f 368/16/55 366/16/55 360/15/50
f 371/3/27 370/4/27 369/3/27
f 370/4/27 371/3/27 372/4/27
f 369/3/28 370/4/28 371/3/28
f 372/4/28 371/3/28 370/4/28
f 371/3/29 373/4/29 372/4/29
f 373/4/29 371/3/29 374/3/29
f 372/4/30 373/4/30 371/3/30
f 374/3/30 371/3/30 373/4/30
f 375/4/35 369/3/37 370/4/37
f 369/3/37 375/4/35 376/3/35
f 370/4/38 369/3/38 375/4/36
f 376/3/36 375/4/36 369/3/38
f 373/4/32 378/3/31 377/4/31
f 378/3/31 373/4/32 374/3/32
f 377/4/34 378/3/34 373/4/33
f 374/3/33 373/4/33 378/3/34
f 376/3/1 371/3/1 369/3/1
f 371/3/1 376/3/1 374/3/1
f 374/3/1 376/3/1 378/3/1
f 369/3/2 371/3/2 376/3/2
f 374/3/2 376/3/2 371/3/2
f 378/3/2 376/3/2 374/3/2
f 378/3/31 375/4/35 377/4/31
f 375/4/35 378/3/31 376/3/35
f 377/4/34 375/4/36 378/3/34
f 376/3/36 378/3/34 375/4/36
f 381/5/29 380/4/29 379/4/29
f 380/4/29 381/5/29 382/5/29
f 379/4/30 380/4/30 381/5/30
f 382/5/30 381/5/30 380/4/30
f 381/5/27 384/4/27 383/5/27
f 384/4/27 381/5/27 379/4/27
f 383/5/28 384/4/28 381/5/28
f 379/4/28 381/5/28 384/4/28
f 385/5/1 381/5/1 383/5/1
f 381/5/1 385/5/1 382/5/1
f 382/5/1 385/5/1 386/5/1
f 383/5/2 381/5/2 385/5/2
f 382/5/2 385/5/2 381/5/2
f 386/5/2 385/5/2 382/5/2
f 380/4/2 384/4/2 379/4/2
f 384/4/2 380/4/2 387/4/2
f 387/4/2 380/4/2 388/4/2
f 379/4/1 384/4/1 380/4/1
f 387/4/1 380/4/1 384/4/1
f 388/4/1 380/4/1 387/4/1
f 380/4/32 386/5/31 388/4/31
f 386/5/31 380/4/32 382/5/32
f 388/4/34 386/5/34 380/4/33
f 382/5/33 380/4/33 386/5/34
f 386/5/31 387/4/65 388/4/31
f 387/4/65 386/5/31 385/5/65
f 388/4/34 387/4/66 386/5/34
f 385/5/66 386/5/34 387/4/66
f 387/4/65 383/5/37 384/4/37
f 383/5/37 387/4/65 385/5/65
f 384/4/38 383/5/38 387/4/66
f 385/5/66 387/4/66 383/5/38
f 391/3/1 390/3/1 389/3/1
f 390/3/1 391/3/1 392/3/1
f 390/3/1 392/3/1 393/3/1
f 389/3/2 390/3/2 391/3/2
f 392/3/2 391/3/2 390/3/2
f 393/3/2 392/3/2 390/3/2
f 395/4/4 393/3/4 394/4/4
f 393/3/4 395/4/4 390/3/4
f 394/4/3 393/3/3 395/4/3
f 390/3/3 395/4/3 393/3/3
f 393/3/41 396/4/6 394/4/41
f 396/4/6 393/3/41 392/3/6
f 394/4/42 396/4/5 393/3/42
f 392/3/5 393/3/42 396/4/5
f 389/3/5 395/4/5 397/4/5
f 395/4/5 389/3/5 390/3/5
f 397/4/6 395/4/6 389/3/6
f 390/3/6 389/3/6 395/4/6
f 389/3/3 398/4/3 391/3/3
f 398/4/3 389/3/3 397/4/3
f 391/3/4 398/4/4 389/3/4
f 397/4/4 389/3/4 398/4/4
f 392/3/6 398/4/39 396/4/6
f 398/4/39 392/3/6 391/3/39
f 396/4/5 398/4/40 392/3/5
f 391/3/40 392/3/5 398/4/40
f 401/5/5 400/4/5 399/4/5
f 400/4/5 401/5/5 402/5/5
f 399/4/6 400/4/6 401/5/6
f 402/5/6 401/5/6 400/4/6
f 403/5/1 402/5/1 401/5/1
f 402/5/1 403/5/1 404/5/1
f 402/5/1 404/5/1 405/5/1
f 401/5/2 402/5/2 403/5/2
f 404/5/2 403/5/2 402/5/2
f 405/5/2 404/5/2 402/5/2
f 404/5/6 407/4/67 406/4/6
f 407/4/67 404/5/6 403/5/67
f 406/4/5 407/4/68 404/5/5
f 403/5/68 404/5/5 407/4/68
f 401/5/3 407/4/3 403/5/3
f 407/4/3 401/5/3 399/4/3
f 403/5/4 407/4/4 401/5/4
f 399/4/4 401/5/4 407/4/4
f 400/4/4 405/5/4 408/4/4
f 405/5/4 400/4/4 402/5/4
f 408/4/3 405/5/3 400/4/3
f 402/5/3 400/4/3 405/5/3
f 400/4/2 407/4/2 399/4/2
f 407/4/2 400/4/2 406/4/2
f 406/4/2 400/4/2 408/4/2
f 399/4/1 407/4/1 400/4/1
f 406/4/1 400/4/1 407/4/1
f 408/4/1 400/4/1 406/4/1
f 405/5/69 406/4/6 408/4/69
f 406/4/6 405/5/69 404/5/6
f 408/4/70 406/4/5 405/5/70
f 404/5/5 405/5/70 406/4/5
f 411/18/72 410/18/71 409/18/71
f 410/18/71 411/18/72 412/18/72
f 409/18/74 410/18/74 411/18/73
f 412/18/73 411/18/73 410/18/74
f 415/19/75 414/20/73 413/19/75
f 414/20/73 415/19/75 416/20/73
f 413/19/76 414/20/72 415/19/76
f 416/20/72 415/19/76 414/20/72
f 413/19/75 417/21/77 415/19/75
f 417/21/77 413/19/75 418/21/77
f 415/19/76 417/21/78 413/19/76
f 418/21/78 413/19/76 417/21/78
f 419/21/76 412/18/72 411/18/72
f 412/18/72 419/21/76 420/21/76
f 411/18/73 412/18/73 419/21/75
f 420/21/75 419/21/75 412/18/73
f 416/20/73 421/20/74 414/20/73
f 421/20/74 416/20/73 422/20/74
f 414/20/72 421/20/71 416/20/72
f 422/20/71 416/20/72 421/20/71
f 420/21/41 410/18/41 412/18/41
f 410/18/41 420/21/41 417/21/41
f 417/21/41 420/21/41 423/19/41
f 417/21/41 423/19/41 415/19/41
f 415/19/41 423/19/41 422/20/41
f 415/19/41 422/20/41 416/20/41
f 412/18/42 410/18/42 420/21/42
f 417/21/42 420/21/42 410/18/42
f 423/19/42 420/21/42 417/21/42
f 415/19/42 423/19/42 417/21/42
f 422/20/42 423/19/42 415/19/42
f 416/20/42 422/20/42 415/19/42
f 418/21/42 411/18/42 409/18/42
f 411/18/42 418/21/42 419/21/42
f 419/21/42 418/21/42 413/19/42
f 419/21/42 413/19/42 424/19/42
f 424/19/42 413/19/42 414/20/42
f 424/19/42 414/20/42 421/20/42
f 409/18/41 411/18/41 418/21/41
f 419/21/41 418/21/41 411/18/41
f 413/19/41 418/21/41 419/21/41
f 424/19/41 413/19/41 419/21/41
f 414/20/41 413/19/41 424/19/41
f 421/20/41 414/20/41 424/19/41
f 419/21/76 423/19/78 420/21/76
f 423/19/78 419/21/76 424/19/78
f 420/21/75 423/19/77 419/21/75
f 424/19/77 419/21/75 423/19/77
f 422/20/74 424/19/78 421/20/74
f 424/19/78 422/20/74 423/19/78
f 421/20/71 424/19/77 422/20/71
f 423/19/77 422/20/71 424/19/77
f 409/18/71 417/21/77 418/21/77
f 417/21/77 409/18/71 410/18/71
f 418/21/78 417/21/78 409/18/74
f 410/18/74 409/18/74 417/21/78
f 427/3/1 426/3/1 425/3/1
f 426/3/1 427/3/1 428/3/1
f 426/3/1 428/3/1 429/3/1
f 425/3/2 426/3/2 427/3/2
f 428/3/2 427/3/2 426/3/2
f 429/3/2 428/3/2 426/3/2
f 431/4/4 429/3/4 430/4/4
f 429/3/4 431/4/4 426/3/4
f 430/4/3 429/3/3 431/4/3
f 426/3/3 431/4/3 429/3/3
f 429/3/41 432/4/6 430/4/41
f 432/4/6 429/3/41 428/3/6
f 430/4/42 432/4/5 429/3/42
f 428/3/5 429/3/42 432/4/5
f 425/3/5 431/4/5 433/4/5
f 431/4/5 425/3/5 426/3/5
f 433/4/6 431/4/6 425/3/6
f 426/3/6 425/3/6 431/4/6
f 425/3/3 434/4/3 427/3/3
f 434/4/3 425/3/3 433/4/3
f 427/3/4 434/4/4 425/3/4
f 433/4/4 425/3/4 434/4/4
f 428/3/6 434/4/39 432/4/6
f 434/4/39 428/3/6 427/3/39
f 432/4/5 434/4/40 428/3/5
f 427/3/40 428/3/5 434/4/40
f 437/5/5 436/4/5 435/4/5
f 436/4/5 437/5/5 438/5/5
f 435/4/6 436/4/6 437/5/6
f 438/5/6 437/5/6 436/4/6
f 439/5/1 438/5/1 437/5/1
f 438/5/1 439/5/1 440/5/1
f 438/5/1 440/5/1 441/5/1
f 437/5/2 438/5/2 439/5/2
f 440/5/2 439/5/2 438/5/2
f 441/5/2 440/5/2 438/5/2
f 440/5/6 443/4/67 442/4/6
f 443/4/67 440/5/6 439/5/67
f 442/4/5 443/4/68 440/5/5
f 439/5/68 440/5/5 443/4/68
f 437/5/3 443/4/3 439/5/3
f 443/4/3 437/5/3 435/4/3
f 439/5/4 443/4/4 437/5/4
f 435/4/4 437/5/4 443/4/4
f 436/4/4 441/5/4 444/4/4
f 441/5/4 436/4/4 438/5/4
f 444/4/3 441/5/3 436/4/3
f 438/5/3 436/4/3 441/5/3
f 436/4/2 443/4/2 435/4/2
f 443/4/2 436/4/2 442/4/2
f 442/4/2 436/4/2 444/4/2
f 435/4/1 443/4/1 436/4/1
f 442/4/1 436/4/1 443/4/1
f 444/4/1 436/4/1 442/4/1
f 441/5/69 442/4/6 444/4/69
f 442/4/6 441/5/69 440/5/6
f 444/4/70 442/4/5 441/5/70
f 440/5/5 441/5/70 442/4/5
f 447/18/72 446/18/71 445/18/71
f 446/18/71 447/18/72 448/18/72
f 445/18/74 446/18/74 447/18/73
f 448/18/73 447/18/73 446/18/74
f 451/19/75 450/20/73 449/19/75
f 450/20/73 451/19/75 452/20/73
f 449/19/76 450/20/72 451/19/76
f 452/20/72 451/19/76 450/20/72
f 449/19/75 453/21/77 451/19/75
f 453/21/77 449/19/75 454/21/77
f 451/19/76 453/21/78 449/19/76
f 454/21/78 449/19/76 453/21/78
f 455/21/76 448/18/72 447/18/72
f 448/18/72 455/21/76 456/21/76
f 447/18/73 448/18/73 455/21/75
f 456/21/75 455/21/75 448/18/73
f 452/20/73 457/20/74 450/20/73
f 457/20/74 452/20/73 458/20/74
f 450/20/72 457/20/71 452/20/72
f 458/20/71 452/20/72 457/20/71
f 456/21/41 446/18/41 448/18/41
f 446/18/41 456/21/41 453/21/41
f 453/21/41 456/21/41 459/19/41
f 453/21/41 459/19/41 451/19/41
f 451/19/41 459/19/41 458/20/41
f 451/19/41 458/20/41 452/20/41
f 448/18/42 446/18/42 456/21/42
f 453/21/42 456/21/42 446/18/42
f 459/19/42 456/21/42 453/21/42
f 451/19/42 459/19/42 453/21/42
f 458/20/42 459/19/42 451/19/42
f 452/20/42 458/20/42 451/19/42
f 454/21/42 447/18/42 445/18/42
f 447/18/42 454/21/42 455/21/42
f 455/21/42 454/21/42 449/19/42
f 455/21/42 449/19/42 460/19/42
f 460/19/42 449/19/42 450/20/42
f 460/19/42 450/20/42 457/20/42
f 445/18/41 447/18/41 454/21/41
f 455/21/41 454/21/41 447/18/41
f 449/19/41 454/21/41 455/21/41
f 460/19/41 449/19/41 455/21/41
f 450/20/41 449/19/41 460/19/41
f 457/20/41 450/20/41 460/19/41
f 455/21/76 459/19/78 456/21/76
f 459/19/78 455/21/76 460/19/78
f 456/21/75 459/19/77 455/21/75
f 460/19/77 455/21/75 459/19/77
f 458/20/74 460/19/78 457/20/74
f 460/19/78 458/20/74 459/19/78
f 457/20/71 460/19/77 458/20/71
f 459/19/77 458/20/71 460/19/77
f 445/18/71 453/21/77 454/21/77
f 453/21/77 445/18/71 446/18/71
f 454/21/78 453/21/78 445/18/74
f 446/18/74 445/18/74 453/21/78
f 463/22/1 462/22/1 461/22/1
f 462/22/1 463/22/1 464/22/1
f 461/22/2 462/22/2 463/22/2
f 464/22/2 463/22/2 462/22/2
f 467/22/1 466/22/1 465/22/1
f 466/22/1 467/22/1 468/22/1
f 465/22/2 466/22/2 467/22/2
f 468/22/2 467/22/2 466/22/2
f 471/22/81 470/23/80 469/22/79
f 470/23/80 471/22/81 472/23/82
f 469/22/85 470/23/84 471/22/83
f 472/23/86 471/22/83 470/23/84
f 474/23/88 471/22/81 473/22/87
f 471/22/81 474/23/88 472/23/82
f 473/22/90 471/22/83 474/23/89
f 472/23/86 474/23/89 471/22/83
f 477/24/93 476/22/92 475/22/91
f 476/22/92 477/24/93 478/24/94
f 475/22/97 476/22/96 477/24/95
f 478/24/98 477/24/95 476/22/96
f 476/22/92 480/24/100 479/22/99
f 480/24/100 476/22/92 478/24/94
f 479/22/102 480/24/101 476/22/96
f 478/24/98 476/22/96 480/24/101
f 483/22/105 482/24/104 481/22/103
f 482/24/104 483/22/105 484/24/106
f 481/22/109 482/24/108 483/22/107
f 484/24/110 483/22/107 482/24/108
f 482/24/104 486/24/112 485/24/111
f 486/24/112 482/24/104 484/24/106
f 485/24/114 486/24/113 482/24/108
f 484/24/110 482/24/108 486/24/113
f 486/24/112 483/22/105 487/22/115
f 483/22/105 486/24/112 484/24/106
f 487/22/116 483/22/107 486/24/113
f 484/24/110 486/24/113 483/22/107
f 482/24/104 488/22/117 481/22/103
f 488/22/117 482/24/104 485/24/111
f 481/22/109 488/22/118 482/24/108
f 485/24/114 482/24/108 488/22/118
f 485/24/111 487/22/115 488/22/117
f 487/22/115 485/24/111 486/24/112
f 488/22/118 487/22/116 485/24/114
f 486/24/113 485/24/114 487/22/116
f 490/24/120 475/22/91 489/22/119
f 475/22/91 490/24/120 477/24/93
f 489/22/122 475/22/97 490/24/121
f 477/24/95 490/24/121 475/22/97
f 470/23/80 491/22/123 469/22/79
f 491/22/123 470/23/80 492/23/124
f 469/22/85 491/22/125 470/23/84
f 492/23/126 470/23/84 491/22/125
f 480/24/100 489/22/119 479/22/99
f 489/22/119 480/24/100 490/24/120
f 479/22/102 489/22/122 480/24/101
f 490/24/121 480/24/101 489/22/122
f 480/24/100 477/24/93 490/24/120
f 477/24/93 480/24/100 478/24/94
f 490/24/121 477/24/95 480/24/101
f 478/24/98 480/24/101 477/24/95
f 495/23/129 494/23/128 493/23/127
f 494/23/128 495/23/129 496/23/130
f 493/23/133 494/23/132 495/23/131
f 496/23/134 495/23/131 494/23/132
f 492/23/124 472/23/82 474/23/88
f 472/23/82 492/23/124 470/23/80
f 474/23/89 472/23/86 492/23/126
f 470/23/84 492/23/126 472/23/86
f 497/22/135 496/23/130 495/23/129
f 496/23/130 497/22/135 498/22/136
f 495/23/131 496/23/134 497/22/137
f 498/22/138 497/22/137 496/23/134
f 501/22/141 500/23/140 499/22/139
f 500/23/140 501/22/141 502/23/142
f 499/22/145 500/23/144 501/22/143
f 502/23/146 501/22/143 500/23/144
f 497/22/135 493/23/127 503/22/147
f 493/23/127 497/22/135 495/23/129
f 503/22/148 493/23/133 497/22/137
f 495/23/131 497/22/137 493/23/133
f 496/23/130 504/22/149 494/23/128
f 504/22/149 496/23/130 498/22/136
f 494/23/132 504/22/150 496/23/134
f 498/22/138 496/23/134 504/22/150
f 507/23/153 506/22/152 505/22/151
f 506/22/152 507/23/153 508/23/154
f 505/22/157 506/22/156 507/23/155
f 508/23/158 507/23/155 506/22/156
f 493/23/127 504/22/149 503/22/147
f 504/22/149 493/23/127 494/23/128
f 503/22/148 504/22/150 493/23/133
f 494/23/132 493/23/133 504/22/150
f 499/22/139 507/23/153 505/22/151
f 507/23/153 499/22/139 500/23/140
f 505/22/157 507/23/155 499/22/145
f 500/23/144 499/22/145 507/23/155
f 502/23/142 506/22/152 508/23/154
f 506/22/152 502/23/142 501/22/141
f 508/23/158 506/22/156 502/23/146
f 501/22/143 502/23/146 506/22/156
f 500/23/140 508/23/154 507/23/153
f 508/23/154 500/23/140 502/23/142
f 507/23/155 508/23/158 500/23/144
f 502/23/146 500/23/144 508/23/158
f 492/23/124 473/22/87 491/22/123
f 473/22/87 492/23/124 474/23/88
f 491/22/125 473/22/90 492/23/126
f 474/23/89 492/23/126 473/22/90
f 511/22/81 510/23/80 509/22/79
f 510/23/80 511/22/81 512/23/82
f 509/22/85 510/23/84 511/22/83
f 512/23/86 511/22/83 510/23/84
f 514/23/88 511/22/81 513/22/87
f 511/22/81 514/23/88 512/23/82
f 513/22/90 511/22/83 514/23/89
f 512/23/86 514/23/89 511/22/83
f 517/24/93 516/22/92 515/22/91
f 516/22/92 517/24/93 518/24/94
f 515/22/97 516/22/96 517/24/95
f 518/24/98 517/24/95 516/22/96
f 516/22/92 520/24/100 519/22/99
f 520/24/100 516/22/92 518/24/94
f 519/22/102 520/24/101 516/22/96
f 518/24/98 516/22/96 520/24/101
f 523/22/105 522/24/104 521/22/103
f 522/24/104 523/22/105 524/24/106
f 521/22/109 522/24/108 523/22/107
f 524/24/110 523/22/107 522/24/108
f 522/24/104 526/24/112 525/24/111
f 526/24/112 522/24/104 524/24/106
f 525/24/114 526/24/113 522/24/108
f 524/24/110 522/24/108 526/24/113
f 526/24/112 523/22/105 527/22/115
f 523/22/105 526/24/112 524/24/106
f 527/22/116 523/22/107 526/24/113
f 524/24/110 526/24/113 523/22/107
f 522/24/104 528/22/117 521/22/103
f 528/22/117 522/24/104 525/24/111
f 521/22/109 528/22/118 522/24/108
f 525/24/114 522/24/108 528/22/118
f 525/24/111 527/22/115 528/22/117
f 527/22/115 525/24/111 526/24/112
f 528/22/118 527/22/116 525/24/114
f 526/24/113 525/24/114 527/22/116
f 530/24/120 515/22/91 529/22/119
f 515/22/91 530/24/120 517/24/93
f 529/22/122 515/22/97 530/24/121
f 517/24/95 530/24/121 515/22/97
f 510/23/80 531/22/123 509/22/79
f 531/22/123 510/23/80 532/23/124
f 509/22/85 531/22/125 510/23/84
f 532/23/126 510/23/84 531/22/125
f 520/24/100 529/22/119 519/22/99
f 529/22/119 520/24/100 530/24/120
f 519/22/102 529/22/122 520/24/101
f 530/24/121 520/24/101 529/22/122
f 520/24/100 517/24/93 530/24/120
f 517/24/93 520/24/100 518/24/94
f 530/24/121 517/24/95 520/24/101
f 518/24/98 520/24/101 517/24/95
f 535/23/129 534/23/128 533/23/127
f 534/23/128 535/23/129 536/23/130
f 533/23/133 534/23/132 535/23/131
f 536/23/134 535/23/131 534/23/132
f 532/23/124 512/23/82 514/23/88
f 512/23/82 532/23/124 510/23/80
f 514/23/89 512/23/86 532/23/126
f 510/23/84 532/23/126 512/23/86
f 537/22/135 536/23/130 535/23/129
f 536/23/130 537/22/135 538/22/136
f 535/23/131 536/23/134 537/22/137
f 538/22/138 537/22/137 536/23/134
f 541/22/141 540/23/140 539/22/139
f 540/23/140 541/22/141 542/23/142
f 539/22/145 540/23/144 541/22/143
f 542/23/146 541/22/143 540/23/144
f 537/22/135 533/23/127 543/22/147
f 533/23/127 537/22/135 535/23/129
f 543/22/148 533/23/133 537/22/137
f 535/23/131 537/22/137 533/23/133
f 536/23/130 544/22/149 534/23/128
f 544/22/149 536/23/130 538/22/136
f 534/23/132 544/22/150 536/23/134
f 538/22/138 536/23/134 544/22/150
f 547/23/153 546/22/152 545/22/151
f 546/22/152 547/23/153 548/23/154
f 545/22/157 546/22/156 547/23/155
f 548/23/158 547/23/155 546/22/156
f 533/23/127 544/22/149 543/22/147
f 544/22/149 533/23/127 534/23/128
f 543/22/148 544/22/150 533/23/133
f 534/23/132 533/23/133 544/22/150
f 539/22/139 547/23/153 545/22/151
f 547/23/153 539/22/139 540/23/140
f 545/22/157 547/23/155 539/22/145
f 540/23/144 539/22/145 547/23/155
f 542/23/142 546/22/152 548/23/154
f 546/22/152 542/23/142 541/22/141
f 548/23/158 546/22/156 542/23/146
f 541/22/143 542/23/146 546/22/156
f 540/23/140 548/23/154 547/23/153
f 548/23/154 540/23/140 542/23/142
f 547/23/155 548/23/158 540/23/144
f 542/23/146 540/23/144 548/23/158
f 532/23/124 513/22/87 531/22/123
f 513/22/87 532/23/124 514/23/88
f 531/22/125 513/22/90 532/23/126
f 514/23/89 532/23/126 513/22/90
f 551/22/123 550/23/88 549/22/87
f 550/23/88 551/22/123 552/23/124
f 549/22/90 550/23/89 551/22/125
f 552/23/126 551/22/125 550/23/89
f 554/23/80 551/22/123 553/22/79
f 551/22/123 554/23/80 552/23/124
f 553/22/85 551/22/125 554/23/84
f 552/23/126 554/23/84 551/22/125
f 557/24/100 556/22/119 555/22/99
f 556/22/119 557/24/100 558/24/120
f 555/22/102 556/22/122 557/24/101
f 558/24/121 557/24/101 556/22/122
f 556/22/119 560/24/93 559/22/91
f 560/24/93 556/22/119 558/24/120
f 559/22/97 560/24/95 556/22/122
f 558/24/121 556/22/122 560/24/95
f 563/22/117 562/24/112 561/22/115
f 562/24/112 563/22/117 564/24/111
f 561/22/116 562/24/113 563/22/118
f 564/24/114 563/22/118 562/24/113
f 562/24/112 566/24/104 565/24/106
f 566/24/104 562/24/112 564/24/111
f 565/24/110 566/24/108 562/24/113
f 564/24/114 562/24/113 566/24/108
f 566/24/104 563/22/117 567/22/103
f 563/22/117 566/24/104 564/24/111
f 567/22/109 563/22/118 566/24/108
f 564/24/114 566/24/108 563/22/118
f 562/24/112 568/22/105 561/22/115
f 568/22/105 562/24/112 565/24/106
f 561/22/116 568/22/107 562/24/113
f 565/24/110 562/24/113 568/22/107
f 565/24/106 567/22/103 568/22/105
f 567/22/103 565/24/106 566/24/104
f 568/22/107 567/22/109 565/24/110
f 566/24/108 565/24/110 567/22/109
f 570/24/94 555/22/99 569/22/92
f 555/22/99 570/24/94 557/24/100
f 569/22/96 555/22/102 570/24/98
f 557/24/101 570/24/98 555/22/102
f 550/23/88 571/22/81 549/22/87
f 571/22/81 550/23/88 572/23/82
f 549/22/90 571/22/83 550/23/89
f 572/23/86 550/23/89 571/22/83
f 560/24/93 569/22/92 559/22/91
f 569/22/92 560/24/93 570/24/94
f 559/22/97 569/22/96 560/24/95
f 570/24/98 560/24/95 569/22/96
f 560/24/93 557/24/100 570/24/94
f 557/24/100 560/24/93 558/24/120
f 570/24/98 557/24/101 560/24/95
f 558/24/121 560/24/95 557/24/101
f 575/23/161 574/23/160 573/23/159
f 574/23/160 575/23/161 576/23/162
f 573/23/165 574/23/164 575/23/163
f 576/23/166 575/23/163 574/23/164
f 572/23/82 552/23/124 554/23/80
f 552/23/124 572/23/82 550/23/88
f 554/23/84 552/23/126 572/23/86
f 550/23/89 572/23/86 552/23/126
f 577/22/167 576/23/162 575/23/161
f 576/23/162 577/22/167 578/22/168
f 575/23/163 576/23/166 577/22/169
f 578/22/170 577/22/169 576/23/166
f 581/22/151 580/23/154 579/22/152
f 580/23/154 581/22/151 582/23/153
f 579/22/156 580/23/158 581/22/157
f 582/23/155 581/22/157 580/23/158
f 577/22/167 573/23/159 583/22/171
f 573/23/159 577/22/167 575/23/161
f 583/22/172 573/23/165 577/22/169
f 575/23/163 577/22/169 573/23/165
f 576/23/162 584/22/173 574/23/160
f 584/22/173 576/23/162 578/22/168
f 574/23/164 584/22/174 576/23/166
f 578/22/170 576/23/166 584/22/174
f 587/23/142 586/22/139 585/22/141
f 586/22/139 587/23/142 588/23/140
f 585/22/143 586/22/145 587/23/146
f 588/23/144 587/23/146 586/22/145
f 573/23/159 584/22/173 583/22/171
f 584/22/173 573/23/159 574/23/160
f 583/22/172 584/22/174 573/23/165
f 574/23/164 573/23/165 584/22/174
f 579/22/152 587/23/142 585/22/141
f 587/23/142 579/22/152 580/23/154
f 585/22/143 587/23/146 579/22/156
f 580/23/158 579/22/156 587/23/146
f 582/23/153 586/22/139 588/23/140
f 586/22/139 582/23/153 581/22/151
f 588/23/144 586/22/145 582/23/155
f 581/22/157 582/23/155 586/22/145
f 580/23/154 588/23/140 587/23/142
f 588/23/140 580/23/154 582/23/153
f 587/23/146 588/23/144 580/23/158
f 582/23/155 580/23/158 588/23/144
f 572/23/82 553/22/79 571/22/81
f 553/22/79 572/23/82 554/23/80
f 571/22/83 553/22/85 572/23/86
f 554/23/84 572/23/86 553/22/85
f 591/22/123 590/23/88 589/22/87
f 590/23/88 591/22/123 592/23/124
f 589/22/90 590/23/89 591/22/125
f 592/23/126 591/22/125 590/23/89
f 594/23/80 591/22/123 593/22/79
f 591/22/123 594/23/80 592/23/124
f 593/22/85 591/22/125 594/23/84
f 592/23/126 594/23/84 591/22/125
f 597/24/100 596/22/119 595/22/99
f 596/22/119 597/24/100 598/24/120
f 595/22/102 596/22/122 597/24/101
f 598/24/121 597/24/101 596/22/122
f 596/22/119 600/24/93 599/22/91
f 600/24/93 596/22/119 598/24/120
f 599/22/97 600/24/95 596/22/122
f 598/24/121 596/22/122 600/24/95
f 603/22/117 602/24/112 601/22/115
f 602/24/112 603/22/117 604/24/111
f 601/22/116 602/24/113 603/22/118
f 604/24/114 603/22/118 602/24/113
f 602/24/112 606/24/104 605/24/106
f 606/24/104 602/24/112 604/24/111
f 605/24/110 606/24/108 602/24/113
f 604/24/114 602/24/113 606/24/108
f 606/24/104 603/22/117 607/22/103
f 603/22/117 606/24/104 604/24/111
f 607/22/109 603/22/118 606/24/108
f 604/24/114 606/24/108 603/22/118
f 602/24/112 608/22/105 601/22/115
f 608/22/105 602/24/112 605/24/106
f 601/22/116 608/22/107 602/24/113
f 605/24/110 602/24/113 608/22/107
f 605/24/106 607/22/103 608/22/105
f 607/22/103 605/24/106 606/24/104
f 608/22/107 607/22/109 605/24/110
f 606/24/108 605/24/110 607/22/109
f 610/24/94 595/22/99 609/22/92
f 595/22/99 610/24/94 597/24/100
f 609/22/96 595/22/102 610/24/98
f 597/24/101 610/24/98 595/22/102
f 590/23/88 611/22/81 589/22/87
f 611/22/81 590/23/88 612/23/82
f 589/22/90 611/22/83 590/23/89
f 612/23/86 590/23/89 611/22/83
f 600/24/93 609/22/92 599/22/91
f 609/22/92 600/24/93 610/24/94
f 599/22/97 609/22/96 600/24/95
f 610/24/98 600/24/95 609/22/96
f 600/24/93 597/24/100 610/24/94
f 597/24/100 600/24/93 598/24/120
f 610/24/98 597/24/101 600/24/95
f 598/24/121 600/24/95 597/24/101
f 615/23/161 614/23/160 613/23/159
f 614/23/160 615/23/161 616/23/162
f 613/23/165 614/23/164 615/23/163
f 616/23/166 615/23/163 614/23/164
f 612/23/82 592/23/124 594/23/80
f 592/23/124 612/23/82 590/23/88
f 594/23/84 592/23/126 612/23/86
f 590/23/89 612/23/86 592/23/126
f 617/22/167 616/23/162 615/23/161
f 616/23/162 617/22/167 618/22/168
f 615/23/163 616/23/166 617/22/169
f 618/22/170 617/22/169 616/23/166
f 621/22/151 620/23/154 619/22/152
f 620/23/154 621/22/151 622/23/153
f 619/22/156 620/23/158 621/22/157
f 622/23/155 621/22/157 620/23/158
f 617/22/167 613/23/159 623/22/171
f 613/23/159 617/22/167 615/23/161
f 623/22/172 613/23/165 617/22/169
f 615/23/163 617/22/169 613/23/165
f 616/23/162 624/22/173 614/23/160
f 624/22/173 616/23/162 618/22/168
f 614/23/164 624/22/174 616/23/166
f 618/22/170 616/23/166 624/22/174
f 627/23/142 626/22/139 625/22/141
f 626/22/139 627/23/142 628/23/140
f 625/22/143 626/22/145 627/23/146
f 628/23/144 627/23/146 626/22/145
f 613/23/159 624/22/173 623/22/171
f 624/22/173 613/23/159 614/23/160
f 623/22/172 624/22/174 613/23/165
f 614/23/164 613/23/165 624/22/174
f 619/22/152 627/23/142 625/22/141
f 627/23/142 619/22/152 620/23/154
f 625/22/143 627/23/146 619/22/156
f 620/23/158 619/22/156 627/23/146
f 622/23/153 626/22/139 628/23/140
f 626/22/139 622/23/153 621/22/151
f 628/23/144 626/22/145 622/23/155
f 621/22/157 622/23/155 626/22/145
f 620/23/154 628/23/140 627/23/142
f 628/23/140 620/23/154 622/23/153
f 627/23/146 628/23/144 620/23/158
f 622/23/155 620/23/158 628/23/144
f 612/23/82 593/22/79 611/22/81
f 593/22/79 612/23/82 594/23/80
f 611/22/83 593/22/85 612/23/86
f 594/23/84 612/23/86 593/22/85
f 631/23/177 630/23/176 629/23/175
f 630/23/176 631/23/177 632/23/178
f 629/23/181 630/23/180 631/23/179
f 632/23/182 631/23/179 630/23/180
f 635/24/185 634/22/184 633/22/183
f 634/22/184 635/24/185 636/24/186
f 633/22/189 634/22/188 635/24/187
f 636/24/190 635/24/187 634/22/188
f 632/23/178 638/22/192 637/22/191
f 638/22/192 632/23/178 631/23/177
f 637/22/194 638/22/193 632/23/182
f 631/23/179 632/23/182 638/22/193
f 631/23/177 639/22/195 638/22/192
f 639/22/195 631/23/177 629/23/175
f 638/22/193 639/22/196 631/23/179
f 629/23/181 631/23/179 639/22/196
f 636/24/186 640/22/197 634/22/184
f 640/22/197 636/24/186 641/24/198
f 634/22/188 640/22/199 636/24/190
f 641/24/200 636/24/190 640/22/199
f 642/22/201 635/24/185 633/22/183
f 635/24/185 642/22/201 643/24/202
f 633/22/189 635/24/187 642/22/203
f 643/24/204 642/22/203 635/24/187
f 644/22/205 632/23/178 637/22/191
f 632/23/178 644/22/205 630/23/176
f 637/22/194 632/23/182 644/22/206
f 630/23/180 644/22/206 632/23/182
f 629/23/175 644/22/205 639/22/195
f 644/22/205 629/23/175 630/23/176
f 639/22/196 644/22/206 629/23/181
f 630/23/180 629/23/181 644/22/206
f 635/24/185 641/24/198 636/24/186
f 641/24/198 635/24/185 643/24/202
f 636/24/190 641/24/200 635/24/187
f 643/24/204 635/24/187 641/24/200
f 641/24/198 642/22/201 640/22/197
f 642/22/201 641/24/198 643/24/202
f 640/22/199 642/22/203 641/24/200
f 643/24/204 641/24/200 642/22/203
f 647/23/177 646/23/176 645/23/175
f 646/23/176 647/23/177 648/23/178
f 645/23/181 646/23/180 647/23/179
f 648/23/182 647/23/179 646/23/180
f 651/24/185 650/22/184 649/22/183
f 650/22/184 651/24/185 652/24/186
f 649/22/189 650/22/188 651/24/187
f 652/24/190 651/24/187 650/22/188
f 648/23/178 654/22/192 653/22/191
f 654/22/192 648/23/178 647/23/177
f 653/22/194 654/22/193 648/23/182
f 647/23/179 648/23/182 654/22/193
f 647/23/177 655/22/195 654/22/192
f 655/22/195 647/23/177 645/23/175
f 654/22/193 655/22/196 647/23/179
f 645/23/181 647/23/179 655/22/196
f 652/24/186 656/22/197 650/22/184
f 656/22/197 652/24/186 657/24/198
f 650/22/188 656/22/199 652/24/190
f 657/24/200 652/24/190 656/22/199
f 658/22/201 651/24/185 649/22/183
f 651/24/185 658/22/201 659/24/202
f 649/22/189 651/24/187 658/22/203
f 659/24/204 658/22/203 651/24/187
f 660/22/205 648/23/178 653/22/191
f 648/23/178 660/22/205 646/23/176
f 653/22/194 648/23/182 660/22/206
f 646/23/180 660/22/206 648/23/182
f 645/23/175 660/22/205 655/22/195
f 660/22/205 645/23/175 646/23/176
f 655/22/196 660/22/206 645/23/181
f 646/23/180 645/23/181 660/22/206
f 651/24/185 657/24/198 652/24/186
f 657/24/198 651/24/185 659/24/202
f 652/24/190 657/24/200 651/24/187
f 659/24/204 651/24/187 657/24/200
f 657/24/198 658/22/201 656/22/197
f 658/22/201 657/24/198 659/24/202
f 656/22/199 658/22/203 657/24/200
f 659/24/204 657/24/200 658/22/203
f 464/22/1 661/22/1 462/22/1
f 661/22/1 464/22/1 662/22/1
f 462/22/2 661/22/2 464/22/2
f 662/22/2 464/22/2 661/22/2

g corridor-transition




usemtl colormap

f 3/1/1 2/1/1 1/1/1
f 2/1/1 3/1/1 4/1/1
f 4/1/1 3/1/1 5/1/1
f 1/1/2 2/1/2 3/1/2
f 4/1/2 3/1/2 2/1/2
f 5/1/2 3/1/2 4/1/2
f 2/1/3 6/2/3 1/1/3
f 6/2/3 2/1/3 7/2/3
f 1/1/4 6/2/4 2/1/4
f 7/2/4 2/1/4 6/2/4
f 2/1/5 8/2/5 7/2/5
f 8/2/5 2/1/5 4/1/5
f 7/2/6 8/2/6 2/1/6
f 4/1/6 2/1/6 8/2/6
f 8/2/8 5/1/7 9/2/7
f 5/1/7 8/2/8 4/1/8
f 9/2/10 5/1/10 8/2/9
f 4/1/9 8/2/9 5/1/10
f 9/2/7 3/1/11 10/2/11
f 3/1/11 9/2/7 5/1/7
f 10/2/12 3/1/12 9/2/10
f 5/1/10 9/2/10 3/1/12
f 10/2/11 1/1/13 6/2/13
f 1/1/13 10/2/11 3/1/11
f 6/2/14 1/1/14 10/2/12
f 3/1/12 10/2/12 1/1/14
f 13/1/15 12/2/16 11/2/15
f 12/2/16 13/1/15 14/1/16
f 11/2/17 12/2/18 13/1/17
f 14/1/18 13/1/17 12/2/18
f 17/1/1 16/1/1 15/1/1
f 16/1/1 17/1/1 14/1/1
f 16/1/1 14/1/1 13/1/1
f 15/1/2 16/1/2 17/1/2
f 14/1/2 17/1/2 16/1/2
f 13/1/2 14/1/2 16/1/2
f 15/1/18 19/2/18 18/2/18
f 19/2/18 15/1/18 16/1/18
f 18/2/16 19/2/16 15/1/16
f 16/1/16 15/1/16 19/2/16
f 14/1/16 20/2/19 12/2/16
f 20/2/19 14/1/16 17/1/19
f 12/2/18 20/2/20 14/1/18
f 17/1/20 14/1/18 20/2/20
f 15/1/21 20/2/21 17/1/21
f 20/2/21 15/1/21 18/2/21
f 17/1/22 20/2/22 15/1/22
f 18/2/22 15/1/22 20/2/22
f 19/2/22 13/1/22 11/2/22
f 13/1/22 19/2/22 16/1/22
f 11/2/21 13/1/21 19/2/21
f 16/1/21 19/2/21 13/1/21
f 23/1/15 22/2/16 21/2/15
f 22/2/16 23/1/15 24/1/16
f 21/2/17 22/2/18 23/1/17
f 24/1/18 23/1/17 22/2/18
f 27/1/1 26/1/1 25/1/1
f 26/1/1 27/1/1 24/1/1
f 26/1/1 24/1/1 23/1/1
f 25/1/2 26/1/2 27/1/2
f 24/1/2 27/1/2 26/1/2
f 23/1/2 24/1/2 26/1/2
f 25/1/18 29/2/18 28/2/18
f 29/2/18 25/1/18 26/1/18
f 28/2/16 29/2/16 25/1/16
f 26/1/16 25/1/16 29/2/16
f 24/1/16 30/2/19 22/2/16
f 30/2/19 24/1/16 27/1/19
f 22/2/18 30/2/20 24/1/18
f 27/1/20 24/1/18 30/2/20
f 25/1/21 30/2/21 27/1/21
f 30/2/21 25/1/21 28/2/21
f 27/1/22 30/2/22 25/1/22
f 28/2/22 25/1/22 30/2/22
f 29/2/22 23/1/22 21/2/22
f 23/1/22 29/2/22 26/1/22
f 21/2/21 23/1/21 29/2/21
f 26/1/21 29/2/21 23/1/21
f 33/1/17 32/2/23 31/2/17
f 32/2/23 33/1/17 34/1/23
f 31/2/15 32/2/24 33/1/15
f 34/1/24 33/1/15 32/2/24
f 37/1/1 36/1/1 35/1/1
f 36/1/1 37/1/1 34/1/1
f 36/1/1 34/1/1 33/1/1
f 35/1/2 36/1/2 37/1/2
f 34/1/2 37/1/2 36/1/2
f 33/1/2 34/1/2 36/1/2
f 35/1/24 39/2/24 38/2/24
f 39/2/24 35/1/24 36/1/24
f 38/2/23 39/2/23 35/1/23
f 36/1/23 35/1/23 39/2/23
f 34/1/23 40/2/20 32/2/23
f 40/2/20 34/1/23 37/1/20
f 32/2/24 40/2/19 34/1/24
f 37/1/19 34/1/24 40/2/19
f 35/1/25 40/2/25 37/1/25
f 40/2/25 35/1/25 38/2/25
f 37/1/26 40/2/26 35/1/26
f 38/2/26 35/1/26 40/2/26
f 39/2/26 33/1/26 31/2/26
f 33/1/26 39/2/26 36/1/26
f 31/2/25 33/1/25 39/2/25
f 36/1/25 39/2/25 33/1/25
f 43/1/17 42/2/23 41/2/17
f 42/2/23 43/1/17 44/1/23
f 41/2/15 42/2/24 43/1/15
f 44/1/24 43/1/15 42/2/24
f 47/1/1 46/1/1 45/1/1
f 46/1/1 47/1/1 44/1/1
f 46/1/1 44/1/1 43/1/1
f 45/1/2 46/1/2 47/1/2
f 44/1/2 47/1/2 46/1/2
f 43/1/2 44/1/2 46/1/2
f 45/1/24 49/2/24 48/2/24
f 49/2/24 45/1/24 46/1/24
f 48/2/23 49/2/23 45/1/23
f 46/1/23 45/1/23 49/2/23
f 44/1/23 50/2/20 42/2/23
f 50/2/20 44/1/23 47/1/20
f 42/2/24 50/2/19 44/1/24
f 47/1/19 44/1/24 50/2/19
f 45/1/25 50/2/25 47/1/25
f 50/2/25 45/1/25 48/2/25
f 47/1/26 50/2/26 45/1/26
f 48/2/26 45/1/26 50/2/26
f 49/2/26 43/1/26 41/2/26
f 43/1/26 49/2/26 46/1/26
f 41/2/25 43/1/25 49/2/25
f 46/1/25 49/2/25 43/1/25
f 53/1/1 52/1/1 51/1/1
f 52/1/1 53/1/1 54/1/1
f 54/1/1 53/1/1 55/1/1
f 51/1/2 52/1/2 53/1/2
f 54/1/2 53/1/2 52/1/2
f 55/1/2 53/1/2 54/1/2
f 52/1/27 56/2/27 51/1/27
f 56/2/27 52/1/27 57/2/27
f 51/1/28 56/2/28 52/1/28
f 57/2/28 52/1/28 56/2/28
f 52/1/29 58/2/29 57/2/29
f 58/2/29 52/1/29 54/1/29
f 57/2/30 58/2/30 52/1/30
f 54/1/30 52/1/30 58/2/30
f 58/2/32 55/1/31 59/2/31
f 55/1/31 58/2/32 54/1/32
f 59/2/34 55/1/34 58/2/33
f 54/1/33 58/2/33 55/1/34
f 59/2/31 53/1/35 60/2/35
f 53/1/35 59/2/31 55/1/31
f 60/2/36 53/1/36 59/2/34
f 55/1/34 59/2/34 53/1/36
f 60/2/35 51/1/37 56/2/37
f 51/1/37 60/2/35 53/1/35
f 56/2/38 51/1/38 60/2/36
f 53/1/36 60/2/36 51/1/38
f 63/1/6 62/2/39 61/2/6
f 62/2/39 63/1/6 64/1/39
f 61/2/5 62/2/40 63/1/5
f 64/1/40 63/1/5 62/2/40
f 64/1/1 66/1/1 65/1/1
f 66/1/1 64/1/1 63/1/1
f 66/1/1 63/1/1 67/1/1
f 65/1/2 66/1/2 64/1/2
f 63/1/2 64/1/2 66/1/2
f 67/1/2 63/1/2 66/1/2
f 69/2/4 67/1/4 68/2/4
f 67/1/4 69/2/4 66/1/4
f 68/2/3 67/1/3 69/2/3
f 66/1/3 69/2/3 67/1/3
f 65/1/5 69/2/5 70/2/5
f 69/2/5 65/1/5 66/1/5
f 70/2/6 69/2/6 65/1/6
f 66/1/6 65/1/6 69/2/6
f 65/1/3 62/2/3 64/1/3
f 62/2/3 65/1/3 70/2/3
f 64/1/4 62/2/4 65/1/4
f 70/2/4 65/1/4 62/2/4
f 67/1/41 61/2/6 68/2/41
f 61/2/6 67/1/41 63/1/6
f 68/2/42 61/2/5 67/1/42
f 63/1/5 67/1/42 61/2/5
f 73/1/6 72/2/39 71/2/6
f 72/2/39 73/1/6 74/1/39
f 71/2/5 72/2/40 73/1/5
f 74/1/40 73/1/5 72/2/40
f 74/1/1 76/1/1 75/1/1
f 76/1/1 74/1/1 73/1/1
f 76/1/1 73/1/1 77/1/1
f 75/1/2 76/1/2 74/1/2
f 73/1/2 74/1/2 76/1/2
f 77/1/2 73/1/2 76/1/2
f 79/2/4 77/1/4 78/2/4
f 77/1/4 79/2/4 76/1/4
f 78/2/3 77/1/3 79/2/3
f 76/1/3 79/2/3 77/1/3
f 75/1/5 79/2/5 80/2/5
f 79/2/5 75/1/5 76/1/5
f 80/2/6 79/2/6 75/1/6
f 76/1/6 75/1/6 79/2/6
f 75/1/3 72/2/3 74/1/3
f 72/2/3 75/1/3 80/2/3
f 74/1/4 72/2/4 75/1/4
f 80/2/4 75/1/4 72/2/4
f 77/1/41 71/2/6 78/2/41
f 71/2/6 77/1/41 73/1/6
f 78/2/42 71/2/5 77/1/42
f 73/1/5 77/1/42 71/2/5
f 83/3/3 82/4/3 81/3/3
f 82/4/3 83/3/3 84/4/3
f 81/3/4 82/4/4 83/3/4
f 84/4/4 83/3/4 82/4/4
f 83/3/5 85/4/5 84/4/5
f 85/4/5 83/3/5 86/3/5
f 84/4/6 85/4/6 83/3/6
f 86/3/6 83/3/6 85/4/6
f 87/4/11 81/3/13 82/4/13
f 81/3/13 87/4/11 88/3/11
f 82/4/14 81/3/14 87/4/12
f 88/3/12 87/4/12 81/3/14
f 85/4/8 90/3/7 89/4/7
f 90/3/7 85/4/8 86/3/8
f 89/4/10 90/3/10 85/4/9
f 86/3/9 85/4/9 90/3/10
f 88/3/1 83/3/1 81/3/1
f 83/3/1 88/3/1 86/3/1
f 86/3/1 88/3/1 90/3/1
f 81/3/2 83/3/2 88/3/2
f 86/3/2 88/3/2 83/3/2
f 90/3/2 88/3/2 86/3/2
f 90/3/7 87/4/11 89/4/7
f 87/4/11 90/3/7 88/3/11
f 89/4/10 87/4/12 90/3/10
f 88/3/12 90/3/10 87/4/12
f 93/5/5 92/4/5 91/4/5
f 92/4/5 93/5/5 94/5/5
f 91/4/6 92/4/6 93/5/6
f 94/5/6 93/5/6 92/4/6
f 93/5/3 96/4/3 95/5/3
f 96/4/3 93/5/3 91/4/3
f 95/5/4 96/4/4 93/5/4
f 91/4/4 93/5/4 96/4/4
f 97/5/1 93/5/1 95/5/1
f 93/5/1 97/5/1 94/5/1
f 94/5/1 97/5/1 98/5/1
f 95/5/2 93/5/2 97/5/2
f 94/5/2 97/5/2 93/5/2
f 98/5/2 97/5/2 94/5/2
f 92/4/2 96/4/2 91/4/2
f 96/4/2 92/4/2 99/4/2
f 99/4/2 92/4/2 100/4/2
f 91/4/1 96/4/1 92/4/1
f 99/4/1 92/4/1 96/4/1
f 100/4/1 92/4/1 99/4/1
f 92/4/8 98/5/7 100/4/7
f 98/5/7 92/4/8 94/5/8
f 100/4/10 98/5/10 92/4/9
f 94/5/9 92/4/9 98/5/10
f 98/5/7 99/4/43 100/4/7
f 99/4/43 98/5/7 97/5/43
f 100/4/10 99/4/44 98/5/10
f 97/5/44 98/5/10 99/4/44
f 99/4/43 95/5/13 96/4/13
f 95/5/13 99/4/43 97/5/43
f 96/4/14 95/5/14 99/4/44
f 97/5/44 99/4/44 95/5/14
f 18/5/21 102/4/21 101/5/21
f 102/4/21 18/5/21 103/4/21
f 101/5/22 102/4/22 18/5/22
f 103/4/22 18/5/22 102/4/22
f 106/5/45 105/4/16 104/4/45
f 105/4/16 106/5/45 107/5/16
f 104/4/46 105/4/18 106/5/46
f 107/5/18 106/5/46 105/4/18
f 18/5/18 108/4/18 103/4/18
f 108/4/18 18/5/18 19/5/18
f 103/4/16 108/4/16 18/5/16
f 19/5/16 18/5/16 108/4/16
f 107/5/16 102/4/47 105/4/16
f 102/4/47 107/5/16 101/5/47
f 105/4/18 102/4/48 107/5/18
f 101/5/48 107/5/18 102/4/48
f 108/4/2 102/4/2 103/4/2
f 102/4/2 108/4/2 105/4/2
f 105/4/2 108/4/2 104/4/2
f 103/4/1 102/4/1 108/4/1
f 105/4/1 108/4/1 102/4/1
f 104/4/1 108/4/1 105/4/1
f 101/5/1 19/5/1 18/5/1
f 19/5/1 101/5/1 107/5/1
f 19/5/1 107/5/1 106/5/1
f 18/5/2 19/5/2 101/5/2
f 107/5/2 101/5/2 19/5/2
f 106/5/2 107/5/2 19/5/2
f 108/4/22 106/5/22 104/4/22
f 106/5/22 108/4/22 19/5/22
f 104/4/21 106/5/21 108/4/21
f 19/5/21 108/4/21 106/5/21
f 111/3/15 110/4/16 109/4/15
f 110/4/16 111/3/15 112/3/16
f 109/4/17 110/4/18 111/3/17
f 112/3/18 111/3/17 110/4/18
f 112/3/16 113/4/19 110/4/16
f 113/4/19 112/3/16 114/3/19
f 110/4/18 113/4/20 112/3/18
f 114/3/20 112/3/18 113/4/20
f 115/3/21 113/4/21 114/3/21
f 113/4/21 115/3/21 116/4/21
f 114/3/22 113/4/22 115/3/22
f 116/4/22 115/3/22 113/4/22
f 114/3/1 117/3/1 115/3/1
f 117/3/1 114/3/1 112/3/1
f 117/3/1 112/3/1 111/3/1
f 115/3/2 117/3/2 114/3/2
f 112/3/2 114/3/2 117/3/2
f 111/3/2 112/3/2 117/3/2
f 115/3/18 118/4/18 116/4/18
f 118/4/18 115/3/18 117/3/18
f 116/4/16 118/4/16 115/3/16
f 117/3/16 115/3/16 118/4/16
f 118/4/22 111/3/22 109/4/22
f 111/3/22 118/4/22 117/3/22
f 109/4/21 111/3/21 118/4/21
f 117/3/21 118/4/21 111/3/21
f 121/6/49 120/6/50 119/6/49
f 120/6/50 121/6/49 122/6/50
f 119/6/51 120/6/52 121/6/51
f 122/6/52 121/6/51 120/6/52
f 125/7/51 124/7/52 123/7/52
f 124/7/52 125/7/51 126/7/51
f 123/7/50 124/7/50 125/7/49
f 126/7/49 125/7/49 124/7/50
f 129/8/53 128/9/54 127/8/53
f 128/9/54 129/8/53 130/9/54
f 127/8/55 128/9/56 129/8/55
f 130/9/56 129/8/55 128/9/56
f 133/9/55 132/8/56 131/9/55
f 132/8/56 133/9/55 134/8/56
f 131/9/53 132/8/54 133/9/53
f 134/8/54 133/9/53 132/8/54
f 123/7/52 129/8/53 127/8/53
f 129/8/53 123/7/52 124/7/52
f 127/8/55 129/8/55 123/7/50
f 124/7/50 123/7/50 129/8/55
f 130/9/54 119/6/49 128/9/54
f 119/6/49 130/9/54 121/6/49
f 128/9/56 119/6/51 130/9/56
f 121/6/51 130/9/56 119/6/51
f 131/9/19 119/6/19 120/6/19
f 119/6/19 131/9/19 128/9/19
f 128/9/19 131/9/19 132/8/19
f 128/9/19 132/8/19 127/8/19
f 127/8/19 132/8/19 125/7/19
f 127/8/19 125/7/19 123/7/19
f 120/6/20 119/6/20 131/9/20
f 128/9/20 131/9/20 119/6/20
f 132/8/20 131/9/20 128/9/20
f 127/8/20 132/8/20 128/9/20
f 125/7/20 132/8/20 127/8/20
f 123/7/20 125/7/20 127/8/20
f 130/9/20 122/6/20 121/6/20
f 122/6/20 130/9/20 133/9/20
f 133/9/20 130/9/20 129/8/20
f 133/9/20 129/8/20 134/8/20
f 134/8/20 129/8/20 124/7/20
f 134/8/20 124/7/20 126/7/20
f 121/6/19 122/6/19 130/9/19
f 133/9/19 130/9/19 122/6/19
f 129/8/19 130/9/19 133/9/19
f 134/8/19 129/8/19 133/9/19
f 124/7/19 129/8/19 134/8/19
f 126/7/19 124/7/19 134/8/19
f 122/6/50 131/9/55 120/6/50
f 131/9/55 122/6/50 133/9/55
f 120/6/52 131/9/53 122/6/52
f 133/9/53 122/6/52 131/9/53
f 132/8/56 126/7/51 125/7/51
f 126/7/51 132/8/56 134/8/56
f 125/7/49 126/7/49 132/8/54
f 134/8/54 132/8/54 126/7/49
f 137/10/57 136/10/58 135/10/57
f 136/10/58 137/10/57 138/10/58
f 135/10/59 136/10/60 137/10/59
f 138/10/60 137/10/59 136/10/60
f 141/11/59 140/11/60 139/11/60
f 140/11/60 141/11/59 142/11/59
f 139/11/58 140/11/58 141/11/57
f 142/11/57 141/11/57 140/11/58
f 144/12/61 135/10/57 143/12/61
f 135/10/57 144/12/61 137/10/57
f 143/12/62 135/10/59 144/12/62
f 137/10/59 144/12/62 135/10/59
f 138/10/58 145/12/63 136/10/58
f 145/12/63 138/10/58 146/12/63
f 136/10/60 145/12/64 138/10/60
f 146/12/64 138/10/60 145/12/64
f 143/12/61 147/13/64 144/12/61
f 147/13/64 143/12/61 148/13/64
f 144/12/62 147/13/63 143/12/62
f 148/13/63 143/12/62 147/13/63
f 139/11/60 147/13/64 148/13/64
f 147/13/64 139/11/60 140/11/60
f 148/13/63 147/13/63 139/11/58
f 140/11/58 139/11/58 147/13/63
f 148/13/17 141/11/17 139/11/17
f 141/11/17 148/13/17 149/13/17
f 149/13/17 148/13/17 143/12/17
f 149/13/17 143/12/17 145/12/17
f 145/12/17 143/12/17 135/10/17
f 145/12/17 135/10/17 136/10/17
f 139/11/15 141/11/15 148/13/15
f 149/13/15 148/13/15 141/11/15
f 143/12/15 148/13/15 149/13/15
f 145/12/15 143/12/15 149/13/15
f 135/10/15 143/12/15 145/12/15
f 136/10/15 135/10/15 145/12/15
f 150/13/15 140/11/15 142/11/15
f 140/11/15 150/13/15 147/13/15
f 147/13/15 150/13/15 146/12/15
f 147/13/15 146/12/15 144/12/15
f 144/12/15 146/12/15 138/10/15
f 144/12/15 138/10/15 137/10/15
f 142/11/17 140/11/17 150/13/17
f 147/13/17 150/13/17 140/11/17
f 146/12/17 150/13/17 147/13/17
f 144/12/17 146/12/17 147/13/17
f 138/10/17 146/12/17 144/12/17
f 137/10/17 138/10/17 144/12/17
f 149/13/62 142/11/59 141/11/59
f 142/11/59 149/13/62 150/13/62
f 141/11/57 142/11/57 149/13/61
f 150/13/61 149/13/61 142/11/57
f 149/13/62 146/12/63 150/13/62
f 146/12/63 149/13/62 145/12/63
f 150/13/61 146/12/64 149/13/61
f 145/12/64 149/13/61 146/12/64
f 153/14/49 152/14/50 151/14/49
f 152/14/50 153/14/49 154/14/50
f 151/14/51 152/14/52 153/14/51
f 154/14/52 153/14/51 152/14/52
f 157/15/51 156/15/52 155/15/52
f 156/15/52 157/15/51 158/15/51
f 155/15/50 156/15/50 157/15/49
f 158/15/49 157/15/49 156/15/50
f 155/15/52 160/16/53 159/16/53
f 160/16/53 155/15/52 156/15/52
f 159/16/55 160/16/55 155/15/50
f 156/15/50 155/15/50 160/16/55
f 162/17/54 151/14/49 161/17/54
f 151/14/49 162/17/54 153/14/49
f 161/17/56 151/14/51 162/17/56
f 153/14/51 162/17/56 151/14/51
f 165/17/55 164/16/56 163/17/55
f 164/16/56 165/17/55 166/16/56
f 163/17/53 164/16/54 165/17/53
f 166/16/54 165/17/53 164/16/54
f 160/16/53 161/17/54 159/16/53
f 161/17/54 160/16/53 162/17/54
f 159/16/55 161/17/56 160/16/55
f 162/17/56 160/16/55 161/17/56
f 163/17/19 151/14/19 152/14/19
f 151/14/19 163/17/19 161/17/19
f 161/17/19 163/17/19 164/16/19
f 161/17/19 164/16/19 159/16/19
f 159/16/19 164/16/19 157/15/19
f 159/16/19 157/15/19 155/15/19
f 152/14/20 151/14/20 163/17/20
f 161/17/20 163/17/20 151/14/20
f 164/16/20 163/17/20 161/17/20
f 159/16/20 164/16/20 161/17/20
f 157/15/20 164/16/20 159/16/20
f 155/15/20 157/15/20 159/16/20
f 154/14/50 163/17/55 152/14/50
f 163/17/55 154/14/50 165/17/55
f 152/14/52 163/17/53 154/14/52
f 165/17/53 154/14/52 163/17/53
f 162/17/20 154/14/20 153/14/20
f 154/14/20 162/17/20 165/17/20
f 165/17/20 162/17/20 160/16/20
f 165/17/20 160/16/20 166/16/20
f 166/16/20 160/16/20 156/15/20
f 166/16/20 156/15/20 158/15/20
f 153/14/19 154/14/19 162/17/19
f 165/17/19 162/17/19 154/14/19
f 160/16/19 162/17/19 165/17/19
f 166/16/19 160/16/19 165/17/19
f 156/15/19 160/16/19 166/16/19
f 158/15/19 156/15/19 166/16/19
f 164/16/56 158/15/51 157/15/51
f 158/15/51 164/16/56 166/16/56
f 157/15/49 158/15/49 164/16/54
f 166/16/54 164/16/54 158/15/49
f 169/5/21 168/4/21 167/5/21
f 168/4/21 169/5/21 170/4/21
f 167/5/22 168/4/22 169/5/22
f 170/4/22 169/5/22 168/4/22
f 173/5/45 172/4/16 171/4/45
f 172/4/16 173/5/45 174/5/16
f 171/4/46 172/4/18 173/5/46
f 174/5/18 173/5/46 172/4/18
f 169/5/18 175/4/18 170/4/18
f 175/4/18 169/5/18 176/5/18
f 170/4/16 175/4/16 169/5/16
f 176/5/16 169/5/16 175/4/16
f 174/5/16 168/4/47 172/4/16
f 168/4/47 174/5/16 167/5/47
f 172/4/18 168/4/48 174/5/18
f 167/5/48 174/5/18 168/4/48
f 175/4/2 168/4/2 170/4/2
f 168/4/2 175/4/2 172/4/2
f 172/4/2 175/4/2 171/4/2
f 170/4/1 168/4/1 175/4/1
f 172/4/1 175/4/1 168/4/1
f 171/4/1 175/4/1 172/4/1
f 167/5/1 176/5/1 169/5/1
f 176/5/1 167/5/1 174/5/1
f 176/5/1 174/5/1 173/5/1
f 169/5/2 176/5/2 167/5/2
f 174/5/2 167/5/2 176/5/2
f 173/5/2 174/5/2 176/5/2
f 175/4/22 173/5/22 171/4/22
f 173/5/22 175/4/22 176/5/22
f 171/4/21 173/5/21 175/4/21
f 176/5/21 175/4/21 173/5/21
f 179/3/15 178/4/16 177/4/15
f 178/4/16 179/3/15 180/3/16
f 177/4/17 178/4/18 179/3/17
f 180/3/18 179/3/17 178/4/18
f 180/3/16 181/4/19 178/4/16
f 181/4/19 180/3/16 182/3/19
f 178/4/18 181/4/20 180/3/18
f 182/3/20 180/3/18 181/4/20
f 183/3/21 181/4/21 182/3/21
f 181/4/21 183/3/21 184/4/21
f 182/3/22 181/4/22 183/3/22
f 184/4/22 183/3/22 181/4/22
f 182/3/1 185/3/1 183/3/1
f 185/3/1 182/3/1 180/3/1
f 185/3/1 180/3/1 179/3/1
f 183/3/2 185/3/2 182/3/2
f 180/3/2 182/3/2 185/3/2
f 179/3/2 180/3/2 185/3/2
f 183/3/18 186/4/18 184/4/18
f 186/4/18 183/3/18 185/3/18
f 184/4/16 186/4/16 183/3/16
f 185/3/16 183/3/16 186/4/16
f 186/4/22 179/3/22 177/4/22
f 179/3/22 186/4/22 185/3/22
f 177/4/21 179/3/21 186/4/21
f 185/3/21 186/4/21 179/3/21
f 189/6/49 188/6/50 187/6/49
f 188/6/50 189/6/49 190/6/50
f 187/6/51 188/6/52 189/6/51
f 190/6/52 189/6/51 188/6/52
f 193/7/51 192/7/52 191/7/52
f 192/7/52 193/7/51 194/7/51
f 191/7/50 192/7/50 193/7/49
f 194/7/49 193/7/49 192/7/50
f 197/8/53 196/9/54 195/8/53
f 196/9/54 197/8/53 198/9/54
f 195/8/55 196/9/56 197/8/55
f 198/9/56 197/8/55 196/9/56
f 201/9/55 200/8/56 199/9/55
f 200/8/56 201/9/55 202/8/56
f 199/9/53 200/8/54 201/9/53
f 202/8/54 201/9/53 200/8/54
f 191/7/52 197/8/53 195/8/53
f 197/8/53 191/7/52 192/7/52
f 195/8/55 197/8/55 191/7/50
f 192/7/50 191/7/50 197/8/55
f 198/9/54 187/6/49 196/9/54
f 187/6/49 198/9/54 189/6/49
f 196/9/56 187/6/51 198/9/56
f 189/6/51 198/9/56 187/6/51
f 199/9/19 187/6/19 188/6/19
f 187/6/19 199/9/19 196/9/19
f 196/9/19 199/9/19 200/8/19
f 196/9/19 200/8/19 195/8/19
f 195/8/19 200/8/19 193/7/19
f 195/8/19 193/7/19 191/7/19
f 188/6/20 187/6/20 199/9/20
f 196/9/20 199/9/20 187/6/20
f 200/8/20 199/9/20 196/9/20
f 195/8/20 200/8/20 196/9/20
f 193/7/20 200/8/20 195/8/20
f 191/7/20 193/7/20 195/8/20
f 198/9/20 190/6/20 189/6/20
f 190/6/20 198/9/20 201/9/20
f 201/9/20 198/9/20 197/8/20
f 201/9/20 197/8/20 202/8/20
f 202/8/20 197/8/20 192/7/20
f 202/8/20 192/7/20 194/7/20
f 189/6/19 190/6/19 198/9/19
f 201/9/19 198/9/19 190/6/19
f 197/8/19 198/9/19 201/9/19
f 202/8/19 197/8/19 201/9/19
f 192/7/19 197/8/19 202/8/19
f 194/7/19 192/7/19 202/8/19
f 190/6/50 199/9/55 188/6/50
f 199/9/55 190/6/50 201/9/55
f 188/6/52 199/9/53 190/6/52
f 201/9/53 190/6/52 199/9/53
f 200/8/56 194/7/51 193/7/51
f 194/7/51 200/8/56 202/8/56
f 193/7/49 194/7/49 200/8/54
f 202/8/54 200/8/54 194/7/49
f 205/10/57 204/10/58 203/10/57
f 204/10/58 205/10/57 206/10/58
f 203/10/59 204/10/60 205/10/59
f 206/10/60 205/10/59 204/10/60
f 209/11/59 208/11/60 207/11/60
f 208/11/60 209/11/59 210/11/59
f 207/11/58 208/11/58 209/11/57
f 210/11/57 209/11/57 208/11/58
f 212/12/61 203/10/57 211/12/61
f 203/10/57 212/12/61 205/10/57
f 211/12/62 203/10/59 212/12/62
f 205/10/59 212/12/62 203/10/59
f 206/10/58 213/12/63 204/10/58
f 213/12/63 206/10/58 214/12/63
f 204/10/60 213/12/64 206/10/60
f 214/12/64 206/10/60 213/12/64
f 211/12/61 215/13/64 212/12/61
f 215/13/64 211/12/61 216/13/64
f 212/12/62 215/13/63 211/12/62
f 216/13/63 211/12/62 215/13/63
f 207/11/60 215/13/64 216/13/64
f 215/13/64 207/11/60 208/11/60
f 216/13/63 215/13/63 207/11/58
f 208/11/58 207/11/58 215/13/63
f 216/13/17 209/11/17 207/11/17
f 209/11/17 216/13/17 217/13/17
f 217/13/17 216/13/17 211/12/17
f 217/13/17 211/12/17 213/12/17
f 213/12/17 211/12/17 203/10/17
f 213/12/17 203/10/17 204/10/17
f 207/11/15 209/11/15 216/13/15
f 217/13/15 216/13/15 209/11/15
f 211/12/15 216/13/15 217/13/15
f 213/12/15 211/12/15 217/13/15
f 203/10/15 211/12/15 213/12/15
f 204/10/15 203/10/15 213/12/15
f 218/13/15 208/11/15 210/11/15
f 208/11/15 218/13/15 215/13/15
f 215/13/15 218/13/15 214/12/15
f 215/13/15 214/12/15 212/12/15
f 212/12/15 214/12/15 206/10/15
f 212/12/15 206/10/15 205/10/15
f 210/11/17 208/11/17 218/13/17
f 215/13/17 218/13/17 208/11/17
f 214/12/17 218/13/17 215/13/17
f 212/12/17 214/12/17 215/13/17
f 206/10/17 214/12/17 212/12/17
f 205/10/17 206/10/17 212/12/17
f 217/13/62 210/11/59 209/11/59
f 210/11/59 217/13/62 218/13/62
f 209/11/57 210/11/57 217/13/61
f 218/13/61 217/13/61 210/11/57
f 217/13/62 214/12/63 218/13/62
f 214/12/63 217/13/62 213/12/63
f 218/13/61 214/12/64 217/13/61
f 213/12/64 217/13/61 214/12/64
f 221/14/49 220/14/50 219/14/49
f 220/14/50 221/14/49 222/14/50
f 219/14/51 220/14/52 221/14/51
f 222/14/52 221/14/51 220/14/52
f 225/15/51 224/15/52 223/15/52
f 224/15/52 225/15/51 226/15/51
f 223/15/50 224/15/50 225/15/49
f 226/15/49 225/15/49 224/15/50
f 223/15/52 228/16/53 227/16/53
f 228/16/53 223/15/52 224/15/52
f 227/16/55 228/16/55 223/15/50
f 224/15/50 223/15/50 228/16/55
f 230/17/54 219/14/49 229/17/54
f 219/14/49 230/17/54 221/14/49
f 229/17/56 219/14/51 230/17/56
f 221/14/51 230/17/56 219/14/51
f 233/17/55 232/16/56 231/17/55
f 232/16/56 233/17/55 234/16/56
f 231/17/53 232/16/54 233/17/53
f 234/16/54 233/17/53 232/16/54
f 228/16/53 229/17/54 227/16/53
f 229/17/54 228/16/53 230/17/54
f 227/16/55 229/17/56 228/16/55
f 230/17/56 228/16/55 229/17/56
f 231/17/19 219/14/19 220/14/19
f 219/14/19 231/17/19 229/17/19
f 229/17/19 231/17/19 232/16/19
f 229/17/19 232/16/19 227/16/19
f 227/16/19 232/16/19 225/15/19
f 227/16/19 225/15/19 223/15/19
f 220/14/20 219/14/20 231/17/20
f 229/17/20 231/17/20 219/14/20
f 232/16/20 231/17/20 229/17/20
f 227/16/20 232/16/20 229/17/20
f 225/15/20 232/16/20 227/16/20
f 223/15/20 225/15/20 227/16/20
f 222/14/50 231/17/55 220/14/50
f 231/17/55 222/14/50 233/17/55
f 220/14/52 231/17/53 222/14/52
f 233/17/53 222/14/52 231/17/53
f 230/17/20 222/14/20 221/14/20
f 222/14/20 230/17/20 233/17/20
f 233/17/20 230/17/20 228/16/20
f 233/17/20 228/16/20 234/16/20
f 234/16/20 228/16/20 224/15/20
f 234/16/20 224/15/20 226/15/20
f 221/14/19 222/14/19 230/17/19
f 233/17/19 230/17/19 222/14/19
f 228/16/19 230/17/19 233/17/19
f 234/16/19 228/16/19 233/17/19
f 224/15/19 228/16/19 234/16/19
f 226/15/19 224/15/19 234/16/19
f 232/16/56 226/15/51 225/15/51
f 226/15/51 232/16/56 234/16/56
f 225/15/49 226/15/49 232/16/54
f 234/16/54 232/16/54 226/15/49
f 38/5/25 236/4/25 235/5/25
f 236/4/25 38/5/25 237/4/25
f 235/5/26 236/4/26 38/5/26
f 237/4/26 38/5/26 236/4/26
f 240/5/46 239/4/23 238/4/46
f 239/4/23 240/5/46 241/5/23
f 238/4/45 239/4/24 240/5/45
f 241/5/24 240/5/45 239/4/24
f 38/5/24 242/4/24 237/4/24
f 242/4/24 38/5/24 39/5/24
f 237/4/23 242/4/23 38/5/23
f 39/5/23 38/5/23 242/4/23
f 241/5/23 236/4/48 239/4/23
f 236/4/48 241/5/23 235/5/48
f 239/4/24 236/4/47 241/5/24
f 235/5/47 241/5/24 236/4/47
f 242/4/2 236/4/2 237/4/2
f 236/4/2 242/4/2 239/4/2
f 239/4/2 242/4/2 238/4/2
f 237/4/1 236/4/1 242/4/1
f 239/4/1 242/4/1 236/4/1
f 238/4/1 242/4/1 239/4/1
f 235/5/1 39/5/1 38/5/1
f 39/5/1 235/5/1 241/5/1
f 39/5/1 241/5/1 240/5/1
f 38/5/2 39/5/2 235/5/2
f 241/5/2 235/5/2 39/5/2
f 240/5/2 241/5/2 39/5/2
f 242/4/26 240/5/26 238/4/26
f 240/5/26 242/4/26 39/5/26
f 238/4/25 240/5/25 242/4/25
f 39/5/25 242/4/25 240/5/25
f 245/3/17 244/4/23 243/4/17
f 244/4/23 245/3/17 246/3/23
f 243/4/15 244/4/24 245/3/15
f 246/3/24 245/3/15 244/4/24
f 246/3/23 247/4/20 244/4/23
f 247/4/20 246/3/23 248/3/20
f 244/4/24 247/4/19 246/3/24
f 248/3/19 246/3/24 247/4/19
f 249/3/25 247/4/25 248/3/25
f 247/4/25 249/3/25 250/4/25
f 248/3/26 247/4/26 249/3/26
f 250/4/26 249/3/26 247/4/26
f 248/3/1 251/3/1 249/3/1
f 251/3/1 248/3/1 246/3/1
f 251/3/1 246/3/1 245/3/1
f 249/3/2 251/3/2 248/3/2
f 246/3/2 248/3/2 251/3/2
f 245/3/2 246/3/2 251/3/2
f 249/3/24 252/4/24 250/4/24
f 252/4/24 249/3/24 251/3/24
f 250/4/23 252/4/23 249/3/23
f 251/3/23 249/3/23 252/4/23
f 252/4/26 245/3/26 243/4/26
f 245/3/26 252/4/26 251/3/26
f 243/4/25 245/3/25 252/4/25
f 251/3/25 252/4/25 245/3/25
f 255/6/50 254/6/49 253/6/50
f 254/6/49 255/6/50 256/6/49
f 253/6/52 254/6/51 255/6/52
f 256/6/51 255/6/52 254/6/51
f 259/7/52 258/7/51 257/7/51
f 258/7/51 259/7/52 260/7/52
f 257/7/49 258/7/49 259/7/50
f 260/7/50 259/7/50 258/7/49
f 263/8/56 262/9/55 261/8/56
f 262/9/55 263/8/56 264/9/55
f 261/8/54 262/9/53 263/8/54
f 264/9/53 263/8/54 262/9/53
f 267/9/54 266/8/53 265/9/54
f 266/8/53 267/9/54 268/8/53
f 265/9/56 266/8/55 267/9/56
f 268/8/55 267/9/56 266/8/55
f 257/7/51 263/8/56 261/8/56
f 263/8/56 257/7/51 258/7/51
f 261/8/54 263/8/54 257/7/49
f 258/7/49 257/7/49 263/8/54
f 264/9/55 253/6/50 262/9/55
f 253/6/50 264/9/55 255/6/50
f 262/9/53 253/6/52 264/9/53
f 255/6/52 264/9/53 253/6/52
f 265/9/20 253/6/20 254/6/20
f 253/6/20 265/9/20 262/9/20
f 262/9/20 265/9/20 266/8/20
f 262/9/20 266/8/20 261/8/20
f 261/8/20 266/8/20 259/7/20
f 261/8/20 259/7/20 257/7/20
f 254/6/19 253/6/19 265/9/19
f 262/9/19 265/9/19 253/6/19
f 266/8/19 265/9/19 262/9/19
f 261/8/19 266/8/19 262/9/19
f 259/7/19 266/8/19 261/8/19
f 257/7/19 259/7/19 261/8/19
f 264/9/19 256/6/19 255/6/19
f 256/6/19 264/9/19 267/9/19
f 267/9/19 264/9/19 263/8/19
f 267/9/19 263/8/19 268/8/19
f 268/8/19 263/8/19 258/7/19
f 268/8/19 258/7/19 260/7/19
f 255/6/20 256/6/20 264/9/20
f 267/9/20 264/9/20 256/6/20
f 263/8/20 264/9/20 267/9/20
f 268/8/20 263/8/20 267/9/20
f 258/7/20 263/8/20 268/8/20
f 260/7/20 258/7/20 268/8/20
f 256/6/49 265/9/54 254/6/49
f 265/9/54 256/6/49 267/9/54
f 254/6/51 265/9/56 256/6/51
f 267/9/56 256/6/51 265/9/56
f 266/8/53 260/7/52 259/7/52
f 260/7/52 266/8/53 268/8/53
f 259/7/50 260/7/50 266/8/55
f 268/8/55 266/8/55 260/7/50
f 271/10/58 270/10/57 269/10/58
f 270/10/57 271/10/58 272/10/57
f 269/10/60 270/10/59 271/10/60
f 272/10/59 271/10/60 270/10/59
f 275/11/60 274/11/59 273/11/59
f 274/11/59 275/11/60 276/11/60
f 273/11/57 274/11/57 275/11/58
f 276/11/58 275/11/58 274/11/57
f 278/12/63 269/10/58 277/12/63
f 269/10/58 278/12/63 271/10/58
f 277/12/64 269/10/60 278/12/64
f 271/10/60 278/12/64 269/10/60
f 272/10/57 279/12/61 270/10/57
f 279/12/61 272/10/57 280/12/61
f 270/10/59 279/12/62 272/10/59
f 280/12/62 272/10/59 279/12/62
f 277/12/63 281/13/62 278/12/63
f 281/13/62 277/12/63 282/13/62
f 278/12/64 281/13/61 277/12/64
f 282/13/61 277/12/64 281/13/61
f 273/11/59 281/13/62 282/13/62
f 281/13/62 273/11/59 274/11/59
f 282/13/61 281/13/61 273/11/57
f 274/11/57 273/11/57 281/13/61
f 282/13/15 275/11/15 273/11/15
f 275/11/15 282/13/15 283/13/15
f 283/13/15 282/13/15 277/12/15
f 283/13/15 277/12/15 279/12/15
f 279/12/15 277/12/15 269/10/15
f 279/12/15 269/10/15 270/10/15
f 273/11/17 275/11/17 282/13/17
f 283/13/17 282/13/17 275/11/17
f 277/12/17 282/13/17 283/13/17
f 279/12/17 277/12/17 283/13/17
f 269/10/17 277/12/17 279/12/17
f 270/10/17 269/10/17 279/12/17
f 284/13/17 274/11/17 276/11/17
f 274/11/17 284/13/17 281/13/17
f 281/13/17 284/13/17 280/12/17
f 281/13/17 280/12/17 278/12/17
f 278/12/17 280/12/17 272/10/17
f 278/12/17 272/10/17 271/10/17
f 276/11/15 274/11/15 284/13/15
f 281/13/15 284/13/15 274/11/15
f 280/12/15 284/13/15 281/13/15
f 278/12/15 280/12/15 281/13/15
f 272/10/15 280/12/15 278/12/15
f 271/10/15 272/10/15 278/12/15
f 283/13/64 276/11/60 275/11/60
f 276/11/60 283/13/64 284/13/64
f 275/11/58 276/11/58 283/13/63
f 284/13/63 283/13/63 276/11/58
f 283/13/64 280/12/61 284/13/64
f 280/12/61 283/13/64 279/12/61
f 284/13/63 280/12/62 283/13/63
f 279/12/62 283/13/63 280/12/62
f 287/14/50 286/14/49 285/14/50
f 286/14/49 287/14/50 288/14/49
f 285/14/52 286/14/51 287/14/52
f 288/14/51 287/14/52 286/14/51
f 291/15/52 290/15/51 289/15/51
f 290/15/51 291/15/52 292/15/52
f 289/15/49 290/15/49 291/15/50
f 292/15/50 291/15/50 290/15/49
f 289/15/51 294/16/56 293/16/56
f 294/16/56 289/15/51 290/15/51
f 293/16/54 294/16/54 289/15/49
f 290/15/49 289/15/49 294/16/54
f 296/17/55 285/14/50 295/17/55
f 285/14/50 296/17/55 287/14/50
f 295/17/53 285/14/52 296/17/53
f 287/14/52 296/17/53 285/14/52
f 299/17/54 298/16/53 297/17/54
f 298/16/53 299/17/54 300/16/53
f 297/17/56 298/16/55 299/17/56
f 300/16/55 299/17/56 298/16/55
f 294/16/56 295/17/55 293/16/56
f 295/17/55 294/16/56 296/17/55
f 293/16/54 295/17/53 294/16/54
f 296/17/53 294/16/54 295/17/53
f 297/17/20 285/14/20 286/14/20
f 285/14/20 297/17/20 295/17/20
f 295/17/20 297/17/20 298/16/20
f 295/17/20 298/16/20 293/16/20
f 293/16/20 298/16/20 291/15/20
f 293/16/20 291/15/20 289/15/20
f 286/14/19 285/14/19 297/17/19
f 295/17/19 297/17/19 285/14/19
f 298/16/19 297/17/19 295/17/19
f 293/16/19 298/16/19 295/17/19
f 291/15/19 298/16/19 293/16/19
f 289/15/19 291/15/19 293/16/19
f 288/14/49 297/17/54 286/14/49
f 297/17/54 288/14/49 299/17/54
f 286/14/51 297/17/56 288/14/51
f 299/17/56 288/14/51 297/17/56
f 296/17/19 288/14/19 287/14/19
f 288/14/19 296/17/19 299/17/19
f 299/17/19 296/17/19 294/16/19
f 299/17/19 294/16/19 300/16/19
f 300/16/19 294/16/19 290/15/19
f 300/16/19 290/15/19 292/15/19
f 287/14/20 288/14/20 296/17/20
f 299/17/20 296/17/20 288/14/20
f 294/16/20 296/17/20 299/17/20
f 300/16/20 294/16/20 299/17/20
f 290/15/20 294/16/20 300/16/20
f 292/15/20 290/15/20 300/16/20
f 298/16/53 292/15/52 291/15/52
f 292/15/52 298/16/53 300/16/53
f 291/15/50 292/15/50 298/16/55
f 300/16/55 298/16/55 292/15/50
f 303/5/25 302/4/25 301/5/25
f 302/4/25 303/5/25 304/4/25
f 301/5/26 302/4/26 303/5/26
f 304/4/26 303/5/26 302/4/26
f 307/5/46 306/4/23 305/4/46
f 306/4/23 307/5/46 308/5/23
f 305/4/45 306/4/24 307/5/45
f 308/5/24 307/5/45 306/4/24
f 303/5/24 309/4/24 304/4/24
f 309/4/24 303/5/24 310/5/24
f 304/4/23 309/4/23 303/5/23
f 310/5/23 303/5/23 309/4/23
f 308/5/23 302/4/48 306/4/23
f 302/4/48 308/5/23 301/5/48
f 306/4/24 302/4/47 308/5/24
f 301/5/47 308/5/24 302/4/47
f 309/4/2 302/4/2 304/4/2
f 302/4/2 309/4/2 306/4/2
f 306/4/2 309/4/2 305/4/2
f 304/4/1 302/4/1 309/4/1
f 306/4/1 309/4/1 302/4/1
f 305/4/1 309/4/1 306/4/1
f 301/5/1 310/5/1 303/5/1
f 310/5/1 301/5/1 308/5/1
f 310/5/1 308/5/1 307/5/1
f 303/5/2 310/5/2 301/5/2
f 308/5/2 301/5/2 310/5/2
f 307/5/2 308/5/2 310/5/2
f 309/4/26 307/5/26 305/4/26
f 307/5/26 309/4/26 310/5/26
f 305/4/25 307/5/25 309/4/25
f 310/5/25 309/4/25 307/5/25
f 313/3/17 312/4/23 311/4/17
f 312/4/23 313/3/17 314/3/23
f 311/4/15 312/4/24 313/3/15
f 314/3/24 313/3/15 312/4/24
f 314/3/23 315/4/20 312/4/23
f 315/4/20 314/3/23 316/3/20
f 312/4/24 315/4/19 314/3/24
f 316/3/19 314/3/24 315/4/19
f 317/3/25 315/4/25 316/3/25
f 315/4/25 317/3/25 318/4/25
f 316/3/26 315/4/26 317/3/26
f 318/4/26 317/3/26 315/4/26
f 316/3/1 319/3/1 317/3/1
f 319/3/1 316/3/1 314/3/1
f 319/3/1 314/3/1 313/3/1
f 317/3/2 319/3/2 316/3/2
f 314/3/2 316/3/2 319/3/2
f 313/3/2 314/3/2 319/3/2
f 317/3/24 320/4/24 318/4/24
f 320/4/24 317/3/24 319/3/24
f 318/4/23 320/4/23 317/3/23
f 319/3/23 317/3/23 320/4/23
f 320/4/26 313/3/26 311/4/26
f 313/3/26 320/4/26 319/3/26
f 311/4/25 313/3/25 320/4/25
f 319/3/25 320/4/25 313/3/25
f 323/6/50 322/6/49 321/6/50
f 322/6/49 323/6/50 324/6/49
f 321/6/52 322/6/51 323/6/52
f 324/6/51 323/6/52 322/6/51
f 327/7/52 326/7/51 325/7/51
f 326/7/51 327/7/52 328/7/52
f 325/7/49 326/7/49 327/7/50
f 328/7/50 327/7/50 326/7/49
f 331/8/56 330/9/55 329/8/56
f 330/9/55 331/8/56 332/9/55
f 329/8/54 330/9/53 331/8/54
f 332/9/53 331/8/54 330/9/53
f 335/9/54 334/8/53 333/9/54
f 334/8/53 335/9/54 336/8/53
f 333/9/56 334/8/55 335/9/56
f 336/8/55 335/9/56 334/8/55
f 325/7/51 331/8/56 329/8/56
f 331/8/56 325/7/51 326/7/51
f 329/8/54 331/8/54 325/7/49
f 326/7/49 325/7/49 331/8/54
f 332/9/55 321/6/50 330/9/55
f 321/6/50 332/9/55 323/6/50
f 330/9/53 321/6/52 332/9/53
f 323/6/52 332/9/53 321/6/52
f 333/9/20 321/6/20 322/6/20
f 321/6/20 333/9/20 330/9/20
f 330/9/20 333/9/20 334/8/20
f 330/9/20 334/8/20 329/8/20
f 329/8/20 334/8/20 327/7/20
f 329/8/20 327/7/20 325/7/20
f 322/6/19 321/6/19 333/9/19
f 330/9/19 333/9/19 321/6/19
f 334/8/19 333/9/19 330/9/19
f 329/8/19 334/8/19 330/9/19
f 327/7/19 334/8/19 329/8/19
f 325/7/19 327/7/19 329/8/19
f 332/9/19 324/6/19 323/6/19
f 324/6/19 332/9/19 335/9/19
f 335/9/19 332/9/19 331/8/19
f 335/9/19 331/8/19 336/8/19
f 336/8/19 331/8/19 326/7/19
f 336/8/19 326/7/19 328/7/19
f 323/6/20 324/6/20 332/9/20
f 335/9/20 332/9/20 324/6/20
f 331/8/20 332/9/20 335/9/20
f 336/8/20 331/8/20 335/9/20
f 326/7/20 331/8/20 336/8/20
f 328/7/20 326/7/20 336/8/20
f 324/6/49 333/9/54 322/6/49
f 333/9/54 324/6/49 335/9/54
f 322/6/51 333/9/56 324/6/51
f 335/9/56 324/6/51 333/9/56
f 334/8/53 328/7/52 327/7/52
f 328/7/52 334/8/53 336/8/53
f 327/7/50 328/7/50 334/8/55
f 336/8/55 334/8/55 328/7/50
f 339/10/58 338/10/57 337/10/58
f 338/10/57 339/10/58 340/10/57
f 337/10/60 338/10/59 339/10/60
f 340/10/59 339/10/60 338/10/59
f 343/11/60 342/11/59 341/11/59
f 342/11/59 343/11/60 344/11/60
f 341/11/57 342/11/57 343/11/58
f 344/11/58 343/11/58 342/11/57
f 346/12/63 337/10/58 345/12/63
f 337/10/58 346/12/63 339/10/58
f 345/12/64 337/10/60 346/12/64
f 339/10/60 346/12/64 337/10/60
f 340/10/57 347/12/61 338/10/57
f 347/12/61 340/10/57 348/12/61
f 338/10/59 347/12/62 340/10/59
f 348/12/62 340/10/59 347/12/62
f 345/12/63 349/13/62 346/12/63
f 349/13/62 345/12/63 350/13/62
f 346/12/64 349/13/61 345/12/64
f 350/13/61 345/12/64 349/13/61
f 341/11/59 349/13/62 350/13/62
f 349/13/62 341/11/59 342/11/59
f 350/13/61 349/13/61 341/11/57
f 342/11/57 341/11/57 349/13/61
f 350/13/15 343/11/15 341/11/15
f 343/11/15 350/13/15 351/13/15
f 351/13/15 350/13/15 345/12/15
f 351/13/15 345/12/15 347/12/15
f 347/12/15 345/12/15 337/10/15
f 347/12/15 337/10/15 338/10/15
f 341/11/17 343/11/17 350/13/17
f 351/13/17 350/13/17 343/11/17
f 345/12/17 350/13/17 351/13/17
f 347/12/17 345/12/17 351/13/17
f 337/10/17 345/12/17 347/12/17
f 338/10/17 337/10/17 347/12/17
f 352/13/17 342/11/17 344/11/17
f 342/11/17 352/13/17 349/13/17
f 349/13/17 352/13/17 348/12/17
f 349/13/17 348/12/17 346/12/17
f 346/12/17 348/12/17 340/10/17
f 346/12/17 340/10/17 339/10/17
f 344/11/15 342/11/15 352/13/15
f 349/13/15 352/13/15 342/11/15
f 348/12/15 352/13/15 349/13/15
f 346/12/15 348/12/15 349/13/15
f 340/10/15 348/12/15 346/12/15
f 339/10/15 340/10/15 346/12/15
f 351/13/64 344/11/60 343/11/60
f 344/11/60 351/13/64 352/13/64
f 343/11/58 344/11/58 351/13/63
f 352/13/63 351/13/63 344/11/58
f 351/13/64 348/12/61 352/13/64
f 348/12/61 351/13/64 347/12/61
f 352/13/63 348/12/62 351/13/63
f 347/12/62 351/13/63 348/12/62
f 355/14/50 354/14/49 353/14/50
f 354/14/49 355/14/50 356/14/49
f 353/14/52 354/14/51 355/14/52
f 356/14/51 355/14/52 354/14/51
f 359/15/52 358/15/51 357/15/51
f 358/15/51 359/15/52 360/15/52
f 357/15/49 358/15/49 359/15/50
f 360/15/50 359/15/50 358/15/49
f 357/15/51 362/16/56 361/16/56
f 362/16/56 357/15/51 358/15/51
f 361/16/54 362/16/54 357/15/49
f 358/15/49 357/15/49 362/16/54
f 364/17/55 353/14/50 363/17/55
f 353/14/50 364/17/55 355/14/50
f 363/17/53 353/14/52 364/17/53
f 355/14/52 364/17/53 353/14/52
f 367/17/54 366/16/53 365/17/54
f 366/16/53 367/17/54 368/16/53
f 365/17/56 366/16/55 367/17/56
f 368/16/55 367/17/56 366/16/55
f 362/16/56 363/17/55 361/16/56
f 363/17/55 362/16/56 364/17/55
f 361/16/54 363/17/53 362/16/54
f 364/17/53 362/16/54 363/17/53
f 365/17/20 353/14/20 354/14/20
f 353/14/20 365/17/20 363/17/20
f 363/17/20 365/17/20 366/16/20
f 363/17/20 366/16/20 361/16/20
f 361/16/20 366/16/20 359/15/20
f 361/16/20 359/15/20 357/15/20
f 354/14/19 353/14/19 365/17/19
f 363/17/19 365/17/19 353/14/19
f 366/16/19 365/17/19 363/17/19
f 361/16/19 366/16/19 363/17/19
f 359/15/19 366/16/19 361/16/19
f 357/15/19 359/15/19 361/16/19
f 356/14/49 365/17/54 354/14/49
f 365/17/54 356/14/49 367/17/54
f 354/14/51 365/17/56 356/14/51
f 367/17/56 356/14/51 365/17/56
f 364/17/19 356/14/19 355/14/19
f 356/14/19 364/17/19 367/17/19
f 367/17/19 364/17/19 362/16/19
f 367/17/19 362/16/19 368/16/19
f 368/16/19 362/16/19 358/15/19
f 368/16/19 358/15/19 360/15/19
f 355/14/20 356/14/20 364/17/20
f 367/17/20 364/17/20 356/14/20
f 362/16/20 364/17/20 367/17/20
f 368/16/20 362/16/20 367/17/20
f 358/15/20 362/16/20 368/16/20
f 360/15/20 358/15/20 368/16/20
f 366/16/53 360/15/52 359/15/52
f 360/15/52 366/16/53 368/16/53
f 359/15/50 360/15/50 366/16/55
f 368/16/55 366/16/55 360/15/50
f 371/3/27 370/4/27 369/3/27
f 370/4/27 371/3/27 372/4/27
f 369/3/28 370/4/28 371/3/28
f 372/4/28 371/3/28 370/4/28
f 371/3/29 373/4/29 372/4/29
f 373/4/29 371/3/29 374/3/29
f 372/4/30 373/4/30 371/3/30
f 374/3/30 371/3/30 373/4/30
f 375/4/35 369/3/37 370/4/37
f 369/3/37 375/4/35 376/3/35
f 370/4/38 369/3/38 375/4/36
f 376/3/36 375/4/36 369/3/38
f 373/4/32 378/3/31 377/4/31
f 378/3/31 373/4/32 374/3/32
f 377/4/34 378/3/34 373/4/33
f 374/3/33 373/4/33 378/3/34
f 376/3/1 371/3/1 369/3/1
f 371/3/1 376/3/1 374/3/1
f 374/3/1 376/3/1 378/3/1
f 369/3/2 371/3/2 376/3/2
f 374/3/2 376/3/2 371/3/2
f 378/3/2 376/3/2 374/3/2
f 378/3/31 375/4/35 377/4/31
f 375/4/35 378/3/31 376/3/35
f 377/4/34 375/4/36 378/3/34
f 376/3/36 378/3/34 375/4/36
f 381/5/29 380/4/29 379/4/29
f 380/4/29 381/5/29 382/5/29
f 379/4/30 380/4/30 381/5/30
f 382/5/30 381/5/30 380/4/30
f 381/5/27 384/4/27 383/5/27
f 384/4/27 381/5/27 379/4/27
f 383/5/28 384/4/28 381/5/28
f 379/4/28 381/5/28 384/4/28
f 385/5/1 381/5/1 383/5/1
f 381/5/1 385/5/1 382/5/1
f 382/5/1 385/5/1 386/5/1
f 383/5/2 381/5/2 385/5/2
f 382/5/2 385/5/2 381/5/2
f 386/5/2 385/5/2 382/5/2
f 380/4/2 384/4/2 379/4/2
f 384/4/2 380/4/2 387/4/2
f 387/4/2 380/4/2 388/4/2
f 379/4/1 384/4/1 380/4/1
f 387/4/1 380/4/1 384/4/1
f 388/4/1 380/4/1 387/4/1
f 380/4/32 386/5/31 388/4/31
f 386/5/31 380/4/32 382/5/32
f 388/4/34 386/5/34 380/4/33
f 382/5/33 380/4/33 386/5/34
f 386/5/31 387/4/65 388/4/31
f 387/4/65 386/5/31 385/5/65
f 388/4/34 387/4/66 386/5/34
f 385/5/66 386/5/34 387/4/66
f 387/4/65 383/5/37 384/4/37
f 383/5/37 387/4/65 385/5/65
f 384/4/38 383/5/38 387/4/66
f 385/5/66 387/4/66 383/5/38
f 391/3/1 390/3/1 389/3/1
f 390/3/1 391/3/1 392/3/1
f 390/3/1 392/3/1 393/3/1
f 389/3/2 390/3/2 391/3/2
f 392/3/2 391/3/2 390/3/2
f 393/3/2 392/3/2 390/3/2
f 395/4/4 393/3/4 394/4/4
f 393/3/4 395/4/4 390/3/4
f 394/4/3 393/3/3 395/4/3
f 390/3/3 395/4/3 393/3/3
f 393/3/41 396/4/6 394/4/41
f 396/4/6 393/3/41 392/3/6
f 394/4/42 396/4/5 393/3/42
f 392/3/5 393/3/42 396/4/5
f 389/3/5 395/4/5 397/4/5
f 395/4/5 389/3/5 390/3/5
f 397/4/6 395/4/6 389/3/6
f 390/3/6 389/3/6 395/4/6
f 389/3/3 398/4/3 391/3/3
f 398/4/3 389/3/3 397/4/3
f 391/3/4 398/4/4 389/3/4
f 397/4/4 389/3/4 398/4/4
f 392/3/6 398/4/39 396/4/6
f 398/4/39 392/3/6 391/3/39
f 396/4/5 398/4/40 392/3/5
f 391/3/40 392/3/5 398/4/40
f 401/5/5 400/4/5 399/4/5
f 400/4/5 401/5/5 402/5/5
f 399/4/6 400/4/6 401/5/6
f 402/5/6 401/5/6 400/4/6
f 403/5/1 402/5/1 401/5/1
f 402/5/1 403/5/1 404/5/1
f 402/5/1 404/5/1 405/5/1
f 401/5/2 402/5/2 403/5/2
f 404/5/2 403/5/2 402/5/2
f 405/5/2 404/5/2 402/5/2
f 404/5/6 407/4/67 406/4/6
f 407/4/67 404/5/6 403/5/67
f 406/4/5 407/4/68 404/5/5
f 403/5/68 404/5/5 407/4/68
f 401/5/3 407/4/3 403/5/3
f 407/4/3 401/5/3 399/4/3
f 403/5/4 407/4/4 401/5/4
f 399/4/4 401/5/4 407/4/4
f 400/4/4 405/5/4 408/4/4
f 405/5/4 400/4/4 402/5/4
f 408/4/3 405/5/3 400/4/3
f 402/5/3 400/4/3 405/5/3
f 400/4/2 407/4/2 399/4/2
f 407/4/2 400/4/2 406/4/2
f 406/4/2 400/4/2 408/4/2
f 399/4/1 407/4/1 400/4/1
f 406/4/1 400/4/1 407/4/1
f 408/4/1 400/4/1 406/4/1
f 405/5/69 406/4/6 408/4/69
f 406/4/6 405/5/69 404/5/6
f 408/4/70 406/4/5 405/5/70
f 404/5/5 405/5/70 406/4/5
f 411/18/72 410/18/71 409/18/71
f 410/18/71 411/18/72 412/18/72
f 409/18/74 410/18/74 411/18/73
f 412/18/73 411/18/73 410/18/74
f 415/19/75 414/20/73 413/19/75
f 414/20/73 415/19/75 416/20/73
f 413/19/76 414/20/72 415/19/76
f 416/20/72 415/19/76 414/20/72
f 413/19/75 417/21/77 415/19/75
f 417/21/77 413/19/75 418/21/77
f 415/19/76 417/21/78 413/19/76
f 418/21/78 413/19/76 417/21/78
f 419/21/76 412/18/72 411/18/72
f 412/18/72 419/21/76 420/21/76
f 411/18/73 412/18/73 419/21/75
f 420/21/75 419/21/75 412/18/73
f 416/20/73 421/20/74 414/20/73
f 421/20/74 416/20/73 422/20/74
f 414/20/72 421/20/71 416/20/72
f 422/20/71 416/20/72 421/20/71
f 420/21/41 410/18/41 412/18/41
f 410/18/41 420/21/41 417/21/41
f 417/21/41 420/21/41 423/19/41
f 417/21/41 423/19/41 415/19/41
f 415/19/41 423/19/41 422/20/41
f 415/19/41 422/20/41 416/20/41
f 412/18/42 410/18/42 420/21/42
f 417/21/42 420/21/42 410/18/42
f 423/19/42 420/21/42 417/21/42
f 415/19/42 423/19/42 417/21/42
f 422/20/42 423/19/42 415/19/42
f 416/20/42 422/20/42 415/19/42
f 418/21/42 411/18/42 409/18/42
f 411/18/42 418/21/42 419/21/42
f 419/21/42 418/21/42 413/19/42
f 419/21/42 413/19/42 424/19/42
f 424/19/42 413/19/42 414/20/42
f 424/19/42 414/20/42 421/20/42
f 409/18/41 411/18/41 418/21/41
f 419/21/41 418/21/41 411/18/41
f 413/19/41 418/21/41 419/21/41
f 424/19/41 413/19/41 419/21/41
f 414/20/41 413/19/41 424/19/41
f 421/20/41 414/20/41 424/19/41
f 419/21/76 423/19/78 420/21/76
f 423/19/78 419/21/76 424/19/78
f 420/21/75 423/19/77 419/21/75
f 424/19/77 419/21/75 423/19/77
f 422/20/74 424/19/78 421/20/74
f 424/19/78 422/20/74 423/19/78
f 421/20/71 424/19/77 422/20/71
f 423/19/77 422/20/71 424/19/77
f 409/18/71 417/21/77 418/21/77
f 417/21/77 409/18/71 410/18/71
f 418/21/78 417/21/78 409/18/74
f 410/18/74 409/18/74 417/21/78
f 427/3/1 426/3/1 425/3/1
f 426/3/1 427/3/1 428/3/1
f 426/3/1 428/3/1 429/3/1
f 425/3/2 426/3/2 427/3/2
f 428/3/2 427/3/2 426/3/2
f 429/3/2 428/3/2 426/3/2
f 431/4/4 429/3/4 430/4/4
f 429/3/4 431/4/4 426/3/4
f 430/4/3 429/3/3 431/4/3
f 426/3/3 431/4/3 429/3/3
f 429/3/41 432/4/6 430/4/41
f 432/4/6 429/3/41 428/3/6
f 430/4/42 432/4/5 429/3/42
f 428/3/5 429/3/42 432/4/5
f 425/3/5 431/4/5 433/4/5
f 431/4/5 425/3/5 426/3/5
f 433/4/6 431/4/6 425/3/6
f 426/3/6 425/3/6 431/4/6
f 425/3/3 434/4/3 427/3/3
f 434/4/3 425/3/3 433/4/3
f 427/3/4 434/4/4 425/3/4
f 433/4/4 425/3/4 434/4/4
f 428/3/6 434/4/39 432/4/6
f 434/4/39 428/3/6 427/3/39
f 432/4/5 434/4/40 428/3/5
f 427/3/40 428/3/5 434/4/40
f 437/5/5 436/4/5 435/4/5
f 436/4/5 437/5/5 438/5/5
f 435/4/6 436/4/6 437/5/6
f 438/5/6 437/5/6 436/4/6
f 439/5/1 438/5/1 437/5/1
f 438/5/1 439/5/1 440/5/1
f 438/5/1 440/5/1 441/5/1
f 437/5/2 438/5/2 439/5/2
f 440/5/2 439/5/2 438/5/2
f 441/5/2 440/5/2 438/5/2
f 440/5/6 443/4/67 442/4/6
f 443/4/67 440/5/6 439/5/67
f 442/4/5 443/4/68 440/5/5
f 439/5/68 440/5/5 443/4/68
f 437/5/3 443/4/3 439/5/3
f 443/4/3 437/5/3 435/4/3
f 439/5/4 443/4/4 437/5/4
f 435/4/4 437/5/4 443/4/4
f 436/4/4 441/5/4 444/4/4
f 441/5/4 436/4/4 438/5/4
f 444/4/3 441/5/3 436/4/3
f 438/5/3 436/4/3 441/5/3
f 436/4/2 443/4/2 435/4/2
f 443/4/2 436/4/2 442/4/2
f 442/4/2 436/4/2 444/4/2
f 435/4/1 443/4/1 436/4/1
f 442/4/1 436/4/1 443/4/1
f 444/4/1 436/4/1 442/4/1
f 441/5/69 442/4/6 444/4/69
f 442/4/6 441/5/69 440/5/6
f 444/4/70 442/4/5 441/5/70
f 440/5/5 441/5/70 442/4/5
f 447/18/72 446/18/71 445/18/71
f 446/18/71 447/18/72 448/18/72
f 445/18/74 446/18/74 447/18/73
f 448/18/73 447/18/73 446/18/74
f 451/19/75 450/20/73 449/19/75
f 450/20/73 451/19/75 452/20/73
f 449/19/76 450/20/72 451/19/76
f 452/20/72 451/19/76 450/20/72
f 449/19/75 453/21/77 451/19/75
f 453/21/77 449/19/75 454/21/77
f 451/19/76 453/21/78 449/19/76
f 454/21/78 449/19/76 453/21/78
f 455/21/76 448/18/72 447/18/72
f 448/18/72 455/21/76 456/21/76
f 447/18/73 448/18/73 455/21/75
f 456/21/75 455/21/75 448/18/73
f 452/20/73 457/20/74 450/20/73
f 457/20/74 452/20/73 458/20/74
f 450/20/72 457/20/71 452/20/72
f 458/20/71 452/20/72 457/20/71
f 456/21/41 446/18/41 448/18/41
f 446/18/41 456/21/41 453/21/41
f 453/21/41 456/21/41 459/19/41
f 453/21/41 459/19/41 451/19/41
f 451/19/41 459/19/41 458/20/41
f 451/19/41 458/20/41 452/20/41
f 448/18/42 446/18/42 456/21/42
f 453/21/42 456/21/42 446/18/42
f 459/19/42 456/21/42 453/21/42
f 451/19/42 459/19/42 453/21/42
f 458/20/42 459/19/42 451/19/42
f 452/20/42 458/20/42 451/19/42
f 454/21/42 447/18/42 445/18/42
f 447/18/42 454/21/42 455/21/42
f 455/21/42 454/21/42 449/19/42
f 455/21/42 449/19/42 460/19/42
f 460/19/42 449/19/42 450/20/42
f 460/19/42 450/20/42 457/20/42
f 445/18/41 447/18/41 454/21/41
f 455/21/41 454/21/41 447/18/41
f 449/19/41 454/21/41 455/21/41
f 460/19/41 449/19/41 455/21/41
f 450/20/41 449/19/41 460/19/41
f 457/20/41 450/20/41 460/19/41
f 455/21/76 459/19/78 456/21/76
f 459/19/78 455/21/76 460/19/78
f 456/21/75 459/19/77 455/21/75
f 460/19/77 455/21/75 459/19/77
f 458/20/74 460/19/78 457/20/74
f 460/19/78 458/20/74 459/19/78
f 457/20/71 460/19/77 458/20/71
f 459/19/77 458/20/71 460/19/77
f 445/18/71 453/21/77 454/21/77
f 453/21/77 445/18/71 446/18/71
f 454/21/78 453/21/78 445/18/74
f 446/18/74 445/18/74 453/21/78
f 463/22/1 462/22/1 461/22/1
f 462/22/1 463/22/1 464/22/1
f 461/22/2 462/22/2 463/22/2
f 464/22/2 463/22/2 462/22/2
f 467/22/1 466/22/1 465/22/1
f 466/22/1 467/22/1 468/22/1
f 465/22/2 466/22/2 467/22/2
f 468/22/2 467/22/2 466/22/2
f 471/22/81 470/23/80 469/22/79
f 470/23/80 471/22/81 472/23/82
f 469/22/85 470/23/84 471/22/83
f 472/23/86 471/22/83 470/23/84
f 474/23/88 471/22/81 473/22/87
f 471/22/81 474/23/88 472/23/82
f 473/22/90 471/22/83 474/23/89
f 472/23/86 474/23/89 471/22/83
f 477/24/93 476/22/92 475/22/91
f 476/22/92 477/24/93 478/24/94
f 475/22/97 476/22/96 477/24/95
f 478/24/98 477/24/95 476/22/96
f 476/22/92 480/24/100 479/22/99
f 480/24/100 476/22/92 478/24/94
f 479/22/102 480/24/101 476/22/96
f 478/24/98 476/22/96 480/24/101
f 483/22/105 482/24/104 481/22/103
f 482/24/104 483/22/105 484/24/106
f 481/22/109 482/24/108 483/22/107
f 484/24/110 483/22/107 482/24/108
f 482/24/104 486/24/112 485/24/111
f 486/24/112 482/24/104 484/24/106
f 485/24/114 486/24/113 482/24/108
f 484/24/110 482/24/108 486/24/113
f 486/24/112 483/22/105 487/22/115
f 483/22/105 486/24/112 484/24/106
f 487/22/116 483/22/107 486/24/113
f 484/24/110 486/24/113 483/22/107
f 482/24/104 488/22/117 481/22/103
f 488/22/117 482/24/104 485/24/111
f 481/22/109 488/22/118 482/24/108
f 485/24/114 482/24/108 488/22/118
f 485/24/111 487/22/115 488/22/117
f 487/22/115 485/24/111 486/24/112
f 488/22/118 487/22/116 485/24/114
f 486/24/113 485/24/114 487/22/116
f 490/24/120 475/22/91 489/22/119
f 475/22/91 490/24/120 477/24/93
f 489/22/122 475/22/97 490/24/121
f 477/24/95 490/24/121 475/22/97
f 470/23/80 491/22/123 469/22/79
f 491/22/123 470/23/80 492/23/124
f 469/22/85 491/22/125 470/23/84
f 492/23/126 470/23/84 491/22/125
f 480/24/100 489/22/119 479/22/99
f 489/22/119 480/24/100 490/24/120
f 479/22/102 489/22/122 480/24/101
f 490/24/121 480/24/101 489/22/122
f 480/24/100 477/24/93 490/24/120
f 477/24/93 480/24/100 478/24/94
f 490/24/121 477/24/95 480/24/101
f 478/24/98 480/24/101 477/24/95
f 495/23/129 494/23/128 493/23/127
f 494/23/128 495/23/129 496/23/130
f 493/23/133 494/23/132 495/23/131
f 496/23/134 495/23/131 494/23/132
f 492/23/124 472/23/82 474/23/88
f 472/23/82 492/23/124 470/23/80
f 474/23/89 472/23/86 492/23/126
f 470/23/84 492/23/126 472/23/86
f 497/22/135 496/23/130 495/23/129
f 496/23/130 497/22/135 498/22/136
f 495/23/131 496/23/134 497/22/137
f 498/22/138 497/22/137 496/23/134
f 501/22/141 500/23/140 499/22/139
f 500/23/140 501/22/141 502/23/142
f 499/22/145 500/23/144 501/22/143
f 502/23/146 501/22/143 500/23/144
f 497/22/135 493/23/127 503/22/147
f 493/23/127 497/22/135 495/23/129
f 503/22/148 493/23/133 497/22/137
f 495/23/131 497/22/137 493/23/133
f 496/23/130 504/22/149 494/23/128
f 504/22/149 496/23/130 498/22/136
f 494/23/132 504/22/150 496/23/134
f 498/22/138 496/23/134 504/22/150
f 507/23/153 506/22/152 505/22/151
f 506/22/152 507/23/153 508/23/154
f 505/22/157 506/22/156 507/23/155
f 508/23/158 507/23/155 506/22/156
f 493/23/127 504/22/149 503/22/147
f 504/22/149 493/23/127 494/23/128
f 503/22/148 504/22/150 493/23/133
f 494/23/132 493/23/133 504/22/150
f 499/22/139 507/23/153 505/22/151
f 507/23/153 499/22/139 500/23/140
f 505/22/157 507/23/155 499/22/145
f 500/23/144 499/22/145 507/23/155
f 502/23/142 506/22/152 508/23/154
f 506/22/152 502/23/142 501/22/141
f 508/23/158 506/22/156 502/23/146
f 501/22/143 502/23/146 506/22/156
f 500/23/140 508/23/154 507/23/153
f 508/23/154 500/23/140 502/23/142
f 507/23/155 508/23/158 500/23/144
f 502/23/146 500/23/144 508/23/158
f 492/23/124 473/22/87 491/22/123
f 473/22/87 492/23/124 474/23/88
f 491/22/125 473/22/90 492/23/126
f 474/23/89 492/23/126 473/22/90
f 511/22/81 510/23/80 509/22/79
f 510/23/80 511/22/81 512/23/82
f 509/22/85 510/23/84 511/22/83
f 512/23/86 511/22/83 510/23/84
f 514/23/88 511/22/81 513/22/87
f 511/22/81 514/23/88 512/23/82
f 513/22/90 511/22/83 514/23/89
f 512/23/86 514/23/89 511/22/83
f 517/24/93 516/22/92 515/22/91
f 516/22/92 517/24/93 518/24/94
f 515/22/97 516/22/96 517/24/95
f 518/24/98 517/24/95 516/22/96
f 516/22/92 520/24/100 519/22/99
f 520/24/100 516/22/92 518/24/94
f 519/22/102 520/24/101 516/22/96
f 518/24/98 516/22/96 520/24/101
f 523/22/105 522/24/104 521/22/103
f 522/24/104 523/22/105 524/24/106
f 521/22/109 522/24/108 523/22/107
f 524/24/110 523/22/107 522/24/108
f 522/24/104 526/24/112 525/24/111
f 526/24/112 522/24/104 524/24/106
f 525/24/114 526/24/113 522/24/108
f 524/24/110 522/24/108 526/24/113
f 526/24/112 523/22/105 527/22/115
f 523/22/105 526/24/112 524/24/106
f 527/22/116 523/22/107 526/24/113
f 524/24/110 526/24/113 523/22/107
f 522/24/104 528/22/117 521/22/103
f 528/22/117 522/24/104 525/24/111
f 521/22/109 528/22/118 522/24/108
f 525/24/114 522/24/108 528/22/118
f 525/24/111 527/22/115 528/22/117
f 527/22/115 525/24/111 526/24/112
f 528/22/118 527/22/116 525/24/114
f 526/24/113 525/24/114 527/22/116
f 530/24/120 515/22/91 529/22/119
f 515/22/91 530/24/120 517/24/93
f 529/22/122 515/22/97 530/24/121
f 517/24/95 530/24/121 515/22/97
f 510/23/80 531/22/123 509/22/79
f 531/22/123 510/23/80 532/23/124
f 509/22/85 531/22/125 510/23/84
f 532/23/126 510/23/84 531/22/125
f 520/24/100 529/22/119 519/22/99
f 529/22/119 520/24/100 530/24/120
f 519/22/102 529/22/122 520/24/101
f 530/24/121 520/24/101 529/22/122
f 520/24/100 517/24/93 530/24/120
f 517/24/93 520/24/100 518/24/94
f 530/24/121 517/24/95 520/24/101
f 518/24/98 520/24/101 517/24/95
f 535/23/129 534/23/128 533/23/127
f 534/23/128 535/23/129 536/23/130
f 533/23/133 534/23/132 535/23/131
f 536/23/134 535/23/131 534/23/132
f 532/23/124 512/23/82 514/23/88
f 512/23/82 532/23/124 510/23/80
f 514/23/89 512/23/86 532/23/126
f 510/23/84 532/23/126 512/23/86
f 537/22/135 536/23/130 535/23/129
f 536/23/130 537/22/135 538/22/136
f 535/23/131 536/23/134 537/22/137
f 538/22/138 537/22/137 536/23/134
f 541/22/141 540/23/140 539/22/139
f 540/23/140 541/22/141 542/23/142
f 539/22/145 540/23/144 541/22/143
f 542/23/146 541/22/143 540/23/144
f 537/22/135 533/23/127 543/22/147
f 533/23/127 537/22/135 535/23/129
f 543/22/148 533/23/133 537/22/137
f 535/23/131 537/22/137 533/23/133
f 536/23/130 544/22/149 534/23/128
f 544/22/149 536/23/130 538/22/136
f 534/23/132 544/22/150 536/23/134
f 538/22/138 536/23/134 544/22/150
f 547/23/153 546/22/152 545/22/151
f 546/22/152 547/23/153 548/23/154
f 545/22/157 546/22/156 547/23/155
f 548/23/158 547/23/155 546/22/156
f 533/23/127 544/22/149 543/22/147
f 544/22/149 533/23/127 534/23/128
f 543/22/148 544/22/150 533/23/133
f 534/23/132 533/23/133 544/22/150
f 539/22/139 547/23/153 545/22/151
f 547/23/153 539/22/139 540/23/140
f 545/22/157 547/23/155 539/22/145
f 540/23/144 539/22/145 547/23/155
f 542/23/142 546/22/152 548/23/154
f 546/22/152 542/23/142 541/22/141
f 548/23/158 546/22/156 542/23/146
f 541/22/143 542/23/146 546/22/156
f 540/23/140 548/23/154 547/23/153
f 548/23/154 540/23/140 542/23/142
f 547/23/155 548/23/158 540/23/144
f 542/23/146 540/23/144 548/23/158
f 532/23/124 513/22/87 531/22/123
f 513/22/87 532/23/124 514/23/88
f 531/22/125 513/22/90 532/23/126
f 514/23/89 532/23/126 513/22/90
f 551/22/123 550/23/88 549/22/87
f 550/23/88 551/22/123 552/23/124
f 549/22/90 550/23/89 551/22/125
f 552/23/126 551/22/125 550/23/89
f 554/23/80 551/22/123 553/22/79
f 551/22/123 554/23/80 552/23/124
f 553/22/85 551/22/125 554/23/84
f 552/23/126 554/23/84 551/22/125
f 557/24/100 556/22/119 555/22/99
f 556/22/119 557/24/100 558/24/120
f 555/22/102 556/22/122 557/24/101
f 558/24/121 557/24/101 556/22/122
f 556/22/119 560/24/93 559/22/91
f 560/24/93 556/22/119 558/24/120
f 559/22/97 560/24/95 556/22/122
f 558/24/121 556/22/122 560/24/95
f 563/22/117 562/24/112 561/22/115
f 562/24/112 563/22/117 564/24/111
f 561/22/116 562/24/113 563/22/118
f 564/24/114 563/22/118 562/24/113
f 562/24/112 566/24/104 565/24/106
f 566/24/104 562/24/112 564/24/111
f 565/24/110 566/24/108 562/24/113
f 564/24/114 562/24/113 566/24/108
f 566/24/104 563/22/117 567/22/103
f 563/22/117 566/24/104 564/24/111
f 567/22/109 563/22/118 566/24/108
f 564/24/114 566/24/108 563/22/118
f 562/24/112 568/22/105 561/22/115
f 568/22/105 562/24/112 565/24/106
f 561/22/116 568/22/107 562/24/113
f 565/24/110 562/24/113 568/22/107
f 565/24/106 567/22/103 568/22/105
f 567/22/103 565/24/106 566/24/104
f 568/22/107 567/22/109 565/24/110
f 566/24/108 565/24/110 567/22/109
f 570/24/94 555/22/99 569/22/92
f 555/22/99 570/24/94 557/24/100
f 569/22/96 555/22/102 570/24/98
f 557/24/101 570/24/98 555/22/102
f 550/23/88 571/22/81 549/22/87
f 571/22/81 550/23/88 572/23/82
f 549/22/90 571/22/83 550/23/89
f 572/23/86 550/23/89 571/22/83
f 560/24/93 569/22/92 559/22/91
f 569/22/92 560/24/93 570/24/94
f 559/22/97 569/22/96 560/24/95
f 570/24/98 560/24/95 569/22/96
f 560/24/93 557/24/100 570/24/94
f 557/24/100 560/24/93 558/24/120
f 570/24/98 557/24/101 560/24/95
f 558/24/121 560/24/95 557/24/101
f 575/23/161 574/23/160 573/23/159
f 574/23/160 575/23/161 576/23/162
f 573/23/165 574/23/164 575/23/163
f 576/23/166 575/23/163 574/23/164
f 572/23/82 552/23/124 554/23/80
f 552/23/124 572/23/82 550/23/88
f 554/23/84 552/23/126 572/23/86
f 550/23/89 572/23/86 552/23/126
f 577/22/167 576/23/162 575/23/161
f 576/23/162 577/22/167 578/22/168
f 575/23/163 576/23/166 577/22/169
f 578/22/170 577/22/169 576/23/166
f 581/22/151 580/23/154 579/22/152
f 580/23/154 581/22/151 582/23/153
f 579/22/156 580/23/158 581/22/157
f 582/23/155 581/22/157 580/23/158
f 577/22/167 573/23/159 583/22/171
f 573/23/159 577/22/167 575/23/161
f 583/22/172 573/23/165 577/22/169
f 575/23/163 577/22/169 573/23/165
f 576/23/162 584/22/173 574/23/160
f 584/22/173 576/23/162 578/22/168
f 574/23/164 584/22/174 576/23/166
f 578/22/170 576/23/166 584/22/174
f 587/23/142 586/22/139 585/22/141
f 586/22/139 587/23/142 588/23/140
f 585/22/143 586/22/145 587/23/146
f 588/23/144 587/23/146 586/22/145
f 573/23/159 584/22/173 583/22/171
f 584/22/173 573/23/159 574/23/160
f 583/22/172 584/22/174 573/23/165
f 574/23/164 573/23/165 584/22/174
f 579/22/152 587/23/142 585/22/141
f 587/23/142 579/22/152 580/23/154
f 585/22/143 587/23/146 579/22/156
f 580/23/158 579/22/156 587/23/146
f 582/23/153 586/22/139 588/23/140
f 586/22/139 582/23/153 581/22/151
f 588/23/144 586/22/145 582/23/155
f 581/22/157 582/23/155 586/22/145
f 580/23/154 588/23/140 587/23/142
f 588/23/140 580/23/154 582/23/153
f 587/23/146 588/23/144 580/23/158
f 582/23/155 580/23/158 588/23/144
f 572/23/82 553/22/79 571/22/81
f 553/22/79 572/23/82 554/23/80
f 571/22/83 553/22/85 572/23/86
f 554/23/84 572/23/86 553/22/85
f 591/22/123 590/23/88 589/22/87
f 590/23/88 591/22/123 592/23/124
f 589/22/90 590/23/89 591/22/125
f 592/23/126 591/22/125 590/23/89
f 594/23/80 591/22/123 593/22/79
f 591/22/123 594/23/80 592/23/124
f 593/22/85 591/22/125 594/23/84
f 592/23/126 594/23/84 591/22/125
f 597/24/100 596/22/119 595/22/99
f 596/22/119 597/24/100 598/24/120
f 595/22/102 596/22/122 597/24/101
f 598/24/121 597/24/101 596/22/122
f 596/22/119 600/24/93 599/22/91
f 600/24/93 596/22/119 598/24/120
f 599/22/97 600/24/95 596/22/122
f 598/24/121 596/22/122 600/24/95
f 603/22/117 602/24/112 601/22/115
f 602/24/112 603/22/117 604/24/111
f 601/22/116 602/24/113 603/22/118
f 604/24/114 603/22/118 602/24/113
f 602/24/112 606/24/104 605/24/106
f 606/24/104 602/24/112 604/24/111
f 605/24/110 606/24/108 602/24/113
f 604/24/114 602/24/113 606/24/108
f 606/24/104 603/22/117 607/22/103
f 603/22/117 606/24/104 604/24/111
f 607/22/109 603/22/118 606/24/108
f 604/24/114 606/24/108 603/22/118
f 602/24/112 608/22/105 601/22/115
f 608/22/105 602/24/112 605/24/106
f 601/22/116 608/22/107 602/24/113
f 605/24/110 602/24/113 608/22/107
f 605/24/106 607/22/103 608/22/105
f 607/22/103 605/24/106 606/24/104
f 608/22/107 607/22/109 605/24/110
f 606/24/108 605/24/110 607/22/109
f 610/24/94 595/22/99 609/22/92
f 595/22/99 610/24/94 597/24/100
f 609/22/96 595/22/102 610/24/98
f 597/24/101 610/24/98 595/22/102
f 590/23/88 611/22/81 589/22/87
f 611/22/81 590/23/88 612/23/82
f 589/22/90 611/22/83 590/23/89
f 612/23/86 590/23/89 611/22/83
f 600/24/93 609/22/92 599/22/91
f 609/22/92 600/24/93 610/24/94
f 599/22/97 609/22/96 600/24/95
f 610/24/98 600/24/95 609/22/96
f 600/24/93 597/24/100 610/24/94
f 597/24/100 600/24/93 598/24/120
f 610/24/98 597/24/101 600/24/95
f 598/24/121 600/24/95 597/24/101
f 615/23/161 614/23/160 613/23/159
f 614/23/160 615/23/161 616/23/162
f 613/23/165 614/23/164 615/23/163
f 616/23/166 615/23/163 614/23/164
f 612/23/82 592/23/124 594/23/80
f 592/23/124 612/23/82 590/23/88
f 594/23/84 592/23/126 612/23/86
f 590/23/89 612/23/86 592/23/126
f 617/22/167 616/23/162 615/23/161
f 616/23/162 617/22/167 618/22/168
f 615/23/163 616/23/166 617/22/169
f 618/22/170 617/22/169 616/23/166
f 621/22/151 620/23/154 619/22/152
f 620/23/154 621/22/151 622/23/153
f 619/22/156 620/23/158 621/22/157
f 622/23/155 621/22/157 620/23/158
f 617/22/167 613/23/159 623/22/171
f 613/23/159 617/22/167 615/23/161
f 623/22/172 613/23/165 617/22/169
f 615/23/163 617/22/169 613/23/165
f 616/23/162 624/22/173 614/23/160
f 624/22/173 616/23/162 618/22/168
f 614/23/164 624/22/174 616/23/166
f 618/22/170 616/23/166 624/22/174
f 627/23/142 626/22/139 625/22/141
f 626/22/139 627/23/142 628/23/140
f 625/22/143 626/22/145 627/23/146
f 628/23/144 627/23/146 626/22/145
f 613/23/159 624/22/173 623/22/171
f 624/22/173 613/23/159 614/23/160
f 623/22/172 624/22/174 613/23/165
f 614/23/164 613/23/165 624/22/174
f 619/22/152 627/23/142 625/22/141
f 627/23/142 619/22/152 620/23/154
f 625/22/143 627/23/146 619/22/156
f 620/23/158 619/22/156 627/23/146
f 622/23/153 626/22/139 628/23/140
f 626/22/139 622/23/153 621/22/151
f 628/23/144 626/22/145 622/23/155
f 621/22/157 622/23/155 626/22/145
f 620/23/154 628/23/140 627/23/142
f 628/23/140 620/23/154 622/23/153
f 627/23/146 628/23/144 620/23/158
f 622/23/155 620/23/158 628/23/144
f 612/23/82 593/22/79 611/22/81
f 593/22/79 612/23/82 594/23/80
f 611/22/83 593/22/85 612/23/86
f 594/23/84 612/23/86 593/22/85
f 631/23/177 630/23/176 629/23/175
f 630/23/176 631/23/177 632/23/178
f 629/23/181 630/23/180 631/23/179
f 632/23/182 631/23/179 630/23/180
f 635/24/185 634/22/184 633/22/183
f 634/22/184 635/24/185 636/24/186
f 633/22/189 634/22/188 635/24/187
f 636/24/190 635/24/187 634/22/188
f 632/23/178 638/22/192 637/22/191
f 638/22/192 632/23/178 631/23/177
f 637/22/194 638/22/193 632/23/182
f 631/23/179 632/23/182 638/22/193
f 631/23/177 639/22/195 638/22/192
f 639/22/195 631/23/177 629/23/175
f 638/22/193 639/22/196 631/23/179
f 629/23/181 631/23/179 639/22/196
f 636/24/186 640/22/197 634/22/184
f 640/22/197 636/24/186 641/24/198
f 634/22/188 640/22/199 636/24/190
f 641/24/200 636/24/190 640/22/199
f 642/22/201 635/24/185 633/22/183
f 635/24/185 642/22/201 643/24/202
f 633/22/189 635/24/187 642/22/203
f 643/24/204 642/22/203 635/24/187
f 644/22/205 632/23/178 637/22/191
f 632/23/178 644/22/205 630/23/176
f 637/22/194 632/23/182 644/22/206
f 630/23/180 644/22/206 632/23/182
f 629/23/175 644/22/205 639/22/195
f 644/22/205 629/23/175 630/23/176
f 639/22/196 644/22/206 629/23/181
f 630/23/180 629/23/181 644/22/206
f 635/24/185 641/24/198 636/24/186
f 641/24/198 635/24/185 643/24/202
f 636/24/190 641/24/200 635/24/187
f 643/24/204 635/24/187 641/24/200
f 641/24/198 642/22/201 640/22/197
f 642/22/201 641/24/198 643/24/202
f 640/22/199 642/22/203 641/24/200
f 643/24/204 641/24/200 642/22/203
f 647/23/177 646/23/176 645/23/175
f 646/23/176 647/23/177 648/23/178
f 645/23/181 646/23/180 647/23/179
f 648/23/182 647/23/179 646/23/180
f 651/24/185 650/22/184 649/22/183
f 650/22/184 651/24/185 652/24/186
f 649/22/189 650/22/188 651/24/187
f 652/24/190 651/24/187 650/22/188
f 648/23/178 654/22/192 653/22/191
f 654/22/192 648/23/178 647/23/177
f 653/22/194 654/22/193 648/23/182
f 647/23/179 648/23/182 654/22/193
f 647/23/177 655/22/195 654/22/192
f 655/22/195 647/23/177 645/23/175
f 654/22/193 655/22/196 647/23/179
f 645/23/181 647/23/179 655/22/196
f 652/24/186 656/22/197 650/22/184
f 656/22/197 652/24/186 657/24/198
f 650/22/188 656/22/199 652/24/190
f 657/24/200 652/24/190 656/22/199
f 658/22/201 651/24/185 649/22/183
f 651/24/185 658/22/201 659/24/202
f 649/22/189 651/24/187 658/22/203
f 659/24/204 658/22/203 651/24/187
f 660/22/205 648/23/178 653/22/191
f 648/23/178 660/22/205 646/23/176
f 653/22/194 648/23/182 660/22/206
f 646/23/180 660/22/206 648/23/182
f 645/23/175 660/22/205 655/22/195
f 660/22/205 645/23/175 646/23/176
f 655/22/196 660/22/206 645/23/181
f 646/23/180 645/23/181 660/22/206
f 651/24/185 657/24/198 652/24/186
f 657/24/198 651/24/185 659/24/202
f 652/24/190 657/24/200 651/24/187
f 659/24/204 651/24/187 657/24/200
f 657/24/198 658/22/201 656/22/197
f 658/22/201 657/24/198 659/24/202
f 656/22/199 658/22/203 657/24/200
f 659/24/204 657/24/200 658/22/203
f 464/22/1 661/22/1 462/22/1
f 661/22/1 464/22/1 662/22/1
f 462/22/2 661/22/2 464/22/2
f 662/22/2 464/22/2 661/22/2

