# Created by Kenney (www.kenney.nl)

mtllib corridor-wide.mtl

g corridor-wide

v -3.137922 0.05 2.523783 1 1 1
v -3.282811 0.05 2.562606 1 1 1
v -3.176745 0.05 2.378894 1 1 1
v -3.321634 0.05 2.417717 1 1 1
v -3.886206 0 2.192603 1 1 1
v -3.499835 0 2.29613 1 1 1
v -3.85085 0.1 2.25384 1 1 1
v -3.561072 0.1 2.331486 1 1 1
v -3.352252 0 2.400039 1 1 1
v -3.159067 0 2.348275 1 1 1
v -3.107303 0 2.541461 1 1 1
v -3.603363 0 2.6825 1 1 1
v -3.638718 0.1 2.621263 1 1 1
v -3.989733 0 2.578973 1 1 1
v -3.928496 0.1 2.543617 1 1 1
v -3.300488 0 2.593224 1 1 1
v 4 0 0 1 1 1
v 4 0 4 1 1 1
v 0 0 0 1 1 1
v 0 0 4 1 1 1
v 4 0 -4 1 1 1
v 0 0 -4 1 1 1
v -4 0 0 1 1 1
v -4 0 4 1 1 1
v -4 0 -4 1 1 1
v -1.296845 -5.136902E-19 2.432191 1 1 1
v -1.266227 0.05 2.449869 1 1 1
v -1.245081 -5.136902E-19 2.625376 1 1 1
v -1.227404 0.05 2.594758 1 1 1
v -1.051896 -5.136902E-19 2.573612 1 1 1
v -1.082515 0.05 2.555935 1 1 1
v -1.547956 -5.136902E-19 2.714653 1 1 1
v -1.934326 -5.136902E-19 2.611125 1 1 1
v -1.583311 0.1 2.653415 1 1 1
v -1.873089 0.1 2.575769 1 1 1
v -1.830798 -5.136902E-19 2.224754 1 1 1
v -1.795443 0.1 2.285992 1 1 1
v 1.071888 -5.136902E-19 2.006432 1 1 1
v 1.096888 0.1 2.031432 1 1 1
v 1.071888 -5.136902E-19 2.206432 1 1 1
v 1.096888 0.1 2.181432 1 1 1
v 1.246888 0.1 2.031432 1 1 1
v 1.246888 0.1 2.181432 1 1 1
v 1.271888 -5.136902E-19 2.206432 1 1 1
v 1.271888 -5.136902E-19 2.006432 1 1 1
v -1.444428 -5.136902E-19 2.328282 1 1 1
v -1.505665 0.1 2.363637 1 1 1
v -1.10366 -5.136902E-19 2.380427 1 1 1
v -1.121338 0.05 2.411046 1 1 1
v 1.74957 0.05 2.49822 1 1 1
v 1.537438 0.05 2.710352 1 1 1
v 1.537438 0.05 2.286088 1 1 1
v 1.325305 0.05 2.49822 1 1 1
v 1.537438 -5.136902E-19 2.215377 1 1 1
v 1.254595 -5.136902E-19 2.49822 1 1 1
v 0.8904099 -2.888159E-15 2.097593 1 1 1
v 0.8550546 0.05 2.15883 1 1 1
v 0.5040396 -2.888159E-15 2.201121 1 1 1
v 0.5652768 0.05 2.236476 1 1 1
v 1.82028 -5.136902E-19 2.49822 1 1 1
v 1.537438 -5.136902E-19 2.781063 1 1 1
v 0.9939374 -2.888159E-15 2.483963 1 1 1
v 0.6075672 -2.888159E-15 2.587491 1 1 1
v 0.9327002 0.05 2.448608 1 1 1
v 0.6429225 0.05 2.526254 1 1 1
v 1.296845 6.411861E-31 -2.432191 1 1 1
v 1.266227 0.05 -2.449869 1 1 1
v 1.245081 6.411861E-31 -2.625376 1 1 1
v 1.227404 0.05 -2.594758 1 1 1
v 1.051896 6.411861E-31 -2.573612 1 1 1
v 1.082515 0.05 -2.555935 1 1 1
v 1.547956 6.411861E-31 -2.714653 1 1 1
v 1.934326 6.411861E-31 -2.611125 1 1 1
v 1.583311 0.1 -2.653415 1 1 1
v 1.873089 0.1 -2.575769 1 1 1
v 1.830798 6.411861E-31 -2.224754 1 1 1
v 1.795443 0.1 -2.285992 1 1 1
v -1.071888 6.411861E-31 -2.006432 1 1 1
v -1.096888 0.1 -2.031432 1 1 1
v -1.071888 6.411861E-31 -2.206432 1 1 1
v -1.096888 0.1 -2.181432 1 1 1
v -1.246888 0.1 -2.031432 1 1 1
v -1.246888 0.1 -2.181432 1 1 1
v -1.271888 6.411861E-31 -2.206432 1 1 1
v -1.271888 6.411861E-31 -2.006432 1 1 1
v 1.444428 6.411861E-31 -2.328282 1 1 1
v 1.505665 0.1 -2.363637 1 1 1
v 1.10366 6.411861E-31 -2.380427 1 1 1
v 1.121338 0.05 -2.411046 1 1 1
v -1.74957 0.05 -2.49822 1 1 1
v -1.537438 0.05 -2.710352 1 1 1
v -1.537438 0.05 -2.286088 1 1 1
v -1.325305 0.05 -2.49822 1 1 1
v -1.537438 6.411861E-31 -2.215377 1 1 1
v -1.254595 6.411861E-31 -2.49822 1 1 1
v -0.8904099 -2.887646E-15 -2.097593 1 1 1
v -0.8550546 0.05 -2.15883 1 1 1
v -0.5040396 -2.887646E-15 -2.201121 1 1 1
v -0.5652768 0.05 -2.236476 1 1 1
v -1.82028 6.411861E-31 -2.49822 1 1 1
v -1.537438 6.411861E-31 -2.781063 1 1 1
v -0.9939374 -2.887646E-15 -2.483963 1 1 1
v -0.6075672 -2.887646E-15 -2.587491 1 1 1
v -0.9327002 0.05 -2.448608 1 1 1
v -0.6429225 0.05 -2.526254 1 1 1
v 2.862078 0.05 2.523783 1 1 1
v 2.717189 0.05 2.562606 1 1 1
v 2.823255 0.05 2.378894 1 1 1
v 2.678366 0.05 2.417717 1 1 1
v 2.113794 0 2.192603 1 1 1
v 2.500165 0 2.29613 1 1 1
v 2.14915 0.1 2.25384 1 1 1
v 2.438928 0.1 2.331486 1 1 1
v 2.647748 0 2.400039 1 1 1
v 2.840933 0 2.348275 1 1 1
v 2.892697 0 2.541461 1 1 1
v 2.396637 0 2.6825 1 1 1
v 2.361282 0.1 2.621263 1 1 1
v 2.010267 0 2.578973 1 1 1
v 2.071504 0.1 2.543617 1 1 1
v 2.699512 0 2.593224 1 1 1
v 3.137922 0.05 -2.523783 1 1 1
v 3.282811 0.05 -2.562606 1 1 1
v 3.176745 0.05 -2.378894 1 1 1
v 3.321634 0.05 -2.417717 1 1 1
v 3.886206 5.136902E-19 -2.192603 1 1 1
v 3.499835 5.136902E-19 -2.29613 1 1 1
v 3.85085 0.1 -2.25384 1 1 1
v 3.561072 0.1 -2.331486 1 1 1
v 3.352252 5.136902E-19 -2.400039 1 1 1
v 3.159067 5.136902E-19 -2.348275 1 1 1
v 3.107303 5.136902E-19 -2.541461 1 1 1
v 3.603363 5.136902E-19 -2.6825 1 1 1
v 3.638718 0.1 -2.621263 1 1 1
v 3.989733 5.136902E-19 -2.578973 1 1 1
v 3.928496 0.1 -2.543617 1 1 1
v 3.300488 5.136902E-19 -2.593224 1 1 1
v -2.862078 0.05 -2.523783 1 1 1
v -2.717189 0.05 -2.562606 1 1 1
v -2.823255 0.05 -2.378894 1 1 1
v -2.678366 0.05 -2.417717 1 1 1
v -2.113794 5.136902E-19 -2.192603 1 1 1
v -2.500165 5.136902E-19 -2.29613 1 1 1
v -2.14915 0.1 -2.25384 1 1 1
v -2.438928 0.1 -2.331486 1 1 1
v -2.647748 5.136902E-19 -2.400039 1 1 1
v -2.840933 5.136902E-19 -2.348275 1 1 1
v -2.892697 5.136902E-19 -2.541461 1 1 1
v -2.396637 5.136902E-19 -2.6825 1 1 1
v -2.361282 0.1 -2.621263 1 1 1
v -2.010267 5.136902E-19 -2.578973 1 1 1
v -2.071504 0.1 -2.543617 1 1 1
v -2.699512 5.136902E-19 -2.593224 1 1 1
v -3 0.2 3.199002 1 1 1
v -2 0.2 3.399002 1 1 1
v -3 0.9 3.199002 1 1 1
v -2 0.9 3.399002 1 1 1
v -2 0.9 3.999999 1 1 1
v -4 0.9 4 1 1 1
v -4 0.9 3.399002 1 1 1
v -4 0.2 3.399002 1 1 1
v -4 0.2 4 1 1 1
v -2 0.2 3.999999 1 1 1
v -8.085408E-14 0.2 3.199002 1 1 1
v -8.085408E-14 0.9 3.199002 1 1 1
v 2 0.9 4 1 1 1
v -2 0.9 4 1 1 1
v 2 0.9 3.399002 1 1 1
v 2 0.2 4 1 1 1
v -2 0.2 4 1 1 1
v 2 0.2 3.399002 1 1 1
v 2 0.2 -3.399002 1 1 1
v 2.733845E-13 0.2 -3.199002 1 1 1
v 2 0.9 -3.399002 1 1 1
v 2.733845E-13 0.9 -3.199002 1 1 1
v -2 0.9 -4 1 1 1
v 2 0.9 -4 1 1 1
v -2 0.9 -3.399002 1 1 1
v -2 0.2 -4 1 1 1
v 2 0.2 -4 1 1 1
v -2 0.2 -3.399002 1 1 1
v 3 0.2 3.199002 1 1 1
v 4 0.2 3.399002 1 1 1
v 3 0.9 3.199002 1 1 1
v 4 0.9 3.399002 1 1 1
v 4 0.9 3.999999 1 1 1
v 4 0.2 3.999999 1 1 1
v 3 0.2 -3.199002 1 1 1
v 3 0.9 -3.199002 1 1 1
v 2 0.9 -3.999999 1 1 1
v 4 0.9 -4 1 1 1
v 4 0.9 -3.399002 1 1 1
v 4 0.2 -3.399002 1 1 1
v 4 0.2 -4 1 1 1
v 2 0.2 -3.999999 1 1 1
v -3 0.2 -3.199002 1 1 1
v -4 0.2 -3.399002 1 1 1
v -3 0.9 -3.199002 1 1 1
v -4 0.9 -3.399002 1 1 1
v -4 0.9 -3.999999 1 1 1
v -4 0.2 -3.999999 1 1 1
v -2 4.05 4.000001 1 1 1
v -4 4.05 4.000001 1 1 1
v -2 4.05 3.600001 1 1 1
v -3 4.05 3.400001 1 1 1
v -4 4.05 3.600001 1 1 1
v -4 0.9 3.600001 1 1 1
v -4 0.9 4.000001 1 1 1
v -3 0.9 3.400001 1 1 1
v -2 0.9 4.000001 1 1 1
v -2 0.9 3.600001 1 1 1
v -2 0 4 1 1 1
v -4 0 4 1 1 1
v -2 0.2 2.998004 1 1 1
v -3 0.2 2.798005 1 1 1
v -4 0.2 2.998004 1 1 1
v -3 0 2.798005 1 1 1
v -2 0 2.998004 1 1 1
v -4 0 2.998004 1 1 1
v -3.331849 1.332707 3.466371 1 1 1
v -3.341655 1.332707 3.417341 1 1 1
v -3.709774 1.332707 3.541956 1 1 1
v -3.71958 1.332707 3.492927 1 1 1
v -3.28282 1.582707 3.456565 1 1 1
v -3.331849 1.632707 3.466371 1 1 1
v -3.292626 1.582707 3.407536 1 1 1
v -3.341655 1.632707 3.417341 1 1 1
v -3.292626 1.382707 3.407536 1 1 1
v -3.28282 1.382707 3.456565 1 1 1
v -3.758804 1.382707 3.551762 1 1 1
v -3.76861 1.382707 3.502733 1 1 1
v -3.709774 1.632707 3.541956 1 1 1
v -3.71958 1.632707 3.492927 1 1 1
v -3.76861 1.582707 3.502733 1 1 1
v -3.758804 1.582707 3.551762 1 1 1
v 2 0.9 4.000001 1 1 1
v 2 4.05 4.000001 1 1 1
v 2 4.05 3.600001 1 1 1
v 2 0.9 3.600001 1 1 1
v -5.197762E-14 4.05 3.400001 1 1 1
v -5.197762E-14 0.9 3.400001 1 1 1
v -1.130444E-08 3.60442E-16 2.548004 1 1 1
v 0.5459808 3.60442E-16 2.639001 1 1 1
v -1.130444E-08 0.2 2.548004 1 1 1
v 0.5459808 0.2 2.639001 1 1 1
v 0.667636 0.2 2.760656 1 1 1
v 0.667636 3.60442E-16 2.760656 1 1 1
v 0.7586328 0.2 3.306637 1 1 1
v 0.7586328 3.60442E-16 3.306637 1 1 1
v -0.5459808 3.60442E-16 2.639001 1 1 1
v -0.5459808 0.2 2.639001 1 1 1
v -0.7586328 0.2 3.306637 1 1 1
v -0.6676361 0.2 2.760656 1 1 1
v -0.6676361 3.60442E-16 2.760656 1 1 1
v -0.7586328 3.60442E-16 3.306637 1 1 1
v 2 0.2 2.998004 1 1 1
v 2 -5.136902E-19 2.998004 1 1 1
v 2 -5.136902E-19 4 1 1 1
v -2 -5.136902E-19 2.998004 1 1 1
v -8.954693E-09 -5.136902E-19 2.798005 1 1 1
v -8.954693E-09 0.2 2.798005 1 1 1
v -2 -5.136902E-19 4 1 1 1
v -1.072641 2.957801 3.507264 1 1 1
v -1.077616 2.957801 3.457512 1 1 1
v -1.122393 2.907801 3.512239 1 1 1
v -1.127368 2.907801 3.462488 1 1 1
v -1.072641 3.157801 3.507264 1 1 1
v -1.122393 3.207801 3.512239 1 1 1
v -1.077616 3.157801 3.457512 1 1 1
v -1.127368 3.207801 3.462488 1 1 1
v -1.510865 2.907801 3.500837 1 1 1
v -1.560617 2.957801 3.505813 1 1 1
v -1.560617 3.157801 3.505813 1 1 1
v -1.510865 3.207801 3.500837 1 1 1
v -1.50589 3.207801 3.550589 1 1 1
v -1.50589 2.907801 3.550589 1 1 1
v -1.555642 2.957801 3.555564 1 1 1
v -1.555642 3.157801 3.555564 1 1 1
v -1.128829 2.397031 3.512883 1 1 1
v -1.133805 2.397031 3.463131 1 1 1
v -1.178581 2.447031 3.517858 1 1 1
v -1.183556 2.447031 3.468106 1 1 1
v -0.7453319 2.397031 3.474533 1 1 1
v -0.69558 2.447031 3.469558 1 1 1
v -0.69558 2.647031 3.469558 1 1 1
v -1.178581 2.647031 3.517858 1 1 1
v -0.7453319 2.697031 3.474533 1 1 1
v -1.128829 2.697031 3.512883 1 1 1
v -0.7503071 2.397031 3.424781 1 1 1
v -0.7005552 2.447031 3.419806 1 1 1
v -0.7503071 2.697031 3.424781 1 1 1
v -1.133805 2.697031 3.463131 1 1 1
v -0.7005552 2.647031 3.419806 1 1 1
v -1.183556 2.647031 3.468106 1 1 1
v 1.471186 1.463198 3.496869 1 1 1
v 1.421434 1.413198 3.491894 1 1 1
v 1.466211 1.463198 3.546621 1 1 1
v 1.416459 1.413198 3.541646 1 1 1
v 0.9881846 1.463198 3.448569 1 1 1
v 0.9881846 1.663198 3.448569 1 1 1
v 0.9832095 1.463198 3.498321 1 1 1
v 0.9832095 1.663198 3.498321 1 1 1
v 1.037936 1.713198 3.453544 1 1 1
v 1.032961 1.713198 3.503296 1 1 1
v 1.037936 1.413198 3.453544 1 1 1
v 1.471186 1.663198 3.496869 1 1 1
v 1.421434 1.713198 3.491894 1 1 1
v 1.032961 1.413198 3.503296 1 1 1
v 1.466211 1.663198 3.546621 1 1 1
v 1.416459 1.713198 3.541646 1 1 1
v -2 0.9 -4.000001 1 1 1
v 2 0.9 -4.000001 1 1 1
v -2 4.05 -4.000001 1 1 1
v 2 4.05 -4.000001 1 1 1
v -2 4.05 -3.600001 1 1 1
v -2 0.9 -3.600001 1 1 1
v 2 0.9 -3.600001 1 1 1
v 2 4.05 -3.600001 1 1 1
v 1.961956E-13 4.05 -3.400001 1 1 1
v 1.961956E-13 0.9 -3.400001 1 1 1
v 1.130462E-08 3.609557E-16 -2.548004 1 1 1
v -0.5459808 3.609557E-16 -2.639001 1 1 1
v 1.130462E-08 0.2 -2.548004 1 1 1
v -0.5459808 0.2 -2.639001 1 1 1
v -0.667636 0.2 -2.760656 1 1 1
v -0.667636 3.609557E-16 -2.760656 1 1 1
v -0.7586328 0.2 -3.306637 1 1 1
v -0.7586328 3.609557E-16 -3.306637 1 1 1
v 0.5459808 3.609557E-16 -2.639001 1 1 1
v 0.5459808 0.2 -2.639001 1 1 1
v 0.7586328 0.2 -3.306637 1 1 1
v 0.6676361 0.2 -2.760656 1 1 1
v 0.6676361 3.609557E-16 -2.760656 1 1 1
v 0.7586328 3.609557E-16 -3.306637 1 1 1
v -2 0.2 -2.998004 1 1 1
v -2 6.411861E-31 -2.998004 1 1 1
v -2 6.411861E-31 -4 1 1 1
v 2 6.411861E-31 -2.998004 1 1 1
v 8.954982E-09 6.411861E-31 -2.798005 1 1 1
v 2 0.2 -2.998004 1 1 1
v 8.954982E-09 0.2 -2.798005 1 1 1
v 2 6.411861E-31 -4 1 1 1
v 1.072641 2.957801 -3.507264 1 1 1
v 1.077616 2.957801 -3.457512 1 1 1
v 1.122393 2.907801 -3.512239 1 1 1
v 1.127368 2.907801 -3.462488 1 1 1
v 1.072641 3.157801 -3.507264 1 1 1
v 1.122393 3.207801 -3.512239 1 1 1
v 1.077616 3.157801 -3.457512 1 1 1
v 1.127368 3.207801 -3.462488 1 1 1
v 1.510865 2.907801 -3.500837 1 1 1
v 1.560617 2.957801 -3.505813 1 1 1
v 1.560617 3.157801 -3.505813 1 1 1
v 1.510865 3.207801 -3.500837 1 1 1
v 1.50589 3.207801 -3.550589 1 1 1
v 1.50589 2.907801 -3.550589 1 1 1
v 1.555642 2.957801 -3.555564 1 1 1
v 1.555642 3.157801 -3.555564 1 1 1
v 1.128829 2.397031 -3.512883 1 1 1
v 1.133805 2.397031 -3.463131 1 1 1
v 1.178581 2.447031 -3.517858 1 1 1
v 1.183556 2.447031 -3.468106 1 1 1
v 0.7453319 2.397031 -3.474533 1 1 1
v 0.69558 2.447031 -3.469558 1 1 1
v 0.69558 2.647031 -3.469558 1 1 1
v 1.178581 2.647031 -3.517858 1 1 1
v 0.7453319 2.697031 -3.474533 1 1 1
v 1.128829 2.697031 -3.512883 1 1 1
v 0.7503071 2.397031 -3.424781 1 1 1
v 0.7005552 2.447031 -3.419806 1 1 1
v 0.7503071 2.697031 -3.424781 1 1 1
v 1.133805 2.697031 -3.463131 1 1 1
v 0.7005552 2.647031 -3.419806 1 1 1
v 1.183556 2.647031 -3.468106 1 1 1
v -1.471186 1.463198 -3.496869 1 1 1
v -1.421434 1.413198 -3.491894 1 1 1
v -1.466211 1.463198 -3.546621 1 1 1
v -1.416459 1.413198 -3.541646 1 1 1
v -0.9881846 1.463198 -3.448569 1 1 1
v -0.9881846 1.663198 -3.448569 1 1 1
v -0.9832095 1.463198 -3.498321 1 1 1
v -0.9832095 1.663198 -3.498321 1 1 1
v -1.037936 1.713198 -3.453544 1 1 1
v -1.032961 1.713198 -3.503296 1 1 1
v -1.037936 1.413198 -3.453544 1 1 1
v -1.471186 1.663198 -3.496869 1 1 1
v -1.421434 1.713198 -3.491894 1 1 1
v -1.032961 1.413198 -3.503296 1 1 1
v -1.466211 1.663198 -3.546621 1 1 1
v -1.416459 1.713198 -3.541646 1 1 1
v 4 4.05 4.000001 1 1 1
v 4 4.05 3.600001 1 1 1
v 3 4.05 3.400001 1 1 1
v 3 0.9 3.400001 1 1 1
v 4 0.9 4.000001 1 1 1
v 4 0.9 3.600001 1 1 1
v 4 0 4 1 1 1
v 2 0 4 1 1 1
v 4 0.2 4 1 1 1
v 4 0.2 2.998004 1 1 1
v 3 0.2 2.798005 1 1 1
v 3 0 2.798005 1 1 1
v 4 0 2.998004 1 1 1
v 2 0 2.998004 1 1 1
v 2.668151 1.332707 3.466371 1 1 1
v 2.658345 1.332707 3.417341 1 1 1
v 2.290226 1.332707 3.541956 1 1 1
v 2.28042 1.332707 3.492927 1 1 1
v 2.71718 1.582707 3.456565 1 1 1
v 2.668151 1.632707 3.466371 1 1 1
v 2.707374 1.582707 3.407536 1 1 1
v 2.658345 1.632707 3.417341 1 1 1
v 2.707374 1.382707 3.407536 1 1 1
v 2.71718 1.382707 3.456565 1 1 1
v 2.241196 1.382707 3.551762 1 1 1
v 2.23139 1.382707 3.502733 1 1 1
v 2.290226 1.632707 3.541956 1 1 1
v 2.28042 1.632707 3.492927 1 1 1
v 2.23139 1.582707 3.502733 1 1 1
v 2.241196 1.582707 3.551762 1 1 1
v 4 4.05 -4.000001 1 1 1
v 3 4.05 -3.400001 1 1 1
v 4 4.05 -3.600001 1 1 1
v 4 0.9 -3.600001 1 1 1
v 4 0.9 -4.000001 1 1 1
v 3 0.9 -3.400001 1 1 1
v 2 5.136902E-19 -4 1 1 1
v 4 5.136902E-19 -4 1 1 1
v 3 0.2 -2.798005 1 1 1
v 4 0.2 -2.998004 1 1 1
v 3 5.136902E-19 -2.798005 1 1 1
v 2 5.136902E-19 -2.998004 1 1 1
v 4 5.136902E-19 -2.998004 1 1 1
v 3.331849 1.332707 -3.466371 1 1 1
v 3.341655 1.332707 -3.417341 1 1 1
v 3.709775 1.332707 -3.541956 1 1 1
v 3.71958 1.332707 -3.492927 1 1 1
v 3.28282 1.582707 -3.456565 1 1 1
v 3.331849 1.632707 -3.466371 1 1 1
v 3.292626 1.582707 -3.407536 1 1 1
v 3.341655 1.632707 -3.417341 1 1 1
v 3.292626 1.382707 -3.407536 1 1 1
v 3.28282 1.382707 -3.456565 1 1 1
v 3.758804 1.382707 -3.551762 1 1 1
v 3.76861 1.382707 -3.502733 1 1 1
v 3.709775 1.632707 -3.541956 1 1 1
v 3.71958 1.632707 -3.492927 1 1 1
v 3.76861 1.582707 -3.502733 1 1 1
v 3.758804 1.582707 -3.551762 1 1 1
v -4 4.05 -4.000001 1 1 1
v -4 4.05 -3.600001 1 1 1
v -3 4.05 -3.400001 1 1 1
v -3 0.9 -3.400001 1 1 1
v -4 0.9 -4.000001 1 1 1
v -4 0.9 -3.600001 1 1 1
v -4 5.136902E-19 -4 1 1 1
v -2 5.136902E-19 -4 1 1 1
v -4 0.2 -4 1 1 1
v -4 0.2 -2.998004 1 1 1
v -3 0.2 -2.798005 1 1 1
v -3 5.136902E-19 -2.798005 1 1 1
v -4 5.136902E-19 -2.998004 1 1 1
v -2 5.136902E-19 -2.998004 1 1 1
v -2.668151 1.332707 -3.466371 1 1 1
v -2.658345 1.332707 -3.417341 1 1 1
v -2.290225 1.332707 -3.541956 1 1 1
v -2.28042 1.332707 -3.492927 1 1 1
v -2.71718 1.582707 -3.456565 1 1 1
v -2.668151 1.632707 -3.466371 1 1 1
v -2.707374 1.582707 -3.407536 1 1 1
v -2.658345 1.632707 -3.417341 1 1 1
v -2.707374 1.382707 -3.407536 1 1 1
v -2.71718 1.382707 -3.456565 1 1 1
v -2.241196 1.382707 -3.551762 1 1 1
v -2.23139 1.382707 -3.502733 1 1 1
v -2.290225 1.632707 -3.541956 1 1 1
v -2.28042 1.632707 -3.492927 1 1 1
v -2.23139 1.582707 -3.502733 1 1 1
v -2.241196 1.582707 -3.551762 1 1 1
v -5.775291E-15 0.2 3.937453 1 1 1
v -0.44505 0.2 3.863278 1 1 1
v -5.775291E-15 0.6 3.937453 1 1 1
v -0.44505 0.6 3.863278 1 1 1
v -0.44505 0.2 2.973178 1 1 1
v 0 0.2 2.899003 1 1 1
v -0.44505 0.6 2.973178 1 1 1
v 0 0.6 2.899003 1 1 1
v 0.44505 0.2 3.863278 1 1 1
v 0.44505 0.6 3.863278 1 1 1
v 0.519225 0.6 3.418228 1 1 1
v 0.519225 0.2 3.418228 1 1 1
v 0.44505 0.6 2.973178 1 1 1
v -0.519225 0.6 3.418228 1 1 1
v -0.519225 0.2 3.418228 1 1 1
v 0.44505 0.2 2.973178 1 1 1
v 0.48375 4.233286 2.934478 1 1 1
v 0.48375 3.833286 2.934478 1 1 1
v 0.564375 4.233286 3.418228 1 1 1
v 0.564375 3.833286 3.418228 1 1 1
v 5.775291E-15 3.833286 3.982603 1 1 1
v -0.48375 3.833286 3.901978 1 1 1
v 5.775291E-15 4.233286 3.982603 1 1 1
v -0.48375 4.233286 3.901978 1 1 1
v 0.48375 3.833286 3.901978 1 1 1
v 0.48375 4.233286 3.901978 1 1 1
v -5.775291E-15 3.833286 2.853853 1 1 1
v -5.775291E-15 4.233286 2.853853 1 1 1
v -0.48375 3.833286 2.934478 1 1 1
v -0.48375 4.233286 2.934478 1 1 1
v -0.564375 3.833286 3.418228 1 1 1
v -0.564375 4.233286 3.418228 1 1 1
v -0.4375 3.833286 3.418228 1 1 1
v -0.375 3.833286 3.793228 1 1 1
v -0.35 0.6 3.418228 1 1 1
v -0.3 0.6 3.718228 1 1 1
v -0.375 3.833286 3.043228 1 1 1
v -0.3 0.6 3.118228 1 1 1
v 0 0.6 3.068228 1 1 1
v 0.3 0.6 3.118228 1 1 1
v 0 3.833286 2.980728 1 1 1
v 0.375 3.833286 3.043228 1 1 1
v 0.3 0.6 3.718228 1 1 1
v 1.155058E-14 0.6 3.768228 1 1 1
v 0.375 3.833286 3.793228 1 1 1
v 0 3.833286 3.855728 1 1 1
v 0.4375 3.833286 3.418228 1 1 1
v 0.35 0.6 3.418228 1 1 1
v -2.438299E-13 0.2 -3.937453 1 1 1
v 0.44505 0.2 -3.863278 1 1 1
v -2.438299E-13 0.6 -3.937453 1 1 1
v 0.44505 0.6 -3.863278 1 1 1
v 0.44505 0.2 -2.973178 1 1 1
v 2.496052E-13 0.2 -2.899003 1 1 1
v 0.44505 0.6 -2.973178 1 1 1
v 2.496052E-13 0.6 -2.899003 1 1 1
v -0.44505 0.2 -3.863278 1 1 1
v -0.44505 0.6 -3.863278 1 1 1
v -0.519225 0.6 -3.418228 1 1 1
v -0.519225 0.2 -3.418228 1 1 1
v -0.44505 0.6 -2.973178 1 1 1
v 0.519225 0.6 -3.418228 1 1 1
v 0.519225 0.2 -3.418228 1 1 1
v -0.44505 0.2 -2.973178 1 1 1
v -0.48375 4.233286 -2.934478 1 1 1
v -0.48375 3.833286 -2.934478 1 1 1
v -0.564375 4.233286 -3.418228 1 1 1
v -0.564375 3.833286 -3.418228 1 1 1
v -2.770853E-13 3.833286 -3.982603 1 1 1
v 0.48375 3.833286 -3.901978 1 1 1
v -2.770853E-13 4.233286 -3.982603 1 1 1
v 0.48375 4.233286 -3.901978 1 1 1
v -0.48375 3.833286 -3.901978 1 1 1
v -0.48375 4.233286 -3.901978 1 1 1
v 2.770853E-13 3.833286 -2.853853 1 1 1
v 2.770853E-13 4.233286 -2.853853 1 1 1
v 0.48375 3.833286 -2.934478 1 1 1
v 0.48375 4.233286 -2.934478 1 1 1
v 0.564375 3.833286 -3.418228 1 1 1
v 0.564375 4.233286 -3.418228 1 1 1
v 0.4375 3.833286 -3.418228 1 1 1
v 0.375 3.833286 -3.793228 1 1 1
v 0.35 0.6 -3.418228 1 1 1
v 0.3 0.6 -3.718228 1 1 1
v 0.375 3.833286 -3.043228 1 1 1
v 0.3 0.6 -3.118228 1 1 1
v 1.682543E-13 0.6 -3.068228 1 1 1
v -0.3 0.6 -3.118228 1 1 1
v 2.103179E-13 3.833286 -2.980728 1 1 1
v -0.375 3.833286 -3.043228 1 1 1
v -0.3 0.6 -3.718228 1 1 1
v -1.798049E-13 0.6 -3.768228 1 1 1
v -0.375 3.833286 -3.793228 1 1 1
v -2.103179E-13 3.833286 -3.855728 1 1 1
v -0.4375 3.833286 -3.418228 1 1 1
v -0.35 0.6 -3.418228 1 1 1

vn 0.5202672 0.7994348 0.3003764
vn -0.3003764 0.7994348 0.5202672
vn 0.3003764 0.7994348 -0.5202672
vn -0.5202672 0.7994348 -0.3003764
vn -0.3003764 -0.7994348 0.5202672
vn 0.3003764 -0.7994348 -0.5202672
vn -0.5202672 -0.7994348 -0.3003764
vn 0.5202672 -0.7994348 0.3003764
vn -0.4082483 0.5773503 -0.7071068
vn 0.7071068 0.5773503 -0.4082483
vn -0.3003764 0.7994348 -0.5202672
vn 0.5202672 0.7994348 -0.3003764
vn 0.3003764 -0.7994348 0.5202672
vn -0.7071068 -0.5773503 0.4082483
vn 0.4082483 -0.5773503 0.7071068
vn -0.5202672 -0.7994348 0.3003764
vn -0.7071068 0.5773503 -0.4082482
vn 0.4082482 0.5773503 -0.7071068
vn -0.4082482 -0.5773503 0.7071068
vn 0.7071068 -0.5773503 0.4082482
vn 0.7071068 0.5773503 0.4082482
vn -0.7071068 -0.5773503 -0.4082482
vn 0.4082483 0.5773503 0.7071068
vn 0.3003764 0.7994348 0.5202672
vn -0.4082483 -0.5773503 -0.7071068
vn -0.3003764 -0.7994348 -0.5202672
vn -0.7071068 0.5773503 0.4082483
vn -0.5202672 0.7994348 0.3003764
vn 0.7071068 -0.5773503 -0.4082483
vn 0.5202672 -0.7994348 -0.3003764
vn -0.4082482 0.5773503 0.7071068
vn 0.4082482 -0.5773503 -0.7071068
vn 0 1 0
vn 0 -1 0
vn -0.7071068 0.5773503 -0.4082483
vn -0.4082483 0.5773503 0.7071068
vn 0.4082483 -0.5773503 -0.7071068
vn 0.7071068 -0.5773503 0.4082483
vn 0.7071068 0.5773503 0.4082483
vn -0.7071068 -0.5773503 -0.4082483
vn -0.6666667 0.3333333 -0.6666667
vn -0.5033765 0.7022992 -0.5033765
vn -0.6666667 0.3333333 0.6666667
vn -0.5033765 0.7022992 0.5033765
vn 0.6666667 -0.3333333 -0.6666667
vn 0.5033765 -0.7022992 0.5033765
vn 0.6666667 -0.3333333 0.6666667
vn 0.5033765 -0.7022992 -0.5033765
vn 0.5033765 0.7022992 -0.5033765
vn 0.5033765 0.7022992 0.5033765
vn -0.5033765 -0.7022992 -0.5033765
vn -0.5033765 -0.7022992 0.5033765
vn 0.6666667 0.3333333 0.6666667
vn -0.6666667 -0.3333333 -0.6666667
vn 0.6666667 0.3333333 -0.6666667
vn -0.6666667 -0.3333333 0.6666667
vn 0.4082483 0.5773503 -0.7071068
vn -0.4082483 -0.5773503 0.7071068
vn 0.4245382 0.9054101 0
vn 0 0.9054101 0.4245382
vn 0 0.9054101 -0.4245382
vn -0.4245382 0.9054101 0
vn 0 -0.9054101 0.4245382
vn 0 -0.9054101 -0.4245382
vn -0.4245382 -0.9054101 0
vn 0.4245382 -0.9054101 0
vn 0 0.8164966 -0.5773503
vn -0.5773503 0.8164966 0
vn 0 -0.8164966 0.5773503
vn 0.5773503 -0.8164966 0
vn 0.2886751 0.8164966 -0.5
vn 0.2122691 0.90541 -0.3676609
vn -0.5 0.8164966 -0.2886751
vn -0.3676609 0.90541 -0.2122691
vn 0.5 -0.8164966 0.2886751
vn -0.2122691 -0.90541 0.3676609
vn -0.2886751 -0.8164966 0.5
vn 0.3676609 -0.90541 0.2122691
vn 0.5773503 0.8164966 0
vn -0.5773503 -0.8164966 0
vn 0 0.8164966 0.5773503
vn 0 -0.8164966 -0.5773503
vn 0.5 0.8164966 0.2886751
vn -0.2886751 0.8164966 0.5
vn 0.3676609 0.90541 0.2122691
vn -0.2122691 0.90541 0.3676609
vn -0.3676609 -0.90541 -0.2122691
vn 0.2886751 -0.8164966 -0.5
vn -0.5 -0.8164966 -0.2886751
vn 0.2122691 -0.90541 -0.3676609
vn -0.4245382 0.9054101 2.040868E-13
vn -2.040868E-13 0.9054101 -0.4245382
vn 2.040868E-13 0.9054101 0.4245382
vn 0.4245382 0.9054101 -2.040868E-13
vn -2.040868E-13 -0.9054101 -0.4245382
vn 2.040868E-13 -0.9054101 0.4245382
vn 0.4245382 -0.9054101 -2.040868E-13
vn -0.4245382 -0.9054101 2.040868E-13
vn 2.775476E-13 0.8164966 0.5773503
vn 0.5773503 0.8164966 -2.775476E-13
vn -2.775476E-13 -0.8164966 -0.5773503
vn -0.5773503 -0.8164966 2.775476E-13
vn -0.5773503 0.8164966 2.775476E-13
vn 0.5773503 -0.8164966 -2.775476E-13
vn -2.775476E-13 0.8164966 -0.5773503
vn 2.775476E-13 -0.8164966 0.5773503
vn 0 0 -1
vn 0.1961161 0 -0.9805807
vn 0 0 1
vn -0.1961161 0 0.9805807
vn -1 0 0
vn 1 0 0
vn -0.1961161 0 -0.9805807
vn 0.1961161 0 0.9805807
vn -0.09950371 0 -0.9950371
vn 0.09950371 0 0.9950371
vn 0.09950371 0 -0.9950371
vn -0.09950371 0 0.9950371
vn 4.807266E-13 0 1
vn -4.807266E-13 0 -1
vn -1 0 4.807266E-13
vn 1 0 -4.807266E-13
vn 0.1961161 0 -0.9805807
vn -0.1961161 0 0.9805807
vn -0.1961162 0 -0.9805807
vn 0.1961162 0 0.9805807
vn 0.3752519 -0.9238795 -0.07505039
vn -0.3752519 -0.9238795 0.07505039
vn 0.3752519 0.9238795 -0.07505039
vn -0.3752519 0.9238795 0.07505039
vn 0.9059384 0.3826834 -0.1811877
vn -0.9059384 -0.3826834 0.1811877
vn 0.9059384 -0.3826834 -0.1811877
vn -0.9059384 0.3826834 0.1811877
vn 0.4575815 0 -0.8891677
vn -0.4575815 0 0.8891677
vn 0.8891677 0 -0.4575816
vn 0.986394 0 -0.164399
vn -0.986394 0 0.164399
vn -0.8891677 0 0.4575816
vn -0.4575816 0 -0.8891677
vn 0.4575816 0 0.8891677
vn -0.8891677 0 -0.4575815
vn -0.986394 0 -0.164399
vn 0.986394 0 0.164399
vn 0.8891677 0 0.4575815
vn -0.09950373 0 -0.9950371
vn 0.09950373 0 0.9950371
vn 0.0995037 0 -0.9950371
vn -0.0995037 0 0.9950371
vn 0.9192945 -0.3826834 -0.09192945
vn 0.3807842 -0.9238795 -0.03807842
vn -0.3807842 0.9238795 0.03807842
vn -0.9192945 0.3826834 0.09192945
vn 0.9192945 0.3826834 -0.09192945
vn 0.3807842 0.9238795 -0.03807842
vn -0.9192945 -0.3826834 0.09192945
vn -0.3807842 -0.9238795 0.03807842
vn 0.9192945 -0.3826834 0.09192945
vn 0.3807842 -0.9238795 0.03807842
vn -0.9192945 0.3826834 -0.09192945
vn -0.3807842 0.9238795 -0.03807842
vn -0.9192945 -0.3826834 -0.09192945
vn 0.9192945 0.3826834 0.09192945
vn -0.3807842 -0.9238795 -0.03807842
vn 0.3807842 0.9238795 0.03807842
vn -0.164399 0 0.986394
vn 0.164399 0 -0.986394
vn -0.164399 0 -0.986394
vn 0.164399 0 0.986394
vn 0.986394 0 0.164399
vn -0.986394 0 -0.164399
vn -0.986394 0 0.164399
vn 0.986394 0 -0.164399
vn -0.999634 -0.02705235 0
vn -0.9860427 -0.02668454 0.1643405
vn 0.999634 0.02705235 0
vn 0.9860427 0.02668454 -0.1643405
vn -0.9860427 -0.02668454 -0.1643405
vn 0.9860427 0.02668454 0.1643405
vn 0 -0.02705235 -0.999634
vn 0.1643405 -0.02668453 -0.9860427
vn 0 0.02705235 0.999634
vn -0.1643405 0.02668453 0.9860427
vn 0.1643405 -0.02668453 0.9860427
vn 0 -0.02705235 0.999634
vn -0.1643405 0.02668453 -0.9860427
vn 0 0.02705235 -0.999634
vn 0.9860427 -0.02668454 -0.1643405
vn 0.999634 -0.02705235 0
vn -0.999634 0.02705235 0
vn -0.9860427 0.02668454 0.1643405
vn 0.9860427 -0.02668454 0.1643405
vn -0.9860427 0.02668454 -0.1643405
vn -0.1643405 -0.02668453 -0.9860427
vn 0.1643405 0.02668453 0.9860427
vn -0.1643405 -0.02668453 0.9860427
vn 0.1643405 0.02668453 -0.9860427
vn 0.999634 -0.02705235 -4.805507E-13
vn -0.999634 0.02705235 4.805507E-13
vn 4.805507E-13 -0.02705235 0.999634
vn -4.805507E-13 0.02705235 -0.999634
vn -4.805507E-13 -0.02705235 -0.999634
vn 4.805507E-13 0.02705235 0.999634
vn -0.999634 -0.02705235 4.805507E-13
vn 0.999634 0.02705235 -4.805507E-13

vt 0.46875 0.065
vt 0.46875 0.025
vt 0.46875 0.105
vt 0.09375 0.025
vt 0.09375 0.225
vt 0.34375 0.225
vt 0.34375 0.025
vt 0.34375 0.105
vt 0.34375 0.1208127
vt 0.34375 0.1331584
vt 0.34375 0.1356275
vt 0.34375 0.1232818
vt 0.34375 0.1947402
vt 0.34375 0.1923779
vt 0.34375 0.2041891
vt 0.34375 0.2065513
vt 0.34375 0.1682468
vt 0.34375 0.170609
vt 0.34375 0.1800579
vt 0.34375 0.1824202
vt 0.34375 0.1241282
vt 0.34375 0.121766
vt 0.34375 0.1335772
vt 0.34375 0.1359394
vt 0.21875 0.145
vt 0.21875 0.225
vt 0.21875 0.075
vt 0.21875 0.175

usemtl colormap

f 3/1/3 2/1/2 1/1/1
f 2/1/2 3/1/3 4/1/4
f 1/1/7 2/1/6 3/1/5
f 4/1/8 3/1/5 2/1/6
f 7/3/11 6/2/10 5/2/9
f 6/2/10 7/3/11 8/3/12
f 5/2/15 6/2/14 7/3/13
f 8/3/16 7/3/13 6/2/14
f 4/1/4 10/2/18 9/2/17
f 10/2/18 4/1/4 3/1/3
f 9/2/20 10/2/19 4/1/8
f 3/1/5 4/1/8 10/2/19
f 3/1/3 11/2/21 10/2/18
f 11/2/21 3/1/3 1/1/1
f 10/2/19 11/2/22 3/1/5
f 1/1/7 3/1/5 11/2/22
f 8/3/12 12/2/23 6/2/10
f 12/2/23 8/3/12 13/3/24
f 6/2/14 12/2/25 8/3/16
f 13/3/26 8/3/16 12/2/25
f 14/2/27 7/3/11 5/2/9
f 7/3/11 14/2/27 15/3/28
f 5/2/15 7/3/13 14/2/29
f 15/3/30 14/2/29 7/3/13
f 16/2/31 4/1/4 9/2/17
f 4/1/4 16/2/31 2/1/2
f 9/2/20 4/1/8 16/2/32
f 2/1/6 16/2/32 4/1/8
f 1/1/1 16/2/31 11/2/21
f 16/2/31 1/1/1 2/1/2
f 11/2/22 16/2/32 1/1/7
f 2/1/6 1/1/7 16/2/32
f 7/3/11 13/3/24 8/3/12
f 13/3/24 7/3/11 15/3/28
f 8/3/16 13/3/26 7/3/13
f 15/3/30 7/3/13 13/3/26
f 13/3/24 14/2/27 12/2/23
f 14/2/27 13/3/24 15/3/28
f 12/2/25 14/2/29 13/3/26
f 15/3/30 13/3/26 14/2/29
f 19/2/33 18/2/33 17/2/33
f 18/2/33 19/2/33 20/2/33
f 17/2/34 18/2/34 19/2/34
f 20/2/34 19/2/34 18/2/34
f 22/2/33 17/2/33 21/2/33
f 17/2/33 22/2/33 19/2/33
f 21/2/34 17/2/34 22/2/34
f 19/2/34 22/2/34 17/2/34
f 23/2/33 20/2/33 19/2/33
f 20/2/33 23/2/33 24/2/33
f 19/2/34 20/2/34 23/2/34
f 24/2/34 23/2/34 20/2/34
f 25/2/33 19/2/33 22/2/33
f 19/2/33 25/2/33 23/2/33
f 22/2/34 19/2/34 25/2/34
f 23/2/34 25/2/34 19/2/34
f 28/2/36 27/1/4 26/2/35
f 27/1/4 28/2/36 29/1/2
f 26/2/38 27/1/8 28/2/37
f 29/1/6 28/2/37 27/1/8
f 31/1/1 28/2/36 30/2/39
f 28/2/36 31/1/1 29/1/2
f 30/2/40 28/2/37 31/1/7
f 29/1/6 31/1/7 28/2/37
f 34/3/24 33/2/27 32/2/23
f 33/2/27 34/3/24 35/3/28
f 32/2/25 33/2/29 34/3/26
f 35/3/30 34/3/26 33/2/29
f 33/2/27 37/3/11 36/2/9
f 37/3/11 33/2/27 35/3/28
f 36/2/15 37/3/13 33/2/29
f 35/3/30 33/2/29 37/3/13
f 40/2/43 39/3/42 38/2/41
f 39/3/42 40/2/43 41/3/44
f 38/2/47 39/3/46 40/2/45
f 41/3/48 40/2/45 39/3/46
f 39/3/42 43/3/50 42/3/49
f 43/3/50 39/3/42 41/3/44
f 42/3/52 43/3/51 39/3/46
f 41/3/48 39/3/46 43/3/51
f 43/3/50 40/2/43 44/2/53
f 40/2/43 43/3/50 41/3/44
f 44/2/54 40/2/45 43/3/51
f 41/3/48 43/3/51 40/2/45
f 39/3/42 45/2/55 38/2/41
f 45/2/55 39/3/42 42/3/49
f 38/2/47 45/2/56 39/3/46
f 42/3/52 39/3/46 45/2/56
f 42/3/49 44/2/53 45/2/55
f 44/2/53 42/3/49 43/3/50
f 45/2/56 44/2/54 42/3/52
f 43/3/51 42/3/52 44/2/54
f 47/3/12 32/2/23 46/2/10
f 32/2/23 47/3/12 34/3/24
f 46/2/14 32/2/25 47/3/16
f 34/3/26 47/3/16 32/2/25
f 27/1/4 48/2/57 26/2/35
f 48/2/57 27/1/4 49/1/3
f 26/2/38 48/2/58 27/1/8
f 49/1/5 27/1/8 48/2/58
f 37/3/11 46/2/10 36/2/9
f 46/2/10 37/3/11 47/3/12
f 36/2/15 46/2/14 37/3/13
f 47/3/16 37/3/13 46/2/14
f 37/3/11 34/3/24 47/3/12
f 34/3/24 37/3/11 35/3/28
f 47/3/16 34/3/26 37/3/13
f 35/3/30 37/3/13 34/3/26
f 52/1/61 51/1/60 50/1/59
f 51/1/60 52/1/61 53/1/62
f 50/1/65 51/1/64 52/1/63
f 53/1/66 52/1/63 51/1/64
f 49/1/3 29/1/2 31/1/1
f 29/1/2 49/1/3 27/1/4
f 31/1/7 29/1/6 49/1/5
f 27/1/8 49/1/5 29/1/6
f 54/2/67 53/1/62 52/1/61
f 53/1/62 54/2/67 55/2/68
f 52/1/63 53/1/66 54/2/69
f 55/2/70 54/2/69 53/1/66
f 58/2/73 57/1/72 56/2/71
f 57/1/72 58/2/73 59/1/74
f 56/2/77 57/1/76 58/2/75
f 59/1/78 58/2/75 57/1/76
f 54/2/67 50/1/59 60/2/79
f 50/1/59 54/2/67 52/1/61
f 60/2/80 50/1/65 54/2/69
f 52/1/63 54/2/69 50/1/65
f 53/1/62 61/2/81 51/1/60
f 61/2/81 53/1/62 55/2/68
f 51/1/64 61/2/82 53/1/66
f 55/2/70 53/1/66 61/2/82
f 64/1/85 63/2/84 62/2/83
f 63/2/84 64/1/85 65/1/86
f 62/2/89 63/2/88 64/1/87
f 65/1/90 64/1/87 63/2/88
f 50/1/59 61/2/81 60/2/79
f 61/2/81 50/1/59 51/1/60
f 60/2/80 61/2/82 50/1/65
f 51/1/64 50/1/65 61/2/82
f 56/2/71 64/1/85 62/2/83
f 64/1/85 56/2/71 57/1/72
f 62/2/89 64/1/87 56/2/77
f 57/1/76 56/2/77 64/1/87
f 59/1/74 63/2/84 65/1/86
f 63/2/84 59/1/74 58/2/73
f 65/1/90 63/2/88 59/1/78
f 58/2/75 59/1/78 63/2/88
f 57/1/72 65/1/86 64/1/85
f 65/1/86 57/1/72 59/1/74
f 64/1/87 65/1/90 57/1/76
f 59/1/78 57/1/76 65/1/90
f 49/1/3 30/2/39 48/2/57
f 30/2/39 49/1/3 31/1/1
f 48/2/58 30/2/40 49/1/5
f 31/1/7 49/1/5 30/2/40
f 68/2/57 67/1/1 66/2/39
f 67/1/1 68/2/57 69/1/3
f 66/2/40 67/1/7 68/2/58
f 69/1/5 68/2/58 67/1/7
f 71/1/4 68/2/57 70/2/35
f 68/2/57 71/1/4 69/1/3
f 70/2/38 68/2/58 71/1/8
f 69/1/5 71/1/8 68/2/58
f 74/3/11 73/2/10 72/2/9
f 73/2/10 74/3/11 75/3/12
f 72/2/15 73/2/14 74/3/13
f 75/3/16 74/3/13 73/2/14
f 73/2/10 77/3/24 76/2/23
f 77/3/24 73/2/10 75/3/12
f 76/2/25 77/3/26 73/2/14
f 75/3/16 73/2/14 77/3/26
f 80/2/55 79/3/50 78/2/53
f 79/3/50 80/2/55 81/3/49
f 78/2/54 79/3/51 80/2/56
f 81/3/52 80/2/56 79/3/51
f 79/3/50 83/3/42 82/3/44
f 83/3/42 79/3/50 81/3/49
f 82/3/48 83/3/46 79/3/51
f 81/3/52 79/3/51 83/3/46
f 83/3/42 80/2/55 84/2/41
f 80/2/55 83/3/42 81/3/49
f 84/2/47 80/2/56 83/3/46
f 81/3/52 83/3/46 80/2/56
f 79/3/50 85/2/43 78/2/53
f 85/2/43 79/3/50 82/3/44
f 78/2/54 85/2/45 79/3/51
f 82/3/48 79/3/51 85/2/45
f 82/3/44 84/2/41 85/2/43
f 84/2/41 82/3/44 83/3/42
f 85/2/45 84/2/47 82/3/48
f 83/3/46 82/3/48 84/2/47
f 87/3/28 72/2/9 86/2/27
f 72/2/9 87/3/28 74/3/11
f 86/2/29 72/2/15 87/3/30
f 74/3/13 87/3/30 72/2/15
f 67/1/1 88/2/36 66/2/39
f 88/2/36 67/1/1 89/1/2
f 66/2/40 88/2/37 67/1/7
f 89/1/6 67/1/7 88/2/37
f 77/3/24 86/2/27 76/2/23
f 86/2/27 77/3/24 87/3/28
f 76/2/25 86/2/29 77/3/26
f 87/3/30 77/3/26 86/2/29
f 77/3/24 74/3/11 87/3/28
f 74/3/11 77/3/24 75/3/12
f 87/3/30 74/3/13 77/3/26
f 75/3/16 77/3/26 74/3/13
f 92/1/93 91/1/92 90/1/91
f 91/1/92 92/1/93 93/1/94
f 90/1/97 91/1/96 92/1/95
f 93/1/98 92/1/95 91/1/96
f 89/1/2 69/1/3 71/1/4
f 69/1/3 89/1/2 67/1/1
f 71/1/8 69/1/5 89/1/6
f 67/1/7 89/1/6 69/1/5
f 94/2/99 93/1/94 92/1/93
f 93/1/94 94/2/99 95/2/100
f 92/1/95 93/1/98 94/2/101
f 95/2/102 94/2/101 93/1/98
f 98/2/83 97/1/86 96/2/84
f 97/1/86 98/2/83 99/1/85
f 96/2/88 97/1/90 98/2/89
f 99/1/87 98/2/89 97/1/90
f 94/2/99 90/1/91 100/2/103
f 90/1/91 94/2/99 92/1/93
f 100/2/104 90/1/97 94/2/101
f 92/1/95 94/2/101 90/1/97
f 93/1/94 101/2/105 91/1/92
f 101/2/105 93/1/94 95/2/100
f 91/1/96 101/2/106 93/1/98
f 95/2/102 93/1/98 101/2/106
f 104/1/74 103/2/71 102/2/73
f 103/2/71 104/1/74 105/1/72
f 102/2/75 103/2/77 104/1/78
f 105/1/76 104/1/78 103/2/77
f 90/1/91 101/2/105 100/2/103
f 101/2/105 90/1/91 91/1/92
f 100/2/104 101/2/106 90/1/97
f 91/1/96 90/1/97 101/2/106
f 96/2/84 104/1/74 102/2/73
f 104/1/74 96/2/84 97/1/86
f 102/2/75 104/1/78 96/2/88
f 97/1/90 96/2/88 104/1/78
f 99/1/85 103/2/71 105/1/72
f 103/2/71 99/1/85 98/2/83
f 105/1/76 103/2/77 99/1/87
f 98/2/89 99/1/87 103/2/77
f 97/1/86 105/1/72 104/1/74
f 105/1/72 97/1/86 99/1/85
f 104/1/78 105/1/76 97/1/90
f 99/1/87 97/1/90 105/1/76
f 89/1/2 70/2/35 88/2/36
f 70/2/35 89/1/2 71/1/4
f 88/2/37 70/2/38 89/1/6
f 71/1/8 89/1/6 70/2/38
f 108/1/3 107/1/2 106/1/1
f 107/1/2 108/1/3 109/1/4
f 106/1/7 107/1/6 108/1/5
f 109/1/8 108/1/5 107/1/6
f 112/3/11 111/2/10 110/2/9
f 111/2/10 112/3/11 113/3/12
f 110/2/15 111/2/14 112/3/13
f 113/3/16 112/3/13 111/2/14
f 109/1/4 115/2/18 114/2/17
f 115/2/18 109/1/4 108/1/3
f 114/2/20 115/2/19 109/1/8
f 108/1/5 109/1/8 115/2/19
f 108/1/3 116/2/21 115/2/18
f 116/2/21 108/1/3 106/1/1
f 115/2/19 116/2/22 108/1/5
f 106/1/7 108/1/5 116/2/22
f 113/3/12 117/2/23 111/2/10
f 117/2/23 113/3/12 118/3/24
f 111/2/14 117/2/25 113/3/16
f 118/3/26 113/3/16 117/2/25
f 119/2/27 112/3/11 110/2/9
f 112/3/11 119/2/27 120/3/28
f 110/2/15 112/3/13 119/2/29
f 120/3/30 119/2/29 112/3/13
f 121/2/31 109/1/4 114/2/17
f 109/1/4 121/2/31 107/1/2
f 114/2/20 109/1/8 121/2/32
f 107/1/6 121/2/32 109/1/8
f 106/1/1 121/2/31 116/2/21
f 121/2/31 106/1/1 107/1/2
f 116/2/22 121/2/32 106/1/7
f 107/1/6 106/1/7 121/2/32
f 112/3/11 118/3/24 113/3/12
f 118/3/24 112/3/11 120/3/28
f 113/3/16 118/3/26 112/3/13
f 120/3/30 112/3/13 118/3/26
f 118/3/24 119/2/27 117/2/23
f 119/2/27 118/3/24 120/3/28
f 117/2/25 119/2/29 118/3/26
f 120/3/30 118/3/26 119/2/29
f 124/1/2 123/1/3 122/1/4
f 123/1/3 124/1/2 125/1/1
f 122/1/8 123/1/5 124/1/6
f 125/1/7 124/1/6 123/1/5
f 128/3/24 127/2/27 126/2/23
f 127/2/27 128/3/24 129/3/28
f 126/2/25 127/2/29 128/3/26
f 129/3/30 128/3/26 127/2/29
f 125/1/1 131/2/31 130/2/21
f 131/2/31 125/1/1 124/1/2
f 130/2/22 131/2/32 125/1/7
f 124/1/6 125/1/7 131/2/32
f 124/1/2 132/2/17 131/2/31
f 132/2/17 124/1/2 122/1/4
f 131/2/32 132/2/20 124/1/6
f 122/1/8 124/1/6 132/2/20
f 129/3/28 133/2/9 127/2/27
f 133/2/9 129/3/28 134/3/11
f 127/2/29 133/2/15 129/3/30
f 134/3/13 129/3/30 133/2/15
f 135/2/10 128/3/24 126/2/23
f 128/3/24 135/2/10 136/3/12
f 126/2/25 128/3/26 135/2/14
f 136/3/16 135/2/14 128/3/26
f 137/2/18 125/1/1 130/2/21
f 125/1/1 137/2/18 123/1/3
f 130/2/22 125/1/7 137/2/19
f 123/1/5 137/2/19 125/1/7
f 122/1/4 137/2/18 132/2/17
f 137/2/18 122/1/4 123/1/3
f 132/2/20 137/2/19 122/1/8
f 123/1/5 122/1/8 137/2/19
f 128/3/24 134/3/11 129/3/28
f 134/3/11 128/3/24 136/3/12
f 129/3/30 134/3/13 128/3/26
f 136/3/16 128/3/26 134/3/13
f 134/3/11 135/2/10 133/2/9
f 135/2/10 134/3/11 136/3/12
f 133/2/15 135/2/14 134/3/13
f 136/3/16 134/3/13 135/2/14
f 140/1/2 139/1/3 138/1/4
f 139/1/3 140/1/2 141/1/1
f 138/1/8 139/1/5 140/1/6
f 141/1/7 140/1/6 139/1/5
f 144/3/24 143/2/27 142/2/23
f 143/2/27 144/3/24 145/3/28
f 142/2/25 143/2/29 144/3/26
f 145/3/30 144/3/26 143/2/29
f 141/1/1 147/2/31 146/2/21
f 147/2/31 141/1/1 140/1/2
f 146/2/22 147/2/32 141/1/7
f 140/1/6 141/1/7 147/2/32
f 140/1/2 148/2/17 147/2/31
f 148/2/17 140/1/2 138/1/4
f 147/2/32 148/2/20 140/1/6
f 138/1/8 140/1/6 148/2/20
f 145/3/28 149/2/9 143/2/27
f 149/2/9 145/3/28 150/3/11
f 143/2/29 149/2/15 145/3/30
f 150/3/13 145/3/30 149/2/15
f 151/2/10 144/3/24 142/2/23
f 144/3/24 151/2/10 152/3/12
f 142/2/25 144/3/26 151/2/14
f 152/3/16 151/2/14 144/3/26
f 153/2/18 141/1/1 146/2/21
f 141/1/1 153/2/18 139/1/3
f 146/2/22 141/1/7 153/2/19
f 139/1/5 153/2/19 141/1/7
f 138/1/4 153/2/18 148/2/17
f 153/2/18 138/1/4 139/1/3
f 148/2/20 153/2/19 138/1/8
f 139/1/5 138/1/8 153/2/19
f 144/3/24 150/3/11 145/3/28
f 150/3/11 144/3/24 152/3/12
f 145/3/30 150/3/13 144/3/26
f 152/3/16 144/3/26 150/3/13
f 150/3/11 151/2/10 149/2/9
f 151/2/10 150/3/11 152/3/12
f 149/2/15 151/2/14 150/3/13
f 152/3/16 150/3/13 151/2/14
f 156/5/107 155/4/108 154/4/107
f 155/4/108 156/5/107 157/5/108
f 154/4/109 155/4/110 156/5/109
f 157/5/110 156/5/109 155/4/110
f 157/5/33 159/5/33 158/5/33
f 159/5/33 157/5/33 156/5/33
f 159/5/33 156/5/33 160/5/33
f 158/5/34 159/5/34 157/5/34
f 156/5/34 157/5/34 159/5/34
f 160/5/34 156/5/34 159/5/34
f 162/4/111 160/5/111 161/4/111
f 160/5/111 162/4/111 159/5/111
f 161/4/112 160/5/112 162/4/112
f 159/5/112 162/4/112 160/5/112
f 158/5/109 162/4/109 163/4/109
f 162/4/109 158/5/109 159/5/109
f 163/4/107 162/4/107 158/5/107
f 159/5/107 158/5/107 162/4/107
f 158/5/112 155/4/112 157/5/112
f 155/4/112 158/5/112 163/4/112
f 157/5/111 155/4/111 158/5/111
f 163/4/111 158/5/111 155/4/111
f 160/5/113 154/4/107 161/4/113
f 154/4/107 160/5/113 156/5/107
f 161/4/114 154/4/109 160/5/114
f 156/5/109 160/5/114 154/4/109
f 157/5/115 164/4/107 155/4/115
f 164/4/107 157/5/115 165/5/107
f 155/4/116 164/4/109 157/5/116
f 165/5/109 157/5/116 164/4/109
f 168/5/33 167/5/33 166/5/33
f 167/5/33 168/5/33 165/5/33
f 167/5/33 165/5/33 157/5/33
f 166/5/34 167/5/34 168/5/34
f 165/5/34 168/5/34 167/5/34
f 157/5/34 165/5/34 167/5/34
f 166/5/109 170/4/109 169/4/109
f 170/4/109 166/5/109 167/5/109
f 169/4/107 170/4/107 166/5/107
f 167/5/107 166/5/107 170/4/107
f 165/5/107 171/4/117 164/4/107
f 171/4/117 165/5/107 168/5/117
f 164/4/109 171/4/118 165/5/109
f 168/5/118 165/5/109 171/4/118
f 166/5/112 171/4/112 168/5/112
f 171/4/112 166/5/112 169/4/112
f 168/5/111 171/4/111 166/5/111
f 169/4/111 166/5/111 171/4/111
f 170/4/111 157/5/111 155/4/111
f 157/5/111 170/4/111 167/5/111
f 155/4/112 157/5/112 170/4/112
f 167/5/112 170/4/112 157/5/112
f 174/5/116 173/4/119 172/4/116
f 173/4/119 174/5/116 175/5/119
f 172/4/115 173/4/120 174/5/115
f 175/5/120 174/5/115 173/4/120
f 178/5/33 177/5/33 176/5/33
f 177/5/33 178/5/33 175/5/33
f 177/5/33 175/5/33 174/5/33
f 176/5/34 177/5/34 178/5/34
f 175/5/34 178/5/34 177/5/34
f 174/5/34 175/5/34 177/5/34
f 176/5/120 180/4/120 179/4/120
f 180/4/120 176/5/120 177/5/120
f 179/4/119 180/4/119 176/5/119
f 177/5/119 176/5/119 180/4/119
f 175/5/119 181/4/118 173/4/119
f 181/4/118 175/5/119 178/5/118
f 173/4/120 181/4/117 175/5/120
f 178/5/117 175/5/120 181/4/117
f 176/5/121 181/4/121 178/5/121
f 181/4/121 176/5/121 179/4/121
f 178/5/122 181/4/122 176/5/122
f 179/4/122 176/5/122 181/4/122
f 180/4/122 174/5/122 172/4/122
f 174/5/122 180/4/122 177/5/122
f 172/4/121 174/5/121 180/4/121
f 177/5/121 180/4/121 174/5/121
f 184/5/107 183/4/108 182/4/107
f 183/4/108 184/5/107 185/5/108
f 182/4/109 183/4/110 184/5/109
f 185/5/110 184/5/109 183/4/110
f 185/5/33 166/5/33 186/5/33
f 166/5/33 185/5/33 184/5/33
f 166/5/33 184/5/33 168/5/33
f 186/5/34 166/5/34 185/5/34
f 184/5/34 185/5/34 166/5/34
f 168/5/34 184/5/34 166/5/34
f 169/4/111 168/5/111 171/4/111
f 168/5/111 169/4/111 166/5/111
f 171/4/112 168/5/112 169/4/112
f 166/5/112 169/4/112 168/5/112
f 186/5/109 169/4/109 187/4/109
f 169/4/109 186/5/109 166/5/109
f 187/4/107 169/4/107 186/5/107
f 166/5/107 186/5/107 169/4/107
f 186/5/112 183/4/112 185/5/112
f 183/4/112 186/5/112 187/4/112
f 185/5/111 183/4/111 186/5/111
f 187/4/111 186/5/111 183/4/111
f 168/5/113 182/4/107 171/4/113
f 182/4/107 168/5/113 184/5/107
f 171/4/114 182/4/109 168/5/114
f 184/5/109 168/5/114 182/4/109
f 189/5/119 172/4/110 188/4/119
f 172/4/110 189/5/119 174/5/110
f 188/4/120 172/4/108 189/5/120
f 174/5/108 189/5/120 172/4/108
f 174/5/33 191/5/33 190/5/33
f 191/5/33 174/5/33 189/5/33
f 191/5/33 189/5/33 192/5/33
f 190/5/34 191/5/34 174/5/34
f 189/5/34 174/5/34 191/5/34
f 192/5/34 189/5/34 191/5/34
f 194/4/122 192/5/122 193/4/122
f 192/5/122 194/4/122 191/5/122
f 193/4/121 192/5/121 194/4/121
f 191/5/121 194/4/121 192/5/121
f 190/5/120 194/4/120 195/4/120
f 194/4/120 190/5/120 191/5/120
f 195/4/119 194/4/119 190/5/119
f 191/5/119 190/5/119 194/4/119
f 190/5/121 172/4/121 174/5/121
f 172/4/121 190/5/121 195/4/121
f 174/5/122 172/4/122 190/5/122
f 195/4/122 190/5/122 172/4/122
f 192/5/114 188/4/119 193/4/114
f 188/4/119 192/5/114 189/5/119
f 193/4/113 188/4/120 192/5/113
f 189/5/120 192/5/113 188/4/120
f 198/5/119 197/4/110 196/4/119
f 197/4/110 198/5/119 199/5/110
f 196/4/120 197/4/108 198/5/120
f 199/5/108 198/5/120 197/4/108
f 199/5/33 176/5/33 200/5/33
f 176/5/33 199/5/33 198/5/33
f 176/5/33 198/5/33 178/5/33
f 200/5/34 176/5/34 199/5/34
f 198/5/34 199/5/34 176/5/34
f 178/5/34 198/5/34 176/5/34
f 179/4/122 178/5/122 181/4/122
f 178/5/122 179/4/122 176/5/122
f 181/4/121 178/5/121 179/4/121
f 176/5/121 179/4/121 178/5/121
f 200/5/120 179/4/120 201/4/120
f 179/4/120 200/5/120 176/5/120
f 201/4/119 179/4/119 200/5/119
f 176/5/119 200/5/119 179/4/119
f 200/5/121 197/4/121 199/5/121
f 197/4/121 200/5/121 201/4/121
f 199/5/122 197/4/122 200/5/122
f 201/4/122 200/5/122 197/4/122
f 178/5/114 196/4/119 181/4/114
f 196/4/119 178/5/114 198/5/119
f 181/4/113 196/4/120 178/5/113
f 198/5/120 178/5/113 196/4/120
f 204/6/33 203/6/33 202/6/33
f 203/6/33 204/6/33 205/6/33
f 203/6/33 205/6/33 206/6/33
f 202/6/34 203/6/34 204/6/34
f 205/6/34 204/6/34 203/6/34
f 206/6/34 205/6/34 203/6/34
f 208/7/111 206/6/111 207/7/111
f 206/6/111 208/7/111 203/6/111
f 207/7/112 206/6/112 208/7/112
f 203/6/112 208/7/112 206/6/112
f 206/6/113 209/7/107 207/7/113
f 209/7/107 206/6/113 205/6/107
f 207/7/114 209/7/109 206/6/114
f 205/6/109 206/6/114 209/7/109
f 202/6/109 208/7/109 210/7/109
f 208/7/109 202/6/109 203/6/109
f 210/7/107 208/7/107 202/6/107
f 203/6/107 202/6/107 208/7/107
f 202/6/112 211/7/112 204/6/112
f 211/7/112 202/6/112 210/7/112
f 204/6/111 211/7/111 202/6/111
f 210/7/111 202/6/111 211/7/111
f 205/6/107 211/7/108 209/7/107
f 211/7/108 205/6/107 204/6/108
f 209/7/109 211/7/110 205/6/109
f 204/6/110 205/6/109 211/7/110
f 170/8/109 213/7/109 212/7/109
f 213/7/109 170/8/109 162/8/109
f 212/7/107 213/7/107 170/8/107
f 162/8/107 170/8/107 213/7/107
f 214/8/33 162/8/33 170/8/33
f 162/8/33 214/8/33 215/8/33
f 162/8/33 215/8/33 216/8/33
f 170/8/34 162/8/34 214/8/34
f 215/8/34 214/8/34 162/8/34
f 216/8/34 215/8/34 162/8/34
f 215/8/107 218/7/123 217/7/107
f 218/7/123 215/8/107 214/8/123
f 217/7/109 218/7/124 215/8/109
f 214/8/124 215/8/109 218/7/124
f 170/8/112 218/7/112 214/8/112
f 218/7/112 170/8/112 212/7/112
f 214/8/111 218/7/111 170/8/111
f 212/7/111 170/8/111 218/7/111
f 213/7/111 216/8/111 219/7/111
f 216/8/111 213/7/111 162/8/111
f 219/7/112 216/8/112 213/7/112
f 162/8/112 213/7/112 216/8/112
f 213/7/34 218/7/34 212/7/34
f 218/7/34 213/7/34 217/7/34
f 217/7/34 213/7/34 219/7/34
f 212/7/33 218/7/33 213/7/33
f 217/7/33 213/7/33 218/7/33
f 219/7/33 213/7/33 217/7/33
f 216/8/125 217/7/107 219/7/125
f 217/7/107 216/8/125 215/8/107
f 219/7/126 217/7/109 216/8/126
f 215/8/109 216/8/126 217/7/109
f 222/9/128 221/9/127 220/9/127
f 221/9/127 222/9/128 223/9/128
f 220/9/130 221/9/130 222/9/129
f 223/9/129 222/9/129 221/9/130
f 226/10/131 225/11/129 224/10/131
f 225/11/129 226/10/131 227/11/129
f 224/10/132 225/11/128 226/10/132
f 227/11/128 226/10/132 225/11/128
f 224/10/131 228/12/133 226/10/131
f 228/12/133 224/10/131 229/12/133
f 226/10/132 228/12/134 224/10/132
f 229/12/134 224/10/132 228/12/134
f 230/12/132 223/9/128 222/9/128
f 223/9/128 230/12/132 231/12/132
f 222/9/129 223/9/129 230/12/131
f 231/12/131 230/12/131 223/9/129
f 227/11/129 232/11/130 225/11/129
f 232/11/130 227/11/129 233/11/130
f 225/11/128 232/11/127 227/11/128
f 233/11/127 227/11/128 232/11/127
f 231/12/113 221/9/113 223/9/113
f 221/9/113 231/12/113 228/12/113
f 228/12/113 231/12/113 234/10/113
f 228/12/113 234/10/113 226/10/113
f 226/10/113 234/10/113 233/11/113
f 226/10/113 233/11/113 227/11/113
f 223/9/114 221/9/114 231/12/114
f 228/12/114 231/12/114 221/9/114
f 234/10/114 231/12/114 228/12/114
f 226/10/114 234/10/114 228/12/114
f 233/11/114 234/10/114 226/10/114
f 227/11/114 233/11/114 226/10/114
f 229/12/114 222/9/114 220/9/114
f 222/9/114 229/12/114 230/12/114
f 230/12/114 229/12/114 224/10/114
f 230/12/114 224/10/114 235/10/114
f 235/10/114 224/10/114 225/11/114
f 235/10/114 225/11/114 232/11/114
f 220/9/113 222/9/113 229/12/113
f 230/12/113 229/12/113 222/9/113
f 224/10/113 229/12/113 230/12/113
f 235/10/113 224/10/113 230/12/113
f 225/11/113 224/10/113 235/10/113
f 232/11/113 225/11/113 235/10/113
f 230/12/132 234/10/134 231/12/132
f 234/10/134 230/12/132 235/10/134
f 231/12/131 234/10/133 230/12/131
f 235/10/133 230/12/131 234/10/133
f 233/11/130 235/10/134 232/11/130
f 235/10/134 233/11/130 234/10/134
f 232/11/127 235/10/133 233/11/127
f 234/10/133 233/11/127 235/10/133
f 220/9/127 228/12/133 229/12/133
f 228/12/133 220/9/127 221/9/127
f 229/12/134 228/12/134 220/9/130
f 221/9/130 220/9/130 228/12/134
f 237/6/109 210/7/109 236/7/109
f 210/7/109 237/6/109 202/6/109
f 236/7/107 210/7/107 237/6/107
f 202/6/107 237/6/107 210/7/107
f 237/6/112 239/7/112 238/6/112
f 239/7/112 237/6/112 236/7/112
f 238/6/111 239/7/111 237/6/111
f 236/7/111 237/6/111 239/7/111
f 210/7/111 204/6/111 211/7/111
f 204/6/111 210/7/111 202/6/111
f 211/7/112 204/6/112 210/7/112
f 202/6/112 210/7/112 204/6/112
f 238/6/33 202/6/33 237/6/33
f 202/6/33 238/6/33 240/6/33
f 202/6/33 240/6/33 204/6/33
f 237/6/34 202/6/34 238/6/34
f 240/6/34 238/6/34 202/6/34
f 204/6/34 240/6/34 202/6/34
f 204/6/115 241/7/107 211/7/115
f 241/7/107 204/6/115 240/6/107
f 211/7/116 241/7/109 204/6/116
f 240/6/109 204/6/116 241/7/109
f 240/6/107 239/7/117 241/7/107
f 239/7/117 240/6/107 238/6/117
f 241/7/109 239/7/118 240/6/109
f 238/6/118 240/6/109 239/7/118
f 244/8/107 243/7/135 242/7/107
f 243/7/135 244/8/107 245/8/135
f 242/7/109 243/7/136 244/8/109
f 245/8/136 244/8/109 243/7/136
f 248/8/138 247/7/137 246/8/137
f 247/7/137 248/8/138 249/7/138
f 246/8/140 247/7/140 248/8/139
f 249/7/139 248/8/139 247/7/140
f 245/8/135 247/7/137 243/7/135
f 247/7/137 245/8/135 246/8/137
f 243/7/136 247/7/140 245/8/136
f 246/8/140 245/8/136 247/7/140
f 251/8/141 242/7/107 250/7/141
f 242/7/107 251/8/141 244/8/107
f 250/7/142 242/7/109 251/8/142
f 244/8/109 251/8/142 242/7/109
f 246/8/33 252/8/33 248/8/33
f 252/8/33 246/8/33 245/8/33
f 252/8/33 245/8/33 244/8/33
f 252/8/33 244/8/33 251/8/33
f 252/8/33 251/8/33 253/8/33
f 248/8/34 252/8/34 246/8/34
f 245/8/34 246/8/34 252/8/34
f 244/8/34 245/8/34 252/8/34
f 251/8/34 244/8/34 252/8/34
f 253/8/34 251/8/34 252/8/34
f 255/7/144 253/8/143 254/7/143
f 253/8/143 255/7/144 252/8/144
f 254/7/146 253/8/146 255/7/145
f 252/8/145 255/7/145 253/8/146
f 254/7/143 251/8/141 250/7/141
f 251/8/141 254/7/143 253/8/143
f 250/7/142 251/8/142 254/7/146
f 253/8/146 254/7/146 251/8/142
f 169/8/112 257/7/112 256/8/112
f 257/7/112 169/8/112 258/7/112
f 256/8/111 257/7/111 169/8/111
f 258/7/111 169/8/111 257/7/111
f 214/8/147 260/7/107 259/7/147
f 260/7/107 214/8/147 261/8/107
f 259/7/148 260/7/109 214/8/148
f 261/8/109 214/8/148 260/7/109
f 169/8/109 262/7/109 258/7/109
f 262/7/109 169/8/109 170/8/109
f 258/7/107 262/7/107 169/8/107
f 170/8/107 169/8/107 262/7/107
f 261/8/107 257/7/149 260/7/107
f 257/7/149 261/8/107 256/8/149
f 260/7/109 257/7/150 261/8/109
f 256/8/150 261/8/109 257/7/150
f 262/7/34 257/7/34 258/7/34
f 257/7/34 262/7/34 260/7/34
f 260/7/34 262/7/34 259/7/34
f 258/7/33 257/7/33 262/7/33
f 260/7/33 262/7/33 257/7/33
f 259/7/33 262/7/33 260/7/33
f 256/8/33 170/8/33 169/8/33
f 170/8/33 256/8/33 261/8/33
f 170/8/33 261/8/33 214/8/33
f 169/8/34 170/8/34 256/8/34
f 261/8/34 256/8/34 170/8/34
f 214/8/34 261/8/34 170/8/34
f 262/7/111 214/8/111 259/7/111
f 214/8/111 262/7/111 170/8/111
f 259/7/112 214/8/112 262/7/112
f 170/8/112 262/7/112 214/8/112
f 265/14/152 264/13/151 263/13/151
f 264/13/151 265/14/152 266/14/152
f 263/13/154 264/13/154 265/14/153
f 266/14/153 265/14/153 264/13/154
f 269/15/155 268/16/156 267/15/155
f 268/16/156 269/15/155 270/16/156
f 267/15/157 268/16/158 269/15/157
f 270/16/158 269/15/157 268/16/158
f 272/13/115 266/14/115 271/14/115
f 266/14/115 272/13/115 264/13/115
f 264/13/115 272/13/115 273/15/115
f 264/13/115 273/15/115 269/15/115
f 269/15/115 273/15/115 274/16/115
f 269/15/115 274/16/115 270/16/115
f 271/14/116 266/14/116 272/13/116
f 264/13/116 272/13/116 266/14/116
f 273/15/116 272/13/116 264/13/116
f 269/15/116 273/15/116 264/13/116
f 274/16/116 273/15/116 269/15/116
f 270/16/116 274/16/116 269/15/116
f 270/16/156 275/16/153 268/16/156
f 275/16/153 270/16/156 274/16/153
f 268/16/158 275/16/152 270/16/158
f 274/16/152 270/16/158 275/16/152
f 277/13/157 271/14/158 276/14/158
f 271/14/158 277/13/157 272/13/157
f 276/14/156 271/14/156 277/13/155
f 272/13/155 277/13/155 271/14/156
f 263/13/116 276/14/116 265/14/116
f 276/14/116 263/13/116 277/13/116
f 277/13/116 263/13/116 267/15/116
f 277/13/116 267/15/116 278/15/116
f 278/15/116 267/15/116 268/16/116
f 278/15/116 268/16/116 275/16/116
f 265/14/115 276/14/115 263/13/115
f 277/13/115 263/13/115 276/14/115
f 267/15/115 263/13/115 277/13/115
f 278/15/115 267/15/115 277/13/115
f 268/16/115 267/15/115 278/15/115
f 275/16/115 268/16/115 278/15/115
f 274/16/153 278/15/154 275/16/153
f 278/15/154 274/16/153 273/15/154
f 275/16/152 278/15/151 274/16/152
f 273/15/151 274/16/152 278/15/151
f 276/14/158 266/14/152 265/14/152
f 266/14/152 276/14/158 271/14/158
f 265/14/153 266/14/153 276/14/156
f 271/14/156 276/14/156 266/14/153
f 267/15/155 264/13/151 269/15/155
f 264/13/151 267/15/155 263/13/151
f 269/15/157 264/13/154 267/15/157
f 263/13/154 267/15/157 264/13/154
f 277/13/157 273/15/154 272/13/157
f 273/15/154 277/13/157 278/15/154
f 272/13/155 273/15/151 277/13/155
f 278/15/151 277/13/155 273/15/151
f 281/18/157 280/17/158 279/17/158
f 280/17/158 281/18/157 282/18/157
f 279/17/156 280/17/156 281/18/155
f 282/18/155 281/18/155 280/17/156
f 284/18/116 279/17/116 283/17/116
f 279/17/116 284/18/116 281/18/116
f 281/18/116 284/18/116 285/19/116
f 281/18/116 285/19/116 286/19/116
f 286/19/116 285/19/116 287/20/116
f 286/19/116 287/20/116 288/20/116
f 283/17/115 279/17/115 284/18/115
f 281/18/115 284/18/115 279/17/115
f 285/19/115 284/18/115 281/18/115
f 286/19/115 285/19/115 281/18/115
f 287/20/115 285/19/115 286/19/115
f 288/20/115 287/20/115 286/19/115
f 279/17/158 289/17/152 283/17/152
f 289/17/152 279/17/158 280/17/158
f 283/17/153 289/17/153 279/17/156
f 280/17/156 279/17/156 289/17/153
f 283/17/152 290/18/151 284/18/151
f 290/18/151 283/17/152 289/17/152
f 284/18/154 290/18/154 283/17/153
f 289/17/153 283/17/153 290/18/154
f 291/20/156 288/20/153 287/20/156
f 288/20/153 291/20/156 292/20/153
f 287/20/158 288/20/152 291/20/158
f 292/20/152 291/20/158 288/20/152
f 285/19/155 290/18/151 293/19/155
f 290/18/151 285/19/155 284/18/151
f 293/19/157 290/18/154 285/19/157
f 284/18/154 285/19/157 290/18/154
f 292/20/153 286/19/154 288/20/153
f 286/19/154 292/20/153 294/19/154
f 288/20/152 286/19/151 292/20/152
f 294/19/151 292/20/152 286/19/151
f 281/18/157 294/19/154 282/18/157
f 294/19/154 281/18/157 286/19/154
f 282/18/155 294/19/151 281/18/155
f 286/19/151 281/18/155 294/19/151
f 293/19/155 287/20/156 285/19/155
f 287/20/156 293/19/155 291/20/156
f 285/19/157 287/20/158 293/19/157
f 291/20/158 293/19/157 287/20/158
f 282/18/115 289/17/115 280/17/115
f 289/17/115 282/18/115 290/18/115
f 290/18/115 282/18/115 294/19/115
f 290/18/115 294/19/115 293/19/115
f 293/19/115 294/19/115 292/20/115
f 293/19/115 292/20/115 291/20/115
f 280/17/116 289/17/116 282/18/116
f 290/18/116 282/18/116 289/17/116
f 294/19/116 282/18/116 290/18/116
f 293/19/116 294/19/116 290/18/116
f 292/20/116 294/19/116 293/19/116
f 291/20/116 292/20/116 293/19/116
f 297/21/159 296/22/160 295/21/159
f 296/22/160 297/21/159 298/22/160
f 295/21/161 296/22/162 297/21/161
f 298/22/162 297/21/161 296/22/162
f 301/21/163 300/23/161 299/21/163
f 300/23/161 301/21/163 302/23/161
f 299/21/164 300/23/159 301/21/164
f 302/23/159 301/21/164 300/23/159
f 300/23/161 304/24/162 303/24/162
f 304/24/162 300/23/161 302/23/161
f 303/24/160 304/24/160 300/23/159
f 302/23/159 300/23/159 304/24/160
f 299/21/117 296/22/117 305/22/117
f 296/22/117 299/21/117 295/21/117
f 295/21/117 299/21/117 300/23/117
f 295/21/117 300/23/117 306/23/117
f 306/23/117 300/23/117 303/24/117
f 306/23/117 303/24/117 307/24/117
f 305/22/118 296/22/118 299/21/118
f 295/21/118 299/21/118 296/22/118
f 300/23/118 299/21/118 295/21/118
f 306/23/118 300/23/118 295/21/118
f 303/24/118 300/23/118 306/23/118
f 307/24/118 303/24/118 306/23/118
f 298/22/160 305/22/165 296/22/160
f 305/22/165 298/22/160 308/22/165
f 296/22/162 305/22/166 298/22/162
f 308/22/166 298/22/162 305/22/166
f 297/21/118 308/22/118 298/22/118
f 308/22/118 297/21/118 301/21/118
f 301/21/118 297/21/118 309/23/118
f 301/21/118 309/23/118 302/23/118
f 302/23/118 309/23/118 310/24/118
f 302/23/118 310/24/118 304/24/118
f 298/22/117 308/22/117 297/21/117
f 301/21/117 297/21/117 308/22/117
f 309/23/117 297/21/117 301/21/117
f 302/23/117 309/23/117 301/21/117
f 310/24/117 309/23/117 302/23/117
f 304/24/117 310/24/117 302/23/117
f 303/24/162 310/24/166 307/24/166
f 310/24/166 303/24/162 304/24/162
f 307/24/165 310/24/165 303/24/160
f 304/24/160 303/24/160 310/24/165
f 308/22/165 299/21/163 305/22/165
f 299/21/163 308/22/165 301/21/163
f 305/22/166 299/21/164 308/22/166
f 301/21/164 308/22/166 299/21/164
f 307/24/166 309/23/164 306/23/164
f 309/23/164 307/24/166 310/24/166
f 306/23/163 309/23/163 307/24/165
f 310/24/165 307/24/165 309/23/163
f 309/23/164 295/21/159 306/23/164
f 295/21/159 309/23/164 297/21/159
f 306/23/163 295/21/161 309/23/163
f 297/21/161 309/23/163 295/21/161
f 313/6/120 312/7/120 311/7/120
f 312/7/120 313/6/120 314/6/120
f 311/7/119 312/7/119 313/6/119
f 314/6/119 313/6/119 312/7/119
f 313/6/121 316/7/121 315/6/121
f 316/7/121 313/6/121 311/7/121
f 315/6/122 316/7/122 313/6/122
f 311/7/122 313/6/122 316/7/122
f 312/7/122 318/6/122 317/7/122
f 318/6/122 312/7/122 314/6/122
f 317/7/121 318/6/121 312/7/121
f 314/6/121 312/7/121 318/6/121
f 315/6/33 314/6/33 313/6/33
f 314/6/33 315/6/33 319/6/33
f 314/6/33 319/6/33 318/6/33
f 313/6/34 314/6/34 315/6/34
f 319/6/34 315/6/34 314/6/34
f 318/6/34 319/6/34 314/6/34
f 318/6/116 320/7/119 317/7/116
f 320/7/119 318/6/116 319/6/119
f 317/7/115 320/7/120 318/6/115
f 319/6/120 318/6/115 320/7/120
f 319/6/119 316/7/118 320/7/119
f 316/7/118 319/6/119 315/6/118
f 320/7/120 316/7/117 319/6/120
f 315/6/117 319/6/120 316/7/117
f 323/8/119 322/7/136 321/7/119
f 322/7/136 323/8/119 324/8/136
f 321/7/120 322/7/135 323/8/120
f 324/8/135 323/8/120 322/7/135
f 327/8/139 326/7/140 325/8/140
f 326/7/140 327/8/139 328/7/139
f 325/8/137 326/7/137 327/8/138
f 328/7/138 327/8/138 326/7/137
f 324/8/136 326/7/140 322/7/136
f 326/7/140 324/8/136 325/8/140
f 322/7/135 326/7/137 324/8/135
f 325/8/137 324/8/135 326/7/137
f 330/8/142 321/7/119 329/7/142
f 321/7/119 330/8/142 323/8/119
f 329/7/141 321/7/120 330/8/141
f 323/8/120 330/8/141 321/7/120
f 325/8/33 331/8/33 327/8/33
f 331/8/33 325/8/33 324/8/33
f 331/8/33 324/8/33 323/8/33
f 331/8/33 323/8/33 330/8/33
f 331/8/33 330/8/33 332/8/33
f 327/8/34 331/8/34 325/8/34
f 324/8/34 325/8/34 331/8/34
f 323/8/34 324/8/34 331/8/34
f 330/8/34 323/8/34 331/8/34
f 332/8/34 330/8/34 331/8/34
f 334/7/145 332/8/146 333/7/146
f 332/8/146 334/7/145 331/8/145
f 333/7/143 332/8/143 334/7/144
f 331/8/144 334/7/144 332/8/143
f 333/7/146 330/8/142 329/7/142
f 330/8/142 333/7/146 332/8/146
f 329/7/141 330/8/141 333/7/143
f 332/8/143 333/7/143 330/8/141
f 179/8/121 336/7/121 335/8/121
f 336/7/121 179/8/121 337/7/121
f 335/8/122 336/7/122 179/8/122
f 337/7/122 179/8/122 336/7/122
f 340/8/148 339/7/119 338/7/148
f 339/7/119 340/8/148 341/8/119
f 338/7/147 339/7/120 340/8/147
f 341/8/120 340/8/147 339/7/120
f 179/8/120 342/7/120 337/7/120
f 342/7/120 179/8/120 180/8/120
f 337/7/119 342/7/119 179/8/119
f 180/8/119 179/8/119 342/7/119
f 341/8/119 336/7/150 339/7/119
f 336/7/150 341/8/119 335/8/150
f 339/7/120 336/7/149 341/8/120
f 335/8/149 341/8/120 336/7/149
f 342/7/34 336/7/34 337/7/34
f 336/7/34 342/7/34 339/7/34
f 339/7/34 342/7/34 338/7/34
f 337/7/33 336/7/33 342/7/33
f 339/7/33 342/7/33 336/7/33
f 338/7/33 342/7/33 339/7/33
f 335/8/33 180/8/33 179/8/33
f 180/8/33 335/8/33 341/8/33
f 180/8/33 341/8/33 340/8/33
f 179/8/34 180/8/34 335/8/34
f 341/8/34 335/8/34 180/8/34
f 340/8/34 341/8/34 180/8/34
f 342/7/122 340/8/122 338/7/122
f 340/8/122 342/7/122 180/8/122
f 338/7/121 340/8/121 342/7/121
f 180/8/121 342/7/121 340/8/121
f 345/14/158 344/13/157 343/13/157
f 344/13/157 345/14/158 346/14/158
f 343/13/155 344/13/155 345/14/156
f 346/14/156 345/14/156 344/13/155
f 349/15/154 348/16/153 347/15/154
f 348/16/153 349/15/154 350/16/153
f 347/15/151 348/16/152 349/15/151
f 350/16/152 349/15/151 348/16/152
f 352/13/116 346/14/116 351/14/116
f 346/14/116 352/13/116 344/13/116
f 344/13/116 352/13/116 353/15/116
f 344/13/116 353/15/116 349/15/116
f 349/15/116 353/15/116 354/16/116
f 349/15/116 354/16/116 350/16/116
f 351/14/115 346/14/115 352/13/115
f 344/13/115 352/13/115 346/14/115
f 353/15/115 352/13/115 344/13/115
f 349/15/115 353/15/115 344/13/115
f 354/16/115 353/15/115 349/15/115
f 350/16/115 354/16/115 349/15/115
f 350/16/153 355/16/156 348/16/153
f 355/16/156 350/16/153 354/16/156
f 348/16/152 355/16/158 350/16/152
f 354/16/158 350/16/152 355/16/158
f 357/13/151 351/14/152 356/14/152
f 351/14/152 357/13/151 352/13/151
f 356/14/153 351/14/153 357/13/154
f 352/13/154 357/13/154 351/14/153
f 343/13/115 356/14/115 345/14/115
f 356/14/115 343/13/115 357/13/115
f 357/13/115 343/13/115 347/15/115
f 357/13/115 347/15/115 358/15/115
f 358/15/115 347/15/115 348/16/115
f 358/15/115 348/16/115 355/16/115
f 345/14/116 356/14/116 343/13/116
f 357/13/116 343/13/116 356/14/116
f 347/15/116 343/13/116 357/13/116
f 358/15/116 347/15/116 357/13/116
f 348/16/116 347/15/116 358/15/116
f 355/16/116 348/16/116 358/15/116
f 354/16/156 358/15/155 355/16/156
f 358/15/155 354/16/156 353/15/155
f 355/16/158 358/15/157 354/16/158
f 353/15/157 354/16/158 358/15/157
f 356/14/152 346/14/158 345/14/158
f 346/14/158 356/14/152 351/14/152
f 345/14/156 346/14/156 356/14/153
f 351/14/153 356/14/153 346/14/156
f 347/15/154 344/13/157 349/15/154
f 344/13/157 347/15/154 343/13/157
f 349/15/151 344/13/155 347/15/151
f 343/13/155 347/15/151 344/13/155
f 357/13/151 353/15/155 352/13/151
f 353/15/155 357/13/151 358/15/155
f 352/13/154 353/15/157 357/13/154
f 358/15/157 357/13/154 353/15/157
f 361/18/151 360/17/152 359/17/152
f 360/17/152 361/18/151 362/18/151
f 359/17/153 360/17/153 361/18/154
f 362/18/154 361/18/154 360/17/153
f 364/18/115 359/17/115 363/17/115
f 359/17/115 364/18/115 361/18/115
f 361/18/115 364/18/115 365/19/115
f 361/18/115 365/19/115 366/19/115
f 366/19/115 365/19/115 367/20/115
f 366/19/115 367/20/115 368/20/115
f 363/17/116 359/17/116 364/18/116
f 361/18/116 364/18/116 359/17/116
f 365/19/116 364/18/116 361/18/116
f 366/19/116 365/19/116 361/18/116
f 367/20/116 365/19/116 366/19/116
f 368/20/116 367/20/116 366/19/116
f 359/17/152 369/17/158 363/17/158
f 369/17/158 359/17/152 360/17/152
f 363/17/156 369/17/156 359/17/153
f 360/17/153 359/17/153 369/17/156
f 363/17/158 370/18/157 364/18/157
f 370/18/157 363/17/158 369/17/158
f 364/18/155 370/18/155 363/17/156
f 369/17/156 363/17/156 370/18/155
f 371/20/153 368/20/156 367/20/153
f 368/20/156 371/20/153 372/20/156
f 367/20/152 368/20/158 371/20/152
f 372/20/158 371/20/152 368/20/158
f 365/19/154 370/18/157 373/19/154
f 370/18/157 365/19/154 364/18/157
f 373/19/151 370/18/155 365/19/151
f 364/18/155 365/19/151 370/18/155
f 372/20/156 366/19/155 368/20/156
f 366/19/155 372/20/156 374/19/155
f 368/20/158 366/19/157 372/20/158
f 374/19/157 372/20/158 366/19/157
f 361/18/151 374/19/155 362/18/151
f 374/19/155 361/18/151 366/19/155
f 362/18/154 374/19/157 361/18/154
f 366/19/157 361/18/154 374/19/157
f 373/19/154 367/20/153 365/19/154
f 367/20/153 373/19/154 371/20/153
f 365/19/151 367/20/152 373/19/151
f 371/20/152 373/19/151 367/20/152
f 362/18/116 369/17/116 360/17/116
f 369/17/116 362/18/116 370/18/116
f 370/18/116 362/18/116 374/19/116
f 370/18/116 374/19/116 373/19/116
f 373/19/116 374/19/116 372/20/116
f 373/19/116 372/20/116 371/20/116
f 360/17/115 369/17/115 362/18/115
f 370/18/115 362/18/115 369/17/115
f 374/19/115 362/18/115 370/18/115
f 373/19/115 374/19/115 370/18/115
f 372/20/115 374/19/115 373/19/115
f 371/20/115 372/20/115 373/19/115
f 377/21/163 376/22/165 375/21/163
f 376/22/165 377/21/163 378/22/165
f 375/21/164 376/22/166 377/21/164
f 378/22/166 377/21/164 376/22/166
f 381/21/159 380/23/164 379/21/159
f 380/23/164 381/21/159 382/23/164
f 379/21/161 380/23/163 381/21/161
f 382/23/163 381/21/161 380/23/163
f 380/23/164 384/24/166 383/24/166
f 384/24/166 380/23/164 382/23/164
f 383/24/165 384/24/165 380/23/163
f 382/23/163 380/23/163 384/24/165
f 379/21/118 376/22/118 385/22/118
f 376/22/118 379/21/118 375/21/118
f 375/21/118 379/21/118 380/23/118
f 375/21/118 380/23/118 386/23/118
f 386/23/118 380/23/118 383/24/118
f 386/23/118 383/24/118 387/24/118
f 385/22/117 376/22/117 379/21/117
f 375/21/117 379/21/117 376/22/117
f 380/23/117 379/21/117 375/21/117
f 386/23/117 380/23/117 375/21/117
f 383/24/117 380/23/117 386/23/117
f 387/24/117 383/24/117 386/23/117
f 378/22/165 385/22/160 376/22/165
f 385/22/160 378/22/165 388/22/160
f 376/22/166 385/22/162 378/22/166
f 388/22/162 378/22/166 385/22/162
f 377/21/117 388/22/117 378/22/117
f 388/22/117 377/21/117 381/21/117
f 381/21/117 377/21/117 389/23/117
f 381/21/117 389/23/117 382/23/117
f 382/23/117 389/23/117 390/24/117
f 382/23/117 390/24/117 384/24/117
f 378/22/118 388/22/118 377/21/118
f 381/21/118 377/21/118 388/22/118
f 389/23/118 377/21/118 381/21/118
f 382/23/118 389/23/118 381/21/118
f 390/24/118 389/23/118 382/23/118
f 384/24/118 390/24/118 382/23/118
f 383/24/166 390/24/162 387/24/162
f 390/24/162 383/24/166 384/24/166
f 387/24/160 390/24/160 383/24/165
f 384/24/165 383/24/165 390/24/160
f 388/22/160 379/21/159 385/22/160
f 379/21/159 388/22/160 381/21/159
f 385/22/162 379/21/161 388/22/162
f 381/21/161 388/22/162 379/21/161
f 387/24/162 389/23/161 386/23/161
f 389/23/161 387/24/162 390/24/162
f 386/23/159 389/23/159 387/24/160
f 390/24/160 387/24/160 389/23/159
f 389/23/161 375/21/163 386/23/161
f 375/21/163 389/23/161 377/21/163
f 386/23/159 375/21/164 389/23/159
f 377/21/164 389/23/159 375/21/164
f 392/6/33 237/6/33 391/6/33
f 237/6/33 392/6/33 393/6/33
f 237/6/33 393/6/33 238/6/33
f 391/6/34 237/6/34 392/6/34
f 393/6/34 392/6/34 237/6/34
f 238/6/34 393/6/34 237/6/34
f 236/7/111 238/6/111 239/7/111
f 238/6/111 236/7/111 237/6/111
f 239/7/112 238/6/112 236/7/112
f 237/6/112 236/7/112 238/6/112
f 238/6/113 394/7/107 239/7/113
f 394/7/107 238/6/113 393/6/107
f 239/7/114 394/7/109 238/6/114
f 393/6/109 238/6/114 394/7/109
f 391/6/109 236/7/109 395/7/109
f 236/7/109 391/6/109 237/6/109
f 395/7/107 236/7/107 391/6/107
f 237/6/107 391/6/107 236/7/107
f 391/6/112 396/7/112 392/6/112
f 396/7/112 391/6/112 395/7/112
f 392/6/111 396/7/111 391/6/111
f 395/7/111 391/6/111 396/7/111
f 393/6/107 396/7/108 394/7/107
f 396/7/108 393/6/107 392/6/108
f 394/7/109 396/7/110 393/6/109
f 392/6/110 393/6/109 396/7/110
f 399/8/109 398/7/109 397/7/109
f 398/7/109 399/8/109 169/8/109
f 397/7/107 398/7/107 399/8/107
f 169/8/107 399/8/107 398/7/107
f 400/8/33 169/8/33 399/8/33
f 169/8/33 400/8/33 401/8/33
f 169/8/33 401/8/33 256/8/33
f 399/8/34 169/8/34 400/8/34
f 401/8/34 400/8/34 169/8/34
f 256/8/34 401/8/34 169/8/34
f 401/8/107 403/7/123 402/7/107
f 403/7/123 401/8/107 400/8/123
f 402/7/109 403/7/124 401/8/109
f 400/8/124 401/8/109 403/7/124
f 399/8/112 403/7/112 400/8/112
f 403/7/112 399/8/112 397/7/112
f 400/8/111 403/7/111 399/8/111
f 397/7/111 399/8/111 403/7/111
f 398/7/111 256/8/111 404/7/111
f 256/8/111 398/7/111 169/8/111
f 404/7/112 256/8/112 398/7/112
f 169/8/112 398/7/112 256/8/112
f 398/7/34 403/7/34 397/7/34
f 403/7/34 398/7/34 402/7/34
f 402/7/34 398/7/34 404/7/34
f 397/7/33 403/7/33 398/7/33
f 402/7/33 398/7/33 403/7/33
f 404/7/33 398/7/33 402/7/33
f 256/8/125 402/7/107 404/7/125
f 402/7/107 256/8/125 401/8/107
f 404/7/126 402/7/109 256/8/126
f 401/8/109 256/8/126 402/7/109
f 407/9/128 406/9/127 405/9/127
f 406/9/127 407/9/128 408/9/128
f 405/9/130 406/9/130 407/9/129
f 408/9/129 407/9/129 406/9/130
f 411/10/131 410/11/129 409/10/131
f 410/11/129 411/10/131 412/11/129
f 409/10/132 410/11/128 411/10/132
f 412/11/128 411/10/132 410/11/128
f 409/10/131 413/12/133 411/10/131
f 413/12/133 409/10/131 414/12/133
f 411/10/132 413/12/134 409/10/132
f 414/12/134 409/10/132 413/12/134
f 415/12/132 408/9/128 407/9/128
f 408/9/128 415/12/132 416/12/132
f 407/9/129 408/9/129 415/12/131
f 416/12/131 415/12/131 408/9/129
f 412/11/129 417/11/130 410/11/129
f 417/11/130 412/11/129 418/11/130
f 410/11/128 417/11/127 412/11/128
f 418/11/127 412/11/128 417/11/127
f 416/12/113 406/9/113 408/9/113
f 406/9/113 416/12/113 413/12/113
f 413/12/113 416/12/113 419/10/113
f 413/12/113 419/10/113 411/10/113
f 411/10/113 419/10/113 418/11/113
f 411/10/113 418/11/113 412/11/113
f 408/9/114 406/9/114 416/12/114
f 413/12/114 416/12/114 406/9/114
f 419/10/114 416/12/114 413/12/114
f 411/10/114 419/10/114 413/12/114
f 418/11/114 419/10/114 411/10/114
f 412/11/114 418/11/114 411/10/114
f 414/12/114 407/9/114 405/9/114
f 407/9/114 414/12/114 415/12/114
f 415/12/114 414/12/114 409/10/114
f 415/12/114 409/10/114 420/10/114
f 420/10/114 409/10/114 410/11/114
f 420/10/114 410/11/114 417/11/114
f 405/9/113 407/9/113 414/12/113
f 415/12/113 414/12/113 407/9/113
f 409/10/113 414/12/113 415/12/113
f 420/10/113 409/10/113 415/12/113
f 410/11/113 409/10/113 420/10/113
f 417/11/113 410/11/113 420/10/113
f 415/12/132 419/10/134 416/12/132
f 419/10/134 415/12/132 420/10/134
f 416/12/131 419/10/133 415/12/131
f 420/10/133 415/12/131 419/10/133
f 418/11/130 420/10/134 417/11/130
f 420/10/134 418/11/130 419/10/134
f 417/11/127 420/10/133 418/11/127
f 419/10/133 418/11/127 420/10/133
f 405/9/127 413/12/133 414/12/133
f 413/12/133 405/9/127 406/9/127
f 414/12/134 413/12/134 405/9/130
f 406/9/130 405/9/130 413/12/134
f 318/6/33 421/6/33 314/6/33
f 421/6/33 318/6/33 422/6/33
f 421/6/33 422/6/33 423/6/33
f 314/6/34 421/6/34 318/6/34
f 422/6/34 318/6/34 421/6/34
f 423/6/34 422/6/34 421/6/34
f 425/7/122 423/6/122 424/7/122
f 423/6/122 425/7/122 421/6/122
f 424/7/121 423/6/121 425/7/121
f 421/6/121 425/7/121 423/6/121
f 423/6/114 426/7/119 424/7/114
f 426/7/119 423/6/114 422/6/119
f 424/7/113 426/7/120 423/6/113
f 422/6/120 423/6/113 426/7/120
f 314/6/120 425/7/120 312/7/120
f 425/7/120 314/6/120 421/6/120
f 312/7/119 425/7/119 314/6/119
f 421/6/119 314/6/119 425/7/119
f 314/6/121 317/7/121 318/6/121
f 317/7/121 314/6/121 312/7/121
f 318/6/122 317/7/122 314/6/122
f 312/7/122 314/6/122 317/7/122
f 422/6/119 317/7/110 426/7/119
f 317/7/110 422/6/119 318/6/110
f 426/7/120 317/7/108 422/6/120
f 318/6/108 422/6/120 317/7/108
f 180/8/120 428/7/120 427/7/120
f 428/7/120 180/8/120 194/8/120
f 427/7/119 428/7/119 180/8/119
f 194/8/119 180/8/119 428/7/119
f 340/8/33 194/8/33 180/8/33
f 194/8/33 340/8/33 429/8/33
f 194/8/33 429/8/33 430/8/33
f 180/8/34 194/8/34 340/8/34
f 429/8/34 340/8/34 194/8/34
f 430/8/34 429/8/34 194/8/34
f 429/8/119 432/7/124 431/7/119
f 432/7/124 429/8/119 340/8/124
f 431/7/120 432/7/123 429/8/120
f 340/8/123 429/8/120 432/7/123
f 180/8/121 432/7/121 340/8/121
f 432/7/121 180/8/121 427/7/121
f 340/8/122 432/7/122 180/8/122
f 427/7/122 180/8/122 432/7/122
f 428/7/122 430/8/122 433/7/122
f 430/8/122 428/7/122 194/8/122
f 433/7/121 430/8/121 428/7/121
f 194/8/121 428/7/121 430/8/121
f 428/7/34 432/7/34 427/7/34
f 432/7/34 428/7/34 431/7/34
f 431/7/34 428/7/34 433/7/34
f 427/7/33 432/7/33 428/7/33
f 431/7/33 428/7/33 432/7/33
f 433/7/33 428/7/33 431/7/33
f 430/8/126 431/7/119 433/7/126
f 431/7/119 430/8/126 429/8/119
f 433/7/125 431/7/120 430/8/125
f 429/8/120 430/8/125 431/7/120
f 436/9/127 435/9/128 434/9/128
f 435/9/128 436/9/127 437/9/127
f 434/9/129 435/9/129 436/9/130
f 437/9/130 436/9/130 435/9/129
f 440/10/134 439/11/130 438/10/134
f 439/11/130 440/10/134 441/11/130
f 438/10/133 439/11/127 440/10/133
f 441/11/127 440/10/133 439/11/127
f 438/10/134 442/12/132 440/10/134
f 442/12/132 438/10/134 443/12/132
f 440/10/133 442/12/131 438/10/133
f 443/12/131 438/10/133 442/12/131
f 444/12/133 437/9/127 436/9/127
f 437/9/127 444/12/133 445/12/133
f 436/9/130 437/9/130 444/12/134
f 445/12/134 444/12/134 437/9/130
f 441/11/130 446/11/129 439/11/130
f 446/11/129 441/11/130 447/11/129
f 439/11/127 446/11/128 441/11/127
f 447/11/128 441/11/127 446/11/128
f 445/12/114 435/9/114 437/9/114
f 435/9/114 445/12/114 442/12/114
f 442/12/114 445/12/114 448/10/114
f 442/12/114 448/10/114 440/10/114
f 440/10/114 448/10/114 447/11/114
f 440/10/114 447/11/114 441/11/114
f 437/9/113 435/9/113 445/12/113
f 442/12/113 445/12/113 435/9/113
f 448/10/113 445/12/113 442/12/113
f 440/10/113 448/10/113 442/12/113
f 447/11/113 448/10/113 440/10/113
f 441/11/113 447/11/113 440/10/113
f 443/12/113 436/9/113 434/9/113
f 436/9/113 443/12/113 444/12/113
f 444/12/113 443/12/113 438/10/113
f 444/12/113 438/10/113 449/10/113
f 449/10/113 438/10/113 439/11/113
f 449/10/113 439/11/113 446/11/113
f 434/9/114 436/9/114 443/12/114
f 444/12/114 443/12/114 436/9/114
f 438/10/114 443/12/114 444/12/114
f 449/10/114 438/10/114 444/12/114
f 439/11/114 438/10/114 449/10/114
f 446/11/114 439/11/114 449/10/114
f 444/12/133 448/10/131 445/12/133
f 448/10/131 444/12/133 449/10/131
f 445/12/134 448/10/132 444/12/134
f 449/10/132 444/12/134 448/10/132
f 447/11/129 449/10/131 446/11/129
f 449/10/131 447/11/129 448/10/131
f 446/11/128 449/10/132 447/11/128
f 448/10/132 447/11/128 449/10/132
f 434/9/128 442/12/132 443/12/132
f 442/12/132 434/9/128 435/9/128
f 443/12/131 442/12/131 434/9/129
f 435/9/129 434/9/129 442/12/131
f 451/6/33 313/6/33 450/6/33
f 313/6/33 451/6/33 452/6/33
f 313/6/33 452/6/33 315/6/33
f 450/6/34 313/6/34 451/6/34
f 452/6/34 451/6/34 313/6/34
f 315/6/34 452/6/34 313/6/34
f 311/7/122 315/6/122 316/7/122
f 315/6/122 311/7/122 313/6/122
f 316/7/121 315/6/121 311/7/121
f 313/6/121 311/7/121 315/6/121
f 315/6/114 453/7/119 316/7/114
f 453/7/119 315/6/114 452/6/119
f 316/7/113 453/7/120 315/6/113
f 452/6/120 315/6/113 453/7/120
f 450/6/120 311/7/120 454/7/120
f 311/7/120 450/6/120 313/6/120
f 454/7/119 311/7/119 450/6/119
f 313/6/119 450/6/119 311/7/119
f 450/6/121 455/7/121 451/6/121
f 455/7/121 450/6/121 454/7/121
f 451/6/122 455/7/122 450/6/122
f 454/7/122 450/6/122 455/7/122
f 452/6/119 455/7/110 453/7/119
f 455/7/110 452/6/119 451/6/110
f 453/7/120 455/7/108 452/6/120
f 451/6/108 452/6/120 455/7/108
f 458/8/120 457/7/120 456/7/120
f 457/7/120 458/8/120 179/8/120
f 456/7/119 457/7/119 458/8/119
f 179/8/119 458/8/119 457/7/119
f 459/8/33 179/8/33 458/8/33
f 179/8/33 459/8/33 460/8/33
f 179/8/33 460/8/33 335/8/33
f 458/8/34 179/8/34 459/8/34
f 460/8/34 459/8/34 179/8/34
f 335/8/34 460/8/34 179/8/34
f 460/8/119 462/7/124 461/7/119
f 462/7/124 460/8/119 459/8/124
f 461/7/120 462/7/123 460/8/120
f 459/8/123 460/8/120 462/7/123
f 458/8/121 462/7/121 459/8/121
f 462/7/121 458/8/121 456/7/121
f 459/8/122 462/7/122 458/8/122
f 456/7/122 458/8/122 462/7/122
f 457/7/122 335/8/122 463/7/122
f 335/8/122 457/7/122 179/8/122
f 463/7/121 335/8/121 457/7/121
f 179/8/121 457/7/121 335/8/121
f 457/7/34 462/7/34 456/7/34
f 462/7/34 457/7/34 461/7/34
f 461/7/34 457/7/34 463/7/34
f 456/7/33 462/7/33 457/7/33
f 461/7/33 457/7/33 462/7/33
f 463/7/33 457/7/33 461/7/33
f 335/8/126 461/7/119 463/7/126
f 461/7/119 335/8/126 460/8/119
f 463/7/125 461/7/120 335/8/125
f 460/8/120 335/8/125 461/7/120
f 466/9/127 465/9/128 464/9/128
f 465/9/128 466/9/127 467/9/127
f 464/9/129 465/9/129 466/9/130
f 467/9/130 466/9/130 465/9/129
f 470/10/134 469/11/130 468/10/134
f 469/11/130 470/10/134 471/11/130
f 468/10/133 469/11/127 470/10/133
f 471/11/127 470/10/133 469/11/127
f 468/10/134 472/12/132 470/10/134
f 472/12/132 468/10/134 473/12/132
f 470/10/133 472/12/131 468/10/133
f 473/12/131 468/10/133 472/12/131
f 474/12/133 467/9/127 466/9/127
f 467/9/127 474/12/133 475/12/133
f 466/9/130 467/9/130 474/12/134
f 475/12/134 474/12/134 467/9/130
f 471/11/130 476/11/129 469/11/130
f 476/11/129 471/11/130 477/11/129
f 469/11/127 476/11/128 471/11/127
f 477/11/128 471/11/127 476/11/128
f 475/12/114 465/9/114 467/9/114
f 465/9/114 475/12/114 472/12/114
f 472/12/114 475/12/114 478/10/114
f 472/12/114 478/10/114 470/10/114
f 470/10/114 478/10/114 477/11/114
f 470/10/114 477/11/114 471/11/114
f 467/9/113 465/9/113 475/12/113
f 472/12/113 475/12/113 465/9/113
f 478/10/113 475/12/113 472/12/113
f 470/10/113 478/10/113 472/12/113
f 477/11/113 478/10/113 470/10/113
f 471/11/113 477/11/113 470/10/113
f 473/12/113 466/9/113 464/9/113
f 466/9/113 473/12/113 474/12/113
f 474/12/113 473/12/113 468/10/113
f 474/12/113 468/10/113 479/10/113
f 479/10/113 468/10/113 469/11/113
f 479/10/113 469/11/113 476/11/113
f 464/9/114 466/9/114 473/12/114
f 474/12/114 473/12/114 466/9/114
f 468/10/114 473/12/114 474/12/114
f 479/10/114 468/10/114 474/12/114
f 469/11/114 468/10/114 479/10/114
f 476/11/114 469/11/114 479/10/114
f 474/12/133 478/10/131 475/12/133
f 478/10/131 474/12/133 479/10/131
f 475/12/134 478/10/132 474/12/134
f 479/10/132 474/12/134 478/10/132
f 477/11/129 479/10/131 476/11/129
f 479/10/131 477/11/129 478/10/131
f 476/11/128 479/10/132 477/11/128
f 478/10/132 477/11/128 479/10/132
f 464/9/128 472/12/132 473/12/132
f 472/12/132 464/9/128 465/9/128
f 473/12/131 472/12/131 464/9/129
f 465/9/129 464/9/129 472/12/131
f 482/26/109 481/25/167 480/25/109
f 481/25/167 482/26/109 483/26/167
f 480/25/107 481/25/168 482/26/107
f 483/26/168 482/26/107 481/25/168
f 486/26/169 485/25/107 484/25/169
f 485/25/107 486/26/169 487/26/107
f 484/25/170 485/25/109 486/26/170
f 487/26/109 486/26/170 485/25/109
f 489/26/170 480/25/109 488/25/170
f 480/25/109 489/26/170 482/26/109
f 488/25/169 480/25/107 489/26/169
f 482/26/107 489/26/169 480/25/107
f 489/26/171 491/25/112 490/26/112
f 491/25/112 489/26/171 488/25/171
f 490/26/111 491/25/111 489/26/172
f 488/25/172 489/26/172 491/25/111
f 492/26/33 489/26/33 490/26/33
f 489/26/33 492/26/33 487/26/33
f 489/26/33 487/26/33 482/26/33
f 482/26/33 487/26/33 486/26/33
f 482/26/33 486/26/33 483/26/33
f 483/26/33 486/26/33 493/26/33
f 490/26/34 489/26/34 492/26/34
f 487/26/34 492/26/34 489/26/34
f 482/26/34 487/26/34 489/26/34
f 486/26/34 487/26/34 482/26/34
f 483/26/34 486/26/34 482/26/34
f 493/26/34 486/26/34 483/26/34
f 494/25/111 486/26/172 484/25/172
f 486/26/172 494/25/111 493/26/111
f 484/25/171 486/26/171 494/25/112
f 493/26/112 494/25/112 486/26/171
f 481/25/173 493/26/111 494/25/111
f 493/26/111 481/25/173 483/26/173
f 494/25/112 493/26/112 481/25/174
f 483/26/174 481/25/174 493/26/112
f 490/26/112 495/25/174 492/26/174
f 495/25/174 490/26/112 491/25/112
f 492/26/173 495/25/173 490/26/111
f 491/25/111 490/26/111 495/25/173
f 487/26/107 495/25/168 485/25/107
f 495/25/168 487/26/107 492/26/168
f 485/25/109 495/25/167 487/26/109
f 492/26/167 487/26/109 495/25/167
f 498/26/112 497/25/174 496/26/174
f 497/25/174 498/26/112 499/25/112
f 496/26/173 497/25/173 498/26/111
f 499/25/111 498/26/111 497/25/173
f 502/26/109 501/25/167 500/25/109
f 501/25/167 502/26/109 503/26/167
f 500/25/107 501/25/168 502/26/107
f 503/26/168 502/26/107 501/25/168
f 505/26/170 500/25/109 504/25/170
f 500/25/109 505/26/170 502/26/109
f 504/25/169 500/25/107 505/26/169
f 502/26/107 505/26/169 500/25/107
f 507/26/107 497/25/168 506/25/107
f 497/25/168 507/26/107 496/26/168
f 506/25/109 497/25/167 507/26/109
f 496/26/167 507/26/109 497/25/167
f 509/26/169 506/25/107 508/25/169
f 506/25/107 509/26/169 507/26/107
f 508/25/170 506/25/109 509/26/170
f 507/26/109 509/26/170 506/25/109
f 510/25/111 509/26/172 508/25/172
f 509/26/172 510/25/111 511/26/111
f 508/25/171 509/26/171 510/25/112
f 511/26/112 510/25/112 509/26/171
f 501/25/173 511/26/111 510/25/111
f 511/26/111 501/25/173 503/26/173
f 510/25/112 511/26/112 501/25/174
f 503/26/174 501/25/174 511/26/112
f 496/26/33 505/26/33 498/26/33
f 505/26/33 496/26/33 502/26/33
f 502/26/33 496/26/33 507/26/33
f 502/26/33 507/26/33 503/26/33
f 503/26/33 507/26/33 509/26/33
f 503/26/33 509/26/33 511/26/33
f 498/26/34 505/26/34 496/26/34
f 502/26/34 496/26/34 505/26/34
f 507/26/34 496/26/34 502/26/34
f 503/26/34 507/26/34 502/26/34
f 509/26/34 507/26/34 503/26/34
f 511/26/34 509/26/34 503/26/34
f 504/25/34 497/25/34 499/25/34
f 497/25/34 504/25/34 500/25/34
f 497/25/34 500/25/34 506/25/34
f 506/25/34 500/25/34 501/25/34
f 506/25/34 501/25/34 508/25/34
f 508/25/34 501/25/34 510/25/34
f 499/25/33 497/25/33 504/25/33
f 500/25/33 504/25/33 497/25/33
f 506/25/33 500/25/33 497/25/33
f 501/25/33 500/25/33 506/25/33
f 508/25/33 501/25/33 506/25/33
f 510/25/33 501/25/33 508/25/33
f 505/26/171 499/25/112 498/26/112
f 499/25/112 505/26/171 504/25/171
f 498/26/111 499/25/111 505/26/172
f 504/25/172 505/26/172 499/25/111
f 514/28/175 513/27/176 512/27/175
f 513/27/176 514/28/175 515/28/176
f 512/27/177 513/27/178 514/28/177
f 515/28/178 514/28/177 513/27/178
f 517/28/179 512/27/175 516/27/179
f 512/27/175 517/28/179 514/28/175
f 516/27/180 512/27/177 517/28/180
f 514/28/177 517/28/180 512/27/177
f 520/27/181 519/28/182 518/28/181
f 519/28/182 520/27/181 521/27/182
f 518/28/183 519/28/184 520/27/183
f 521/27/184 520/27/183 519/28/184
f 524/27/185 523/28/186 522/28/185
f 523/28/186 524/27/185 525/27/186
f 522/28/187 523/28/188 524/27/187
f 525/27/188 524/27/187 523/28/188
f 526/27/190 519/28/189 521/27/189
f 519/28/189 526/27/190 527/28/190
f 521/27/192 519/28/192 526/27/191
f 527/28/191 526/27/191 519/28/192
f 524/27/193 527/28/190 526/27/190
f 527/28/190 524/27/193 522/28/193
f 526/27/191 527/28/191 524/27/194
f 522/28/194 524/27/194 527/28/191
f 516/27/195 518/28/181 517/28/195
f 518/28/181 516/27/195 520/27/181
f 517/28/196 518/28/183 516/27/196
f 520/27/183 516/27/196 518/28/183
f 525/27/186 515/28/197 523/28/186
f 515/28/197 525/27/186 513/27/197
f 523/28/188 515/28/198 525/27/188
f 513/27/198 525/27/188 515/28/198
f 530/26/120 529/25/168 528/25/120
f 529/25/168 530/26/120 531/26/168
f 528/25/119 529/25/167 530/26/119
f 531/26/167 530/26/119 529/25/167
f 534/26/170 533/25/119 532/25/170
f 533/25/119 534/26/170 535/26/119
f 532/25/169 533/25/120 534/26/169
f 535/26/120 534/26/169 533/25/120
f 537/26/169 528/25/120 536/25/169
f 528/25/120 537/26/169 530/26/120
f 536/25/170 528/25/119 537/26/170
f 530/26/119 537/26/170 528/25/119
f 537/26/172 539/25/121 538/26/121
f 539/25/121 537/26/172 536/25/172
f 538/26/122 539/25/122 537/26/171
f 536/25/171 537/26/171 539/25/122
f 540/26/33 537/26/33 538/26/33
f 537/26/33 540/26/33 535/26/33
f 537/26/33 535/26/33 530/26/33
f 530/26/33 535/26/33 534/26/33
f 530/26/33 534/26/33 531/26/33
f 531/26/33 534/26/33 541/26/33
f 538/26/34 537/26/34 540/26/34
f 535/26/34 540/26/34 537/26/34
f 530/26/34 535/26/34 537/26/34
f 534/26/34 535/26/34 530/26/34
f 531/26/34 534/26/34 530/26/34
f 541/26/34 534/26/34 531/26/34
f 542/25/122 534/26/171 532/25/171
f 534/26/171 542/25/122 541/26/122
f 532/25/172 534/26/172 542/25/121
f 541/26/121 542/25/121 534/26/172
f 529/25/174 541/26/122 542/25/122
f 541/26/122 529/25/174 531/26/174
f 542/25/121 541/26/121 529/25/173
f 531/26/173 529/25/173 541/26/121
f 538/26/121 543/25/173 540/26/173
f 543/25/173 538/26/121 539/25/121
f 540/26/174 543/25/174 538/26/122
f 539/25/122 538/26/122 543/25/174
f 535/26/119 543/25/167 533/25/119
f 543/25/167 535/26/119 540/26/167
f 533/25/120 543/25/168 535/26/120
f 540/26/168 535/26/120 543/25/168
f 546/26/121 545/25/173 544/26/173
f 545/25/173 546/26/121 547/25/121
f 544/26/174 545/25/174 546/26/122
f 547/25/122 546/26/122 545/25/174
f 550/26/120 549/25/168 548/25/120
f 549/25/168 550/26/120 551/26/168
f 548/25/119 549/25/167 550/26/119
f 551/26/167 550/26/119 549/25/167
f 553/26/169 548/25/120 552/25/169
f 548/25/120 553/26/169 550/26/120
f 552/25/170 548/25/119 553/26/170
f 550/26/119 553/26/170 548/25/119
f 555/26/119 545/25/167 554/25/119
f 545/25/167 555/26/119 544/26/167
f 554/25/120 545/25/168 555/26/120
f 544/26/168 555/26/120 545/25/168
f 557/26/170 554/25/119 556/25/170
f 554/25/119 557/26/170 555/26/119
f 556/25/169 554/25/120 557/26/169
f 555/26/120 557/26/169 554/25/120
f 558/25/122 557/26/171 556/25/171
f 557/26/171 558/25/122 559/26/122
f 556/25/172 557/26/172 558/25/121
f 559/26/121 558/25/121 557/26/172
f 549/25/174 559/26/122 558/25/122
f 559/26/122 549/25/174 551/26/174
f 558/25/121 559/26/121 549/25/173
f 551/26/173 549/25/173 559/26/121
f 544/26/33 553/26/33 546/26/33
f 553/26/33 544/26/33 550/26/33
f 550/26/33 544/26/33 555/26/33
f 550/26/33 555/26/33 551/26/33
f 551/26/33 555/26/33 557/26/33
f 551/26/33 557/26/33 559/26/33
f 546/26/34 553/26/34 544/26/34
f 550/26/34 544/26/34 553/26/34
f 555/26/34 544/26/34 550/26/34
f 551/26/34 555/26/34 550/26/34
f 557/26/34 555/26/34 551/26/34
f 559/26/34 557/26/34 551/26/34
f 552/25/34 545/25/34 547/25/34
f 545/25/34 552/25/34 548/25/34
f 545/25/34 548/25/34 554/25/34
f 554/25/34 548/25/34 549/25/34
f 554/25/34 549/25/34 556/25/34
f 556/25/34 549/25/34 558/25/34
f 547/25/33 545/25/33 552/25/33
f 548/25/33 552/25/33 545/25/33
f 554/25/33 548/25/33 545/25/33
f 549/25/33 548/25/33 554/25/33
f 556/25/33 549/25/33 554/25/33
f 558/25/33 549/25/33 556/25/33
f 553/26/172 547/25/121 546/26/121
f 547/25/121 553/26/172 552/25/172
f 546/26/122 547/25/122 553/26/171
f 552/25/171 553/26/171 547/25/122
f 562/28/199 561/27/189 560/27/199
f 561/27/189 562/28/199 563/28/189
f 560/27/200 561/27/192 562/28/200
f 563/28/192 562/28/200 561/27/192
f 565/28/193 560/27/199 564/27/193
f 560/27/199 565/28/193 562/28/199
f 564/27/194 560/27/200 565/28/194
f 562/28/200 565/28/194 560/27/200
f 568/27/201 567/28/197 566/28/201
f 567/28/197 568/27/201 569/27/197
f 566/28/202 567/28/198 568/27/202
f 569/27/198 568/27/202 567/28/198
f 572/27/195 571/28/203 570/28/195
f 571/28/203 572/27/195 573/27/203
f 570/28/196 571/28/204 572/27/196
f 573/27/204 572/27/196 571/28/204
f 574/27/205 567/28/176 569/27/176
f 567/28/176 574/27/205 575/28/205
f 569/27/178 567/28/178 574/27/206
f 575/28/206 574/27/206 567/28/178
f 572/27/179 575/28/205 574/27/205
f 575/28/205 572/27/179 570/28/179
f 574/27/206 575/28/206 572/27/180
f 570/28/180 572/27/180 575/28/206
f 564/27/185 566/28/201 565/28/185
f 566/28/201 564/27/185 568/27/201
f 565/28/187 566/28/202 564/27/187
f 568/27/202 564/27/187 566/28/202
f 573/27/203 563/28/182 571/28/203
f 563/28/182 573/27/203 561/27/182
f 571/28/204 563/28/184 573/27/204
f 561/27/184 573/27/204 563/28/184

g corridor-wide




usemtl colormap

f 3/1/3 2/1/2 1/1/1
f 2/1/2 3/1/3 4/1/4
f 1/1/7 2/1/6 3/1/5
f 4/1/8 3/1/5 2/1/6
f 7/3/11 6/2/10 5/2/9
f 6/2/10 7/3/11 8/3/12
f 5/2/15 6/2/14 7/3/13
f 8/3/16 7/3/13 6/2/14
f 4/1/4 10/2/18 9/2/17
f 10/2/18 4/1/4 3/1/3
f 9/2/20 10/2/19 4/1/8
f 3/1/5 4/1/8 10/2/19
f 3/1/3 11/2/21 10/2/18
f 11/2/21 3/1/3 1/1/1
f 10/2/19 11/2/22 3/1/5
f 1/1/7 3/1/5 11/2/22
f 8/3/12 12/2/23 6/2/10
f 12/2/23 8/3/12 13/3/24
f 6/2/14 12/2/25 8/3/16
f 13/3/26 8/3/16 12/2/25
f 14/2/27 7/3/11 5/2/9
f 7/3/11 14/2/27 15/3/28
f 5/2/15 7/3/13 14/2/29
f 15/3/30 14/2/29 7/3/13
f 16/2/31 4/1/4 9/2/17
f 4/1/4 16/2/31 2/1/2
f 9/2/20 4/1/8 16/2/32
f 2/1/6 16/2/32 4/1/8
f 1/1/1 16/2/31 11/2/21
f 16/2/31 1/1/1 2/1/2
f 11/2/22 16/2/32 1/1/7
f 2/1/6 1/1/7 16/2/32
f 7/3/11 13/3/24 8/3/12
f 13/3/24 7/3/11 15/3/28
f 8/3/16 13/3/26 7/3/13
f 15/3/30 7/3/13 13/3/26
f 13/3/24 14/2/27 12/2/23
f 14/2/27 13/3/24 15/3/28
f 12/2/25 14/2/29 13/3/26
f 15/3/30 13/3/26 14/2/29
f 19/2/33 18/2/33 17/2/33
f 18/2/33 19/2/33 20/2/33
f 17/2/34 18/2/34 19/2/34
f 20/2/34 19/2/34 18/2/34
f 22/2/33 17/2/33 21/2/33
f 17/2/33 22/2/33 19/2/33
f 21/2/34 17/2/34 22/2/34
f 19/2/34 22/2/34 17/2/34
f 23/2/33 20/2/33 19/2/33
f 20/2/33 23/2/33 24/2/33
f 19/2/34 20/2/34 23/2/34
f 24/2/34 23/2/34 20/2/34
f 25/2/33 19/2/33 22/2/33
f 19/2/33 25/2/33 23/2/33
f 22/2/34 19/2/34 25/2/34
f 23/2/34 25/2/34 19/2/34
f 28/2/36 27/1/4 26/2/35
f 27/1/4 28/2/36 29/1/2
f 26/2/38 27/1/8 28/2/37
f 29/1/6 28/2/37 27/1/8
f 31/1/1 28/2/36 30/2/39
f 28/2/36 31/1/1 29/1/2
f 30/2/40 28/2/37 31/1/7
f 29/1/6 31/1/7 28/2/37
f 34/3/24 33/2/27 32/2/23
f 33/2/27 34/3/24 35/3/28
f 32/2/25 33/2/29 34/3/26
f 35/3/30 34/3/26 33/2/29
f 33/2/27 37/3/11 36/2/9
f 37/3/11 33/2/27 35/3/28
f 36/2/15 37/3/13 33/2/29
f 35/3/30 33/2/29 37/3/13
f 40/2/43 39/3/42 38/2/41
f 39/3/42 40/2/43 41/3/44
f 38/2/47 39/3/46 40/2/45
f 41/3/48 40/2/45 39/3/46
f 39/3/42 43/3/50 42/3/49
f 43/3/50 39/3/42 41/3/44
f 42/3/52 43/3/51 39/3/46
f 41/3/48 39/3/46 43/3/51
f 43/3/50 40/2/43 44/2/53
f 40/2/43 43/3/50 41/3/44
f 44/2/54 40/2/45 43/3/51
f 41/3/48 43/3/51 40/2/45
f 39/3/42 45/2/55 38/2/41
f 45/2/55 39/3/42 42/3/49
f 38/2/47 45/2/56 39/3/46
f 42/3/52 39/3/46 45/2/56
f 42/3/49 44/2/53 45/2/55
f 44/2/53 42/3/49 43/3/50
f 45/2/56 44/2/54 42/3/52
f 43/3/51 42/3/52 44/2/54
f 47/3/12 32/2/23 46/2/10
f 32/2/23 47/3/12 34/3/24
f 46/2/14 32/2/25 47/3/16
f 34/3/26 47/3/16 32/2/25
f 27/1/4 48/2/57 26/2/35
f 48/2/57 27/1/4 49/1/3
f 26/2/38 48/2/58 27/1/8
f 49/1/5 27/1/8 48/2/58
f 37/3/11 46/2/10 36/2/9
f 46/2/10 37/3/11 47/3/12
f 36/2/15 46/2/14 37/3/13
f 47/3/16 37/3/13 46/2/14
f 37/3/11 34/3/24 47/3/12
f 34/3/24 37/3/11 35/3/28
f 47/3/16 34/3/26 37/3/13
f 35/3/30 37/3/13 34/3/26
f 52/1/61 51/1/60 50/1/59
f 51/1/60 52/1/61 53/1/62
f 50/1/65 51/1/64 52/1/63
f 53/1/66 52/1/63 51/1/64
f 49/1/3 29/1/2 31/1/1
f 29/1/2 49/1/3 27/1/4
f 31/1/7 29/1/6 49/1/5
f 27/1/8 49/1/5 29/1/6
f 54/2/67 53/1/62 52/1/61
f 53/1/62 54/2/67 55/2/68
f 52/1/63 53/1/66 54/2/69
f 55/2/70 54/2/69 53/1/66
f 58/2/73 57/1/72 56/2/71
f 57/1/72 58/2/73 59/1/74
f 56/2/77 57/1/76 58/2/75
f 59/1/78 58/2/75 57/1/76
f 54/2/67 50/1/59 60/2/79
f 50/1/59 54/2/67 52/1/61
f 60/2/80 50/1/65 54/2/69
f 52/1/63 54/2/69 50/1/65
f 53/1/62 61/2/81 51/1/60
f 61/2/81 53/1/62 55/2/68
f 51/1/64 61/2/82 53/1/66
f 55/2/70 53/1/66 61/2/82
f 64/1/85 63/2/84 62/2/83
f 63/2/84 64/1/85 65/1/86
f 62/2/89 63/2/88 64/1/87
f 65/1/90 64/1/87 63/2/88
f 50/1/59 61/2/81 60/2/79
f 61/2/81 50/1/59 51/1/60
f 60/2/80 61/2/82 50/1/65
f 51/1/64 50/1/65 61/2/82
f 56/2/71 64/1/85 62/2/83
f 64/1/85 56/2/71 57/1/72
f 62/2/89 64/1/87 56/2/77
f 57/1/76 56/2/77 64/1/87
f 59/1/74 63/2/84 65/1/86
f 63/2/84 59/1/74 58/2/73
f 65/1/90 63/2/88 59/1/78
f 58/2/75 59/1/78 63/2/88
f 57/1/72 65/1/86 64/1/85
f 65/1/86 57/1/72 59/1/74
f 64/1/87 65/1/90 57/1/76
f 59/1/78 57/1/76 65/1/90
f 49/1/3 30/2/39 48/2/57
f 30/2/39 49/1/3 31/1/1
f 48/2/58 30/2/40 49/1/5
f 31/1/7 49/1/5 30/2/40
f 68/2/57 67/1/1 66/2/39
f 67/1/1 68/2/57 69/1/3
f 66/2/40 67/1/7 68/2/58
f 69/1/5 68/2/58 67/1/7
f 71/1/4 68/2/57 70/2/35
f 68/2/57 71/1/4 69/1/3
f 70/2/38 68/2/58 71/1/8
f 69/1/5 71/1/8 68/2/58
f 74/3/11 73/2/10 72/2/9
f 73/2/10 74/3/11 75/3/12
f 72/2/15 73/2/14 74/3/13
f 75/3/16 74/3/13 73/2/14
f 73/2/10 77/3/24 76/2/23
f 77/3/24 73/2/10 75/3/12
f 76/2/25 77/3/26 73/2/14
f 75/3/16 73/2/14 77/3/26
f 80/2/55 79/3/50 78/2/53
f 79/3/50 80/2/55 81/3/49
f 78/2/54 79/3/51 80/2/56
f 81/3/52 80/2/56 79/3/51
f 79/3/50 83/3/42 82/3/44
f 83/3/42 79/3/50 81/3/49
f 82/3/48 83/3/46 79/3/51
f 81/3/52 79/3/51 83/3/46
f 83/3/42 80/2/55 84/2/41
f 80/2/55 83/3/42 81/3/49
f 84/2/47 80/2/56 83/3/46
f 81/3/52 83/3/46 80/2/56
f 79/3/50 85/2/43 78/2/53
f 85/2/43 79/3/50 82/3/44
f 78/2/54 85/2/45 79/3/51
f 82/3/48 79/3/51 85/2/45
f 82/3/44 84/2/41 85/2/43
f 84/2/41 82/3/44 83/3/42
f 85/2/45 84/2/47 82/3/48
f 83/3/46 82/3/48 84/2/47
f 87/3/28 72/2/9 86/2/27
f 72/2/9 87/3/28 74/3/11
f 86/2/29 72/2/15 87/3/30
f 74/3/13 87/3/30 72/2/15
f 67/1/1 88/2/36 66/2/39
f 88/2/36 67/1/1 89/1/2
f 66/2/40 88/2/37 67/1/7
f 89/1/6 67/1/7 88/2/37
f 77/3/24 86/2/27 76/2/23
f 86/2/27 77/3/24 87/3/28
f 76/2/25 86/2/29 77/3/26
f 87/3/30 77/3/26 86/2/29
f 77/3/24 74/3/11 87/3/28
f 74/3/11 77/3/24 75/3/12
f 87/3/30 74/3/13 77/3/26
f 75/3/16 77/3/26 74/3/13
f 92/1/93 91/1/92 90/1/91
f 91/1/92 92/1/93 93/1/94
f 90/1/97 91/1/96 92/1/95
f 93/1/98 92/1/95 91/1/96
f 89/1/2 69/1/3 71/1/4
f 69/1/3 89/1/2 67/1/1
f 71/1/8 69/1/5 89/1/6
f 67/1/7 89/1/6 69/1/5
f 94/2/99 93/1/94 92/1/93
f 93/1/94 94/2/99 95/2/100
f 92/1/95 93/1/98 94/2/101
f 95/2/102 94/2/101 93/1/98
f 98/2/83 97/1/86 96/2/84
f 97/1/86 98/2/83 99/1/85
f 96/2/88 97/1/90 98/2/89
f 99/1/87 98/2/89 97/1/90
f 94/2/99 90/1/91 100/2/103
f 90/1/91 94/2/99 92/1/93
f 100/2/104 90/1/97 94/2/101
f 92/1/95 94/2/101 90/1/97
f 93/1/94 101/2/105 91/1/92
f 101/2/105 93/1/94 95/2/100
f 91/1/96 101/2/106 93/1/98
f 95/2/102 93/1/98 101/2/106
f 104/1/74 103/2/71 102/2/73
f 103/2/71 104/1/74 105/1/72
f 102/2/75 103/2/77 104/1/78
f 105/1/76 104/1/78 103/2/77
f 90/1/91 101/2/105 100/2/103
f 101/2/105 90/1/91 91/1/92
f 100/2/104 101/2/106 90/1/97
f 91/1/96 90/1/97 101/2/106
f 96/2/84 104/1/74 102/2/73
f 104/1/74 96/2/84 97/1/86
f 102/2/75 104/1/78 96/2/88
f 97/1/90 96/2/88 104/1/78
f 99/1/85 103/2/71 105/1/72
f 103/2/71 99/1/85 98/2/83
f 105/1/76 103/2/77 99/1/87
f 98/2/89 99/1/87 103/2/77
f 97/1/86 105/1/72 104/1/74
f 105/1/72 97/1/86 99/1/85
f 104/1/78 105/1/76 97/1/90
f 99/1/87 97/1/90 105/1/76
f 89/1/2 70/2/35 88/2/36
f 70/2/35 89/1/2 71/1/4
f 88/2/37 70/2/38 89/1/6
f 71/1/8 89/1/6 70/2/38
f 108/1/3 107/1/2 106/1/1
f 107/1/2 108/1/3 109/1/4
f 106/1/7 107/1/6 108/1/5
f 109/1/8 108/1/5 107/1/6
f 112/3/11 111/2/10 110/2/9
f 111/2/10 112/3/11 113/3/12
f 110/2/15 111/2/14 112/3/13
f 113/3/16 112/3/13 111/2/14
f 109/1/4 115/2/18 114/2/17
f 115/2/18 109/1/4 108/1/3
f 114/2/20 115/2/19 109/1/8
f 108/1/5 109/1/8 115/2/19
f 108/1/3 116/2/21 115/2/18
f 116/2/21 108/1/3 106/1/1
f 115/2/19 116/2/22 108/1/5
f 106/1/7 108/1/5 116/2/22
f 113/3/12 117/2/23 111/2/10
f 117/2/23 113/3/12 118/3/24
f 111/2/14 117/2/25 113/3/16
f 118/3/26 113/3/16 117/2/25
f 119/2/27 112/3/11 110/2/9
f 112/3/11 119/2/27 120/3/28
f 110/2/15 112/3/13 119/2/29
f 120/3/30 119/2/29 112/3/13
f 121/2/31 109/1/4 114/2/17
f 109/1/4 121/2/31 107/1/2
f 114/2/20 109/1/8 121/2/32
f 107/1/6 121/2/32 109/1/8
f 106/1/1 121/2/31 116/2/21
f 121/2/31 106/1/1 107/1/2
f 116/2/22 121/2/32 106/1/7
f 107/1/6 106/1/7 121/2/32
f 112/3/11 118/3/24 113/3/12
f 118/3/24 112/3/11 120/3/28
f 113/3/16 118/3/26 112/3/13
f 120/3/30 112/3/13 118/3/26
f 118/3/24 119/2/27 117/2/23
f 119/2/27 118/3/24 120/3/28
f 117/2/25 119/2/29 118/3/26
f 120/3/30 118/3/26 119/2/29
f 124/1/2 123/1/3 122/1/4
f 123/1/3 124/1/2 125/1/1
f 122/1/8 123/1/5 124/1/6
f 125/1/7 124/1/6 123/1/5
f 128/3/24 127/2/27 126/2/23
f 127/2/27 128/3/24 129/3/28
f 126/2/25 127/2/29 128/3/26
f 129/3/30 128/3/26 127/2/29
f 125/1/1 131/2/31 130/2/21
f 131/2/31 125/1/1 124/1/2
f 130/2/22 131/2/32 125/1/7
f 124/1/6 125/1/7 131/2/32
f 124/1/2 132/2/17 131/2/31
f 132/2/17 124/1/2 122/1/4
f 131/2/32 132/2/20 124/1/6
f 122/1/8 124/1/6 132/2/20
f 129/3/28 133/2/9 127/2/27
f 133/2/9 129/3/28 134/3/11
f 127/2/29 133/2/15 129/3/30
f 134/3/13 129/3/30 133/2/15
f 135/2/10 128/3/24 126/2/23
f 128/3/24 135/2/10 136/3/12
f 126/2/25 128/3/26 135/2/14
f 136/3/16 135/2/14 128/3/26
f 137/2/18 125/1/1 130/2/21
f 125/1/1 137/2/18 123/1/3
f 130/2/22 125/1/7 137/2/19
f 123/1/5 137/2/19 125/1/7
f 122/1/4 137/2/18 132/2/17
f 137/2/18 122/1/4 123/1/3
f 132/2/20 137/2/19 122/1/8
f 123/1/5 122/1/8 137/2/19
f 128/3/24 134/3/11 129/3/28
f 134/3/11 128/3/24 136/3/12
f 129/3/30 134/3/13 128/3/26
f 136/3/16 128/3/26 134/3/13
f 134/3/11 135/2/10 133/2/9
f 135/2/10 134/3/11 136/3/12
f 133/2/15 135/2/14 134/3/13
f 136/3/16 134/3/13 135/2/14
f 140/1/2 139/1/3 138/1/4
f 139/1/3 140/1/2 141/1/1
f 138/1/8 139/1/5 140/1/6
f 141/1/7 140/1/6 139/1/5
f 144/3/24 143/2/27 142/2/23
f 143/2/27 144/3/24 145/3/28
f 142/2/25 143/2/29 144/3/26
f 145/3/30 144/3/26 143/2/29
f 141/1/1 147/2/31 146/2/21
f 147/2/31 141/1/1 140/1/2
f 146/2/22 147/2/32 141/1/7
f 140/1/6 141/1/7 147/2/32
f 140/1/2 148/2/17 147/2/31
f 148/2/17 140/1/2 138/1/4
f 147/2/32 148/2/20 140/1/6
f 138/1/8 140/1/6 148/2/20
f 145/3/28 149/2/9 143/2/27
f 149/2/9 145/3/28 150/3/11
f 143/2/29 149/2/15 145/3/30
f 150/3/13 145/3/30 149/2/15
f 151/2/10 144/3/24 142/2/23
f 144/3/24 151/2/10 152/3/12
f 142/2/25 144/3/26 151/2/14
f 152/3/16 151/2/14 144/3/26
f 153/2/18 141/1/1 146/2/21
f 141/1/1 153/2/18 139/1/3
f 146/2/22 141/1/7 153/2/19
f 139/1/5 153/2/19 141/1/7
f 138/1/4 153/2/18 148/2/17
f 153/2/18 138/1/4 139/1/3
f 148/2/20 153/2/19 138/1/8
f 139/1/5 138/1/8 153/2/19
f 144/3/24 150/3/11 145/3/28
f 150/3/11 144/3/24 152/3/12
f 145/3/30 150/3/13 144/3/26
f 152/3/16 144/3/26 150/3/13
f 150/3/11 151/2/10 149/2/9
f 151/2/10 150/3/11 152/3/12
f 149/2/15 151/2/14 150/3/13
f 152/3/16 150/3/13 151/2/14
f 156/5/107 155/4/108 154/4/107
f 155/4/108 156/5/107 157/5/108
f 154/4/109 155/4/110 156/5/109
f 157/5/110 156/5/109 155/4/110
f 157/5/33 159/5/33 158/5/33
f 159/5/33 157/5/33 156/5/33
f 159/5/33 156/5/33 160/5/33
f 158/5/34 159/5/34 157/5/34
f 156/5/34 157/5/34 159/5/34
f 160/5/34 156/5/34 159/5/34
f 162/4/111 160/5/111 161/4/111
f 160/5/111 162/4/111 159/5/111
f 161/4/112 160/5/112 162/4/112
f 159/5/112 162/4/112 160/5/112
f 158/5/109 162/4/109 163/4/109
f 162/4/109 158/5/109 159/5/109
f 163/4/107 162/4/107 158/5/107
f 159/5/107 158/5/107 162/4/107
f 158/5/112 155/4/112 157/5/112
f 155/4/112 158/5/112 163/4/112
f 157/5/111 155/4/111 158/5/111
f 163/4/111 158/5/111 155/4/111
f 160/5/113 154/4/107 161/4/113
f 154/4/107 160/5/113 156/5/107
f 161/4/114 154/4/109 160/5/114
f 156/5/109 160/5/114 154/4/109
f 157/5/115 164/4/107 155/4/115
f 164/4/107 157/5/115 165/5/107
f 155/4/116 164/4/109 157/5/116
f 165/5/109 157/5/116 164/4/109
f 168/5/33 167/5/33 166/5/33
f 167/5/33 168/5/33 165/5/33
f 167/5/33 165/5/33 157/5/33
f 166/5/34 167/5/34 168/5/34
f 165/5/34 168/5/34 167/5/34
f 157/5/34 165/5/34 167/5/34
f 166/5/109 170/4/109 169/4/109
f 170/4/109 166/5/109 167/5/109
f 169/4/107 170/4/107 166/5/107
f 167/5/107 166/5/107 170/4/107
f 165/5/107 171/4/117 164/4/107
f 171/4/117 165/5/107 168/5/117
f 164/4/109 171/4/118 165/5/109
f 168/5/118 165/5/109 171/4/118
f 166/5/112 171/4/112 168/5/112
f 171/4/112 166/5/112 169/4/112
f 168/5/111 171/4/111 166/5/111
f 169/4/111 166/5/111 171/4/111
f 170/4/111 157/5/111 155/4/111
f 157/5/111 170/4/111 167/5/111
f 155/4/112 157/5/112 170/4/112
f 167/5/112 170/4/112 157/5/112
f 174/5/116 173/4/119 172/4/116
f 173/4/119 174/5/116 175/5/119
f 172/4/115 173/4/120 174/5/115
f 175/5/120 174/5/115 173/4/120
f 178/5/33 177/5/33 176/5/33
f 177/5/33 178/5/33 175/5/33
f 177/5/33 175/5/33 174/5/33
f 176/5/34 177/5/34 178/5/34
f 175/5/34 178/5/34 177/5/34
f 174/5/34 175/5/34 177/5/34
f 176/5/120 180/4/120 179/4/120
f 180/4/120 176/5/120 177/5/120
f 179/4/119 180/4/119 176/5/119
f 177/5/119 176/5/119 180/4/119
f 175/5/119 181/4/118 173/4/119
f 181/4/118 175/5/119 178/5/118
f 173/4/120 181/4/117 175/5/120
f 178/5/117 175/5/120 181/4/117
f 176/5/121 181/4/121 178/5/121
f 181/4/121 176/5/121 179/4/121
f 178/5/122 181/4/122 176/5/122
f 179/4/122 176/5/122 181/4/122
f 180/4/122 174/5/122 172/4/122
f 174/5/122 180/4/122 177/5/122
f 172/4/121 174/5/121 180/4/121
f 177/5/121 180/4/121 174/5/121
f 184/5/107 183/4/108 182/4/107
f 183/4/108 184/5/107 185/5/108
f 182/4/109 183/4/110 184/5/109
f 185/5/110 184/5/109 183/4/110
f 185/5/33 166/5/33 186/5/33
f 166/5/33 185/5/33 184/5/33
f 166/5/33 184/5/33 168/5/33
f 186/5/34 166/5/34 185/5/34
f 184/5/34 185/5/34 166/5/34
f 168/5/34 184/5/34 166/5/34
f 169/4/111 168/5/111 171/4/111
f 168/5/111 169/4/111 166/5/111
f 171/4/112 168/5/112 169/4/112
f 166/5/112 169/4/112 168/5/112
f 186/5/109 169/4/109 187/4/109
f 169/4/109 186/5/109 166/5/109
f 187/4/107 169/4/107 186/5/107
f 166/5/107 186/5/107 169/4/107
f 186/5/112 183/4/112 185/5/112
f 183/4/112 186/5/112 187/4/112
f 185/5/111 183/4/111 186/5/111
f 187/4/111 186/5/111 183/4/111
f 168/5/113 182/4/107 171/4/113
f 182/4/107 168/5/113 184/5/107
f 171/4/114 182/4/109 168/5/114
f 184/5/109 168/5/114 182/4/109
f 189/5/119 172/4/110 188/4/119
f 172/4/110 189/5/119 174/5/110
f 188/4/120 172/4/108 189/5/120
f 174/5/108 189/5/120 172/4/108
f 174/5/33 191/5/33 190/5/33
f 191/5/33 174/5/33 189/5/33
f 191/5/33 189/5/33 192/5/33
f 190/5/34 191/5/34 174/5/34
f 189/5/34 174/5/34 191/5/34
f 192/5/34 189/5/34 191/5/34
f 194/4/122 192/5/122 193/4/122
f 192/5/122 194/4/122 191/5/122
f 193/4/121 192/5/121 194/4/121
f 191/5/121 194/4/121 192/5/121
f 190/5/120 194/4/120 195/4/120
f 194/4/120 190/5/120 191/5/120
f 195/4/119 194/4/119 190/5/119
f 191/5/119 190/5/119 194/4/119
f 190/5/121 172/4/121 174/5/121
f 172/4/121 190/5/121 195/4/121
f 174/5/122 172/4/122 190/5/122
f 195/4/122 190/5/122 172/4/122
f 192/5/114 188/4/119 193/4/114
f 188/4/119 192/5/114 189/5/119
f 193/4/113 188/4/120 192/5/113
f 189/5/120 192/5/113 188/4/120
f 198/5/119 197/4/110 196/4/119
f 197/4/110 198/5/119 199/5/110
f 196/4/120 197/4/108 198/5/120
f 199/5/108 198/5/120 197/4/108
f 199/5/33 176/5/33 200/5/33
f 176/5/33 199/5/33 198/5/33
f 176/5/33 198/5/33 178/5/33
f 200/5/34 176/5/34 199/5/34
f 198/5/34 199/5/34 176/5/34
f 178/5/34 198/5/34 176/5/34
f 179/4/122 178/5/122 181/4/122
f 178/5/122 179/4/122 176/5/122
f 181/4/121 178/5/121 179/4/121
f 176/5/121 179/4/121 178/5/121
f 200/5/120 179/4/120 201/4/120
f 179/4/120 200/5/120 176/5/120
f 201/4/119 179/4/119 200/5/119
f 176/5/119 200/5/119 179/4/119
f 200/5/121 197/4/121 199/5/121
f 197/4/121 200/5/121 201/4/121
f 199/5/122 197/4/122 200/5/122
f 201/4/122 200/5/122 197/4/122
f 178/5/114 196/4/119 181/4/114
f 196/4/119 178/5/114 198/5/119
f 181/4/113 196/4/120 178/5/113
f 198/5/120 178/5/113 196/4/120
f 204/6/33 203/6/33 202/6/33
f 203/6/33 204/6/33 205/6/33
f 203/6/33 205/6/33 206/6/33
f 202/6/34 203/6/34 204/6/34
f 205/6/34 204/6/34 203/6/34
f 206/6/34 205/6/34 203/6/34
f 208/7/111 206/6/111 207/7/111
f 206/6/111 208/7/111 203/6/111
f 207/7/112 206/6/112 208/7/112
f 203/6/112 208/7/112 206/6/112
f 206/6/113 209/7/107 207/7/113
f 209/7/107 206/6/113 205/6/107
f 207/7/114 209/7/109 206/6/114
f 205/6/109 206/6/114 209/7/109
f 202/6/109 208/7/109 210/7/109
f 208/7/109 202/6/109 203/6/109
f 210/7/107 208/7/107 202/6/107
f 203/6/107 202/6/107 208/7/107
f 202/6/112 211/7/112 204/6/112
f 211/7/112 202/6/112 210/7/112
f 204/6/111 211/7/111 202/6/111
f 210/7/111 202/6/111 211/7/111
f 205/6/107 211/7/108 209/7/107
f 211/7/108 205/6/107 204/6/108
f 209/7/109 211/7/110 205/6/109
f 204/6/110 205/6/109 211/7/110
f 170/8/109 213/7/109 212/7/109
f 213/7/109 170/8/109 162/8/109
f 212/7/107 213/7/107 170/8/107
f 162/8/107 170/8/107 213/7/107
f 214/8/33 162/8/33 170/8/33
f 162/8/33 214/8/33 215/8/33
f 162/8/33 215/8/33 216/8/33
f 170/8/34 162/8/34 214/8/34
f 215/8/34 214/8/34 162/8/34
f 216/8/34 215/8/34 162/8/34
f 215/8/107 218/7/123 217/7/107
f 218/7/123 215/8/107 214/8/123
f 217/7/109 218/7/124 215/8/109
f 214/8/124 215/8/109 218/7/124
f 170/8/112 218/7/112 214/8/112
f 218/7/112 170/8/112 212/7/112
f 214/8/111 218/7/111 170/8/111
f 212/7/111 170/8/111 218/7/111
f 213/7/111 216/8/111 219/7/111
f 216/8/111 213/7/111 162/8/111
f 219/7/112 216/8/112 213/7/112
f 162/8/112 213/7/112 216/8/112
f 213/7/34 218/7/34 212/7/34
f 218/7/34 213/7/34 217/7/34
f 217/7/34 213/7/34 219/7/34
f 212/7/33 218/7/33 213/7/33
f 217/7/33 213/7/33 218/7/33
f 219/7/33 213/7/33 217/7/33
f 216/8/125 217/7/107 219/7/125
f 217/7/107 216/8/125 215/8/107
f 219/7/126 217/7/109 216/8/126
f 215/8/109 216/8/126 217/7/109
f 222/9/128 221/9/127 220/9/127
f 221/9/127 222/9/128 223/9/128
f 220/9/130 221/9/130 222/9/129
f 223/9/129 222/9/129 221/9/130
f 226/10/131 225/11/129 224/10/131
f 225/11/129 226/10/131 227/11/129
f 224/10/132 225/11/128 226/10/132
f 227/11/128 226/10/132 225/11/128
f 224/10/131 228/12/133 226/10/131
f 228/12/133 224/10/131 229/12/133
f 226/10/132 228/12/134 224/10/132
f 229/12/134 224/10/132 228/12/134
f 230/12/132 223/9/128 222/9/128
f 223/9/128 230/12/132 231/12/132
f 222/9/129 223/9/129 230/12/131
f 231/12/131 230/12/131 223/9/129
f 227/11/129 232/11/130 225/11/129
f 232/11/130 227/11/129 233/11/130
f 225/11/128 232/11/127 227/11/128
f 233/11/127 227/11/128 232/11/127
f 231/12/113 221/9/113 223/9/113
f 221/9/113 231/12/113 228/12/113
f 228/12/113 231/12/113 234/10/113
f 228/12/113 234/10/113 226/10/113
f 226/10/113 234/10/113 233/11/113
f 226/10/113 233/11/113 227/11/113
f 223/9/114 221/9/114 231/12/114
f 228/12/114 231/12/114 221/9/114
f 234/10/114 231/12/114 228/12/114
f 226/10/114 234/10/114 228/12/114
f 233/11/114 234/10/114 226/10/114
f 227/11/114 233/11/114 226/10/114
f 229/12/114 222/9/114 220/9/114
f 222/9/114 229/12/114 230/12/114
f 230/12/114 229/12/114 224/10/114
f 230/12/114 224/10/114 235/10/114
f 235/10/114 224/10/114 225/11/114
f 235/10/114 225/11/114 232/11/114
f 220/9/113 222/9/113 229/12/113
f 230/12/113 229/12/113 222/9/113
f 224/10/113 229/12/113 230/12/113
f 235/10/113 224/10/113 230/12/113
f 225/11/113 224/10/113 235/10/113
f 232/11/113 225/11/113 235/10/113
f 230/12/132 234/10/134 231/12/132
f 234/10/134 230/12/132 235/10/134
f 231/12/131 234/10/133 230/12/131
f 235/10/133 230/12/131 234/10/133
f 233/11/130 235/10/134 232/11/130
f 235/10/134 233/11/130 234/10/134
f 232/11/127 235/10/133 233/11/127
f 234/10/133 233/11/127 235/10/133
f 220/9/127 228/12/133 229/12/133
f 228/12/133 220/9/127 221/9/127
f 229/12/134 228/12/134 220/9/130
f 221/9/130 220/9/130 228/12/134
f 237/6/109 210/7/109 236/7/109
f 210/7/109 237/6/109 202/6/109
f 236/7/107 210/7/107 237/6/107
f 202/6/107 237/6/107 210/7/107
f 237/6/112 239/7/112 238/6/112
f 239/7/112 237/6/112 236/7/112
f 238/6/111 239/7/111 237/6/111
f 236/7/111 237/6/111 239/7/111
f 210/7/111 204/6/111 211/7/111
f 204/6/111 210/7/111 202/6/111
f 211/7/112 204/6/112 210/7/112
f 202/6/112 210/7/112 204/6/112
f 238/6/33 202/6/33 237/6/33
f 202/6/33 238/6/33 240/6/33
f 202/6/33 240/6/33 204/6/33
f 237/6/34 202/6/34 238/6/34
f 240/6/34 238/6/34 202/6/34
f 204/6/34 240/6/34 202/6/34
f 204/6/115 241/7/107 211/7/115
f 241/7/107 204/6/115 240/6/107
f 211/7/116 241/7/109 204/6/116
f 240/6/109 204/6/116 241/7/109
f 240/6/107 239/7/117 241/7/107
f 239/7/117 240/6/107 238/6/117
f 241/7/109 239/7/118 240/6/109
f 238/6/118 240/6/109 239/7/118
f 244/8/107 243/7/135 242/7/107
f 243/7/135 244/8/107 245/8/135
f 242/7/109 243/7/136 244/8/109
f 245/8/136 244/8/109 243/7/136
f 248/8/138 247/7/137 246/8/137
f 247/7/137 248/8/138 249/7/138
f 246/8/140 247/7/140 248/8/139
f 249/7/139 248/8/139 247/7/140
f 245/8/135 247/7/137 243/7/135
f 247/7/137 245/8/135 246/8/137
f 243/7/136 247/7/140 245/8/136
f 246/8/140 245/8/136 247/7/140
f 251/8/141 242/7/107 250/7/141
f 242/7/107 251/8/141 244/8/107
f 250/7/142 242/7/109 251/8/142
f 244/8/109 251/8/142 242/7/109
f 246/8/33 252/8/33 248/8/33
f 252/8/33 246/8/33 245/8/33
f 252/8/33 245/8/33 244/8/33
f 252/8/33 244/8/33 251/8/33
f 252/8/33 251/8/33 253/8/33
f 248/8/34 252/8/34 246/8/34
f 245/8/34 246/8/34 252/8/34
f 244/8/34 245/8/34 252/8/34
f 251/8/34 244/8/34 252/8/34
f 253/8/34 251/8/34 252/8/34
f 255/7/144 253/8/143 254/7/143
f 253/8/143 255/7/144 252/8/144
f 254/7/146 253/8/146 255/7/145
f 252/8/145 255/7/145 253/8/146
f 254/7/143 251/8/141 250/7/141
f 251/8/141 254/7/143 253/8/143
f 250/7/142 251/8/142 254/7/146
f 253/8/146 254/7/146 251/8/142
f 169/8/112 257/7/112 256/8/112
f 257/7/112 169/8/112 258/7/112
f 256/8/111 257/7/111 169/8/111
f 258/7/111 169/8/111 257/7/111
f 214/8/147 260/7/107 259/7/147
f 260/7/107 214/8/147 261/8/107
f 259/7/148 260/7/109 214/8/148
f 261/8/109 214/8/148 260/7/109
f 169/8/109 262/7/109 258/7/109
f 262/7/109 169/8/109 170/8/109
f 258/7/107 262/7/107 169/8/107
f 170/8/107 169/8/107 262/7/107
f 261/8/107 257/7/149 260/7/107
f 257/7/149 261/8/107 256/8/149
f 260/7/109 257/7/150 261/8/109
f 256/8/150 261/8/109 257/7/150
f 262/7/34 257/7/34 258/7/34
f 257/7/34 262/7/34 260/7/34
f 260/7/34 262/7/34 259/7/34
f 258/7/33 257/7/33 262/7/33
f 260/7/33 262/7/33 257/7/33
f 259/7/33 262/7/33 260/7/33
f 256/8/33 170/8/33 169/8/33
f 170/8/33 256/8/33 261/8/33
f 170/8/33 261/8/33 214/8/33
f 169/8/34 170/8/34 256/8/34
f 261/8/34 256/8/34 170/8/34
f 214/8/34 261/8/34 170/8/34
f 262/7/111 214/8/111 259/7/111
f 214/8/111 262/7/111 170/8/111
f 259/7/112 214/8/112 262/7/112
f 170/8/112 262/7/112 214/8/112
f 265/14/152 264/13/151 263/13/151
f 264/13/151 265/14/152 266/14/152
f 263/13/154 264/13/154 265/14/153
f 266/14/153 265/14/153 264/13/154
f 269/15/155 268/16/156 267/15/155
f 268/16/156 269/15/155 270/16/156
f 267/15/157 268/16/158 269/15/157
f 270/16/158 269/15/157 268/16/158
f 272/13/115 266/14/115 271/14/115
f 266/14/115 272/13/115 264/13/115
f 264/13/115 272/13/115 273/15/115
f 264/13/115 273/15/115 269/15/115
f 269/15/115 273/15/115 274/16/115
f 269/15/115 274/16/115 270/16/115
f 271/14/116 266/14/116 272/13/116
f 264/13/116 272/13/116 266/14/116
f 273/15/116 272/13/116 264/13/116
f 269/15/116 273/15/116 264/13/116
f 274/16/116 273/15/116 269/15/116
f 270/16/116 274/16/116 269/15/116
f 270/16/156 275/16/153 268/16/156
f 275/16/153 270/16/156 274/16/153
f 268/16/158 275/16/152 270/16/158
f 274/16/152 270/16/158 275/16/152
f 277/13/157 271/14/158 276/14/158
f 271/14/158 277/13/157 272/13/157
f 276/14/156 271/14/156 277/13/155
f 272/13/155 277/13/155 271/14/156
f 263/13/116 276/14/116 265/14/116
f 276/14/116 263/13/116 277/13/116
f 277/13/116 263/13/116 267/15/116
f 277/13/116 267/15/116 278/15/116
f 278/15/116 267/15/116 268/16/116
f 278/15/116 268/16/116 275/16/116
f 265/14/115 276/14/115 263/13/115
f 277/13/115 263/13/115 276/14/115
f 267/15/115 263/13/115 277/13/115
f 278/15/115 267/15/115 277/13/115
f 268/16/115 267/15/115 278/15/115
f 275/16/115 268/16/115 278/15/115
f 274/16/153 278/15/154 275/16/153
f 278/15/154 274/16/153 273/15/154
f 275/16/152 278/15/151 274/16/152
f 273/15/151 274/16/152 278/15/151
f 276/14/158 266/14/152 265/14/152
f 266/14/152 276/14/158 271/14/158
f 265/14/153 266/14/153 276/14/156
f 271/14/156 276/14/156 266/14/153
f 267/15/155 264/13/151 269/15/155
f 264/13/151 267/15/155 263/13/151
f 269/15/157 264/13/154 267/15/157
f 263/13/154 267/15/157 264/13/154
f 277/13/157 273/15/154 272/13/157
f 273/15/154 277/13/157 278/15/154
f 272/13/155 273/15/151 277/13/155
f 278/15/151 277/13/155 273/15/151
f 281/18/157 280/17/158 279/17/158
f 280/17/158 281/18/157 282/18/157
f 279/17/156 280/17/156 281/18/155
f 282/18/155 281/18/155 280/17/156
f 284/18/116 279/17/116 283/17/116
f 279/17/116 284/18/116 281/18/116
f 281/18/116 284/18/116 285/19/116
f 281/18/116 285/19/116 286/19/116
f 286/19/116 285/19/116 287/20/116
f 286/19/116 287/20/116 288/20/116
f 283/17/115 279/17/115 284/18/115
f 281/18/115 284/18/115 279/17/115
f 285/19/115 284/18/115 281/18/115
f 286/19/115 285/19/115 281/18/115
f 287/20/115 285/19/115 286/19/115
f 288/20/115 287/20/115 286/19/115
f 279/17/158 289/17/152 283/17/152
f 289/17/152 279/17/158 280/17/158
f 283/17/153 289/17/153 279/17/156
f 280/17/156 279/17/156 289/17/153
f 283/17/152 290/18/151 284/18/151
f 290/18/151 283/17/152 289/17/152
f 284/18/154 290/18/154 283/17/153
f 289/17/153 283/17/153 290/18/154
f 291/20/156 288/20/153 287/20/156
f 288/20/153 291/20/156 292/20/153
f 287/20/158 288/20/152 291/20/158
f 292/20/152 291/20/158 288/20/152
f 285/19/155 290/18/151 293/19/155
f 290/18/151 285/19/155 284/18/151
f 293/19/157 290/18/154 285/19/157
f 284/18/154 285/19/157 290/18/154
f 292/20/153 286/19/154 288/20/153
f 286/19/154 292/20/153 294/19/154
f 288/20/152 286/19/151 292/20/152
f 294/19/151 292/20/152 286/19/151
f 281/18/157 294/19/154 282/18/157
f 294/19/154 281/18/157 286/19/154
f 282/18/155 294/19/151 281/18/155
f 286/19/151 281/18/155 294/19/151
f 293/19/155 287/20/156 285/19/155
f 287/20/156 293/19/155 291/20/156
f 285/19/157 287/20/158 293/19/157
f 291/20/158 293/19/157 287/20/158
f 282/18/115 289/17/115 280/17/115
f 289/17/115 282/18/115 290/18/115
f 290/18/115 282/18/115 294/19/115
f 290/18/115 294/19/115 293/19/115
f 293/19/115 294/19/115 292/20/115
f 293/19/115 292/20/115 291/20/115
f 280/17/116 289/17/116 282/18/116
f 290/18/116 282/18/116 289/17/116
f 294/19/116 282/18/116 290/18/116
f 293/19/116 294/19/116 290/18/116
f 292/20/116 294/19/116 293/19/116
f 291/20/116 292/20/116 293/19/116
f 297/21/159 296/22/160 295/21/159
f 296/22/160 297/21/159 298/22/160
f 295/21/161 296/22/162 297/21/161
f 298/22/162 297/21/161 296/22/162
f 301/21/163 300/23/161 299/21/163
f 300/23/161 301/21/163 302/23/161
f 299/21/164 300/23/159 301/21/164
f 302/23/159 301/21/164 300/23/159
f 300/23/161 304/24/162 303/24/162
f 304/24/162 300/23/161 302/23/161
f 303/24/160 304/24/160 300/23/159
f 302/23/159 300/23/159 304/24/160
f 299/21/117 296/22/117 305/22/117
f 296/22/117 299/21/117 295/21/117
f 295/21/117 299/21/117 300/23/117
f 295/21/117 300/23/117 306/23/117
f 306/23/117 300/23/117 303/24/117
f 306/23/117 303/24/117 307/24/117
f 305/22/118 296/22/118 299/21/118
f 295/21/118 299/21/118 296/22/118
f 300/23/118 299/21/118 295/21/118
f 306/23/118 300/23/118 295/21/118
f 303/24/118 300/23/118 306/23/118
f 307/24/118 303/24/118 306/23/118
f 298/22/160 305/22/165 296/22/160
f 305/22/165 298/22/160 308/22/165
f 296/22/162 305/22/166 298/22/162
f 308/22/166 298/22/162 305/22/166
f 297/21/118 308/22/118 298/22/118
f 308/22/118 297/21/118 301/21/118
f 301/21/118 297/21/118 309/23/118
f 301/21/118 309/23/118 302/23/118
f 302/23/118 309/23/118 310/24/118
f 302/23/118 310/24/118 304/24/118
f 298/22/117 308/22/117 297/21/117
f 301/21/117 297/21/117 308/22/117
f 309/23/117 297/21/117 301/21/117
f 302/23/117 309/23/117 301/21/117
f 310/24/117 309/23/117 302/23/117
f 304/24/117 310/24/117 302/23/117
f 303/24/162 310/24/166 307/24/166
f 310/24/166 303/24/162 304/24/162
f 307/24/165 310/24/165 303/24/160
f 304/24/160 303/24/160 310/24/165
f 308/22/165 299/21/163 305/22/165
f 299/21/163 308/22/165 301/21/163
f 305/22/166 299/21/164 308/22/166
f 301/21/164 308/22/166 299/21/164
f 307/24/166 309/23/164 306/23/164
f 309/23/164 307/24/166 310/24/166
f 306/23/163 309/23/163 307/24/165
f 310/24/165 307/24/165 309/23/163
f 309/23/164 295/21/159 306/23/164
f 295/21/159 309/23/164 297/21/159
f 306/23/163 295/21/161 309/23/163
f 297/21/161 309/23/163 295/21/161
f 313/6/120 312/7/120 311/7/120
f 312/7/120 313/6/120 314/6/120
f 311/7/119 312/7/119 313/6/119
f 314/6/119 313/6/119 312/7/119
f 313/6/121 316/7/121 315/6/121
f 316/7/121 313/6/121 311/7/121
f 315/6/122 316/7/122 313/6/122
f 311/7/122 313/6/122 316/7/122
f 312/7/122 318/6/122 317/7/122
f 318/6/122 312/7/122 314/6/122
f 317/7/121 318/6/121 312/7/121
f 314/6/121 312/7/121 318/6/121
f 315/6/33 314/6/33 313/6/33
f 314/6/33 315/6/33 319/6/33
f 314/6/33 319/6/33 318/6/33
f 313/6/34 314/6/34 315/6/34
f 319/6/34 315/6/34 314/6/34
f 318/6/34 319/6/34 314/6/34
f 318/6/116 320/7/119 317/7/116
f 320/7/119 318/6/116 319/6/119
f 317/7/115 320/7/120 318/6/115
f 319/6/120 318/6/115 320/7/120
f 319/6/119 316/7/118 320/7/119
f 316/7/118 319/6/119 315/6/118
f 320/7/120 316/7/117 319/6/120
f 315/6/117 319/6/120 316/7/117
f 323/8/119 322/7/136 321/7/119
f 322/7/136 323/8/119 324/8/136
f 321/7/120 322/7/135 323/8/120
f 324/8/135 323/8/120 322/7/135
f 327/8/139 326/7/140 325/8/140
f 326/7/140 327/8/139 328/7/139
f 325/8/137 326/7/137 327/8/138
f 328/7/138 327/8/138 326/7/137
f 324/8/136 326/7/140 322/7/136
f 326/7/140 324/8/136 325/8/140
f 322/7/135 326/7/137 324/8/135
f 325/8/137 324/8/135 326/7/137
f 330/8/142 321/7/119 329/7/142
f 321/7/119 330/8/142 323/8/119
f 329/7/141 321/7/120 330/8/141
f 323/8/120 330/8/141 321/7/120
f 325/8/33 331/8/33 327/8/33
f 331/8/33 325/8/33 324/8/33
f 331/8/33 324/8/33 323/8/33
f 331/8/33 323/8/33 330/8/33
f 331/8/33 330/8/33 332/8/33
f 327/8/34 331/8/34 325/8/34
f 324/8/34 325/8/34 331/8/34
f 323/8/34 324/8/34 331/8/34
f 330/8/34 323/8/34 331/8/34
f 332/8/34 330/8/34 331/8/34
f 334/7/145 332/8/146 333/7/146
f 332/8/146 334/7/145 331/8/145
f 333/7/143 332/8/143 334/7/144
f 331/8/144 334/7/144 332/8/143
f 333/7/146 330/8/142 329/7/142
f 330/8/142 333/7/146 332/8/146
f 329/7/141 330/8/141 333/7/143
f 332/8/143 333/7/143 330/8/141
f 179/8/121 336/7/121 335/8/121
f 336/7/121 179/8/121 337/7/121
f 335/8/122 336/7/122 179/8/122
f 337/7/122 179/8/122 336/7/122
f 340/8/148 339/7/119 338/7/148
f 339/7/119 340/8/148 341/8/119
f 338/7/147 339/7/120 340/8/147
f 341/8/120 340/8/147 339/7/120
f 179/8/120 342/7/120 337/7/120
f 342/7/120 179/8/120 180/8/120
f 337/7/119 342/7/119 179/8/119
f 180/8/119 179/8/119 342/7/119
f 341/8/119 336/7/150 339/7/119
f 336/7/150 341/8/119 335/8/150
f 339/7/120 336/7/149 341/8/120
f 335/8/149 341/8/120 336/7/149
f 342/7/34 336/7/34 337/7/34
f 336/7/34 342/7/34 339/7/34
f 339/7/34 342/7/34 338/7/34
f 337/7/33 336/7/33 342/7/33
f 339/7/33 342/7/33 336/7/33
f 338/7/33 342/7/33 339/7/33
f 335/8/33 180/8/33 179/8/33
f 180/8/33 335/8/33 341/8/33
f 180/8/33 341/8/33 340/8/33
f 179/8/34 180/8/34 335/8/34
f 341/8/34 335/8/34 180/8/34
f 340/8/34 341/8/34 180/8/34
f 342/7/122 340/8/122 338/7/122
f 340/8/122 342/7/122 180/8/122
f 338/7/121 340/8/121 342/7/121
f 180/8/121 342/7/121 340/8/121
f 345/14/158 344/13/157 343/13/157
f 344/13/157 345/14/158 346/14/158
f 343/13/155 344/13/155 345/14/156
f 346/14/156 345/14/156 344/13/155
f 349/15/154 348/16/153 347/15/154
f 348/16/153 349/15/154 350/16/153
f 347/15/151 348/16/152 349/15/151
f 350/16/152 349/15/151 348/16/152
f 352/13/116 346/14/116 351/14/116
f 346/14/116 352/13/116 344/13/116
f 344/13/116 352/13/116 353/15/116
f 344/13/116 353/15/116 349/15/116
f 349/15/116 353/15/116 354/16/116
f 349/15/116 354/16/116 350/16/116
f 351/14/115 346/14/115 352/13/115
f 344/13/115 352/13/115 346/14/115
f 353/15/115 352/13/115 344/13/115
f 349/15/115 353/15/115 344/13/115
f 354/16/115 353/15/115 349/15/115
f 350/16/115 354/16/115 349/15/115
f 350/16/153 355/16/156 348/16/153
f 355/16/156 350/16/153 354/16/156
f 348/16/152 355/16/158 350/16/152
f 354/16/158 350/16/152 355/16/158
f 357/13/151 351/14/152 356/14/152
f 351/14/152 357/13/151 352/13/151
f 356/14/153 351/14/153 357/13/154
f 352/13/154 357/13/154 351/14/153
f 343/13/115 356/14/115 345/14/115
f 356/14/115 343/13/115 357/13/115
f 357/13/115 343/13/115 347/15/115
f 357/13/115 347/15/115 358/15/115
f 358/15/115 347/15/115 348/16/115
f 358/15/115 348/16/115 355/16/115
f 345/14/116 356/14/116 343/13/116
f 357/13/116 343/13/116 356/14/116
f 347/15/116 343/13/116 357/13/116
f 358/15/116 347/15/116 357/13/116
f 348/16/116 347/15/116 358/15/116
f 355/16/116 348/16/116 358/15/116
f 354/16/156 358/15/155 355/16/156
f 358/15/155 354/16/156 353/15/155
f 355/16/158 358/15/157 354/16/158
f 353/15/157 354/16/158 358/15/157
f 356/14/152 346/14/158 345/14/158
f 346/14/158 356/14/152 351/14/152
f 345/14/156 346/14/156 356/14/153
f 351/14/153 356/14/153 346/14/156
f 347/15/154 344/13/157 349/15/154
f 344/13/157 347/15/154 343/13/157
f 349/15/151 344/13/155 347/15/151
f 343/13/155 347/15/151 344/13/155
f 357/13/151 353/15/155 352/13/151
f 353/15/155 357/13/151 358/15/155
f 352/13/154 353/15/157 357/13/154
f 358/15/157 357/13/154 353/15/157
f 361/18/151 360/17/152 359/17/152
f 360/17/152 361/18/151 362/18/151
f 359/17/153 360/17/153 361/18/154
f 362/18/154 361/18/154 360/17/153
f 364/18/115 359/17/115 363/17/115
f 359/17/115 364/18/115 361/18/115
f 361/18/115 364/18/115 365/19/115
f 361/18/115 365/19/115 366/19/115
f 366/19/115 365/19/115 367/20/115
f 366/19/115 367/20/115 368/20/115
f 363/17/116 359/17/116 364/18/116
f 361/18/116 364/18/116 359/17/116
f 365/19/116 364/18/116 361/18/116
f 366/19/116 365/19/116 361/18/116
f 367/20/116 365/19/116 366/19/116
f 368/20/116 367/20/116 366/19/116
f 359/17/152 369/17/158 363/17/158
f 369/17/158 359/17/152 360/17/152
f 363/17/156 369/17/156 359/17/153
f 360/17/153 359/17/153 369/17/156
f 363/17/158 370/18/157 364/18/157
f 370/18/157 363/17/158 369/17/158
f 364/18/155 370/18/155 363/17/156
f 369/17/156 363/17/156 370/18/155
f 371/20/153 368/20/156 367/20/153
f 368/20/156 371/20/153 372/20/156
f 367/20/152 368/20/158 371/20/152
f 372/20/158 371/20/152 368/20/158
f 365/19/154 370/18/157 373/19/154
f 370/18/157 365/19/154 364/18/157
f 373/19/151 370/18/155 365/19/151
f 364/18/155 365/19/151 370/18/155
f 372/20/156 366/19/155 368/20/156
f 366/19/155 372/20/156 374/19/155
f 368/20/158 366/19/157 372/20/158
f 374/19/157 372/20/158 366/19/157
f 361/18/151 374/19/155 362/18/151
f 374/19/155 361/18/151 366/19/155
f 362/18/154 374/19/157 361/18/154
f 366/19/157 361/18/154 374/19/157
f 373/19/154 367/20/153 365/19/154
f 367/20/153 373/19/154 371/20/153
f 365/19/151 367/20/152 373/19/151
f 371/20/152 373/19/151 367/20/152
f 362/18/116 369/17/116 360/17/116
f 369/17/116 362/18/116 370/18/116
f 370/18/116 362/18/116 374/19/116
f 370/18/116 374/19/116 373/19/116
f 373/19/116 374/19/116 372/20/116
f 373/19/116 372/20/116 371/20/116
f 360/17/115 369/17/115 362/18/115
f 370/18/115 362/18/115 369/17/115
f 374/19/115 362/18/115 370/18/115
f 373/19/115 374/19/115 370/18/115
f 372/20/115 374/19/115 373/19/115
f 371/20/115 372/20/115 373/19/115
f 377/21/163 376/22/165 375/21/163
f 376/22/165 377/21/163 378/22/165
f 375/21/164 376/22/166 377/21/164
f 378/22/166 377/21/164 376/22/166
f 381/21/159 380/23/164 379/21/159
f 380/23/164 381/21/159 382/23/164
f 379/21/161 380/23/163 381/21/161
f 382/23/163 381/21/161 380/23/163
f 380/23/164 384/24/166 383/24/166
f 384/24/166 380/23/164 382/23/164
f 383/24/165 384/24/165 380/23/163
f 382/23/163 380/23/163 384/24/165
f 379/21/118 376/22/118 385/22/118
f 376/22/118 379/21/118 375/21/118
f 375/21/118 379/21/118 380/23/118
f 375/21/118 380/23/118 386/23/118
f 386/23/118 380/23/118 383/24/118
f 386/23/118 383/24/118 387/24/118
f 385/22/117 376/22/117 379/21/117
f 375/21/117 379/21/117 376/22/117
f 380/23/117 379/21/117 375/21/117
f 386/23/117 380/23/117 375/21/117
f 383/24/117 380/23/117 386/23/117
f 387/24/117 383/24/117 386/23/117
f 378/22/165 385/22/160 376/22/165
f 385/22/160 378/22/165 388/22/160
f 376/22/166 385/22/162 378/22/166
f 388/22/162 378/22/166 385/22/162
f 377/21/117 388/22/117 378/22/117
f 388/22/117 377/21/117 381/21/117
f 381/21/117 377/21/117 389/23/117
f 381/21/117 389/23/117 382/23/117
f 382/23/117 389/23/117 390/24/117
f 382/23/117 390/24/117 384/24/117
f 378/22/118 388/22/118 377/21/118
f 381/21/118 377/21/118 388/22/118
f 389/23/118 377/21/118 381/21/118
f 382/23/118 389/23/118 381/21/118
f 390/24/118 389/23/118 382/23/118
f 384/24/118 390/24/118 382/23/118
f 383/24/166 390/24/162 387/24/162
f 390/24/162 383/24/166 384/24/166
f 387/24/160 390/24/160 383/24/165
f 384/24/165 383/24/165 390/24/160
f 388/22/160 379/21/159 385/22/160
f 379/21/159 388/22/160 381/21/159
f 385/22/162 379/21/161 388/22/162
f 381/21/161 388/22/162 379/21/161
f 387/24/162 389/23/161 386/23/161
f 389/23/161 387/24/162 390/24/162
f 386/23/159 389/23/159 387/24/160
f 390/24/160 387/24/160 389/23/159
f 389/23/161 375/21/163 386/23/161
f 375/21/163 389/23/161 377/21/163
f 386/23/159 375/21/164 389/23/159
f 377/21/164 389/23/159 375/21/164
f 392/6/33 237/6/33 391/6/33
f 237/6/33 392/6/33 393/6/33
f 237/6/33 393/6/33 238/6/33
f 391/6/34 237/6/34 392/6/34
f 393/6/34 392/6/34 237/6/34
f 238/6/34 393/6/34 237/6/34
f 236/7/111 238/6/111 239/7/111
f 238/6/111 236/7/111 237/6/111
f 239/7/112 238/6/112 236/7/112
f 237/6/112 236/7/112 238/6/112
f 238/6/113 394/7/107 239/7/113
f 394/7/107 238/6/113 393/6/107
f 239/7/114 394/7/109 238/6/114
f 393/6/109 238/6/114 394/7/109
f 391/6/109 236/7/109 395/7/109
f 236/7/109 391/6/109 237/6/109
f 395/7/107 236/7/107 391/6/107
f 237/6/107 391/6/107 236/7/107
f 391/6/112 396/7/112 392/6/112
f 396/7/112 391/6/112 395/7/112
f 392/6/111 396/7/111 391/6/111
f 395/7/111 391/6/111 396/7/111
f 393/6/107 396/7/108 394/7/107
f 396/7/108 393/6/107 392/6/108
f 394/7/109 396/7/110 393/6/109
f 392/6/110 393/6/109 396/7/110
f 399/8/109 398/7/109 397/7/109
f 398/7/109 399/8/109 169/8/109
f 397/7/107 398/7/107 399/8/107
f 169/8/107 399/8/107 398/7/107
f 400/8/33 169/8/33 399/8/33
f 169/8/33 400/8/33 401/8/33
f 169/8/33 401/8/33 256/8/33
f 399/8/34 169/8/34 400/8/34
f 401/8/34 400/8/34 169/8/34
f 256/8/34 401/8/34 169/8/34
f 401/8/107 403/7/123 402/7/107
f 403/7/123 401/8/107 400/8/123
f 402/7/109 403/7/124 401/8/109
f 400/8/124 401/8/109 403/7/124
f 399/8/112 403/7/112 400/8/112
f 403/7/112 399/8/112 397/7/112
f 400/8/111 403/7/111 399/8/111
f 397/7/111 399/8/111 403/7/111
f 398/7/111 256/8/111 404/7/111
f 256/8/111 398/7/111 169/8/111
f 404/7/112 256/8/112 398/7/112
f 169/8/112 398/7/112 256/8/112
f 398/7/34 403/7/34 397/7/34
f 403/7/34 398/7/34 402/7/34
f 402/7/34 398/7/34 404/7/34
f 397/7/33 403/7/33 398/7/33
f 402/7/33 398/7/33 403/7/33
f 404/7/33 398/7/33 402/7/33
f 256/8/125 402/7/107 404/7/125
f 402/7/107 256/8/125 401/8/107
f 404/7/126 402/7/109 256/8/126
f 401/8/109 256/8/126 402/7/109
f 407/9/128 406/9/127 405/9/127
f 406/9/127 407/9/128 408/9/128
f 405/9/130 406/9/130 407/9/129
f 408/9/129 407/9/129 406/9/130
f 411/10/131 410/11/129 409/10/131
f 410/11/129 411/10/131 412/11/129
f 409/10/132 410/11/128 411/10/132
f 412/11/128 411/10/132 410/11/128
f 409/10/131 413/12/133 411/10/131
f 413/12/133 409/10/131 414/12/133
f 411/10/132 413/12/134 409/10/132
f 414/12/134 409/10/132 413/12/134
f 415/12/132 408/9/128 407/9/128
f 408/9/128 415/12/132 416/12/132
f 407/9/129 408/9/129 415/12/131
f 416/12/131 415/12/131 408/9/129
f 412/11/129 417/11/130 410/11/129
f 417/11/130 412/11/129 418/11/130
f 410/11/128 417/11/127 412/11/128
f 418/11/127 412/11/128 417/11/127
f 416/12/113 406/9/113 408/9/113
f 406/9/113 416/12/113 413/12/113
f 413/12/113 416/12/113 419/10/113
f 413/12/113 419/10/113 411/10/113
f 411/10/113 419/10/113 418/11/113
f 411/10/113 418/11/113 412/11/113
f 408/9/114 406/9/114 416/12/114
f 413/12/114 416/12/114 406/9/114
f 419/10/114 416/12/114 413/12/114
f 411/10/114 419/10/114 413/12/114
f 418/11/114 419/10/114 411/10/114
f 412/11/114 418/11/114 411/10/114
f 414/12/114 407/9/114 405/9/114
f 407/9/114 414/12/114 415/12/114
f 415/12/114 414/12/114 409/10/114
f 415/12/114 409/10/114 420/10/114
f 420/10/114 409/10/114 410/11/114
f 420/10/114 410/11/114 417/11/114
f 405/9/113 407/9/113 414/12/113
f 415/12/113 414/12/113 407/9/113
f 409/10/113 414/12/113 415/12/113
f 420/10/113 409/10/113 415/12/113
f 410/11/113 409/10/113 420/10/113
f 417/11/113 410/11/113 420/10/113
f 415/12/132 419/10/134 416/12/132
f 419/10/134 415/12/132 420/10/134
f 416/12/131 419/10/133 415/12/131
f 420/10/133 415/12/131 419/10/133
f 418/11/130 420/10/134 417/11/130
f 420/10/134 418/11/130 419/10/134
f 417/11/127 420/10/133 418/11/127
f 419/10/133 418/11/127 420/10/133
f 405/9/127 413/12/133 414/12/133
f 413/12/133 405/9/127 406/9/127
f 414/12/134 413/12/134 405/9/130
f 406/9/130 405/9/130 413/12/134
f 318/6/33 421/6/33 314/6/33
f 421/6/33 318/6/33 422/6/33
f 421/6/33 422/6/33 423/6/33
f 314/6/34 421/6/34 318/6/34
f 422/6/34 318/6/34 421/6/34
f 423/6/34 422/6/34 421/6/34
f 425/7/122 423/6/122 424/7/122
f 423/6/122 425/7/122 421/6/122
f 424/7/121 423/6/121 425/7/121
f 421/6/121 425/7/121 423/6/121
f 423/6/114 426/7/119 424/7/114
f 426/7/119 423/6/114 422/6/119
f 424/7/113 426/7/120 423/6/113
f 422/6/120 423/6/113 426/7/120
f 314/6/120 425/7/120 312/7/120
f 425/7/120 314/6/120 421/6/120
f 312/7/119 425/7/119 314/6/119
f 421/6/119 314/6/119 425/7/119
f 314/6/121 317/7/121 318/6/121
f 317/7/121 314/6/121 312/7/121
f 318/6/122 317/7/122 314/6/122
f 312/7/122 314/6/122 317/7/122
f 422/6/119 317/7/110 426/7/119
f 317/7/110 422/6/119 318/6/110
f 426/7/120 317/7/108 422/6/120
f 318/6/108 422/6/120 317/7/108
f 180/8/120 428/7/120 427/7/120
f 428/7/120 180/8/120 194/8/120
f 427/7/119 428/7/119 180/8/119
f 194/8/119 180/8/119 428/7/119
f 340/8/33 194/8/33 180/8/33
f 194/8/33 340/8/33 429/8/33
f 194/8/33 429/8/33 430/8/33
f 180/8/34 194/8/34 340/8/34
f 429/8/34 340/8/34 194/8/34
f 430/8/34 429/8/34 194/8/34
f 429/8/119 432/7/124 431/7/119
f 432/7/124 429/8/119 340/8/124
f 431/7/120 432/7/123 429/8/120
f 340/8/123 429/8/120 432/7/123
f 180/8/121 432/7/121 340/8/121
f 432/7/121 180/8/121 427/7/121
f 340/8/122 432/7/122 180/8/122
f 427/7/122 180/8/122 432/7/122
f 428/7/122 430/8/122 433/7/122
f 430/8/122 428/7/122 194/8/122
f 433/7/121 430/8/121 428/7/121
f 194/8/121 428/7/121 430/8/121
f 428/7/34 432/7/34 427/7/34
f 432/7/34 428/7/34 431/7/34
f 431/7/34 428/7/34 433/7/34
f 427/7/33 432/7/33 428/7/33
f 431/7/33 428/7/33 432/7/33
f 433/7/33 428/7/33 431/7/33
f 430/8/126 431/7/119 433/7/126
f 431/7/119 430/8/126 429/8/119
f 433/7/125 431/7/120 430/8/125
f 429/8/120 430/8/125 431/7/120
f 436/9/127 435/9/128 434/9/128
f 435/9/128 436/9/127 437/9/127
f 434/9/129 435/9/129 436/9/130
f 437/9/130 436/9/130 435/9/129
f 440/10/134 439/11/130 438/10/134
f 439/11/130 440/10/134 441/11/130
f 438/10/133 439/11/127 440/10/133
f 441/11/127 440/10/133 439/11/127
f 438/10/134 442/12/132 440/10/134
f 442/12/132 438/10/134 443/12/132
f 440/10/133 442/12/131 438/10/133
f 443/12/131 438/10/133 442/12/131
f 444/12/133 437/9/127 436/9/127
f 437/9/127 444/12/133 445/12/133
f 436/9/130 437/9/130 444/12/134
f 445/12/134 444/12/134 437/9/130
f 441/11/130 446/11/129 439/11/130
f 446/11/129 441/11/130 447/11/129
f 439/11/127 446/11/128 441/11/127
f 447/11/128 441/11/127 446/11/128
f 445/12/114 435/9/114 437/9/114
f 435/9/114 445/12/114 442/12/114
f 442/12/114 445/12/114 448/10/114
f 442/12/114 448/10/114 440/10/114
f 440/10/114 448/10/114 447/11/114
f 440/10/114 447/11/114 441/11/114
f 437/9/113 435/9/113 445/12/113
f 442/12/113 445/12/113 435/9/113
f 448/10/113 445/12/113 442/12/113
f 440/10/113 448/10/113 442/12/113
f 447/11/113 448/10/113 440/10/113
f 441/11/113 447/11/113 440/10/113
f 443/12/113 436/9/113 434/9/113
f 436/9/113 443/12/113 444/12/113
f 444/12/113 443/12/113 438/10/113
f 444/12/113 438/10/113 449/10/113
f 449/10/113 438/10/113 439/11/113
f 449/10/113 439/11/113 446/11/113
f 434/9/114 436/9/114 443/12/114
f 444/12/114 443/12/114 436/9/114
f 438/10/114 443/12/114 444/12/114
f 449/10/114 438/10/114 444/12/114
f 439/11/114 438/10/114 449/10/114
f 446/11/114 439/11/114 449/10/114
f 444/12/133 448/10/131 445/12/133
f 448/10/131 444/12/133 449/10/131
f 445/12/134 448/10/132 444/12/134
f 449/10/132 444/12/134 448/10/132
f 447/11/129 449/10/131 446/11/129
f 449/10/131 447/11/129 448/10/131
f 446/11/128 449/10/132 447/11/128
f 448/10/132 447/11/128 449/10/132
f 434/9/128 442/12/132 443/12/132
f 442/12/132 434/9/128 435/9/128
f 443/12/131 442/12/131 434/9/129
f 435/9/129 434/9/129 442/12/131
f 451/6/33 313/6/33 450/6/33
f 313/6/33 451/6/33 452/6/33
f 313/6/33 452/6/33 315/6/33
f 450/6/34 313/6/34 451/6/34
f 452/6/34 451/6/34 313/6/34
f 315/6/34 452/6/34 313/6/34
f 311/7/122 315/6/122 316/7/122
f 315/6/122 311/7/122 313/6/122
f 316/7/121 315/6/121 311/7/121
f 313/6/121 311/7/121 315/6/121
f 315/6/114 453/7/119 316/7/114
f 453/7/119 315/6/114 452/6/119
f 316/7/113 453/7/120 315/6/113
f 452/6/120 315/6/113 453/7/120
f 450/6/120 311/7/120 454/7/120
f 311/7/120 450/6/120 313/6/120
f 454/7/119 311/7/119 450/6/119
f 313/6/119 450/6/119 311/7/119
f 450/6/121 455/7/121 451/6/121
f 455/7/121 450/6/121 454/7/121
f 451/6/122 455/7/122 450/6/122
f 454/7/122 450/6/122 455/7/122
f 452/6/119 455/7/110 453/7/119
f 455/7/110 452/6/119 451/6/110
f 453/7/120 455/7/108 452/6/120
f 451/6/108 452/6/120 455/7/108
f 458/8/120 457/7/120 456/7/120
f 457/7/120 458/8/120 179/8/120
f 456/7/119 457/7/119 458/8/119
f 179/8/119 458/8/119 457/7/119
f 459/8/33 179/8/33 458/8/33
f 179/8/33 459/8/33 460/8/33
f 179/8/33 460/8/33 335/8/33
f 458/8/34 179/8/34 459/8/34
f 460/8/34 459/8/34 179/8/34
f 335/8/34 460/8/34 179/8/34
f 460/8/119 462/7/124 461/7/119
f 462/7/124 460/8/119 459/8/124
f 461/7/120 462/7/123 460/8/120
f 459/8/123 460/8/120 462/7/123
f 458/8/121 462/7/121 459/8/121
f 462/7/121 458/8/121 456/7/121
f 459/8/122 462/7/122 458/8/122
f 456/7/122 458/8/122 462/7/122
f 457/7/122 335/8/122 463/7/122
f 335/8/122 457/7/122 179/8/122
f 463/7/121 335/8/121 457/7/121
f 179/8/121 457/7/121 335/8/121
f 457/7/34 462/7/34 456/7/34
f 462/7/34 457/7/34 461/7/34
f 461/7/34 457/7/34 463/7/34
f 456/7/33 462/7/33 457/7/33
f 461/7/33 457/7/33 462/7/33
f 463/7/33 457/7/33 461/7/33
f 335/8/126 461/7/119 463/7/126
f 461/7/119 335/8/126 460/8/119
f 463/7/125 461/7/120 335/8/125
f 460/8/120 335/8/125 461/7/120
f 466/9/127 465/9/128 464/9/128
f 465/9/128 466/9/127 467/9/127
f 464/9/129 465/9/129 466/9/130
f 467/9/130 466/9/130 465/9/129
f 470/10/134 469/11/130 468/10/134
f 469/11/130 470/10/134 471/11/130
f 468/10/133 469/11/127 470/10/133
f 471/11/127 470/10/133 469/11/127
f 468/10/134 472/12/132 470/10/134
f 472/12/132 468/10/134 473/12/132
f 470/10/133 472/12/131 468/10/133
f 473/12/131 468/10/133 472/12/131
f 474/12/133 467/9/127 466/9/127
f 467/9/127 474/12/133 475/12/133
f 466/9/130 467/9/130 474/12/134
f 475/12/134 474/12/134 467/9/130
f 471/11/130 476/11/129 469/11/130
f 476/11/129 471/11/130 477/11/129
f 469/11/127 476/11/128 471/11/127
f 477/11/128 471/11/127 476/11/128
f 475/12/114 465/9/114 467/9/114
f 465/9/114 475/12/114 472/12/114
f 472/12/114 475/12/114 478/10/114
f 472/12/114 478/10/114 470/10/114
f 470/10/114 478/10/114 477/11/114
f 470/10/114 477/11/114 471/11/114
f 467/9/113 465/9/113 475/12/113
f 472/12/113 475/12/113 465/9/113
f 478/10/113 475/12/113 472/12/113
f 470/10/113 478/10/113 472/12/113
f 477/11/113 478/10/113 470/10/113
f 471/11/113 477/11/113 470/10/113
f 473/12/113 466/9/113 464/9/113
f 466/9/113 473/12/113 474/12/113
f 474/12/113 473/12/113 468/10/113
f 474/12/113 468/10/113 479/10/113
f 479/10/113 468/10/113 469/11/113
f 479/10/113 469/11/113 476/11/113
f 464/9/114 466/9/114 473/12/114
f 474/12/114 473/12/114 466/9/114
f 468/10/114 473/12/114 474/12/114
f 479/10/114 468/10/114 474/12/114
f 469/11/114 468/10/114 479/10/114
f 476/11/114 469/11/114 479/10/114
f 474/12/133 478/10/131 475/12/133
f 478/10/131 474/12/133 479/10/131
f 475/12/134 478/10/132 474/12/134
f 479/10/132 474/12/134 478/10/132
f 477/11/129 479/10/131 476/11/129
f 479/10/131 477/11/129 478/10/131
f 476/11/128 479/10/132 477/11/128
f 478/10/132 477/11/128 479/10/132
f 464/9/128 472/12/132 473/12/132
f 472/12/132 464/9/128 465/9/128
f 473/12/131 472/12/131 464/9/129
f 465/9/129 464/9/129 472/12/131
f 482/26/109 481/25/167 480/25/109
f 481/25/167 482/26/109 483/26/167
f 480/25/107 481/25/168 482/26/107
f 483/26/168 482/26/107 481/25/168
f 486/26/169 485/25/107 484/25/169
f 485/25/107 486/26/169 487/26/107
f 484/25/170 485/25/109 486/26/170
f 487/26/109 486/26/170 485/25/109
f 489/26/170 480/25/109 488/25/170
f 480/25/109 489/26/170 482/26/109
f 488/25/169 480/25/107 489/26/169
f 482/26/107 489/26/169 480/25/107
f 489/26/171 491/25/112 490/26/112
f 491/25/112 489/26/171 488/25/171
f 490/26/111 491/25/111 489/26/172
f 488/25/172 489/26/172 491/25/111
f 492/26/33 489/26/33 490/26/33
f 489/26/33 492/26/33 487/26/33
f 489/26/33 487/26/33 482/26/33
f 482/26/33 487/26/33 486/26/33
f 482/26/33 486/26/33 483/26/33
f 483/26/33 486/26/33 493/26/33
f 490/26/34 489/26/34 492/26/34
f 487/26/34 492/26/34 489/26/34
f 482/26/34 487/26/34 489/26/34
f 486/26/34 487/26/34 482/26/34
f 483/26/34 486/26/34 482/26/34
f 493/26/34 486/26/34 483/26/34
f 494/25/111 486/26/172 484/25/172
f 486/26/172 494/25/111 493/26/111
f 484/25/171 486/26/171 494/25/112
f 493/26/112 494/25/112 486/26/171
f 481/25/173 493/26/111 494/25/111
f 493/26/111 481/25/173 483/26/173
f 494/25/112 493/26/112 481/25/174
f 483/26/174 481/25/174 493/26/112
f 490/26/112 495/25/174 492/26/174
f 495/25/174 490/26/112 491/25/112
f 492/26/173 495/25/173 490/26/111
f 491/25/111 490/26/111 495/25/173
f 487/26/107 495/25/168 485/25/107
f 495/25/168 487/26/107 492/26/168
f 485/25/109 495/25/167 487/26/109
f 492/26/167 487/26/109 495/25/167
f 498/26/112 497/25/174 496/26/174
f 497/25/174 498/26/112 499/25/112
f 496/26/173 497/25/173 498/26/111
f 499/25/111 498/26/111 497/25/173
f 502/26/109 501/25/167 500/25/109
f 501/25/167 502/26/109 503/26/167
f 500/25/107 501/25/168 502/26/107
f 503/26/168 502/26/107 501/25/168
f 505/26/170 500/25/109 504/25/170
f 500/25/109 505/26/170 502/26/109
f 504/25/169 500/25/107 505/26/169
f 502/26/107 505/26/169 500/25/107
f 507/26/107 497/25/168 506/25/107
f 497/25/168 507/26/107 496/26/168
f 506/25/109 497/25/167 507/26/109
f 496/26/167 507/26/109 497/25/167
f 509/26/169 506/25/107 508/25/169
f 506/25/107 509/26/169 507/26/107
f 508/25/170 506/25/109 509/26/170
f 507/26/109 509/26/170 506/25/109
f 510/25/111 509/26/172 508/25/172
f 509/26/172 510/25/111 511/26/111
f 508/25/171 509/26/171 510/25/112
f 511/26/112 510/25/112 509/26/171
f 501/25/173 511/26/111 510/25/111
f 511/26/111 501/25/173 503/26/173
f 510/25/112 511/26/112 501/25/174
f 503/26/174 501/25/174 511/26/112
f 496/26/33 505/26/33 498/26/33
f 505/26/33 496/26/33 502/26/33
f 502/26/33 496/26/33 507/26/33
f 502/26/33 507/26/33 503/26/33
f 503/26/33 507/26/33 509/26/33
f 503/26/33 509/26/33 511/26/33
f 498/26/34 505/26/34 496/26/34
f 502/26/34 496/26/34 505/26/34
f 507/26/34 496/26/34 502/26/34
f 503/26/34 507/26/34 502/26/34
f 509/26/34 507/26/34 503/26/34
f 511/26/34 509/26/34 503/26/34
f 504/25/34 497/25/34 499/25/34
f 497/25/34 504/25/34 500/25/34
f 497/25/34 500/25/34 506/25/34
f 506/25/34 500/25/34 501/25/34
f 506/25/34 501/25/34 508/25/34
f 508/25/34 501/25/34 510/25/34
f 499/25/33 497/25/33 504/25/33
f 500/25/33 504/25/33 497/25/33
f 506/25/33 500/25/33 497/25/33
f 501/25/33 500/25/33 506/25/33
f 508/25/33 501/25/33 506/25/33
f 510/25/33 501/25/33 508/25/33
f 505/26/171 499/25/112 498/26/112
f 499/25/112 505/26/171 504/25/171
f 498/26/111 499/25/111 505/26/172
f 504/25/172 505/26/172 499/25/111
f 514/28/175 513/27/176 512/27/175
f 513/27/176 514/28/175 515/28/176
f 512/27/177 513/27/178 514/28/177
f 515/28/178 514/28/177 513/27/178
f 517/28/179 512/27/175 516/27/179
f 512/27/175 517/28/179 514/28/175
f 516/27/180 512/27/177 517/28/180
f 514/28/177 517/28/180 512/27/177
f 520/27/181 519/28/182 518/28/181
f 519/28/182 520/27/181 521/27/182
f 518/28/183 519/28/184 520/27/183
f 521/27/184 520/27/183 519/28/184
f 524/27/185 523/28/186 522/28/185
f 523/28/186 524/27/185 525/27/186
f 522/28/187 523/28/188 524/27/187
f 525/27/188 524/27/187 523/28/188
f 526/27/190 519/28/189 521/27/189
f 519/28/189 526/27/190 527/28/190
f 521/27/192 519/28/192 526/27/191
f 527/28/191 526/27/191 519/28/192
f 524/27/193 527/28/190 526/27/190
f 527/28/190 524/27/193 522/28/193
f 526/27/191 527/28/191 524/27/194
f 522/28/194 524/27/194 527/28/191
f 516/27/195 518/28/181 517/28/195
f 518/28/181 516/27/195 520/27/181
f 517/28/196 518/28/183 516/27/196
f 520/27/183 516/27/196 518/28/183
f 525/27/186 515/28/197 523/28/186
f 515/28/197 525/27/186 513/27/197
f 523/28/188 515/28/198 525/27/188
f 513/27/198 525/27/188 515/28/198
f 530/26/120 529/25/168 528/25/120
f 529/25/168 530/26/120 531/26/168
f 528/25/119 529/25/167 530/26/119
f 531/26/167 530/26/119 529/25/167
f 534/26/170 533/25/119 532/25/170
f 533/25/119 534/26/170 535/26/119
f 532/25/169 533/25/120 534/26/169
f 535/26/120 534/26/169 533/25/120
f 537/26/169 528/25/120 536/25/169
f 528/25/120 537/26/169 530/26/120
f 536/25/170 528/25/119 537/26/170
f 530/26/119 537/26/170 528/25/119
f 537/26/172 539/25/121 538/26/121
f 539/25/121 537/26/172 536/25/172
f 538/26/122 539/25/122 537/26/171
f 536/25/171 537/26/171 539/25/122
f 540/26/33 537/26/33 538/26/33
f 537/26/33 540/26/33 535/26/33
f 537/26/33 535/26/33 530/26/33
f 530/26/33 535/26/33 534/26/33
f 530/26/33 534/26/33 531/26/33
f 531/26/33 534/26/33 541/26/33
f 538/26/34 537/26/34 540/26/34
f 535/26/34 540/26/34 537/26/34
f 530/26/34 535/26/34 537/26/34
f 534/26/34 535/26/34 530/26/34
f 531/26/34 534/26/34 530/26/34
f 541/26/34 534/26/34 531/26/34
f 542/25/122 534/26/171 532/25/171
f 534/26/171 542/25/122 541/26/122
f 532/25/172 534/26/172 542/25/121
f 541/26/121 542/25/121 534/26/172
f 529/25/174 541/26/122 542/25/122
f 541/26/122 529/25/174 531/26/174
f 542/25/121 541/26/121 529/25/173
f 531/26/173 529/25/173 541/26/121
f 538/26/121 543/25/173 540/26/173
f 543/25/173 538/26/121 539/25/121
f 540/26/174 543/25/174 538/26/122
f 539/25/122 538/26/122 543/25/174
f 535/26/119 543/25/167 533/25/119
f 543/25/167 535/26/119 540/26/167
f 533/25/120 543/25/168 535/26/120
f 540/26/168 535/26/120 543/25/168
f 546/26/121 545/25/173 544/26/173
f 545/25/173 546/26/121 547/25/121
f 544/26/174 545/25/174 546/26/122
f 547/25/122 546/26/122 545/25/174
f 550/26/120 549/25/168 548/25/120
f 549/25/168 550/26/120 551/26/168
f 548/25/119 549/25/167 550/26/119
f 551/26/167 550/26/119 549/25/167
f 553/26/169 548/25/120 552/25/169
f 548/25/120 553/26/169 550/26/120
f 552/25/170 548/25/119 553/26/170
f 550/26/119 553/26/170 548/25/119
f 555/26/119 545/25/167 554/25/119
f 545/25/167 555/26/119 544/26/167
f 554/25/120 545/25/168 555/26/120
f 544/26/168 555/26/120 545/25/168
f 557/26/170 554/25/119 556/25/170
f 554/25/119 557/26/170 555/26/119
f 556/25/169 554/25/120 557/26/169
f 555/26/120 557/26/169 554/25/120
f 558/25/122 557/26/171 556/25/171
f 557/26/171 558/25/122 559/26/122
f 556/25/172 557/26/172 558/25/121
f 559/26/121 558/25/121 557/26/172
f 549/25/174 559/26/122 558/25/122
f 559/26/122 549/25/174 551/26/174
f 558/25/121 559/26/121 549/25/173
f 551/26/173 549/25/173 559/26/121
f 544/26/33 553/26/33 546/26/33
f 553/26/33 544/26/33 550/26/33
f 550/26/33 544/26/33 555/26/33
f 550/26/33 555/26/33 551/26/33
f 551/26/33 555/26/33 557/26/33
f 551/26/33 557/26/33 559/26/33
f 546/26/34 553/26/34 544/26/34
f 550/26/34 544/26/34 553/26/34
f 555/26/34 544/26/34 550/26/34
f 551/26/34 555/26/34 550/26/34
f 557/26/34 555/26/34 551/26/34
f 559/26/34 557/26/34 551/26/34
f 552/25/34 545/25/34 547/25/34
f 545/25/34 552/25/34 548/25/34
f 545/25/34 548/25/34 554/25/34
f 554/25/34 548/25/34 549/25/34
f 554/25/34 549/25/34 556/25/34
f 556/25/34 549/25/34 558/25/34
f 547/25/33 545/25/33 552/25/33
f 548/25/33 552/25/33 545/25/33
f 554/25/33 548/25/33 545/25/33
f 549/25/33 548/25/33 554/25/33
f 556/25/33 549/25/33 554/25/33
f 558/25/33 549/25/33 556/25/33
f 553/26/172 547/25/121 546/26/121
f 547/25/121 553/26/172 552/25/172
f 546/26/122 547/25/122 553/26/171
f 552/25/171 553/26/171 547/25/122
f 562/28/199 561/27/189 560/27/199
f 561/27/189 562/28/199 563/28/189
f 560/27/200 561/27/192 562/28/200
f 563/28/192 562/28/200 561/27/192
f 565/28/193 560/27/199 564/27/193
f 560/27/199 565/28/193 562/28/199
f 564/27/194 560/27/200 565/28/194
f 562/28/200 565/28/194 560/27/200
f 568/27/201 567/28/197 566/28/201
f 567/28/197 568/27/201 569/27/197
f 566/28/202 567/28/198 568/27/202
f 569/27/198 568/27/202 567/28/198
f 572/27/195 571/28/203 570/28/195
f 571/28/203 572/27/195 573/27/203
f 570/28/196 571/28/204 572/27/196
f 573/27/204 572/27/196 571/28/204
f 574/27/205 567/28/176 569/27/176
f 567/28/176 574/27/205 575/28/205
f 569/27/178 567/28/178 574/27/206
f 575/28/206 574/27/206 567/28/178
f 572/27/179 575/28/205 574/27/205
f 575/28/205 572/27/179 570/28/179
f 574/27/206 575/28/206 572/27/180
f 570/28/180 572/27/180 575/28/206
f 564/27/185 566/28/201 565/28/185
f 566/28/201 564/27/185 568/27/201
f 565/28/187 566/28/202 564/27/187
f 568/27/202 564/27/187 566/28/202
f 573/27/203 563/28/182 571/28/203
f 563/28/182 573/27/203 561/27/182
f 571/28/204 563/28/184 573/27/204
f 561/27/184 573/27/204 563/28/184

