# Created by Kenney (www.kenney.nl)

mtllib corridor-wide-corner.mtl

g corridor-wide-corner

v 0.7478461 0 2.497211 1 1 1
v 0.3614758 0 2.393683 1 1 1
v 0.7124908 0.1 2.435973 1 1 1
v 0.422713 0.1 2.358327 1 1 1
v 0.2487425 0 2.524197 1 1 1
v 0.3005064 0 2.717382 1 1 1
v 0.2310648 0.05 2.554816 1 1 1
v 0.2698877 0.05 2.699705 1 1 1
v 0.4650035 0 2.007313 1 1 1
v 0.8513739 0 2.11084 1 1 1
v 0.5003588 0.1 2.06855 1 1 1
v 0.7901366 0.1 2.146195 1 1 1
v 0.1249988 0.05 2.738528 1 1 1
v 0.08617592 0.05 2.593639 1 1 1
v 0.1073211 0 2.769146 1 1 1
v 0.05555725 0 2.575961 1 1 1
v 2.649966 0.05 0.3569163 1 1 1
v 2.437834 0.05 0.5690484 1 1 1
v 2.437834 0.05 0.1447842 1 1 1
v 2.225702 0.05 0.3569163 1 1 1
v 2.437834 0 0.6397591 1 1 1
v 2.154991 0 0.3569163 1 1 1
v 2.720676 0 0.3569163 1 1 1
v 2.437834 0 0.07407355 1 1 1
v 2.271631 0 1.181537 1 1 1
v 2.210393 0.05 1.146182 1 1 1
v 2.168103 0 0.7951666 1 1 1
v 2.132748 0.05 0.8564038 1 1 1
v 1.781733 0 0.8986943 1 1 1
v 1.84297 0.05 0.9340495 1 1 1
v 1.582728 0 0.4983463 1 1 1
v 1.782728 0 0.4983463 1 1 1
v 1.607728 0.1 0.5233463 1 1 1
v 1.757728 0.1 0.5233463 1 1 1
v 1.757728 0.1 0.6733463 1 1 1
v 1.607728 0.1 0.6733463 1 1 1
v 1.920616 0.05 1.223827 1 1 1
v 1.88526 0 1.285064 1 1 1
v 1.782728 0 0.6983463 1 1 1
v 1.582728 0 0.6983463 1 1 1
v 4 0 0 1 1 1
v 2.828427 0 2.828427 1 1 1
v 0 0 0 1 1 1
v 0 0 4 1 1 1
v -4 0 0 1 1 1
v -4 0 4 1 1 1
v 0 0 -4 1 1 1
v -4 0 -4 1 1 1
v 4 0 -4 1 1 1
v -3.296845 0 2.432191 1 1 1
v -3.266227 0.05 2.449869 1 1 1
v -3.245081 0 2.625376 1 1 1
v -3.227404 0.05 2.594758 1 1 1
v -3.051896 0 2.573612 1 1 1
v -3.082515 0.05 2.555935 1 1 1
v -3.547956 0 2.714653 1 1 1
v -3.934326 0 2.611125 1 1 1
v -3.583311 0.1 2.653415 1 1 1
v -3.873089 0.1 2.575769 1 1 1
v -3.830799 0 2.224754 1 1 1
v -3.795443 0.1 2.285992 1 1 1
v -0.9281118 0 2.006432 1 1 1
v -0.9031119 0.1 2.031432 1 1 1
v -0.9281118 0 2.206432 1 1 1
v -0.9031119 0.1 2.181432 1 1 1
v -0.7531118 0.1 2.031432 1 1 1
v -0.7531118 0.1 2.181432 1 1 1
v -0.7281119 0 2.206432 1 1 1
v -0.7281119 0 2.006432 1 1 1
v -3.444428 0 2.328282 1 1 1
v -3.505666 0.1 2.363637 1 1 1
v -3.10366 0 2.380427 1 1 1
v -3.121338 0.05 2.411046 1 1 1
v -0.2504306 0.05 2.49822 1 1 1
v -0.4625626 0.05 2.710352 1 1 1
v -0.4625626 0.05 2.286088 1 1 1
v -0.6746947 0.05 2.49822 1 1 1
v -0.4625626 0 2.215377 1 1 1
v -0.7454052 0 2.49822 1 1 1
v -1.10959 -2.887646E-15 2.097593 1 1 1
v -1.144946 0.05 2.15883 1 1 1
v -1.495961 -2.887646E-15 2.201121 1 1 1
v -1.434723 0.05 2.236476 1 1 1
v -0.1797198 0 2.49822 1 1 1
v -0.4625626 0 2.781063 1 1 1
v -1.006063 -2.887646E-15 2.483963 1 1 1
v -1.392433 -2.887646E-15 2.587491 1 1 1
v -1.0673 0.05 2.448608 1 1 1
v -1.357078 0.05 2.526254 1 1 1
v 2.432192 0 -0.7031555 1 1 1
v 2.44987 0.05 -0.7337741 1 1 1
v 2.625377 0 -0.7549193 1 1 1
v 2.594759 0.05 -0.772597 1 1 1
v 2.573613 0 -0.9481045 1 1 1
v 2.555936 0.05 -0.9174858 1 1 1
v 2.714653 0 -0.452045 1 1 1
v 2.611126 0 -0.06567442 1 1 1
v 2.653416 0.1 -0.4166894 1 1 1
v 2.575771 0.1 -0.1269118 1 1 1
v 2.224756 0 -0.1692021 1 1 1
v 2.285993 0.1 -0.2045574 1 1 1
v 2.006433 0 -3.071889 1 1 1
v 2.031433 0.1 -3.096889 1 1 1
v 2.206433 0 -3.071889 1 1 1
v 2.181433 0.1 -3.096889 1 1 1
v 2.031433 0.1 -3.246889 1 1 1
v 2.181433 0.1 -3.246889 1 1 1
v 2.206433 0 -3.271889 1 1 1
v 2.006433 0 -3.271889 1 1 1
v 2.328283 0 -0.5555725 1 1 1
v 2.363638 0.1 -0.4943353 1 1 1
v 2.380428 0 -0.8963407 1 1 1
v 2.411047 0.05 -0.8786631 1 1 1
v 2.49822 0.05 -3.749571 1 1 1
v 2.710352 0.05 -3.537439 1 1 1
v 2.286088 0.05 -3.537439 1 1 1
v 2.49822 0.05 -3.325306 1 1 1
v 2.215378 0 -3.537439 1 1 1
v 2.49822 0 -3.254596 1 1 1
v 2.097594 -2.887646E-15 -2.890411 1 1 1
v 2.158831 0.05 -2.855055 1 1 1
v 2.201122 -2.887646E-15 -2.50404 1 1 1
v 2.236477 0.05 -2.565278 1 1 1
v 2.49822 0 -3.820282 1 1 1
v 2.781063 0 -3.537439 1 1 1
v 2.483964 -2.887646E-15 -2.993938 1 1 1
v 2.587492 -2.887646E-15 -2.607568 1 1 1
v 2.448609 0.05 -2.932701 1 1 1
v 2.526255 0.05 -2.642923 1 1 1
v 4 0.9 0 1 1 1
v 3.695518 0.9 1.530734 1 1 1
v 3.399003 0.9 0 1 1 1
v 3.140269 0.9 1.300742 1 1 1
v 2.828427 0.9 2.828427 1 1 1
v 2.403458 0.9 2.403458 1 1 1
v 1.530734 0.9 3.695518 1 1 1
v 1.300742 0.9 3.140269 1 1 1
v 0 0.9 4 1 1 1
v 0 0.9 3.399003 1 1 1
v 3.399003 0.2 0 1 1 1
v 4 0.2 0 1 1 1
v 3.140269 0.2 1.300742 1 1 1
v 2.403458 0.2 2.403458 1 1 1
v 1.300742 0.2 3.140269 1 1 1
v 0 0.2 3.399003 1 1 1
v 0 0.2 4 1 1 1
v 1.530734 0.2 3.695518 1 1 1
v 2.828427 0.2 2.828427 1 1 1
v 3.695518 0.2 1.530734 1 1 1
v -4 0.2 3.399002 1 1 1
v -2 0.2 3.199002 1 1 1
v -4 0.9 3.399002 1 1 1
v -2 0.9 3.199002 1 1 1
v 0 0.9 4 1 1 1
v -4 0.9 4 1 1 1
v 0 0.9 3.399002 1 1 1
v 0 0.2 4 1 1 1
v -4 0.2 4 1 1 1
v 0 0.2 3.399002 1 1 1
v 3.399003 0.2 2.384186E-07 1 1 1
v 3.199003 0.2 -2 1 1 1
v 3.399003 0.9 2.384186E-07 1 1 1
v 3.199003 0.9 -2 1 1 1
v 4 0.9 -4 1 1 1
v 4 0.9 2.384186E-07 1 1 1
v 3.399003 0.9 -4 1 1 1
v 4 0.2 -4 1 1 1
v 4 0.2 2.384186E-07 1 1 1
v 3.399003 0.2 -4 1 1 1
v -4 0.9 -3.399002 1 1 1
v -4 0.9 -4 1 1 1
v -3.699501 0.9 -3.479521 1 1 1
v -3.399002 0.9 -4 1 1 1
v -3.479521 0.9 -3.699501 1 1 1
v -4 0.2 -3.399002 1 1 1
v -4 0.2 -4 1 1 1
v -3.399002 0.2 -4 1 1 1
v -3.479521 0.2 -3.699501 1 1 1
v -3.699501 0.2 -3.479521 1 1 1
v 3.6 0.9 0 1 1 1
v 3.6 4.05 0 1 1 1
v 3.325966 0.9 1.37766 1 1 1
v 3.325966 4.05 1.37766 1 1 1
v 2.545584 0.9 2.545584 1 1 1
v 2.545584 4.05 2.545584 1 1 1
v 0 0.9 3.6 1 1 1
v 1.37766 0.9 3.325966 1 1 1
v 0 4.05 3.6 1 1 1
v 1.37766 4.05 3.325966 1 1 1
v 4 4.05 0 1 1 1
v 3.695518 4.05 1.530734 1 1 1
v 2.828427 4.05 2.828427 1 1 1
v 1.530734 4.05 3.695518 1 1 1
v 0 4.05 4 1 1 1
v 2.998005 0 0 1 1 1
v 3.695518 0 1.530734 1 1 1
v 2.769795 0 1.147287 1 1 1
v 1.530734 0 3.695518 1 1 1
v 2.11991 0 2.11991 1 1 1
v 1.147287 0 2.769795 1 1 1
v 0 0 2.998005 1 1 1
v 2.998005 0.2 0 1 1 1
v 2.769795 0.2 1.147287 1 1 1
v 2.11991 0.2 2.11991 1 1 1
v 1.147287 0.2 2.769795 1 1 1
v 0 0.2 2.998005 1 1 1
v 2.483707 0.2 1.539528 1 1 1
v 2.483707 0 1.539528 1 1 1
v 2.992028 0.2 1.91916 1 1 1
v 2.992028 0 1.91916 1 1 1
v 1.526624 0 2.298758 1 1 1
v 1.838694 0 1.838695 1 1 1
v 1.526624 0.2 2.298758 1 1 1
v 1.838694 0.2 1.838695 1 1 1
v 2.298757 0 1.526625 1 1 1
v 2.298757 0.2 1.526625 1 1 1
v 1.539527 0 2.483708 1 1 1
v 1.539527 0.2 2.483708 1 1 1
v 1.91916 0 2.992029 1 1 1
v 1.91916 0.2 2.992029 1 1 1
v 0.709475 2.559764 3.458877 1 1 1
v 0.3314704 2.559764 3.534067 1 1 1
v 0.7585143 2.609764 3.449123 1 1 1
v 0.2824311 2.609764 3.543821 1 1 1
v 0.7585143 2.809764 3.449123 1 1 1
v 0.2824311 2.809764 3.543821 1 1 1
v 0.709475 2.859764 3.458877 1 1 1
v 0.3314704 2.859764 3.534067 1 1 1
v 0.3217158 2.859764 3.485028 1 1 1
v 0.2726766 2.809764 3.494782 1 1 1
v 0.6997205 2.559764 3.409838 1 1 1
v 0.3217158 2.559764 3.485028 1 1 1
v 0.7487597 2.809764 3.400084 1 1 1
v 0.7487597 2.609764 3.400084 1 1 1
v 0.2726766 2.609764 3.494782 1 1 1
v 0.6997205 2.859764 3.409838 1 1 1
v 1.017239 3.036932 3.397659 1 1 1
v 1.007485 3.036932 3.34862 1 1 1
v 0.6392344 3.036932 3.472849 1 1 1
v 0.6294799 3.036932 3.42381 1 1 1
v 1.066278 3.286932 3.387904 1 1 1
v 1.017239 3.336932 3.397659 1 1 1
v 1.056524 3.286932 3.338865 1 1 1
v 1.007485 3.336932 3.34862 1 1 1
v 0.5804406 3.086932 3.433564 1 1 1
v 1.056524 3.086932 3.338865 1 1 1
v 0.5804406 3.286932 3.433564 1 1 1
v 0.6294799 3.336932 3.42381 1 1 1
v 1.066278 3.086932 3.387904 1 1 1
v 0.6392344 3.336932 3.472849 1 1 1
v 0.5901952 3.086932 3.482603 1 1 1
v 0.5901952 3.286932 3.482603 1 1 1
v 1.831699 2.609087 3.022587 1 1 1
v 1.511242 2.609087 3.23671 1 1 1
v 1.803921 2.609087 2.981014 1 1 1
v 1.483464 2.609087 3.195137 1 1 1
v 1.831699 2.309087 3.022587 1 1 1
v 1.803921 2.309087 2.981014 1 1 1
v 1.511242 2.309087 3.23671 1 1 1
v 1.483464 2.309087 3.195137 1 1 1
v 1.873273 2.359087 2.994809 1 1 1
v 1.845494 2.359087 2.953235 1 1 1
v 1.469669 2.359087 3.264488 1 1 1
v 1.44189 2.359087 3.222915 1 1 1
v 1.44189 2.559087 3.222915 1 1 1
v 1.469669 2.559087 3.264488 1 1 1
v 1.845494 2.559087 2.953235 1 1 1
v 1.873273 2.559087 2.994809 1 1 1
v 3.415873 1.85972 0.9256663 1 1 1
v 3.406119 1.80972 0.9747056 1 1 1
v 3.366834 1.85972 0.9159118 1 1 1
v 3.35708 1.80972 0.964951 1 1 1
v 3.491063 1.85972 0.5476617 1 1 1
v 3.442024 1.85972 0.5379071 1 1 1
v 3.451778 1.60972 0.4888679 1 1 1
v 3.500817 1.60972 0.4986224 1 1 1
v 3.451778 1.80972 0.4888679 1 1 1
v 3.500817 1.80972 0.4986224 1 1 1
v 3.406119 1.60972 0.9747056 1 1 1
v 3.35708 1.60972 0.964951 1 1 1
v 3.442024 1.55972 0.5379071 1 1 1
v 3.366834 1.55972 0.9159118 1 1 1
v 3.491063 1.55972 0.5476617 1 1 1
v 3.415873 1.55972 0.9256663 1 1 1
v 0 0.2 2.998004 1 1 1
v 0 0 2.998004 1 1 1
v 0 0 4 1 1 1
v -4 0 2.998004 1 1 1
v -2 0 2.798005 1 1 1
v -4 0.2 2.998004 1 1 1
v -2 0.2 2.798005 1 1 1
v -4 0 4 1 1 1
v -4 0.9 3.6 1 1 1
v -2 0.9 3.4 1 1 1
v -4 4.05 3.6 1 1 1
v -2 4.05 3.4 1 1 1
v 0 0.9 3.6 1 1 1
v 0 4.05 3.6 1 1 1
v -4 4.05 4 1 1 1
v -4 0.9 4 1 1 1
v -1.072143 1.285278 3.442537 1 1 1
v -1.455641 1.285278 3.404188 1 1 1
v -1.077118 1.285278 3.492289 1 1 1
v -1.460616 1.285278 3.453939 1 1 1
v -1.072143 1.585278 3.442537 1 1 1
v -1.077118 1.585278 3.492289 1 1 1
v -1.455641 1.585278 3.404188 1 1 1
v -1.460616 1.585278 3.453939 1 1 1
v -1.022391 1.535278 3.447513 1 1 1
v -1.022391 1.335278 3.447513 1 1 1
v -1.027366 1.535278 3.497264 1 1 1
v -1.027366 1.335278 3.497264 1 1 1
v -1.505392 1.335278 3.399212 1 1 1
v -1.505392 1.535278 3.399212 1 1 1
v -1.510368 1.335278 3.448964 1 1 1
v -1.510368 1.535278 3.448964 1 1 1
v -3.132621 3.191752 3.513262 1 1 1
v -3.516119 3.191752 3.551611 1 1 1
v -3.137596 3.191752 3.46351 1 1 1
v -3.521094 3.191752 3.50186 1 1 1
v -3.132621 2.891752 3.513262 1 1 1
v -3.137596 2.891752 3.46351 1 1 1
v -3.516119 2.891752 3.551611 1 1 1
v -3.521094 2.891752 3.50186 1 1 1
v -3.08287 3.141752 3.508286 1 1 1
v -3.087845 3.141752 3.458535 1 1 1
v -3.565871 3.141752 3.556587 1 1 1
v -3.570846 3.141752 3.506835 1 1 1
v -3.087845 2.941752 3.458535 1 1 1
v -3.08287 2.941752 3.508286 1 1 1
v -3.565871 2.941752 3.556587 1 1 1
v -3.570846 2.941752 3.506835 1 1 1
v -0.3629637 1.633671 3.513454 1 1 1
v -0.7464612 1.633671 3.475105 1 1 1
v -0.3679388 1.633671 3.563206 1 1 1
v -0.7514362 1.633671 3.524857 1 1 1
v -0.3629637 1.933671 3.513454 1 1 1
v -0.3679388 1.933671 3.563206 1 1 1
v -0.7464612 1.933671 3.475105 1 1 1
v -0.7514362 1.933671 3.524857 1 1 1
v -0.3132118 1.883671 3.51843 1 1 1
v -0.318187 1.883671 3.568182 1 1 1
v -0.3132118 1.683671 3.51843 1 1 1
v -0.318187 1.683671 3.568182 1 1 1
v -0.7962129 1.683671 3.470129 1 1 1
v -0.7962129 1.883671 3.470129 1 1 1
v -0.8011881 1.683671 3.519881 1 1 1
v -0.8011881 1.883671 3.519881 1 1 1
v 2.998004 0.2 -4 1 1 1
v 2.998004 0 -4 1 1 1
v 3.999999 0.2 -4 1 1 1
v 3.999999 0 -4 1 1 1
v 2.998005 0 2.384186E-07 1 1 1
v 2.798005 0 -2 1 1 1
v 2.998005 0.2 2.384186E-07 1 1 1
v 2.798005 0.2 -2 1 1 1
v 4 0 2.384186E-07 1 1 1
v 4 0.2 2.384186E-07 1 1 1
v 3.599996 0.9 7.867813E-06 1 1 1
v 3.399995 0.9 -1.999992 1 1 1
v 3.599996 4.05 7.867813E-06 1 1 1
v 3.399995 4.05 -1.999992 1 1 1
v 3.599995 0.9 -3.999993 1 1 1
v 3.599995 4.05 -3.999993 1 1 1
v 3.999995 4.05 -3.999993 1 1 1
v 3.999995 0.9 -3.999993 1 1 1
v 3.999996 4.05 7.867813E-06 1 1 1
v 3.999996 0.9 7.867813E-06 1 1 1
v 3.442532 1.285278 -2.92785 1 1 1
v 3.404182 1.285278 -2.544353 1 1 1
v 3.492283 1.285278 -2.922875 1 1 1
v 3.453934 1.285278 -2.539378 1 1 1
v 3.442532 1.585278 -2.92785 1 1 1
v 3.492283 1.585278 -2.922875 1 1 1
v 3.404182 1.585278 -2.544353 1 1 1
v 3.453934 1.585278 -2.539378 1 1 1
v 3.447507 1.535278 -2.977602 1 1 1
v 3.447507 1.335278 -2.977602 1 1 1
v 3.497259 1.535278 -2.972627 1 1 1
v 3.497259 1.335278 -2.972627 1 1 1
v 3.399207 1.335278 -2.494601 1 1 1
v 3.399207 1.535278 -2.494601 1 1 1
v 3.448958 1.335278 -2.489626 1 1 1
v 3.448958 1.535278 -2.489626 1 1 1
v 3.513259 3.191752 -0.8673702 1 1 1
v 3.551609 3.191752 -0.4838727 1 1 1
v 3.463507 3.191752 -0.862395 1 1 1
v 3.501857 3.191752 -0.4788975 1 1 1
v 3.513259 2.891752 -0.8673702 1 1 1
v 3.463507 2.891752 -0.862395 1 1 1
v 3.551609 2.891752 -0.4838727 1 1 1
v 3.501857 2.891752 -0.4788975 1 1 1
v 3.508284 3.141752 -0.9171221 1 1 1
v 3.458532 3.141752 -0.9121469 1 1 1
v 3.556584 3.141752 -0.4341208 1 1 1
v 3.506832 3.141752 -0.4291456 1 1 1
v 3.458532 2.941752 -0.9121469 1 1 1
v 3.508284 2.941752 -0.9171221 1 1 1
v 3.556584 2.941752 -0.4341208 1 1 1
v 3.506832 2.941752 -0.4291456 1 1 1
v 3.51345 1.633671 -3.637029 1 1 1
v 3.4751 1.633671 -3.253532 1 1 1
v 3.563201 1.633671 -3.632054 1 1 1
v 3.524852 1.633671 -3.248557 1 1 1
v 3.51345 1.933671 -3.637029 1 1 1
v 3.563201 1.933671 -3.632054 1 1 1
v 3.4751 1.933671 -3.253532 1 1 1
v 3.524852 1.933671 -3.248557 1 1 1
v 3.518425 1.883671 -3.686781 1 1 1
v 3.568177 1.883671 -3.681806 1 1 1
v 3.518425 1.683671 -3.686781 1 1 1
v 3.568177 1.683671 -3.681806 1 1 1
v 3.470125 1.683671 -3.20378 1 1 1
v 3.470125 1.883671 -3.20378 1 1 1
v 3.519877 1.683671 -3.198805 1 1 1
v 3.519877 1.883671 -3.198805 1 1 1
v -4 4.05 -3.599999 1 1 1
v -4 0.9 -3.599999 1 1 1
v -4 4.05 -3.999999 1 1 1
v -4 0.9 -3.999999 1 1 1
v -3.6 0.9 -3.999999 1 1 1
v -3.6 4.05 -3.999999 1 1 1
v -3.8 0.9 -3.653589 1 1 1
v -3.8 4.05 -3.653589 1 1 1
v -3.65359 0.9 -3.799999 1 1 1
v -3.65359 4.05 -3.799999 1 1 1
v -4 -1.707772E-14 -4 1 1 1
v -2.998005 -1.707772E-14 -4 1 1 1
v -4 0.2 -4 1 1 1
v -2.998005 0.2 -4 1 1 1
v -4 0.2 -2.998005 1 1 1
v -4 -1.707772E-14 -2.998005 1 1 1
v -3.499002 0.2 -3.132247 1 1 1
v -3.132247 0.2 -3.499002 1 1 1
v -3.499002 -1.635581E-14 -3.132247 1 1 1
v -3.132247 -1.635581E-14 -3.499002 1 1 1
v 2.840657 3.857286 2.0904 1 1 1
v 2.465528 3.857286 1.82245 1 1 1
v 3.108607 3.857286 2.465528 1 1 1
v 2.0904 3.857286 2.0904 1 1 1
v 2.840657 3.857286 2.840657 1 1 1
v 1.82245 3.857286 2.465528 1 1 1
v 2.465528 3.857286 3.108607 1 1 1
v 2.0904 3.857286 2.840657 1 1 1
v 2.840657 4.233286 2.0904 1 1 1
v 3.108607 4.233286 2.465528 1 1 1
v 2.465528 4.233286 1.82245 1 1 1
v 2.0904 4.233286 2.0904 1 1 1
v 2.840657 4.233286 2.840657 1 1 1
v 1.82245 4.233286 2.465528 1 1 1
v 2.465528 4.233286 3.108607 1 1 1
v 2.0904 4.233286 2.840657 1 1 1
v 2.810647 0.576 2.12041 1 1 1
v 3.05716 0.576 2.465528 1 1 1
v 2.465528 0.576 1.873896 1 1 1
v 2.12041 0.576 2.12041 1 1 1
v 2.810647 0.576 2.810647 1 1 1
v 2.465528 0.576 3.05716 1 1 1
v 1.873896 0.576 2.465528 1 1 1
v 2.12041 0.576 2.810647 1 1 1
v 2.465528 0.2 1.873896 1 1 1
v 2.810647 0.2 2.12041 1 1 1
v 2.12041 0.2 2.12041 1 1 1
v 1.873896 0.2 2.465528 1 1 1
v 2.12041 0.2 2.810647 1 1 1
v 2.465528 0.2 3.05716 1 1 1
v 2.810647 0.2 2.810647 1 1 1
v 3.05716 0.2 2.465528 1 1 1
v 2.23289 0.576 2.23289 1 1 1
v 2.465528 0.576 2.06672 1 1 1
v 2.174731 3.857286 2.174731 1 1 1
v 2.465528 3.857286 1.967018 1 1 1
v 2.174731 3.857286 2.756326 1 1 1
v 2.465528 3.857286 2.964039 1 1 1
v 2.23289 0.576 2.698167 1 1 1
v 2.465528 0.576 2.864337 1 1 1
v 2.06672 0.576 2.465528 1 1 1
v 1.967018 3.857286 2.465528 1 1 1
v 2.698167 0.576 2.23289 1 1 1
v 2.864337 0.576 2.465528 1 1 1
v 2.756326 3.857286 2.174731 1 1 1
v 2.964039 3.857286 2.465528 1 1 1
v 2.698167 0.576 2.698167 1 1 1
v 2.756326 3.857286 2.756326 1 1 1

vn 0.4082483 0.5773503 0.7071068
vn -0.7071068 0.5773503 0.4082483
vn 0.3003764 0.7994348 0.5202672
vn -0.5202672 0.7994348 0.3003764
vn -0.3003764 -0.7994348 -0.5202672
vn 0.7071068 -0.5773503 -0.4082483
vn -0.4082483 -0.5773503 -0.7071068
vn 0.5202672 -0.7994348 -0.3003764
vn 0.4082483 0.5773503 -0.7071068
vn 0.7071068 0.5773503 0.4082483
vn 0.3003764 0.7994348 -0.5202672
vn 0.5202672 0.7994348 0.3003764
vn -0.3003764 -0.7994348 0.5202672
vn -0.7071068 -0.5773503 -0.4082483
vn -0.4082483 -0.5773503 0.7071068
vn -0.5202672 -0.7994348 -0.3003764
vn -0.4082483 0.5773503 -0.7071068
vn 0.7071068 0.5773503 -0.4082483
vn -0.3003764 0.7994348 -0.5202672
vn 0.5202672 0.7994348 -0.3003764
vn 0.3003764 -0.7994348 0.5202672
vn -0.7071068 -0.5773503 0.4082483
vn 0.4082483 -0.5773503 0.7071068
vn -0.5202672 -0.7994348 0.3003764
vn -0.3003764 0.7994348 0.5202672
vn -0.5202672 0.7994348 -0.3003764
vn 0.3003764 -0.7994348 -0.5202672
vn 0.5202672 -0.7994348 0.3003764
vn -0.4082483 0.5773503 0.7071068
vn 0.4082483 -0.5773503 -0.7071068
vn -0.7071068 0.5773503 -0.4082483
vn 0.7071068 -0.5773503 0.4082483
vn 0.4245382 0.9054101 0
vn 0 0.9054101 0.4245382
vn 0 0.9054101 -0.4245382
vn -0.4245382 0.9054101 0
vn 0 -0.9054101 0.4245382
vn 0 -0.9054101 -0.4245382
vn -0.4245382 -0.9054101 0
vn 0.4245382 -0.9054101 0
vn 0 0.8164966 0.5773503
vn -0.5773503 0.8164966 0
vn 0 -0.8164966 -0.5773503
vn 0.5773503 -0.8164966 0
vn 0.5773503 0.8164966 0
vn -0.5773503 -0.8164966 0
vn 0 0.8164966 -0.5773503
vn 0 -0.8164966 0.5773503
vn 0.5 0.8164966 0.2886751
vn 0.3676609 0.90541 0.2122691
vn 0.2886751 0.8164966 -0.5
vn 0.2122691 0.90541 -0.3676609
vn -0.2886751 -0.8164966 0.5
vn -0.3676609 -0.90541 -0.2122691
vn -0.5 -0.8164966 -0.2886751
vn -0.2122691 -0.90541 0.3676609
vn -0.5 0.8164966 -0.2886751
vn -0.3676609 0.90541 -0.2122691
vn 0.5 -0.8164966 0.2886751
vn 0.3676609 -0.90541 0.2122691
vn -0.6666667 0.3333333 -0.6666667
vn 0.6666667 0.3333333 -0.6666667
vn -0.5033765 0.7022992 -0.5033765
vn 0.5033765 0.7022992 -0.5033765
vn 0.5033765 -0.7022992 0.5033765
vn -0.6666667 -0.3333333 0.6666667
vn 0.6666667 -0.3333333 0.6666667
vn -0.5033765 -0.7022992 0.5033765
vn 0.5033765 0.7022992 0.5033765
vn -0.5033765 0.7022992 0.5033765
vn -0.5033765 -0.7022992 -0.5033765
vn 0.5033765 -0.7022992 -0.5033765
vn -0.2122691 0.90541 0.3676609
vn -0.2886751 0.8164966 0.5
vn 0.2886751 -0.8164966 -0.5
vn 0.2122691 -0.90541 -0.3676609
vn 0.6666667 0.3333333 0.6666667
vn -0.6666667 -0.3333333 -0.6666667
vn -0.6666667 0.3333333 0.6666667
vn 0.6666667 -0.3333333 -0.6666667
vn 0 1 0
vn 0 -1 0
vn -0.4082482 0.5773503 0.7071069
vn -0.3003764 0.7994348 0.5202673
vn 0.7071069 0.5773503 0.4082482
vn 0.5202673 0.7994348 0.3003764
vn -0.7071069 -0.5773503 -0.4082482
vn 0.3003764 -0.7994348 -0.5202673
vn 0.4082482 -0.5773503 -0.7071069
vn -0.5202673 -0.7994348 -0.3003764
vn 0.4082482 0.5773503 -0.7071069
vn 0.3003764 0.7994348 -0.5202673
vn -0.3003764 -0.7994348 0.5202673
vn -0.4082482 -0.5773503 0.7071069
vn 0.7071068 0.5773503 -0.4082484
vn 0.4082484 0.5773503 0.7071068
vn 0.5202672 0.7994348 -0.3003765
vn 0.3003765 0.7994348 0.5202672
vn -0.5202672 -0.7994348 0.3003765
vn -0.4082484 -0.5773503 -0.7071068
vn -0.7071068 -0.5773503 0.4082484
vn -0.3003765 -0.7994348 -0.5202672
vn -0.7071068 0.5773503 0.4082484
vn -0.5202672 0.7994348 0.3003765
vn 0.5202672 -0.7994348 -0.3003765
vn 0.7071068 -0.5773503 -0.4082484
vn -0.6666667 0.3333333 0.6666668
vn -0.5033765 0.7022992 0.5033766
vn 0.6666668 0.3333333 0.6666667
vn 0.5033766 0.7022992 0.5033765
vn -0.6666668 -0.3333333 -0.6666667
vn 0.5033765 -0.7022992 -0.5033766
vn 0.6666667 -0.3333333 -0.6666668
vn -0.5033766 -0.7022992 -0.5033765
vn -0.5033766 0.7022992 -0.5033765
vn 0.5033765 0.7022992 -0.5033766
vn -0.5033765 -0.7022992 0.5033766
vn 0.5033766 -0.7022992 0.5033765
vn 0.6666667 0.3333333 -0.6666668
vn -0.6666667 -0.3333333 0.6666668
vn -0.6666668 0.3333333 -0.6666667
vn 0.6666668 -0.3333333 0.6666667
vn -0.4082484 0.5773503 -0.7071068
vn -0.3003765 0.7994348 -0.5202672
vn 0.3003765 -0.7994348 0.5202672
vn 0.4082484 -0.5773503 0.7071068
vn -0.7071069 0.5773503 -0.4082482
vn -0.5202673 0.7994348 -0.3003764
vn 0.7071069 -0.5773503 0.4082482
vn 0.5202673 -0.7994348 0.3003764
vn -5.06089E-08 0.9054101 -0.4245383
vn 0.4245383 0.9054101 -5.06089E-08
vn -0.4245383 0.9054101 5.06089E-08
vn 5.06089E-08 0.9054101 0.4245383
vn 0.4245383 -0.9054101 -5.06089E-08
vn -0.4245383 -0.9054101 5.06089E-08
vn 5.06089E-08 -0.9054101 0.4245383
vn -5.06089E-08 -0.9054101 -0.4245383
vn -0.5773503 0.8164966 6.882551E-08
vn 6.882551E-08 0.8164966 0.5773503
vn 0.5773503 -0.8164966 -6.882551E-08
vn -6.882551E-08 -0.8164966 -0.5773503
vn -0.5000001 0.8164966 -0.2886751
vn -0.3676609 0.90541 -0.2122691
vn -0.2886751 0.8164966 0.5000001
vn -0.2122691 0.90541 0.3676609
vn 0.2886751 -0.8164966 -0.5000001
vn 0.3676609 -0.90541 0.2122691
vn 0.5000001 -0.8164966 0.2886751
vn 0.2122691 -0.90541 -0.3676609
vn -6.882551E-08 0.8164966 -0.5773503
vn 6.882551E-08 -0.8164966 0.5773503
vn 0.5773503 0.8164966 -6.882551E-08
vn -0.5773503 -0.8164966 6.882551E-08
vn 0.2886751 0.8164966 -0.5000001
vn 0.5000001 0.8164966 0.2886751
vn 0.2122691 0.90541 -0.3676609
vn 0.3676609 0.90541 0.2122691
vn -0.2122691 -0.90541 0.3676609
vn -0.5000001 -0.8164966 -0.2886751
vn -0.2886751 -0.8164966 0.5000001
vn -0.3676609 -0.90541 -0.2122691
vn 0 0 -1
vn 0 0 1
vn -0.9807853 0 -0.1950903
vn -0.9238795 0 -0.3826834
vn 0.9238795 0 0.3826834
vn 0.9807853 0 0.1950903
vn -0.7071068 0 -0.7071068
vn 0.7071068 0 0.7071068
vn -0.3826834 0 -0.9238795
vn 0.3826834 0 0.9238795
vn -0.1950903 0 -0.9807853
vn 0.1950903 0 0.9807853
vn -1 0 0
vn 1 0 0
vn 0.1950903 0 0.9807853
vn -0.1950903 0 -0.9807853
vn -0.09950371 0 -0.9950371
vn 0.09950371 0 0.9950371
vn 0.09950371 0 -0.9950371
vn -0.09950371 0 0.9950371
vn -0.9950373 0 0.09950384
vn -1 0 1.192093E-07
vn 0.9950373 0 -0.09950384
vn 1 0 -1.192093E-07
vn -0.9950373 0 -0.09950361
vn 0.9950373 0 0.09950361
vn -1.192093E-07 0 -1
vn 1.192093E-07 0 1
vn -1 0 -1.490095E-08
vn 1 0 1.490095E-08
vn 1.490095E-08 0 -1
vn -1.490095E-08 0 1
vn 0.8660254 0 0.5
vn 0.9659258 0 0.258819
vn -0.9659258 0 -0.258819
vn -0.8660254 0 -0.5
vn 0.5 0 0.8660254
vn -0.5 0 -0.8660254
vn 0.258819 0 0.9659258
vn -0.258819 0 -0.9659258
vn 0.3481187 0 -0.9374505
vn 0.5983759 0 -0.8012155
vn -0.5983759 0 0.8012155
vn -0.3481187 0 0.9374505
vn -0.9655658 0 -0.2601588
vn -0.7071069 0 -0.7071067
vn 0.9655658 0 0.2601588
vn 0.7071069 0 0.7071067
vn -0.260159 0 -0.9655658
vn 0.260159 0 0.9655658
vn -0.9374504 0 0.3481189
vn -0.8012154 0 0.5983762
vn 0.8012154 0 -0.5983762
vn 0.9374504 0 -0.3481189
vn -0.3753303 0.9238795 0.07465784
vn -0.9061275 0.3826834 0.18024
vn 0.3753303 -0.9238795 -0.07465784
vn 0.9061275 -0.3826834 -0.18024
vn -0.3753303 -0.9238795 0.07465784
vn 0.3753303 0.9238795 -0.07465784
vn 0.9061275 0.3826834 -0.18024
vn -0.9061275 -0.3826834 0.18024
vn 0.3181897 0.9238795 -0.2126075
vn -0.3181897 0.9238795 0.2126075
vn -0.3181897 -0.9238795 0.2126075
vn 0.3181897 -0.9238795 -0.2126075
vn 0.7681777 -0.3826834 -0.51328
vn -0.7681777 0.3826834 0.51328
vn -0.7681777 -0.3826834 0.51328
vn 0.7681777 0.3826834 -0.51328
vn -0.5555702 0 -0.8314696
vn 0.5555702 0 0.8314696
vn -0.07465783 0.9238795 0.3753302
vn -0.18024 0.3826834 0.9061275
vn 0.07465783 -0.9238795 -0.3753302
vn 0.18024 -0.3826834 -0.9061275
vn 0.07465783 0.9238795 -0.3753302
vn -0.07465783 -0.9238795 0.3753302
vn 0.18024 0.3826834 -0.9061275
vn -0.18024 -0.3826834 0.9061275
vn -0.09950373 0 -0.9950371
vn 0.09950373 0 0.9950371
vn 0.0995037 0 -0.9950371
vn -0.0995037 0 0.9950371
vn 0.3807842 -0.9238795 0.03807842
vn -0.3807842 -0.9238795 -0.03807842
vn -0.3807842 0.9238795 -0.03807842
vn 0.3807842 0.9238795 0.03807842
vn 0.9192945 0.3826834 0.09192945
vn 0.9192945 -0.3826834 0.09192945
vn -0.9192945 -0.3826834 -0.09192945
vn -0.9192945 0.3826834 -0.09192945
vn 0.3807842 0.9238795 -0.03807842
vn -0.3807842 0.9238795 0.03807842
vn -0.3807842 -0.9238795 0.03807842
vn 0.3807842 -0.9238795 -0.03807842
vn 0.9192945 0.3826834 -0.09192945
vn -0.9192945 -0.3826834 0.09192945
vn -0.9192945 0.3826834 0.09192945
vn 0.9192945 -0.3826834 -0.09192945
vn -0.9950373 0 0.09950386
vn 0.9950373 0 -0.09950386
vn -0.9950373 0 -0.0995036
vn 0.9950373 0 0.0995036
vn 0.03807838 -0.9238795 -0.3807843
vn -0.03807838 -0.9238795 0.3807843
vn -0.03807838 0.9238795 0.3807843
vn 0.03807838 0.9238795 -0.3807843
vn 0.09192935 0.3826834 -0.9192946
vn 0.09192935 -0.3826834 -0.9192946
vn -0.09192935 -0.3826834 0.9192946
vn -0.09192935 0.3826834 0.9192946
vn -0.03807847 0.9238795 -0.3807843
vn 0.03807847 0.9238795 0.3807843
vn 0.03807847 -0.9238795 0.3807843
vn -0.03807847 -0.9238795 -0.3807843
vn -0.09192957 0.3826834 -0.9192946
vn 0.09192957 -0.3826834 0.9192946
vn 0.09192957 0.3826834 0.9192946
vn -0.09192957 -0.3826834 -0.9192946
vn 0.5 0 0.8660254
vn -0.5 0 -0.8660254
vn 0.5812383 0 -0.8137335
vn 0.7071068 0 -0.7071068
vn -0.7071068 0 0.7071068
vn -0.5812383 0 0.8137335
vn -0.7071068 0 -0.7071068
vn -0.5812382 0 -0.8137336
vn 0.7071068 0 0.7071068
vn 0.5812382 0 0.8137336
vn -0.8137335 0 -0.5812383
vn 0.8137335 0 0.5812383
vn -0.8137336 0 0.5812382
vn 0.8137336 0 -0.5812382
vn -0.7068848 -0.02505852 -0.7068847
vn -0.5810606 -0.02471778 -0.8134847
vn 0.7068848 0.02505852 0.7068847
vn 0.5810606 0.02471778 0.8134847
vn -0.7068847 -0.02505852 0.7068848
vn -0.5810605 -0.02471778 0.8134848
vn 0.7068847 0.02505852 -0.7068848
vn 0.5810605 0.02471778 -0.8134848
vn -0.8134848 -0.02471778 -0.5810605
vn 0.8134848 0.02471778 0.5810605
vn 0.7068847 -0.02505852 -0.7068848
vn 0.8134847 -0.02471778 -0.5810606
vn -0.7068847 0.02505852 0.7068848
vn -0.8134847 0.02471778 0.5810606
vn 0.5810605 -0.02471778 -0.8134848
vn -0.5810605 0.02471778 0.8134848
vn 0.7068848 -0.02505852 0.7068847
vn 0.5810606 -0.02471778 0.8134847
vn -0.7068848 0.02505852 -0.7068847
vn -0.5810606 0.02471778 -0.8134847
vn 0.8134848 -0.02471778 0.5810605
vn -0.8134848 0.02471778 -0.5810605
vn -0.8134847 -0.02471778 0.5810606
vn 0.8134847 0.02471778 -0.5810606

vt 0.46875 0.025
vt 0.46875 0.105
vt 0.46875 0.065
vt 0.09375 0.225
vt 0.09375 0.025
vt 0.34375 0.025
vt 0.34375 0.225
vt 0.34375 0.105
vt 0.34375 0.1759351
vt 0.34375 0.1782973
vt 0.34375 0.1877463
vt 0.34375 0.1901085
vt 0.34375 0.1984787
vt 0.34375 0.2102899
vt 0.34375 0.2126521
vt 0.34375 0.2008409
vt 0.34375 0.1782653
vt 0.34375 0.164092
vt 0.34375 0.1664542
vt 0.34375 0.1759031
vt 0.34375 0.1428617
vt 0.34375 0.1404995
vt 0.34375 0.1310506
vt 0.34375 0.1286884
vt 0.34375 0.07946212
vt 0.34375 0.09850974
vt 0.34375 0.09533513
vt 0.34375 0.08263672
vt 0.34375 0.2005081
vt 0.34375 0.1814605
vt 0.34375 0.1973335
vt 0.34375 0.1846351
vt 0.34375 0.1015823
vt 0.34375 0.1206299
vt 0.34375 0.1174553
vt 0.34375 0.1047569
vt 0.21875 0.145
vt 0.21875 0.225
vt 0.21875 0.175
vt 0.21875 0.075

usemtl colormap

f 3/2/3 2/1/2 1/1/1
f 2/1/2 3/2/3 4/2/4
f 1/1/7 2/1/6 3/2/5
f 4/2/8 3/2/5 2/1/6
f 7/3/11 6/1/10 5/1/9
f 6/1/10 7/3/11 8/3/12
f 5/1/15 6/1/14 7/3/13
f 8/3/16 7/3/13 6/1/14
f 11/2/19 10/1/18 9/1/17
f 10/1/18 11/2/19 12/2/20
f 9/1/23 10/1/22 11/2/21
f 12/2/24 11/2/21 10/1/22
f 2/1/2 11/2/19 9/1/17
f 11/2/19 2/1/2 4/2/4
f 9/1/23 11/2/21 2/1/6
f 4/2/8 2/1/6 11/2/21
f 7/3/11 13/3/25 8/3/12
f 13/3/25 7/3/11 14/3/26
f 8/3/16 13/3/27 7/3/13
f 14/3/28 7/3/13 13/3/27
f 8/3/12 15/1/29 6/1/10
f 15/1/29 8/3/12 13/3/25
f 6/1/14 15/1/30 8/3/16
f 13/3/27 8/3/16 15/1/30
f 11/2/19 3/2/3 12/2/20
f 3/2/3 11/2/19 4/2/4
f 12/2/24 3/2/5 11/2/21
f 4/2/8 11/2/21 3/2/5
f 14/3/26 5/1/9 16/1/31
f 5/1/9 14/3/26 7/3/11
f 16/1/32 5/1/15 14/3/28
f 7/3/13 14/3/28 5/1/15
f 15/1/29 14/3/26 16/1/31
f 14/3/26 15/1/29 13/3/25
f 16/1/32 14/3/28 15/1/30
f 13/3/27 15/1/30 14/3/28
f 12/2/20 1/1/1 10/1/18
f 1/1/1 12/2/20 3/2/3
f 10/1/22 1/1/7 12/2/24
f 3/2/5 12/2/24 1/1/7
f 19/3/35 18/3/34 17/3/33
f 18/3/34 19/3/35 20/3/36
f 17/3/39 18/3/38 19/3/37
f 20/3/40 19/3/37 18/3/38
f 20/3/36 21/1/41 18/3/34
f 21/1/41 20/3/36 22/1/42
f 18/3/38 21/1/43 20/3/40
f 22/1/44 20/3/40 21/1/43
f 17/3/33 21/1/41 23/1/45
f 21/1/41 17/3/33 18/3/34
f 23/1/46 21/1/43 17/3/39
f 18/3/38 17/3/39 21/1/43
f 24/1/47 17/3/33 23/1/45
f 17/3/33 24/1/47 19/3/35
f 23/1/46 17/3/39 24/1/48
f 19/3/37 24/1/48 17/3/39
f 22/1/42 19/3/35 24/1/47
f 19/3/35 22/1/42 20/3/36
f 24/1/48 19/3/37 22/1/44
f 20/3/40 22/1/44 19/3/37
f 27/1/51 26/3/50 25/1/49
f 26/3/50 27/1/51 28/3/52
f 25/1/55 26/3/54 27/1/53
f 28/3/56 27/1/53 26/3/54
f 29/1/57 28/3/52 27/1/51
f 28/3/52 29/1/57 30/3/58
f 27/1/53 28/3/56 29/1/59
f 30/3/60 29/1/59 28/3/56
f 33/2/63 32/1/62 31/1/61
f 32/1/62 33/2/63 34/2/64
f 31/1/67 32/1/66 33/2/65
f 34/2/68 33/2/65 32/1/66
f 33/2/63 35/2/69 34/2/64
f 35/2/69 33/2/63 36/2/70
f 34/2/68 35/2/71 33/2/65
f 36/2/72 33/2/65 35/2/71
f 30/3/58 38/1/74 37/3/73
f 38/1/74 30/3/58 29/1/57
f 37/3/76 38/1/75 30/3/60
f 29/1/59 30/3/60 38/1/75
f 34/2/64 39/1/77 32/1/62
f 39/1/77 34/2/64 35/2/69
f 32/1/66 39/1/78 34/2/68
f 35/2/71 34/2/68 39/1/78
f 28/3/52 37/3/73 26/3/50
f 37/3/73 28/3/52 30/3/58
f 26/3/54 37/3/76 28/3/56
f 30/3/60 28/3/56 37/3/76
f 40/1/79 33/2/63 31/1/61
f 33/2/63 40/1/79 36/2/70
f 31/1/67 33/2/65 40/1/80
f 36/2/72 40/1/80 33/2/65
f 26/3/50 38/1/74 25/1/49
f 38/1/74 26/3/50 37/3/73
f 25/1/55 38/1/75 26/3/54
f 37/3/76 26/3/54 38/1/75
f 35/2/69 40/1/79 39/1/77
f 40/1/79 35/2/69 36/2/70
f 39/1/78 40/1/80 35/2/71
f 36/2/72 35/2/71 40/1/80
f 43/1/81 42/1/81 41/1/81
f 42/1/81 43/1/81 44/1/81
f 41/1/82 42/1/82 43/1/82
f 44/1/82 43/1/82 42/1/82
f 45/1/81 44/1/81 43/1/81
f 44/1/81 45/1/81 46/1/81
f 43/1/82 44/1/82 45/1/82
f 46/1/82 45/1/82 44/1/82
f 48/1/81 43/1/81 47/1/81
f 43/1/81 48/1/81 45/1/81
f 47/1/82 43/1/82 48/1/82
f 45/1/82 48/1/82 43/1/82
f 47/1/81 41/1/81 49/1/81
f 41/1/81 47/1/81 43/1/81
f 49/1/82 41/1/82 47/1/82
f 43/1/82 47/1/82 41/1/82
f 52/1/29 51/3/26 50/1/31
f 51/3/26 52/1/29 53/3/25
f 50/1/32 51/3/28 52/1/30
f 53/3/27 52/1/30 51/3/28
f 55/3/12 52/1/29 54/1/10
f 52/1/29 55/3/12 53/3/25
f 54/1/14 52/1/30 55/3/16
f 53/3/27 55/3/16 52/1/30
f 58/2/3 57/1/2 56/1/1
f 57/1/2 58/2/3 59/2/4
f 56/1/7 57/1/6 58/2/5
f 59/2/8 58/2/5 57/1/6
f 57/1/2 61/2/19 60/1/17
f 61/2/19 57/1/2 59/2/4
f 60/1/23 61/2/21 57/1/6
f 59/2/8 57/1/6 61/2/21
f 64/1/79 63/2/63 62/1/61
f 63/2/63 64/1/79 65/2/70
f 62/1/67 63/2/65 64/1/80
f 65/2/72 64/1/80 63/2/65
f 63/2/63 67/2/69 66/2/64
f 67/2/69 63/2/63 65/2/70
f 66/2/68 67/2/71 63/2/65
f 65/2/72 63/2/65 67/2/71
f 67/2/69 64/1/79 68/1/77
f 64/1/79 67/2/69 65/2/70
f 68/1/78 64/1/80 67/2/71
f 65/2/72 67/2/71 64/1/80
f 63/2/63 69/1/62 62/1/61
f 69/1/62 63/2/63 66/2/64
f 62/1/67 69/1/66 63/2/65
f 66/2/68 63/2/65 69/1/66
f 66/2/64 68/1/77 69/1/62
f 68/1/77 66/2/64 67/2/69
f 69/1/66 68/1/78 66/2/68
f 67/2/71 66/2/68 68/1/78
f 71/2/20 56/1/1 70/1/18
f 56/1/1 71/2/20 58/2/3
f 70/1/22 56/1/7 71/2/24
f 58/2/5 71/2/24 56/1/7
f 51/3/26 72/1/9 50/1/31
f 72/1/9 51/3/26 73/3/11
f 50/1/32 72/1/15 51/3/28
f 73/3/13 51/3/28 72/1/15
f 61/2/19 70/1/18 60/1/17
f 70/1/18 61/2/19 71/2/20
f 60/1/23 70/1/22 61/2/21
f 71/2/24 61/2/21 70/1/22
f 61/2/19 58/2/3 71/2/20
f 58/2/3 61/2/19 59/2/4
f 71/2/24 58/2/5 61/2/21
f 59/2/8 61/2/21 58/2/5
f 76/3/35 75/3/34 74/3/33
f 75/3/34 76/3/35 77/3/36
f 74/3/39 75/3/38 76/3/37
f 77/3/40 76/3/37 75/3/38
f 73/3/11 53/3/25 55/3/12
f 53/3/25 73/3/11 51/3/26
f 55/3/16 53/3/27 73/3/13
f 51/3/28 73/3/13 53/3/27
f 78/1/47 77/3/36 76/3/35
f 77/3/36 78/1/47 79/1/42
f 76/3/37 77/3/40 78/1/48
f 79/1/44 78/1/48 77/3/40
f 82/1/57 81/3/52 80/1/51
f 81/3/52 82/1/57 83/3/58
f 80/1/53 81/3/56 82/1/59
f 83/3/60 82/1/59 81/3/56
f 78/1/47 74/3/33 84/1/45
f 74/3/33 78/1/47 76/3/35
f 84/1/46 74/3/39 78/1/48
f 76/3/37 78/1/48 74/3/39
f 77/3/36 85/1/41 75/3/34
f 85/1/41 77/3/36 79/1/42
f 75/3/38 85/1/43 77/3/40
f 79/1/44 77/3/40 85/1/43
f 88/3/50 87/1/74 86/1/49
f 87/1/74 88/3/50 89/3/73
f 86/1/55 87/1/75 88/3/54
f 89/3/76 88/3/54 87/1/75
f 74/3/33 85/1/41 84/1/45
f 85/1/41 74/3/33 75/3/34
f 84/1/46 85/1/43 74/3/39
f 75/3/38 74/3/39 85/1/43
f 80/1/51 88/3/50 86/1/49
f 88/3/50 80/1/51 81/3/52
f 86/1/55 88/3/54 80/1/53
f 81/3/56 80/1/53 88/3/54
f 83/3/58 87/1/74 89/3/73
f 87/1/74 83/3/58 82/1/57
f 89/3/76 87/1/75 83/3/60
f 82/1/59 83/3/60 87/1/75
f 81/3/52 89/3/73 88/3/50
f 89/3/73 81/3/52 83/3/58
f 88/3/54 89/3/76 81/3/56
f 83/3/60 81/3/56 89/3/76
f 73/3/11 54/1/10 72/1/9
f 54/1/10 73/3/11 55/3/12
f 72/1/15 54/1/14 73/3/13
f 55/3/16 73/3/13 54/1/14
f 92/1/85 91/3/84 90/1/83
f 91/3/84 92/1/85 93/3/86
f 90/1/89 91/3/88 92/1/87
f 93/3/90 92/1/87 91/3/88
f 95/3/92 92/1/85 94/1/91
f 92/1/85 95/3/92 93/3/86
f 94/1/94 92/1/87 95/3/93
f 93/3/90 95/3/93 92/1/87
f 98/2/97 97/1/96 96/1/95
f 97/1/96 98/2/97 99/2/98
f 96/1/101 97/1/100 98/2/99
f 99/2/102 98/2/99 97/1/100
f 97/1/96 101/2/104 100/1/103
f 101/2/104 97/1/96 99/2/98
f 100/1/106 101/2/105 97/1/100
f 99/2/102 97/1/100 101/2/105
f 104/1/109 103/2/108 102/1/107
f 103/2/108 104/1/109 105/2/110
f 102/1/113 103/2/112 104/1/111
f 105/2/114 104/1/111 103/2/112
f 103/2/108 107/2/116 106/2/115
f 107/2/116 103/2/108 105/2/110
f 106/2/118 107/2/117 103/2/112
f 105/2/114 103/2/112 107/2/117
f 107/2/116 104/1/109 108/1/119
f 104/1/109 107/2/116 105/2/110
f 108/1/120 104/1/111 107/2/117
f 105/2/114 107/2/117 104/1/111
f 103/2/108 109/1/121 102/1/107
f 109/1/121 103/2/108 106/2/115
f 102/1/113 109/1/122 103/2/112
f 106/2/118 103/2/112 109/1/122
f 106/2/115 108/1/119 109/1/121
f 108/1/119 106/2/115 107/2/116
f 109/1/122 108/1/120 106/2/118
f 107/2/117 106/2/118 108/1/120
f 111/2/124 96/1/95 110/1/123
f 96/1/95 111/2/124 98/2/97
f 110/1/126 96/1/101 111/2/125
f 98/2/99 111/2/125 96/1/101
f 91/3/84 112/1/127 90/1/83
f 112/1/127 91/3/84 113/3/128
f 90/1/89 112/1/129 91/3/88
f 113/3/130 91/3/88 112/1/129
f 101/2/104 110/1/123 100/1/103
f 110/1/123 101/2/104 111/2/124
f 100/1/106 110/1/126 101/2/105
f 111/2/125 101/2/105 110/1/126
f 101/2/104 98/2/97 111/2/124
f 98/2/97 101/2/104 99/2/98
f 111/2/125 98/2/99 101/2/105
f 99/2/102 101/2/105 98/2/99
f 116/3/133 115/3/132 114/3/131
f 115/3/132 116/3/133 117/3/134
f 114/3/137 115/3/136 116/3/135
f 117/3/138 116/3/135 115/3/136
f 113/3/128 93/3/86 95/3/92
f 93/3/86 113/3/128 91/3/84
f 95/3/93 93/3/90 113/3/130
f 91/3/88 113/3/130 93/3/90
f 118/1/139 117/3/134 116/3/133
f 117/3/134 118/1/139 119/1/140
f 116/3/135 117/3/138 118/1/141
f 119/1/142 118/1/141 117/3/138
f 122/1/145 121/3/144 120/1/143
f 121/3/144 122/1/145 123/3/146
f 120/1/149 121/3/148 122/1/147
f 123/3/150 122/1/147 121/3/148
f 118/1/139 114/3/131 124/1/151
f 114/3/131 118/1/139 116/3/133
f 124/1/152 114/3/137 118/1/141
f 116/3/135 118/1/141 114/3/137
f 117/3/134 125/1/153 115/3/132
f 125/1/153 117/3/134 119/1/140
f 115/3/136 125/1/154 117/3/138
f 119/1/142 117/3/138 125/1/154
f 128/3/157 127/1/156 126/1/155
f 127/1/156 128/3/157 129/3/158
f 126/1/161 127/1/160 128/3/159
f 129/3/162 128/3/159 127/1/160
f 114/3/131 125/1/153 124/1/151
f 125/1/153 114/3/131 115/3/132
f 124/1/152 125/1/154 114/3/137
f 115/3/136 114/3/137 125/1/154
f 120/1/143 128/3/157 126/1/155
f 128/3/157 120/1/143 121/3/144
f 126/1/161 128/3/159 120/1/149
f 121/3/148 120/1/149 128/3/159
f 123/3/146 127/1/156 129/3/158
f 127/1/156 123/3/146 122/1/145
f 129/3/162 127/1/160 123/3/150
f 122/1/147 123/3/150 127/1/160
f 121/3/144 129/3/158 128/3/157
f 129/3/158 121/3/144 123/3/146
f 128/3/159 129/3/162 121/3/148
f 123/3/150 121/3/148 129/3/162
f 113/3/128 94/1/91 112/1/127
f 94/1/91 113/3/128 95/3/92
f 112/1/129 94/1/94 113/3/130
f 95/3/93 113/3/130 94/1/94
f 132/4/81 131/4/81 130/4/81
f 131/4/81 132/4/81 133/4/81
f 131/4/81 133/4/81 134/4/81
f 134/4/81 133/4/81 135/4/81
f 134/4/81 135/4/81 136/4/81
f 136/4/81 135/4/81 137/4/81
f 136/4/81 137/4/81 138/4/81
f 138/4/81 137/4/81 139/4/81
f 130/4/82 131/4/82 132/4/82
f 133/4/82 132/4/82 131/4/82
f 134/4/82 133/4/82 131/4/82
f 135/4/82 133/4/82 134/4/82
f 136/4/82 135/4/82 134/4/82
f 137/4/82 135/4/82 136/4/82
f 138/4/82 137/4/82 136/4/82
f 139/4/82 137/4/82 138/4/82
f 132/4/163 141/5/163 140/5/163
f 141/5/163 132/4/163 130/4/163
f 140/5/164 141/5/164 132/4/164
f 130/4/164 132/4/164 141/5/164
f 142/5/166 132/4/165 140/5/165
f 132/4/165 142/5/166 133/4/166
f 140/5/168 132/4/168 142/5/167
f 133/4/167 142/5/167 132/4/168
f 143/5/169 133/4/166 142/5/166
f 133/4/166 143/5/169 135/4/169
f 142/5/167 133/4/167 143/5/170
f 135/4/170 143/5/170 133/4/167
f 137/4/171 143/5/169 144/5/171
f 143/5/169 137/4/171 135/4/169
f 144/5/172 143/5/170 137/4/172
f 135/4/170 137/4/172 143/5/170
f 139/4/173 144/5/171 145/5/173
f 144/5/171 139/4/173 137/4/171
f 145/5/174 144/5/172 139/4/174
f 137/4/172 139/4/174 144/5/172
f 146/5/175 139/4/175 145/5/175
f 139/4/175 146/5/175 138/4/175
f 145/5/176 139/4/176 146/5/176
f 138/4/176 146/5/176 139/4/176
f 136/4/172 146/5/177 147/5/172
f 146/5/177 136/4/172 138/4/177
f 147/5/171 146/5/178 136/4/171
f 138/4/178 136/4/171 146/5/178
f 134/4/170 147/5/172 148/5/170
f 147/5/172 134/4/170 136/4/172
f 148/5/169 147/5/171 134/4/169
f 136/4/171 134/4/169 147/5/171
f 134/4/170 149/5/167 131/4/167
f 149/5/167 134/4/170 148/5/170
f 131/4/166 149/5/166 134/4/169
f 148/5/169 134/4/169 149/5/166
f 131/4/167 141/5/168 130/4/168
f 141/5/168 131/4/167 149/5/167
f 130/4/165 141/5/165 131/4/166
f 149/5/166 131/4/166 141/5/165
f 152/4/179 151/5/163 150/5/179
f 151/5/163 152/4/179 153/4/163
f 150/5/180 151/5/164 152/4/180
f 153/4/164 152/4/180 151/5/164
f 156/4/81 155/4/81 154/4/81
f 155/4/81 156/4/81 153/4/81
f 155/4/81 153/4/81 152/4/81
f 154/4/82 155/4/82 156/4/82
f 153/4/82 156/4/82 155/4/82
f 152/4/82 153/4/82 155/4/82
f 154/4/164 158/5/164 157/5/164
f 158/5/164 154/4/164 155/4/164
f 157/5/163 158/5/163 154/4/163
f 155/4/163 154/4/163 158/5/163
f 153/4/163 159/5/181 151/5/163
f 159/5/181 153/4/163 156/4/181
f 151/5/164 159/5/182 153/4/164
f 156/4/182 153/4/164 159/5/182
f 154/4/176 159/5/176 156/4/176
f 159/5/176 154/4/176 157/5/176
f 156/4/175 159/5/175 154/4/175
f 157/5/175 154/4/175 159/5/175
f 158/5/175 152/4/175 150/5/175
f 152/4/175 158/5/175 155/4/175
f 150/5/176 152/4/176 158/5/176
f 155/4/176 158/5/176 152/4/176
f 162/4/183 161/5/184 160/5/183
f 161/5/184 162/4/183 163/4/184
f 160/5/185 161/5/186 162/4/185
f 163/4/186 162/4/185 161/5/186
f 166/4/81 165/4/81 164/4/81
f 165/4/81 166/4/81 163/4/81
f 165/4/81 163/4/81 162/4/81
f 164/4/82 165/4/82 166/4/82
f 163/4/82 166/4/82 165/4/82
f 162/4/82 163/4/82 165/4/82
f 164/4/186 168/5/186 167/5/186
f 168/5/186 164/4/186 165/4/186
f 167/5/184 168/5/184 164/4/184
f 165/4/184 164/4/184 168/5/184
f 163/4/184 169/5/187 161/5/184
f 169/5/187 163/4/184 166/4/187
f 161/5/186 169/5/188 163/4/186
f 166/4/188 163/4/186 169/5/188
f 164/4/189 169/5/189 166/4/189
f 169/5/189 164/4/189 167/5/189
f 166/4/190 169/5/190 164/4/190
f 167/5/190 164/4/190 169/5/190
f 168/5/190 162/4/190 160/5/190
f 162/4/190 168/5/190 165/4/190
f 160/5/189 162/4/189 168/5/189
f 165/4/189 168/5/189 162/4/189
f 172/4/81 171/4/81 170/4/81
f 171/4/81 172/4/81 173/4/81
f 173/4/81 172/4/81 174/4/81
f 170/4/82 171/4/82 172/4/82
f 173/4/82 172/4/82 171/4/82
f 174/4/82 172/4/82 173/4/82
f 171/4/191 175/5/191 170/4/191
f 175/5/191 171/4/191 176/5/191
f 170/4/192 175/5/192 171/4/192
f 176/5/192 171/4/192 175/5/192
f 171/4/193 177/5/193 176/5/193
f 177/5/193 171/4/193 173/4/193
f 176/5/194 177/5/194 171/4/194
f 173/4/194 171/4/194 177/5/194
f 177/5/196 174/4/195 178/5/195
f 174/4/195 177/5/196 173/4/196
f 178/5/198 174/4/198 177/5/197
f 173/4/197 177/5/197 174/4/198
f 178/5/195 172/4/199 179/5/199
f 172/4/199 178/5/195 174/4/195
f 179/5/200 172/4/200 178/5/198
f 174/4/198 178/5/198 172/4/200
f 179/5/199 170/4/201 175/5/201
f 170/4/201 179/5/199 172/4/199
f 175/5/202 170/4/202 179/5/200
f 172/4/200 179/5/200 170/4/202
f 182/6/166 181/7/165 180/6/165
f 181/7/165 182/6/166 183/7/166
f 180/6/168 181/7/168 182/6/167
f 183/7/167 182/6/167 181/7/168
f 184/6/169 183/7/166 182/6/166
f 183/7/166 184/6/169 185/7/169
f 182/6/167 183/7/167 184/6/170
f 185/7/170 184/6/170 183/7/167
f 188/7/178 187/6/171 186/6/178
f 187/6/171 188/7/178 189/7/171
f 186/6/177 187/6/172 188/7/177
f 189/7/172 188/7/177 187/6/172
f 189/7/171 184/6/169 187/6/171
f 184/6/169 189/7/171 185/7/169
f 187/6/172 184/6/170 189/7/172
f 185/7/170 189/7/172 184/6/170
f 181/7/81 191/7/81 190/7/81
f 191/7/81 181/7/81 183/7/81
f 191/7/81 183/7/81 192/7/81
f 192/7/81 183/7/81 185/7/81
f 192/7/81 185/7/81 193/7/81
f 193/7/81 185/7/81 189/7/81
f 193/7/81 189/7/81 194/7/81
f 194/7/81 189/7/81 188/7/81
f 190/7/82 191/7/82 181/7/82
f 183/7/82 181/7/82 191/7/82
f 192/7/82 183/7/82 191/7/82
f 185/7/82 183/7/82 192/7/82
f 193/7/82 185/7/82 192/7/82
f 189/7/82 185/7/82 193/7/82
f 194/7/82 189/7/82 193/7/82
f 188/7/82 189/7/82 194/7/82
f 181/7/163 130/6/163 180/6/163
f 130/6/163 181/7/163 190/7/163
f 180/6/164 130/6/164 181/7/164
f 190/7/164 181/7/164 130/6/164
f 138/6/175 188/7/175 186/6/175
f 188/7/175 138/6/175 194/7/175
f 186/6/176 188/7/176 138/6/176
f 194/7/176 138/6/176 188/7/176
f 193/7/172 138/6/177 136/6/172
f 138/6/177 193/7/172 194/7/177
f 136/6/171 138/6/178 193/7/171
f 194/7/178 193/7/171 138/6/178
f 192/7/170 136/6/172 134/6/170
f 136/6/172 192/7/170 193/7/172
f 134/6/169 136/6/171 192/7/169
f 193/7/171 192/7/169 136/6/171
f 192/7/170 131/6/167 191/7/167
f 131/6/167 192/7/170 134/6/170
f 191/7/166 131/6/166 192/7/169
f 134/6/169 192/7/169 131/6/166
f 191/7/167 130/6/168 190/7/168
f 130/6/168 191/7/167 131/6/167
f 190/7/165 130/6/165 191/7/166
f 131/6/166 191/7/166 130/6/165
f 196/6/82 195/6/82 41/6/82
f 195/6/82 196/6/82 42/6/82
f 195/6/82 42/6/82 197/6/82
f 197/6/82 42/6/82 198/6/82
f 197/6/82 198/6/82 199/6/82
f 199/6/82 198/6/82 200/6/82
f 200/6/82 198/6/82 44/6/82
f 200/6/82 44/6/82 201/6/82
f 41/6/81 195/6/81 196/6/81
f 42/6/81 196/6/81 195/6/81
f 197/6/81 42/6/81 195/6/81
f 198/6/81 42/6/81 197/6/81
f 199/6/81 198/6/81 197/6/81
f 200/6/81 198/6/81 199/6/81
f 44/6/81 198/6/81 200/6/81
f 201/6/81 44/6/81 200/6/81
f 202/8/81 149/8/81 141/8/81
f 149/8/81 202/8/81 148/8/81
f 148/8/81 202/8/81 203/8/81
f 148/8/81 203/8/81 147/8/81
f 147/8/81 203/8/81 204/8/81
f 147/8/81 204/8/81 205/8/81
f 147/8/81 205/8/81 146/8/81
f 146/8/81 205/8/81 206/8/81
f 141/8/82 149/8/82 202/8/82
f 148/8/82 202/8/82 149/8/82
f 203/8/82 202/8/82 148/8/82
f 147/8/82 203/8/82 148/8/82
f 204/8/82 203/8/82 147/8/82
f 205/8/82 204/8/82 147/8/82
f 146/8/82 205/8/82 147/8/82
f 206/8/82 205/8/82 146/8/82
f 202/8/163 41/6/163 195/6/163
f 41/6/163 202/8/163 141/8/163
f 195/6/164 41/6/164 202/8/164
f 141/8/164 202/8/164 41/6/164
f 197/6/166 202/8/165 195/6/165
f 202/8/165 197/6/166 203/8/166
f 195/6/168 202/8/168 197/6/167
f 203/8/167 197/6/167 202/8/168
f 199/6/169 203/8/166 197/6/166
f 203/8/166 199/6/169 204/8/169
f 197/6/167 203/8/167 199/6/170
f 204/8/170 199/6/170 203/8/167
f 205/8/171 199/6/169 200/6/171
f 199/6/169 205/8/171 204/8/169
f 200/6/172 199/6/170 205/8/172
f 204/8/170 205/8/172 199/6/170
f 206/8/173 200/6/171 201/6/173
f 200/6/171 206/8/173 205/8/171
f 201/6/174 200/6/172 206/8/174
f 205/8/172 206/8/174 200/6/172
f 44/6/175 206/8/175 201/6/175
f 206/8/175 44/6/175 146/8/175
f 201/6/176 206/8/176 44/6/176
f 146/8/176 44/6/176 206/8/176
f 147/8/172 44/6/177 198/6/172
f 44/6/177 147/8/172 146/8/177
f 198/6/171 44/6/178 147/8/171
f 146/8/178 147/8/171 44/6/178
f 148/8/170 198/6/172 42/6/170
f 198/6/172 148/8/170 147/8/172
f 42/6/169 198/6/171 148/8/169
f 147/8/171 148/8/169 198/6/171
f 148/8/170 196/6/167 149/8/167
f 196/6/167 148/8/170 42/6/170
f 149/8/166 196/6/166 148/8/169
f 42/6/169 148/8/169 196/6/166
f 149/8/167 41/6/168 141/8/168
f 41/6/168 149/8/167 196/6/167
f 141/8/165 41/6/165 149/8/166
f 196/6/166 149/8/166 41/6/165
f 209/8/204 208/6/203 207/8/203
f 208/6/203 209/8/204 210/6/204
f 207/8/206 208/6/206 209/8/205
f 210/6/205 209/8/205 208/6/206
f 213/8/207 212/6/208 211/6/207
f 212/6/208 213/8/207 214/8/208
f 211/6/209 212/6/210 213/8/209
f 214/8/210 213/8/209 212/6/210
f 214/8/208 215/6/211 212/6/208
f 215/6/211 214/8/208 216/8/211
f 212/6/210 215/6/212 214/8/210
f 216/8/212 214/8/210 215/6/212
f 219/6/214 218/8/213 217/6/213
f 218/8/213 219/6/214 220/8/214
f 217/6/216 218/8/216 219/6/215
f 220/8/215 219/6/215 218/8/216
f 217/6/213 213/8/207 211/6/207
f 213/8/207 217/6/213 218/8/213
f 211/6/209 213/8/209 217/6/216
f 218/8/216 217/6/216 213/8/209
f 207/8/203 215/6/211 216/8/211
f 215/6/211 207/8/203 208/6/203
f 216/8/212 215/6/212 207/8/206
f 208/6/206 207/8/206 215/6/212
f 207/8/81 220/8/81 209/8/81
f 220/8/81 207/8/81 216/8/81
f 220/8/81 216/8/81 214/8/81
f 220/8/81 214/8/81 213/8/81
f 220/8/81 213/8/81 218/8/81
f 209/8/82 220/8/82 207/8/82
f 216/8/82 207/8/82 220/8/82
f 214/8/82 216/8/82 220/8/82
f 213/8/82 214/8/82 220/8/82
f 218/8/82 213/8/82 220/8/82
f 223/10/177 222/9/177 221/9/177
f 222/9/177 223/10/177 224/10/177
f 224/10/177 223/10/177 225/11/177
f 224/10/177 225/11/177 226/11/177
f 226/11/177 225/11/177 227/12/177
f 226/11/177 227/12/177 228/12/177
f 221/9/178 222/9/178 223/10/178
f 224/10/178 223/10/178 222/9/178
f 225/11/178 223/10/178 224/10/178
f 226/11/178 225/11/178 224/10/178
f 227/12/178 225/11/178 226/11/178
f 228/12/178 227/12/178 226/11/178
f 229/12/217 226/11/218 228/12/217
f 226/11/218 229/12/217 230/11/218
f 228/12/219 226/11/220 229/12/219
f 230/11/220 229/12/219 226/11/220
f 222/9/221 231/9/219 221/9/219
f 231/9/219 222/9/221 232/9/221
f 221/9/217 231/9/217 222/9/222
f 232/9/222 222/9/222 231/9/217
f 225/11/223 234/10/220 233/11/223
f 234/10/220 225/11/223 223/10/220
f 233/11/224 234/10/218 225/11/224
f 223/10/218 225/11/224 234/10/218
f 235/10/178 231/9/178 232/9/178
f 231/9/178 235/10/178 234/10/178
f 234/10/178 235/10/178 230/11/178
f 234/10/178 230/11/178 233/11/178
f 233/11/178 230/11/178 229/12/178
f 233/11/178 229/12/178 236/12/178
f 232/9/177 231/9/177 235/10/177
f 234/10/177 235/10/177 231/9/177
f 230/11/177 235/10/177 234/10/177
f 233/11/177 230/11/177 234/10/177
f 229/12/177 230/11/177 233/11/177
f 236/12/177 229/12/177 233/11/177
f 224/10/224 230/11/218 235/10/224
f 230/11/218 224/10/224 226/11/218
f 235/10/223 230/11/220 224/10/223
f 226/11/220 224/10/223 230/11/220
f 221/9/219 234/10/220 223/10/220
f 234/10/220 221/9/219 231/9/219
f 223/10/218 234/10/218 221/9/217
f 231/9/217 221/9/217 234/10/218
f 233/11/223 227/12/222 225/11/223
f 227/12/222 233/11/223 236/12/222
f 225/11/224 227/12/221 233/11/224
f 236/12/221 233/11/224 227/12/221
f 236/12/222 228/12/217 227/12/222
f 228/12/217 236/12/222 229/12/217
f 227/12/221 228/12/219 236/12/221
f 229/12/219 236/12/221 228/12/219
f 224/10/224 232/9/221 222/9/221
f 232/9/221 224/10/224 235/10/224
f 222/9/222 232/9/222 224/10/223
f 235/10/223 224/10/223 232/9/222
f 239/13/221 238/13/219 237/13/219
f 238/13/219 239/13/221 240/13/221
f 237/13/217 238/13/217 239/13/222
f 240/13/222 239/13/222 238/13/217
f 243/14/223 242/15/222 241/14/223
f 242/15/222 243/14/223 244/15/222
f 241/14/224 242/15/221 243/14/224
f 244/15/221 243/14/224 242/15/221
f 245/16/178 238/13/178 240/13/178
f 238/13/178 245/16/178 246/16/178
f 246/16/178 245/16/178 247/14/178
f 246/16/178 247/14/178 243/14/178
f 243/14/178 247/14/178 248/15/178
f 243/14/178 248/15/178 244/15/178
f 240/13/177 238/13/177 245/16/177
f 246/16/177 245/16/177 238/13/177
f 247/14/177 245/16/177 246/16/177
f 243/14/177 247/14/177 246/16/177
f 248/15/177 247/14/177 243/14/177
f 244/15/177 248/15/177 243/14/177
f 241/14/223 246/16/220 243/14/223
f 246/16/220 241/14/223 249/16/220
f 243/14/224 246/16/218 241/14/224
f 249/16/218 241/14/224 246/16/218
f 244/15/222 250/15/217 242/15/222
f 250/15/217 244/15/222 248/15/217
f 242/15/221 250/15/219 244/15/221
f 248/15/219 244/15/221 250/15/219
f 251/16/224 247/14/218 245/16/224
f 247/14/218 251/16/224 252/14/218
f 245/16/223 247/14/220 251/16/223
f 252/14/220 251/16/223 247/14/220
f 248/15/217 252/14/218 250/15/217
f 252/14/218 248/15/217 247/14/218
f 250/15/219 252/14/220 248/15/219
f 247/14/220 248/15/219 252/14/220
f 237/13/219 246/16/220 249/16/220
f 246/16/220 237/13/219 238/13/219
f 249/16/218 246/16/218 237/13/217
f 238/13/217 237/13/217 246/16/218
f 249/16/177 239/13/177 237/13/177
f 239/13/177 249/16/177 251/16/177
f 251/16/177 249/16/177 241/14/177
f 251/16/177 241/14/177 252/14/177
f 252/14/177 241/14/177 242/15/177
f 252/14/177 242/15/177 250/15/177
f 237/13/178 239/13/178 249/16/178
f 251/16/178 249/16/178 239/13/178
f 241/14/178 249/16/178 251/16/178
f 252/14/178 241/14/178 251/16/178
f 242/15/178 241/14/178 252/14/178
f 250/15/178 242/15/178 252/14/178
f 251/16/224 240/13/221 239/13/221
f 240/13/221 251/16/224 245/16/224
f 239/13/222 240/13/222 251/16/223
f 245/16/223 251/16/223 240/13/222
f 255/17/225 254/17/226 253/17/225
f 254/17/226 255/17/225 256/17/226
f 253/17/227 254/17/228 255/17/227
f 256/17/228 255/17/227 254/17/228
f 259/18/227 258/18/228 257/18/228
f 258/18/228 259/18/227 260/18/227
f 257/18/226 258/18/226 259/18/225
f 260/18/225 259/18/225 258/18/226
f 257/18/228 262/19/229 261/19/229
f 262/19/229 257/18/228 258/18/228
f 261/19/230 262/19/230 257/18/226
f 258/18/226 257/18/226 262/19/230
f 263/19/231 260/18/227 259/18/227
f 260/18/227 263/19/231 264/19/231
f 259/18/225 260/18/225 263/19/232
f 264/19/232 263/19/232 260/18/225
f 263/19/231 265/20/230 264/19/231
f 265/20/230 263/19/231 266/20/230
f 264/19/232 265/20/229 263/19/232
f 266/20/229 263/19/232 265/20/229
f 264/19/233 258/18/233 260/18/233
f 258/18/233 264/19/233 262/19/233
f 262/19/233 264/19/233 265/20/233
f 262/19/233 265/20/233 267/20/233
f 267/20/233 265/20/233 256/17/233
f 267/20/233 256/17/233 255/17/233
f 260/18/234 258/18/234 264/19/234
f 262/19/234 264/19/234 258/18/234
f 265/20/234 264/19/234 262/19/234
f 267/20/234 265/20/234 262/19/234
f 256/17/234 265/20/234 267/20/234
f 255/17/234 256/17/234 267/20/234
f 256/17/226 266/20/230 254/17/226
f 266/20/230 256/17/226 265/20/230
f 254/17/228 266/20/229 256/17/228
f 265/20/229 256/17/228 266/20/229
f 268/20/232 262/19/229 267/20/232
f 262/19/229 268/20/232 261/19/229
f 267/20/231 262/19/230 268/20/231
f 261/19/230 268/20/231 262/19/230
f 267/20/232 253/17/225 268/20/232
f 253/17/225 267/20/232 255/17/225
f 268/20/231 253/17/227 267/20/231
f 255/17/227 267/20/231 253/17/227
f 261/19/234 259/18/234 257/18/234
f 259/18/234 261/19/234 263/19/234
f 263/19/234 261/19/234 268/20/234
f 263/19/234 268/20/234 266/20/234
f 266/20/234 268/20/234 253/17/234
f 266/20/234 253/17/234 254/17/234
f 257/18/233 259/18/233 261/19/233
f 263/19/233 261/19/233 259/18/233
f 268/20/233 261/19/233 263/19/233
f 266/20/233 268/20/233 263/19/233
f 253/17/233 268/20/233 266/20/233
f 254/17/233 253/17/233 266/20/233
f 271/21/235 270/22/236 269/21/235
f 270/22/236 271/21/235 272/22/236
f 269/21/237 270/22/238 271/21/237
f 272/22/238 271/21/237 270/22/238
f 274/21/239 269/21/235 273/21/239
f 269/21/235 274/21/239 271/21/235
f 273/21/240 269/21/237 274/21/240
f 271/21/237 274/21/240 269/21/237
f 277/22/241 276/23/238 275/23/238
f 276/23/238 277/22/241 278/22/241
f 275/23/236 276/23/236 277/22/242
f 278/22/242 277/22/242 276/23/236
f 270/22/236 280/23/242 279/23/242
f 280/23/242 270/22/236 272/22/236
f 279/23/241 280/23/241 270/22/238
f 272/22/238 270/22/238 280/23/241
f 281/24/165 277/22/165 275/23/165
f 277/22/165 281/24/165 274/21/165
f 274/21/165 281/24/165 282/24/165
f 274/21/165 282/24/165 271/21/165
f 271/21/165 282/24/165 280/23/165
f 271/21/165 280/23/165 272/22/165
f 275/23/168 277/22/168 281/24/168
f 274/21/168 281/24/168 277/22/168
f 282/24/168 281/24/168 274/21/168
f 271/21/168 282/24/168 274/21/168
f 280/23/168 282/24/168 271/21/168
f 272/22/168 280/23/168 271/21/168
f 283/24/237 275/23/238 276/23/238
f 275/23/238 283/24/237 281/24/237
f 276/23/236 275/23/236 283/24/235
f 281/24/235 283/24/235 275/23/236
f 277/22/241 273/21/239 278/22/241
f 273/21/239 277/22/241 274/21/239
f 278/22/242 273/21/240 277/22/242
f 274/21/240 277/22/242 273/21/240
f 273/21/168 276/23/168 278/22/168
f 276/23/168 273/21/168 283/24/168
f 283/24/168 273/21/168 269/21/168
f 283/24/168 269/21/168 284/24/168
f 284/24/168 269/21/168 270/22/168
f 284/24/168 270/22/168 279/23/168
f 278/22/165 276/23/165 273/21/165
f 283/24/165 273/21/165 276/23/165
f 269/21/165 273/21/165 283/24/165
f 284/24/165 269/21/165 283/24/165
f 270/22/165 269/21/165 284/24/165
f 279/23/165 270/22/165 284/24/165
f 279/23/242 282/24/240 284/24/240
f 282/24/240 279/23/242 280/23/242
f 284/24/239 282/24/239 279/23/241
f 280/23/241 279/23/241 282/24/239
f 284/24/240 281/24/237 283/24/237
f 281/24/237 284/24/240 282/24/240
f 283/24/235 281/24/235 284/24/239
f 282/24/239 284/24/239 281/24/235
f 157/8/176 286/6/176 285/8/176
f 286/6/176 157/8/176 287/6/176
f 285/8/175 286/6/175 157/8/175
f 287/6/175 157/8/175 286/6/175
f 290/8/243 289/6/163 288/6/243
f 289/6/163 290/8/243 291/8/163
f 288/6/244 289/6/164 290/8/244
f 291/8/164 290/8/244 289/6/164
f 157/8/164 292/6/164 287/6/164
f 292/6/164 157/8/164 158/8/164
f 287/6/163 292/6/163 157/8/163
f 158/8/163 157/8/163 292/6/163
f 291/8/163 286/6/245 289/6/163
f 286/6/245 291/8/163 285/8/245
f 289/6/164 286/6/246 291/8/164
f 285/8/246 291/8/164 286/6/246
f 292/6/82 286/6/82 287/6/82
f 286/6/82 292/6/82 289/6/82
f 289/6/82 292/6/82 288/6/82
f 287/6/81 286/6/81 292/6/81
f 289/6/81 292/6/81 286/6/81
f 288/6/81 292/6/81 289/6/81
f 285/8/81 158/8/81 157/8/81
f 158/8/81 285/8/81 291/8/81
f 158/8/81 291/8/81 290/8/81
f 157/8/82 158/8/82 285/8/82
f 291/8/82 285/8/82 158/8/82
f 290/8/82 291/8/82 158/8/82
f 292/6/175 290/8/175 288/6/175
f 290/8/175 292/6/175 158/8/175
f 288/6/176 290/8/176 292/6/176
f 158/8/176 292/6/176 290/8/176
f 295/7/179 294/6/163 293/6/179
f 294/6/163 295/7/179 296/7/163
f 293/6/180 294/6/164 295/7/180
f 296/7/164 295/7/180 294/6/164
f 296/7/163 297/6/181 294/6/163
f 297/6/181 296/7/163 298/7/181
f 294/6/164 297/6/182 296/7/164
f 298/7/182 296/7/164 297/6/182
f 194/7/176 297/6/176 298/7/176
f 297/6/176 194/7/176 138/6/176
f 298/7/175 297/6/175 194/7/175
f 138/6/175 194/7/175 297/6/175
f 298/7/81 299/7/81 194/7/81
f 299/7/81 298/7/81 296/7/81
f 299/7/81 296/7/81 295/7/81
f 194/7/82 299/7/82 298/7/82
f 296/7/82 298/7/82 299/7/82
f 295/7/82 296/7/82 299/7/82
f 194/7/164 300/6/164 138/6/164
f 300/6/164 194/7/164 299/7/164
f 138/6/163 300/6/163 194/7/163
f 299/7/163 194/7/163 300/6/163
f 300/6/175 295/7/175 293/6/175
f 295/7/175 300/6/175 299/7/175
f 293/6/176 295/7/176 300/6/176
f 299/7/176 300/6/176 295/7/176
f 303/25/247 302/25/248 301/25/247
f 302/25/248 303/25/247 304/25/248
f 301/25/249 302/25/250 303/25/249
f 304/25/250 303/25/249 302/25/250
f 307/26/249 306/26/250 305/26/250
f 306/26/250 307/26/249 308/26/249
f 305/26/248 306/26/248 307/26/247
f 308/26/247 307/26/247 306/26/248
f 311/27/251 310/28/252 309/27/251
f 310/28/252 311/27/251 312/28/252
f 309/27/253 310/28/254 311/27/253
f 312/28/254 311/27/253 310/28/254
f 315/28/253 314/27/254 313/28/253
f 314/27/254 315/28/253 316/27/254
f 313/28/251 314/27/252 315/28/251
f 316/27/252 315/28/251 314/27/252
f 305/26/250 311/27/251 309/27/251
f 311/27/251 305/26/250 306/26/250
f 309/27/253 311/27/253 305/26/248
f 306/26/248 305/26/248 311/27/253
f 312/28/252 301/25/247 310/28/252
f 301/25/247 312/28/252 303/25/247
f 310/28/254 301/25/249 312/28/254
f 303/25/249 312/28/254 301/25/249
f 313/28/181 301/25/181 302/25/181
f 301/25/181 313/28/181 310/28/181
f 310/28/181 313/28/181 314/27/181
f 310/28/181 314/27/181 309/27/181
f 309/27/181 314/27/181 307/26/181
f 309/27/181 307/26/181 305/26/181
f 302/25/182 301/25/182 313/28/182
f 310/28/182 313/28/182 301/25/182
f 314/27/182 313/28/182 310/28/182
f 309/27/182 314/27/182 310/28/182
f 307/26/182 314/27/182 309/27/182
f 305/26/182 307/26/182 309/27/182
f 312/28/182 304/25/182 303/25/182
f 304/25/182 312/28/182 315/28/182
f 315/28/182 312/28/182 311/27/182
f 315/28/182 311/27/182 316/27/182
f 316/27/182 311/27/182 306/26/182
f 316/27/182 306/26/182 308/26/182
f 303/25/181 304/25/181 312/28/181
f 315/28/181 312/28/181 304/25/181
f 311/27/181 312/28/181 315/28/181
f 316/27/181 311/27/181 315/28/181
f 306/26/181 311/27/181 316/27/181
f 308/26/181 306/26/181 316/27/181
f 304/25/248 313/28/253 302/25/248
f 313/28/253 304/25/248 315/28/253
f 302/25/250 313/28/251 304/25/250
f 315/28/251 304/25/250 313/28/251
f 314/27/254 308/26/249 307/26/249
f 308/26/249 314/27/254 316/27/254
f 307/26/247 308/26/247 314/27/252
f 316/27/252 314/27/252 308/26/247
f 319/29/255 318/29/256 317/29/255
f 318/29/256 319/29/255 320/29/256
f 317/29/257 318/29/258 319/29/257
f 320/29/258 319/29/257 318/29/258
f 323/30/257 322/30/258 321/30/258
f 322/30/258 323/30/257 324/30/257
f 321/30/256 322/30/256 323/30/255
f 324/30/255 323/30/255 322/30/256
f 326/31/259 317/29/255 325/31/259
f 317/29/255 326/31/259 319/29/255
f 325/31/260 317/29/257 326/31/260
f 319/29/257 326/31/260 317/29/257
f 320/29/256 327/31/261 318/29/256
f 327/31/261 320/29/256 328/31/261
f 318/29/258 327/31/262 320/29/258
f 328/31/262 320/29/258 327/31/262
f 325/31/259 329/32/262 326/31/259
f 329/32/262 325/31/259 330/32/262
f 326/31/260 329/32/261 325/31/260
f 330/32/261 325/31/260 329/32/261
f 321/30/258 329/32/262 330/32/262
f 329/32/262 321/30/258 322/30/258
f 330/32/261 329/32/261 321/30/256
f 322/30/256 321/30/256 329/32/261
f 330/32/180 323/30/180 321/30/180
f 323/30/180 330/32/180 331/32/180
f 331/32/180 330/32/180 325/31/180
f 331/32/180 325/31/180 327/31/180
f 327/31/180 325/31/180 317/29/180
f 327/31/180 317/29/180 318/29/180
f 321/30/179 323/30/179 330/32/179
f 331/32/179 330/32/179 323/30/179
f 325/31/179 330/32/179 331/32/179
f 327/31/179 325/31/179 331/32/179
f 317/29/179 325/31/179 327/31/179
f 318/29/179 317/29/179 327/31/179
f 332/32/179 322/30/179 324/30/179
f 322/30/179 332/32/179 329/32/179
f 329/32/179 332/32/179 328/31/179
f 329/32/179 328/31/179 326/31/179
f 326/31/179 328/31/179 320/29/179
f 326/31/179 320/29/179 319/29/179
f 324/30/180 322/30/180 332/32/180
f 329/32/180 332/32/180 322/30/180
f 328/31/180 332/32/180 329/32/180
f 326/31/180 328/31/180 329/32/180
f 320/29/180 328/31/180 326/31/180
f 319/29/180 320/29/180 326/31/180
f 331/32/260 324/30/257 323/30/257
f 324/30/257 331/32/260 332/32/260
f 323/30/255 324/30/255 331/32/259
f 332/32/259 331/32/259 324/30/255
f 331/32/260 328/31/261 332/32/260
f 328/31/261 331/32/260 327/31/261
f 332/32/259 328/31/262 331/32/259
f 327/31/262 331/32/259 328/31/262
f 335/33/247 334/33/248 333/33/247
f 334/33/248 335/33/247 336/33/248
f 333/33/249 334/33/250 335/33/249
f 336/33/250 335/33/249 334/33/250
f 339/34/249 338/34/250 337/34/250
f 338/34/250 339/34/249 340/34/249
f 337/34/248 338/34/248 339/34/247
f 340/34/247 339/34/247 338/34/248
f 337/34/250 342/35/251 341/35/251
f 342/35/251 337/34/250 338/34/250
f 341/35/253 342/35/253 337/34/248
f 338/34/248 337/34/248 342/35/253
f 344/36/252 333/33/247 343/36/252
f 333/33/247 344/36/252 335/33/247
f 343/36/254 333/33/249 344/36/254
f 335/33/249 344/36/254 333/33/249
f 347/36/253 346/35/254 345/36/253
f 346/35/254 347/36/253 348/35/254
f 345/36/251 346/35/252 347/36/251
f 348/35/252 347/36/251 346/35/252
f 342/35/251 343/36/252 341/35/251
f 343/36/252 342/35/251 344/36/252
f 341/35/253 343/36/254 342/35/253
f 344/36/254 342/35/253 343/36/254
f 345/36/181 333/33/181 334/33/181
f 333/33/181 345/36/181 343/36/181
f 343/36/181 345/36/181 346/35/181
f 343/36/181 346/35/181 341/35/181
f 341/35/181 346/35/181 339/34/181
f 341/35/181 339/34/181 337/34/181
f 334/33/182 333/33/182 345/36/182
f 343/36/182 345/36/182 333/33/182
f 346/35/182 345/36/182 343/36/182
f 341/35/182 346/35/182 343/36/182
f 339/34/182 346/35/182 341/35/182
f 337/34/182 339/34/182 341/35/182
f 336/33/248 345/36/253 334/33/248
f 345/36/253 336/33/248 347/36/253
f 334/33/250 345/36/251 336/33/250
f 347/36/251 336/33/250 345/36/251
f 344/36/182 336/33/182 335/33/182
f 336/33/182 344/36/182 347/36/182
f 347/36/182 344/36/182 342/35/182
f 347/36/182 342/35/182 348/35/182
f 348/35/182 342/35/182 338/34/182
f 348/35/182 338/34/182 340/34/182
f 335/33/181 336/33/181 344/36/181
f 347/36/181 344/36/181 336/33/181
f 342/35/181 344/36/181 347/36/181
f 348/35/181 342/35/181 347/36/181
f 338/34/181 342/35/181 348/35/181
f 340/34/181 338/34/181 348/35/181
f 346/35/254 340/34/249 339/34/249
f 340/34/249 346/35/254 348/35/254
f 339/34/247 340/34/247 346/35/252
f 348/35/252 346/35/252 340/34/247
f 351/8/189 350/6/189 349/8/189
f 350/6/189 351/8/189 352/6/189
f 349/8/190 350/6/190 351/8/190
f 352/6/190 351/8/190 350/6/190
f 355/8/263 354/6/184 353/6/263
f 354/6/184 355/8/263 356/8/184
f 353/6/264 354/6/186 355/8/264
f 356/8/186 355/8/264 354/6/186
f 351/8/186 357/6/186 352/6/186
f 357/6/186 351/8/186 358/8/186
f 352/6/184 357/6/184 351/8/184
f 358/8/184 351/8/184 357/6/184
f 356/8/184 350/6/265 354/6/184
f 350/6/265 356/8/184 349/8/265
f 354/6/186 350/6/266 356/8/186
f 349/8/266 356/8/186 350/6/266
f 357/6/82 350/6/82 352/6/82
f 350/6/82 357/6/82 354/6/82
f 354/6/82 357/6/82 353/6/82
f 352/6/81 350/6/81 357/6/81
f 354/6/81 357/6/81 350/6/81
f 353/6/81 357/6/81 354/6/81
f 349/8/81 358/8/81 351/8/81
f 358/8/81 349/8/81 356/8/81
f 358/8/81 356/8/81 355/8/81
f 351/8/82 358/8/82 349/8/82
f 356/8/82 349/8/82 358/8/82
f 355/8/82 356/8/82 358/8/82
f 357/6/190 355/8/190 353/6/190
f 355/8/190 357/6/190 358/8/190
f 353/6/189 355/8/189 357/6/189
f 358/8/189 357/6/189 355/8/189
f 361/7/183 360/6/184 359/6/183
f 360/6/184 361/7/183 362/7/184
f 359/6/185 360/6/186 361/7/185
f 362/7/186 361/7/185 360/6/186
f 362/7/184 363/6/187 360/6/184
f 363/6/187 362/7/184 364/7/187
f 360/6/186 363/6/188 362/7/186
f 364/7/188 362/7/186 363/6/188
f 365/7/189 363/6/189 364/7/189
f 363/6/189 365/7/189 366/6/189
f 364/7/190 363/6/190 365/7/190
f 366/6/190 365/7/190 363/6/190
f 364/7/81 367/7/81 365/7/81
f 367/7/81 364/7/81 362/7/81
f 367/7/81 362/7/81 361/7/81
f 365/7/82 367/7/82 364/7/82
f 362/7/82 364/7/82 367/7/82
f 361/7/82 362/7/82 367/7/82
f 365/7/186 368/6/186 366/6/186
f 368/6/186 365/7/186 367/7/186
f 366/6/184 368/6/184 365/7/184
f 367/7/184 365/7/184 368/6/184
f 368/6/190 361/7/190 359/6/190
f 361/7/190 368/6/190 367/7/190
f 359/6/189 361/7/189 368/6/189
f 367/7/189 368/6/189 361/7/189
f 371/25/267 370/25/268 369/25/267
f 370/25/268 371/25/267 372/25/268
f 369/25/269 370/25/270 371/25/269
f 372/25/270 371/25/269 370/25/270
f 375/26/269 374/26/270 373/26/270
f 374/26/270 375/26/269 376/26/269
f 373/26/268 374/26/268 375/26/267
f 376/26/267 375/26/267 374/26/268
f 379/27/271 378/28/272 377/27/271
f 378/28/272 379/27/271 380/28/272
f 377/27/273 378/28/274 379/27/273
f 380/28/274 379/27/273 378/28/274
f 383/28/273 382/27/274 381/28/273
f 382/27/274 383/28/273 384/27/274
f 381/28/271 382/27/272 383/28/271
f 384/27/272 383/28/271 382/27/272
f 373/26/270 379/27/271 377/27/271
f 379/27/271 373/26/270 374/26/270
f 377/27/273 379/27/273 373/26/268
f 374/26/268 373/26/268 379/27/273
f 380/28/272 369/25/267 378/28/272
f 369/25/267 380/28/272 371/25/267
f 378/28/274 369/25/269 380/28/274
f 371/25/269 380/28/274 369/25/269
f 381/28/187 369/25/187 370/25/187
f 369/25/187 381/28/187 378/28/187
f 378/28/187 381/28/187 382/27/187
f 378/28/187 382/27/187 377/27/187
f 377/27/187 382/27/187 375/26/187
f 377/27/187 375/26/187 373/26/187
f 370/25/188 369/25/188 381/28/188
f 378/28/188 381/28/188 369/25/188
f 382/27/188 381/28/188 378/28/188
f 377/27/188 382/27/188 378/28/188
f 375/26/188 382/27/188 377/27/188
f 373/26/188 375/26/188 377/27/188
f 380/28/188 372/25/188 371/25/188
f 372/25/188 380/28/188 383/28/188
f 383/28/188 380/28/188 379/27/188
f 383/28/188 379/27/188 384/27/188
f 384/27/188 379/27/188 374/26/188
f 384/27/188 374/26/188 376/26/188
f 371/25/187 372/25/187 380/28/187
f 383/28/187 380/28/187 372/25/187
f 379/27/187 380/28/187 383/28/187
f 384/27/187 379/27/187 383/28/187
f 374/26/187 379/27/187 384/27/187
f 376/26/187 374/26/187 384/27/187
f 372/25/268 381/28/273 370/25/268
f 381/28/273 372/25/268 383/28/273
f 370/25/270 381/28/271 372/25/270
f 383/28/271 372/25/270 381/28/271
f 382/27/274 376/26/269 375/26/269
f 376/26/269 382/27/274 384/27/274
f 375/26/267 376/26/267 382/27/272
f 384/27/272 382/27/272 376/26/267
f 387/29/275 386/29/276 385/29/275
f 386/29/276 387/29/275 388/29/276
f 385/29/277 386/29/278 387/29/277
f 388/29/278 387/29/277 386/29/278
f 391/30/277 390/30/278 389/30/278
f 390/30/278 391/30/277 392/30/277
f 389/30/276 390/30/276 391/30/275
f 392/30/275 391/30/275 390/30/276
f 394/31/279 385/29/275 393/31/279
f 385/29/275 394/31/279 387/29/275
f 393/31/280 385/29/277 394/31/280
f 387/29/277 394/31/280 385/29/277
f 388/29/276 395/31/281 386/29/276
f 395/31/281 388/29/276 396/31/281
f 386/29/278 395/31/282 388/29/278
f 396/31/282 388/29/278 395/31/282
f 393/31/279 397/32/282 394/31/279
f 397/32/282 393/31/279 398/32/282
f 394/31/280 397/32/281 393/31/280
f 398/32/281 393/31/280 397/32/281
f 389/30/278 397/32/282 398/32/282
f 397/32/282 389/30/278 390/30/278
f 398/32/281 397/32/281 389/30/276
f 390/30/276 389/30/276 397/32/281
f 398/32/185 391/30/185 389/30/185
f 391/30/185 398/32/185 399/32/185
f 399/32/185 398/32/185 393/31/185
f 399/32/185 393/31/185 395/31/185
f 395/31/185 393/31/185 385/29/185
f 395/31/185 385/29/185 386/29/185
f 389/30/183 391/30/183 398/32/183
f 399/32/183 398/32/183 391/30/183
f 393/31/183 398/32/183 399/32/183
f 395/31/183 393/31/183 399/32/183
f 385/29/183 393/31/183 395/31/183
f 386/29/183 385/29/183 395/31/183
f 400/32/183 390/30/183 392/30/183
f 390/30/183 400/32/183 397/32/183
f 397/32/183 400/32/183 396/31/183
f 397/32/183 396/31/183 394/31/183
f 394/31/183 396/31/183 388/29/183
f 394/31/183 388/29/183 387/29/183
f 392/30/185 390/30/185 400/32/185
f 397/32/185 400/32/185 390/30/185
f 396/31/185 400/32/185 397/32/185
f 394/31/185 396/31/185 397/32/185
f 388/29/185 396/31/185 394/31/185
f 387/29/185 388/29/185 394/31/185
f 399/32/280 392/30/277 391/30/277
f 392/30/277 399/32/280 400/32/280
f 391/30/275 392/30/275 399/32/279
f 400/32/279 399/32/279 392/30/275
f 399/32/280 396/31/281 400/32/280
f 396/31/281 399/32/280 395/31/281
f 400/32/279 396/31/282 399/32/279
f 395/31/282 399/32/279 396/31/282
f 403/33/267 402/33/268 401/33/267
f 402/33/268 403/33/267 404/33/268
f 401/33/269 402/33/270 403/33/269
f 404/33/270 403/33/269 402/33/270
f 407/34/269 406/34/270 405/34/270
f 406/34/270 407/34/269 408/34/269
f 405/34/268 406/34/268 407/34/267
f 408/34/267 407/34/267 406/34/268
f 405/34/270 410/35/271 409/35/271
f 410/35/271 405/34/270 406/34/270
f 409/35/273 410/35/273 405/34/268
f 406/34/268 405/34/268 410/35/273
f 412/36/272 401/33/267 411/36/272
f 401/33/267 412/36/272 403/33/267
f 411/36/274 401/33/269 412/36/274
f 403/33/269 412/36/274 401/33/269
f 415/36/273 414/35/274 413/36/273
f 414/35/274 415/36/273 416/35/274
f 413/36/271 414/35/272 415/36/271
f 416/35/272 415/36/271 414/35/272
f 410/35/271 411/36/272 409/35/271
f 411/36/272 410/35/271 412/36/272
f 409/35/273 411/36/274 410/35/273
f 412/36/274 410/35/273 411/36/274
f 413/36/187 401/33/187 402/33/187
f 401/33/187 413/36/187 411/36/187
f 411/36/187 413/36/187 414/35/187
f 411/36/187 414/35/187 409/35/187
f 409/35/187 414/35/187 407/34/187
f 409/35/187 407/34/187 405/34/187
f 402/33/188 401/33/188 413/36/188
f 411/36/188 413/36/188 401/33/188
f 414/35/188 413/36/188 411/36/188
f 409/35/188 414/35/188 411/36/188
f 407/34/188 414/35/188 409/35/188
f 405/34/188 407/34/188 409/35/188
f 404/33/268 413/36/273 402/33/268
f 413/36/273 404/33/268 415/36/273
f 402/33/270 413/36/271 404/33/270
f 415/36/271 404/33/270 413/36/271
f 412/36/188 404/33/188 403/33/188
f 404/33/188 412/36/188 415/36/188
f 415/36/188 412/36/188 410/35/188
f 415/36/188 410/35/188 416/35/188
f 416/35/188 410/35/188 406/34/188
f 416/35/188 406/34/188 408/34/188
f 403/33/187 404/33/187 412/36/187
f 415/36/187 412/36/187 404/33/187
f 410/35/187 412/36/187 415/36/187
f 416/35/187 410/35/187 415/36/187
f 406/34/187 410/35/187 416/35/187
f 408/34/187 406/34/187 416/35/187
f 414/35/274 408/34/269 407/34/269
f 408/34/269 414/35/274 416/35/274
f 407/34/267 408/34/267 414/35/272
f 416/35/272 414/35/272 408/34/267
f 419/7/191 418/6/191 417/7/191
f 418/6/191 419/7/191 420/6/191
f 417/7/192 418/6/192 419/7/192
f 420/6/192 419/7/192 418/6/192
f 419/7/193 421/6/193 420/6/193
f 421/6/193 419/7/193 422/7/193
f 420/6/194 421/6/194 419/7/194
f 422/7/194 419/7/194 421/6/194
f 423/6/199 417/7/201 418/6/201
f 417/7/201 423/6/199 424/7/199
f 418/6/202 417/7/202 423/6/200
f 424/7/200 423/6/200 417/7/202
f 421/6/196 426/7/195 425/6/195
f 426/7/195 421/6/196 422/7/196
f 425/6/198 426/7/198 421/6/197
f 422/7/197 421/6/197 426/7/198
f 424/7/81 419/7/81 417/7/81
f 419/7/81 424/7/81 422/7/81
f 422/7/81 424/7/81 426/7/81
f 417/7/82 419/7/82 424/7/82
f 422/7/82 424/7/82 419/7/82
f 426/7/82 424/7/82 422/7/82
f 426/7/195 423/6/199 425/6/195
f 423/6/199 426/7/195 424/7/199
f 425/6/198 423/6/200 426/7/198
f 424/7/200 426/7/198 423/6/200
f 429/8/193 428/6/193 427/6/193
f 428/6/193 429/8/193 430/8/193
f 427/6/194 428/6/194 429/8/194
f 430/8/194 429/8/194 428/6/194
f 429/8/191 432/6/191 431/8/191
f 432/6/191 429/8/191 427/6/191
f 431/8/192 432/6/192 429/8/192
f 427/6/192 429/8/192 432/6/192
f 433/8/81 429/8/81 431/8/81
f 429/8/81 433/8/81 430/8/81
f 430/8/81 433/8/81 434/8/81
f 431/8/82 429/8/82 433/8/82
f 430/8/82 433/8/82 429/8/82
f 434/8/82 433/8/82 430/8/82
f 428/6/82 432/6/82 427/6/82
f 432/6/82 428/6/82 435/6/82
f 435/6/82 428/6/82 436/6/82
f 427/6/81 432/6/81 428/6/81
f 435/6/81 428/6/81 432/6/81
f 436/6/81 428/6/81 435/6/81
f 428/6/196 434/8/195 436/6/195
f 434/8/195 428/6/196 430/8/196
f 436/6/198 434/8/198 428/6/197
f 430/8/197 428/6/197 434/8/198
f 434/8/195 435/6/283 436/6/195
f 435/6/283 434/8/195 433/8/283
f 436/6/198 435/6/284 434/8/198
f 433/8/284 434/8/198 435/6/284
f 435/6/283 431/8/201 432/6/201
f 431/8/201 435/6/283 433/8/283
f 432/6/202 431/8/202 435/6/284
f 433/8/284 435/6/284 431/8/202
f 439/37/82 438/37/82 437/37/82
f 438/37/82 439/37/82 440/37/82
f 440/37/82 439/37/82 441/37/82
f 440/37/82 441/37/82 442/37/82
f 442/37/82 441/37/82 443/37/82
f 442/37/82 443/37/82 444/37/82
f 437/37/81 438/37/81 439/37/81
f 440/37/81 439/37/81 438/37/81
f 441/37/81 439/37/81 440/37/81
f 442/37/81 441/37/81 440/37/81
f 443/37/81 441/37/81 442/37/81
f 444/37/81 443/37/81 442/37/81
f 447/38/81 446/38/81 445/38/81
f 446/38/81 447/38/81 448/38/81
f 446/38/81 448/38/81 449/38/81
f 449/38/81 448/38/81 450/38/81
f 449/38/81 450/38/81 451/38/81
f 451/38/81 450/38/81 452/38/81
f 445/38/82 446/38/82 447/38/82
f 448/38/82 447/38/82 446/38/82
f 449/38/82 448/38/82 446/38/82
f 450/38/82 448/38/82 449/38/82
f 451/38/82 450/38/82 449/38/82
f 452/38/82 450/38/82 451/38/82
f 445/38/286 438/37/285 447/38/285
f 438/37/285 445/38/286 437/37/286
f 447/38/288 438/37/288 445/38/287
f 437/37/287 445/38/287 438/37/288
f 448/38/289 438/37/290 440/37/289
f 438/37/290 448/38/289 447/38/290
f 440/37/291 438/37/292 448/38/291
f 447/38/292 448/38/291 438/37/292
f 450/38/293 440/37/289 442/37/293
f 440/37/289 450/38/293 448/38/289
f 442/37/294 440/37/291 450/38/294
f 448/38/291 450/38/294 440/37/291
f 444/37/287 450/38/295 442/37/295
f 450/38/295 444/37/287 452/38/287
f 442/37/296 450/38/296 444/37/286
f 452/38/286 444/37/286 450/38/296
f 443/37/288 452/38/287 444/37/287
f 452/38/287 443/37/288 451/38/288
f 444/37/286 452/38/286 443/37/285
f 451/38/285 443/37/285 452/38/286
f 449/38/291 443/37/292 441/37/291
f 443/37/292 449/38/291 451/38/292
f 441/37/289 443/37/290 449/38/289
f 451/38/290 449/38/289 443/37/290
f 446/38/294 441/37/291 439/37/294
f 441/37/291 446/38/294 449/38/291
f 439/37/293 441/37/289 446/38/293
f 449/38/289 446/38/293 441/37/289
f 446/38/296 437/37/286 445/38/286
f 437/37/286 446/38/296 439/37/296
f 445/38/287 437/37/287 446/38/295
f 439/37/295 446/38/295 437/37/287
f 455/38/81 454/38/81 453/38/81
f 454/38/81 455/38/81 456/38/81
f 454/38/81 456/38/81 457/38/81
f 457/38/81 456/38/81 458/38/81
f 458/38/81 456/38/81 459/38/81
f 458/38/81 459/38/81 460/38/81
f 453/38/82 454/38/82 455/38/82
f 456/38/82 455/38/82 454/38/82
f 457/38/82 456/38/82 454/38/82
f 458/38/82 456/38/82 457/38/82
f 459/38/82 456/38/82 458/38/82
f 460/38/82 459/38/82 458/38/82
f 453/38/286 461/37/285 455/38/285
f 461/37/285 453/38/286 462/37/286
f 455/38/288 461/37/288 453/38/287
f 462/37/287 453/38/287 461/37/288
f 456/38/289 461/37/290 463/37/289
f 461/37/290 456/38/289 455/38/290
f 463/37/291 461/37/292 456/38/291
f 455/38/292 456/38/291 461/37/292
f 459/38/293 463/37/289 464/37/293
f 463/37/289 459/38/293 456/38/289
f 464/37/294 463/37/291 459/38/294
f 456/38/291 459/38/294 463/37/291
f 465/37/287 459/38/295 464/37/295
f 459/38/295 465/37/287 460/38/287
f 464/37/296 459/38/296 465/37/286
f 460/38/286 465/37/286 459/38/296
f 466/37/288 460/38/287 465/37/287
f 460/38/287 466/37/288 458/38/288
f 465/37/286 460/38/286 466/37/285
f 458/38/285 466/37/285 460/38/286
f 457/38/291 466/37/292 467/37/291
f 466/37/292 457/38/291 458/38/292
f 467/37/289 466/37/290 457/38/289
f 458/38/290 457/38/289 466/37/290
f 454/38/294 467/37/291 468/37/294
f 467/37/291 454/38/294 457/38/291
f 468/37/293 467/37/289 454/38/293
f 457/38/289 454/38/293 467/37/289
f 454/38/296 462/37/286 453/38/286
f 462/37/286 454/38/296 468/37/296
f 453/38/287 462/37/287 454/38/295
f 468/37/295 454/38/295 462/37/287
f 471/40/297 470/39/298 469/39/297
f 470/39/298 471/40/297 472/40/298
f 469/39/299 470/39/300 471/40/299
f 472/40/300 471/40/299 470/39/300
f 475/39/301 474/40/302 473/40/301
f 474/40/302 475/39/301 476/39/302
f 473/40/303 474/40/304 475/39/303
f 476/39/304 475/39/303 474/40/304
f 478/40/305 469/39/297 477/39/305
f 469/39/297 478/40/305 471/40/297
f 477/39/306 469/39/299 478/40/306
f 471/40/299 478/40/306 469/39/299
f 481/40/307 480/39/308 479/39/307
f 480/39/308 481/40/307 482/40/308
f 479/39/309 480/39/310 481/40/309
f 482/40/310 481/40/309 480/39/310
f 481/40/307 470/39/311 472/40/311
f 470/39/311 481/40/307 479/39/307
f 472/40/312 470/39/312 481/40/309
f 479/39/309 481/40/309 470/39/312
f 484/40/313 476/39/314 483/39/313
f 476/39/314 484/40/313 474/40/314
f 483/39/315 476/39/316 484/40/315
f 474/40/316 484/40/315 476/39/316
f 482/40/317 483/39/313 480/39/317
f 483/39/313 482/40/317 484/40/313
f 480/39/318 483/39/315 482/40/318
f 484/40/315 482/40/318 483/39/315
f 477/39/319 473/40/301 478/40/319
f 473/40/301 477/39/319 475/39/301
f 478/40/320 473/40/303 477/39/320
f 475/39/303 477/39/320 473/40/303

g corridor-wide-corner




usemtl colormap

f 3/2/3 2/1/2 1/1/1
f 2/1/2 3/2/3 4/2/4
f 1/1/7 2/1/6 3/2/5
f 4/2/8 3/2/5 2/1/6
f 7/3/11 6/1/10 5/1/9
f 6/1/10 7/3/11 8/3/12
f 5/1/15 6/1/14 7/3/13
f 8/3/16 7/3/13 6/1/14
f 11/2/19 10/1/18 9/1/17
f 10/1/18 11/2/19 12/2/20
f 9/1/23 10/1/22 11/2/21
f 12/2/24 11/2/21 10/1/22
f 2/1/2 11/2/19 9/1/17
f 11/2/19 2/1/2 4/2/4
f 9/1/23 11/2/21 2/1/6
f 4/2/8 2/1/6 11/2/21
f 7/3/11 13/3/25 8/3/12
f 13/3/25 7/3/11 14/3/26
f 8/3/16 13/3/27 7/3/13
f 14/3/28 7/3/13 13/3/27
f 8/3/12 15/1/29 6/1/10
f 15/1/29 8/3/12 13/3/25
f 6/1/14 15/1/30 8/3/16
f 13/3/27 8/3/16 15/1/30
f 11/2/19 3/2/3 12/2/20
f 3/2/3 11/2/19 4/2/4
f 12/2/24 3/2/5 11/2/21
f 4/2/8 11/2/21 3/2/5
f 14/3/26 5/1/9 16/1/31
f 5/1/9 14/3/26 7/3/11
f 16/1/32 5/1/15 14/3/28
f 7/3/13 14/3/28 5/1/15
f 15/1/29 14/3/26 16/1/31
f 14/3/26 15/1/29 13/3/25
f 16/1/32 14/3/28 15/1/30
f 13/3/27 15/1/30 14/3/28
f 12/2/20 1/1/1 10/1/18
f 1/1/1 12/2/20 3/2/3
f 10/1/22 1/1/7 12/2/24
f 3/2/5 12/2/24 1/1/7
f 19/3/35 18/3/34 17/3/33
f 18/3/34 19/3/35 20/3/36
f 17/3/39 18/3/38 19/3/37
f 20/3/40 19/3/37 18/3/38
f 20/3/36 21/1/41 18/3/34
f 21/1/41 20/3/36 22/1/42
f 18/3/38 21/1/43 20/3/40
f 22/1/44 20/3/40 21/1/43
f 17/3/33 21/1/41 23/1/45
f 21/1/41 17/3/33 18/3/34
f 23/1/46 21/1/43 17/3/39
f 18/3/38 17/3/39 21/1/43
f 24/1/47 17/3/33 23/1/45
f 17/3/33 24/1/47 19/3/35
f 23/1/46 17/3/39 24/1/48
f 19/3/37 24/1/48 17/3/39
f 22/1/42 19/3/35 24/1/47
f 19/3/35 22/1/42 20/3/36
f 24/1/48 19/3/37 22/1/44
f 20/3/40 22/1/44 19/3/37
f 27/1/51 26/3/50 25/1/49
f 26/3/50 27/1/51 28/3/52
f 25/1/55 26/3/54 27/1/53
f 28/3/56 27/1/53 26/3/54
f 29/1/57 28/3/52 27/1/51
f 28/3/52 29/1/57 30/3/58
f 27/1/53 28/3/56 29/1/59
f 30/3/60 29/1/59 28/3/56
f 33/2/63 32/1/62 31/1/61
f 32/1/62 33/2/63 34/2/64
f 31/1/67 32/1/66 33/2/65
f 34/2/68 33/2/65 32/1/66
f 33/2/63 35/2/69 34/2/64
f 35/2/69 33/2/63 36/2/70
f 34/2/68 35/2/71 33/2/65
f 36/2/72 33/2/65 35/2/71
f 30/3/58 38/1/74 37/3/73
f 38/1/74 30/3/58 29/1/57
f 37/3/76 38/1/75 30/3/60
f 29/1/59 30/3/60 38/1/75
f 34/2/64 39/1/77 32/1/62
f 39/1/77 34/2/64 35/2/69
f 32/1/66 39/1/78 34/2/68
f 35/2/71 34/2/68 39/1/78
f 28/3/52 37/3/73 26/3/50
f 37/3/73 28/3/52 30/3/58
f 26/3/54 37/3/76 28/3/56
f 30/3/60 28/3/56 37/3/76
f 40/1/79 33/2/63 31/1/61
f 33/2/63 40/1/79 36/2/70
f 31/1/67 33/2/65 40/1/80
f 36/2/72 40/1/80 33/2/65
f 26/3/50 38/1/74 25/1/49
f 38/1/74 26/3/50 37/3/73
f 25/1/55 38/1/75 26/3/54
f 37/3/76 26/3/54 38/1/75
f 35/2/69 40/1/79 39/1/77
f 40/1/79 35/2/69 36/2/70
f 39/1/78 40/1/80 35/2/71
f 36/2/72 35/2/71 40/1/80
f 43/1/81 42/1/81 41/1/81
f 42/1/81 43/1/81 44/1/81
f 41/1/82 42/1/82 43/1/82
f 44/1/82 43/1/82 42/1/82
f 45/1/81 44/1/81 43/1/81
f 44/1/81 45/1/81 46/1/81
f 43/1/82 44/1/82 45/1/82
f 46/1/82 45/1/82 44/1/82
f 48/1/81 43/1/81 47/1/81
f 43/1/81 48/1/81 45/1/81
f 47/1/82 43/1/82 48/1/82
f 45/1/82 48/1/82 43/1/82
f 47/1/81 41/1/81 49/1/81
f 41/1/81 47/1/81 43/1/81
f 49/1/82 41/1/82 47/1/82
f 43/1/82 47/1/82 41/1/82
f 52/1/29 51/3/26 50/1/31
f 51/3/26 52/1/29 53/3/25
f 50/1/32 51/3/28 52/1/30
f 53/3/27 52/1/30 51/3/28
f 55/3/12 52/1/29 54/1/10
f 52/1/29 55/3/12 53/3/25
f 54/1/14 52/1/30 55/3/16
f 53/3/27 55/3/16 52/1/30
f 58/2/3 57/1/2 56/1/1
f 57/1/2 58/2/3 59/2/4
f 56/1/7 57/1/6 58/2/5
f 59/2/8 58/2/5 57/1/6
f 57/1/2 61/2/19 60/1/17
f 61/2/19 57/1/2 59/2/4
f 60/1/23 61/2/21 57/1/6
f 59/2/8 57/1/6 61/2/21
f 64/1/79 63/2/63 62/1/61
f 63/2/63 64/1/79 65/2/70
f 62/1/67 63/2/65 64/1/80
f 65/2/72 64/1/80 63/2/65
f 63/2/63 67/2/69 66/2/64
f 67/2/69 63/2/63 65/2/70
f 66/2/68 67/2/71 63/2/65
f 65/2/72 63/2/65 67/2/71
f 67/2/69 64/1/79 68/1/77
f 64/1/79 67/2/69 65/2/70
f 68/1/78 64/1/80 67/2/71
f 65/2/72 67/2/71 64/1/80
f 63/2/63 69/1/62 62/1/61
f 69/1/62 63/2/63 66/2/64
f 62/1/67 69/1/66 63/2/65
f 66/2/68 63/2/65 69/1/66
f 66/2/64 68/1/77 69/1/62
f 68/1/77 66/2/64 67/2/69
f 69/1/66 68/1/78 66/2/68
f 67/2/71 66/2/68 68/1/78
f 71/2/20 56/1/1 70/1/18
f 56/1/1 71/2/20 58/2/3
f 70/1/22 56/1/7 71/2/24
f 58/2/5 71/2/24 56/1/7
f 51/3/26 72/1/9 50/1/31
f 72/1/9 51/3/26 73/3/11
f 50/1/32 72/1/15 51/3/28
f 73/3/13 51/3/28 72/1/15
f 61/2/19 70/1/18 60/1/17
f 70/1/18 61/2/19 71/2/20
f 60/1/23 70/1/22 61/2/21
f 71/2/24 61/2/21 70/1/22
f 61/2/19 58/2/3 71/2/20
f 58/2/3 61/2/19 59/2/4
f 71/2/24 58/2/5 61/2/21
f 59/2/8 61/2/21 58/2/5
f 76/3/35 75/3/34 74/3/33
f 75/3/34 76/3/35 77/3/36
f 74/3/39 75/3/38 76/3/37
f 77/3/40 76/3/37 75/3/38
f 73/3/11 53/3/25 55/3/12
f 53/3/25 73/3/11 51/3/26
f 55/3/16 53/3/27 73/3/13
f 51/3/28 73/3/13 53/3/27
f 78/1/47 77/3/36 76/3/35
f 77/3/36 78/1/47 79/1/42
f 76/3/37 77/3/40 78/1/48
f 79/1/44 78/1/48 77/3/40
f 82/1/57 81/3/52 80/1/51
f 81/3/52 82/1/57 83/3/58
f 80/1/53 81/3/56 82/1/59
f 83/3/60 82/1/59 81/3/56
f 78/1/47 74/3/33 84/1/45
f 74/3/33 78/1/47 76/3/35
f 84/1/46 74/3/39 78/1/48
f 76/3/37 78/1/48 74/3/39
f 77/3/36 85/1/41 75/3/34
f 85/1/41 77/3/36 79/1/42
f 75/3/38 85/1/43 77/3/40
f 79/1/44 77/3/40 85/1/43
f 88/3/50 87/1/74 86/1/49
f 87/1/74 88/3/50 89/3/73
f 86/1/55 87/1/75 88/3/54
f 89/3/76 88/3/54 87/1/75
f 74/3/33 85/1/41 84/1/45
f 85/1/41 74/3/33 75/3/34
f 84/1/46 85/1/43 74/3/39
f 75/3/38 74/3/39 85/1/43
f 80/1/51 88/3/50 86/1/49
f 88/3/50 80/1/51 81/3/52
f 86/1/55 88/3/54 80/1/53
f 81/3/56 80/1/53 88/3/54
f 83/3/58 87/1/74 89/3/73
f 87/1/74 83/3/58 82/1/57
f 89/3/76 87/1/75 83/3/60
f 82/1/59 83/3/60 87/1/75
f 81/3/52 89/3/73 88/3/50
f 89/3/73 81/3/52 83/3/58
f 88/3/54 89/3/76 81/3/56
f 83/3/60 81/3/56 89/3/76
f 73/3/11 54/1/10 72/1/9
f 54/1/10 73/3/11 55/3/12
f 72/1/15 54/1/14 73/3/13
f 55/3/16 73/3/13 54/1/14
f 92/1/85 91/3/84 90/1/83
f 91/3/84 92/1/85 93/3/86
f 90/1/89 91/3/88 92/1/87
f 93/3/90 92/1/87 91/3/88
f 95/3/92 92/1/85 94/1/91
f 92/1/85 95/3/92 93/3/86
f 94/1/94 92/1/87 95/3/93
f 93/3/90 95/3/93 92/1/87
f 98/2/97 97/1/96 96/1/95
f 97/1/96 98/2/97 99/2/98
f 96/1/101 97/1/100 98/2/99
f 99/2/102 98/2/99 97/1/100
f 97/1/96 101/2/104 100/1/103
f 101/2/104 97/1/96 99/2/98
f 100/1/106 101/2/105 97/1/100
f 99/2/102 97/1/100 101/2/105
f 104/1/109 103/2/108 102/1/107
f 103/2/108 104/1/109 105/2/110
f 102/1/113 103/2/112 104/1/111
f 105/2/114 104/1/111 103/2/112
f 103/2/108 107/2/116 106/2/115
f 107/2/116 103/2/108 105/2/110
f 106/2/118 107/2/117 103/2/112
f 105/2/114 103/2/112 107/2/117
f 107/2/116 104/1/109 108/1/119
f 104/1/109 107/2/116 105/2/110
f 108/1/120 104/1/111 107/2/117
f 105/2/114 107/2/117 104/1/111
f 103/2/108 109/1/121 102/1/107
f 109/1/121 103/2/108 106/2/115
f 102/1/113 109/1/122 103/2/112
f 106/2/118 103/2/112 109/1/122
f 106/2/115 108/1/119 109/1/121
f 108/1/119 106/2/115 107/2/116
f 109/1/122 108/1/120 106/2/118
f 107/2/117 106/2/118 108/1/120
f 111/2/124 96/1/95 110/1/123
f 96/1/95 111/2/124 98/2/97
f 110/1/126 96/1/101 111/2/125
f 98/2/99 111/2/125 96/1/101
f 91/3/84 112/1/127 90/1/83
f 112/1/127 91/3/84 113/3/128
f 90/1/89 112/1/129 91/3/88
f 113/3/130 91/3/88 112/1/129
f 101/2/104 110/1/123 100/1/103
f 110/1/123 101/2/104 111/2/124
f 100/1/106 110/1/126 101/2/105
f 111/2/125 101/2/105 110/1/126
f 101/2/104 98/2/97 111/2/124
f 98/2/97 101/2/104 99/2/98
f 111/2/125 98/2/99 101/2/105
f 99/2/102 101/2/105 98/2/99
f 116/3/133 115/3/132 114/3/131
f 115/3/132 116/3/133 117/3/134
f 114/3/137 115/3/136 116/3/135
f 117/3/138 116/3/135 115/3/136
f 113/3/128 93/3/86 95/3/92
f 93/3/86 113/3/128 91/3/84
f 95/3/93 93/3/90 113/3/130
f 91/3/88 113/3/130 93/3/90
f 118/1/139 117/3/134 116/3/133
f 117/3/134 118/1/139 119/1/140
f 116/3/135 117/3/138 118/1/141
f 119/1/142 118/1/141 117/3/138
f 122/1/145 121/3/144 120/1/143
f 121/3/144 122/1/145 123/3/146
f 120/1/149 121/3/148 122/1/147
f 123/3/150 122/1/147 121/3/148
f 118/1/139 114/3/131 124/1/151
f 114/3/131 118/1/139 116/3/133
f 124/1/152 114/3/137 118/1/141
f 116/3/135 118/1/141 114/3/137
f 117/3/134 125/1/153 115/3/132
f 125/1/153 117/3/134 119/1/140
f 115/3/136 125/1/154 117/3/138
f 119/1/142 117/3/138 125/1/154
f 128/3/157 127/1/156 126/1/155
f 127/1/156 128/3/157 129/3/158
f 126/1/161 127/1/160 128/3/159
f 129/3/162 128/3/159 127/1/160
f 114/3/131 125/1/153 124/1/151
f 125/1/153 114/3/131 115/3/132
f 124/1/152 125/1/154 114/3/137
f 115/3/136 114/3/137 125/1/154
f 120/1/143 128/3/157 126/1/155
f 128/3/157 120/1/143 121/3/144
f 126/1/161 128/3/159 120/1/149
f 121/3/148 120/1/149 128/3/159
f 123/3/146 127/1/156 129/3/158
f 127/1/156 123/3/146 122/1/145
f 129/3/162 127/1/160 123/3/150
f 122/1/147 123/3/150 127/1/160
f 121/3/144 129/3/158 128/3/157
f 129/3/158 121/3/144 123/3/146
f 128/3/159 129/3/162 121/3/148
f 123/3/150 121/3/148 129/3/162
f 113/3/128 94/1/91 112/1/127
f 94/1/91 113/3/128 95/3/92
f 112/1/129 94/1/94 113/3/130
f 95/3/93 113/3/130 94/1/94
f 132/4/81 131/4/81 130/4/81
f 131/4/81 132/4/81 133/4/81
f 131/4/81 133/4/81 134/4/81
f 134/4/81 133/4/81 135/4/81
f 134/4/81 135/4/81 136/4/81
f 136/4/81 135/4/81 137/4/81
f 136/4/81 137/4/81 138/4/81
f 138/4/81 137/4/81 139/4/81
f 130/4/82 131/4/82 132/4/82
f 133/4/82 132/4/82 131/4/82
f 134/4/82 133/4/82 131/4/82
f 135/4/82 133/4/82 134/4/82
f 136/4/82 135/4/82 134/4/82
f 137/4/82 135/4/82 136/4/82
f 138/4/82 137/4/82 136/4/82
f 139/4/82 137/4/82 138/4/82
f 132/4/163 141/5/163 140/5/163
f 141/5/163 132/4/163 130/4/163
f 140/5/164 141/5/164 132/4/164
f 130/4/164 132/4/164 141/5/164
f 142/5/166 132/4/165 140/5/165
f 132/4/165 142/5/166 133/4/166
f 140/5/168 132/4/168 142/5/167
f 133/4/167 142/5/167 132/4/168
f 143/5/169 133/4/166 142/5/166
f 133/4/166 143/5/169 135/4/169
f 142/5/167 133/4/167 143/5/170
f 135/4/170 143/5/170 133/4/167
f 137/4/171 143/5/169 144/5/171
f 143/5/169 137/4/171 135/4/169
f 144/5/172 143/5/170 137/4/172
f 135/4/170 137/4/172 143/5/170
f 139/4/173 144/5/171 145/5/173
f 144/5/171 139/4/173 137/4/171
f 145/5/174 144/5/172 139/4/174
f 137/4/172 139/4/174 144/5/172
f 146/5/175 139/4/175 145/5/175
f 139/4/175 146/5/175 138/4/175
f 145/5/176 139/4/176 146/5/176
f 138/4/176 146/5/176 139/4/176
f 136/4/172 146/5/177 147/5/172
f 146/5/177 136/4/172 138/4/177
f 147/5/171 146/5/178 136/4/171
f 138/4/178 136/4/171 146/5/178
f 134/4/170 147/5/172 148/5/170
f 147/5/172 134/4/170 136/4/172
f 148/5/169 147/5/171 134/4/169
f 136/4/171 134/4/169 147/5/171
f 134/4/170 149/5/167 131/4/167
f 149/5/167 134/4/170 148/5/170
f 131/4/166 149/5/166 134/4/169
f 148/5/169 134/4/169 149/5/166
f 131/4/167 141/5/168 130/4/168
f 141/5/168 131/4/167 149/5/167
f 130/4/165 141/5/165 131/4/166
f 149/5/166 131/4/166 141/5/165
f 152/4/179 151/5/163 150/5/179
f 151/5/163 152/4/179 153/4/163
f 150/5/180 151/5/164 152/4/180
f 153/4/164 152/4/180 151/5/164
f 156/4/81 155/4/81 154/4/81
f 155/4/81 156/4/81 153/4/81
f 155/4/81 153/4/81 152/4/81
f 154/4/82 155/4/82 156/4/82
f 153/4/82 156/4/82 155/4/82
f 152/4/82 153/4/82 155/4/82
f 154/4/164 158/5/164 157/5/164
f 158/5/164 154/4/164 155/4/164
f 157/5/163 158/5/163 154/4/163
f 155/4/163 154/4/163 158/5/163
f 153/4/163 159/5/181 151/5/163
f 159/5/181 153/4/163 156/4/181
f 151/5/164 159/5/182 153/4/164
f 156/4/182 153/4/164 159/5/182
f 154/4/176 159/5/176 156/4/176
f 159/5/176 154/4/176 157/5/176
f 156/4/175 159/5/175 154/4/175
f 157/5/175 154/4/175 159/5/175
f 158/5/175 152/4/175 150/5/175
f 152/4/175 158/5/175 155/4/175
f 150/5/176 152/4/176 158/5/176
f 155/4/176 158/5/176 152/4/176
f 162/4/183 161/5/184 160/5/183
f 161/5/184 162/4/183 163/4/184
f 160/5/185 161/5/186 162/4/185
f 163/4/186 162/4/185 161/5/186
f 166/4/81 165/4/81 164/4/81
f 165/4/81 166/4/81 163/4/81
f 165/4/81 163/4/81 162/4/81
f 164/4/82 165/4/82 166/4/82
f 163/4/82 166/4/82 165/4/82
f 162/4/82 163/4/82 165/4/82
f 164/4/186 168/5/186 167/5/186
f 168/5/186 164/4/186 165/4/186
f 167/5/184 168/5/184 164/4/184
f 165/4/184 164/4/184 168/5/184
f 163/4/184 169/5/187 161/5/184
f 169/5/187 163/4/184 166/4/187
f 161/5/186 169/5/188 163/4/186
f 166/4/188 163/4/186 169/5/188
f 164/4/189 169/5/189 166/4/189
f 169/5/189 164/4/189 167/5/189
f 166/4/190 169/5/190 164/4/190
f 167/5/190 164/4/190 169/5/190
f 168/5/190 162/4/190 160/5/190
f 162/4/190 168/5/190 165/4/190
f 160/5/189 162/4/189 168/5/189
f 165/4/189 168/5/189 162/4/189
f 172/4/81 171/4/81 170/4/81
f 171/4/81 172/4/81 173/4/81
f 173/4/81 172/4/81 174/4/81
f 170/4/82 171/4/82 172/4/82
f 173/4/82 172/4/82 171/4/82
f 174/4/82 172/4/82 173/4/82
f 171/4/191 175/5/191 170/4/191
f 175/5/191 171/4/191 176/5/191
f 170/4/192 175/5/192 171/4/192
f 176/5/192 171/4/192 175/5/192
f 171/4/193 177/5/193 176/5/193
f 177/5/193 171/4/193 173/4/193
f 176/5/194 177/5/194 171/4/194
f 173/4/194 171/4/194 177/5/194
f 177/5/196 174/4/195 178/5/195
f 174/4/195 177/5/196 173/4/196
f 178/5/198 174/4/198 177/5/197
f 173/4/197 177/5/197 174/4/198
f 178/5/195 172/4/199 179/5/199
f 172/4/199 178/5/195 174/4/195
f 179/5/200 172/4/200 178/5/198
f 174/4/198 178/5/198 172/4/200
f 179/5/199 170/4/201 175/5/201
f 170/4/201 179/5/199 172/4/199
f 175/5/202 170/4/202 179/5/200
f 172/4/200 179/5/200 170/4/202
f 182/6/166 181/7/165 180/6/165
f 181/7/165 182/6/166 183/7/166
f 180/6/168 181/7/168 182/6/167
f 183/7/167 182/6/167 181/7/168
f 184/6/169 183/7/166 182/6/166
f 183/7/166 184/6/169 185/7/169
f 182/6/167 183/7/167 184/6/170
f 185/7/170 184/6/170 183/7/167
f 188/7/178 187/6/171 186/6/178
f 187/6/171 188/7/178 189/7/171
f 186/6/177 187/6/172 188/7/177
f 189/7/172 188/7/177 187/6/172
f 189/7/171 184/6/169 187/6/171
f 184/6/169 189/7/171 185/7/169
f 187/6/172 184/6/170 189/7/172
f 185/7/170 189/7/172 184/6/170
f 181/7/81 191/7/81 190/7/81
f 191/7/81 181/7/81 183/7/81
f 191/7/81 183/7/81 192/7/81
f 192/7/81 183/7/81 185/7/81
f 192/7/81 185/7/81 193/7/81
f 193/7/81 185/7/81 189/7/81
f 193/7/81 189/7/81 194/7/81
f 194/7/81 189/7/81 188/7/81
f 190/7/82 191/7/82 181/7/82
f 183/7/82 181/7/82 191/7/82
f 192/7/82 183/7/82 191/7/82
f 185/7/82 183/7/82 192/7/82
f 193/7/82 185/7/82 192/7/82
f 189/7/82 185/7/82 193/7/82
f 194/7/82 189/7/82 193/7/82
f 188/7/82 189/7/82 194/7/82
f 181/7/163 130/6/163 180/6/163
f 130/6/163 181/7/163 190/7/163
f 180/6/164 130/6/164 181/7/164
f 190/7/164 181/7/164 130/6/164
f 138/6/175 188/7/175 186/6/175
f 188/7/175 138/6/175 194/7/175
f 186/6/176 188/7/176 138/6/176
f 194/7/176 138/6/176 188/7/176
f 193/7/172 138/6/177 136/6/172
f 138/6/177 193/7/172 194/7/177
f 136/6/171 138/6/178 193/7/171
f 194/7/178 193/7/171 138/6/178
f 192/7/170 136/6/172 134/6/170
f 136/6/172 192/7/170 193/7/172
f 134/6/169 136/6/171 192/7/169
f 193/7/171 192/7/169 136/6/171
f 192/7/170 131/6/167 191/7/167
f 131/6/167 192/7/170 134/6/170
f 191/7/166 131/6/166 192/7/169
f 134/6/169 192/7/169 131/6/166
f 191/7/167 130/6/168 190/7/168
f 130/6/168 191/7/167 131/6/167
f 190/7/165 130/6/165 191/7/166
f 131/6/166 191/7/166 130/6/165
f 196/6/82 195/6/82 41/6/82
f 195/6/82 196/6/82 42/6/82
f 195/6/82 42/6/82 197/6/82
f 197/6/82 42/6/82 198/6/82
f 197/6/82 198/6/82 199/6/82
f 199/6/82 198/6/82 200/6/82
f 200/6/82 198/6/82 44/6/82
f 200/6/82 44/6/82 201/6/82
f 41/6/81 195/6/81 196/6/81
f 42/6/81 196/6/81 195/6/81
f 197/6/81 42/6/81 195/6/81
f 198/6/81 42/6/81 197/6/81
f 199/6/81 198/6/81 197/6/81
f 200/6/81 198/6/81 199/6/81
f 44/6/81 198/6/81 200/6/81
f 201/6/81 44/6/81 200/6/81
f 202/8/81 149/8/81 141/8/81
f 149/8/81 202/8/81 148/8/81
f 148/8/81 202/8/81 203/8/81
f 148/8/81 203/8/81 147/8/81
f 147/8/81 203/8/81 204/8/81
f 147/8/81 204/8/81 205/8/81
f 147/8/81 205/8/81 146/8/81
f 146/8/81 205/8/81 206/8/81
f 141/8/82 149/8/82 202/8/82
f 148/8/82 202/8/82 149/8/82
f 203/8/82 202/8/82 148/8/82
f 147/8/82 203/8/82 148/8/82
f 204/8/82 203/8/82 147/8/82
f 205/8/82 204/8/82 147/8/82
f 146/8/82 205/8/82 147/8/82
f 206/8/82 205/8/82 146/8/82
f 202/8/163 41/6/163 195/6/163
f 41/6/163 202/8/163 141/8/163
f 195/6/164 41/6/164 202/8/164
f 141/8/164 202/8/164 41/6/164
f 197/6/166 202/8/165 195/6/165
f 202/8/165 197/6/166 203/8/166
f 195/6/168 202/8/168 197/6/167
f 203/8/167 197/6/167 202/8/168
f 199/6/169 203/8/166 197/6/166
f 203/8/166 199/6/169 204/8/169
f 197/6/167 203/8/167 199/6/170
f 204/8/170 199/6/170 203/8/167
f 205/8/171 199/6/169 200/6/171
f 199/6/169 205/8/171 204/8/169
f 200/6/172 199/6/170 205/8/172
f 204/8/170 205/8/172 199/6/170
f 206/8/173 200/6/171 201/6/173
f 200/6/171 206/8/173 205/8/171
f 201/6/174 200/6/172 206/8/174
f 205/8/172 206/8/174 200/6/172
f 44/6/175 206/8/175 201/6/175
f 206/8/175 44/6/175 146/8/175
f 201/6/176 206/8/176 44/6/176
f 146/8/176 44/6/176 206/8/176
f 147/8/172 44/6/177 198/6/172
f 44/6/177 147/8/172 146/8/177
f 198/6/171 44/6/178 147/8/171
f 146/8/178 147/8/171 44/6/178
f 148/8/170 198/6/172 42/6/170
f 198/6/172 148/8/170 147/8/172
f 42/6/169 198/6/171 148/8/169
f 147/8/171 148/8/169 198/6/171
f 148/8/170 196/6/167 149/8/167
f 196/6/167 148/8/170 42/6/170
f 149/8/166 196/6/166 148/8/169
f 42/6/169 148/8/169 196/6/166
f 149/8/167 41/6/168 141/8/168
f 41/6/168 149/8/167 196/6/167
f 141/8/165 41/6/165 149/8/166
f 196/6/166 149/8/166 41/6/165
f 209/8/204 208/6/203 207/8/203
f 208/6/203 209/8/204 210/6/204
f 207/8/206 208/6/206 209/8/205
f 210/6/205 209/8/205 208/6/206
f 213/8/207 212/6/208 211/6/207
f 212/6/208 213/8/207 214/8/208
f 211/6/209 212/6/210 213/8/209
f 214/8/210 213/8/209 212/6/210
f 214/8/208 215/6/211 212/6/208
f 215/6/211 214/8/208 216/8/211
f 212/6/210 215/6/212 214/8/210
f 216/8/212 214/8/210 215/6/212
f 219/6/214 218/8/213 217/6/213
f 218/8/213 219/6/214 220/8/214
f 217/6/216 218/8/216 219/6/215
f 220/8/215 219/6/215 218/8/216
f 217/6/213 213/8/207 211/6/207
f 213/8/207 217/6/213 218/8/213
f 211/6/209 213/8/209 217/6/216
f 218/8/216 217/6/216 213/8/209
f 207/8/203 215/6/211 216/8/211
f 215/6/211 207/8/203 208/6/203
f 216/8/212 215/6/212 207/8/206
f 208/6/206 207/8/206 215/6/212
f 207/8/81 220/8/81 209/8/81
f 220/8/81 207/8/81 216/8/81
f 220/8/81 216/8/81 214/8/81
f 220/8/81 214/8/81 213/8/81
f 220/8/81 213/8/81 218/8/81
f 209/8/82 220/8/82 207/8/82
f 216/8/82 207/8/82 220/8/82
f 214/8/82 216/8/82 220/8/82
f 213/8/82 214/8/82 220/8/82
f 218/8/82 213/8/82 220/8/82
f 223/10/177 222/9/177 221/9/177
f 222/9/177 223/10/177 224/10/177
f 224/10/177 223/10/177 225/11/177
f 224/10/177 225/11/177 226/11/177
f 226/11/177 225/11/177 227/12/177
f 226/11/177 227/12/177 228/12/177
f 221/9/178 222/9/178 223/10/178
f 224/10/178 223/10/178 222/9/178
f 225/11/178 223/10/178 224/10/178
f 226/11/178 225/11/178 224/10/178
f 227/12/178 225/11/178 226/11/178
f 228/12/178 227/12/178 226/11/178
f 229/12/217 226/11/218 228/12/217
f 226/11/218 229/12/217 230/11/218
f 228/12/219 226/11/220 229/12/219
f 230/11/220 229/12/219 226/11/220
f 222/9/221 231/9/219 221/9/219
f 231/9/219 222/9/221 232/9/221
f 221/9/217 231/9/217 222/9/222
f 232/9/222 222/9/222 231/9/217
f 225/11/223 234/10/220 233/11/223
f 234/10/220 225/11/223 223/10/220
f 233/11/224 234/10/218 225/11/224
f 223/10/218 225/11/224 234/10/218
f 235/10/178 231/9/178 232/9/178
f 231/9/178 235/10/178 234/10/178
f 234/10/178 235/10/178 230/11/178
f 234/10/178 230/11/178 233/11/178
f 233/11/178 230/11/178 229/12/178
f 233/11/178 229/12/178 236/12/178
f 232/9/177 231/9/177 235/10/177
f 234/10/177 235/10/177 231/9/177
f 230/11/177 235/10/177 234/10/177
f 233/11/177 230/11/177 234/10/177
f 229/12/177 230/11/177 233/11/177
f 236/12/177 229/12/177 233/11/177
f 224/10/224 230/11/218 235/10/224
f 230/11/218 224/10/224 226/11/218
f 235/10/223 230/11/220 224/10/223
f 226/11/220 224/10/223 230/11/220
f 221/9/219 234/10/220 223/10/220
f 234/10/220 221/9/219 231/9/219
f 223/10/218 234/10/218 221/9/217
f 231/9/217 221/9/217 234/10/218
f 233/11/223 227/12/222 225/11/223
f 227/12/222 233/11/223 236/12/222
f 225/11/224 227/12/221 233/11/224
f 236/12/221 233/11/224 227/12/221
f 236/12/222 228/12/217 227/12/222
f 228/12/217 236/12/222 229/12/217
f 227/12/221 228/12/219 236/12/221
f 229/12/219 236/12/221 228/12/219
f 224/10/224 232/9/221 222/9/221
f 232/9/221 224/10/224 235/10/224
f 222/9/222 232/9/222 224/10/223
f 235/10/223 224/10/223 232/9/222
f 239/13/221 238/13/219 237/13/219
f 238/13/219 239/13/221 240/13/221
f 237/13/217 238/13/217 239/13/222
f 240/13/222 239/13/222 238/13/217
f 243/14/223 242/15/222 241/14/223
f 242/15/222 243/14/223 244/15/222
f 241/14/224 242/15/221 243/14/224
f 244/15/221 243/14/224 242/15/221
f 245/16/178 238/13/178 240/13/178
f 238/13/178 245/16/178 246/16/178
f 246/16/178 245/16/178 247/14/178
f 246/16/178 247/14/178 243/14/178
f 243/14/178 247/14/178 248/15/178
f 243/14/178 248/15/178 244/15/178
f 240/13/177 238/13/177 245/16/177
f 246/16/177 245/16/177 238/13/177
f 247/14/177 245/16/177 246/16/177
f 243/14/177 247/14/177 246/16/177
f 248/15/177 247/14/177 243/14/177
f 244/15/177 248/15/177 243/14/177
f 241/14/223 246/16/220 243/14/223
f 246/16/220 241/14/223 249/16/220
f 243/14/224 246/16/218 241/14/224
f 249/16/218 241/14/224 246/16/218
f 244/15/222 250/15/217 242/15/222
f 250/15/217 244/15/222 248/15/217
f 242/15/221 250/15/219 244/15/221
f 248/15/219 244/15/221 250/15/219
f 251/16/224 247/14/218 245/16/224
f 247/14/218 251/16/224 252/14/218
f 245/16/223 247/14/220 251/16/223
f 252/14/220 251/16/223 247/14/220
f 248/15/217 252/14/218 250/15/217
f 252/14/218 248/15/217 247/14/218
f 250/15/219 252/14/220 248/15/219
f 247/14/220 248/15/219 252/14/220
f 237/13/219 246/16/220 249/16/220
f 246/16/220 237/13/219 238/13/219
f 249/16/218 246/16/218 237/13/217
f 238/13/217 237/13/217 246/16/218
f 249/16/177 239/13/177 237/13/177
f 239/13/177 249/16/177 251/16/177
f 251/16/177 249/16/177 241/14/177
f 251/16/177 241/14/177 252/14/177
f 252/14/177 241/14/177 242/15/177
f 252/14/177 242/15/177 250/15/177
f 237/13/178 239/13/178 249/16/178
f 251/16/178 249/16/178 239/13/178
f 241/14/178 249/16/178 251/16/178
f 252/14/178 241/14/178 251/16/178
f 242/15/178 241/14/178 252/14/178
f 250/15/178 242/15/178 252/14/178
f 251/16/224 240/13/221 239/13/221
f 240/13/221 251/16/224 245/16/224
f 239/13/222 240/13/222 251/16/223
f 245/16/223 251/16/223 240/13/222
f 255/17/225 254/17/226 253/17/225
f 254/17/226 255/17/225 256/17/226
f 253/17/227 254/17/228 255/17/227
f 256/17/228 255/17/227 254/17/228
f 259/18/227 258/18/228 257/18/228
f 258/18/228 259/18/227 260/18/227
f 257/18/226 258/18/226 259/18/225
f 260/18/225 259/18/225 258/18/226
f 257/18/228 262/19/229 261/19/229
f 262/19/229 257/18/228 258/18/228
f 261/19/230 262/19/230 257/18/226
f 258/18/226 257/18/226 262/19/230
f 263/19/231 260/18/227 259/18/227
f 260/18/227 263/19/231 264/19/231
f 259/18/225 260/18/225 263/19/232
f 264/19/232 263/19/232 260/18/225
f 263/19/231 265/20/230 264/19/231
f 265/20/230 263/19/231 266/20/230
f 264/19/232 265/20/229 263/19/232
f 266/20/229 263/19/232 265/20/229
f 264/19/233 258/18/233 260/18/233
f 258/18/233 264/19/233 262/19/233
f 262/19/233 264/19/233 265/20/233
f 262/19/233 265/20/233 267/20/233
f 267/20/233 265/20/233 256/17/233
f 267/20/233 256/17/233 255/17/233
f 260/18/234 258/18/234 264/19/234
f 262/19/234 264/19/234 258/18/234
f 265/20/234 264/19/234 262/19/234
f 267/20/234 265/20/234 262/19/234
f 256/17/234 265/20/234 267/20/234
f 255/17/234 256/17/234 267/20/234
f 256/17/226 266/20/230 254/17/226
f 266/20/230 256/17/226 265/20/230
f 254/17/228 266/20/229 256/17/228
f 265/20/229 256/17/228 266/20/229
f 268/20/232 262/19/229 267/20/232
f 262/19/229 268/20/232 261/19/229
f 267/20/231 262/19/230 268/20/231
f 261/19/230 268/20/231 262/19/230
f 267/20/232 253/17/225 268/20/232
f 253/17/225 267/20/232 255/17/225
f 268/20/231 253/17/227 267/20/231
f 255/17/227 267/20/231 253/17/227
f 261/19/234 259/18/234 257/18/234
f 259/18/234 261/19/234 263/19/234
f 263/19/234 261/19/234 268/20/234
f 263/19/234 268/20/234 266/20/234
f 266/20/234 268/20/234 253/17/234
f 266/20/234 253/17/234 254/17/234
f 257/18/233 259/18/233 261/19/233
f 263/19/233 261/19/233 259/18/233
f 268/20/233 261/19/233 263/19/233
f 266/20/233 268/20/233 263/19/233
f 253/17/233 268/20/233 266/20/233
f 254/17/233 253/17/233 266/20/233
f 271/21/235 270/22/236 269/21/235
f 270/22/236 271/21/235 272/22/236
f 269/21/237 270/22/238 271/21/237
f 272/22/238 271/21/237 270/22/238
f 274/21/239 269/21/235 273/21/239
f 269/21/235 274/21/239 271/21/235
f 273/21/240 269/21/237 274/21/240
f 271/21/237 274/21/240 269/21/237
f 277/22/241 276/23/238 275/23/238
f 276/23/238 277/22/241 278/22/241
f 275/23/236 276/23/236 277/22/242
f 278/22/242 277/22/242 276/23/236
f 270/22/236 280/23/242 279/23/242
f 280/23/242 270/22/236 272/22/236
f 279/23/241 280/23/241 270/22/238
f 272/22/238 270/22/238 280/23/241
f 281/24/165 277/22/165 275/23/165
f 277/22/165 281/24/165 274/21/165
f 274/21/165 281/24/165 282/24/165
f 274/21/165 282/24/165 271/21/165
f 271/21/165 282/24/165 280/23/165
f 271/21/165 280/23/165 272/22/165
f 275/23/168 277/22/168 281/24/168
f 274/21/168 281/24/168 277/22/168
f 282/24/168 281/24/168 274/21/168
f 271/21/168 282/24/168 274/21/168
f 280/23/168 282/24/168 271/21/168
f 272/22/168 280/23/168 271/21/168
f 283/24/237 275/23/238 276/23/238
f 275/23/238 283/24/237 281/24/237
f 276/23/236 275/23/236 283/24/235
f 281/24/235 283/24/235 275/23/236
f 277/22/241 273/21/239 278/22/241
f 273/21/239 277/22/241 274/21/239
f 278/22/242 273/21/240 277/22/242
f 274/21/240 277/22/242 273/21/240
f 273/21/168 276/23/168 278/22/168
f 276/23/168 273/21/168 283/24/168
f 283/24/168 273/21/168 269/21/168
f 283/24/168 269/21/168 284/24/168
f 284/24/168 269/21/168 270/22/168
f 284/24/168 270/22/168 279/23/168
f 278/22/165 276/23/165 273/21/165
f 283/24/165 273/21/165 276/23/165
f 269/21/165 273/21/165 283/24/165
f 284/24/165 269/21/165 283/24/165
f 270/22/165 269/21/165 284/24/165
f 279/23/165 270/22/165 284/24/165
f 279/23/242 282/24/240 284/24/240
f 282/24/240 279/23/242 280/23/242
f 284/24/239 282/24/239 279/23/241
f 280/23/241 279/23/241 282/24/239
f 284/24/240 281/24/237 283/24/237
f 281/24/237 284/24/240 282/24/240
f 283/24/235 281/24/235 284/24/239
f 282/24/239 284/24/239 281/24/235
f 157/8/176 286/6/176 285/8/176
f 286/6/176 157/8/176 287/6/176
f 285/8/175 286/6/175 157/8/175
f 287/6/175 157/8/175 286/6/175
f 290/8/243 289/6/163 288/6/243
f 289/6/163 290/8/243 291/8/163
f 288/6/244 289/6/164 290/8/244
f 291/8/164 290/8/244 289/6/164
f 157/8/164 292/6/164 287/6/164
f 292/6/164 157/8/164 158/8/164
f 287/6/163 292/6/163 157/8/163
f 158/8/163 157/8/163 292/6/163
f 291/8/163 286/6/245 289/6/163
f 286/6/245 291/8/163 285/8/245
f 289/6/164 286/6/246 291/8/164
f 285/8/246 291/8/164 286/6/246
f 292/6/82 286/6/82 287/6/82
f 286/6/82 292/6/82 289/6/82
f 289/6/82 292/6/82 288/6/82
f 287/6/81 286/6/81 292/6/81
f 289/6/81 292/6/81 286/6/81
f 288/6/81 292/6/81 289/6/81
f 285/8/81 158/8/81 157/8/81
f 158/8/81 285/8/81 291/8/81
f 158/8/81 291/8/81 290/8/81
f 157/8/82 158/8/82 285/8/82
f 291/8/82 285/8/82 158/8/82
f 290/8/82 291/8/82 158/8/82
f 292/6/175 290/8/175 288/6/175
f 290/8/175 292/6/175 158/8/175
f 288/6/176 290/8/176 292/6/176
f 158/8/176 292/6/176 290/8/176
f 295/7/179 294/6/163 293/6/179
f 294/6/163 295/7/179 296/7/163
f 293/6/180 294/6/164 295/7/180
f 296/7/164 295/7/180 294/6/164
f 296/7/163 297/6/181 294/6/163
f 297/6/181 296/7/163 298/7/181
f 294/6/164 297/6/182 296/7/164
f 298/7/182 296/7/164 297/6/182
f 194/7/176 297/6/176 298/7/176
f 297/6/176 194/7/176 138/6/176
f 298/7/175 297/6/175 194/7/175
f 138/6/175 194/7/175 297/6/175
f 298/7/81 299/7/81 194/7/81
f 299/7/81 298/7/81 296/7/81
f 299/7/81 296/7/81 295/7/81
f 194/7/82 299/7/82 298/7/82
f 296/7/82 298/7/82 299/7/82
f 295/7/82 296/7/82 299/7/82
f 194/7/164 300/6/164 138/6/164
f 300/6/164 194/7/164 299/7/164
f 138/6/163 300/6/163 194/7/163
f 299/7/163 194/7/163 300/6/163
f 300/6/175 295/7/175 293/6/175
f 295/7/175 300/6/175 299/7/175
f 293/6/176 295/7/176 300/6/176
f 299/7/176 300/6/176 295/7/176
f 303/25/247 302/25/248 301/25/247
f 302/25/248 303/25/247 304/25/248
f 301/25/249 302/25/250 303/25/249
f 304/25/250 303/25/249 302/25/250
f 307/26/249 306/26/250 305/26/250
f 306/26/250 307/26/249 308/26/249
f 305/26/248 306/26/248 307/26/247
f 308/26/247 307/26/247 306/26/248
f 311/27/251 310/28/252 309/27/251
f 310/28/252 311/27/251 312/28/252
f 309/27/253 310/28/254 311/27/253
f 312/28/254 311/27/253 310/28/254
f 315/28/253 314/27/254 313/28/253
f 314/27/254 315/28/253 316/27/254
f 313/28/251 314/27/252 315/28/251
f 316/27/252 315/28/251 314/27/252
f 305/26/250 311/27/251 309/27/251
f 311/27/251 305/26/250 306/26/250
f 309/27/253 311/27/253 305/26/248
f 306/26/248 305/26/248 311/27/253
f 312/28/252 301/25/247 310/28/252
f 301/25/247 312/28/252 303/25/247
f 310/28/254 301/25/249 312/28/254
f 303/25/249 312/28/254 301/25/249
f 313/28/181 301/25/181 302/25/181
f 301/25/181 313/28/181 310/28/181
f 310/28/181 313/28/181 314/27/181
f 310/28/181 314/27/181 309/27/181
f 309/27/181 314/27/181 307/26/181
f 309/27/181 307/26/181 305/26/181
f 302/25/182 301/25/182 313/28/182
f 310/28/182 313/28/182 301/25/182
f 314/27/182 313/28/182 310/28/182
f 309/27/182 314/27/182 310/28/182
f 307/26/182 314/27/182 309/27/182
f 305/26/182 307/26/182 309/27/182
f 312/28/182 304/25/182 303/25/182
f 304/25/182 312/28/182 315/28/182
f 315/28/182 312/28/182 311/27/182
f 315/28/182 311/27/182 316/27/182
f 316/27/182 311/27/182 306/26/182
f 316/27/182 306/26/182 308/26/182
f 303/25/181 304/25/181 312/28/181
f 315/28/181 312/28/181 304/25/181
f 311/27/181 312/28/181 315/28/181
f 316/27/181 311/27/181 315/28/181
f 306/26/181 311/27/181 316/27/181
f 308/26/181 306/26/181 316/27/181
f 304/25/248 313/28/253 302/25/248
f 313/28/253 304/25/248 315/28/253
f 302/25/250 313/28/251 304/25/250
f 315/28/251 304/25/250 313/28/251
f 314/27/254 308/26/249 307/26/249
f 308/26/249 314/27/254 316/27/254
f 307/26/247 308/26/247 314/27/252
f 316/27/252 314/27/252 308/26/247
f 319/29/255 318/29/256 317/29/255
f 318/29/256 319/29/255 320/29/256
f 317/29/257 318/29/258 319/29/257
f 320/29/258 319/29/257 318/29/258
f 323/30/257 322/30/258 321/30/258
f 322/30/258 323/30/257 324/30/257
f 321/30/256 322/30/256 323/30/255
f 324/30/255 323/30/255 322/30/256
f 326/31/259 317/29/255 325/31/259
f 317/29/255 326/31/259 319/29/255
f 325/31/260 317/29/257 326/31/260
f 319/29/257 326/31/260 317/29/257
f 320/29/256 327/31/261 318/29/256
f 327/31/261 320/29/256 328/31/261
f 318/29/258 327/31/262 320/29/258
f 328/31/262 320/29/258 327/31/262
f 325/31/259 329/32/262 326/31/259
f 329/32/262 325/31/259 330/32/262
f 326/31/260 329/32/261 325/31/260
f 330/32/261 325/31/260 329/32/261
f 321/30/258 329/32/262 330/32/262
f 329/32/262 321/30/258 322/30/258
f 330/32/261 329/32/261 321/30/256
f 322/30/256 321/30/256 329/32/261
f 330/32/180 323/30/180 321/30/180
f 323/30/180 330/32/180 331/32/180
f 331/32/180 330/32/180 325/31/180
f 331/32/180 325/31/180 327/31/180
f 327/31/180 325/31/180 317/29/180
f 327/31/180 317/29/180 318/29/180
f 321/30/179 323/30/179 330/32/179
f 331/32/179 330/32/179 323/30/179
f 325/31/179 330/32/179 331/32/179
f 327/31/179 325/31/179 331/32/179
f 317/29/179 325/31/179 327/31/179
f 318/29/179 317/29/179 327/31/179
f 332/32/179 322/30/179 324/30/179
f 322/30/179 332/32/179 329/32/179
f 329/32/179 332/32/179 328/31/179
f 329/32/179 328/31/179 326/31/179
f 326/31/179 328/31/179 320/29/179
f 326/31/179 320/29/179 319/29/179
f 324/30/180 322/30/180 332/32/180
f 329/32/180 332/32/180 322/30/180
f 328/31/180 332/32/180 329/32/180
f 326/31/180 328/31/180 329/32/180
f 320/29/180 328/31/180 326/31/180
f 319/29/180 320/29/180 326/31/180
f 331/32/260 324/30/257 323/30/257
f 324/30/257 331/32/260 332/32/260
f 323/30/255 324/30/255 331/32/259
f 332/32/259 331/32/259 324/30/255
f 331/32/260 328/31/261 332/32/260
f 328/31/261 331/32/260 327/31/261
f 332/32/259 328/31/262 331/32/259
f 327/31/262 331/32/259 328/31/262
f 335/33/247 334/33/248 333/33/247
f 334/33/248 335/33/247 336/33/248
f 333/33/249 334/33/250 335/33/249
f 336/33/250 335/33/249 334/33/250
f 339/34/249 338/34/250 337/34/250
f 338/34/250 339/34/249 340/34/249
f 337/34/248 338/34/248 339/34/247
f 340/34/247 339/34/247 338/34/248
f 337/34/250 342/35/251 341/35/251
f 342/35/251 337/34/250 338/34/250
f 341/35/253 342/35/253 337/34/248
f 338/34/248 337/34/248 342/35/253
f 344/36/252 333/33/247 343/36/252
f 333/33/247 344/36/252 335/33/247
f 343/36/254 333/33/249 344/36/254
f 335/33/249 344/36/254 333/33/249
f 347/36/253 346/35/254 345/36/253
f 346/35/254 347/36/253 348/35/254
f 345/36/251 346/35/252 347/36/251
f 348/35/252 347/36/251 346/35/252
f 342/35/251 343/36/252 341/35/251
f 343/36/252 342/35/251 344/36/252
f 341/35/253 343/36/254 342/35/253
f 344/36/254 342/35/253 343/36/254
f 345/36/181 333/33/181 334/33/181
f 333/33/181 345/36/181 343/36/181
f 343/36/181 345/36/181 346/35/181
f 343/36/181 346/35/181 341/35/181
f 341/35/181 346/35/181 339/34/181
f 341/35/181 339/34/181 337/34/181
f 334/33/182 333/33/182 345/36/182
f 343/36/182 345/36/182 333/33/182
f 346/35/182 345/36/182 343/36/182
f 341/35/182 346/35/182 343/36/182
f 339/34/182 346/35/182 341/35/182
f 337/34/182 339/34/182 341/35/182
f 336/33/248 345/36/253 334/33/248
f 345/36/253 336/33/248 347/36/253
f 334/33/250 345/36/251 336/33/250
f 347/36/251 336/33/250 345/36/251
f 344/36/182 336/33/182 335/33/182
f 336/33/182 344/36/182 347/36/182
f 347/36/182 344/36/182 342/35/182
f 347/36/182 342/35/182 348/35/182
f 348/35/182 342/35/182 338/34/182
f 348/35/182 338/34/182 340/34/182
f 335/33/181 336/33/181 344/36/181
f 347/36/181 344/36/181 336/33/181
f 342/35/181 344/36/181 347/36/181
f 348/35/181 342/35/181 347/36/181
f 338/34/181 342/35/181 348/35/181
f 340/34/181 338/34/181 348/35/181
f 346/35/254 340/34/249 339/34/249
f 340/34/249 346/35/254 348/35/254
f 339/34/247 340/34/247 346/35/252
f 348/35/252 346/35/252 340/34/247
f 351/8/189 350/6/189 349/8/189
f 350/6/189 351/8/189 352/6/189
f 349/8/190 350/6/190 351/8/190
f 352/6/190 351/8/190 350/6/190
f 355/8/263 354/6/184 353/6/263
f 354/6/184 355/8/263 356/8/184
f 353/6/264 354/6/186 355/8/264
f 356/8/186 355/8/264 354/6/186
f 351/8/186 357/6/186 352/6/186
f 357/6/186 351/8/186 358/8/186
f 352/6/184 357/6/184 351/8/184
f 358/8/184 351/8/184 357/6/184
f 356/8/184 350/6/265 354/6/184
f 350/6/265 356/8/184 349/8/265
f 354/6/186 350/6/266 356/8/186
f 349/8/266 356/8/186 350/6/266
f 357/6/82 350/6/82 352/6/82
f 350/6/82 357/6/82 354/6/82
f 354/6/82 357/6/82 353/6/82
f 352/6/81 350/6/81 357/6/81
f 354/6/81 357/6/81 350/6/81
f 353/6/81 357/6/81 354/6/81
f 349/8/81 358/8/81 351/8/81
f 358/8/81 349/8/81 356/8/81
f 358/8/81 356/8/81 355/8/81
f 351/8/82 358/8/82 349/8/82
f 356/8/82 349/8/82 358/8/82
f 355/8/82 356/8/82 358/8/82
f 357/6/190 355/8/190 353/6/190
f 355/8/190 357/6/190 358/8/190
f 353/6/189 355/8/189 357/6/189
f 358/8/189 357/6/189 355/8/189
f 361/7/183 360/6/184 359/6/183
f 360/6/184 361/7/183 362/7/184
f 359/6/185 360/6/186 361/7/185
f 362/7/186 361/7/185 360/6/186
f 362/7/184 363/6/187 360/6/184
f 363/6/187 362/7/184 364/7/187
f 360/6/186 363/6/188 362/7/186
f 364/7/188 362/7/186 363/6/188
f 365/7/189 363/6/189 364/7/189
f 363/6/189 365/7/189 366/6/189
f 364/7/190 363/6/190 365/7/190
f 366/6/190 365/7/190 363/6/190
f 364/7/81 367/7/81 365/7/81
f 367/7/81 364/7/81 362/7/81
f 367/7/81 362/7/81 361/7/81
f 365/7/82 367/7/82 364/7/82
f 362/7/82 364/7/82 367/7/82
f 361/7/82 362/7/82 367/7/82
f 365/7/186 368/6/186 366/6/186
f 368/6/186 365/7/186 367/7/186
f 366/6/184 368/6/184 365/7/184
f 367/7/184 365/7/184 368/6/184
f 368/6/190 361/7/190 359/6/190
f 361/7/190 368/6/190 367/7/190
f 359/6/189 361/7/189 368/6/189
f 367/7/189 368/6/189 361/7/189
f 371/25/267 370/25/268 369/25/267
f 370/25/268 371/25/267 372/25/268
f 369/25/269 370/25/270 371/25/269
f 372/25/270 371/25/269 370/25/270
f 375/26/269 374/26/270 373/26/270
f 374/26/270 375/26/269 376/26/269
f 373/26/268 374/26/268 375/26/267
f 376/26/267 375/26/267 374/26/268
f 379/27/271 378/28/272 377/27/271
f 378/28/272 379/27/271 380/28/272
f 377/27/273 378/28/274 379/27/273
f 380/28/274 379/27/273 378/28/274
f 383/28/273 382/27/274 381/28/273
f 382/27/274 383/28/273 384/27/274
f 381/28/271 382/27/272 383/28/271
f 384/27/272 383/28/271 382/27/272
f 373/26/270 379/27/271 377/27/271
f 379/27/271 373/26/270 374/26/270
f 377/27/273 379/27/273 373/26/268
f 374/26/268 373/26/268 379/27/273
f 380/28/272 369/25/267 378/28/272
f 369/25/267 380/28/272 371/25/267
f 378/28/274 369/25/269 380/28/274
f 371/25/269 380/28/274 369/25/269
f 381/28/187 369/25/187 370/25/187
f 369/25/187 381/28/187 378/28/187
f 378/28/187 381/28/187 382/27/187
f 378/28/187 382/27/187 377/27/187
f 377/27/187 382/27/187 375/26/187
f 377/27/187 375/26/187 373/26/187
f 370/25/188 369/25/188 381/28/188
f 378/28/188 381/28/188 369/25/188
f 382/27/188 381/28/188 378/28/188
f 377/27/188 382/27/188 378/28/188
f 375/26/188 382/27/188 377/27/188
f 373/26/188 375/26/188 377/27/188
f 380/28/188 372/25/188 371/25/188
f 372/25/188 380/28/188 383/28/188
f 383/28/188 380/28/188 379/27/188
f 383/28/188 379/27/188 384/27/188
f 384/27/188 379/27/188 374/26/188
f 384/27/188 374/26/188 376/26/188
f 371/25/187 372/25/187 380/28/187
f 383/28/187 380/28/187 372/25/187
f 379/27/187 380/28/187 383/28/187
f 384/27/187 379/27/187 383/28/187
f 374/26/187 379/27/187 384/27/187
f 376/26/187 374/26/187 384/27/187
f 372/25/268 381/28/273 370/25/268
f 381/28/273 372/25/268 383/28/273
f 370/25/270 381/28/271 372/25/270
f 383/28/271 372/25/270 381/28/271
f 382/27/274 376/26/269 375/26/269
f 376/26/269 382/27/274 384/27/274
f 375/26/267 376/26/267 382/27/272
f 384/27/272 382/27/272 376/26/267
f 387/29/275 386/29/276 385/29/275
f 386/29/276 387/29/275 388/29/276
f 385/29/277 386/29/278 387/29/277
f 388/29/278 387/29/277 386/29/278
f 391/30/277 390/30/278 389/30/278
f 390/30/278 391/30/277 392/30/277
f 389/30/276 390/30/276 391/30/275
f 392/30/275 391/30/275 390/30/276
f 394/31/279 385/29/275 393/31/279
f 385/29/275 394/31/279 387/29/275
f 393/31/280 385/29/277 394/31/280
f 387/29/277 394/31/280 385/29/277
f 388/29/276 395/31/281 386/29/276
f 395/31/281 388/29/276 396/31/281
f 386/29/278 395/31/282 388/29/278
f 396/31/282 388/29/278 395/31/282
f 393/31/279 397/32/282 394/31/279
f 397/32/282 393/31/279 398/32/282
f 394/31/280 397/32/281 393/31/280
f 398/32/281 393/31/280 397/32/281
f 389/30/278 397/32/282 398/32/282
f 397/32/282 389/30/278 390/30/278
f 398/32/281 397/32/281 389/30/276
f 390/30/276 389/30/276 397/32/281
f 398/32/185 391/30/185 389/30/185
f 391/30/185 398/32/185 399/32/185
f 399/32/185 398/32/185 393/31/185
f 399/32/185 393/31/185 395/31/185
f 395/31/185 393/31/185 385/29/185
f 395/31/185 385/29/185 386/29/185
f 389/30/183 391/30/183 398/32/183
f 399/32/183 398/32/183 391/30/183
f 393/31/183 398/32/183 399/32/183
f 395/31/183 393/31/183 399/32/183
f 385/29/183 393/31/183 395/31/183
f 386/29/183 385/29/183 395/31/183
f 400/32/183 390/30/183 392/30/183
f 390/30/183 400/32/183 397/32/183
f 397/32/183 400/32/183 396/31/183
f 397/32/183 396/31/183 394/31/183
f 394/31/183 396/31/183 388/29/183
f 394/31/183 388/29/183 387/29/183
f 392/30/185 390/30/185 400/32/185
f 397/32/185 400/32/185 390/30/185
f 396/31/185 400/32/185 397/32/185
f 394/31/185 396/31/185 397/32/185
f 388/29/185 396/31/185 394/31/185
f 387/29/185 388/29/185 394/31/185
f 399/32/280 392/30/277 391/30/277
f 392/30/277 399/32/280 400/32/280
f 391/30/275 392/30/275 399/32/279
f 400/32/279 399/32/279 392/30/275
f 399/32/280 396/31/281 400/32/280
f 396/31/281 399/32/280 395/31/281
f 400/32/279 396/31/282 399/32/279
f 395/31/282 399/32/279 396/31/282
f 403/33/267 402/33/268 401/33/267
f 402/33/268 403/33/267 404/33/268
f 401/33/269 402/33/270 403/33/269
f 404/33/270 403/33/269 402/33/270
f 407/34/269 406/34/270 405/34/270
f 406/34/270 407/34/269 408/34/269
f 405/34/268 406/34/268 407/34/267
f 408/34/267 407/34/267 406/34/268
f 405/34/270 410/35/271 409/35/271
f 410/35/271 405/34/270 406/34/270
f 409/35/273 410/35/273 405/34/268
f 406/34/268 405/34/268 410/35/273
f 412/36/272 401/33/267 411/36/272
f 401/33/267 412/36/272 403/33/267
f 411/36/274 401/33/269 412/36/274
f 403/33/269 412/36/274 401/33/269
f 415/36/273 414/35/274 413/36/273
f 414/35/274 415/36/273 416/35/274
f 413/36/271 414/35/272 415/36/271
f 416/35/272 415/36/271 414/35/272
f 410/35/271 411/36/272 409/35/271
f 411/36/272 410/35/271 412/36/272
f 409/35/273 411/36/274 410/35/273
f 412/36/274 410/35/273 411/36/274
f 413/36/187 401/33/187 402/33/187
f 401/33/187 413/36/187 411/36/187
f 411/36/187 413/36/187 414/35/187
f 411/36/187 414/35/187 409/35/187
f 409/35/187 414/35/187 407/34/187
f 409/35/187 407/34/187 405/34/187
f 402/33/188 401/33/188 413/36/188
f 411/36/188 413/36/188 401/33/188
f 414/35/188 413/36/188 411/36/188
f 409/35/188 414/35/188 411/36/188
f 407/34/188 414/35/188 409/35/188
f 405/34/188 407/34/188 409/35/188
f 404/33/268 413/36/273 402/33/268
f 413/36/273 404/33/268 415/36/273
f 402/33/270 413/36/271 404/33/270
f 415/36/271 404/33/270 413/36/271
f 412/36/188 404/33/188 403/33/188
f 404/33/188 412/36/188 415/36/188
f 415/36/188 412/36/188 410/35/188
f 415/36/188 410/35/188 416/35/188
f 416/35/188 410/35/188 406/34/188
f 416/35/188 406/34/188 408/34/188
f 403/33/187 404/33/187 412/36/187
f 415/36/187 412/36/187 404/33/187
f 410/35/187 412/36/187 415/36/187
f 416/35/187 410/35/187 415/36/187
f 406/34/187 410/35/187 416/35/187
f 408/34/187 406/34/187 416/35/187
f 414/35/274 408/34/269 407/34/269
f 408/34/269 414/35/274 416/35/274
f 407/34/267 408/34/267 414/35/272
f 416/35/272 414/35/272 408/34/267
f 419/7/191 418/6/191 417/7/191
f 418/6/191 419/7/191 420/6/191
f 417/7/192 418/6/192 419/7/192
f 420/6/192 419/7/192 418/6/192
f 419/7/193 421/6/193 420/6/193
f 421/6/193 419/7/193 422/7/193
f 420/6/194 421/6/194 419/7/194
f 422/7/194 419/7/194 421/6/194
f 423/6/199 417/7/201 418/6/201
f 417/7/201 423/6/199 424/7/199
f 418/6/202 417/7/202 423/6/200
f 424/7/200 423/6/200 417/7/202
f 421/6/196 426/7/195 425/6/195
f 426/7/195 421/6/196 422/7/196
f 425/6/198 426/7/198 421/6/197
f 422/7/197 421/6/197 426/7/198
f 424/7/81 419/7/81 417/7/81
f 419/7/81 424/7/81 422/7/81
f 422/7/81 424/7/81 426/7/81
f 417/7/82 419/7/82 424/7/82
f 422/7/82 424/7/82 419/7/82
f 426/7/82 424/7/82 422/7/82
f 426/7/195 423/6/199 425/6/195
f 423/6/199 426/7/195 424/7/199
f 425/6/198 423/6/200 426/7/198
f 424/7/200 426/7/198 423/6/200
f 429/8/193 428/6/193 427/6/193
f 428/6/193 429/8/193 430/8/193
f 427/6/194 428/6/194 429/8/194
f 430/8/194 429/8/194 428/6/194
f 429/8/191 432/6/191 431/8/191
f 432/6/191 429/8/191 427/6/191
f 431/8/192 432/6/192 429/8/192
f 427/6/192 429/8/192 432/6/192
f 433/8/81 429/8/81 431/8/81
f 429/8/81 433/8/81 430/8/81
f 430/8/81 433/8/81 434/8/81
f 431/8/82 429/8/82 433/8/82
f 430/8/82 433/8/82 429/8/82
f 434/8/82 433/8/82 430/8/82
f 428/6/82 432/6/82 427/6/82
f 432/6/82 428/6/82 435/6/82
f 435/6/82 428/6/82 436/6/82
f 427/6/81 432/6/81 428/6/81
f 435/6/81 428/6/81 432/6/81
f 436/6/81 428/6/81 435/6/81
f 428/6/196 434/8/195 436/6/195
f 434/8/195 428/6/196 430/8/196
f 436/6/198 434/8/198 428/6/197
f 430/8/197 428/6/197 434/8/198
f 434/8/195 435/6/283 436/6/195
f 435/6/283 434/8/195 433/8/283
f 436/6/198 435/6/284 434/8/198
f 433/8/284 434/8/198 435/6/284
f 435/6/283 431/8/201 432/6/201
f 431/8/201 435/6/283 433/8/283
f 432/6/202 431/8/202 435/6/284
f 433/8/284 435/6/284 431/8/202
f 439/37/82 438/37/82 437/37/82
f 438/37/82 439/37/82 440/37/82
f 440/37/82 439/37/82 441/37/82
f 440/37/82 441/37/82 442/37/82
f 442/37/82 441/37/82 443/37/82
f 442/37/82 443/37/82 444/37/82
f 437/37/81 438/37/81 439/37/81
f 440/37/81 439/37/81 438/37/81
f 441/37/81 439/37/81 440/37/81
f 442/37/81 441/37/81 440/37/81
f 443/37/81 441/37/81 442/37/81
f 444/37/81 443/37/81 442/37/81
f 447/38/81 446/38/81 445/38/81
f 446/38/81 447/38/81 448/38/81
f 446/38/81 448/38/81 449/38/81
f 449/38/81 448/38/81 450/38/81
f 449/38/81 450/38/81 451/38/81
f 451/38/81 450/38/81 452/38/81
f 445/38/82 446/38/82 447/38/82
f 448/38/82 447/38/82 446/38/82
f 449/38/82 448/38/82 446/38/82
f 450/38/82 448/38/82 449/38/82
f 451/38/82 450/38/82 449/38/82
f 452/38/82 450/38/82 451/38/82
f 445/38/286 438/37/285 447/38/285
f 438/37/285 445/38/286 437/37/286
f 447/38/288 438/37/288 445/38/287
f 437/37/287 445/38/287 438/37/288
f 448/38/289 438/37/290 440/37/289
f 438/37/290 448/38/289 447/38/290
f 440/37/291 438/37/292 448/38/291
f 447/38/292 448/38/291 438/37/292
f 450/38/293 440/37/289 442/37/293
f 440/37/289 450/38/293 448/38/289
f 442/37/294 440/37/291 450/38/294
f 448/38/291 450/38/294 440/37/291
f 444/37/287 450/38/295 442/37/295
f 450/38/295 444/37/287 452/38/287
f 442/37/296 450/38/296 444/37/286
f 452/38/286 444/37/286 450/38/296
f 443/37/288 452/38/287 444/37/287
f 452/38/287 443/37/288 451/38/288
f 444/37/286 452/38/286 443/37/285
f 451/38/285 443/37/285 452/38/286
f 449/38/291 443/37/292 441/37/291
f 443/37/292 449/38/291 451/38/292
f 441/37/289 443/37/290 449/38/289
f 451/38/290 449/38/289 443/37/290
f 446/38/294 441/37/291 439/37/294
f 441/37/291 446/38/294 449/38/291
f 439/37/293 441/37/289 446/38/293
f 449/38/289 446/38/293 441/37/289
f 446/38/296 437/37/286 445/38/286
f 437/37/286 446/38/296 439/37/296
f 445/38/287 437/37/287 446/38/295
f 439/37/295 446/38/295 437/37/287
f 455/38/81 454/38/81 453/38/81
f 454/38/81 455/38/81 456/38/81
f 454/38/81 456/38/81 457/38/81
f 457/38/81 456/38/81 458/38/81
f 458/38/81 456/38/81 459/38/81
f 458/38/81 459/38/81 460/38/81
f 453/38/82 454/38/82 455/38/82
f 456/38/82 455/38/82 454/38/82
f 457/38/82 456/38/82 454/38/82
f 458/38/82 456/38/82 457/38/82
f 459/38/82 456/38/82 458/38/82
f 460/38/82 459/38/82 458/38/82
f 453/38/286 461/37/285 455/38/285
f 461/37/285 453/38/286 462/37/286
f 455/38/288 461/37/288 453/38/287
f 462/37/287 453/38/287 461/37/288
f 456/38/289 461/37/290 463/37/289
f 461/37/290 456/38/289 455/38/290
f 463/37/291 461/37/292 456/38/291
f 455/38/292 456/38/291 461/37/292
f 459/38/293 463/37/289 464/37/293
f 463/37/289 459/38/293 456/38/289
f 464/37/294 463/37/291 459/38/294
f 456/38/291 459/38/294 463/37/291
f 465/37/287 459/38/295 464/37/295
f 459/38/295 465/37/287 460/38/287
f 464/37/296 459/38/296 465/37/286
f 460/38/286 465/37/286 459/38/296
f 466/37/288 460/38/287 465/37/287
f 460/38/287 466/37/288 458/38/288
f 465/37/286 460/38/286 466/37/285
f 458/38/285 466/37/285 460/38/286
f 457/38/291 466/37/292 467/37/291
f 466/37/292 457/38/291 458/38/292
f 467/37/289 466/37/290 457/38/289
f 458/38/290 457/38/289 466/37/290
f 454/38/294 467/37/291 468/37/294
f 467/37/291 454/38/294 457/38/291
f 468/37/293 467/37/289 454/38/293
f 457/38/289 454/38/293 467/37/289
f 454/38/296 462/37/286 453/38/286
f 462/37/286 454/38/296 468/37/296
f 453/38/287 462/37/287 454/38/295
f 468/37/295 454/38/295 462/37/287
f 471/40/297 470/39/298 469/39/297
f 470/39/298 471/40/297 472/40/298
f 469/39/299 470/39/300 471/40/299
f 472/40/300 471/40/299 470/39/300
f 475/39/301 474/40/302 473/40/301
f 474/40/302 475/39/301 476/39/302
f 473/40/303 474/40/304 475/39/303
f 476/39/304 475/39/303 474/40/304
f 478/40/305 469/39/297 477/39/305
f 469/39/297 478/40/305 471/40/297
f 477/39/306 469/39/299 478/40/306
f 471/40/299 478/40/306 469/39/299
f 481/40/307 480/39/308 479/39/307
f 480/39/308 481/40/307 482/40/308
f 479/39/309 480/39/310 481/40/309
f 482/40/310 481/40/309 480/39/310
f 481/40/307 470/39/311 472/40/311
f 470/39/311 481/40/307 479/39/307
f 472/40/312 470/39/312 481/40/309
f 479/39/309 481/40/309 470/39/312
f 484/40/313 476/39/314 483/39/313
f 476/39/314 484/40/313 474/40/314
f 483/39/315 476/39/316 484/40/315
f 474/40/316 484/40/315 476/39/316
f 482/40/317 483/39/313 480/39/317
f 483/39/313 482/40/317 484/40/313
f 480/39/318 483/39/315 482/40/318
f 484/40/315 482/40/318 483/39/315
f 477/39/319 473/40/301 478/40/319
f 473/40/301 477/39/319 475/39/301
f 478/40/320 473/40/303 477/39/320
f 475/39/303 477/39/320 473/40/303

