# Created by Kenney (www.kenney.nl)

mtllib room-large.mtl

g room-large

v -2 0 2 1 1 1
v -2 0 6 1 1 1
v -6 0 2 1 1 1
v -6 0 6 1 1 1
v 8.497211 0 -6.747846 1 1 1
v 8.393683 0 -6.361475 1 1 1
v 8.435974 0.1 -6.712491 1 1 1
v 8.358329 0.1 -6.422712 1 1 1
v 8.524199 0 -6.248742 1 1 1
v 8.717383 0 -6.300506 1 1 1
v 8.554817 0.05 -6.231064 1 1 1
v 8.699706 0.05 -6.269887 1 1 1
v 8.007314 0 -6.465003 1 1 1
v 8.110841 0 -6.851374 1 1 1
v 8.068551 0.1 -6.500359 1 1 1
v 8.146196 0.1 -6.790136 1 1 1
v 8.738528 0.05 -6.124998 1 1 1
v 8.593639 0.05 -6.086175 1 1 1
v 8.769147 0 -6.107321 1 1 1
v 8.575962 0 -6.055557 1 1 1
v 6.356917 0.05 -8.649965 1 1 1
v 6.569049 0.05 -8.437833 1 1 1
v 6.144785 0.05 -8.437833 1 1 1
v 6.356917 0.05 -8.225701 1 1 1
v 6.63976 0 -8.437833 1 1 1
v 6.356917 0 -8.15499 1 1 1
v 6.356917 0 -8.720676 1 1 1
v 6.074074 0 -8.437833 1 1 1
v 7.181538 0 -8.27163 1 1 1
v 7.146182 0.05 -8.210393 1 1 1
v 6.795167 0 -8.168102 1 1 1
v 6.856404 0.05 -8.132748 1 1 1
v 6.898695 0 -7.781732 1 1 1
v 6.93405 0.05 -7.842969 1 1 1
v 6.498347 0 -7.582727 1 1 1
v 6.498347 0 -7.782728 1 1 1
v 6.523347 0.1 -7.607728 1 1 1
v 6.523347 0.1 -7.757728 1 1 1
v 6.673347 0.1 -7.757728 1 1 1
v 6.673347 0.1 -7.607728 1 1 1
v 7.223828 0.05 -7.920615 1 1 1
v 7.285065 0 -7.88526 1 1 1
v 6.698347 0 -7.782728 1 1 1
v 6.698347 0 -7.582727 1 1 1
v 6 0 -10 1 1 1
v 8.828427 0 -8.828427 1 1 1
v 6 0 -6 1 1 1
v 10 0 -6 1 1 1
v -6.747846 0 -8.497211 1 1 1
v -6.361475 0 -8.393683 1 1 1
v -6.712491 0.1 -8.435974 1 1 1
v -6.422713 0.1 -8.358329 1 1 1
v -6.248742 0 -8.524199 1 1 1
v -6.300506 0 -8.717383 1 1 1
v -6.231065 0.05 -8.554817 1 1 1
v -6.269887 0.05 -8.699706 1 1 1
v -6.465003 0 -8.007314 1 1 1
v -6.851374 0 -8.110841 1 1 1
v -6.500359 0.1 -8.068551 1 1 1
v -6.790136 0.1 -8.146196 1 1 1
v -6.124999 0.05 -8.738528 1 1 1
v -6.086176 0.05 -8.593639 1 1 1
v -6.107321 0 -8.769147 1 1 1
v -6.055557 0 -8.575962 1 1 1
v -8.649965 0.05 -6.356917 1 1 1
v -8.437834 0.05 -6.569049 1 1 1
v -8.437834 0.05 -6.144785 1 1 1
v -8.225701 0.05 -6.356917 1 1 1
v -8.437834 0 -6.63976 1 1 1
v -8.154991 0 -6.356917 1 1 1
v -8.720676 0 -6.356917 1 1 1
v -8.437834 0 -6.074075 1 1 1
v -8.27163 0 -7.181538 1 1 1
v -8.210393 0.05 -7.146183 1 1 1
v -8.168103 0 -6.795167 1 1 1
v -8.132748 0.05 -6.856405 1 1 1
v -7.781733 0 -6.898695 1 1 1
v -7.84297 0.05 -6.934051 1 1 1
v -7.582728 0 -6.498347 1 1 1
v -7.782728 0 -6.498347 1 1 1
v -7.607728 0.1 -6.523347 1 1 1
v -7.757728 0.1 -6.523347 1 1 1
v -7.757728 0.1 -6.673347 1 1 1
v -7.607728 0.1 -6.673347 1 1 1
v -7.920615 0.05 -7.223828 1 1 1
v -7.88526 0 -7.285066 1 1 1
v -7.782728 0 -6.698347 1 1 1
v -7.582728 0 -6.698347 1 1 1
v -10 0 -6 1 1 1
v -8.828427 0 -8.828427 1 1 1
v -6 0 -6 1 1 1
v -6 0 -10 1 1 1
v -8.497211 0 6.747846 1 1 1
v -8.393683 0 6.361475 1 1 1
v -8.435974 0.1 6.712491 1 1 1
v -8.358328 0.1 6.422713 1 1 1
v -8.524198 0 6.248742 1 1 1
v -8.717383 0 6.300506 1 1 1
v -8.554816 0.05 6.231065 1 1 1
v -8.699705 0.05 6.269887 1 1 1
v -8.007313 0 6.465003 1 1 1
v -8.110841 0 6.851374 1 1 1
v -8.06855 0.1 6.500359 1 1 1
v -8.146196 0.1 6.790136 1 1 1
v -8.738528 0.05 6.124999 1 1 1
v -8.593639 0.05 6.086176 1 1 1
v -8.769147 0 6.107321 1 1 1
v -8.575962 0 6.055557 1 1 1
v -6.356917 0.05 8.649966 1 1 1
v -6.569049 0.05 8.437834 1 1 1
v -6.144785 0.05 8.437834 1 1 1
v -6.356917 0.05 8.225702 1 1 1
v -6.63976 0 8.437834 1 1 1
v -6.356917 0 8.154991 1 1 1
v -6.356917 0 8.720676 1 1 1
v -6.074074 0 8.437834 1 1 1
v -7.181538 0 8.271631 1 1 1
v -7.146182 0.05 8.210394 1 1 1
v -6.795167 0 8.168103 1 1 1
v -6.856404 0.05 8.132748 1 1 1
v -6.898695 0 7.781733 1 1 1
v -6.93405 0.05 7.84297 1 1 1
v -6.498347 0 7.582728 1 1 1
v -6.498347 0 7.782728 1 1 1
v -6.523347 0.1 7.607728 1 1 1
v -6.523347 0.1 7.757729 1 1 1
v -6.673347 0.1 7.757728 1 1 1
v -6.673347 0.1 7.607728 1 1 1
v -7.223828 0.05 7.920616 1 1 1
v -7.285065 0 7.885261 1 1 1
v -6.698347 0 7.782728 1 1 1
v -6.698347 0 7.582728 1 1 1
v -6 0 10 1 1 1
v -8.828427 0 8.828427 1 1 1
v -6 0 6 1 1 1
v -10 0 6 1 1 1
v 6.747846 0 8.497211 1 1 1
v 6.361475 0 8.393683 1 1 1
v 6.712491 0.1 8.435974 1 1 1
v 6.422713 0.1 8.358329 1 1 1
v 6.248742 0 8.524199 1 1 1
v 6.300506 0 8.717383 1 1 1
v 6.231065 0.05 8.554817 1 1 1
v 6.269887 0.05 8.699706 1 1 1
v 6.465003 0 8.007314 1 1 1
v 6.851374 0 8.110841 1 1 1
v 6.500359 0.1 8.068551 1 1 1
v 6.790136 0.1 8.146196 1 1 1
v 6.124999 0.05 8.738528 1 1 1
v 6.086176 0.05 8.593639 1 1 1
v 6.107321 0 8.769147 1 1 1
v 6.055557 0 8.575962 1 1 1
v 8.649965 0.05 6.356917 1 1 1
v 8.437834 0.05 6.569049 1 1 1
v 8.437834 0.05 6.144785 1 1 1
v 8.225701 0.05 6.356917 1 1 1
v 8.437834 0 6.63976 1 1 1
v 8.154991 0 6.356917 1 1 1
v 8.720676 0 6.356917 1 1 1
v 8.437834 0 6.074075 1 1 1
v 8.27163 0 7.181538 1 1 1
v 8.210393 0.05 7.146183 1 1 1
v 8.168103 0 6.795167 1 1 1
v 8.132748 0.05 6.856405 1 1 1
v 7.781733 0 6.898695 1 1 1
v 7.84297 0.05 6.934051 1 1 1
v 7.582728 0 6.498347 1 1 1
v 7.782728 0 6.498347 1 1 1
v 7.607728 0.1 6.523347 1 1 1
v 7.757728 0.1 6.523347 1 1 1
v 7.757728 0.1 6.673347 1 1 1
v 7.607728 0.1 6.673347 1 1 1
v 7.920615 0.05 7.223828 1 1 1
v 7.88526 0 7.285066 1 1 1
v 7.782728 0 6.698347 1 1 1
v 7.582728 0 6.698347 1 1 1
v 10 0 6 1 1 1
v 8.828427 0 8.828427 1 1 1
v 6 0 6 1 1 1
v 6 0 10 1 1 1
v -2 0 10 1 1 1
v -2 0 -6 1 1 1
v -2 0 -2 1 1 1
v -6 0 -2 1 1 1
v -2 0 -10 1 1 1
v 2 0 2 1 1 1
v 2 0 6 1 1 1
v -8.432192 0 2.703155 1 1 1
v -8.449869 0.05 2.733774 1 1 1
v -8.625377 0 2.754919 1 1 1
v -8.594758 0.05 2.772596 1 1 1
v -8.573613 0 2.948104 1 1 1
v -8.555935 0.05 2.917485 1 1 1
v -8.714653 0 2.452044 1 1 1
v -8.611125 0 2.065674 1 1 1
v -8.653416 0.1 2.416689 1 1 1
v -8.575769 0.1 2.126911 1 1 1
v -8.224755 0 2.169202 1 1 1
v -8.285992 0.1 2.204557 1 1 1
v -8.006433 0 5.071889 1 1 1
v -8.031433 0.1 5.096889 1 1 1
v -8.206433 0 5.071889 1 1 1
v -8.181433 0.1 5.096889 1 1 1
v -8.031433 0.1 5.246889 1 1 1
v -8.181433 0.1 5.246889 1 1 1
v -8.206433 0 5.271889 1 1 1
v -8.006433 0 5.271889 1 1 1
v -8.328282 0 2.555572 1 1 1
v -8.363638 0.1 2.494335 1 1 1
v -8.380427 0 2.89634 1 1 1
v -8.411046 0.05 2.878663 1 1 1
v -8.49822 0.05 5.74957 1 1 1
v -8.710353 0.05 5.537438 1 1 1
v -8.286089 0.05 5.537438 1 1 1
v -8.49822 0.05 5.325306 1 1 1
v -8.215378 0 5.537438 1 1 1
v -8.49822 0 5.254595 1 1 1
v -8.097594 -2.887646E-15 4.89041 1 1 1
v -8.158832 0.05 4.855055 1 1 1
v -8.201121 -2.887646E-15 4.50404 1 1 1
v -8.236477 0.05 4.565277 1 1 1
v -8.49822 0 5.820281 1 1 1
v -8.781063 0 5.537438 1 1 1
v -8.483964 -2.887646E-15 4.993938 1 1 1
v -8.587492 -2.887646E-15 4.607568 1 1 1
v -8.448609 0.05 4.932701 1 1 1
v -8.526255 0.05 4.642923 1 1 1
v 10 0 -2 1 1 1
v 6 0 -6 1 1 1
v 6 0 -2 1 1 1
v -5.296845 7.219114E-16 8.432192 1 1 1
v -5.266227 0.05 8.449869 1 1 1
v -5.245081 7.219114E-16 8.625377 1 1 1
v -5.227404 0.05 8.594759 1 1 1
v -5.051896 7.219114E-16 8.573613 1 1 1
v -5.082515 0.05 8.555936 1 1 1
v -5.547956 7.219114E-16 8.714653 1 1 1
v -5.934326 7.219114E-16 8.611126 1 1 1
v -5.583311 0.1 8.653416 1 1 1
v -5.873089 0.1 8.57577 1 1 1
v -5.830798 7.219114E-16 8.224755 1 1 1
v -5.795443 0.1 8.285993 1 1 1
v -2.928112 7.219114E-16 8.006433 1 1 1
v -2.903112 0.1 8.031433 1 1 1
v -2.928112 7.219114E-16 8.206433 1 1 1
v -2.903112 0.1 8.181433 1 1 1
v -2.753112 0.1 8.031433 1 1 1
v -2.753112 0.1 8.181433 1 1 1
v -2.728112 7.219114E-16 8.206433 1 1 1
v -2.728112 7.219114E-16 8.006433 1 1 1
v -5.444428 7.219114E-16 8.328283 1 1 1
v -5.505665 0.1 8.363638 1 1 1
v -5.10366 7.219114E-16 8.380428 1 1 1
v -5.121337 0.05 8.411047 1 1 1
v -2.25043 0.05 8.49822 1 1 1
v -2.462562 0.05 8.710353 1 1 1
v -2.462562 0.05 8.286089 1 1 1
v -2.674695 0.05 8.49822 1 1 1
v -2.462562 7.219114E-16 8.215378 1 1 1
v -2.745405 7.219114E-16 8.49822 1 1 1
v -3.10959 -2.165734E-15 8.097594 1 1 1
v -3.144945 0.05 8.158832 1 1 1
v -3.49596 -2.165734E-15 8.201122 1 1 1
v -3.434723 0.05 8.236477 1 1 1
v -2.179719 7.219114E-16 8.49822 1 1 1
v -2.462562 7.219114E-16 8.781063 1 1 1
v -3.006063 -2.165734E-15 8.483965 1 1 1
v -3.392433 -2.165734E-15 8.587492 1 1 1
v -3.0673 0.05 8.448609 1 1 1
v -3.357077 0.05 8.526255 1 1 1
v 2.703155 0 8.432192 1 1 1
v 2.733773 0.05 8.449869 1 1 1
v 2.754919 0 8.625377 1 1 1
v 2.772596 0.05 8.594759 1 1 1
v 2.948104 0 8.573613 1 1 1
v 2.917485 0.05 8.555936 1 1 1
v 2.452044 0 8.714653 1 1 1
v 2.065674 0 8.611126 1 1 1
v 2.416689 0.1 8.653416 1 1 1
v 2.126911 0.1 8.57577 1 1 1
v 2.169202 0 8.224755 1 1 1
v 2.204557 0.1 8.285993 1 1 1
v 5.071888 0 8.006433 1 1 1
v 5.096889 0.1 8.031433 1 1 1
v 5.071888 0 8.206433 1 1 1
v 5.096889 0.1 8.181433 1 1 1
v 5.246888 0.1 8.031433 1 1 1
v 5.246888 0.1 8.181433 1 1 1
v 5.271888 0 8.206433 1 1 1
v 5.271888 0 8.006433 1 1 1
v 2.555572 0 8.328283 1 1 1
v 2.494335 0.1 8.363638 1 1 1
v 2.89634 0 8.380428 1 1 1
v 2.878663 0.05 8.411047 1 1 1
v 5.74957 0.05 8.49822 1 1 1
v 5.537437 0.05 8.710353 1 1 1
v 5.537437 0.05 8.286089 1 1 1
v 5.325305 0.05 8.49822 1 1 1
v 5.537437 0 8.215378 1 1 1
v 5.254595 0 8.49822 1 1 1
v 4.89041 -2.887646E-15 8.097594 1 1 1
v 4.855055 0.05 8.158832 1 1 1
v 4.50404 -2.887646E-15 8.201122 1 1 1
v 4.565277 0.05 8.236477 1 1 1
v 5.820281 0 8.49822 1 1 1
v 5.537437 0 8.781063 1 1 1
v 4.993937 -2.887646E-15 8.483965 1 1 1
v 4.607567 -2.887646E-15 8.587492 1 1 1
v 4.9327 0.05 8.448609 1 1 1
v 4.642922 0.05 8.526255 1 1 1
v 10 0 2 1 1 1
v 6 0 2 1 1 1
v 5.296845 3.609557E-16 -8.432192 1 1 1
v 5.266227 0.05 -8.449869 1 1 1
v 5.245081 3.609557E-16 -8.625377 1 1 1
v 5.227404 0.05 -8.594759 1 1 1
v 5.051896 3.609557E-16 -8.573613 1 1 1
v 5.082515 0.05 -8.555936 1 1 1
v 5.547956 3.609557E-16 -8.714653 1 1 1
v 5.934326 3.609557E-16 -8.611126 1 1 1
v 5.583311 0.1 -8.653416 1 1 1
v 5.873089 0.1 -8.57577 1 1 1
v 5.830798 3.609557E-16 -8.224755 1 1 1
v 5.795443 0.1 -8.285993 1 1 1
v 2.928112 3.609557E-16 -8.006433 1 1 1
v 2.903112 0.1 -8.031433 1 1 1
v 2.928112 3.609557E-16 -8.206433 1 1 1
v 2.903112 0.1 -8.181433 1 1 1
v 2.753112 0.1 -8.031433 1 1 1
v 2.753112 0.1 -8.181433 1 1 1
v 2.728112 3.609557E-16 -8.206433 1 1 1
v 2.728112 3.609557E-16 -8.006433 1 1 1
v 5.444428 3.609557E-16 -8.328283 1 1 1
v 5.505665 0.1 -8.363638 1 1 1
v 5.10366 3.609557E-16 -8.380428 1 1 1
v 5.121337 0.05 -8.411047 1 1 1
v 2.25043 0.05 -8.49822 1 1 1
v 2.462562 0.05 -8.710353 1 1 1
v 2.462562 0.05 -8.286089 1 1 1
v 2.674695 0.05 -8.49822 1 1 1
v 2.462562 3.609557E-16 -8.215378 1 1 1
v 2.745405 3.609557E-16 -8.49822 1 1 1
v 3.10959 -2.52669E-15 -8.097594 1 1 1
v 3.144945 0.05 -8.158832 1 1 1
v 3.49596 -2.52669E-15 -8.201122 1 1 1
v 3.434723 0.05 -8.236477 1 1 1
v 2.179719 3.609557E-16 -8.49822 1 1 1
v 2.462562 3.609557E-16 -8.781063 1 1 1
v 3.006063 -2.52669E-15 -8.483965 1 1 1
v 3.392433 -2.52669E-15 -8.587492 1 1 1
v 3.0673 0.05 -8.448609 1 1 1
v 3.357077 0.05 -8.526255 1 1 1
v -2.703155 6.411861E-31 -8.432192 1 1 1
v -2.733773 0.05 -8.449869 1 1 1
v -2.754919 6.411861E-31 -8.625377 1 1 1
v -2.772596 0.05 -8.594759 1 1 1
v -2.948104 6.411861E-31 -8.573613 1 1 1
v -2.917485 0.05 -8.555936 1 1 1
v -2.452044 6.411861E-31 -8.714653 1 1 1
v -2.065674 6.411861E-31 -8.611126 1 1 1
v -2.416689 0.1 -8.653416 1 1 1
v -2.126911 0.1 -8.57577 1 1 1
v -2.169202 6.411861E-31 -8.224755 1 1 1
v -2.204557 0.1 -8.285993 1 1 1
v -5.071888 6.411861E-31 -8.006433 1 1 1
v -5.096889 0.1 -8.031433 1 1 1
v -5.071888 6.411861E-31 -8.206433 1 1 1
v -5.096889 0.1 -8.181433 1 1 1
v -5.246888 0.1 -8.031433 1 1 1
v -5.246888 0.1 -8.181433 1 1 1
v -5.271888 6.411861E-31 -8.206433 1 1 1
v -5.271888 6.411861E-31 -8.006433 1 1 1
v -2.555572 6.411861E-31 -8.328283 1 1 1
v -2.494335 0.1 -8.363638 1 1 1
v -2.89634 6.411861E-31 -8.380428 1 1 1
v -2.878663 0.05 -8.411047 1 1 1
v -5.74957 0.05 -8.49822 1 1 1
v -5.537437 0.05 -8.710353 1 1 1
v -5.537437 0.05 -8.286089 1 1 1
v -5.325305 0.05 -8.49822 1 1 1
v -5.537437 6.411861E-31 -8.215378 1 1 1
v -5.254595 6.411861E-31 -8.49822 1 1 1
v -4.89041 -2.887646E-15 -8.097594 1 1 1
v -4.855055 0.05 -8.158832 1 1 1
v -4.50404 -2.887646E-15 -8.201122 1 1 1
v -4.565277 0.05 -8.236477 1 1 1
v -5.820281 6.411861E-31 -8.49822 1 1 1
v -5.537437 6.411861E-31 -8.781063 1 1 1
v -4.993937 -2.887646E-15 -8.483965 1 1 1
v -4.607567 -2.887646E-15 -8.587492 1 1 1
v -4.9327 0.05 -8.448609 1 1 1
v -4.642922 0.05 -8.526255 1 1 1
v 8.432192 0 5.296845 1 1 1
v 8.44987 0.05 5.266227 1 1 1
v 8.625378 0 5.245082 1 1 1
v 8.594759 0.05 5.227404 1 1 1
v 8.573613 0 5.051897 1 1 1
v 8.555936 0.05 5.082515 1 1 1
v 8.714653 0 5.547956 1 1 1
v 8.611126 0 5.934327 1 1 1
v 8.653417 0.1 5.583312 1 1 1
v 8.57577 0.1 5.873089 1 1 1
v 8.224755 0 5.830799 1 1 1
v 8.285993 0.1 5.795444 1 1 1
v 8.006433 0 2.928112 1 1 1
v 8.031433 0.1 2.903112 1 1 1
v 8.206433 0 2.928112 1 1 1
v 8.181433 0.1 2.903112 1 1 1
v 8.031433 0.1 2.753112 1 1 1
v 8.181433 0.1 2.753112 1 1 1
v 8.206433 0 2.728112 1 1 1
v 8.006433 0 2.728112 1 1 1
v 8.328283 0 5.444428 1 1 1
v 8.363639 0.1 5.505666 1 1 1
v 8.380428 0 5.10366 1 1 1
v 8.411047 0.05 5.121338 1 1 1
v 8.49822 0.05 2.25043 1 1 1
v 8.710353 0.05 2.462562 1 1 1
v 8.286089 0.05 2.462562 1 1 1
v 8.49822 0.05 2.674695 1 1 1
v 8.215378 0 2.462562 1 1 1
v 8.49822 0 2.745405 1 1 1
v 8.097594 -2.887646E-15 3.10959 1 1 1
v 8.158832 0.05 3.144946 1 1 1
v 8.201121 -2.887646E-15 3.49596 1 1 1
v 8.236477 0.05 3.434723 1 1 1
v 8.49822 0 2.179719 1 1 1
v 8.781063 0 2.462562 1 1 1
v 8.483964 -2.887646E-15 3.006063 1 1 1
v 8.587492 -2.887646E-15 3.392433 1 1 1
v 8.448609 0.05 3.0673 1 1 1
v 8.526255 0.05 3.357078 1 1 1
v -8.432192 0 -5.296845 1 1 1
v -8.449869 0.05 -5.266226 1 1 1
v -8.625377 0 -5.245081 1 1 1
v -8.594758 0.05 -5.227404 1 1 1
v -8.573613 0 -5.051896 1 1 1
v -8.555935 0.05 -5.082515 1 1 1
v -8.714653 0 -5.547956 1 1 1
v -8.611125 0 -5.934326 1 1 1
v -8.653416 0.1 -5.583311 1 1 1
v -8.575769 0.1 -5.873089 1 1 1
v -8.224755 0 -5.830798 1 1 1
v -8.285992 0.1 -5.795443 1 1 1
v -8.006433 0 -2.928111 1 1 1
v -8.031433 0.1 -2.903111 1 1 1
v -8.206433 0 -2.928111 1 1 1
v -8.181433 0.1 -2.903111 1 1 1
v -8.031433 0.1 -2.753111 1 1 1
v -8.181433 0.1 -2.753111 1 1 1
v -8.206433 0 -2.728111 1 1 1
v -8.006433 0 -2.728111 1 1 1
v -8.328282 0 -5.444428 1 1 1
v -8.363638 0.1 -5.505665 1 1 1
v -8.380427 0 -5.10366 1 1 1
v -8.411046 0.05 -5.121337 1 1 1
v -8.49822 0.05 -2.25043 1 1 1
v -8.710353 0.05 -2.462562 1 1 1
v -8.286089 0.05 -2.462562 1 1 1
v -8.49822 0.05 -2.674694 1 1 1
v -8.215378 0 -2.462562 1 1 1
v -8.49822 0 -2.745405 1 1 1
v -8.097594 -2.887646E-15 -3.10959 1 1 1
v -8.158832 0.05 -3.144945 1 1 1
v -8.201121 -2.887646E-15 -3.49596 1 1 1
v -8.236477 0.05 -3.434723 1 1 1
v -8.49822 0 -2.179719 1 1 1
v -8.781063 0 -2.462562 1 1 1
v -8.483964 -2.887646E-15 -3.006062 1 1 1
v -8.587492 -2.887646E-15 -3.392432 1 1 1
v -8.448609 0.05 -3.067299 1 1 1
v -8.526255 0.05 -3.357077 1 1 1
v 8.432192 0 -2.703155 1 1 1
v 8.44987 0.05 -2.733773 1 1 1
v 8.625378 0 -2.754918 1 1 1
v 8.594759 0.05 -2.772596 1 1 1
v 8.573613 0 -2.948103 1 1 1
v 8.555936 0.05 -2.917485 1 1 1
v 8.714653 0 -2.452044 1 1 1
v 8.611126 0 -2.065673 1 1 1
v 8.653417 0.1 -2.416688 1 1 1
v 8.57577 0.1 -2.126911 1 1 1
v 8.224755 0 -2.169201 1 1 1
v 8.285993 0.1 -2.204556 1 1 1
v 8.006433 0 -5.071888 1 1 1
v 8.031433 0.1 -5.096888 1 1 1
v 8.206433 0 -5.071888 1 1 1
v 8.181433 0.1 -5.096888 1 1 1
v 8.031433 0.1 -5.246888 1 1 1
v 8.181433 0.1 -5.246888 1 1 1
v 8.206433 0 -5.271888 1 1 1
v 8.006433 0 -5.271888 1 1 1
v 8.328283 0 -2.555572 1 1 1
v 8.363639 0.1 -2.494334 1 1 1
v 8.380428 0 -2.89634 1 1 1
v 8.411047 0.05 -2.878662 1 1 1
v 8.49822 0.05 -5.74957 1 1 1
v 8.710353 0.05 -5.537437 1 1 1
v 8.286089 0.05 -5.537437 1 1 1
v 8.49822 0.05 -5.325305 1 1 1
v 8.215378 0 -5.537437 1 1 1
v 8.49822 0 -5.254595 1 1 1
v 8.097594 -2.887646E-15 -4.89041 1 1 1
v 8.158832 0.05 -4.855054 1 1 1
v 8.201121 -2.887646E-15 -4.504039 1 1 1
v 8.236477 0.05 -4.565277 1 1 1
v 8.49822 0 -5.820281 1 1 1
v 8.781063 0 -5.537437 1 1 1
v 8.483964 -2.887646E-15 -4.993937 1 1 1
v 8.587492 -2.887646E-15 -4.607567 1 1 1
v 8.448609 0.05 -4.9327 1 1 1
v 8.526255 0.05 -4.642922 1 1 1
v -10 0 -2 1 1 1
v -10 0 2 1 1 1
v -8.225579 0 0.1721042 1 1 1
v -9.384689 0 -0.1384787 1 1 1
v -8.331645 0.1 -0.01160757 1 1 1
v -9.200978 0.1 -0.2445447 1 1 1
v -6.788999 0.1 -0.9062624 1 1 1
v -7.069632 0.1 -0.80022 1 1 1
v -6.895041 0.1 -1.186896 1 1 1
v -7.175674 0.1 -1.080853 1 1 1
v -8.098708 0.1 -0.8809408 1 1 1
v -8.96804 0.1 -1.113878 1 1 1
v -8.390224 0 0.5248491 1 1 1
v -8.267749 0.2 0.5955597 1 1 1
v -8.183168 0 1.29759 1 1 1
v -8.112457 0.2 1.175115 1 1 1
v -7.532902 0.2 1.019824 1 1 1
v -7.688193 0.2 0.4402683 1 1 1
v -7.410428 0 1.090534 1 1 1
v -7.914996 0 -0.9870068 1 1 1
v -9.074107 0 -1.29759 1 1 1
v -9.227287 0.05 1.335641 1 1 1
v -9.517065 0.05 1.413287 1 1 1
v -9.304933 0.05 1.045863 1 1 1
v -9.59471 0.05 1.123509 1 1 1
v -9.55242 0 1.474524 1 1 1
v -9.655948 0 1.088154 1 1 1
v -9.16605 0 1.370996 1 1 1
v -9.269577 0 0.9846259 1 1 1
v -7.24012 0 -1.109952 1 1 1
v -7.09873 0 -0.735774 1 1 1
v -6.865942 0 -1.251342 1 1 1
v -6.724553 0 -0.8771639 1 1 1
v -6.614956 0 1.396792 1 1 1
v -6.421771 0 1.345028 1 1 1
v -6.584338 0.05 1.41447 1 1 1
v -6.439449 0.05 1.375647 1 1 1
v -6.400626 0.05 1.520536 1 1 1
v -6.545515 0.05 1.559358 1 1 1
v -7.617483 0 0.3177938 1 1 1
v -6.370008 0 1.538213 1 1 1
v -6.563192 0 1.589977 1 1 1
v -8.930517 0 -1.720207 1 1 1
v -8.737332 0 -1.771971 1 1 1
v -8.899899 0.05 -1.702529 1 1 1
v -8.75501 0.05 -1.741352 1 1 1
v -8.716187 0.05 -1.596463 1 1 1
v -8.861075 0.05 -1.55764 1 1 1
v -8.878754 0 -1.527022 1 1 1
v -8.685568 0 -1.578785 1 1 1
v -8.686515 0.1 0.5110617 1 1 1
v -8.686515 0.1 0.8110617 1 1 1
v -8.986515 0.1 0.5110617 1 1 1
v -8.986515 0.1 0.8110617 1 1 1
v -8.636516 0 0.4610618 1 1 1
v -8.636516 0 0.8610617 1 1 1
v -9.036515 0 0.4610618 1 1 1
v -9.036515 0 0.8610617 1 1 1
v -7.803762 0 -0.594766 1 1 1
v -7.778762 0.1 -0.569766 1 1 1
v -7.803762 0 -0.394766 1 1 1
v -7.778762 0.1 -0.419766 1 1 1
v -7.628762 0.1 -0.569766 1 1 1
v -7.628762 0.1 -0.419766 1 1 1
v -7.603762 0 -0.594766 1 1 1
v -7.603762 0 -0.394766 1 1 1
v -7.176097 0.05 0.05306925 1 1 1
v -7.465875 0.05 0.130715 1 1 1
v -7.253743 0.05 -0.2367085 1 1 1
v -7.54352 0.05 -0.1590628 1 1 1
v -7.50123 0 0.1919522 1 1 1
v -7.604758 0 -0.1944181 1 1 1
v -6.676548 0.1 0.4701758 1 1 1
v -6.754193 0.1 0.7599536 1 1 1
v -6.966325 0.1 0.3925301 1 1 1
v -7.043971 0.1 0.6823078 1 1 1
v -6.61531 0 0.4348205 1 1 1
v -6.718838 0 0.8211908 1 1 1
v -7.11486 0 0.08842458 1 1 1
v -7.218388 0 -0.2979457 1 1 1
v -7.105208 0 0.7176632 1 1 1
v -7.00168 0 0.3312929 1 1 1
v 7.774421 0 0.1721042 1 1 1
v 6.61531 0 -0.1384787 1 1 1
v 7.668355 0.1 -0.01160757 1 1 1
v 6.799022 0.1 -0.2445447 1 1 1
v 9.211001 0.1 -0.9062624 1 1 1
v 8.930368 0.1 -0.80022 1 1 1
v 9.104959 0.1 -1.186896 1 1 1
v 8.824326 0.1 -1.080853 1 1 1
v 7.901292 0.1 -0.8809408 1 1 1
v 7.031959 0.1 -1.113878 1 1 1
v 7.609777 0 0.5248491 1 1 1
v 7.732251 0.2 0.5955597 1 1 1
v 7.816832 0 1.29759 1 1 1
v 7.887543 0.2 1.175115 1 1 1
v 8.467098 0.2 1.019824 1 1 1
v 8.311807 0.2 0.4402683 1 1 1
v 8.589573 0 1.090534 1 1 1
v 8.085004 0 -0.9870068 1 1 1
v 6.925893 0 -1.29759 1 1 1
v 6.772713 0.05 1.335641 1 1 1
v 6.482935 0.05 1.413287 1 1 1
v 6.695067 0.05 1.045863 1 1 1
v 6.40529 0.05 1.123509 1 1 1
v 6.44758 0 1.474524 1 1 1
v 6.344052 0 1.088154 1 1 1
v 6.83395 0 1.370996 1 1 1
v 6.730422 0 0.9846259 1 1 1
v 8.75988 0 -1.109952 1 1 1
v 8.90127 0 -0.735774 1 1 1
v 9.134058 0 -1.251342 1 1 1
v 9.275448 0 -0.8771639 1 1 1
v 9.385044 0 1.396792 1 1 1
v 9.578229 0 1.345028 1 1 1
v 9.415662 0.05 1.41447 1 1 1
v 9.560551 0.05 1.375647 1 1 1
v 9.599374 0.05 1.520536 1 1 1
v 9.454485 0.05 1.559358 1 1 1
v 8.382518 0 0.3177938 1 1 1
v 9.629992 0 1.538213 1 1 1
v 9.436808 0 1.589977 1 1 1
v 7.069483 0 -1.720207 1 1 1
v 7.262668 0 -1.771971 1 1 1
v 7.100101 0.05 -1.702529 1 1 1
v 7.24499 0.05 -1.741352 1 1 1
v 7.283813 0.05 -1.596463 1 1 1
v 7.138925 0.05 -1.55764 1 1 1
v 7.121247 0 -1.527022 1 1 1
v 7.314432 0 -1.578785 1 1 1
v 7.313485 0.1 0.5110617 1 1 1
v 7.313485 0.1 0.8110617 1 1 1
v 7.013485 0.1 0.5110617 1 1 1
v 7.013485 0.1 0.8110617 1 1 1
v 7.363485 0 0.4610618 1 1 1
v 7.363485 0 0.8610617 1 1 1
v 6.963485 0 0.4610618 1 1 1
v 6.963485 0 0.8610617 1 1 1
v 8.196238 0 -0.594766 1 1 1
v 8.221238 0.1 -0.569766 1 1 1
v 8.196238 0 -0.394766 1 1 1
v 8.221238 0.1 -0.419766 1 1 1
v 8.371238 0.1 -0.569766 1 1 1
v 8.371238 0.1 -0.419766 1 1 1
v 8.396237 0 -0.594766 1 1 1
v 8.396237 0 -0.394766 1 1 1
v 8.823903 0.05 0.05306925 1 1 1
v 8.534125 0.05 0.130715 1 1 1
v 8.746257 0.05 -0.2367085 1 1 1
v 8.45648 0.05 -0.1590628 1 1 1
v 8.49877 0 0.1919522 1 1 1
v 8.395243 0 -0.1944181 1 1 1
v 9.323453 0.1 0.4701758 1 1 1
v 9.245807 0.1 0.7599536 1 1 1
v 9.033675 0.1 0.3925301 1 1 1
v 8.956029 0.1 0.6823078 1 1 1
v 9.38469 0 0.4348205 1 1 1
v 9.281162 0 0.8211908 1 1 1
v 8.88514 0 0.08842458 1 1 1
v 8.781612 0 -0.2979457 1 1 1
v 8.894792 0 0.7176632 1 1 1
v 8.99832 0 0.3312929 1 1 1
v 2 0 10 1 1 1
v -0.2255788 0 8.172104 1 1 1
v -1.38469 0 7.861521 1 1 1
v -0.3316448 0.1 7.988392 1 1 1
v -1.200978 0.1 7.755455 1 1 1
v 1.211001 0.1 7.093738 1 1 1
v 0.9303683 0.1 7.19978 1 1 1
v 1.104959 0.1 6.813105 1 1 1
v 0.8243259 0.1 6.919147 1 1 1
v -0.09870771 0.1 7.119059 1 1 1
v -0.9680409 0.1 6.886122 1 1 1
v -0.3902232 0 8.524849 1 1 1
v -0.2677487 0.2 8.59556 1 1 1
v -0.183168 0 9.297589 1 1 1
v -0.1124573 0.2 9.175116 1 1 1
v 0.4670982 0.2 9.019824 1 1 1
v 0.3118067 0.2 8.440269 1 1 1
v 0.5895726 0 9.090534 1 1 1
v 0.08500402 0 7.012993 1 1 1
v -1.074107 0 6.70241 1 1 1
v -1.227287 0.05 9.335641 1 1 1
v -1.517065 0.05 9.413286 1 1 1
v -1.304933 0.05 9.045863 1 1 1
v -1.59471 0.05 9.123508 1 1 1
v -1.55242 0 9.474524 1 1 1
v -1.655948 0 9.088154 1 1 1
v -1.16605 0 9.370996 1 1 1
v -1.269577 0 8.984626 1 1 1
v 0.7598799 0 6.890049 1 1 1
v 0.9012698 0 7.264226 1 1 1
v 1.134058 0 6.748658 1 1 1
v 1.275447 0 7.122836 1 1 1
v 1.385044 0 9.396791 1 1 1
v 1.578229 0 9.345028 1 1 1
v 1.415662 0.05 9.41447 1 1 1
v 1.560551 0.05 9.375647 1 1 1
v 1.599374 0.05 9.520535 1 1 1
v 1.454485 0.05 9.559359 1 1 1
v 0.3825174 0 8.317794 1 1 1
v 1.629993 0 9.538214 1 1 1
v 1.436807 0 9.589977 1 1 1
v -0.9305171 0 6.279793 1 1 1
v -0.737332 0 6.228029 1 1 1
v -0.8998985 0.05 6.297471 1 1 1
v -0.7550097 0.05 6.258648 1 1 1
v -0.7161868 0.05 6.403537 1 1 1
v -0.8610756 0.05 6.44236 1 1 1
v -0.8787533 0 6.472979 1 1 1
v -0.6855682 0 6.421215 1 1 1
v -0.6865153 0.1 8.511062 1 1 1
v -0.6865153 0.1 8.811062 1 1 1
v -0.9865153 0.1 8.511062 1 1 1
v -0.9865153 0.1 8.811062 1 1 1
v -0.6365153 0 8.461061 1 1 1
v -0.6365153 0 8.861062 1 1 1
v -1.036515 0 8.461061 1 1 1
v -1.036515 0 8.861062 1 1 1
v 0.1962378 0 7.405234 1 1 1
v 0.2212377 0.1 7.430234 1 1 1
v 0.1962378 0 7.605234 1 1 1
v 0.2212377 0.1 7.580234 1 1 1
v 0.3712378 0.1 7.430234 1 1 1
v 0.3712378 0.1 7.580234 1 1 1
v 0.3962377 0 7.405234 1 1 1
v 0.3962377 0 7.605234 1 1 1
v 0.823903 0.05 8.053069 1 1 1
v 0.5341253 0.05 8.130715 1 1 1
v 0.7462572 0.05 7.763291 1 1 1
v 0.4564795 0.05 7.840937 1 1 1
v 0.4987699 0 8.191952 1 1 1
v 0.3952423 0 7.805582 1 1 1
v 1.323453 0.1 8.470176 1 1 1
v 1.245807 0.1 8.759953 1 1 1
v 1.033675 0.1 8.39253 1 1 1
v 0.9560292 0.1 8.682308 1 1 1
v 1.38469 0 8.43482 1 1 1
v 1.281162 0 8.821191 1 1 1
v 0.8851402 0 8.088425 1 1 1
v 0.7816126 0 7.702054 1 1 1
v 0.894792 0 8.717663 1 1 1
v 0.9983196 0 8.331293 1 1 1
v -4.225579 0 0.1721042 1 1 1
v -5.38469 0 -0.1384787 1 1 1
v -4.331645 0.1 -0.01160757 1 1 1
v -5.200978 0.1 -0.2445447 1 1 1
v -2.788999 0.1 -0.9062624 1 1 1
v -3.069632 0.1 -0.80022 1 1 1
v -2.895041 0.1 -1.186896 1 1 1
v -3.175674 0.1 -1.080853 1 1 1
v -4.098708 0.1 -0.8809408 1 1 1
v -4.968041 0.1 -1.113878 1 1 1
v -4.390223 0 0.5248491 1 1 1
v -4.267749 0.2 0.5955597 1 1 1
v -4.183168 0 1.29759 1 1 1
v -4.112457 0.2 1.175115 1 1 1
v -3.532902 0.2 1.019824 1 1 1
v -3.688193 0.2 0.4402683 1 1 1
v -3.410427 0 1.090534 1 1 1
v -3.914996 0 -0.9870068 1 1 1
v -5.074107 0 -1.29759 1 1 1
v -5.227287 0.05 1.335641 1 1 1
v -5.517065 0.05 1.413287 1 1 1
v -5.304933 0.05 1.045863 1 1 1
v -5.59471 0.05 1.123509 1 1 1
v -5.55242 0 1.474524 1 1 1
v -5.655948 0 1.088154 1 1 1
v -5.16605 0 1.370996 1 1 1
v -5.269578 0 0.9846259 1 1 1
v -3.24012 0 -1.109952 1 1 1
v -3.09873 0 -0.735774 1 1 1
v -2.865942 0 -1.251342 1 1 1
v -2.724553 0 -0.8771639 1 1 1
v -2.614956 0 1.396792 1 1 1
v -2.421771 0 1.345028 1 1 1
v -2.584338 0.05 1.41447 1 1 1
v -2.439449 0.05 1.375647 1 1 1
v -2.400626 0.05 1.520536 1 1 1
v -2.545515 0.05 1.559358 1 1 1
v -3.617483 0 0.3177938 1 1 1
v -2.370008 0 1.538213 1 1 1
v -2.563193 0 1.589977 1 1 1
v -4.930517 0 -1.720207 1 1 1
v -4.737332 0 -1.771971 1 1 1
v -4.899899 0.05 -1.702529 1 1 1
v -4.75501 0.05 -1.741352 1 1 1
v -4.716187 0.05 -1.596463 1 1 1
v -4.861075 0.05 -1.55764 1 1 1
v -4.878753 0 -1.527022 1 1 1
v -4.685568 0 -1.578785 1 1 1
v -4.686515 0.1 0.5110617 1 1 1
v -4.686515 0.1 0.8110617 1 1 1
v -4.986515 0.1 0.5110617 1 1 1
v -4.986515 0.1 0.8110617 1 1 1
v -4.636515 0 0.4610618 1 1 1
v -4.636515 0 0.8610617 1 1 1
v -5.036515 0 0.4610618 1 1 1
v -5.036515 0 0.8610617 1 1 1
v -3.803762 0 -0.594766 1 1 1
v -3.778762 0.1 -0.569766 1 1 1
v -3.803762 0 -0.394766 1 1 1
v -3.778762 0.1 -0.419766 1 1 1
v -3.628762 0.1 -0.569766 1 1 1
v -3.628762 0.1 -0.419766 1 1 1
v -3.603762 0 -0.594766 1 1 1
v -3.603762 0 -0.394766 1 1 1
v -3.176097 0.05 0.05306925 1 1 1
v -3.465875 0.05 0.130715 1 1 1
v -3.253743 0.05 -0.2367085 1 1 1
v -3.54352 0.05 -0.1590628 1 1 1
v -3.50123 0 0.1919522 1 1 1
v -3.604758 0 -0.1944181 1 1 1
v -2.676548 0.1 0.4701758 1 1 1
v -2.754193 0.1 0.7599536 1 1 1
v -2.966325 0.1 0.3925301 1 1 1
v -3.043971 0.1 0.6823078 1 1 1
v -2.61531 0 0.4348205 1 1 1
v -2.718838 0 0.8211908 1 1 1
v -3.11486 0 0.08842458 1 1 1
v -3.218387 0 -0.2979457 1 1 1
v -3.105208 0 0.7176632 1 1 1
v -3.00168 0 0.3312929 1 1 1
v -0.2255788 0 -7.827896 1 1 1
v -1.38469 0 -8.138478 1 1 1
v -0.3316448 0.1 -8.011607 1 1 1
v -1.200978 0.1 -8.244545 1 1 1
v 1.211001 0.1 -8.906262 1 1 1
v 0.9303683 0.1 -8.80022 1 1 1
v 1.104959 0.1 -9.186895 1 1 1
v 0.8243259 0.1 -9.080853 1 1 1
v -0.09870771 0.1 -8.88094 1 1 1
v -0.9680409 0.1 -9.113878 1 1 1
v -0.3902232 0 -7.475151 1 1 1
v -0.2677487 0.2 -7.40444 1 1 1
v -0.183168 0 -6.70241 1 1 1
v -0.1124573 0.2 -6.824885 1 1 1
v 0.4670982 0.2 -6.980176 1 1 1
v 0.3118067 0.2 -7.559731 1 1 1
v 0.5895726 0 -6.909466 1 1 1
v 0.08500402 0 -8.987007 1 1 1
v -1.074107 0 -9.297589 1 1 1
v -1.227287 0.05 -6.664359 1 1 1
v -1.517065 0.05 -6.586713 1 1 1
v -1.304933 0.05 -6.954137 1 1 1
v -1.59471 0.05 -6.876491 1 1 1
v -1.55242 0 -6.525476 1 1 1
v -1.655948 0 -6.911846 1 1 1
v -1.16605 0 -6.629004 1 1 1
v -1.269577 0 -7.015374 1 1 1
v 0.7598799 0 -9.109952 1 1 1
v 0.9012698 0 -8.735774 1 1 1
v 1.134058 0 -9.251342 1 1 1
v 1.275447 0 -8.877164 1 1 1
v 1.385044 0 -6.603208 1 1 1
v 1.578229 0 -6.654972 1 1 1
v 1.415662 0.05 -6.58553 1 1 1
v 1.560551 0.05 -6.624353 1 1 1
v 1.599374 0.05 -6.479465 1 1 1
v 1.454485 0.05 -6.440641 1 1 1
v 0.3825174 0 -7.682206 1 1 1
v 1.629993 0 -6.461787 1 1 1
v 1.436807 0 -6.410023 1 1 1
v -0.9305171 0 -9.720207 1 1 1
v -0.737332 0 -9.771971 1 1 1
v -0.8998985 0.05 -9.702529 1 1 1
v -0.7550097 0.05 -9.741352 1 1 1
v -0.7161868 0.05 -9.596463 1 1 1
v -0.8610756 0.05 -9.55764 1 1 1
v -0.8787533 0 -9.527021 1 1 1
v -0.6855682 0 -9.578785 1 1 1
v -0.6865153 0.1 -7.488938 1 1 1
v -0.6865153 0.1 -7.188938 1 1 1
v -0.9865153 0.1 -7.488938 1 1 1
v -0.9865153 0.1 -7.188938 1 1 1
v -0.6365153 0 -7.538938 1 1 1
v -0.6365153 0 -7.138938 1 1 1
v -1.036515 0 -7.538938 1 1 1
v -1.036515 0 -7.138938 1 1 1
v 0.1962378 0 -8.594766 1 1 1
v 0.2212377 0.1 -8.569766 1 1 1
v 0.1962378 0 -8.394766 1 1 1
v 0.2212377 0.1 -8.419766 1 1 1
v 0.3712378 0.1 -8.569766 1 1 1
v 0.3712378 0.1 -8.419766 1 1 1
v 0.3962377 0 -8.594766 1 1 1
v 0.3962377 0 -8.394766 1 1 1
v 0.823903 0.05 -7.946931 1 1 1
v 0.5341253 0.05 -7.869285 1 1 1
v 0.7462572 0.05 -8.236709 1 1 1
v 0.4564795 0.05 -8.159062 1 1 1
v 0.4987699 0 -7.808048 1 1 1
v 0.3952423 0 -8.194418 1 1 1
v 1.323453 0.1 -7.529824 1 1 1
v 1.245807 0.1 -7.240047 1 1 1
v 1.033675 0.1 -7.60747 1 1 1
v 0.9560292 0.1 -7.317692 1 1 1
v 1.38469 0 -7.565179 1 1 1
v 1.281162 0 -7.178809 1 1 1
v 0.8851402 0 -7.911575 1 1 1
v 0.7816126 0 -8.297946 1 1 1
v 0.894792 0 -7.282337 1 1 1
v 0.9983196 0 -7.668707 1 1 1
v 2 0 -10 1 1 1
v 2 0 -6 1 1 1
v 3.774421 0 4.172104 1 1 1
v 2.61531 0 3.861521 1 1 1
v 3.668355 0.1 3.988392 1 1 1
v 2.799022 0.1 3.755455 1 1 1
v 5.211001 0.1 3.093738 1 1 1
v 4.930368 0.1 3.19978 1 1 1
v 5.104959 0.1 2.813104 1 1 1
v 4.824326 0.1 2.919147 1 1 1
v 3.901292 0.1 3.119059 1 1 1
v 3.031959 0.1 2.886122 1 1 1
v 3.609777 0 4.524849 1 1 1
v 3.732251 0.2 4.59556 1 1 1
v 3.816832 0 5.29759 1 1 1
v 3.887543 0.2 5.175115 1 1 1
v 4.467098 0.2 5.019824 1 1 1
v 4.311807 0.2 4.440269 1 1 1
v 4.589572 0 5.090534 1 1 1
v 4.085004 0 3.012993 1 1 1
v 2.925893 0 2.70241 1 1 1
v 2.772713 0.05 5.335641 1 1 1
v 2.482935 0.05 5.413287 1 1 1
v 2.695067 0.05 5.045863 1 1 1
v 2.40529 0.05 5.123509 1 1 1
v 2.44758 0 5.474524 1 1 1
v 2.344052 0 5.088154 1 1 1
v 2.83395 0 5.370996 1 1 1
v 2.730422 0 4.984626 1 1 1
v 4.75988 0 2.890049 1 1 1
v 4.90127 0 3.264226 1 1 1
v 5.134058 0 2.748658 1 1 1
v 5.275447 0 3.122836 1 1 1
v 5.385044 0 5.396792 1 1 1
v 5.578229 0 5.345028 1 1 1
v 5.415662 0.05 5.41447 1 1 1
v 5.560551 0.05 5.375647 1 1 1
v 5.599374 0.05 5.520535 1 1 1
v 5.454485 0.05 5.559359 1 1 1
v 4.382517 0 4.317794 1 1 1
v 5.629992 0 5.538213 1 1 1
v 5.436808 0 5.589977 1 1 1
v 3.069483 0 2.279793 1 1 1
v 3.262668 0 2.228029 1 1 1
v 3.100101 0.05 2.297471 1 1 1
v 3.24499 0.05 2.258648 1 1 1
v 3.283813 0.05 2.403537 1 1 1
v 3.138924 0.05 2.44236 1 1 1
v 3.121247 0 2.472979 1 1 1
v 3.314432 0 2.421215 1 1 1
v 3.313485 0.1 4.511062 1 1 1
v 3.313485 0.1 4.811062 1 1 1
v 3.013485 0.1 4.511062 1 1 1
v 3.013485 0.1 4.811062 1 1 1
v 3.363485 0 4.461062 1 1 1
v 3.363485 0 4.861062 1 1 1
v 2.963485 0 4.461062 1 1 1
v 2.963485 0 4.861062 1 1 1
v 4.196238 0 3.405234 1 1 1
v 4.221238 0.1 3.430234 1 1 1
v 4.196238 0 3.605234 1 1 1
v 4.221238 0.1 3.580234 1 1 1
v 4.371238 0.1 3.430234 1 1 1
v 4.371238 0.1 3.580234 1 1 1
v 4.396238 0 3.405234 1 1 1
v 4.396238 0 3.605234 1 1 1
v 4.823903 0.05 4.053069 1 1 1
v 4.534125 0.05 4.130715 1 1 1
v 4.746257 0.05 3.763292 1 1 1
v 4.45648 0.05 3.840937 1 1 1
v 4.49877 0 4.191952 1 1 1
v 4.395242 0 3.805582 1 1 1
v 5.323452 0.1 4.470176 1 1 1
v 5.245807 0.1 4.759953 1 1 1
v 5.033675 0.1 4.39253 1 1 1
v 4.956029 0.1 4.682308 1 1 1
v 5.38469 0 4.434821 1 1 1
v 5.281162 0 4.821191 1 1 1
v 4.88514 0 4.088425 1 1 1
v 4.781612 0 3.702054 1 1 1
v 4.894792 0 4.717663 1 1 1
v 4.99832 0 4.331293 1 1 1
v 3.204504 0 -2.444909 1 1 1
v 3.39769 0 -2.496672 1 1 1
v 3.235123 0.05 -2.427231 1 1 1
v 3.380012 0.05 -2.466053 1 1 1
v 3.256268 0 -2.251723 1 1 1
v 3.273946 0.05 -2.282342 1 1 1
v 2.81778 0 -3.510407 1 1 1
v 2.853136 0.1 -3.44917 1 1 1
v 2.714253 0 -3.124037 1 1 1
v 2.77549 0.1 -3.159393 1 1 1
v 3.449453 0 -2.303487 1 1 1
v 3.418835 0.05 -2.321165 1 1 1
v 3.20415 0 -3.40688 1 1 1
v 3.100623 0 -3.020509 1 1 1
v 3.142913 0.1 -3.371525 1 1 1
v 3.065268 0.1 -3.081747 1 1 1
v 2.580365 -1.23143E-17 -3.11504 1 1 1
v 2.193995 -1.23143E-17 -3.011513 1 1 1
v 2.519128 0.1 -3.150395 1 1 1
v 2.22935 0.1 -3.07275 1 1 1
v 2.476838 -1.23143E-17 -3.50141 1 1 1
v 2.441482 0.1 -3.440173 1 1 1
v 2.090467 -1.23143E-17 -3.397883 1 1 1
v 2.151705 0.1 -3.362527 1 1 1
v 1.185125 0.05 -0.4941864 1 1 1
v 1.14977 -1.23143E-17 -0.4329491 1 1 1
v 1.10748 0.05 -0.7839642 1 1 1
v 1.046242 -1.23143E-17 -0.8193195 1 1 1
v 1.047238 -1.23143E-17 -1.219667 1 1 1
v 1.047238 -1.23143E-17 -1.019667 1 1 1
v 1.022238 0.1 -1.194667 1 1 1
v 1.022238 0.1 -1.044667 1 1 1
v 0.8472378 -1.23143E-17 -1.219667 1 1 1
v 0.8722378 0.1 -1.194667 1 1 1
v 0.8472378 -1.23143E-17 -1.019667 1 1 1
v 0.8722378 0.1 -1.044667 1 1 1
v 1.432613 -1.23143E-17 -0.922847 1 1 1
v 1.397257 0.05 -0.8616099 1 1 1
v 1.53614 -1.23143E-17 -0.5364769 1 1 1
v 1.474903 0.05 -0.5718322 1 1 1
v 4.422335 -1.23143E-17 -4.939075 1 1 1
v 4.422335 -1.23143E-17 -4.739076 1 1 1
v 4.397335 0.1 -4.914076 1 1 1
v 4.397335 0.1 -4.764076 1 1 1
v 4.807709 -1.23143E-17 -4.642255 1 1 1
v 4.772354 0.05 -4.581018 1 1 1
v 4.421339 -1.23143E-17 -4.538728 1 1 1
v 4.482576 0.05 -4.503372 1 1 1
v 5.307259 -1.23143E-17 -3.523119 1 1 1
v 4.920889 -1.23143E-17 -3.626647 1 1 1
v 5.271904 0.1 -3.584356 1 1 1
v 4.982126 0.1 -3.662002 1 1 1
v 4.222335 -1.23143E-17 -4.939075 1 1 1
v 4.247334 0.1 -4.914076 1 1 1
v 4.911237 -1.23143E-17 -4.255885 1 1 1
v 4.524867 -1.23143E-17 -4.152358 1 1 1
v 4.849999 0.05 -4.291241 1 1 1
v 4.560222 0.05 -4.213594 1 1 1
v 5.237098 0.1 -5.250572 1 1 1
v 4.956465 0.1 -5.144529 1 1 1
v 5.131056 0.1 -5.531205 1 1 1
v 4.850423 0.1 -5.425162 1 1 1
v 4.222335 -1.23143E-17 -4.739076 1 1 1
v 4.247334 0.1 -4.764076 1 1 1
v 5.349549 0.1 -3.874134 1 1 1
v 5.059772 0.1 -3.951779 1 1 1
v 5.024416 -1.23143E-17 -4.013017 1 1 1
v 5.410787 -1.23143E-17 -3.909489 1 1 1
v 4.785976 -1.23143E-17 -5.454261 1 1 1
v 5.160154 -1.23143E-17 -5.595651 1 1 1
v 4.927366 -1.23143E-17 -5.080084 1 1 1
v 5.301544 -1.23143E-17 -5.221474 1 1 1
v -0.8321285 -1.23143E-17 1.168736 1 1 1
v -1.218499 -1.23143E-17 1.272263 1 1 1
v -0.8933659 0.05 1.13338 1 1 1
v -1.183144 0.05 1.211026 1 1 1
v -0.9710116 0.05 0.8436024 1 1 1
v -1.260789 0.05 0.9212482 1 1 1
v -0.9356561 -1.23143E-17 0.7823651 1 1 1
v -1.322026 -1.23143E-17 0.8858929 1 1 1
v -0.7629218 -1.23143E-17 0.5152733 1 1 1
v -0.9561069 -1.23143E-17 0.5670371 1 1 1
v -0.7935402 0.05 0.4975955 1 1 1
v -0.9384291 0.05 0.5364184 1 1 1
v -1.00787 -1.23143E-17 0.373852 1 1 1
v -0.977252 0.05 0.3915296 1 1 1
v -0.8146853 -1.23143E-17 0.322088 1 1 1
v -0.8323631 0.05 0.3527067 1 1 1
v 5.184716 0.05 0.9702461 1 1 1
v 5.039827 0.05 1.009069 1 1 1
v 5.145893 0.05 0.8253572 1 1 1
v 5.001004 0.05 0.8641801 1 1 1
v 4.970386 -1.23143E-17 0.8465025 1 1 1
v 5.163571 -1.23143E-17 0.7947388 1 1 1
v 5.215335 -1.23143E-17 0.9879239 1 1 1
v 5.02215 -1.23143E-17 1.039688 1 1 1
v -0.2531424 -1.23143E-17 -3.885774 1 1 1
v -1.412253 -1.23143E-17 -4.196357 1 1 1
v -0.3592083 0.1 -4.069485 1 1 1
v -1.228542 0.1 -4.302423 1 1 1
v -0.7140787 0.1 -3.546816 1 1 1
v -0.7140787 0.1 -3.246816 1 1 1
v -1.014079 0.1 -3.546816 1 1 1
v -1.014079 0.1 -3.246816 1 1 1
v -0.664079 -1.23143E-17 -3.596816 1 1 1
v -0.664079 -1.23143E-17 -3.196816 1 1 1
v -1.064079 -1.23143E-17 -3.596816 1 1 1
v -0.4177868 -1.23143E-17 -3.533029 1 1 1
v -0.2953122 0.2 -3.462318 1 1 1
v -0.2107315 -1.23143E-17 -2.760288 1 1 1
v -0.1400211 0.2 -2.882763 1 1 1
v 0.562009 -1.23143E-17 -2.967343 1 1 1
v 0.4395345 0.2 -3.038054 1 1 1
v 0.0574404 -1.23143E-17 -5.044885 1 1 1
v -0.1262712 0.1 -4.938819 1 1 1
v -0.9956045 0.1 -5.171756 1 1 1
v -1.101671 -1.23143E-17 -5.355468 1 1 1
v -1.064079 -1.23143E-17 -3.196816 1 1 1
v 0.2842432 0.2 -3.61761 1 1 1
v 0.3549539 -1.23143E-17 -3.740084 1 1 1
v 6 0 -10 1 1 1
v -10 0 6 1 1 1
v 6 0.9 -10 1 1 1
v 7.530734 0.9 -9.695518 1 1 1
v 6 0.9 -9.399002 1 1 1
v 7.300742 0.9 -9.140268 1 1 1
v 8.828427 0.9 -8.828427 1 1 1
v 8.403458 0.9 -8.403458 1 1 1
v 9.695518 0.9 -7.530734 1 1 1
v 9.140269 0.9 -7.300742 1 1 1
v 10 0.9 -6 1 1 1
v 9.399003 0.9 -6 1 1 1
v 6 0.2 -9.399002 1 1 1
v 6 0.2 -10 1 1 1
v 7.300742 0.2 -9.140268 1 1 1
v 8.403458 0.2 -8.403458 1 1 1
v 9.140269 0.2 -7.300742 1 1 1
v 9.399003 0.2 -6 1 1 1
v 10 0.2 -6 1 1 1
v 9.695518 0.2 -7.530734 1 1 1
v 8.828427 0.2 -8.828427 1 1 1
v 7.530734 0.2 -9.695518 1 1 1
v -10 0.9 -6 1 1 1
v -9.695518 0.9 -7.530734 1 1 1
v -9.399002 0.9 -6 1 1 1
v -9.140268 0.9 -7.300742 1 1 1
v -8.828427 0.9 -8.828427 1 1 1
v -8.403458 0.9 -8.403458 1 1 1
v -7.530734 0.9 -9.695518 1 1 1
v -7.300742 0.9 -9.140268 1 1 1
v -6 0.9 -10 1 1 1
v -6 0.9 -9.399002 1 1 1
v -9.399002 0.2 -6 1 1 1
v -10 0.2 -6 1 1 1
v -9.140268 0.2 -7.300742 1 1 1
v -8.403458 0.2 -8.403458 1 1 1
v -7.300742 0.2 -9.140268 1 1 1
v -6 0.2 -9.399002 1 1 1
v -6 0.2 -10 1 1 1
v -7.530734 0.2 -9.695518 1 1 1
v -8.828427 0.2 -8.828427 1 1 1
v -9.695518 0.2 -7.530734 1 1 1
v -6 0.9 10 1 1 1
v -7.530734 0.9 9.695518 1 1 1
v -6 0.9 9.399003 1 1 1
v -7.300742 0.9 9.140269 1 1 1
v -8.828427 0.9 8.828427 1 1 1
v -8.403458 0.9 8.403458 1 1 1
v -9.695518 0.9 7.530734 1 1 1
v -9.140268 0.9 7.300742 1 1 1
v -10 0.9 6 1 1 1
v -9.399002 0.9 6 1 1 1
v -6 0.2 9.399003 1 1 1
v -6 0.2 10 1 1 1
v -7.300742 0.2 9.140269 1 1 1
v -8.403458 0.2 8.403458 1 1 1
v -9.140268 0.2 7.300742 1 1 1
v -9.399002 0.2 6 1 1 1
v -10 0.2 6 1 1 1
v -9.695518 0.2 7.530734 1 1 1
v -8.828427 0.2 8.828427 1 1 1
v -7.530734 0.2 9.695518 1 1 1
v 10 0.9 6 1 1 1
v 9.695518 0.9 7.530734 1 1 1
v 9.399002 0.9 6 1 1 1
v 9.140268 0.9 7.300742 1 1 1
v 8.828427 0.9 8.828427 1 1 1
v 8.403458 0.9 8.403458 1 1 1
v 7.530734 0.9 9.695518 1 1 1
v 7.300742 0.9 9.140268 1 1 1
v 6 0.9 10 1 1 1
v 6 0.9 9.399002 1 1 1
v 9.399002 0.2 6 1 1 1
v 10 0.2 6 1 1 1
v 9.140268 0.2 7.300742 1 1 1
v 8.403458 0.2 8.403458 1 1 1
v 7.300742 0.2 9.140268 1 1 1
v 6 0.2 9.399002 1 1 1
v 6 0.2 10 1 1 1
v 7.530734 0.2 9.695518 1 1 1
v 8.828427 0.2 8.828427 1 1 1
v 9.695518 0.2 7.530734 1 1 1
v -9.399002 0.2 2 1 1 1
v -9.199002 0.2 4 1 1 1
v -9.399002 0.9 2 1 1 1
v -9.199002 0.9 4 1 1 1
v -10 0.9 6 1 1 1
v -10 0.9 2 1 1 1
v -9.399002 0.9 6 1 1 1
v -10 0.2 6 1 1 1
v -10 0.2 2 1 1 1
v -9.399002 0.2 6 1 1 1
v -6 0.2 9.399002 1 1 1
v -4 0.2 9.199002 1 1 1
v -6 0.9 9.399002 1 1 1
v -4 0.9 9.199002 1 1 1
v -2 0.9 10 1 1 1
v -2 0.9 9.399002 1 1 1
v -2 0.2 10 1 1 1
v -2 0.2 9.399002 1 1 1
v 10 0.9 1.399002 1 1 1
v 10 0.9 2 1 1 1
v 9.699501 0.9 1.479521 1 1 1
v 9.399002 0.9 2 1 1 1
v 9.479521 0.9 1.699501 1 1 1
v 10 0.2 1.399002 1 1 1
v 10 0.2 2 1 1 1
v 9.399002 0.2 2 1 1 1
v 9.479521 0.2 1.699501 1 1 1
v 9.699501 0.2 1.479521 1 1 1
v -10 0.9 -1.399002 1 1 1
v -10 0.9 -2 1 1 1
v -9.699501 0.9 -1.479521 1 1 1
v -9.399002 0.9 -2 1 1 1
v -9.479521 0.9 -1.699501 1 1 1
v -10 0.2 -1.399002 1 1 1
v -10 0.2 -2 1 1 1
v -9.399002 0.2 -2 1 1 1
v -9.479521 0.2 -1.699501 1 1 1
v -9.699501 0.2 -1.479521 1 1 1
v -9.399002 0.9 2 1 1 1
v -9.479521 0.9 1.699501 1 1 1
v -10 0.9 1.399002 1 1 1
v -9.699501 0.9 1.479521 1 1 1
v -9.399002 0.2 2 1 1 1
v -10 0.2 1.399002 1 1 1
v -9.699501 0.2 1.479521 1 1 1
v -9.479521 0.2 1.699501 1 1 1
v -1.399002 0.9 10 1 1 1
v -2 0.9 10 1 1 1
v -1.479521 0.9 9.699501 1 1 1
v -2 0.9 9.399002 1 1 1
v -1.699501 0.9 9.479521 1 1 1
v -1.399002 0.2 10 1 1 1
v -2 0.2 10 1 1 1
v -2 0.2 9.399002 1 1 1
v -1.699501 0.2 9.479521 1 1 1
v -1.479521 0.2 9.699501 1 1 1
v 2 0.9 9.399002 1 1 1
v 2 0.9 10 1 1 1
v 1.699501 0.9 9.479521 1 1 1
v 1.399003 0.9 10 1 1 1
v 1.479521 0.9 9.699501 1 1 1
v 2 0.2 9.399002 1 1 1
v 2 0.2 10 1 1 1
v 1.399003 0.2 10 1 1 1
v 1.479521 0.2 9.699501 1 1 1
v 1.699501 0.2 9.479521 1 1 1
v 1.399002 0.9 -10 1 1 1
v 2 0.9 -10 1 1 1
v 1.479521 0.9 -9.699501 1 1 1
v 2 0.9 -9.399002 1 1 1
v 1.699501 0.9 -9.479521 1 1 1
v 1.399002 0.2 -10 1 1 1
v 2 0.2 -10 1 1 1
v 2 0.2 -9.399002 1 1 1
v 1.699501 0.2 -9.479521 1 1 1
v 1.479521 0.2 -9.699501 1 1 1
v 4 0.2 9.199002 1 1 1
v 4 0.9 9.199002 1 1 1
v 6 0.2 -9.399002 1 1 1
v 4 0.2 -9.199002 1 1 1
v 6 0.9 -9.399002 1 1 1
v 4 0.9 -9.199002 1 1 1
v 6 0.9 -10 1 1 1
v 6 0.2 -10 1 1 1
v -2 0.2 -9.399002 1 1 1
v -4 0.2 -9.199002 1 1 1
v -2 0.9 -9.399002 1 1 1
v -4 0.9 -9.199002 1 1 1
v -2 0.9 -10 1 1 1
v -2 0.2 -10 1 1 1
v 9.399002 0.9 -2 1 1 1
v 10 0.9 -2 1 1 1
v 9.479521 0.9 -1.699501 1 1 1
v 10 0.9 -1.399002 1 1 1
v 9.699501 0.9 -1.479521 1 1 1
v 9.399002 0.2 -2 1 1 1
v 10 0.2 -2 1 1 1
v 10 0.2 -1.399002 1 1 1
v 9.699501 0.2 -1.479521 1 1 1
v 9.479521 0.2 -1.699501 1 1 1
v -1.699501 0.9 -9.479521 1 1 1
v -1.399003 0.9 -10 1 1 1
v -1.479521 0.9 -9.699501 1 1 1
v -1.399003 0.2 -10 1 1 1
v -1.479521 0.2 -9.699501 1 1 1
v -1.699501 0.2 -9.479521 1 1 1
v 9.199002 0.2 4 1 1 1
v 9.199002 0.9 4 1 1 1
v -9.199002 0.2 -4 1 1 1
v -9.199002 0.9 -4 1 1 1
v 9.199002 0.2 -4 1 1 1
v 9.199002 0.9 -4 1 1 1
v 10 0.9 -2 1 1 1
v 9.399002 0.9 -6 1 1 1
v 10 0.2 -2 1 1 1
v 9.399002 0.2 -6 1 1 1
v 2.767711 0.2 -2.767711 1 1 1
v 2.767711 0.2 -1.232289 1 1 1
v 2.895663 0.2 -2 1 1 1
v 2 0.2 -2.895663 1 1 1
v 2 0.2 -1.104337 1 1 1
v 1.232289 0.2 -2.767711 1 1 1
v 1.232289 0.2 -1.232289 1 1 1
v 1.104337 0.2 -2 1 1 1
v 2.767711 1.025898E-29 -2.767711 1 1 1
v 2.895663 1.025898E-29 -2 1 1 1
v 2 1.025898E-29 -2.895663 1 1 1
v 1.232289 1.025898E-29 -2.767711 1 1 1
v 1.104337 1.025898E-29 -2 1 1 1
v 1.232289 1.025898E-29 -1.232289 1 1 1
v 2 1.025898E-29 -1.104337 1 1 1
v 2.767711 1.025898E-29 -1.232289 1 1 1
v 6 0.9 -9.6 1 1 1
v 6 4.05 -9.6 1 1 1
v 7.37766 0.9 -9.325966 1 1 1
v 7.37766 4.05 -9.325966 1 1 1
v 8.545585 0.9 -8.545585 1 1 1
v 8.545585 4.05 -8.545585 1 1 1
v 9.6 0.9 -6 1 1 1
v 9.325967 0.9 -7.377661 1 1 1
v 9.6 4.05 -6 1 1 1
v 9.325967 4.05 -7.377661 1 1 1
v 6 4.05 -10 1 1 1
v 7.530734 4.05 -9.695518 1 1 1
v 8.828427 4.05 -8.828427 1 1 1
v 9.695518 4.05 -7.530734 1 1 1
v 10 4.05 -6 1 1 1
v 6 0 -8.998005 1 1 1
v 7.530734 0 -9.695518 1 1 1
v 7.147286 0 -8.769795 1 1 1
v 9.695518 0 -7.530734 1 1 1
v 8.119909 0 -8.119909 1 1 1
v 8.769795 0 -7.147287 1 1 1
v 8.998005 0 -6 1 1 1
v 6 0.2 -8.998005 1 1 1
v 7.147286 0.2 -8.769795 1 1 1
v 8.119909 0.2 -8.119909 1 1 1
v 8.769795 0.2 -7.147287 1 1 1
v 8.998005 0.2 -6 1 1 1
v 7.539527 0.2 -8.483707 1 1 1
v 7.539527 0 -8.483707 1 1 1
v 7.919159 0.2 -8.992029 1 1 1
v 7.919159 0 -8.992029 1 1 1
v 8.298758 0 -7.526624 1 1 1
v 7.838695 0 -7.838695 1 1 1
v 8.298758 0.2 -7.526624 1 1 1
v 7.838695 0.2 -7.838695 1 1 1
v 7.526624 0 -8.298758 1 1 1
v 7.526624 0.2 -8.298758 1 1 1
v 8.483707 0 -7.539528 1 1 1
v 8.483707 0.2 -7.539528 1 1 1
v 8.992028 0 -7.91916 1 1 1
v 8.992028 0.2 -7.91916 1 1 1
v 9.458877 2.559764 -6.709475 1 1 1
v 9.534067 2.559764 -6.33147 1 1 1
v 9.449122 2.609764 -6.758514 1 1 1
v 9.543821 2.609764 -6.282431 1 1 1
v 9.449122 2.809764 -6.758514 1 1 1
v 9.543821 2.809764 -6.282431 1 1 1
v 9.458877 2.859764 -6.709475 1 1 1
v 9.534067 2.859764 -6.33147 1 1 1
v 9.485027 2.859764 -6.321716 1 1 1
v 9.494781 2.809764 -6.272676 1 1 1
v 9.409838 2.559764 -6.69972 1 1 1
v 9.485027 2.559764 -6.321716 1 1 1
v 9.400084 2.809764 -6.74876 1 1 1
v 9.400084 2.609764 -6.74876 1 1 1
v 9.494781 2.609764 -6.272676 1 1 1
v 9.409838 2.859764 -6.69972 1 1 1
v 9.397658 3.036932 -7.01724 1 1 1
v 9.348619 3.036932 -7.007485 1 1 1
v 9.472849 3.036932 -6.639235 1 1 1
v 9.423809 3.036932 -6.62948 1 1 1
v 9.387904 3.286932 -7.066279 1 1 1
v 9.397658 3.336932 -7.01724 1 1 1
v 9.338865 3.286932 -7.056524 1 1 1
v 9.348619 3.336932 -7.007485 1 1 1
v 9.433563 3.086932 -6.580441 1 1 1
v 9.338865 3.086932 -7.056524 1 1 1
v 9.433563 3.286932 -6.580441 1 1 1
v 9.423809 3.336932 -6.62948 1 1 1
v 9.387904 3.086932 -7.066279 1 1 1
v 9.472849 3.336932 -6.639235 1 1 1
v 9.482603 3.086932 -6.590196 1 1 1
v 9.482603 3.286932 -6.590196 1 1 1
v 9.022588 2.609087 -7.831699 1 1 1
v 9.23671 2.609087 -7.511242 1 1 1
v 8.981014 2.609087 -7.803921 1 1 1
v 9.195136 2.609087 -7.483464 1 1 1
v 9.022588 2.309087 -7.831699 1 1 1
v 8.981014 2.309087 -7.803921 1 1 1
v 9.23671 2.309087 -7.511242 1 1 1
v 9.195136 2.309087 -7.483464 1 1 1
v 8.994809 2.359087 -7.873272 1 1 1
v 8.953236 2.359087 -7.845494 1 1 1
v 9.264488 2.359087 -7.469668 1 1 1
v 9.222915 2.359087 -7.44189 1 1 1
v 9.222915 2.559087 -7.44189 1 1 1
v 9.264488 2.559087 -7.469668 1 1 1
v 8.953236 2.559087 -7.845494 1 1 1
v 8.994809 2.559087 -7.873272 1 1 1
v 6.925667 1.85972 -9.415874 1 1 1
v 6.974707 1.80972 -9.406118 1 1 1
v 6.915913 1.85972 -9.366834 1 1 1
v 6.964952 1.80972 -9.35708 1 1 1
v 6.547663 1.85972 -9.491063 1 1 1
v 6.537908 1.85972 -9.442023 1 1 1
v 6.488869 1.60972 -9.451778 1 1 1
v 6.498623 1.60972 -9.500817 1 1 1
v 6.488869 1.80972 -9.451778 1 1 1
v 6.498623 1.80972 -9.500817 1 1 1
v 6.974707 1.60972 -9.406118 1 1 1
v 6.964952 1.60972 -9.35708 1 1 1
v 6.537908 1.55972 -9.442023 1 1 1
v 6.915913 1.55972 -9.366834 1 1 1
v 6.547663 1.55972 -9.491063 1 1 1
v 6.925667 1.55972 -9.415874 1 1 1
v -9.6 0.9 -6 1 1 1
v -9.6 4.05 -6 1 1 1
v -9.325966 0.9 -7.37766 1 1 1
v -9.325966 4.05 -7.37766 1 1 1
v -8.545585 0.9 -8.545585 1 1 1
v -8.545585 4.05 -8.545585 1 1 1
v -6 0.9 -9.6 1 1 1
v -7.37766 0.9 -9.325966 1 1 1
v -6 4.05 -9.6 1 1 1
v -7.37766 4.05 -9.325966 1 1 1
v -10 4.05 -6 1 1 1
v -9.695518 4.05 -7.530734 1 1 1
v -8.828427 4.05 -8.828427 1 1 1
v -7.530734 4.05 -9.695518 1 1 1
v -6 4.05 -10 1 1 1
v -8.998005 0 -6 1 1 1
v -9.695518 0 -7.530734 1 1 1
v -8.769795 0 -7.147287 1 1 1
v -7.530734 0 -9.695518 1 1 1
v -8.119909 0 -8.119909 1 1 1
v -7.147287 0 -8.769795 1 1 1
v -6 0 -8.998005 1 1 1
v -8.998005 0.2 -6 1 1 1
v -8.769795 0.2 -7.147287 1 1 1
v -8.119909 0.2 -8.119909 1 1 1
v -7.147287 0.2 -8.769795 1 1 1
v -6 0.2 -8.998005 1 1 1
v -8.483707 0.2 -7.539527 1 1 1
v -8.483707 0 -7.539527 1 1 1
v -8.992028 0.2 -7.919159 1 1 1
v -8.992028 0 -7.919159 1 1 1
v -7.526624 0 -8.298758 1 1 1
v -7.838695 0 -7.838695 1 1 1
v -7.526624 0.2 -8.298758 1 1 1
v -7.838695 0.2 -7.838695 1 1 1
v -8.298758 0 -7.526624 1 1 1
v -8.298758 0.2 -7.526624 1 1 1
v -7.539527 0 -8.483707 1 1 1
v -7.539527 0.2 -8.483707 1 1 1
v -7.91916 0 -8.992028 1 1 1
v -7.91916 0.2 -8.992028 1 1 1
v -6.709475 2.559764 -9.458877 1 1 1
v -6.33147 2.559764 -9.534066 1 1 1
v -6.758514 2.609764 -9.449122 1 1 1
v -6.282431 2.609764 -9.543821 1 1 1
v -6.758514 2.809764 -9.449122 1 1 1
v -6.282431 2.809764 -9.543821 1 1 1
v -6.709475 2.859764 -9.458877 1 1 1
v -6.33147 2.859764 -9.534066 1 1 1
v -6.321716 2.859764 -9.485027 1 1 1
v -6.272676 2.809764 -9.494781 1 1 1
v -6.69972 2.559764 -9.409838 1 1 1
v -6.321716 2.559764 -9.485027 1 1 1
v -6.74876 2.809764 -9.400083 1 1 1
v -6.74876 2.609764 -9.400083 1 1 1
v -6.272676 2.609764 -9.494781 1 1 1
v -6.69972 2.859764 -9.409838 1 1 1
v -7.01724 3.036932 -9.397658 1 1 1
v -7.007485 3.036932 -9.348619 1 1 1
v -6.639235 3.036932 -9.472848 1 1 1
v -6.62948 3.036932 -9.423809 1 1 1
v -7.066279 3.286932 -9.387904 1 1 1
v -7.01724 3.336932 -9.397658 1 1 1
v -7.056524 3.286932 -9.338864 1 1 1
v -7.007485 3.336932 -9.348619 1 1 1
v -6.580441 3.086932 -9.433563 1 1 1
v -7.056524 3.086932 -9.338864 1 1 1
v -6.580441 3.286932 -9.433563 1 1 1
v -6.62948 3.336932 -9.423809 1 1 1
v -7.066279 3.086932 -9.387904 1 1 1
v -6.639235 3.336932 -9.472848 1 1 1
v -6.590196 3.086932 -9.482603 1 1 1
v -6.590196 3.286932 -9.482603 1 1 1
v -7.831699 2.609087 -9.022588 1 1 1
v -7.511242 2.609087 -9.23671 1 1 1
v -7.803921 2.609087 -8.981014 1 1 1
v -7.483464 2.609087 -9.195136 1 1 1
v -7.831699 2.309087 -9.022588 1 1 1
v -7.803921 2.309087 -8.981014 1 1 1
v -7.511242 2.309087 -9.23671 1 1 1
v -7.483464 2.309087 -9.195136 1 1 1
v -7.873272 2.359087 -8.994809 1 1 1
v -7.845494 2.359087 -8.953236 1 1 1
v -7.469669 2.359087 -9.264488 1 1 1
v -7.44189 2.359087 -9.222915 1 1 1
v -7.44189 2.559087 -9.222915 1 1 1
v -7.469669 2.559087 -9.264488 1 1 1
v -7.845494 2.559087 -8.953236 1 1 1
v -7.873272 2.559087 -8.994809 1 1 1
v -9.415874 1.85972 -6.925667 1 1 1
v -9.406118 1.80972 -6.974707 1 1 1
v -9.366834 1.85972 -6.915913 1 1 1
v -9.35708 1.80972 -6.964952 1 1 1
v -9.491063 1.85972 -6.547663 1 1 1
v -9.442023 1.85972 -6.537908 1 1 1
v -9.451778 1.60972 -6.488869 1 1 1
v -9.500817 1.60972 -6.498623 1 1 1
v -9.451778 1.80972 -6.488869 1 1 1
v -9.500817 1.80972 -6.498623 1 1 1
v -9.406118 1.60972 -6.974707 1 1 1
v -9.35708 1.60972 -6.964952 1 1 1
v -9.442023 1.55972 -6.537908 1 1 1
v -9.366834 1.55972 -6.915913 1 1 1
v -9.491063 1.55972 -6.547663 1 1 1
v -9.415874 1.55972 -6.925667 1 1 1
v -6 0.9 9.6 1 1 1
v -6 4.05 9.6 1 1 1
v -7.377661 0.9 9.325967 1 1 1
v -7.377661 4.05 9.325967 1 1 1
v -8.545585 0.9 8.545585 1 1 1
v -8.545585 4.05 8.545585 1 1 1
v -9.6 0.9 6 1 1 1
v -9.325966 0.9 7.37766 1 1 1
v -9.6 4.05 6 1 1 1
v -9.325966 4.05 7.37766 1 1 1
v -6 4.05 10 1 1 1
v -7.530734 4.05 9.695518 1 1 1
v -8.828427 4.05 8.828427 1 1 1
v -9.695518 4.05 7.530734 1 1 1
v -10 4.05 6 1 1 1
v -6 0 8.998005 1 1 1
v -7.530734 0 9.695518 1 1 1
v -7.147287 0 8.769795 1 1 1
v -9.695518 0 7.530734 1 1 1
v -8.119909 0 8.119909 1 1 1
v -8.769795 0 7.147286 1 1 1
v -8.998005 0 6 1 1 1
v -6 0.2 8.998005 1 1 1
v -7.147287 0.2 8.769795 1 1 1
v -8.119909 0.2 8.119909 1 1 1
v -8.769795 0.2 7.147286 1 1 1
v -8.998005 0.2 6 1 1 1
v -7.539527 0.2 8.483707 1 1 1
v -7.539527 0 8.483707 1 1 1
v -7.91916 0.2 8.992028 1 1 1
v -7.91916 0 8.992028 1 1 1
v -8.298758 0 7.526624 1 1 1
v -7.838695 0 7.838695 1 1 1
v -8.298758 0.2 7.526624 1 1 1
v -7.838695 0.2 7.838695 1 1 1
v -7.526624 0 8.298758 1 1 1
v -7.526624 0.2 8.298758 1 1 1
v -8.483707 0 7.539527 1 1 1
v -8.483707 0.2 7.539527 1 1 1
v -8.992029 0 7.919159 1 1 1
v -8.992029 0.2 7.919159 1 1 1
v -9.458877 2.559764 6.709475 1 1 1
v -9.534066 2.559764 6.33147 1 1 1
v -9.449122 2.609764 6.758514 1 1 1
v -9.543821 2.609764 6.282431 1 1 1
v -9.449122 2.809764 6.758514 1 1 1
v -9.543821 2.809764 6.282431 1 1 1
v -9.458877 2.859764 6.709475 1 1 1
v -9.534066 2.859764 6.33147 1 1 1
v -9.485027 2.859764 6.321716 1 1 1
v -9.494781 2.809764 6.272676 1 1 1
v -9.409838 2.559764 6.69972 1 1 1
v -9.485027 2.559764 6.321716 1 1 1
v -9.400083 2.809764 6.74876 1 1 1
v -9.400083 2.609764 6.74876 1 1 1
v -9.494781 2.609764 6.272676 1 1 1
v -9.409838 2.859764 6.69972 1 1 1
v -9.397658 3.036932 7.017239 1 1 1
v -9.348619 3.036932 7.007484 1 1 1
v -9.472848 3.036932 6.639235 1 1 1
v -9.423809 3.036932 6.62948 1 1 1
v -9.387904 3.286932 7.066278 1 1 1
v -9.397658 3.336932 7.017239 1 1 1
v -9.338864 3.286932 7.056524 1 1 1
v -9.348619 3.336932 7.007484 1 1 1
v -9.433563 3.086932 6.580441 1 1 1
v -9.338864 3.086932 7.056524 1 1 1
v -9.433563 3.286932 6.580441 1 1 1
v -9.423809 3.336932 6.62948 1 1 1
v -9.387904 3.086932 7.066278 1 1 1
v -9.472848 3.336932 6.639235 1 1 1
v -9.482603 3.086932 6.590195 1 1 1
v -9.482603 3.286932 6.590195 1 1 1
v -9.022588 2.609087 7.831699 1 1 1
v -9.23671 2.609087 7.511242 1 1 1
v -8.981014 2.609087 7.803921 1 1 1
v -9.195136 2.609087 7.483464 1 1 1
v -9.022588 2.309087 7.831699 1 1 1
v -8.981014 2.309087 7.803921 1 1 1
v -9.23671 2.309087 7.511242 1 1 1
v -9.195136 2.309087 7.483464 1 1 1
v -8.994809 2.359087 7.873272 1 1 1
v -8.953236 2.359087 7.845494 1 1 1
v -9.264488 2.359087 7.469668 1 1 1
v -9.222915 2.359087 7.44189 1 1 1
v -9.222915 2.559087 7.44189 1 1 1
v -9.264488 2.559087 7.469668 1 1 1
v -8.953236 2.559087 7.845494 1 1 1
v -8.994809 2.559087 7.873272 1 1 1
v -6.925667 1.85972 9.415874 1 1 1
v -6.974707 1.80972 9.406119 1 1 1
v -6.915913 1.85972 9.366835 1 1 1
v -6.964952 1.80972 9.35708 1 1 1
v -6.547663 1.85972 9.491063 1 1 1
v -6.537908 1.85972 9.442024 1 1 1
v -6.488869 1.60972 9.451778 1 1 1
v -6.498623 1.60972 9.500818 1 1 1
v -6.488869 1.80972 9.451778 1 1 1
v -6.498623 1.80972 9.500818 1 1 1
v -6.974707 1.60972 9.406119 1 1 1
v -6.964952 1.60972 9.35708 1 1 1
v -6.537908 1.55972 9.442024 1 1 1
v -6.915913 1.55972 9.366835 1 1 1
v -6.547663 1.55972 9.491063 1 1 1
v -6.925667 1.55972 9.415874 1 1 1
v 9.6 0.9 6 1 1 1
v 9.6 4.05 6 1 1 1
v 9.325966 0.9 7.37766 1 1 1
v 9.325966 4.05 7.37766 1 1 1
v 8.545585 0.9 8.545585 1 1 1
v 8.545585 4.05 8.545585 1 1 1
v 6 0.9 9.6 1 1 1
v 7.37766 0.9 9.325966 1 1 1
v 6 4.05 9.6 1 1 1
v 7.37766 4.05 9.325966 1 1 1
v 10 4.05 6 1 1 1
v 9.695518 4.05 7.530734 1 1 1
v 8.828427 4.05 8.828427 1 1 1
v 7.530734 4.05 9.695518 1 1 1
v 6 4.05 10 1 1 1
v 8.998005 0 6 1 1 1
v 9.695518 0 7.530734 1 1 1
v 8.769795 0 7.147287 1 1 1
v 7.530734 0 9.695518 1 1 1
v 8.119909 0 8.119909 1 1 1
v 7.147287 0 8.769795 1 1 1
v 6 0 8.998005 1 1 1
v 8.998005 0.2 6 1 1 1
v 8.769795 0.2 7.147287 1 1 1
v 8.119909 0.2 8.119909 1 1 1
v 7.147287 0.2 8.769795 1 1 1
v 6 0.2 8.998005 1 1 1
v 8.483707 0.2 7.539527 1 1 1
v 8.483707 0 7.539527 1 1 1
v 8.992028 0.2 7.919159 1 1 1
v 8.992028 0 7.919159 1 1 1
v 7.526624 0 8.298758 1 1 1
v 7.838695 0 7.838695 1 1 1
v 7.526624 0.2 8.298758 1 1 1
v 7.838695 0.2 7.838695 1 1 1
v 8.298758 0 7.526624 1 1 1
v 8.298758 0.2 7.526624 1 1 1
v 7.539527 0 8.483707 1 1 1
v 7.539527 0.2 8.483707 1 1 1
v 7.91916 0 8.992028 1 1 1
v 7.91916 0.2 8.992028 1 1 1
v 6.709475 2.559764 9.458877 1 1 1
v 6.33147 2.559764 9.534066 1 1 1
v 6.758514 2.609764 9.449122 1 1 1
v 6.282431 2.609764 9.543821 1 1 1
v 6.758514 2.809764 9.449122 1 1 1
v 6.282431 2.809764 9.543821 1 1 1
v 6.709475 2.859764 9.458877 1 1 1
v 6.33147 2.859764 9.534066 1 1 1
v 6.321716 2.859764 9.485027 1 1 1
v 6.272676 2.809764 9.494781 1 1 1
v 6.69972 2.559764 9.409838 1 1 1
v 6.321716 2.559764 9.485027 1 1 1
v 6.74876 2.809764 9.400083 1 1 1
v 6.74876 2.609764 9.400083 1 1 1
v 6.272676 2.609764 9.494781 1 1 1
v 6.69972 2.859764 9.409838 1 1 1
v 7.01724 3.036932 9.397658 1 1 1
v 7.007485 3.036932 9.348619 1 1 1
v 6.639235 3.036932 9.472848 1 1 1
v 6.62948 3.036932 9.423809 1 1 1
v 7.066279 3.286932 9.387904 1 1 1
v 7.01724 3.336932 9.397658 1 1 1
v 7.056524 3.286932 9.338864 1 1 1
v 7.007485 3.336932 9.348619 1 1 1
v 6.580441 3.086932 9.433563 1 1 1
v 7.056524 3.086932 9.338864 1 1 1
v 6.580441 3.286932 9.433563 1 1 1
v 6.62948 3.336932 9.423809 1 1 1
v 7.066279 3.086932 9.387904 1 1 1
v 6.639235 3.336932 9.472848 1 1 1
v 6.590196 3.086932 9.482603 1 1 1
v 6.590196 3.286932 9.482603 1 1 1
v 7.831699 2.609087 9.022588 1 1 1
v 7.511242 2.609087 9.23671 1 1 1
v 7.803921 2.609087 8.981014 1 1 1
v 7.483464 2.609087 9.195136 1 1 1
v 7.831699 2.309087 9.022588 1 1 1
v 7.803921 2.309087 8.981014 1 1 1
v 7.511242 2.309087 9.23671 1 1 1
v 7.483464 2.309087 9.195136 1 1 1
v 7.873272 2.359087 8.994809 1 1 1
v 7.845494 2.359087 8.953236 1 1 1
v 7.469669 2.359087 9.264488 1 1 1
v 7.44189 2.359087 9.222915 1 1 1
v 7.44189 2.559087 9.222915 1 1 1
v 7.469669 2.559087 9.264488 1 1 1
v 7.845494 2.559087 8.953236 1 1 1
v 7.873272 2.559087 8.994809 1 1 1
v 9.415874 1.85972 6.925667 1 1 1
v 9.406118 1.80972 6.974707 1 1 1
v 9.366835 1.85972 6.915913 1 1 1
v 9.35708 1.80972 6.964952 1 1 1
v 9.491063 1.85972 6.547663 1 1 1
v 9.442024 1.85972 6.537908 1 1 1
v 9.451778 1.60972 6.488869 1 1 1
v 9.500817 1.60972 6.498623 1 1 1
v 9.451778 1.80972 6.488869 1 1 1
v 9.500817 1.80972 6.498623 1 1 1
v 9.406118 1.60972 6.974707 1 1 1
v 9.35708 1.60972 6.964952 1 1 1
v 9.442024 1.55972 6.537908 1 1 1
v 9.366835 1.55972 6.915913 1 1 1
v 9.491063 1.55972 6.547663 1 1 1
v 9.415874 1.55972 6.925667 1 1 1
v -8.998005 0 2 1 1 1
v -8.798005 0 4 1 1 1
v -8.998005 0.2 2 1 1 1
v -8.798005 0.2 4 1 1 1
v -10 0 2 1 1 1
v -9.599998 0.9 1.999998 1 1 1
v -9.399998 0.9 3.999998 1 1 1
v -9.599998 4.05 1.999998 1 1 1
v -9.399998 4.05 3.999998 1 1 1
v -9.599998 0.9 5.999998 1 1 1
v -9.599998 4.05 5.999998 1 1 1
v -9.999998 4.05 5.999998 1 1 1
v -9.999998 0.9 5.999998 1 1 1
v -9.999998 4.05 1.999998 1 1 1
v -9.999998 0.9 1.999998 1 1 1
v -9.442534 1.285278 4.927855 1 1 1
v -9.404184 1.285278 4.544357 1 1 1
v -9.492286 1.285278 4.92288 1 1 1
v -9.453937 1.285278 4.539382 1 1 1
v -9.442534 1.585278 4.927855 1 1 1
v -9.492286 1.585278 4.92288 1 1 1
v -9.404184 1.585278 4.544357 1 1 1
v -9.453937 1.585278 4.539382 1 1 1
v -9.44751 1.535278 4.977607 1 1 1
v -9.44751 1.335278 4.977607 1 1 1
v -9.497261 1.535278 4.972632 1 1 1
v -9.497261 1.335278 4.972632 1 1 1
v -9.399209 1.335278 4.494606 1 1 1
v -9.399209 1.535278 4.494606 1 1 1
v -9.448961 1.335278 4.489631 1 1 1
v -9.448961 1.535278 4.489631 1 1 1
v -9.51326 3.191752 2.867377 1 1 1
v -9.551609 3.191752 2.483879 1 1 1
v -9.463508 3.191752 2.862402 1 1 1
v -9.501858 3.191752 2.478904 1 1 1
v -9.51326 2.891752 2.867377 1 1 1
v -9.463508 2.891752 2.862402 1 1 1
v -9.551609 2.891752 2.483879 1 1 1
v -9.501858 2.891752 2.478904 1 1 1
v -9.508285 3.141752 2.917129 1 1 1
v -9.458532 3.141752 2.912154 1 1 1
v -9.556584 3.141752 2.434127 1 1 1
v -9.506833 3.141752 2.429152 1 1 1
v -9.458532 2.941752 2.912154 1 1 1
v -9.508285 2.941752 2.917129 1 1 1
v -9.556584 2.941752 2.434127 1 1 1
v -9.506833 2.941752 2.429152 1 1 1
v -9.513453 1.633671 5.637034 1 1 1
v -9.475102 1.633671 5.253537 1 1 1
v -9.563204 1.633671 5.632059 1 1 1
v -9.524855 1.633671 5.248562 1 1 1
v -9.513453 1.933671 5.637034 1 1 1
v -9.563204 1.933671 5.632059 1 1 1
v -9.475102 1.933671 5.253537 1 1 1
v -9.524855 1.933671 5.248562 1 1 1
v -9.518428 1.883671 5.686787 1 1 1
v -9.568179 1.883671 5.681811 1 1 1
v -9.518428 1.683671 5.686787 1 1 1
v -9.568179 1.683671 5.681811 1 1 1
v -9.470127 1.683671 5.203785 1 1 1
v -9.470127 1.883671 5.203785 1 1 1
v -9.519879 1.683671 5.19881 1 1 1
v -9.519879 1.883671 5.19881 1 1 1
v -2 4.05 10 1 1 1
v -2 4.05 9.599999 1 1 1
v -2 0.9 9.599999 1 1 1
v -6 0.9 9.599999 1 1 1
v -6 4.05 9.599999 1 1 1
v -4 4.05 9.4 1 1 1
v -4 0.9 9.4 1 1 1
v -4 1.082867E-15 8.548005 1 1 1
v -3.454019 1.082867E-15 8.639002 1 1 1
v -4 0.2 8.548005 1 1 1
v -3.454019 0.2 8.639002 1 1 1
v -3.332364 0.2 8.760657 1 1 1
v -3.332364 1.082867E-15 8.760657 1 1 1
v -3.241367 0.2 9.306638 1 1 1
v -3.241367 1.082867E-15 9.306638 1 1 1
v -4.545981 1.082867E-15 8.639002 1 1 1
v -4.545981 0.2 8.639002 1 1 1
v -4.758633 0.2 9.306638 1 1 1
v -4.667636 0.2 8.760657 1 1 1
v -4.667636 1.082867E-15 8.760657 1 1 1
v -4.758633 1.082867E-15 9.306638 1 1 1
v -2 0.2 8.998005 1 1 1
v -2 7.219114E-16 8.998005 1 1 1
v -2 7.219114E-16 10 1 1 1
v -6 7.219114E-16 8.998005 1 1 1
v -4 7.219114E-16 8.798005 1 1 1
v -4 0.2 8.798005 1 1 1
v -6 7.219114E-16 10 1 1 1
v -5.072641 2.957801 9.507264 1 1 1
v -5.077617 2.957801 9.457512 1 1 1
v -5.122393 2.907801 9.512239 1 1 1
v -5.127368 2.907801 9.462487 1 1 1
v -5.072641 3.157801 9.507264 1 1 1
v -5.122393 3.207801 9.512239 1 1 1
v -5.077617 3.157801 9.457512 1 1 1
v -5.127368 3.207801 9.462487 1 1 1
v -5.510866 2.907801 9.500837 1 1 1
v -5.560617 2.957801 9.505813 1 1 1
v -5.560617 3.157801 9.505813 1 1 1
v -5.510866 3.207801 9.500837 1 1 1
v -5.505891 3.207801 9.55059 1 1 1
v -5.505891 2.907801 9.55059 1 1 1
v -5.555642 2.957801 9.555564 1 1 1
v -5.555642 3.157801 9.555564 1 1 1
v -5.128829 2.397031 9.512883 1 1 1
v -5.133804 2.397031 9.463131 1 1 1
v -5.178581 2.447031 9.517858 1 1 1
v -5.183556 2.447031 9.468106 1 1 1
v -4.745332 2.397031 9.474533 1 1 1
v -4.69558 2.447031 9.469558 1 1 1
v -4.69558 2.647031 9.469558 1 1 1
v -5.178581 2.647031 9.517858 1 1 1
v -4.745332 2.697031 9.474533 1 1 1
v -5.128829 2.697031 9.512883 1 1 1
v -4.750307 2.397031 9.424781 1 1 1
v -4.700555 2.447031 9.419806 1 1 1
v -4.750307 2.697031 9.424781 1 1 1
v -5.133804 2.697031 9.463131 1 1 1
v -4.700555 2.647031 9.419806 1 1 1
v -5.183556 2.647031 9.468106 1 1 1
v -2.528814 1.463198 9.496869 1 1 1
v -2.578566 1.413198 9.491894 1 1 1
v -2.533789 1.463198 9.546621 1 1 1
v -2.583541 1.413198 9.541646 1 1 1
v -3.011815 1.463198 9.448569 1 1 1
v -3.011815 1.663198 9.448569 1 1 1
v -3.01679 1.463198 9.498322 1 1 1
v -3.01679 1.663198 9.498322 1 1 1
v -2.962064 1.713198 9.453545 1 1 1
v -2.967039 1.713198 9.503296 1 1 1
v -2.962064 1.413198 9.453545 1 1 1
v -2.528814 1.663198 9.496869 1 1 1
v -2.578566 1.713198 9.491894 1 1 1
v -2.967039 1.413198 9.503296 1 1 1
v -2.533789 1.663198 9.546621 1 1 1
v -2.583541 1.713198 9.541646 1 1 1
v 10 4.05 1.6 1 1 1
v 10 0.9 1.6 1 1 1
v 10 4.05 2 1 1 1
v 10 0.9 2 1 1 1
v 9.6 0.9 2 1 1 1
v 9.6 4.05 2 1 1 1
v 9.8 0.9 1.65359 1 1 1
v 9.8 4.05 1.65359 1 1 1
v 9.65359 0.9 1.8 1 1 1
v 9.65359 4.05 1.8 1 1 1
v 10 -1.671676E-14 2 1 1 1
v 8.998005 -1.671676E-14 2 1 1 1
v 10 0.2 2 1 1 1
v 8.998005 0.2 2 1 1 1
v 10 0.2 0.9980049 1 1 1
v 10 -1.671676E-14 0.9980049 1 1 1
v 9.499002 0.2 1.132247 1 1 1
v 9.132247 0.2 1.499002 1 1 1
v 9.499002 -1.599485E-14 1.132247 1 1 1
v 9.132247 -1.599485E-14 1.499002 1 1 1
v -10 4.05 -1.6 1 1 1
v -10 0.9 -1.6 1 1 1
v -10 4.05 -2 1 1 1
v -10 0.9 -2 1 1 1
v -9.6 0.9 -2 1 1 1
v -9.6 4.05 -2 1 1 1
v -9.8 0.9 -1.65359 1 1 1
v -9.8 4.05 -1.65359 1 1 1
v -9.65359 0.9 -1.8 1 1 1
v -9.65359 4.05 -1.8 1 1 1
v -10 -1.671676E-14 -2 1 1 1
v -8.998005 -1.671676E-14 -2 1 1 1
v -10 0.2 -2 1 1 1
v -8.998005 0.2 -2 1 1 1
v -10 0.2 -0.9980049 1 1 1
v -10 -1.671676E-14 -0.9980049 1 1 1
v -9.499002 0.2 -1.132247 1 1 1
v -9.132247 0.2 -1.499002 1 1 1
v -9.499002 -1.599485E-14 -1.132247 1 1 1
v -9.132247 -1.599485E-14 -1.499002 1 1 1
v -9.6 4.05 2 1 1 1
v -9.6 0.9 2 1 1 1
v -10 4.05 2 1 1 1
v -10 0.9 2 1 1 1
v -10 0.9 1.6 1 1 1
v -10 4.05 1.6 1 1 1
v -9.65359 0.9 1.8 1 1 1
v -9.65359 4.05 1.8 1 1 1
v -9.8 0.9 1.65359 1 1 1
v -9.8 4.05 1.65359 1 1 1
v -10 -1.707772E-14 2 1 1 1
v -10 -1.707772E-14 0.9980048 1 1 1
v -10 0.2 2 1 1 1
v -10 0.2 0.9980048 1 1 1
v -8.998005 0.2 2 1 1 1
v -8.998005 -1.707772E-14 2 1 1 1
v -9.132247 0.2 1.499002 1 1 1
v -9.499002 0.2 1.132247 1 1 1
v -9.132247 -1.635581E-14 1.499002 1 1 1
v -9.499002 -1.635581E-14 1.132247 1 1 1
v -1.6 4.05 10 1 1 1
v -1.6 0.9 10 1 1 1
v -2 0.9 9.6 1 1 1
v -2 4.05 9.6 1 1 1
v -1.65359 0.9 9.8 1 1 1
v -1.65359 4.05 9.8 1 1 1
v -1.8 0.9 9.65359 1 1 1
v -1.8 4.05 9.65359 1 1 1
v -2 -1.671676E-14 10 1 1 1
v -2 -1.671676E-14 8.998005 1 1 1
v -0.9980049 0.2 10 1 1 1
v -0.9980049 -1.671676E-14 10 1 1 1
v -1.132247 0.2 9.499002 1 1 1
v -1.499002 0.2 9.132247 1 1 1
v -1.132247 -1.599485E-14 9.499002 1 1 1
v -1.499002 -1.599485E-14 9.132247 1 1 1
v 2 4.05 9.6 1 1 1
v 2 0.9 9.6 1 1 1
v 2 4.05 10 1 1 1
v 1.6 0.9 10 1 1 1
v 1.6 4.05 10 1 1 1
v 1.8 0.9 9.65359 1 1 1
v 1.8 4.05 9.65359 1 1 1
v 1.65359 0.9 9.8 1 1 1
v 1.65359 4.05 9.8 1 1 1
v 2 -1.707772E-14 10 1 1 1
v 0.9980049 -1.707772E-14 10 1 1 1
v 0.9980049 0.2 10 1 1 1
v 2 0.2 8.998005 1 1 1
v 2 -1.707772E-14 8.998005 1 1 1
v 1.499002 0.2 9.132247 1 1 1
v 1.132247 0.2 9.499002 1 1 1
v 1.499002 -1.635581E-14 9.132247 1 1 1
v 1.132247 -1.635581E-14 9.499002 1 1 1
v 1.6 4.05 -10 1 1 1
v 1.6 0.9 -10 1 1 1
v 2 4.05 -10 1 1 1
v 2 0.9 -9.599999 1 1 1
v 2 4.05 -9.599999 1 1 1
v 1.65359 0.9 -9.799999 1 1 1
v 1.65359 4.05 -9.799999 1 1 1
v 1.8 0.9 -9.653589 1 1 1
v 1.8 4.05 -9.653589 1 1 1
v 2 -1.671676E-14 -10 1 1 1
v 2 -1.671676E-14 -8.998005 1 1 1
v 2 0.2 -8.998005 1 1 1
v 0.9980048 0.2 -10 1 1 1
v 0.9980048 -1.671676E-14 -10 1 1 1
v 1.132247 0.2 -9.499002 1 1 1
v 1.499002 0.2 -9.132247 1 1 1
v 1.132247 -1.599485E-14 -9.499002 1 1 1
v 1.499002 -1.599485E-14 -9.132247 1 1 1
v 6 4.05 9.599999 1 1 1
v 6 0.9 9.599999 1 1 1
v 2 0.9 9.599999 1 1 1
v 2 4.05 9.599999 1 1 1
v 4 4.05 9.4 1 1 1
v 4 0.9 9.4 1 1 1
v 4 3.609557E-16 8.548005 1 1 1
v 4.545981 3.609557E-16 8.639002 1 1 1
v 4 0.2 8.548005 1 1 1
v 4.545981 0.2 8.639002 1 1 1
v 4.667636 0.2 8.760657 1 1 1
v 4.667636 3.609557E-16 8.760657 1 1 1
v 4.758633 0.2 9.306638 1 1 1
v 4.758633 3.609557E-16 9.306638 1 1 1
v 3.454019 3.609557E-16 8.639002 1 1 1
v 3.454019 0.2 8.639002 1 1 1
v 3.241367 0.2 9.306638 1 1 1
v 3.332364 0.2 8.760657 1 1 1
v 3.332364 3.609557E-16 8.760657 1 1 1
v 3.241367 3.609557E-16 9.306638 1 1 1
v 2 0 8.998005 1 1 1
v 4 0 8.798005 1 1 1
v 4 0.2 8.798005 1 1 1
v 2.927359 2.957801 9.507264 1 1 1
v 2.922384 2.957801 9.457512 1 1 1
v 2.877607 2.907801 9.512239 1 1 1
v 2.872632 2.907801 9.462487 1 1 1
v 2.927359 3.157801 9.507264 1 1 1
v 2.877607 3.207801 9.512239 1 1 1
v 2.922384 3.157801 9.457512 1 1 1
v 2.872632 3.207801 9.462487 1 1 1
v 2.489134 2.907801 9.500837 1 1 1
v 2.439383 2.957801 9.505813 1 1 1
v 2.439383 3.157801 9.505813 1 1 1
v 2.489134 3.207801 9.500837 1 1 1
v 2.494109 3.207801 9.55059 1 1 1
v 2.494109 2.907801 9.55059 1 1 1
v 2.444358 2.957801 9.555564 1 1 1
v 2.444358 3.157801 9.555564 1 1 1
v 2.871171 2.397031 9.512883 1 1 1
v 2.866196 2.397031 9.463131 1 1 1
v 2.821419 2.447031 9.517858 1 1 1
v 2.816444 2.447031 9.468106 1 1 1
v 3.254668 2.397031 9.474533 1 1 1
v 3.30442 2.447031 9.469558 1 1 1
v 3.30442 2.647031 9.469558 1 1 1
v 2.821419 2.647031 9.517858 1 1 1
v 3.254668 2.697031 9.474533 1 1 1
v 2.871171 2.697031 9.512883 1 1 1
v 3.249693 2.397031 9.424781 1 1 1
v 3.299445 2.447031 9.419806 1 1 1
v 3.249693 2.697031 9.424781 1 1 1
v 2.866196 2.697031 9.463131 1 1 1
v 3.299445 2.647031 9.419806 1 1 1
v 2.816444 2.647031 9.468106 1 1 1
v 5.471186 1.463198 9.496869 1 1 1
v 5.421434 1.413198 9.491894 1 1 1
v 5.46621 1.463198 9.546621 1 1 1
v 5.416459 1.413198 9.541646 1 1 1
v 4.988184 1.463198 9.448569 1 1 1
v 4.988184 1.663198 9.448569 1 1 1
v 4.98321 1.463198 9.498322 1 1 1
v 4.98321 1.663198 9.498322 1 1 1
v 5.037936 1.713198 9.453545 1 1 1
v 5.032961 1.713198 9.503296 1 1 1
v 5.037936 1.413198 9.453545 1 1 1
v 5.471186 1.663198 9.496869 1 1 1
v 5.421434 1.713198 9.491894 1 1 1
v 5.032961 1.413198 9.503296 1 1 1
v 5.46621 1.663198 9.546621 1 1 1
v 5.416459 1.713198 9.541646 1 1 1
v 6 4.05 -10 1 1 1
v 6 0.9 -9.599999 1 1 1
v 6 4.05 -9.599999 1 1 1
v 4 4.05 -9.4 1 1 1
v 4 0.9 -9.4 1 1 1
v 4 7.219114E-16 -8.548005 1 1 1
v 3.454019 7.219114E-16 -8.639002 1 1 1
v 4 0.2 -8.548005 1 1 1
v 3.454019 0.2 -8.639002 1 1 1
v 3.332364 0.2 -8.760657 1 1 1
v 3.332364 7.219114E-16 -8.760657 1 1 1
v 3.241367 0.2 -9.306638 1 1 1
v 3.241367 7.219114E-16 -9.306638 1 1 1
v 4.545981 7.219114E-16 -8.639002 1 1 1
v 4.545981 0.2 -8.639002 1 1 1
v 4.758633 0.2 -9.306638 1 1 1
v 4.667636 0.2 -8.760657 1 1 1
v 4.667636 7.219114E-16 -8.760657 1 1 1
v 4.758633 7.219114E-16 -9.306638 1 1 1
v 2 3.609557E-16 -8.998005 1 1 1
v 2 3.609557E-16 -10 1 1 1
v 6 3.609557E-16 -8.998005 1 1 1
v 4 3.609557E-16 -8.798005 1 1 1
v 4 0.2 -8.798005 1 1 1
v 6 3.609557E-16 -10 1 1 1
v 5.072641 2.957801 -9.507264 1 1 1
v 5.077616 2.957801 -9.457512 1 1 1
v 5.122393 2.907801 -9.512239 1 1 1
v 5.127368 2.907801 -9.462487 1 1 1
v 5.072641 3.157801 -9.507264 1 1 1
v 5.122393 3.207801 -9.512239 1 1 1
v 5.077616 3.157801 -9.457512 1 1 1
v 5.127368 3.207801 -9.462487 1 1 1
v 5.510865 2.907801 -9.500837 1 1 1
v 5.560617 2.957801 -9.505813 1 1 1
v 5.560617 3.157801 -9.505813 1 1 1
v 5.510865 3.207801 -9.500837 1 1 1
v 5.50589 3.207801 -9.55059 1 1 1
v 5.50589 2.907801 -9.55059 1 1 1
v 5.555642 2.957801 -9.555564 1 1 1
v 5.555642 3.157801 -9.555564 1 1 1
v 5.128829 2.397031 -9.512883 1 1 1
v 5.133804 2.397031 -9.463131 1 1 1
v 5.178581 2.447031 -9.517858 1 1 1
v 5.183557 2.447031 -9.468106 1 1 1
v 4.745332 2.397031 -9.474533 1 1 1
v 4.69558 2.447031 -9.469558 1 1 1
v 4.69558 2.647031 -9.469558 1 1 1
v 5.178581 2.647031 -9.517858 1 1 1
v 4.745332 2.697031 -9.474533 1 1 1
v 5.128829 2.697031 -9.512883 1 1 1
v 4.750307 2.397031 -9.424781 1 1 1
v 4.700555 2.447031 -9.419806 1 1 1
v 4.750307 2.697031 -9.424781 1 1 1
v 5.133804 2.697031 -9.463131 1 1 1
v 4.700555 2.647031 -9.419806 1 1 1
v 5.183557 2.647031 -9.468106 1 1 1
v 2.528814 1.463198 -9.496869 1 1 1
v 2.578566 1.413198 -9.491894 1 1 1
v 2.533789 1.463198 -9.546621 1 1 1
v 2.583541 1.413198 -9.541646 1 1 1
v 3.011815 1.463198 -9.448569 1 1 1
v 3.011815 1.663198 -9.448569 1 1 1
v 3.01679 1.463198 -9.498322 1 1 1
v 3.01679 1.663198 -9.498322 1 1 1
v 2.962064 1.713198 -9.453545 1 1 1
v 2.967039 1.713198 -9.503296 1 1 1
v 2.962064 1.413198 -9.453545 1 1 1
v 2.528814 1.663198 -9.496869 1 1 1
v 2.578566 1.713198 -9.491894 1 1 1
v 2.967039 1.413198 -9.503296 1 1 1
v 2.533789 1.663198 -9.546621 1 1 1
v 2.583541 1.713198 -9.541646 1 1 1
v -2 4.05 -10 1 1 1
v -6 4.05 -9.599999 1 1 1
v -6 0.9 -9.599999 1 1 1
v -2 0.9 -9.599999 1 1 1
v -2 4.05 -9.599999 1 1 1
v -4 4.05 -9.4 1 1 1
v -4 0.9 -9.4 1 1 1
v -4 3.609557E-16 -8.548005 1 1 1
v -4.545981 3.609557E-16 -8.639002 1 1 1
v -4 0.2 -8.548005 1 1 1
v -4.545981 0.2 -8.639002 1 1 1
v -4.667636 0.2 -8.760657 1 1 1
v -4.667636 3.609557E-16 -8.760657 1 1 1
v -4.758633 0.2 -9.306638 1 1 1
v -4.758633 3.609557E-16 -9.306638 1 1 1
v -3.454019 3.609557E-16 -8.639002 1 1 1
v -3.454019 0.2 -8.639002 1 1 1
v -3.241367 0.2 -9.306638 1 1 1
v -3.332364 0.2 -8.760657 1 1 1
v -3.332364 3.609557E-16 -8.760657 1 1 1
v -3.241367 3.609557E-16 -9.306638 1 1 1
v -6 6.411861E-31 -8.998005 1 1 1
v -6 6.411861E-31 -10 1 1 1
v -2 6.411861E-31 -8.998005 1 1 1
v -4 6.411861E-31 -8.798005 1 1 1
v -2 0.2 -8.998005 1 1 1
v -4 0.2 -8.798005 1 1 1
v -2 6.411861E-31 -10 1 1 1
v -2.927359 2.957801 -9.507264 1 1 1
v -2.922384 2.957801 -9.457512 1 1 1
v -2.877607 2.907801 -9.512239 1 1 1
v -2.872632 2.907801 -9.462487 1 1 1
v -2.927359 3.157801 -9.507264 1 1 1
v -2.877607 3.207801 -9.512239 1 1 1
v -2.922384 3.157801 -9.457512 1 1 1
v -2.872632 3.207801 -9.462487 1 1 1
v -2.489135 2.907801 -9.500837 1 1 1
v -2.439383 2.957801 -9.505813 1 1 1
v -2.439383 3.157801 -9.505813 1 1 1
v -2.489135 3.207801 -9.500837 1 1 1
v -2.49411 3.207801 -9.55059 1 1 1
v -2.49411 2.907801 -9.55059 1 1 1
v -2.444358 2.957801 -9.555564 1 1 1
v -2.444358 3.157801 -9.555564 1 1 1
v -2.871171 2.397031 -9.512883 1 1 1
v -2.866195 2.397031 -9.463131 1 1 1
v -2.821419 2.447031 -9.517858 1 1 1
v -2.816443 2.447031 -9.468106 1 1 1
v -3.254668 2.397031 -9.474533 1 1 1
v -3.30442 2.447031 -9.469558 1 1 1
v -3.30442 2.647031 -9.469558 1 1 1
v -2.821419 2.647031 -9.517858 1 1 1
v -3.254668 2.697031 -9.474533 1 1 1
v -2.871171 2.697031 -9.512883 1 1 1
v -3.249693 2.397031 -9.424781 1 1 1
v -3.299445 2.447031 -9.419806 1 1 1
v -3.249693 2.697031 -9.424781 1 1 1
v -2.866195 2.697031 -9.463131 1 1 1
v -3.299445 2.647031 -9.419806 1 1 1
v -2.816443 2.647031 -9.468106 1 1 1
v -5.471186 1.463198 -9.496869 1 1 1
v -5.421434 1.413198 -9.491894 1 1 1
v -5.46621 1.463198 -9.546621 1 1 1
v -5.416459 1.413198 -9.541646 1 1 1
v -4.988184 1.463198 -9.448569 1 1 1
v -4.988184 1.663198 -9.448569 1 1 1
v -4.98321 1.463198 -9.498322 1 1 1
v -4.98321 1.663198 -9.498322 1 1 1
v -5.037936 1.713198 -9.453545 1 1 1
v -5.032961 1.713198 -9.503296 1 1 1
v -5.037936 1.413198 -9.453545 1 1 1
v -5.471186 1.663198 -9.496869 1 1 1
v -5.421434 1.713198 -9.491894 1 1 1
v -5.032961 1.413198 -9.503296 1 1 1
v -5.46621 1.663198 -9.546621 1 1 1
v -5.416459 1.713198 -9.541646 1 1 1
v 9.6 4.05 -2 1 1 1
v 9.6 0.9 -2 1 1 1
v 10 4.05 -2 1 1 1
v 10 0.9 -1.6 1 1 1
v 10 4.05 -1.6 1 1 1
v 9.65359 0.9 -1.8 1 1 1
v 9.65359 4.05 -1.8 1 1 1
v 9.8 0.9 -1.653589 1 1 1
v 9.8 4.05 -1.653589 1 1 1
v 10 -1.707772E-14 -2 1 1 1
v 10 -1.707772E-14 -0.9980049 1 1 1
v 10 0.2 -2 1 1 1
v 10 0.2 -0.9980049 1 1 1
v 8.998005 0.2 -2 1 1 1
v 8.998005 -1.707772E-14 -2 1 1 1
v 9.132247 0.2 -1.499002 1 1 1
v 9.499002 0.2 -1.132247 1 1 1
v 9.132247 -1.635581E-14 -1.499002 1 1 1
v 9.499002 -1.635581E-14 -1.132247 1 1 1
v -2 4.05 -9.6 1 1 1
v -2 0.9 -9.6 1 1 1
v -1.6 0.9 -10 1 1 1
v -1.6 4.05 -10 1 1 1
v -1.8 0.9 -9.65359 1 1 1
v -1.8 4.05 -9.65359 1 1 1
v -1.65359 0.9 -9.8 1 1 1
v -1.65359 4.05 -9.8 1 1 1
v -2 -1.707772E-14 -10 1 1 1
v -0.9980049 -1.707772E-14 -10 1 1 1
v -0.9980049 0.2 -10 1 1 1
v -2 -1.707772E-14 -8.998005 1 1 1
v -1.499002 0.2 -9.132247 1 1 1
v -1.132247 0.2 -9.499002 1 1 1
v -1.499002 -1.635581E-14 -9.132247 1 1 1
v -1.132247 -1.635581E-14 -9.499002 1 1 1
v 8.998005 0.2 2 1 1 1
v 8.998005 0 2 1 1 1
v 10 0 2 1 1 1
v 8.798005 0 4 1 1 1
v 8.798005 0.2 4 1 1 1
v 9.599997 0.9 5.999998 1 1 1
v 9.399996 0.9 3.999998 1 1 1
v 9.599997 4.05 5.999998 1 1 1
v 9.399996 4.05 3.999998 1 1 1
v 9.599996 0.9 1.999998 1 1 1
v 9.599996 4.05 1.999998 1 1 1
v 9.999996 4.05 1.999998 1 1 1
v 9.999996 0.9 1.999998 1 1 1
v 9.999996 4.05 5.999998 1 1 1
v 9.999996 0.9 5.999998 1 1 1
v 9.442533 1.285278 3.072141 1 1 1
v 9.404182 1.285278 3.455639 1 1 1
v 9.492284 1.285278 3.077116 1 1 1
v 9.453935 1.285278 3.460614 1 1 1
v 9.442533 1.585278 3.072141 1 1 1
v 9.492284 1.585278 3.077116 1 1 1
v 9.404182 1.585278 3.455639 1 1 1
v 9.453935 1.585278 3.460614 1 1 1
v 9.447508 1.535278 3.022389 1 1 1
v 9.447508 1.335278 3.022389 1 1 1
v 9.497259 1.535278 3.027364 1 1 1
v 9.497259 1.335278 3.027364 1 1 1
v 9.399207 1.335278 3.50539 1 1 1
v 9.399207 1.535278 3.50539 1 1 1
v 9.448959 1.335278 3.510366 1 1 1
v 9.448959 1.535278 3.510366 1 1 1
v 9.513259 3.191752 5.132619 1 1 1
v 9.551608 3.191752 5.516116 1 1 1
v 9.463507 3.191752 5.137594 1 1 1
v 9.501857 3.191752 5.521091 1 1 1
v 9.513259 2.891752 5.132619 1 1 1
v 9.463507 2.891752 5.137594 1 1 1
v 9.551608 2.891752 5.516116 1 1 1
v 9.501857 2.891752 5.521091 1 1 1
v 9.508284 3.141752 5.082867 1 1 1
v 9.458531 3.141752 5.087842 1 1 1
v 9.556583 3.141752 5.565868 1 1 1
v 9.506832 3.141752 5.570844 1 1 1
v 9.458531 2.941752 5.087842 1 1 1
v 9.508284 2.941752 5.082867 1 1 1
v 9.556583 2.941752 5.565868 1 1 1
v 9.506832 2.941752 5.570844 1 1 1
v 9.513451 1.633671 2.362961 1 1 1
v 9.475101 1.633671 2.746459 1 1 1
v 9.563202 1.633671 2.367936 1 1 1
v 9.524853 1.633671 2.751434 1 1 1
v 9.513451 1.933671 2.362961 1 1 1
v 9.563202 1.933671 2.367936 1 1 1
v 9.475101 1.933671 2.746459 1 1 1
v 9.524853 1.933671 2.751434 1 1 1
v 9.518426 1.883671 2.313209 1 1 1
v 9.568177 1.883671 2.318184 1 1 1
v 9.518426 1.683671 2.313209 1 1 1
v 9.568177 1.683671 2.318184 1 1 1
v 9.470125 1.683671 2.796211 1 1 1
v 9.470125 1.883671 2.796211 1 1 1
v 9.519877 1.683671 2.801186 1 1 1
v 9.519877 1.883671 2.801186 1 1 1
v -8.998005 0.2 -2 1 1 1
v -8.998005 0 -2 1 1 1
v -10 0 -2 1 1 1
v -8.798005 0 -4 1 1 1
v -8.798005 0.2 -4 1 1 1
v -9.599998 0.9 -6.000001 1 1 1
v -9.399998 0.9 -4 1 1 1
v -9.599998 4.05 -6.000001 1 1 1
v -9.399998 4.05 -4 1 1 1
v -9.599998 0.9 -2 1 1 1
v -9.599998 4.05 -2 1 1 1
v -9.999998 4.05 -2 1 1 1
v -9.999998 0.9 -2 1 1 1
v -9.999998 4.05 -6.000001 1 1 1
v -9.999998 0.9 -6.000001 1 1 1
v -9.442534 1.285278 -3.072143 1 1 1
v -9.404184 1.285278 -3.455641 1 1 1
v -9.492286 1.285278 -3.077118 1 1 1
v -9.453937 1.285278 -3.460616 1 1 1
v -9.442534 1.585278 -3.072143 1 1 1
v -9.492286 1.585278 -3.077118 1 1 1
v -9.404184 1.585278 -3.455641 1 1 1
v -9.453937 1.585278 -3.460616 1 1 1
v -9.44751 1.535278 -3.022391 1 1 1
v -9.44751 1.335278 -3.022391 1 1 1
v -9.497261 1.535278 -3.027366 1 1 1
v -9.497261 1.335278 -3.027366 1 1 1
v -9.399209 1.335278 -3.505392 1 1 1
v -9.399209 1.535278 -3.505392 1 1 1
v -9.448961 1.335278 -3.510368 1 1 1
v -9.448961 1.535278 -3.510368 1 1 1
v -9.51326 3.191752 -5.132622 1 1 1
v -9.551609 3.191752 -5.51612 1 1 1
v -9.463508 3.191752 -5.137597 1 1 1
v -9.501858 3.191752 -5.521095 1 1 1
v -9.51326 2.891752 -5.132622 1 1 1
v -9.463508 2.891752 -5.137597 1 1 1
v -9.551609 2.891752 -5.51612 1 1 1
v -9.501858 2.891752 -5.521095 1 1 1
v -9.508285 3.141752 -5.08287 1 1 1
v -9.458532 3.141752 -5.087845 1 1 1
v -9.556584 3.141752 -5.565872 1 1 1
v -9.506833 3.141752 -5.570847 1 1 1
v -9.458532 2.941752 -5.087845 1 1 1
v -9.508285 2.941752 -5.08287 1 1 1
v -9.556584 2.941752 -5.565872 1 1 1
v -9.506833 2.941752 -5.570847 1 1 1
v -9.513453 1.633671 -2.362964 1 1 1
v -9.475102 1.633671 -2.746461 1 1 1
v -9.563204 1.633671 -2.367939 1 1 1
v -9.524855 1.633671 -2.751437 1 1 1
v -9.513453 1.933671 -2.362964 1 1 1
v -9.563204 1.933671 -2.367939 1 1 1
v -9.475102 1.933671 -2.746461 1 1 1
v -9.524855 1.933671 -2.751437 1 1 1
v -9.518428 1.883671 -2.313212 1 1 1
v -9.568179 1.883671 -2.318187 1 1 1
v -9.518428 1.683671 -2.313212 1 1 1
v -9.568179 1.683671 -2.318187 1 1 1
v -9.470127 1.683671 -2.796213 1 1 1
v -9.470127 1.883671 -2.796213 1 1 1
v -9.519879 1.683671 -2.801188 1 1 1
v -9.519879 1.883671 -2.801188 1 1 1
v 8.998005 0 -2 1 1 1
v 8.798005 0 -4 1 1 1
v 8.998005 0.2 -2 1 1 1
v 8.798005 0.2 -4 1 1 1
v 10 0 -2 1 1 1
v 9.599997 0.9 -2 1 1 1
v 9.399996 0.9 -4 1 1 1
v 9.599997 4.05 -2 1 1 1
v 9.399996 4.05 -4 1 1 1
v 9.599996 0.9 -6.000001 1 1 1
v 9.599996 4.05 -6.000001 1 1 1
v 9.999996 4.05 -6.000001 1 1 1
v 9.999996 0.9 -6.000001 1 1 1
v 9.999996 4.05 -2 1 1 1
v 9.999996 0.9 -2 1 1 1
v 9.442533 1.285278 -4.927858 1 1 1
v 9.404182 1.285278 -4.54436 1 1 1
v 9.492284 1.285278 -4.922883 1 1 1
v 9.453935 1.285278 -4.539385 1 1 1
v 9.442533 1.585278 -4.927858 1 1 1
v 9.492284 1.585278 -4.922883 1 1 1
v 9.404182 1.585278 -4.54436 1 1 1
v 9.453935 1.585278 -4.539385 1 1 1
v 9.447508 1.535278 -4.97761 1 1 1
v 9.447508 1.335278 -4.97761 1 1 1
v 9.497259 1.535278 -4.972635 1 1 1
v 9.497259 1.335278 -4.972635 1 1 1
v 9.399207 1.335278 -4.494608 1 1 1
v 9.399207 1.535278 -4.494608 1 1 1
v 9.448959 1.335278 -4.489634 1 1 1
v 9.448959 1.535278 -4.489634 1 1 1
v 9.513259 3.191752 -2.867379 1 1 1
v 9.551608 3.191752 -2.483881 1 1 1
v 9.463507 3.191752 -2.862404 1 1 1
v 9.501857 3.191752 -2.478906 1 1 1
v 9.513259 2.891752 -2.867379 1 1 1
v 9.463507 2.891752 -2.862404 1 1 1
v 9.551608 2.891752 -2.483881 1 1 1
v 9.501857 2.891752 -2.478906 1 1 1
v 9.508284 3.141752 -2.917131 1 1 1
v 9.458531 3.141752 -2.912156 1 1 1
v 9.556583 3.141752 -2.43413 1 1 1
v 9.506832 3.141752 -2.429154 1 1 1
v 9.458531 2.941752 -2.912156 1 1 1
v 9.508284 2.941752 -2.917131 1 1 1
v 9.556583 2.941752 -2.43413 1 1 1
v 9.506832 2.941752 -2.429154 1 1 1
v 9.513451 1.633671 -5.637037 1 1 1
v 9.475101 1.633671 -5.253539 1 1 1
v 9.563202 1.633671 -5.632062 1 1 1
v 9.524853 1.633671 -5.248564 1 1 1
v 9.513451 1.933671 -5.637037 1 1 1
v 9.563202 1.933671 -5.632062 1 1 1
v 9.475101 1.933671 -5.253539 1 1 1
v 9.524853 1.933671 -5.248564 1 1 1
v 9.518426 1.883671 -5.686789 1 1 1
v 9.568177 1.883671 -5.681814 1 1 1
v 9.518426 1.683671 -5.686789 1 1 1
v 9.568177 1.683671 -5.681814 1 1 1
v 9.470125 1.683671 -5.203787 1 1 1
v 9.470125 1.883671 -5.203787 1 1 1
v 9.519877 1.683671 -5.198812 1 1 1
v 9.519877 1.883671 -5.198812 1 1 1
v 8.0904 3.857286 -8.840658 1 1 1
v 7.82245 3.857286 -8.465528 1 1 1
v 8.465528 3.857286 -9.108607 1 1 1
v 8.0904 3.857286 -8.0904 1 1 1
v 8.840658 3.857286 -8.840658 1 1 1
v 8.465528 3.857286 -7.822451 1 1 1
v 9.108607 3.857286 -8.465529 1 1 1
v 8.840658 3.857286 -8.0904 1 1 1
v 8.0904 4.233286 -8.840658 1 1 1
v 8.465528 4.233286 -9.108607 1 1 1
v 7.82245 4.233286 -8.465528 1 1 1
v 8.0904 4.233286 -8.0904 1 1 1
v 8.840658 4.233286 -8.840658 1 1 1
v 8.465528 4.233286 -7.822451 1 1 1
v 9.108607 4.233286 -8.465529 1 1 1
v 8.840658 4.233286 -8.0904 1 1 1
v 8.12041 0.576 -8.810648 1 1 1
v 8.465528 0.576 -9.057161 1 1 1
v 7.873897 0.576 -8.465528 1 1 1
v 8.12041 0.576 -8.12041 1 1 1
v 8.810647 0.576 -8.810648 1 1 1
v 9.057161 0.576 -8.465529 1 1 1
v 8.465528 0.576 -7.873897 1 1 1
v 8.810648 0.576 -8.12041 1 1 1
v 7.873897 0.2 -8.465528 1 1 1
v 8.12041 0.2 -8.810648 1 1 1
v 8.12041 0.2 -8.12041 1 1 1
v 8.465528 0.2 -7.873897 1 1 1
v 8.810648 0.2 -8.12041 1 1 1
v 9.057161 0.2 -8.465529 1 1 1
v 8.810647 0.2 -8.810648 1 1 1
v 8.465528 0.2 -9.057161 1 1 1
v 8.232891 0.576 -8.232891 1 1 1
v 8.066721 0.576 -8.465528 1 1 1
v 8.174731 3.857286 -8.174731 1 1 1
v 7.967019 3.857286 -8.465528 1 1 1
v 8.756327 3.857286 -8.174731 1 1 1
v 8.964039 3.857286 -8.465529 1 1 1
v 8.698167 0.576 -8.232891 1 1 1
v 8.864337 0.576 -8.465529 1 1 1
v 8.465528 0.576 -8.066721 1 1 1
v 8.465528 3.857286 -7.967019 1 1 1
v 8.23289 0.576 -8.698167 1 1 1
v 8.465528 0.576 -8.864337 1 1 1
v 8.174731 3.857286 -8.756327 1 1 1
v 8.465528 3.857286 -8.964039 1 1 1
v 8.698167 0.576 -8.698167 1 1 1
v 8.756327 3.857286 -8.756327 1 1 1
v -8.840658 3.857286 -8.0904 1 1 1
v -8.465528 3.857286 -7.82245 1 1 1
v -9.108607 3.857286 -8.465528 1 1 1
v -8.0904 3.857286 -8.0904 1 1 1
v -8.840658 3.857286 -8.840657 1 1 1
v -7.822451 3.857286 -8.465528 1 1 1
v -8.465528 3.857286 -9.108606 1 1 1
v -8.0904 3.857286 -8.840657 1 1 1
v -8.840658 4.233286 -8.0904 1 1 1
v -9.108607 4.233286 -8.465528 1 1 1
v -8.465528 4.233286 -7.82245 1 1 1
v -8.0904 4.233286 -8.0904 1 1 1
v -8.840658 4.233286 -8.840657 1 1 1
v -7.822451 4.233286 -8.465528 1 1 1
v -8.465528 4.233286 -9.108606 1 1 1
v -8.0904 4.233286 -8.840657 1 1 1
v -8.810647 0.576 -8.12041 1 1 1
v -9.05716 0.576 -8.465528 1 1 1
v -8.465528 0.576 -7.873897 1 1 1
v -8.12041 0.576 -8.12041 1 1 1
v -8.810647 0.576 -8.810647 1 1 1
v -8.465528 0.576 -9.05716 1 1 1
v -7.873897 0.576 -8.465528 1 1 1
v -8.12041 0.576 -8.810647 1 1 1
v -8.465528 0.2 -7.873897 1 1 1
v -8.810647 0.2 -8.12041 1 1 1
v -8.12041 0.2 -8.12041 1 1 1
v -7.873897 0.2 -8.465528 1 1 1
v -8.12041 0.2 -8.810647 1 1 1
v -8.465528 0.2 -9.05716 1 1 1
v -8.810647 0.2 -8.810647 1 1 1
v -9.05716 0.2 -8.465528 1 1 1
v -8.232891 0.576 -8.23289 1 1 1
v -8.465528 0.576 -8.06672 1 1 1
v -8.174731 3.857286 -8.174731 1 1 1
v -8.465528 3.857286 -7.967018 1 1 1
v -8.174731 3.857286 -8.756326 1 1 1
v -8.465528 3.857286 -8.964039 1 1 1
v -8.232891 0.576 -8.698167 1 1 1
v -8.465528 0.576 -8.864337 1 1 1
v -8.066721 0.576 -8.465528 1 1 1
v -7.967019 3.857286 -8.465528 1 1 1
v -8.698167 0.576 -8.23289 1 1 1
v -8.864337 0.576 -8.465528 1 1 1
v -8.756327 3.857286 -8.174731 1 1 1
v -8.964039 3.857286 -8.465528 1 1 1
v -8.698167 0.576 -8.698167 1 1 1
v -8.756327 3.857286 -8.756326 1 1 1
v -8.0904 3.857286 8.840657 1 1 1
v -7.822451 3.857286 8.465528 1 1 1
v -8.465528 3.857286 9.108606 1 1 1
v -8.0904 3.857286 8.0904 1 1 1
v -8.840658 3.857286 8.840657 1 1 1
v -8.465528 3.857286 7.82245 1 1 1
v -9.108607 3.857286 8.465528 1 1 1
v -8.840658 3.857286 8.0904 1 1 1
v -8.0904 4.233286 8.840657 1 1 1
v -8.465528 4.233286 9.108606 1 1 1
v -7.822451 4.233286 8.465528 1 1 1
v -8.0904 4.233286 8.0904 1 1 1
v -8.840658 4.233286 8.840657 1 1 1
v -8.465528 4.233286 7.82245 1 1 1
v -9.108607 4.233286 8.465528 1 1 1
v -8.840658 4.233286 8.0904 1 1 1
v -8.12041 0.576 8.810647 1 1 1
v -8.465528 0.576 9.05716 1 1 1
v -7.873897 0.576 8.465528 1 1 1
v -8.12041 0.576 8.12041 1 1 1
v -8.810648 0.576 8.810647 1 1 1
v -9.057161 0.576 8.465528 1 1 1
v -8.465528 0.576 7.873897 1 1 1
v -8.810647 0.576 8.12041 1 1 1
v -7.873897 0.2 8.465528 1 1 1
v -8.12041 0.2 8.810647 1 1 1
v -8.12041 0.2 8.12041 1 1 1
v -8.465528 0.2 7.873897 1 1 1
v -8.810647 0.2 8.12041 1 1 1
v -9.057161 0.2 8.465528 1 1 1
v -8.810648 0.2 8.810647 1 1 1
v -8.465528 0.2 9.05716 1 1 1
v -8.232891 0.576 8.23289 1 1 1
v -8.066721 0.576 8.465528 1 1 1
v -8.174731 3.857286 8.174731 1 1 1
v -7.967019 3.857286 8.465528 1 1 1
v -8.756327 3.857286 8.174731 1 1 1
v -8.964039 3.857286 8.465528 1 1 1
v -8.698167 0.576 8.23289 1 1 1
v -8.864337 0.576 8.465528 1 1 1
v -8.465528 0.576 8.06672 1 1 1
v -8.465528 3.857286 7.967018 1 1 1
v -8.232891 0.576 8.698167 1 1 1
v -8.465528 0.576 8.864337 1 1 1
v -8.174731 3.857286 8.756326 1 1 1
v -8.465528 3.857286 8.964039 1 1 1
v -8.698167 0.576 8.698167 1 1 1
v -8.756327 3.857286 8.756326 1 1 1
v 8.840658 3.857286 8.0904 1 1 1
v 8.465528 3.857286 7.82245 1 1 1
v 9.108607 3.857286 8.465528 1 1 1
v 8.0904 3.857286 8.0904 1 1 1
v 8.840658 3.857286 8.840657 1 1 1
v 7.822451 3.857286 8.465528 1 1 1
v 8.465528 3.857286 9.108606 1 1 1
v 8.0904 3.857286 8.840657 1 1 1
v 8.840658 4.233286 8.0904 1 1 1
v 9.108607 4.233286 8.465528 1 1 1
v 8.465528 4.233286 7.82245 1 1 1
v 8.0904 4.233286 8.0904 1 1 1
v 8.840658 4.233286 8.840657 1 1 1
v 7.822451 4.233286 8.465528 1 1 1
v 8.465528 4.233286 9.108606 1 1 1
v 8.0904 4.233286 8.840657 1 1 1
v 8.810647 0.576 8.12041 1 1 1
v 9.05716 0.576 8.465528 1 1 1
v 8.465528 0.576 7.873897 1 1 1
v 8.12041 0.576 8.12041 1 1 1
v 8.810647 0.576 8.810647 1 1 1
v 8.465528 0.576 9.05716 1 1 1
v 7.873897 0.576 8.465528 1 1 1
v 8.12041 0.576 8.810647 1 1 1
v 8.465528 0.2 7.873897 1 1 1
v 8.810647 0.2 8.12041 1 1 1
v 8.12041 0.2 8.12041 1 1 1
v 7.873897 0.2 8.465528 1 1 1
v 8.12041 0.2 8.810647 1 1 1
v 8.465528 0.2 9.05716 1 1 1
v 8.810647 0.2 8.810647 1 1 1
v 9.05716 0.2 8.465528 1 1 1
v 8.232891 0.576 8.23289 1 1 1
v 8.465528 0.576 8.06672 1 1 1
v 8.174731 3.857286 8.174731 1 1 1
v 8.465528 3.857286 7.967018 1 1 1
v 8.174731 3.857286 8.756326 1 1 1
v 8.465528 3.857286 8.964039 1 1 1
v 8.232891 0.576 8.698167 1 1 1
v 8.465528 0.576 8.864337 1 1 1
v 8.066721 0.576 8.465528 1 1 1
v 7.967019 3.857286 8.465528 1 1 1
v 8.698167 0.576 8.23289 1 1 1
v 8.864337 0.576 8.465528 1 1 1
v 8.756327 3.857286 8.174731 1 1 1
v 8.964039 3.857286 8.465528 1 1 1
v 8.698167 0.576 8.698167 1 1 1
v 8.756327 3.857286 8.756326 1 1 1
v -4 0.2 9.937452 1 1 1
v -4.44505 0.2 9.863277 1 1 1
v -4 0.6 9.937452 1 1 1
v -4.44505 0.6 9.863277 1 1 1
v -4.44505 0.2 8.973177 1 1 1
v -4 0.2 8.899002 1 1 1
v -4.44505 0.6 8.973177 1 1 1
v -4 0.6 8.899002 1 1 1
v -3.55495 0.2 9.863277 1 1 1
v -3.55495 0.6 9.863277 1 1 1
v -3.480775 0.6 9.418227 1 1 1
v -3.480775 0.2 9.418227 1 1 1
v -3.55495 0.6 8.973177 1 1 1
v -4.519225 0.6 9.418227 1 1 1
v -4.519225 0.2 9.418227 1 1 1
v -3.55495 0.2 8.973177 1 1 1
v -3.51625 4.233286 8.934477 1 1 1
v -3.51625 3.833286 8.934477 1 1 1
v -3.435625 4.233286 9.418227 1 1 1
v -3.435625 3.833286 9.418227 1 1 1
v -4 3.833286 9.982602 1 1 1
v -4.48375 3.833286 9.901978 1 1 1
v -4 4.233286 9.982602 1 1 1
v -4.48375 4.233286 9.901978 1 1 1
v -3.51625 3.833286 9.901978 1 1 1
v -3.51625 4.233286 9.901978 1 1 1
v -4 3.833286 8.853852 1 1 1
v -4 4.233286 8.853852 1 1 1
v -4.48375 3.833286 8.934477 1 1 1
v -4.48375 4.233286 8.934477 1 1 1
v -4.564375 3.833286 9.418227 1 1 1
v -4.564375 4.233286 9.418227 1 1 1
v -4.4375 3.833286 9.418227 1 1 1
v -4.375 3.833286 9.793227 1 1 1
v -4.35 0.6 9.418227 1 1 1
v -4.3 0.6 9.718227 1 1 1
v -4.375 3.833286 9.043227 1 1 1
v -4.3 0.6 9.118227 1 1 1
v -4 0.6 9.068227 1 1 1
v -3.7 0.6 9.118227 1 1 1
v -4 3.833286 8.980727 1 1 1
v -3.625 3.833286 9.043227 1 1 1
v -3.7 0.6 9.718227 1 1 1
v -4 0.6 9.768228 1 1 1
v -3.625 3.833286 9.793227 1 1 1
v -4 3.833286 9.855727 1 1 1
v -3.5625 3.833286 9.418227 1 1 1
v -3.65 0.6 9.418227 1 1 1
v 4 0.2 9.937452 1 1 1
v 3.55495 0.2 9.863277 1 1 1
v 4 0.6 9.937452 1 1 1
v 3.55495 0.6 9.863277 1 1 1
v 3.55495 0.2 8.973177 1 1 1
v 4 0.2 8.899002 1 1 1
v 3.55495 0.6 8.973177 1 1 1
v 4 0.6 8.899002 1 1 1
v 4.44505 0.2 9.863277 1 1 1
v 4.44505 0.6 9.863277 1 1 1
v 4.519225 0.6 9.418227 1 1 1
v 4.519225 0.2 9.418227 1 1 1
v 4.44505 0.6 8.973177 1 1 1
v 3.480775 0.6 9.418227 1 1 1
v 3.480775 0.2 9.418227 1 1 1
v 4.44505 0.2 8.973177 1 1 1
v 4.48375 4.233286 8.934477 1 1 1
v 4.48375 3.833286 8.934477 1 1 1
v 4.564375 4.233286 9.418227 1 1 1
v 4.564375 3.833286 9.418227 1 1 1
v 4 3.833286 9.982602 1 1 1
v 3.51625 3.833286 9.901978 1 1 1
v 4 4.233286 9.982602 1 1 1
v 3.51625 4.233286 9.901978 1 1 1
v 4.48375 3.833286 9.901978 1 1 1
v 4.48375 4.233286 9.901978 1 1 1
v 4 3.833286 8.853852 1 1 1
v 4 4.233286 8.853852 1 1 1
v 3.51625 3.833286 8.934477 1 1 1
v 3.51625 4.233286 8.934477 1 1 1
v 3.435625 3.833286 9.418227 1 1 1
v 3.435625 4.233286 9.418227 1 1 1
v 3.5625 3.833286 9.418227 1 1 1
v 3.625 3.833286 9.793227 1 1 1
v 3.65 0.6 9.418227 1 1 1
v 3.7 0.6 9.718227 1 1 1
v 3.625 3.833286 9.043227 1 1 1
v 3.7 0.6 9.118227 1 1 1
v 4 0.6 9.068227 1 1 1
v 4.3 0.6 9.118227 1 1 1
v 4 3.833286 8.980727 1 1 1
v 4.375 3.833286 9.043227 1 1 1
v 4.3 0.6 9.718227 1 1 1
v 4 0.6 9.768228 1 1 1
v 4.375 3.833286 9.793227 1 1 1
v 4 3.833286 9.855727 1 1 1
v 4.4375 3.833286 9.418227 1 1 1
v 4.35 0.6 9.418227 1 1 1
v 4 0.2 -9.937452 1 1 1
v 4.44505 0.2 -9.863277 1 1 1
v 4 0.6 -9.937452 1 1 1
v 4.44505 0.6 -9.863277 1 1 1
v 4.44505 0.2 -8.973177 1 1 1
v 4 0.2 -8.899002 1 1 1
v 4.44505 0.6 -8.973177 1 1 1
v 4 0.6 -8.899002 1 1 1
v 3.55495 0.2 -9.863277 1 1 1
v 3.55495 0.6 -9.863277 1 1 1
v 3.480775 0.6 -9.418227 1 1 1
v 3.480775 0.2 -9.418227 1 1 1
v 3.55495 0.6 -8.973177 1 1 1
v 4.519225 0.6 -9.418227 1 1 1
v 4.519225 0.2 -9.418227 1 1 1
v 3.55495 0.2 -8.973177 1 1 1
v 3.51625 4.233286 -8.934477 1 1 1
v 3.51625 3.833286 -8.934477 1 1 1
v 3.435625 4.233286 -9.418227 1 1 1
v 3.435625 3.833286 -9.418227 1 1 1
v 4 3.833286 -9.982602 1 1 1
v 4.48375 3.833286 -9.901978 1 1 1
v 4 4.233286 -9.982602 1 1 1
v 4.48375 4.233286 -9.901978 1 1 1
v 3.51625 3.833286 -9.901978 1 1 1
v 3.51625 4.233286 -9.901978 1 1 1
v 4 3.833286 -8.853852 1 1 1
v 4 4.233286 -8.853852 1 1 1
v 4.48375 3.833286 -8.934477 1 1 1
v 4.48375 4.233286 -8.934477 1 1 1
v 4.564375 3.833286 -9.418227 1 1 1
v 4.564375 4.233286 -9.418227 1 1 1
v 4.4375 3.833286 -9.418227 1 1 1
v 4.375 3.833286 -9.793227 1 1 1
v 4.35 0.6 -9.418227 1 1 1
v 4.3 0.6 -9.718227 1 1 1
v 4.375 3.833286 -9.043227 1 1 1
v 4.3 0.6 -9.118227 1 1 1
v 4 0.6 -9.068227 1 1 1
v 3.7 0.6 -9.118227 1 1 1
v 4 3.833286 -8.980727 1 1 1
v 3.625 3.833286 -9.043227 1 1 1
v 3.7 0.6 -9.718227 1 1 1
v 4 0.6 -9.768228 1 1 1
v 3.625 3.833286 -9.793227 1 1 1
v 4 3.833286 -9.855727 1 1 1
v 3.5625 3.833286 -9.418227 1 1 1
v 3.65 0.6 -9.418227 1 1 1
v -4 0.2 -9.937452 1 1 1
v -3.55495 0.2 -9.863277 1 1 1
v -4 0.6 -9.937452 1 1 1
v -3.55495 0.6 -9.863277 1 1 1
v -3.55495 0.2 -8.973177 1 1 1
v -4 0.2 -8.899002 1 1 1
v -3.55495 0.6 -8.973177 1 1 1
v -4 0.6 -8.899002 1 1 1
v -4.44505 0.2 -9.863277 1 1 1
v -4.44505 0.6 -9.863277 1 1 1
v -4.519225 0.6 -9.418227 1 1 1
v -4.519225 0.2 -9.418227 1 1 1
v -4.44505 0.6 -8.973177 1 1 1
v -3.480775 0.6 -9.418227 1 1 1
v -3.480775 0.2 -9.418227 1 1 1
v -4.44505 0.2 -8.973177 1 1 1
v -4.48375 4.233286 -8.934477 1 1 1
v -4.48375 3.833286 -8.934477 1 1 1
v -4.564375 4.233286 -9.418227 1 1 1
v -4.564375 3.833286 -9.418227 1 1 1
v -4 3.833286 -9.982602 1 1 1
v -3.51625 3.833286 -9.901978 1 1 1
v -4 4.233286 -9.982602 1 1 1
v -3.51625 4.233286 -9.901978 1 1 1
v -4.48375 3.833286 -9.901978 1 1 1
v -4.48375 4.233286 -9.901978 1 1 1
v -4 3.833286 -8.853852 1 1 1
v -4 4.233286 -8.853852 1 1 1
v -3.51625 3.833286 -8.934477 1 1 1
v -3.51625 4.233286 -8.934477 1 1 1
v -3.435625 3.833286 -9.418227 1 1 1
v -3.435625 4.233286 -9.418227 1 1 1
v -3.5625 3.833286 -9.418227 1 1 1
v -3.625 3.833286 -9.793227 1 1 1
v -3.65 0.6 -9.418227 1 1 1
v -3.7 0.6 -9.718227 1 1 1
v -3.625 3.833286 -9.043227 1 1 1
v -3.7 0.6 -9.118227 1 1 1
v -4 0.6 -9.068227 1 1 1
v -4.3 0.6 -9.118227 1 1 1
v -4 3.833286 -8.980727 1 1 1
v -4.375 3.833286 -9.043227 1 1 1
v -4.3 0.6 -9.718227 1 1 1
v -4 0.6 -9.768228 1 1 1
v -4.375 3.833286 -9.793227 1 1 1
v -4 3.833286 -9.855727 1 1 1
v -4.4375 3.833286 -9.418227 1 1 1
v -4.35 0.6 -9.418227 1 1 1
v 2.564375 3.833286 -2 1 1 1
v 2.48375 3.833286 -2.48375 1 1 1
v 2.48375 3.833286 -1.51625 1 1 1
v 2 3.833286 -1.435625 1 1 1
v 2 3.833286 -2.564375 1 1 1
v 1.51625 3.833286 -1.51625 1 1 1
v 1.51625 3.833286 -2.48375 1 1 1
v 1.435625 3.833286 -2 1 1 1
v 2.564375 4.233286 -2 1 1 1
v 2.48375 4.233286 -1.51625 1 1 1
v 2.48375 4.233286 -2.48375 1 1 1
v 2 4.233286 -2.564375 1 1 1
v 2 4.233286 -1.435625 1 1 1
v 1.51625 4.233286 -2.48375 1 1 1
v 1.51625 4.233286 -1.51625 1 1 1
v 1.435625 4.233286 -2 1 1 1
v 2.519225 0.6 -2 1 1 1
v 2.44505 0.6 -1.55495 1 1 1
v 2.44505 0.6 -2.44505 1 1 1
v 2 0.6 -2.519225 1 1 1
v 2 0.6 -1.480775 1 1 1
v 1.55495 0.6 -2.44505 1 1 1
v 1.55495 0.6 -1.55495 1 1 1
v 1.480775 0.6 -2 1 1 1
v 2.44505 0.2 -2.44505 1 1 1
v 2.519225 0.2 -2 1 1 1
v 2 0.2 -2.519225 1 1 1
v 1.55495 0.2 -2.44505 1 1 1
v 1.480775 0.2 -2 1 1 1
v 1.55495 0.2 -1.55495 1 1 1
v 2 0.2 -1.480775 1 1 1
v 2.44505 0.2 -1.55495 1 1 1
v 2 0.6 -2.35 1 1 1
v 2.3 0.6 -2.3 1 1 1
v 2 3.833286 -2.4375 1 1 1
v 2.375 3.833286 -2.375 1 1 1
v 1.65 0.6 -2 1 1 1
v 1.5625 3.833286 -2 1 1 1
v 1.7 0.6 -1.7 1 1 1
v 1.625 3.833286 -1.625 1 1 1
v 1.7 0.6 -2.3 1 1 1
v 1.625 3.833286 -2.375 1 1 1
v 2.4375 3.833286 -2 1 1 1
v 2.35 0.6 -2 1 1 1
v 2.375 3.833286 -1.625 1 1 1
v 2.3 0.6 -1.7 1 1 1
v 2 0.6 -1.65 1 1 1
v 2 3.833286 -1.5625 1 1 1

vn 0 1 0
vn 0 -1 0
vn 0.7071068 0.5773503 -0.4082484
vn 0.4082484 0.5773503 0.7071068
vn 0.5202672 0.7994348 -0.3003765
vn 0.3003765 0.7994348 0.5202672
vn -0.5202672 -0.7994348 0.3003765
vn -0.4082484 -0.5773503 -0.7071068
vn -0.7071068 -0.5773503 0.4082484
vn -0.3003765 -0.7994348 -0.5202672
vn -0.7071069 0.5773503 -0.4082482
vn 0.4082482 0.5773503 -0.7071069
vn -0.5202673 0.7994348 -0.3003764
vn 0.3003764 0.7994348 -0.5202673
vn 0.5202673 -0.7994348 0.3003764
vn -0.4082482 -0.5773503 0.7071069
vn 0.7071069 -0.5773503 0.4082482
vn -0.3003764 -0.7994348 0.5202673
vn -0.7071068 0.5773503 0.4082484
vn -0.4082484 0.5773503 -0.7071068
vn -0.5202672 0.7994348 0.3003765
vn -0.3003765 0.7994348 -0.5202672
vn 0.5202672 -0.7994348 -0.3003765
vn 0.4082484 -0.5773503 0.7071068
vn 0.7071068 -0.5773503 -0.4082484
vn 0.3003765 -0.7994348 0.5202672
vn 0.5202673 0.7994348 0.3003764
vn -0.3003764 0.7994348 0.5202673
vn -0.5202673 -0.7994348 -0.3003764
vn 0.3003764 -0.7994348 -0.5202673
vn 0.7071069 0.5773503 0.4082482
vn -0.7071069 -0.5773503 -0.4082482
vn -0.4082482 0.5773503 0.7071069
vn 0.4082482 -0.5773503 -0.7071069
vn -5.06089E-08 0.9054101 -0.4245383
vn 0.4245383 0.9054101 -5.06089E-08
vn -0.4245383 0.9054101 5.06089E-08
vn 5.06089E-08 0.9054101 0.4245383
vn 0.4245383 -0.9054101 -5.06089E-08
vn -0.4245383 -0.9054101 5.06089E-08
vn 5.06089E-08 -0.9054101 0.4245383
vn -5.06089E-08 -0.9054101 -0.4245383
vn 0.5773503 0.8164966 -6.882551E-08
vn 6.882551E-08 0.8164966 0.5773503
vn -0.5773503 -0.8164966 6.882551E-08
vn -6.882551E-08 -0.8164966 -0.5773503
vn -6.882551E-08 0.8164966 -0.5773503
vn 6.882551E-08 -0.8164966 0.5773503
vn -0.5773503 0.8164966 6.882551E-08
vn 0.5773503 -0.8164966 -6.882551E-08
vn 0.2886751 0.8164966 -0.5000001
vn 0.2122691 0.90541 -0.3676609
vn -0.5000001 0.8164966 -0.2886751
vn -0.3676609 0.90541 -0.2122691
vn 0.5000001 -0.8164966 0.2886751
vn -0.2122691 -0.90541 0.3676609
vn -0.2886751 -0.8164966 0.5000001
vn 0.3676609 -0.90541 0.2122691
vn -0.2886751 0.8164966 0.5000001
vn -0.2122691 0.90541 0.3676609
vn 0.2886751 -0.8164966 -0.5000001
vn 0.2122691 -0.90541 -0.3676609
vn -0.6666667 0.3333333 0.6666668
vn -0.6666668 0.3333333 -0.6666667
vn -0.5033765 0.7022992 0.5033766
vn -0.5033766 0.7022992 -0.5033765
vn 0.5033765 -0.7022992 -0.5033766
vn 0.6666668 -0.3333333 0.6666667
vn 0.6666667 -0.3333333 -0.6666668
vn 0.5033766 -0.7022992 0.5033765
vn 0.5033765 0.7022992 -0.5033766
vn 0.5033766 0.7022992 0.5033765
vn -0.5033765 -0.7022992 0.5033766
vn -0.5033766 -0.7022992 -0.5033765
vn 0.3676609 0.90541 0.2122691
vn 0.5000001 0.8164966 0.2886751
vn -0.5000001 -0.8164966 -0.2886751
vn -0.3676609 -0.90541 -0.2122691
vn 0.6666667 0.3333333 -0.6666668
vn -0.6666667 -0.3333333 0.6666668
vn 0.6666668 0.3333333 0.6666667
vn -0.6666668 -0.3333333 -0.6666667
vn -0.4082483 0.5773503 -0.7071068
vn 0.7071068 0.5773503 -0.4082483
vn -0.3003764 0.7994348 -0.5202672
vn 0.5202672 0.7994348 -0.3003764
vn 0.3003764 -0.7994348 0.5202672
vn -0.7071068 -0.5773503 0.4082483
vn 0.4082483 -0.5773503 0.7071068
vn -0.5202672 -0.7994348 0.3003764
vn -0.4082483 0.5773503 0.7071068
vn -0.7071068 0.5773503 -0.4082483
vn -0.3003764 0.7994348 0.5202672
vn -0.5202672 0.7994348 -0.3003764
vn 0.3003764 -0.7994348 -0.5202672
vn 0.7071068 -0.5773503 0.4082483
vn 0.4082483 -0.5773503 -0.7071068
vn 0.5202672 -0.7994348 0.3003764
vn 0.4082483 0.5773503 0.7071068
vn -0.7071068 0.5773503 0.4082483
vn 0.3003764 0.7994348 0.5202672
vn -0.5202672 0.7994348 0.3003764
vn -0.3003764 -0.7994348 -0.5202672
vn 0.7071068 -0.5773503 -0.4082483
vn -0.4082483 -0.5773503 -0.7071068
vn 0.5202672 -0.7994348 -0.3003764
vn 0.3003764 0.7994348 -0.5202672
vn 0.5202672 0.7994348 0.3003764
vn -0.3003764 -0.7994348 0.5202672
vn -0.5202672 -0.7994348 -0.3003764
vn 0.4082483 0.5773503 -0.7071068
vn -0.4082483 -0.5773503 0.7071068
vn 0.7071068 0.5773503 0.4082483
vn -0.7071068 -0.5773503 -0.4082483
vn -0.4245382 0.9054101 8.927619E-14
vn -8.927619E-14 0.9054101 -0.4245382
vn 8.927619E-14 0.9054101 0.4245382
vn 0.4245382 0.9054101 -8.927619E-14
vn -8.927619E-14 -0.9054101 -0.4245382
vn 8.927619E-14 -0.9054101 0.4245382
vn 0.4245382 -0.9054101 -8.927619E-14
vn -0.4245382 -0.9054101 8.927619E-14
vn -1.214111E-13 0.8164966 -0.5773503
vn 0.5773503 0.8164966 -1.214111E-13
vn 1.214111E-13 -0.8164966 0.5773503
vn -0.5773503 -0.8164966 1.214111E-13
vn -0.5773503 0.8164966 1.214111E-13
vn 0.5773503 -0.8164966 -1.214111E-13
vn 1.214111E-13 0.8164966 0.5773503
vn -1.214111E-13 -0.8164966 -0.5773503
vn -0.5 0.8164966 -0.2886751
vn -0.3676609 0.90541 -0.2122691
vn -0.2886751 0.8164966 0.5
vn -0.2122691 0.90541 0.3676609
vn 0.2886751 -0.8164966 -0.5
vn 0.3676609 -0.90541 0.2122691
vn 0.5 -0.8164966 0.2886751
vn 0.2122691 -0.90541 -0.3676609
vn 0.5 0.8164966 0.2886751
vn 0.3676609 0.90541 0.2122691
vn -0.5 -0.8164966 -0.2886751
vn -0.3676609 -0.90541 -0.2122691
vn 0.6666667 0.3333333 0.6666667
vn -0.6666667 0.3333333 0.6666667
vn 0.5033765 0.7022992 0.5033765
vn -0.5033765 0.7022992 0.5033765
vn -0.5033765 -0.7022992 -0.5033765
vn 0.6666667 -0.3333333 -0.6666667
vn -0.6666667 -0.3333333 -0.6666667
vn 0.5033765 -0.7022992 -0.5033765
vn -0.5033765 0.7022992 -0.5033765
vn 0.5033765 0.7022992 -0.5033765
vn 0.5033765 -0.7022992 0.5033765
vn -0.5033765 -0.7022992 0.5033765
vn 0.2122691 0.90541 -0.3676609
vn 0.2886751 0.8164966 -0.5
vn -0.2886751 -0.8164966 0.5
vn -0.2122691 -0.90541 0.3676609
vn -0.6666667 0.3333333 -0.6666667
vn 0.6666667 -0.3333333 0.6666667
vn 0.6666667 0.3333333 -0.6666667
vn -0.6666667 -0.3333333 0.6666667
vn -0.7071069 0.5773503 0.4082482
vn -0.4082482 0.5773503 -0.7071069
vn -0.5202673 0.7994348 0.3003764
vn -0.3003764 0.7994348 -0.5202673
vn 0.5202673 -0.7994348 -0.3003764
vn 0.4082482 -0.5773503 0.7071069
vn 0.7071069 -0.5773503 -0.4082482
vn 0.3003764 -0.7994348 0.5202673
vn 0.7071068 0.5773503 0.4082484
vn -0.4082484 0.5773503 0.7071068
vn 0.5202672 0.7994348 0.3003765
vn -0.3003765 0.7994348 0.5202672
vn -0.5202672 -0.7994348 -0.3003765
vn 0.4082484 -0.5773503 -0.7071068
vn -0.7071068 -0.5773503 -0.4082484
vn 0.3003765 -0.7994348 -0.5202672
vn 0.7071069 0.5773503 -0.4082482
vn 0.4082482 0.5773503 0.7071069
vn 0.5202673 0.7994348 -0.3003764
vn 0.3003764 0.7994348 0.5202673
vn -0.5202673 -0.7994348 0.3003764
vn -0.4082482 -0.5773503 -0.7071069
vn -0.7071069 -0.5773503 0.4082482
vn -0.3003764 -0.7994348 -0.5202673
vn -0.5202672 0.7994348 -0.3003765
vn 0.3003765 0.7994348 -0.5202672
vn 0.5202672 -0.7994348 0.3003765
vn -0.3003765 -0.7994348 0.5202672
vn -0.7071068 0.5773503 -0.4082484
vn 0.7071068 -0.5773503 0.4082484
vn 0.4082484 0.5773503 -0.7071068
vn -0.4082484 -0.5773503 0.7071068
vn -5.06089E-08 0.9054101 0.4245383
vn -0.4245383 0.9054101 -5.06089E-08
vn 0.4245383 0.9054101 5.06089E-08
vn 5.06089E-08 0.9054101 -0.4245383
vn -0.4245383 -0.9054101 -5.06089E-08
vn 0.4245383 -0.9054101 5.06089E-08
vn 5.06089E-08 -0.9054101 -0.4245383
vn -5.06089E-08 -0.9054101 0.4245383
vn -0.5773503 0.8164966 -6.882551E-08
vn 6.882551E-08 0.8164966 -0.5773503
vn 0.5773503 -0.8164966 6.882551E-08
vn -6.882551E-08 -0.8164966 0.5773503
vn -6.882551E-08 0.8164966 0.5773503
vn 6.882551E-08 -0.8164966 -0.5773503
vn 0.5773503 0.8164966 6.882551E-08
vn -0.5773503 -0.8164966 -6.882551E-08
vn -0.2886752 0.8164966 0.5
vn -0.2122692 0.90541 0.3676609
vn 0.5 0.8164966 0.2886752
vn 0.3676609 0.90541 0.2122692
vn -0.5 -0.8164966 -0.2886752
vn 0.2122692 -0.90541 -0.3676609
vn 0.2886752 -0.8164966 -0.5
vn -0.3676609 -0.90541 -0.2122692
vn 0.2886752 0.8164966 -0.5
vn 0.2122692 0.90541 -0.3676609
vn -0.2886752 -0.8164966 0.5
vn -0.2122692 -0.90541 0.3676609
vn 0.6666668 0.3333333 -0.6666667
vn 0.6666667 0.3333333 0.6666668
vn 0.5033766 0.7022992 -0.5033765
vn 0.5033765 0.7022992 0.5033766
vn -0.5033766 -0.7022992 0.5033765
vn -0.6666667 -0.3333333 -0.6666668
vn -0.6666668 -0.3333333 0.6666667
vn -0.5033765 -0.7022992 -0.5033766
vn -0.5033766 0.7022992 0.5033765
vn -0.5033765 0.7022992 -0.5033766
vn 0.5033766 -0.7022992 -0.5033765
vn 0.5033765 -0.7022992 0.5033766
vn -0.3676609 0.90541 -0.2122692
vn -0.5 0.8164966 -0.2886752
vn 0.5 -0.8164966 0.2886752
vn 0.3676609 -0.90541 0.2122692
vn -0.6666668 0.3333333 0.6666667
vn 0.6666668 -0.3333333 -0.6666667
vn -0.6666667 0.3333333 -0.6666668
vn 0.6666667 -0.3333333 0.6666668
vn 0.4245382 0.9054101 0
vn 0 0.9054101 0.4245382
vn 0 0.9054101 -0.4245382
vn -0.4245382 0.9054101 0
vn 0 -0.9054101 0.4245382
vn 0 -0.9054101 -0.4245382
vn -0.4245382 -0.9054101 0
vn 0.4245382 -0.9054101 0
vn 0 0.8164966 0.5773503
vn -0.5773503 0.8164966 0
vn 0 -0.8164966 -0.5773503
vn 0.5773503 -0.8164966 0
vn 0.5773503 0.8164966 0
vn -0.5773503 -0.8164966 0
vn 0 0.8164966 -0.5773503
vn 0 -0.8164966 0.5773503
vn -0.4245382 0.9054101 -3.707557E-13
vn 3.707557E-13 0.9054101 -0.4245382
vn -3.707557E-13 0.9054101 0.4245382
vn 0.4245382 0.9054101 3.707557E-13
vn 3.707557E-13 -0.9054101 -0.4245382
vn -3.707557E-13 -0.9054101 0.4245382
vn 0.4245382 -0.9054101 3.707557E-13
vn -0.4245382 -0.9054101 -3.707557E-13
vn -5.042088E-13 0.8164966 0.5773503
vn 0.5773503 0.8164966 5.042088E-13
vn 5.042088E-13 -0.8164966 -0.5773503
vn -0.5773503 -0.8164966 -5.042088E-13
vn -0.5773503 0.8164966 -5.042088E-13
vn 0.5773503 -0.8164966 5.042088E-13
vn 5.042088E-13 0.8164966 -0.5773503
vn -5.042088E-13 -0.8164966 0.5773503
vn 0.2132007 0.904534 0.3692745
vn -0.3692745 0.904534 0.2132007
vn 0.1578553 0.9488556 0.2734133
vn -0.2734133 0.9488556 0.1578553
vn -0.1578553 -0.9488556 -0.2734133
vn 0.3692745 -0.904534 -0.2132007
vn -0.2132007 -0.904534 -0.3692745
vn 0.2734133 -0.9488556 -0.1578553
vn 0.5475281 0.7994348 0.2472184
vn -0.2472184 0.7994348 0.5475281
vn 0.2472184 0.7994348 -0.5475281
vn -0.5475281 0.7994348 -0.2472184
vn -0.2472184 -0.7994348 0.5475281
vn 0.2472184 -0.7994348 -0.5475281
vn -0.5475281 -0.7994348 -0.2472184
vn 0.5475281 -0.7994348 0.2472184
vn 0.2734133 0.9488556 -0.1578553
vn -0.1578553 0.9488556 -0.2734133
vn 0.1578553 -0.9488556 0.2734133
vn -0.2734133 -0.9488556 0.1578553
vn 0.3692745 0.904534 -0.2132007
vn -0.3692745 -0.904534 0.2132007
vn -0.2132007 0.904534 -0.3692745
vn 0.2132007 -0.904534 0.3692745
vn -0.7441577 0.5773503 -0.3360001
vn -0.3360001 0.5773503 0.7441577
vn 0.3360001 -0.5773503 -0.7441577
vn 0.7441577 -0.5773503 0.3360001
vn 0.3360001 0.5773503 -0.7441577
vn -0.3360001 -0.5773503 0.7441577
vn 0.7441577 0.5773503 0.3360001
vn -0.7441577 -0.5773503 -0.3360001
vn 0.4247964 0.7994348 -0.4247964
vn 0.4247964 0.7994348 0.4247964
vn -0.4247964 0.7994348 -0.4247964
vn -0.4247964 0.7994348 0.4247964
vn 0.4247964 -0.7994348 0.4247964
vn -0.4247964 -0.7994348 -0.4247964
vn -0.4247964 -0.7994348 0.4247964
vn 0.4247964 -0.7994348 -0.4247964
vn 0.5773503 0.5773503 -0.5773503
vn 0.5773503 0.5773503 0.5773503
vn -0.5773503 -0.5773503 -0.5773503
vn -0.5773503 -0.5773503 0.5773503
vn -0.5773503 0.5773503 -0.5773503
vn 0.5773503 -0.5773503 0.5773503
vn -0.5773503 0.5773503 0.5773503
vn 0.5773503 -0.5773503 -0.5773503
vn -1 0 1.192093E-07
vn 1 0 -1.192093E-07
vn -0.1950902 0 0.9807854
vn -0.3826834 0 0.9238797
vn 0.3826834 0 -0.9238797
vn 0.1950902 0 -0.9807854
vn -0.7071068 0 0.7071069
vn 0.7071068 0 -0.7071069
vn -0.9238796 0 0.3826836
vn 0.9238796 0 -0.3826836
vn -0.9807854 0 0.1950905
vn 0.9807854 0 -0.1950905
vn 1.192093E-07 0 1
vn -1.192093E-07 0 -1
vn 0.9807854 0 -0.1950905
vn -0.9807854 0 0.1950905
vn 2.102901E-13 0 1
vn -2.102901E-13 0 -1
vn 0.9807853 0 0.1950903
vn 0.9238795 0 0.3826834
vn -0.9238795 0 -0.3826834
vn -0.9807853 0 -0.1950903
vn 0.7071068 0 0.7071068
vn -0.7071068 0 -0.7071068
vn 0.3826834 0 0.9238795
vn -0.3826834 0 -0.9238795
vn 0.1950903 0 0.9807853
vn -0.1950903 0 -0.9807853
vn 1 0 -2.102901E-13
vn -1 0 2.102901E-13
vn -0.1950903 0 -0.9807853
vn 0.1950903 0 0.9807853
vn 1 0 1.192093E-07
vn -1 0 -1.192093E-07
vn 0.1950905 0 -0.9807854
vn 0.3826836 0 -0.9238796
vn -0.3826836 0 0.9238796
vn -0.1950905 0 0.9807854
vn 0.7071069 0 -0.7071068
vn -0.7071069 0 0.7071068
vn 0.9238797 0 -0.3826834
vn -0.9238797 0 0.3826834
vn 0.9807854 0 -0.1950902
vn -0.9807854 0 0.1950902
vn 1.192093E-07 0 -1
vn -1.192093E-07 0 1
vn -0.9807854 0 0.1950902
vn 0.9807854 0 -0.1950902
vn 0 0 -1
vn 0 0 1
vn -1 0 0
vn 1 0 0
vn 0.9950373 0 -0.09950361
vn -0.9950373 0 0.09950361
vn 0.9950373 0 0.09950384
vn -0.9950373 0 -0.09950384
vn -0.09950371 0 -0.9950371
vn 0.09950371 0 0.9950371
vn 0.09950371 0 -0.9950371
vn -0.09950371 0 0.9950371
vn -0.8660254 0 -0.5
vn -0.9659258 0 -0.258819
vn 0.9659258 0 0.258819
vn 0.8660254 0 0.5
vn -0.5 0 -0.8660254
vn 0.5 0 0.8660254
vn -0.258819 0 -0.9659258
vn 0.258819 0 0.9659258
vn -1 0 -2.853273E-14
vn 1 0 2.853273E-14
vn 2.853273E-14 0 -1
vn -2.853273E-14 0 1
vn 0.5000002 0 -0.8660255
vn 0.2588192 0 -0.9659259
vn -0.2588192 0 0.9659259
vn -0.5000002 0 0.8660255
vn 0.8660256 0 -0.5
vn -0.8660256 0 0.5
vn 0.965926 0 -0.2588189
vn -0.965926 0 0.2588189
vn -0.5 0 0.8660256
vn -0.258819 0 0.965926
vn 0.258819 0 -0.965926
vn 0.5 0 -0.8660256
vn -0.8660255 0 0.5000002
vn 0.8660255 0 -0.5000002
vn -0.9659259 0 0.2588192
vn 0.9659259 0 -0.2588192
vn -8.733153E-13 0 1
vn 8.733153E-13 0 -1
vn -1 0 -8.733153E-13
vn 1 0 8.733153E-13
vn -1 0 -1.490097E-08
vn 1 0 1.490097E-08
vn 1.490097E-08 0 -1
vn -1.490097E-08 0 1
vn -0.9950373 0 0.09950384
vn 0.9950373 0 -0.09950384
vn -0.9950373 0 -0.09950361
vn 0.9950373 0 0.09950361
vn -0.986394 0 0.164399
vn -0.164399 0 0.986394
vn 0.164399 0 0.986394
vn 0.986394 0 0.164399
vn 0.986394 0 -0.164399
vn 0.164399 0 -0.986394
vn -0.164399 0 -0.986394
vn -0.986394 0 -0.164399
vn -0.9374505 0 -0.3481186
vn -0.8012155 0 -0.5983759
vn 0.8012155 0 0.5983759
vn 0.9374505 0 0.3481186
vn -0.2601586 0 0.9655659
vn -0.7071066 0 0.7071069
vn 0.2601586 0 -0.9655659
vn 0.7071066 0 -0.7071069
vn -0.9655658 0 0.2601591
vn 0.9655658 0 -0.2601591
vn 0.3481191 0 0.9374504
vn 0.5983763 0 0.8012152
vn -0.5983763 0 -0.8012152
vn -0.3481191 0 -0.9374504
vn 0.07465789 0.9238795 0.3753304
vn 0.1802401 0.3826834 0.9061276
vn -0.07465789 -0.9238795 -0.3753304
vn -0.1802401 -0.3826834 -0.9061276
vn 0.07465789 -0.9238795 0.3753304
vn -0.07465789 0.9238795 -0.3753304
vn -0.1802401 0.3826834 -0.9061276
vn 0.1802401 -0.3826834 0.9061276
vn -0.2126076 0.9238795 -0.3181897
vn 0.2126076 0.9238795 0.3181897
vn 0.2126076 -0.9238795 0.3181897
vn -0.2126076 -0.9238795 -0.3181897
vn -0.5132802 -0.3826834 -0.7681778
vn 0.5132802 0.3826834 0.7681778
vn 0.5132802 -0.3826834 0.7681778
vn -0.5132802 0.3826834 -0.7681778
vn -0.8314697 0 0.5555704
vn 0.8314697 0 -0.5555704
vn 0.3753303 0.9238795 0.07465779
vn 0.9061276 0.3826834 0.1802399
vn -0.3753303 -0.9238795 -0.07465779
vn -0.9061276 -0.3826834 -0.1802399
vn -0.3753303 0.9238795 -0.07465779
vn 0.3753303 -0.9238795 0.07465779
vn -0.9061276 0.3826834 -0.1802399
vn 0.9061276 -0.3826834 0.1802399
vn -0.3481187 0 0.9374505
vn -0.5983759 0 0.8012155
vn 0.5983759 0 -0.8012155
vn 0.3481187 0 -0.9374505
vn 0.9655658 0 0.2601588
vn 0.7071069 0 0.7071067
vn -0.9655658 0 -0.2601588
vn -0.7071069 0 -0.7071067
vn 0.260159 0 0.9655658
vn -0.260159 0 -0.9655658
vn 0.9374504 0 -0.3481189
vn 0.8012154 0 -0.5983762
vn -0.8012154 0 0.5983762
vn -0.9374504 0 0.3481189
vn 0.3753303 0.9238795 -0.07465784
vn 0.9061275 0.3826834 -0.18024
vn -0.3753303 -0.9238795 0.07465784
vn -0.9061275 -0.3826834 0.18024
vn 0.3753303 -0.9238795 -0.07465784
vn -0.3753303 0.9238795 0.07465784
vn -0.9061275 0.3826834 0.18024
vn 0.9061275 -0.3826834 -0.18024
vn -0.3181897 0.9238795 0.2126075
vn 0.3181897 0.9238795 -0.2126075
vn 0.3181897 -0.9238795 -0.2126075
vn -0.3181897 -0.9238795 0.2126075
vn -0.7681777 -0.3826834 0.51328
vn 0.7681777 0.3826834 -0.51328
vn 0.7681777 -0.3826834 -0.51328
vn -0.7681777 0.3826834 0.51328
vn 0.5555702 0 0.8314696
vn -0.5555702 0 -0.8314696
vn 0.07465783 0.9238795 -0.3753302
vn 0.18024 0.3826834 -0.9061275
vn -0.07465783 -0.9238795 0.3753302
vn -0.18024 -0.3826834 0.9061275
vn -0.07465783 0.9238795 0.3753302
vn 0.07465783 -0.9238795 -0.3753302
vn -0.18024 0.3826834 0.9061275
vn 0.18024 -0.3826834 -0.9061275
vn 0.9374504 0 0.3481188
vn 0.8012154 0 0.598376
vn -0.8012154 0 -0.598376
vn -0.9374504 0 -0.3481188
vn 0.2601589 0 -0.9655658
vn 0.7071068 0 -0.7071068
vn -0.2601589 0 0.9655658
vn -0.7071068 0 0.7071068
vn 0.9655658 0 -0.2601589
vn -0.9655658 0 0.2601589
vn -0.3481188 0 -0.9374504
vn -0.598376 0 -0.8012154
vn 0.598376 0 0.8012154
vn 0.3481188 0 0.9374504
vn -0.07465781 0.9238795 -0.3753304
vn -0.1802399 0.3826834 -0.9061276
vn 0.07465781 -0.9238795 0.3753304
vn 0.1802399 -0.3826834 0.9061276
vn -0.07465781 -0.9238795 -0.3753304
vn 0.07465781 0.9238795 0.3753304
vn 0.1802399 0.3826834 0.9061276
vn -0.1802399 -0.3826834 -0.9061276
vn 0.2126075 0.9238795 0.3181897
vn -0.2126075 0.9238795 -0.3181897
vn -0.2126075 -0.9238795 -0.3181897
vn 0.2126075 -0.9238795 0.3181897
vn 0.5132799 -0.3826834 0.7681779
vn -0.5132799 0.3826834 -0.7681779
vn -0.5132799 -0.3826834 -0.7681779
vn 0.5132799 0.3826834 0.7681779
vn 0.8314698 0 -0.5555702
vn -0.8314698 0 0.5555702
vn -0.3753303 0.9238795 -0.07465788
vn -0.9061276 0.3826834 -0.1802401
vn 0.3753303 -0.9238795 0.07465788
vn 0.9061276 -0.3826834 0.1802401
vn 0.3753303 0.9238795 0.07465788
vn -0.3753303 -0.9238795 -0.07465788
vn 0.9061276 0.3826834 0.1802401
vn -0.9061276 -0.3826834 -0.1802401
vn 0.9950373 0 -0.09950362
vn -0.9950373 0 0.09950362
vn 0.9950373 0 0.09950384
vn -0.9950373 0 -0.09950384
vn -0.03807847 -0.9238795 0.3807843
vn 0.03807847 -0.9238795 -0.3807843
vn 0.03807847 0.9238795 -0.3807843
vn -0.03807847 0.9238795 0.3807843
vn -0.09192957 0.3826834 0.9192946
vn -0.09192957 -0.3826834 0.9192946
vn 0.09192957 -0.3826834 -0.9192946
vn 0.09192957 0.3826834 -0.9192946
vn 0.03807838 0.9238795 0.3807843
vn -0.03807838 0.9238795 -0.3807843
vn -0.03807838 -0.9238795 -0.3807843
vn 0.03807838 -0.9238795 0.3807843
vn 0.09192935 0.3826834 0.9192946
vn -0.09192935 -0.3826834 -0.9192946
vn -0.09192935 0.3826834 -0.9192946
vn 0.09192935 -0.3826834 0.9192946
vn 0.4575815 0 -0.8891677
vn -0.4575815 0 0.8891677
vn 0.8891677 0 -0.4575816
vn 0.986394 0 -0.164399
vn -0.986394 0 0.164399
vn -0.8891677 0 0.4575816
vn -0.4575816 0 -0.8891677
vn 0.4575816 0 0.8891677
vn -0.8891677 0 -0.4575815
vn -0.986394 0 -0.164399
vn 0.986394 0 0.164399
vn 0.8891677 0 0.4575815
vn -0.09950373 0 -0.9950371
vn 0.09950373 0 0.9950371
vn 0.0995037 0 -0.9950371
vn -0.0995037 0 0.9950371
vn 0.9192945 -0.3826834 -0.09192945
vn 0.3807842 -0.9238795 -0.03807842
vn -0.3807842 0.9238795 0.03807842
vn -0.9192945 0.3826834 0.09192945
vn 0.9192945 0.3826834 -0.09192945
vn 0.3807842 0.9238795 -0.03807842
vn -0.9192945 -0.3826834 0.09192945
vn -0.3807842 -0.9238795 0.03807842
vn 0.9192945 -0.3826834 0.09192945
vn 0.3807842 -0.9238795 0.03807842
vn -0.9192945 0.3826834 -0.09192945
vn -0.3807842 0.9238795 -0.03807842
vn -0.9192945 -0.3826834 -0.09192945
vn 0.9192945 0.3826834 0.09192945
vn -0.3807842 -0.9238795 -0.03807842
vn 0.3807842 0.9238795 0.03807842
vn -0.5 0 -0.8660254
vn 0.5 0 0.8660254
vn 0.8660256 0 -0.4999999
vn -0.8660256 0 0.4999999
vn -0.8660255 0 0.5000001
vn 0.8660255 0 -0.5000001
vn -0.9950373 0 0.09950386
vn 0.9950373 0 -0.09950386
vn -0.9950373 0 -0.0995036
vn 0.9950373 0 0.0995036
vn 0.03807838 -0.9238795 -0.3807843
vn -0.03807838 -0.9238795 0.3807843
vn -0.03807838 0.9238795 0.3807843
vn 0.03807838 0.9238795 -0.3807843
vn 0.09192935 0.3826834 -0.9192946
vn 0.09192935 -0.3826834 -0.9192946
vn -0.09192935 -0.3826834 0.9192946
vn -0.09192935 0.3826834 0.9192946
vn -0.03807847 0.9238795 -0.3807843
vn 0.03807847 0.9238795 0.3807843
vn 0.03807847 -0.9238795 0.3807843
vn -0.03807847 -0.9238795 -0.3807843
vn -0.09192957 0.3826834 -0.9192946
vn 0.09192957 -0.3826834 0.9192946
vn 0.09192957 0.3826834 0.9192946
vn -0.09192957 -0.3826834 -0.9192946
vn 0 -0.9999999 0
vn 0 0.9999999 0
vn -0.8137336 0 -0.5812382
vn -0.7071069 0 -0.7071068
vn 0.7071069 0 0.7071068
vn 0.8137336 0 0.5812382
vn -0.8137335 0 0.5812383
vn 0.8137335 0 -0.5812383
vn -0.5812382 0 0.8137336
vn 0.5812382 0 -0.8137336
vn 0.5812383 0 0.8137335
vn -0.5812383 0 -0.8137335
vn -0.7068846 -0.02505852 0.7068849
vn -0.8134847 -0.02471778 0.5810607
vn 0.7068846 0.02505852 -0.7068849
vn 0.8134847 0.02471778 -0.5810607
vn 0.7068849 -0.02505852 0.7068846
vn 0.8134848 -0.02471778 0.5810605
vn -0.7068849 0.02505852 -0.7068846
vn -0.8134848 0.02471778 -0.5810605
vn -0.5810605 -0.02471778 0.8134848
vn 0.5810605 0.02471778 -0.8134848
vn -0.7068849 -0.02505852 -0.7068846
vn -0.5810607 -0.02471778 -0.8134847
vn 0.7068849 0.02505852 0.7068846
vn 0.5810607 0.02471778 0.8134847
vn -0.8134848 -0.02471778 -0.5810605
vn 0.8134848 0.02471778 0.5810605
vn 0.7068846 -0.02505852 -0.7068849
vn 0.8134847 -0.02471778 -0.5810607
vn -0.7068846 0.02505852 0.7068849
vn -0.8134847 0.02471778 0.5810607
vn 0.5810605 -0.02471778 -0.8134848
vn -0.5810605 0.02471778 0.8134848
vn 0.5810607 -0.02471778 0.8134847
vn -0.5810607 0.02471778 -0.8134847
vn -0.5812383 0 0.8137335
vn -0.7071068 0 0.7071068
vn 0.7071068 0 -0.7071068
vn 0.5812383 0 -0.8137335
vn 0.7071068 0 0.7071068
vn 0.5812382 0 0.8137336
vn -0.7071068 0 -0.7071068
vn -0.5812382 0 -0.8137336
vn 0.8137335 0 0.5812383
vn -0.8137335 0 -0.5812383
vn 0.8137336 0 -0.5812382
vn -0.8137336 0 0.5812382
vn 0.7068848 -0.02505852 0.7068847
vn 0.5810606 -0.02471778 0.8134847
vn -0.7068848 0.02505852 -0.7068847
vn -0.5810606 0.02471778 -0.8134847
vn 0.7068847 -0.02505852 -0.7068848
vn 0.5810605 -0.02471778 -0.8134848
vn -0.7068847 0.02505852 0.7068848
vn -0.5810605 0.02471778 0.8134848
vn 0.8134848 -0.02471778 0.5810605
vn -0.8134848 0.02471778 -0.5810605
vn -0.7068847 -0.02505852 0.7068848
vn -0.8134847 -0.02471778 0.5810606
vn 0.7068847 0.02505852 -0.7068848
vn 0.8134847 0.02471778 -0.5810606
vn -0.5810605 -0.02471778 0.8134848
vn 0.5810605 0.02471778 -0.8134848
vn -0.7068848 -0.02505852 -0.7068847
vn -0.5810606 -0.02471778 -0.8134847
vn 0.7068848 0.02505852 0.7068847
vn 0.5810606 0.02471778 0.8134847
vn -0.8134848 -0.02471778 -0.5810605
vn 0.8134848 0.02471778 0.5810605
vn 0.8134847 -0.02471778 -0.5810606
vn -0.8134847 0.02471778 0.5810606
vn 0.8137335 0 0.5812384
vn 0.7071067 0 0.7071069
vn -0.7071067 0 -0.7071069
vn -0.8137335 0 -0.5812384
vn 0.7071069 0 -0.7071067
vn 0.8137337 0 -0.5812382
vn -0.7071069 0 0.7071067
vn -0.8137337 0 0.5812382
vn 0.5812384 0 -0.8137335
vn -0.5812384 0 0.8137335
vn -0.5812382 0 -0.8137337
vn 0.5812382 0 0.8137337
vn 0.7068848 -0.02505852 -0.7068848
vn 0.8134848 -0.02471778 -0.5810606
vn -0.7068848 0.02505852 0.7068848
vn -0.8134848 0.02471778 0.5810606
vn -0.7068848 -0.02505852 -0.7068848
vn -0.8134848 -0.02471778 -0.5810606
vn 0.7068848 0.02505852 0.7068848
vn 0.8134848 0.02471778 0.5810606
vn 0.5810606 -0.02471778 -0.8134848
vn -0.5810606 0.02471778 0.8134848
vn 0.7068848 -0.02505852 0.7068848
vn 0.5810606 -0.02471778 0.8134848
vn -0.7068848 0.02505852 -0.7068848
vn -0.5810606 0.02471778 -0.8134848
vn 0.8134848 -0.02471778 0.5810606
vn -0.8134848 0.02471778 -0.5810606
vn -0.7068848 -0.02505852 0.7068848
vn -0.8134848 -0.02471778 0.5810606
vn 0.7068848 0.02505852 -0.7068848
vn 0.8134848 0.02471778 -0.5810606
vn -0.5810606 -0.02471778 0.8134848
vn 0.5810606 0.02471778 -0.8134848
vn -0.5810606 -0.02471778 -0.8134848
vn 0.5810606 0.02471778 0.8134848
vn -0.999634 -0.02705235 0
vn -0.9860427 -0.02668454 0.1643405
vn 0.999634 0.02705235 0
vn 0.9860427 0.02668454 -0.1643405
vn -0.9860427 -0.02668454 -0.1643405
vn 0.9860427 0.02668454 0.1643405
vn 0 -0.02705235 -0.999634
vn 0.1643405 -0.02668453 -0.9860427
vn 0 0.02705235 0.999634
vn -0.1643405 0.02668453 0.9860427
vn 0.1643405 -0.02668453 0.9860427
vn 0 -0.02705235 0.999634
vn -0.1643405 0.02668453 -0.9860427
vn 0 0.02705235 -0.999634
vn 0.9860427 -0.02668454 -0.1643405
vn 0.999634 -0.02705235 0
vn -0.999634 0.02705235 0
vn -0.9860427 0.02668454 0.1643405
vn 0.9860427 -0.02668454 0.1643405
vn -0.9860427 0.02668454 -0.1643405
vn -0.1643405 -0.02668453 -0.9860427
vn 0.1643405 0.02668453 0.9860427
vn -0.1643405 -0.02668453 0.9860427
vn 0.1643405 0.02668453 -0.9860427
vn 0.999634 -0.02705235 8.729957E-13
vn -0.999634 0.02705235 -8.729957E-13
vn -8.729957E-13 -0.02705235 0.999634
vn 8.729957E-13 0.02705235 -0.999634
vn 8.729957E-13 -0.02705235 -0.999634
vn -8.729957E-13 0.02705235 0.999634
vn -0.999634 -0.02705235 -8.729957E-13
vn 0.999634 0.02705235 8.729957E-13
vn 1 0 -4.892161E-30
vn -1 0 4.892161E-30
vn -4.892161E-30 0 -1
vn 4.892161E-30 0 1

vt 0.46875 0.025
vt 0.46875 0.105
vt 0.46875 0.065
vt 0.46875 0.145
vt 0.46875 0.185
vt 0.46875 0.225
vt 0.46875 0.165
vt 0.46875 0.045
vt 0.09375 0.225
vt 0.09375 0.025
vt 0.34375 0.025
vt 0.34375 0.225
vt 0.34375 0.105
vt 0.34375 0.1759351
vt 0.34375 0.1782973
vt 0.34375 0.1877463
vt 0.34375 0.1901085
vt 0.34375 0.1984787
vt 0.34375 0.2102899
vt 0.34375 0.2126521
vt 0.34375 0.2008409
vt 0.34375 0.1782653
vt 0.34375 0.164092
vt 0.34375 0.1664542
vt 0.34375 0.1759031
vt 0.34375 0.1428617
vt 0.34375 0.1404995
vt 0.34375 0.1310506
vt 0.34375 0.1286884
vt 0.34375 0.07946212
vt 0.34375 0.09850974
vt 0.34375 0.09533513
vt 0.34375 0.08263672
vt 0.34375 0.2005081
vt 0.34375 0.1814605
vt 0.34375 0.1973335
vt 0.34375 0.1846351
vt 0.34375 0.1015823
vt 0.34375 0.1206299
vt 0.34375 0.1174553
vt 0.34375 0.1047569
vt 0.34375 0.1947402
vt 0.34375 0.1923779
vt 0.34375 0.2041891
vt 0.34375 0.2065513
vt 0.34375 0.1682468
vt 0.34375 0.170609
vt 0.34375 0.1800579
vt 0.34375 0.1824202
vt 0.34375 0.1241282
vt 0.34375 0.121766
vt 0.34375 0.1335772
vt 0.34375 0.1359394
vt 0.21875 0.145
vt 0.21875 0.225
vt 0.21875 0.175
vt 0.21875 0.075

usemtl colormap

f 3/1/1 2/1/1 1/1/1
f 2/1/1 3/1/1 4/1/1
f 1/1/2 2/1/2 3/1/2
f 4/1/2 3/1/2 2/1/2
f 7/2/5 6/1/4 5/1/3
f 6/1/4 7/2/5 8/2/6
f 5/1/9 6/1/8 7/2/7
f 8/2/10 7/2/7 6/1/8
f 11/3/13 10/1/12 9/1/11
f 10/1/12 11/3/13 12/3/14
f 9/1/17 10/1/16 11/3/15
f 12/3/18 11/3/15 10/1/16
f 15/2/21 14/1/20 13/1/19
f 14/1/20 15/2/21 16/2/22
f 13/1/25 14/1/24 15/2/23
f 16/2/26 15/2/23 14/1/24
f 6/1/4 15/2/21 13/1/19
f 15/2/21 6/1/4 8/2/6
f 13/1/25 15/2/23 6/1/8
f 8/2/10 6/1/8 15/2/23
f 11/3/13 17/3/27 12/3/14
f 17/3/27 11/3/13 18/3/28
f 12/3/18 17/3/29 11/3/15
f 18/3/30 11/3/15 17/3/29
f 12/3/14 19/1/31 10/1/12
f 19/1/31 12/3/14 17/3/27
f 10/1/16 19/1/32 12/3/18
f 17/3/29 12/3/18 19/1/32
f 15/2/21 7/2/5 16/2/22
f 7/2/5 15/2/21 8/2/6
f 16/2/26 7/2/7 15/2/23
f 8/2/10 15/2/23 7/2/7
f 18/3/28 9/1/11 20/1/33
f 9/1/11 18/3/28 11/3/13
f 20/1/34 9/1/17 18/3/30
f 11/3/15 18/3/30 9/1/17
f 19/1/31 18/3/28 20/1/33
f 18/3/28 19/1/31 17/3/27
f 20/1/34 18/3/30 19/1/32
f 17/3/29 19/1/32 18/3/30
f 16/2/22 5/1/3 14/1/20
f 5/1/3 16/2/22 7/2/5
f 14/1/24 5/1/9 16/2/26
f 7/2/7 16/2/26 5/1/9
f 23/3/37 22/3/36 21/3/35
f 22/3/36 23/3/37 24/3/38
f 21/3/41 22/3/40 23/3/39
f 24/3/42 23/3/39 22/3/40
f 24/3/38 25/1/43 22/3/36
f 25/1/43 24/3/38 26/1/44
f 22/3/40 25/1/45 24/3/42
f 26/1/46 24/3/42 25/1/45
f 21/3/35 25/1/43 27/1/47
f 25/1/43 21/3/35 22/3/36
f 27/1/48 25/1/45 21/3/41
f 22/3/40 21/3/41 25/1/45
f 28/1/49 21/3/35 27/1/47
f 21/3/35 28/1/49 23/3/37
f 27/1/48 21/3/41 28/1/50
f 23/3/39 28/1/50 21/3/41
f 26/1/44 23/3/37 28/1/49
f 23/3/37 26/1/44 24/3/38
f 28/1/50 23/3/39 26/1/46
f 24/3/42 26/1/46 23/3/39
f 31/1/53 30/3/52 29/1/51
f 30/3/52 31/1/53 32/3/54
f 29/1/57 30/3/56 31/1/55
f 32/3/58 31/1/55 30/3/56
f 33/1/59 32/3/54 31/1/53
f 32/3/54 33/1/59 34/3/60
f 31/1/55 32/3/58 33/1/61
f 34/3/62 33/1/61 32/3/58
f 37/2/65 36/1/64 35/1/63
f 36/1/64 37/2/65 38/2/66
f 35/1/69 36/1/68 37/2/67
f 38/2/70 37/2/67 36/1/68
f 37/2/65 39/2/71 38/2/66
f 39/2/71 37/2/65 40/2/72
f 38/2/70 39/2/73 37/2/67
f 40/2/74 37/2/67 39/2/73
f 34/3/60 42/1/76 41/3/75
f 42/1/76 34/3/60 33/1/59
f 41/3/78 42/1/77 34/3/62
f 33/1/61 34/3/62 42/1/77
f 38/2/66 43/1/79 36/1/64
f 43/1/79 38/2/66 39/2/71
f 36/1/68 43/1/80 38/2/70
f 39/2/73 38/2/70 43/1/80
f 32/3/54 41/3/75 30/3/52
f 41/3/75 32/3/54 34/3/60
f 30/3/56 41/3/78 32/3/58
f 34/3/62 32/3/58 41/3/78
f 44/1/81 37/2/65 35/1/63
f 37/2/65 44/1/81 40/2/72
f 35/1/69 37/2/67 44/1/82
f 40/2/74 44/1/82 37/2/67
f 30/3/52 42/1/76 29/1/51
f 42/1/76 30/3/52 41/3/75
f 29/1/57 42/1/77 30/3/56
f 41/3/78 30/3/56 42/1/77
f 39/2/71 44/1/81 43/1/79
f 44/1/81 39/2/71 40/2/72
f 43/1/80 44/1/82 39/2/73
f 40/2/74 39/2/73 44/1/82
f 47/1/1 46/1/1 45/1/1
f 46/1/1 47/1/1 48/1/1
f 45/1/2 46/1/2 47/1/2
f 48/1/2 47/1/2 46/1/2
f 51/2/85 50/1/84 49/1/83
f 50/1/84 51/2/85 52/2/86
f 49/1/89 50/1/88 51/2/87
f 52/2/90 51/2/87 50/1/88
f 55/3/93 54/1/92 53/1/91
f 54/1/92 55/3/93 56/3/94
f 53/1/97 54/1/96 55/3/95
f 56/3/98 55/3/95 54/1/96
f 59/2/101 58/1/100 57/1/99
f 58/1/100 59/2/101 60/2/102
f 57/1/105 58/1/104 59/2/103
f 60/2/106 59/2/103 58/1/104
f 50/1/84 59/2/101 57/1/99
f 59/2/101 50/1/84 52/2/86
f 57/1/105 59/2/103 50/1/88
f 52/2/90 50/1/88 59/2/103
f 55/3/93 61/3/107 56/3/94
f 61/3/107 55/3/93 62/3/108
f 56/3/98 61/3/109 55/3/95
f 62/3/110 55/3/95 61/3/109
f 56/3/94 63/1/111 54/1/92
f 63/1/111 56/3/94 61/3/107
f 54/1/96 63/1/112 56/3/98
f 61/3/109 56/3/98 63/1/112
f 59/2/101 51/2/85 60/2/102
f 51/2/85 59/2/101 52/2/86
f 60/2/106 51/2/87 59/2/103
f 52/2/90 59/2/103 51/2/87
f 62/3/108 53/1/91 64/1/113
f 53/1/91 62/3/108 55/3/93
f 64/1/114 53/1/97 62/3/110
f 55/3/95 62/3/110 53/1/97
f 63/1/111 62/3/108 64/1/113
f 62/3/108 63/1/111 61/3/107
f 64/1/114 62/3/110 63/1/112
f 61/3/109 63/1/112 62/3/110
f 60/2/102 49/1/83 58/1/100
f 49/1/83 60/2/102 51/2/85
f 58/1/104 49/1/89 60/2/106
f 51/2/87 60/2/106 49/1/89
f 67/3/117 66/3/116 65/3/115
f 66/3/116 67/3/117 68/3/118
f 65/3/121 66/3/120 67/3/119
f 68/3/122 67/3/119 66/3/120
f 68/3/118 69/1/123 66/3/116
f 69/1/123 68/3/118 70/1/124
f 66/3/120 69/1/125 68/3/122
f 70/1/126 68/3/122 69/1/125
f 65/3/115 69/1/123 71/1/127
f 69/1/123 65/3/115 66/3/116
f 71/1/128 69/1/125 65/3/121
f 66/3/120 65/3/121 69/1/125
f 72/1/129 65/3/115 71/1/127
f 65/3/115 72/1/129 67/3/117
f 71/1/128 65/3/121 72/1/130
f 67/3/119 72/1/130 65/3/121
f 70/1/124 67/3/117 72/1/129
f 67/3/117 70/1/124 68/3/118
f 72/1/130 67/3/119 70/1/126
f 68/3/122 70/1/126 67/3/119
f 75/1/133 74/3/132 73/1/131
f 74/3/132 75/1/133 76/3/134
f 73/1/137 74/3/136 75/1/135
f 76/3/138 75/1/135 74/3/136
f 77/1/139 76/3/134 75/1/133
f 76/3/134 77/1/139 78/3/140
f 75/1/135 76/3/138 77/1/141
f 78/3/142 77/1/141 76/3/138
f 81/2/145 80/1/144 79/1/143
f 80/1/144 81/2/145 82/2/146
f 79/1/149 80/1/148 81/2/147
f 82/2/150 81/2/147 80/1/148
f 81/2/145 83/2/151 82/2/146
f 83/2/151 81/2/145 84/2/152
f 82/2/150 83/2/153 81/2/147
f 84/2/154 81/2/147 83/2/153
f 78/3/140 86/1/156 85/3/155
f 86/1/156 78/3/140 77/1/139
f 85/3/158 86/1/157 78/3/142
f 77/1/141 78/3/142 86/1/157
f 82/2/146 87/1/159 80/1/144
f 87/1/159 82/2/146 83/2/151
f 80/1/148 87/1/160 82/2/150
f 83/2/153 82/2/150 87/1/160
f 76/3/134 85/3/155 74/3/132
f 85/3/155 76/3/134 78/3/140
f 74/3/136 85/3/158 76/3/138
f 78/3/142 76/3/138 85/3/158
f 88/1/161 81/2/145 79/1/143
f 81/2/145 88/1/161 84/2/152
f 79/1/149 81/2/147 88/1/162
f 84/2/154 88/1/162 81/2/147
f 74/3/132 86/1/156 73/1/131
f 86/1/156 74/3/132 85/3/155
f 73/1/137 86/1/157 74/3/136
f 85/3/158 74/3/136 86/1/157
f 83/2/151 88/1/161 87/1/159
f 88/1/161 83/2/151 84/2/152
f 87/1/160 88/1/162 83/2/153
f 84/2/154 83/2/153 88/1/162
f 91/1/1 90/1/1 89/1/1
f 90/1/1 91/1/1 92/1/1
f 89/1/2 90/1/2 91/1/2
f 92/1/2 91/1/2 90/1/2
f 95/2/165 94/1/164 93/1/163
f 94/1/164 95/2/165 96/2/166
f 93/1/169 94/1/168 95/2/167
f 96/2/170 95/2/167 94/1/168
f 99/3/173 98/1/172 97/1/171
f 98/1/172 99/3/173 100/3/174
f 97/1/177 98/1/176 99/3/175
f 100/3/178 99/3/175 98/1/176
f 103/2/181 102/1/180 101/1/179
f 102/1/180 103/2/181 104/2/182
f 101/1/185 102/1/184 103/2/183
f 104/2/186 103/2/183 102/1/184
f 94/1/164 103/2/181 101/1/179
f 103/2/181 94/1/164 96/2/166
f 101/1/185 103/2/183 94/1/168
f 96/2/170 94/1/168 103/2/183
f 99/3/173 105/3/187 100/3/174
f 105/3/187 99/3/173 106/3/188
f 100/3/178 105/3/189 99/3/175
f 106/3/190 99/3/175 105/3/189
f 100/3/174 107/1/191 98/1/172
f 107/1/191 100/3/174 105/3/187
f 98/1/176 107/1/192 100/3/178
f 105/3/189 100/3/178 107/1/192
f 103/2/181 95/2/165 104/2/182
f 95/2/165 103/2/181 96/2/166
f 104/2/186 95/2/167 103/2/183
f 96/2/170 103/2/183 95/2/167
f 106/3/188 97/1/171 108/1/193
f 97/1/171 106/3/188 99/3/173
f 108/1/194 97/1/177 106/3/190
f 99/3/175 106/3/190 97/1/177
f 107/1/191 106/3/188 108/1/193
f 106/3/188 107/1/191 105/3/187
f 108/1/194 106/3/190 107/1/192
f 105/3/189 107/1/192 106/3/190
f 104/2/182 93/1/163 102/1/180
f 93/1/163 104/2/182 95/2/165
f 102/1/184 93/1/169 104/2/186
f 95/2/167 104/2/186 93/1/169
f 111/3/197 110/3/196 109/3/195
f 110/3/196 111/3/197 112/3/198
f 109/3/201 110/3/200 111/3/199
f 112/3/202 111/3/199 110/3/200
f 112/3/198 113/1/203 110/3/196
f 113/1/203 112/3/198 114/1/204
f 110/3/200 113/1/205 112/3/202
f 114/1/206 112/3/202 113/1/205
f 109/3/195 113/1/203 115/1/207
f 113/1/203 109/3/195 110/3/196
f 115/1/208 113/1/205 109/3/201
f 110/3/200 109/3/201 113/1/205
f 116/1/209 109/3/195 115/1/207
f 109/3/195 116/1/209 111/3/197
f 115/1/208 109/3/201 116/1/210
f 111/3/199 116/1/210 109/3/201
f 114/1/204 111/3/197 116/1/209
f 111/3/197 114/1/204 112/3/198
f 116/1/210 111/3/199 114/1/206
f 112/3/202 114/1/206 111/3/199
f 119/1/213 118/3/212 117/1/211
f 118/3/212 119/1/213 120/3/214
f 117/1/217 118/3/216 119/1/215
f 120/3/218 119/1/215 118/3/216
f 121/1/219 120/3/214 119/1/213
f 120/3/214 121/1/219 122/3/220
f 119/1/215 120/3/218 121/1/221
f 122/3/222 121/1/221 120/3/218
f 125/2/225 124/1/224 123/1/223
f 124/1/224 125/2/225 126/2/226
f 123/1/229 124/1/228 125/2/227
f 126/2/230 125/2/227 124/1/228
f 125/2/225 127/2/231 126/2/226
f 127/2/231 125/2/225 128/2/232
f 126/2/230 127/2/233 125/2/227
f 128/2/234 125/2/227 127/2/233
f 122/3/220 130/1/236 129/3/235
f 130/1/236 122/3/220 121/1/219
f 129/3/238 130/1/237 122/3/222
f 121/1/221 122/3/222 130/1/237
f 126/2/226 131/1/239 124/1/224
f 131/1/239 126/2/226 127/2/231
f 124/1/228 131/1/240 126/2/230
f 127/2/233 126/2/230 131/1/240
f 120/3/214 129/3/235 118/3/212
f 129/3/235 120/3/214 122/3/220
f 118/3/216 129/3/238 120/3/218
f 122/3/222 120/3/218 129/3/238
f 132/1/241 125/2/225 123/1/223
f 125/2/225 132/1/241 128/2/232
f 123/1/229 125/2/227 132/1/242
f 128/2/234 132/1/242 125/2/227
f 118/3/212 130/1/236 117/1/211
f 130/1/236 118/3/212 129/3/235
f 117/1/217 130/1/237 118/3/216
f 129/3/238 118/3/216 130/1/237
f 127/2/231 132/1/241 131/1/239
f 132/1/241 127/2/231 128/2/232
f 131/1/240 132/1/242 127/2/233
f 128/2/234 127/2/233 132/1/242
f 135/1/1 134/1/1 133/1/1
f 134/1/1 135/1/1 136/1/1
f 133/1/2 134/1/2 135/1/2
f 136/1/2 135/1/2 134/1/2
f 139/2/101 138/1/100 137/1/99
f 138/1/100 139/2/101 140/2/102
f 137/1/105 138/1/104 139/2/103
f 140/2/106 139/2/103 138/1/104
f 143/3/107 142/1/113 141/1/111
f 142/1/113 143/3/107 144/3/108
f 141/1/112 142/1/114 143/3/109
f 144/3/110 143/3/109 142/1/114
f 147/2/85 146/1/84 145/1/83
f 146/1/84 147/2/85 148/2/86
f 145/1/89 146/1/88 147/2/87
f 148/2/90 147/2/87 146/1/88
f 138/1/100 147/2/85 145/1/83
f 147/2/85 138/1/100 140/2/102
f 145/1/89 147/2/87 138/1/104
f 140/2/106 138/1/104 147/2/87
f 143/3/107 149/3/93 144/3/108
f 149/3/93 143/3/107 150/3/94
f 144/3/110 149/3/95 143/3/109
f 150/3/98 143/3/109 149/3/95
f 144/3/108 151/1/91 142/1/113
f 151/1/91 144/3/108 149/3/93
f 142/1/114 151/1/97 144/3/110
f 149/3/95 144/3/110 151/1/97
f 147/2/85 139/2/101 148/2/86
f 139/2/101 147/2/85 140/2/102
f 148/2/90 139/2/103 147/2/87
f 140/2/106 147/2/87 139/2/103
f 150/3/94 141/1/111 152/1/92
f 141/1/111 150/3/94 143/3/107
f 152/1/96 141/1/112 150/3/98
f 143/3/109 150/3/98 141/1/112
f 151/1/91 150/3/94 152/1/92
f 150/3/94 151/1/91 149/3/93
f 152/1/96 150/3/98 151/1/97
f 149/3/95 151/1/97 150/3/98
f 148/2/86 137/1/99 146/1/84
f 137/1/99 148/2/86 139/2/101
f 146/1/88 137/1/105 148/2/90
f 139/2/103 148/2/90 137/1/105
f 155/3/245 154/3/244 153/3/243
f 154/3/244 155/3/245 156/3/246
f 153/3/249 154/3/248 155/3/247
f 156/3/250 155/3/247 154/3/248
f 156/3/246 157/1/251 154/3/244
f 157/1/251 156/3/246 158/1/252
f 154/3/248 157/1/253 156/3/250
f 158/1/254 156/3/250 157/1/253
f 153/3/243 157/1/251 159/1/255
f 157/1/251 153/3/243 154/3/244
f 159/1/256 157/1/253 153/3/249
f 154/3/248 153/3/249 157/1/253
f 160/1/257 153/3/243 159/1/255
f 153/3/243 160/1/257 155/3/245
f 159/1/256 153/3/249 160/1/258
f 155/3/247 160/1/258 153/3/249
f 158/1/252 155/3/245 160/1/257
f 155/3/245 158/1/252 156/3/246
f 160/1/258 155/3/247 158/1/254
f 156/3/250 158/1/254 155/3/247
f 163/1/156 162/3/140 161/1/139
f 162/3/140 163/1/156 164/3/155
f 161/1/141 162/3/142 163/1/157
f 164/3/158 163/1/157 162/3/142
f 165/1/131 164/3/155 163/1/156
f 164/3/155 165/1/131 166/3/132
f 163/1/157 164/3/158 165/1/137
f 166/3/136 165/1/137 164/3/158
f 169/2/151 168/1/161 167/1/159
f 168/1/161 169/2/151 170/2/152
f 167/1/160 168/1/162 169/2/153
f 170/2/154 169/2/153 168/1/162
f 169/2/151 171/2/145 170/2/152
f 171/2/145 169/2/151 172/2/146
f 170/2/154 171/2/147 169/2/153
f 172/2/150 169/2/153 171/2/147
f 166/3/132 174/1/133 173/3/134
f 174/1/133 166/3/132 165/1/131
f 173/3/138 174/1/135 166/3/136
f 165/1/137 166/3/136 174/1/135
f 170/2/152 175/1/143 168/1/161
f 175/1/143 170/2/152 171/2/145
f 168/1/162 175/1/149 170/2/154
f 171/2/147 170/2/154 175/1/149
f 164/3/155 173/3/134 162/3/140
f 173/3/134 164/3/155 166/3/132
f 162/3/142 173/3/138 164/3/158
f 166/3/136 164/3/158 173/3/138
f 176/1/144 169/2/151 167/1/159
f 169/2/151 176/1/144 172/2/146
f 167/1/160 169/2/153 176/1/148
f 172/2/150 176/1/148 169/2/153
f 162/3/140 174/1/133 161/1/139
f 174/1/133 162/3/140 173/3/134
f 161/1/141 174/1/135 162/3/142
f 173/3/138 162/3/142 174/1/135
f 171/2/145 176/1/144 175/1/143
f 176/1/144 171/2/145 172/2/146
f 175/1/149 176/1/148 171/2/147
f 172/2/150 171/2/147 176/1/148
f 179/1/1 178/1/1 177/1/1
f 178/1/1 179/1/1 180/1/1
f 177/1/2 178/1/2 179/1/2
f 180/1/2 179/1/2 178/1/2
f 4/1/1 181/1/1 2/1/1
f 181/1/1 4/1/1 133/1/1
f 2/1/2 181/1/2 4/1/2
f 133/1/2 4/1/2 181/1/2
f 91/1/1 183/1/1 182/1/1
f 183/1/1 91/1/1 184/1/1
f 182/1/2 183/1/2 91/1/2
f 184/1/2 91/1/2 183/1/2
f 92/1/1 182/1/1 185/1/1
f 182/1/1 92/1/1 91/1/1
f 185/1/2 182/1/2 92/1/2
f 91/1/2 92/1/2 182/1/2
f 1/1/1 187/1/1 186/1/1
f 187/1/1 1/1/1 2/1/1
f 186/1/2 187/1/2 1/1/2
f 2/1/2 1/1/2 187/1/2
f 190/1/191 189/3/188 188/1/193
f 189/3/188 190/1/191 191/3/187
f 188/1/194 189/3/190 190/1/192
f 191/3/189 190/1/192 189/3/190
f 193/3/174 190/1/191 192/1/172
f 190/1/191 193/3/174 191/3/187
f 192/1/176 190/1/192 193/3/178
f 191/3/189 193/3/178 190/1/192
f 196/2/165 195/1/164 194/1/163
f 195/1/164 196/2/165 197/2/166
f 194/1/169 195/1/168 196/2/167
f 197/2/170 196/2/167 195/1/168
f 195/1/164 199/2/181 198/1/179
f 199/2/181 195/1/164 197/2/166
f 198/1/185 199/2/183 195/1/168
f 197/2/170 195/1/168 199/2/183
f 202/1/241 201/2/225 200/1/223
f 201/2/225 202/1/241 203/2/232
f 200/1/229 201/2/227 202/1/242
f 203/2/234 202/1/242 201/2/227
f 201/2/225 205/2/231 204/2/226
f 205/2/231 201/2/225 203/2/232
f 204/2/230 205/2/233 201/2/227
f 203/2/234 201/2/227 205/2/233
f 205/2/231 202/1/241 206/1/239
f 202/1/241 205/2/231 203/2/232
f 206/1/240 202/1/242 205/2/233
f 203/2/234 205/2/233 202/1/242
f 201/2/225 207/1/224 200/1/223
f 207/1/224 201/2/225 204/2/226
f 200/1/229 207/1/228 201/2/227
f 204/2/230 201/2/227 207/1/228
f 204/2/226 206/1/239 207/1/224
f 206/1/239 204/2/226 205/2/231
f 207/1/228 206/1/240 204/2/230
f 205/2/233 204/2/230 206/1/240
f 209/2/182 194/1/163 208/1/180
f 194/1/163 209/2/182 196/2/165
f 208/1/184 194/1/169 209/2/186
f 196/2/167 209/2/186 194/1/169
f 189/3/188 210/1/171 188/1/193
f 210/1/171 189/3/188 211/3/173
f 188/1/194 210/1/177 189/3/190
f 211/3/175 189/3/190 210/1/177
f 199/2/181 208/1/180 198/1/179
f 208/1/180 199/2/181 209/2/182
f 198/1/185 208/1/184 199/2/183
f 209/2/186 199/2/183 208/1/184
f 199/2/181 196/2/165 209/2/182
f 196/2/165 199/2/181 197/2/166
f 209/2/186 196/2/167 199/2/183
f 197/2/170 199/2/183 196/2/167
f 214/3/197 213/3/196 212/3/195
f 213/3/196 214/3/197 215/3/198
f 212/3/201 213/3/200 214/3/199
f 215/3/202 214/3/199 213/3/200
f 211/3/173 191/3/187 193/3/174
f 191/3/187 211/3/173 189/3/188
f 193/3/178 191/3/189 211/3/175
f 189/3/190 211/3/175 191/3/189
f 216/1/209 215/3/198 214/3/197
f 215/3/198 216/1/209 217/1/204
f 214/3/199 215/3/202 216/1/210
f 217/1/206 216/1/210 215/3/202
f 220/1/219 219/3/214 218/1/213
f 219/3/214 220/1/219 221/3/220
f 218/1/215 219/3/218 220/1/221
f 221/3/222 220/1/221 219/3/218
f 216/1/209 212/3/195 222/1/207
f 212/3/195 216/1/209 214/3/197
f 222/1/208 212/3/201 216/1/210
f 214/3/199 216/1/210 212/3/201
f 215/3/198 223/1/203 213/3/196
f 223/1/203 215/3/198 217/1/204
f 213/3/200 223/1/205 215/3/202
f 217/1/206 215/3/202 223/1/205
f 226/3/212 225/1/236 224/1/211
f 225/1/236 226/3/212 227/3/235
f 224/1/217 225/1/237 226/3/216
f 227/3/238 226/3/216 225/1/237
f 212/3/195 223/1/203 222/1/207
f 223/1/203 212/3/195 213/3/196
f 222/1/208 223/1/205 212/3/201
f 213/3/200 212/3/201 223/1/205
f 218/1/213 226/3/212 224/1/211
f 226/3/212 218/1/213 219/3/214
f 224/1/217 226/3/216 218/1/215
f 219/3/218 218/1/215 226/3/216
f 221/3/220 225/1/236 227/3/235
f 225/1/236 221/3/220 220/1/219
f 227/3/238 225/1/237 221/3/222
f 220/1/221 221/3/222 225/1/237
f 219/3/214 227/3/235 226/3/212
f 227/3/235 219/3/214 221/3/220
f 226/3/216 227/3/238 219/3/218
f 221/3/222 219/3/218 227/3/238
f 211/3/173 192/1/172 210/1/171
f 192/1/172 211/3/173 193/3/174
f 210/1/177 192/1/176 211/3/175
f 193/3/178 211/3/175 192/1/176
f 229/1/1 228/1/1 48/1/1
f 228/1/1 229/1/1 230/1/1
f 48/1/2 228/1/2 229/1/2
f 230/1/2 229/1/2 228/1/2
f 233/1/91 232/3/94 231/1/92
f 232/3/94 233/1/91 234/3/93
f 231/1/96 232/3/98 233/1/97
f 234/3/95 233/1/97 232/3/98
f 236/3/108 233/1/91 235/1/113
f 233/1/91 236/3/108 234/3/93
f 235/1/114 233/1/97 236/3/110
f 234/3/95 236/3/110 233/1/97
f 239/2/101 238/1/100 237/1/99
f 238/1/100 239/2/101 240/2/102
f 237/1/105 238/1/104 239/2/103
f 240/2/106 239/2/103 238/1/104
f 238/1/100 242/2/85 241/1/83
f 242/2/85 238/1/100 240/2/102
f 241/1/89 242/2/87 238/1/104
f 240/2/106 238/1/104 242/2/87
f 245/1/144 244/2/151 243/1/159
f 244/2/151 245/1/144 246/2/146
f 243/1/160 244/2/153 245/1/148
f 246/2/150 245/1/148 244/2/153
f 244/2/151 248/2/145 247/2/152
f 248/2/145 244/2/151 246/2/146
f 247/2/154 248/2/147 244/2/153
f 246/2/150 244/2/153 248/2/147
f 248/2/145 245/1/144 249/1/143
f 245/1/144 248/2/145 246/2/146
f 249/1/149 245/1/148 248/2/147
f 246/2/150 248/2/147 245/1/148
f 244/2/151 250/1/161 243/1/159
f 250/1/161 244/2/151 247/2/152
f 243/1/160 250/1/162 244/2/153
f 247/2/154 244/2/153 250/1/162
f 247/2/152 249/1/143 250/1/161
f 249/1/143 247/2/152 248/2/145
f 250/1/162 249/1/149 247/2/154
f 248/2/147 247/2/154 249/1/149
f 252/2/86 237/1/99 251/1/84
f 237/1/99 252/2/86 239/2/101
f 251/1/88 237/1/105 252/2/90
f 239/2/103 252/2/90 237/1/105
f 232/3/94 253/1/111 231/1/92
f 253/1/111 232/3/94 254/3/107
f 231/1/96 253/1/112 232/3/98
f 254/3/109 232/3/98 253/1/112
f 242/2/85 251/1/84 241/1/83
f 251/1/84 242/2/85 252/2/86
f 241/1/89 251/1/88 242/2/87
f 252/2/90 242/2/87 251/1/88
f 242/2/85 239/2/101 252/2/86
f 239/2/101 242/2/85 240/2/102
f 252/2/90 239/2/103 242/2/87
f 240/2/106 242/2/87 239/2/103
f 257/3/245 256/3/244 255/3/243
f 256/3/244 257/3/245 258/3/246
f 255/3/249 256/3/248 257/3/247
f 258/3/250 257/3/247 256/3/248
f 254/3/107 234/3/93 236/3/108
f 234/3/93 254/3/107 232/3/94
f 236/3/110 234/3/95 254/3/109
f 232/3/98 254/3/109 234/3/95
f 259/1/257 258/3/246 257/3/245
f 258/3/246 259/1/257 260/1/252
f 257/3/247 258/3/250 259/1/258
f 260/1/254 259/1/258 258/3/250
f 263/1/131 262/3/155 261/1/156
f 262/3/155 263/1/131 264/3/132
f 261/1/157 262/3/158 263/1/137
f 264/3/136 263/1/137 262/3/158
f 259/1/257 255/3/243 265/1/255
f 255/3/243 259/1/257 257/3/245
f 265/1/256 255/3/249 259/1/258
f 257/3/247 259/1/258 255/3/249
f 258/3/246 266/1/251 256/3/244
f 266/1/251 258/3/246 260/1/252
f 256/3/248 266/1/253 258/3/250
f 260/1/254 258/3/250 266/1/253
f 269/3/140 268/1/133 267/1/139
f 268/1/133 269/3/140 270/3/134
f 267/1/141 268/1/135 269/3/142
f 270/3/138 269/3/142 268/1/135
f 255/3/243 266/1/251 265/1/255
f 266/1/251 255/3/243 256/3/244
f 265/1/256 266/1/253 255/3/249
f 256/3/248 255/3/249 266/1/253
f 261/1/156 269/3/140 267/1/139
f 269/3/140 261/1/156 262/3/155
f 267/1/141 269/3/142 261/1/157
f 262/3/158 261/1/157 269/3/142
f 264/3/132 268/1/133 270/3/134
f 268/1/133 264/3/132 263/1/131
f 270/3/138 268/1/135 264/3/136
f 263/1/137 264/3/136 268/1/135
f 262/3/155 270/3/134 269/3/140
f 270/3/134 262/3/155 264/3/132
f 269/3/142 270/3/138 262/3/158
f 264/3/136 262/3/158 270/3/138
f 254/3/107 235/1/113 253/1/111
f 235/1/113 254/3/107 236/3/108
f 253/1/112 235/1/114 254/3/109
f 236/3/110 254/3/109 235/1/114
f 273/1/91 272/3/94 271/1/92
f 272/3/94 273/1/91 274/3/93
f 271/1/96 272/3/98 273/1/97
f 274/3/95 273/1/97 272/3/98
f 276/3/108 273/1/91 275/1/113
f 273/1/91 276/3/108 274/3/93
f 275/1/114 273/1/97 276/3/110
f 274/3/95 276/3/110 273/1/97
f 279/2/101 278/1/100 277/1/99
f 278/1/100 279/2/101 280/2/102
f 277/1/105 278/1/104 279/2/103
f 280/2/106 279/2/103 278/1/104
f 278/1/100 282/2/85 281/1/83
f 282/2/85 278/1/100 280/2/102
f 281/1/89 282/2/87 278/1/104
f 280/2/106 278/1/104 282/2/87
f 285/1/144 284/2/151 283/1/159
f 284/2/151 285/1/144 286/2/146
f 283/1/160 284/2/153 285/1/148
f 286/2/150 285/1/148 284/2/153
f 284/2/151 288/2/145 287/2/152
f 288/2/145 284/2/151 286/2/146
f 287/2/154 288/2/147 284/2/153
f 286/2/150 284/2/153 288/2/147
f 288/2/145 285/1/144 289/1/143
f 285/1/144 288/2/145 286/2/146
f 289/1/149 285/1/148 288/2/147
f 286/2/150 288/2/147 285/1/148
f 284/2/151 290/1/161 283/1/159
f 290/1/161 284/2/151 287/2/152
f 283/1/160 290/1/162 284/2/153
f 287/2/154 284/2/153 290/1/162
f 287/2/152 289/1/143 290/1/161
f 289/1/143 287/2/152 288/2/145
f 290/1/162 289/1/149 287/2/154
f 288/2/147 287/2/154 289/1/149
f 292/2/86 277/1/99 291/1/84
f 277/1/99 292/2/86 279/2/101
f 291/1/88 277/1/105 292/2/90
f 279/2/103 292/2/90 277/1/105
f 272/3/94 293/1/111 271/1/92
f 293/1/111 272/3/94 294/3/107
f 271/1/96 293/1/112 272/3/98
f 294/3/109 272/3/98 293/1/112
f 282/2/85 291/1/84 281/1/83
f 291/1/84 282/2/85 292/2/86
f 281/1/89 291/1/88 282/2/87
f 292/2/90 282/2/87 291/1/88
f 282/2/85 279/2/101 292/2/86
f 279/2/101 282/2/85 280/2/102
f 292/2/90 279/2/103 282/2/87
f 280/2/106 282/2/87 279/2/103
f 297/3/245 296/3/244 295/3/243
f 296/3/244 297/3/245 298/3/246
f 295/3/249 296/3/248 297/3/247
f 298/3/250 297/3/247 296/3/248
f 294/3/107 274/3/93 276/3/108
f 274/3/93 294/3/107 272/3/94
f 276/3/110 274/3/95 294/3/109
f 272/3/98 294/3/109 274/3/95
f 299/1/257 298/3/246 297/3/245
f 298/3/246 299/1/257 300/1/252
f 297/3/247 298/3/250 299/1/258
f 300/1/254 299/1/258 298/3/250
f 303/1/131 302/3/155 301/1/156
f 302/3/155 303/1/131 304/3/132
f 301/1/157 302/3/158 303/1/137
f 304/3/136 303/1/137 302/3/158
f 299/1/257 295/3/243 305/1/255
f 295/3/243 299/1/257 297/3/245
f 305/1/256 295/3/249 299/1/258
f 297/3/247 299/1/258 295/3/249
f 298/3/246 306/1/251 296/3/244
f 306/1/251 298/3/246 300/1/252
f 296/3/248 306/1/253 298/3/250
f 300/1/254 298/3/250 306/1/253
f 309/3/140 308/1/133 307/1/139
f 308/1/133 309/3/140 310/3/134
f 307/1/141 308/1/135 309/3/142
f 310/3/138 309/3/142 308/1/135
f 295/3/243 306/1/251 305/1/255
f 306/1/251 295/3/243 296/3/244
f 305/1/256 306/1/253 295/3/249
f 296/3/248 295/3/249 306/1/253
f 301/1/156 309/3/140 307/1/139
f 309/3/140 301/1/156 302/3/155
f 307/1/141 309/3/142 301/1/157
f 302/3/158 301/1/157 309/3/142
f 304/3/132 308/1/133 310/3/134
f 308/1/133 304/3/132 303/1/131
f 310/3/138 308/1/135 304/3/136
f 303/1/137 304/3/136 308/1/135
f 302/3/155 310/3/134 309/3/140
f 310/3/134 302/3/155 304/3/132
f 309/3/142 310/3/138 302/3/158
f 304/3/136 302/3/158 310/3/138
f 294/3/107 275/1/113 293/1/111
f 275/1/113 294/3/107 276/3/108
f 293/1/112 275/1/114 294/3/109
f 276/3/110 294/3/109 275/1/114
f 312/1/1 177/1/1 311/1/1
f 177/1/1 312/1/1 179/1/1
f 311/1/2 177/1/2 312/1/2
f 179/1/2 312/1/2 177/1/2
f 315/1/111 314/3/108 313/1/113
f 314/3/108 315/1/111 316/3/107
f 313/1/114 314/3/110 315/1/112
f 316/3/109 315/1/112 314/3/110
f 318/3/94 315/1/111 317/1/92
f 315/1/111 318/3/94 316/3/107
f 317/1/96 315/1/112 318/3/98
f 316/3/109 318/3/98 315/1/112
f 321/2/85 320/1/84 319/1/83
f 320/1/84 321/2/85 322/2/86
f 319/1/89 320/1/88 321/2/87
f 322/2/90 321/2/87 320/1/88
f 320/1/84 324/2/101 323/1/99
f 324/2/101 320/1/84 322/2/86
f 323/1/105 324/2/103 320/1/88
f 322/2/90 320/1/88 324/2/103
f 327/1/161 326/2/145 325/1/143
f 326/2/145 327/1/161 328/2/152
f 325/1/149 326/2/147 327/1/162
f 328/2/154 327/1/162 326/2/147
f 326/2/145 330/2/151 329/2/146
f 330/2/151 326/2/145 328/2/152
f 329/2/150 330/2/153 326/2/147
f 328/2/154 326/2/147 330/2/153
f 330/2/151 327/1/161 331/1/159
f 327/1/161 330/2/151 328/2/152
f 331/1/160 327/1/162 330/2/153
f 328/2/154 330/2/153 327/1/162
f 326/2/145 332/1/144 325/1/143
f 332/1/144 326/2/145 329/2/146
f 325/1/149 332/1/148 326/2/147
f 329/2/150 326/2/147 332/1/148
f 329/2/146 331/1/159 332/1/144
f 331/1/159 329/2/146 330/2/151
f 332/1/148 331/1/160 329/2/150
f 330/2/153 329/2/150 331/1/160
f 334/2/102 319/1/83 333/1/100
f 319/1/83 334/2/102 321/2/85
f 333/1/104 319/1/89 334/2/106
f 321/2/87 334/2/106 319/1/89
f 314/3/108 335/1/91 313/1/113
f 335/1/91 314/3/108 336/3/93
f 313/1/114 335/1/97 314/3/110
f 336/3/95 314/3/110 335/1/97
f 324/2/101 333/1/100 323/1/99
f 333/1/100 324/2/101 334/2/102
f 323/1/105 333/1/104 324/2/103
f 334/2/106 324/2/103 333/1/104
f 324/2/101 321/2/85 334/2/102
f 321/2/85 324/2/101 322/2/86
f 334/2/106 321/2/87 324/2/103
f 322/2/90 324/2/103 321/2/87
f 339/3/261 338/3/260 337/3/259
f 338/3/260 339/3/261 340/3/262
f 337/3/265 338/3/264 339/3/263
f 340/3/266 339/3/263 338/3/264
f 336/3/93 316/3/107 318/3/94
f 316/3/107 336/3/93 314/3/108
f 318/3/98 316/3/109 336/3/95
f 314/3/110 336/3/95 316/3/109
f 341/1/267 340/3/262 339/3/261
f 340/3/262 341/1/267 342/1/268
f 339/3/263 340/3/266 341/1/269
f 342/1/270 341/1/269 340/3/266
f 345/1/139 344/3/134 343/1/133
f 344/3/134 345/1/139 346/3/140
f 343/1/135 344/3/138 345/1/141
f 346/3/142 345/1/141 344/3/138
f 341/1/267 337/3/259 347/1/271
f 337/3/259 341/1/267 339/3/261
f 347/1/272 337/3/265 341/1/269
f 339/3/263 341/1/269 337/3/265
f 340/3/262 348/1/273 338/3/260
f 348/1/273 340/3/262 342/1/268
f 338/3/264 348/1/274 340/3/266
f 342/1/270 340/3/266 348/1/274
f 351/3/132 350/1/156 349/1/131
f 350/1/156 351/3/132 352/3/155
f 349/1/137 350/1/157 351/3/136
f 352/3/158 351/3/136 350/1/157
f 337/3/259 348/1/273 347/1/271
f 348/1/273 337/3/259 338/3/260
f 347/1/272 348/1/274 337/3/265
f 338/3/264 337/3/265 348/1/274
f 343/1/133 351/3/132 349/1/131
f 351/3/132 343/1/133 344/3/134
f 349/1/137 351/3/136 343/1/135
f 344/3/138 343/1/135 351/3/136
f 346/3/140 350/1/156 352/3/155
f 350/1/156 346/3/140 345/1/139
f 352/3/158 350/1/157 346/3/142
f 345/1/141 346/3/142 350/1/157
f 344/3/134 352/3/155 351/3/132
f 352/3/155 344/3/134 346/3/140
f 351/3/136 352/3/158 344/3/138
f 346/3/142 344/3/138 352/3/158
f 336/3/93 317/1/92 335/1/91
f 317/1/92 336/3/93 318/3/94
f 335/1/97 317/1/96 336/3/95
f 318/3/98 336/3/95 317/1/96
f 355/1/111 354/3/108 353/1/113
f 354/3/108 355/1/111 356/3/107
f 353/1/114 354/3/110 355/1/112
f 356/3/109 355/1/112 354/3/110
f 358/3/94 355/1/111 357/1/92
f 355/1/111 358/3/94 356/3/107
f 357/1/96 355/1/112 358/3/98
f 356/3/109 358/3/98 355/1/112
f 361/2/85 360/1/84 359/1/83
f 360/1/84 361/2/85 362/2/86
f 359/1/89 360/1/88 361/2/87
f 362/2/90 361/2/87 360/1/88
f 360/1/84 364/2/101 363/1/99
f 364/2/101 360/1/84 362/2/86
f 363/1/105 364/2/103 360/1/88
f 362/2/90 360/1/88 364/2/103
f 367/1/161 366/2/145 365/1/143
f 366/2/145 367/1/161 368/2/152
f 365/1/149 366/2/147 367/1/162
f 368/2/154 367/1/162 366/2/147
f 366/2/145 370/2/151 369/2/146
f 370/2/151 366/2/145 368/2/152
f 369/2/150 370/2/153 366/2/147
f 368/2/154 366/2/147 370/2/153
f 370/2/151 367/1/161 371/1/159
f 367/1/161 370/2/151 368/2/152
f 371/1/160 367/1/162 370/2/153
f 368/2/154 370/2/153 367/1/162
f 366/2/145 372/1/144 365/1/143
f 372/1/144 366/2/145 369/2/146
f 365/1/149 372/1/148 366/2/147
f 369/2/150 366/2/147 372/1/148
f 369/2/146 371/1/159 372/1/144
f 371/1/159 369/2/146 370/2/151
f 372/1/148 371/1/160 369/2/150
f 370/2/153 369/2/150 371/1/160
f 374/2/102 359/1/83 373/1/100
f 359/1/83 374/2/102 361/2/85
f 373/1/104 359/1/89 374/2/106
f 361/2/87 374/2/106 359/1/89
f 354/3/108 375/1/91 353/1/113
f 375/1/91 354/3/108 376/3/93
f 353/1/114 375/1/97 354/3/110
f 376/3/95 354/3/110 375/1/97
f 364/2/101 373/1/100 363/1/99
f 373/1/100 364/2/101 374/2/102
f 363/1/105 373/1/104 364/2/103
f 374/2/106 364/2/103 373/1/104
f 364/2/101 361/2/85 374/2/102
f 361/2/85 364/2/101 362/2/86
f 374/2/106 361/2/87 364/2/103
f 362/2/90 364/2/103 361/2/87
f 379/3/261 378/3/260 377/3/259
f 378/3/260 379/3/261 380/3/262
f 377/3/265 378/3/264 379/3/263
f 380/3/266 379/3/263 378/3/264
f 376/3/93 356/3/107 358/3/94
f 356/3/107 376/3/93 354/3/108
f 358/3/98 356/3/109 376/3/95
f 354/3/110 376/3/95 356/3/109
f 381/1/267 380/3/262 379/3/261
f 380/3/262 381/1/267 382/1/268
f 379/3/263 380/3/266 381/1/269
f 382/1/270 381/1/269 380/3/266
f 385/1/139 384/3/134 383/1/133
f 384/3/134 385/1/139 386/3/140
f 383/1/135 384/3/138 385/1/141
f 386/3/142 385/1/141 384/3/138
f 381/1/267 377/3/259 387/1/271
f 377/3/259 381/1/267 379/3/261
f 387/1/272 377/3/265 381/1/269
f 379/3/263 381/1/269 377/3/265
f 380/3/262 388/1/273 378/3/260
f 388/1/273 380/3/262 382/1/268
f 378/3/264 388/1/274 380/3/266
f 382/1/270 380/3/266 388/1/274
f 391/3/132 390/1/156 389/1/131
f 390/1/156 391/3/132 392/3/155
f 389/1/137 390/1/157 391/3/136
f 392/3/158 391/3/136 390/1/157
f 377/3/259 388/1/273 387/1/271
f 388/1/273 377/3/259 378/3/260
f 387/1/272 388/1/274 377/3/265
f 378/3/264 377/3/265 388/1/274
f 383/1/133 391/3/132 389/1/131
f 391/3/132 383/1/133 384/3/134
f 389/1/137 391/3/136 383/1/135
f 384/3/138 383/1/135 391/3/136
f 386/3/140 390/1/156 392/3/155
f 390/1/156 386/3/140 385/1/139
f 392/3/158 390/1/157 386/3/142
f 385/1/141 386/3/142 390/1/157
f 384/3/134 392/3/155 391/3/132
f 392/3/155 384/3/134 386/3/140
f 391/3/136 392/3/158 384/3/138
f 386/3/142 384/3/138 392/3/158
f 376/3/93 357/1/92 375/1/91
f 357/1/92 376/3/93 358/3/94
f 375/1/97 357/1/96 376/3/95
f 358/3/98 376/3/95 357/1/96
f 395/1/31 394/3/28 393/1/33
f 394/3/28 395/1/31 396/3/27
f 393/1/34 394/3/30 395/1/32
f 396/3/29 395/1/32 394/3/30
f 398/3/14 395/1/31 397/1/12
f 395/1/31 398/3/14 396/3/27
f 397/1/16 395/1/32 398/3/18
f 396/3/29 398/3/18 395/1/32
f 401/2/5 400/1/4 399/1/3
f 400/1/4 401/2/5 402/2/6
f 399/1/9 400/1/8 401/2/7
f 402/2/10 401/2/7 400/1/8
f 400/1/4 404/2/21 403/1/19
f 404/2/21 400/1/4 402/2/6
f 403/1/25 404/2/23 400/1/8
f 402/2/10 400/1/8 404/2/23
f 407/1/81 406/2/65 405/1/63
f 406/2/65 407/1/81 408/2/72
f 405/1/69 406/2/67 407/1/82
f 408/2/74 407/1/82 406/2/67
f 406/2/65 410/2/71 409/2/66
f 410/2/71 406/2/65 408/2/72
f 409/2/70 410/2/73 406/2/67
f 408/2/74 406/2/67 410/2/73
f 410/2/71 407/1/81 411/1/79
f 407/1/81 410/2/71 408/2/72
f 411/1/80 407/1/82 410/2/73
f 408/2/74 410/2/73 407/1/82
f 406/2/65 412/1/64 405/1/63
f 412/1/64 406/2/65 409/2/66
f 405/1/69 412/1/68 406/2/67
f 409/2/70 406/2/67 412/1/68
f 409/2/66 411/1/79 412/1/64
f 411/1/79 409/2/66 410/2/71
f 412/1/68 411/1/80 409/2/70
f 410/2/73 409/2/70 411/1/80
f 414/2/22 399/1/3 413/1/20
f 399/1/3 414/2/22 401/2/5
f 413/1/24 399/1/9 414/2/26
f 401/2/7 414/2/26 399/1/9
f 394/3/28 415/1/11 393/1/33
f 415/1/11 394/3/28 416/3/13
f 393/1/34 415/1/17 394/3/30
f 416/3/15 394/3/30 415/1/17
f 404/2/21 413/1/20 403/1/19
f 413/1/20 404/2/21 414/2/22
f 403/1/25 413/1/24 404/2/23
f 414/2/26 404/2/23 413/1/24
f 404/2/21 401/2/5 414/2/22
f 401/2/5 404/2/21 402/2/6
f 414/2/26 401/2/7 404/2/23
f 402/2/10 404/2/23 401/2/7
f 419/3/37 418/3/36 417/3/35
f 418/3/36 419/3/37 420/3/38
f 417/3/41 418/3/40 419/3/39
f 420/3/42 419/3/39 418/3/40
f 416/3/13 396/3/27 398/3/14
f 396/3/27 416/3/13 394/3/28
f 398/3/18 396/3/29 416/3/15
f 394/3/30 416/3/15 396/3/29
f 421/1/49 420/3/38 419/3/37
f 420/3/38 421/1/49 422/1/44
f 419/3/39 420/3/42 421/1/50
f 422/1/46 421/1/50 420/3/42
f 425/1/59 424/3/54 423/1/53
f 424/3/54 425/1/59 426/3/60
f 423/1/55 424/3/58 425/1/61
f 426/3/62 425/1/61 424/3/58
f 421/1/49 417/3/35 427/1/47
f 417/3/35 421/1/49 419/3/37
f 427/1/48 417/3/41 421/1/50
f 419/3/39 421/1/50 417/3/41
f 420/3/38 428/1/43 418/3/36
f 428/1/43 420/3/38 422/1/44
f 418/3/40 428/1/45 420/3/42
f 422/1/46 420/3/42 428/1/45
f 431/3/52 430/1/76 429/1/51
f 430/1/76 431/3/52 432/3/75
f 429/1/57 430/1/77 431/3/56
f 432/3/78 431/3/56 430/1/77
f 417/3/35 428/1/43 427/1/47
f 428/1/43 417/3/35 418/3/36
f 427/1/48 428/1/45 417/3/41
f 418/3/40 417/3/41 428/1/45
f 423/1/53 431/3/52 429/1/51
f 431/3/52 423/1/53 424/3/54
f 429/1/57 431/3/56 423/1/55
f 424/3/58 423/1/55 431/3/56
f 426/3/60 430/1/76 432/3/75
f 430/1/76 426/3/60 425/1/59
f 432/3/78 430/1/77 426/3/62
f 425/1/61 426/3/62 430/1/77
f 424/3/54 432/3/75 431/3/52
f 432/3/75 424/3/54 426/3/60
f 431/3/56 432/3/78 424/3/58
f 426/3/62 424/3/58 432/3/78
f 416/3/13 397/1/12 415/1/11
f 397/1/12 416/3/13 398/3/14
f 415/1/17 397/1/16 416/3/15
f 398/3/18 416/3/15 397/1/16
f 435/1/191 434/3/188 433/1/193
f 434/3/188 435/1/191 436/3/187
f 433/1/194 434/3/190 435/1/192
f 436/3/189 435/1/192 434/3/190
f 438/3/174 435/1/191 437/1/172
f 435/1/191 438/3/174 436/3/187
f 437/1/176 435/1/192 438/3/178
f 436/3/189 438/3/178 435/1/192
f 441/2/165 440/1/164 439/1/163
f 440/1/164 441/2/165 442/2/166
f 439/1/169 440/1/168 441/2/167
f 442/2/170 441/2/167 440/1/168
f 440/1/164 444/2/181 443/1/179
f 444/2/181 440/1/164 442/2/166
f 443/1/185 444/2/183 440/1/168
f 442/2/170 440/1/168 444/2/183
f 447/1/241 446/2/225 445/1/223
f 446/2/225 447/1/241 448/2/232
f 445/1/229 446/2/227 447/1/242
f 448/2/234 447/1/242 446/2/227
f 446/2/225 450/2/231 449/2/226
f 450/2/231 446/2/225 448/2/232
f 449/2/230 450/2/233 446/2/227
f 448/2/234 446/2/227 450/2/233
f 450/2/231 447/1/241 451/1/239
f 447/1/241 450/2/231 448/2/232
f 451/1/240 447/1/242 450/2/233
f 448/2/234 450/2/233 447/1/242
f 446/2/225 452/1/224 445/1/223
f 452/1/224 446/2/225 449/2/226
f 445/1/229 452/1/228 446/2/227
f 449/2/230 446/2/227 452/1/228
f 449/2/226 451/1/239 452/1/224
f 451/1/239 449/2/226 450/2/231
f 452/1/228 451/1/240 449/2/230
f 450/2/233 449/2/230 451/1/240
f 454/2/182 439/1/163 453/1/180
f 439/1/163 454/2/182 441/2/165
f 453/1/184 439/1/169 454/2/186
f 441/2/167 454/2/186 439/1/169
f 434/3/188 455/1/171 433/1/193
f 455/1/171 434/3/188 456/3/173
f 433/1/194 455/1/177 434/3/190
f 456/3/175 434/3/190 455/1/177
f 444/2/181 453/1/180 443/1/179
f 453/1/180 444/2/181 454/2/182
f 443/1/185 453/1/184 444/2/183
f 454/2/186 444/2/183 453/1/184
f 444/2/181 441/2/165 454/2/182
f 441/2/165 444/2/181 442/2/166
f 454/2/186 441/2/167 444/2/183
f 442/2/170 444/2/183 441/2/167
f 459/3/197 458/3/196 457/3/195
f 458/3/196 459/3/197 460/3/198
f 457/3/201 458/3/200 459/3/199
f 460/3/202 459/3/199 458/3/200
f 456/3/173 436/3/187 438/3/174
f 436/3/187 456/3/173 434/3/188
f 438/3/178 436/3/189 456/3/175
f 434/3/190 456/3/175 436/3/189
f 461/1/209 460/3/198 459/3/197
f 460/3/198 461/1/209 462/1/204
f 459/3/199 460/3/202 461/1/210
f 462/1/206 461/1/210 460/3/202
f 465/1/219 464/3/214 463/1/213
f 464/3/214 465/1/219 466/3/220
f 463/1/215 464/3/218 465/1/221
f 466/3/222 465/1/221 464/3/218
f 461/1/209 457/3/195 467/1/207
f 457/3/195 461/1/209 459/3/197
f 467/1/208 457/3/201 461/1/210
f 459/3/199 461/1/210 457/3/201
f 460/3/198 468/1/203 458/3/196
f 468/1/203 460/3/198 462/1/204
f 458/3/200 468/1/205 460/3/202
f 462/1/206 460/3/202 468/1/205
f 471/3/212 470/1/236 469/1/211
f 470/1/236 471/3/212 472/3/235
f 469/1/217 470/1/237 471/3/216
f 472/3/238 471/3/216 470/1/237
f 457/3/195 468/1/203 467/1/207
f 468/1/203 457/3/195 458/3/196
f 467/1/208 468/1/205 457/3/201
f 458/3/200 457/3/201 468/1/205
f 463/1/213 471/3/212 469/1/211
f 471/3/212 463/1/213 464/3/214
f 469/1/217 471/3/216 463/1/215
f 464/3/218 463/1/215 471/3/216
f 466/3/220 470/1/236 472/3/235
f 470/1/236 466/3/220 465/1/219
f 472/3/238 470/1/237 466/3/222
f 465/1/221 466/3/222 470/1/237
f 464/3/214 472/3/235 471/3/212
f 472/3/235 464/3/214 466/3/220
f 471/3/216 472/3/238 464/3/218
f 466/3/222 464/3/218 472/3/238
f 456/3/173 437/1/172 455/1/171
f 437/1/172 456/3/173 438/3/174
f 455/1/177 437/1/176 456/3/175
f 438/3/178 456/3/175 437/1/176
f 475/1/31 474/3/28 473/1/33
f 474/3/28 475/1/31 476/3/27
f 473/1/34 474/3/30 475/1/32
f 476/3/29 475/1/32 474/3/30
f 478/3/14 475/1/31 477/1/12
f 475/1/31 478/3/14 476/3/27
f 477/1/16 475/1/32 478/3/18
f 476/3/29 478/3/18 475/1/32
f 481/2/5 480/1/4 479/1/3
f 480/1/4 481/2/5 482/2/6
f 479/1/9 480/1/8 481/2/7
f 482/2/10 481/2/7 480/1/8
f 480/1/4 484/2/21 483/1/19
f 484/2/21 480/1/4 482/2/6
f 483/1/25 484/2/23 480/1/8
f 482/2/10 480/1/8 484/2/23
f 487/1/81 486/2/65 485/1/63
f 486/2/65 487/1/81 488/2/72
f 485/1/69 486/2/67 487/1/82
f 488/2/74 487/1/82 486/2/67
f 486/2/65 490/2/71 489/2/66
f 490/2/71 486/2/65 488/2/72
f 489/2/70 490/2/73 486/2/67
f 488/2/74 486/2/67 490/2/73
f 490/2/71 487/1/81 491/1/79
f 487/1/81 490/2/71 488/2/72
f 491/1/80 487/1/82 490/2/73
f 488/2/74 490/2/73 487/1/82
f 486/2/65 492/1/64 485/1/63
f 492/1/64 486/2/65 489/2/66
f 485/1/69 492/1/68 486/2/67
f 489/2/70 486/2/67 492/1/68
f 489/2/66 491/1/79 492/1/64
f 491/1/79 489/2/66 490/2/71
f 492/1/68 491/1/80 489/2/70
f 490/2/73 489/2/70 491/1/80
f 494/2/22 479/1/3 493/1/20
f 479/1/3 494/2/22 481/2/5
f 493/1/24 479/1/9 494/2/26
f 481/2/7 494/2/26 479/1/9
f 474/3/28 495/1/11 473/1/33
f 495/1/11 474/3/28 496/3/13
f 473/1/34 495/1/17 474/3/30
f 496/3/15 474/3/30 495/1/17
f 484/2/21 493/1/20 483/1/19
f 493/1/20 484/2/21 494/2/22
f 483/1/25 493/1/24 484/2/23
f 494/2/26 484/2/23 493/1/24
f 484/2/21 481/2/5 494/2/22
f 481/2/5 484/2/21 482/2/6
f 494/2/26 481/2/7 484/2/23
f 482/2/10 484/2/23 481/2/7
f 499/3/37 498/3/36 497/3/35
f 498/3/36 499/3/37 500/3/38
f 497/3/41 498/3/40 499/3/39
f 500/3/42 499/3/39 498/3/40
f 496/3/13 476/3/27 478/3/14
f 476/3/27 496/3/13 474/3/28
f 478/3/18 476/3/29 496/3/15
f 474/3/30 496/3/15 476/3/29
f 501/1/49 500/3/38 499/3/37
f 500/3/38 501/1/49 502/1/44
f 499/3/39 500/3/42 501/1/50
f 502/1/46 501/1/50 500/3/42
f 505/1/59 504/3/54 503/1/53
f 504/3/54 505/1/59 506/3/60
f 503/1/55 504/3/58 505/1/61
f 506/3/62 505/1/61 504/3/58
f 501/1/49 497/3/35 507/1/47
f 497/3/35 501/1/49 499/3/37
f 507/1/48 497/3/41 501/1/50
f 499/3/39 501/1/50 497/3/41
f 500/3/38 508/1/43 498/3/36
f 508/1/43 500/3/38 502/1/44
f 498/3/40 508/1/45 500/3/42
f 502/1/46 500/3/42 508/1/45
f 511/3/52 510/1/76 509/1/51
f 510/1/76 511/3/52 512/3/75
f 509/1/57 510/1/77 511/3/56
f 512/3/78 511/3/56 510/1/77
f 497/3/35 508/1/43 507/1/47
f 508/1/43 497/3/35 498/3/36
f 507/1/48 508/1/45 497/3/41
f 498/3/40 497/3/41 508/1/45
f 503/1/53 511/3/52 509/1/51
f 511/3/52 503/1/53 504/3/54
f 509/1/57 511/3/56 503/1/55
f 504/3/58 503/1/55 511/3/56
f 506/3/60 510/1/76 512/3/75
f 510/1/76 506/3/60 505/1/59
f 512/3/78 510/1/77 506/3/62
f 505/1/61 506/3/62 510/1/77
f 504/3/54 512/3/75 511/3/52
f 512/3/75 504/3/54 506/3/60
f 511/3/56 512/3/78 504/3/58
f 506/3/62 504/3/58 512/3/78
f 496/3/13 477/1/12 495/1/11
f 477/1/12 496/3/13 478/3/14
f 495/1/17 477/1/16 496/3/15
f 478/3/18 496/3/15 477/1/16
f 513/1/1 3/1/1 184/1/1
f 3/1/1 513/1/1 514/1/1
f 184/1/2 3/1/2 513/1/2
f 514/1/2 513/1/2 3/1/2
f 517/5/277 516/4/276 515/4/275
f 516/4/276 517/5/277 518/5/278
f 515/4/281 516/4/280 517/5/279
f 518/5/282 517/5/279 516/4/280
f 521/5/285 520/5/284 519/5/283
f 520/5/284 521/5/285 522/5/286
f 519/5/289 520/5/288 521/5/287
f 522/5/290 521/5/287 520/5/288
f 524/5/292 517/5/277 523/5/291
f 517/5/277 524/5/292 518/5/278
f 523/5/294 517/5/279 524/5/293
f 518/5/282 524/5/293 517/5/279
f 527/4/91 526/6/94 525/4/92
f 526/6/94 527/4/91 528/6/93
f 525/4/96 526/6/98 527/4/97
f 528/6/95 527/4/97 526/6/98
f 530/6/107 528/6/93 529/6/108
f 528/6/93 530/6/107 526/6/94
f 529/6/110 528/6/95 530/6/109
f 526/6/98 530/6/109 528/6/95
f 529/6/108 527/4/91 531/4/113
f 527/4/91 529/6/108 528/6/93
f 531/4/114 527/4/97 529/6/110
f 528/6/95 529/6/110 527/4/97
f 523/5/291 515/4/275 532/4/295
f 515/4/275 523/5/291 517/5/277
f 532/4/296 515/4/281 523/5/294
f 517/5/279 523/5/294 515/4/281
f 533/4/297 518/5/278 524/5/292
f 518/5/278 533/4/297 516/4/276
f 524/5/293 518/5/282 533/4/298
f 516/4/280 533/4/298 518/5/282
f 536/7/155 535/7/134 534/7/140
f 535/7/134 536/7/155 537/7/132
f 534/7/142 535/7/138 536/7/158
f 537/7/136 536/7/158 535/7/138
f 537/7/132 538/4/133 535/7/134
f 538/4/133 537/7/132 539/4/131
f 535/7/138 538/4/135 537/7/136
f 539/4/137 537/7/136 538/4/135
f 541/4/156 534/7/140 540/4/139
f 534/7/140 541/4/156 536/7/155
f 540/4/141 534/7/142 541/4/157
f 536/7/158 541/4/157 534/7/142
f 539/4/131 536/7/155 541/4/156
f 536/7/155 539/4/131 537/7/132
f 541/4/157 536/7/158 539/4/137
f 537/7/136 539/4/137 536/7/158
f 543/4/300 522/5/286 542/4/299
f 522/5/286 543/4/300 520/5/284
f 542/4/302 522/5/290 543/4/301
f 520/5/288 543/4/301 522/5/290
f 522/5/286 544/4/303 542/4/299
f 544/4/303 522/5/286 521/5/285
f 542/4/302 544/4/304 522/5/290
f 521/5/287 522/5/290 544/4/304
f 519/5/283 543/4/300 545/4/305
f 543/4/300 519/5/283 520/5/284
f 545/4/306 543/4/301 519/5/289
f 520/5/288 519/5/289 543/4/301
f 548/7/94 547/4/111 546/4/92
f 547/4/111 548/7/94 549/7/107
f 546/4/96 547/4/112 548/7/98
f 549/7/109 548/7/98 547/4/112
f 521/5/285 545/4/305 544/4/303
f 545/4/305 521/5/285 519/5/283
f 544/4/304 545/4/306 521/5/287
f 519/5/289 521/5/287 545/4/306
f 549/7/107 551/7/93 550/7/108
f 551/7/93 549/7/107 548/7/94
f 550/7/110 551/7/95 549/7/109
f 548/7/98 549/7/109 551/7/95
f 530/6/107 531/4/113 552/4/111
f 531/4/113 530/6/107 529/6/108
f 552/4/112 531/4/114 530/6/109
f 529/6/110 530/6/109 531/4/114
f 550/7/108 554/4/91 553/4/113
f 554/4/91 550/7/108 551/7/93
f 553/4/114 554/4/97 550/7/110
f 551/7/95 550/7/110 554/4/97
f 534/7/140 538/4/133 540/4/139
f 538/4/133 534/7/140 535/7/134
f 540/4/141 538/4/135 534/7/142
f 535/7/138 534/7/142 538/4/135
f 526/6/94 552/4/111 525/4/92
f 552/4/111 526/6/94 530/6/107
f 525/4/96 552/4/112 526/6/98
f 530/6/109 526/6/98 552/4/112
f 549/7/107 553/4/113 547/4/111
f 553/4/113 549/7/107 550/7/108
f 547/4/112 553/4/114 549/7/109
f 550/7/110 549/7/109 553/4/114
f 533/4/297 523/5/291 532/4/295
f 523/5/291 533/4/297 524/5/292
f 532/4/296 523/5/294 533/4/298
f 524/5/293 533/4/298 523/5/294
f 557/7/94 556/4/111 555/4/92
f 556/4/111 557/7/94 558/7/107
f 555/4/96 556/4/112 557/7/98
f 558/7/109 557/7/98 556/4/112
f 554/4/91 548/7/94 546/4/92
f 548/7/94 554/4/91 551/7/93
f 546/4/96 548/7/98 554/4/97
f 551/7/95 554/4/97 548/7/98
f 558/7/107 560/7/93 559/7/108
f 560/7/93 558/7/107 557/7/94
f 559/7/110 560/7/95 558/7/109
f 557/7/98 558/7/109 560/7/95
f 561/4/91 557/7/94 555/4/92
f 557/7/94 561/4/91 560/7/93
f 555/4/96 557/7/98 561/4/97
f 560/7/95 561/4/97 557/7/98
f 558/7/107 562/4/113 556/4/111
f 562/4/113 558/7/107 559/7/108
f 556/4/112 562/4/114 558/7/109
f 559/7/110 558/7/109 562/4/114
f 559/7/108 561/4/91 562/4/113
f 561/4/91 559/7/108 560/7/93
f 562/4/114 561/4/97 559/7/110
f 560/7/95 559/7/110 561/4/97
f 565/5/309 564/5/308 563/5/307
f 564/5/308 565/5/309 566/5/310
f 563/5/313 564/5/312 565/5/311
f 566/5/314 565/5/311 564/5/312
f 563/5/307 568/4/316 567/4/315
f 568/4/316 563/5/307 564/5/308
f 567/4/318 568/4/317 563/5/313
f 564/5/312 563/5/313 568/4/317
f 565/5/309 567/4/315 569/4/319
f 567/4/315 565/5/309 563/5/307
f 569/4/320 567/4/318 565/5/311
f 563/5/313 565/5/311 567/4/318
f 564/5/308 570/4/321 568/4/316
f 570/4/321 564/5/308 566/5/310
f 568/4/317 570/4/322 564/5/312
f 566/5/314 564/5/312 570/4/322
f 570/4/321 565/5/309 569/4/319
f 565/5/309 570/4/321 566/5/310
f 569/4/320 565/5/311 570/4/322
f 566/5/314 570/4/322 565/5/311
f 573/4/144 572/5/151 571/4/159
f 572/5/151 573/4/144 574/5/146
f 571/4/160 572/5/153 573/4/148
f 574/5/150 573/4/148 572/5/153
f 572/5/151 576/5/145 575/5/152
f 576/5/145 572/5/151 574/5/146
f 575/5/154 576/5/147 572/5/153
f 574/5/150 572/5/153 576/5/147
f 572/5/151 577/4/161 571/4/159
f 577/4/161 572/5/151 575/5/152
f 571/4/160 577/4/162 572/5/153
f 575/5/154 572/5/153 577/4/162
f 576/5/145 573/4/144 578/4/143
f 573/4/144 576/5/145 574/5/146
f 578/4/149 573/4/148 576/5/147
f 574/5/150 576/5/147 573/4/148
f 575/5/152 578/4/143 577/4/161
f 578/4/143 575/5/152 576/5/145
f 577/4/162 578/4/149 575/5/154
f 576/5/147 575/5/154 578/4/149
f 581/7/155 580/7/134 579/7/140
f 580/7/134 581/7/155 582/7/132
f 579/7/142 580/7/138 581/7/158
f 582/7/136 581/7/158 580/7/138
f 582/7/132 583/4/133 580/7/134
f 583/4/133 582/7/132 584/4/131
f 580/7/138 583/4/135 582/7/136
f 584/4/137 582/7/136 583/4/135
f 587/5/85 586/5/101 585/5/86
f 586/5/101 587/5/85 588/5/102
f 585/5/90 586/5/103 587/5/87
f 588/5/106 587/5/87 586/5/103
f 585/5/86 590/4/99 589/4/84
f 590/4/99 585/5/86 586/5/101
f 589/4/88 590/4/105 585/5/90
f 586/5/103 585/5/90 590/4/105
f 579/7/140 583/4/133 591/4/139
f 583/4/133 579/7/140 580/7/134
f 591/4/141 583/4/135 579/7/142
f 580/7/138 579/7/142 583/4/135
f 584/4/131 581/7/155 592/4/156
f 581/7/155 584/4/131 582/7/132
f 592/4/157 581/7/158 584/4/137
f 582/7/136 584/4/137 581/7/158
f 586/5/101 593/4/100 590/4/99
f 593/4/100 586/5/101 588/5/102
f 590/4/105 593/4/104 586/5/103
f 588/5/106 586/5/103 593/4/104
f 587/5/85 589/4/84 594/4/83
f 589/4/84 587/5/85 585/5/86
f 594/4/89 589/4/88 587/5/87
f 585/5/90 587/5/87 589/4/88
f 593/4/100 587/5/85 594/4/83
f 587/5/85 593/4/100 588/5/102
f 594/4/89 587/5/87 593/4/104
f 588/5/106 593/4/104 587/5/87
f 592/4/156 579/7/140 591/4/139
f 579/7/140 592/4/156 581/7/155
f 591/4/141 579/7/142 592/4/157
f 581/7/158 592/4/157 579/7/142
f 230/1/1 311/1/1 228/1/1
f 311/1/1 230/1/1 312/1/1
f 228/1/2 311/1/2 230/1/2
f 312/1/2 230/1/2 311/1/2
f 597/5/277 596/4/276 595/4/275
f 596/4/276 597/5/277 598/5/278
f 595/4/281 596/4/280 597/5/279
f 598/5/282 597/5/279 596/4/280
f 601/5/285 600/5/284 599/5/283
f 600/5/284 601/5/285 602/5/286
f 599/5/289 600/5/288 601/5/287
f 602/5/290 601/5/287 600/5/288
f 604/5/292 597/5/277 603/5/291
f 597/5/277 604/5/292 598/5/278
f 603/5/294 597/5/279 604/5/293
f 598/5/282 604/5/293 597/5/279
f 607/4/91 606/6/94 605/4/92
f 606/6/94 607/4/91 608/6/93
f 605/4/96 606/6/98 607/4/97
f 608/6/95 607/4/97 606/6/98
f 610/6/107 608/6/93 609/6/108
f 608/6/93 610/6/107 606/6/94
f 609/6/110 608/6/95 610/6/109
f 606/6/98 610/6/109 608/6/95
f 609/6/108 607/4/91 611/4/113
f 607/4/91 609/6/108 608/6/93
f 611/4/114 607/4/97 609/6/110
f 608/6/95 609/6/110 607/4/97
f 603/5/291 595/4/275 612/4/295
f 595/4/275 603/5/291 597/5/277
f 612/4/296 595/4/281 603/5/294
f 597/5/279 603/5/294 595/4/281
f 613/4/297 598/5/278 604/5/292
f 598/5/278 613/4/297 596/4/276
f 604/5/293 598/5/282 613/4/298
f 596/4/280 613/4/298 598/5/282
f 616/7/155 615/7/134 614/7/140
f 615/7/134 616/7/155 617/7/132
f 614/7/142 615/7/138 616/7/158
f 617/7/136 616/7/158 615/7/138
f 617/7/132 618/4/133 615/7/134
f 618/4/133 617/7/132 619/4/131
f 615/7/138 618/4/135 617/7/136
f 619/4/137 617/7/136 618/4/135
f 621/4/156 614/7/140 620/4/139
f 614/7/140 621/4/156 616/7/155
f 620/4/141 614/7/142 621/4/157
f 616/7/158 621/4/157 614/7/142
f 619/4/131 616/7/155 621/4/156
f 616/7/155 619/4/131 617/7/132
f 621/4/157 616/7/158 619/4/137
f 617/7/136 619/4/137 616/7/158
f 623/4/300 602/5/286 622/4/299
f 602/5/286 623/4/300 600/5/284
f 622/4/302 602/5/290 623/4/301
f 600/5/288 623/4/301 602/5/290
f 602/5/286 624/4/303 622/4/299
f 624/4/303 602/5/286 601/5/285
f 622/4/302 624/4/304 602/5/290
f 601/5/287 602/5/290 624/4/304
f 599/5/283 623/4/300 625/4/305
f 623/4/300 599/5/283 600/5/284
f 625/4/306 623/4/301 599/5/289
f 600/5/288 599/5/289 623/4/301
f 628/7/94 627/4/111 626/4/92
f 627/4/111 628/7/94 629/7/107
f 626/4/96 627/4/112 628/7/98
f 629/7/109 628/7/98 627/4/112
f 601/5/285 625/4/305 624/4/303
f 625/4/305 601/5/285 599/5/283
f 624/4/304 625/4/306 601/5/287
f 599/5/289 601/5/287 625/4/306
f 629/7/107 631/7/93 630/7/108
f 631/7/93 629/7/107 628/7/94
f 630/7/110 631/7/95 629/7/109
f 628/7/98 629/7/109 631/7/95
f 610/6/107 611/4/113 632/4/111
f 611/4/113 610/6/107 609/6/108
f 632/4/112 611/4/114 610/6/109
f 609/6/110 610/6/109 611/4/114
f 630/7/108 634/4/91 633/4/113
f 634/4/91 630/7/108 631/7/93
f 633/4/114 634/4/97 630/7/110
f 631/7/95 630/7/110 634/4/97
f 614/7/140 618/4/133 620/4/139
f 618/4/133 614/7/140 615/7/134
f 620/4/141 618/4/135 614/7/142
f 615/7/138 614/7/142 618/4/135
f 606/6/94 632/4/111 605/4/92
f 632/4/111 606/6/94 610/6/107
f 605/4/96 632/4/112 606/6/98
f 610/6/109 606/6/98 632/4/112
f 629/7/107 633/4/113 627/4/111
f 633/4/113 629/7/107 630/7/108
f 627/4/112 633/4/114 629/7/109
f 630/7/110 629/7/109 633/4/114
f 613/4/297 603/5/291 612/4/295
f 603/5/291 613/4/297 604/5/292
f 612/4/296 603/5/294 613/4/298
f 604/5/293 613/4/298 603/5/294
f 637/7/94 636/4/111 635/4/92
f 636/4/111 637/7/94 638/7/107
f 635/4/96 636/4/112 637/7/98
f 638/7/109 637/7/98 636/4/112
f 634/4/91 628/7/94 626/4/92
f 628/7/94 634/4/91 631/7/93
f 626/4/96 628/7/98 634/4/97
f 631/7/95 634/4/97 628/7/98
f 638/7/107 640/7/93 639/7/108
f 640/7/93 638/7/107 637/7/94
f 639/7/110 640/7/95 638/7/109
f 637/7/98 638/7/109 640/7/95
f 641/4/91 637/7/94 635/4/92
f 637/7/94 641/4/91 640/7/93
f 635/4/96 637/7/98 641/4/97
f 640/7/95 641/4/97 637/7/98
f 638/7/107 642/4/113 636/4/111
f 642/4/113 638/7/107 639/7/108
f 636/4/112 642/4/114 638/7/109
f 639/7/110 638/7/109 642/4/114
f 639/7/108 641/4/91 642/4/113
f 641/4/91 639/7/108 640/7/93
f 642/4/114 641/4/97 639/7/110
f 640/7/95 639/7/110 641/4/97
f 645/5/309 644/5/308 643/5/307
f 644/5/308 645/5/309 646/5/310
f 643/5/313 644/5/312 645/5/311
f 646/5/314 645/5/311 644/5/312
f 643/5/307 648/4/316 647/4/315
f 648/4/316 643/5/307 644/5/308
f 647/4/318 648/4/317 643/5/313
f 644/5/312 643/5/313 648/4/317
f 645/5/309 647/4/315 649/4/319
f 647/4/315 645/5/309 643/5/307
f 649/4/320 647/4/318 645/5/311
f 643/5/313 645/5/311 647/4/318
f 644/5/308 650/4/321 648/4/316
f 650/4/321 644/5/308 646/5/310
f 648/4/317 650/4/322 644/5/312
f 646/5/314 644/5/312 650/4/322
f 650/4/321 645/5/309 649/4/319
f 645/5/309 650/4/321 646/5/310
f 649/4/320 645/5/311 650/4/322
f 646/5/314 650/4/322 645/5/311
f 653/4/144 652/5/151 651/4/159
f 652/5/151 653/4/144 654/5/146
f 651/4/160 652/5/153 653/4/148
f 654/5/150 653/4/148 652/5/153
f 652/5/151 656/5/145 655/5/152
f 656/5/145 652/5/151 654/5/146
f 655/5/154 656/5/147 652/5/153
f 654/5/150 652/5/153 656/5/147
f 652/5/151 657/4/161 651/4/159
f 657/4/161 652/5/151 655/5/152
f 651/4/160 657/4/162 652/5/153
f 655/5/154 652/5/153 657/4/162
f 656/5/145 653/4/144 658/4/143
f 653/4/144 656/5/145 654/5/146
f 658/4/149 653/4/148 656/5/147
f 654/5/150 656/5/147 653/4/148
f 655/5/152 658/4/143 657/4/161
f 658/4/143 655/5/152 656/5/145
f 657/4/162 658/4/149 655/5/154
f 656/5/147 655/5/154 658/4/149
f 661/7/155 660/7/134 659/7/140
f 660/7/134 661/7/155 662/7/132
f 659/7/142 660/7/138 661/7/158
f 662/7/136 661/7/158 660/7/138
f 662/7/132 663/4/133 660/7/134
f 663/4/133 662/7/132 664/4/131
f 660/7/138 663/4/135 662/7/136
f 664/4/137 662/7/136 663/4/135
f 667/5/85 666/5/101 665/5/86
f 666/5/101 667/5/85 668/5/102
f 665/5/90 666/5/103 667/5/87
f 668/5/106 667/5/87 666/5/103
f 665/5/86 670/4/99 669/4/84
f 670/4/99 665/5/86 666/5/101
f 669/4/88 670/4/105 665/5/90
f 666/5/103 665/5/90 670/4/105
f 659/7/140 663/4/133 671/4/139
f 663/4/133 659/7/140 660/7/134
f 671/4/141 663/4/135 659/7/142
f 660/7/138 659/7/142 663/4/135
f 664/4/131 661/7/155 672/4/156
f 661/7/155 664/4/131 662/7/132
f 672/4/157 661/7/158 664/4/137
f 662/7/136 664/4/137 661/7/158
f 666/5/101 673/4/100 670/4/99
f 673/4/100 666/5/101 668/5/102
f 670/4/105 673/4/104 666/5/103
f 668/5/106 666/5/103 673/4/104
f 667/5/85 669/4/84 674/4/83
f 669/4/84 667/5/85 665/5/86
f 674/4/89 669/4/88 667/5/87
f 665/5/90 667/5/87 669/4/88
f 673/4/100 667/5/85 674/4/83
f 667/5/85 673/4/100 668/5/102
f 674/4/89 667/5/87 673/4/104
f 668/5/106 673/4/104 667/5/87
f 672/4/156 659/7/140 671/4/139
f 659/7/140 672/4/156 661/7/155
f 671/4/141 659/7/142 672/4/157
f 661/7/158 672/4/157 659/7/142
f 2/1/1 675/1/1 187/1/1
f 675/1/1 2/1/1 181/1/1
f 187/1/2 675/1/2 2/1/2
f 181/1/2 2/1/2 675/1/2
f 678/5/277 677/4/276 676/4/275
f 677/4/276 678/5/277 679/5/278
f 676/4/281 677/4/280 678/5/279
f 679/5/282 678/5/279 677/4/280
f 682/5/285 681/5/284 680/5/283
f 681/5/284 682/5/285 683/5/286
f 680/5/289 681/5/288 682/5/287
f 683/5/290 682/5/287 681/5/288
f 685/5/292 678/5/277 684/5/291
f 678/5/277 685/5/292 679/5/278
f 684/5/294 678/5/279 685/5/293
f 679/5/282 685/5/293 678/5/279
f 688/4/91 687/6/94 686/4/92
f 687/6/94 688/4/91 689/6/93
f 686/4/96 687/6/98 688/4/97
f 689/6/95 688/4/97 687/6/98
f 691/6/107 689/6/93 690/6/108
f 689/6/93 691/6/107 687/6/94
f 690/6/110 689/6/95 691/6/109
f 687/6/98 691/6/109 689/6/95
f 690/6/108 688/4/91 692/4/113
f 688/4/91 690/6/108 689/6/93
f 692/4/114 688/4/97 690/6/110
f 689/6/95 690/6/110 688/4/97
f 684/5/291 676/4/275 693/4/295
f 676/4/275 684/5/291 678/5/277
f 693/4/296 676/4/281 684/5/294
f 678/5/279 684/5/294 676/4/281
f 694/4/297 679/5/278 685/5/292
f 679/5/278 694/4/297 677/4/276
f 685/5/293 679/5/282 694/4/298
f 677/4/280 694/4/298 679/5/282
f 697/7/155 696/7/134 695/7/140
f 696/7/134 697/7/155 698/7/132
f 695/7/142 696/7/138 697/7/158
f 698/7/136 697/7/158 696/7/138
f 698/7/132 699/4/133 696/7/134
f 699/4/133 698/7/132 700/4/131
f 696/7/138 699/4/135 698/7/136
f 700/4/137 698/7/136 699/4/135
f 702/4/156 695/7/140 701/4/139
f 695/7/140 702/4/156 697/7/155
f 701/4/141 695/7/142 702/4/157
f 697/7/158 702/4/157 695/7/142
f 700/4/131 697/7/155 702/4/156
f 697/7/155 700/4/131 698/7/132
f 702/4/157 697/7/158 700/4/137
f 698/7/136 700/4/137 697/7/158
f 704/4/300 683/5/286 703/4/299
f 683/5/286 704/4/300 681/5/284
f 703/4/302 683/5/290 704/4/301
f 681/5/288 704/4/301 683/5/290
f 683/5/286 705/4/303 703/4/299
f 705/4/303 683/5/286 682/5/285
f 703/4/302 705/4/304 683/5/290
f 682/5/287 683/5/290 705/4/304
f 680/5/283 704/4/300 706/4/305
f 704/4/300 680/5/283 681/5/284
f 706/4/306 704/4/301 680/5/289
f 681/5/288 680/5/289 704/4/301
f 709/7/94 708/4/111 707/4/92
f 708/4/111 709/7/94 710/7/107
f 707/4/96 708/4/112 709/7/98
f 710/7/109 709/7/98 708/4/112
f 682/5/285 706/4/305 705/4/303
f 706/4/305 682/5/285 680/5/283
f 705/4/304 706/4/306 682/5/287
f 680/5/289 682/5/287 706/4/306
f 710/7/107 712/7/93 711/7/108
f 712/7/93 710/7/107 709/7/94
f 711/7/110 712/7/95 710/7/109
f 709/7/98 710/7/109 712/7/95
f 691/6/107 692/4/113 713/4/111
f 692/4/113 691/6/107 690/6/108
f 713/4/112 692/4/114 691/6/109
f 690/6/110 691/6/109 692/4/114
f 711/7/108 715/4/91 714/4/113
f 715/4/91 711/7/108 712/7/93
f 714/4/114 715/4/97 711/7/110
f 712/7/95 711/7/110 715/4/97
f 695/7/140 699/4/133 701/4/139
f 699/4/133 695/7/140 696/7/134
f 701/4/141 699/4/135 695/7/142
f 696/7/138 695/7/142 699/4/135
f 687/6/94 713/4/111 686/4/92
f 713/4/111 687/6/94 691/6/107
f 686/4/96 713/4/112 687/6/98
f 691/6/109 687/6/98 713/4/112
f 710/7/107 714/4/113 708/4/111
f 714/4/113 710/7/107 711/7/108
f 708/4/112 714/4/114 710/7/109
f 711/7/110 710/7/109 714/4/114
f 694/4/297 684/5/291 693/4/295
f 684/5/291 694/4/297 685/5/292
f 693/4/296 684/5/294 694/4/298
f 685/5/293 694/4/298 684/5/294
f 718/7/94 717/4/111 716/4/92
f 717/4/111 718/7/94 719/7/107
f 716/4/96 717/4/112 718/7/98
f 719/7/109 718/7/98 717/4/112
f 715/4/91 709/7/94 707/4/92
f 709/7/94 715/4/91 712/7/93
f 707/4/96 709/7/98 715/4/97
f 712/7/95 715/4/97 709/7/98
f 719/7/107 721/7/93 720/7/108
f 721/7/93 719/7/107 718/7/94
f 720/7/110 721/7/95 719/7/109
f 718/7/98 719/7/109 721/7/95
f 722/4/91 718/7/94 716/4/92
f 718/7/94 722/4/91 721/7/93
f 716/4/96 718/7/98 722/4/97
f 721/7/95 722/4/97 718/7/98
f 719/7/107 723/4/113 717/4/111
f 723/4/113 719/7/107 720/7/108
f 717/4/112 723/4/114 719/7/109
f 720/7/110 719/7/109 723/4/114
f 720/7/108 722/4/91 723/4/113
f 722/4/91 720/7/108 721/7/93
f 723/4/114 722/4/97 720/7/110
f 721/7/95 720/7/110 722/4/97
f 726/5/309 725/5/308 724/5/307
f 725/5/308 726/5/309 727/5/310
f 724/5/313 725/5/312 726/5/311
f 727/5/314 726/5/311 725/5/312
f 724/5/307 729/4/316 728/4/315
f 729/4/316 724/5/307 725/5/308
f 728/4/318 729/4/317 724/5/313
f 725/5/312 724/5/313 729/4/317
f 726/5/309 728/4/315 730/4/319
f 728/4/315 726/5/309 724/5/307
f 730/4/320 728/4/318 726/5/311
f 724/5/313 726/5/311 728/4/318
f 725/5/308 731/4/321 729/4/316
f 731/4/321 725/5/308 727/5/310
f 729/4/317 731/4/322 725/5/312
f 727/5/314 725/5/312 731/4/322
f 731/4/321 726/5/309 730/4/319
f 726/5/309 731/4/321 727/5/310
f 730/4/320 726/5/311 731/4/322
f 727/5/314 731/4/322 726/5/311
f 734/4/144 733/5/151 732/4/159
f 733/5/151 734/4/144 735/5/146
f 732/4/160 733/5/153 734/4/148
f 735/5/150 734/4/148 733/5/153
f 733/5/151 737/5/145 736/5/152
f 737/5/145 733/5/151 735/5/146
f 736/5/154 737/5/147 733/5/153
f 735/5/150 733/5/153 737/5/147
f 733/5/151 738/4/161 732/4/159
f 738/4/161 733/5/151 736/5/152
f 732/4/160 738/4/162 733/5/153
f 736/5/154 733/5/153 738/4/162
f 737/5/145 734/4/144 739/4/143
f 734/4/144 737/5/145 735/5/146
f 739/4/149 734/4/148 737/5/147
f 735/5/150 737/5/147 734/4/148
f 736/5/152 739/4/143 738/4/161
f 739/4/143 736/5/152 737/5/145
f 738/4/162 739/4/149 736/5/154
f 737/5/147 736/5/154 739/4/149
f 742/7/155 741/7/134 740/7/140
f 741/7/134 742/7/155 743/7/132
f 740/7/142 741/7/138 742/7/158
f 743/7/136 742/7/158 741/7/138
f 743/7/132 744/4/133 741/7/134
f 744/4/133 743/7/132 745/4/131
f 741/7/138 744/4/135 743/7/136
f 745/4/137 743/7/136 744/4/135
f 748/5/85 747/5/101 746/5/86
f 747/5/101 748/5/85 749/5/102
f 746/5/90 747/5/103 748/5/87
f 749/5/106 748/5/87 747/5/103
f 746/5/86 751/4/99 750/4/84
f 751/4/99 746/5/86 747/5/101
f 750/4/88 751/4/105 746/5/90
f 747/5/103 746/5/90 751/4/105
f 740/7/140 744/4/133 752/4/139
f 744/4/133 740/7/140 741/7/134
f 752/4/141 744/4/135 740/7/142
f 741/7/138 740/7/142 744/4/135
f 745/4/131 742/7/155 753/4/156
f 742/7/155 745/4/131 743/7/132
f 753/4/157 742/7/158 745/4/137
f 743/7/136 745/4/137 742/7/158
f 747/5/101 754/4/100 751/4/99
f 754/4/100 747/5/101 749/5/102
f 751/4/105 754/4/104 747/5/103
f 749/5/106 747/5/103 754/4/104
f 748/5/85 750/4/84 755/4/83
f 750/4/84 748/5/85 746/5/86
f 755/4/89 750/4/88 748/5/87
f 746/5/90 748/5/87 750/4/88
f 754/4/100 748/5/85 755/4/83
f 748/5/85 754/4/100 749/5/102
f 755/4/89 748/5/87 754/4/104
f 749/5/106 754/4/104 748/5/87
f 753/4/156 740/7/140 752/4/139
f 740/7/140 753/4/156 742/7/155
f 752/4/141 740/7/142 753/4/157
f 742/7/158 753/4/157 740/7/142
f 758/3/277 757/1/276 756/1/275
f 757/1/276 758/3/277 759/3/278
f 756/1/281 757/1/280 758/3/279
f 759/3/282 758/3/279 757/1/280
f 762/3/285 761/3/284 760/3/283
f 761/3/284 762/3/285 763/3/286
f 760/3/289 761/3/288 762/3/287
f 763/3/290 762/3/287 761/3/288
f 765/3/292 758/3/277 764/3/291
f 758/3/277 765/3/292 759/3/278
f 764/3/294 758/3/279 765/3/293
f 759/3/282 765/3/293 758/3/279
f 768/1/91 767/2/94 766/1/92
f 767/2/94 768/1/91 769/2/93
f 766/1/96 767/2/98 768/1/97
f 769/2/95 768/1/97 767/2/98
f 771/2/107 769/2/93 770/2/108
f 769/2/93 771/2/107 767/2/94
f 770/2/110 769/2/95 771/2/109
f 767/2/98 771/2/109 769/2/95
f 770/2/108 768/1/91 772/1/113
f 768/1/91 770/2/108 769/2/93
f 772/1/114 768/1/97 770/2/110
f 769/2/95 770/2/110 768/1/97
f 764/3/291 756/1/275 773/1/295
f 756/1/275 764/3/291 758/3/277
f 773/1/296 756/1/281 764/3/294
f 758/3/279 764/3/294 756/1/281
f 774/1/297 759/3/278 765/3/292
f 759/3/278 774/1/297 757/1/276
f 765/3/293 759/3/282 774/1/298
f 757/1/280 774/1/298 759/3/282
f 777/8/155 776/8/134 775/8/140
f 776/8/134 777/8/155 778/8/132
f 775/8/142 776/8/138 777/8/158
f 778/8/136 777/8/158 776/8/138
f 778/8/132 779/1/133 776/8/134
f 779/1/133 778/8/132 780/1/131
f 776/8/138 779/1/135 778/8/136
f 780/1/137 778/8/136 779/1/135
f 782/1/156 775/8/140 781/1/139
f 775/8/140 782/1/156 777/8/155
f 781/1/141 775/8/142 782/1/157
f 777/8/158 782/1/157 775/8/142
f 780/1/131 777/8/155 782/1/156
f 777/8/155 780/1/131 778/8/132
f 782/1/157 777/8/158 780/1/137
f 778/8/136 780/1/137 777/8/158
f 784/1/300 763/3/286 783/1/299
f 763/3/286 784/1/300 761/3/284
f 783/1/302 763/3/290 784/1/301
f 761/3/288 784/1/301 763/3/290
f 763/3/286 785/1/303 783/1/299
f 785/1/303 763/3/286 762/3/285
f 783/1/302 785/1/304 763/3/290
f 762/3/287 763/3/290 785/1/304
f 760/3/283 784/1/300 786/1/305
f 784/1/300 760/3/283 761/3/284
f 786/1/306 784/1/301 760/3/289
f 761/3/288 760/3/289 784/1/301
f 789/8/94 788/1/111 787/1/92
f 788/1/111 789/8/94 790/8/107
f 787/1/96 788/1/112 789/8/98
f 790/8/109 789/8/98 788/1/112
f 762/3/285 786/1/305 785/1/303
f 786/1/305 762/3/285 760/3/283
f 785/1/304 786/1/306 762/3/287
f 760/3/289 762/3/287 786/1/306
f 790/8/107 792/8/93 791/8/108
f 792/8/93 790/8/107 789/8/94
f 791/8/110 792/8/95 790/8/109
f 789/8/98 790/8/109 792/8/95
f 771/2/107 772/1/113 793/1/111
f 772/1/113 771/2/107 770/2/108
f 793/1/112 772/1/114 771/2/109
f 770/2/110 771/2/109 772/1/114
f 791/8/108 795/1/91 794/1/113
f 795/1/91 791/8/108 792/8/93
f 794/1/114 795/1/97 791/8/110
f 792/8/95 791/8/110 795/1/97
f 775/8/140 779/1/133 781/1/139
f 779/1/133 775/8/140 776/8/134
f 781/1/141 779/1/135 775/8/142
f 776/8/138 775/8/142 779/1/135
f 767/2/94 793/1/111 766/1/92
f 793/1/111 767/2/94 771/2/107
f 766/1/96 793/1/112 767/2/98
f 771/2/109 767/2/98 793/1/112
f 790/8/107 794/1/113 788/1/111
f 794/1/113 790/8/107 791/8/108
f 788/1/112 794/1/114 790/8/109
f 791/8/110 790/8/109 794/1/114
f 774/1/297 764/3/291 773/1/295
f 764/3/291 774/1/297 765/3/292
f 773/1/296 764/3/294 774/1/298
f 765/3/293 774/1/298 764/3/294
f 798/8/94 797/1/111 796/1/92
f 797/1/111 798/8/94 799/8/107
f 796/1/96 797/1/112 798/8/98
f 799/8/109 798/8/98 797/1/112
f 795/1/91 789/8/94 787/1/92
f 789/8/94 795/1/91 792/8/93
f 787/1/96 789/8/98 795/1/97
f 792/8/95 795/1/97 789/8/98
f 799/8/107 801/8/93 800/8/108
f 801/8/93 799/8/107 798/8/94
f 800/8/110 801/8/95 799/8/109
f 798/8/98 799/8/109 801/8/95
f 802/1/91 798/8/94 796/1/92
f 798/8/94 802/1/91 801/8/93
f 796/1/96 798/8/98 802/1/97
f 801/8/95 802/1/97 798/8/98
f 799/8/107 803/1/113 797/1/111
f 803/1/113 799/8/107 800/8/108
f 797/1/112 803/1/114 799/8/109
f 800/8/110 799/8/109 803/1/114
f 800/8/108 802/1/91 803/1/113
f 802/1/91 800/8/108 801/8/93
f 803/1/114 802/1/97 800/8/110
f 801/8/95 800/8/110 802/1/97
f 806/3/309 805/3/308 804/3/307
f 805/3/308 806/3/309 807/3/310
f 804/3/313 805/3/312 806/3/311
f 807/3/314 806/3/311 805/3/312
f 804/3/307 809/1/316 808/1/315
f 809/1/316 804/3/307 805/3/308
f 808/1/318 809/1/317 804/3/313
f 805/3/312 804/3/313 809/1/317
f 806/3/309 808/1/315 810/1/319
f 808/1/315 806/3/309 804/3/307
f 810/1/320 808/1/318 806/3/311
f 804/3/313 806/3/311 808/1/318
f 805/3/308 811/1/321 809/1/316
f 811/1/321 805/3/308 807/3/310
f 809/1/317 811/1/322 805/3/312
f 807/3/314 805/3/312 811/1/322
f 811/1/321 806/3/309 810/1/319
f 806/3/309 811/1/321 807/3/310
f 810/1/320 806/3/311 811/1/322
f 807/3/314 811/1/322 806/3/311
f 814/1/144 813/3/151 812/1/159
f 813/3/151 814/1/144 815/3/146
f 812/1/160 813/3/153 814/1/148
f 815/3/150 814/1/148 813/3/153
f 813/3/151 817/3/145 816/3/152
f 817/3/145 813/3/151 815/3/146
f 816/3/154 817/3/147 813/3/153
f 815/3/150 813/3/153 817/3/147
f 813/3/151 818/1/161 812/1/159
f 818/1/161 813/3/151 816/3/152
f 812/1/160 818/1/162 813/3/153
f 816/3/154 813/3/153 818/1/162
f 817/3/145 814/1/144 819/1/143
f 814/1/144 817/3/145 815/3/146
f 819/1/149 814/1/148 817/3/147
f 815/3/150 817/3/147 814/1/148
f 816/3/152 819/1/143 818/1/161
f 819/1/143 816/3/152 817/3/145
f 818/1/162 819/1/149 816/3/154
f 817/3/147 816/3/154 819/1/149
f 822/8/155 821/8/134 820/8/140
f 821/8/134 822/8/155 823/8/132
f 820/8/142 821/8/138 822/8/158
f 823/8/136 822/8/158 821/8/138
f 823/8/132 824/1/133 821/8/134
f 824/1/133 823/8/132 825/1/131
f 821/8/138 824/1/135 823/8/136
f 825/1/137 823/8/136 824/1/135
f 828/3/85 827/3/101 826/3/86
f 827/3/101 828/3/85 829/3/102
f 826/3/90 827/3/103 828/3/87
f 829/3/106 828/3/87 827/3/103
f 826/3/86 831/1/99 830/1/84
f 831/1/99 826/3/86 827/3/101
f 830/1/88 831/1/105 826/3/90
f 827/3/103 826/3/90 831/1/105
f 820/8/140 824/1/133 832/1/139
f 824/1/133 820/8/140 821/8/134
f 832/1/141 824/1/135 820/8/142
f 821/8/138 820/8/142 824/1/135
f 825/1/131 822/8/155 833/1/156
f 822/8/155 825/1/131 823/8/132
f 833/1/157 822/8/158 825/1/137
f 823/8/136 825/1/137 822/8/158
f 827/3/101 834/1/100 831/1/99
f 834/1/100 827/3/101 829/3/102
f 831/1/105 834/1/104 827/3/103
f 829/3/106 827/3/103 834/1/104
f 828/3/85 830/1/84 835/1/83
f 830/1/84 828/3/85 826/3/86
f 835/1/89 830/1/88 828/3/87
f 826/3/90 828/3/87 830/1/88
f 834/1/100 828/3/85 835/1/83
f 828/3/85 834/1/100 829/3/102
f 835/1/89 828/3/87 834/1/104
f 829/3/106 834/1/104 828/3/87
f 833/1/156 820/8/140 832/1/139
f 820/8/140 833/1/156 822/8/155
f 832/1/141 820/8/142 833/1/157
f 822/8/158 833/1/157 820/8/142
f 184/1/1 1/1/1 183/1/1
f 1/1/1 184/1/1 3/1/1
f 183/1/2 1/1/2 184/1/2
f 3/1/2 184/1/2 1/1/2
f 838/3/277 837/1/276 836/1/275
f 837/1/276 838/3/277 839/3/278
f 836/1/281 837/1/280 838/3/279
f 839/3/282 838/3/279 837/1/280
f 842/3/285 841/3/284 840/3/283
f 841/3/284 842/3/285 843/3/286
f 840/3/289 841/3/288 842/3/287
f 843/3/290 842/3/287 841/3/288
f 845/3/292 838/3/277 844/3/291
f 838/3/277 845/3/292 839/3/278
f 844/3/294 838/3/279 845/3/293
f 839/3/282 845/3/293 838/3/279
f 848/1/91 847/2/94 846/1/92
f 847/2/94 848/1/91 849/2/93
f 846/1/96 847/2/98 848/1/97
f 849/2/95 848/1/97 847/2/98
f 851/2/107 849/2/93 850/2/108
f 849/2/93 851/2/107 847/2/94
f 850/2/110 849/2/95 851/2/109
f 847/2/98 851/2/109 849/2/95
f 850/2/108 848/1/91 852/1/113
f 848/1/91 850/2/108 849/2/93
f 852/1/114 848/1/97 850/2/110
f 849/2/95 850/2/110 848/1/97
f 844/3/291 836/1/275 853/1/295
f 836/1/275 844/3/291 838/3/277
f 853/1/296 836/1/281 844/3/294
f 838/3/279 844/3/294 836/1/281
f 854/1/297 839/3/278 845/3/292
f 839/3/278 854/1/297 837/1/276
f 845/3/293 839/3/282 854/1/298
f 837/1/280 854/1/298 839/3/282
f 857/8/155 856/8/134 855/8/140
f 856/8/134 857/8/155 858/8/132
f 855/8/142 856/8/138 857/8/158
f 858/8/136 857/8/158 856/8/138
f 858/8/132 859/1/133 856/8/134
f 859/1/133 858/8/132 860/1/131
f 856/8/138 859/1/135 858/8/136
f 860/1/137 858/8/136 859/1/135
f 862/1/156 855/8/140 861/1/139
f 855/8/140 862/1/156 857/8/155
f 861/1/141 855/8/142 862/1/157
f 857/8/158 862/1/157 855/8/142
f 860/1/131 857/8/155 862/1/156
f 857/8/155 860/1/131 858/8/132
f 862/1/157 857/8/158 860/1/137
f 858/8/136 860/1/137 857/8/158
f 864/1/300 843/3/286 863/1/299
f 843/3/286 864/1/300 841/3/284
f 863/1/302 843/3/290 864/1/301
f 841/3/288 864/1/301 843/3/290
f 843/3/286 865/1/303 863/1/299
f 865/1/303 843/3/286 842/3/285
f 863/1/302 865/1/304 843/3/290
f 842/3/287 843/3/290 865/1/304
f 840/3/283 864/1/300 866/1/305
f 864/1/300 840/3/283 841/3/284
f 866/1/306 864/1/301 840/3/289
f 841/3/288 840/3/289 864/1/301
f 869/8/94 868/1/111 867/1/92
f 868/1/111 869/8/94 870/8/107
f 867/1/96 868/1/112 869/8/98
f 870/8/109 869/8/98 868/1/112
f 842/3/285 866/1/305 865/1/303
f 866/1/305 842/3/285 840/3/283
f 865/1/304 866/1/306 842/3/287
f 840/3/289 842/3/287 866/1/306
f 870/8/107 872/8/93 871/8/108
f 872/8/93 870/8/107 869/8/94
f 871/8/110 872/8/95 870/8/109
f 869/8/98 870/8/109 872/8/95
f 851/2/107 852/1/113 873/1/111
f 852/1/113 851/2/107 850/2/108
f 873/1/112 852/1/114 851/2/109
f 850/2/110 851/2/109 852/1/114
f 871/8/108 875/1/91 874/1/113
f 875/1/91 871/8/108 872/8/93
f 874/1/114 875/1/97 871/8/110
f 872/8/95 871/8/110 875/1/97
f 855/8/140 859/1/133 861/1/139
f 859/1/133 855/8/140 856/8/134
f 861/1/141 859/1/135 855/8/142
f 856/8/138 855/8/142 859/1/135
f 847/2/94 873/1/111 846/1/92
f 873/1/111 847/2/94 851/2/107
f 846/1/96 873/1/112 847/2/98
f 851/2/109 847/2/98 873/1/112
f 870/8/107 874/1/113 868/1/111
f 874/1/113 870/8/107 871/8/108
f 868/1/112 874/1/114 870/8/109
f 871/8/110 870/8/109 874/1/114
f 854/1/297 844/3/291 853/1/295
f 844/3/291 854/1/297 845/3/292
f 853/1/296 844/3/294 854/1/298
f 845/3/293 854/1/298 844/3/294
f 878/8/94 877/1/111 876/1/92
f 877/1/111 878/8/94 879/8/107
f 876/1/96 877/1/112 878/8/98
f 879/8/109 878/8/98 877/1/112
f 875/1/91 869/8/94 867/1/92
f 869/8/94 875/1/91 872/8/93
f 867/1/96 869/8/98 875/1/97
f 872/8/95 875/1/97 869/8/98
f 879/8/107 881/8/93 880/8/108
f 881/8/93 879/8/107 878/8/94
f 880/8/110 881/8/95 879/8/109
f 878/8/98 879/8/109 881/8/95
f 882/1/91 878/8/94 876/1/92
f 878/8/94 882/1/91 881/8/93
f 876/1/96 878/8/98 882/1/97
f 881/8/95 882/1/97 878/8/98
f 879/8/107 883/1/113 877/1/111
f 883/1/113 879/8/107 880/8/108
f 877/1/112 883/1/114 879/8/109
f 880/8/110 879/8/109 883/1/114
f 880/8/108 882/1/91 883/1/113
f 882/1/91 880/8/108 881/8/93
f 883/1/114 882/1/97 880/8/110
f 881/8/95 880/8/110 882/1/97
f 886/3/309 885/3/308 884/3/307
f 885/3/308 886/3/309 887/3/310
f 884/3/313 885/3/312 886/3/311
f 887/3/314 886/3/311 885/3/312
f 884/3/307 889/1/316 888/1/315
f 889/1/316 884/3/307 885/3/308
f 888/1/318 889/1/317 884/3/313
f 885/3/312 884/3/313 889/1/317
f 886/3/309 888/1/315 890/1/319
f 888/1/315 886/3/309 884/3/307
f 890/1/320 888/1/318 886/3/311
f 884/3/313 886/3/311 888/1/318
f 885/3/308 891/1/321 889/1/316
f 891/1/321 885/3/308 887/3/310
f 889/1/317 891/1/322 885/3/312
f 887/3/314 885/3/312 891/1/322
f 891/1/321 886/3/309 890/1/319
f 886/3/309 891/1/321 887/3/310
f 890/1/320 886/3/311 891/1/322
f 887/3/314 891/1/322 886/3/311
f 894/1/144 893/3/151 892/1/159
f 893/3/151 894/1/144 895/3/146
f 892/1/160 893/3/153 894/1/148
f 895/3/150 894/1/148 893/3/153
f 893/3/151 897/3/145 896/3/152
f 897/3/145 893/3/151 895/3/146
f 896/3/154 897/3/147 893/3/153
f 895/3/150 893/3/153 897/3/147
f 893/3/151 898/1/161 892/1/159
f 898/1/161 893/3/151 896/3/152
f 892/1/160 898/1/162 893/3/153
f 896/3/154 893/3/153 898/1/162
f 897/3/145 894/1/144 899/1/143
f 894/1/144 897/3/145 895/3/146
f 899/1/149 894/1/148 897/3/147
f 895/3/150 897/3/147 894/1/148
f 896/3/152 899/1/143 898/1/161
f 899/1/143 896/3/152 897/3/145
f 898/1/162 899/1/149 896/3/154
f 897/3/147 896/3/154 899/1/149
f 902/8/155 901/8/134 900/8/140
f 901/8/134 902/8/155 903/8/132
f 900/8/142 901/8/138 902/8/158
f 903/8/136 902/8/158 901/8/138
f 903/8/132 904/1/133 901/8/134
f 904/1/133 903/8/132 905/1/131
f 901/8/138 904/1/135 903/8/136
f 905/1/137 903/8/136 904/1/135
f 908/3/85 907/3/101 906/3/86
f 907/3/101 908/3/85 909/3/102
f 906/3/90 907/3/103 908/3/87
f 909/3/106 908/3/87 907/3/103
f 906/3/86 911/1/99 910/1/84
f 911/1/99 906/3/86 907/3/101
f 910/1/88 911/1/105 906/3/90
f 907/3/103 906/3/90 911/1/105
f 900/8/140 904/1/133 912/1/139
f 904/1/133 900/8/140 901/8/134
f 912/1/141 904/1/135 900/8/142
f 901/8/138 900/8/142 904/1/135
f 905/1/131 902/8/155 913/1/156
f 902/8/155 905/1/131 903/8/132
f 913/1/157 902/8/158 905/1/137
f 903/8/136 905/1/137 902/8/158
f 907/3/101 914/1/100 911/1/99
f 914/1/100 907/3/101 909/3/102
f 911/1/105 914/1/104 907/3/103
f 909/3/106 907/3/103 914/1/104
f 908/3/85 910/1/84 915/1/83
f 910/1/84 908/3/85 906/3/86
f 915/1/89 910/1/88 908/3/87
f 906/3/90 908/3/87 910/1/88
f 914/1/100 908/3/85 915/1/83
f 908/3/85 914/1/100 909/3/102
f 915/1/89 908/3/87 914/1/104
f 909/3/106 914/1/104 908/3/87
f 913/1/156 900/8/140 912/1/139
f 900/8/140 913/1/156 902/8/155
f 912/1/141 900/8/142 913/1/157
f 902/8/158 913/1/157 900/8/142
f 185/1/1 917/1/1 916/1/1
f 917/1/1 185/1/1 182/1/1
f 916/1/2 917/1/2 185/1/2
f 182/1/2 185/1/2 917/1/2
f 920/3/277 919/1/276 918/1/275
f 919/1/276 920/3/277 921/3/278
f 918/1/281 919/1/280 920/3/279
f 921/3/282 920/3/279 919/1/280
f 924/3/285 923/3/284 922/3/283
f 923/3/284 924/3/285 925/3/286
f 922/3/289 923/3/288 924/3/287
f 925/3/290 924/3/287 923/3/288
f 927/3/292 920/3/277 926/3/291
f 920/3/277 927/3/292 921/3/278
f 926/3/294 920/3/279 927/3/293
f 921/3/282 927/3/293 920/3/279
f 930/1/91 929/2/94 928/1/92
f 929/2/94 930/1/91 931/2/93
f 928/1/96 929/2/98 930/1/97
f 931/2/95 930/1/97 929/2/98
f 933/2/107 931/2/93 932/2/108
f 931/2/93 933/2/107 929/2/94
f 932/2/110 931/2/95 933/2/109
f 929/2/98 933/2/109 931/2/95
f 932/2/108 930/1/91 934/1/113
f 930/1/91 932/2/108 931/2/93
f 934/1/114 930/1/97 932/2/110
f 931/2/95 932/2/110 930/1/97
f 926/3/291 918/1/275 935/1/295
f 918/1/275 926/3/291 920/3/277
f 935/1/296 918/1/281 926/3/294
f 920/3/279 926/3/294 918/1/281
f 936/1/297 921/3/278 927/3/292
f 921/3/278 936/1/297 919/1/276
f 927/3/293 921/3/282 936/1/298
f 919/1/280 936/1/298 921/3/282
f 939/8/155 938/8/134 937/8/140
f 938/8/134 939/8/155 940/8/132
f 937/8/142 938/8/138 939/8/158
f 940/8/136 939/8/158 938/8/138
f 940/8/132 941/1/133 938/8/134
f 941/1/133 940/8/132 942/1/131
f 938/8/138 941/1/135 940/8/136
f 942/1/137 940/8/136 941/1/135
f 944/1/156 937/8/140 943/1/139
f 937/8/140 944/1/156 939/8/155
f 943/1/141 937/8/142 944/1/157
f 939/8/158 944/1/157 937/8/142
f 942/1/131 939/8/155 944/1/156
f 939/8/155 942/1/131 940/8/132
f 944/1/157 939/8/158 942/1/137
f 940/8/136 942/1/137 939/8/158
f 946/1/300 925/3/286 945/1/299
f 925/3/286 946/1/300 923/3/284
f 945/1/302 925/3/290 946/1/301
f 923/3/288 946/1/301 925/3/290
f 925/3/286 947/1/303 945/1/299
f 947/1/303 925/3/286 924/3/285
f 945/1/302 947/1/304 925/3/290
f 924/3/287 925/3/290 947/1/304
f 922/3/283 946/1/300 948/1/305
f 946/1/300 922/3/283 923/3/284
f 948/1/306 946/1/301 922/3/289
f 923/3/288 922/3/289 946/1/301
f 951/8/94 950/1/111 949/1/92
f 950/1/111 951/8/94 952/8/107
f 949/1/96 950/1/112 951/8/98
f 952/8/109 951/8/98 950/1/112
f 924/3/285 948/1/305 947/1/303
f 948/1/305 924/3/285 922/3/283
f 947/1/304 948/1/306 924/3/287
f 922/3/289 924/3/287 948/1/306
f 952/8/107 954/8/93 953/8/108
f 954/8/93 952/8/107 951/8/94
f 953/8/110 954/8/95 952/8/109
f 951/8/98 952/8/109 954/8/95
f 933/2/107 934/1/113 955/1/111
f 934/1/113 933/2/107 932/2/108
f 955/1/112 934/1/114 933/2/109
f 932/2/110 933/2/109 934/1/114
f 953/8/108 957/1/91 956/1/113
f 957/1/91 953/8/108 954/8/93
f 956/1/114 957/1/97 953/8/110
f 954/8/95 953/8/110 957/1/97
f 937/8/140 941/1/133 943/1/139
f 941/1/133 937/8/140 938/8/134
f 943/1/141 941/1/135 937/8/142
f 938/8/138 937/8/142 941/1/135
f 929/2/94 955/1/111 928/1/92
f 955/1/111 929/2/94 933/2/107
f 928/1/96 955/1/112 929/2/98
f 933/2/109 929/2/98 955/1/112
f 952/8/107 956/1/113 950/1/111
f 956/1/113 952/8/107 953/8/108
f 950/1/112 956/1/114 952/8/109
f 953/8/110 952/8/109 956/1/114
f 936/1/297 926/3/291 935/1/295
f 926/3/291 936/1/297 927/3/292
f 935/1/296 926/3/294 936/1/298
f 927/3/293 936/1/298 926/3/294
f 960/8/94 959/1/111 958/1/92
f 959/1/111 960/8/94 961/8/107
f 958/1/96 959/1/112 960/8/98
f 961/8/109 960/8/98 959/1/112
f 957/1/91 951/8/94 949/1/92
f 951/8/94 957/1/91 954/8/93
f 949/1/96 951/8/98 957/1/97
f 954/8/95 957/1/97 951/8/98
f 961/8/107 963/8/93 962/8/108
f 963/8/93 961/8/107 960/8/94
f 962/8/110 963/8/95 961/8/109
f 960/8/98 961/8/109 963/8/95
f 964/1/91 960/8/94 958/1/92
f 960/8/94 964/1/91 963/8/93
f 958/1/96 960/8/98 964/1/97
f 963/8/95 964/1/97 960/8/98
f 961/8/107 965/1/113 959/1/111
f 965/1/113 961/8/107 962/8/108
f 959/1/112 965/1/114 961/8/109
f 962/8/110 961/8/109 965/1/114
f 962/8/108 964/1/91 965/1/113
f 964/1/91 962/8/108 963/8/93
f 965/1/114 964/1/97 962/8/110
f 963/8/95 962/8/110 964/1/97
f 968/3/309 967/3/308 966/3/307
f 967/3/308 968/3/309 969/3/310
f 966/3/313 967/3/312 968/3/311
f 969/3/314 968/3/311 967/3/312
f 966/3/307 971/1/316 970/1/315
f 971/1/316 966/3/307 967/3/308
f 970/1/318 971/1/317 966/3/313
f 967/3/312 966/3/313 971/1/317
f 968/3/309 970/1/315 972/1/319
f 970/1/315 968/3/309 966/3/307
f 972/1/320 970/1/318 968/3/311
f 966/3/313 968/3/311 970/1/318
f 967/3/308 973/1/321 971/1/316
f 973/1/321 967/3/308 969/3/310
f 971/1/317 973/1/322 967/3/312
f 969/3/314 967/3/312 973/1/322
f 973/1/321 968/3/309 972/1/319
f 968/3/309 973/1/321 969/3/310
f 972/1/320 968/3/311 973/1/322
f 969/3/314 973/1/322 968/3/311
f 976/1/144 975/3/151 974/1/159
f 975/3/151 976/1/144 977/3/146
f 974/1/160 975/3/153 976/1/148
f 977/3/150 976/1/148 975/3/153
f 975/3/151 979/3/145 978/3/152
f 979/3/145 975/3/151 977/3/146
f 978/3/154 979/3/147 975/3/153
f 977/3/150 975/3/153 979/3/147
f 975/3/151 980/1/161 974/1/159
f 980/1/161 975/3/151 978/3/152
f 974/1/160 980/1/162 975/3/153
f 978/3/154 975/3/153 980/1/162
f 979/3/145 976/1/144 981/1/143
f 976/1/144 979/3/145 977/3/146
f 981/1/149 976/1/148 979/3/147
f 977/3/150 979/3/147 976/1/148
f 978/3/152 981/1/143 980/1/161
f 981/1/143 978/3/152 979/3/145
f 980/1/162 981/1/149 978/3/154
f 979/3/147 978/3/154 981/1/149
f 984/8/155 983/8/134 982/8/140
f 983/8/134 984/8/155 985/8/132
f 982/8/142 983/8/138 984/8/158
f 985/8/136 984/8/158 983/8/138
f 985/8/132 986/1/133 983/8/134
f 986/1/133 985/8/132 987/1/131
f 983/8/138 986/1/135 985/8/136
f 987/1/137 985/8/136 986/1/135
f 990/3/85 989/3/101 988/3/86
f 989/3/101 990/3/85 991/3/102
f 988/3/90 989/3/103 990/3/87
f 991/3/106 990/3/87 989/3/103
f 988/3/86 993/1/99 992/1/84
f 993/1/99 988/3/86 989/3/101
f 992/1/88 993/1/105 988/3/90
f 989/3/103 988/3/90 993/1/105
f 982/8/140 986/1/133 994/1/139
f 986/1/133 982/8/140 983/8/134
f 994/1/141 986/1/135 982/8/142
f 983/8/138 982/8/142 986/1/135
f 987/1/131 984/8/155 995/1/156
f 984/8/155 987/1/131 985/8/132
f 995/1/157 984/8/158 987/1/137
f 985/8/136 987/1/137 984/8/158
f 989/3/101 996/1/100 993/1/99
f 996/1/100 989/3/101 991/3/102
f 993/1/105 996/1/104 989/3/103
f 991/3/106 989/3/103 996/1/104
f 990/3/85 992/1/84 997/1/83
f 992/1/84 990/3/85 988/3/86
f 997/1/89 992/1/88 990/3/87
f 988/3/90 990/3/87 992/1/88
f 996/1/100 990/3/85 997/1/83
f 990/3/85 996/1/100 991/3/102
f 997/1/89 990/3/87 996/1/104
f 991/3/106 996/1/104 990/3/87
f 995/1/156 982/8/140 994/1/139
f 982/8/140 995/1/156 984/8/155
f 994/1/141 982/8/142 995/1/157
f 984/8/158 995/1/157 982/8/142
f 186/1/1 179/1/1 312/1/1
f 179/1/1 186/1/1 187/1/1
f 312/1/2 179/1/2 186/1/2
f 187/1/2 186/1/2 179/1/2
f 1000/3/94 999/1/111 998/1/92
f 999/1/111 1000/3/94 1001/3/107
f 998/1/96 999/1/112 1000/3/98
f 1001/3/109 1000/3/98 999/1/112
f 1002/1/91 1000/3/94 998/1/92
f 1000/3/94 1002/1/91 1003/3/93
f 998/1/96 1000/3/98 1002/1/97
f 1003/3/95 1002/1/97 1000/3/98
f 1006/1/100 1005/2/85 1004/1/83
f 1005/2/85 1006/1/100 1007/2/102
f 1004/1/89 1005/2/87 1006/1/104
f 1007/2/106 1006/1/104 1005/2/87
f 1009/3/108 1002/1/91 1008/1/113
f 1002/1/91 1009/3/108 1003/3/93
f 1008/1/114 1002/1/97 1009/3/110
f 1003/3/95 1009/3/110 1002/1/97
f 1001/3/107 1008/1/113 999/1/111
f 1008/1/113 1001/3/107 1009/3/108
f 999/1/112 1008/1/114 1001/3/109
f 1009/3/110 1001/3/109 1008/1/114
f 1012/2/86 1011/1/99 1010/1/84
f 1011/1/99 1012/2/86 1013/2/101
f 1010/1/88 1011/1/105 1012/2/90
f 1013/2/103 1012/2/90 1011/1/105
f 1005/2/85 1010/1/84 1004/1/83
f 1010/1/84 1005/2/85 1012/2/86
f 1004/1/89 1010/1/88 1005/2/87
f 1012/2/90 1005/2/87 1010/1/88
f 1001/3/107 1003/3/93 1009/3/108
f 1003/3/93 1001/3/107 1000/3/94
f 1009/3/110 1003/3/95 1001/3/109
f 1000/3/98 1001/3/109 1003/3/95
f 1013/2/101 1006/1/100 1011/1/99
f 1006/1/100 1013/2/101 1007/2/102
f 1011/1/105 1006/1/104 1013/2/103
f 1007/2/106 1013/2/103 1006/1/104
f 1005/2/85 1013/2/101 1012/2/86
f 1013/2/101 1005/2/85 1007/2/102
f 1012/2/90 1013/2/103 1005/2/87
f 1007/2/106 1005/2/87 1013/2/103
f 1016/2/108 1015/1/91 1014/1/113
f 1015/1/91 1016/2/108 1017/2/93
f 1014/1/114 1015/1/97 1016/2/110
f 1017/2/95 1016/2/110 1015/1/97
f 1019/2/107 1014/1/113 1018/1/111
f 1014/1/113 1019/2/107 1016/2/108
f 1018/1/112 1014/1/114 1019/2/109
f 1016/2/110 1019/2/109 1014/1/114
f 1021/2/94 1018/1/111 1020/1/92
f 1018/1/111 1021/2/94 1019/2/107
f 1020/1/96 1018/1/112 1021/2/98
f 1019/2/109 1021/2/98 1018/1/112
f 1019/2/107 1017/2/93 1016/2/108
f 1017/2/93 1019/2/107 1021/2/94
f 1016/2/110 1017/2/95 1019/2/109
f 1021/2/98 1019/2/109 1017/2/95
f 1015/1/91 1021/2/94 1020/1/92
f 1021/2/94 1015/1/91 1017/2/93
f 1020/1/96 1021/2/98 1015/1/97
f 1017/2/95 1015/1/97 1021/2/98
f 1024/3/132 1023/1/133 1022/3/134
f 1023/1/133 1024/3/132 1025/1/131
f 1022/3/138 1023/1/135 1024/3/136
f 1025/1/137 1024/3/136 1023/1/135
f 1028/2/152 1027/1/143 1026/1/161
f 1027/1/143 1028/2/152 1029/2/145
f 1026/1/162 1027/1/149 1028/2/154
f 1029/2/147 1028/2/154 1027/1/149
f 1031/2/151 1026/1/161 1030/1/159
f 1026/1/161 1031/2/151 1028/2/152
f 1030/1/160 1026/1/162 1031/2/153
f 1028/2/154 1031/2/153 1026/1/162
f 1032/1/144 1031/2/151 1030/1/159
f 1031/2/151 1032/1/144 1033/2/146
f 1030/1/160 1031/2/153 1032/1/148
f 1033/2/150 1032/1/148 1031/2/153
f 1031/2/151 1029/2/145 1028/2/152
f 1029/2/145 1031/2/151 1033/2/146
f 1028/2/154 1029/2/147 1031/2/153
f 1033/2/150 1031/2/153 1029/2/147
f 1029/2/145 1032/1/144 1027/1/143
f 1032/1/144 1029/2/145 1033/2/146
f 1027/1/149 1032/1/148 1029/2/147
f 1033/2/150 1029/2/147 1032/1/148
f 1025/1/131 1035/3/155 1034/1/156
f 1035/3/155 1025/1/131 1024/3/132
f 1034/1/157 1035/3/158 1025/1/137
f 1024/3/136 1025/1/137 1035/3/158
f 1034/1/156 1037/3/140 1036/1/139
f 1037/3/140 1034/1/156 1035/3/155
f 1036/1/141 1037/3/142 1034/1/157
f 1035/3/158 1034/1/157 1037/3/142
f 1035/3/155 1022/3/134 1037/3/140
f 1022/3/134 1035/3/155 1024/3/132
f 1037/3/142 1022/3/138 1035/3/158
f 1024/3/136 1035/3/158 1022/3/138
f 1037/3/140 1023/1/133 1036/1/139
f 1023/1/133 1037/3/140 1022/3/134
f 1036/1/141 1023/1/135 1037/3/142
f 1022/3/138 1037/3/142 1023/1/135
f 1040/3/152 1039/1/143 1038/1/161
f 1039/1/143 1040/3/152 1041/3/145
f 1038/1/162 1039/1/149 1040/3/154
f 1041/3/147 1040/3/154 1039/1/149
f 1044/1/131 1043/8/155 1042/1/156
f 1043/8/155 1044/1/131 1045/8/132
f 1042/1/157 1043/8/158 1044/1/137
f 1045/8/136 1044/1/137 1043/8/158
f 1048/3/101 1047/1/100 1046/1/99
f 1047/1/100 1048/3/101 1049/3/102
f 1046/1/105 1047/1/104 1048/3/103
f 1049/3/106 1048/3/103 1047/1/104
f 1051/3/151 1038/1/161 1050/1/159
f 1038/1/161 1051/3/151 1040/3/152
f 1050/1/160 1038/1/162 1051/3/153
f 1040/3/154 1051/3/153 1038/1/162
f 1054/8/140 1053/1/133 1052/1/139
f 1053/1/133 1054/8/140 1055/8/134
f 1052/1/141 1053/1/135 1054/8/142
f 1055/8/138 1054/8/142 1053/1/135
f 1058/3/285 1057/3/284 1056/3/283
f 1057/3/284 1058/3/285 1059/3/286
f 1056/3/289 1057/3/288 1058/3/287
f 1059/3/290 1058/3/287 1057/3/288
f 1060/1/144 1051/3/151 1050/1/159
f 1051/3/151 1060/1/144 1061/3/146
f 1050/1/160 1051/3/153 1060/1/148
f 1061/3/150 1060/1/148 1051/3/153
f 1063/3/85 1048/3/101 1062/3/86
f 1048/3/101 1063/3/85 1049/3/102
f 1062/3/90 1048/3/103 1063/3/87
f 1049/3/106 1063/3/87 1048/3/103
f 1047/1/100 1063/3/85 1064/1/83
f 1063/3/85 1047/1/100 1049/3/102
f 1064/1/89 1063/3/87 1047/1/104
f 1049/3/106 1047/1/104 1063/3/87
f 1063/3/85 1065/1/84 1064/1/83
f 1065/1/84 1063/3/85 1062/3/86
f 1064/1/89 1065/1/88 1063/3/87
f 1062/3/90 1063/3/87 1065/1/88
f 1059/3/286 1067/1/303 1066/1/299
f 1067/1/303 1059/3/286 1058/3/285
f 1066/1/302 1067/1/304 1059/3/290
f 1058/3/287 1059/3/290 1067/1/304
f 1062/3/86 1046/1/99 1065/1/84
f 1046/1/99 1062/3/86 1048/3/101
f 1065/1/88 1046/1/105 1062/3/90
f 1048/3/103 1062/3/90 1046/1/105
f 1051/3/151 1041/3/145 1040/3/152
f 1041/3/145 1051/3/151 1061/3/146
f 1040/3/154 1041/3/147 1051/3/153
f 1061/3/150 1051/3/153 1041/3/147
f 1068/1/300 1059/3/286 1066/1/299
f 1059/3/286 1068/1/300 1057/3/284
f 1066/1/302 1059/3/290 1068/1/301
f 1057/3/288 1068/1/301 1059/3/290
f 1045/8/132 1053/1/133 1055/8/134
f 1053/1/133 1045/8/132 1044/1/131
f 1055/8/138 1053/1/135 1045/8/136
f 1044/1/137 1045/8/136 1053/1/135
f 1056/3/283 1068/1/300 1069/1/305
f 1068/1/300 1056/3/283 1057/3/284
f 1069/1/306 1068/1/301 1056/3/289
f 1057/3/288 1056/3/289 1068/1/301
f 1042/1/156 1054/8/140 1052/1/139
f 1054/8/140 1042/1/156 1043/8/155
f 1052/1/141 1054/8/142 1042/1/157
f 1043/8/158 1042/1/157 1054/8/142
f 1043/8/155 1055/8/134 1054/8/140
f 1055/8/134 1043/8/155 1045/8/132
f 1054/8/142 1055/8/138 1043/8/158
f 1045/8/136 1043/8/158 1055/8/138
f 1058/3/285 1069/1/305 1067/1/303
f 1069/1/305 1058/3/285 1056/3/283
f 1067/1/304 1069/1/306 1058/3/287
f 1056/3/289 1058/3/287 1069/1/306
f 1041/3/145 1060/1/144 1039/1/143
f 1060/1/144 1041/3/145 1061/3/146
f 1039/1/149 1060/1/148 1041/3/147
f 1061/3/150 1041/3/147 1060/1/148
f 1072/8/140 1071/1/133 1070/1/139
f 1071/1/133 1072/8/140 1073/8/134
f 1070/1/141 1071/1/135 1072/8/142
f 1073/8/138 1072/8/142 1071/1/135
f 1074/8/155 1073/8/134 1072/8/140
f 1073/8/134 1074/8/155 1075/8/132
f 1072/8/142 1073/8/138 1074/8/158
f 1075/8/136 1074/8/158 1073/8/138
f 1077/1/131 1074/8/155 1076/1/156
f 1074/8/155 1077/1/131 1075/8/132
f 1076/1/157 1074/8/158 1077/1/137
f 1075/8/136 1077/1/137 1074/8/158
f 1076/1/156 1072/8/140 1070/1/139
f 1072/8/140 1076/1/156 1074/8/155
f 1070/1/141 1072/8/142 1076/1/157
f 1074/8/158 1076/1/157 1072/8/142
f 1075/8/132 1071/1/133 1073/8/134
f 1071/1/133 1075/8/132 1077/1/131
f 1073/8/138 1071/1/135 1075/8/136
f 1077/1/137 1075/8/136 1071/1/135
f 1080/8/108 1079/1/91 1078/1/113
f 1079/1/91 1080/8/108 1081/8/93
f 1078/1/114 1079/1/97 1080/8/110
f 1081/8/95 1080/8/110 1079/1/97
f 1079/1/91 1083/8/94 1082/1/92
f 1083/8/94 1079/1/91 1081/8/93
f 1082/1/96 1083/8/98 1079/1/97
f 1081/8/95 1079/1/97 1083/8/98
f 1083/8/94 1084/1/111 1082/1/92
f 1084/1/111 1083/8/94 1085/8/107
f 1082/1/96 1084/1/112 1083/8/98
f 1085/8/109 1083/8/98 1084/1/112
f 1085/8/107 1078/1/113 1084/1/111
f 1078/1/113 1085/8/107 1080/8/108
f 1084/1/112 1078/1/114 1085/8/109
f 1080/8/110 1085/8/109 1078/1/114
f 1085/8/107 1081/8/93 1080/8/108
f 1081/8/93 1085/8/107 1083/8/94
f 1080/8/110 1081/8/95 1085/8/109
f 1083/8/98 1085/8/109 1081/8/95
f 1088/8/107 1087/8/93 1086/8/108
f 1087/8/93 1088/8/107 1089/8/94
f 1086/8/110 1087/8/95 1088/8/109
f 1089/8/98 1088/8/109 1087/8/95
f 1089/8/94 1091/1/111 1090/1/92
f 1091/1/111 1089/8/94 1088/8/107
f 1090/1/96 1091/1/112 1089/8/98
f 1088/8/109 1089/8/98 1091/1/112
f 1088/8/107 1092/1/113 1091/1/111
f 1092/1/113 1088/8/107 1086/8/108
f 1091/1/112 1092/1/114 1088/8/109
f 1086/8/110 1088/8/109 1092/1/114
f 1086/8/108 1093/1/91 1092/1/113
f 1093/1/91 1086/8/108 1087/8/93
f 1092/1/114 1093/1/97 1086/8/110
f 1087/8/95 1086/8/110 1093/1/97
f 1093/1/91 1089/8/94 1090/1/92
f 1089/8/94 1093/1/91 1087/8/93
f 1090/1/96 1089/8/98 1093/1/97
f 1087/8/95 1093/1/97 1089/8/98
f 1096/3/277 1095/1/276 1094/1/275
f 1095/1/276 1096/3/277 1097/3/278
f 1094/1/281 1095/1/280 1096/3/279
f 1097/3/282 1096/3/279 1095/1/280
f 1100/3/309 1099/3/308 1098/3/307
f 1099/3/308 1100/3/309 1101/3/310
f 1098/3/313 1099/3/312 1100/3/311
f 1101/3/314 1100/3/311 1099/3/312
f 1098/3/307 1103/1/316 1102/1/315
f 1103/1/316 1098/3/307 1099/3/308
f 1102/1/318 1103/1/317 1098/3/313
f 1099/3/312 1098/3/313 1103/1/317
f 1100/3/309 1102/1/315 1104/1/319
f 1102/1/315 1100/3/309 1098/3/307
f 1104/1/320 1102/1/318 1100/3/311
f 1098/3/313 1100/3/311 1102/1/318
f 1107/1/91 1106/2/94 1105/1/92
f 1106/2/94 1107/1/91 1108/2/93
f 1105/1/96 1106/2/98 1107/1/97
f 1108/2/95 1107/1/97 1106/2/98
f 1110/2/108 1107/1/91 1109/1/113
f 1107/1/91 1110/2/108 1108/2/93
f 1109/1/114 1107/1/97 1110/2/110
f 1108/2/95 1110/2/110 1107/1/97
f 1112/3/291 1094/1/275 1111/1/295
f 1094/1/275 1112/3/291 1096/3/277
f 1111/1/296 1094/1/281 1112/3/294
f 1096/3/279 1112/3/294 1094/1/281
f 1114/1/297 1097/3/278 1113/3/292
f 1097/3/278 1114/1/297 1095/1/276
f 1113/3/293 1097/3/282 1114/1/298
f 1095/1/280 1114/1/298 1097/3/282
f 1115/1/321 1100/3/309 1104/1/319
f 1100/3/309 1115/1/321 1101/3/310
f 1104/1/320 1100/3/311 1115/1/322
f 1101/3/314 1115/1/322 1100/3/311
f 1116/2/107 1108/2/93 1110/2/108
f 1108/2/93 1116/2/107 1106/2/94
f 1110/2/110 1108/2/95 1116/2/109
f 1106/2/98 1116/2/109 1108/2/95
f 1116/2/107 1109/1/113 1117/1/111
f 1109/1/113 1116/2/107 1110/2/108
f 1117/1/112 1109/1/114 1116/2/109
f 1110/2/110 1116/2/109 1109/1/114
f 1099/3/308 1115/1/321 1103/1/316
f 1115/1/321 1099/3/308 1101/3/310
f 1103/1/317 1115/1/322 1099/3/312
f 1101/3/314 1099/3/312 1115/1/322
f 1106/2/94 1117/1/111 1105/1/92
f 1117/1/111 1106/2/94 1116/2/107
f 1105/1/96 1117/1/112 1106/2/98
f 1116/2/109 1106/2/98 1117/1/112
f 1113/3/292 1096/3/277 1112/3/291
f 1096/3/277 1113/3/292 1097/3/278
f 1112/3/294 1096/3/279 1113/3/293
f 1097/3/282 1113/3/293 1096/3/279
f 1114/1/297 1112/3/291 1111/1/295
f 1112/3/291 1114/1/297 1113/3/292
f 1111/1/296 1112/3/294 1114/1/298
f 1113/3/293 1114/1/298 1112/3/294
f 182/1/1 312/1/1 229/1/1
f 312/1/1 182/1/1 1/1/1
f 229/1/2 312/1/2 182/1/2
f 1/1/2 182/1/2 312/1/2
f 916/1/1 229/1/1 1118/1/1
f 229/1/1 916/1/1 917/1/1
f 1118/1/2 229/1/2 916/1/2
f 917/1/2 916/1/2 229/1/2
f 514/1/1 4/1/1 3/1/1
f 4/1/1 514/1/1 1119/1/1
f 3/1/2 4/1/2 514/1/2
f 1119/1/2 514/1/2 4/1/2
f 89/1/1 184/1/1 91/1/1
f 184/1/1 89/1/1 513/1/1
f 91/1/2 184/1/2 89/1/2
f 513/1/2 89/1/2 184/1/2
f 187/1/1 180/1/1 179/1/1
f 180/1/1 187/1/1 675/1/1
f 179/1/2 180/1/2 187/1/2
f 675/1/2 187/1/2 180/1/2
f 1122/9/1 1121/9/1 1120/9/1
f 1121/9/1 1122/9/1 1123/9/1
f 1121/9/1 1123/9/1 1124/9/1
f 1124/9/1 1123/9/1 1125/9/1
f 1124/9/1 1125/9/1 1126/9/1
f 1126/9/1 1125/9/1 1127/9/1
f 1126/9/1 1127/9/1 1128/9/1
f 1128/9/1 1127/9/1 1129/9/1
f 1120/9/2 1121/9/2 1122/9/2
f 1123/9/2 1122/9/2 1121/9/2
f 1124/9/2 1123/9/2 1121/9/2
f 1125/9/2 1123/9/2 1124/9/2
f 1126/9/2 1125/9/2 1124/9/2
f 1127/9/2 1125/9/2 1126/9/2
f 1128/9/2 1127/9/2 1126/9/2
f 1129/9/2 1127/9/2 1128/9/2
f 1122/9/323 1131/10/323 1130/10/323
f 1131/10/323 1122/9/323 1120/9/323
f 1130/10/324 1131/10/324 1122/9/324
f 1120/9/324 1122/9/324 1131/10/324
f 1132/10/326 1122/9/325 1130/10/325
f 1122/9/325 1132/10/326 1123/9/326
f 1130/10/328 1122/9/328 1132/10/327
f 1123/9/327 1132/10/327 1122/9/328
f 1133/10/329 1123/9/326 1132/10/326
f 1123/9/326 1133/10/329 1125/9/329
f 1132/10/327 1123/9/327 1133/10/330
f 1125/9/330 1133/10/330 1123/9/327
f 1127/9/331 1133/10/329 1134/10/331
f 1133/10/329 1127/9/331 1125/9/329
f 1134/10/332 1133/10/330 1127/9/332
f 1125/9/330 1127/9/332 1133/10/330
f 1129/9/333 1134/10/331 1135/10/333
f 1134/10/331 1129/9/333 1127/9/331
f 1135/10/334 1134/10/332 1129/9/334
f 1127/9/332 1129/9/334 1134/10/332
f 1136/10/335 1129/9/335 1135/10/335
f 1129/9/335 1136/10/335 1128/9/335
f 1135/10/336 1129/9/336 1136/10/336
f 1128/9/336 1136/10/336 1129/9/336
f 1126/9/332 1136/10/337 1137/10/332
f 1136/10/337 1126/9/332 1128/9/337
f 1137/10/331 1136/10/338 1126/9/331
f 1128/9/338 1126/9/331 1136/10/338
f 1124/9/330 1137/10/332 1138/10/330
f 1137/10/332 1124/9/330 1126/9/332
f 1138/10/329 1137/10/331 1124/9/329
f 1126/9/331 1124/9/329 1137/10/331
f 1124/9/330 1139/10/327 1121/9/327
f 1139/10/327 1124/9/330 1138/10/330
f 1121/9/326 1139/10/326 1124/9/329
f 1138/10/329 1124/9/329 1139/10/326
f 1121/9/327 1131/10/328 1120/9/328
f 1131/10/328 1121/9/327 1139/10/327
f 1120/9/325 1131/10/325 1121/9/326
f 1139/10/326 1121/9/326 1131/10/325
f 1142/9/1 1141/9/1 1140/9/1
f 1141/9/1 1142/9/1 1143/9/1
f 1141/9/1 1143/9/1 1144/9/1
f 1144/9/1 1143/9/1 1145/9/1
f 1144/9/1 1145/9/1 1146/9/1
f 1146/9/1 1145/9/1 1147/9/1
f 1146/9/1 1147/9/1 1148/9/1
f 1148/9/1 1147/9/1 1149/9/1
f 1140/9/2 1141/9/2 1142/9/2
f 1143/9/2 1142/9/2 1141/9/2
f 1144/9/2 1143/9/2 1141/9/2
f 1145/9/2 1143/9/2 1144/9/2
f 1146/9/2 1145/9/2 1144/9/2
f 1147/9/2 1145/9/2 1146/9/2
f 1148/9/2 1147/9/2 1146/9/2
f 1149/9/2 1147/9/2 1148/9/2
f 1142/9/339 1151/10/339 1150/10/339
f 1151/10/339 1142/9/339 1140/9/339
f 1150/10/340 1151/10/340 1142/9/340
f 1140/9/340 1142/9/340 1151/10/340
f 1152/10/342 1142/9/341 1150/10/341
f 1142/9/341 1152/10/342 1143/9/342
f 1150/10/344 1142/9/344 1152/10/343
f 1143/9/343 1152/10/343 1142/9/344
f 1153/10/345 1143/9/342 1152/10/342
f 1143/9/342 1153/10/345 1145/9/345
f 1152/10/343 1143/9/343 1153/10/346
f 1145/9/346 1153/10/346 1143/9/343
f 1147/9/347 1153/10/345 1154/10/347
f 1153/10/345 1147/9/347 1145/9/345
f 1154/10/348 1153/10/346 1147/9/348
f 1145/9/346 1147/9/348 1153/10/346
f 1149/9/349 1154/10/347 1155/10/349
f 1154/10/347 1149/9/349 1147/9/347
f 1155/10/350 1154/10/348 1149/9/350
f 1147/9/348 1149/9/350 1154/10/348
f 1156/10/351 1149/9/351 1155/10/351
f 1149/9/351 1156/10/351 1148/9/351
f 1155/10/352 1149/9/352 1156/10/352
f 1148/9/352 1156/10/352 1149/9/352
f 1146/9/348 1156/10/353 1157/10/348
f 1156/10/353 1146/9/348 1148/9/353
f 1157/10/347 1156/10/354 1146/9/347
f 1148/9/354 1146/9/347 1156/10/354
f 1144/9/346 1157/10/348 1158/10/346
f 1157/10/348 1144/9/346 1146/9/348
f 1158/10/345 1157/10/347 1144/9/345
f 1146/9/347 1144/9/345 1157/10/347
f 1144/9/346 1159/10/343 1141/9/343
f 1159/10/343 1144/9/346 1158/10/346
f 1141/9/342 1159/10/342 1144/9/345
f 1158/10/345 1144/9/345 1159/10/342
f 1141/9/343 1151/10/344 1140/9/344
f 1151/10/344 1141/9/343 1159/10/343
f 1140/9/341 1151/10/341 1141/9/342
f 1159/10/342 1141/9/342 1151/10/341
f 1162/9/1 1161/9/1 1160/9/1
f 1161/9/1 1162/9/1 1163/9/1
f 1161/9/1 1163/9/1 1164/9/1
f 1164/9/1 1163/9/1 1165/9/1
f 1164/9/1 1165/9/1 1166/9/1
f 1166/9/1 1165/9/1 1167/9/1
f 1166/9/1 1167/9/1 1168/9/1
f 1168/9/1 1167/9/1 1169/9/1
f 1160/9/2 1161/9/2 1162/9/2
f 1163/9/2 1162/9/2 1161/9/2
f 1164/9/2 1163/9/2 1161/9/2
f 1165/9/2 1163/9/2 1164/9/2
f 1166/9/2 1165/9/2 1164/9/2
f 1167/9/2 1165/9/2 1166/9/2
f 1168/9/2 1167/9/2 1166/9/2
f 1169/9/2 1167/9/2 1168/9/2
f 1162/9/355 1171/10/355 1170/10/355
f 1171/10/355 1162/9/355 1160/9/355
f 1170/10/356 1171/10/356 1162/9/356
f 1160/9/356 1162/9/356 1171/10/356
f 1172/10/358 1162/9/357 1170/10/357
f 1162/9/357 1172/10/358 1163/9/358
f 1170/10/360 1162/9/360 1172/10/359
f 1163/9/359 1172/10/359 1162/9/360
f 1173/10/361 1163/9/358 1172/10/358
f 1163/9/358 1173/10/361 1165/9/361
f 1172/10/359 1163/9/359 1173/10/362
f 1165/9/362 1173/10/362 1163/9/359
f 1167/9/363 1173/10/361 1174/10/363
f 1173/10/361 1167/9/363 1165/9/361
f 1174/10/364 1173/10/362 1167/9/364
f 1165/9/362 1167/9/364 1173/10/362
f 1169/9/365 1174/10/363 1175/10/365
f 1174/10/363 1169/9/365 1167/9/363
f 1175/10/366 1174/10/364 1169/9/366
f 1167/9/364 1169/9/366 1174/10/364
f 1176/10/367 1169/9/367 1175/10/367
f 1169/9/367 1176/10/367 1168/9/367
f 1175/10/368 1169/9/368 1176/10/368
f 1168/9/368 1176/10/368 1169/9/368
f 1166/9/364 1176/10/369 1177/10/364
f 1176/10/369 1166/9/364 1168/9/369
f 1177/10/363 1176/10/370 1166/9/363
f 1168/9/370 1166/9/363 1176/10/370
f 1164/9/362 1177/10/364 1178/10/362
f 1177/10/364 1164/9/362 1166/9/364
f 1178/10/361 1177/10/363 1164/9/361
f 1166/9/363 1164/9/361 1177/10/363
f 1164/9/362 1179/10/359 1161/9/359
f 1179/10/359 1164/9/362 1178/10/362
f 1161/9/358 1179/10/358 1164/9/361
f 1178/10/361 1164/9/361 1179/10/358
f 1161/9/359 1171/10/360 1160/9/360
f 1171/10/360 1161/9/359 1179/10/359
f 1160/9/357 1171/10/357 1161/9/358
f 1179/10/358 1161/9/358 1171/10/357
f 1182/9/1 1181/9/1 1180/9/1
f 1181/9/1 1182/9/1 1183/9/1
f 1181/9/1 1183/9/1 1184/9/1
f 1184/9/1 1183/9/1 1185/9/1
f 1184/9/1 1185/9/1 1186/9/1
f 1186/9/1 1185/9/1 1187/9/1
f 1186/9/1 1187/9/1 1188/9/1
f 1188/9/1 1187/9/1 1189/9/1
f 1180/9/2 1181/9/2 1182/9/2
f 1183/9/2 1182/9/2 1181/9/2
f 1184/9/2 1183/9/2 1181/9/2
f 1185/9/2 1183/9/2 1184/9/2
f 1186/9/2 1185/9/2 1184/9/2
f 1187/9/2 1185/9/2 1186/9/2
f 1188/9/2 1187/9/2 1186/9/2
f 1189/9/2 1187/9/2 1188/9/2
f 1182/9/371 1191/10/371 1190/10/371
f 1191/10/371 1182/9/371 1180/9/371
f 1190/10/372 1191/10/372 1182/9/372
f 1180/9/372 1182/9/372 1191/10/372
f 1192/10/343 1182/9/344 1190/10/344
f 1182/9/344 1192/10/343 1183/9/343
f 1190/10/341 1182/9/341 1192/10/342
f 1183/9/342 1192/10/342 1182/9/341
f 1193/10/346 1183/9/343 1192/10/343
f 1183/9/343 1193/10/346 1185/9/346
f 1192/10/342 1183/9/342 1193/10/345
f 1185/9/345 1193/10/345 1183/9/342
f 1187/9/348 1193/10/346 1194/10/348
f 1193/10/346 1187/9/348 1185/9/346
f 1194/10/347 1193/10/345 1187/9/347
f 1185/9/345 1187/9/347 1193/10/345
f 1189/9/350 1194/10/348 1195/10/350
f 1194/10/348 1189/9/350 1187/9/348
f 1195/10/349 1194/10/347 1189/9/349
f 1187/9/347 1189/9/349 1194/10/347
f 1196/10/373 1189/9/373 1195/10/373
f 1189/9/373 1196/10/373 1188/9/373
f 1195/10/374 1189/9/374 1196/10/374
f 1188/9/374 1196/10/374 1189/9/374
f 1186/9/347 1196/10/354 1197/10/347
f 1196/10/354 1186/9/347 1188/9/354
f 1197/10/348 1196/10/353 1186/9/348
f 1188/9/353 1186/9/348 1196/10/353
f 1184/9/345 1197/10/347 1198/10/345
f 1197/10/347 1184/9/345 1186/9/347
f 1198/10/346 1197/10/348 1184/9/346
f 1186/9/348 1184/9/346 1197/10/348
f 1184/9/345 1199/10/342 1181/9/342
f 1199/10/342 1184/9/345 1198/10/345
f 1181/9/343 1199/10/343 1184/9/346
f 1198/10/346 1184/9/346 1199/10/343
f 1181/9/342 1191/10/341 1180/9/341
f 1191/10/341 1181/9/342 1199/10/342
f 1180/9/344 1191/10/344 1181/9/343
f 1199/10/343 1181/9/343 1191/10/344
f 1202/9/375 1201/10/355 1200/10/375
f 1201/10/355 1202/9/375 1203/9/355
f 1200/10/376 1201/10/356 1202/9/376
f 1203/9/356 1202/9/376 1201/10/356
f 1206/9/1 1205/9/1 1204/9/1
f 1205/9/1 1206/9/1 1203/9/1
f 1205/9/1 1203/9/1 1202/9/1
f 1204/9/2 1205/9/2 1206/9/2
f 1203/9/2 1206/9/2 1205/9/2
f 1202/9/2 1203/9/2 1205/9/2
f 1204/9/356 1208/10/356 1207/10/356
f 1208/10/356 1204/9/356 1205/9/356
f 1207/10/355 1208/10/355 1204/9/355
f 1205/9/355 1204/9/355 1208/10/355
f 1203/9/355 1209/10/377 1201/10/355
f 1209/10/377 1203/9/355 1206/9/377
f 1201/10/356 1209/10/378 1203/9/356
f 1206/9/378 1203/9/356 1209/10/378
f 1204/9/368 1209/10/368 1206/9/368
f 1209/10/368 1204/9/368 1207/10/368
f 1206/9/367 1209/10/367 1204/9/367
f 1207/10/367 1204/9/367 1209/10/367
f 1208/10/367 1202/9/367 1200/10/367
f 1202/9/367 1208/10/367 1205/9/367
f 1200/10/368 1202/9/368 1208/10/368
f 1205/9/368 1208/10/368 1202/9/368
f 1212/9/379 1211/10/371 1210/10/379
f 1211/10/371 1212/9/379 1213/9/371
f 1210/10/380 1211/10/372 1212/9/380
f 1213/9/372 1212/9/380 1211/10/372
f 1215/9/1 1160/9/1 1214/9/1
f 1160/9/1 1215/9/1 1213/9/1
f 1160/9/1 1213/9/1 1212/9/1
f 1214/9/2 1160/9/2 1215/9/2
f 1213/9/2 1215/9/2 1160/9/2
f 1212/9/2 1213/9/2 1160/9/2
f 1214/9/372 1171/10/372 1216/10/372
f 1171/10/372 1214/9/372 1160/9/372
f 1216/10/371 1171/10/371 1214/9/371
f 1160/9/371 1214/9/371 1171/10/371
f 1213/9/371 1217/10/381 1211/10/371
f 1217/10/381 1213/9/371 1215/9/381
f 1211/10/372 1217/10/382 1213/9/372
f 1215/9/382 1213/9/372 1217/10/382
f 1214/9/374 1217/10/374 1215/9/374
f 1217/10/374 1214/9/374 1216/10/374
f 1215/9/373 1217/10/373 1214/9/373
f 1216/10/373 1214/9/373 1217/10/373
f 1171/10/373 1212/9/373 1210/10/373
f 1212/9/373 1171/10/373 1160/9/373
f 1210/10/374 1212/9/374 1171/10/374
f 1160/9/374 1171/10/374 1212/9/374
f 1220/9/1 1219/9/1 1218/9/1
f 1219/9/1 1220/9/1 1221/9/1
f 1221/9/1 1220/9/1 1222/9/1
f 1218/9/2 1219/9/2 1220/9/2
f 1221/9/2 1220/9/2 1219/9/2
f 1222/9/2 1220/9/2 1221/9/2
f 1219/9/374 1223/10/374 1218/9/374
f 1223/10/374 1219/9/374 1224/10/374
f 1218/9/373 1223/10/373 1219/9/373
f 1224/10/373 1219/9/373 1223/10/373
f 1219/9/372 1225/10/372 1224/10/372
f 1225/10/372 1219/9/372 1221/9/372
f 1224/10/371 1225/10/371 1219/9/371
f 1221/9/371 1219/9/371 1225/10/371
f 1225/10/384 1222/9/383 1226/10/383
f 1222/9/383 1225/10/384 1221/9/384
f 1226/10/386 1222/9/386 1225/10/385
f 1221/9/385 1225/10/385 1222/9/386
f 1226/10/383 1220/9/387 1227/10/387
f 1220/9/387 1226/10/383 1222/9/383
f 1227/10/388 1220/9/388 1226/10/386
f 1222/9/386 1226/10/386 1220/9/388
f 1227/10/387 1218/9/389 1223/10/389
f 1218/9/389 1227/10/387 1220/9/387
f 1223/10/390 1218/9/390 1227/10/388
f 1220/9/388 1227/10/388 1218/9/390
f 1230/9/1 1229/9/1 1228/9/1
f 1229/9/1 1230/9/1 1231/9/1
f 1231/9/1 1230/9/1 1232/9/1
f 1228/9/2 1229/9/2 1230/9/2
f 1231/9/2 1230/9/2 1229/9/2
f 1232/9/2 1230/9/2 1231/9/2
f 1229/9/391 1233/10/391 1228/9/391
f 1233/10/391 1229/9/391 1234/10/391
f 1228/9/392 1233/10/392 1229/9/392
f 1234/10/392 1229/9/392 1233/10/392
f 1229/9/393 1235/10/393 1234/10/393
f 1235/10/393 1229/9/393 1231/9/393
f 1234/10/394 1235/10/394 1229/9/394
f 1231/9/394 1229/9/394 1235/10/394
f 1235/10/385 1232/9/386 1236/10/386
f 1232/9/386 1235/10/385 1231/9/385
f 1236/10/383 1232/9/383 1235/10/384
f 1231/9/384 1235/10/384 1232/9/383
f 1236/10/386 1230/9/388 1237/10/388
f 1230/9/388 1236/10/386 1232/9/386
f 1237/10/387 1230/9/387 1236/10/383
f 1232/9/383 1236/10/383 1230/9/387
f 1237/10/388 1228/9/390 1233/10/390
f 1228/9/390 1237/10/388 1230/9/388
f 1233/10/389 1228/9/389 1237/10/387
f 1230/9/387 1237/10/387 1228/9/389
f 1239/9/1 1205/9/1 1238/9/1
f 1205/9/1 1239/9/1 1240/9/1
f 1240/9/1 1239/9/1 1241/9/1
f 1238/9/2 1205/9/2 1239/9/2
f 1240/9/2 1239/9/2 1205/9/2
f 1241/9/2 1239/9/2 1240/9/2
f 1205/9/368 1242/10/368 1238/9/368
f 1242/10/368 1205/9/368 1208/10/368
f 1238/9/367 1242/10/367 1205/9/367
f 1208/10/367 1205/9/367 1242/10/367
f 1205/9/356 1243/10/356 1208/10/356
f 1243/10/356 1205/9/356 1240/9/356
f 1208/10/355 1243/10/355 1205/9/355
f 1240/9/355 1205/9/355 1243/10/355
f 1243/10/396 1241/9/395 1244/10/395
f 1241/9/395 1243/10/396 1240/9/396
f 1244/10/398 1241/9/398 1243/10/397
f 1240/9/397 1243/10/397 1241/9/398
f 1244/10/395 1239/9/399 1245/10/399
f 1239/9/399 1244/10/395 1241/9/395
f 1245/10/400 1239/9/400 1244/10/398
f 1241/9/398 1244/10/398 1239/9/400
f 1245/10/399 1238/9/401 1242/10/401
f 1238/9/401 1245/10/399 1239/9/399
f 1242/10/402 1238/9/402 1245/10/400
f 1239/9/400 1245/10/400 1238/9/402
f 1248/9/1 1247/9/1 1246/9/1
f 1247/9/1 1248/9/1 1249/9/1
f 1249/9/1 1248/9/1 1250/9/1
f 1246/9/2 1247/9/2 1248/9/2
f 1249/9/2 1248/9/2 1247/9/2
f 1250/9/2 1248/9/2 1249/9/2
f 1247/9/368 1251/10/368 1246/9/368
f 1251/10/368 1247/9/368 1252/10/368
f 1246/9/367 1251/10/367 1247/9/367
f 1252/10/367 1247/9/367 1251/10/367
f 1247/9/356 1253/10/356 1252/10/356
f 1253/10/356 1247/9/356 1249/9/356
f 1252/10/355 1253/10/355 1247/9/355
f 1249/9/355 1247/9/355 1253/10/355
f 1253/10/396 1250/9/395 1254/10/395
f 1250/9/395 1253/10/396 1249/9/396
f 1254/10/398 1250/9/398 1253/10/397
f 1249/9/397 1253/10/397 1250/9/398
f 1254/10/395 1248/9/399 1255/10/399
f 1248/9/399 1254/10/395 1250/9/395
f 1255/10/400 1248/9/400 1254/10/398
f 1250/9/398 1254/10/398 1248/9/400
f 1255/10/399 1246/9/401 1251/10/401
f 1246/9/401 1255/10/399 1248/9/399
f 1251/10/402 1246/9/402 1255/10/400
f 1248/9/400 1255/10/400 1246/9/402
f 1258/9/1 1257/9/1 1256/9/1
f 1257/9/1 1258/9/1 1259/9/1
f 1259/9/1 1258/9/1 1260/9/1
f 1256/9/2 1257/9/2 1258/9/2
f 1259/9/2 1258/9/2 1257/9/2
f 1260/9/2 1258/9/2 1259/9/2
f 1257/9/374 1261/10/374 1256/9/374
f 1261/10/374 1257/9/374 1262/10/374
f 1256/9/373 1261/10/373 1257/9/373
f 1262/10/373 1257/9/373 1261/10/373
f 1257/9/372 1263/10/372 1262/10/372
f 1263/10/372 1257/9/372 1259/9/372
f 1262/10/371 1263/10/371 1257/9/371
f 1259/9/371 1257/9/371 1263/10/371
f 1263/10/384 1260/9/383 1264/10/383
f 1260/9/383 1263/10/384 1259/9/384
f 1264/10/386 1260/9/386 1263/10/385
f 1259/9/385 1263/10/385 1260/9/386
f 1264/10/383 1258/9/387 1265/10/387
f 1258/9/387 1264/10/383 1260/9/383
f 1265/10/388 1258/9/388 1264/10/386
f 1260/9/386 1264/10/386 1258/9/388
f 1265/10/387 1256/9/389 1261/10/389
f 1256/9/389 1265/10/387 1258/9/387
f 1261/10/390 1256/9/390 1265/10/388
f 1258/9/388 1265/10/388 1256/9/390
f 1268/9/1 1267/9/1 1266/9/1
f 1267/9/1 1268/9/1 1269/9/1
f 1269/9/1 1268/9/1 1270/9/1
f 1266/9/2 1267/9/2 1268/9/2
f 1269/9/2 1268/9/2 1267/9/2
f 1270/9/2 1268/9/2 1269/9/2
f 1267/9/336 1271/10/336 1266/9/336
f 1271/10/336 1267/9/336 1272/10/336
f 1266/9/335 1271/10/335 1267/9/335
f 1272/10/335 1267/9/335 1271/10/335
f 1267/9/324 1273/10/324 1272/10/324
f 1273/10/324 1267/9/324 1269/9/324
f 1272/10/323 1273/10/323 1267/9/323
f 1269/9/323 1267/9/323 1273/10/323
f 1273/10/404 1270/9/403 1274/10/403
f 1270/9/403 1273/10/404 1269/9/404
f 1274/10/406 1270/9/406 1273/10/405
f 1269/9/405 1273/10/405 1270/9/406
f 1274/10/403 1268/9/407 1275/10/407
f 1268/9/407 1274/10/403 1270/9/403
f 1275/10/408 1268/9/408 1274/10/406
f 1270/9/406 1274/10/406 1268/9/408
f 1275/10/407 1266/9/409 1271/10/409
f 1266/9/409 1275/10/407 1268/9/407
f 1271/10/410 1266/9/410 1275/10/408
f 1268/9/408 1275/10/408 1266/9/410
f 1256/9/379 1276/10/371 1261/10/379
f 1276/10/371 1256/9/379 1277/9/371
f 1261/10/380 1276/10/372 1256/9/380
f 1277/9/372 1256/9/380 1276/10/372
f 1189/9/1 1257/9/1 1188/9/1
f 1257/9/1 1189/9/1 1277/9/1
f 1257/9/1 1277/9/1 1256/9/1
f 1188/9/2 1257/9/2 1189/9/2
f 1277/9/2 1189/9/2 1257/9/2
f 1256/9/2 1277/9/2 1257/9/2
f 1188/9/372 1262/10/372 1196/10/372
f 1262/10/372 1188/9/372 1257/9/372
f 1196/10/371 1262/10/371 1188/9/371
f 1257/9/371 1188/9/371 1262/10/371
f 1277/9/371 1195/10/381 1276/10/371
f 1195/10/381 1277/9/371 1189/9/381
f 1276/10/372 1195/10/382 1277/9/372
f 1189/9/382 1277/9/372 1195/10/382
f 1188/9/374 1195/10/374 1189/9/374
f 1195/10/374 1188/9/374 1196/10/374
f 1189/9/373 1195/10/373 1188/9/373
f 1196/10/373 1188/9/373 1195/10/373
f 1262/10/373 1256/9/373 1261/10/373
f 1256/9/373 1262/10/373 1257/9/373
f 1261/10/374 1256/9/374 1262/10/374
f 1257/9/374 1262/10/374 1256/9/374
f 1280/9/380 1279/10/411 1278/10/380
f 1279/10/411 1280/9/380 1281/9/411
f 1278/10/379 1279/10/412 1280/9/379
f 1281/9/412 1280/9/379 1279/10/412
f 1269/9/1 1282/9/1 1267/9/1
f 1282/9/1 1269/9/1 1281/9/1
f 1282/9/1 1281/9/1 1280/9/1
f 1267/9/2 1282/9/2 1269/9/2
f 1281/9/2 1269/9/2 1282/9/2
f 1280/9/2 1281/9/2 1282/9/2
f 1267/9/412 1283/10/412 1272/10/412
f 1283/10/412 1267/9/412 1282/9/412
f 1272/10/411 1283/10/411 1267/9/411
f 1282/9/411 1267/9/411 1283/10/411
f 1281/9/411 1273/10/382 1279/10/411
f 1273/10/382 1281/9/411 1269/9/382
f 1279/10/412 1273/10/381 1281/9/412
f 1269/9/381 1281/9/412 1273/10/381
f 1267/9/413 1273/10/413 1269/9/413
f 1273/10/413 1267/9/413 1272/10/413
f 1269/9/414 1273/10/414 1267/9/414
f 1272/10/414 1267/9/414 1273/10/414
f 1283/10/414 1280/9/414 1278/10/414
f 1280/9/414 1283/10/414 1282/9/414
f 1278/10/413 1280/9/413 1283/10/413
f 1282/9/413 1283/10/413 1280/9/413
f 1286/9/380 1285/10/411 1284/10/380
f 1285/10/411 1286/9/380 1287/9/411
f 1284/10/379 1285/10/412 1286/9/379
f 1287/9/412 1286/9/379 1285/10/412
f 1149/9/1 1288/9/1 1148/9/1
f 1288/9/1 1149/9/1 1287/9/1
f 1288/9/1 1287/9/1 1286/9/1
f 1148/9/2 1288/9/2 1149/9/2
f 1287/9/2 1149/9/2 1288/9/2
f 1286/9/2 1287/9/2 1288/9/2
f 1148/9/412 1289/10/412 1156/10/412
f 1289/10/412 1148/9/412 1288/9/412
f 1156/10/411 1289/10/411 1148/9/411
f 1288/9/411 1148/9/411 1289/10/411
f 1287/9/411 1155/10/382 1285/10/411
f 1155/10/382 1287/9/411 1149/9/382
f 1285/10/412 1155/10/381 1287/9/412
f 1149/9/381 1287/9/412 1155/10/381
f 1148/9/413 1155/10/413 1149/9/413
f 1155/10/413 1148/9/413 1156/10/413
f 1149/9/414 1155/10/414 1148/9/414
f 1156/10/414 1148/9/414 1155/10/414
f 1289/10/414 1286/9/414 1284/10/414
f 1286/9/414 1289/10/414 1288/9/414
f 1284/10/413 1286/9/413 1289/10/413
f 1288/9/413 1289/10/413 1286/9/413
f 1292/9/1 1291/9/1 1290/9/1
f 1291/9/1 1292/9/1 1293/9/1
f 1293/9/1 1292/9/1 1294/9/1
f 1290/9/2 1291/9/2 1292/9/2
f 1293/9/2 1292/9/2 1291/9/2
f 1294/9/2 1292/9/2 1293/9/2
f 1291/9/336 1295/10/336 1290/9/336
f 1295/10/336 1291/9/336 1296/10/336
f 1290/9/335 1295/10/335 1291/9/335
f 1296/10/335 1291/9/335 1295/10/335
f 1291/9/324 1297/10/324 1296/10/324
f 1297/10/324 1291/9/324 1293/9/324
f 1296/10/323 1297/10/323 1291/9/323
f 1293/9/323 1291/9/323 1297/10/323
f 1297/10/404 1294/9/403 1298/10/403
f 1294/9/403 1297/10/404 1293/9/404
f 1298/10/406 1294/9/406 1297/10/405
f 1293/9/405 1297/10/405 1294/9/406
f 1298/10/403 1292/9/407 1299/10/407
f 1292/9/407 1298/10/403 1294/9/403
f 1299/10/408 1292/9/408 1298/10/406
f 1294/9/406 1298/10/406 1292/9/408
f 1299/10/407 1290/9/409 1295/10/409
f 1290/9/409 1299/10/407 1292/9/407
f 1295/10/410 1290/9/410 1299/10/408
f 1292/9/408 1299/10/408 1290/9/410
f 1300/9/1 1288/9/1 1286/9/1
f 1288/9/1 1300/9/1 1301/9/1
f 1301/9/1 1300/9/1 1302/9/1
f 1286/9/2 1288/9/2 1300/9/2
f 1301/9/2 1300/9/2 1288/9/2
f 1302/9/2 1300/9/2 1301/9/2
f 1288/9/415 1284/10/415 1286/9/415
f 1284/10/415 1288/9/415 1289/10/415
f 1286/9/416 1284/10/416 1288/9/416
f 1289/10/416 1288/9/416 1284/10/416
f 1288/9/417 1303/10/417 1289/10/417
f 1303/10/417 1288/9/417 1301/9/417
f 1289/10/418 1303/10/418 1288/9/418
f 1301/9/418 1288/9/418 1303/10/418
f 1303/10/385 1302/9/386 1304/10/386
f 1302/9/386 1303/10/385 1301/9/385
f 1304/10/383 1302/9/383 1303/10/384
f 1301/9/384 1303/10/384 1302/9/383
f 1304/10/386 1300/9/388 1305/10/388
f 1300/9/388 1304/10/386 1302/9/386
f 1305/10/387 1300/9/387 1304/10/383
f 1302/9/383 1304/10/383 1300/9/387
f 1305/10/388 1286/9/390 1284/10/390
f 1286/9/390 1305/10/388 1300/9/388
f 1284/10/389 1286/9/389 1305/10/387
f 1300/9/387 1305/10/387 1286/9/389
f 1182/9/419 1306/10/323 1190/10/419
f 1306/10/323 1182/9/419 1307/9/323
f 1190/10/420 1306/10/324 1182/9/420
f 1307/9/324 1182/9/420 1306/10/324
f 1221/9/1 1180/9/1 1219/9/1
f 1180/9/1 1221/9/1 1307/9/1
f 1180/9/1 1307/9/1 1182/9/1
f 1219/9/2 1180/9/2 1221/9/2
f 1307/9/2 1221/9/2 1180/9/2
f 1182/9/2 1307/9/2 1180/9/2
f 1219/9/324 1191/10/324 1224/10/324
f 1191/10/324 1219/9/324 1180/9/324
f 1224/10/323 1191/10/323 1219/9/323
f 1180/9/323 1219/9/323 1191/10/323
f 1307/9/323 1225/10/421 1306/10/323
f 1225/10/421 1307/9/323 1221/9/421
f 1306/10/324 1225/10/422 1307/9/324
f 1221/9/422 1307/9/324 1225/10/422
f 1219/9/336 1225/10/336 1221/9/336
f 1225/10/336 1219/9/336 1224/10/336
f 1221/9/335 1225/10/335 1219/9/335
f 1224/10/335 1219/9/335 1225/10/335
f 1191/10/335 1182/9/335 1190/10/335
f 1182/9/335 1191/10/335 1180/9/335
f 1190/10/336 1182/9/336 1191/10/336
f 1180/9/336 1191/10/336 1182/9/336
f 1142/9/375 1308/10/355 1150/10/375
f 1308/10/355 1142/9/375 1309/9/355
f 1150/10/376 1308/10/356 1142/9/376
f 1309/9/356 1142/9/376 1308/10/356
f 1231/9/1 1140/9/1 1229/9/1
f 1140/9/1 1231/9/1 1309/9/1
f 1140/9/1 1309/9/1 1142/9/1
f 1229/9/2 1140/9/2 1231/9/2
f 1309/9/2 1231/9/2 1140/9/2
f 1142/9/2 1309/9/2 1140/9/2
f 1229/9/356 1151/10/356 1234/10/356
f 1151/10/356 1229/9/356 1140/9/356
f 1234/10/355 1151/10/355 1229/9/355
f 1140/9/355 1229/9/355 1151/10/355
f 1309/9/355 1235/10/377 1308/10/355
f 1235/10/377 1309/9/355 1231/9/377
f 1308/10/356 1235/10/378 1309/9/356
f 1231/9/378 1309/9/356 1235/10/378
f 1229/9/368 1235/10/368 1231/9/368
f 1235/10/368 1229/9/368 1234/10/368
f 1231/9/367 1235/10/367 1229/9/367
f 1234/10/367 1229/9/367 1235/10/367
f 1151/10/367 1142/9/367 1150/10/367
f 1142/9/367 1151/10/367 1140/9/367
f 1150/10/368 1142/9/368 1151/10/368
f 1140/9/368 1151/10/368 1142/9/368
f 1290/9/419 1310/10/323 1295/10/419
f 1310/10/323 1290/9/419 1311/9/323
f 1295/10/420 1310/10/324 1290/9/420
f 1311/9/324 1290/9/420 1310/10/324
f 1313/9/1 1312/9/1 1128/9/1
f 1312/9/1 1313/9/1 1311/9/1
f 1312/9/1 1311/9/1 1290/9/1
f 1128/9/2 1312/9/2 1313/9/2
f 1311/9/2 1313/9/2 1312/9/2
f 1290/9/2 1311/9/2 1312/9/2
f 1128/9/324 1314/10/324 1136/10/324
f 1314/10/324 1128/9/324 1312/9/324
f 1136/10/323 1314/10/323 1128/9/323
f 1312/9/323 1128/9/323 1314/10/323
f 1311/9/323 1315/10/421 1310/10/323
f 1315/10/421 1311/9/323 1313/9/421
f 1310/10/324 1315/10/422 1311/9/324
f 1313/9/422 1311/9/324 1315/10/422
f 1128/9/336 1315/10/336 1313/9/336
f 1315/10/336 1128/9/336 1136/10/336
f 1313/9/335 1315/10/335 1128/9/335
f 1136/10/335 1128/9/335 1315/10/335
f 1314/10/335 1290/9/335 1295/10/335
f 1290/9/335 1314/10/335 1312/9/335
f 1295/10/336 1290/9/336 1314/10/336
f 1312/9/336 1314/10/336 1290/9/336
f 1318/9/2 1317/9/2 1316/9/2
f 1319/9/2 1316/9/2 1317/9/2
f 1320/9/2 1319/9/2 1317/9/2
f 1321/9/2 1319/9/2 1320/9/2
f 1322/9/2 1321/9/2 1320/9/2
f 1323/9/2 1321/9/2 1322/9/2
f 1316/9/423 1324/10/423 1318/9/373
f 1325/10/373 1318/9/373 1324/10/423
f 1326/10/372 1324/10/424 1319/9/372
f 1316/9/424 1319/9/372 1324/10/424
f 1327/10/425 1326/10/372 1321/9/425
f 1319/9/372 1321/9/425 1326/10/372
f 1327/10/426 1321/9/426 1328/10/374
f 1323/9/374 1328/10/374 1321/9/426
f 1328/10/374 1323/9/374 1329/10/427
f 1322/9/427 1329/10/427 1323/9/374
f 1330/10/371 1329/10/428 1320/9/371
f 1322/9/428 1320/9/371 1329/10/428
f 1331/10/429 1330/10/371 1317/9/429
f 1320/9/371 1317/9/429 1330/10/371
f 1318/9/373 1325/10/373 1317/9/430
f 1331/10/430 1317/9/430 1325/10/373
f 1334/11/326 1333/12/325 1332/11/325
f 1333/12/325 1334/11/326 1335/12/326
f 1332/11/328 1333/12/328 1334/11/327
f 1335/12/327 1334/11/327 1333/12/328
f 1336/11/329 1335/12/326 1334/11/326
f 1335/12/326 1336/11/329 1337/12/329
f 1334/11/327 1335/12/327 1336/11/330
f 1337/12/330 1336/11/330 1335/12/327
f 1340/12/338 1339/11/331 1338/11/338
f 1339/11/331 1340/12/338 1341/12/331
f 1338/11/337 1339/11/332 1340/12/337
f 1341/12/332 1340/12/337 1339/11/332
f 1341/12/331 1336/11/329 1339/11/331
f 1336/11/329 1341/12/331 1337/12/329
f 1339/11/332 1336/11/330 1341/12/332
f 1337/12/330 1341/12/332 1336/11/330
f 1333/12/1 1343/12/1 1342/12/1
f 1343/12/1 1333/12/1 1335/12/1
f 1343/12/1 1335/12/1 1344/12/1
f 1344/12/1 1335/12/1 1337/12/1
f 1344/12/1 1337/12/1 1345/12/1
f 1345/12/1 1337/12/1 1341/12/1
f 1345/12/1 1341/12/1 1346/12/1
f 1346/12/1 1341/12/1 1340/12/1
f 1342/12/2 1343/12/2 1333/12/2
f 1335/12/2 1333/12/2 1343/12/2
f 1344/12/2 1335/12/2 1343/12/2
f 1337/12/2 1335/12/2 1344/12/2
f 1345/12/2 1337/12/2 1344/12/2
f 1341/12/2 1337/12/2 1345/12/2
f 1346/12/2 1341/12/2 1345/12/2
f 1340/12/2 1341/12/2 1346/12/2
f 1333/12/323 1120/11/323 1332/11/323
f 1120/11/323 1333/12/323 1342/12/323
f 1332/11/324 1120/11/324 1333/12/324
f 1342/12/324 1333/12/324 1120/11/324
f 1128/11/335 1340/12/335 1338/11/335
f 1340/12/335 1128/11/335 1346/12/335
f 1338/11/336 1340/12/336 1128/11/336
f 1346/12/336 1128/11/336 1340/12/336
f 1345/12/332 1128/11/337 1126/11/332
f 1128/11/337 1345/12/332 1346/12/337
f 1126/11/331 1128/11/338 1345/12/331
f 1346/12/338 1345/12/331 1128/11/338
f 1344/12/330 1126/11/332 1124/11/330
f 1126/11/332 1344/12/330 1345/12/332
f 1124/11/329 1126/11/331 1344/12/329
f 1345/12/331 1344/12/329 1126/11/331
f 1344/12/330 1121/11/327 1343/12/327
f 1121/11/327 1344/12/330 1124/11/330
f 1343/12/326 1121/11/326 1344/12/329
f 1124/11/329 1344/12/329 1121/11/326
f 1343/12/327 1120/11/328 1342/12/328
f 1120/11/328 1343/12/327 1121/11/327
f 1342/12/325 1120/11/325 1343/12/326
f 1121/11/326 1343/12/326 1120/11/325
f 1348/11/2 1347/11/2 45/11/2
f 1347/11/2 1348/11/2 46/11/2
f 1347/11/2 46/11/2 1349/11/2
f 1349/11/2 46/11/2 1350/11/2
f 1349/11/2 1350/11/2 1351/11/2
f 1351/11/2 1350/11/2 1352/11/2
f 1352/11/2 1350/11/2 48/11/2
f 1352/11/2 48/11/2 1353/11/2
f 45/11/1 1347/11/1 1348/11/1
f 46/11/1 1348/11/1 1347/11/1
f 1349/11/1 46/11/1 1347/11/1
f 1350/11/1 46/11/1 1349/11/1
f 1351/11/1 1350/11/1 1349/11/1
f 1352/11/1 1350/11/1 1351/11/1
f 48/11/1 1350/11/1 1352/11/1
f 1353/11/1 48/11/1 1352/11/1
f 1354/13/1 1139/13/1 1131/13/1
f 1139/13/1 1354/13/1 1138/13/1
f 1138/13/1 1354/13/1 1355/13/1
f 1138/13/1 1355/13/1 1137/13/1
f 1137/13/1 1355/13/1 1356/13/1
f 1137/13/1 1356/13/1 1357/13/1
f 1137/13/1 1357/13/1 1136/13/1
f 1136/13/1 1357/13/1 1358/13/1
f 1131/13/2 1139/13/2 1354/13/2
f 1138/13/2 1354/13/2 1139/13/2
f 1355/13/2 1354/13/2 1138/13/2
f 1137/13/2 1355/13/2 1138/13/2
f 1356/13/2 1355/13/2 1137/13/2
f 1357/13/2 1356/13/2 1137/13/2
f 1136/13/2 1357/13/2 1137/13/2
f 1358/13/2 1357/13/2 1136/13/2
f 1354/13/323 45/11/323 1347/11/323
f 45/11/323 1354/13/323 1131/13/323
f 1347/11/324 45/11/324 1354/13/324
f 1131/13/324 1354/13/324 45/11/324
f 1349/11/326 1354/13/325 1347/11/325
f 1354/13/325 1349/11/326 1355/13/326
f 1347/11/328 1354/13/328 1349/11/327
f 1355/13/327 1349/11/327 1354/13/328
f 1351/11/329 1355/13/326 1349/11/326
f 1355/13/326 1351/11/329 1356/13/329
f 1349/11/327 1355/13/327 1351/11/330
f 1356/13/330 1351/11/330 1355/13/327
f 1357/13/331 1351/11/329 1352/11/331
f 1351/11/329 1357/13/331 1356/13/329
f 1352/11/332 1351/11/330 1357/13/332
f 1356/13/330 1357/13/332 1351/11/330
f 1358/13/333 1352/11/331 1353/11/333
f 1352/11/331 1358/13/333 1357/13/331
f 1353/11/334 1352/11/332 1358/13/334
f 1357/13/332 1358/13/334 1352/11/332
f 48/11/335 1358/13/335 1353/11/335
f 1358/13/335 48/11/335 1136/13/335
f 1353/11/336 1358/13/336 48/11/336
f 1136/13/336 48/11/336 1358/13/336
f 1137/13/332 48/11/337 1350/11/332
f 48/11/337 1137/13/332 1136/13/337
f 1350/11/331 48/11/338 1137/13/331
f 1136/13/338 1137/13/331 48/11/338
f 1138/13/330 1350/11/332 46/11/330
f 1350/11/332 1138/13/330 1137/13/332
f 46/11/329 1350/11/331 1138/13/329
f 1137/13/331 1138/13/329 1350/11/331
f 1138/13/330 1348/11/327 1139/13/327
f 1348/11/327 1138/13/330 46/11/330
f 1139/13/326 1348/11/326 1138/13/329
f 46/11/329 1138/13/329 1348/11/326
f 1139/13/327 45/11/328 1131/13/328
f 45/11/328 1139/13/327 1348/11/327
f 1131/13/325 45/11/325 1139/13/326
f 1348/11/326 1139/13/326 45/11/325
f 1361/13/432 1360/11/431 1359/13/431
f 1360/11/431 1361/13/432 1362/11/432
f 1359/13/434 1360/11/434 1361/13/433
f 1362/11/433 1361/13/433 1360/11/434
f 1365/13/435 1364/11/436 1363/11/435
f 1364/11/436 1365/13/435 1366/13/436
f 1363/11/437 1364/11/438 1365/13/437
f 1366/13/438 1365/13/437 1364/11/438
f 1366/13/436 1367/11/439 1364/11/436
f 1367/11/439 1366/13/436 1368/13/439
f 1364/11/438 1367/11/440 1366/13/438
f 1368/13/440 1366/13/438 1367/11/440
f 1371/11/442 1370/13/441 1369/11/441
f 1370/13/441 1371/11/442 1372/13/442
f 1369/11/444 1370/13/444 1371/11/443
f 1372/13/443 1371/11/443 1370/13/444
f 1369/11/441 1365/13/435 1363/11/435
f 1365/13/435 1369/11/441 1370/13/441
f 1363/11/437 1365/13/437 1369/11/444
f 1370/13/444 1369/11/444 1365/13/437
f 1359/13/431 1367/11/439 1368/13/439
f 1367/11/439 1359/13/431 1360/11/431
f 1368/13/440 1367/11/440 1359/13/434
f 1360/11/434 1359/13/434 1367/11/440
f 1359/13/1 1372/13/1 1361/13/1
f 1372/13/1 1359/13/1 1368/13/1
f 1372/13/1 1368/13/1 1366/13/1
f 1372/13/1 1366/13/1 1365/13/1
f 1372/13/1 1365/13/1 1370/13/1
f 1361/13/2 1372/13/2 1359/13/2
f 1368/13/2 1359/13/2 1372/13/2
f 1366/13/2 1368/13/2 1372/13/2
f 1365/13/2 1366/13/2 1372/13/2
f 1370/13/2 1365/13/2 1372/13/2
f 1375/15/337 1374/14/337 1373/14/337
f 1374/14/337 1375/15/337 1376/15/337
f 1376/15/337 1375/15/337 1377/16/337
f 1376/15/337 1377/16/337 1378/16/337
f 1378/16/337 1377/16/337 1379/17/337
f 1378/16/337 1379/17/337 1380/17/337
f 1373/14/338 1374/14/338 1375/15/338
f 1376/15/338 1375/15/338 1374/14/338
f 1377/16/338 1375/15/338 1376/15/338
f 1378/16/338 1377/16/338 1376/15/338
f 1379/17/338 1377/16/338 1378/16/338
f 1380/17/338 1379/17/338 1378/16/338
f 1381/17/445 1378/16/446 1380/17/445
f 1378/16/446 1381/17/445 1382/16/446
f 1380/17/447 1378/16/448 1381/17/447
f 1382/16/448 1381/17/447 1378/16/448
f 1374/14/449 1383/14/447 1373/14/447
f 1383/14/447 1374/14/449 1384/14/449
f 1373/14/445 1383/14/445 1374/14/450
f 1384/14/450 1374/14/450 1383/14/445
f 1377/16/451 1386/15/448 1385/16/451
f 1386/15/448 1377/16/451 1375/15/448
f 1385/16/452 1386/15/446 1377/16/452
f 1375/15/446 1377/16/452 1386/15/446
f 1387/15/338 1383/14/338 1384/14/338
f 1383/14/338 1387/15/338 1386/15/338
f 1386/15/338 1387/15/338 1382/16/338
f 1386/15/338 1382/16/338 1385/16/338
f 1385/16/338 1382/16/338 1381/17/338
f 1385/16/338 1381/17/338 1388/17/338
f 1384/14/337 1383/14/337 1387/15/337
f 1386/15/337 1387/15/337 1383/14/337
f 1382/16/337 1387/15/337 1386/15/337
f 1385/16/337 1382/16/337 1386/15/337
f 1381/17/337 1382/16/337 1385/16/337
f 1388/17/337 1381/17/337 1385/16/337
f 1376/15/452 1382/16/446 1387/15/452
f 1382/16/446 1376/15/452 1378/16/446
f 1387/15/451 1382/16/448 1376/15/451
f 1378/16/448 1376/15/451 1382/16/448
f 1373/14/447 1386/15/448 1375/15/448
f 1386/15/448 1373/14/447 1383/14/447
f 1375/15/446 1386/15/446 1373/14/445
f 1383/14/445 1373/14/445 1386/15/446
f 1385/16/451 1379/17/450 1377/16/451
f 1379/17/450 1385/16/451 1388/17/450
f 1377/16/452 1379/17/449 1385/16/452
f 1388/17/449 1385/16/452 1379/17/449
f 1388/17/450 1380/17/445 1379/17/450
f 1380/17/445 1388/17/450 1381/17/445
f 1379/17/449 1380/17/447 1388/17/449
f 1381/17/447 1388/17/449 1380/17/447
f 1376/15/452 1384/14/449 1374/14/449
f 1384/14/449 1376/15/452 1387/15/452
f 1374/14/450 1384/14/450 1376/15/451
f 1387/15/451 1376/15/451 1384/14/450
f 1391/18/449 1390/18/447 1389/18/447
f 1390/18/447 1391/18/449 1392/18/449
f 1389/18/445 1390/18/445 1391/18/450
f 1392/18/450 1391/18/450 1390/18/445
f 1395/19/451 1394/20/450 1393/19/451
f 1394/20/450 1395/19/451 1396/20/450
f 1393/19/452 1394/20/449 1395/19/452
f 1396/20/449 1395/19/452 1394/20/449
f 1397/21/338 1390/18/338 1392/18/338
f 1390/18/338 1397/21/338 1398/21/338
f 1398/21/338 1397/21/338 1399/19/338
f 1398/21/338 1399/19/338 1395/19/338
f 1395/19/338 1399/19/338 1400/20/338
f 1395/19/338 1400/20/338 1396/20/338
f 1392/18/337 1390/18/337 1397/21/337
f 1398/21/337 1397/21/337 1390/18/337
f 1399/19/337 1397/21/337 1398/21/337
f 1395/19/337 1399/19/337 1398/21/337
f 1400/20/337 1399/19/337 1395/19/337
f 1396/20/337 1400/20/337 1395/19/337
f 1393/19/451 1398/21/448 1395/19/451
f 1398/21/448 1393/19/451 1401/21/448
f 1395/19/452 1398/21/446 1393/19/452
f 1401/21/446 1393/19/452 1398/21/446
f 1396/20/450 1402/20/445 1394/20/450
f 1402/20/445 1396/20/450 1400/20/445
f 1394/20/449 1402/20/447 1396/20/449
f 1400/20/447 1396/20/449 1402/20/447
f 1403/21/452 1399/19/446 1397/21/452
f 1399/19/446 1403/21/452 1404/19/446
f 1397/21/451 1399/19/448 1403/21/451
f 1404/19/448 1403/21/451 1399/19/448
f 1400/20/445 1404/19/446 1402/20/445
f 1404/19/446 1400/20/445 1399/19/446
f 1402/20/447 1404/19/448 1400/20/447
f 1399/19/448 1400/20/447 1404/19/448
f 1389/18/447 1398/21/448 1401/21/448
f 1398/21/448 1389/18/447 1390/18/447
f 1401/21/446 1398/21/446 1389/18/445
f 1390/18/445 1389/18/445 1398/21/446
f 1401/21/337 1391/18/337 1389/18/337
f 1391/18/337 1401/21/337 1403/21/337
f 1403/21/337 1401/21/337 1393/19/337
f 1403/21/337 1393/19/337 1404/19/337
f 1404/19/337 1393/19/337 1394/20/337
f 1404/19/337 1394/20/337 1402/20/337
f 1389/18/338 1391/18/338 1401/21/338
f 1403/21/338 1401/21/338 1391/18/338
f 1393/19/338 1401/21/338 1403/21/338
f 1404/19/338 1393/19/338 1403/21/338
f 1394/20/338 1393/19/338 1404/19/338
f 1402/20/338 1394/20/338 1404/19/338
f 1403/21/452 1392/18/449 1391/18/449
f 1392/18/449 1403/21/452 1397/21/452
f 1391/18/450 1392/18/450 1403/21/451
f 1397/21/451 1403/21/451 1392/18/450
f 1407/22/453 1406/22/454 1405/22/453
f 1406/22/454 1407/22/453 1408/22/454
f 1405/22/455 1406/22/456 1407/22/455
f 1408/22/456 1407/22/455 1406/22/456
f 1411/23/455 1410/23/456 1409/23/456
f 1410/23/456 1411/23/455 1412/23/455
f 1409/23/454 1410/23/454 1411/23/453
f 1412/23/453 1411/23/453 1410/23/454
f 1409/23/456 1414/24/457 1413/24/457
f 1414/24/457 1409/23/456 1410/23/456
f 1413/24/458 1414/24/458 1409/23/454
f 1410/23/454 1409/23/454 1414/24/458
f 1415/24/459 1412/23/455 1411/23/455
f 1412/23/455 1415/24/459 1416/24/459
f 1411/23/453 1412/23/453 1415/24/460
f 1416/24/460 1415/24/460 1412/23/453
f 1415/24/459 1417/25/458 1416/24/459
f 1417/25/458 1415/24/459 1418/25/458
f 1416/24/460 1417/25/457 1415/24/460
f 1418/25/457 1415/24/460 1417/25/457
f 1416/24/461 1410/23/461 1412/23/461
f 1410/23/461 1416/24/461 1414/24/461
f 1414/24/461 1416/24/461 1417/25/461
f 1414/24/461 1417/25/461 1419/25/461
f 1419/25/461 1417/25/461 1408/22/461
f 1419/25/461 1408/22/461 1407/22/461
f 1412/23/462 1410/23/462 1416/24/462
f 1414/24/462 1416/24/462 1410/23/462
f 1417/25/462 1416/24/462 1414/24/462
f 1419/25/462 1417/25/462 1414/24/462
f 1408/22/462 1417/25/462 1419/25/462
f 1407/22/462 1408/22/462 1419/25/462
f 1408/22/454 1418/25/458 1406/22/454
f 1418/25/458 1408/22/454 1417/25/458
f 1406/22/456 1418/25/457 1408/22/456
f 1417/25/457 1408/22/456 1418/25/457
f 1420/25/460 1414/24/457 1419/25/460
f 1414/24/457 1420/25/460 1413/24/457
f 1419/25/459 1414/24/458 1420/25/459
f 1413/24/458 1420/25/459 1414/24/458
f 1419/25/460 1405/22/453 1420/25/460
f 1405/22/453 1419/25/460 1407/22/453
f 1420/25/459 1405/22/455 1419/25/459
f 1407/22/455 1419/25/459 1405/22/455
f 1413/24/462 1411/23/462 1409/23/462
f 1411/23/462 1413/24/462 1415/24/462
f 1415/24/462 1413/24/462 1420/25/462
f 1415/24/462 1420/25/462 1418/25/462
f 1418/25/462 1420/25/462 1405/22/462
f 1418/25/462 1405/22/462 1406/22/462
f 1409/23/461 1411/23/461 1413/24/461
f 1415/24/461 1413/24/461 1411/23/461
f 1420/25/461 1413/24/461 1415/24/461
f 1418/25/461 1420/25/461 1415/24/461
f 1405/22/461 1420/25/461 1418/25/461
f 1406/22/461 1405/22/461 1418/25/461
f 1423/26/463 1422/27/464 1421/26/463
f 1422/27/464 1423/26/463 1424/27/464
f 1421/26/465 1422/27/466 1423/26/465
f 1424/27/466 1423/26/465 1422/27/466
f 1426/26/467 1421/26/463 1425/26/467
f 1421/26/463 1426/26/467 1423/26/463
f 1425/26/468 1421/26/465 1426/26/468
f 1423/26/465 1426/26/468 1421/26/465
f 1429/27/469 1428/28/466 1427/28/466
f 1428/28/466 1429/27/469 1430/27/469
f 1427/28/464 1428/28/464 1429/27/470
f 1430/27/470 1429/27/470 1428/28/464
f 1422/27/464 1432/28/470 1431/28/470
f 1432/28/470 1422/27/464 1424/27/464
f 1431/28/469 1432/28/469 1422/27/466
f 1424/27/466 1422/27/466 1432/28/469
f 1433/29/325 1429/27/325 1427/28/325
f 1429/27/325 1433/29/325 1426/26/325
f 1426/26/325 1433/29/325 1434/29/325
f 1426/26/325 1434/29/325 1423/26/325
f 1423/26/325 1434/29/325 1432/28/325
f 1423/26/325 1432/28/325 1424/27/325
f 1427/28/328 1429/27/328 1433/29/328
f 1426/26/328 1433/29/328 1429/27/328
f 1434/29/328 1433/29/328 1426/26/328
f 1423/26/328 1434/29/328 1426/26/328
f 1432/28/328 1434/29/328 1423/26/328
f 1424/27/328 1432/28/328 1423/26/328
f 1435/29/465 1427/28/466 1428/28/466
f 1427/28/466 1435/29/465 1433/29/465
f 1428/28/464 1427/28/464 1435/29/463
f 1433/29/463 1435/29/463 1427/28/464
f 1429/27/469 1425/26/467 1430/27/469
f 1425/26/467 1429/27/469 1426/26/467
f 1430/27/470 1425/26/468 1429/27/470
f 1426/26/468 1429/27/470 1425/26/468
f 1425/26/328 1428/28/328 1430/27/328
f 1428/28/328 1425/26/328 1435/29/328
f 1435/29/328 1425/26/328 1421/26/328
f 1435/29/328 1421/26/328 1436/29/328
f 1436/29/328 1421/26/328 1422/27/328
f 1436/29/328 1422/27/328 1431/28/328
f 1430/27/325 1428/28/325 1425/26/325
f 1435/29/325 1425/26/325 1428/28/325
f 1421/26/325 1425/26/325 1435/29/325
f 1436/29/325 1421/26/325 1435/29/325
f 1422/27/325 1421/26/325 1436/29/325
f 1431/28/325 1422/27/325 1436/29/325
f 1431/28/470 1434/29/468 1436/29/468
f 1434/29/468 1431/28/470 1432/28/470
f 1436/29/467 1434/29/467 1431/28/469
f 1432/28/469 1431/28/469 1434/29/467
f 1436/29/468 1433/29/465 1435/29/465
f 1433/29/465 1436/29/468 1434/29/468
f 1435/29/463 1433/29/463 1436/29/467
f 1434/29/467 1436/29/467 1433/29/463
f 1439/11/342 1438/12/341 1437/11/341
f 1438/12/341 1439/11/342 1440/12/342
f 1437/11/344 1438/12/344 1439/11/343
f 1440/12/343 1439/11/343 1438/12/344
f 1441/11/345 1440/12/342 1439/11/342
f 1440/12/342 1441/11/345 1442/12/345
f 1439/11/343 1440/12/343 1441/11/346
f 1442/12/346 1441/11/346 1440/12/343
f 1445/12/354 1444/11/347 1443/11/354
f 1444/11/347 1445/12/354 1446/12/347
f 1443/11/353 1444/11/348 1445/12/353
f 1446/12/348 1445/12/353 1444/11/348
f 1446/12/347 1441/11/345 1444/11/347
f 1441/11/345 1446/12/347 1442/12/345
f 1444/11/348 1441/11/346 1446/12/348
f 1442/12/346 1446/12/348 1441/11/346
f 1438/12/1 1448/12/1 1447/12/1
f 1448/12/1 1438/12/1 1440/12/1
f 1448/12/1 1440/12/1 1449/12/1
f 1449/12/1 1440/12/1 1442/12/1
f 1449/12/1 1442/12/1 1450/12/1
f 1450/12/1 1442/12/1 1446/12/1
f 1450/12/1 1446/12/1 1451/12/1
f 1451/12/1 1446/12/1 1445/12/1
f 1447/12/2 1448/12/2 1438/12/2
f 1440/12/2 1438/12/2 1448/12/2
f 1449/12/2 1440/12/2 1448/12/2
f 1442/12/2 1440/12/2 1449/12/2
f 1450/12/2 1442/12/2 1449/12/2
f 1446/12/2 1442/12/2 1450/12/2
f 1451/12/2 1446/12/2 1450/12/2
f 1445/12/2 1446/12/2 1451/12/2
f 1438/12/339 1140/11/339 1437/11/339
f 1140/11/339 1438/12/339 1447/12/339
f 1437/11/340 1140/11/340 1438/12/340
f 1447/12/340 1438/12/340 1140/11/340
f 1148/11/351 1445/12/351 1443/11/351
f 1445/12/351 1148/11/351 1451/12/351
f 1443/11/352 1445/12/352 1148/11/352
f 1451/12/352 1148/11/352 1445/12/352
f 1450/12/348 1148/11/353 1146/11/348
f 1148/11/353 1450/12/348 1451/12/353
f 1146/11/347 1148/11/354 1450/12/347
f 1451/12/354 1450/12/347 1148/11/354
f 1449/12/346 1146/11/348 1144/11/346
f 1146/11/348 1449/12/346 1450/12/348
f 1144/11/345 1146/11/347 1449/12/345
f 1450/12/347 1449/12/345 1146/11/347
f 1449/12/346 1141/11/343 1448/12/343
f 1141/11/343 1449/12/346 1144/11/346
f 1448/12/342 1141/11/342 1449/12/345
f 1144/11/345 1449/12/345 1141/11/342
f 1448/12/343 1140/11/344 1447/12/344
f 1140/11/344 1448/12/343 1141/11/343
f 1447/12/341 1140/11/341 1448/12/342
f 1141/11/342 1448/12/342 1140/11/341
f 1453/11/2 1452/11/2 89/11/2
f 1452/11/2 1453/11/2 90/11/2
f 1452/11/2 90/11/2 1454/11/2
f 1454/11/2 90/11/2 1455/11/2
f 1454/11/2 1455/11/2 1456/11/2
f 1456/11/2 1455/11/2 1457/11/2
f 1457/11/2 1455/11/2 92/11/2
f 1457/11/2 92/11/2 1458/11/2
f 89/11/1 1452/11/1 1453/11/1
f 90/11/1 1453/11/1 1452/11/1
f 1454/11/1 90/11/1 1452/11/1
f 1455/11/1 90/11/1 1454/11/1
f 1456/11/1 1455/11/1 1454/11/1
f 1457/11/1 1455/11/1 1456/11/1
f 92/11/1 1455/11/1 1457/11/1
f 1458/11/1 92/11/1 1457/11/1
f 1459/13/1 1159/13/1 1151/13/1
f 1159/13/1 1459/13/1 1158/13/1
f 1158/13/1 1459/13/1 1460/13/1
f 1158/13/1 1460/13/1 1157/13/1
f 1157/13/1 1460/13/1 1461/13/1
f 1157/13/1 1461/13/1 1462/13/1
f 1157/13/1 1462/13/1 1156/13/1
f 1156/13/1 1462/13/1 1463/13/1
f 1151/13/2 1159/13/2 1459/13/2
f 1158/13/2 1459/13/2 1159/13/2
f 1460/13/2 1459/13/2 1158/13/2
f 1157/13/2 1460/13/2 1158/13/2
f 1461/13/2 1460/13/2 1157/13/2
f 1462/13/2 1461/13/2 1157/13/2
f 1156/13/2 1462/13/2 1157/13/2
f 1463/13/2 1462/13/2 1156/13/2
f 1459/13/339 89/11/339 1452/11/339
f 89/11/339 1459/13/339 1151/13/339
f 1452/11/340 89/11/340 1459/13/340
f 1151/13/340 1459/13/340 89/11/340
f 1454/11/342 1459/13/341 1452/11/341
f 1459/13/341 1454/11/342 1460/13/342
f 1452/11/344 1459/13/344 1454/11/343
f 1460/13/343 1454/11/343 1459/13/344
f 1456/11/345 1460/13/342 1454/11/342
f 1460/13/342 1456/11/345 1461/13/345
f 1454/11/343 1460/13/343 1456/11/346
f 1461/13/346 1456/11/346 1460/13/343
f 1462/13/347 1456/11/345 1457/11/347
f 1456/11/345 1462/13/347 1461/13/345
f 1457/11/348 1456/11/346 1462/13/348
f 1461/13/346 1462/13/348 1456/11/346
f 1463/13/349 1457/11/347 1458/11/349
f 1457/11/347 1463/13/349 1462/13/347
f 1458/11/350 1457/11/348 1463/13/350
f 1462/13/348 1463/13/350 1457/11/348
f 92/11/351 1463/13/351 1458/11/351
f 1463/13/351 92/11/351 1156/13/351
f 1458/11/352 1463/13/352 92/11/352
f 1156/13/352 92/11/352 1463/13/352
f 1157/13/348 92/11/353 1455/11/348
f 92/11/353 1157/13/348 1156/13/353
f 1455/11/347 92/11/354 1157/13/347
f 1156/13/354 1157/13/347 92/11/354
f 1158/13/346 1455/11/348 90/11/346
f 1455/11/348 1158/13/346 1157/13/348
f 90/11/345 1455/11/347 1158/13/345
f 1157/13/347 1158/13/345 1455/11/347
f 1158/13/346 1453/11/343 1159/13/343
f 1453/11/343 1158/13/346 90/11/346
f 1159/13/342 1453/11/342 1158/13/345
f 90/11/345 1158/13/345 1453/11/342
f 1159/13/343 89/11/344 1151/13/344
f 89/11/344 1159/13/343 1453/11/343
f 1151/13/341 89/11/341 1159/13/342
f 1453/11/342 1159/13/342 89/11/341
f 1466/13/472 1465/11/471 1464/13/471
f 1465/11/471 1466/13/472 1467/11/472
f 1464/13/474 1465/11/474 1466/13/473
f 1467/11/473 1466/13/473 1465/11/474
f 1470/13/475 1469/11/476 1468/11/475
f 1469/11/476 1470/13/475 1471/13/476
f 1468/11/477 1469/11/478 1470/13/477
f 1471/13/478 1470/13/477 1469/11/478
f 1471/13/476 1472/11/479 1469/11/476
f 1472/11/479 1471/13/476 1473/13/479
f 1469/11/478 1472/11/480 1471/13/478
f 1473/13/480 1471/13/478 1472/11/480
f 1476/11/482 1475/13/481 1474/11/481
f 1475/13/481 1476/11/482 1477/13/482
f 1474/11/484 1475/13/484 1476/11/483
f 1477/13/483 1476/11/483 1475/13/484
f 1474/11/481 1470/13/475 1468/11/475
f 1470/13/475 1474/11/481 1475/13/481
f 1468/11/477 1470/13/477 1474/11/484
f 1475/13/484 1474/11/484 1470/13/477
f 1464/13/471 1472/11/479 1473/13/479
f 1472/11/479 1464/13/471 1465/11/471
f 1473/13/480 1472/11/480 1464/13/474
f 1465/11/474 1464/13/474 1472/11/480
f 1464/13/1 1477/13/1 1466/13/1
f 1477/13/1 1464/13/1 1473/13/1
f 1477/13/1 1473/13/1 1471/13/1
f 1477/13/1 1471/13/1 1470/13/1
f 1477/13/1 1470/13/1 1475/13/1
f 1466/13/2 1477/13/2 1464/13/2
f 1473/13/2 1464/13/2 1477/13/2
f 1471/13/2 1473/13/2 1477/13/2
f 1470/13/2 1471/13/2 1477/13/2
f 1475/13/2 1470/13/2 1477/13/2
f 1480/15/353 1479/14/353 1478/14/353
f 1479/14/353 1480/15/353 1481/15/353
f 1481/15/353 1480/15/353 1482/16/353
f 1481/15/353 1482/16/353 1483/16/353
f 1483/16/353 1482/16/353 1484/17/353
f 1483/16/353 1484/17/353 1485/17/353
f 1478/14/354 1479/14/354 1480/15/354
f 1481/15/354 1480/15/354 1479/14/354
f 1482/16/354 1480/15/354 1481/15/354
f 1483/16/354 1482/16/354 1481/15/354
f 1484/17/354 1482/16/354 1483/16/354
f 1485/17/354 1484/17/354 1483/16/354
f 1486/17/485 1483/16/486 1485/17/485
f 1483/16/486 1486/17/485 1487/16/486
f 1485/17/487 1483/16/488 1486/17/487
f 1487/16/488 1486/17/487 1483/16/488
f 1479/14/489 1488/14/487 1478/14/487
f 1488/14/487 1479/14/489 1489/14/489
f 1478/14/485 1488/14/485 1479/14/490
f 1489/14/490 1479/14/490 1488/14/485
f 1482/16/491 1491/15/488 1490/16/491
f 1491/15/488 1482/16/491 1480/15/488
f 1490/16/492 1491/15/486 1482/16/492
f 1480/15/486 1482/16/492 1491/15/486
f 1492/15/354 1488/14/354 1489/14/354
f 1488/14/354 1492/15/354 1491/15/354
f 1491/15/354 1492/15/354 1487/16/354
f 1491/15/354 1487/16/354 1490/16/354
f 1490/16/354 1487/16/354 1486/17/354
f 1490/16/354 1486/17/354 1493/17/354
f 1489/14/353 1488/14/353 1492/15/353
f 1491/15/353 1492/15/353 1488/14/353
f 1487/16/353 1492/15/353 1491/15/353
f 1490/16/353 1487/16/353 1491/15/353
f 1486/17/353 1487/16/353 1490/16/353
f 1493/17/353 1486/17/353 1490/16/353
f 1481/15/492 1487/16/486 1492/15/492
f 1487/16/486 1481/15/492 1483/16/486
f 1492/15/491 1487/16/488 1481/15/491
f 1483/16/488 1481/15/491 1487/16/488
f 1478/14/487 1491/15/488 1480/15/488
f 1491/15/488 1478/14/487 1488/14/487
f 1480/15/486 1491/15/486 1478/14/485
f 1488/14/485 1478/14/485 1491/15/486
f 1490/16/491 1484/17/490 1482/16/491
f 1484/17/490 1490/16/491 1493/17/490
f 1482/16/492 1484/17/489 1490/16/492
f 1493/17/489 1490/16/492 1484/17/489
f 1493/17/490 1485/17/485 1484/17/490
f 1485/17/485 1493/17/490 1486/17/485
f 1484/17/489 1485/17/487 1493/17/489
f 1486/17/487 1493/17/489 1485/17/487
f 1481/15/492 1489/14/489 1479/14/489
f 1489/14/489 1481/15/492 1492/15/492
f 1479/14/490 1489/14/490 1481/15/491
f 1492/15/491 1481/15/491 1489/14/490
f 1496/18/489 1495/18/487 1494/18/487
f 1495/18/487 1496/18/489 1497/18/489
f 1494/18/485 1495/18/485 1496/18/490
f 1497/18/490 1496/18/490 1495/18/485
f 1500/19/491 1499/20/490 1498/19/491
f 1499/20/490 1500/19/491 1501/20/490
f 1498/19/492 1499/20/489 1500/19/492
f 1501/20/489 1500/19/492 1499/20/489
f 1502/21/354 1495/18/354 1497/18/354
f 1495/18/354 1502/21/354 1503/21/354
f 1503/21/354 1502/21/354 1504/19/354
f 1503/21/354 1504/19/354 1500/19/354
f 1500/19/354 1504/19/354 1505/20/354
f 1500/19/354 1505/20/354 1501/20/354
f 1497/18/353 1495/18/353 1502/21/353
f 1503/21/353 1502/21/353 1495/18/353
f 1504/19/353 1502/21/353 1503/21/353
f 1500/19/353 1504/19/353 1503/21/353
f 1505/20/353 1504/19/353 1500/19/353
f 1501/20/353 1505/20/353 1500/19/353
f 1498/19/491 1503/21/488 1500/19/491
f 1503/21/488 1498/19/491 1506/21/488
f 1500/19/492 1503/21/486 1498/19/492
f 1506/21/486 1498/19/492 1503/21/486
f 1501/20/490 1507/20/485 1499/20/490
f 1507/20/485 1501/20/490 1505/20/485
f 1499/20/489 1507/20/487 1501/20/489
f 1505/20/487 1501/20/489 1507/20/487
f 1508/21/492 1504/19/486 1502/21/492
f 1504/19/486 1508/21/492 1509/19/486
f 1502/21/491 1504/19/488 1508/21/491
f 1509/19/488 1508/21/491 1504/19/488
f 1505/20/485 1509/19/486 1507/20/485
f 1509/19/486 1505/20/485 1504/19/486
f 1507/20/487 1509/19/488 1505/20/487
f 1504/19/488 1505/20/487 1509/19/488
f 1494/18/487 1503/21/488 1506/21/488
f 1503/21/488 1494/18/487 1495/18/487
f 1506/21/486 1503/21/486 1494/18/485
f 1495/18/485 1494/18/485 1503/21/486
f 1506/21/353 1496/18/353 1494/18/353
f 1496/18/353 1506/21/353 1508/21/353
f 1508/21/353 1506/21/353 1498/19/353
f 1508/21/353 1498/19/353 1509/19/353
f 1509/19/353 1498/19/353 1499/20/353
f 1509/19/353 1499/20/353 1507/20/353
f 1494/18/354 1496/18/354 1506/21/354
f 1508/21/354 1506/21/354 1496/18/354
f 1498/19/354 1506/21/354 1508/21/354
f 1509/19/354 1498/19/354 1508/21/354
f 1499/20/354 1498/19/354 1509/19/354
f 1507/20/354 1499/20/354 1509/19/354
f 1508/21/492 1497/18/489 1496/18/489
f 1497/18/489 1508/21/492 1502/21/492
f 1496/18/490 1497/18/490 1508/21/491
f 1502/21/491 1508/21/491 1497/18/490
f 1512/22/493 1511/22/494 1510/22/493
f 1511/22/494 1512/22/493 1513/22/494
f 1510/22/495 1511/22/496 1512/22/495
f 1513/22/496 1512/22/495 1511/22/496
f 1516/23/495 1515/23/496 1514/23/496
f 1515/23/496 1516/23/495 1517/23/495
f 1514/23/494 1515/23/494 1516/23/493
f 1517/23/493 1516/23/493 1515/23/494
f 1514/23/496 1519/24/497 1518/24/497
f 1519/24/497 1514/23/496 1515/23/496
f 1518/24/498 1519/24/498 1514/23/494
f 1515/23/494 1514/23/494 1519/24/498
f 1520/24/499 1517/23/495 1516/23/495
f 1517/23/495 1520/24/499 1521/24/499
f 1516/23/493 1517/23/493 1520/24/500
f 1521/24/500 1520/24/500 1517/23/493
f 1520/24/499 1522/25/498 1521/24/499
f 1522/25/498 1520/24/499 1523/25/498
f 1521/24/500 1522/25/497 1520/24/500
f 1523/25/497 1520/24/500 1522/25/497
f 1521/24/501 1515/23/501 1517/23/501
f 1515/23/501 1521/24/501 1519/24/501
f 1519/24/501 1521/24/501 1522/25/501
f 1519/24/501 1522/25/501 1524/25/501
f 1524/25/501 1522/25/501 1513/22/501
f 1524/25/501 1513/22/501 1512/22/501
f 1517/23/502 1515/23/502 1521/24/502
f 1519/24/502 1521/24/502 1515/23/502
f 1522/25/502 1521/24/502 1519/24/502
f 1524/25/502 1522/25/502 1519/24/502
f 1513/22/502 1522/25/502 1524/25/502
f 1512/22/502 1513/22/502 1524/25/502
f 1513/22/494 1523/25/498 1511/22/494
f 1523/25/498 1513/22/494 1522/25/498
f 1511/22/496 1523/25/497 1513/22/496
f 1522/25/497 1513/22/496 1523/25/497
f 1525/25/500 1519/24/497 1524/25/500
f 1519/24/497 1525/25/500 1518/24/497
f 1524/25/499 1519/24/498 1525/25/499
f 1518/24/498 1525/25/499 1519/24/498
f 1524/25/500 1510/22/493 1525/25/500
f 1510/22/493 1524/25/500 1512/22/493
f 1525/25/499 1510/22/495 1524/25/499
f 1512/22/495 1524/25/499 1510/22/495
f 1518/24/502 1516/23/502 1514/23/502
f 1516/23/502 1518/24/502 1520/24/502
f 1520/24/502 1518/24/502 1525/25/502
f 1520/24/502 1525/25/502 1523/25/502
f 1523/25/502 1525/25/502 1510/22/502
f 1523/25/502 1510/22/502 1511/22/502
f 1514/23/501 1516/23/501 1518/24/501
f 1520/24/501 1518/24/501 1516/23/501
f 1525/25/501 1518/24/501 1520/24/501
f 1523/25/501 1525/25/501 1520/24/501
f 1510/22/501 1525/25/501 1523/25/501
f 1511/22/501 1510/22/501 1523/25/501
f 1528/26/503 1527/27/504 1526/26/503
f 1527/27/504 1528/26/503 1529/27/504
f 1526/26/505 1527/27/506 1528/26/505
f 1529/27/506 1528/26/505 1527/27/506
f 1531/26/507 1526/26/503 1530/26/507
f 1526/26/503 1531/26/507 1528/26/503
f 1530/26/508 1526/26/505 1531/26/508
f 1528/26/505 1531/26/508 1526/26/505
f 1534/27/509 1533/28/506 1532/28/506
f 1533/28/506 1534/27/509 1535/27/509
f 1532/28/504 1533/28/504 1534/27/510
f 1535/27/510 1534/27/510 1533/28/504
f 1527/27/504 1537/28/510 1536/28/510
f 1537/28/510 1527/27/504 1529/27/504
f 1536/28/509 1537/28/509 1527/27/506
f 1529/27/506 1527/27/506 1537/28/509
f 1538/29/341 1534/27/341 1532/28/341
f 1534/27/341 1538/29/341 1531/26/341
f 1531/26/341 1538/29/341 1539/29/341
f 1531/26/341 1539/29/341 1528/26/341
f 1528/26/341 1539/29/341 1537/28/341
f 1528/26/341 1537/28/341 1529/27/341
f 1532/28/344 1534/27/344 1538/29/344
f 1531/26/344 1538/29/344 1534/27/344
f 1539/29/344 1538/29/344 1531/26/344
f 1528/26/344 1539/29/344 1531/26/344
f 1537/28/344 1539/29/344 1528/26/344
f 1529/27/344 1537/28/344 1528/26/344
f 1540/29/505 1532/28/506 1533/28/506
f 1532/28/506 1540/29/505 1538/29/505
f 1533/28/504 1532/28/504 1540/29/503
f 1538/29/503 1540/29/503 1532/28/504
f 1534/27/509 1530/26/507 1535/27/509
f 1530/26/507 1534/27/509 1531/26/507
f 1535/27/510 1530/26/508 1534/27/510
f 1531/26/508 1534/27/510 1530/26/508
f 1530/26/344 1533/28/344 1535/27/344
f 1533/28/344 1530/26/344 1540/29/344
f 1540/29/344 1530/26/344 1526/26/344
f 1540/29/344 1526/26/344 1541/29/344
f 1541/29/344 1526/26/344 1527/27/344
f 1541/29/344 1527/27/344 1536/28/344
f 1535/27/341 1533/28/341 1530/26/341
f 1540/29/341 1530/26/341 1533/28/341
f 1526/26/341 1530/26/341 1540/29/341
f 1541/29/341 1526/26/341 1540/29/341
f 1527/27/341 1526/26/341 1541/29/341
f 1536/28/341 1527/27/341 1541/29/341
f 1536/28/510 1539/29/508 1541/29/508
f 1539/29/508 1536/28/510 1537/28/510
f 1541/29/507 1539/29/507 1536/28/509
f 1537/28/509 1536/28/509 1539/29/507
f 1541/29/508 1538/29/505 1540/29/505
f 1538/29/505 1541/29/508 1539/29/508
f 1540/29/503 1538/29/503 1541/29/507
f 1539/29/507 1541/29/507 1538/29/503
f 1544/11/358 1543/12/357 1542/11/357
f 1543/12/357 1544/11/358 1545/12/358
f 1542/11/360 1543/12/360 1544/11/359
f 1545/12/359 1544/11/359 1543/12/360
f 1546/11/361 1545/12/358 1544/11/358
f 1545/12/358 1546/11/361 1547/12/361
f 1544/11/359 1545/12/359 1546/11/362
f 1547/12/362 1546/11/362 1545/12/359
f 1550/12/370 1549/11/363 1548/11/370
f 1549/11/363 1550/12/370 1551/12/363
f 1548/11/369 1549/11/364 1550/12/369
f 1551/12/364 1550/12/369 1549/11/364
f 1551/12/363 1546/11/361 1549/11/363
f 1546/11/361 1551/12/363 1547/12/361
f 1549/11/364 1546/11/362 1551/12/364
f 1547/12/362 1551/12/364 1546/11/362
f 1543/12/1 1553/12/1 1552/12/1
f 1553/12/1 1543/12/1 1545/12/1
f 1553/12/1 1545/12/1 1554/12/1
f 1554/12/1 1545/12/1 1547/12/1
f 1554/12/1 1547/12/1 1555/12/1
f 1555/12/1 1547/12/1 1551/12/1
f 1555/12/1 1551/12/1 1556/12/1
f 1556/12/1 1551/12/1 1550/12/1
f 1552/12/2 1553/12/2 1543/12/2
f 1545/12/2 1543/12/2 1553/12/2
f 1554/12/2 1545/12/2 1553/12/2
f 1547/12/2 1545/12/2 1554/12/2
f 1555/12/2 1547/12/2 1554/12/2
f 1551/12/2 1547/12/2 1555/12/2
f 1556/12/2 1551/12/2 1555/12/2
f 1550/12/2 1551/12/2 1556/12/2
f 1543/12/355 1160/11/355 1542/11/355
f 1160/11/355 1543/12/355 1552/12/355
f 1542/11/356 1160/11/356 1543/12/356
f 1552/12/356 1543/12/356 1160/11/356
f 1168/11/367 1550/12/367 1548/11/367
f 1550/12/367 1168/11/367 1556/12/367
f 1548/11/368 1550/12/368 1168/11/368
f 1556/12/368 1168/11/368 1550/12/368
f 1555/12/364 1168/11/369 1166/11/364
f 1168/11/369 1555/12/364 1556/12/369
f 1166/11/363 1168/11/370 1555/12/363
f 1556/12/370 1555/12/363 1168/11/370
f 1554/12/362 1166/11/364 1164/11/362
f 1166/11/364 1554/12/362 1555/12/364
f 1164/11/361 1166/11/363 1554/12/361
f 1555/12/363 1554/12/361 1166/11/363
f 1554/12/362 1161/11/359 1553/12/359
f 1161/11/359 1554/12/362 1164/11/362
f 1553/12/358 1161/11/358 1554/12/361
f 1164/11/361 1554/12/361 1161/11/358
f 1553/12/359 1160/11/360 1552/12/360
f 1160/11/360 1553/12/359 1161/11/359
f 1552/12/357 1160/11/357 1553/12/358
f 1161/11/358 1553/12/358 1160/11/357
f 1558/11/2 1557/11/2 133/11/2
f 1557/11/2 1558/11/2 134/11/2
f 1557/11/2 134/11/2 1559/11/2
f 1559/11/2 134/11/2 1560/11/2
f 1559/11/2 1560/11/2 1561/11/2
f 1561/11/2 1560/11/2 1562/11/2
f 1562/11/2 1560/11/2 136/11/2
f 1562/11/2 136/11/2 1563/11/2
f 133/11/1 1557/11/1 1558/11/1
f 134/11/1 1558/11/1 1557/11/1
f 1559/11/1 134/11/1 1557/11/1
f 1560/11/1 134/11/1 1559/11/1
f 1561/11/1 1560/11/1 1559/11/1
f 1562/11/1 1560/11/1 1561/11/1
f 136/11/1 1560/11/1 1562/11/1
f 1563/11/1 136/11/1 1562/11/1
f 1564/13/1 1179/13/1 1171/13/1
f 1179/13/1 1564/13/1 1178/13/1
f 1178/13/1 1564/13/1 1565/13/1
f 1178/13/1 1565/13/1 1177/13/1
f 1177/13/1 1565/13/1 1566/13/1
f 1177/13/1 1566/13/1 1567/13/1
f 1177/13/1 1567/13/1 1176/13/1
f 1176/13/1 1567/13/1 1568/13/1
f 1171/13/2 1179/13/2 1564/13/2
f 1178/13/2 1564/13/2 1179/13/2
f 1565/13/2 1564/13/2 1178/13/2
f 1177/13/2 1565/13/2 1178/13/2
f 1566/13/2 1565/13/2 1177/13/2
f 1567/13/2 1566/13/2 1177/13/2
f 1176/13/2 1567/13/2 1177/13/2
f 1568/13/2 1567/13/2 1176/13/2
f 1564/13/355 133/11/355 1557/11/355
f 133/11/355 1564/13/355 1171/13/355
f 1557/11/356 133/11/356 1564/13/356
f 1171/13/356 1564/13/356 133/11/356
f 1559/11/358 1564/13/357 1557/11/357
f 1564/13/357 1559/11/358 1565/13/358
f 1557/11/360 1564/13/360 1559/11/359
f 1565/13/359 1559/11/359 1564/13/360
f 1561/11/361 1565/13/358 1559/11/358
f 1565/13/358 1561/11/361 1566/13/361
f 1559/11/359 1565/13/359 1561/11/362
f 1566/13/362 1561/11/362 1565/13/359
f 1567/13/363 1561/11/361 1562/11/363
f 1561/11/361 1567/13/363 1566/13/361
f 1562/11/364 1561/11/362 1567/13/364
f 1566/13/362 1567/13/364 1561/11/362
f 1568/13/365 1562/11/363 1563/11/365
f 1562/11/363 1568/13/365 1567/13/363
f 1563/11/366 1562/11/364 1568/13/366
f 1567/13/364 1568/13/366 1562/11/364
f 136/11/367 1568/13/367 1563/11/367
f 1568/13/367 136/11/367 1176/13/367
f 1563/11/368 1568/13/368 136/11/368
f 1176/13/368 136/11/368 1568/13/368
f 1177/13/364 136/11/369 1560/11/364
f 136/11/369 1177/13/364 1176/13/369
f 1560/11/363 136/11/370 1177/13/363
f 1176/13/370 1177/13/363 136/11/370
f 1178/13/362 1560/11/364 134/11/362
f 1560/11/364 1178/13/362 1177/13/364
f 134/11/361 1560/11/363 1178/13/361
f 1177/13/363 1178/13/361 1560/11/363
f 1178/13/362 1558/11/359 1179/13/359
f 1558/11/359 1178/13/362 134/11/362
f 1179/13/358 1558/11/358 1178/13/361
f 134/11/361 1178/13/361 1558/11/358
f 1179/13/359 133/11/360 1171/13/360
f 133/11/360 1179/13/359 1558/11/359
f 1171/13/357 133/11/357 1179/13/358
f 1558/11/358 1179/13/358 133/11/357
f 1571/13/512 1570/11/511 1569/13/511
f 1570/11/511 1571/13/512 1572/11/512
f 1569/13/514 1570/11/514 1571/13/513
f 1572/11/513 1571/13/513 1570/11/514
f 1575/13/515 1574/11/516 1573/11/515
f 1574/11/516 1575/13/515 1576/13/516
f 1573/11/517 1574/11/518 1575/13/517
f 1576/13/518 1575/13/517 1574/11/518
f 1576/13/516 1577/11/519 1574/11/516
f 1577/11/519 1576/13/516 1578/13/519
f 1574/11/518 1577/11/520 1576/13/518
f 1578/13/520 1576/13/518 1577/11/520
f 1581/11/522 1580/13/521 1579/11/521
f 1580/13/521 1581/11/522 1582/13/522
f 1579/11/524 1580/13/524 1581/11/523
f 1582/13/523 1581/11/523 1580/13/524
f 1579/11/521 1575/13/515 1573/11/515
f 1575/13/515 1579/11/521 1580/13/521
f 1573/11/517 1575/13/517 1579/11/524
f 1580/13/524 1579/11/524 1575/13/517
f 1569/13/511 1577/11/519 1578/13/519
f 1577/11/519 1569/13/511 1570/11/511
f 1578/13/520 1577/11/520 1569/13/514
f 1570/11/514 1569/13/514 1577/11/520
f 1569/13/1 1582/13/1 1571/13/1
f 1582/13/1 1569/13/1 1578/13/1
f 1582/13/1 1578/13/1 1576/13/1
f 1582/13/1 1576/13/1 1575/13/1
f 1582/13/1 1575/13/1 1580/13/1
f 1571/13/2 1582/13/2 1569/13/2
f 1578/13/2 1569/13/2 1582/13/2
f 1576/13/2 1578/13/2 1582/13/2
f 1575/13/2 1576/13/2 1582/13/2
f 1580/13/2 1575/13/2 1582/13/2
f 1585/15/369 1584/14/369 1583/14/369
f 1584/14/369 1585/15/369 1586/15/369
f 1586/15/369 1585/15/369 1587/16/369
f 1586/15/369 1587/16/369 1588/16/369
f 1588/16/369 1587/16/369 1589/17/369
f 1588/16/369 1589/17/369 1590/17/369
f 1583/14/370 1584/14/370 1585/15/370
f 1586/15/370 1585/15/370 1584/14/370
f 1587/16/370 1585/15/370 1586/15/370
f 1588/16/370 1587/16/370 1586/15/370
f 1589/17/370 1587/16/370 1588/16/370
f 1590/17/370 1589/17/370 1588/16/370
f 1591/17/525 1588/16/526 1590/17/525
f 1588/16/526 1591/17/525 1592/16/526
f 1590/17/527 1588/16/528 1591/17/527
f 1592/16/528 1591/17/527 1588/16/528
f 1584/14/529 1593/14/527 1583/14/527
f 1593/14/527 1584/14/529 1594/14/529
f 1583/14/525 1593/14/525 1584/14/530
f 1594/14/530 1584/14/530 1593/14/525
f 1587/16/531 1596/15/528 1595/16/531
f 1596/15/528 1587/16/531 1585/15/528
f 1595/16/532 1596/15/526 1587/16/532
f 1585/15/526 1587/16/532 1596/15/526
f 1597/15/370 1593/14/370 1594/14/370
f 1593/14/370 1597/15/370 1596/15/370
f 1596/15/370 1597/15/370 1592/16/370
f 1596/15/370 1592/16/370 1595/16/370
f 1595/16/370 1592/16/370 1591/17/370
f 1595/16/370 1591/17/370 1598/17/370
f 1594/14/369 1593/14/369 1597/15/369
f 1596/15/369 1597/15/369 1593/14/369
f 1592/16/369 1597/15/369 1596/15/369
f 1595/16/369 1592/16/369 1596/15/369
f 1591/17/369 1592/16/369 1595/16/369
f 1598/17/369 1591/17/369 1595/16/369
f 1586/15/532 1592/16/526 1597/15/532
f 1592/16/526 1586/15/532 1588/16/526
f 1597/15/531 1592/16/528 1586/15/531
f 1588/16/528 1586/15/531 1592/16/528
f 1583/14/527 1596/15/528 1585/15/528
f 1596/15/528 1583/14/527 1593/14/527
f 1585/15/526 1596/15/526 1583/14/525
f 1593/14/525 1583/14/525 1596/15/526
f 1595/16/531 1589/17/530 1587/16/531
f 1589/17/530 1595/16/531 1598/17/530
f 1587/16/532 1589/17/529 1595/16/532
f 1598/17/529 1595/16/532 1589/17/529
f 1598/17/530 1590/17/525 1589/17/530
f 1590/17/525 1598/17/530 1591/17/525
f 1589/17/529 1590/17/527 1598/17/529
f 1591/17/527 1598/17/529 1590/17/527
f 1586/15/532 1594/14/529 1584/14/529
f 1594/14/529 1586/15/532 1597/15/532
f 1584/14/530 1594/14/530 1586/15/531
f 1597/15/531 1586/15/531 1594/14/530
f 1601/18/529 1600/18/527 1599/18/527
f 1600/18/527 1601/18/529 1602/18/529
f 1599/18/525 1600/18/525 1601/18/530
f 1602/18/530 1601/18/530 1600/18/525
f 1605/19/531 1604/20/530 1603/19/531
f 1604/20/530 1605/19/531 1606/20/530
f 1603/19/532 1604/20/529 1605/19/532
f 1606/20/529 1605/19/532 1604/20/529
f 1607/21/370 1600/18/370 1602/18/370
f 1600/18/370 1607/21/370 1608/21/370
f 1608/21/370 1607/21/370 1609/19/370
f 1608/21/370 1609/19/370 1605/19/370
f 1605/19/370 1609/19/370 1610/20/370
f 1605/19/370 1610/20/370 1606/20/370
f 1602/18/369 1600/18/369 1607/21/369
f 1608/21/369 1607/21/369 1600/18/369
f 1609/19/369 1607/21/369 1608/21/369
f 1605/19/369 1609/19/369 1608/21/369
f 1610/20/369 1609/19/369 1605/19/369
f 1606/20/369 1610/20/369 1605/19/369
f 1603/19/531 1608/21/528 1605/19/531
f 1608/21/528 1603/19/531 1611/21/528
f 1605/19/532 1608/21/526 1603/19/532
f 1611/21/526 1603/19/532 1608/21/526
f 1606/20/530 1612/20/525 1604/20/530
f 1612/20/525 1606/20/530 1610/20/525
f 1604/20/529 1612/20/527 1606/20/529
f 1610/20/527 1606/20/529 1612/20/527
f 1613/21/532 1609/19/526 1607/21/532
f 1609/19/526 1613/21/532 1614/19/526
f 1607/21/531 1609/19/528 1613/21/531
f 1614/19/528 1613/21/531 1609/19/528
f 1610/20/525 1614/19/526 1612/20/525
f 1614/19/526 1610/20/525 1609/19/526
f 1612/20/527 1614/19/528 1610/20/527
f 1609/19/528 1610/20/527 1614/19/528
f 1599/18/527 1608/21/528 1611/21/528
f 1608/21/528 1599/18/527 1600/18/527
f 1611/21/526 1608/21/526 1599/18/525
f 1600/18/525 1599/18/525 1608/21/526
f 1611/21/369 1601/18/369 1599/18/369
f 1601/18/369 1611/21/369 1613/21/369
f 1613/21/369 1611/21/369 1603/19/369
f 1613/21/369 1603/19/369 1614/19/369
f 1614/19/369 1603/19/369 1604/20/369
f 1614/19/369 1604/20/369 1612/20/369
f 1599/18/370 1601/18/370 1611/21/370
f 1613/21/370 1611/21/370 1601/18/370
f 1603/19/370 1611/21/370 1613/21/370
f 1614/19/370 1603/19/370 1613/21/370
f 1604/20/370 1603/19/370 1614/19/370
f 1612/20/370 1604/20/370 1614/19/370
f 1613/21/532 1602/18/529 1601/18/529
f 1602/18/529 1613/21/532 1607/21/532
f 1601/18/530 1602/18/530 1613/21/531
f 1607/21/531 1613/21/531 1602/18/530
f 1617/22/533 1616/22/534 1615/22/533
f 1616/22/534 1617/22/533 1618/22/534
f 1615/22/535 1616/22/536 1617/22/535
f 1618/22/536 1617/22/535 1616/22/536
f 1621/23/535 1620/23/536 1619/23/536
f 1620/23/536 1621/23/535 1622/23/535
f 1619/23/534 1620/23/534 1621/23/533
f 1622/23/533 1621/23/533 1620/23/534
f 1619/23/536 1624/24/537 1623/24/537
f 1624/24/537 1619/23/536 1620/23/536
f 1623/24/538 1624/24/538 1619/23/534
f 1620/23/534 1619/23/534 1624/24/538
f 1625/24/539 1622/23/535 1621/23/535
f 1622/23/535 1625/24/539 1626/24/539
f 1621/23/533 1622/23/533 1625/24/540
f 1626/24/540 1625/24/540 1622/23/533
f 1625/24/539 1627/25/538 1626/24/539
f 1627/25/538 1625/24/539 1628/25/538
f 1626/24/540 1627/25/537 1625/24/540
f 1628/25/537 1625/24/540 1627/25/537
f 1626/24/541 1620/23/541 1622/23/541
f 1620/23/541 1626/24/541 1624/24/541
f 1624/24/541 1626/24/541 1627/25/541
f 1624/24/541 1627/25/541 1629/25/541
f 1629/25/541 1627/25/541 1618/22/541
f 1629/25/541 1618/22/541 1617/22/541
f 1622/23/542 1620/23/542 1626/24/542
f 1624/24/542 1626/24/542 1620/23/542
f 1627/25/542 1626/24/542 1624/24/542
f 1629/25/542 1627/25/542 1624/24/542
f 1618/22/542 1627/25/542 1629/25/542
f 1617/22/542 1618/22/542 1629/25/542
f 1618/22/534 1628/25/538 1616/22/534
f 1628/25/538 1618/22/534 1627/25/538
f 1616/22/536 1628/25/537 1618/22/536
f 1627/25/537 1618/22/536 1628/25/537
f 1630/25/540 1624/24/537 1629/25/540
f 1624/24/537 1630/25/540 1623/24/537
f 1629/25/539 1624/24/538 1630/25/539
f 1623/24/538 1630/25/539 1624/24/538
f 1629/25/540 1615/22/533 1630/25/540
f 1615/22/533 1629/25/540 1617/22/533
f 1630/25/539 1615/22/535 1629/25/539
f 1617/22/535 1629/25/539 1615/22/535
f 1623/24/542 1621/23/542 1619/23/542
f 1621/23/542 1623/24/542 1625/24/542
f 1625/24/542 1623/24/542 1630/25/542
f 1625/24/542 1630/25/542 1628/25/542
f 1628/25/542 1630/25/542 1615/22/542
f 1628/25/542 1615/22/542 1616/22/542
f 1619/23/541 1621/23/541 1623/24/541
f 1625/24/541 1623/24/541 1621/23/541
f 1630/25/541 1623/24/541 1625/24/541
f 1628/25/541 1630/25/541 1625/24/541
f 1615/22/541 1630/25/541 1628/25/541
f 1616/22/541 1615/22/541 1628/25/541
f 1633/26/543 1632/27/544 1631/26/543
f 1632/27/544 1633/26/543 1634/27/544
f 1631/26/545 1632/27/546 1633/26/545
f 1634/27/546 1633/26/545 1632/27/546
f 1636/26/547 1631/26/543 1635/26/547
f 1631/26/543 1636/26/547 1633/26/543
f 1635/26/548 1631/26/545 1636/26/548
f 1633/26/545 1636/26/548 1631/26/545
f 1639/27/549 1638/28/546 1637/28/546
f 1638/28/546 1639/27/549 1640/27/549
f 1637/28/544 1638/28/544 1639/27/550
f 1640/27/550 1639/27/550 1638/28/544
f 1632/27/544 1642/28/550 1641/28/550
f 1642/28/550 1632/27/544 1634/27/544
f 1641/28/549 1642/28/549 1632/27/546
f 1634/27/546 1632/27/546 1642/28/549
f 1643/29/357 1639/27/357 1637/28/357
f 1639/27/357 1643/29/357 1636/26/357
f 1636/26/357 1643/29/357 1644/29/357
f 1636/26/357 1644/29/357 1633/26/357
f 1633/26/357 1644/29/357 1642/28/357
f 1633/26/357 1642/28/357 1634/27/357
f 1637/28/360 1639/27/360 1643/29/360
f 1636/26/360 1643/29/360 1639/27/360
f 1644/29/360 1643/29/360 1636/26/360
f 1633/26/360 1644/29/360 1636/26/360
f 1642/28/360 1644/29/360 1633/26/360
f 1634/27/360 1642/28/360 1633/26/360
f 1645/29/545 1637/28/546 1638/28/546
f 1637/28/546 1645/29/545 1643/29/545
f 1638/28/544 1637/28/544 1645/29/543
f 1643/29/543 1645/29/543 1637/28/544
f 1639/27/549 1635/26/547 1640/27/549
f 1635/26/547 1639/27/549 1636/26/547
f 1640/27/550 1635/26/548 1639/27/550
f 1636/26/548 1639/27/550 1635/26/548
f 1635/26/360 1638/28/360 1640/27/360
f 1638/28/360 1635/26/360 1645/29/360
f 1645/29/360 1635/26/360 1631/26/360
f 1645/29/360 1631/26/360 1646/29/360
f 1646/29/360 1631/26/360 1632/27/360
f 1646/29/360 1632/27/360 1641/28/360
f 1640/27/357 1638/28/357 1635/26/357
f 1645/29/357 1635/26/357 1638/28/357
f 1631/26/357 1635/26/357 1645/29/357
f 1646/29/357 1631/26/357 1645/29/357
f 1632/27/357 1631/26/357 1646/29/357
f 1641/28/357 1632/27/357 1646/29/357
f 1641/28/550 1644/29/548 1646/29/548
f 1644/29/548 1641/28/550 1642/28/550
f 1646/29/547 1644/29/547 1641/28/549
f 1642/28/549 1641/28/549 1644/29/547
f 1646/29/548 1643/29/545 1645/29/545
f 1643/29/545 1646/29/548 1644/29/548
f 1645/29/543 1643/29/543 1646/29/547
f 1644/29/547 1646/29/547 1643/29/543
f 1649/11/343 1648/12/344 1647/11/344
f 1648/12/344 1649/11/343 1650/12/343
f 1647/11/341 1648/12/341 1649/11/342
f 1650/12/342 1649/11/342 1648/12/341
f 1651/11/346 1650/12/343 1649/11/343
f 1650/12/343 1651/11/346 1652/12/346
f 1649/11/342 1650/12/342 1651/11/345
f 1652/12/345 1651/11/345 1650/12/342
f 1655/12/353 1654/11/348 1653/11/353
f 1654/11/348 1655/12/353 1656/12/348
f 1653/11/354 1654/11/347 1655/12/354
f 1656/12/347 1655/12/354 1654/11/347
f 1656/12/348 1651/11/346 1654/11/348
f 1651/11/346 1656/12/348 1652/12/346
f 1654/11/347 1651/11/345 1656/12/347
f 1652/12/345 1656/12/347 1651/11/345
f 1648/12/1 1658/12/1 1657/12/1
f 1658/12/1 1648/12/1 1650/12/1
f 1658/12/1 1650/12/1 1659/12/1
f 1659/12/1 1650/12/1 1652/12/1
f 1659/12/1 1652/12/1 1660/12/1
f 1660/12/1 1652/12/1 1656/12/1
f 1660/12/1 1656/12/1 1661/12/1
f 1661/12/1 1656/12/1 1655/12/1
f 1657/12/2 1658/12/2 1648/12/2
f 1650/12/2 1648/12/2 1658/12/2
f 1659/12/2 1650/12/2 1658/12/2
f 1652/12/2 1650/12/2 1659/12/2
f 1660/12/2 1652/12/2 1659/12/2
f 1656/12/2 1652/12/2 1660/12/2
f 1661/12/2 1656/12/2 1660/12/2
f 1655/12/2 1656/12/2 1661/12/2
f 1648/12/371 1180/11/371 1647/11/371
f 1180/11/371 1648/12/371 1657/12/371
f 1647/11/372 1180/11/372 1648/12/372
f 1657/12/372 1648/12/372 1180/11/372
f 1188/11/373 1655/12/373 1653/11/373
f 1655/12/373 1188/11/373 1661/12/373
f 1653/11/374 1655/12/374 1188/11/374
f 1661/12/374 1188/11/374 1655/12/374
f 1660/12/347 1188/11/354 1186/11/347
f 1188/11/354 1660/12/347 1661/12/354
f 1186/11/348 1188/11/353 1660/12/348
f 1661/12/353 1660/12/348 1188/11/353
f 1659/12/345 1186/11/347 1184/11/345
f 1186/11/347 1659/12/345 1660/12/347
f 1184/11/346 1186/11/348 1659/12/346
f 1660/12/348 1659/12/346 1186/11/348
f 1659/12/345 1181/11/342 1658/12/342
f 1181/11/342 1659/12/345 1184/11/345
f 1658/12/343 1181/11/343 1659/12/346
f 1184/11/346 1659/12/346 1181/11/343
f 1658/12/342 1180/11/341 1657/12/341
f 1180/11/341 1658/12/342 1181/11/342
f 1657/12/344 1180/11/344 1658/12/343
f 1181/11/343 1658/12/343 1180/11/344
f 1663/11/2 1662/11/2 177/11/2
f 1662/11/2 1663/11/2 178/11/2
f 1662/11/2 178/11/2 1664/11/2
f 1664/11/2 178/11/2 1665/11/2
f 1664/11/2 1665/11/2 1666/11/2
f 1666/11/2 1665/11/2 1667/11/2
f 1667/11/2 1665/11/2 180/11/2
f 1667/11/2 180/11/2 1668/11/2
f 177/11/1 1662/11/1 1663/11/1
f 178/11/1 1663/11/1 1662/11/1
f 1664/11/1 178/11/1 1662/11/1
f 1665/11/1 178/11/1 1664/11/1
f 1666/11/1 1665/11/1 1664/11/1
f 1667/11/1 1665/11/1 1666/11/1
f 180/11/1 1665/11/1 1667/11/1
f 1668/11/1 180/11/1 1667/11/1
f 1669/13/1 1199/13/1 1191/13/1
f 1199/13/1 1669/13/1 1198/13/1
f 1198/13/1 1669/13/1 1670/13/1
f 1198/13/1 1670/13/1 1197/13/1
f 1197/13/1 1670/13/1 1671/13/1
f 1197/13/1 1671/13/1 1672/13/1
f 1197/13/1 1672/13/1 1196/13/1
f 1196/13/1 1672/13/1 1673/13/1
f 1191/13/2 1199/13/2 1669/13/2
f 1198/13/2 1669/13/2 1199/13/2
f 1670/13/2 1669/13/2 1198/13/2
f 1197/13/2 1670/13/2 1198/13/2
f 1671/13/2 1670/13/2 1197/13/2
f 1672/13/2 1671/13/2 1197/13/2
f 1196/13/2 1672/13/2 1197/13/2
f 1673/13/2 1672/13/2 1196/13/2
f 1669/13/371 177/11/371 1662/11/371
f 177/11/371 1669/13/371 1191/13/371
f 1662/11/372 177/11/372 1669/13/372
f 1191/13/372 1669/13/372 177/11/372
f 1664/11/343 1669/13/344 1662/11/344
f 1669/13/344 1664/11/343 1670/13/343
f 1662/11/341 1669/13/341 1664/11/342
f 1670/13/342 1664/11/342 1669/13/341
f 1666/11/346 1670/13/343 1664/11/343
f 1670/13/343 1666/11/346 1671/13/346
f 1664/11/342 1670/13/342 1666/11/345
f 1671/13/345 1666/11/345 1670/13/342
f 1672/13/348 1666/11/346 1667/11/348
f 1666/11/346 1672/13/348 1671/13/346
f 1667/11/347 1666/11/345 1672/13/347
f 1671/13/345 1672/13/347 1666/11/345
f 1673/13/350 1667/11/348 1668/11/350
f 1667/11/348 1673/13/350 1672/13/348
f 1668/11/349 1667/11/347 1673/13/349
f 1672/13/347 1673/13/349 1667/11/347
f 180/11/373 1673/13/373 1668/11/373
f 1673/13/373 180/11/373 1196/13/373
f 1668/11/374 1673/13/374 180/11/374
f 1196/13/374 180/11/374 1673/13/374
f 1197/13/347 180/11/354 1665/11/347
f 180/11/354 1197/13/347 1196/13/354
f 1665/11/348 180/11/353 1197/13/348
f 1196/13/353 1197/13/348 180/11/353
f 1198/13/345 1665/11/347 178/11/345
f 1665/11/347 1198/13/345 1197/13/347
f 178/11/346 1665/11/348 1198/13/346
f 1197/13/348 1198/13/346 1665/11/348
f 1198/13/345 1663/11/342 1199/13/342
f 1663/11/342 1198/13/345 178/11/345
f 1199/13/343 1663/11/343 1198/13/346
f 178/11/346 1198/13/346 1663/11/343
f 1199/13/342 177/11/341 1191/13/341
f 177/11/341 1199/13/342 1663/11/342
f 1191/13/344 177/11/344 1199/13/343
f 1663/11/343 1199/13/343 177/11/344
f 1676/13/473 1675/11/474 1674/13/474
f 1675/11/474 1676/13/473 1677/11/473
f 1674/13/471 1675/11/471 1676/13/472
f 1677/11/472 1676/13/472 1675/11/471
f 1680/13/477 1679/11/478 1678/11/477
f 1679/11/478 1680/13/477 1681/13/478
f 1678/11/475 1679/11/476 1680/13/475
f 1681/13/476 1680/13/475 1679/11/476
f 1681/13/478 1682/11/480 1679/11/478
f 1682/11/480 1681/13/478 1683/13/480
f 1679/11/476 1682/11/479 1681/13/476
f 1683/13/479 1681/13/476 1682/11/479
f 1686/11/483 1685/13/484 1684/11/484
f 1685/13/484 1686/11/483 1687/13/483
f 1684/11/481 1685/13/481 1686/11/482
f 1687/13/482 1686/11/482 1685/13/481
f 1684/11/484 1680/13/477 1678/11/477
f 1680/13/477 1684/11/484 1685/13/484
f 1678/11/475 1680/13/475 1684/11/481
f 1685/13/481 1684/11/481 1680/13/475
f 1674/13/474 1682/11/480 1683/13/480
f 1682/11/480 1674/13/474 1675/11/474
f 1683/13/479 1682/11/479 1674/13/471
f 1675/11/471 1674/13/471 1682/11/479
f 1674/13/1 1687/13/1 1676/13/1
f 1687/13/1 1674/13/1 1683/13/1
f 1687/13/1 1683/13/1 1681/13/1
f 1687/13/1 1681/13/1 1680/13/1
f 1687/13/1 1680/13/1 1685/13/1
f 1676/13/2 1687/13/2 1674/13/2
f 1683/13/2 1674/13/2 1687/13/2
f 1681/13/2 1683/13/2 1687/13/2
f 1680/13/2 1681/13/2 1687/13/2
f 1685/13/2 1680/13/2 1687/13/2
f 1690/15/354 1689/14/354 1688/14/354
f 1689/14/354 1690/15/354 1691/15/354
f 1691/15/354 1690/15/354 1692/16/354
f 1691/15/354 1692/16/354 1693/16/354
f 1693/16/354 1692/16/354 1694/17/354
f 1693/16/354 1694/17/354 1695/17/354
f 1688/14/353 1689/14/353 1690/15/353
f 1691/15/353 1690/15/353 1689/14/353
f 1692/16/353 1690/15/353 1691/15/353
f 1693/16/353 1692/16/353 1691/15/353
f 1694/17/353 1692/16/353 1693/16/353
f 1695/17/353 1694/17/353 1693/16/353
f 1696/17/490 1693/16/491 1695/17/490
f 1693/16/491 1696/17/490 1697/16/491
f 1695/17/489 1693/16/492 1696/17/489
f 1697/16/492 1696/17/489 1693/16/492
f 1689/14/487 1698/14/489 1688/14/489
f 1698/14/489 1689/14/487 1699/14/487
f 1688/14/490 1698/14/490 1689/14/485
f 1699/14/485 1689/14/485 1698/14/490
f 1692/16/486 1701/15/492 1700/16/486
f 1701/15/492 1692/16/486 1690/15/492
f 1700/16/488 1701/15/491 1692/16/488
f 1690/15/491 1692/16/488 1701/15/491
f 1702/15/353 1698/14/353 1699/14/353
f 1698/14/353 1702/15/353 1701/15/353
f 1701/15/353 1702/15/353 1697/16/353
f 1701/15/353 1697/16/353 1700/16/353
f 1700/16/353 1697/16/353 1696/17/353
f 1700/16/353 1696/17/353 1703/17/353
f 1699/14/354 1698/14/354 1702/15/354
f 1701/15/354 1702/15/354 1698/14/354
f 1697/16/354 1702/15/354 1701/15/354
f 1700/16/354 1697/16/354 1701/15/354
f 1696/17/354 1697/16/354 1700/16/354
f 1703/17/354 1696/17/354 1700/16/354
f 1691/15/488 1697/16/491 1702/15/488
f 1697/16/491 1691/15/488 1693/16/491
f 1702/15/486 1697/16/492 1691/15/486
f 1693/16/492 1691/15/486 1697/16/492
f 1688/14/489 1701/15/492 1690/15/492
f 1701/15/492 1688/14/489 1698/14/489
f 1690/15/491 1701/15/491 1688/14/490
f 1698/14/490 1688/14/490 1701/15/491
f 1700/16/486 1694/17/485 1692/16/486
f 1694/17/485 1700/16/486 1703/17/485
f 1692/16/488 1694/17/487 1700/16/488
f 1703/17/487 1700/16/488 1694/17/487
f 1703/17/485 1695/17/490 1694/17/485
f 1695/17/490 1703/17/485 1696/17/490
f 1694/17/487 1695/17/489 1703/17/487
f 1696/17/489 1703/17/487 1695/17/489
f 1691/15/488 1699/14/487 1689/14/487
f 1699/14/487 1691/15/488 1702/15/488
f 1689/14/485 1699/14/485 1691/15/486
f 1702/15/486 1691/15/486 1699/14/485
f 1706/18/487 1705/18/489 1704/18/489
f 1705/18/489 1706/18/487 1707/18/487
f 1704/18/490 1705/18/490 1706/18/485
f 1707/18/485 1706/18/485 1705/18/490
f 1710/19/486 1709/20/485 1708/19/486
f 1709/20/485 1710/19/486 1711/20/485
f 1708/19/488 1709/20/487 1710/19/488
f 1711/20/487 1710/19/488 1709/20/487
f 1712/21/353 1705/18/353 1707/18/353
f 1705/18/353 1712/21/353 1713/21/353
f 1713/21/353 1712/21/353 1714/19/353
f 1713/21/353 1714/19/353 1710/19/353
f 1710/19/353 1714/19/353 1715/20/353
f 1710/19/353 1715/20/353 1711/20/353
f 1707/18/354 1705/18/354 1712/21/354
f 1713/21/354 1712/21/354 1705/18/354
f 1714/19/354 1712/21/354 1713/21/354
f 1710/19/354 1714/19/354 1713/21/354
f 1715/20/354 1714/19/354 1710/19/354
f 1711/20/354 1715/20/354 1710/19/354
f 1708/19/486 1713/21/492 1710/19/486
f 1713/21/492 1708/19/486 1716/21/492
f 1710/19/488 1713/21/491 1708/19/488
f 1716/21/491 1708/19/488 1713/21/491
f 1711/20/485 1717/20/490 1709/20/485
f 1717/20/490 1711/20/485 1715/20/490
f 1709/20/487 1717/20/489 1711/20/487
f 1715/20/489 1711/20/487 1717/20/489
f 1718/21/488 1714/19/491 1712/21/488
f 1714/19/491 1718/21/488 1719/19/491
f 1712/21/486 1714/19/492 1718/21/486
f 1719/19/492 1718/21/486 1714/19/492
f 1715/20/490 1719/19/491 1717/20/490
f 1719/19/491 1715/20/490 1714/19/491
f 1717/20/489 1719/19/492 1715/20/489
f 1714/19/492 1715/20/489 1719/19/492
f 1704/18/489 1713/21/492 1716/21/492
f 1713/21/492 1704/18/489 1705/18/489
f 1716/21/491 1713/21/491 1704/18/490
f 1705/18/490 1704/18/490 1713/21/491
f 1716/21/354 1706/18/354 1704/18/354
f 1706/18/354 1716/21/354 1718/21/354
f 1718/21/354 1716/21/354 1708/19/354
f 1718/21/354 1708/19/354 1719/19/354
f 1719/19/354 1708/19/354 1709/20/354
f 1719/19/354 1709/20/354 1717/20/354
f 1704/18/353 1706/18/353 1716/21/353
f 1718/21/353 1716/21/353 1706/18/353
f 1708/19/353 1716/21/353 1718/21/353
f 1719/19/353 1708/19/353 1718/21/353
f 1709/20/353 1708/19/353 1719/19/353
f 1717/20/353 1709/20/353 1719/19/353
f 1718/21/488 1707/18/487 1706/18/487
f 1707/18/487 1718/21/488 1712/21/488
f 1706/18/485 1707/18/485 1718/21/486
f 1712/21/486 1718/21/486 1707/18/485
f 1722/22/494 1721/22/493 1720/22/494
f 1721/22/493 1722/22/494 1723/22/493
f 1720/22/496 1721/22/495 1722/22/496
f 1723/22/495 1722/22/496 1721/22/495
f 1726/23/496 1725/23/495 1724/23/495
f 1725/23/495 1726/23/496 1727/23/496
f 1724/23/493 1725/23/493 1726/23/494
f 1727/23/494 1726/23/494 1725/23/493
f 1724/23/495 1729/24/499 1728/24/499
f 1729/24/499 1724/23/495 1725/23/495
f 1728/24/500 1729/24/500 1724/23/493
f 1725/23/493 1724/23/493 1729/24/500
f 1730/24/497 1727/23/496 1726/23/496
f 1727/23/496 1730/24/497 1731/24/497
f 1726/23/494 1727/23/494 1730/24/498
f 1731/24/498 1730/24/498 1727/23/494
f 1730/24/497 1732/25/500 1731/24/497
f 1732/25/500 1730/24/497 1733/25/500
f 1731/24/498 1732/25/499 1730/24/498
f 1733/25/499 1730/24/498 1732/25/499
f 1731/24/502 1725/23/502 1727/23/502
f 1725/23/502 1731/24/502 1729/24/502
f 1729/24/502 1731/24/502 1732/25/502
f 1729/24/502 1732/25/502 1734/25/502
f 1734/25/502 1732/25/502 1723/22/502
f 1734/25/502 1723/22/502 1722/22/502
f 1727/23/501 1725/23/501 1731/24/501
f 1729/24/501 1731/24/501 1725/23/501
f 1732/25/501 1731/24/501 1729/24/501
f 1734/25/501 1732/25/501 1729/24/501
f 1723/22/501 1732/25/501 1734/25/501
f 1722/22/501 1723/22/501 1734/25/501
f 1723/22/493 1733/25/500 1721/22/493
f 1733/25/500 1723/22/493 1732/25/500
f 1721/22/495 1733/25/499 1723/22/495
f 1732/25/499 1723/22/495 1733/25/499
f 1735/25/498 1729/24/499 1734/25/498
f 1729/24/499 1735/25/498 1728/24/499
f 1734/25/497 1729/24/500 1735/25/497
f 1728/24/500 1735/25/497 1729/24/500
f 1734/25/498 1720/22/494 1735/25/498
f 1720/22/494 1734/25/498 1722/22/494
f 1735/25/497 1720/22/496 1734/25/497
f 1722/22/496 1734/25/497 1720/22/496
f 1728/24/501 1726/23/501 1724/23/501
f 1726/23/501 1728/24/501 1730/24/501
f 1730/24/501 1728/24/501 1735/25/501
f 1730/24/501 1735/25/501 1733/25/501
f 1733/25/501 1735/25/501 1720/22/501
f 1733/25/501 1720/22/501 1721/22/501
f 1724/23/502 1726/23/502 1728/24/502
f 1730/24/502 1728/24/502 1726/23/502
f 1735/25/502 1728/24/502 1730/24/502
f 1733/25/502 1735/25/502 1730/24/502
f 1720/22/502 1735/25/502 1733/25/502
f 1721/22/502 1720/22/502 1733/25/502
f 1738/26/507 1737/27/509 1736/26/507
f 1737/27/509 1738/26/507 1739/27/509
f 1736/26/508 1737/27/510 1738/26/508
f 1739/27/510 1738/26/508 1737/27/510
f 1741/26/503 1736/26/507 1740/26/503
f 1736/26/507 1741/26/503 1738/26/507
f 1740/26/505 1736/26/508 1741/26/505
f 1738/26/508 1741/26/505 1736/26/508
f 1744/27/504 1743/28/510 1742/28/510
f 1743/28/510 1744/27/504 1745/27/504
f 1742/28/509 1743/28/509 1744/27/506
f 1745/27/506 1744/27/506 1743/28/509
f 1737/27/509 1747/28/506 1746/28/506
f 1747/28/506 1737/27/509 1739/27/509
f 1746/28/504 1747/28/504 1737/27/510
f 1739/27/510 1737/27/510 1747/28/504
f 1748/29/344 1744/27/344 1742/28/344
f 1744/27/344 1748/29/344 1741/26/344
f 1741/26/344 1748/29/344 1749/29/344
f 1741/26/344 1749/29/344 1738/26/344
f 1738/26/344 1749/29/344 1747/28/344
f 1738/26/344 1747/28/344 1739/27/344
f 1742/28/341 1744/27/341 1748/29/341
f 1741/26/341 1748/29/341 1744/27/341
f 1749/29/341 1748/29/341 1741/26/341
f 1738/26/341 1749/29/341 1741/26/341
f 1747/28/341 1749/29/341 1738/26/341
f 1739/27/341 1747/28/341 1738/26/341
f 1750/29/508 1742/28/510 1743/28/510
f 1742/28/510 1750/29/508 1748/29/508
f 1743/28/509 1742/28/509 1750/29/507
f 1748/29/507 1750/29/507 1742/28/509
f 1744/27/504 1740/26/503 1745/27/504
f 1740/26/503 1744/27/504 1741/26/503
f 1745/27/506 1740/26/505 1744/27/506
f 1741/26/505 1744/27/506 1740/26/505
f 1740/26/341 1743/28/341 1745/27/341
f 1743/28/341 1740/26/341 1750/29/341
f 1750/29/341 1740/26/341 1736/26/341
f 1750/29/341 1736/26/341 1751/29/341
f 1751/29/341 1736/26/341 1737/27/341
f 1751/29/341 1737/27/341 1746/28/341
f 1745/27/344 1743/28/344 1740/26/344
f 1750/29/344 1740/26/344 1743/28/344
f 1736/26/344 1740/26/344 1750/29/344
f 1751/29/344 1736/26/344 1750/29/344
f 1737/27/344 1736/26/344 1751/29/344
f 1746/28/344 1737/27/344 1751/29/344
f 1746/28/506 1749/29/505 1751/29/505
f 1749/29/505 1746/28/506 1747/28/506
f 1751/29/503 1749/29/503 1746/28/504
f 1747/28/504 1746/28/504 1749/29/503
f 1751/29/505 1748/29/508 1750/29/508
f 1748/29/508 1751/29/505 1749/29/505
f 1750/29/507 1748/29/507 1751/29/503
f 1749/29/503 1751/29/503 1748/29/507
f 1207/13/368 1563/11/368 1568/13/368
f 1563/11/368 1207/13/368 1119/11/368
f 1568/13/367 1563/11/367 1207/13/367
f 1119/11/367 1207/13/367 1563/11/367
f 1754/13/551 1753/11/355 1752/11/551
f 1753/11/355 1754/13/551 1755/13/355
f 1752/11/552 1753/11/356 1754/13/552
f 1755/13/356 1754/13/552 1753/11/356
f 1207/13/356 1756/11/356 1119/11/356
f 1756/11/356 1207/13/356 1208/13/356
f 1119/11/355 1756/11/355 1207/13/355
f 1208/13/355 1207/13/355 1756/11/355
f 1755/13/355 1563/11/553 1753/11/355
f 1563/11/553 1755/13/355 1568/13/553
f 1753/11/356 1563/11/554 1755/13/356
f 1568/13/554 1755/13/356 1563/11/554
f 1756/11/2 1563/11/2 1119/11/2
f 1563/11/2 1756/11/2 1753/11/2
f 1753/11/2 1756/11/2 1752/11/2
f 1119/11/1 1563/11/1 1756/11/1
f 1753/11/1 1756/11/1 1563/11/1
f 1752/11/1 1756/11/1 1753/11/1
f 1568/13/1 1208/13/1 1207/13/1
f 1208/13/1 1568/13/1 1755/13/1
f 1208/13/1 1755/13/1 1754/13/1
f 1207/13/2 1208/13/2 1568/13/2
f 1755/13/2 1568/13/2 1208/13/2
f 1754/13/2 1755/13/2 1208/13/2
f 1756/11/367 1754/13/367 1752/11/367
f 1754/13/367 1756/11/367 1208/13/367
f 1752/11/368 1754/13/368 1756/11/368
f 1208/13/368 1756/11/368 1754/13/368
f 1759/12/375 1758/11/355 1757/11/375
f 1758/11/355 1759/12/375 1760/12/355
f 1757/11/376 1758/11/356 1759/12/376
f 1760/12/356 1759/12/376 1758/11/356
f 1760/12/355 1761/11/377 1758/11/355
f 1761/11/377 1760/12/355 1762/12/377
f 1758/11/356 1761/11/378 1760/12/356
f 1762/12/378 1760/12/356 1761/11/378
f 1763/12/368 1761/11/368 1762/12/368
f 1761/11/368 1763/12/368 1764/11/368
f 1762/12/367 1761/11/367 1763/12/367
f 1764/11/367 1763/12/367 1761/11/367
f 1762/12/1 1765/12/1 1763/12/1
f 1765/12/1 1762/12/1 1760/12/1
f 1765/12/1 1760/12/1 1759/12/1
f 1763/12/2 1765/12/2 1762/12/2
f 1760/12/2 1762/12/2 1765/12/2
f 1759/12/2 1760/12/2 1765/12/2
f 1763/12/356 1766/11/356 1764/11/356
f 1766/11/356 1763/12/356 1765/12/356
f 1764/11/355 1766/11/355 1763/12/355
f 1765/12/355 1763/12/355 1766/11/355
f 1766/11/367 1759/12/367 1757/11/367
f 1759/12/367 1766/11/367 1765/12/367
f 1757/11/368 1759/12/368 1766/11/368
f 1765/12/368 1766/11/368 1759/12/368
f 1769/30/555 1768/30/556 1767/30/555
f 1768/30/556 1769/30/555 1770/30/556
f 1767/30/557 1768/30/558 1769/30/557
f 1770/30/558 1769/30/557 1768/30/558
f 1773/31/557 1772/31/558 1771/31/558
f 1772/31/558 1773/31/557 1774/31/557
f 1771/31/556 1772/31/556 1773/31/555
f 1774/31/555 1773/31/555 1772/31/556
f 1777/32/559 1776/33/560 1775/32/559
f 1776/33/560 1777/32/559 1778/33/560
f 1775/32/561 1776/33/562 1777/32/561
f 1778/33/562 1777/32/561 1776/33/562
f 1781/33/561 1780/32/562 1779/33/561
f 1780/32/562 1781/33/561 1782/32/562
f 1779/33/559 1780/32/560 1781/33/559
f 1782/32/560 1781/33/559 1780/32/560
f 1771/31/558 1777/32/559 1775/32/559
f 1777/32/559 1771/31/558 1772/31/558
f 1775/32/561 1777/32/561 1771/31/556
f 1772/31/556 1771/31/556 1777/32/561
f 1778/33/560 1767/30/555 1776/33/560
f 1767/30/555 1778/33/560 1769/30/555
f 1776/33/562 1767/30/557 1778/33/562
f 1769/30/557 1778/33/562 1767/30/557
f 1779/33/377 1767/30/377 1768/30/377
f 1767/30/377 1779/33/377 1776/33/377
f 1776/33/377 1779/33/377 1780/32/377
f 1776/33/377 1780/32/377 1775/32/377
f 1775/32/377 1780/32/377 1773/31/377
f 1775/32/377 1773/31/377 1771/31/377
f 1768/30/378 1767/30/378 1779/33/378
f 1776/33/378 1779/33/378 1767/30/378
f 1780/32/378 1779/33/378 1776/33/378
f 1775/32/378 1780/32/378 1776/33/378
f 1773/31/378 1780/32/378 1775/32/378
f 1771/31/378 1773/31/378 1775/32/378
f 1778/33/378 1770/30/378 1769/30/378
f 1770/30/378 1778/33/378 1781/33/378
f 1781/33/378 1778/33/378 1777/32/378
f 1781/33/378 1777/32/378 1782/32/378
f 1782/32/378 1777/32/378 1772/31/378
f 1782/32/378 1772/31/378 1774/31/378
f 1769/30/377 1770/30/377 1778/33/377
f 1781/33/377 1778/33/377 1770/30/377
f 1777/32/377 1778/33/377 1781/33/377
f 1782/32/377 1777/32/377 1781/33/377
f 1772/31/377 1777/32/377 1782/32/377
f 1774/31/377 1772/31/377 1782/32/377
f 1770/30/556 1779/33/561 1768/30/556
f 1779/33/561 1770/30/556 1781/33/561
f 1768/30/558 1779/33/559 1770/30/558
f 1781/33/559 1770/30/558 1779/33/559
f 1780/32/562 1774/31/557 1773/31/557
f 1774/31/557 1780/32/562 1782/32/562
f 1773/31/555 1774/31/555 1780/32/560
f 1782/32/560 1780/32/560 1774/31/555
f 1785/34/563 1784/34/564 1783/34/563
f 1784/34/564 1785/34/563 1786/34/564
f 1783/34/565 1784/34/566 1785/34/565
f 1786/34/566 1785/34/565 1784/34/566
f 1789/35/565 1788/35/566 1787/35/566
f 1788/35/566 1789/35/565 1790/35/565
f 1787/35/564 1788/35/564 1789/35/563
f 1790/35/563 1789/35/563 1788/35/564
f 1792/36/567 1783/34/563 1791/36/567
f 1783/34/563 1792/36/567 1785/34/563
f 1791/36/568 1783/34/565 1792/36/568
f 1785/34/565 1792/36/568 1783/34/565
f 1786/34/564 1793/36/569 1784/34/564
f 1793/36/569 1786/34/564 1794/36/569
f 1784/34/566 1793/36/570 1786/34/566
f 1794/36/570 1786/34/566 1793/36/570
f 1791/36/567 1795/37/570 1792/36/567
f 1795/37/570 1791/36/567 1796/37/570
f 1792/36/568 1795/37/569 1791/36/568
f 1796/37/569 1791/36/568 1795/37/569
f 1787/35/566 1795/37/570 1796/37/570
f 1795/37/570 1787/35/566 1788/35/566
f 1796/37/569 1795/37/569 1787/35/564
f 1788/35/564 1787/35/564 1795/37/569
f 1796/37/376 1789/35/376 1787/35/376
f 1789/35/376 1796/37/376 1797/37/376
f 1797/37/376 1796/37/376 1791/36/376
f 1797/37/376 1791/36/376 1793/36/376
f 1793/36/376 1791/36/376 1783/34/376
f 1793/36/376 1783/34/376 1784/34/376
f 1787/35/375 1789/35/375 1796/37/375
f 1797/37/375 1796/37/375 1789/35/375
f 1791/36/375 1796/37/375 1797/37/375
f 1793/36/375 1791/36/375 1797/37/375
f 1783/34/375 1791/36/375 1793/36/375
f 1784/34/375 1783/34/375 1793/36/375
f 1798/37/375 1788/35/375 1790/35/375
f 1788/35/375 1798/37/375 1795/37/375
f 1795/37/375 1798/37/375 1794/36/375
f 1795/37/375 1794/36/375 1792/36/375
f 1792/36/375 1794/36/375 1786/34/375
f 1792/36/375 1786/34/375 1785/34/375
f 1790/35/376 1788/35/376 1798/37/376
f 1795/37/376 1798/37/376 1788/35/376
f 1794/36/376 1798/37/376 1795/37/376
f 1792/36/376 1794/36/376 1795/37/376
f 1786/34/376 1794/36/376 1792/36/376
f 1785/34/376 1786/34/376 1792/36/376
f 1797/37/568 1790/35/565 1789/35/565
f 1790/35/565 1797/37/568 1798/37/568
f 1789/35/563 1790/35/563 1797/37/567
f 1798/37/567 1797/37/567 1790/35/563
f 1797/37/568 1794/36/569 1798/37/568
f 1794/36/569 1797/37/568 1793/36/569
f 1798/37/567 1794/36/570 1797/37/567
f 1793/36/570 1797/37/567 1794/36/570
f 1801/38/555 1800/38/556 1799/38/555
f 1800/38/556 1801/38/555 1802/38/556
f 1799/38/557 1800/38/558 1801/38/557
f 1802/38/558 1801/38/557 1800/38/558
f 1805/39/557 1804/39/558 1803/39/558
f 1804/39/558 1805/39/557 1806/39/557
f 1803/39/556 1804/39/556 1805/39/555
f 1806/39/555 1805/39/555 1804/39/556
f 1803/39/558 1808/40/559 1807/40/559
f 1808/40/559 1803/39/558 1804/39/558
f 1807/40/561 1808/40/561 1803/39/556
f 1804/39/556 1803/39/556 1808/40/561
f 1810/41/560 1799/38/555 1809/41/560
f 1799/38/555 1810/41/560 1801/38/555
f 1809/41/562 1799/38/557 1810/41/562
f 1801/38/557 1810/41/562 1799/38/557
f 1813/41/561 1812/40/562 1811/41/561
f 1812/40/562 1813/41/561 1814/40/562
f 1811/41/559 1812/40/560 1813/41/559
f 1814/40/560 1813/41/559 1812/40/560
f 1808/40/559 1809/41/560 1807/40/559
f 1809/41/560 1808/40/559 1810/41/560
f 1807/40/561 1809/41/562 1808/40/561
f 1810/41/562 1808/40/561 1809/41/562
f 1811/41/377 1799/38/377 1800/38/377
f 1799/38/377 1811/41/377 1809/41/377
f 1809/41/377 1811/41/377 1812/40/377
f 1809/41/377 1812/40/377 1807/40/377
f 1807/40/377 1812/40/377 1805/39/377
f 1807/40/377 1805/39/377 1803/39/377
f 1800/38/378 1799/38/378 1811/41/378
f 1809/41/378 1811/41/378 1799/38/378
f 1812/40/378 1811/41/378 1809/41/378
f 1807/40/378 1812/40/378 1809/41/378
f 1805/39/378 1812/40/378 1807/40/378
f 1803/39/378 1805/39/378 1807/40/378
f 1802/38/556 1811/41/561 1800/38/556
f 1811/41/561 1802/38/556 1813/41/561
f 1800/38/558 1811/41/559 1802/38/558
f 1813/41/559 1802/38/558 1811/41/559
f 1810/41/378 1802/38/378 1801/38/378
f 1802/38/378 1810/41/378 1813/41/378
f 1813/41/378 1810/41/378 1808/40/378
f 1813/41/378 1808/40/378 1814/40/378
f 1814/40/378 1808/40/378 1804/39/378
f 1814/40/378 1804/39/378 1806/39/378
f 1801/38/377 1802/38/377 1810/41/377
f 1813/41/377 1810/41/377 1802/38/377
f 1808/40/377 1810/41/377 1813/41/377
f 1814/40/377 1808/40/377 1813/41/377
f 1804/39/377 1808/40/377 1814/40/377
f 1806/39/377 1804/39/377 1814/40/377
f 1812/40/562 1806/39/557 1805/39/557
f 1806/39/557 1812/40/562 1814/40/562
f 1805/39/555 1806/39/555 1812/40/560
f 1814/40/560 1812/40/560 1806/39/555
f 1815/12/372 1160/11/372 1214/11/372
f 1160/11/372 1815/12/372 1552/12/372
f 1214/11/371 1160/11/371 1815/12/371
f 1552/12/371 1815/12/371 1160/11/371
f 1815/12/374 1817/11/374 1816/12/374
f 1817/11/374 1815/12/374 1214/11/374
f 1816/12/373 1817/11/373 1815/12/373
f 1214/11/373 1815/12/373 1817/11/373
f 1160/11/373 1819/12/373 1818/11/373
f 1819/12/373 1160/11/373 1552/12/373
f 1818/11/374 1819/12/374 1160/11/374
f 1552/12/374 1160/11/374 1819/12/374
f 1816/12/1 1552/12/1 1815/12/1
f 1552/12/1 1816/12/1 1820/12/1
f 1552/12/1 1820/12/1 1819/12/1
f 1815/12/2 1552/12/2 1816/12/2
f 1820/12/2 1816/12/2 1552/12/2
f 1819/12/2 1820/12/2 1552/12/2
f 1819/12/379 1821/11/371 1818/11/379
f 1821/11/371 1819/12/379 1820/12/371
f 1818/11/380 1821/11/372 1819/12/380
f 1820/12/372 1819/12/380 1821/11/372
f 1820/12/371 1817/11/381 1821/11/371
f 1817/11/381 1820/12/371 1816/12/381
f 1821/11/372 1817/11/382 1820/12/372
f 1816/12/382 1820/12/372 1817/11/382
f 1824/13/371 1823/11/571 1822/11/371
f 1823/11/571 1824/13/371 1825/13/571
f 1822/11/372 1823/11/572 1824/13/372
f 1825/13/572 1824/13/372 1823/11/572
f 1828/13/574 1827/11/573 1826/13/573
f 1827/11/573 1828/13/574 1829/11/574
f 1826/13/576 1827/11/576 1828/13/575
f 1829/11/575 1828/13/575 1827/11/576
f 1825/13/571 1827/11/573 1823/11/571
f 1827/11/573 1825/13/571 1826/13/573
f 1823/11/572 1827/11/576 1825/13/572
f 1826/13/576 1825/13/572 1827/11/576
f 1831/13/577 1822/11/371 1830/11/577
f 1822/11/371 1831/13/577 1824/13/371
f 1830/11/578 1822/11/372 1831/13/578
f 1824/13/372 1831/13/578 1822/11/372
f 1826/13/1 1832/13/1 1828/13/1
f 1832/13/1 1826/13/1 1825/13/1
f 1832/13/1 1825/13/1 1824/13/1
f 1832/13/1 1824/13/1 1831/13/1
f 1832/13/1 1831/13/1 1833/13/1
f 1828/13/2 1832/13/2 1826/13/2
f 1825/13/2 1826/13/2 1832/13/2
f 1824/13/2 1825/13/2 1832/13/2
f 1831/13/2 1824/13/2 1832/13/2
f 1833/13/2 1831/13/2 1832/13/2
f 1835/11/580 1833/13/579 1834/11/579
f 1833/13/579 1835/11/580 1832/13/580
f 1834/11/582 1833/13/582 1835/11/581
f 1832/13/581 1835/11/581 1833/13/582
f 1834/11/579 1831/13/577 1830/11/577
f 1831/13/577 1834/11/579 1833/13/579
f 1830/11/578 1831/13/578 1834/11/582
f 1833/13/582 1834/11/582 1831/13/578
f 1216/13/374 1837/11/374 1836/13/374
f 1837/11/374 1216/13/374 1838/11/374
f 1836/13/373 1837/11/373 1216/13/373
f 1838/11/373 1216/13/373 1837/11/373
f 1564/13/583 1840/11/371 1839/11/583
f 1840/11/371 1564/13/583 1841/13/371
f 1839/11/584 1840/11/372 1564/13/584
f 1841/13/372 1564/13/584 1840/11/372
f 1216/13/372 1842/11/372 1838/11/372
f 1842/11/372 1216/13/372 1171/13/372
f 1838/11/371 1842/11/371 1216/13/371
f 1171/13/371 1216/13/371 1842/11/371
f 1841/13/371 1837/11/585 1840/11/371
f 1837/11/585 1841/13/371 1836/13/585
f 1840/11/372 1837/11/586 1841/13/372
f 1836/13/586 1841/13/372 1837/11/586
f 1842/11/2 1837/11/2 1838/11/2
f 1837/11/2 1842/11/2 1840/11/2
f 1840/11/2 1842/11/2 1839/11/2
f 1838/11/1 1837/11/1 1842/11/1
f 1840/11/1 1842/11/1 1837/11/1
f 1839/11/1 1842/11/1 1840/11/1
f 1836/13/1 1171/13/1 1216/13/1
f 1171/13/1 1836/13/1 1841/13/1
f 1171/13/1 1841/13/1 1564/13/1
f 1216/13/2 1171/13/2 1836/13/2
f 1841/13/2 1836/13/2 1171/13/2
f 1564/13/2 1841/13/2 1171/13/2
f 1842/11/373 1564/13/373 1839/11/373
f 1564/13/373 1842/11/373 1171/13/373
f 1839/11/374 1564/13/374 1842/11/374
f 1171/13/374 1842/11/374 1564/13/374
f 1845/43/588 1844/42/587 1843/42/587
f 1844/42/587 1845/43/588 1846/43/588
f 1843/42/590 1844/42/590 1845/43/589
f 1846/43/589 1845/43/589 1844/42/590
f 1849/44/591 1848/45/592 1847/44/591
f 1848/45/592 1849/44/591 1850/45/592
f 1847/44/593 1848/45/594 1849/44/593
f 1850/45/594 1849/44/593 1848/45/594
f 1852/42/379 1846/43/379 1851/43/379
f 1846/43/379 1852/42/379 1844/42/379
f 1844/42/379 1852/42/379 1853/44/379
f 1844/42/379 1853/44/379 1849/44/379
f 1849/44/379 1853/44/379 1854/45/379
f 1849/44/379 1854/45/379 1850/45/379
f 1851/43/380 1846/43/380 1852/42/380
f 1844/42/380 1852/42/380 1846/43/380
f 1853/44/380 1852/42/380 1844/42/380
f 1849/44/380 1853/44/380 1844/42/380
f 1854/45/380 1853/44/380 1849/44/380
f 1850/45/380 1854/45/380 1849/44/380
f 1850/45/592 1855/45/589 1848/45/592
f 1855/45/589 1850/45/592 1854/45/589
f 1848/45/594 1855/45/588 1850/45/594
f 1854/45/588 1850/45/594 1855/45/588
f 1857/42/593 1851/43/594 1856/43/594
f 1851/43/594 1857/42/593 1852/42/593
f 1856/43/592 1851/43/592 1857/42/591
f 1852/42/591 1857/42/591 1851/43/592
f 1843/42/380 1856/43/380 1845/43/380
f 1856/43/380 1843/42/380 1857/42/380
f 1857/42/380 1843/42/380 1847/44/380
f 1857/42/380 1847/44/380 1858/44/380
f 1858/44/380 1847/44/380 1848/45/380
f 1858/44/380 1848/45/380 1855/45/380
f 1845/43/379 1856/43/379 1843/42/379
f 1857/42/379 1843/42/379 1856/43/379
f 1847/44/379 1843/42/379 1857/42/379
f 1858/44/379 1847/44/379 1857/42/379
f 1848/45/379 1847/44/379 1858/44/379
f 1855/45/379 1848/45/379 1858/44/379
f 1854/45/589 1858/44/590 1855/45/589
f 1858/44/590 1854/45/589 1853/44/590
f 1855/45/588 1858/44/587 1854/45/588
f 1853/44/587 1854/45/588 1858/44/587
f 1856/43/594 1846/43/588 1845/43/588
f 1846/43/588 1856/43/594 1851/43/594
f 1845/43/589 1846/43/589 1856/43/592
f 1851/43/592 1856/43/592 1846/43/589
f 1847/44/591 1844/42/587 1849/44/591
f 1844/42/587 1847/44/591 1843/42/587
f 1849/44/593 1844/42/590 1847/44/593
f 1843/42/590 1847/44/593 1844/42/590
f 1857/42/593 1853/44/590 1852/42/593
f 1853/44/590 1857/42/593 1858/44/590
f 1852/42/591 1853/44/587 1857/42/591
f 1858/44/587 1857/42/591 1853/44/587
f 1861/47/593 1860/46/594 1859/46/594
f 1860/46/594 1861/47/593 1862/47/593
f 1859/46/592 1860/46/592 1861/47/591
f 1862/47/591 1861/47/591 1860/46/592
f 1864/47/380 1859/46/380 1863/46/380
f 1859/46/380 1864/47/380 1861/47/380
f 1861/47/380 1864/47/380 1865/48/380
f 1861/47/380 1865/48/380 1866/48/380
f 1866/48/380 1865/48/380 1867/49/380
f 1866/48/380 1867/49/380 1868/49/380
f 1863/46/379 1859/46/379 1864/47/379
f 1861/47/379 1864/47/379 1859/46/379
f 1865/48/379 1864/47/379 1861/47/379
f 1866/48/379 1865/48/379 1861/47/379
f 1867/49/379 1865/48/379 1866/48/379
f 1868/49/379 1867/49/379 1866/48/379
f 1859/46/594 1869/46/588 1863/46/588
f 1869/46/588 1859/46/594 1860/46/594
f 1863/46/589 1869/46/589 1859/46/592
f 1860/46/592 1859/46/592 1869/46/589
f 1863/46/588 1870/47/587 1864/47/587
f 1870/47/587 1863/46/588 1869/46/588
f 1864/47/590 1870/47/590 1863/46/589
f 1869/46/589 1863/46/589 1870/47/590
f 1871/49/592 1868/49/589 1867/49/592
f 1868/49/589 1871/49/592 1872/49/589
f 1867/49/594 1868/49/588 1871/49/594
f 1872/49/588 1871/49/594 1868/49/588
f 1865/48/591 1870/47/587 1873/48/591
f 1870/47/587 1865/48/591 1864/47/587
f 1873/48/593 1870/47/590 1865/48/593
f 1864/47/590 1865/48/593 1870/47/590
f 1872/49/589 1866/48/590 1868/49/589
f 1866/48/590 1872/49/589 1874/48/590
f 1868/49/588 1866/48/587 1872/49/588
f 1874/48/587 1872/49/588 1866/48/587
f 1861/47/593 1874/48/590 1862/47/593
f 1874/48/590 1861/47/593 1866/48/590
f 1862/47/591 1874/48/587 1861/47/591
f 1866/48/587 1861/47/591 1874/48/587
f 1873/48/591 1867/49/592 1865/48/591
f 1867/49/592 1873/48/591 1871/49/592
f 1865/48/593 1867/49/594 1873/48/593
f 1871/49/594 1873/48/593 1867/49/594
f 1862/47/379 1869/46/379 1860/46/379
f 1869/46/379 1862/47/379 1870/47/379
f 1870/47/379 1862/47/379 1874/48/379
f 1870/47/379 1874/48/379 1873/48/379
f 1873/48/379 1874/48/379 1872/49/379
f 1873/48/379 1872/49/379 1871/49/379
f 1860/46/380 1869/46/380 1862/47/380
f 1870/47/380 1862/47/380 1869/46/380
f 1874/48/380 1862/47/380 1870/47/380
f 1873/48/380 1874/48/380 1870/47/380
f 1872/49/380 1874/48/380 1873/48/380
f 1871/49/380 1872/49/380 1873/48/380
f 1877/50/595 1876/51/596 1875/50/595
f 1876/51/596 1877/50/595 1878/51/596
f 1875/50/597 1876/51/598 1877/50/597
f 1878/51/598 1877/50/597 1876/51/598
f 1881/50/599 1880/52/597 1879/50/599
f 1880/52/597 1881/50/599 1882/52/597
f 1879/50/600 1880/52/595 1881/50/600
f 1882/52/595 1881/50/600 1880/52/595
f 1880/52/597 1884/53/598 1883/53/598
f 1884/53/598 1880/52/597 1882/52/597
f 1883/53/596 1884/53/596 1880/52/595
f 1882/52/595 1880/52/595 1884/53/596
f 1879/50/381 1876/51/381 1885/51/381
f 1876/51/381 1879/50/381 1875/50/381
f 1875/50/381 1879/50/381 1880/52/381
f 1875/50/381 1880/52/381 1886/52/381
f 1886/52/381 1880/52/381 1883/53/381
f 1886/52/381 1883/53/381 1887/53/381
f 1885/51/382 1876/51/382 1879/50/382
f 1875/50/382 1879/50/382 1876/51/382
f 1880/52/382 1879/50/382 1875/50/382
f 1886/52/382 1880/52/382 1875/50/382
f 1883/53/382 1880/52/382 1886/52/382
f 1887/53/382 1883/53/382 1886/52/382
f 1878/51/596 1885/51/601 1876/51/596
f 1885/51/601 1878/51/596 1888/51/601
f 1876/51/598 1885/51/602 1878/51/598
f 1888/51/602 1878/51/598 1885/51/602
f 1877/50/382 1888/51/382 1878/51/382
f 1888/51/382 1877/50/382 1881/50/382
f 1881/50/382 1877/50/382 1889/52/382
f 1881/50/382 1889/52/382 1882/52/382
f 1882/52/382 1889/52/382 1890/53/382
f 1882/52/382 1890/53/382 1884/53/382
f 1878/51/381 1888/51/381 1877/50/381
f 1881/50/381 1877/50/381 1888/51/381
f 1889/52/381 1877/50/381 1881/50/381
f 1882/52/381 1889/52/381 1881/50/381
f 1890/53/381 1889/52/381 1882/52/381
f 1884/53/381 1890/53/381 1882/52/381
f 1883/53/598 1890/53/602 1887/53/602
f 1890/53/602 1883/53/598 1884/53/598
f 1887/53/601 1890/53/601 1883/53/596
f 1884/53/596 1883/53/596 1890/53/601
f 1888/51/601 1879/50/599 1885/51/601
f 1879/50/599 1888/51/601 1881/50/599
f 1885/51/602 1879/50/600 1888/51/602
f 1881/50/600 1888/51/602 1879/50/600
f 1887/53/602 1889/52/600 1886/52/600
f 1889/52/600 1887/53/602 1890/53/602
f 1886/52/599 1889/52/599 1887/53/601
f 1890/53/601 1887/53/601 1889/52/599
f 1889/52/600 1875/50/595 1886/52/600
f 1875/50/595 1889/52/600 1877/50/595
f 1886/52/599 1875/50/597 1889/52/599
f 1877/50/597 1889/52/599 1875/50/597
f 1893/12/374 1892/11/374 1891/12/374
f 1892/11/374 1893/12/374 1894/11/374
f 1891/12/373 1892/11/373 1893/12/373
f 1894/11/373 1893/12/373 1892/11/373
f 1893/12/372 1895/11/372 1894/11/372
f 1895/11/372 1893/12/372 1896/12/372
f 1894/11/371 1895/11/371 1893/12/371
f 1896/12/371 1893/12/371 1895/11/371
f 1897/11/387 1891/12/389 1892/11/389
f 1891/12/389 1897/11/387 1898/12/387
f 1892/11/390 1891/12/390 1897/11/388
f 1898/12/388 1897/11/388 1891/12/390
f 1895/11/384 1900/12/383 1899/11/383
f 1900/12/383 1895/11/384 1896/12/384
f 1899/11/386 1900/12/386 1895/11/385
f 1896/12/385 1895/11/385 1900/12/386
f 1898/12/1 1893/12/1 1891/12/1
f 1893/12/1 1898/12/1 1896/12/1
f 1896/12/1 1898/12/1 1900/12/1
f 1891/12/2 1893/12/2 1898/12/2
f 1896/12/2 1898/12/2 1893/12/2
f 1900/12/2 1898/12/2 1896/12/2
f 1900/12/383 1897/11/387 1899/11/383
f 1897/11/387 1900/12/383 1898/12/387
f 1899/11/386 1897/11/388 1900/12/386
f 1898/12/388 1900/12/386 1897/11/388
f 1903/13/372 1902/11/372 1901/11/372
f 1902/11/372 1903/13/372 1904/13/372
f 1901/11/371 1902/11/371 1903/13/371
f 1904/13/371 1903/13/371 1902/11/371
f 1903/13/374 1906/11/374 1905/13/374
f 1906/11/374 1903/13/374 1901/11/374
f 1905/13/373 1906/11/373 1903/13/373
f 1901/11/373 1903/13/373 1906/11/373
f 1907/13/1 1903/13/1 1905/13/1
f 1903/13/1 1907/13/1 1904/13/1
f 1904/13/1 1907/13/1 1908/13/1
f 1905/13/2 1903/13/2 1907/13/2
f 1904/13/2 1907/13/2 1903/13/2
f 1908/13/2 1907/13/2 1904/13/2
f 1902/11/2 1906/11/2 1901/11/2
f 1906/11/2 1902/11/2 1909/11/2
f 1909/11/2 1902/11/2 1910/11/2
f 1901/11/1 1906/11/1 1902/11/1
f 1909/11/1 1902/11/1 1906/11/1
f 1910/11/1 1902/11/1 1909/11/1
f 1902/11/384 1908/13/383 1910/11/383
f 1908/13/383 1902/11/384 1904/13/384
f 1910/11/386 1908/13/386 1902/11/385
f 1904/13/385 1902/11/385 1908/13/386
f 1908/13/383 1909/11/603 1910/11/383
f 1909/11/603 1908/13/383 1907/13/603
f 1910/11/386 1909/11/604 1908/13/386
f 1907/13/604 1908/13/386 1909/11/604
f 1909/11/603 1905/13/389 1906/11/389
f 1905/13/389 1909/11/603 1907/13/603
f 1906/11/390 1905/13/390 1909/11/604
f 1907/13/604 1909/11/604 1905/13/390
f 1913/12/391 1912/11/391 1911/12/391
f 1912/11/391 1913/12/391 1914/11/391
f 1911/12/392 1912/11/392 1913/12/392
f 1914/11/392 1913/12/392 1912/11/392
f 1913/12/393 1915/11/393 1914/11/393
f 1915/11/393 1913/12/393 1916/12/393
f 1914/11/394 1915/11/394 1913/12/394
f 1916/12/394 1913/12/394 1915/11/394
f 1917/11/388 1911/12/390 1912/11/390
f 1911/12/390 1917/11/388 1918/12/388
f 1912/11/389 1911/12/389 1917/11/387
f 1918/12/387 1917/11/387 1911/12/389
f 1915/11/385 1920/12/386 1919/11/386
f 1920/12/386 1915/11/385 1916/12/385
f 1919/11/383 1920/12/383 1915/11/384
f 1916/12/384 1915/11/384 1920/12/383
f 1918/12/1 1913/12/1 1911/12/1
f 1913/12/1 1918/12/1 1916/12/1
f 1916/12/1 1918/12/1 1920/12/1
f 1911/12/2 1913/12/2 1918/12/2
f 1916/12/2 1918/12/2 1913/12/2
f 1920/12/2 1918/12/2 1916/12/2
f 1920/12/386 1917/11/388 1919/11/386
f 1917/11/388 1920/12/386 1918/12/388
f 1919/11/383 1917/11/387 1920/12/383
f 1918/12/387 1920/12/383 1917/11/387
f 1923/13/393 1922/11/393 1921/11/393
f 1922/11/393 1923/13/393 1924/13/393
f 1921/11/394 1922/11/394 1923/13/394
f 1924/13/394 1923/13/394 1922/11/394
f 1923/13/391 1926/11/391 1925/13/391
f 1926/11/391 1923/13/391 1921/11/391
f 1925/13/392 1926/11/392 1923/13/392
f 1921/11/392 1923/13/392 1926/11/392
f 1927/13/1 1923/13/1 1925/13/1
f 1923/13/1 1927/13/1 1924/13/1
f 1924/13/1 1927/13/1 1928/13/1
f 1925/13/2 1923/13/2 1927/13/2
f 1924/13/2 1927/13/2 1923/13/2
f 1928/13/2 1927/13/2 1924/13/2
f 1922/11/2 1926/11/2 1921/11/2
f 1926/11/2 1922/11/2 1929/11/2
f 1929/11/2 1922/11/2 1930/11/2
f 1921/11/1 1926/11/1 1922/11/1
f 1929/11/1 1922/11/1 1926/11/1
f 1930/11/1 1922/11/1 1929/11/1
f 1922/11/385 1928/13/386 1930/11/386
f 1928/13/386 1922/11/385 1924/13/385
f 1930/11/383 1928/13/383 1922/11/384
f 1924/13/384 1922/11/384 1928/13/383
f 1928/13/386 1929/11/604 1930/11/386
f 1929/11/604 1928/13/386 1927/13/604
f 1930/11/383 1929/11/603 1928/13/383
f 1927/13/603 1928/13/383 1929/11/603
f 1929/11/604 1925/13/390 1926/11/390
f 1925/13/390 1929/11/604 1927/13/604
f 1926/11/389 1925/13/389 1929/11/603
f 1927/13/603 1929/11/603 1925/13/389
f 1933/12/368 1932/11/368 1931/12/368
f 1932/11/368 1933/12/368 1934/11/368
f 1931/12/367 1932/11/367 1933/12/367
f 1934/11/367 1933/12/367 1932/11/367
f 1933/12/356 1935/11/356 1934/11/356
f 1935/11/356 1933/12/356 1936/12/356
f 1934/11/355 1935/11/355 1933/12/355
f 1936/12/355 1933/12/355 1935/11/355
f 1937/11/399 1931/12/401 1932/11/401
f 1931/12/401 1937/11/399 1938/12/399
f 1932/11/402 1931/12/402 1937/11/400
f 1938/12/400 1937/11/400 1931/12/402
f 1935/11/396 1940/12/395 1939/11/395
f 1940/12/395 1935/11/396 1936/12/396
f 1939/11/398 1940/12/398 1935/11/397
f 1936/12/397 1935/11/397 1940/12/398
f 1938/12/1 1933/12/1 1931/12/1
f 1933/12/1 1938/12/1 1936/12/1
f 1936/12/1 1938/12/1 1940/12/1
f 1931/12/2 1933/12/2 1938/12/2
f 1936/12/2 1938/12/2 1933/12/2
f 1940/12/2 1938/12/2 1936/12/2
f 1940/12/395 1937/11/399 1939/11/395
f 1937/11/399 1940/12/395 1938/12/399
f 1939/11/398 1937/11/400 1940/12/398
f 1938/12/400 1940/12/398 1937/11/400
f 1943/13/356 1942/11/356 1941/11/356
f 1942/11/356 1943/13/356 1944/13/356
f 1941/11/355 1942/11/355 1943/13/355
f 1944/13/355 1943/13/355 1942/11/355
f 1943/13/368 1946/11/368 1945/13/368
f 1946/11/368 1943/13/368 1941/11/368
f 1945/13/367 1946/11/367 1943/13/367
f 1941/11/367 1943/13/367 1946/11/367
f 1947/13/1 1943/13/1 1945/13/1
f 1943/13/1 1947/13/1 1944/13/1
f 1944/13/1 1947/13/1 1948/13/1
f 1945/13/2 1943/13/2 1947/13/2
f 1944/13/2 1947/13/2 1943/13/2
f 1948/13/2 1947/13/2 1944/13/2
f 1942/11/2 1946/11/2 1941/11/2
f 1946/11/2 1942/11/2 1949/11/2
f 1949/11/2 1942/11/2 1950/11/2
f 1941/11/1 1946/11/1 1942/11/1
f 1949/11/1 1942/11/1 1946/11/1
f 1950/11/1 1942/11/1 1949/11/1
f 1942/11/396 1948/13/395 1950/11/395
f 1948/13/395 1942/11/396 1944/13/396
f 1950/11/398 1948/13/398 1942/11/397
f 1944/13/397 1942/11/397 1948/13/398
f 1948/13/395 1949/11/605 1950/11/395
f 1949/11/605 1948/13/395 1947/13/605
f 1950/11/398 1949/11/606 1948/13/398
f 1947/13/606 1948/13/398 1949/11/606
f 1949/11/605 1945/13/401 1946/11/401
f 1945/13/401 1949/11/605 1947/13/605
f 1946/11/402 1945/13/402 1949/11/606
f 1947/13/606 1949/11/606 1945/13/402
f 1815/12/368 1952/11/368 1951/12/368
f 1952/11/368 1815/12/368 1214/11/368
f 1951/12/367 1952/11/367 1815/12/367
f 1214/11/367 1815/12/367 1952/11/367
f 1815/12/356 1953/11/356 1214/11/356
f 1953/11/356 1815/12/356 1954/12/356
f 1214/11/355 1953/11/355 1815/12/355
f 1954/12/355 1815/12/355 1953/11/355
f 1955/11/399 1951/12/401 1952/11/401
f 1951/12/401 1955/11/399 1956/12/399
f 1952/11/402 1951/12/402 1955/11/400
f 1956/12/400 1955/11/400 1951/12/402
f 1953/11/396 1958/12/395 1957/11/395
f 1958/12/395 1953/11/396 1954/12/396
f 1957/11/398 1958/12/398 1953/11/397
f 1954/12/397 1953/11/397 1958/12/398
f 1956/12/1 1815/12/1 1951/12/1
f 1815/12/1 1956/12/1 1954/12/1
f 1954/12/1 1956/12/1 1958/12/1
f 1951/12/2 1815/12/2 1956/12/2
f 1954/12/2 1956/12/2 1815/12/2
f 1958/12/2 1956/12/2 1954/12/2
f 1958/12/395 1955/11/399 1957/11/395
f 1955/11/399 1958/12/395 1956/12/399
f 1957/11/398 1955/11/400 1958/12/398
f 1956/12/400 1958/12/398 1955/11/400
f 1216/13/356 1960/11/356 1959/11/356
f 1960/11/356 1216/13/356 1836/13/356
f 1959/11/355 1960/11/355 1216/13/355
f 1836/13/355 1216/13/355 1960/11/355
f 1216/13/368 1962/11/368 1961/13/368
f 1962/11/368 1216/13/368 1959/11/368
f 1961/13/367 1962/11/367 1216/13/367
f 1959/11/367 1216/13/367 1962/11/367
f 1963/13/1 1216/13/1 1961/13/1
f 1216/13/1 1963/13/1 1836/13/1
f 1836/13/1 1963/13/1 1964/13/1
f 1961/13/2 1216/13/2 1963/13/2
f 1836/13/2 1963/13/2 1216/13/2
f 1964/13/2 1963/13/2 1836/13/2
f 1960/11/2 1962/11/2 1959/11/2
f 1962/11/2 1960/11/2 1965/11/2
f 1965/11/2 1960/11/2 1966/11/2
f 1959/11/1 1962/11/1 1960/11/1
f 1965/11/1 1960/11/1 1962/11/1
f 1966/11/1 1960/11/1 1965/11/1
f 1960/11/396 1964/13/395 1966/11/395
f 1964/13/395 1960/11/396 1836/13/396
f 1966/11/398 1964/13/398 1960/11/397
f 1836/13/397 1960/11/397 1964/13/398
f 1964/13/395 1965/11/605 1966/11/395
f 1965/11/605 1964/13/395 1963/13/605
f 1966/11/398 1965/11/606 1964/13/398
f 1963/13/606 1964/13/398 1965/11/606
f 1965/11/605 1961/13/401 1962/11/401
f 1961/13/401 1965/11/605 1963/13/605
f 1962/11/402 1961/13/402 1965/11/606
f 1963/13/606 1965/11/606 1961/13/402
f 1969/12/374 1968/11/374 1967/12/374
f 1968/11/374 1969/12/374 1257/11/374
f 1967/12/373 1968/11/373 1969/12/373
f 1257/11/373 1969/12/373 1968/11/373
f 1969/12/372 1970/11/372 1257/11/372
f 1970/11/372 1969/12/372 1971/12/372
f 1257/11/371 1970/11/371 1969/12/371
f 1971/12/371 1969/12/371 1970/11/371
f 1972/11/387 1967/12/389 1968/11/389
f 1967/12/389 1972/11/387 1973/12/387
f 1968/11/390 1967/12/390 1972/11/388
f 1973/12/388 1972/11/388 1967/12/390
f 1970/11/384 1975/12/383 1974/11/383
f 1975/12/383 1970/11/384 1971/12/384
f 1974/11/386 1975/12/386 1970/11/385
f 1971/12/385 1970/11/385 1975/12/386
f 1973/12/1 1969/12/1 1967/12/1
f 1969/12/1 1973/12/1 1971/12/1
f 1971/12/1 1973/12/1 1975/12/1
f 1967/12/2 1969/12/2 1973/12/2
f 1971/12/2 1973/12/2 1969/12/2
f 1975/12/2 1973/12/2 1971/12/2
f 1975/12/383 1972/11/387 1974/11/383
f 1972/11/387 1975/12/383 1973/12/387
f 1974/11/386 1972/11/388 1975/12/386
f 1973/12/388 1975/12/386 1972/11/388
f 1262/13/372 1977/11/372 1976/11/372
f 1977/11/372 1262/13/372 1978/13/372
f 1976/11/371 1977/11/371 1262/13/371
f 1978/13/371 1262/13/371 1977/11/371
f 1262/13/374 1980/11/374 1979/13/374
f 1980/11/374 1262/13/374 1976/11/374
f 1979/13/373 1980/11/373 1262/13/373
f 1976/11/373 1262/13/373 1980/11/373
f 1981/13/1 1262/13/1 1979/13/1
f 1262/13/1 1981/13/1 1978/13/1
f 1978/13/1 1981/13/1 1982/13/1
f 1979/13/2 1262/13/2 1981/13/2
f 1978/13/2 1981/13/2 1262/13/2
f 1982/13/2 1981/13/2 1978/13/2
f 1977/11/2 1980/11/2 1976/11/2
f 1980/11/2 1977/11/2 1983/11/2
f 1983/11/2 1977/11/2 1984/11/2
f 1976/11/1 1980/11/1 1977/11/1
f 1983/11/1 1977/11/1 1980/11/1
f 1984/11/1 1977/11/1 1983/11/1
f 1977/11/384 1982/13/383 1984/11/383
f 1982/13/383 1977/11/384 1978/13/384
f 1984/11/386 1982/13/386 1977/11/385
f 1978/13/385 1977/11/385 1982/13/386
f 1982/13/383 1983/11/603 1984/11/383
f 1983/11/603 1982/13/383 1981/13/603
f 1984/11/386 1983/11/604 1982/13/386
f 1981/13/604 1982/13/386 1983/11/604
f 1983/11/603 1979/13/389 1980/11/389
f 1979/13/389 1983/11/603 1981/13/603
f 1980/11/390 1979/13/390 1983/11/604
f 1981/13/604 1983/11/604 1979/13/390
f 1987/12/336 1986/11/336 1985/12/336
f 1986/11/336 1987/12/336 1267/11/336
f 1985/12/335 1986/11/335 1987/12/335
f 1267/11/335 1987/12/335 1986/11/335
f 1987/12/324 1988/11/324 1267/11/324
f 1988/11/324 1987/12/324 1989/12/324
f 1267/11/323 1988/11/323 1987/12/323
f 1989/12/323 1987/12/323 1988/11/323
f 1990/11/407 1985/12/409 1986/11/409
f 1985/12/409 1990/11/407 1991/12/407
f 1986/11/410 1985/12/410 1990/11/408
f 1991/12/408 1990/11/408 1985/12/410
f 1988/11/404 1993/12/403 1992/11/403
f 1993/12/403 1988/11/404 1989/12/404
f 1992/11/406 1993/12/406 1988/11/405
f 1989/12/405 1988/11/405 1993/12/406
f 1991/12/1 1987/12/1 1985/12/1
f 1987/12/1 1991/12/1 1989/12/1
f 1989/12/1 1991/12/1 1993/12/1
f 1985/12/2 1987/12/2 1991/12/2
f 1989/12/2 1991/12/2 1987/12/2
f 1993/12/2 1991/12/2 1989/12/2
f 1993/12/403 1990/11/407 1992/11/403
f 1990/11/407 1993/12/403 1991/12/407
f 1992/11/406 1990/11/408 1993/12/406
f 1991/12/408 1993/12/406 1990/11/408
f 1272/13/324 1995/11/324 1994/11/324
f 1995/11/324 1272/13/324 1996/13/324
f 1994/11/323 1995/11/323 1272/13/323
f 1996/13/323 1272/13/323 1995/11/323
f 1272/13/336 1998/11/336 1997/13/336
f 1998/11/336 1272/13/336 1994/11/336
f 1997/13/335 1998/11/335 1272/13/335
f 1994/11/335 1272/13/335 1998/11/335
f 1999/13/1 1272/13/1 1997/13/1
f 1272/13/1 1999/13/1 1996/13/1
f 1996/13/1 1999/13/1 2000/13/1
f 1997/13/2 1272/13/2 1999/13/2
f 1996/13/2 1999/13/2 1272/13/2
f 2000/13/2 1999/13/2 1996/13/2
f 1995/11/2 1998/11/2 1994/11/2
f 1998/11/2 1995/11/2 2001/11/2
f 2001/11/2 1995/11/2 2002/11/2
f 1994/11/1 1998/11/1 1995/11/1
f 2001/11/1 1995/11/1 1998/11/1
f 2002/11/1 1995/11/1 2001/11/1
f 1995/11/404 2000/13/403 2002/11/403
f 2000/13/403 1995/11/404 1996/13/404
f 2002/11/406 2000/13/406 1995/11/405
f 1996/13/405 1995/11/405 2000/13/406
f 2000/13/403 2001/11/607 2002/11/403
f 2001/11/607 2000/13/403 1999/13/607
f 2002/11/406 2001/11/608 2000/13/406
f 1999/13/608 2000/13/406 2001/11/608
f 2001/11/607 1997/13/409 1998/11/409
f 1997/13/409 2001/11/607 1999/13/607
f 1998/11/410 1997/13/410 2001/11/608
f 1999/13/608 2001/11/608 1997/13/410
f 1661/12/372 1257/11/372 1188/11/372
f 1257/11/372 1661/12/372 1969/12/372
f 1188/11/371 1257/11/371 1661/12/371
f 1969/12/371 1661/12/371 1257/11/371
f 1661/12/374 2004/11/374 2003/12/374
f 2004/11/374 1661/12/374 1188/11/374
f 2003/12/373 2004/11/373 1661/12/373
f 1188/11/373 1661/12/373 2004/11/373
f 1257/11/373 2006/12/373 2005/11/373
f 2006/12/373 1257/11/373 1969/12/373
f 2005/11/374 2006/12/374 1257/11/374
f 1969/12/374 1257/11/374 2006/12/374
f 2003/12/1 1969/12/1 1661/12/1
f 1969/12/1 2003/12/1 2007/12/1
f 1969/12/1 2007/12/1 2006/12/1
f 1661/12/2 1969/12/2 2003/12/2
f 2007/12/2 2003/12/2 1969/12/2
f 2006/12/2 2007/12/2 1969/12/2
f 2006/12/379 2008/11/371 2005/11/379
f 2008/11/371 2006/12/379 2007/12/371
f 2005/11/380 2008/11/372 2006/12/380
f 2007/12/372 2006/12/380 2008/11/372
f 2007/12/371 2004/11/381 2008/11/371
f 2004/11/381 2007/12/371 2003/12/381
f 2008/11/372 2004/11/382 2007/12/372
f 2003/12/382 2007/12/372 2004/11/382
f 2011/13/371 2010/11/571 2009/11/371
f 2010/11/571 2011/13/371 2012/13/571
f 2009/11/372 2010/11/572 2011/13/372
f 2012/13/572 2011/13/372 2010/11/572
f 2015/13/574 2014/11/573 2013/13/573
f 2014/11/573 2015/13/574 2016/11/574
f 2013/13/576 2014/11/576 2015/13/575
f 2016/11/575 2015/13/575 2014/11/576
f 2012/13/571 2014/11/573 2010/11/571
f 2014/11/573 2012/13/571 2013/13/573
f 2010/11/572 2014/11/576 2012/13/572
f 2013/13/576 2012/13/572 2014/11/576
f 2018/13/577 2009/11/371 2017/11/577
f 2009/11/371 2018/13/577 2011/13/371
f 2017/11/578 2009/11/372 2018/13/578
f 2011/13/372 2018/13/578 2009/11/372
f 2013/13/1 2019/13/1 2015/13/1
f 2019/13/1 2013/13/1 2012/13/1
f 2019/13/1 2012/13/1 2011/13/1
f 2019/13/1 2011/13/1 2018/13/1
f 2019/13/1 2018/13/1 2020/13/1
f 2015/13/2 2019/13/2 2013/13/2
f 2012/13/2 2013/13/2 2019/13/2
f 2011/13/2 2012/13/2 2019/13/2
f 2018/13/2 2011/13/2 2019/13/2
f 2020/13/2 2018/13/2 2019/13/2
f 2022/11/580 2020/13/579 2021/11/579
f 2020/13/579 2022/11/580 2019/13/580
f 2021/11/582 2020/13/582 2022/11/581
f 2019/13/581 2022/11/581 2020/13/582
f 2021/11/579 2018/13/577 2017/11/577
f 2018/13/577 2021/11/579 2020/13/579
f 2017/11/578 2018/13/578 2021/11/582
f 2020/13/582 2021/11/582 2018/13/578
f 1196/13/374 1668/11/374 1673/13/374
f 1668/11/374 1196/13/374 180/11/374
f 1673/13/373 1668/11/373 1196/13/373
f 180/11/373 1196/13/373 1668/11/373
f 1979/13/583 2024/11/371 2023/11/583
f 2024/11/371 1979/13/583 2025/13/371
f 2023/11/584 2024/11/372 1979/13/584
f 2025/13/372 1979/13/584 2024/11/372
f 1196/13/372 675/11/372 180/11/372
f 675/11/372 1196/13/372 1262/13/372
f 180/11/371 675/11/371 1196/13/371
f 1262/13/371 1196/13/371 675/11/371
f 2025/13/371 1668/11/585 2024/11/371
f 1668/11/585 2025/13/371 1673/13/585
f 2024/11/372 1668/11/586 2025/13/372
f 1673/13/586 2025/13/372 1668/11/586
f 675/11/2 1668/11/2 180/11/2
f 1668/11/2 675/11/2 2024/11/2
f 2024/11/2 675/11/2 2023/11/2
f 180/11/1 1668/11/1 675/11/1
f 2024/11/1 675/11/1 1668/11/1
f 2023/11/1 675/11/1 2024/11/1
f 1673/13/1 1262/13/1 1196/13/1
f 1262/13/1 1673/13/1 2025/13/1
f 1262/13/1 2025/13/1 1979/13/1
f 1196/13/2 1262/13/2 1673/13/2
f 2025/13/2 1673/13/2 1262/13/2
f 1979/13/2 2025/13/2 1262/13/2
f 675/11/373 1979/13/373 2023/11/373
f 1979/13/373 675/11/373 1262/13/373
f 2023/11/374 1979/13/374 675/11/374
f 1262/13/374 675/11/374 1979/13/374
f 2028/43/588 2027/42/587 2026/42/587
f 2027/42/587 2028/43/588 2029/43/588
f 2026/42/590 2027/42/590 2028/43/589
f 2029/43/589 2028/43/589 2027/42/590
f 2032/44/591 2031/45/592 2030/44/591
f 2031/45/592 2032/44/591 2033/45/592
f 2030/44/593 2031/45/594 2032/44/593
f 2033/45/594 2032/44/593 2031/45/594
f 2035/42/379 2029/43/379 2034/43/379
f 2029/43/379 2035/42/379 2027/42/379
f 2027/42/379 2035/42/379 2036/44/379
f 2027/42/379 2036/44/379 2032/44/379
f 2032/44/379 2036/44/379 2037/45/379
f 2032/44/379 2037/45/379 2033/45/379
f 2034/43/380 2029/43/380 2035/42/380
f 2027/42/380 2035/42/380 2029/43/380
f 2036/44/380 2035/42/380 2027/42/380
f 2032/44/380 2036/44/380 2027/42/380
f 2037/45/380 2036/44/380 2032/44/380
f 2033/45/380 2037/45/380 2032/44/380
f 2033/45/592 2038/45/589 2031/45/592
f 2038/45/589 2033/45/592 2037/45/589
f 2031/45/594 2038/45/588 2033/45/594
f 2037/45/588 2033/45/594 2038/45/588
f 2040/42/593 2034/43/594 2039/43/594
f 2034/43/594 2040/42/593 2035/42/593
f 2039/43/592 2034/43/592 2040/42/591
f 2035/42/591 2040/42/591 2034/43/592
f 2026/42/380 2039/43/380 2028/43/380
f 2039/43/380 2026/42/380 2040/42/380
f 2040/42/380 2026/42/380 2030/44/380
f 2040/42/380 2030/44/380 2041/44/380
f 2041/44/380 2030/44/380 2031/45/380
f 2041/44/380 2031/45/380 2038/45/380
f 2028/43/379 2039/43/379 2026/42/379
f 2040/42/379 2026/42/379 2039/43/379
f 2030/44/379 2026/42/379 2040/42/379
f 2041/44/379 2030/44/379 2040/42/379
f 2031/45/379 2030/44/379 2041/44/379
f 2038/45/379 2031/45/379 2041/44/379
f 2037/45/589 2041/44/590 2038/45/589
f 2041/44/590 2037/45/589 2036/44/590
f 2038/45/588 2041/44/587 2037/45/588
f 2036/44/587 2037/45/588 2041/44/587
f 2039/43/594 2029/43/588 2028/43/588
f 2029/43/588 2039/43/594 2034/43/594
f 2028/43/589 2029/43/589 2039/43/592
f 2034/43/592 2039/43/592 2029/43/589
f 2030/44/591 2027/42/587 2032/44/591
f 2027/42/587 2030/44/591 2026/42/587
f 2032/44/593 2027/42/590 2030/44/593
f 2026/42/590 2030/44/593 2027/42/590
f 2040/42/593 2036/44/590 2035/42/593
f 2036/44/590 2040/42/593 2041/44/590
f 2035/42/591 2036/44/587 2040/42/591
f 2041/44/587 2040/42/591 2036/44/587
f 2044/47/593 2043/46/594 2042/46/594
f 2043/46/594 2044/47/593 2045/47/593
f 2042/46/592 2043/46/592 2044/47/591
f 2045/47/591 2044/47/591 2043/46/592
f 2047/47/380 2042/46/380 2046/46/380
f 2042/46/380 2047/47/380 2044/47/380
f 2044/47/380 2047/47/380 2048/48/380
f 2044/47/380 2048/48/380 2049/48/380
f 2049/48/380 2048/48/380 2050/49/380
f 2049/48/380 2050/49/380 2051/49/380
f 2046/46/379 2042/46/379 2047/47/379
f 2044/47/379 2047/47/379 2042/46/379
f 2048/48/379 2047/47/379 2044/47/379
f 2049/48/379 2048/48/379 2044/47/379
f 2050/49/379 2048/48/379 2049/48/379
f 2051/49/379 2050/49/379 2049/48/379
f 2042/46/594 2052/46/588 2046/46/588
f 2052/46/588 2042/46/594 2043/46/594
f 2046/46/589 2052/46/589 2042/46/592
f 2043/46/592 2042/46/592 2052/46/589
f 2046/46/588 2053/47/587 2047/47/587
f 2053/47/587 2046/46/588 2052/46/588
f 2047/47/590 2053/47/590 2046/46/589
f 2052/46/589 2046/46/589 2053/47/590
f 2054/49/592 2051/49/589 2050/49/592
f 2051/49/589 2054/49/592 2055/49/589
f 2050/49/594 2051/49/588 2054/49/594
f 2055/49/588 2054/49/594 2051/49/588
f 2048/48/591 2053/47/587 2056/48/591
f 2053/47/587 2048/48/591 2047/47/587
f 2056/48/593 2053/47/590 2048/48/593
f 2047/47/590 2048/48/593 2053/47/590
f 2055/49/589 2049/48/590 2051/49/589
f 2049/48/590 2055/49/589 2057/48/590
f 2051/49/588 2049/48/587 2055/49/588
f 2057/48/587 2055/49/588 2049/48/587
f 2044/47/593 2057/48/590 2045/47/593
f 2057/48/590 2044/47/593 2049/48/590
f 2045/47/591 2057/48/587 2044/47/591
f 2049/48/587 2044/47/591 2057/48/587
f 2056/48/591 2050/49/592 2048/48/591
f 2050/49/592 2056/48/591 2054/49/592
f 2048/48/593 2050/49/594 2056/48/593
f 2054/49/594 2056/48/593 2050/49/594
f 2045/47/379 2052/46/379 2043/46/379
f 2052/46/379 2045/47/379 2053/47/379
f 2053/47/379 2045/47/379 2057/48/379
f 2053/47/379 2057/48/379 2056/48/379
f 2056/48/379 2057/48/379 2055/49/379
f 2056/48/379 2055/49/379 2054/49/379
f 2043/46/380 2052/46/380 2045/47/380
f 2053/47/380 2045/47/380 2052/46/380
f 2057/48/380 2045/47/380 2053/47/380
f 2056/48/380 2057/48/380 2053/47/380
f 2055/49/380 2057/48/380 2056/48/380
f 2054/49/380 2055/49/380 2056/48/380
f 2060/50/595 2059/51/596 2058/50/595
f 2059/51/596 2060/50/595 2061/51/596
f 2058/50/597 2059/51/598 2060/50/597
f 2061/51/598 2060/50/597 2059/51/598
f 2064/50/599 2063/52/597 2062/50/599
f 2063/52/597 2064/50/599 2065/52/597
f 2062/50/600 2063/52/595 2064/50/600
f 2065/52/595 2064/50/600 2063/52/595
f 2063/52/597 2067/53/598 2066/53/598
f 2067/53/598 2063/52/597 2065/52/597
f 2066/53/596 2067/53/596 2063/52/595
f 2065/52/595 2063/52/595 2067/53/596
f 2062/50/381 2059/51/381 2068/51/381
f 2059/51/381 2062/50/381 2058/50/381
f 2058/50/381 2062/50/381 2063/52/381
f 2058/50/381 2063/52/381 2069/52/381
f 2069/52/381 2063/52/381 2066/53/381
f 2069/52/381 2066/53/381 2070/53/381
f 2068/51/382 2059/51/382 2062/50/382
f 2058/50/382 2062/50/382 2059/51/382
f 2063/52/382 2062/50/382 2058/50/382
f 2069/52/382 2063/52/382 2058/50/382
f 2066/53/382 2063/52/382 2069/52/382
f 2070/53/382 2066/53/382 2069/52/382
f 2061/51/596 2068/51/601 2059/51/596
f 2068/51/601 2061/51/596 2071/51/601
f 2059/51/598 2068/51/602 2061/51/598
f 2071/51/602 2061/51/598 2068/51/602
f 2060/50/382 2071/51/382 2061/51/382
f 2071/51/382 2060/50/382 2064/50/382
f 2064/50/382 2060/50/382 2072/52/382
f 2064/50/382 2072/52/382 2065/52/382
f 2065/52/382 2072/52/382 2073/53/382
f 2065/52/382 2073/53/382 2067/53/382
f 2061/51/381 2071/51/381 2060/50/381
f 2064/50/381 2060/50/381 2071/51/381
f 2072/52/381 2060/50/381 2064/50/381
f 2065/52/381 2072/52/381 2064/50/381
f 2073/53/381 2072/52/381 2065/52/381
f 2067/53/381 2073/53/381 2065/52/381
f 2066/53/598 2073/53/602 2070/53/602
f 2073/53/602 2066/53/598 2067/53/598
f 2070/53/601 2073/53/601 2066/53/596
f 2067/53/596 2066/53/596 2073/53/601
f 2071/51/601 2062/50/599 2068/51/601
f 2062/50/599 2071/51/601 2064/50/599
f 2068/51/602 2062/50/600 2071/51/602
f 2064/50/600 2071/51/602 2062/50/600
f 2070/53/602 2072/52/600 2069/52/600
f 2072/52/600 2070/53/602 2073/53/602
f 2069/52/599 2072/52/599 2070/53/601
f 2073/53/601 2070/53/601 2072/52/599
f 2072/52/600 2058/50/595 2069/52/600
f 2058/50/595 2072/52/600 2060/50/595
f 2069/52/599 2058/50/597 2072/52/599
f 2060/50/597 2072/52/599 2058/50/597
f 1987/12/412 1282/11/412 1267/11/412
f 1282/11/412 1987/12/412 2074/12/412
f 1267/11/411 1282/11/411 1987/12/411
f 2074/12/411 1987/12/411 1282/11/411
f 1987/12/413 1988/11/413 1989/12/413
f 1988/11/413 1987/12/413 1267/11/413
f 1989/12/414 1988/11/414 1987/12/414
f 1267/11/414 1987/12/414 1988/11/414
f 1282/11/414 2076/12/414 2075/11/414
f 2076/12/414 1282/11/414 2074/12/414
f 2075/11/413 2076/12/413 1282/11/413
f 2074/12/413 1282/11/413 2076/12/413
f 1989/12/1 2074/12/1 1987/12/1
f 2074/12/1 1989/12/1 2077/12/1
f 2074/12/1 2077/12/1 2076/12/1
f 1987/12/2 2074/12/2 1989/12/2
f 2077/12/2 1989/12/2 2074/12/2
f 2076/12/2 2077/12/2 2074/12/2
f 2076/12/380 2078/11/411 2075/11/380
f 2078/11/411 2076/12/380 2077/12/411
f 2075/11/379 2078/11/412 2076/12/379
f 2077/12/412 2076/12/379 2078/11/412
f 2077/12/411 1988/11/382 2078/11/411
f 1988/11/382 2077/12/411 1989/12/382
f 2078/11/412 1988/11/381 2077/12/412
f 1989/12/381 2077/12/412 1988/11/381
f 2081/13/411 2080/11/572 2079/11/411
f 2080/11/572 2081/13/411 2082/13/572
f 2079/11/412 2080/11/571 2081/13/412
f 2082/13/571 2081/13/412 2080/11/571
f 2085/13/575 2084/11/576 2083/13/576
f 2084/11/576 2085/13/575 2086/11/575
f 2083/13/573 2084/11/573 2085/13/574
f 2086/11/574 2085/13/574 2084/11/573
f 2082/13/572 2084/11/576 2080/11/572
f 2084/11/576 2082/13/572 2083/13/576
f 2080/11/571 2084/11/573 2082/13/571
f 2083/13/573 2082/13/571 2084/11/573
f 2088/13/578 2079/11/411 2087/11/578
f 2079/11/411 2088/13/578 2081/13/411
f 2087/11/577 2079/11/412 2088/13/577
f 2081/13/412 2088/13/577 2079/11/412
f 2083/13/1 2089/13/1 2085/13/1
f 2089/13/1 2083/13/1 2082/13/1
f 2089/13/1 2082/13/1 2081/13/1
f 2089/13/1 2081/13/1 2088/13/1
f 2089/13/1 2088/13/1 2090/13/1
f 2085/13/2 2089/13/2 2083/13/2
f 2082/13/2 2083/13/2 2089/13/2
f 2081/13/2 2082/13/2 2089/13/2
f 2088/13/2 2081/13/2 2089/13/2
f 2090/13/2 2088/13/2 2089/13/2
f 2092/11/581 2090/13/582 2091/11/582
f 2090/13/582 2092/11/581 2089/13/581
f 2091/11/579 2090/13/579 2092/11/580
f 2089/13/580 2092/11/580 2090/13/579
f 2091/11/582 2088/13/578 2087/11/578
f 2088/13/578 2091/11/582 2090/13/582
f 2087/11/577 2088/13/577 2091/11/579
f 2090/13/579 2091/11/579 2088/13/577
f 1272/13/413 2093/11/413 1996/13/413
f 2093/11/413 1272/13/413 2094/11/413
f 1996/13/414 2093/11/414 1272/13/414
f 2094/11/414 1272/13/414 2093/11/414
f 1354/13/584 2096/11/411 2095/11/584
f 2096/11/411 1354/13/584 2097/13/411
f 2095/11/583 2096/11/412 1354/13/583
f 2097/13/412 1354/13/583 2096/11/412
f 1272/13/412 2098/11/412 2094/11/412
f 2098/11/412 1272/13/412 1283/13/412
f 2094/11/411 2098/11/411 1272/13/411
f 1283/13/411 1272/13/411 2098/11/411
f 2097/13/411 2093/11/586 2096/11/411
f 2093/11/586 2097/13/411 1996/13/586
f 2096/11/412 2093/11/585 2097/13/412
f 1996/13/585 2097/13/412 2093/11/585
f 2098/11/2 2093/11/2 2094/11/2
f 2093/11/2 2098/11/2 2096/11/2
f 2096/11/2 2098/11/2 2095/11/2
f 2094/11/1 2093/11/1 2098/11/1
f 2096/11/1 2098/11/1 2093/11/1
f 2095/11/1 2098/11/1 2096/11/1
f 1996/13/1 1283/13/1 1272/13/1
f 1283/13/1 1996/13/1 2097/13/1
f 1283/13/1 2097/13/1 1354/13/1
f 1272/13/2 1283/13/2 1996/13/2
f 2097/13/2 1996/13/2 1283/13/2
f 1354/13/2 2097/13/2 1283/13/2
f 2098/11/414 1354/13/414 2095/11/414
f 1354/13/414 2098/11/414 1283/13/414
f 2095/11/413 1354/13/413 2098/11/413
f 1283/13/413 2098/11/413 1354/13/413
f 2101/43/594 2100/42/593 2099/42/593
f 2100/42/593 2101/43/594 2102/43/594
f 2099/42/591 2100/42/591 2101/43/592
f 2102/43/592 2101/43/592 2100/42/591
f 2105/44/590 2104/45/589 2103/44/590
f 2104/45/589 2105/44/590 2106/45/589
f 2103/44/587 2104/45/588 2105/44/587
f 2106/45/588 2105/44/587 2104/45/588
f 2108/42/380 2102/43/380 2107/43/380
f 2102/43/380 2108/42/380 2100/42/380
f 2100/42/380 2108/42/380 2109/44/380
f 2100/42/380 2109/44/380 2105/44/380
f 2105/44/380 2109/44/380 2110/45/380
f 2105/44/380 2110/45/380 2106/45/380
f 2107/43/379 2102/43/379 2108/42/379
f 2100/42/379 2108/42/379 2102/43/379
f 2109/44/379 2108/42/379 2100/42/379
f 2105/44/379 2109/44/379 2100/42/379
f 2110/45/379 2109/44/379 2105/44/379
f 2106/45/379 2110/45/379 2105/44/379
f 2106/45/589 2111/45/592 2104/45/589
f 2111/45/592 2106/45/589 2110/45/592
f 2104/45/588 2111/45/594 2106/45/588
f 2110/45/594 2106/45/588 2111/45/594
f 2113/42/587 2107/43/588 2112/43/588
f 2107/43/588 2113/42/587 2108/42/587
f 2112/43/589 2107/43/589 2113/42/590
f 2108/42/590 2113/42/590 2107/43/589
f 2099/42/379 2112/43/379 2101/43/379
f 2112/43/379 2099/42/379 2113/42/379
f 2113/42/379 2099/42/379 2103/44/379
f 2113/42/379 2103/44/379 2114/44/379
f 2114/44/379 2103/44/379 2104/45/379
f 2114/44/379 2104/45/379 2111/45/379
f 2101/43/380 2112/43/380 2099/42/380
f 2113/42/380 2099/42/380 2112/43/380
f 2103/44/380 2099/42/380 2113/42/380
f 2114/44/380 2103/44/380 2113/42/380
f 2104/45/380 2103/44/380 2114/44/380
f 2111/45/380 2104/45/380 2114/44/380
f 2110/45/592 2114/44/591 2111/45/592
f 2114/44/591 2110/45/592 2109/44/591
f 2111/45/594 2114/44/593 2110/45/594
f 2109/44/593 2110/45/594 2114/44/593
f 2112/43/588 2102/43/594 2101/43/594
f 2102/43/594 2112/43/588 2107/43/588
f 2101/43/592 2102/43/592 2112/43/589
f 2107/43/589 2112/43/589 2102/43/592
f 2103/44/590 2100/42/593 2105/44/590
f 2100/42/593 2103/44/590 2099/42/593
f 2105/44/587 2100/42/591 2103/44/587
f 2099/42/591 2103/44/587 2100/42/591
f 2113/42/587 2109/44/591 2108/42/587
f 2109/44/591 2113/42/587 2114/44/591
f 2108/42/590 2109/44/593 2113/42/590
f 2114/44/593 2113/42/590 2109/44/593
f 2117/47/587 2116/46/588 2115/46/588
f 2116/46/588 2117/47/587 2118/47/587
f 2115/46/589 2116/46/589 2117/47/590
f 2118/47/590 2117/47/590 2116/46/589
f 2120/47/379 2115/46/379 2119/46/379
f 2115/46/379 2120/47/379 2117/47/379
f 2117/47/379 2120/47/379 2121/48/379
f 2117/47/379 2121/48/379 2122/48/379
f 2122/48/379 2121/48/379 2123/49/379
f 2122/48/379 2123/49/379 2124/49/379
f 2119/46/380 2115/46/380 2120/47/380
f 2117/47/380 2120/47/380 2115/46/380
f 2121/48/380 2120/47/380 2117/47/380
f 2122/48/380 2121/48/380 2117/47/380
f 2123/49/380 2121/48/380 2122/48/380
f 2124/49/380 2123/49/380 2122/48/380
f 2115/46/588 2125/46/594 2119/46/594
f 2125/46/594 2115/46/588 2116/46/588
f 2119/46/592 2125/46/592 2115/46/589
f 2116/46/589 2115/46/589 2125/46/592
f 2119/46/594 2126/47/593 2120/47/593
f 2126/47/593 2119/46/594 2125/46/594
f 2120/47/591 2126/47/591 2119/46/592
f 2125/46/592 2119/46/592 2126/47/591
f 2127/49/589 2124/49/592 2123/49/589
f 2124/49/592 2127/49/589 2128/49/592
f 2123/49/588 2124/49/594 2127/49/588
f 2128/49/594 2127/49/588 2124/49/594
f 2121/48/590 2126/47/593 2129/48/590
f 2126/47/593 2121/48/590 2120/47/593
f 2129/48/587 2126/47/591 2121/48/587
f 2120/47/591 2121/48/587 2126/47/591
f 2128/49/592 2122/48/591 2124/49/592
f 2122/48/591 2128/49/592 2130/48/591
f 2124/49/594 2122/48/593 2128/49/594
f 2130/48/593 2128/49/594 2122/48/593
f 2117/47/587 2130/48/591 2118/47/587
f 2130/48/591 2117/47/587 2122/48/591
f 2118/47/590 2130/48/593 2117/47/590
f 2122/48/593 2117/47/590 2130/48/593
f 2129/48/590 2123/49/589 2121/48/590
f 2123/49/589 2129/48/590 2127/49/589
f 2121/48/587 2123/49/588 2129/48/587
f 2127/49/588 2129/48/587 2123/49/588
f 2118/47/380 2125/46/380 2116/46/380
f 2125/46/380 2118/47/380 2126/47/380
f 2126/47/380 2118/47/380 2130/48/380
f 2126/47/380 2130/48/380 2129/48/380
f 2129/48/380 2130/48/380 2128/49/380
f 2129/48/380 2128/49/380 2127/49/380
f 2116/46/379 2125/46/379 2118/47/379
f 2126/47/379 2118/47/379 2125/46/379
f 2130/48/379 2118/47/379 2126/47/379
f 2129/48/379 2130/48/379 2126/47/379
f 2128/49/379 2130/48/379 2129/48/379
f 2127/49/379 2128/49/379 2129/48/379
f 2133/50/599 2132/51/601 2131/50/599
f 2132/51/601 2133/50/599 2134/51/601
f 2131/50/600 2132/51/602 2133/50/600
f 2134/51/602 2133/50/600 2132/51/602
f 2137/50/595 2136/52/600 2135/50/595
f 2136/52/600 2137/50/595 2138/52/600
f 2135/50/597 2136/52/599 2137/50/597
f 2138/52/599 2137/50/597 2136/52/599
f 2136/52/600 2140/53/602 2139/53/602
f 2140/53/602 2136/52/600 2138/52/600
f 2139/53/601 2140/53/601 2136/52/599
f 2138/52/599 2136/52/599 2140/53/601
f 2135/50/382 2132/51/382 2141/51/382
f 2132/51/382 2135/50/382 2131/50/382
f 2131/50/382 2135/50/382 2136/52/382
f 2131/50/382 2136/52/382 2142/52/382
f 2142/52/382 2136/52/382 2139/53/382
f 2142/52/382 2139/53/382 2143/53/382
f 2141/51/381 2132/51/381 2135/50/381
f 2131/50/381 2135/50/381 2132/51/381
f 2136/52/381 2135/50/381 2131/50/381
f 2142/52/381 2136/52/381 2131/50/381
f 2139/53/381 2136/52/381 2142/52/381
f 2143/53/381 2139/53/381 2142/52/381
f 2134/51/601 2141/51/596 2132/51/601
f 2141/51/596 2134/51/601 2144/51/596
f 2132/51/602 2141/51/598 2134/51/602
f 2144/51/598 2134/51/602 2141/51/598
f 2133/50/381 2144/51/381 2134/51/381
f 2144/51/381 2133/50/381 2137/50/381
f 2137/50/381 2133/50/381 2145/52/381
f 2137/50/381 2145/52/381 2138/52/381
f 2138/52/381 2145/52/381 2146/53/381
f 2138/52/381 2146/53/381 2140/53/381
f 2134/51/382 2144/51/382 2133/50/382
f 2137/50/382 2133/50/382 2144/51/382
f 2145/52/382 2133/50/382 2137/50/382
f 2138/52/382 2145/52/382 2137/50/382
f 2146/53/382 2145/52/382 2138/52/382
f 2140/53/382 2146/53/382 2138/52/382
f 2139/53/602 2146/53/598 2143/53/598
f 2146/53/598 2139/53/602 2140/53/602
f 2143/53/596 2146/53/596 2139/53/601
f 2140/53/601 2139/53/601 2146/53/596
f 2144/51/596 2135/50/595 2141/51/596
f 2135/50/595 2144/51/596 2137/50/595
f 2141/51/598 2135/50/597 2144/51/598
f 2137/50/597 2144/51/598 2135/50/597
f 2143/53/598 2145/52/597 2142/52/597
f 2145/52/597 2143/53/598 2146/53/598
f 2142/52/595 2145/52/595 2143/53/596
f 2146/53/596 2143/53/596 2145/52/595
f 2145/52/597 2131/50/599 2142/52/597
f 2131/50/599 2145/52/597 2133/50/599
f 2142/52/595 2131/50/600 2145/52/595
f 2133/50/600 2145/52/595 2131/50/600
f 1451/12/412 1288/11/412 1148/11/412
f 1288/11/412 1451/12/412 2147/12/412
f 1148/11/411 1288/11/411 1451/12/411
f 2147/12/411 1451/12/411 1288/11/411
f 1451/12/413 2149/11/413 2148/12/413
f 2149/11/413 1451/12/413 1148/11/413
f 2148/12/414 2149/11/414 1451/12/414
f 1148/11/414 1451/12/414 2149/11/414
f 1288/11/414 2151/12/414 2150/11/414
f 2151/12/414 1288/11/414 2147/12/414
f 2150/11/413 2151/12/413 1288/11/413
f 2147/12/413 1288/11/413 2151/12/413
f 2148/12/1 2147/12/1 1451/12/1
f 2147/12/1 2148/12/1 2152/12/1
f 2147/12/1 2152/12/1 2151/12/1
f 1451/12/2 2147/12/2 2148/12/2
f 2152/12/2 2148/12/2 2147/12/2
f 2151/12/2 2152/12/2 2147/12/2
f 2151/12/380 2153/11/411 2150/11/380
f 2153/11/411 2151/12/380 2152/12/411
f 2150/11/379 2153/11/412 2151/12/379
f 2152/12/412 2151/12/379 2153/11/412
f 2152/12/411 2149/11/382 2153/11/411
f 2149/11/382 2152/12/411 2148/12/382
f 2153/11/412 2149/11/381 2152/12/412
f 2148/12/381 2152/12/412 2149/11/381
f 2156/13/411 2155/11/572 2154/11/411
f 2155/11/572 2156/13/411 2157/13/572
f 2154/11/412 2155/11/571 2156/13/412
f 2157/13/571 2156/13/412 2155/11/571
f 2160/13/575 2159/11/576 2158/13/576
f 2159/11/576 2160/13/575 2161/11/575
f 2158/13/573 2159/11/573 2160/13/574
f 2161/11/574 2160/13/574 2159/11/573
f 2157/13/572 2159/11/576 2155/11/572
f 2159/11/576 2157/13/572 2158/13/576
f 2155/11/571 2159/11/573 2157/13/571
f 2158/13/573 2157/13/571 2159/11/573
f 2163/13/578 2154/11/411 2162/11/578
f 2154/11/411 2163/13/578 2156/13/411
f 2162/11/577 2154/11/412 2163/13/577
f 2156/13/412 2163/13/577 2154/11/412
f 2158/13/1 2164/13/1 2160/13/1
f 2164/13/1 2158/13/1 2157/13/1
f 2164/13/1 2157/13/1 2156/13/1
f 2164/13/1 2156/13/1 2163/13/1
f 2164/13/1 2163/13/1 2165/13/1
f 2160/13/2 2164/13/2 2158/13/2
f 2157/13/2 2158/13/2 2164/13/2
f 2156/13/2 2157/13/2 2164/13/2
f 2163/13/2 2156/13/2 2164/13/2
f 2165/13/2 2163/13/2 2164/13/2
f 2167/11/581 2165/13/582 2166/11/582
f 2165/13/582 2167/11/581 2164/13/581
f 2166/11/579 2165/13/579 2167/11/580
f 2164/13/580 2167/11/580 2165/13/579
f 2166/11/582 2163/13/578 2162/11/578
f 2163/13/578 2166/11/582 2165/13/582
f 2162/11/577 2163/13/577 2166/11/579
f 2165/13/579 2166/11/579 2163/13/577
f 1156/13/413 2168/11/413 1463/13/413
f 2168/11/413 1156/13/413 2169/11/413
f 1463/13/414 2168/11/414 1156/13/414
f 2169/11/414 1156/13/414 2168/11/414
f 2172/13/584 2171/11/411 2170/11/584
f 2171/11/411 2172/13/584 2173/13/411
f 2170/11/583 2171/11/412 2172/13/583
f 2173/13/412 2172/13/583 2171/11/412
f 1156/13/412 2174/11/412 2169/11/412
f 2174/11/412 1156/13/412 1289/13/412
f 2169/11/411 2174/11/411 1156/13/411
f 1289/13/411 1156/13/411 2174/11/411
f 2173/13/411 2168/11/586 2171/11/411
f 2168/11/586 2173/13/411 1463/13/586
f 2171/11/412 2168/11/585 2173/13/412
f 1463/13/585 2173/13/412 2168/11/585
f 2174/11/2 2168/11/2 2169/11/2
f 2168/11/2 2174/11/2 2171/11/2
f 2171/11/2 2174/11/2 2170/11/2
f 2169/11/1 2168/11/1 2174/11/1
f 2171/11/1 2174/11/1 2168/11/1
f 2170/11/1 2174/11/1 2171/11/1
f 1463/13/1 1289/13/1 1156/13/1
f 1289/13/1 1463/13/1 2173/13/1
f 1289/13/1 2173/13/1 2172/13/1
f 1156/13/2 1289/13/2 1463/13/2
f 2173/13/2 1463/13/2 1289/13/2
f 2172/13/2 2173/13/2 1289/13/2
f 2174/11/414 2172/13/414 2170/11/414
f 2172/13/414 2174/11/414 1289/13/414
f 2170/11/413 2172/13/413 2174/11/413
f 1289/13/413 2174/11/413 2172/13/413
f 2177/43/594 2176/42/593 2175/42/593
f 2176/42/593 2177/43/594 2178/43/594
f 2175/42/591 2176/42/591 2177/43/592
f 2178/43/592 2177/43/592 2176/42/591
f 2181/44/590 2180/45/589 2179/44/590
f 2180/45/589 2181/44/590 2182/45/589
f 2179/44/587 2180/45/588 2181/44/587
f 2182/45/588 2181/44/587 2180/45/588
f 2184/42/380 2178/43/380 2183/43/380
f 2178/43/380 2184/42/380 2176/42/380
f 2176/42/380 2184/42/380 2185/44/380
f 2176/42/380 2185/44/380 2181/44/380
f 2181/44/380 2185/44/380 2186/45/380
f 2181/44/380 2186/45/380 2182/45/380
f 2183/43/379 2178/43/379 2184/42/379
f 2176/42/379 2184/42/379 2178/43/379
f 2185/44/379 2184/42/379 2176/42/379
f 2181/44/379 2185/44/379 2176/42/379
f 2186/45/379 2185/44/379 2181/44/379
f 2182/45/379 2186/45/379 2181/44/379
f 2182/45/589 2187/45/592 2180/45/589
f 2187/45/592 2182/45/589 2186/45/592
f 2180/45/588 2187/45/594 2182/45/588
f 2186/45/594 2182/45/588 2187/45/594
f 2189/42/587 2183/43/588 2188/43/588
f 2183/43/588 2189/42/587 2184/42/587
f 2188/43/589 2183/43/589 2189/42/590
f 2184/42/590 2189/42/590 2183/43/589
f 2175/42/379 2188/43/379 2177/43/379
f 2188/43/379 2175/42/379 2189/42/379
f 2189/42/379 2175/42/379 2179/44/379
f 2189/42/379 2179/44/379 2190/44/379
f 2190/44/379 2179/44/379 2180/45/379
f 2190/44/379 2180/45/379 2187/45/379
f 2177/43/380 2188/43/380 2175/42/380
f 2189/42/380 2175/42/380 2188/43/380
f 2179/44/380 2175/42/380 2189/42/380
f 2190/44/380 2179/44/380 2189/42/380
f 2180/45/380 2179/44/380 2190/44/380
f 2187/45/380 2180/45/380 2190/44/380
f 2186/45/592 2190/44/591 2187/45/592
f 2190/44/591 2186/45/592 2185/44/591
f 2187/45/594 2190/44/593 2186/45/594
f 2185/44/593 2186/45/594 2190/44/593
f 2188/43/588 2178/43/594 2177/43/594
f 2178/43/594 2188/43/588 2183/43/588
f 2177/43/592 2178/43/592 2188/43/589
f 2183/43/589 2188/43/589 2178/43/592
f 2179/44/590 2176/42/593 2181/44/590
f 2176/42/593 2179/44/590 2175/42/593
f 2181/44/587 2176/42/591 2179/44/587
f 2175/42/591 2179/44/587 2176/42/591
f 2189/42/587 2185/44/591 2184/42/587
f 2185/44/591 2189/42/587 2190/44/591
f 2184/42/590 2185/44/593 2189/42/590
f 2190/44/593 2189/42/590 2185/44/593
f 2193/47/587 2192/46/588 2191/46/588
f 2192/46/588 2193/47/587 2194/47/587
f 2191/46/589 2192/46/589 2193/47/590
f 2194/47/590 2193/47/590 2192/46/589
f 2196/47/379 2191/46/379 2195/46/379
f 2191/46/379 2196/47/379 2193/47/379
f 2193/47/379 2196/47/379 2197/48/379
f 2193/47/379 2197/48/379 2198/48/379
f 2198/48/379 2197/48/379 2199/49/379
f 2198/48/379 2199/49/379 2200/49/379
f 2195/46/380 2191/46/380 2196/47/380
f 2193/47/380 2196/47/380 2191/46/380
f 2197/48/380 2196/47/380 2193/47/380
f 2198/48/380 2197/48/380 2193/47/380
f 2199/49/380 2197/48/380 2198/48/380
f 2200/49/380 2199/49/380 2198/48/380
f 2191/46/588 2201/46/594 2195/46/594
f 2201/46/594 2191/46/588 2192/46/588
f 2195/46/592 2201/46/592 2191/46/589
f 2192/46/589 2191/46/589 2201/46/592
f 2195/46/594 2202/47/593 2196/47/593
f 2202/47/593 2195/46/594 2201/46/594
f 2196/47/591 2202/47/591 2195/46/592
f 2201/46/592 2195/46/592 2202/47/591
f 2203/49/589 2200/49/592 2199/49/589
f 2200/49/592 2203/49/589 2204/49/592
f 2199/49/588 2200/49/594 2203/49/588
f 2204/49/594 2203/49/588 2200/49/594
f 2197/48/590 2202/47/593 2205/48/590
f 2202/47/593 2197/48/590 2196/47/593
f 2205/48/587 2202/47/591 2197/48/587
f 2196/47/591 2197/48/587 2202/47/591
f 2204/49/592 2198/48/591 2200/49/592
f 2198/48/591 2204/49/592 2206/48/591
f 2200/49/594 2198/48/593 2204/49/594
f 2206/48/593 2204/49/594 2198/48/593
f 2193/47/587 2206/48/591 2194/47/587
f 2206/48/591 2193/47/587 2198/48/591
f 2194/47/590 2206/48/593 2193/47/590
f 2198/48/593 2193/47/590 2206/48/593
f 2205/48/590 2199/49/589 2197/48/590
f 2199/49/589 2205/48/590 2203/49/589
f 2197/48/587 2199/49/588 2205/48/587
f 2203/49/588 2205/48/587 2199/49/588
f 2194/47/380 2201/46/380 2192/46/380
f 2201/46/380 2194/47/380 2202/47/380
f 2202/47/380 2194/47/380 2206/48/380
f 2202/47/380 2206/48/380 2205/48/380
f 2205/48/380 2206/48/380 2204/49/380
f 2205/48/380 2204/49/380 2203/49/380
f 2192/46/379 2201/46/379 2194/47/379
f 2202/47/379 2194/47/379 2201/46/379
f 2206/48/379 2194/47/379 2202/47/379
f 2205/48/379 2206/48/379 2202/47/379
f 2204/49/379 2206/48/379 2205/48/379
f 2203/49/379 2204/49/379 2205/48/379
f 2209/50/599 2208/51/601 2207/50/599
f 2208/51/601 2209/50/599 2210/51/601
f 2207/50/600 2208/51/602 2209/50/600
f 2210/51/602 2209/50/600 2208/51/602
f 2213/50/595 2212/52/600 2211/50/595
f 2212/52/600 2213/50/595 2214/52/600
f 2211/50/597 2212/52/599 2213/50/597
f 2214/52/599 2213/50/597 2212/52/599
f 2212/52/600 2216/53/602 2215/53/602
f 2216/53/602 2212/52/600 2214/52/600
f 2215/53/601 2216/53/601 2212/52/599
f 2214/52/599 2212/52/599 2216/53/601
f 2211/50/382 2208/51/382 2217/51/382
f 2208/51/382 2211/50/382 2207/50/382
f 2207/50/382 2211/50/382 2212/52/382
f 2207/50/382 2212/52/382 2218/52/382
f 2218/52/382 2212/52/382 2215/53/382
f 2218/52/382 2215/53/382 2219/53/382
f 2217/51/381 2208/51/381 2211/50/381
f 2207/50/381 2211/50/381 2208/51/381
f 2212/52/381 2211/50/381 2207/50/381
f 2218/52/381 2212/52/381 2207/50/381
f 2215/53/381 2212/52/381 2218/52/381
f 2219/53/381 2215/53/381 2218/52/381
f 2210/51/601 2217/51/596 2208/51/601
f 2217/51/596 2210/51/601 2220/51/596
f 2208/51/602 2217/51/598 2210/51/602
f 2220/51/598 2210/51/602 2217/51/598
f 2209/50/381 2220/51/381 2210/51/381
f 2220/51/381 2209/50/381 2213/50/381
f 2213/50/381 2209/50/381 2221/52/381
f 2213/50/381 2221/52/381 2214/52/381
f 2214/52/381 2221/52/381 2222/53/381
f 2214/52/381 2222/53/381 2216/53/381
f 2210/51/382 2220/51/382 2209/50/382
f 2213/50/382 2209/50/382 2220/51/382
f 2221/52/382 2209/50/382 2213/50/382
f 2214/52/382 2221/52/382 2213/50/382
f 2222/53/382 2221/52/382 2214/52/382
f 2216/53/382 2222/53/382 2214/52/382
f 2215/53/602 2222/53/598 2219/53/598
f 2222/53/598 2215/53/602 2216/53/602
f 2219/53/596 2222/53/596 2215/53/601
f 2216/53/601 2215/53/601 2222/53/596
f 2220/51/596 2211/50/595 2217/51/596
f 2211/50/595 2220/51/596 2213/50/595
f 2217/51/598 2211/50/597 2220/51/598
f 2213/50/597 2220/51/598 2211/50/597
f 2219/53/598 2221/52/597 2218/52/597
f 2221/52/597 2219/53/598 2222/53/598
f 2218/52/595 2221/52/595 2219/53/596
f 2222/53/596 2219/53/596 2221/52/595
f 2221/52/597 2207/50/599 2218/52/597
f 2207/50/599 2221/52/597 2209/50/599
f 2218/52/595 2207/50/600 2221/52/595
f 2209/50/600 2221/52/595 2207/50/600
f 2225/12/336 2224/11/336 2223/12/336
f 2224/11/336 2225/12/336 1312/11/336
f 2223/12/335 2224/11/335 2225/12/335
f 1312/11/335 2225/12/335 2224/11/335
f 2225/12/324 2226/11/324 1312/11/324
f 2226/11/324 2225/12/324 2227/12/324
f 1312/11/323 2226/11/323 2225/12/323
f 2227/12/323 2225/12/323 2226/11/323
f 2228/11/407 2223/12/409 2224/11/409
f 2223/12/409 2228/11/407 2229/12/407
f 2224/11/410 2223/12/410 2228/11/408
f 2229/12/408 2228/11/408 2223/12/410
f 2226/11/404 2231/12/403 2230/11/403
f 2231/12/403 2226/11/404 2227/12/404
f 2230/11/406 2231/12/406 2226/11/405
f 2227/12/405 2226/11/405 2231/12/406
f 2229/12/1 2225/12/1 2223/12/1
f 2225/12/1 2229/12/1 2227/12/1
f 2227/12/1 2229/12/1 2231/12/1
f 2223/12/2 2225/12/2 2229/12/2
f 2227/12/2 2229/12/2 2225/12/2
f 2231/12/2 2229/12/2 2227/12/2
f 2231/12/403 2228/11/407 2230/11/403
f 2228/11/407 2231/12/403 2229/12/407
f 2230/11/406 2228/11/408 2231/12/406
f 2229/12/408 2231/12/406 2228/11/408
f 2234/13/324 2233/11/324 2232/11/324
f 2233/11/324 2234/13/324 2235/13/324
f 2232/11/323 2233/11/323 2234/13/323
f 2235/13/323 2234/13/323 2233/11/323
f 2234/13/336 2237/11/336 2236/13/336
f 2237/11/336 2234/13/336 2232/11/336
f 2236/13/335 2237/11/335 2234/13/335
f 2232/11/335 2234/13/335 2237/11/335
f 2238/13/1 2234/13/1 2236/13/1
f 2234/13/1 2238/13/1 2235/13/1
f 2235/13/1 2238/13/1 2239/13/1
f 2236/13/2 2234/13/2 2238/13/2
f 2235/13/2 2238/13/2 2234/13/2
f 2239/13/2 2238/13/2 2235/13/2
f 2233/11/2 2237/11/2 2232/11/2
f 2237/11/2 2233/11/2 2240/11/2
f 2240/11/2 2233/11/2 2241/11/2
f 2232/11/1 2237/11/1 2233/11/1
f 2240/11/1 2233/11/1 2237/11/1
f 2241/11/1 2233/11/1 2240/11/1
f 2233/11/404 2239/13/403 2241/11/403
f 2239/13/403 2233/11/404 2235/13/404
f 2241/11/406 2239/13/406 2233/11/405
f 2235/13/405 2233/11/405 2239/13/406
f 2239/13/403 2240/11/607 2241/11/403
f 2240/11/607 2239/13/403 2238/13/607
f 2241/11/406 2240/11/608 2239/13/406
f 2238/13/608 2239/13/406 2240/11/608
f 2240/11/607 2236/13/409 2237/11/409
f 2236/13/409 2240/11/607 2238/13/607
f 2237/11/410 2236/13/410 2240/11/608
f 2238/13/608 2240/11/608 2236/13/410
f 2147/12/415 2243/11/415 2242/12/415
f 2243/11/415 2147/12/415 1288/11/415
f 2242/12/416 2243/11/416 2147/12/416
f 1288/11/416 2147/12/416 2243/11/416
f 2147/12/417 2244/11/417 1288/11/417
f 2244/11/417 2147/12/417 2245/12/417
f 1288/11/418 2244/11/418 2147/12/418
f 2245/12/418 2147/12/418 2244/11/418
f 2246/11/388 2242/12/390 2243/11/390
f 2242/12/390 2246/11/388 2247/12/388
f 2243/11/389 2242/12/389 2246/11/387
f 2247/12/387 2246/11/387 2242/12/389
f 2244/11/385 2249/12/386 2248/11/386
f 2249/12/386 2244/11/385 2245/12/385
f 2248/11/383 2249/12/383 2244/11/384
f 2245/12/384 2244/11/384 2249/12/383
f 2247/12/1 2147/12/1 2242/12/1
f 2147/12/1 2247/12/1 2245/12/1
f 2245/12/1 2247/12/1 2249/12/1
f 2242/12/2 2147/12/2 2247/12/2
f 2245/12/2 2247/12/2 2147/12/2
f 2249/12/2 2247/12/2 2245/12/2
f 2249/12/386 2246/11/388 2248/11/386
f 2246/11/388 2249/12/386 2247/12/388
f 2248/11/383 2246/11/387 2249/12/383
f 2247/12/387 2249/12/383 2246/11/387
f 1289/13/417 2251/11/417 2250/11/417
f 2251/11/417 1289/13/417 2252/13/417
f 2250/11/418 2251/11/418 1289/13/418
f 2252/13/418 1289/13/418 2251/11/418
f 1289/13/415 2253/11/415 2172/13/415
f 2253/11/415 1289/13/415 2250/11/415
f 2172/13/416 2253/11/416 1289/13/416
f 2250/11/416 1289/13/416 2253/11/416
f 2254/13/1 1289/13/1 2172/13/1
f 1289/13/1 2254/13/1 2252/13/1
f 2252/13/1 2254/13/1 2255/13/1
f 2172/13/2 1289/13/2 2254/13/2
f 2252/13/2 2254/13/2 1289/13/2
f 2255/13/2 2254/13/2 2252/13/2
f 2251/11/2 2253/11/2 2250/11/2
f 2253/11/2 2251/11/2 2256/11/2
f 2256/11/2 2251/11/2 2257/11/2
f 2250/11/1 2253/11/1 2251/11/1
f 2256/11/1 2251/11/1 2253/11/1
f 2257/11/1 2251/11/1 2256/11/1
f 2251/11/385 2255/13/386 2257/11/386
f 2255/13/386 2251/11/385 2252/13/385
f 2257/11/383 2255/13/383 2251/11/384
f 2252/13/384 2251/11/384 2255/13/383
f 2255/13/386 2256/11/604 2257/11/386
f 2256/11/604 2255/13/386 2254/13/604
f 2257/11/383 2256/11/603 2255/13/383
f 2254/13/603 2255/13/383 2256/11/603
f 2256/11/604 2172/13/390 2253/11/390
f 2172/13/390 2256/11/604 2254/13/604
f 2253/11/389 2172/13/389 2256/11/603
f 2254/13/603 2256/11/603 2172/13/389
f 1224/13/336 2259/11/336 2258/13/336
f 2259/11/336 1224/13/336 2260/11/336
f 2258/13/335 2259/11/335 1224/13/335
f 2260/11/335 1224/13/335 2259/11/335
f 1669/13/609 2261/11/323 1662/11/609
f 2261/11/323 1669/13/609 2262/13/323
f 1662/11/610 2261/11/324 1669/13/610
f 2262/13/324 1669/13/610 2261/11/324
f 1224/13/324 177/11/324 2260/11/324
f 177/11/324 1224/13/324 1191/13/324
f 2260/11/323 177/11/323 1224/13/323
f 1191/13/323 1224/13/323 177/11/323
f 2262/13/323 2259/11/611 2261/11/323
f 2259/11/611 2262/13/323 2258/13/611
f 2261/11/324 2259/11/612 2262/13/324
f 2258/13/612 2262/13/324 2259/11/612
f 177/11/2 2259/11/2 2260/11/2
f 2259/11/2 177/11/2 2261/11/2
f 2261/11/2 177/11/2 1662/11/2
f 2260/11/1 2259/11/1 177/11/1
f 2261/11/1 177/11/1 2259/11/1
f 1662/11/1 177/11/1 2261/11/1
f 2258/13/1 1191/13/1 1224/13/1
f 1191/13/1 2258/13/1 2262/13/1
f 1191/13/1 2262/13/1 1669/13/1
f 1224/13/2 1191/13/2 2258/13/2
f 2262/13/2 2258/13/2 1191/13/2
f 1669/13/2 2262/13/2 1191/13/2
f 177/11/335 1669/13/335 1662/11/335
f 1669/13/335 177/11/335 1191/13/335
f 1662/11/336 1669/13/336 177/11/336
f 1191/13/336 177/11/336 1669/13/336
f 2265/12/419 2264/11/323 2263/11/419
f 2264/11/323 2265/12/419 2266/12/323
f 2263/11/420 2264/11/324 2265/12/420
f 2266/12/324 2265/12/420 2264/11/324
f 2266/12/323 2267/11/421 2264/11/323
f 2267/11/421 2266/12/323 2268/12/421
f 2264/11/324 2267/11/422 2266/12/324
f 2268/12/422 2266/12/324 2267/11/422
f 2269/12/336 2267/11/336 2268/12/336
f 2267/11/336 2269/12/336 2270/11/336
f 2268/12/335 2267/11/335 2269/12/335
f 2270/11/335 2269/12/335 2267/11/335
f 2268/12/1 2271/12/1 2269/12/1
f 2271/12/1 2268/12/1 2266/12/1
f 2271/12/1 2266/12/1 2265/12/1
f 2269/12/2 2271/12/2 2268/12/2
f 2266/12/2 2268/12/2 2271/12/2
f 2265/12/2 2266/12/2 2271/12/2
f 2269/12/324 2272/11/324 2270/11/324
f 2272/11/324 2269/12/324 2271/12/324
f 2270/11/323 2272/11/323 2269/12/323
f 2271/12/323 2269/12/323 2272/11/323
f 2272/11/335 2265/12/335 2263/11/335
f 2265/12/335 2272/11/335 2271/12/335
f 2263/11/336 2265/12/336 2272/11/336
f 2271/12/336 2272/11/336 2265/12/336
f 2275/30/613 2274/30/614 2273/30/613
f 2274/30/614 2275/30/613 2276/30/614
f 2273/30/615 2274/30/616 2275/30/615
f 2276/30/616 2275/30/615 2274/30/616
f 2279/31/615 2278/31/616 2277/31/616
f 2278/31/616 2279/31/615 2280/31/615
f 2277/31/614 2278/31/614 2279/31/613
f 2280/31/613 2279/31/613 2278/31/614
f 2283/32/617 2282/33/618 2281/32/617
f 2282/33/618 2283/32/617 2284/33/618
f 2281/32/619 2282/33/620 2283/32/619
f 2284/33/620 2283/32/619 2282/33/620
f 2287/33/619 2286/32/620 2285/33/619
f 2286/32/620 2287/33/619 2288/32/620
f 2285/33/617 2286/32/618 2287/33/617
f 2288/32/618 2287/33/617 2286/32/618
f 2277/31/616 2283/32/617 2281/32/617
f 2283/32/617 2277/31/616 2278/31/616
f 2281/32/619 2283/32/619 2277/31/614
f 2278/31/614 2277/31/614 2283/32/619
f 2284/33/618 2273/30/613 2282/33/618
f 2273/30/613 2284/33/618 2275/30/613
f 2282/33/620 2273/30/615 2284/33/620
f 2275/30/615 2284/33/620 2273/30/615
f 2285/33/421 2273/30/421 2274/30/421
f 2273/30/421 2285/33/421 2282/33/421
f 2282/33/421 2285/33/421 2286/32/421
f 2282/33/421 2286/32/421 2281/32/421
f 2281/32/421 2286/32/421 2279/31/421
f 2281/32/421 2279/31/421 2277/31/421
f 2274/30/422 2273/30/422 2285/33/422
f 2282/33/422 2285/33/422 2273/30/422
f 2286/32/422 2285/33/422 2282/33/422
f 2281/32/422 2286/32/422 2282/33/422
f 2279/31/422 2286/32/422 2281/32/422
f 2277/31/422 2279/31/422 2281/32/422
f 2284/33/422 2276/30/422 2275/30/422
f 2276/30/422 2284/33/422 2287/33/422
f 2287/33/422 2284/33/422 2283/32/422
f 2287/33/422 2283/32/422 2288/32/422
f 2288/32/422 2283/32/422 2278/31/422
f 2288/32/422 2278/31/422 2280/31/422
f 2275/30/421 2276/30/421 2284/33/421
f 2287/33/421 2284/33/421 2276/30/421
f 2283/32/421 2284/33/421 2287/33/421
f 2288/32/421 2283/32/421 2287/33/421
f 2278/31/421 2283/32/421 2288/32/421
f 2280/31/421 2278/31/421 2288/32/421
f 2276/30/614 2285/33/619 2274/30/614
f 2285/33/619 2276/30/614 2287/33/619
f 2274/30/616 2285/33/617 2276/30/616
f 2287/33/617 2276/30/616 2285/33/617
f 2286/32/620 2280/31/615 2279/31/615
f 2280/31/615 2286/32/620 2288/32/620
f 2279/31/613 2280/31/613 2286/32/618
f 2288/32/618 2286/32/618 2280/31/613
f 2291/34/621 2290/34/622 2289/34/621
f 2290/34/622 2291/34/621 2292/34/622
f 2289/34/623 2290/34/624 2291/34/623
f 2292/34/624 2291/34/623 2290/34/624
f 2295/35/623 2294/35/624 2293/35/624
f 2294/35/624 2295/35/623 2296/35/623
f 2293/35/622 2294/35/622 2295/35/621
f 2296/35/621 2295/35/621 2294/35/622
f 2298/36/625 2289/34/621 2297/36/625
f 2289/34/621 2298/36/625 2291/34/621
f 2297/36/626 2289/34/623 2298/36/626
f 2291/34/623 2298/36/626 2289/34/623
f 2292/34/622 2299/36/627 2290/34/622
f 2299/36/627 2292/34/622 2300/36/627
f 2290/34/624 2299/36/628 2292/34/624
f 2300/36/628 2292/34/624 2299/36/628
f 2297/36/625 2301/37/628 2298/36/625
f 2301/37/628 2297/36/625 2302/37/628
f 2298/36/626 2301/37/627 2297/36/626
f 2302/37/627 2297/36/626 2301/37/627
f 2293/35/624 2301/37/628 2302/37/628
f 2301/37/628 2293/35/624 2294/35/624
f 2302/37/627 2301/37/627 2293/35/622
f 2294/35/622 2293/35/622 2301/37/627
f 2302/37/420 2295/35/420 2293/35/420
f 2295/35/420 2302/37/420 2303/37/420
f 2303/37/420 2302/37/420 2297/36/420
f 2303/37/420 2297/36/420 2299/36/420
f 2299/36/420 2297/36/420 2289/34/420
f 2299/36/420 2289/34/420 2290/34/420
f 2293/35/419 2295/35/419 2302/37/419
f 2303/37/419 2302/37/419 2295/35/419
f 2297/36/419 2302/37/419 2303/37/419
f 2299/36/419 2297/36/419 2303/37/419
f 2289/34/419 2297/36/419 2299/36/419
f 2290/34/419 2289/34/419 2299/36/419
f 2304/37/419 2294/35/419 2296/35/419
f 2294/35/419 2304/37/419 2301/37/419
f 2301/37/419 2304/37/419 2300/36/419
f 2301/37/419 2300/36/419 2298/36/419
f 2298/36/419 2300/36/419 2292/34/419
f 2298/36/419 2292/34/419 2291/34/419
f 2296/35/420 2294/35/420 2304/37/420
f 2301/37/420 2304/37/420 2294/35/420
f 2300/36/420 2304/37/420 2301/37/420
f 2298/36/420 2300/36/420 2301/37/420
f 2292/34/420 2300/36/420 2298/36/420
f 2291/34/420 2292/34/420 2298/36/420
f 2303/37/626 2296/35/623 2295/35/623
f 2296/35/623 2303/37/626 2304/37/626
f 2295/35/621 2296/35/621 2303/37/625
f 2304/37/625 2303/37/625 2296/35/621
f 2303/37/626 2300/36/627 2304/37/626
f 2300/36/627 2303/37/626 2299/36/627
f 2304/37/625 2300/36/628 2303/37/625
f 2299/36/628 2303/37/625 2300/36/628
f 2307/38/613 2306/38/614 2305/38/613
f 2306/38/614 2307/38/613 2308/38/614
f 2305/38/615 2306/38/616 2307/38/615
f 2308/38/616 2307/38/615 2306/38/616
f 2311/39/615 2310/39/616 2309/39/616
f 2310/39/616 2311/39/615 2312/39/615
f 2309/39/614 2310/39/614 2311/39/613
f 2312/39/613 2311/39/613 2310/39/614
f 2309/39/616 2314/40/617 2313/40/617
f 2314/40/617 2309/39/616 2310/39/616
f 2313/40/619 2314/40/619 2309/39/614
f 2310/39/614 2309/39/614 2314/40/619
f 2316/41/618 2305/38/613 2315/41/618
f 2305/38/613 2316/41/618 2307/38/613
f 2315/41/620 2305/38/615 2316/41/620
f 2307/38/615 2316/41/620 2305/38/615
f 2319/41/619 2318/40/620 2317/41/619
f 2318/40/620 2319/41/619 2320/40/620
f 2317/41/617 2318/40/618 2319/41/617
f 2320/40/618 2319/41/617 2318/40/618
f 2314/40/617 2315/41/618 2313/40/617
f 2315/41/618 2314/40/617 2316/41/618
f 2313/40/619 2315/41/620 2314/40/619
f 2316/41/620 2314/40/619 2315/41/620
f 2317/41/421 2305/38/421 2306/38/421
f 2305/38/421 2317/41/421 2315/41/421
f 2315/41/421 2317/41/421 2318/40/421
f 2315/41/421 2318/40/421 2313/40/421
f 2313/40/421 2318/40/421 2311/39/421
f 2313/40/421 2311/39/421 2309/39/421
f 2306/38/422 2305/38/422 2317/41/422
f 2315/41/422 2317/41/422 2305/38/422
f 2318/40/422 2317/41/422 2315/41/422
f 2313/40/422 2318/40/422 2315/41/422
f 2311/39/422 2318/40/422 2313/40/422
f 2309/39/422 2311/39/422 2313/40/422
f 2308/38/614 2317/41/619 2306/38/614
f 2317/41/619 2308/38/614 2319/41/619
f 2306/38/616 2317/41/617 2308/38/616
f 2319/41/617 2308/38/616 2317/41/617
f 2316/41/422 2308/38/422 2307/38/422
f 2308/38/422 2316/41/422 2319/41/422
f 2319/41/422 2316/41/422 2314/40/422
f 2319/41/422 2314/40/422 2320/40/422
f 2320/40/422 2314/40/422 2310/39/422
f 2320/40/422 2310/39/422 2312/39/422
f 2307/38/421 2308/38/421 2316/41/421
f 2319/41/421 2316/41/421 2308/38/421
f 2314/40/421 2316/41/421 2319/41/421
f 2320/40/421 2314/40/421 2319/41/421
f 2310/39/421 2314/40/421 2320/40/421
f 2312/39/421 2310/39/421 2320/40/421
f 2318/40/620 2312/39/615 2311/39/615
f 2312/39/615 2318/40/620 2320/40/620
f 2311/39/613 2312/39/613 2318/40/618
f 2320/40/618 2318/40/618 2312/39/613
f 1234/13/368 2322/11/368 2321/13/368
f 2322/11/368 1234/13/368 2323/11/368
f 2321/13/367 2322/11/367 1234/13/367
f 2323/11/367 1234/13/367 2322/11/367
f 1459/13/551 2324/11/355 1452/11/551
f 2324/11/355 1459/13/551 2325/13/355
f 1452/11/552 2324/11/356 1459/13/552
f 2325/13/356 1459/13/552 2324/11/356
f 1234/13/356 89/11/356 2323/11/356
f 89/11/356 1234/13/356 1151/13/356
f 2323/11/355 89/11/355 1234/13/355
f 1151/13/355 1234/13/355 89/11/355
f 2325/13/355 2322/11/553 2324/11/355
f 2322/11/553 2325/13/355 2321/13/553
f 2324/11/356 2322/11/554 2325/13/356
f 2321/13/554 2325/13/356 2322/11/554
f 89/11/2 2322/11/2 2323/11/2
f 2322/11/2 89/11/2 2324/11/2
f 2324/11/2 89/11/2 1452/11/2
f 2323/11/1 2322/11/1 89/11/1
f 2324/11/1 89/11/1 2322/11/1
f 1452/11/1 89/11/1 2324/11/1
f 2321/13/1 1151/13/1 1234/13/1
f 1151/13/1 2321/13/1 2325/13/1
f 1151/13/1 2325/13/1 1459/13/1
f 1234/13/2 1151/13/2 2321/13/2
f 2325/13/2 2321/13/2 1151/13/2
f 1459/13/2 2325/13/2 1151/13/2
f 89/11/367 1459/13/367 1452/11/367
f 1459/13/367 89/11/367 1151/13/367
f 1452/11/368 1459/13/368 89/11/368
f 1151/13/368 89/11/368 1459/13/368
f 2328/12/375 2327/11/355 2326/11/375
f 2327/11/355 2328/12/375 2329/12/355
f 2326/11/376 2327/11/356 2328/12/376
f 2329/12/356 2328/12/376 2327/11/356
f 2329/12/355 2330/11/377 2327/11/355
f 2330/11/377 2329/12/355 2331/12/377
f 2327/11/356 2330/11/378 2329/12/356
f 2331/12/378 2329/12/356 2330/11/378
f 2332/12/368 2330/11/368 2331/12/368
f 2330/11/368 2332/12/368 2333/11/368
f 2331/12/367 2330/11/367 2332/12/367
f 2333/11/367 2332/12/367 2330/11/367
f 2331/12/1 2334/12/1 2332/12/1
f 2334/12/1 2331/12/1 2329/12/1
f 2334/12/1 2329/12/1 2328/12/1
f 2332/12/2 2334/12/2 2331/12/2
f 2329/12/2 2331/12/2 2334/12/2
f 2328/12/2 2329/12/2 2334/12/2
f 2332/12/356 2335/11/356 2333/11/356
f 2335/11/356 2332/12/356 2334/12/356
f 2333/11/355 2335/11/355 2332/12/355
f 2334/12/355 2332/12/355 2335/11/355
f 2335/11/367 2328/12/367 2326/11/367
f 2328/12/367 2335/11/367 2334/12/367
f 2326/11/368 2328/12/368 2335/11/368
f 2334/12/368 2335/11/368 2328/12/368
f 2338/30/555 2337/30/556 2336/30/555
f 2337/30/556 2338/30/555 2339/30/556
f 2336/30/557 2337/30/558 2338/30/557
f 2339/30/558 2338/30/557 2337/30/558
f 2342/31/557 2341/31/558 2340/31/558
f 2341/31/558 2342/31/557 2343/31/557
f 2340/31/556 2341/31/556 2342/31/555
f 2343/31/555 2342/31/555 2341/31/556
f 2346/32/559 2345/33/560 2344/32/559
f 2345/33/560 2346/32/559 2347/33/560
f 2344/32/561 2345/33/562 2346/32/561
f 2347/33/562 2346/32/561 2345/33/562
f 2350/33/561 2349/32/562 2348/33/561
f 2349/32/562 2350/33/561 2351/32/562
f 2348/33/559 2349/32/560 2350/33/559
f 2351/32/560 2350/33/559 2349/32/560
f 2340/31/558 2346/32/559 2344/32/559
f 2346/32/559 2340/31/558 2341/31/558
f 2344/32/561 2346/32/561 2340/31/556
f 2341/31/556 2340/31/556 2346/32/561
f 2347/33/560 2336/30/555 2345/33/560
f 2336/30/555 2347/33/560 2338/30/555
f 2345/33/562 2336/30/557 2347/33/562
f 2338/30/557 2347/33/562 2336/30/557
f 2348/33/377 2336/30/377 2337/30/377
f 2336/30/377 2348/33/377 2345/33/377
f 2345/33/377 2348/33/377 2349/32/377
f 2345/33/377 2349/32/377 2344/32/377
f 2344/32/377 2349/32/377 2342/31/377
f 2344/32/377 2342/31/377 2340/31/377
f 2337/30/378 2336/30/378 2348/33/378
f 2345/33/378 2348/33/378 2336/30/378
f 2349/32/378 2348/33/378 2345/33/378
f 2344/32/378 2349/32/378 2345/33/378
f 2342/31/378 2349/32/378 2344/32/378
f 2340/31/378 2342/31/378 2344/32/378
f 2347/33/378 2339/30/378 2338/30/378
f 2339/30/378 2347/33/378 2350/33/378
f 2350/33/378 2347/33/378 2346/32/378
f 2350/33/378 2346/32/378 2351/32/378
f 2351/32/378 2346/32/378 2341/31/378
f 2351/32/378 2341/31/378 2343/31/378
f 2338/30/377 2339/30/377 2347/33/377
f 2350/33/377 2347/33/377 2339/30/377
f 2346/32/377 2347/33/377 2350/33/377
f 2351/32/377 2346/32/377 2350/33/377
f 2341/31/377 2346/32/377 2351/32/377
f 2343/31/377 2341/31/377 2351/32/377
f 2339/30/556 2348/33/561 2337/30/556
f 2348/33/561 2339/30/556 2350/33/561
f 2337/30/558 2348/33/559 2339/30/558
f 2350/33/559 2339/30/558 2348/33/559
f 2349/32/562 2343/31/557 2342/31/557
f 2343/31/557 2349/32/562 2351/32/562
f 2342/31/555 2343/31/555 2349/32/560
f 2351/32/560 2349/32/560 2343/31/555
f 2354/34/563 2353/34/564 2352/34/563
f 2353/34/564 2354/34/563 2355/34/564
f 2352/34/565 2353/34/566 2354/34/565
f 2355/34/566 2354/34/565 2353/34/566
f 2358/35/565 2357/35/566 2356/35/566
f 2357/35/566 2358/35/565 2359/35/565
f 2356/35/564 2357/35/564 2358/35/563
f 2359/35/563 2358/35/563 2357/35/564
f 2361/36/567 2352/34/563 2360/36/567
f 2352/34/563 2361/36/567 2354/34/563
f 2360/36/568 2352/34/565 2361/36/568
f 2354/34/565 2361/36/568 2352/34/565
f 2355/34/564 2362/36/569 2353/34/564
f 2362/36/569 2355/34/564 2363/36/569
f 2353/34/566 2362/36/570 2355/34/566
f 2363/36/570 2355/34/566 2362/36/570
f 2360/36/567 2364/37/570 2361/36/567
f 2364/37/570 2360/36/567 2365/37/570
f 2361/36/568 2364/37/569 2360/36/568
f 2365/37/569 2360/36/568 2364/37/569
f 2356/35/566 2364/37/570 2365/37/570
f 2364/37/570 2356/35/566 2357/35/566
f 2365/37/569 2364/37/569 2356/35/564
f 2357/35/564 2356/35/564 2364/37/569
f 2365/37/376 2358/35/376 2356/35/376
f 2358/35/376 2365/37/376 2366/37/376
f 2366/37/376 2365/37/376 2360/36/376
f 2366/37/376 2360/36/376 2362/36/376
f 2362/36/376 2360/36/376 2352/34/376
f 2362/36/376 2352/34/376 2353/34/376
f 2356/35/375 2358/35/375 2365/37/375
f 2366/37/375 2365/37/375 2358/35/375
f 2360/36/375 2365/37/375 2366/37/375
f 2362/36/375 2360/36/375 2366/37/375
f 2352/34/375 2360/36/375 2362/36/375
f 2353/34/375 2352/34/375 2362/36/375
f 2367/37/375 2357/35/375 2359/35/375
f 2357/35/375 2367/37/375 2364/37/375
f 2364/37/375 2367/37/375 2363/36/375
f 2364/37/375 2363/36/375 2361/36/375
f 2361/36/375 2363/36/375 2355/34/375
f 2361/36/375 2355/34/375 2354/34/375
f 2359/35/376 2357/35/376 2367/37/376
f 2364/37/376 2367/37/376 2357/35/376
f 2363/36/376 2367/37/376 2364/37/376
f 2361/36/376 2363/36/376 2364/37/376
f 2355/34/376 2363/36/376 2361/36/376
f 2354/34/376 2355/34/376 2361/36/376
f 2366/37/568 2359/35/565 2358/35/565
f 2359/35/565 2366/37/568 2367/37/568
f 2358/35/563 2359/35/563 2366/37/567
f 2367/37/567 2366/37/567 2359/35/563
f 2366/37/568 2363/36/569 2367/37/568
f 2363/36/569 2366/37/568 2362/36/569
f 2367/37/567 2363/36/570 2366/37/567
f 2362/36/570 2366/37/567 2363/36/570
f 2370/38/555 2369/38/556 2368/38/555
f 2369/38/556 2370/38/555 2371/38/556
f 2368/38/557 2369/38/558 2370/38/557
f 2371/38/558 2370/38/557 2369/38/558
f 2374/39/557 2373/39/558 2372/39/558
f 2373/39/558 2374/39/557 2375/39/557
f 2372/39/556 2373/39/556 2374/39/555
f 2375/39/555 2374/39/555 2373/39/556
f 2372/39/558 2377/40/559 2376/40/559
f 2377/40/559 2372/39/558 2373/39/558
f 2376/40/561 2377/40/561 2372/39/556
f 2373/39/556 2372/39/556 2377/40/561
f 2379/41/560 2368/38/555 2378/41/560
f 2368/38/555 2379/41/560 2370/38/555
f 2378/41/562 2368/38/557 2379/41/562
f 2370/38/557 2379/41/562 2368/38/557
f 2382/41/561 2381/40/562 2380/41/561
f 2381/40/562 2382/41/561 2383/40/562
f 2380/41/559 2381/40/560 2382/41/559
f 2383/40/560 2382/41/559 2381/40/560
f 2377/40/559 2378/41/560 2376/40/559
f 2378/41/560 2377/40/559 2379/41/560
f 2376/40/561 2378/41/562 2377/40/561
f 2379/41/562 2377/40/561 2378/41/562
f 2380/41/377 2368/38/377 2369/38/377
f 2368/38/377 2380/41/377 2378/41/377
f 2378/41/377 2380/41/377 2381/40/377
f 2378/41/377 2381/40/377 2376/40/377
f 2376/40/377 2381/40/377 2374/39/377
f 2376/40/377 2374/39/377 2372/39/377
f 2369/38/378 2368/38/378 2380/41/378
f 2378/41/378 2380/41/378 2368/38/378
f 2381/40/378 2380/41/378 2378/41/378
f 2376/40/378 2381/40/378 2378/41/378
f 2374/39/378 2381/40/378 2376/40/378
f 2372/39/378 2374/39/378 2376/40/378
f 2371/38/556 2380/41/561 2369/38/556
f 2380/41/561 2371/38/556 2382/41/561
f 2369/38/558 2380/41/559 2371/38/558
f 2382/41/559 2371/38/558 2380/41/559
f 2379/41/378 2371/38/378 2370/38/378
f 2371/38/378 2379/41/378 2382/41/378
f 2382/41/378 2379/41/378 2377/40/378
f 2382/41/378 2377/40/378 2383/40/378
f 2383/40/378 2377/40/378 2373/39/378
f 2383/40/378 2373/39/378 2375/39/378
f 2370/38/377 2371/38/377 2379/41/377
f 2382/41/377 2379/41/377 2371/38/377
f 2377/40/377 2379/41/377 2382/41/377
f 2383/40/377 2377/40/377 2382/41/377
f 2373/39/377 2377/40/377 2383/40/377
f 2375/39/377 2373/39/377 2383/40/377
f 2381/40/562 2375/39/557 2374/39/557
f 2375/39/557 2381/40/562 2383/40/562
f 2374/39/555 2375/39/555 2381/40/560
f 2383/40/560 2381/40/560 2375/39/555
f 1136/13/336 1353/11/336 1358/13/336
f 1353/11/336 1136/13/336 48/11/336
f 1358/13/335 1353/11/335 1136/13/335
f 48/11/335 1136/13/335 1353/11/335
f 2386/13/609 2385/11/323 2384/11/609
f 2385/11/323 2386/13/609 2387/13/323
f 2384/11/610 2385/11/324 2386/13/610
f 2387/13/324 2386/13/610 2385/11/324
f 1136/13/324 2388/11/324 48/11/324
f 2388/11/324 1136/13/324 1314/13/324
f 48/11/323 2388/11/323 1136/13/323
f 1314/13/323 1136/13/323 2388/11/323
f 2387/13/323 1353/11/611 2385/11/323
f 1353/11/611 2387/13/323 1358/13/611
f 2385/11/324 1353/11/612 2387/13/324
f 1358/13/612 2387/13/324 1353/11/612
f 2388/11/2 1353/11/2 48/11/2
f 1353/11/2 2388/11/2 2385/11/2
f 2385/11/2 2388/11/2 2384/11/2
f 48/11/1 1353/11/1 2388/11/1
f 2385/11/1 2388/11/1 1353/11/1
f 2384/11/1 2388/11/1 2385/11/1
f 1358/13/1 1314/13/1 1136/13/1
f 1314/13/1 1358/13/1 2387/13/1
f 1314/13/1 2387/13/1 2386/13/1
f 1136/13/2 1314/13/2 1358/13/2
f 2387/13/2 1358/13/2 1314/13/2
f 2386/13/2 2387/13/2 1314/13/2
f 2388/11/335 2386/13/335 2384/11/335
f 2386/13/335 2388/11/335 1314/13/335
f 2384/11/336 2386/13/336 2388/11/336
f 1314/13/336 2388/11/336 2386/13/336
f 2391/12/419 2390/11/323 2389/11/419
f 2390/11/323 2391/12/419 2392/12/323
f 2389/11/420 2390/11/324 2391/12/420
f 2392/12/324 2391/12/420 2390/11/324
f 2392/12/323 2393/11/421 2390/11/323
f 2393/11/421 2392/12/323 2394/12/421
f 2390/11/324 2393/11/422 2392/12/324
f 2394/12/422 2392/12/324 2393/11/422
f 2395/12/336 2393/11/336 2394/12/336
f 2393/11/336 2395/12/336 2396/11/336
f 2394/12/335 2393/11/335 2395/12/335
f 2396/11/335 2395/12/335 2393/11/335
f 2394/12/1 2397/12/1 2395/12/1
f 2397/12/1 2394/12/1 2392/12/1
f 2397/12/1 2392/12/1 2391/12/1
f 2395/12/2 2397/12/2 2394/12/2
f 2392/12/2 2394/12/2 2397/12/2
f 2391/12/2 2392/12/2 2397/12/2
f 2395/12/324 2398/11/324 2396/11/324
f 2398/11/324 2395/12/324 2397/12/324
f 2396/11/323 2398/11/323 2395/12/323
f 2397/12/323 2395/12/323 2398/11/323
f 2398/11/335 2391/12/335 2389/11/335
f 2391/12/335 2398/11/335 2397/12/335
f 2389/11/336 2391/12/336 2398/11/336
f 2397/12/336 2398/11/336 2391/12/336
f 2401/30/613 2400/30/614 2399/30/613
f 2400/30/614 2401/30/613 2402/30/614
f 2399/30/615 2400/30/616 2401/30/615
f 2402/30/616 2401/30/615 2400/30/616
f 2405/31/615 2404/31/616 2403/31/616
f 2404/31/616 2405/31/615 2406/31/615
f 2403/31/614 2404/31/614 2405/31/613
f 2406/31/613 2405/31/613 2404/31/614
f 2409/32/617 2408/33/618 2407/32/617
f 2408/33/618 2409/32/617 2410/33/618
f 2407/32/619 2408/33/620 2409/32/619
f 2410/33/620 2409/32/619 2408/33/620
f 2413/33/619 2412/32/620 2411/33/619
f 2412/32/620 2413/33/619 2414/32/620
f 2411/33/617 2412/32/618 2413/33/617
f 2414/32/618 2413/33/617 2412/32/618
f 2403/31/616 2409/32/617 2407/32/617
f 2409/32/617 2403/31/616 2404/31/616
f 2407/32/619 2409/32/619 2403/31/614
f 2404/31/614 2403/31/614 2409/32/619
f 2410/33/618 2399/30/613 2408/33/618
f 2399/30/613 2410/33/618 2401/30/613
f 2408/33/620 2399/30/615 2410/33/620
f 2401/30/615 2410/33/620 2399/30/615
f 2411/33/421 2399/30/421 2400/30/421
f 2399/30/421 2411/33/421 2408/33/421
f 2408/33/421 2411/33/421 2412/32/421
f 2408/33/421 2412/32/421 2407/32/421
f 2407/32/421 2412/32/421 2405/31/421
f 2407/32/421 2405/31/421 2403/31/421
f 2400/30/422 2399/30/422 2411/33/422
f 2408/33/422 2411/33/422 2399/30/422
f 2412/32/422 2411/33/422 2408/33/422
f 2407/32/422 2412/32/422 2408/33/422
f 2405/31/422 2412/32/422 2407/32/422
f 2403/31/422 2405/31/422 2407/32/422
f 2410/33/422 2402/30/422 2401/30/422
f 2402/30/422 2410/33/422 2413/33/422
f 2413/33/422 2410/33/422 2409/32/422
f 2413/33/422 2409/32/422 2414/32/422
f 2414/32/422 2409/32/422 2404/31/422
f 2414/32/422 2404/31/422 2406/31/422
f 2401/30/421 2402/30/421 2410/33/421
f 2413/33/421 2410/33/421 2402/30/421
f 2409/32/421 2410/33/421 2413/33/421
f 2414/32/421 2409/32/421 2413/33/421
f 2404/31/421 2409/32/421 2414/32/421
f 2406/31/421 2404/31/421 2414/32/421
f 2402/30/614 2411/33/619 2400/30/614
f 2411/33/619 2402/30/614 2413/33/619
f 2400/30/616 2411/33/617 2402/30/616
f 2413/33/617 2402/30/616 2411/33/617
f 2412/32/620 2406/31/615 2405/31/615
f 2406/31/615 2412/32/620 2414/32/620
f 2405/31/613 2406/31/613 2412/32/618
f 2414/32/618 2412/32/618 2406/31/613
f 2417/34/621 2416/34/622 2415/34/621
f 2416/34/622 2417/34/621 2418/34/622
f 2415/34/623 2416/34/624 2417/34/623
f 2418/34/624 2417/34/623 2416/34/624
f 2421/35/623 2420/35/624 2419/35/624
f 2420/35/624 2421/35/623 2422/35/623
f 2419/35/622 2420/35/622 2421/35/621
f 2422/35/621 2421/35/621 2420/35/622
f 2424/36/625 2415/34/621 2423/36/625
f 2415/34/621 2424/36/625 2417/34/621
f 2423/36/626 2415/34/623 2424/36/626
f 2417/34/623 2424/36/626 2415/34/623
f 2418/34/622 2425/36/627 2416/34/622
f 2425/36/627 2418/34/622 2426/36/627
f 2416/34/624 2425/36/628 2418/34/624
f 2426/36/628 2418/34/624 2425/36/628
f 2423/36/625 2427/37/628 2424/36/625
f 2427/37/628 2423/36/625 2428/37/628
f 2424/36/626 2427/37/627 2423/36/626
f 2428/37/627 2423/36/626 2427/37/627
f 2419/35/624 2427/37/628 2428/37/628
f 2427/37/628 2419/35/624 2420/35/624
f 2428/37/627 2427/37/627 2419/35/622
f 2420/35/622 2419/35/622 2427/37/627
f 2428/37/420 2421/35/420 2419/35/420
f 2421/35/420 2428/37/420 2429/37/420
f 2429/37/420 2428/37/420 2423/36/420
f 2429/37/420 2423/36/420 2425/36/420
f 2425/36/420 2423/36/420 2415/34/420
f 2425/36/420 2415/34/420 2416/34/420
f 2419/35/419 2421/35/419 2428/37/419
f 2429/37/419 2428/37/419 2421/35/419
f 2423/36/419 2428/37/419 2429/37/419
f 2425/36/419 2423/36/419 2429/37/419
f 2415/34/419 2423/36/419 2425/36/419
f 2416/34/419 2415/34/419 2425/36/419
f 2430/37/419 2420/35/419 2422/35/419
f 2420/35/419 2430/37/419 2427/37/419
f 2427/37/419 2430/37/419 2426/36/419
f 2427/37/419 2426/36/419 2424/36/419
f 2424/36/419 2426/36/419 2418/34/419
f 2424/36/419 2418/34/419 2417/34/419
f 2422/35/420 2420/35/420 2430/37/420
f 2427/37/420 2430/37/420 2420/35/420
f 2426/36/420 2430/37/420 2427/37/420
f 2424/36/420 2426/36/420 2427/37/420
f 2418/34/420 2426/36/420 2424/36/420
f 2417/34/420 2418/34/420 2424/36/420
f 2429/37/626 2422/35/623 2421/35/623
f 2422/35/623 2429/37/626 2430/37/626
f 2421/35/621 2422/35/621 2429/37/625
f 2430/37/625 2429/37/625 2422/35/621
f 2429/37/626 2426/36/627 2430/37/626
f 2426/36/627 2429/37/626 2425/36/627
f 2430/37/625 2426/36/628 2429/37/625
f 2425/36/628 2429/37/625 2426/36/628
f 2433/38/613 2432/38/614 2431/38/613
f 2432/38/614 2433/38/613 2434/38/614
f 2431/38/615 2432/38/616 2433/38/615
f 2434/38/616 2433/38/615 2432/38/616
f 2437/39/615 2436/39/616 2435/39/616
f 2436/39/616 2437/39/615 2438/39/615
f 2435/39/614 2436/39/614 2437/39/613
f 2438/39/613 2437/39/613 2436/39/614
f 2435/39/616 2440/40/617 2439/40/617
f 2440/40/617 2435/39/616 2436/39/616
f 2439/40/619 2440/40/619 2435/39/614
f 2436/39/614 2435/39/614 2440/40/619
f 2442/41/618 2431/38/613 2441/41/618
f 2431/38/613 2442/41/618 2433/38/613
f 2441/41/620 2431/38/615 2442/41/620
f 2433/38/615 2442/41/620 2431/38/615
f 2445/41/619 2444/40/620 2443/41/619
f 2444/40/620 2445/41/619 2446/40/620
f 2443/41/617 2444/40/618 2445/41/617
f 2446/40/618 2445/41/617 2444/40/618
f 2440/40/617 2441/41/618 2439/40/617
f 2441/41/618 2440/40/617 2442/41/618
f 2439/40/619 2441/41/620 2440/40/619
f 2442/41/620 2440/40/619 2441/41/620
f 2443/41/421 2431/38/421 2432/38/421
f 2431/38/421 2443/41/421 2441/41/421
f 2441/41/421 2443/41/421 2444/40/421
f 2441/41/421 2444/40/421 2439/40/421
f 2439/40/421 2444/40/421 2437/39/421
f 2439/40/421 2437/39/421 2435/39/421
f 2432/38/422 2431/38/422 2443/41/422
f 2441/41/422 2443/41/422 2431/38/422
f 2444/40/422 2443/41/422 2441/41/422
f 2439/40/422 2444/40/422 2441/41/422
f 2437/39/422 2444/40/422 2439/40/422
f 2435/39/422 2437/39/422 2439/40/422
f 2434/38/614 2443/41/619 2432/38/614
f 2443/41/619 2434/38/614 2445/41/619
f 2432/38/616 2443/41/617 2434/38/616
f 2445/41/617 2434/38/616 2443/41/617
f 2442/41/422 2434/38/422 2433/38/422
f 2434/38/422 2442/41/422 2445/41/422
f 2445/41/422 2442/41/422 2440/40/422
f 2445/41/422 2440/40/422 2446/40/422
f 2446/40/422 2440/40/422 2436/39/422
f 2446/40/422 2436/39/422 2438/39/422
f 2433/38/421 2434/38/421 2442/41/421
f 2445/41/421 2442/41/421 2434/38/421
f 2440/40/421 2442/41/421 2445/41/421
f 2446/40/421 2440/40/421 2445/41/421
f 2436/39/421 2440/40/421 2446/40/421
f 2438/39/421 2436/39/421 2446/40/421
f 2444/40/620 2438/39/615 2437/39/615
f 2438/39/615 2444/40/620 2446/40/620
f 2437/39/613 2438/39/613 2444/40/618
f 2446/40/618 2444/40/618 2438/39/613
f 1316/12/1 1317/12/1 1318/12/1
f 1317/12/1 1316/12/1 1319/12/1
f 1317/12/1 1319/12/1 1320/12/1
f 1320/12/1 1319/12/1 1321/12/1
f 1320/12/1 1321/12/1 1322/12/1
f 1322/12/1 1321/12/1 1323/12/1
f 1318/12/374 1324/11/427 1316/12/427
f 1324/11/427 1318/12/374 1325/11/374
f 1319/12/371 1324/11/428 1326/11/371
f 1324/11/428 1319/12/371 1316/12/428
f 1321/12/429 1326/11/371 1327/11/429
f 1326/11/371 1321/12/429 1319/12/371
f 1328/11/373 1321/12/430 1327/11/430
f 1321/12/430 1328/11/373 1323/12/373
f 1329/11/423 1323/12/373 1328/11/373
f 1323/12/373 1329/11/423 1322/12/423
f 1320/12/372 1329/11/424 1330/11/372
f 1329/11/424 1320/12/372 1322/12/424
f 1317/12/425 1330/11/372 1331/11/425
f 1330/11/372 1317/12/425 1320/12/372
f 1317/12/426 1325/11/374 1318/12/374
f 1325/11/374 1317/12/426 1331/11/426
f 2449/54/629 2448/54/629 2447/54/629
f 2448/54/629 2449/54/629 2450/54/629
f 2450/54/629 2449/54/629 2451/54/629
f 2450/54/629 2451/54/629 2452/54/629
f 2452/54/629 2451/54/629 2453/54/629
f 2452/54/629 2453/54/629 2454/54/629
f 2447/54/630 2448/54/630 2449/54/630
f 2450/54/630 2449/54/630 2448/54/630
f 2451/54/630 2449/54/630 2450/54/630
f 2452/54/630 2451/54/630 2450/54/630
f 2453/54/630 2451/54/630 2452/54/630
f 2454/54/630 2453/54/630 2452/54/630
f 2457/55/630 2456/55/630 2455/55/630
f 2456/55/630 2457/55/630 2458/55/630
f 2456/55/630 2458/55/630 2459/55/630
f 2459/55/630 2458/55/630 2460/55/630
f 2459/55/630 2460/55/630 2461/55/630
f 2461/55/630 2460/55/630 2462/55/630
f 2455/55/629 2456/55/629 2457/55/629
f 2458/55/629 2457/55/629 2456/55/629
f 2459/55/629 2458/55/629 2456/55/629
f 2460/55/629 2458/55/629 2459/55/629
f 2461/55/629 2460/55/629 2459/55/629
f 2462/55/629 2460/55/629 2461/55/629
f 2455/55/632 2448/54/631 2457/55/631
f 2448/54/631 2455/55/632 2447/54/632
f 2457/55/634 2448/54/634 2455/55/633
f 2447/54/633 2455/55/633 2448/54/634
f 2458/55/329 2448/54/635 2450/54/329
f 2448/54/635 2458/55/329 2457/55/635
f 2450/54/330 2448/54/636 2458/55/330
f 2457/55/636 2458/55/330 2448/54/636
f 2460/55/637 2450/54/329 2452/54/637
f 2450/54/329 2460/55/637 2458/55/329
f 2452/54/638 2450/54/330 2460/55/638
f 2458/55/330 2460/55/638 2450/54/330
f 2454/54/633 2460/55/639 2452/54/639
f 2460/55/639 2454/54/633 2462/55/633
f 2452/54/640 2460/55/640 2454/54/632
f 2462/55/632 2454/54/632 2460/55/640
f 2453/54/634 2462/55/633 2454/54/633
f 2462/55/633 2453/54/634 2461/55/634
f 2454/54/632 2462/55/632 2453/54/631
f 2461/55/631 2453/54/631 2462/55/632
f 2459/55/330 2453/54/636 2451/54/330
f 2453/54/636 2459/55/330 2461/55/636
f 2451/54/329 2453/54/635 2459/55/329
f 2461/55/635 2459/55/329 2453/54/635
f 2456/55/638 2451/54/330 2449/54/638
f 2451/54/330 2456/55/638 2459/55/330
f 2449/54/637 2451/54/329 2456/55/637
f 2459/55/329 2456/55/637 2451/54/329
f 2456/55/640 2447/54/632 2455/55/632
f 2447/54/632 2456/55/640 2449/54/640
f 2455/55/633 2447/54/633 2456/55/639
f 2449/54/639 2456/55/639 2447/54/633
f 2465/55/630 2464/55/630 2463/55/630
f 2464/55/630 2465/55/630 2466/55/630
f 2464/55/630 2466/55/630 2467/55/630
f 2467/55/630 2466/55/630 2468/55/630
f 2468/55/630 2466/55/630 2469/55/630
f 2468/55/630 2469/55/630 2470/55/630
f 2463/55/629 2464/55/629 2465/55/629
f 2466/55/629 2465/55/629 2464/55/629
f 2467/55/629 2466/55/629 2464/55/629
f 2468/55/629 2466/55/629 2467/55/629
f 2469/55/629 2466/55/629 2468/55/629
f 2470/55/629 2469/55/629 2468/55/629
f 2463/55/632 2471/54/631 2465/55/631
f 2471/54/631 2463/55/632 2472/54/632
f 2465/55/634 2471/54/634 2463/55/633
f 2472/54/633 2463/55/633 2471/54/634
f 2466/55/329 2471/54/635 2473/54/329
f 2471/54/635 2466/55/329 2465/55/635
f 2473/54/330 2471/54/636 2466/55/330
f 2465/55/636 2466/55/330 2471/54/636
f 2469/55/637 2473/54/329 2474/54/637
f 2473/54/329 2469/55/637 2466/55/329
f 2474/54/638 2473/54/330 2469/55/638
f 2466/55/330 2469/55/638 2473/54/330
f 2475/54/633 2469/55/639 2474/54/639
f 2469/55/639 2475/54/633 2470/55/633
f 2474/54/640 2469/55/640 2475/54/632
f 2470/55/632 2475/54/632 2469/55/640
f 2476/54/634 2470/55/633 2475/54/633
f 2470/55/633 2476/54/634 2468/55/634
f 2475/54/632 2470/55/632 2476/54/631
f 2468/55/631 2476/54/631 2470/55/632
f 2467/55/330 2476/54/636 2477/54/330
f 2476/54/636 2467/55/330 2468/55/636
f 2477/54/329 2476/54/635 2467/55/329
f 2468/55/635 2467/55/329 2476/54/635
f 2464/55/638 2477/54/330 2478/54/638
f 2477/54/330 2464/55/638 2467/55/330
f 2478/54/637 2477/54/329 2464/55/637
f 2467/55/329 2464/55/637 2477/54/329
f 2464/55/640 2472/54/632 2463/55/632
f 2472/54/632 2464/55/640 2478/54/640
f 2463/55/633 2472/54/633 2464/55/639
f 2478/54/639 2464/55/639 2472/54/633
f 2481/57/641 2480/56/642 2479/56/641
f 2480/56/642 2481/57/641 2482/57/642
f 2479/56/643 2480/56/644 2481/57/643
f 2482/57/644 2481/57/643 2480/56/644
f 2485/56/645 2484/57/646 2483/57/645
f 2484/57/646 2485/56/645 2486/56/646
f 2483/57/647 2484/57/648 2485/56/647
f 2486/56/648 2485/56/647 2484/57/648
f 2488/57/649 2479/56/641 2487/56/649
f 2479/56/641 2488/57/649 2481/57/641
f 2487/56/650 2479/56/643 2488/57/650
f 2481/57/643 2488/57/650 2479/56/643
f 2491/57/651 2490/56/652 2489/56/651
f 2490/56/652 2491/57/651 2492/57/652
f 2489/56/653 2490/56/654 2491/57/653
f 2492/57/654 2491/57/653 2490/56/654
f 2491/57/651 2480/56/655 2482/57/655
f 2480/56/655 2491/57/651 2489/56/651
f 2482/57/656 2480/56/656 2491/57/653
f 2489/56/653 2491/57/653 2480/56/656
f 2494/57/657 2486/56/658 2493/56/657
f 2486/56/658 2494/57/657 2484/57/658
f 2493/56/659 2486/56/660 2494/57/659
f 2484/57/660 2494/57/659 2486/56/660
f 2492/57/661 2493/56/657 2490/56/661
f 2493/56/657 2492/57/661 2494/57/657
f 2490/56/662 2493/56/659 2492/57/662
f 2494/57/659 2492/57/662 2493/56/659
f 2487/56/663 2483/57/645 2488/57/663
f 2483/57/645 2487/56/663 2485/56/645
f 2488/57/664 2483/57/647 2487/56/664
f 2485/56/647 2487/56/664 2483/57/647
f 2497/54/2 2496/54/2 2495/54/2
f 2496/54/2 2497/54/2 2498/54/2
f 2498/54/2 2497/54/2 2499/54/2
f 2498/54/2 2499/54/2 2500/54/2
f 2500/54/2 2499/54/2 2501/54/2
f 2500/54/2 2501/54/2 2502/54/2
f 2495/54/1 2496/54/1 2497/54/1
f 2498/54/1 2497/54/1 2496/54/1
f 2499/54/1 2497/54/1 2498/54/1
f 2500/54/1 2499/54/1 2498/54/1
f 2501/54/1 2499/54/1 2500/54/1
f 2502/54/1 2501/54/1 2500/54/1
f 2505/55/1 2504/55/1 2503/55/1
f 2504/55/1 2505/55/1 2506/55/1
f 2504/55/1 2506/55/1 2507/55/1
f 2507/55/1 2506/55/1 2508/55/1
f 2507/55/1 2508/55/1 2509/55/1
f 2509/55/1 2508/55/1 2510/55/1
f 2503/55/2 2504/55/2 2505/55/2
f 2506/55/2 2505/55/2 2504/55/2
f 2507/55/2 2506/55/2 2504/55/2
f 2508/55/2 2506/55/2 2507/55/2
f 2509/55/2 2508/55/2 2507/55/2
f 2510/55/2 2508/55/2 2509/55/2
f 2503/55/666 2496/54/665 2505/55/665
f 2496/54/665 2503/55/666 2495/54/666
f 2505/55/668 2496/54/668 2503/55/667
f 2495/54/667 2503/55/667 2496/54/668
f 2506/55/669 2496/54/670 2498/54/669
f 2496/54/670 2506/55/669 2505/55/670
f 2498/54/671 2496/54/672 2506/55/671
f 2505/55/672 2506/55/671 2496/54/672
f 2508/55/673 2498/54/669 2500/54/673
f 2498/54/669 2508/55/673 2506/55/669
f 2500/54/674 2498/54/671 2508/55/674
f 2506/55/671 2508/55/674 2498/54/671
f 2502/54/667 2508/55/675 2500/54/675
f 2508/55/675 2502/54/667 2510/55/667
f 2500/54/676 2508/55/676 2502/54/666
f 2510/55/666 2502/54/666 2508/55/676
f 2501/54/668 2510/55/667 2502/54/667
f 2510/55/667 2501/54/668 2509/55/668
f 2502/54/666 2510/55/666 2501/54/665
f 2509/55/665 2501/54/665 2510/55/666
f 2507/55/671 2501/54/672 2499/54/671
f 2501/54/672 2507/55/671 2509/55/672
f 2499/54/669 2501/54/670 2507/55/669
f 2509/55/670 2507/55/669 2501/54/670
f 2504/55/674 2499/54/671 2497/54/674
f 2499/54/671 2504/55/674 2507/55/671
f 2497/54/673 2499/54/669 2504/55/673
f 2507/55/669 2504/55/673 2499/54/669
f 2504/55/676 2495/54/666 2503/55/666
f 2495/54/666 2504/55/676 2497/54/676
f 2503/55/667 2495/54/667 2504/55/675
f 2497/54/675 2504/55/675 2495/54/667
f 2513/55/1 2512/55/1 2511/55/1
f 2512/55/1 2513/55/1 2514/55/1
f 2512/55/1 2514/55/1 2515/55/1
f 2515/55/1 2514/55/1 2516/55/1
f 2516/55/1 2514/55/1 2517/55/1
f 2516/55/1 2517/55/1 2518/55/1
f 2511/55/2 2512/55/2 2513/55/2
f 2514/55/2 2513/55/2 2512/55/2
f 2515/55/2 2514/55/2 2512/55/2
f 2516/55/2 2514/55/2 2515/55/2
f 2517/55/2 2514/55/2 2516/55/2
f 2518/55/2 2517/55/2 2516/55/2
f 2511/55/666 2519/54/665 2513/55/665
f 2519/54/665 2511/55/666 2520/54/666
f 2513/55/668 2519/54/668 2511/55/667
f 2520/54/667 2511/55/667 2519/54/668
f 2514/55/669 2519/54/670 2521/54/669
f 2519/54/670 2514/55/669 2513/55/670
f 2521/54/671 2519/54/672 2514/55/671
f 2513/55/672 2514/55/671 2519/54/672
f 2517/55/673 2521/54/669 2522/54/673
f 2521/54/669 2517/55/673 2514/55/669
f 2522/54/674 2521/54/671 2517/55/674
f 2514/55/671 2517/55/674 2521/54/671
f 2523/54/667 2517/55/675 2522/54/675
f 2517/55/675 2523/54/667 2518/55/667
f 2522/54/676 2517/55/676 2523/54/666
f 2518/55/666 2523/54/666 2517/55/676
f 2524/54/668 2518/55/667 2523/54/667
f 2518/55/667 2524/54/668 2516/55/668
f 2523/54/666 2518/55/666 2524/54/665
f 2516/55/665 2524/54/665 2518/55/666
f 2515/55/671 2524/54/672 2525/54/671
f 2524/54/672 2515/55/671 2516/55/672
f 2525/54/669 2524/54/670 2515/55/669
f 2516/55/670 2515/55/669 2524/54/670
f 2512/55/674 2525/54/671 2526/54/674
f 2525/54/671 2512/55/674 2515/55/671
f 2526/54/673 2525/54/669 2512/55/673
f 2515/55/669 2512/55/673 2525/54/669
f 2512/55/676 2520/54/666 2511/55/666
f 2520/54/666 2512/55/676 2526/54/676
f 2511/55/667 2520/54/667 2512/55/675
f 2526/54/675 2512/55/675 2520/54/667
f 2529/57/677 2528/56/678 2527/56/677
f 2528/56/678 2529/57/677 2530/57/678
f 2527/56/679 2528/56/680 2529/57/679
f 2530/57/680 2529/57/679 2528/56/680
f 2533/56/681 2532/57/682 2531/57/681
f 2532/57/682 2533/56/681 2534/56/682
f 2531/57/683 2532/57/684 2533/56/683
f 2534/56/684 2533/56/683 2532/57/684
f 2536/57/685 2527/56/677 2535/56/685
f 2527/56/677 2536/57/685 2529/57/677
f 2535/56/686 2527/56/679 2536/57/686
f 2529/57/679 2536/57/686 2527/56/679
f 2539/57/687 2538/56/688 2537/56/687
f 2538/56/688 2539/57/687 2540/57/688
f 2537/56/689 2538/56/690 2539/57/689
f 2540/57/690 2539/57/689 2538/56/690
f 2539/57/687 2528/56/691 2530/57/691
f 2528/56/691 2539/57/687 2537/56/687
f 2530/57/692 2528/56/692 2539/57/689
f 2537/56/689 2539/57/689 2528/56/692
f 2542/57/693 2534/56/694 2541/56/693
f 2534/56/694 2542/57/693 2532/57/694
f 2541/56/695 2534/56/696 2542/57/695
f 2532/57/696 2542/57/695 2534/56/696
f 2540/57/697 2541/56/693 2538/56/697
f 2541/56/693 2540/57/697 2542/57/693
f 2538/56/698 2541/56/695 2540/57/698
f 2542/57/695 2540/57/698 2541/56/695
f 2535/56/699 2531/57/681 2536/57/699
f 2531/57/681 2535/56/699 2533/56/681
f 2536/57/700 2531/57/683 2535/56/700
f 2533/56/683 2535/56/700 2531/57/683
f 2545/54/629 2544/54/629 2543/54/629
f 2544/54/629 2545/54/629 2546/54/629
f 2546/54/629 2545/54/629 2547/54/629
f 2546/54/629 2547/54/629 2548/54/629
f 2548/54/629 2547/54/629 2549/54/629
f 2548/54/629 2549/54/629 2550/54/629
f 2543/54/630 2544/54/630 2545/54/630
f 2546/54/630 2545/54/630 2544/54/630
f 2547/54/630 2545/54/630 2546/54/630
f 2548/54/630 2547/54/630 2546/54/630
f 2549/54/630 2547/54/630 2548/54/630
f 2550/54/630 2549/54/630 2548/54/630
f 2553/55/630 2552/55/630 2551/55/630
f 2552/55/630 2553/55/630 2554/55/630
f 2552/55/630 2554/55/630 2555/55/630
f 2555/55/630 2554/55/630 2556/55/630
f 2555/55/630 2556/55/630 2557/55/630
f 2557/55/630 2556/55/630 2558/55/630
f 2551/55/629 2552/55/629 2553/55/629
f 2554/55/629 2553/55/629 2552/55/629
f 2555/55/629 2554/55/629 2552/55/629
f 2556/55/629 2554/55/629 2555/55/629
f 2557/55/629 2556/55/629 2555/55/629
f 2558/55/629 2556/55/629 2557/55/629
f 2551/55/702 2544/54/701 2553/55/701
f 2544/54/701 2551/55/702 2543/54/702
f 2553/55/704 2544/54/704 2551/55/703
f 2543/54/703 2551/55/703 2544/54/704
f 2554/55/705 2544/54/706 2546/54/705
f 2544/54/706 2554/55/705 2553/55/706
f 2546/54/707 2544/54/708 2554/55/707
f 2553/55/708 2554/55/707 2544/54/708
f 2556/55/709 2546/54/705 2548/54/709
f 2546/54/705 2556/55/709 2554/55/705
f 2548/54/710 2546/54/707 2556/55/710
f 2554/55/707 2556/55/710 2546/54/707
f 2550/54/703 2556/55/711 2548/54/711
f 2556/55/711 2550/54/703 2558/55/703
f 2548/54/712 2556/55/712 2550/54/702
f 2558/55/702 2550/54/702 2556/55/712
f 2549/54/704 2558/55/703 2550/54/703
f 2558/55/703 2549/54/704 2557/55/704
f 2550/54/702 2558/55/702 2549/54/701
f 2557/55/701 2549/54/701 2558/55/702
f 2555/55/707 2549/54/708 2547/54/707
f 2549/54/708 2555/55/707 2557/55/708
f 2547/54/705 2549/54/706 2555/55/705
f 2557/55/706 2555/55/705 2549/54/706
f 2552/55/710 2547/54/707 2545/54/710
f 2547/54/707 2552/55/710 2555/55/707
f 2545/54/709 2547/54/705 2552/55/709
f 2555/55/705 2552/55/709 2547/54/705
f 2552/55/712 2543/54/702 2551/55/702
f 2543/54/702 2552/55/712 2545/54/712
f 2551/55/703 2543/54/703 2552/55/711
f 2545/54/711 2552/55/711 2543/54/703
f 2561/55/630 2560/55/630 2559/55/630
f 2560/55/630 2561/55/630 2562/55/630
f 2560/55/630 2562/55/630 2563/55/630
f 2563/55/630 2562/55/630 2564/55/630
f 2564/55/630 2562/55/630 2565/55/630
f 2564/55/630 2565/55/630 2566/55/630
f 2559/55/629 2560/55/629 2561/55/629
f 2562/55/629 2561/55/629 2560/55/629
f 2563/55/629 2562/55/629 2560/55/629
f 2564/55/629 2562/55/629 2563/55/629
f 2565/55/629 2562/55/629 2564/55/629
f 2566/55/629 2565/55/629 2564/55/629
f 2559/55/702 2567/54/701 2561/55/701
f 2567/54/701 2559/55/702 2568/54/702
f 2561/55/704 2567/54/704 2559/55/703
f 2568/54/703 2559/55/703 2567/54/704
f 2562/55/705 2567/54/706 2569/54/705
f 2567/54/706 2562/55/705 2561/55/706
f 2569/54/707 2567/54/708 2562/55/707
f 2561/55/708 2562/55/707 2567/54/708
f 2565/55/709 2569/54/705 2570/54/709
f 2569/54/705 2565/55/709 2562/55/705
f 2570/54/710 2569/54/707 2565/55/710
f 2562/55/707 2565/55/710 2569/54/707
f 2571/54/703 2565/55/711 2570/54/711
f 2565/55/711 2571/54/703 2566/55/703
f 2570/54/712 2565/55/712 2571/54/702
f 2566/55/702 2571/54/702 2565/55/712
f 2572/54/704 2566/55/703 2571/54/703
f 2566/55/703 2572/54/704 2564/55/704
f 2571/54/702 2566/55/702 2572/54/701
f 2564/55/701 2572/54/701 2566/55/702
f 2563/55/707 2572/54/708 2573/54/707
f 2572/54/708 2563/55/707 2564/55/708
f 2573/54/705 2572/54/706 2563/55/705
f 2564/55/706 2563/55/705 2572/54/706
f 2560/55/710 2573/54/707 2574/54/710
f 2573/54/707 2560/55/710 2563/55/707
f 2574/54/709 2573/54/705 2560/55/709
f 2563/55/705 2560/55/709 2573/54/705
f 2560/55/712 2568/54/702 2559/55/702
f 2568/54/702 2560/55/712 2574/54/712
f 2559/55/703 2568/54/703 2560/55/711
f 2574/54/711 2560/55/711 2568/54/703
f 2577/57/713 2576/56/714 2575/56/713
f 2576/56/714 2577/57/713 2578/57/714
f 2575/56/715 2576/56/716 2577/57/715
f 2578/57/716 2577/57/715 2576/56/716
f 2581/56/717 2580/57/718 2579/57/717
f 2580/57/718 2581/56/717 2582/56/718
f 2579/57/719 2580/57/720 2581/56/719
f 2582/56/720 2581/56/719 2580/57/720
f 2584/57/721 2575/56/713 2583/56/721
f 2575/56/713 2584/57/721 2577/57/713
f 2583/56/722 2575/56/715 2584/57/722
f 2577/57/715 2584/57/722 2575/56/715
f 2587/57/723 2586/56/724 2585/56/723
f 2586/56/724 2587/57/723 2588/57/724
f 2585/56/725 2586/56/726 2587/57/725
f 2588/57/726 2587/57/725 2586/56/726
f 2587/57/723 2576/56/727 2578/57/727
f 2576/56/727 2587/57/723 2585/56/723
f 2578/57/728 2576/56/728 2587/57/725
f 2585/56/725 2587/57/725 2576/56/728
f 2590/57/729 2582/56/730 2589/56/729
f 2582/56/730 2590/57/729 2580/57/730
f 2589/56/731 2582/56/732 2590/57/731
f 2580/57/732 2590/57/731 2582/56/732
f 2588/57/733 2589/56/729 2586/56/733
f 2589/56/729 2588/57/733 2590/57/729
f 2586/56/734 2589/56/731 2588/57/734
f 2590/57/731 2588/57/734 2589/56/731
f 2583/56/735 2579/57/717 2584/57/735
f 2579/57/717 2583/56/735 2581/56/717
f 2584/57/736 2579/57/719 2583/56/736
f 2581/56/719 2583/56/736 2579/57/719
f 2593/54/2 2592/54/2 2591/54/2
f 2592/54/2 2593/54/2 2594/54/2
f 2594/54/2 2593/54/2 2595/54/2
f 2594/54/2 2595/54/2 2596/54/2
f 2596/54/2 2595/54/2 2597/54/2
f 2596/54/2 2597/54/2 2598/54/2
f 2591/54/1 2592/54/1 2593/54/1
f 2594/54/1 2593/54/1 2592/54/1
f 2595/54/1 2593/54/1 2594/54/1
f 2596/54/1 2595/54/1 2594/54/1
f 2597/54/1 2595/54/1 2596/54/1
f 2598/54/1 2597/54/1 2596/54/1
f 2601/55/1 2600/55/1 2599/55/1
f 2600/55/1 2601/55/1 2602/55/1
f 2600/55/1 2602/55/1 2603/55/1
f 2603/55/1 2602/55/1 2604/55/1
f 2603/55/1 2604/55/1 2605/55/1
f 2605/55/1 2604/55/1 2606/55/1
f 2599/55/2 2600/55/2 2601/55/2
f 2602/55/2 2601/55/2 2600/55/2
f 2603/55/2 2602/55/2 2600/55/2
f 2604/55/2 2602/55/2 2603/55/2
f 2605/55/2 2604/55/2 2603/55/2
f 2606/55/2 2604/55/2 2605/55/2
f 2599/55/667 2592/54/668 2601/55/668
f 2592/54/668 2599/55/667 2591/54/667
f 2601/55/665 2592/54/665 2599/55/666
f 2591/54/666 2599/55/666 2592/54/665
f 2602/55/671 2592/54/672 2594/54/671
f 2592/54/672 2602/55/671 2601/55/672
f 2594/54/669 2592/54/670 2602/55/669
f 2601/55/670 2602/55/669 2592/54/670
f 2604/55/674 2594/54/671 2596/54/674
f 2594/54/671 2604/55/674 2602/55/671
f 2596/54/673 2594/54/669 2604/55/673
f 2602/55/669 2604/55/673 2594/54/669
f 2598/54/666 2604/55/676 2596/54/676
f 2604/55/676 2598/54/666 2606/55/666
f 2596/54/675 2604/55/675 2598/54/667
f 2606/55/667 2598/54/667 2604/55/675
f 2597/54/665 2606/55/666 2598/54/666
f 2606/55/666 2597/54/665 2605/55/665
f 2598/54/667 2606/55/667 2597/54/668
f 2605/55/668 2597/54/668 2606/55/667
f 2603/55/669 2597/54/670 2595/54/669
f 2597/54/670 2603/55/669 2605/55/670
f 2595/54/671 2597/54/672 2603/55/671
f 2605/55/672 2603/55/671 2597/54/672
f 2600/55/673 2595/54/669 2593/54/673
f 2595/54/669 2600/55/673 2603/55/669
f 2593/54/674 2595/54/671 2600/55/674
f 2603/55/671 2600/55/674 2595/54/671
f 2600/55/675 2591/54/667 2599/55/667
f 2591/54/667 2600/55/675 2593/54/675
f 2599/55/666 2591/54/666 2600/55/676
f 2593/54/676 2600/55/676 2591/54/666
f 2609/55/1 2608/55/1 2607/55/1
f 2608/55/1 2609/55/1 2610/55/1
f 2608/55/1 2610/55/1 2611/55/1
f 2611/55/1 2610/55/1 2612/55/1
f 2612/55/1 2610/55/1 2613/55/1
f 2612/55/1 2613/55/1 2614/55/1
f 2607/55/2 2608/55/2 2609/55/2
f 2610/55/2 2609/55/2 2608/55/2
f 2611/55/2 2610/55/2 2608/55/2
f 2612/55/2 2610/55/2 2611/55/2
f 2613/55/2 2610/55/2 2612/55/2
f 2614/55/2 2613/55/2 2612/55/2
f 2607/55/667 2615/54/668 2609/55/668
f 2615/54/668 2607/55/667 2616/54/667
f 2609/55/665 2615/54/665 2607/55/666
f 2616/54/666 2607/55/666 2615/54/665
f 2610/55/671 2615/54/672 2617/54/671
f 2615/54/672 2610/55/671 2609/55/672
f 2617/54/669 2615/54/670 2610/55/669
f 2609/55/670 2610/55/669 2615/54/670
f 2613/55/674 2617/54/671 2618/54/674
f 2617/54/671 2613/55/674 2610/55/671
f 2618/54/673 2617/54/669 2613/55/673
f 2610/55/669 2613/55/673 2617/54/669
f 2619/54/666 2613/55/676 2618/54/676
f 2613/55/676 2619/54/666 2614/55/666
f 2618/54/675 2613/55/675 2619/54/667
f 2614/55/667 2619/54/667 2613/55/675
f 2620/54/665 2614/55/666 2619/54/666
f 2614/55/666 2620/54/665 2612/55/665
f 2619/54/667 2614/55/667 2620/54/668
f 2612/55/668 2620/54/668 2614/55/667
f 2611/55/669 2620/54/670 2621/54/669
f 2620/54/670 2611/55/669 2612/55/670
f 2621/54/671 2620/54/672 2611/55/671
f 2612/55/672 2611/55/671 2620/54/672
f 2608/55/673 2621/54/669 2622/54/673
f 2621/54/669 2608/55/673 2611/55/669
f 2622/54/674 2621/54/671 2608/55/674
f 2611/55/671 2608/55/674 2621/54/671
f 2608/55/675 2616/54/667 2607/55/667
f 2616/54/667 2608/55/675 2622/54/675
f 2607/55/666 2616/54/666 2608/55/676
f 2622/54/676 2608/55/676 2616/54/666
f 2625/57/693 2624/56/694 2623/56/693
f 2624/56/694 2625/57/693 2626/57/694
f 2623/56/695 2624/56/696 2625/57/695
f 2626/57/696 2625/57/695 2624/56/696
f 2629/56/687 2628/57/691 2627/57/687
f 2628/57/691 2629/56/687 2630/56/691
f 2627/57/689 2628/57/692 2629/56/689
f 2630/56/692 2629/56/689 2628/57/692
f 2632/57/697 2623/56/693 2631/56/697
f 2623/56/693 2632/57/697 2625/57/693
f 2631/56/698 2623/56/695 2632/57/698
f 2625/57/695 2632/57/698 2623/56/695
f 2635/57/681 2634/56/699 2633/56/681
f 2634/56/699 2635/57/681 2636/57/699
f 2633/56/683 2634/56/700 2635/57/683
f 2636/57/700 2635/57/683 2634/56/700
f 2635/57/681 2624/56/682 2626/57/682
f 2624/56/682 2635/57/681 2633/56/681
f 2626/57/684 2624/56/684 2635/57/683
f 2633/56/683 2635/57/683 2624/56/684
f 2638/57/677 2630/56/678 2637/56/677
f 2630/56/678 2638/57/677 2628/57/678
f 2637/56/679 2630/56/680 2638/57/679
f 2628/57/680 2638/57/679 2630/56/680
f 2636/57/685 2637/56/677 2634/56/685
f 2637/56/677 2636/57/685 2638/57/677
f 2634/56/686 2637/56/679 2636/57/686
f 2638/57/679 2636/57/686 2637/56/679
f 2631/56/688 2627/57/687 2632/57/688
f 2627/57/687 2631/56/688 2629/56/687
f 2632/57/690 2627/57/689 2631/56/690
f 2629/56/689 2631/56/690 2627/57/689
f 2641/55/372 2640/54/424 2639/54/372
f 2640/54/424 2641/55/372 2642/55/424
f 2639/54/371 2640/54/428 2641/55/371
f 2642/55/428 2641/55/371 2640/54/428
f 2645/55/429 2644/54/371 2643/54/429
f 2644/54/371 2645/55/429 2646/55/371
f 2643/54/425 2644/54/372 2645/55/425
f 2646/55/372 2645/55/425 2644/54/372
f 2648/55/425 2639/54/372 2647/54/425
f 2639/54/372 2648/55/425 2641/55/372
f 2647/54/429 2639/54/371 2648/55/429
f 2641/55/371 2648/55/429 2639/54/371
f 2648/55/426 2650/54/374 2649/55/374
f 2650/54/374 2648/55/426 2647/54/426
f 2649/55/373 2650/54/373 2648/55/430
f 2647/54/430 2648/55/430 2650/54/373
f 2651/55/1 2648/55/1 2649/55/1
f 2648/55/1 2651/55/1 2646/55/1
f 2648/55/1 2646/55/1 2641/55/1
f 2641/55/1 2646/55/1 2645/55/1
f 2641/55/1 2645/55/1 2642/55/1
f 2642/55/1 2645/55/1 2652/55/1
f 2649/55/2 2648/55/2 2651/55/2
f 2646/55/2 2651/55/2 2648/55/2
f 2641/55/2 2646/55/2 2648/55/2
f 2645/55/2 2646/55/2 2641/55/2
f 2642/55/2 2645/55/2 2641/55/2
f 2652/55/2 2645/55/2 2642/55/2
f 2653/54/373 2645/55/430 2643/54/430
f 2645/55/430 2653/54/373 2652/55/373
f 2643/54/426 2645/55/426 2653/54/374
f 2652/55/374 2653/54/374 2645/55/426
f 2640/54/423 2652/55/373 2653/54/373
f 2652/55/373 2640/54/423 2642/55/423
f 2653/54/374 2652/55/374 2640/54/427
f 2642/55/427 2640/54/427 2652/55/374
f 2649/55/374 2654/54/427 2651/55/427
f 2654/54/427 2649/55/374 2650/54/374
f 2651/55/423 2654/54/423 2649/55/373
f 2650/54/373 2649/55/373 2654/54/423
f 2646/55/371 2654/54/428 2644/54/371
f 2654/54/428 2646/55/371 2651/55/428
f 2644/54/372 2654/54/424 2646/55/372
f 2651/55/424 2646/55/372 2654/54/424
f 2657/55/374 2656/54/427 2655/55/427
f 2656/54/427 2657/55/374 2658/54/374
f 2655/55/423 2656/54/423 2657/55/373
f 2658/54/373 2657/55/373 2656/54/423
f 2661/55/372 2660/54/424 2659/54/372
f 2660/54/424 2661/55/372 2662/55/424
f 2659/54/371 2660/54/428 2661/55/371
f 2662/55/428 2661/55/371 2660/54/428
f 2664/55/425 2659/54/372 2663/54/425
f 2659/54/372 2664/55/425 2661/55/372
f 2663/54/429 2659/54/371 2664/55/429
f 2661/55/371 2664/55/429 2659/54/371
f 2666/55/371 2656/54/428 2665/54/371
f 2656/54/428 2666/55/371 2655/55/428
f 2665/54/372 2656/54/424 2666/55/372
f 2655/55/424 2666/55/372 2656/54/424
f 2668/55/429 2665/54/371 2667/54/429
f 2665/54/371 2668/55/429 2666/55/371
f 2667/54/425 2665/54/372 2668/55/425
f 2666/55/372 2668/55/425 2665/54/372
f 2669/54/373 2668/55/430 2667/54/430
f 2668/55/430 2669/54/373 2670/55/373
f 2667/54/426 2668/55/426 2669/54/374
f 2670/55/374 2669/54/374 2668/55/426
f 2660/54/423 2670/55/373 2669/54/373
f 2670/55/373 2660/54/423 2662/55/423
f 2669/54/374 2670/55/374 2660/54/427
f 2662/55/427 2660/54/427 2670/55/374
f 2655/55/1 2664/55/1 2657/55/1
f 2664/55/1 2655/55/1 2661/55/1
f 2661/55/1 2655/55/1 2666/55/1
f 2661/55/1 2666/55/1 2662/55/1
f 2662/55/1 2666/55/1 2668/55/1
f 2662/55/1 2668/55/1 2670/55/1
f 2657/55/2 2664/55/2 2655/55/2
f 2661/55/2 2655/55/2 2664/55/2
f 2666/55/2 2655/55/2 2661/55/2
f 2662/55/2 2666/55/2 2661/55/2
f 2668/55/2 2666/55/2 2662/55/2
f 2670/55/2 2668/55/2 2662/55/2
f 2663/54/2 2656/54/2 2658/54/2
f 2656/54/2 2663/54/2 2659/54/2
f 2656/54/2 2659/54/2 2665/54/2
f 2665/54/2 2659/54/2 2660/54/2
f 2665/54/2 2660/54/2 2667/54/2
f 2667/54/2 2660/54/2 2669/54/2
f 2658/54/1 2656/54/1 2663/54/1
f 2659/54/1 2663/54/1 2656/54/1
f 2665/54/1 2659/54/1 2656/54/1
f 2660/54/1 2659/54/1 2665/54/1
f 2667/54/1 2660/54/1 2665/54/1
f 2669/54/1 2660/54/1 2667/54/1
f 2664/55/426 2658/54/374 2657/55/374
f 2658/54/374 2664/55/426 2663/54/426
f 2657/55/373 2658/54/373 2664/55/430
f 2663/54/430 2664/55/430 2658/54/373
f 2673/56/737 2672/57/738 2671/57/737
f 2672/57/738 2673/56/737 2674/56/738
f 2671/57/739 2672/57/740 2673/56/739
f 2674/56/740 2673/56/739 2672/57/740
f 2676/56/741 2671/57/737 2675/57/741
f 2671/57/737 2676/56/741 2673/56/737
f 2675/57/742 2671/57/739 2676/56/742
f 2673/56/739 2676/56/742 2671/57/739
f 2679/57/743 2678/56/744 2677/56/743
f 2678/56/744 2679/57/743 2680/57/744
f 2677/56/745 2678/56/746 2679/57/745
f 2680/57/746 2679/57/745 2678/56/746
f 2683/57/747 2682/56/748 2681/56/747
f 2682/56/748 2683/57/747 2684/57/748
f 2681/56/749 2682/56/750 2683/57/749
f 2684/57/750 2683/57/749 2682/56/750
f 2685/57/752 2678/56/751 2680/57/751
f 2678/56/751 2685/57/752 2686/56/752
f 2680/57/754 2678/56/754 2685/57/753
f 2686/56/753 2685/57/753 2678/56/754
f 2683/57/755 2686/56/752 2685/57/752
f 2686/56/752 2683/57/755 2681/56/755
f 2685/57/753 2686/56/753 2683/57/756
f 2681/56/756 2683/57/756 2686/56/753
f 2675/57/757 2677/56/743 2676/56/757
f 2677/56/743 2675/57/757 2679/57/743
f 2676/56/758 2677/56/745 2675/57/758
f 2679/57/745 2675/57/758 2677/56/745
f 2684/57/748 2674/56/759 2682/56/748
f 2674/56/759 2684/57/748 2672/57/759
f 2682/56/750 2674/56/760 2684/57/750
f 2672/57/760 2684/57/750 2674/56/760
f 2689/55/372 2688/54/424 2687/54/372
f 2688/54/424 2689/55/372 2690/55/424
f 2687/54/371 2688/54/428 2689/55/371
f 2690/55/428 2689/55/371 2688/54/428
f 2693/55/429 2692/54/371 2691/54/429
f 2692/54/371 2693/55/429 2694/55/371
f 2691/54/425 2692/54/372 2693/55/425
f 2694/55/372 2693/55/425 2692/54/372
f 2696/55/425 2687/54/372 2695/54/425
f 2687/54/372 2696/55/425 2689/55/372
f 2695/54/429 2687/54/371 2696/55/429
f 2689/55/371 2696/55/429 2687/54/371
f 2696/55/426 2698/54/374 2697/55/374
f 2698/54/374 2696/55/426 2695/54/426
f 2697/55/373 2698/54/373 2696/55/430
f 2695/54/430 2696/55/430 2698/54/373
f 2699/55/1 2696/55/1 2697/55/1
f 2696/55/1 2699/55/1 2694/55/1
f 2696/55/1 2694/55/1 2689/55/1
f 2689/55/1 2694/55/1 2693/55/1
f 2689/55/1 2693/55/1 2690/55/1
f 2690/55/1 2693/55/1 2700/55/1
f 2697/55/2 2696/55/2 2699/55/2
f 2694/55/2 2699/55/2 2696/55/2
f 2689/55/2 2694/55/2 2696/55/2
f 2693/55/2 2694/55/2 2689/55/2
f 2690/55/2 2693/55/2 2689/55/2
f 2700/55/2 2693/55/2 2690/55/2
f 2701/54/373 2693/55/430 2691/54/430
f 2693/55/430 2701/54/373 2700/55/373
f 2691/54/426 2693/55/426 2701/54/374
f 2700/55/374 2701/54/374 2693/55/426
f 2688/54/423 2700/55/373 2701/54/373
f 2700/55/373 2688/54/423 2690/55/423
f 2701/54/374 2700/55/374 2688/54/427
f 2690/55/427 2688/54/427 2700/55/374
f 2697/55/374 2702/54/427 2699/55/427
f 2702/54/427 2697/55/374 2698/54/374
f 2699/55/423 2702/54/423 2697/55/373
f 2698/54/373 2697/55/373 2702/54/423
f 2694/55/371 2702/54/428 2692/54/371
f 2702/54/428 2694/55/371 2699/55/428
f 2692/54/372 2702/54/424 2694/55/372
f 2699/55/424 2694/55/372 2702/54/424
f 2705/55/374 2704/54/427 2703/55/427
f 2704/54/427 2705/55/374 2706/54/374
f 2703/55/423 2704/54/423 2705/55/373
f 2706/54/373 2705/55/373 2704/54/423
f 2709/55/372 2708/54/424 2707/54/372
f 2708/54/424 2709/55/372 2710/55/424
f 2707/54/371 2708/54/428 2709/55/371
f 2710/55/428 2709/55/371 2708/54/428
f 2712/55/425 2707/54/372 2711/54/425
f 2707/54/372 2712/55/425 2709/55/372
f 2711/54/429 2707/54/371 2712/55/429
f 2709/55/371 2712/55/429 2707/54/371
f 2714/55/371 2704/54/428 2713/54/371
f 2704/54/428 2714/55/371 2703/55/428
f 2713/54/372 2704/54/424 2714/55/372
f 2703/55/424 2714/55/372 2704/54/424
f 2716/55/429 2713/54/371 2715/54/429
f 2713/54/371 2716/55/429 2714/55/371
f 2715/54/425 2713/54/372 2716/55/425
f 2714/55/372 2716/55/425 2713/54/372
f 2717/54/373 2716/55/430 2715/54/430
f 2716/55/430 2717/54/373 2718/55/373
f 2715/54/426 2716/55/426 2717/54/374
f 2718/55/374 2717/54/374 2716/55/426
f 2708/54/423 2718/55/373 2717/54/373
f 2718/55/373 2708/54/423 2710/55/423
f 2717/54/374 2718/55/374 2708/54/427
f 2710/55/427 2708/54/427 2718/55/374
f 2703/55/1 2712/55/1 2705/55/1
f 2712/55/1 2703/55/1 2709/55/1
f 2709/55/1 2703/55/1 2714/55/1
f 2709/55/1 2714/55/1 2710/55/1
f 2710/55/1 2714/55/1 2716/55/1
f 2710/55/1 2716/55/1 2718/55/1
f 2705/55/2 2712/55/2 2703/55/2
f 2709/55/2 2703/55/2 2712/55/2
f 2714/55/2 2703/55/2 2709/55/2
f 2710/55/2 2714/55/2 2709/55/2
f 2716/55/2 2714/55/2 2710/55/2
f 2718/55/2 2716/55/2 2710/55/2
f 2711/54/2 2704/54/2 2706/54/2
f 2704/54/2 2711/54/2 2707/54/2
f 2704/54/2 2707/54/2 2713/54/2
f 2713/54/2 2707/54/2 2708/54/2
f 2713/54/2 2708/54/2 2715/54/2
f 2715/54/2 2708/54/2 2717/54/2
f 2706/54/1 2704/54/1 2711/54/1
f 2707/54/1 2711/54/1 2704/54/1
f 2713/54/1 2707/54/1 2704/54/1
f 2708/54/1 2707/54/1 2713/54/1
f 2715/54/1 2708/54/1 2713/54/1
f 2717/54/1 2708/54/1 2715/54/1
f 2712/55/426 2706/54/374 2705/55/374
f 2706/54/374 2712/55/426 2711/54/426
f 2705/55/373 2706/54/373 2712/55/430
f 2711/54/430 2712/55/430 2706/54/373
f 2721/56/737 2720/57/738 2719/57/737
f 2720/57/738 2721/56/737 2722/56/738
f 2719/57/739 2720/57/740 2721/56/739
f 2722/56/740 2721/56/739 2720/57/740
f 2724/56/741 2719/57/737 2723/57/741
f 2719/57/737 2724/56/741 2721/56/737
f 2723/57/742 2719/57/739 2724/56/742
f 2721/56/739 2724/56/742 2719/57/739
f 2727/57/743 2726/56/744 2725/56/743
f 2726/56/744 2727/57/743 2728/57/744
f 2725/56/745 2726/56/746 2727/57/745
f 2728/57/746 2727/57/745 2726/56/746
f 2731/57/747 2730/56/748 2729/56/747
f 2730/56/748 2731/57/747 2732/57/748
f 2729/56/749 2730/56/750 2731/57/749
f 2732/57/750 2731/57/749 2730/56/750
f 2733/57/752 2726/56/751 2728/57/751
f 2726/56/751 2733/57/752 2734/56/752
f 2728/57/754 2726/56/754 2733/57/753
f 2734/56/753 2733/57/753 2726/56/754
f 2731/57/755 2734/56/752 2733/57/752
f 2734/56/752 2731/57/755 2729/56/755
f 2733/57/753 2734/56/753 2731/57/756
f 2729/56/756 2731/57/756 2734/56/753
f 2723/57/757 2725/56/743 2724/56/757
f 2725/56/743 2723/57/757 2727/57/743
f 2724/56/758 2725/56/745 2723/57/758
f 2727/57/745 2723/57/758 2725/56/745
f 2732/57/748 2722/56/759 2730/56/748
f 2722/56/759 2732/57/748 2720/57/759
f 2730/56/750 2722/56/760 2732/57/750
f 2720/57/760 2732/57/750 2722/56/760
f 2737/55/412 2736/54/428 2735/54/412
f 2736/54/428 2737/55/412 2738/55/428
f 2735/54/411 2736/54/424 2737/55/411
f 2738/55/424 2737/55/411 2736/54/424
f 2741/55/425 2740/54/411 2739/54/425
f 2740/54/411 2741/55/425 2742/55/411
f 2739/54/429 2740/54/412 2741/55/429
f 2742/55/412 2741/55/429 2740/54/412
f 2744/55/429 2735/54/412 2743/54/429
f 2735/54/412 2744/55/429 2737/55/412
f 2743/54/425 2735/54/411 2744/55/425
f 2737/55/411 2744/55/425 2735/54/411
f 2744/55/430 2746/54/413 2745/55/413
f 2746/54/413 2744/55/430 2743/54/430
f 2745/55/414 2746/54/414 2744/55/426
f 2743/54/426 2744/55/426 2746/54/414
f 2747/55/1 2744/55/1 2745/55/1
f 2744/55/1 2747/55/1 2742/55/1
f 2744/55/1 2742/55/1 2737/55/1
f 2737/55/1 2742/55/1 2741/55/1
f 2737/55/1 2741/55/1 2738/55/1
f 2738/55/1 2741/55/1 2748/55/1
f 2745/55/2 2744/55/2 2747/55/2
f 2742/55/2 2747/55/2 2744/55/2
f 2737/55/2 2742/55/2 2744/55/2
f 2741/55/2 2742/55/2 2737/55/2
f 2738/55/2 2741/55/2 2737/55/2
f 2748/55/2 2741/55/2 2738/55/2
f 2749/54/414 2741/55/426 2739/54/426
f 2741/55/426 2749/54/414 2748/55/414
f 2739/54/430 2741/55/430 2749/54/413
f 2748/55/413 2749/54/413 2741/55/430
f 2736/54/427 2748/55/414 2749/54/414
f 2748/55/414 2736/54/427 2738/55/427
f 2749/54/413 2748/55/413 2736/54/423
f 2738/55/423 2736/54/423 2748/55/413
f 2745/55/413 2750/54/423 2747/55/423
f 2750/54/423 2745/55/413 2746/54/413
f 2747/55/427 2750/54/427 2745/55/414
f 2746/54/414 2745/55/414 2750/54/427
f 2742/55/411 2750/54/424 2740/54/411
f 2750/54/424 2742/55/411 2747/55/424
f 2740/54/412 2750/54/428 2742/55/412
f 2747/55/428 2742/55/412 2750/54/428
f 2753/55/413 2752/54/423 2751/55/423
f 2752/54/423 2753/55/413 2754/54/413
f 2751/55/427 2752/54/427 2753/55/414
f 2754/54/414 2753/55/414 2752/54/427
f 2757/55/412 2756/54/428 2755/54/412
f 2756/54/428 2757/55/412 2758/55/428
f 2755/54/411 2756/54/424 2757/55/411
f 2758/55/424 2757/55/411 2756/54/424
f 2760/55/429 2755/54/412 2759/54/429
f 2755/54/412 2760/55/429 2757/55/412
f 2759/54/425 2755/54/411 2760/55/425
f 2757/55/411 2760/55/425 2755/54/411
f 2762/55/411 2752/54/424 2761/54/411
f 2752/54/424 2762/55/411 2751/55/424
f 2761/54/412 2752/54/428 2762/55/412
f 2751/55/428 2762/55/412 2752/54/428
f 2764/55/425 2761/54/411 2763/54/425
f 2761/54/411 2764/55/425 2762/55/411
f 2763/54/429 2761/54/412 2764/55/429
f 2762/55/412 2764/55/429 2761/54/412
f 2765/54/414 2764/55/426 2763/54/426
f 2764/55/426 2765/54/414 2766/55/414
f 2763/54/430 2764/55/430 2765/54/413
f 2766/55/413 2765/54/413 2764/55/430
f 2756/54/427 2766/55/414 2765/54/414
f 2766/55/414 2756/54/427 2758/55/427
f 2765/54/413 2766/55/413 2756/54/423
f 2758/55/423 2756/54/423 2766/55/413
f 2751/55/1 2760/55/1 2753/55/1
f 2760/55/1 2751/55/1 2757/55/1
f 2757/55/1 2751/55/1 2762/55/1
f 2757/55/1 2762/55/1 2758/55/1
f 2758/55/1 2762/55/1 2764/55/1
f 2758/55/1 2764/55/1 2766/55/1
f 2753/55/2 2760/55/2 2751/55/2
f 2757/55/2 2751/55/2 2760/55/2
f 2762/55/2 2751/55/2 2757/55/2
f 2758/55/2 2762/55/2 2757/55/2
f 2764/55/2 2762/55/2 2758/55/2
f 2766/55/2 2764/55/2 2758/55/2
f 2759/54/2 2752/54/2 2754/54/2
f 2752/54/2 2759/54/2 2755/54/2
f 2752/54/2 2755/54/2 2761/54/2
f 2761/54/2 2755/54/2 2756/54/2
f 2761/54/2 2756/54/2 2763/54/2
f 2763/54/2 2756/54/2 2765/54/2
f 2754/54/1 2752/54/1 2759/54/1
f 2755/54/1 2759/54/1 2752/54/1
f 2761/54/1 2755/54/1 2752/54/1
f 2756/54/1 2755/54/1 2761/54/1
f 2763/54/1 2756/54/1 2761/54/1
f 2765/54/1 2756/54/1 2763/54/1
f 2760/55/430 2754/54/413 2753/55/413
f 2754/54/413 2760/55/430 2759/54/430
f 2753/55/414 2754/54/414 2760/55/426
f 2759/54/426 2760/55/426 2754/54/414
f 2769/56/761 2768/57/751 2767/57/761
f 2768/57/751 2769/56/761 2770/56/751
f 2767/57/762 2768/57/754 2769/56/762
f 2770/56/754 2769/56/762 2768/57/754
f 2772/56/755 2767/57/761 2771/57/755
f 2767/57/761 2772/56/755 2769/56/761
f 2771/57/756 2767/57/762 2772/56/756
f 2769/56/762 2772/56/756 2767/57/762
f 2775/57/763 2774/56/759 2773/56/763
f 2774/56/759 2775/57/763 2776/57/759
f 2773/56/764 2774/56/760 2775/57/764
f 2776/57/760 2775/57/764 2774/56/760
f 2779/57/757 2778/56/765 2777/56/757
f 2778/56/765 2779/57/757 2780/57/765
f 2777/56/758 2778/56/766 2779/57/758
f 2780/57/766 2779/57/758 2778/56/766
f 2781/57/767 2774/56/738 2776/57/738
f 2774/56/738 2781/57/767 2782/56/767
f 2776/57/740 2774/56/740 2781/57/768
f 2782/56/768 2781/57/768 2774/56/740
f 2779/57/741 2782/56/767 2781/57/767
f 2782/56/767 2779/57/741 2777/56/741
f 2781/57/768 2782/56/768 2779/57/742
f 2777/56/742 2779/57/742 2782/56/768
f 2771/57/747 2773/56/763 2772/56/747
f 2773/56/763 2771/57/747 2775/57/763
f 2772/56/749 2773/56/764 2771/57/749
f 2775/57/764 2771/57/749 2773/56/764
f 2780/57/765 2770/56/744 2778/56/765
f 2770/56/744 2780/57/765 2768/57/744
f 2778/56/766 2770/56/746 2780/57/766
f 2768/57/746 2780/57/766 2770/56/746
f 2785/55/412 2784/54/428 2783/54/412
f 2784/54/428 2785/55/412 2786/55/428
f 2783/54/411 2784/54/424 2785/55/411
f 2786/55/424 2785/55/411 2784/54/424
f 2789/55/425 2788/54/411 2787/54/425
f 2788/54/411 2789/55/425 2790/55/411
f 2787/54/429 2788/54/412 2789/55/429
f 2790/55/412 2789/55/429 2788/54/412
f 2792/55/429 2783/54/412 2791/54/429
f 2783/54/412 2792/55/429 2785/55/412
f 2791/54/425 2783/54/411 2792/55/425
f 2785/55/411 2792/55/425 2783/54/411
f 2792/55/430 2794/54/413 2793/55/413
f 2794/54/413 2792/55/430 2791/54/430
f 2793/55/414 2794/54/414 2792/55/426
f 2791/54/426 2792/55/426 2794/54/414
f 2795/55/1 2792/55/1 2793/55/1
f 2792/55/1 2795/55/1 2790/55/1
f 2792/55/1 2790/55/1 2785/55/1
f 2785/55/1 2790/55/1 2789/55/1
f 2785/55/1 2789/55/1 2786/55/1
f 2786/55/1 2789/55/1 2796/55/1
f 2793/55/2 2792/55/2 2795/55/2
f 2790/55/2 2795/55/2 2792/55/2
f 2785/55/2 2790/55/2 2792/55/2
f 2789/55/2 2790/55/2 2785/55/2
f 2786/55/2 2789/55/2 2785/55/2
f 2796/55/2 2789/55/2 2786/55/2
f 2797/54/414 2789/55/426 2787/54/426
f 2789/55/426 2797/54/414 2796/55/414
f 2787/54/430 2789/55/430 2797/54/413
f 2796/55/413 2797/54/413 2789/55/430
f 2784/54/427 2796/55/414 2797/54/414
f 2796/55/414 2784/54/427 2786/55/427
f 2797/54/413 2796/55/413 2784/54/423
f 2786/55/423 2784/54/423 2796/55/413
f 2793/55/413 2798/54/423 2795/55/423
f 2798/54/423 2793/55/413 2794/54/413
f 2795/55/427 2798/54/427 2793/55/414
f 2794/54/414 2793/55/414 2798/54/427
f 2790/55/411 2798/54/424 2788/54/411
f 2798/54/424 2790/55/411 2795/55/424
f 2788/54/412 2798/54/428 2790/55/412
f 2795/55/428 2790/55/412 2798/54/428
f 2801/55/413 2800/54/423 2799/55/423
f 2800/54/423 2801/55/413 2802/54/413
f 2799/55/427 2800/54/427 2801/55/414
f 2802/54/414 2801/55/414 2800/54/427
f 2805/55/412 2804/54/428 2803/54/412
f 2804/54/428 2805/55/412 2806/55/428
f 2803/54/411 2804/54/424 2805/55/411
f 2806/55/424 2805/55/411 2804/54/424
f 2808/55/429 2803/54/412 2807/54/429
f 2803/54/412 2808/55/429 2805/55/412
f 2807/54/425 2803/54/411 2808/55/425
f 2805/55/411 2808/55/425 2803/54/411
f 2810/55/411 2800/54/424 2809/54/411
f 2800/54/424 2810/55/411 2799/55/424
f 2809/54/412 2800/54/428 2810/55/412
f 2799/55/428 2810/55/412 2800/54/428
f 2812/55/425 2809/54/411 2811/54/425
f 2809/54/411 2812/55/425 2810/55/411
f 2811/54/429 2809/54/412 2812/55/429
f 2810/55/412 2812/55/429 2809/54/412
f 2813/54/414 2812/55/426 2811/54/426
f 2812/55/426 2813/54/414 2814/55/414
f 2811/54/430 2812/55/430 2813/54/413
f 2814/55/413 2813/54/413 2812/55/430
f 2804/54/427 2814/55/414 2813/54/414
f 2814/55/414 2804/54/427 2806/55/427
f 2813/54/413 2814/55/413 2804/54/423
f 2806/55/423 2804/54/423 2814/55/413
f 2799/55/1 2808/55/1 2801/55/1
f 2808/55/1 2799/55/1 2805/55/1
f 2805/55/1 2799/55/1 2810/55/1
f 2805/55/1 2810/55/1 2806/55/1
f 2806/55/1 2810/55/1 2812/55/1
f 2806/55/1 2812/55/1 2814/55/1
f 2801/55/2 2808/55/2 2799/55/2
f 2805/55/2 2799/55/2 2808/55/2
f 2810/55/2 2799/55/2 2805/55/2
f 2806/55/2 2810/55/2 2805/55/2
f 2812/55/2 2810/55/2 2806/55/2
f 2814/55/2 2812/55/2 2806/55/2
f 2807/54/2 2800/54/2 2802/54/2
f 2800/54/2 2807/54/2 2803/54/2
f 2800/54/2 2803/54/2 2809/54/2
f 2809/54/2 2803/54/2 2804/54/2
f 2809/54/2 2804/54/2 2811/54/2
f 2811/54/2 2804/54/2 2813/54/2
f 2802/54/1 2800/54/1 2807/54/1
f 2803/54/1 2807/54/1 2800/54/1
f 2809/54/1 2803/54/1 2800/54/1
f 2804/54/1 2803/54/1 2809/54/1
f 2811/54/1 2804/54/1 2809/54/1
f 2813/54/1 2804/54/1 2811/54/1
f 2808/55/430 2802/54/413 2801/55/413
f 2802/54/413 2808/55/430 2807/54/430
f 2801/55/414 2802/54/414 2808/55/426
f 2807/54/426 2808/55/426 2802/54/414
f 2817/56/761 2816/57/751 2815/57/761
f 2816/57/751 2817/56/761 2818/56/751
f 2815/57/762 2816/57/754 2817/56/762
f 2818/56/754 2817/56/762 2816/57/754
f 2820/56/755 2815/57/761 2819/57/755
f 2815/57/761 2820/56/755 2817/56/761
f 2819/57/756 2815/57/762 2820/56/756
f 2817/56/762 2820/56/756 2815/57/762
f 2823/57/763 2822/56/759 2821/56/763
f 2822/56/759 2823/57/763 2824/57/759
f 2821/56/764 2822/56/760 2823/57/764
f 2824/57/760 2823/57/764 2822/56/760
f 2827/57/757 2826/56/765 2825/56/757
f 2826/56/765 2827/57/757 2828/57/765
f 2825/56/758 2826/56/766 2827/57/758
f 2828/57/766 2827/57/758 2826/56/766
f 2829/57/767 2822/56/738 2824/57/738
f 2822/56/738 2829/57/767 2830/56/767
f 2824/57/740 2822/56/740 2829/57/768
f 2830/56/768 2829/57/768 2822/56/740
f 2827/57/741 2830/56/767 2829/57/767
f 2830/56/767 2827/57/741 2825/56/741
f 2829/57/768 2830/56/768 2827/57/742
f 2825/56/742 2827/57/742 2830/56/768
f 2819/57/747 2821/56/763 2820/56/747
f 2821/56/763 2819/57/747 2823/57/763
f 2820/56/749 2821/56/764 2819/57/749
f 2823/57/764 2819/57/749 2821/56/764
f 2828/57/765 2818/56/744 2826/56/765
f 2818/56/744 2828/57/765 2816/57/744
f 2826/56/766 2818/56/746 2828/57/766
f 2816/57/746 2828/57/766 2818/56/746
f 2833/54/2 2832/54/2 2831/54/2
f 2832/54/2 2833/54/2 2834/54/2
f 2832/54/2 2834/54/2 2835/54/2
f 2835/54/2 2834/54/2 2836/54/2
f 2835/54/2 2836/54/2 2837/54/2
f 2837/54/2 2836/54/2 2838/54/2
f 2831/54/1 2832/54/1 2833/54/1
f 2834/54/1 2833/54/1 2832/54/1
f 2835/54/1 2834/54/1 2832/54/1
f 2836/54/1 2834/54/1 2835/54/1
f 2837/54/1 2836/54/1 2835/54/1
f 2838/54/1 2836/54/1 2837/54/1
f 2841/55/1 2840/55/1 2839/55/1
f 2840/55/1 2841/55/1 2842/55/1
f 2840/55/1 2842/55/1 2843/55/1
f 2843/55/1 2842/55/1 2844/55/1
f 2843/55/1 2844/55/1 2845/55/1
f 2845/55/1 2844/55/1 2846/55/1
f 2839/55/2 2840/55/2 2841/55/2
f 2842/55/2 2841/55/2 2840/55/2
f 2843/55/2 2842/55/2 2840/55/2
f 2844/55/2 2842/55/2 2843/55/2
f 2845/55/2 2844/55/2 2843/55/2
f 2846/55/2 2844/55/2 2845/55/2
f 2839/55/769 2832/54/427 2841/55/427
f 2832/54/427 2839/55/769 2831/54/769
f 2841/55/423 2832/54/423 2839/55/770
f 2831/54/770 2839/55/770 2832/54/423
f 2842/55/771 2832/54/428 2835/54/771
f 2832/54/428 2842/55/771 2841/55/428
f 2835/54/772 2832/54/424 2842/55/772
f 2841/55/424 2842/55/772 2832/54/424
f 2844/55/429 2835/54/771 2837/54/429
f 2835/54/771 2844/55/429 2842/55/771
f 2837/54/425 2835/54/772 2844/55/425
f 2842/55/772 2844/55/425 2835/54/772
f 2838/54/770 2844/55/430 2837/54/430
f 2844/55/430 2838/54/770 2846/55/770
f 2837/54/426 2844/55/426 2838/54/769
f 2846/55/769 2838/54/769 2844/55/426
f 2836/54/423 2846/55/770 2838/54/770
f 2846/55/770 2836/54/423 2845/55/423
f 2838/54/769 2846/55/769 2836/54/427
f 2845/55/427 2836/54/427 2846/55/769
f 2843/55/772 2836/54/424 2834/54/772
f 2836/54/424 2843/55/772 2845/55/424
f 2834/54/771 2836/54/428 2843/55/771
f 2845/55/428 2843/55/771 2836/54/428
f 2840/55/425 2834/54/772 2833/54/425
f 2834/54/772 2840/55/425 2843/55/772
f 2833/54/429 2834/54/771 2840/55/429
f 2843/55/771 2840/55/429 2834/54/771
f 2840/55/426 2831/54/769 2839/55/769
f 2831/54/769 2840/55/426 2833/54/426
f 2839/55/770 2831/54/770 2840/55/430
f 2833/54/430 2840/55/430 2831/54/770
f 2849/55/1 2848/55/1 2847/55/1
f 2848/55/1 2849/55/1 2850/55/1
f 2848/55/1 2850/55/1 2851/55/1
f 2851/55/1 2850/55/1 2852/55/1
f 2851/55/1 2852/55/1 2853/55/1
f 2853/55/1 2852/55/1 2854/55/1
f 2847/55/2 2848/55/2 2849/55/2
f 2850/55/2 2849/55/2 2848/55/2
f 2851/55/2 2850/55/2 2848/55/2
f 2852/55/2 2850/55/2 2851/55/2
f 2853/55/2 2852/55/2 2851/55/2
f 2854/55/2 2852/55/2 2853/55/2
f 2847/55/769 2855/54/427 2849/55/427
f 2855/54/427 2847/55/769 2856/54/769
f 2849/55/423 2855/54/423 2847/55/770
f 2856/54/770 2847/55/770 2855/54/423
f 2850/55/771 2855/54/428 2857/54/771
f 2855/54/428 2850/55/771 2849/55/428
f 2857/54/772 2855/54/424 2850/55/772
f 2849/55/424 2850/55/772 2855/54/424
f 2852/55/429 2857/54/771 2858/54/429
f 2857/54/771 2852/55/429 2850/55/771
f 2858/54/425 2857/54/772 2852/55/425
f 2850/55/772 2852/55/425 2857/54/772
f 2859/54/770 2852/55/430 2858/54/430
f 2852/55/430 2859/54/770 2854/55/770
f 2858/54/426 2852/55/426 2859/54/769
f 2854/55/769 2859/54/769 2852/55/426
f 2860/54/423 2854/55/770 2859/54/770
f 2854/55/770 2860/54/423 2853/55/423
f 2859/54/769 2854/55/769 2860/54/427
f 2853/55/427 2860/54/427 2854/55/769
f 2851/55/772 2860/54/424 2861/54/772
f 2860/54/424 2851/55/772 2853/55/424
f 2861/54/771 2860/54/428 2851/55/771
f 2853/55/428 2851/55/771 2860/54/428
f 2848/55/425 2861/54/772 2862/54/425
f 2861/54/772 2848/55/425 2851/55/772
f 2862/54/429 2861/54/771 2848/55/429
f 2851/55/771 2848/55/429 2861/54/771
f 2848/55/426 2856/54/769 2847/55/769
f 2856/54/769 2848/55/426 2862/54/426
f 2847/55/770 2856/54/770 2848/55/430
f 2862/54/430 2848/55/430 2856/54/770
f 2865/57/743 2864/56/744 2863/56/743
f 2864/56/744 2865/57/743 2866/57/744
f 2863/56/745 2864/56/746 2865/57/745
f 2866/57/746 2865/57/745 2864/56/746
f 2869/56/738 2868/57/737 2867/56/737
f 2868/57/737 2869/56/738 2870/57/738
f 2867/56/739 2868/57/739 2869/56/740
f 2870/57/740 2869/56/740 2868/57/739
f 2872/57/757 2863/56/743 2871/56/757
f 2863/56/743 2872/57/757 2865/57/743
f 2871/56/758 2863/56/745 2872/57/758
f 2865/57/745 2872/57/758 2863/56/745
f 2875/57/755 2874/56/752 2873/57/752
f 2874/56/752 2875/57/755 2876/56/755
f 2873/57/753 2874/56/753 2875/57/756
f 2876/56/756 2875/57/756 2874/56/753
f 2873/57/752 2864/56/751 2866/57/751
f 2864/56/751 2873/57/752 2874/56/752
f 2866/57/754 2864/56/754 2873/57/753
f 2874/56/753 2873/57/753 2864/56/754
f 2878/57/748 2869/56/759 2877/56/748
f 2869/56/759 2878/57/748 2870/57/759
f 2877/56/750 2869/56/760 2878/57/750
f 2870/57/760 2878/57/750 2869/56/760
f 2875/57/747 2877/56/748 2876/56/747
f 2877/56/748 2875/57/747 2878/57/748
f 2876/56/749 2877/56/750 2875/57/749
f 2878/57/750 2875/57/749 2877/56/750
f 2871/56/741 2868/57/737 2872/57/741
f 2868/57/737 2871/56/741 2867/56/737
f 2872/57/742 2868/57/739 2871/56/742
f 2867/56/739 2871/56/742 2868/57/739

g room-large




usemtl colormap

f 3/1/1 2/1/1 1/1/1
f 2/1/1 3/1/1 4/1/1
f 1/1/2 2/1/2 3/1/2
f 4/1/2 3/1/2 2/1/2
f 7/2/5 6/1/4 5/1/3
f 6/1/4 7/2/5 8/2/6
f 5/1/9 6/1/8 7/2/7
f 8/2/10 7/2/7 6/1/8
f 11/3/13 10/1/12 9/1/11
f 10/1/12 11/3/13 12/3/14
f 9/1/17 10/1/16 11/3/15
f 12/3/18 11/3/15 10/1/16
f 15/2/21 14/1/20 13/1/19
f 14/1/20 15/2/21 16/2/22
f 13/1/25 14/1/24 15/2/23
f 16/2/26 15/2/23 14/1/24
f 6/1/4 15/2/21 13/1/19
f 15/2/21 6/1/4 8/2/6
f 13/1/25 15/2/23 6/1/8
f 8/2/10 6/1/8 15/2/23
f 11/3/13 17/3/27 12/3/14
f 17/3/27 11/3/13 18/3/28
f 12/3/18 17/3/29 11/3/15
f 18/3/30 11/3/15 17/3/29
f 12/3/14 19/1/31 10/1/12
f 19/1/31 12/3/14 17/3/27
f 10/1/16 19/1/32 12/3/18
f 17/3/29 12/3/18 19/1/32
f 15/2/21 7/2/5 16/2/22
f 7/2/5 15/2/21 8/2/6
f 16/2/26 7/2/7 15/2/23
f 8/2/10 15/2/23 7/2/7
f 18/3/28 9/1/11 20/1/33
f 9/1/11 18/3/28 11/3/13
f 20/1/34 9/1/17 18/3/30
f 11/3/15 18/3/30 9/1/17
f 19/1/31 18/3/28 20/1/33
f 18/3/28 19/1/31 17/3/27
f 20/1/34 18/3/30 19/1/32
f 17/3/29 19/1/32 18/3/30
f 16/2/22 5/1/3 14/1/20
f 5/1/3 16/2/22 7/2/5
f 14/1/24 5/1/9 16/2/26
f 7/2/7 16/2/26 5/1/9
f 23/3/37 22/3/36 21/3/35
f 22/3/36 23/3/37 24/3/38
f 21/3/41 22/3/40 23/3/39
f 24/3/42 23/3/39 22/3/40
f 24/3/38 25/1/43 22/3/36
f 25/1/43 24/3/38 26/1/44
f 22/3/40 25/1/45 24/3/42
f 26/1/46 24/3/42 25/1/45
f 21/3/35 25/1/43 27/1/47
f 25/1/43 21/3/35 22/3/36
f 27/1/48 25/1/45 21/3/41
f 22/3/40 21/3/41 25/1/45
f 28/1/49 21/3/35 27/1/47
f 21/3/35 28/1/49 23/3/37
f 27/1/48 21/3/41 28/1/50
f 23/3/39 28/1/50 21/3/41
f 26/1/44 23/3/37 28/1/49
f 23/3/37 26/1/44 24/3/38
f 28/1/50 23/3/39 26/1/46
f 24/3/42 26/1/46 23/3/39
f 31/1/53 30/3/52 29/1/51
f 30/3/52 31/1/53 32/3/54
f 29/1/57 30/3/56 31/1/55
f 32/3/58 31/1/55 30/3/56
f 33/1/59 32/3/54 31/1/53
f 32/3/54 33/1/59 34/3/60
f 31/1/55 32/3/58 33/1/61
f 34/3/62 33/1/61 32/3/58
f 37/2/65 36/1/64 35/1/63
f 36/1/64 37/2/65 38/2/66
f 35/1/69 36/1/68 37/2/67
f 38/2/70 37/2/67 36/1/68
f 37/2/65 39/2/71 38/2/66
f 39/2/71 37/2/65 40/2/72
f 38/2/70 39/2/73 37/2/67
f 40/2/74 37/2/67 39/2/73
f 34/3/60 42/1/76 41/3/75
f 42/1/76 34/3/60 33/1/59
f 41/3/78 42/1/77 34/3/62
f 33/1/61 34/3/62 42/1/77
f 38/2/66 43/1/79 36/1/64
f 43/1/79 38/2/66 39/2/71
f 36/1/68 43/1/80 38/2/70
f 39/2/73 38/2/70 43/1/80
f 32/3/54 41/3/75 30/3/52
f 41/3/75 32/3/54 34/3/60
f 30/3/56 41/3/78 32/3/58
f 34/3/62 32/3/58 41/3/78
f 44/1/81 37/2/65 35/1/63
f 37/2/65 44/1/81 40/2/72
f 35/1/69 37/2/67 44/1/82
f 40/2/74 44/1/82 37/2/67
f 30/3/52 42/1/76 29/1/51
f 42/1/76 30/3/52 41/3/75
f 29/1/57 42/1/77 30/3/56
f 41/3/78 30/3/56 42/1/77
f 39/2/71 44/1/81 43/1/79
f 44/1/81 39/2/71 40/2/72
f 43/1/80 44/1/82 39/2/73
f 40/2/74 39/2/73 44/1/82
f 47/1/1 46/1/1 45/1/1
f 46/1/1 47/1/1 48/1/1
f 45/1/2 46/1/2 47/1/2
f 48/1/2 47/1/2 46/1/2
f 51/2/85 50/1/84 49/1/83
f 50/1/84 51/2/85 52/2/86
f 49/1/89 50/1/88 51/2/87
f 52/2/90 51/2/87 50/1/88
f 55/3/93 54/1/92 53/1/91
f 54/1/92 55/3/93 56/3/94
f 53/1/97 54/1/96 55/3/95
f 56/3/98 55/3/95 54/1/96
f 59/2/101 58/1/100 57/1/99
f 58/1/100 59/2/101 60/2/102
f 57/1/105 58/1/104 59/2/103
f 60/2/106 59/2/103 58/1/104
f 50/1/84 59/2/101 57/1/99
f 59/2/101 50/1/84 52/2/86
f 57/1/105 59/2/103 50/1/88
f 52/2/90 50/1/88 59/2/103
f 55/3/93 61/3/107 56/3/94
f 61/3/107 55/3/93 62/3/108
f 56/3/98 61/3/109 55/3/95
f 62/3/110 55/3/95 61/3/109
f 56/3/94 63/1/111 54/1/92
f 63/1/111 56/3/94 61/3/107
f 54/1/96 63/1/112 56/3/98
f 61/3/109 56/3/98 63/1/112
f 59/2/101 51/2/85 60/2/102
f 51/2/85 59/2/101 52/2/86
f 60/2/106 51/2/87 59/2/103
f 52/2/90 59/2/103 51/2/87
f 62/3/108 53/1/91 64/1/113
f 53/1/91 62/3/108 55/3/93
f 64/1/114 53/1/97 62/3/110
f 55/3/95 62/3/110 53/1/97
f 63/1/111 62/3/108 64/1/113
f 62/3/108 63/1/111 61/3/107
f 64/1/114 62/3/110 63/1/112
f 61/3/109 63/1/112 62/3/110
f 60/2/102 49/1/83 58/1/100
f 49/1/83 60/2/102 51/2/85
f 58/1/104 49/1/89 60/2/106
f 51/2/87 60/2/106 49/1/89
f 67/3/117 66/3/116 65/3/115
f 66/3/116 67/3/117 68/3/118
f 65/3/121 66/3/120 67/3/119
f 68/3/122 67/3/119 66/3/120
f 68/3/118 69/1/123 66/3/116
f 69/1/123 68/3/118 70/1/124
f 66/3/120 69/1/125 68/3/122
f 70/1/126 68/3/122 69/1/125
f 65/3/115 69/1/123 71/1/127
f 69/1/123 65/3/115 66/3/116
f 71/1/128 69/1/125 65/3/121
f 66/3/120 65/3/121 69/1/125
f 72/1/129 65/3/115 71/1/127
f 65/3/115 72/1/129 67/3/117
f 71/1/128 65/3/121 72/1/130
f 67/3/119 72/1/130 65/3/121
f 70/1/124 67/3/117 72/1/129
f 67/3/117 70/1/124 68/3/118
f 72/1/130 67/3/119 70/1/126
f 68/3/122 70/1/126 67/3/119
f 75/1/133 74/3/132 73/1/131
f 74/3/132 75/1/133 76/3/134
f 73/1/137 74/3/136 75/1/135
f 76/3/138 75/1/135 74/3/136
f 77/1/139 76/3/134 75/1/133
f 76/3/134 77/1/139 78/3/140
f 75/1/135 76/3/138 77/1/141
f 78/3/142 77/1/141 76/3/138
f 81/2/145 80/1/144 79/1/143
f 80/1/144 81/2/145 82/2/146
f 79/1/149 80/1/148 81/2/147
f 82/2/150 81/2/147 80/1/148
f 81/2/145 83/2/151 82/2/146
f 83/2/151 81/2/145 84/2/152
f 82/2/150 83/2/153 81/2/147
f 84/2/154 81/2/147 83/2/153
f 78/3/140 86/1/156 85/3/155
f 86/1/156 78/3/140 77/1/139
f 85/3/158 86/1/157 78/3/142
f 77/1/141 78/3/142 86/1/157
f 82/2/146 87/1/159 80/1/144
f 87/1/159 82/2/146 83/2/151
f 80/1/148 87/1/160 82/2/150
f 83/2/153 82/2/150 87/1/160
f 76/3/134 85/3/155 74/3/132
f 85/3/155 76/3/134 78/3/140
f 74/3/136 85/3/158 76/3/138
f 78/3/142 76/3/138 85/3/158
f 88/1/161 81/2/145 79/1/143
f 81/2/145 88/1/161 84/2/152
f 79/1/149 81/2/147 88/1/162
f 84/2/154 88/1/162 81/2/147
f 74/3/132 86/1/156 73/1/131
f 86/1/156 74/3/132 85/3/155
f 73/1/137 86/1/157 74/3/136
f 85/3/158 74/3/136 86/1/157
f 83/2/151 88/1/161 87/1/159
f 88/1/161 83/2/151 84/2/152
f 87/1/160 88/1/162 83/2/153
f 84/2/154 83/2/153 88/1/162
f 91/1/1 90/1/1 89/1/1
f 90/1/1 91/1/1 92/1/1
f 89/1/2 90/1/2 91/1/2
f 92/1/2 91/1/2 90/1/2
f 95/2/165 94/1/164 93/1/163
f 94/1/164 95/2/165 96/2/166
f 93/1/169 94/1/168 95/2/167
f 96/2/170 95/2/167 94/1/168
f 99/3/173 98/1/172 97/1/171
f 98/1/172 99/3/173 100/3/174
f 97/1/177 98/1/176 99/3/175
f 100/3/178 99/3/175 98/1/176
f 103/2/181 102/1/180 101/1/179
f 102/1/180 103/2/181 104/2/182
f 101/1/185 102/1/184 103/2/183
f 104/2/186 103/2/183 102/1/184
f 94/1/164 103/2/181 101/1/179
f 103/2/181 94/1/164 96/2/166
f 101/1/185 103/2/183 94/1/168
f 96/2/170 94/1/168 103/2/183
f 99/3/173 105/3/187 100/3/174
f 105/3/187 99/3/173 106/3/188
f 100/3/178 105/3/189 99/3/175
f 106/3/190 99/3/175 105/3/189
f 100/3/174 107/1/191 98/1/172
f 107/1/191 100/3/174 105/3/187
f 98/1/176 107/1/192 100/3/178
f 105/3/189 100/3/178 107/1/192
f 103/2/181 95/2/165 104/2/182
f 95/2/165 103/2/181 96/2/166
f 104/2/186 95/2/167 103/2/183
f 96/2/170 103/2/183 95/2/167
f 106/3/188 97/1/171 108/1/193
f 97/1/171 106/3/188 99/3/173
f 108/1/194 97/1/177 106/3/190
f 99/3/175 106/3/190 97/1/177
f 107/1/191 106/3/188 108/1/193
f 106/3/188 107/1/191 105/3/187
f 108/1/194 106/3/190 107/1/192
f 105/3/189 107/1/192 106/3/190
f 104/2/182 93/1/163 102/1/180
f 93/1/163 104/2/182 95/2/165
f 102/1/184 93/1/169 104/2/186
f 95/2/167 104/2/186 93/1/169
f 111/3/197 110/3/196 109/3/195
f 110/3/196 111/3/197 112/3/198
f 109/3/201 110/3/200 111/3/199
f 112/3/202 111/3/199 110/3/200
f 112/3/198 113/1/203 110/3/196
f 113/1/203 112/3/198 114/1/204
f 110/3/200 113/1/205 112/3/202
f 114/1/206 112/3/202 113/1/205
f 109/3/195 113/1/203 115/1/207
f 113/1/203 109/3/195 110/3/196
f 115/1/208 113/1/205 109/3/201
f 110/3/200 109/3/201 113/1/205
f 116/1/209 109/3/195 115/1/207
f 109/3/195 116/1/209 111/3/197
f 115/1/208 109/3/201 116/1/210
f 111/3/199 116/1/210 109/3/201
f 114/1/204 111/3/197 116/1/209
f 111/3/197 114/1/204 112/3/198
f 116/1/210 111/3/199 114/1/206
f 112/3/202 114/1/206 111/3/199
f 119/1/213 118/3/212 117/1/211
f 118/3/212 119/1/213 120/3/214
f 117/1/217 118/3/216 119/1/215
f 120/3/218 119/1/215 118/3/216
f 121/1/219 120/3/214 119/1/213
f 120/3/214 121/1/219 122/3/220
f 119/1/215 120/3/218 121/1/221
f 122/3/222 121/1/221 120/3/218
f 125/2/225 124/1/224 123/1/223
f 124/1/224 125/2/225 126/2/226
f 123/1/229 124/1/228 125/2/227
f 126/2/230 125/2/227 124/1/228
f 125/2/225 127/2/231 126/2/226
f 127/2/231 125/2/225 128/2/232
f 126/2/230 127/2/233 125/2/227
f 128/2/234 125/2/227 127/2/233
f 122/3/220 130/1/236 129/3/235
f 130/1/236 122/3/220 121/1/219
f 129/3/238 130/1/237 122/3/222
f 121/1/221 122/3/222 130/1/237
f 126/2/226 131/1/239 124/1/224
f 131/1/239 126/2/226 127/2/231
f 124/1/228 131/1/240 126/2/230
f 127/2/233 126/2/230 131/1/240
f 120/3/214 129/3/235 118/3/212
f 129/3/235 120/3/214 122/3/220
f 118/3/216 129/3/238 120/3/218
f 122/3/222 120/3/218 129/3/238
f 132/1/241 125/2/225 123/1/223
f 125/2/225 132/1/241 128/2/232
f 123/1/229 125/2/227 132/1/242
f 128/2/234 132/1/242 125/2/227
f 118/3/212 130/1/236 117/1/211
f 130/1/236 118/3/212 129/3/235
f 117/1/217 130/1/237 118/3/216
f 129/3/238 118/3/216 130/1/237
f 127/2/231 132/1/241 131/1/239
f 132/1/241 127/2/231 128/2/232
f 131/1/240 132/1/242 127/2/233
f 128/2/234 127/2/233 132/1/242
f 135/1/1 134/1/1 133/1/1
f 134/1/1 135/1/1 136/1/1
f 133/1/2 134/1/2 135/1/2
f 136/1/2 135/1/2 134/1/2
f 139/2/101 138/1/100 137/1/99
f 138/1/100 139/2/101 140/2/102
f 137/1/105 138/1/104 139/2/103
f 140/2/106 139/2/103 138/1/104
f 143/3/107 142/1/113 141/1/111
f 142/1/113 143/3/107 144/3/108
f 141/1/112 142/1/114 143/3/109
f 144/3/110 143/3/109 142/1/114
f 147/2/85 146/1/84 145/1/83
f 146/1/84 147/2/85 148/2/86
f 145/1/89 146/1/88 147/2/87
f 148/2/90 147/2/87 146/1/88
f 138/1/100 147/2/85 145/1/83
f 147/2/85 138/1/100 140/2/102
f 145/1/89 147/2/87 138/1/104
f 140/2/106 138/1/104 147/2/87
f 143/3/107 149/3/93 144/3/108
f 149/3/93 143/3/107 150/3/94
f 144/3/110 149/3/95 143/3/109
f 150/3/98 143/3/109 149/3/95
f 144/3/108 151/1/91 142/1/113
f 151/1/91 144/3/108 149/3/93
f 142/1/114 151/1/97 144/3/110
f 149/3/95 144/3/110 151/1/97
f 147/2/85 139/2/101 148/2/86
f 139/2/101 147/2/85 140/2/102
f 148/2/90 139/2/103 147/2/87
f 140/2/106 147/2/87 139/2/103
f 150/3/94 141/1/111 152/1/92
f 141/1/111 150/3/94 143/3/107
f 152/1/96 141/1/112 150/3/98
f 143/3/109 150/3/98 141/1/112
f 151/1/91 150/3/94 152/1/92
f 150/3/94 151/1/91 149/3/93
f 152/1/96 150/3/98 151/1/97
f 149/3/95 151/1/97 150/3/98
f 148/2/86 137/1/99 146/1/84
f 137/1/99 148/2/86 139/2/101
f 146/1/88 137/1/105 148/2/90
f 139/2/103 148/2/90 137/1/105
f 155/3/245 154/3/244 153/3/243
f 154/3/244 155/3/245 156/3/246
f 153/3/249 154/3/248 155/3/247
f 156/3/250 155/3/247 154/3/248
f 156/3/246 157/1/251 154/3/244
f 157/1/251 156/3/246 158/1/252
f 154/3/248 157/1/253 156/3/250
f 158/1/254 156/3/250 157/1/253
f 153/3/243 157/1/251 159/1/255
f 157/1/251 153/3/243 154/3/244
f 159/1/256 157/1/253 153/3/249
f 154/3/248 153/3/249 157/1/253
f 160/1/257 153/3/243 159/1/255
f 153/3/243 160/1/257 155/3/245
f 159/1/256 153/3/249 160/1/258
f 155/3/247 160/1/258 153/3/249
f 158/1/252 155/3/245 160/1/257
f 155/3/245 158/1/252 156/3/246
f 160/1/258 155/3/247 158/1/254
f 156/3/250 158/1/254 155/3/247
f 163/1/156 162/3/140 161/1/139
f 162/3/140 163/1/156 164/3/155
f 161/1/141 162/3/142 163/1/157
f 164/3/158 163/1/157 162/3/142
f 165/1/131 164/3/155 163/1/156
f 164/3/155 165/1/131 166/3/132
f 163/1/157 164/3/158 165/1/137
f 166/3/136 165/1/137 164/3/158
f 169/2/151 168/1/161 167/1/159
f 168/1/161 169/2/151 170/2/152
f 167/1/160 168/1/162 169/2/153
f 170/2/154 169/2/153 168/1/162
f 169/2/151 171/2/145 170/2/152
f 171/2/145 169/2/151 172/2/146
f 170/2/154 171/2/147 169/2/153
f 172/2/150 169/2/153 171/2/147
f 166/3/132 174/1/133 173/3/134
f 174/1/133 166/3/132 165/1/131
f 173/3/138 174/1/135 166/3/136
f 165/1/137 166/3/136 174/1/135
f 170/2/152 175/1/143 168/1/161
f 175/1/143 170/2/152 171/2/145
f 168/1/162 175/1/149 170/2/154
f 171/2/147 170/2/154 175/1/149
f 164/3/155 173/3/134 162/3/140
f 173/3/134 164/3/155 166/3/132
f 162/3/142 173/3/138 164/3/158
f 166/3/136 164/3/158 173/3/138
f 176/1/144 169/2/151 167/1/159
f 169/2/151 176/1/144 172/2/146
f 167/1/160 169/2/153 176/1/148
f 172/2/150 176/1/148 169/2/153
f 162/3/140 174/1/133 161/1/139
f 174/1/133 162/3/140 173/3/134
f 161/1/141 174/1/135 162/3/142
f 173/3/138 162/3/142 174/1/135
f 171/2/145 176/1/144 175/1/143
f 176/1/144 171/2/145 172/2/146
f 175/1/149 176/1/148 171/2/147
f 172/2/150 171/2/147 176/1/148
f 179/1/1 178/1/1 177/1/1
f 178/1/1 179/1/1 180/1/1
f 177/1/2 178/1/2 179/1/2
f 180/1/2 179/1/2 178/1/2
f 4/1/1 181/1/1 2/1/1
f 181/1/1 4/1/1 133/1/1
f 2/1/2 181/1/2 4/1/2
f 133/1/2 4/1/2 181/1/2
f 91/1/1 183/1/1 182/1/1
f 183/1/1 91/1/1 184/1/1
f 182/1/2 183/1/2 91/1/2
f 184/1/2 91/1/2 183/1/2
f 92/1/1 182/1/1 185/1/1
f 182/1/1 92/1/1 91/1/1
f 185/1/2 182/1/2 92/1/2
f 91/1/2 92/1/2 182/1/2
f 1/1/1 187/1/1 186/1/1
f 187/1/1 1/1/1 2/1/1
f 186/1/2 187/1/2 1/1/2
f 2/1/2 1/1/2 187/1/2
f 190/1/191 189/3/188 188/1/193
f 189/3/188 190/1/191 191/3/187
f 188/1/194 189/3/190 190/1/192
f 191/3/189 190/1/192 189/3/190
f 193/3/174 190/1/191 192/1/172
f 190/1/191 193/3/174 191/3/187
f 192/1/176 190/1/192 193/3/178
f 191/3/189 193/3/178 190/1/192
f 196/2/165 195/1/164 194/1/163
f 195/1/164 196/2/165 197/2/166
f 194/1/169 195/1/168 196/2/167
f 197/2/170 196/2/167 195/1/168
f 195/1/164 199/2/181 198/1/179
f 199/2/181 195/1/164 197/2/166
f 198/1/185 199/2/183 195/1/168
f 197/2/170 195/1/168 199/2/183
f 202/1/241 201/2/225 200/1/223
f 201/2/225 202/1/241 203/2/232
f 200/1/229 201/2/227 202/1/242
f 203/2/234 202/1/242 201/2/227
f 201/2/225 205/2/231 204/2/226
f 205/2/231 201/2/225 203/2/232
f 204/2/230 205/2/233 201/2/227
f 203/2/234 201/2/227 205/2/233
f 205/2/231 202/1/241 206/1/239
f 202/1/241 205/2/231 203/2/232
f 206/1/240 202/1/242 205/2/233
f 203/2/234 205/2/233 202/1/242
f 201/2/225 207/1/224 200/1/223
f 207/1/224 201/2/225 204/2/226
f 200/1/229 207/1/228 201/2/227
f 204/2/230 201/2/227 207/1/228
f 204/2/226 206/1/239 207/1/224
f 206/1/239 204/2/226 205/2/231
f 207/1/228 206/1/240 204/2/230
f 205/2/233 204/2/230 206/1/240
f 209/2/182 194/1/163 208/1/180
f 194/1/163 209/2/182 196/2/165
f 208/1/184 194/1/169 209/2/186
f 196/2/167 209/2/186 194/1/169
f 189/3/188 210/1/171 188/1/193
f 210/1/171 189/3/188 211/3/173
f 188/1/194 210/1/177 189/3/190
f 211/3/175 189/3/190 210/1/177
f 199/2/181 208/1/180 198/1/179
f 208/1/180 199/2/181 209/2/182
f 198/1/185 208/1/184 199/2/183
f 209/2/186 199/2/183 208/1/184
f 199/2/181 196/2/165 209/2/182
f 196/2/165 199/2/181 197/2/166
f 209/2/186 196/2/167 199/2/183
f 197/2/170 199/2/183 196/2/167
f 214/3/197 213/3/196 212/3/195
f 213/3/196 214/3/197 215/3/198
f 212/3/201 213/3/200 214/3/199
f 215/3/202 214/3/199 213/3/200
f 211/3/173 191/3/187 193/3/174
f 191/3/187 211/3/173 189/3/188
f 193/3/178 191/3/189 211/3/175
f 189/3/190 211/3/175 191/3/189
f 216/1/209 215/3/198 214/3/197
f 215/3/198 216/1/209 217/1/204
f 214/3/199 215/3/202 216/1/210
f 217/1/206 216/1/210 215/3/202
f 220/1/219 219/3/214 218/1/213
f 219/3/214 220/1/219 221/3/220
f 218/1/215 219/3/218 220/1/221
f 221/3/222 220/1/221 219/3/218
f 216/1/209 212/3/195 222/1/207
f 212/3/195 216/1/209 214/3/197
f 222/1/208 212/3/201 216/1/210
f 214/3/199 216/1/210 212/3/201
f 215/3/198 223/1/203 213/3/196
f 223/1/203 215/3/198 217/1/204
f 213/3/200 223/1/205 215/3/202
f 217/1/206 215/3/202 223/1/205
f 226/3/212 225/1/236 224/1/211
f 225/1/236 226/3/212 227/3/235
f 224/1/217 225/1/237 226/3/216
f 227/3/238 226/3/216 225/1/237
f 212/3/195 223/1/203 222/1/207
f 223/1/203 212/3/195 213/3/196
f 222/1/208 223/1/205 212/3/201
f 213/3/200 212/3/201 223/1/205
f 218/1/213 226/3/212 224/1/211
f 226/3/212 218/1/213 219/3/214
f 224/1/217 226/3/216 218/1/215
f 219/3/218 218/1/215 226/3/216
f 221/3/220 225/1/236 227/3/235
f 225/1/236 221/3/220 220/1/219
f 227/3/238 225/1/237 221/3/222
f 220/1/221 221/3/222 225/1/237
f 219/3/214 227/3/235 226/3/212
f 227/3/235 219/3/214 221/3/220
f 226/3/216 227/3/238 219/3/218
f 221/3/222 219/3/218 227/3/238
f 211/3/173 192/1/172 210/1/171
f 192/1/172 211/3/173 193/3/174
f 210/1/177 192/1/176 211/3/175
f 193/3/178 211/3/175 192/1/176
f 229/1/1 228/1/1 48/1/1
f 228/1/1 229/1/1 230/1/1
f 48/1/2 228/1/2 229/1/2
f 230/1/2 229/1/2 228/1/2
f 233/1/91 232/3/94 231/1/92
f 232/3/94 233/1/91 234/3/93
f 231/1/96 232/3/98 233/1/97
f 234/3/95 233/1/97 232/3/98
f 236/3/108 233/1/91 235/1/113
f 233/1/91 236/3/108 234/3/93
f 235/1/114 233/1/97 236/3/110
f 234/3/95 236/3/110 233/1/97
f 239/2/101 238/1/100 237/1/99
f 238/1/100 239/2/101 240/2/102
f 237/1/105 238/1/104 239/2/103
f 240/2/106 239/2/103 238/1/104
f 238/1/100 242/2/85 241/1/83
f 242/2/85 238/1/100 240/2/102
f 241/1/89 242/2/87 238/1/104
f 240/2/106 238/1/104 242/2/87
f 245/1/144 244/2/151 243/1/159
f 244/2/151 245/1/144 246/2/146
f 243/1/160 244/2/153 245/1/148
f 246/2/150 245/1/148 244/2/153
f 244/2/151 248/2/145 247/2/152
f 248/2/145 244/2/151 246/2/146
f 247/2/154 248/2/147 244/2/153
f 246/2/150 244/2/153 248/2/147
f 248/2/145 245/1/144 249/1/143
f 245/1/144 248/2/145 246/2/146
f 249/1/149 245/1/148 248/2/147
f 246/2/150 248/2/147 245/1/148
f 244/2/151 250/1/161 243/1/159
f 250/1/161 244/2/151 247/2/152
f 243/1/160 250/1/162 244/2/153
f 247/2/154 244/2/153 250/1/162
f 247/2/152 249/1/143 250/1/161
f 249/1/143 247/2/152 248/2/145
f 250/1/162 249/1/149 247/2/154
f 248/2/147 247/2/154 249/1/149
f 252/2/86 237/1/99 251/1/84
f 237/1/99 252/2/86 239/2/101
f 251/1/88 237/1/105 252/2/90
f 239/2/103 252/2/90 237/1/105
f 232/3/94 253/1/111 231/1/92
f 253/1/111 232/3/94 254/3/107
f 231/1/96 253/1/112 232/3/98
f 254/3/109 232/3/98 253/1/112
f 242/2/85 251/1/84 241/1/83
f 251/1/84 242/2/85 252/2/86
f 241/1/89 251/1/88 242/2/87
f 252/2/90 242/2/87 251/1/88
f 242/2/85 239/2/101 252/2/86
f 239/2/101 242/2/85 240/2/102
f 252/2/90 239/2/103 242/2/87
f 240/2/106 242/2/87 239/2/103
f 257/3/245 256/3/244 255/3/243
f 256/3/244 257/3/245 258/3/246
f 255/3/249 256/3/248 257/3/247
f 258/3/250 257/3/247 256/3/248
f 254/3/107 234/3/93 236/3/108
f 234/3/93 254/3/107 232/3/94
f 236/3/110 234/3/95 254/3/109
f 232/3/98 254/3/109 234/3/95
f 259/1/257 258/3/246 257/3/245
f 258/3/246 259/1/257 260/1/252
f 257/3/247 258/3/250 259/1/258
f 260/1/254 259/1/258 258/3/250
f 263/1/131 262/3/155 261/1/156
f 262/3/155 263/1/131 264/3/132
f 261/1/157 262/3/158 263/1/137
f 264/3/136 263/1/137 262/3/158
f 259/1/257 255/3/243 265/1/255
f 255/3/243 259/1/257 257/3/245
f 265/1/256 255/3/249 259/1/258
f 257/3/247 259/1/258 255/3/249
f 258/3/246 266/1/251 256/3/244
f 266/1/251 258/3/246 260/1/252
f 256/3/248 266/1/253 258/3/250
f 260/1/254 258/3/250 266/1/253
f 269/3/140 268/1/133 267/1/139
f 268/1/133 269/3/140 270/3/134
f 267/1/141 268/1/135 269/3/142
f 270/3/138 269/3/142 268/1/135
f 255/3/243 266/1/251 265/1/255
f 266/1/251 255/3/243 256/3/244
f 265/1/256 266/1/253 255/3/249
f 256/3/248 255/3/249 266/1/253
f 261/1/156 269/3/140 267/1/139
f 269/3/140 261/1/156 262/3/155
f 267/1/141 269/3/142 261/1/157
f 262/3/158 261/1/157 269/3/142
f 264/3/132 268/1/133 270/3/134
f 268/1/133 264/3/132 263/1/131
f 270/3/138 268/1/135 264/3/136
f 263/1/137 264/3/136 268/1/135
f 262/3/155 270/3/134 269/3/140
f 270/3/134 262/3/155 264/3/132
f 269/3/142 270/3/138 262/3/158
f 264/3/136 262/3/158 270/3/138
f 254/3/107 235/1/113 253/1/111
f 235/1/113 254/3/107 236/3/108
f 253/1/112 235/1/114 254/3/109
f 236/3/110 254/3/109 235/1/114
f 273/1/91 272/3/94 271/1/92
f 272/3/94 273/1/91 274/3/93
f 271/1/96 272/3/98 273/1/97
f 274/3/95 273/1/97 272/3/98
f 276/3/108 273/1/91 275/1/113
f 273/1/91 276/3/108 274/3/93
f 275/1/114 273/1/97 276/3/110
f 274/3/95 276/3/110 273/1/97
f 279/2/101 278/1/100 277/1/99
f 278/1/100 279/2/101 280/2/102
f 277/1/105 278/1/104 279/2/103
f 280/2/106 279/2/103 278/1/104
f 278/1/100 282/2/85 281/1/83
f 282/2/85 278/1/100 280/2/102
f 281/1/89 282/2/87 278/1/104
f 280/2/106 278/1/104 282/2/87
f 285/1/144 284/2/151 283/1/159
f 284/2/151 285/1/144 286/2/146
f 283/1/160 284/2/153 285/1/148
f 286/2/150 285/1/148 284/2/153
f 284/2/151 288/2/145 287/2/152
f 288/2/145 284/2/151 286/2/146
f 287/2/154 288/2/147 284/2/153
f 286/2/150 284/2/153 288/2/147
f 288/2/145 285/1/144 289/1/143
f 285/1/144 288/2/145 286/2/146
f 289/1/149 285/1/148 288/2/147
f 286/2/150 288/2/147 285/1/148
f 284/2/151 290/1/161 283/1/159
f 290/1/161 284/2/151 287/2/152
f 283/1/160 290/1/162 284/2/153
f 287/2/154 284/2/153 290/1/162
f 287/2/152 289/1/143 290/1/161
f 289/1/143 287/2/152 288/2/145
f 290/1/162 289/1/149 287/2/154
f 288/2/147 287/2/154 289/1/149
f 292/2/86 277/1/99 291/1/84
f 277/1/99 292/2/86 279/2/101
f 291/1/88 277/1/105 292/2/90
f 279/2/103 292/2/90 277/1/105
f 272/3/94 293/1/111 271/1/92
f 293/1/111 272/3/94 294/3/107
f 271/1/96 293/1/112 272/3/98
f 294/3/109 272/3/98 293/1/112
f 282/2/85 291/1/84 281/1/83
f 291/1/84 282/2/85 292/2/86
f 281/1/89 291/1/88 282/2/87
f 292/2/90 282/2/87 291/1/88
f 282/2/85 279/2/101 292/2/86
f 279/2/101 282/2/85 280/2/102
f 292/2/90 279/2/103 282/2/87
f 280/2/106 282/2/87 279/2/103
f 297/3/245 296/3/244 295/3/243
f 296/3/244 297/3/245 298/3/246
f 295/3/249 296/3/248 297/3/247
f 298/3/250 297/3/247 296/3/248
f 294/3/107 274/3/93 276/3/108
f 274/3/93 294/3/107 272/3/94
f 276/3/110 274/3/95 294/3/109
f 272/3/98 294/3/109 274/3/95
f 299/1/257 298/3/246 297/3/245
f 298/3/246 299/1/257 300/1/252
f 297/3/247 298/3/250 299/1/258
f 300/1/254 299/1/258 298/3/250
f 303/1/131 302/3/155 301/1/156
f 302/3/155 303/1/131 304/3/132
f 301/1/157 302/3/158 303/1/137
f 304/3/136 303/1/137 302/3/158
f 299/1/257 295/3/243 305/1/255
f 295/3/243 299/1/257 297/3/245
f 305/1/256 295/3/249 299/1/258
f 297/3/247 299/1/258 295/3/249
f 298/3/246 306/1/251 296/3/244
f 306/1/251 298/3/246 300/1/252
f 296/3/248 306/1/253 298/3/250
f 300/1/254 298/3/250 306/1/253
f 309/3/140 308/1/133 307/1/139
f 308/1/133 309/3/140 310/3/134
f 307/1/141 308/1/135 309/3/142
f 310/3/138 309/3/142 308/1/135
f 295/3/243 306/1/251 305/1/255
f 306/1/251 295/3/243 296/3/244
f 305/1/256 306/1/253 295/3/249
f 296/3/248 295/3/249 306/1/253
f 301/1/156 309/3/140 307/1/139
f 309/3/140 301/1/156 302/3/155
f 307/1/141 309/3/142 301/1/157
f 302/3/158 301/1/157 309/3/142
f 304/3/132 308/1/133 310/3/134
f 308/1/133 304/3/132 303/1/131
f 310/3/138 308/1/135 304/3/136
f 303/1/137 304/3/136 308/1/135
f 302/3/155 310/3/134 309/3/140
f 310/3/134 302/3/155 304/3/132
f 309/3/142 310/3/138 302/3/158
f 304/3/136 302/3/158 310/3/138
f 294/3/107 275/1/113 293/1/111
f 275/1/113 294/3/107 276/3/108
f 293/1/112 275/1/114 294/3/109
f 276/3/110 294/3/109 275/1/114
f 312/1/1 177/1/1 311/1/1
f 177/1/1 312/1/1 179/1/1
f 311/1/2 177/1/2 312/1/2
f 179/1/2 312/1/2 177/1/2
f 315/1/111 314/3/108 313/1/113
f 314/3/108 315/1/111 316/3/107
f 313/1/114 314/3/110 315/1/112
f 316/3/109 315/1/112 314/3/110
f 318/3/94 315/1/111 317/1/92
f 315/1/111 318/3/94 316/3/107
f 317/1/96 315/1/112 318/3/98
f 316/3/109 318/3/98 315/1/112
f 321/2/85 320/1/84 319/1/83
f 320/1/84 321/2/85 322/2/86
f 319/1/89 320/1/88 321/2/87
f 322/2/90 321/2/87 320/1/88
f 320/1/84 324/2/101 323/1/99
f 324/2/101 320/1/84 322/2/86
f 323/1/105 324/2/103 320/1/88
f 322/2/90 320/1/88 324/2/103
f 327/1/161 326/2/145 325/1/143
f 326/2/145 327/1/161 328/2/152
f 325/1/149 326/2/147 327/1/162
f 328/2/154 327/1/162 326/2/147
f 326/2/145 330/2/151 329/2/146
f 330/2/151 326/2/145 328/2/152
f 329/2/150 330/2/153 326/2/147
f 328/2/154 326/2/147 330/2/153
f 330/2/151 327/1/161 331/1/159
f 327/1/161 330/2/151 328/2/152
f 331/1/160 327/1/162 330/2/153
f 328/2/154 330/2/153 327/1/162
f 326/2/145 332/1/144 325/1/143
f 332/1/144 326/2/145 329/2/146
f 325/1/149 332/1/148 326/2/147
f 329/2/150 326/2/147 332/1/148
f 329/2/146 331/1/159 332/1/144
f 331/1/159 329/2/146 330/2/151
f 332/1/148 331/1/160 329/2/150
f 330/2/153 329/2/150 331/1/160
f 334/2/102 319/1/83 333/1/100
f 319/1/83 334/2/102 321/2/85
f 333/1/104 319/1/89 334/2/106
f 321/2/87 334/2/106 319/1/89
f 314/3/108 335/1/91 313/1/113
f 335/1/91 314/3/108 336/3/93
f 313/1/114 335/1/97 314/3/110
f 336/3/95 314/3/110 335/1/97
f 324/2/101 333/1/100 323/1/99
f 333/1/100 324/2/101 334/2/102
f 323/1/105 333/1/104 324/2/103
f 334/2/106 324/2/103 333/1/104
f 324/2/101 321/2/85 334/2/102
f 321/2/85 324/2/101 322/2/86
f 334/2/106 321/2/87 324/2/103
f 322/2/90 324/2/103 321/2/87
f 339/3/261 338/3/260 337/3/259
f 338/3/260 339/3/261 340/3/262
f 337/3/265 338/3/264 339/3/263
f 340/3/266 339/3/263 338/3/264
f 336/3/93 316/3/107 318/3/94
f 316/3/107 336/3/93 314/3/108
f 318/3/98 316/3/109 336/3/95
f 314/3/110 336/3/95 316/3/109
f 341/1/267 340/3/262 339/3/261
f 340/3/262 341/1/267 342/1/268
f 339/3/263 340/3/266 341/1/269
f 342/1/270 341/1/269 340/3/266
f 345/1/139 344/3/134 343/1/133
f 344/3/134 345/1/139 346/3/140
f 343/1/135 344/3/138 345/1/141
f 346/3/142 345/1/141 344/3/138
f 341/1/267 337/3/259 347/1/271
f 337/3/259 341/1/267 339/3/261
f 347/1/272 337/3/265 341/1/269
f 339/3/263 341/1/269 337/3/265
f 340/3/262 348/1/273 338/3/260
f 348/1/273 340/3/262 342/1/268
f 338/3/264 348/1/274 340/3/266
f 342/1/270 340/3/266 348/1/274
f 351/3/132 350/1/156 349/1/131
f 350/1/156 351/3/132 352/3/155
f 349/1/137 350/1/157 351/3/136
f 352/3/158 351/3/136 350/1/157
f 337/3/259 348/1/273 347/1/271
f 348/1/273 337/3/259 338/3/260
f 347/1/272 348/1/274 337/3/265
f 338/3/264 337/3/265 348/1/274
f 343/1/133 351/3/132 349/1/131
f 351/3/132 343/1/133 344/3/134
f 349/1/137 351/3/136 343/1/135
f 344/3/138 343/1/135 351/3/136
f 346/3/140 350/1/156 352/3/155
f 350/1/156 346/3/140 345/1/139
f 352/3/158 350/1/157 346/3/142
f 345/1/141 346/3/142 350/1/157
f 344/3/134 352/3/155 351/3/132
f 352/3/155 344/3/134 346/3/140
f 351/3/136 352/3/158 344/3/138
f 346/3/142 344/3/138 352/3/158
f 336/3/93 317/1/92 335/1/91
f 317/1/92 336/3/93 318/3/94
f 335/1/97 317/1/96 336/3/95
f 318/3/98 336/3/95 317/1/96
f 355/1/111 354/3/108 353/1/113
f 354/3/108 355/1/111 356/3/107
f 353/1/114 354/3/110 355/1/112
f 356/3/109 355/1/112 354/3/110
f 358/3/94 355/1/111 357/1/92
f 355/1/111 358/3/94 356/3/107
f 357/1/96 355/1/112 358/3/98
f 356/3/109 358/3/98 355/1/112
f 361/2/85 360/1/84 359/1/83
f 360/1/84 361/2/85 362/2/86
f 359/1/89 360/1/88 361/2/87
f 362/2/90 361/2/87 360/1/88
f 360/1/84 364/2/101 363/1/99
f 364/2/101 360/1/84 362/2/86
f 363/1/105 364/2/103 360/1/88
f 362/2/90 360/1/88 364/2/103
f 367/1/161 366/2/145 365/1/143
f 366/2/145 367/1/161 368/2/152
f 365/1/149 366/2/147 367/1/162
f 368/2/154 367/1/162 366/2/147
f 366/2/145 370/2/151 369/2/146
f 370/2/151 366/2/145 368/2/152
f 369/2/150 370/2/153 366/2/147
f 368/2/154 366/2/147 370/2/153
f 370/2/151 367/1/161 371/1/159
f 367/1/161 370/2/151 368/2/152
f 371/1/160 367/1/162 370/2/153
f 368/2/154 370/2/153 367/1/162
f 366/2/145 372/1/144 365/1/143
f 372/1/144 366/2/145 369/2/146
f 365/1/149 372/1/148 366/2/147
f 369/2/150 366/2/147 372/1/148
f 369/2/146 371/1/159 372/1/144
f 371/1/159 369/2/146 370/2/151
f 372/1/148 371/1/160 369/2/150
f 370/2/153 369/2/150 371/1/160
f 374/2/102 359/1/83 373/1/100
f 359/1/83 374/2/102 361/2/85
f 373/1/104 359/1/89 374/2/106
f 361/2/87 374/2/106 359/1/89
f 354/3/108 375/1/91 353/1/113
f 375/1/91 354/3/108 376/3/93
f 353/1/114 375/1/97 354/3/110
f 376/3/95 354/3/110 375/1/97
f 364/2/101 373/1/100 363/1/99
f 373/1/100 364/2/101 374/2/102
f 363/1/105 373/1/104 364/2/103
f 374/2/106 364/2/103 373/1/104
f 364/2/101 361/2/85 374/2/102
f 361/2/85 364/2/101 362/2/86
f 374/2/106 361/2/87 364/2/103
f 362/2/90 364/2/103 361/2/87
f 379/3/261 378/3/260 377/3/259
f 378/3/260 379/3/261 380/3/262
f 377/3/265 378/3/264 379/3/263
f 380/3/266 379/3/263 378/3/264
f 376/3/93 356/3/107 358/3/94
f 356/3/107 376/3/93 354/3/108
f 358/3/98 356/3/109 376/3/95
f 354/3/110 376/3/95 356/3/109
f 381/1/267 380/3/262 379/3/261
f 380/3/262 381/1/267 382/1/268
f 379/3/263 380/3/266 381/1/269
f 382/1/270 381/1/269 380/3/266
f 385/1/139 384/3/134 383/1/133
f 384/3/134 385/1/139 386/3/140
f 383/1/135 384/3/138 385/1/141
f 386/3/142 385/1/141 384/3/138
f 381/1/267 377/3/259 387/1/271
f 377/3/259 381/1/267 379/3/261
f 387/1/272 377/3/265 381/1/269
f 379/3/263 381/1/269 377/3/265
f 380/3/262 388/1/273 378/3/260
f 388/1/273 380/3/262 382/1/268
f 378/3/264 388/1/274 380/3/266
f 382/1/270 380/3/266 388/1/274
f 391/3/132 390/1/156 389/1/131
f 390/1/156 391/3/132 392/3/155
f 389/1/137 390/1/157 391/3/136
f 392/3/158 391/3/136 390/1/157
f 377/3/259 388/1/273 387/1/271
f 388/1/273 377/3/259 378/3/260
f 387/1/272 388/1/274 377/3/265
f 378/3/264 377/3/265 388/1/274
f 383/1/133 391/3/132 389/1/131
f 391/3/132 383/1/133 384/3/134
f 389/1/137 391/3/136 383/1/135
f 384/3/138 383/1/135 391/3/136
f 386/3/140 390/1/156 392/3/155
f 390/1/156 386/3/140 385/1/139
f 392/3/158 390/1/157 386/3/142
f 385/1/141 386/3/142 390/1/157
f 384/3/134 392/3/155 391/3/132
f 392/3/155 384/3/134 386/3/140
f 391/3/136 392/3/158 384/3/138
f 386/3/142 384/3/138 392/3/158
f 376/3/93 357/1/92 375/1/91
f 357/1/92 376/3/93 358/3/94
f 375/1/97 357/1/96 376/3/95
f 358/3/98 376/3/95 357/1/96
f 395/1/31 394/3/28 393/1/33
f 394/3/28 395/1/31 396/3/27
f 393/1/34 394/3/30 395/1/32
f 396/3/29 395/1/32 394/3/30
f 398/3/14 395/1/31 397/1/12
f 395/1/31 398/3/14 396/3/27
f 397/1/16 395/1/32 398/3/18
f 396/3/29 398/3/18 395/1/32
f 401/2/5 400/1/4 399/1/3
f 400/1/4 401/2/5 402/2/6
f 399/1/9 400/1/8 401/2/7
f 402/2/10 401/2/7 400/1/8
f 400/1/4 404/2/21 403/1/19
f 404/2/21 400/1/4 402/2/6
f 403/1/25 404/2/23 400/1/8
f 402/2/10 400/1/8 404/2/23
f 407/1/81 406/2/65 405/1/63
f 406/2/65 407/1/81 408/2/72
f 405/1/69 406/2/67 407/1/82
f 408/2/74 407/1/82 406/2/67
f 406/2/65 410/2/71 409/2/66
f 410/2/71 406/2/65 408/2/72
f 409/2/70 410/2/73 406/2/67
f 408/2/74 406/2/67 410/2/73
f 410/2/71 407/1/81 411/1/79
f 407/1/81 410/2/71 408/2/72
f 411/1/80 407/1/82 410/2/73
f 408/2/74 410/2/73 407/1/82
f 406/2/65 412/1/64 405/1/63
f 412/1/64 406/2/65 409/2/66
f 405/1/69 412/1/68 406/2/67
f 409/2/70 406/2/67 412/1/68
f 409/2/66 411/1/79 412/1/64
f 411/1/79 409/2/66 410/2/71
f 412/1/68 411/1/80 409/2/70
f 410/2/73 409/2/70 411/1/80
f 414/2/22 399/1/3 413/1/20
f 399/1/3 414/2/22 401/2/5
f 413/1/24 399/1/9 414/2/26
f 401/2/7 414/2/26 399/1/9
f 394/3/28 415/1/11 393/1/33
f 415/1/11 394/3/28 416/3/13
f 393/1/34 415/1/17 394/3/30
f 416/3/15 394/3/30 415/1/17
f 404/2/21 413/1/20 403/1/19
f 413/1/20 404/2/21 414/2/22
f 403/1/25 413/1/24 404/2/23
f 414/2/26 404/2/23 413/1/24
f 404/2/21 401/2/5 414/2/22
f 401/2/5 404/2/21 402/2/6
f 414/2/26 401/2/7 404/2/23
f 402/2/10 404/2/23 401/2/7
f 419/3/37 418/3/36 417/3/35
f 418/3/36 419/3/37 420/3/38
f 417/3/41 418/3/40 419/3/39
f 420/3/42 419/3/39 418/3/40
f 416/3/13 396/3/27 398/3/14
f 396/3/27 416/3/13 394/3/28
f 398/3/18 396/3/29 416/3/15
f 394/3/30 416/3/15 396/3/29
f 421/1/49 420/3/38 419/3/37
f 420/3/38 421/1/49 422/1/44
f 419/3/39 420/3/42 421/1/50
f 422/1/46 421/1/50 420/3/42
f 425/1/59 424/3/54 423/1/53
f 424/3/54 425/1/59 426/3/60
f 423/1/55 424/3/58 425/1/61
f 426/3/62 425/1/61 424/3/58
f 421/1/49 417/3/35 427/1/47
f 417/3/35 421/1/49 419/3/37
f 427/1/48 417/3/41 421/1/50
f 419/3/39 421/1/50 417/3/41
f 420/3/38 428/1/43 418/3/36
f 428/1/43 420/3/38 422/1/44
f 418/3/40 428/1/45 420/3/42
f 422/1/46 420/3/42 428/1/45
f 431/3/52 430/1/76 429/1/51
f 430/1/76 431/3/52 432/3/75
f 429/1/57 430/1/77 431/3/56
f 432/3/78 431/3/56 430/1/77
f 417/3/35 428/1/43 427/1/47
f 428/1/43 417/3/35 418/3/36
f 427/1/48 428/1/45 417/3/41
f 418/3/40 417/3/41 428/1/45
f 423/1/53 431/3/52 429/1/51
f 431/3/52 423/1/53 424/3/54
f 429/1/57 431/3/56 423/1/55
f 424/3/58 423/1/55 431/3/56
f 426/3/60 430/1/76 432/3/75
f 430/1/76 426/3/60 425/1/59
f 432/3/78 430/1/77 426/3/62
f 425/1/61 426/3/62 430/1/77
f 424/3/54 432/3/75 431/3/52
f 432/3/75 424/3/54 426/3/60
f 431/3/56 432/3/78 424/3/58
f 426/3/62 424/3/58 432/3/78
f 416/3/13 397/1/12 415/1/11
f 397/1/12 416/3/13 398/3/14
f 415/1/17 397/1/16 416/3/15
f 398/3/18 416/3/15 397/1/16
f 435/1/191 434/3/188 433/1/193
f 434/3/188 435/1/191 436/3/187
f 433/1/194 434/3/190 435/1/192
f 436/3/189 435/1/192 434/3/190
f 438/3/174 435/1/191 437/1/172
f 435/1/191 438/3/174 436/3/187
f 437/1/176 435/1/192 438/3/178
f 436/3/189 438/3/178 435/1/192
f 441/2/165 440/1/164 439/1/163
f 440/1/164 441/2/165 442/2/166
f 439/1/169 440/1/168 441/2/167
f 442/2/170 441/2/167 440/1/168
f 440/1/164 444/2/181 443/1/179
f 444/2/181 440/1/164 442/2/166
f 443/1/185 444/2/183 440/1/168
f 442/2/170 440/1/168 444/2/183
f 447/1/241 446/2/225 445/1/223
f 446/2/225 447/1/241 448/2/232
f 445/1/229 446/2/227 447/1/242
f 448/2/234 447/1/242 446/2/227
f 446/2/225 450/2/231 449/2/226
f 450/2/231 446/2/225 448/2/232
f 449/2/230 450/2/233 446/2/227
f 448/2/234 446/2/227 450/2/233
f 450/2/231 447/1/241 451/1/239
f 447/1/241 450/2/231 448/2/232
f 451/1/240 447/1/242 450/2/233
f 448/2/234 450/2/233 447/1/242
f 446/2/225 452/1/224 445/1/223
f 452/1/224 446/2/225 449/2/226
f 445/1/229 452/1/228 446/2/227
f 449/2/230 446/2/227 452/1/228
f 449/2/226 451/1/239 452/1/224
f 451/1/239 449/2/226 450/2/231
f 452/1/228 451/1/240 449/2/230
f 450/2/233 449/2/230 451/1/240
f 454/2/182 439/1/163 453/1/180
f 439/1/163 454/2/182 441/2/165
f 453/1/184 439/1/169 454/2/186
f 441/2/167 454/2/186 439/1/169
f 434/3/188 455/1/171 433/1/193
f 455/1/171 434/3/188 456/3/173
f 433/1/194 455/1/177 434/3/190
f 456/3/175 434/3/190 455/1/177
f 444/2/181 453/1/180 443/1/179
f 453/1/180 444/2/181 454/2/182
f 443/1/185 453/1/184 444/2/183
f 454/2/186 444/2/183 453/1/184
f 444/2/181 441/2/165 454/2/182
f 441/2/165 444/2/181 442/2/166
f 454/2/186 441/2/167 444/2/183
f 442/2/170 444/2/183 441/2/167
f 459/3/197 458/3/196 457/3/195
f 458/3/196 459/3/197 460/3/198
f 457/3/201 458/3/200 459/3/199
f 460/3/202 459/3/199 458/3/200
f 456/3/173 436/3/187 438/3/174
f 436/3/187 456/3/173 434/3/188
f 438/3/178 436/3/189 456/3/175
f 434/3/190 456/3/175 436/3/189
f 461/1/209 460/3/198 459/3/197
f 460/3/198 461/1/209 462/1/204
f 459/3/199 460/3/202 461/1/210
f 462/1/206 461/1/210 460/3/202
f 465/1/219 464/3/214 463/1/213
f 464/3/214 465/1/219 466/3/220
f 463/1/215 464/3/218 465/1/221
f 466/3/222 465/1/221 464/3/218
f 461/1/209 457/3/195 467/1/207
f 457/3/195 461/1/209 459/3/197
f 467/1/208 457/3/201 461/1/210
f 459/3/199 461/1/210 457/3/201
f 460/3/198 468/1/203 458/3/196
f 468/1/203 460/3/198 462/1/204
f 458/3/200 468/1/205 460/3/202
f 462/1/206 460/3/202 468/1/205
f 471/3/212 470/1/236 469/1/211
f 470/1/236 471/3/212 472/3/235
f 469/1/217 470/1/237 471/3/216
f 472/3/238 471/3/216 470/1/237
f 457/3/195 468/1/203 467/1/207
f 468/1/203 457/3/195 458/3/196
f 467/1/208 468/1/205 457/3/201
f 458/3/200 457/3/201 468/1/205
f 463/1/213 471/3/212 469/1/211
f 471/3/212 463/1/213 464/3/214
f 469/1/217 471/3/216 463/1/215
f 464/3/218 463/1/215 471/3/216
f 466/3/220 470/1/236 472/3/235
f 470/1/236 466/3/220 465/1/219
f 472/3/238 470/1/237 466/3/222
f 465/1/221 466/3/222 470/1/237
f 464/3/214 472/3/235 471/3/212
f 472/3/235 464/3/214 466/3/220
f 471/3/216 472/3/238 464/3/218
f 466/3/222 464/3/218 472/3/238
f 456/3/173 437/1/172 455/1/171
f 437/1/172 456/3/173 438/3/174
f 455/1/177 437/1/176 456/3/175
f 438/3/178 456/3/175 437/1/176
f 475/1/31 474/3/28 473/1/33
f 474/3/28 475/1/31 476/3/27
f 473/1/34 474/3/30 475/1/32
f 476/3/29 475/1/32 474/3/30
f 478/3/14 475/1/31 477/1/12
f 475/1/31 478/3/14 476/3/27
f 477/1/16 475/1/32 478/3/18
f 476/3/29 478/3/18 475/1/32
f 481/2/5 480/1/4 479/1/3
f 480/1/4 481/2/5 482/2/6
f 479/1/9 480/1/8 481/2/7
f 482/2/10 481/2/7 480/1/8
f 480/1/4 484/2/21 483/1/19
f 484/2/21 480/1/4 482/2/6
f 483/1/25 484/2/23 480/1/8
f 482/2/10 480/1/8 484/2/23
f 487/1/81 486/2/65 485/1/63
f 486/2/65 487/1/81 488/2/72
f 485/1/69 486/2/67 487/1/82
f 488/2/74 487/1/82 486/2/67
f 486/2/65 490/2/71 489/2/66
f 490/2/71 486/2/65 488/2/72
f 489/2/70 490/2/73 486/2/67
f 488/2/74 486/2/67 490/2/73
f 490/2/71 487/1/81 491/1/79
f 487/1/81 490/2/71 488/2/72
f 491/1/80 487/1/82 490/2/73
f 488/2/74 490/2/73 487/1/82
f 486/2/65 492/1/64 485/1/63
f 492/1/64 486/2/65 489/2/66
f 485/1/69 492/1/68 486/2/67
f 489/2/70 486/2/67 492/1/68
f 489/2/66 491/1/79 492/1/64
f 491/1/79 489/2/66 490/2/71
f 492/1/68 491/1/80 489/2/70
f 490/2/73 489/2/70 491/1/80
f 494/2/22 479/1/3 493/1/20
f 479/1/3 494/2/22 481/2/5
f 493/1/24 479/1/9 494/2/26
f 481/2/7 494/2/26 479/1/9
f 474/3/28 495/1/11 473/1/33
f 495/1/11 474/3/28 496/3/13
f 473/1/34 495/1/17 474/3/30
f 496/3/15 474/3/30 495/1/17
f 484/2/21 493/1/20 483/1/19
f 493/1/20 484/2/21 494/2/22
f 483/1/25 493/1/24 484/2/23
f 494/2/26 484/2/23 493/1/24
f 484/2/21 481/2/5 494/2/22
f 481/2/5 484/2/21 482/2/6
f 494/2/26 481/2/7 484/2/23
f 482/2/10 484/2/23 481/2/7
f 499/3/37 498/3/36 497/3/35
f 498/3/36 499/3/37 500/3/38
f 497/3/41 498/3/40 499/3/39
f 500/3/42 499/3/39 498/3/40
f 496/3/13 476/3/27 478/3/14
f 476/3/27 496/3/13 474/3/28
f 478/3/18 476/3/29 496/3/15
f 474/3/30 496/3/15 476/3/29
f 501/1/49 500/3/38 499/3/37
f 500/3/38 501/1/49 502/1/44
f 499/3/39 500/3/42 501/1/50
f 502/1/46 501/1/50 500/3/42
f 505/1/59 504/3/54 503/1/53
f 504/3/54 505/1/59 506/3/60
f 503/1/55 504/3/58 505/1/61
f 506/3/62 505/1/61 504/3/58
f 501/1/49 497/3/35 507/1/47
f 497/3/35 501/1/49 499/3/37
f 507/1/48 497/3/41 501/1/50
f 499/3/39 501/1/50 497/3/41
f 500/3/38 508/1/43 498/3/36
f 508/1/43 500/3/38 502/1/44
f 498/3/40 508/1/45 500/3/42
f 502/1/46 500/3/42 508/1/45
f 511/3/52 510/1/76 509/1/51
f 510/1/76 511/3/52 512/3/75
f 509/1/57 510/1/77 511/3/56
f 512/3/78 511/3/56 510/1/77
f 497/3/35 508/1/43 507/1/47
f 508/1/43 497/3/35 498/3/36
f 507/1/48 508/1/45 497/3/41
f 498/3/40 497/3/41 508/1/45
f 503/1/53 511/3/52 509/1/51
f 511/3/52 503/1/53 504/3/54
f 509/1/57 511/3/56 503/1/55
f 504/3/58 503/1/55 511/3/56
f 506/3/60 510/1/76 512/3/75
f 510/1/76 506/3/60 505/1/59
f 512/3/78 510/1/77 506/3/62
f 505/1/61 506/3/62 510/1/77
f 504/3/54 512/3/75 511/3/52
f 512/3/75 504/3/54 506/3/60
f 511/3/56 512/3/78 504/3/58
f 506/3/62 504/3/58 512/3/78
f 496/3/13 477/1/12 495/1/11
f 477/1/12 496/3/13 478/3/14
f 495/1/17 477/1/16 496/3/15
f 478/3/18 496/3/15 477/1/16
f 513/1/1 3/1/1 184/1/1
f 3/1/1 513/1/1 514/1/1
f 184/1/2 3/1/2 513/1/2
f 514/1/2 513/1/2 3/1/2
f 517/5/277 516/4/276 515/4/275
f 516/4/276 517/5/277 518/5/278
f 515/4/281 516/4/280 517/5/279
f 518/5/282 517/5/279 516/4/280
f 521/5/285 520/5/284 519/5/283
f 520/5/284 521/5/285 522/5/286
f 519/5/289 520/5/288 521/5/287
f 522/5/290 521/5/287 520/5/288
f 524/5/292 517/5/277 523/5/291
f 517/5/277 524/5/292 518/5/278
f 523/5/294 517/5/279 524/5/293
f 518/5/282 524/5/293 517/5/279
f 527/4/91 526/6/94 525/4/92
f 526/6/94 527/4/91 528/6/93
f 525/4/96 526/6/98 527/4/97
f 528/6/95 527/4/97 526/6/98
f 530/6/107 528/6/93 529/6/108
f 528/6/93 530/6/107 526/6/94
f 529/6/110 528/6/95 530/6/109
f 526/6/98 530/6/109 528/6/95
f 529/6/108 527/4/91 531/4/113
f 527/4/91 529/6/108 528/6/93
f 531/4/114 527/4/97 529/6/110
f 528/6/95 529/6/110 527/4/97
f 523/5/291 515/4/275 532/4/295
f 515/4/275 523/5/291 517/5/277
f 532/4/296 515/4/281 523/5/294
f 517/5/279 523/5/294 515/4/281
f 533/4/297 518/5/278 524/5/292
f 518/5/278 533/4/297 516/4/276
f 524/5/293 518/5/282 533/4/298
f 516/4/280 533/4/298 518/5/282
f 536/7/155 535/7/134 534/7/140
f 535/7/134 536/7/155 537/7/132
f 534/7/142 535/7/138 536/7/158
f 537/7/136 536/7/158 535/7/138
f 537/7/132 538/4/133 535/7/134
f 538/4/133 537/7/132 539/4/131
f 535/7/138 538/4/135 537/7/136
f 539/4/137 537/7/136 538/4/135
f 541/4/156 534/7/140 540/4/139
f 534/7/140 541/4/156 536/7/155
f 540/4/141 534/7/142 541/4/157
f 536/7/158 541/4/157 534/7/142
f 539/4/131 536/7/155 541/4/156
f 536/7/155 539/4/131 537/7/132
f 541/4/157 536/7/158 539/4/137
f 537/7/136 539/4/137 536/7/158
f 543/4/300 522/5/286 542/4/299
f 522/5/286 543/4/300 520/5/284
f 542/4/302 522/5/290 543/4/301
f 520/5/288 543/4/301 522/5/290
f 522/5/286 544/4/303 542/4/299
f 544/4/303 522/5/286 521/5/285
f 542/4/302 544/4/304 522/5/290
f 521/5/287 522/5/290 544/4/304
f 519/5/283 543/4/300 545/4/305
f 543/4/300 519/5/283 520/5/284
f 545/4/306 543/4/301 519/5/289
f 520/5/288 519/5/289 543/4/301
f 548/7/94 547/4/111 546/4/92
f 547/4/111 548/7/94 549/7/107
f 546/4/96 547/4/112 548/7/98
f 549/7/109 548/7/98 547/4/112
f 521/5/285 545/4/305 544/4/303
f 545/4/305 521/5/285 519/5/283
f 544/4/304 545/4/306 521/5/287
f 519/5/289 521/5/287 545/4/306
f 549/7/107 551/7/93 550/7/108
f 551/7/93 549/7/107 548/7/94
f 550/7/110 551/7/95 549/7/109
f 548/7/98 549/7/109 551/7/95
f 530/6/107 531/4/113 552/4/111
f 531/4/113 530/6/107 529/6/108
f 552/4/112 531/4/114 530/6/109
f 529/6/110 530/6/109 531/4/114
f 550/7/108 554/4/91 553/4/113
f 554/4/91 550/7/108 551/7/93
f 553/4/114 554/4/97 550/7/110
f 551/7/95 550/7/110 554/4/97
f 534/7/140 538/4/133 540/4/139
f 538/4/133 534/7/140 535/7/134
f 540/4/141 538/4/135 534/7/142
f 535/7/138 534/7/142 538/4/135
f 526/6/94 552/4/111 525/4/92
f 552/4/111 526/6/94 530/6/107
f 525/4/96 552/4/112 526/6/98
f 530/6/109 526/6/98 552/4/112
f 549/7/107 553/4/113 547/4/111
f 553/4/113 549/7/107 550/7/108
f 547/4/112 553/4/114 549/7/109
f 550/7/110 549/7/109 553/4/114
f 533/4/297 523/5/291 532/4/295
f 523/5/291 533/4/297 524/5/292
f 532/4/296 523/5/294 533/4/298
f 524/5/293 533/4/298 523/5/294
f 557/7/94 556/4/111 555/4/92
f 556/4/111 557/7/94 558/7/107
f 555/4/96 556/4/112 557/7/98
f 558/7/109 557/7/98 556/4/112
f 554/4/91 548/7/94 546/4/92
f 548/7/94 554/4/91 551/7/93
f 546/4/96 548/7/98 554/4/97
f 551/7/95 554/4/97 548/7/98
f 558/7/107 560/7/93 559/7/108
f 560/7/93 558/7/107 557/7/94
f 559/7/110 560/7/95 558/7/109
f 557/7/98 558/7/109 560/7/95
f 561/4/91 557/7/94 555/4/92
f 557/7/94 561/4/91 560/7/93
f 555/4/96 557/7/98 561/4/97
f 560/7/95 561/4/97 557/7/98
f 558/7/107 562/4/113 556/4/111
f 562/4/113 558/7/107 559/7/108
f 556/4/112 562/4/114 558/7/109
f 559/7/110 558/7/109 562/4/114
f 559/7/108 561/4/91 562/4/113
f 561/4/91 559/7/108 560/7/93
f 562/4/114 561/4/97 559/7/110
f 560/7/95 559/7/110 561/4/97
f 565/5/309 564/5/308 563/5/307
f 564/5/308 565/5/309 566/5/310
f 563/5/313 564/5/312 565/5/311
f 566/5/314 565/5/311 564/5/312
f 563/5/307 568/4/316 567/4/315
f 568/4/316 563/5/307 564/5/308
f 567/4/318 568/4/317 563/5/313
f 564/5/312 563/5/313 568/4/317
f 565/5/309 567/4/315 569/4/319
f 567/4/315 565/5/309 563/5/307
f 569/4/320 567/4/318 565/5/311
f 563/5/313 565/5/311 567/4/318
f 564/5/308 570/4/321 568/4/316
f 570/4/321 564/5/308 566/5/310
f 568/4/317 570/4/322 564/5/312
f 566/5/314 564/5/312 570/4/322
f 570/4/321 565/5/309 569/4/319
f 565/5/309 570/4/321 566/5/310
f 569/4/320 565/5/311 570/4/322
f 566/5/314 570/4/322 565/5/311
f 573/4/144 572/5/151 571/4/159
f 572/5/151 573/4/144 574/5/146
f 571/4/160 572/5/153 573/4/148
f 574/5/150 573/4/148 572/5/153
f 572/5/151 576/5/145 575/5/152
f 576/5/145 572/5/151 574/5/146
f 575/5/154 576/5/147 572/5/153
f 574/5/150 572/5/153 576/5/147
f 572/5/151 577/4/161 571/4/159
f 577/4/161 572/5/151 575/5/152
f 571/4/160 577/4/162 572/5/153
f 575/5/154 572/5/153 577/4/162
f 576/5/145 573/4/144 578/4/143
f 573/4/144 576/5/145 574/5/146
f 578/4/149 573/4/148 576/5/147
f 574/5/150 576/5/147 573/4/148
f 575/5/152 578/4/143 577/4/161
f 578/4/143 575/5/152 576/5/145
f 577/4/162 578/4/149 575/5/154
f 576/5/147 575/5/154 578/4/149
f 581/7/155 580/7/134 579/7/140
f 580/7/134 581/7/155 582/7/132
f 579/7/142 580/7/138 581/7/158
f 582/7/136 581/7/158 580/7/138
f 582/7/132 583/4/133 580/7/134
f 583/4/133 582/7/132 584/4/131
f 580/7/138 583/4/135 582/7/136
f 584/4/137 582/7/136 583/4/135
f 587/5/85 586/5/101 585/5/86
f 586/5/101 587/5/85 588/5/102
f 585/5/90 586/5/103 587/5/87
f 588/5/106 587/5/87 586/5/103
f 585/5/86 590/4/99 589/4/84
f 590/4/99 585/5/86 586/5/101
f 589/4/88 590/4/105 585/5/90
f 586/5/103 585/5/90 590/4/105
f 579/7/140 583/4/133 591/4/139
f 583/4/133 579/7/140 580/7/134
f 591/4/141 583/4/135 579/7/142
f 580/7/138 579/7/142 583/4/135
f 584/4/131 581/7/155 592/4/156
f 581/7/155 584/4/131 582/7/132
f 592/4/157 581/7/158 584/4/137
f 582/7/136 584/4/137 581/7/158
f 586/5/101 593/4/100 590/4/99
f 593/4/100 586/5/101 588/5/102
f 590/4/105 593/4/104 586/5/103
f 588/5/106 586/5/103 593/4/104
f 587/5/85 589/4/84 594/4/83
f 589/4/84 587/5/85 585/5/86
f 594/4/89 589/4/88 587/5/87
f 585/5/90 587/5/87 589/4/88
f 593/4/100 587/5/85 594/4/83
f 587/5/85 593/4/100 588/5/102
f 594/4/89 587/5/87 593/4/104
f 588/5/106 593/4/104 587/5/87
f 592/4/156 579/7/140 591/4/139
f 579/7/140 592/4/156 581/7/155
f 591/4/141 579/7/142 592/4/157
f 581/7/158 592/4/157 579/7/142
f 230/1/1 311/1/1 228/1/1
f 311/1/1 230/1/1 312/1/1
f 228/1/2 311/1/2 230/1/2
f 312/1/2 230/1/2 311/1/2
f 597/5/277 596/4/276 595/4/275
f 596/4/276 597/5/277 598/5/278
f 595/4/281 596/4/280 597/5/279
f 598/5/282 597/5/279 596/4/280
f 601/5/285 600/5/284 599/5/283
f 600/5/284 601/5/285 602/5/286
f 599/5/289 600/5/288 601/5/287
f 602/5/290 601/5/287 600/5/288
f 604/5/292 597/5/277 603/5/291
f 597/5/277 604/5/292 598/5/278
f 603/5/294 597/5/279 604/5/293
f 598/5/282 604/5/293 597/5/279
f 607/4/91 606/6/94 605/4/92
f 606/6/94 607/4/91 608/6/93
f 605/4/96 606/6/98 607/4/97
f 608/6/95 607/4/97 606/6/98
f 610/6/107 608/6/93 609/6/108
f 608/6/93 610/6/107 606/6/94
f 609/6/110 608/6/95 610/6/109
f 606/6/98 610/6/109 608/6/95
f 609/6/108 607/4/91 611/4/113
f 607/4/91 609/6/108 608/6/93
f 611/4/114 607/4/97 609/6/110
f 608/6/95 609/6/110 607/4/97
f 603/5/291 595/4/275 612/4/295
f 595/4/275 603/5/291 597/5/277
f 612/4/296 595/4/281 603/5/294
f 597/5/279 603/5/294 595/4/281
f 613/4/297 598/5/278 604/5/292
f 598/5/278 613/4/297 596/4/276
f 604/5/293 598/5/282 613/4/298
f 596/4/280 613/4/298 598/5/282
f 616/7/155 615/7/134 614/7/140
f 615/7/134 616/7/155 617/7/132
f 614/7/142 615/7/138 616/7/158
f 617/7/136 616/7/158 615/7/138
f 617/7/132 618/4/133 615/7/134
f 618/4/133 617/7/132 619/4/131
f 615/7/138 618/4/135 617/7/136
f 619/4/137 617/7/136 618/4/135
f 621/4/156 614/7/140 620/4/139
f 614/7/140 621/4/156 616/7/155
f 620/4/141 614/7/142 621/4/157
f 616/7/158 621/4/157 614/7/142
f 619/4/131 616/7/155 621/4/156
f 616/7/155 619/4/131 617/7/132
f 621/4/157 616/7/158 619/4/137
f 617/7/136 619/4/137 616/7/158
f 623/4/300 602/5/286 622/4/299
f 602/5/286 623/4/300 600/5/284
f 622/4/302 602/5/290 623/4/301
f 600/5/288 623/4/301 602/5/290
f 602/5/286 624/4/303 622/4/299
f 624/4/303 602/5/286 601/5/285
f 622/4/302 624/4/304 602/5/290
f 601/5/287 602/5/290 624/4/304
f 599/5/283 623/4/300 625/4/305
f 623/4/300 599/5/283 600/5/284
f 625/4/306 623/4/301 599/5/289
f 600/5/288 599/5/289 623/4/301
f 628/7/94 627/4/111 626/4/92
f 627/4/111 628/7/94 629/7/107
f 626/4/96 627/4/112 628/7/98
f 629/7/109 628/7/98 627/4/112
f 601/5/285 625/4/305 624/4/303
f 625/4/305 601/5/285 599/5/283
f 624/4/304 625/4/306 601/5/287
f 599/5/289 601/5/287 625/4/306
f 629/7/107 631/7/93 630/7/108
f 631/7/93 629/7/107 628/7/94
f 630/7/110 631/7/95 629/7/109
f 628/7/98 629/7/109 631/7/95
f 610/6/107 611/4/113 632/4/111
f 611/4/113 610/6/107 609/6/108
f 632/4/112 611/4/114 610/6/109
f 609/6/110 610/6/109 611/4/114
f 630/7/108 634/4/91 633/4/113
f 634/4/91 630/7/108 631/7/93
f 633/4/114 634/4/97 630/7/110
f 631/7/95 630/7/110 634/4/97
f 614/7/140 618/4/133 620/4/139
f 618/4/133 614/7/140 615/7/134
f 620/4/141 618/4/135 614/7/142
f 615/7/138 614/7/142 618/4/135
f 606/6/94 632/4/111 605/4/92
f 632/4/111 606/6/94 610/6/107
f 605/4/96 632/4/112 606/6/98
f 610/6/109 606/6/98 632/4/112
f 629/7/107 633/4/113 627/4/111
f 633/4/113 629/7/107 630/7/108
f 627/4/112 633/4/114 629/7/109
f 630/7/110 629/7/109 633/4/114
f 613/4/297 603/5/291 612/4/295
f 603/5/291 613/4/297 604/5/292
f 612/4/296 603/5/294 613/4/298
f 604/5/293 613/4/298 603/5/294
f 637/7/94 636/4/111 635/4/92
f 636/4/111 637/7/94 638/7/107
f 635/4/96 636/4/112 637/7/98
f 638/7/109 637/7/98 636/4/112
f 634/4/91 628/7/94 626/4/92
f 628/7/94 634/4/91 631/7/93
f 626/4/96 628/7/98 634/4/97
f 631/7/95 634/4/97 628/7/98
f 638/7/107 640/7/93 639/7/108
f 640/7/93 638/7/107 637/7/94
f 639/7/110 640/7/95 638/7/109
f 637/7/98 638/7/109 640/7/95
f 641/4/91 637/7/94 635/4/92
f 637/7/94 641/4/91 640/7/93
f 635/4/96 637/7/98 641/4/97
f 640/7/95 641/4/97 637/7/98
f 638/7/107 642/4/113 636/4/111
f 642/4/113 638/7/107 639/7/108
f 636/4/112 642/4/114 638/7/109
f 639/7/110 638/7/109 642/4/114
f 639/7/108 641/4/91 642/4/113
f 641/4/91 639/7/108 640/7/93
f 642/4/114 641/4/97 639/7/110
f 640/7/95 639/7/110 641/4/97
f 645/5/309 644/5/308 643/5/307
f 644/5/308 645/5/309 646/5/310
f 643/5/313 644/5/312 645/5/311
f 646/5/314 645/5/311 644/5/312
f 643/5/307 648/4/316 647/4/315
f 648/4/316 643/5/307 644/5/308
f 647/4/318 648/4/317 643/5/313
f 644/5/312 643/5/313 648/4/317
f 645/5/309 647/4/315 649/4/319
f 647/4/315 645/5/309 643/5/307
f 649/4/320 647/4/318 645/5/311
f 643/5/313 645/5/311 647/4/318
f 644/5/308 650/4/321 648/4/316
f 650/4/321 644/5/308 646/5/310
f 648/4/317 650/4/322 644/5/312
f 646/5/314 644/5/312 650/4/322
f 650/4/321 645/5/309 649/4/319
f 645/5/309 650/4/321 646/5/310
f 649/4/320 645/5/311 650/4/322
f 646/5/314 650/4/322 645/5/311
f 653/4/144 652/5/151 651/4/159
f 652/5/151 653/4/144 654/5/146
f 651/4/160 652/5/153 653/4/148
f 654/5/150 653/4/148 652/5/153
f 652/5/151 656/5/145 655/5/152
f 656/5/145 652/5/151 654/5/146
f 655/5/154 656/5/147 652/5/153
f 654/5/150 652/5/153 656/5/147
f 652/5/151 657/4/161 651/4/159
f 657/4/161 652/5/151 655/5/152
f 651/4/160 657/4/162 652/5/153
f 655/5/154 652/5/153 657/4/162
f 656/5/145 653/4/144 658/4/143
f 653/4/144 656/5/145 654/5/146
f 658/4/149 653/4/148 656/5/147
f 654/5/150 656/5/147 653/4/148
f 655/5/152 658/4/143 657/4/161
f 658/4/143 655/5/152 656/5/145
f 657/4/162 658/4/149 655/5/154
f 656/5/147 655/5/154 658/4/149
f 661/7/155 660/7/134 659/7/140
f 660/7/134 661/7/155 662/7/132
f 659/7/142 660/7/138 661/7/158
f 662/7/136 661/7/158 660/7/138
f 662/7/132 663/4/133 660/7/134
f 663/4/133 662/7/132 664/4/131
f 660/7/138 663/4/135 662/7/136
f 664/4/137 662/7/136 663/4/135
f 667/5/85 666/5/101 665/5/86
f 666/5/101 667/5/85 668/5/102
f 665/5/90 666/5/103 667/5/87
f 668/5/106 667/5/87 666/5/103
f 665/5/86 670/4/99 669/4/84
f 670/4/99 665/5/86 666/5/101
f 669/4/88 670/4/105 665/5/90
f 666/5/103 665/5/90 670/4/105
f 659/7/140 663/4/133 671/4/139
f 663/4/133 659/7/140 660/7/134
f 671/4/141 663/4/135 659/7/142
f 660/7/138 659/7/142 663/4/135
f 664/4/131 661/7/155 672/4/156
f 661/7/155 664/4/131 662/7/132
f 672/4/157 661/7/158 664/4/137
f 662/7/136 664/4/137 661/7/158
f 666/5/101 673/4/100 670/4/99
f 673/4/100 666/5/101 668/5/102
f 670/4/105 673/4/104 666/5/103
f 668/5/106 666/5/103 673/4/104
f 667/5/85 669/4/84 674/4/83
f 669/4/84 667/5/85 665/5/86
f 674/4/89 669/4/88 667/5/87
f 665/5/90 667/5/87 669/4/88
f 673/4/100 667/5/85 674/4/83
f 667/5/85 673/4/100 668/5/102
f 674/4/89 667/5/87 673/4/104
f 668/5/106 673/4/104 667/5/87
f 672/4/156 659/7/140 671/4/139
f 659/7/140 672/4/156 661/7/155
f 671/4/141 659/7/142 672/4/157
f 661/7/158 672/4/157 659/7/142
f 2/1/1 675/1/1 187/1/1
f 675/1/1 2/1/1 181/1/1
f 187/1/2 675/1/2 2/1/2
f 181/1/2 2/1/2 675/1/2
f 678/5/277 677/4/276 676/4/275
f 677/4/276 678/5/277 679/5/278
f 676/4/281 677/4/280 678/5/279
f 679/5/282 678/5/279 677/4/280
f 682/5/285 681/5/284 680/5/283
f 681/5/284 682/5/285 683/5/286
f 680/5/289 681/5/288 682/5/287
f 683/5/290 682/5/287 681/5/288
f 685/5/292 678/5/277 684/5/291
f 678/5/277 685/5/292 679/5/278
f 684/5/294 678/5/279 685/5/293
f 679/5/282 685/5/293 678/5/279
f 688/4/91 687/6/94 686/4/92
f 687/6/94 688/4/91 689/6/93
f 686/4/96 687/6/98 688/4/97
f 689/6/95 688/4/97 687/6/98
f 691/6/107 689/6/93 690/6/108
f 689/6/93 691/6/107 687/6/94
f 690/6/110 689/6/95 691/6/109
f 687/6/98 691/6/109 689/6/95
f 690/6/108 688/4/91 692/4/113
f 688/4/91 690/6/108 689/6/93
f 692/4/114 688/4/97 690/6/110
f 689/6/95 690/6/110 688/4/97
f 684/5/291 676/4/275 693/4/295
f 676/4/275 684/5/291 678/5/277
f 693/4/296 676/4/281 684/5/294
f 678/5/279 684/5/294 676/4/281
f 694/4/297 679/5/278 685/5/292
f 679/5/278 694/4/297 677/4/276
f 685/5/293 679/5/282 694/4/298
f 677/4/280 694/4/298 679/5/282
f 697/7/155 696/7/134 695/7/140
f 696/7/134 697/7/155 698/7/132
f 695/7/142 696/7/138 697/7/158
f 698/7/136 697/7/158 696/7/138
f 698/7/132 699/4/133 696/7/134
f 699/4/133 698/7/132 700/4/131
f 696/7/138 699/4/135 698/7/136
f 700/4/137 698/7/136 699/4/135
f 702/4/156 695/7/140 701/4/139
f 695/7/140 702/4/156 697/7/155
f 701/4/141 695/7/142 702/4/157
f 697/7/158 702/4/157 695/7/142
f 700/4/131 697/7/155 702/4/156
f 697/7/155 700/4/131 698/7/132
f 702/4/157 697/7/158 700/4/137
f 698/7/136 700/4/137 697/7/158
f 704/4/300 683/5/286 703/4/299
f 683/5/286 704/4/300 681/5/284
f 703/4/302 683/5/290 704/4/301
f 681/5/288 704/4/301 683/5/290
f 683/5/286 705/4/303 703/4/299
f 705/4/303 683/5/286 682/5/285
f 703/4/302 705/4/304 683/5/290
f 682/5/287 683/5/290 705/4/304
f 680/5/283 704/4/300 706/4/305
f 704/4/300 680/5/283 681/5/284
f 706/4/306 704/4/301 680/5/289
f 681/5/288 680/5/289 704/4/301
f 709/7/94 708/4/111 707/4/92
f 708/4/111 709/7/94 710/7/107
f 707/4/96 708/4/112 709/7/98
f 710/7/109 709/7/98 708/4/112
f 682/5/285 706/4/305 705/4/303
f 706/4/305 682/5/285 680/5/283
f 705/4/304 706/4/306 682/5/287
f 680/5/289 682/5/287 706/4/306
f 710/7/107 712/7/93 711/7/108
f 712/7/93 710/7/107 709/7/94
f 711/7/110 712/7/95 710/7/109
f 709/7/98 710/7/109 712/7/95
f 691/6/107 692/4/113 713/4/111
f 692/4/113 691/6/107 690/6/108
f 713/4/112 692/4/114 691/6/109
f 690/6/110 691/6/109 692/4/114
f 711/7/108 715/4/91 714/4/113
f 715/4/91 711/7/108 712/7/93
f 714/4/114 715/4/97 711/7/110
f 712/7/95 711/7/110 715/4/97
f 695/7/140 699/4/133 701/4/139
f 699/4/133 695/7/140 696/7/134
f 701/4/141 699/4/135 695/7/142
f 696/7/138 695/7/142 699/4/135
f 687/6/94 713/4/111 686/4/92
f 713/4/111 687/6/94 691/6/107
f 686/4/96 713/4/112 687/6/98
f 691/6/109 687/6/98 713/4/112
f 710/7/107 714/4/113 708/4/111
f 714/4/113 710/7/107 711/7/108
f 708/4/112 714/4/114 710/7/109
f 711/7/110 710/7/109 714/4/114
f 694/4/297 684/5/291 693/4/295
f 684/5/291 694/4/297 685/5/292
f 693/4/296 684/5/294 694/4/298
f 685/5/293 694/4/298 684/5/294
f 718/7/94 717/4/111 716/4/92
f 717/4/111 718/7/94 719/7/107
f 716/4/96 717/4/112 718/7/98
f 719/7/109 718/7/98 717/4/112
f 715/4/91 709/7/94 707/4/92
f 709/7/94 715/4/91 712/7/93
f 707/4/96 709/7/98 715/4/97
f 712/7/95 715/4/97 709/7/98
f 719/7/107 721/7/93 720/7/108
f 721/7/93 719/7/107 718/7/94
f 720/7/110 721/7/95 719/7/109
f 718/7/98 719/7/109 721/7/95
f 722/4/91 718/7/94 716/4/92
f 718/7/94 722/4/91 721/7/93
f 716/4/96 718/7/98 722/4/97
f 721/7/95 722/4/97 718/7/98
f 719/7/107 723/4/113 717/4/111
f 723/4/113 719/7/107 720/7/108
f 717/4/112 723/4/114 719/7/109
f 720/7/110 719/7/109 723/4/114
f 720/7/108 722/4/91 723/4/113
f 722/4/91 720/7/108 721/7/93
f 723/4/114 722/4/97 720/7/110
f 721/7/95 720/7/110 722/4/97
f 726/5/309 725/5/308 724/5/307
f 725/5/308 726/5/309 727/5/310
f 724/5/313 725/5/312 726/5/311
f 727/5/314 726/5/311 725/5/312
f 724/5/307 729/4/316 728/4/315
f 729/4/316 724/5/307 725/5/308
f 728/4/318 729/4/317 724/5/313
f 725/5/312 724/5/313 729/4/317
f 726/5/309 728/4/315 730/4/319
f 728/4/315 726/5/309 724/5/307
f 730/4/320 728/4/318 726/5/311
f 724/5/313 726/5/311 728/4/318
f 725/5/308 731/4/321 729/4/316
f 731/4/321 725/5/308 727/5/310
f 729/4/317 731/4/322 725/5/312
f 727/5/314 725/5/312 731/4/322
f 731/4/321 726/5/309 730/4/319
f 726/5/309 731/4/321 727/5/310
f 730/4/320 726/5/311 731/4/322
f 727/5/314 731/4/322 726/5/311
f 734/4/144 733/5/151 732/4/159
f 733/5/151 734/4/144 735/5/146
f 732/4/160 733/5/153 734/4/148
f 735/5/150 734/4/148 733/5/153
f 733/5/151 737/5/145 736/5/152
f 737/5/145 733/5/151 735/5/146
f 736/5/154 737/5/147 733/5/153
f 735/5/150 733/5/153 737/5/147
f 733/5/151 738/4/161 732/4/159
f 738/4/161 733/5/151 736/5/152
f 732/4/160 738/4/162 733/5/153
f 736/5/154 733/5/153 738/4/162
f 737/5/145 734/4/144 739/4/143
f 734/4/144 737/5/145 735/5/146
f 739/4/149 734/4/148 737/5/147
f 735/5/150 737/5/147 734/4/148
f 736/5/152 739/4/143 738/4/161
f 739/4/143 736/5/152 737/5/145
f 738/4/162 739/4/149 736/5/154
f 737/5/147 736/5/154 739/4/149
f 742/7/155 741/7/134 740/7/140
f 741/7/134 742/7/155 743/7/132
f 740/7/142 741/7/138 742/7/158
f 743/7/136 742/7/158 741/7/138
f 743/7/132 744/4/133 741/7/134
f 744/4/133 743/7/132 745/4/131
f 741/7/138 744/4/135 743/7/136
f 745/4/137 743/7/136 744/4/135
f 748/5/85 747/5/101 746/5/86
f 747/5/101 748/5/85 749/5/102
f 746/5/90 747/5/103 748/5/87
f 749/5/106 748/5/87 747/5/103
f 746/5/86 751/4/99 750/4/84
f 751/4/99 746/5/86 747/5/101
f 750/4/88 751/4/105 746/5/90
f 747/5/103 746/5/90 751/4/105
f 740/7/140 744/4/133 752/4/139
f 744/4/133 740/7/140 741/7/134
f 752/4/141 744/4/135 740/7/142
f 741/7/138 740/7/142 744/4/135
f 745/4/131 742/7/155 753/4/156
f 742/7/155 745/4/131 743/7/132
f 753/4/157 742/7/158 745/4/137
f 743/7/136 745/4/137 742/7/158
f 747/5/101 754/4/100 751/4/99
f 754/4/100 747/5/101 749/5/102
f 751/4/105 754/4/104 747/5/103
f 749/5/106 747/5/103 754/4/104
f 748/5/85 750/4/84 755/4/83
f 750/4/84 748/5/85 746/5/86
f 755/4/89 750/4/88 748/5/87
f 746/5/90 748/5/87 750/4/88
f 754/4/100 748/5/85 755/4/83
f 748/5/85 754/4/100 749/5/102
f 755/4/89 748/5/87 754/4/104
f 749/5/106 754/4/104 748/5/87
f 753/4/156 740/7/140 752/4/139
f 740/7/140 753/4/156 742/7/155
f 752/4/141 740/7/142 753/4/157
f 742/7/158 753/4/157 740/7/142
f 758/3/277 757/1/276 756/1/275
f 757/1/276 758/3/277 759/3/278
f 756/1/281 757/1/280 758/3/279
f 759/3/282 758/3/279 757/1/280
f 762/3/285 761/3/284 760/3/283
f 761/3/284 762/3/285 763/3/286
f 760/3/289 761/3/288 762/3/287
f 763/3/290 762/3/287 761/3/288
f 765/3/292 758/3/277 764/3/291
f 758/3/277 765/3/292 759/3/278
f 764/3/294 758/3/279 765/3/293
f 759/3/282 765/3/293 758/3/279
f 768/1/91 767/2/94 766/1/92
f 767/2/94 768/1/91 769/2/93
f 766/1/96 767/2/98 768/1/97
f 769/2/95 768/1/97 767/2/98
f 771/2/107 769/2/93 770/2/108
f 769/2/93 771/2/107 767/2/94
f 770/2/110 769/2/95 771/2/109
f 767/2/98 771/2/109 769/2/95
f 770/2/108 768/1/91 772/1/113
f 768/1/91 770/2/108 769/2/93
f 772/1/114 768/1/97 770/2/110
f 769/2/95 770/2/110 768/1/97
f 764/3/291 756/1/275 773/1/295
f 756/1/275 764/3/291 758/3/277
f 773/1/296 756/1/281 764/3/294
f 758/3/279 764/3/294 756/1/281
f 774/1/297 759/3/278 765/3/292
f 759/3/278 774/1/297 757/1/276
f 765/3/293 759/3/282 774/1/298
f 757/1/280 774/1/298 759/3/282
f 777/8/155 776/8/134 775/8/140
f 776/8/134 777/8/155 778/8/132
f 775/8/142 776/8/138 777/8/158
f 778/8/136 777/8/158 776/8/138
f 778/8/132 779/1/133 776/8/134
f 779/1/133 778/8/132 780/1/131
f 776/8/138 779/1/135 778/8/136
f 780/1/137 778/8/136 779/1/135
f 782/1/156 775/8/140 781/1/139
f 775/8/140 782/1/156 777/8/155
f 781/1/141 775/8/142 782/1/157
f 777/8/158 782/1/157 775/8/142
f 780/1/131 777/8/155 782/1/156
f 777/8/155 780/1/131 778/8/132
f 782/1/157 777/8/158 780/1/137
f 778/8/136 780/1/137 777/8/158
f 784/1/300 763/3/286 783/1/299
f 763/3/286 784/1/300 761/3/284
f 783/1/302 763/3/290 784/1/301
f 761/3/288 784/1/301 763/3/290
f 763/3/286 785/1/303 783/1/299
f 785/1/303 763/3/286 762/3/285
f 783/1/302 785/1/304 763/3/290
f 762/3/287 763/3/290 785/1/304
f 760/3/283 784/1/300 786/1/305
f 784/1/300 760/3/283 761/3/284
f 786/1/306 784/1/301 760/3/289
f 761/3/288 760/3/289 784/1/301
f 789/8/94 788/1/111 787/1/92
f 788/1/111 789/8/94 790/8/107
f 787/1/96 788/1/112 789/8/98
f 790/8/109 789/8/98 788/1/112
f 762/3/285 786/1/305 785/1/303
f 786/1/305 762/3/285 760/3/283
f 785/1/304 786/1/306 762/3/287
f 760/3/289 762/3/287 786/1/306
f 790/8/107 792/8/93 791/8/108
f 792/8/93 790/8/107 789/8/94
f 791/8/110 792/8/95 790/8/109
f 789/8/98 790/8/109 792/8/95
f 771/2/107 772/1/113 793/1/111
f 772/1/113 771/2/107 770/2/108
f 793/1/112 772/1/114 771/2/109
f 770/2/110 771/2/109 772/1/114
f 791/8/108 795/1/91 794/1/113
f 795/1/91 791/8/108 792/8/93
f 794/1/114 795/1/97 791/8/110
f 792/8/95 791/8/110 795/1/97
f 775/8/140 779/1/133 781/1/139
f 779/1/133 775/8/140 776/8/134
f 781/1/141 779/1/135 775/8/142
f 776/8/138 775/8/142 779/1/135
f 767/2/94 793/1/111 766/1/92
f 793/1/111 767/2/94 771/2/107
f 766/1/96 793/1/112 767/2/98
f 771/2/109 767/2/98 793/1/112
f 790/8/107 794/1/113 788/1/111
f 794/1/113 790/8/107 791/8/108
f 788/1/112 794/1/114 790/8/109
f 791/8/110 790/8/109 794/1/114
f 774/1/297 764/3/291 773/1/295
f 764/3/291 774/1/297 765/3/292
f 773/1/296 764/3/294 774/1/298
f 765/3/293 774/1/298 764/3/294
f 798/8/94 797/1/111 796/1/92
f 797/1/111 798/8/94 799/8/107
f 796/1/96 797/1/112 798/8/98
f 799/8/109 798/8/98 797/1/112
f 795/1/91 789/8/94 787/1/92
f 789/8/94 795/1/91 792/8/93
f 787/1/96 789/8/98 795/1/97
f 792/8/95 795/1/97 789/8/98
f 799/8/107 801/8/93 800/8/108
f 801/8/93 799/8/107 798/8/94
f 800/8/110 801/8/95 799/8/109
f 798/8/98 799/8/109 801/8/95
f 802/1/91 798/8/94 796/1/92
f 798/8/94 802/1/91 801/8/93
f 796/1/96 798/8/98 802/1/97
f 801/8/95 802/1/97 798/8/98
f 799/8/107 803/1/113 797/1/111
f 803/1/113 799/8/107 800/8/108
f 797/1/112 803/1/114 799/8/109
f 800/8/110 799/8/109 803/1/114
f 800/8/108 802/1/91 803/1/113
f 802/1/91 800/8/108 801/8/93
f 803/1/114 802/1/97 800/8/110
f 801/8/95 800/8/110 802/1/97
f 806/3/309 805/3/308 804/3/307
f 805/3/308 806/3/309 807/3/310
f 804/3/313 805/3/312 806/3/311
f 807/3/314 806/3/311 805/3/312
f 804/3/307 809/1/316 808/1/315
f 809/1/316 804/3/307 805/3/308
f 808/1/318 809/1/317 804/3/313
f 805/3/312 804/3/313 809/1/317
f 806/3/309 808/1/315 810/1/319
f 808/1/315 806/3/309 804/3/307
f 810/1/320 808/1/318 806/3/311
f 804/3/313 806/3/311 808/1/318
f 805/3/308 811/1/321 809/1/316
f 811/1/321 805/3/308 807/3/310
f 809/1/317 811/1/322 805/3/312
f 807/3/314 805/3/312 811/1/322
f 811/1/321 806/3/309 810/1/319
f 806/3/309 811/1/321 807/3/310
f 810/1/320 806/3/311 811/1/322
f 807/3/314 811/1/322 806/3/311
f 814/1/144 813/3/151 812/1/159
f 813/3/151 814/1/144 815/3/146
f 812/1/160 813/3/153 814/1/148
f 815/3/150 814/1/148 813/3/153
f 813/3/151 817/3/145 816/3/152
f 817/3/145 813/3/151 815/3/146
f 816/3/154 817/3/147 813/3/153
f 815/3/150 813/3/153 817/3/147
f 813/3/151 818/1/161 812/1/159
f 818/1/161 813/3/151 816/3/152
f 812/1/160 818/1/162 813/3/153
f 816/3/154 813/3/153 818/1/162
f 817/3/145 814/1/144 819/1/143
f 814/1/144 817/3/145 815/3/146
f 819/1/149 814/1/148 817/3/147
f 815/3/150 817/3/147 814/1/148
f 816/3/152 819/1/143 818/1/161
f 819/1/143 816/3/152 817/3/145
f 818/1/162 819/1/149 816/3/154
f 817/3/147 816/3/154 819/1/149
f 822/8/155 821/8/134 820/8/140
f 821/8/134 822/8/155 823/8/132
f 820/8/142 821/8/138 822/8/158
f 823/8/136 822/8/158 821/8/138
f 823/8/132 824/1/133 821/8/134
f 824/1/133 823/8/132 825/1/131
f 821/8/138 824/1/135 823/8/136
f 825/1/137 823/8/136 824/1/135
f 828/3/85 827/3/101 826/3/86
f 827/3/101 828/3/85 829/3/102
f 826/3/90 827/3/103 828/3/87
f 829/3/106 828/3/87 827/3/103
f 826/3/86 831/1/99 830/1/84
f 831/1/99 826/3/86 827/3/101
f 830/1/88 831/1/105 826/3/90
f 827/3/103 826/3/90 831/1/105
f 820/8/140 824/1/133 832/1/139
f 824/1/133 820/8/140 821/8/134
f 832/1/141 824/1/135 820/8/142
f 821/8/138 820/8/142 824/1/135
f 825/1/131 822/8/155 833/1/156
f 822/8/155 825/1/131 823/8/132
f 833/1/157 822/8/158 825/1/137
f 823/8/136 825/1/137 822/8/158
f 827/3/101 834/1/100 831/1/99
f 834/1/100 827/3/101 829/3/102
f 831/1/105 834/1/104 827/3/103
f 829/3/106 827/3/103 834/1/104
f 828/3/85 830/1/84 835/1/83
f 830/1/84 828/3/85 826/3/86
f 835/1/89 830/1/88 828/3/87
f 826/3/90 828/3/87 830/1/88
f 834/1/100 828/3/85 835/1/83
f 828/3/85 834/1/100 829/3/102
f 835/1/89 828/3/87 834/1/104
f 829/3/106 834/1/104 828/3/87
f 833/1/156 820/8/140 832/1/139
f 820/8/140 833/1/156 822/8/155
f 832/1/141 820/8/142 833/1/157
f 822/8/158 833/1/157 820/8/142
f 184/1/1 1/1/1 183/1/1
f 1/1/1 184/1/1 3/1/1
f 183/1/2 1/1/2 184/1/2
f 3/1/2 184/1/2 1/1/2
f 838/3/277 837/1/276 836/1/275
f 837/1/276 838/3/277 839/3/278
f 836/1/281 837/1/280 838/3/279
f 839/3/282 838/3/279 837/1/280
f 842/3/285 841/3/284 840/3/283
f 841/3/284 842/3/285 843/3/286
f 840/3/289 841/3/288 842/3/287
f 843/3/290 842/3/287 841/3/288
f 845/3/292 838/3/277 844/3/291
f 838/3/277 845/3/292 839/3/278
f 844/3/294 838/3/279 845/3/293
f 839/3/282 845/3/293 838/3/279
f 848/1/91 847/2/94 846/1/92
f 847/2/94 848/1/91 849/2/93
f 846/1/96 847/2/98 848/1/97
f 849/2/95 848/1/97 847/2/98
f 851/2/107 849/2/93 850/2/108
f 849/2/93 851/2/107 847/2/94
f 850/2/110 849/2/95 851/2/109
f 847/2/98 851/2/109 849/2/95
f 850/2/108 848/1/91 852/1/113
f 848/1/91 850/2/108 849/2/93
f 852/1/114 848/1/97 850/2/110
f 849/2/95 850/2/110 848/1/97
f 844/3/291 836/1/275 853/1/295
f 836/1/275 844/3/291 838/3/277
f 853/1/296 836/1/281 844/3/294
f 838/3/279 844/3/294 836/1/281
f 854/1/297 839/3/278 845/3/292
f 839/3/278 854/1/297 837/1/276
f 845/3/293 839/3/282 854/1/298
f 837/1/280 854/1/298 839/3/282
f 857/8/155 856/8/134 855/8/140
f 856/8/134 857/8/155 858/8/132
f 855/8/142 856/8/138 857/8/158
f 858/8/136 857/8/158 856/8/138
f 858/8/132 859/1/133 856/8/134
f 859/1/133 858/8/132 860/1/131
f 856/8/138 859/1/135 858/8/136
f 860/1/137 858/8/136 859/1/135
f 862/1/156 855/8/140 861/1/139
f 855/8/140 862/1/156 857/8/155
f 861/1/141 855/8/142 862/1/157
f 857/8/158 862/1/157 855/8/142
f 860/1/131 857/8/155 862/1/156
f 857/8/155 860/1/131 858/8/132
f 862/1/157 857/8/158 860/1/137
f 858/8/136 860/1/137 857/8/158
f 864/1/300 843/3/286 863/1/299
f 843/3/286 864/1/300 841/3/284
f 863/1/302 843/3/290 864/1/301
f 841/3/288 864/1/301 843/3/290
f 843/3/286 865/1/303 863/1/299
f 865/1/303 843/3/286 842/3/285
f 863/1/302 865/1/304 843/3/290
f 842/3/287 843/3/290 865/1/304
f 840/3/283 864/1/300 866/1/305
f 864/1/300 840/3/283 841/3/284
f 866/1/306 864/1/301 840/3/289
f 841/3/288 840/3/289 864/1/301
f 869/8/94 868/1/111 867/1/92
f 868/1/111 869/8/94 870/8/107
f 867/1/96 868/1/112 869/8/98
f 870/8/109 869/8/98 868/1/112
f 842/3/285 866/1/305 865/1/303
f 866/1/305 842/3/285 840/3/283
f 865/1/304 866/1/306 842/3/287
f 840/3/289 842/3/287 866/1/306
f 870/8/107 872/8/93 871/8/108
f 872/8/93 870/8/107 869/8/94
f 871/8/110 872/8/95 870/8/109
f 869/8/98 870/8/109 872/8/95
f 851/2/107 852/1/113 873/1/111
f 852/1/113 851/2/107 850/2/108
f 873/1/112 852/1/114 851/2/109
f 850/2/110 851/2/109 852/1/114
f 871/8/108 875/1/91 874/1/113
f 875/1/91 871/8/108 872/8/93
f 874/1/114 875/1/97 871/8/110
f 872/8/95 871/8/110 875/1/97
f 855/8/140 859/1/133 861/1/139
f 859/1/133 855/8/140 856/8/134
f 861/1/141 859/1/135 855/8/142
f 856/8/138 855/8/142 859/1/135
f 847/2/94 873/1/111 846/1/92
f 873/1/111 847/2/94 851/2/107
f 846/1/96 873/1/112 847/2/98
f 851/2/109 847/2/98 873/1/112
f 870/8/107 874/1/113 868/1/111
f 874/1/113 870/8/107 871/8/108
f 868/1/112 874/1/114 870/8/109
f 871/8/110 870/8/109 874/1/114
f 854/1/297 844/3/291 853/1/295
f 844/3/291 854/1/297 845/3/292
f 853/1/296 844/3/294 854/1/298
f 845/3/293 854/1/298 844/3/294
f 878/8/94 877/1/111 876/1/92
f 877/1/111 878/8/94 879/8/107
f 876/1/96 877/1/112 878/8/98
f 879/8/109 878/8/98 877/1/112
f 875/1/91 869/8/94 867/1/92
f 869/8/94 875/1/91 872/8/93
f 867/1/96 869/8/98 875/1/97
f 872/8/95 875/1/97 869/8/98
f 879/8/107 881/8/93 880/8/108
f 881/8/93 879/8/107 878/8/94
f 880/8/110 881/8/95 879/8/109
f 878/8/98 879/8/109 881/8/95
f 882/1/91 878/8/94 876/1/92
f 878/8/94 882/1/91 881/8/93
f 876/1/96 878/8/98 882/1/97
f 881/8/95 882/1/97 878/8/98
f 879/8/107 883/1/113 877/1/111
f 883/1/113 879/8/107 880/8/108
f 877/1/112 883/1/114 879/8/109
f 880/8/110 879/8/109 883/1/114
f 880/8/108 882/1/91 883/1/113
f 882/1/91 880/8/108 881/8/93
f 883/1/114 882/1/97 880/8/110
f 881/8/95 880/8/110 882/1/97
f 886/3/309 885/3/308 884/3/307
f 885/3/308 886/3/309 887/3/310
f 884/3/313 885/3/312 886/3/311
f 887/3/314 886/3/311 885/3/312
f 884/3/307 889/1/316 888/1/315
f 889/1/316 884/3/307 885/3/308
f 888/1/318 889/1/317 884/3/313
f 885/3/312 884/3/313 889/1/317
f 886/3/309 888/1/315 890/1/319
f 888/1/315 886/3/309 884/3/307
f 890/1/320 888/1/318 886/3/311
f 884/3/313 886/3/311 888/1/318
f 885/3/308 891/1/321 889/1/316
f 891/1/321 885/3/308 887/3/310
f 889/1/317 891/1/322 885/3/312
f 887/3/314 885/3/312 891/1/322
f 891/1/321 886/3/309 890/1/319
f 886/3/309 891/1/321 887/3/310
f 890/1/320 886/3/311 891/1/322
f 887/3/314 891/1/322 886/3/311
f 894/1/144 893/3/151 892/1/159
f 893/3/151 894/1/144 895/3/146
f 892/1/160 893/3/153 894/1/148
f 895/3/150 894/1/148 893/3/153
f 893/3/151 897/3/145 896/3/152
f 897/3/145 893/3/151 895/3/146
f 896/3/154 897/3/147 893/3/153
f 895/3/150 893/3/153 897/3/147
f 893/3/151 898/1/161 892/1/159
f 898/1/161 893/3/151 896/3/152
f 892/1/160 898/1/162 893/3/153
f 896/3/154 893/3/153 898/1/162
f 897/3/145 894/1/144 899/1/143
f 894/1/144 897/3/145 895/3/146
f 899/1/149 894/1/148 897/3/147
f 895/3/150 897/3/147 894/1/148
f 896/3/152 899/1/143 898/1/161
f 899/1/143 896/3/152 897/3/145
f 898/1/162 899/1/149 896/3/154
f 897/3/147 896/3/154 899/1/149
f 902/8/155 901/8/134 900/8/140
f 901/8/134 902/8/155 903/8/132
f 900/8/142 901/8/138 902/8/158
f 903/8/136 902/8/158 901/8/138
f 903/8/132 904/1/133 901/8/134
f 904/1/133 903/8/132 905/1/131
f 901/8/138 904/1/135 903/8/136
f 905/1/137 903/8/136 904/1/135
f 908/3/85 907/3/101 906/3/86
f 907/3/101 908/3/85 909/3/102
f 906/3/90 907/3/103 908/3/87
f 909/3/106 908/3/87 907/3/103
f 906/3/86 911/1/99 910/1/84
f 911/1/99 906/3/86 907/3/101
f 910/1/88 911/1/105 906/3/90
f 907/3/103 906/3/90 911/1/105
f 900/8/140 904/1/133 912/1/139
f 904/1/133 900/8/140 901/8/134
f 912/1/141 904/1/135 900/8/142
f 901/8/138 900/8/142 904/1/135
f 905/1/131 902/8/155 913/1/156
f 902/8/155 905/1/131 903/8/132
f 913/1/157 902/8/158 905/1/137
f 903/8/136 905/1/137 902/8/158
f 907/3/101 914/1/100 911/1/99
f 914/1/100 907/3/101 909/3/102
f 911/1/105 914/1/104 907/3/103
f 909/3/106 907/3/103 914/1/104
f 908/3/85 910/1/84 915/1/83
f 910/1/84 908/3/85 906/3/86
f 915/1/89 910/1/88 908/3/87
f 906/3/90 908/3/87 910/1/88
f 914/1/100 908/3/85 915/1/83
f 908/3/85 914/1/100 909/3/102
f 915/1/89 908/3/87 914/1/104
f 909/3/106 914/1/104 908/3/87
f 913/1/156 900/8/140 912/1/139
f 900/8/140 913/1/156 902/8/155
f 912/1/141 900/8/142 913/1/157
f 902/8/158 913/1/157 900/8/142
f 185/1/1 917/1/1 916/1/1
f 917/1/1 185/1/1 182/1/1
f 916/1/2 917/1/2 185/1/2
f 182/1/2 185/1/2 917/1/2
f 920/3/277 919/1/276 918/1/275
f 919/1/276 920/3/277 921/3/278
f 918/1/281 919/1/280 920/3/279
f 921/3/282 920/3/279 919/1/280
f 924/3/285 923/3/284 922/3/283
f 923/3/284 924/3/285 925/3/286
f 922/3/289 923/3/288 924/3/287
f 925/3/290 924/3/287 923/3/288
f 927/3/292 920/3/277 926/3/291
f 920/3/277 927/3/292 921/3/278
f 926/3/294 920/3/279 927/3/293
f 921/3/282 927/3/293 920/3/279
f 930/1/91 929/2/94 928/1/92
f 929/2/94 930/1/91 931/2/93
f 928/1/96 929/2/98 930/1/97
f 931/2/95 930/1/97 929/2/98
f 933/2/107 931/2/93 932/2/108
f 931/2/93 933/2/107 929/2/94
f 932/2/110 931/2/95 933/2/109
f 929/2/98 933/2/109 931/2/95
f 932/2/108 930/1/91 934/1/113
f 930/1/91 932/2/108 931/2/93
f 934/1/114 930/1/97 932/2/110
f 931/2/95 932/2/110 930/1/97
f 926/3/291 918/1/275 935/1/295
f 918/1/275 926/3/291 920/3/277
f 935/1/296 918/1/281 926/3/294
f 920/3/279 926/3/294 918/1/281
f 936/1/297 921/3/278 927/3/292
f 921/3/278 936/1/297 919/1/276
f 927/3/293 921/3/282 936/1/298
f 919/1/280 936/1/298 921/3/282
f 939/8/155 938/8/134 937/8/140
f 938/8/134 939/8/155 940/8/132
f 937/8/142 938/8/138 939/8/158
f 940/8/136 939/8/158 938/8/138
f 940/8/132 941/1/133 938/8/134
f 941/1/133 940/8/132 942/1/131
f 938/8/138 941/1/135 940/8/136
f 942/1/137 940/8/136 941/1/135
f 944/1/156 937/8/140 943/1/139
f 937/8/140 944/1/156 939/8/155
f 943/1/141 937/8/142 944/1/157
f 939/8/158 944/1/157 937/8/142
f 942/1/131 939/8/155 944/1/156
f 939/8/155 942/1/131 940/8/132
f 944/1/157 939/8/158 942/1/137
f 940/8/136 942/1/137 939/8/158
f 946/1/300 925/3/286 945/1/299
f 925/3/286 946/1/300 923/3/284
f 945/1/302 925/3/290 946/1/301
f 923/3/288 946/1/301 925/3/290
f 925/3/286 947/1/303 945/1/299
f 947/1/303 925/3/286 924/3/285
f 945/1/302 947/1/304 925/3/290
f 924/3/287 925/3/290 947/1/304
f 922/3/283 946/1/300 948/1/305
f 946/1/300 922/3/283 923/3/284
f 948/1/306 946/1/301 922/3/289
f 923/3/288 922/3/289 946/1/301
f 951/8/94 950/1/111 949/1/92
f 950/1/111 951/8/94 952/8/107
f 949/1/96 950/1/112 951/8/98
f 952/8/109 951/8/98 950/1/112
f 924/3/285 948/1/305 947/1/303
f 948/1/305 924/3/285 922/3/283
f 947/1/304 948/1/306 924/3/287
f 922/3/289 924/3/287 948/1/306
f 952/8/107 954/8/93 953/8/108
f 954/8/93 952/8/107 951/8/94
f 953/8/110 954/8/95 952/8/109
f 951/8/98 952/8/109 954/8/95
f 933/2/107 934/1/113 955/1/111
f 934/1/113 933/2/107 932/2/108
f 955/1/112 934/1/114 933/2/109
f 932/2/110 933/2/109 934/1/114
f 953/8/108 957/1/91 956/1/113
f 957/1/91 953/8/108 954/8/93
f 956/1/114 957/1/97 953/8/110
f 954/8/95 953/8/110 957/1/97
f 937/8/140 941/1/133 943/1/139
f 941/1/133 937/8/140 938/8/134
f 943/1/141 941/1/135 937/8/142
f 938/8/138 937/8/142 941/1/135
f 929/2/94 955/1/111 928/1/92
f 955/1/111 929/2/94 933/2/107
f 928/1/96 955/1/112 929/2/98
f 933/2/109 929/2/98 955/1/112
f 952/8/107 956/1/113 950/1/111
f 956/1/113 952/8/107 953/8/108
f 950/1/112 956/1/114 952/8/109
f 953/8/110 952/8/109 956/1/114
f 936/1/297 926/3/291 935/1/295
f 926/3/291 936/1/297 927/3/292
f 935/1/296 926/3/294 936/1/298
f 927/3/293 936/1/298 926/3/294
f 960/8/94 959/1/111 958/1/92
f 959/1/111 960/8/94 961/8/107
f 958/1/96 959/1/112 960/8/98
f 961/8/109 960/8/98 959/1/112
f 957/1/91 951/8/94 949/1/92
f 951/8/94 957/1/91 954/8/93
f 949/1/96 951/8/98 957/1/97
f 954/8/95 957/1/97 951/8/98
f 961/8/107 963/8/93 962/8/108
f 963/8/93 961/8/107 960/8/94
f 962/8/110 963/8/95 961/8/109
f 960/8/98 961/8/109 963/8/95
f 964/1/91 960/8/94 958/1/92
f 960/8/94 964/1/91 963/8/93
f 958/1/96 960/8/98 964/1/97
f 963/8/95 964/1/97 960/8/98
f 961/8/107 965/1/113 959/1/111
f 965/1/113 961/8/107 962/8/108
f 959/1/112 965/1/114 961/8/109
f 962/8/110 961/8/109 965/1/114
f 962/8/108 964/1/91 965/1/113
f 964/1/91 962/8/108 963/8/93
f 965/1/114 964/1/97 962/8/110
f 963/8/95 962/8/110 964/1/97
f 968/3/309 967/3/308 966/3/307
f 967/3/308 968/3/309 969/3/310
f 966/3/313 967/3/312 968/3/311
f 969/3/314 968/3/311 967/3/312
f 966/3/307 971/1/316 970/1/315
f 971/1/316 966/3/307 967/3/308
f 970/1/318 971/1/317 966/3/313
f 967/3/312 966/3/313 971/1/317
f 968/3/309 970/1/315 972/1/319
f 970/1/315 968/3/309 966/3/307
f 972/1/320 970/1/318 968/3/311
f 966/3/313 968/3/311 970/1/318
f 967/3/308 973/1/321 971/1/316
f 973/1/321 967/3/308 969/3/310
f 971/1/317 973/1/322 967/3/312
f 969/3/314 967/3/312 973/1/322
f 973/1/321 968/3/309 972/1/319
f 968/3/309 973/1/321 969/3/310
f 972/1/320 968/3/311 973/1/322
f 969/3/314 973/1/322 968/3/311
f 976/1/144 975/3/151 974/1/159
f 975/3/151 976/1/144 977/3/146
f 974/1/160 975/3/153 976/1/148
f 977/3/150 976/1/148 975/3/153
f 975/3/151 979/3/145 978/3/152
f 979/3/145 975/3/151 977/3/146
f 978/3/154 979/3/147 975/3/153
f 977/3/150 975/3/153 979/3/147
f 975/3/151 980/1/161 974/1/159
f 980/1/161 975/3/151 978/3/152
f 974/1/160 980/1/162 975/3/153
f 978/3/154 975/3/153 980/1/162
f 979/3/145 976/1/144 981/1/143
f 976/1/144 979/3/145 977/3/146
f 981/1/149 976/1/148 979/3/147
f 977/3/150 979/3/147 976/1/148
f 978/3/152 981/1/143 980/1/161
f 981/1/143 978/3/152 979/3/145
f 980/1/162 981/1/149 978/3/154
f 979/3/147 978/3/154 981/1/149
f 984/8/155 983/8/134 982/8/140
f 983/8/134 984/8/155 985/8/132
f 982/8/142 983/8/138 984/8/158
f 985/8/136 984/8/158 983/8/138
f 985/8/132 986/1/133 983/8/134
f 986/1/133 985/8/132 987/1/131
f 983/8/138 986/1/135 985/8/136
f 987/1/137 985/8/136 986/1/135
f 990/3/85 989/3/101 988/3/86
f 989/3/101 990/3/85 991/3/102
f 988/3/90 989/3/103 990/3/87
f 991/3/106 990/3/87 989/3/103
f 988/3/86 993/1/99 992/1/84
f 993/1/99 988/3/86 989/3/101
f 992/1/88 993/1/105 988/3/90
f 989/3/103 988/3/90 993/1/105
f 982/8/140 986/1/133 994/1/139
f 986/1/133 982/8/140 983/8/134
f 994/1/141 986/1/135 982/8/142
f 983/8/138 982/8/142 986/1/135
f 987/1/131 984/8/155 995/1/156
f 984/8/155 987/1/131 985/8/132
f 995/1/157 984/8/158 987/1/137
f 985/8/136 987/1/137 984/8/158
f 989/3/101 996/1/100 993/1/99
f 996/1/100 989/3/101 991/3/102
f 993/1/105 996/1/104 989/3/103
f 991/3/106 989/3/103 996/1/104
f 990/3/85 992/1/84 997/1/83
f 992/1/84 990/3/85 988/3/86
f 997/1/89 992/1/88 990/3/87
f 988/3/90 990/3/87 992/1/88
f 996/1/100 990/3/85 997/1/83
f 990/3/85 996/1/100 991/3/102
f 997/1/89 990/3/87 996/1/104
f 991/3/106 996/1/104 990/3/87
f 995/1/156 982/8/140 994/1/139
f 982/8/140 995/1/156 984/8/155
f 994/1/141 982/8/142 995/1/157
f 984/8/158 995/1/157 982/8/142
f 186/1/1 179/1/1 312/1/1
f 179/1/1 186/1/1 187/1/1
f 312/1/2 179/1/2 186/1/2
f 187/1/2 186/1/2 179/1/2
f 1000/3/94 999/1/111 998/1/92
f 999/1/111 1000/3/94 1001/3/107
f 998/1/96 999/1/112 1000/3/98
f 1001/3/109 1000/3/98 999/1/112
f 1002/1/91 1000/3/94 998/1/92
f 1000/3/94 1002/1/91 1003/3/93
f 998/1/96 1000/3/98 1002/1/97
f 1003/3/95 1002/1/97 1000/3/98
f 1006/1/100 1005/2/85 1004/1/83
f 1005/2/85 1006/1/100 1007/2/102
f 1004/1/89 1005/2/87 1006/1/104
f 1007/2/106 1006/1/104 1005/2/87
f 1009/3/108 1002/1/91 1008/1/113
f 1002/1/91 1009/3/108 1003/3/93
f 1008/1/114 1002/1/97 1009/3/110
f 1003/3/95 1009/3/110 1002/1/97
f 1001/3/107 1008/1/113 999/1/111
f 1008/1/113 1001/3/107 1009/3/108
f 999/1/112 1008/1/114 1001/3/109
f 1009/3/110 1001/3/109 1008/1/114
f 1012/2/86 1011/1/99 1010/1/84
f 1011/1/99 1012/2/86 1013/2/101
f 1010/1/88 1011/1/105 1012/2/90
f 1013/2/103 1012/2/90 1011/1/105
f 1005/2/85 1010/1/84 1004/1/83
f 1010/1/84 1005/2/85 1012/2/86
f 1004/1/89 1010/1/88 1005/2/87
f 1012/2/90 1005/2/87 1010/1/88
f 1001/3/107 1003/3/93 1009/3/108
f 1003/3/93 1001/3/107 1000/3/94
f 1009/3/110 1003/3/95 1001/3/109
f 1000/3/98 1001/3/109 1003/3/95
f 1013/2/101 1006/1/100 1011/1/99
f 1006/1/100 1013/2/101 1007/2/102
f 1011/1/105 1006/1/104 1013/2/103
f 1007/2/106 1013/2/103 1006/1/104
f 1005/2/85 1013/2/101 1012/2/86
f 1013/2/101 1005/2/85 1007/2/102
f 1012/2/90 1013/2/103 1005/2/87
f 1007/2/106 1005/2/87 1013/2/103
f 1016/2/108 1015/1/91 1014/1/113
f 1015/1/91 1016/2/108 1017/2/93
f 1014/1/114 1015/1/97 1016/2/110
f 1017/2/95 1016/2/110 1015/1/97
f 1019/2/107 1014/1/113 1018/1/111
f 1014/1/113 1019/2/107 1016/2/108
f 1018/1/112 1014/1/114 1019/2/109
f 1016/2/110 1019/2/109 1014/1/114
f 1021/2/94 1018/1/111 1020/1/92
f 1018/1/111 1021/2/94 1019/2/107
f 1020/1/96 1018/1/112 1021/2/98
f 1019/2/109 1021/2/98 1018/1/112
f 1019/2/107 1017/2/93 1016/2/108
f 1017/2/93 1019/2/107 1021/2/94
f 1016/2/110 1017/2/95 1019/2/109
f 1021/2/98 1019/2/109 1017/2/95
f 1015/1/91 1021/2/94 1020/1/92
f 1021/2/94 1015/1/91 1017/2/93
f 1020/1/96 1021/2/98 1015/1/97
f 1017/2/95 1015/1/97 1021/2/98
f 1024/3/132 1023/1/133 1022/3/134
f 1023/1/133 1024/3/132 1025/1/131
f 1022/3/138 1023/1/135 1024/3/136
f 1025/1/137 1024/3/136 1023/1/135
f 1028/2/152 1027/1/143 1026/1/161
f 1027/1/143 1028/2/152 1029/2/145
f 1026/1/162 1027/1/149 1028/2/154
f 1029/2/147 1028/2/154 1027/1/149
f 1031/2/151 1026/1/161 1030/1/159
f 1026/1/161 1031/2/151 1028/2/152
f 1030/1/160 1026/1/162 1031/2/153
f 1028/2/154 1031/2/153 1026/1/162
f 1032/1/144 1031/2/151 1030/1/159
f 1031/2/151 1032/1/144 1033/2/146
f 1030/1/160 1031/2/153 1032/1/148
f 1033/2/150 1032/1/148 1031/2/153
f 1031/2/151 1029/2/145 1028/2/152
f 1029/2/145 1031/2/151 1033/2/146
f 1028/2/154 1029/2/147 1031/2/153
f 1033/2/150 1031/2/153 1029/2/147
f 1029/2/145 1032/1/144 1027/1/143
f 1032/1/144 1029/2/145 1033/2/146
f 1027/1/149 1032/1/148 1029/2/147
f 1033/2/150 1029/2/147 1032/1/148
f 1025/1/131 1035/3/155 1034/1/156
f 1035/3/155 1025/1/131 1024/3/132
f 1034/1/157 1035/3/158 1025/1/137
f 1024/3/136 1025/1/137 1035/3/158
f 1034/1/156 1037/3/140 1036/1/139
f 1037/3/140 1034/1/156 1035/3/155
f 1036/1/141 1037/3/142 1034/1/157
f 1035/3/158 1034/1/157 1037/3/142
f 1035/3/155 1022/3/134 1037/3/140
f 1022/3/134 1035/3/155 1024/3/132
f 1037/3/142 1022/3/138 1035/3/158
f 1024/3/136 1035/3/158 1022/3/138
f 1037/3/140 1023/1/133 1036/1/139
f 1023/1/133 1037/3/140 1022/3/134
f 1036/1/141 1023/1/135 1037/3/142
f 1022/3/138 1037/3/142 1023/1/135
f 1040/3/152 1039/1/143 1038/1/161
f 1039/1/143 1040/3/152 1041/3/145
f 1038/1/162 1039/1/149 1040/3/154
f 1041/3/147 1040/3/154 1039/1/149
f 1044/1/131 1043/8/155 1042/1/156
f 1043/8/155 1044/1/131 1045/8/132
f 1042/1/157 1043/8/158 1044/1/137
f 1045/8/136 1044/1/137 1043/8/158
f 1048/3/101 1047/1/100 1046/1/99
f 1047/1/100 1048/3/101 1049/3/102
f 1046/1/105 1047/1/104 1048/3/103
f 1049/3/106 1048/3/103 1047/1/104
f 1051/3/151 1038/1/161 1050/1/159
f 1038/1/161 1051/3/151 1040/3/152
f 1050/1/160 1038/1/162 1051/3/153
f 1040/3/154 1051/3/153 1038/1/162
f 1054/8/140 1053/1/133 1052/1/139
f 1053/1/133 1054/8/140 1055/8/134
f 1052/1/141 1053/1/135 1054/8/142
f 1055/8/138 1054/8/142 1053/1/135
f 1058/3/285 1057/3/284 1056/3/283
f 1057/3/284 1058/3/285 1059/3/286
f 1056/3/289 1057/3/288 1058/3/287
f 1059/3/290 1058/3/287 1057/3/288
f 1060/1/144 1051/3/151 1050/1/159
f 1051/3/151 1060/1/144 1061/3/146
f 1050/1/160 1051/3/153 1060/1/148
f 1061/3/150 1060/1/148 1051/3/153
f 1063/3/85 1048/3/101 1062/3/86
f 1048/3/101 1063/3/85 1049/3/102
f 1062/3/90 1048/3/103 1063/3/87
f 1049/3/106 1063/3/87 1048/3/103
f 1047/1/100 1063/3/85 1064/1/83
f 1063/3/85 1047/1/100 1049/3/102
f 1064/1/89 1063/3/87 1047/1/104
f 1049/3/106 1047/1/104 1063/3/87
f 1063/3/85 1065/1/84 1064/1/83
f 1065/1/84 1063/3/85 1062/3/86
f 1064/1/89 1065/1/88 1063/3/87
f 1062/3/90 1063/3/87 1065/1/88
f 1059/3/286 1067/1/303 1066/1/299
f 1067/1/303 1059/3/286 1058/3/285
f 1066/1/302 1067/1/304 1059/3/290
f 1058/3/287 1059/3/290 1067/1/304
f 1062/3/86 1046/1/99 1065/1/84
f 1046/1/99 1062/3/86 1048/3/101
f 1065/1/88 1046/1/105 1062/3/90
f 1048/3/103 1062/3/90 1046/1/105
f 1051/3/151 1041/3/145 1040/3/152
f 1041/3/145 1051/3/151 1061/3/146
f 1040/3/154 1041/3/147 1051/3/153
f 1061/3/150 1051/3/153 1041/3/147
f 1068/1/300 1059/3/286 1066/1/299
f 1059/3/286 1068/1/300 1057/3/284
f 1066/1/302 1059/3/290 1068/1/301
f 1057/3/288 1068/1/301 1059/3/290
f 1045/8/132 1053/1/133 1055/8/134
f 1053/1/133 1045/8/132 1044/1/131
f 1055/8/138 1053/1/135 1045/8/136
f 1044/1/137 1045/8/136 1053/1/135
f 1056/3/283 1068/1/300 1069/1/305
f 1068/1/300 1056/3/283 1057/3/284
f 1069/1/306 1068/1/301 1056/3/289
f 1057/3/288 1056/3/289 1068/1/301
f 1042/1/156 1054/8/140 1052/1/139
f 1054/8/140 1042/1/156 1043/8/155
f 1052/1/141 1054/8/142 1042/1/157
f 1043/8/158 1042/1/157 1054/8/142
f 1043/8/155 1055/8/134 1054/8/140
f 1055/8/134 1043/8/155 1045/8/132
f 1054/8/142 1055/8/138 1043/8/158
f 1045/8/136 1043/8/158 1055/8/138
f 1058/3/285 1069/1/305 1067/1/303
f 1069/1/305 1058/3/285 1056/3/283
f 1067/1/304 1069/1/306 1058/3/287
f 1056/3/289 1058/3/287 1069/1/306
f 1041/3/145 1060/1/144 1039/1/143
f 1060/1/144 1041/3/145 1061/3/146
f 1039/1/149 1060/1/148 1041/3/147
f 1061/3/150 1041/3/147 1060/1/148
f 1072/8/140 1071/1/133 1070/1/139
f 1071/1/133 1072/8/140 1073/8/134
f 1070/1/141 1071/1/135 1072/8/142
f 1073/8/138 1072/8/142 1071/1/135
f 1074/8/155 1073/8/134 1072/8/140
f 1073/8/134 1074/8/155 1075/8/132
f 1072/8/142 1073/8/138 1074/8/158
f 1075/8/136 1074/8/158 1073/8/138
f 1077/1/131 1074/8/155 1076/1/156
f 1074/8/155 1077/1/131 1075/8/132
f 1076/1/157 1074/8/158 1077/1/137
f 1075/8/136 1077/1/137 1074/8/158
f 1076/1/156 1072/8/140 1070/1/139
f 1072/8/140 1076/1/156 1074/8/155
f 1070/1/141 1072/8/142 1076/1/157
f 1074/8/158 1076/1/157 1072/8/142
f 1075/8/132 1071/1/133 1073/8/134
f 1071/1/133 1075/8/132 1077/1/131
f 1073/8/138 1071/1/135 1075/8/136
f 1077/1/137 1075/8/136 1071/1/135
f 1080/8/108 1079/1/91 1078/1/113
f 1079/1/91 1080/8/108 1081/8/93
f 1078/1/114 1079/1/97 1080/8/110
f 1081/8/95 1080/8/110 1079/1/97
f 1079/1/91 1083/8/94 1082/1/92
f 1083/8/94 1079/1/91 1081/8/93
f 1082/1/96 1083/8/98 1079/1/97
f 1081/8/95 1079/1/97 1083/8/98
f 1083/8/94 1084/1/111 1082/1/92
f 1084/1/111 1083/8/94 1085/8/107
f 1082/1/96 1084/1/112 1083/8/98
f 1085/8/109 1083/8/98 1084/1/112
f 1085/8/107 1078/1/113 1084/1/111
f 1078/1/113 1085/8/107 1080/8/108
f 1084/1/112 1078/1/114 1085/8/109
f 1080/8/110 1085/8/109 1078/1/114
f 1085/8/107 1081/8/93 1080/8/108
f 1081/8/93 1085/8/107 1083/8/94
f 1080/8/110 1081/8/95 1085/8/109
f 1083/8/98 1085/8/109 1081/8/95
f 1088/8/107 1087/8/93 1086/8/108
f 1087/8/93 1088/8/107 1089/8/94
f 1086/8/110 1087/8/95 1088/8/109
f 1089/8/98 1088/8/109 1087/8/95
f 1089/8/94 1091/1/111 1090/1/92
f 1091/1/111 1089/8/94 1088/8/107
f 1090/1/96 1091/1/112 1089/8/98
f 1088/8/109 1089/8/98 1091/1/112
f 1088/8/107 1092/1/113 1091/1/111
f 1092/1/113 1088/8/107 1086/8/108
f 1091/1/112 1092/1/114 1088/8/109
f 1086/8/110 1088/8/109 1092/1/114
f 1086/8/108 1093/1/91 1092/1/113
f 1093/1/91 1086/8/108 1087/8/93
f 1092/1/114 1093/1/97 1086/8/110
f 1087/8/95 1086/8/110 1093/1/97
f 1093/1/91 1089/8/94 1090/1/92
f 1089/8/94 1093/1/91 1087/8/93
f 1090/1/96 1089/8/98 1093/1/97
f 1087/8/95 1093/1/97 1089/8/98
f 1096/3/277 1095/1/276 1094/1/275
f 1095/1/276 1096/3/277 1097/3/278
f 1094/1/281 1095/1/280 1096/3/279
f 1097/3/282 1096/3/279 1095/1/280
f 1100/3/309 1099/3/308 1098/3/307
f 1099/3/308 1100/3/309 1101/3/310
f 1098/3/313 1099/3/312 1100/3/311
f 1101/3/314 1100/3/311 1099/3/312
f 1098/3/307 1103/1/316 1102/1/315
f 1103/1/316 1098/3/307 1099/3/308
f 1102/1/318 1103/1/317 1098/3/313
f 1099/3/312 1098/3/313 1103/1/317
f 1100/3/309 1102/1/315 1104/1/319
f 1102/1/315 1100/3/309 1098/3/307
f 1104/1/320 1102/1/318 1100/3/311
f 1098/3/313 1100/3/311 1102/1/318
f 1107/1/91 1106/2/94 1105/1/92
f 1106/2/94 1107/1/91 1108/2/93
f 1105/1/96 1106/2/98 1107/1/97
f 1108/2/95 1107/1/97 1106/2/98
f 1110/2/108 1107/1/91 1109/1/113
f 1107/1/91 1110/2/108 1108/2/93
f 1109/1/114 1107/1/97 1110/2/110
f 1108/2/95 1110/2/110 1107/1/97
f 1112/3/291 1094/1/275 1111/1/295
f 1094/1/275 1112/3/291 1096/3/277
f 1111/1/296 1094/1/281 1112/3/294
f 1096/3/279 1112/3/294 1094/1/281
f 1114/1/297 1097/3/278 1113/3/292
f 1097/3/278 1114/1/297 1095/1/276
f 1113/3/293 1097/3/282 1114/1/298
f 1095/1/280 1114/1/298 1097/3/282
f 1115/1/321 1100/3/309 1104/1/319
f 1100/3/309 1115/1/321 1101/3/310
f 1104/1/320 1100/3/311 1115/1/322
f 1101/3/314 1115/1/322 1100/3/311
f 1116/2/107 1108/2/93 1110/2/108
f 1108/2/93 1116/2/107 1106/2/94
f 1110/2/110 1108/2/95 1116/2/109
f 1106/2/98 1116/2/109 1108/2/95
f 1116/2/107 1109/1/113 1117/1/111
f 1109/1/113 1116/2/107 1110/2/108
f 1117/1/112 1109/1/114 1116/2/109
f 1110/2/110 1116/2/109 1109/1/114
f 1099/3/308 1115/1/321 1103/1/316
f 1115/1/321 1099/3/308 1101/3/310
f 1103/1/317 1115/1/322 1099/3/312
f 1101/3/314 1099/3/312 1115/1/322
f 1106/2/94 1117/1/111 1105/1/92
f 1117/1/111 1106/2/94 1116/2/107
f 1105/1/96 1117/1/112 1106/2/98
f 1116/2/109 1106/2/98 1117/1/112
f 1113/3/292 1096/3/277 1112/3/291
f 1096/3/277 1113/3/292 1097/3/278
f 1112/3/294 1096/3/279 1113/3/293
f 1097/3/282 1113/3/293 1096/3/279
f 1114/1/297 1112/3/291 1111/1/295
f 1112/3/291 1114/1/297 1113/3/292
f 1111/1/296 1112/3/294 1114/1/298
f 1113/3/293 1114/1/298 1112/3/294
f 182/1/1 312/1/1 229/1/1
f 312/1/1 182/1/1 1/1/1
f 229/1/2 312/1/2 182/1/2
f 1/1/2 182/1/2 312/1/2
f 916/1/1 229/1/1 1118/1/1
f 229/1/1 916/1/1 917/1/1
f 1118/1/2 229/1/2 916/1/2
f 917/1/2 916/1/2 229/1/2
f 514/1/1 4/1/1 3/1/1
f 4/1/1 514/1/1 1119/1/1
f 3/1/2 4/1/2 514/1/2
f 1119/1/2 514/1/2 4/1/2
f 89/1/1 184/1/1 91/1/1
f 184/1/1 89/1/1 513/1/1
f 91/1/2 184/1/2 89/1/2
f 513/1/2 89/1/2 184/1/2
f 187/1/1 180/1/1 179/1/1
f 180/1/1 187/1/1 675/1/1
f 179/1/2 180/1/2 187/1/2
f 675/1/2 187/1/2 180/1/2
f 1122/9/1 1121/9/1 1120/9/1
f 1121/9/1 1122/9/1 1123/9/1
f 1121/9/1 1123/9/1 1124/9/1
f 1124/9/1 1123/9/1 1125/9/1
f 1124/9/1 1125/9/1 1126/9/1
f 1126/9/1 1125/9/1 1127/9/1
f 1126/9/1 1127/9/1 1128/9/1
f 1128/9/1 1127/9/1 1129/9/1
f 1120/9/2 1121/9/2 1122/9/2
f 1123/9/2 1122/9/2 1121/9/2
f 1124/9/2 1123/9/2 1121/9/2
f 1125/9/2 1123/9/2 1124/9/2
f 1126/9/2 1125/9/2 1124/9/2
f 1127/9/2 1125/9/2 1126/9/2
f 1128/9/2 1127/9/2 1126/9/2
f 1129/9/2 1127/9/2 1128/9/2
f 1122/9/323 1131/10/323 1130/10/323
f 1131/10/323 1122/9/323 1120/9/323
f 1130/10/324 1131/10/324 1122/9/324
f 1120/9/324 1122/9/324 1131/10/324
f 1132/10/326 1122/9/325 1130/10/325
f 1122/9/325 1132/10/326 1123/9/326
f 1130/10/328 1122/9/328 1132/10/327
f 1123/9/327 1132/10/327 1122/9/328
f 1133/10/329 1123/9/326 1132/10/326
f 1123/9/326 1133/10/329 1125/9/329
f 1132/10/327 1123/9/327 1133/10/330
f 1125/9/330 1133/10/330 1123/9/327
f 1127/9/331 1133/10/329 1134/10/331
f 1133/10/329 1127/9/331 1125/9/329
f 1134/10/332 1133/10/330 1127/9/332
f 1125/9/330 1127/9/332 1133/10/330
f 1129/9/333 1134/10/331 1135/10/333
f 1134/10/331 1129/9/333 1127/9/331
f 1135/10/334 1134/10/332 1129/9/334
f 1127/9/332 1129/9/334 1134/10/332
f 1136/10/335 1129/9/335 1135/10/335
f 1129/9/335 1136/10/335 1128/9/335
f 1135/10/336 1129/9/336 1136/10/336
f 1128/9/336 1136/10/336 1129/9/336
f 1126/9/332 1136/10/337 1137/10/332
f 1136/10/337 1126/9/332 1128/9/337
f 1137/10/331 1136/10/338 1126/9/331
f 1128/9/338 1126/9/331 1136/10/338
f 1124/9/330 1137/10/332 1138/10/330
f 1137/10/332 1124/9/330 1126/9/332
f 1138/10/329 1137/10/331 1124/9/329
f 1126/9/331 1124/9/329 1137/10/331
f 1124/9/330 1139/10/327 1121/9/327
f 1139/10/327 1124/9/330 1138/10/330
f 1121/9/326 1139/10/326 1124/9/329
f 1138/10/329 1124/9/329 1139/10/326
f 1121/9/327 1131/10/328 1120/9/328
f 1131/10/328 1121/9/327 1139/10/327
f 1120/9/325 1131/10/325 1121/9/326
f 1139/10/326 1121/9/326 1131/10/325
f 1142/9/1 1141/9/1 1140/9/1
f 1141/9/1 1142/9/1 1143/9/1
f 1141/9/1 1143/9/1 1144/9/1
f 1144/9/1 1143/9/1 1145/9/1
f 1144/9/1 1145/9/1 1146/9/1
f 1146/9/1 1145/9/1 1147/9/1
f 1146/9/1 1147/9/1 1148/9/1
f 1148/9/1 1147/9/1 1149/9/1
f 1140/9/2 1141/9/2 1142/9/2
f 1143/9/2 1142/9/2 1141/9/2
f 1144/9/2 1143/9/2 1141/9/2
f 1145/9/2 1143/9/2 1144/9/2
f 1146/9/2 1145/9/2 1144/9/2
f 1147/9/2 1145/9/2 1146/9/2
f 1148/9/2 1147/9/2 1146/9/2
f 1149/9/2 1147/9/2 1148/9/2
f 1142/9/339 1151/10/339 1150/10/339
f 1151/10/339 1142/9/339 1140/9/339
f 1150/10/340 1151/10/340 1142/9/340
f 1140/9/340 1142/9/340 1151/10/340
f 1152/10/342 1142/9/341 1150/10/341
f 1142/9/341 1152/10/342 1143/9/342
f 1150/10/344 1142/9/344 1152/10/343
f 1143/9/343 1152/10/343 1142/9/344
f 1153/10/345 1143/9/342 1152/10/342
f 1143/9/342 1153/10/345 1145/9/345
f 1152/10/343 1143/9/343 1153/10/346
f 1145/9/346 1153/10/346 1143/9/343
f 1147/9/347 1153/10/345 1154/10/347
f 1153/10/345 1147/9/347 1145/9/345
f 1154/10/348 1153/10/346 1147/9/348
f 1145/9/346 1147/9/348 1153/10/346
f 1149/9/349 1154/10/347 1155/10/349
f 1154/10/347 1149/9/349 1147/9/347
f 1155/10/350 1154/10/348 1149/9/350
f 1147/9/348 1149/9/350 1154/10/348
f 1156/10/351 1149/9/351 1155/10/351
f 1149/9/351 1156/10/351 1148/9/351
f 1155/10/352 1149/9/352 1156/10/352
f 1148/9/352 1156/10/352 1149/9/352
f 1146/9/348 1156/10/353 1157/10/348
f 1156/10/353 1146/9/348 1148/9/353
f 1157/10/347 1156/10/354 1146/9/347
f 1148/9/354 1146/9/347 1156/10/354
f 1144/9/346 1157/10/348 1158/10/346
f 1157/10/348 1144/9/346 1146/9/348
f 1158/10/345 1157/10/347 1144/9/345
f 1146/9/347 1144/9/345 1157/10/347
f 1144/9/346 1159/10/343 1141/9/343
f 1159/10/343 1144/9/346 1158/10/346
f 1141/9/342 1159/10/342 1144/9/345
f 1158/10/345 1144/9/345 1159/10/342
f 1141/9/343 1151/10/344 1140/9/344
f 1151/10/344 1141/9/343 1159/10/343
f 1140/9/341 1151/10/341 1141/9/342
f 1159/10/342 1141/9/342 1151/10/341
f 1162/9/1 1161/9/1 1160/9/1
f 1161/9/1 1162/9/1 1163/9/1
f 1161/9/1 1163/9/1 1164/9/1
f 1164/9/1 1163/9/1 1165/9/1
f 1164/9/1 1165/9/1 1166/9/1
f 1166/9/1 1165/9/1 1167/9/1
f 1166/9/1 1167/9/1 1168/9/1
f 1168/9/1 1167/9/1 1169/9/1
f 1160/9/2 1161/9/2 1162/9/2
f 1163/9/2 1162/9/2 1161/9/2
f 1164/9/2 1163/9/2 1161/9/2
f 1165/9/2 1163/9/2 1164/9/2
f 1166/9/2 1165/9/2 1164/9/2
f 1167/9/2 1165/9/2 1166/9/2
f 1168/9/2 1167/9/2 1166/9/2
f 1169/9/2 1167/9/2 1168/9/2
f 1162/9/355 1171/10/355 1170/10/355
f 1171/10/355 1162/9/355 1160/9/355
f 1170/10/356 1171/10/356 1162/9/356
f 1160/9/356 1162/9/356 1171/10/356
f 1172/10/358 1162/9/357 1170/10/357
f 1162/9/357 1172/10/358 1163/9/358
f 1170/10/360 1162/9/360 1172/10/359
f 1163/9/359 1172/10/359 1162/9/360
f 1173/10/361 1163/9/358 1172/10/358
f 1163/9/358 1173/10/361 1165/9/361
f 1172/10/359 1163/9/359 1173/10/362
f 1165/9/362 1173/10/362 1163/9/359
f 1167/9/363 1173/10/361 1174/10/363
f 1173/10/361 1167/9/363 1165/9/361
f 1174/10/364 1173/10/362 1167/9/364
f 1165/9/362 1167/9/364 1173/10/362
f 1169/9/365 1174/10/363 1175/10/365
f 1174/10/363 1169/9/365 1167/9/363
f 1175/10/366 1174/10/364 1169/9/366
f 1167/9/364 1169/9/366 1174/10/364
f 1176/10/367 1169/9/367 1175/10/367
f 1169/9/367 1176/10/367 1168/9/367
f 1175/10/368 1169/9/368 1176/10/368
f 1168/9/368 1176/10/368 1169/9/368
f 1166/9/364 1176/10/369 1177/10/364
f 1176/10/369 1166/9/364 1168/9/369
f 1177/10/363 1176/10/370 1166/9/363
f 1168/9/370 1166/9/363 1176/10/370
f 1164/9/362 1177/10/364 1178/10/362
f 1177/10/364 1164/9/362 1166/9/364
f 1178/10/361 1177/10/363 1164/9/361
f 1166/9/363 1164/9/361 1177/10/363
f 1164/9/362 1179/10/359 1161/9/359
f 1179/10/359 1164/9/362 1178/10/362
f 1161/9/358 1179/10/358 1164/9/361
f 1178/10/361 1164/9/361 1179/10/358
f 1161/9/359 1171/10/360 1160/9/360
f 1171/10/360 1161/9/359 1179/10/359
f 1160/9/357 1171/10/357 1161/9/358
f 1179/10/358 1161/9/358 1171/10/357
f 1182/9/1 1181/9/1 1180/9/1
f 1181/9/1 1182/9/1 1183/9/1
f 1181/9/1 1183/9/1 1184/9/1
f 1184/9/1 1183/9/1 1185/9/1
f 1184/9/1 1185/9/1 1186/9/1
f 1186/9/1 1185/9/1 1187/9/1
f 1186/9/1 1187/9/1 1188/9/1
f 1188/9/1 1187/9/1 1189/9/1
f 1180/9/2 1181/9/2 1182/9/2
f 1183/9/2 1182/9/2 1181/9/2
f 1184/9/2 1183/9/2 1181/9/2
f 1185/9/2 1183/9/2 1184/9/2
f 1186/9/2 1185/9/2 1184/9/2
f 1187/9/2 1185/9/2 1186/9/2
f 1188/9/2 1187/9/2 1186/9/2
f 1189/9/2 1187/9/2 1188/9/2
f 1182/9/371 1191/10/371 1190/10/371
f 1191/10/371 1182/9/371 1180/9/371
f 1190/10/372 1191/10/372 1182/9/372
f 1180/9/372 1182/9/372 1191/10/372
f 1192/10/343 1182/9/344 1190/10/344
f 1182/9/344 1192/10/343 1183/9/343
f 1190/10/341 1182/9/341 1192/10/342
f 1183/9/342 1192/10/342 1182/9/341
f 1193/10/346 1183/9/343 1192/10/343
f 1183/9/343 1193/10/346 1185/9/346
f 1192/10/342 1183/9/342 1193/10/345
f 1185/9/345 1193/10/345 1183/9/342
f 1187/9/348 1193/10/346 1194/10/348
f 1193/10/346 1187/9/348 1185/9/346
f 1194/10/347 1193/10/345 1187/9/347
f 1185/9/345 1187/9/347 1193/10/345
f 1189/9/350 1194/10/348 1195/10/350
f 1194/10/348 1189/9/350 1187/9/348
f 1195/10/349 1194/10/347 1189/9/349
f 1187/9/347 1189/9/349 1194/10/347
f 1196/10/373 1189/9/373 1195/10/373
f 1189/9/373 1196/10/373 1188/9/373
f 1195/10/374 1189/9/374 1196/10/374
f 1188/9/374 1196/10/374 1189/9/374
f 1186/9/347 1196/10/354 1197/10/347
f 1196/10/354 1186/9/347 1188/9/354
f 1197/10/348 1196/10/353 1186/9/348
f 1188/9/353 1186/9/348 1196/10/353
f 1184/9/345 1197/10/347 1198/10/345
f 1197/10/347 1184/9/345 1186/9/347
f 1198/10/346 1197/10/348 1184/9/346
f 1186/9/348 1184/9/346 1197/10/348
f 1184/9/345 1199/10/342 1181/9/342
f 1199/10/342 1184/9/345 1198/10/345
f 1181/9/343 1199/10/343 1184/9/346
f 1198/10/346 1184/9/346 1199/10/343
f 1181/9/342 1191/10/341 1180/9/341
f 1191/10/341 1181/9/342 1199/10/342
f 1180/9/344 1191/10/344 1181/9/343
f 1199/10/343 1181/9/343 1191/10/344
f 1202/9/375 1201/10/355 1200/10/375
f 1201/10/355 1202/9/375 1203/9/355
f 1200/10/376 1201/10/356 1202/9/376
f 1203/9/356 1202/9/376 1201/10/356
f 1206/9/1 1205/9/1 1204/9/1
f 1205/9/1 1206/9/1 1203/9/1
f 1205/9/1 1203/9/1 1202/9/1
f 1204/9/2 1205/9/2 1206/9/2
f 1203/9/2 1206/9/2 1205/9/2
f 1202/9/2 1203/9/2 1205/9/2
f 1204/9/356 1208/10/356 1207/10/356
f 1208/10/356 1204/9/356 1205/9/356
f 1207/10/355 1208/10/355 1204/9/355
f 1205/9/355 1204/9/355 1208/10/355
f 1203/9/355 1209/10/377 1201/10/355
f 1209/10/377 1203/9/355 1206/9/377
f 1201/10/356 1209/10/378 1203/9/356
f 1206/9/378 1203/9/356 1209/10/378
f 1204/9/368 1209/10/368 1206/9/368
f 1209/10/368 1204/9/368 1207/10/368
f 1206/9/367 1209/10/367 1204/9/367
f 1207/10/367 1204/9/367 1209/10/367
f 1208/10/367 1202/9/367 1200/10/367
f 1202/9/367 1208/10/367 1205/9/367
f 1200/10/368 1202/9/368 1208/10/368
f 1205/9/368 1208/10/368 1202/9/368
f 1212/9/379 1211/10/371 1210/10/379
f 1211/10/371 1212/9/379 1213/9/371
f 1210/10/380 1211/10/372 1212/9/380
f 1213/9/372 1212/9/380 1211/10/372
f 1215/9/1 1160/9/1 1214/9/1
f 1160/9/1 1215/9/1 1213/9/1
f 1160/9/1 1213/9/1 1212/9/1
f 1214/9/2 1160/9/2 1215/9/2
f 1213/9/2 1215/9/2 1160/9/2
f 1212/9/2 1213/9/2 1160/9/2
f 1214/9/372 1171/10/372 1216/10/372
f 1171/10/372 1214/9/372 1160/9/372
f 1216/10/371 1171/10/371 1214/9/371
f 1160/9/371 1214/9/371 1171/10/371
f 1213/9/371 1217/10/381 1211/10/371
f 1217/10/381 1213/9/371 1215/9/381
f 1211/10/372 1217/10/382 1213/9/372
f 1215/9/382 1213/9/372 1217/10/382
f 1214/9/374 1217/10/374 1215/9/374
f 1217/10/374 1214/9/374 1216/10/374
f 1215/9/373 1217/10/373 1214/9/373
f 1216/10/373 1214/9/373 1217/10/373
f 1171/10/373 1212/9/373 1210/10/373
f 1212/9/373 1171/10/373 1160/9/373
f 1210/10/374 1212/9/374 1171/10/374
f 1160/9/374 1171/10/374 1212/9/374
f 1220/9/1 1219/9/1 1218/9/1
f 1219/9/1 1220/9/1 1221/9/1
f 1221/9/1 1220/9/1 1222/9/1
f 1218/9/2 1219/9/2 1220/9/2
f 1221/9/2 1220/9/2 1219/9/2
f 1222/9/2 1220/9/2 1221/9/2
f 1219/9/374 1223/10/374 1218/9/374
f 1223/10/374 1219/9/374 1224/10/374
f 1218/9/373 1223/10/373 1219/9/373
f 1224/10/373 1219/9/373 1223/10/373
f 1219/9/372 1225/10/372 1224/10/372
f 1225/10/372 1219/9/372 1221/9/372
f 1224/10/371 1225/10/371 1219/9/371
f 1221/9/371 1219/9/371 1225/10/371
f 1225/10/384 1222/9/383 1226/10/383
f 1222/9/383 1225/10/384 1221/9/384
f 1226/10/386 1222/9/386 1225/10/385
f 1221/9/385 1225/10/385 1222/9/386
f 1226/10/383 1220/9/387 1227/10/387
f 1220/9/387 1226/10/383 1222/9/383
f 1227/10/388 1220/9/388 1226/10/386
f 1222/9/386 1226/10/386 1220/9/388
f 1227/10/387 1218/9/389 1223/10/389
f 1218/9/389 1227/10/387 1220/9/387
f 1223/10/390 1218/9/390 1227/10/388
f 1220/9/388 1227/10/388 1218/9/390
f 1230/9/1 1229/9/1 1228/9/1
f 1229/9/1 1230/9/1 1231/9/1
f 1231/9/1 1230/9/1 1232/9/1
f 1228/9/2 1229/9/2 1230/9/2
f 1231/9/2 1230/9/2 1229/9/2
f 1232/9/2 1230/9/2 1231/9/2
f 1229/9/391 1233/10/391 1228/9/391
f 1233/10/391 1229/9/391 1234/10/391
f 1228/9/392 1233/10/392 1229/9/392
f 1234/10/392 1229/9/392 1233/10/392
f 1229/9/393 1235/10/393 1234/10/393
f 1235/10/393 1229/9/393 1231/9/393
f 1234/10/394 1235/10/394 1229/9/394
f 1231/9/394 1229/9/394 1235/10/394
f 1235/10/385 1232/9/386 1236/10/386
f 1232/9/386 1235/10/385 1231/9/385
f 1236/10/383 1232/9/383 1235/10/384
f 1231/9/384 1235/10/384 1232/9/383
f 1236/10/386 1230/9/388 1237/10/388
f 1230/9/388 1236/10/386 1232/9/386
f 1237/10/387 1230/9/387 1236/10/383
f 1232/9/383 1236/10/383 1230/9/387
f 1237/10/388 1228/9/390 1233/10/390
f 1228/9/390 1237/10/388 1230/9/388
f 1233/10/389 1228/9/389 1237/10/387
f 1230/9/387 1237/10/387 1228/9/389
f 1239/9/1 1205/9/1 1238/9/1
f 1205/9/1 1239/9/1 1240/9/1
f 1240/9/1 1239/9/1 1241/9/1
f 1238/9/2 1205/9/2 1239/9/2
f 1240/9/2 1239/9/2 1205/9/2
f 1241/9/2 1239/9/2 1240/9/2
f 1205/9/368 1242/10/368 1238/9/368
f 1242/10/368 1205/9/368 1208/10/368
f 1238/9/367 1242/10/367 1205/9/367
f 1208/10/367 1205/9/367 1242/10/367
f 1205/9/356 1243/10/356 1208/10/356
f 1243/10/356 1205/9/356 1240/9/356
f 1208/10/355 1243/10/355 1205/9/355
f 1240/9/355 1205/9/355 1243/10/355
f 1243/10/396 1241/9/395 1244/10/395
f 1241/9/395 1243/10/396 1240/9/396
f 1244/10/398 1241/9/398 1243/10/397
f 1240/9/397 1243/10/397 1241/9/398
f 1244/10/395 1239/9/399 1245/10/399
f 1239/9/399 1244/10/395 1241/9/395
f 1245/10/400 1239/9/400 1244/10/398
f 1241/9/398 1244/10/398 1239/9/400
f 1245/10/399 1238/9/401 1242/10/401
f 1238/9/401 1245/10/399 1239/9/399
f 1242/10/402 1238/9/402 1245/10/400
f 1239/9/400 1245/10/400 1238/9/402
f 1248/9/1 1247/9/1 1246/9/1
f 1247/9/1 1248/9/1 1249/9/1
f 1249/9/1 1248/9/1 1250/9/1
f 1246/9/2 1247/9/2 1248/9/2
f 1249/9/2 1248/9/2 1247/9/2
f 1250/9/2 1248/9/2 1249/9/2
f 1247/9/368 1251/10/368 1246/9/368
f 1251/10/368 1247/9/368 1252/10/368
f 1246/9/367 1251/10/367 1247/9/367
f 1252/10/367 1247/9/367 1251/10/367
f 1247/9/356 1253/10/356 1252/10/356
f 1253/10/356 1247/9/356 1249/9/356
f 1252/10/355 1253/10/355 1247/9/355
f 1249/9/355 1247/9/355 1253/10/355
f 1253/10/396 1250/9/395 1254/10/395
f 1250/9/395 1253/10/396 1249/9/396
f 1254/10/398 1250/9/398 1253/10/397
f 1249/9/397 1253/10/397 1250/9/398
f 1254/10/395 1248/9/399 1255/10/399
f 1248/9/399 1254/10/395 1250/9/395
f 1255/10/400 1248/9/400 1254/10/398
f 1250/9/398 1254/10/398 1248/9/400
f 1255/10/399 1246/9/401 1251/10/401
f 1246/9/401 1255/10/399 1248/9/399
f 1251/10/402 1246/9/402 1255/10/400
f 1248/9/400 1255/10/400 1246/9/402
f 1258/9/1 1257/9/1 1256/9/1
f 1257/9/1 1258/9/1 1259/9/1
f 1259/9/1 1258/9/1 1260/9/1
f 1256/9/2 1257/9/2 1258/9/2
f 1259/9/2 1258/9/2 1257/9/2
f 1260/9/2 1258/9/2 1259/9/2
f 1257/9/374 1261/10/374 1256/9/374
f 1261/10/374 1257/9/374 1262/10/374
f 1256/9/373 1261/10/373 1257/9/373
f 1262/10/373 1257/9/373 1261/10/373
f 1257/9/372 1263/10/372 1262/10/372
f 1263/10/372 1257/9/372 1259/9/372
f 1262/10/371 1263/10/371 1257/9/371
f 1259/9/371 1257/9/371 1263/10/371
f 1263/10/384 1260/9/383 1264/10/383
f 1260/9/383 1263/10/384 1259/9/384
f 1264/10/386 1260/9/386 1263/10/385
f 1259/9/385 1263/10/385 1260/9/386
f 1264/10/383 1258/9/387 1265/10/387
f 1258/9/387 1264/10/383 1260/9/383
f 1265/10/388 1258/9/388 1264/10/386
f 1260/9/386 1264/10/386 1258/9/388
f 1265/10/387 1256/9/389 1261/10/389
f 1256/9/389 1265/10/387 1258/9/387
f 1261/10/390 1256/9/390 1265/10/388
f 1258/9/388 1265/10/388 1256/9/390
f 1268/9/1 1267/9/1 1266/9/1
f 1267/9/1 1268/9/1 1269/9/1
f 1269/9/1 1268/9/1 1270/9/1
f 1266/9/2 1267/9/2 1268/9/2
f 1269/9/2 1268/9/2 1267/9/2
f 1270/9/2 1268/9/2 1269/9/2
f 1267/9/336 1271/10/336 1266/9/336
f 1271/10/336 1267/9/336 1272/10/336
f 1266/9/335 1271/10/335 1267/9/335
f 1272/10/335 1267/9/335 1271/10/335
f 1267/9/324 1273/10/324 1272/10/324
f 1273/10/324 1267/9/324 1269/9/324
f 1272/10/323 1273/10/323 1267/9/323
f 1269/9/323 1267/9/323 1273/10/323
f 1273/10/404 1270/9/403 1274/10/403
f 1270/9/403 1273/10/404 1269/9/404
f 1274/10/406 1270/9/406 1273/10/405
f 1269/9/405 1273/10/405 1270/9/406
f 1274/10/403 1268/9/407 1275/10/407
f 1268/9/407 1274/10/403 1270/9/403
f 1275/10/408 1268/9/408 1274/10/406
f 1270/9/406 1274/10/406 1268/9/408
f 1275/10/407 1266/9/409 1271/10/409
f 1266/9/409 1275/10/407 1268/9/407
f 1271/10/410 1266/9/410 1275/10/408
f 1268/9/408 1275/10/408 1266/9/410
f 1256/9/379 1276/10/371 1261/10/379
f 1276/10/371 1256/9/379 1277/9/371
f 1261/10/380 1276/10/372 1256/9/380
f 1277/9/372 1256/9/380 1276/10/372
f 1189/9/1 1257/9/1 1188/9/1
f 1257/9/1 1189/9/1 1277/9/1
f 1257/9/1 1277/9/1 1256/9/1
f 1188/9/2 1257/9/2 1189/9/2
f 1277/9/2 1189/9/2 1257/9/2
f 1256/9/2 1277/9/2 1257/9/2
f 1188/9/372 1262/10/372 1196/10/372
f 1262/10/372 1188/9/372 1257/9/372
f 1196/10/371 1262/10/371 1188/9/371
f 1257/9/371 1188/9/371 1262/10/371
f 1277/9/371 1195/10/381 1276/10/371
f 1195/10/381 1277/9/371 1189/9/381
f 1276/10/372 1195/10/382 1277/9/372
f 1189/9/382 1277/9/372 1195/10/382
f 1188/9/374 1195/10/374 1189/9/374
f 1195/10/374 1188/9/374 1196/10/374
f 1189/9/373 1195/10/373 1188/9/373
f 1196/10/373 1188/9/373 1195/10/373
f 1262/10/373 1256/9/373 1261/10/373
f 1256/9/373 1262/10/373 1257/9/373
f 1261/10/374 1256/9/374 1262/10/374
f 1257/9/374 1262/10/374 1256/9/374
f 1280/9/380 1279/10/411 1278/10/380
f 1279/10/411 1280/9/380 1281/9/411
f 1278/10/379 1279/10/412 1280/9/379
f 1281/9/412 1280/9/379 1279/10/412
f 1269/9/1 1282/9/1 1267/9/1
f 1282/9/1 1269/9/1 1281/9/1
f 1282/9/1 1281/9/1 1280/9/1
f 1267/9/2 1282/9/2 1269/9/2
f 1281/9/2 1269/9/2 1282/9/2
f 1280/9/2 1281/9/2 1282/9/2
f 1267/9/412 1283/10/412 1272/10/412
f 1283/10/412 1267/9/412 1282/9/412
f 1272/10/411 1283/10/411 1267/9/411
f 1282/9/411 1267/9/411 1283/10/411
f 1281/9/411 1273/10/382 1279/10/411
f 1273/10/382 1281/9/411 1269/9/382
f 1279/10/412 1273/10/381 1281/9/412
f 1269/9/381 1281/9/412 1273/10/381
f 1267/9/413 1273/10/413 1269/9/413
f 1273/10/413 1267/9/413 1272/10/413
f 1269/9/414 1273/10/414 1267/9/414
f 1272/10/414 1267/9/414 1273/10/414
f 1283/10/414 1280/9/414 1278/10/414
f 1280/9/414 1283/10/414 1282/9/414
f 1278/10/413 1280/9/413 1283/10/413
f 1282/9/413 1283/10/413 1280/9/413
f 1286/9/380 1285/10/411 1284/10/380
f 1285/10/411 1286/9/380 1287/9/411
f 1284/10/379 1285/10/412 1286/9/379
f 1287/9/412 1286/9/379 1285/10/412
f 1149/9/1 1288/9/1 1148/9/1
f 1288/9/1 1149/9/1 1287/9/1
f 1288/9/1 1287/9/1 1286/9/1
f 1148/9/2 1288/9/2 1149/9/2
f 1287/9/2 1149/9/2 1288/9/2
f 1286/9/2 1287/9/2 1288/9/2
f 1148/9/412 1289/10/412 1156/10/412
f 1289/10/412 1148/9/412 1288/9/412
f 1156/10/411 1289/10/411 1148/9/411
f 1288/9/411 1148/9/411 1289/10/411
f 1287/9/411 1155/10/382 1285/10/411
f 1155/10/382 1287/9/411 1149/9/382
f 1285/10/412 1155/10/381 1287/9/412
f 1149/9/381 1287/9/412 1155/10/381
f 1148/9/413 1155/10/413 1149/9/413
f 1155/10/413 1148/9/413 1156/10/413
f 1149/9/414 1155/10/414 1148/9/414
f 1156/10/414 1148/9/414 1155/10/414
f 1289/10/414 1286/9/414 1284/10/414
f 1286/9/414 1289/10/414 1288/9/414
f 1284/10/413 1286/9/413 1289/10/413
f 1288/9/413 1289/10/413 1286/9/413
f 1292/9/1 1291/9/1 1290/9/1
f 1291/9/1 1292/9/1 1293/9/1
f 1293/9/1 1292/9/1 1294/9/1
f 1290/9/2 1291/9/2 1292/9/2
f 1293/9/2 1292/9/2 1291/9/2
f 1294/9/2 1292/9/2 1293/9/2
f 1291/9/336 1295/10/336 1290/9/336
f 1295/10/336 1291/9/336 1296/10/336
f 1290/9/335 1295/10/335 1291/9/335
f 1296/10/335 1291/9/335 1295/10/335
f 1291/9/324 1297/10/324 1296/10/324
f 1297/10/324 1291/9/324 1293/9/324
f 1296/10/323 1297/10/323 1291/9/323
f 1293/9/323 1291/9/323 1297/10/323
f 1297/10/404 1294/9/403 1298/10/403
f 1294/9/403 1297/10/404 1293/9/404
f 1298/10/406 1294/9/406 1297/10/405
f 1293/9/405 1297/10/405 1294/9/406
f 1298/10/403 1292/9/407 1299/10/407
f 1292/9/407 1298/10/403 1294/9/403
f 1299/10/408 1292/9/408 1298/10/406
f 1294/9/406 1298/10/406 1292/9/408
f 1299/10/407 1290/9/409 1295/10/409
f 1290/9/409 1299/10/407 1292/9/407
f 1295/10/410 1290/9/410 1299/10/408
f 1292/9/408 1299/10/408 1290/9/410
f 1300/9/1 1288/9/1 1286/9/1
f 1288/9/1 1300/9/1 1301/9/1
f 1301/9/1 1300/9/1 1302/9/1
f 1286/9/2 1288/9/2 1300/9/2
f 1301/9/2 1300/9/2 1288/9/2
f 1302/9/2 1300/9/2 1301/9/2
f 1288/9/415 1284/10/415 1286/9/415
f 1284/10/415 1288/9/415 1289/10/415
f 1286/9/416 1284/10/416 1288/9/416
f 1289/10/416 1288/9/416 1284/10/416
f 1288/9/417 1303/10/417 1289/10/417
f 1303/10/417 1288/9/417 1301/9/417
f 1289/10/418 1303/10/418 1288/9/418
f 1301/9/418 1288/9/418 1303/10/418
f 1303/10/385 1302/9/386 1304/10/386
f 1302/9/386 1303/10/385 1301/9/385
f 1304/10/383 1302/9/383 1303/10/384
f 1301/9/384 1303/10/384 1302/9/383
f 1304/10/386 1300/9/388 1305/10/388
f 1300/9/388 1304/10/386 1302/9/386
f 1305/10/387 1300/9/387 1304/10/383
f 1302/9/383 1304/10/383 1300/9/387
f 1305/10/388 1286/9/390 1284/10/390
f 1286/9/390 1305/10/388 1300/9/388
f 1284/10/389 1286/9/389 1305/10/387
f 1300/9/387 1305/10/387 1286/9/389
f 1182/9/419 1306/10/323 1190/10/419
f 1306/10/323 1182/9/419 1307/9/323
f 1190/10/420 1306/10/324 1182/9/420
f 1307/9/324 1182/9/420 1306/10/324
f 1221/9/1 1180/9/1 1219/9/1
f 1180/9/1 1221/9/1 1307/9/1
f 1180/9/1 1307/9/1 1182/9/1
f 1219/9/2 1180/9/2 1221/9/2
f 1307/9/2 1221/9/2 1180/9/2
f 1182/9/2 1307/9/2 1180/9/2
f 1219/9/324 1191/10/324 1224/10/324
f 1191/10/324 1219/9/324 1180/9/324
f 1224/10/323 1191/10/323 1219/9/323
f 1180/9/323 1219/9/323 1191/10/323
f 1307/9/323 1225/10/421 1306/10/323
f 1225/10/421 1307/9/323 1221/9/421
f 1306/10/324 1225/10/422 1307/9/324
f 1221/9/422 1307/9/324 1225/10/422
f 1219/9/336 1225/10/336 1221/9/336
f 1225/10/336 1219/9/336 1224/10/336
f 1221/9/335 1225/10/335 1219/9/335
f 1224/10/335 1219/9/335 1225/10/335
f 1191/10/335 1182/9/335 1190/10/335
f 1182/9/335 1191/10/335 1180/9/335
f 1190/10/336 1182/9/336 1191/10/336
f 1180/9/336 1191/10/336 1182/9/336
f 1142/9/375 1308/10/355 1150/10/375
f 1308/10/355 1142/9/375 1309/9/355
f 1150/10/376 1308/10/356 1142/9/376
f 1309/9/356 1142/9/376 1308/10/356
f 1231/9/1 1140/9/1 1229/9/1
f 1140/9/1 1231/9/1 1309/9/1
f 1140/9/1 1309/9/1 1142/9/1
f 1229/9/2 1140/9/2 1231/9/2
f 1309/9/2 1231/9/2 1140/9/2
f 1142/9/2 1309/9/2 1140/9/2
f 1229/9/356 1151/10/356 1234/10/356
f 1151/10/356 1229/9/356 1140/9/356
f 1234/10/355 1151/10/355 1229/9/355
f 1140/9/355 1229/9/355 1151/10/355
f 1309/9/355 1235/10/377 1308/10/355
f 1235/10/377 1309/9/355 1231/9/377
f 1308/10/356 1235/10/378 1309/9/356
f 1231/9/378 1309/9/356 1235/10/378
f 1229/9/368 1235/10/368 1231/9/368
f 1235/10/368 1229/9/368 1234/10/368
f 1231/9/367 1235/10/367 1229/9/367
f 1234/10/367 1229/9/367 1235/10/367
f 1151/10/367 1142/9/367 1150/10/367
f 1142/9/367 1151/10/367 1140/9/367
f 1150/10/368 1142/9/368 1151/10/368
f 1140/9/368 1151/10/368 1142/9/368
f 1290/9/419 1310/10/323 1295/10/419
f 1310/10/323 1290/9/419 1311/9/323
f 1295/10/420 1310/10/324 1290/9/420
f 1311/9/324 1290/9/420 1310/10/324
f 1313/9/1 1312/9/1 1128/9/1
f 1312/9/1 1313/9/1 1311/9/1
f 1312/9/1 1311/9/1 1290/9/1
f 1128/9/2 1312/9/2 1313/9/2
f 1311/9/2 1313/9/2 1312/9/2
f 1290/9/2 1311/9/2 1312/9/2
f 1128/9/324 1314/10/324 1136/10/324
f 1314/10/324 1128/9/324 1312/9/324
f 1136/10/323 1314/10/323 1128/9/323
f 1312/9/323 1128/9/323 1314/10/323
f 1311/9/323 1315/10/421 1310/10/323
f 1315/10/421 1311/9/323 1313/9/421
f 1310/10/324 1315/10/422 1311/9/324
f 1313/9/422 1311/9/324 1315/10/422
f 1128/9/336 1315/10/336 1313/9/336
f 1315/10/336 1128/9/336 1136/10/336
f 1313/9/335 1315/10/335 1128/9/335
f 1136/10/335 1128/9/335 1315/10/335
f 1314/10/335 1290/9/335 1295/10/335
f 1290/9/335 1314/10/335 1312/9/335
f 1295/10/336 1290/9/336 1314/10/336
f 1312/9/336 1314/10/336 1290/9/336
f 1318/9/2 1317/9/2 1316/9/2
f 1319/9/2 1316/9/2 1317/9/2
f 1320/9/2 1319/9/2 1317/9/2
f 1321/9/2 1319/9/2 1320/9/2
f 1322/9/2 1321/9/2 1320/9/2
f 1323/9/2 1321/9/2 1322/9/2
f 1316/9/423 1324/10/423 1318/9/373
f 1325/10/373 1318/9/373 1324/10/423
f 1326/10/372 1324/10/424 1319/9/372
f 1316/9/424 1319/9/372 1324/10/424
f 1327/10/425 1326/10/372 1321/9/425
f 1319/9/372 1321/9/425 1326/10/372
f 1327/10/426 1321/9/426 1328/10/374
f 1323/9/374 1328/10/374 1321/9/426
f 1328/10/374 1323/9/374 1329/10/427
f 1322/9/427 1329/10/427 1323/9/374
f 1330/10/371 1329/10/428 1320/9/371
f 1322/9/428 1320/9/371 1329/10/428
f 1331/10/429 1330/10/371 1317/9/429
f 1320/9/371 1317/9/429 1330/10/371
f 1318/9/373 1325/10/373 1317/9/430
f 1331/10/430 1317/9/430 1325/10/373
f 1334/11/326 1333/12/325 1332/11/325
f 1333/12/325 1334/11/326 1335/12/326
f 1332/11/328 1333/12/328 1334/11/327
f 1335/12/327 1334/11/327 1333/12/328
f 1336/11/329 1335/12/326 1334/11/326
f 1335/12/326 1336/11/329 1337/12/329
f 1334/11/327 1335/12/327 1336/11/330
f 1337/12/330 1336/11/330 1335/12/327
f 1340/12/338 1339/11/331 1338/11/338
f 1339/11/331 1340/12/338 1341/12/331
f 1338/11/337 1339/11/332 1340/12/337
f 1341/12/332 1340/12/337 1339/11/332
f 1341/12/331 1336/11/329 1339/11/331
f 1336/11/329 1341/12/331 1337/12/329
f 1339/11/332 1336/11/330 1341/12/332
f 1337/12/330 1341/12/332 1336/11/330
f 1333/12/1 1343/12/1 1342/12/1
f 1343/12/1 1333/12/1 1335/12/1
f 1343/12/1 1335/12/1 1344/12/1
f 1344/12/1 1335/12/1 1337/12/1
f 1344/12/1 1337/12/1 1345/12/1
f 1345/12/1 1337/12/1 1341/12/1
f 1345/12/1 1341/12/1 1346/12/1
f 1346/12/1 1341/12/1 1340/12/1
f 1342/12/2 1343/12/2 1333/12/2
f 1335/12/2 1333/12/2 1343/12/2
f 1344/12/2 1335/12/2 1343/12/2
f 1337/12/2 1335/12/2 1344/12/2
f 1345/12/2 1337/12/2 1344/12/2
f 1341/12/2 1337/12/2 1345/12/2
f 1346/12/2 1341/12/2 1345/12/2
f 1340/12/2 1341/12/2 1346/12/2
f 1333/12/323 1120/11/323 1332/11/323
f 1120/11/323 1333/12/323 1342/12/323
f 1332/11/324 1120/11/324 1333/12/324
f 1342/12/324 1333/12/324 1120/11/324
f 1128/11/335 1340/12/335 1338/11/335
f 1340/12/335 1128/11/335 1346/12/335
f 1338/11/336 1340/12/336 1128/11/336
f 1346/12/336 1128/11/336 1340/12/336
f 1345/12/332 1128/11/337 1126/11/332
f 1128/11/337 1345/12/332 1346/12/337
f 1126/11/331 1128/11/338 1345/12/331
f 1346/12/338 1345/12/331 1128/11/338
f 1344/12/330 1126/11/332 1124/11/330
f 1126/11/332 1344/12/330 1345/12/332
f 1124/11/329 1126/11/331 1344/12/329
f 1345/12/331 1344/12/329 1126/11/331
f 1344/12/330 1121/11/327 1343/12/327
f 1121/11/327 1344/12/330 1124/11/330
f 1343/12/326 1121/11/326 1344/12/329
f 1124/11/329 1344/12/329 1121/11/326
f 1343/12/327 1120/11/328 1342/12/328
f 1120/11/328 1343/12/327 1121/11/327
f 1342/12/325 1120/11/325 1343/12/326
f 1121/11/326 1343/12/326 1120/11/325
f 1348/11/2 1347/11/2 45/11/2
f 1347/11/2 1348/11/2 46/11/2
f 1347/11/2 46/11/2 1349/11/2
f 1349/11/2 46/11/2 1350/11/2
f 1349/11/2 1350/11/2 1351/11/2
f 1351/11/2 1350/11/2 1352/11/2
f 1352/11/2 1350/11/2 48/11/2
f 1352/11/2 48/11/2 1353/11/2
f 45/11/1 1347/11/1 1348/11/1
f 46/11/1 1348/11/1 1347/11/1
f 1349/11/1 46/11/1 1347/11/1
f 1350/11/1 46/11/1 1349/11/1
f 1351/11/1 1350/11/1 1349/11/1
f 1352/11/1 1350/11/1 1351/11/1
f 48/11/1 1350/11/1 1352/11/1
f 1353/11/1 48/11/1 1352/11/1
f 1354/13/1 1139/13/1 1131/13/1
f 1139/13/1 1354/13/1 1138/13/1
f 1138/13/1 1354/13/1 1355/13/1
f 1138/13/1 1355/13/1 1137/13/1
f 1137/13/1 1355/13/1 1356/13/1
f 1137/13/1 1356/13/1 1357/13/1
f 1137/13/1 1357/13/1 1136/13/1
f 1136/13/1 1357/13/1 1358/13/1
f 1131/13/2 1139/13/2 1354/13/2
f 1138/13/2 1354/13/2 1139/13/2
f 1355/13/2 1354/13/2 1138/13/2
f 1137/13/2 1355/13/2 1138/13/2
f 1356/13/2 1355/13/2 1137/13/2
f 1357/13/2 1356/13/2 1137/13/2
f 1136/13/2 1357/13/2 1137/13/2
f 1358/13/2 1357/13/2 1136/13/2
f 1354/13/323 45/11/323 1347/11/323
f 45/11/323 1354/13/323 1131/13/323
f 1347/11/324 45/11/324 1354/13/324
f 1131/13/324 1354/13/324 45/11/324
f 1349/11/326 1354/13/325 1347/11/325
f 1354/13/325 1349/11/326 1355/13/326
f 1347/11/328 1354/13/328 1349/11/327
f 1355/13/327 1349/11/327 1354/13/328
f 1351/11/329 1355/13/326 1349/11/326
f 1355/13/326 1351/11/329 1356/13/329
f 1349/11/327 1355/13/327 1351/11/330
f 1356/13/330 1351/11/330 1355/13/327
f 1357/13/331 1351/11/329 1352/11/331
f 1351/11/329 1357/13/331 1356/13/329
f 1352/11/332 1351/11/330 1357/13/332
f 1356/13/330 1357/13/332 1351/11/330
f 1358/13/333 1352/11/331 1353/11/333
f 1352/11/331 1358/13/333 1357/13/331
f 1353/11/334 1352/11/332 1358/13/334
f 1357/13/332 1358/13/334 1352/11/332
f 48/11/335 1358/13/335 1353/11/335
f 1358/13/335 48/11/335 1136/13/335
f 1353/11/336 1358/13/336 48/11/336
f 1136/13/336 48/11/336 1358/13/336
f 1137/13/332 48/11/337 1350/11/332
f 48/11/337 1137/13/332 1136/13/337
f 1350/11/331 48/11/338 1137/13/331
f 1136/13/338 1137/13/331 48/11/338
f 1138/13/330 1350/11/332 46/11/330
f 1350/11/332 1138/13/330 1137/13/332
f 46/11/329 1350/11/331 1138/13/329
f 1137/13/331 1138/13/329 1350/11/331
f 1138/13/330 1348/11/327 1139/13/327
f 1348/11/327 1138/13/330 46/11/330
f 1139/13/326 1348/11/326 1138/13/329
f 46/11/329 1138/13/329 1348/11/326
f 1139/13/327 45/11/328 1131/13/328
f 45/11/328 1139/13/327 1348/11/327
f 1131/13/325 45/11/325 1139/13/326
f 1348/11/326 1139/13/326 45/11/325
f 1361/13/432 1360/11/431 1359/13/431
f 1360/11/431 1361/13/432 1362/11/432
f 1359/13/434 1360/11/434 1361/13/433
f 1362/11/433 1361/13/433 1360/11/434
f 1365/13/435 1364/11/436 1363/11/435
f 1364/11/436 1365/13/435 1366/13/436
f 1363/11/437 1364/11/438 1365/13/437
f 1366/13/438 1365/13/437 1364/11/438
f 1366/13/436 1367/11/439 1364/11/436
f 1367/11/439 1366/13/436 1368/13/439
f 1364/11/438 1367/11/440 1366/13/438
f 1368/13/440 1366/13/438 1367/11/440
f 1371/11/442 1370/13/441 1369/11/441
f 1370/13/441 1371/11/442 1372/13/442
f 1369/11/444 1370/13/444 1371/11/443
f 1372/13/443 1371/11/443 1370/13/444
f 1369/11/441 1365/13/435 1363/11/435
f 1365/13/435 1369/11/441 1370/13/441
f 1363/11/437 1365/13/437 1369/11/444
f 1370/13/444 1369/11/444 1365/13/437
f 1359/13/431 1367/11/439 1368/13/439
f 1367/11/439 1359/13/431 1360/11/431
f 1368/13/440 1367/11/440 1359/13/434
f 1360/11/434 1359/13/434 1367/11/440
f 1359/13/1 1372/13/1 1361/13/1
f 1372/13/1 1359/13/1 1368/13/1
f 1372/13/1 1368/13/1 1366/13/1
f 1372/13/1 1366/13/1 1365/13/1
f 1372/13/1 1365/13/1 1370/13/1
f 1361/13/2 1372/13/2 1359/13/2
f 1368/13/2 1359/13/2 1372/13/2
f 1366/13/2 1368/13/2 1372/13/2
f 1365/13/2 1366/13/2 1372/13/2
f 1370/13/2 1365/13/2 1372/13/2
f 1375/15/337 1374/14/337 1373/14/337
f 1374/14/337 1375/15/337 1376/15/337
f 1376/15/337 1375/15/337 1377/16/337
f 1376/15/337 1377/16/337 1378/16/337
f 1378/16/337 1377/16/337 1379/17/337
f 1378/16/337 1379/17/337 1380/17/337
f 1373/14/338 1374/14/338 1375/15/338
f 1376/15/338 1375/15/338 1374/14/338
f 1377/16/338 1375/15/338 1376/15/338
f 1378/16/338 1377/16/338 1376/15/338
f 1379/17/338 1377/16/338 1378/16/338
f 1380/17/338 1379/17/338 1378/16/338
f 1381/17/445 1378/16/446 1380/17/445
f 1378/16/446 1381/17/445 1382/16/446
f 1380/17/447 1378/16/448 1381/17/447
f 1382/16/448 1381/17/447 1378/16/448
f 1374/14/449 1383/14/447 1373/14/447
f 1383/14/447 1374/14/449 1384/14/449
f 1373/14/445 1383/14/445 1374/14/450
f 1384/14/450 1374/14/450 1383/14/445
f 1377/16/451 1386/15/448 1385/16/451
f 1386/15/448 1377/16/451 1375/15/448
f 1385/16/452 1386/15/446 1377/16/452
f 1375/15/446 1377/16/452 1386/15/446
f 1387/15/338 1383/14/338 1384/14/338
f 1383/14/338 1387/15/338 1386/15/338
f 1386/15/338 1387/15/338 1382/16/338
f 1386/15/338 1382/16/338 1385/16/338
f 1385/16/338 1382/16/338 1381/17/338
f 1385/16/338 1381/17/338 1388/17/338
f 1384/14/337 1383/14/337 1387/15/337
f 1386/15/337 1387/15/337 1383/14/337
f 1382/16/337 1387/15/337 1386/15/337
f 1385/16/337 1382/16/337 1386/15/337
f 1381/17/337 1382/16/337 1385/16/337
f 1388/17/337 1381/17/337 1385/16/337
f 1376/15/452 1382/16/446 1387/15/452
f 1382/16/446 1376/15/452 1378/16/446
f 1387/15/451 1382/16/448 1376/15/451
f 1378/16/448 1376/15/451 1382/16/448
f 1373/14/447 1386/15/448 1375/15/448
f 1386/15/448 1373/14/447 1383/14/447
f 1375/15/446 1386/15/446 1373/14/445
f 1383/14/445 1373/14/445 1386/15/446
f 1385/16/451 1379/17/450 1377/16/451
f 1379/17/450 1385/16/451 1388/17/450
f 1377/16/452 1379/17/449 1385/16/452
f 1388/17/449 1385/16/452 1379/17/449
f 1388/17/450 1380/17/445 1379/17/450
f 1380/17/445 1388/17/450 1381/17/445
f 1379/17/449 1380/17/447 1388/17/449
f 1381/17/447 1388/17/449 1380/17/447
f 1376/15/452 1384/14/449 1374/14/449
f 1384/14/449 1376/15/452 1387/15/452
f 1374/14/450 1384/14/450 1376/15/451
f 1387/15/451 1376/15/451 1384/14/450
f 1391/18/449 1390/18/447 1389/18/447
f 1390/18/447 1391/18/449 1392/18/449
f 1389/18/445 1390/18/445 1391/18/450
f 1392/18/450 1391/18/450 1390/18/445
f 1395/19/451 1394/20/450 1393/19/451
f 1394/20/450 1395/19/451 1396/20/450
f 1393/19/452 1394/20/449 1395/19/452
f 1396/20/449 1395/19/452 1394/20/449
f 1397/21/338 1390/18/338 1392/18/338
f 1390/18/338 1397/21/338 1398/21/338
f 1398/21/338 1397/21/338 1399/19/338
f 1398/21/338 1399/19/338 1395/19/338
f 1395/19/338 1399/19/338 1400/20/338
f 1395/19/338 1400/20/338 1396/20/338
f 1392/18/337 1390/18/337 1397/21/337
f 1398/21/337 1397/21/337 1390/18/337
f 1399/19/337 1397/21/337 1398/21/337
f 1395/19/337 1399/19/337 1398/21/337
f 1400/20/337 1399/19/337 1395/19/337
f 1396/20/337 1400/20/337 1395/19/337
f 1393/19/451 1398/21/448 1395/19/451
f 1398/21/448 1393/19/451 1401/21/448
f 1395/19/452 1398/21/446 1393/19/452
f 1401/21/446 1393/19/452 1398/21/446
f 1396/20/450 1402/20/445 1394/20/450
f 1402/20/445 1396/20/450 1400/20/445
f 1394/20/449 1402/20/447 1396/20/449
f 1400/20/447 1396/20/449 1402/20/447
f 1403/21/452 1399/19/446 1397/21/452
f 1399/19/446 1403/21/452 1404/19/446
f 1397/21/451 1399/19/448 1403/21/451
f 1404/19/448 1403/21/451 1399/19/448
f 1400/20/445 1404/19/446 1402/20/445
f 1404/19/446 1400/20/445 1399/19/446
f 1402/20/447 1404/19/448 1400/20/447
f 1399/19/448 1400/20/447 1404/19/448
f 1389/18/447 1398/21/448 1401/21/448
f 1398/21/448 1389/18/447 1390/18/447
f 1401/21/446 1398/21/446 1389/18/445
f 1390/18/445 1389/18/445 1398/21/446
f 1401/21/337 1391/18/337 1389/18/337
f 1391/18/337 1401/21/337 1403/21/337
f 1403/21/337 1401/21/337 1393/19/337
f 1403/21/337 1393/19/337 1404/19/337
f 1404/19/337 1393/19/337 1394/20/337
f 1404/19/337 1394/20/337 1402/20/337
f 1389/18/338 1391/18/338 1401/21/338
f 1403/21/338 1401/21/338 1391/18/338
f 1393/19/338 1401/21/338 1403/21/338
f 1404/19/338 1393/19/338 1403/21/338
f 1394/20/338 1393/19/338 1404/19/338
f 1402/20/338 1394/20/338 1404/19/338
f 1403/21/452 1392/18/449 1391/18/449
f 1392/18/449 1403/21/452 1397/21/452
f 1391/18/450 1392/18/450 1403/21/451
f 1397/21/451 1403/21/451 1392/18/450
f 1407/22/453 1406/22/454 1405/22/453
f 1406/22/454 1407/22/453 1408/22/454
f 1405/22/455 1406/22/456 1407/22/455
f 1408/22/456 1407/22/455 1406/22/456
f 1411/23/455 1410/23/456 1409/23/456
f 1410/23/456 1411/23/455 1412/23/455
f 1409/23/454 1410/23/454 1411/23/453
f 1412/23/453 1411/23/453 1410/23/454
f 1409/23/456 1414/24/457 1413/24/457
f 1414/24/457 1409/23/456 1410/23/456
f 1413/24/458 1414/24/458 1409/23/454
f 1410/23/454 1409/23/454 1414/24/458
f 1415/24/459 1412/23/455 1411/23/455
f 1412/23/455 1415/24/459 1416/24/459
f 1411/23/453 1412/23/453 1415/24/460
f 1416/24/460 1415/24/460 1412/23/453
f 1415/24/459 1417/25/458 1416/24/459
f 1417/25/458 1415/24/459 1418/25/458
f 1416/24/460 1417/25/457 1415/24/460
f 1418/25/457 1415/24/460 1417/25/457
f 1416/24/461 1410/23/461 1412/23/461
f 1410/23/461 1416/24/461 1414/24/461
f 1414/24/461 1416/24/461 1417/25/461
f 1414/24/461 1417/25/461 1419/25/461
f 1419/25/461 1417/25/461 1408/22/461
f 1419/25/461 1408/22/461 1407/22/461
f 1412/23/462 1410/23/462 1416/24/462
f 1414/24/462 1416/24/462 1410/23/462
f 1417/25/462 1416/24/462 1414/24/462
f 1419/25/462 1417/25/462 1414/24/462
f 1408/22/462 1417/25/462 1419/25/462
f 1407/22/462 1408/22/462 1419/25/462
f 1408/22/454 1418/25/458 1406/22/454
f 1418/25/458 1408/22/454 1417/25/458
f 1406/22/456 1418/25/457 1408/22/456
f 1417/25/457 1408/22/456 1418/25/457
f 1420/25/460 1414/24/457 1419/25/460
f 1414/24/457 1420/25/460 1413/24/457
f 1419/25/459 1414/24/458 1420/25/459
f 1413/24/458 1420/25/459 1414/24/458
f 1419/25/460 1405/22/453 1420/25/460
f 1405/22/453 1419/25/460 1407/22/453
f 1420/25/459 1405/22/455 1419/25/459
f 1407/22/455 1419/25/459 1405/22/455
f 1413/24/462 1411/23/462 1409/23/462
f 1411/23/462 1413/24/462 1415/24/462
f 1415/24/462 1413/24/462 1420/25/462
f 1415/24/462 1420/25/462 1418/25/462
f 1418/25/462 1420/25/462 1405/22/462
f 1418/25/462 1405/22/462 1406/22/462
f 1409/23/461 1411/23/461 1413/24/461
f 1415/24/461 1413/24/461 1411/23/461
f 1420/25/461 1413/24/461 1415/24/461
f 1418/25/461 1420/25/461 1415/24/461
f 1405/22/461 1420/25/461 1418/25/461
f 1406/22/461 1405/22/461 1418/25/461
f 1423/26/463 1422/27/464 1421/26/463
f 1422/27/464 1423/26/463 1424/27/464
f 1421/26/465 1422/27/466 1423/26/465
f 1424/27/466 1423/26/465 1422/27/466
f 1426/26/467 1421/26/463 1425/26/467
f 1421/26/463 1426/26/467 1423/26/463
f 1425/26/468 1421/26/465 1426/26/468
f 1423/26/465 1426/26/468 1421/26/465
f 1429/27/469 1428/28/466 1427/28/466
f 1428/28/466 1429/27/469 1430/27/469
f 1427/28/464 1428/28/464 1429/27/470
f 1430/27/470 1429/27/470 1428/28/464
f 1422/27/464 1432/28/470 1431/28/470
f 1432/28/470 1422/27/464 1424/27/464
f 1431/28/469 1432/28/469 1422/27/466
f 1424/27/466 1422/27/466 1432/28/469
f 1433/29/325 1429/27/325 1427/28/325
f 1429/27/325 1433/29/325 1426/26/325
f 1426/26/325 1433/29/325 1434/29/325
f 1426/26/325 1434/29/325 1423/26/325
f 1423/26/325 1434/29/325 1432/28/325
f 1423/26/325 1432/28/325 1424/27/325
f 1427/28/328 1429/27/328 1433/29/328
f 1426/26/328 1433/29/328 1429/27/328
f 1434/29/328 1433/29/328 1426/26/328
f 1423/26/328 1434/29/328 1426/26/328
f 1432/28/328 1434/29/328 1423/26/328
f 1424/27/328 1432/28/328 1423/26/328
f 1435/29/465 1427/28/466 1428/28/466
f 1427/28/466 1435/29/465 1433/29/465
f 1428/28/464 1427/28/464 1435/29/463
f 1433/29/463 1435/29/463 1427/28/464
f 1429/27/469 1425/26/467 1430/27/469
f 1425/26/467 1429/27/469 1426/26/467
f 1430/27/470 1425/26/468 1429/27/470
f 1426/26/468 1429/27/470 1425/26/468
f 1425/26/328 1428/28/328 1430/27/328
f 1428/28/328 1425/26/328 1435/29/328
f 1435/29/328 1425/26/328 1421/26/328
f 1435/29/328 1421/26/328 1436/29/328
f 1436/29/328 1421/26/328 1422/27/328
f 1436/29/328 1422/27/328 1431/28/328
f 1430/27/325 1428/28/325 1425/26/325
f 1435/29/325 1425/26/325 1428/28/325
f 1421/26/325 1425/26/325 1435/29/325
f 1436/29/325 1421/26/325 1435/29/325
f 1422/27/325 1421/26/325 1436/29/325
f 1431/28/325 1422/27/325 1436/29/325
f 1431/28/470 1434/29/468 1436/29/468
f 1434/29/468 1431/28/470 1432/28/470
f 1436/29/467 1434/29/467 1431/28/469
f 1432/28/469 1431/28/469 1434/29/467
f 1436/29/468 1433/29/465 1435/29/465
f 1433/29/465 1436/29/468 1434/29/468
f 1435/29/463 1433/29/463 1436/29/467
f 1434/29/467 1436/29/467 1433/29/463
f 1439/11/342 1438/12/341 1437/11/341
f 1438/12/341 1439/11/342 1440/12/342
f 1437/11/344 1438/12/344 1439/11/343
f 1440/12/343 1439/11/343 1438/12/344
f 1441/11/345 1440/12/342 1439/11/342
f 1440/12/342 1441/11/345 1442/12/345
f 1439/11/343 1440/12/343 1441/11/346
f 1442/12/346 1441/11/346 1440/12/343
f 1445/12/354 1444/11/347 1443/11/354
f 1444/11/347 1445/12/354 1446/12/347
f 1443/11/353 1444/11/348 1445/12/353
f 1446/12/348 1445/12/353 1444/11/348
f 1446/12/347 1441/11/345 1444/11/347
f 1441/11/345 1446/12/347 1442/12/345
f 1444/11/348 1441/11/346 1446/12/348
f 1442/12/346 1446/12/348 1441/11/346
f 1438/12/1 1448/12/1 1447/12/1
f 1448/12/1 1438/12/1 1440/12/1
f 1448/12/1 1440/12/1 1449/12/1
f 1449/12/1 1440/12/1 1442/12/1
f 1449/12/1 1442/12/1 1450/12/1
f 1450/12/1 1442/12/1 1446/12/1
f 1450/12/1 1446/12/1 1451/12/1
f 1451/12/1 1446/12/1 1445/12/1
f 1447/12/2 1448/12/2 1438/12/2
f 1440/12/2 1438/12/2 1448/12/2
f 1449/12/2 1440/12/2 1448/12/2
f 1442/12/2 1440/12/2 1449/12/2
f 1450/12/2 1442/12/2 1449/12/2
f 1446/12/2 1442/12/2 1450/12/2
f 1451/12/2 1446/12/2 1450/12/2
f 1445/12/2 1446/12/2 1451/12/2
f 1438/12/339 1140/11/339 1437/11/339
f 1140/11/339 1438/12/339 1447/12/339
f 1437/11/340 1140/11/340 1438/12/340
f 1447/12/340 1438/12/340 1140/11/340
f 1148/11/351 1445/12/351 1443/11/351
f 1445/12/351 1148/11/351 1451/12/351
f 1443/11/352 1445/12/352 1148/11/352
f 1451/12/352 1148/11/352 1445/12/352
f 1450/12/348 1148/11/353 1146/11/348
f 1148/11/353 1450/12/348 1451/12/353
f 1146/11/347 1148/11/354 1450/12/347
f 1451/12/354 1450/12/347 1148/11/354
f 1449/12/346 1146/11/348 1144/11/346
f 1146/11/348 1449/12/346 1450/12/348
f 1144/11/345 1146/11/347 1449/12/345
f 1450/12/347 1449/12/345 1146/11/347
f 1449/12/346 1141/11/343 1448/12/343
f 1141/11/343 1449/12/346 1144/11/346
f 1448/12/342 1141/11/342 1449/12/345
f 1144/11/345 1449/12/345 1141/11/342
f 1448/12/343 1140/11/344 1447/12/344
f 1140/11/344 1448/12/343 1141/11/343
f 1447/12/341 1140/11/341 1448/12/342
f 1141/11/342 1448/12/342 1140/11/341
f 1453/11/2 1452/11/2 89/11/2
f 1452/11/2 1453/11/2 90/11/2
f 1452/11/2 90/11/2 1454/11/2
f 1454/11/2 90/11/2 1455/11/2
f 1454/11/2 1455/11/2 1456/11/2
f 1456/11/2 1455/11/2 1457/11/2
f 1457/11/2 1455/11/2 92/11/2
f 1457/11/2 92/11/2 1458/11/2
f 89/11/1 1452/11/1 1453/11/1
f 90/11/1 1453/11/1 1452/11/1
f 1454/11/1 90/11/1 1452/11/1
f 1455/11/1 90/11/1 1454/11/1
f 1456/11/1 1455/11/1 1454/11/1
f 1457/11/1 1455/11/1 1456/11/1
f 92/11/1 1455/11/1 1457/11/1
f 1458/11/1 92/11/1 1457/11/1
f 1459/13/1 1159/13/1 1151/13/1
f 1159/13/1 1459/13/1 1158/13/1
f 1158/13/1 1459/13/1 1460/13/1
f 1158/13/1 1460/13/1 1157/13/1
f 1157/13/1 1460/13/1 1461/13/1
f 1157/13/1 1461/13/1 1462/13/1
f 1157/13/1 1462/13/1 1156/13/1
f 1156/13/1 1462/13/1 1463/13/1
f 1151/13/2 1159/13/2 1459/13/2
f 1158/13/2 1459/13/2 1159/13/2
f 1460/13/2 1459/13/2 1158/13/2
f 1157/13/2 1460/13/2 1158/13/2
f 1461/13/2 1460/13/2 1157/13/2
f 1462/13/2 1461/13/2 1157/13/2
f 1156/13/2 1462/13/2 1157/13/2
f 1463/13/2 1462/13/2 1156/13/2
f 1459/13/339 89/11/339 1452/11/339
f 89/11/339 1459/13/339 1151/13/339
f 1452/11/340 89/11/340 1459/13/340
f 1151/13/340 1459/13/340 89/11/340
f 1454/11/342 1459/13/341 1452/11/341
f 1459/13/341 1454/11/342 1460/13/342
f 1452/11/344 1459/13/344 1454/11/343
f 1460/13/343 1454/11/343 1459/13/344
f 1456/11/345 1460/13/342 1454/11/342
f 1460/13/342 1456/11/345 1461/13/345
f 1454/11/343 1460/13/343 1456/11/346
f 1461/13/346 1456/11/346 1460/13/343
f 1462/13/347 1456/11/345 1457/11/347
f 1456/11/345 1462/13/347 1461/13/345
f 1457/11/348 1456/11/346 1462/13/348
f 1461/13/346 1462/13/348 1456/11/346
f 1463/13/349 1457/11/347 1458/11/349
f 1457/11/347 1463/13/349 1462/13/347
f 1458/11/350 1457/11/348 1463/13/350
f 1462/13/348 1463/13/350 1457/11/348
f 92/11/351 1463/13/351 1458/11/351
f 1463/13/351 92/11/351 1156/13/351
f 1458/11/352 1463/13/352 92/11/352
f 1156/13/352 92/11/352 1463/13/352
f 1157/13/348 92/11/353 1455/11/348
f 92/11/353 1157/13/348 1156/13/353
f 1455/11/347 92/11/354 1157/13/347
f 1156/13/354 1157/13/347 92/11/354
f 1158/13/346 1455/11/348 90/11/346
f 1455/11/348 1158/13/346 1157/13/348
f 90/11/345 1455/11/347 1158/13/345
f 1157/13/347 1158/13/345 1455/11/347
f 1158/13/346 1453/11/343 1159/13/343
f 1453/11/343 1158/13/346 90/11/346
f 1159/13/342 1453/11/342 1158/13/345
f 90/11/345 1158/13/345 1453/11/342
f 1159/13/343 89/11/344 1151/13/344
f 89/11/344 1159/13/343 1453/11/343
f 1151/13/341 89/11/341 1159/13/342
f 1453/11/342 1159/13/342 89/11/341
f 1466/13/472 1465/11/471 1464/13/471
f 1465/11/471 1466/13/472 1467/11/472
f 1464/13/474 1465/11/474 1466/13/473
f 1467/11/473 1466/13/473 1465/11/474
f 1470/13/475 1469/11/476 1468/11/475
f 1469/11/476 1470/13/475 1471/13/476
f 1468/11/477 1469/11/478 1470/13/477
f 1471/13/478 1470/13/477 1469/11/478
f 1471/13/476 1472/11/479 1469/11/476
f 1472/11/479 1471/13/476 1473/13/479
f 1469/11/478 1472/11/480 1471/13/478
f 1473/13/480 1471/13/478 1472/11/480
f 1476/11/482 1475/13/481 1474/11/481
f 1475/13/481 1476/11/482 1477/13/482
f 1474/11/484 1475/13/484 1476/11/483
f 1477/13/483 1476/11/483 1475/13/484
f 1474/11/481 1470/13/475 1468/11/475
f 1470/13/475 1474/11/481 1475/13/481
f 1468/11/477 1470/13/477 1474/11/484
f 1475/13/484 1474/11/484 1470/13/477
f 1464/13/471 1472/11/479 1473/13/479
f 1472/11/479 1464/13/471 1465/11/471
f 1473/13/480 1472/11/480 1464/13/474
f 1465/11/474 1464/13/474 1472/11/480
f 1464/13/1 1477/13/1 1466/13/1
f 1477/13/1 1464/13/1 1473/13/1
f 1477/13/1 1473/13/1 1471/13/1
f 1477/13/1 1471/13/1 1470/13/1
f 1477/13/1 1470/13/1 1475/13/1
f 1466/13/2 1477/13/2 1464/13/2
f 1473/13/2 1464/13/2 1477/13/2
f 1471/13/2 1473/13/2 1477/13/2
f 1470/13/2 1471/13/2 1477/13/2
f 1475/13/2 1470/13/2 1477/13/2
f 1480/15/353 1479/14/353 1478/14/353
f 1479/14/353 1480/15/353 1481/15/353
f 1481/15/353 1480/15/353 1482/16/353
f 1481/15/353 1482/16/353 1483/16/353
f 1483/16/353 1482/16/353 1484/17/353
f 1483/16/353 1484/17/353 1485/17/353
f 1478/14/354 1479/14/354 1480/15/354
f 1481/15/354 1480/15/354 1479/14/354
f 1482/16/354 1480/15/354 1481/15/354
f 1483/16/354 1482/16/354 1481/15/354
f 1484/17/354 1482/16/354 1483/16/354
f 1485/17/354 1484/17/354 1483/16/354
f 1486/17/485 1483/16/486 1485/17/485
f 1483/16/486 1486/17/485 1487/16/486
f 1485/17/487 1483/16/488 1486/17/487
f 1487/16/488 1486/17/487 1483/16/488
f 1479/14/489 1488/14/487 1478/14/487
f 1488/14/487 1479/14/489 1489/14/489
f 1478/14/485 1488/14/485 1479/14/490
f 1489/14/490 1479/14/490 1488/14/485
f 1482/16/491 1491/15/488 1490/16/491
f 1491/15/488 1482/16/491 1480/15/488
f 1490/16/492 1491/15/486 1482/16/492
f 1480/15/486 1482/16/492 1491/15/486
f 1492/15/354 1488/14/354 1489/14/354
f 1488/14/354 1492/15/354 1491/15/354
f 1491/15/354 1492/15/354 1487/16/354
f 1491/15/354 1487/16/354 1490/16/354
f 1490/16/354 1487/16/354 1486/17/354
f 1490/16/354 1486/17/354 1493/17/354
f 1489/14/353 1488/14/353 1492/15/353
f 1491/15/353 1492/15/353 1488/14/353
f 1487/16/353 1492/15/353 1491/15/353
f 1490/16/353 1487/16/353 1491/15/353
f 1486/17/353 1487/16/353 1490/16/353
f 1493/17/353 1486/17/353 1490/16/353
f 1481/15/492 1487/16/486 1492/15/492
f 1487/16/486 1481/15/492 1483/16/486
f 1492/15/491 1487/16/488 1481/15/491
f 1483/16/488 1481/15/491 1487/16/488
f 1478/14/487 1491/15/488 1480/15/488
f 1491/15/488 1478/14/487 1488/14/487
f 1480/15/486 1491/15/486 1478/14/485
f 1488/14/485 1478/14/485 1491/15/486
f 1490/16/491 1484/17/490 1482/16/491
f 1484/17/490 1490/16/491 1493/17/490
f 1482/16/492 1484/17/489 1490/16/492
f 1493/17/489 1490/16/492 1484/17/489
f 1493/17/490 1485/17/485 1484/17/490
f 1485/17/485 1493/17/490 1486/17/485
f 1484/17/489 1485/17/487 1493/17/489
f 1486/17/487 1493/17/489 1485/17/487
f 1481/15/492 1489/14/489 1479/14/489
f 1489/14/489 1481/15/492 1492/15/492
f 1479/14/490 1489/14/490 1481/15/491
f 1492/15/491 1481/15/491 1489/14/490
f 1496/18/489 1495/18/487 1494/18/487
f 1495/18/487 1496/18/489 1497/18/489
f 1494/18/485 1495/18/485 1496/18/490
f 1497/18/490 1496/18/490 1495/18/485
f 1500/19/491 1499/20/490 1498/19/491
f 1499/20/490 1500/19/491 1501/20/490
f 1498/19/492 1499/20/489 1500/19/492
f 1501/20/489 1500/19/492 1499/20/489
f 1502/21/354 1495/18/354 1497/18/354
f 1495/18/354 1502/21/354 1503/21/354
f 1503/21/354 1502/21/354 1504/19/354
f 1503/21/354 1504/19/354 1500/19/354
f 1500/19/354 1504/19/354 1505/20/354
f 1500/19/354 1505/20/354 1501/20/354
f 1497/18/353 1495/18/353 1502/21/353
f 1503/21/353 1502/21/353 1495/18/353
f 1504/19/353 1502/21/353 1503/21/353
f 1500/19/353 1504/19/353 1503/21/353
f 1505/20/353 1504/19/353 1500/19/353
f 1501/20/353 1505/20/353 1500/19/353
f 1498/19/491 1503/21/488 1500/19/491
f 1503/21/488 1498/19/491 1506/21/488
f 1500/19/492 1503/21/486 1498/19/492
f 1506/21/486 1498/19/492 1503/21/486
f 1501/20/490 1507/20/485 1499/20/490
f 1507/20/485 1501/20/490 1505/20/485
f 1499/20/489 1507/20/487 1501/20/489
f 1505/20/487 1501/20/489 1507/20/487
f 1508/21/492 1504/19/486 1502/21/492
f 1504/19/486 1508/21/492 1509/19/486
f 1502/21/491 1504/19/488 1508/21/491
f 1509/19/488 1508/21/491 1504/19/488
f 1505/20/485 1509/19/486 1507/20/485
f 1509/19/486 1505/20/485 1504/19/486
f 1507/20/487 1509/19/488 1505/20/487
f 1504/19/488 1505/20/487 1509/19/488
f 1494/18/487 1503/21/488 1506/21/488
f 1503/21/488 1494/18/487 1495/18/487
f 1506/21/486 1503/21/486 1494/18/485
f 1495/18/485 1494/18/485 1503/21/486
f 1506/21/353 1496/18/353 1494/18/353
f 1496/18/353 1506/21/353 1508/21/353
f 1508/21/353 1506/21/353 1498/19/353
f 1508/21/353 1498/19/353 1509/19/353
f 1509/19/353 1498/19/353 1499/20/353
f 1509/19/353 1499/20/353 1507/20/353
f 1494/18/354 1496/18/354 1506/21/354
f 1508/21/354 1506/21/354 1496/18/354
f 1498/19/354 1506/21/354 1508/21/354
f 1509/19/354 1498/19/354 1508/21/354
f 1499/20/354 1498/19/354 1509/19/354
f 1507/20/354 1499/20/354 1509/19/354
f 1508/21/492 1497/18/489 1496/18/489
f 1497/18/489 1508/21/492 1502/21/492
f 1496/18/490 1497/18/490 1508/21/491
f 1502/21/491 1508/21/491 1497/18/490
f 1512/22/493 1511/22/494 1510/22/493
f 1511/22/494 1512/22/493 1513/22/494
f 1510/22/495 1511/22/496 1512/22/495
f 1513/22/496 1512/22/495 1511/22/496
f 1516/23/495 1515/23/496 1514/23/496
f 1515/23/496 1516/23/495 1517/23/495
f 1514/23/494 1515/23/494 1516/23/493
f 1517/23/493 1516/23/493 1515/23/494
f 1514/23/496 1519/24/497 1518/24/497
f 1519/24/497 1514/23/496 1515/23/496
f 1518/24/498 1519/24/498 1514/23/494
f 1515/23/494 1514/23/494 1519/24/498
f 1520/24/499 1517/23/495 1516/23/495
f 1517/23/495 1520/24/499 1521/24/499
f 1516/23/493 1517/23/493 1520/24/500
f 1521/24/500 1520/24/500 1517/23/493
f 1520/24/499 1522/25/498 1521/24/499
f 1522/25/498 1520/24/499 1523/25/498
f 1521/24/500 1522/25/497 1520/24/500
f 1523/25/497 1520/24/500 1522/25/497
f 1521/24/501 1515/23/501 1517/23/501
f 1515/23/501 1521/24/501 1519/24/501
f 1519/24/501 1521/24/501 1522/25/501
f 1519/24/501 1522/25/501 1524/25/501
f 1524/25/501 1522/25/501 1513/22/501
f 1524/25/501 1513/22/501 1512/22/501
f 1517/23/502 1515/23/502 1521/24/502
f 1519/24/502 1521/24/502 1515/23/502
f 1522/25/502 1521/24/502 1519/24/502
f 1524/25/502 1522/25/502 1519/24/502
f 1513/22/502 1522/25/502 1524/25/502
f 1512/22/502 1513/22/502 1524/25/502
f 1513/22/494 1523/25/498 1511/22/494
f 1523/25/498 1513/22/494 1522/25/498
f 1511/22/496 1523/25/497 1513/22/496
f 1522/25/497 1513/22/496 1523/25/497
f 1525/25/500 1519/24/497 1524/25/500
f 1519/24/497 1525/25/500 1518/24/497
f 1524/25/499 1519/24/498 1525/25/499
f 1518/24/498 1525/25/499 1519/24/498
f 1524/25/500 1510/22/493 1525/25/500
f 1510/22/493 1524/25/500 1512/22/493
f 1525/25/499 1510/22/495 1524/25/499
f 1512/22/495 1524/25/499 1510/22/495
f 1518/24/502 1516/23/502 1514/23/502
f 1516/23/502 1518/24/502 1520/24/502
f 1520/24/502 1518/24/502 1525/25/502
f 1520/24/502 1525/25/502 1523/25/502
f 1523/25/502 1525/25/502 1510/22/502
f 1523/25/502 1510/22/502 1511/22/502
f 1514/23/501 1516/23/501 1518/24/501
f 1520/24/501 1518/24/501 1516/23/501
f 1525/25/501 1518/24/501 1520/24/501
f 1523/25/501 1525/25/501 1520/24/501
f 1510/22/501 1525/25/501 1523/25/501
f 1511/22/501 1510/22/501 1523/25/501
f 1528/26/503 1527/27/504 1526/26/503
f 1527/27/504 1528/26/503 1529/27/504
f 1526/26/505 1527/27/506 1528/26/505
f 1529/27/506 1528/26/505 1527/27/506
f 1531/26/507 1526/26/503 1530/26/507
f 1526/26/503 1531/26/507 1528/26/503
f 1530/26/508 1526/26/505 1531/26/508
f 1528/26/505 1531/26/508 1526/26/505
f 1534/27/509 1533/28/506 1532/28/506
f 1533/28/506 1534/27/509 1535/27/509
f 1532/28/504 1533/28/504 1534/27/510
f 1535/27/510 1534/27/510 1533/28/504
f 1527/27/504 1537/28/510 1536/28/510
f 1537/28/510 1527/27/504 1529/27/504
f 1536/28/509 1537/28/509 1527/27/506
f 1529/27/506 1527/27/506 1537/28/509
f 1538/29/341 1534/27/341 1532/28/341
f 1534/27/341 1538/29/341 1531/26/341
f 1531/26/341 1538/29/341 1539/29/341
f 1531/26/341 1539/29/341 1528/26/341
f 1528/26/341 1539/29/341 1537/28/341
f 1528/26/341 1537/28/341 1529/27/341
f 1532/28/344 1534/27/344 1538/29/344
f 1531/26/344 1538/29/344 1534/27/344
f 1539/29/344 1538/29/344 1531/26/344
f 1528/26/344 1539/29/344 1531/26/344
f 1537/28/344 1539/29/344 1528/26/344
f 1529/27/344 1537/28/344 1528/26/344
f 1540/29/505 1532/28/506 1533/28/506
f 1532/28/506 1540/29/505 1538/29/505
f 1533/28/504 1532/28/504 1540/29/503
f 1538/29/503 1540/29/503 1532/28/504
f 1534/27/509 1530/26/507 1535/27/509
f 1530/26/507 1534/27/509 1531/26/507
f 1535/27/510 1530/26/508 1534/27/510
f 1531/26/508 1534/27/510 1530/26/508
f 1530/26/344 1533/28/344 1535/27/344
f 1533/28/344 1530/26/344 1540/29/344
f 1540/29/344 1530/26/344 1526/26/344
f 1540/29/344 1526/26/344 1541/29/344
f 1541/29/344 1526/26/344 1527/27/344
f 1541/29/344 1527/27/344 1536/28/344
f 1535/27/341 1533/28/341 1530/26/341
f 1540/29/341 1530/26/341 1533/28/341
f 1526/26/341 1530/26/341 1540/29/341
f 1541/29/341 1526/26/341 1540/29/341
f 1527/27/341 1526/26/341 1541/29/341
f 1536/28/341 1527/27/341 1541/29/341
f 1536/28/510 1539/29/508 1541/29/508
f 1539/29/508 1536/28/510 1537/28/510
f 1541/29/507 1539/29/507 1536/28/509
f 1537/28/509 1536/28/509 1539/29/507
f 1541/29/508 1538/29/505 1540/29/505
f 1538/29/505 1541/29/508 1539/29/508
f 1540/29/503 1538/29/503 1541/29/507
f 1539/29/507 1541/29/507 1538/29/503
f 1544/11/358 1543/12/357 1542/11/357
f 1543/12/357 1544/11/358 1545/12/358
f 1542/11/360 1543/12/360 1544/11/359
f 1545/12/359 1544/11/359 1543/12/360
f 1546/11/361 1545/12/358 1544/11/358
f 1545/12/358 1546/11/361 1547/12/361
f 1544/11/359 1545/12/359 1546/11/362
f 1547/12/362 1546/11/362 1545/12/359
f 1550/12/370 1549/11/363 1548/11/370
f 1549/11/363 1550/12/370 1551/12/363
f 1548/11/369 1549/11/364 1550/12/369
f 1551/12/364 1550/12/369 1549/11/364
f 1551/12/363 1546/11/361 1549/11/363
f 1546/11/361 1551/12/363 1547/12/361
f 1549/11/364 1546/11/362 1551/12/364
f 1547/12/362 1551/12/364 1546/11/362
f 1543/12/1 1553/12/1 1552/12/1
f 1553/12/1 1543/12/1 1545/12/1
f 1553/12/1 1545/12/1 1554/12/1
f 1554/12/1 1545/12/1 1547/12/1
f 1554/12/1 1547/12/1 1555/12/1
f 1555/12/1 1547/12/1 1551/12/1
f 1555/12/1 1551/12/1 1556/12/1
f 1556/12/1 1551/12/1 1550/12/1
f 1552/12/2 1553/12/2 1543/12/2
f 1545/12/2 1543/12/2 1553/12/2
f 1554/12/2 1545/12/2 1553/12/2
f 1547/12/2 1545/12/2 1554/12/2
f 1555/12/2 1547/12/2 1554/12/2
f 1551/12/2 1547/12/2 1555/12/2
f 1556/12/2 1551/12/2 1555/12/2
f 1550/12/2 1551/12/2 1556/12/2
f 1543/12/355 1160/11/355 1542/11/355
f 1160/11/355 1543/12/355 1552/12/355
f 1542/11/356 1160/11/356 1543/12/356
f 1552/12/356 1543/12/356 1160/11/356
f 1168/11/367 1550/12/367 1548/11/367
f 1550/12/367 1168/11/367 1556/12/367
f 1548/11/368 1550/12/368 1168/11/368
f 1556/12/368 1168/11/368 1550/12/368
f 1555/12/364 1168/11/369 1166/11/364
f 1168/11/369 1555/12/364 1556/12/369
f 1166/11/363 1168/11/370 1555/12/363
f 1556/12/370 1555/12/363 1168/11/370
f 1554/12/362 1166/11/364 1164/11/362
f 1166/11/364 1554/12/362 1555/12/364
f 1164/11/361 1166/11/363 1554/12/361
f 1555/12/363 1554/12/361 1166/11/363
f 1554/12/362 1161/11/359 1553/12/359
f 1161/11/359 1554/12/362 1164/11/362
f 1553/12/358 1161/11/358 1554/12/361
f 1164/11/361 1554/12/361 1161/11/358
f 1553/12/359 1160/11/360 1552/12/360
f 1160/11/360 1553/12/359 1161/11/359
f 1552/12/357 1160/11/357 1553/12/358
f 1161/11/358 1553/12/358 1160/11/357
f 1558/11/2 1557/11/2 133/11/2
f 1557/11/2 1558/11/2 134/11/2
f 1557/11/2 134/11/2 1559/11/2
f 1559/11/2 134/11/2 1560/11/2
f 1559/11/2 1560/11/2 1561/11/2
f 1561/11/2 1560/11/2 1562/11/2
f 1562/11/2 1560/11/2 136/11/2
f 1562/11/2 136/11/2 1563/11/2
f 133/11/1 1557/11/1 1558/11/1
f 134/11/1 1558/11/1 1557/11/1
f 1559/11/1 134/11/1 1557/11/1
f 1560/11/1 134/11/1 1559/11/1
f 1561/11/1 1560/11/1 1559/11/1
f 1562/11/1 1560/11/1 1561/11/1
f 136/11/1 1560/11/1 1562/11/1
f 1563/11/1 136/11/1 1562/11/1
f 1564/13/1 1179/13/1 1171/13/1
f 1179/13/1 1564/13/1 1178/13/1
f 1178/13/1 1564/13/1 1565/13/1
f 1178/13/1 1565/13/1 1177/13/1
f 1177/13/1 1565/13/1 1566/13/1
f 1177/13/1 1566/13/1 1567/13/1
f 1177/13/1 1567/13/1 1176/13/1
f 1176/13/1 1567/13/1 1568/13/1
f 1171/13/2 1179/13/2 1564/13/2
f 1178/13/2 1564/13/2 1179/13/2
f 1565/13/2 1564/13/2 1178/13/2
f 1177/13/2 1565/13/2 1178/13/2
f 1566/13/2 1565/13/2 1177/13/2
f 1567/13/2 1566/13/2 1177/13/2
f 1176/13/2 1567/13/2 1177/13/2
f 1568/13/2 1567/13/2 1176/13/2
f 1564/13/355 133/11/355 1557/11/355
f 133/11/355 1564/13/355 1171/13/355
f 1557/11/356 133/11/356 1564/13/356
f 1171/13/356 1564/13/356 133/11/356
f 1559/11/358 1564/13/357 1557/11/357
f 1564/13/357 1559/11/358 1565/13/358
f 1557/11/360 1564/13/360 1559/11/359
f 1565/13/359 1559/11/359 1564/13/360
f 1561/11/361 1565/13/358 1559/11/358
f 1565/13/358 1561/11/361 1566/13/361
f 1559/11/359 1565/13/359 1561/11/362
f 1566/13/362 1561/11/362 1565/13/359
f 1567/13/363 1561/11/361 1562/11/363
f 1561/11/361 1567/13/363 1566/13/361
f 1562/11/364 1561/11/362 1567/13/364
f 1566/13/362 1567/13/364 1561/11/362
f 1568/13/365 1562/11/363 1563/11/365
f 1562/11/363 1568/13/365 1567/13/363
f 1563/11/366 1562/11/364 1568/13/366
f 1567/13/364 1568/13/366 1562/11/364
f 136/11/367 1568/13/367 1563/11/367
f 1568/13/367 136/11/367 1176/13/367
f 1563/11/368 1568/13/368 136/11/368
f 1176/13/368 136/11/368 1568/13/368
f 1177/13/364 136/11/369 1560/11/364
f 136/11/369 1177/13/364 1176/13/369
f 1560/11/363 136/11/370 1177/13/363
f 1176/13/370 1177/13/363 136/11/370
f 1178/13/362 1560/11/364 134/11/362
f 1560/11/364 1178/13/362 1177/13/364
f 134/11/361 1560/11/363 1178/13/361
f 1177/13/363 1178/13/361 1560/11/363
f 1178/13/362 1558/11/359 1179/13/359
f 1558/11/359 1178/13/362 134/11/362
f 1179/13/358 1558/11/358 1178/13/361
f 134/11/361 1178/13/361 1558/11/358
f 1179/13/359 133/11/360 1171/13/360
f 133/11/360 1179/13/359 1558/11/359
f 1171/13/357 133/11/357 1179/13/358
f 1558/11/358 1179/13/358 133/11/357
f 1571/13/512 1570/11/511 1569/13/511
f 1570/11/511 1571/13/512 1572/11/512
f 1569/13/514 1570/11/514 1571/13/513
f 1572/11/513 1571/13/513 1570/11/514
f 1575/13/515 1574/11/516 1573/11/515
f 1574/11/516 1575/13/515 1576/13/516
f 1573/11/517 1574/11/518 1575/13/517
f 1576/13/518 1575/13/517 1574/11/518
f 1576/13/516 1577/11/519 1574/11/516
f 1577/11/519 1576/13/516 1578/13/519
f 1574/11/518 1577/11/520 1576/13/518
f 1578/13/520 1576/13/518 1577/11/520
f 1581/11/522 1580/13/521 1579/11/521
f 1580/13/521 1581/11/522 1582/13/522
f 1579/11/524 1580/13/524 1581/11/523
f 1582/13/523 1581/11/523 1580/13/524
f 1579/11/521 1575/13/515 1573/11/515
f 1575/13/515 1579/11/521 1580/13/521
f 1573/11/517 1575/13/517 1579/11/524
f 1580/13/524 1579/11/524 1575/13/517
f 1569/13/511 1577/11/519 1578/13/519
f 1577/11/519 1569/13/511 1570/11/511
f 1578/13/520 1577/11/520 1569/13/514
f 1570/11/514 1569/13/514 1577/11/520
f 1569/13/1 1582/13/1 1571/13/1
f 1582/13/1 1569/13/1 1578/13/1
f 1582/13/1 1578/13/1 1576/13/1
f 1582/13/1 1576/13/1 1575/13/1
f 1582/13/1 1575/13/1 1580/13/1
f 1571/13/2 1582/13/2 1569/13/2
f 1578/13/2 1569/13/2 1582/13/2
f 1576/13/2 1578/13/2 1582/13/2
f 1575/13/2 1576/13/2 1582/13/2
f 1580/13/2 1575/13/2 1582/13/2
f 1585/15/369 1584/14/369 1583/14/369
f 1584/14/369 1585/15/369 1586/15/369
f 1586/15/369 1585/15/369 1587/16/369
f 1586/15/369 1587/16/369 1588/16/369
f 1588/16/369 1587/16/369 1589/17/369
f 1588/16/369 1589/17/369 1590/17/369
f 1583/14/370 1584/14/370 1585/15/370
f 1586/15/370 1585/15/370 1584/14/370
f 1587/16/370 1585/15/370 1586/15/370
f 1588/16/370 1587/16/370 1586/15/370
f 1589/17/370 1587/16/370 1588/16/370
f 1590/17/370 1589/17/370 1588/16/370
f 1591/17/525 1588/16/526 1590/17/525
f 1588/16/526 1591/17/525 1592/16/526
f 1590/17/527 1588/16/528 1591/17/527
f 1592/16/528 1591/17/527 1588/16/528
f 1584/14/529 1593/14/527 1583/14/527
f 1593/14/527 1584/14/529 1594/14/529
f 1583/14/525 1593/14/525 1584/14/530
f 1594/14/530 1584/14/530 1593/14/525
f 1587/16/531 1596/15/528 1595/16/531
f 1596/15/528 1587/16/531 1585/15/528
f 1595/16/532 1596/15/526 1587/16/532
f 1585/15/526 1587/16/532 1596/15/526
f 1597/15/370 1593/14/370 1594/14/370
f 1593/14/370 1597/15/370 1596/15/370
f 1596/15/370 1597/15/370 1592/16/370
f 1596/15/370 1592/16/370 1595/16/370
f 1595/16/370 1592/16/370 1591/17/370
f 1595/16/370 1591/17/370 1598/17/370
f 1594/14/369 1593/14/369 1597/15/369
f 1596/15/369 1597/15/369 1593/14/369
f 1592/16/369 1597/15/369 1596/15/369
f 1595/16/369 1592/16/369 1596/15/369
f 1591/17/369 1592/16/369 1595/16/369
f 1598/17/369 1591/17/369 1595/16/369
f 1586/15/532 1592/16/526 1597/15/532
f 1592/16/526 1586/15/532 1588/16/526
f 1597/15/531 1592/16/528 1586/15/531
f 1588/16/528 1586/15/531 1592/16/528
f 1583/14/527 1596/15/528 1585/15/528
f 1596/15/528 1583/14/527 1593/14/527
f 1585/15/526 1596/15/526 1583/14/525
f 1593/14/525 1583/14/525 1596/15/526
f 1595/16/531 1589/17/530 1587/16/531
f 1589/17/530 1595/16/531 1598/17/530
f 1587/16/532 1589/17/529 1595/16/532
f 1598/17/529 1595/16/532 1589/17/529
f 1598/17/530 1590/17/525 1589/17/530
f 1590/17/525 1598/17/530 1591/17/525
f 1589/17/529 1590/17/527 1598/17/529
f 1591/17/527 1598/17/529 1590/17/527
f 1586/15/532 1594/14/529 1584/14/529
f 1594/14/529 1586/15/532 1597/15/532
f 1584/14/530 1594/14/530 1586/15/531
f 1597/15/531 1586/15/531 1594/14/530
f 1601/18/529 1600/18/527 1599/18/527
f 1600/18/527 1601/18/529 1602/18/529
f 1599/18/525 1600/18/525 1601/18/530
f 1602/18/530 1601/18/530 1600/18/525
f 1605/19/531 1604/20/530 1603/19/531
f 1604/20/530 1605/19/531 1606/20/530
f 1603/19/532 1604/20/529 1605/19/532
f 1606/20/529 1605/19/532 1604/20/529
f 1607/21/370 1600/18/370 1602/18/370
f 1600/18/370 1607/21/370 1608/21/370
f 1608/21/370 1607/21/370 1609/19/370
f 1608/21/370 1609/19/370 1605/19/370
f 1605/19/370 1609/19/370 1610/20/370
f 1605/19/370 1610/20/370 1606/20/370
f 1602/18/369 1600/18/369 1607/21/369
f 1608/21/369 1607/21/369 1600/18/369
f 1609/19/369 1607/21/369 1608/21/369
f 1605/19/369 1609/19/369 1608/21/369
f 1610/20/369 1609/19/369 1605/19/369
f 1606/20/369 1610/20/369 1605/19/369
f 1603/19/531 1608/21/528 1605/19/531
f 1608/21/528 1603/19/531 1611/21/528
f 1605/19/532 1608/21/526 1603/19/532
f 1611/21/526 1603/19/532 1608/21/526
f 1606/20/530 1612/20/525 1604/20/530
f 1612/20/525 1606/20/530 1610/20/525
f 1604/20/529 1612/20/527 1606/20/529
f 1610/20/527 1606/20/529 1612/20/527
f 1613/21/532 1609/19/526 1607/21/532
f 1609/19/526 1613/21/532 1614/19/526
f 1607/21/531 1609/19/528 1613/21/531
f 1614/19/528 1613/21/531 1609/19/528
f 1610/20/525 1614/19/526 1612/20/525
f 1614/19/526 1610/20/525 1609/19/526
f 1612/20/527 1614/19/528 1610/20/527
f 1609/19/528 1610/20/527 1614/19/528
f 1599/18/527 1608/21/528 1611/21/528
f 1608/21/528 1599/18/527 1600/18/527
f 1611/21/526 1608/21/526 1599/18/525
f 1600/18/525 1599/18/525 1608/21/526
f 1611/21/369 1601/18/369 1599/18/369
f 1601/18/369 1611/21/369 1613/21/369
f 1613/21/369 1611/21/369 1603/19/369
f 1613/21/369 1603/19/369 1614/19/369
f 1614/19/369 1603/19/369 1604/20/369
f 1614/19/369 1604/20/369 1612/20/369
f 1599/18/370 1601/18/370 1611/21/370
f 1613/21/370 1611/21/370 1601/18/370
f 1603/19/370 1611/21/370 1613/21/370
f 1614/19/370 1603/19/370 1613/21/370
f 1604/20/370 1603/19/370 1614/19/370
f 1612/20/370 1604/20/370 1614/19/370
f 1613/21/532 1602/18/529 1601/18/529
f 1602/18/529 1613/21/532 1607/21/532
f 1601/18/530 1602/18/530 1613/21/531
f 1607/21/531 1613/21/531 1602/18/530
f 1617/22/533 1616/22/534 1615/22/533
f 1616/22/534 1617/22/533 1618/22/534
f 1615/22/535 1616/22/536 1617/22/535
f 1618/22/536 1617/22/535 1616/22/536
f 1621/23/535 1620/23/536 1619/23/536
f 1620/23/536 1621/23/535 1622/23/535
f 1619/23/534 1620/23/534 1621/23/533
f 1622/23/533 1621/23/533 1620/23/534
f 1619/23/536 1624/24/537 1623/24/537
f 1624/24/537 1619/23/536 1620/23/536
f 1623/24/538 1624/24/538 1619/23/534
f 1620/23/534 1619/23/534 1624/24/538
f 1625/24/539 1622/23/535 1621/23/535
f 1622/23/535 1625/24/539 1626/24/539
f 1621/23/533 1622/23/533 1625/24/540
f 1626/24/540 1625/24/540 1622/23/533
f 1625/24/539 1627/25/538 1626/24/539
f 1627/25/538 1625/24/539 1628/25/538
f 1626/24/540 1627/25/537 1625/24/540
f 1628/25/537 1625/24/540 1627/25/537
f 1626/24/541 1620/23/541 1622/23/541
f 1620/23/541 1626/24/541 1624/24/541
f 1624/24/541 1626/24/541 1627/25/541
f 1624/24/541 1627/25/541 1629/25/541
f 1629/25/541 1627/25/541 1618/22/541
f 1629/25/541 1618/22/541 1617/22/541
f 1622/23/542 1620/23/542 1626/24/542
f 1624/24/542 1626/24/542 1620/23/542
f 1627/25/542 1626/24/542 1624/24/542
f 1629/25/542 1627/25/542 1624/24/542
f 1618/22/542 1627/25/542 1629/25/542
f 1617/22/542 1618/22/542 1629/25/542
f 1618/22/534 1628/25/538 1616/22/534
f 1628/25/538 1618/22/534 1627/25/538
f 1616/22/536 1628/25/537 1618/22/536
f 1627/25/537 1618/22/536 1628/25/537
f 1630/25/540 1624/24/537 1629/25/540
f 1624/24/537 1630/25/540 1623/24/537
f 1629/25/539 1624/24/538 1630/25/539
f 1623/24/538 1630/25/539 1624/24/538
f 1629/25/540 1615/22/533 1630/25/540
f 1615/22/533 1629/25/540 1617/22/533
f 1630/25/539 1615/22/535 1629/25/539
f 1617/22/535 1629/25/539 1615/22/535
f 1623/24/542 1621/23/542 1619/23/542
f 1621/23/542 1623/24/542 1625/24/542
f 1625/24/542 1623/24/542 1630/25/542
f 1625/24/542 1630/25/542 1628/25/542
f 1628/25/542 1630/25/542 1615/22/542
f 1628/25/542 1615/22/542 1616/22/542
f 1619/23/541 1621/23/541 1623/24/541
f 1625/24/541 1623/24/541 1621/23/541
f 1630/25/541 1623/24/541 1625/24/541
f 1628/25/541 1630/25/541 1625/24/541
f 1615/22/541 1630/25/541 1628/25/541
f 1616/22/541 1615/22/541 1628/25/541
f 1633/26/543 1632/27/544 1631/26/543
f 1632/27/544 1633/26/543 1634/27/544
f 1631/26/545 1632/27/546 1633/26/545
f 1634/27/546 1633/26/545 1632/27/546
f 1636/26/547 1631/26/543 1635/26/547
f 1631/26/543 1636/26/547 1633/26/543
f 1635/26/548 1631/26/545 1636/26/548
f 1633/26/545 1636/26/548 1631/26/545
f 1639/27/549 1638/28/546 1637/28/546
f 1638/28/546 1639/27/549 1640/27/549
f 1637/28/544 1638/28/544 1639/27/550
f 1640/27/550 1639/27/550 1638/28/544
f 1632/27/544 1642/28/550 1641/28/550
f 1642/28/550 1632/27/544 1634/27/544
f 1641/28/549 1642/28/549 1632/27/546
f 1634/27/546 1632/27/546 1642/28/549
f 1643/29/357 1639/27/357 1637/28/357
f 1639/27/357 1643/29/357 1636/26/357
f 1636/26/357 1643/29/357 1644/29/357
f 1636/26/357 1644/29/357 1633/26/357
f 1633/26/357 1644/29/357 1642/28/357
f 1633/26/357 1642/28/357 1634/27/357
f 1637/28/360 1639/27/360 1643/29/360
f 1636/26/360 1643/29/360 1639/27/360
f 1644/29/360 1643/29/360 1636/26/360
f 1633/26/360 1644/29/360 1636/26/360
f 1642/28/360 1644/29/360 1633/26/360
f 1634/27/360 1642/28/360 1633/26/360
f 1645/29/545 1637/28/546 1638/28/546
f 1637/28/546 1645/29/545 1643/29/545
f 1638/28/544 1637/28/544 1645/29/543
f 1643/29/543 1645/29/543 1637/28/544
f 1639/27/549 1635/26/547 1640/27/549
f 1635/26/547 1639/27/549 1636/26/547
f 1640/27/550 1635/26/548 1639/27/550
f 1636/26/548 1639/27/550 1635/26/548
f 1635/26/360 1638/28/360 1640/27/360
f 1638/28/360 1635/26/360 1645/29/360
f 1645/29/360 1635/26/360 1631/26/360
f 1645/29/360 1631/26/360 1646/29/360
f 1646/29/360 1631/26/360 1632/27/360
f 1646/29/360 1632/27/360 1641/28/360
f 1640/27/357 1638/28/357 1635/26/357
f 1645/29/357 1635/26/357 1638/28/357
f 1631/26/357 1635/26/357 1645/29/357
f 1646/29/357 1631/26/357 1645/29/357
f 1632/27/357 1631/26/357 1646/29/357
f 1641/28/357 1632/27/357 1646/29/357
f 1641/28/550 1644/29/548 1646/29/548
f 1644/29/548 1641/28/550 1642/28/550
f 1646/29/547 1644/29/547 1641/28/549
f 1642/28/549 1641/28/549 1644/29/547
f 1646/29/548 1643/29/545 1645/29/545
f 1643/29/545 1646/29/548 1644/29/548
f 1645/29/543 1643/29/543 1646/29/547
f 1644/29/547 1646/29/547 1643/29/543
f 1649/11/343 1648/12/344 1647/11/344
f 1648/12/344 1649/11/343 1650/12/343
f 1647/11/341 1648/12/341 1649/11/342
f 1650/12/342 1649/11/342 1648/12/341
f 1651/11/346 1650/12/343 1649/11/343
f 1650/12/343 1651/11/346 1652/12/346
f 1649/11/342 1650/12/342 1651/11/345
f 1652/12/345 1651/11/345 1650/12/342
f 1655/12/353 1654/11/348 1653/11/353
f 1654/11/348 1655/12/353 1656/12/348
f 1653/11/354 1654/11/347 1655/12/354
f 1656/12/347 1655/12/354 1654/11/347
f 1656/12/348 1651/11/346 1654/11/348
f 1651/11/346 1656/12/348 1652/12/346
f 1654/11/347 1651/11/345 1656/12/347
f 1652/12/345 1656/12/347 1651/11/345
f 1648/12/1 1658/12/1 1657/12/1
f 1658/12/1 1648/12/1 1650/12/1
f 1658/12/1 1650/12/1 1659/12/1
f 1659/12/1 1650/12/1 1652/12/1
f 1659/12/1 1652/12/1 1660/12/1
f 1660/12/1 1652/12/1 1656/12/1
f 1660/12/1 1656/12/1 1661/12/1
f 1661/12/1 1656/12/1 1655/12/1
f 1657/12/2 1658/12/2 1648/12/2
f 1650/12/2 1648/12/2 1658/12/2
f 1659/12/2 1650/12/2 1658/12/2
f 1652/12/2 1650/12/2 1659/12/2
f 1660/12/2 1652/12/2 1659/12/2
f 1656/12/2 1652/12/2 1660/12/2
f 1661/12/2 1656/12/2 1660/12/2
f 1655/12/2 1656/12/2 1661/12/2
f 1648/12/371 1180/11/371 1647/11/371
f 1180/11/371 1648/12/371 1657/12/371
f 1647/11/372 1180/11/372 1648/12/372
f 1657/12/372 1648/12/372 1180/11/372
f 1188/11/373 1655/12/373 1653/11/373
f 1655/12/373 1188/11/373 1661/12/373
f 1653/11/374 1655/12/374 1188/11/374
f 1661/12/374 1188/11/374 1655/12/374
f 1660/12/347 1188/11/354 1186/11/347
f 1188/11/354 1660/12/347 1661/12/354
f 1186/11/348 1188/11/353 1660/12/348
f 1661/12/353 1660/12/348 1188/11/353
f 1659/12/345 1186/11/347 1184/11/345
f 1186/11/347 1659/12/345 1660/12/347
f 1184/11/346 1186/11/348 1659/12/346
f 1660/12/348 1659/12/346 1186/11/348
f 1659/12/345 1181/11/342 1658/12/342
f 1181/11/342 1659/12/345 1184/11/345
f 1658/12/343 1181/11/343 1659/12/346
f 1184/11/346 1659/12/346 1181/11/343
f 1658/12/342 1180/11/341 1657/12/341
f 1180/11/341 1658/12/342 1181/11/342
f 1657/12/344 1180/11/344 1658/12/343
f 1181/11/343 1658/12/343 1180/11/344
f 1663/11/2 1662/11/2 177/11/2
f 1662/11/2 1663/11/2 178/11/2
f 1662/11/2 178/11/2 1664/11/2
f 1664/11/2 178/11/2 1665/11/2
f 1664/11/2 1665/11/2 1666/11/2
f 1666/11/2 1665/11/2 1667/11/2
f 1667/11/2 1665/11/2 180/11/2
f 1667/11/2 180/11/2 1668/11/2
f 177/11/1 1662/11/1 1663/11/1
f 178/11/1 1663/11/1 1662/11/1
f 1664/11/1 178/11/1 1662/11/1
f 1665/11/1 178/11/1 1664/11/1
f 1666/11/1 1665/11/1 1664/11/1
f 1667/11/1 1665/11/1 1666/11/1
f 180/11/1 1665/11/1 1667/11/1
f 1668/11/1 180/11/1 1667/11/1
f 1669/13/1 1199/13/1 1191/13/1
f 1199/13/1 1669/13/1 1198/13/1
f 1198/13/1 1669/13/1 1670/13/1
f 1198/13/1 1670/13/1 1197/13/1
f 1197/13/1 1670/13/1 1671/13/1
f 1197/13/1 1671/13/1 1672/13/1
f 1197/13/1 1672/13/1 1196/13/1
f 1196/13/1 1672/13/1 1673/13/1
f 1191/13/2 1199/13/2 1669/13/2
f 1198/13/2 1669/13/2 1199/13/2
f 1670/13/2 1669/13/2 1198/13/2
f 1197/13/2 1670/13/2 1198/13/2
f 1671/13/2 1670/13/2 1197/13/2
f 1672/13/2 1671/13/2 1197/13/2
f 1196/13/2 1672/13/2 1197/13/2
f 1673/13/2 1672/13/2 1196/13/2
f 1669/13/371 177/11/371 1662/11/371
f 177/11/371 1669/13/371 1191/13/371
f 1662/11/372 177/11/372 1669/13/372
f 1191/13/372 1669/13/372 177/11/372
f 1664/11/343 1669/13/344 1662/11/344
f 1669/13/344 1664/11/343 1670/13/343
f 1662/11/341 1669/13/341 1664/11/342
f 1670/13/342 1664/11/342 1669/13/341
f 1666/11/346 1670/13/343 1664/11/343
f 1670/13/343 1666/11/346 1671/13/346
f 1664/11/342 1670/13/342 1666/11/345
f 1671/13/345 1666/11/345 1670/13/342
f 1672/13/348 1666/11/346 1667/11/348
f 1666/11/346 1672/13/348 1671/13/346
f 1667/11/347 1666/11/345 1672/13/347
f 1671/13/345 1672/13/347 1666/11/345
f 1673/13/350 1667/11/348 1668/11/350
f 1667/11/348 1673/13/350 1672/13/348
f 1668/11/349 1667/11/347 1673/13/349
f 1672/13/347 1673/13/349 1667/11/347
f 180/11/373 1673/13/373 1668/11/373
f 1673/13/373 180/11/373 1196/13/373
f 1668/11/374 1673/13/374 180/11/374
f 1196/13/374 180/11/374 1673/13/374
f 1197/13/347 180/11/354 1665/11/347
f 180/11/354 1197/13/347 1196/13/354
f 1665/11/348 180/11/353 1197/13/348
f 1196/13/353 1197/13/348 180/11/353
f 1198/13/345 1665/11/347 178/11/345
f 1665/11/347 1198/13/345 1197/13/347
f 178/11/346 1665/11/348 1198/13/346
f 1197/13/348 1198/13/346 1665/11/348
f 1198/13/345 1663/11/342 1199/13/342
f 1663/11/342 1198/13/345 178/11/345
f 1199/13/343 1663/11/343 1198/13/346
f 178/11/346 1198/13/346 1663/11/343
f 1199/13/342 177/11/341 1191/13/341
f 177/11/341 1199/13/342 1663/11/342
f 1191/13/344 177/11/344 1199/13/343
f 1663/11/343 1199/13/343 177/11/344
f 1676/13/473 1675/11/474 1674/13/474
f 1675/11/474 1676/13/473 1677/11/473
f 1674/13/471 1675/11/471 1676/13/472
f 1677/11/472 1676/13/472 1675/11/471
f 1680/13/477 1679/11/478 1678/11/477
f 1679/11/478 1680/13/477 1681/13/478
f 1678/11/475 1679/11/476 1680/13/475
f 1681/13/476 1680/13/475 1679/11/476
f 1681/13/478 1682/11/480 1679/11/478
f 1682/11/480 1681/13/478 1683/13/480
f 1679/11/476 1682/11/479 1681/13/476
f 1683/13/479 1681/13/476 1682/11/479
f 1686/11/483 1685/13/484 1684/11/484
f 1685/13/484 1686/11/483 1687/13/483
f 1684/11/481 1685/13/481 1686/11/482
f 1687/13/482 1686/11/482 1685/13/481
f 1684/11/484 1680/13/477 1678/11/477
f 1680/13/477 1684/11/484 1685/13/484
f 1678/11/475 1680/13/475 1684/11/481
f 1685/13/481 1684/11/481 1680/13/475
f 1674/13/474 1682/11/480 1683/13/480
f 1682/11/480 1674/13/474 1675/11/474
f 1683/13/479 1682/11/479 1674/13/471
f 1675/11/471 1674/13/471 1682/11/479
f 1674/13/1 1687/13/1 1676/13/1
f 1687/13/1 1674/13/1 1683/13/1
f 1687/13/1 1683/13/1 1681/13/1
f 1687/13/1 1681/13/1 1680/13/1
f 1687/13/1 1680/13/1 1685/13/1
f 1676/13/2 1687/13/2 1674/13/2
f 1683/13/2 1674/13/2 1687/13/2
f 1681/13/2 1683/13/2 1687/13/2
f 1680/13/2 1681/13/2 1687/13/2
f 1685/13/2 1680/13/2 1687/13/2
f 1690/15/354 1689/14/354 1688/14/354
f 1689/14/354 1690/15/354 1691/15/354
f 1691/15/354 1690/15/354 1692/16/354
f 1691/15/354 1692/16/354 1693/16/354
f 1693/16/354 1692/16/354 1694/17/354
f 1693/16/354 1694/17/354 1695/17/354
f 1688/14/353 1689/14/353 1690/15/353
f 1691/15/353 1690/15/353 1689/14/353
f 1692/16/353 1690/15/353 1691/15/353
f 1693/16/353 1692/16/353 1691/15/353
f 1694/17/353 1692/16/353 1693/16/353
f 1695/17/353 1694/17/353 1693/16/353
f 1696/17/490 1693/16/491 1695/17/490
f 1693/16/491 1696/17/490 1697/16/491
f 1695/17/489 1693/16/492 1696/17/489
f 1697/16/492 1696/17/489 1693/16/492
f 1689/14/487 1698/14/489 1688/14/489
f 1698/14/489 1689/14/487 1699/14/487
f 1688/14/490 1698/14/490 1689/14/485
f 1699/14/485 1689/14/485 1698/14/490
f 1692/16/486 1701/15/492 1700/16/486
f 1701/15/492 1692/16/486 1690/15/492
f 1700/16/488 1701/15/491 1692/16/488
f 1690/15/491 1692/16/488 1701/15/491
f 1702/15/353 1698/14/353 1699/14/353
f 1698/14/353 1702/15/353 1701/15/353
f 1701/15/353 1702/15/353 1697/16/353
f 1701/15/353 1697/16/353 1700/16/353
f 1700/16/353 1697/16/353 1696/17/353
f 1700/16/353 1696/17/353 1703/17/353
f 1699/14/354 1698/14/354 1702/15/354
f 1701/15/354 1702/15/354 1698/14/354
f 1697/16/354 1702/15/354 1701/15/354
f 1700/16/354 1697/16/354 1701/15/354
f 1696/17/354 1697/16/354 1700/16/354
f 1703/17/354 1696/17/354 1700/16/354
f 1691/15/488 1697/16/491 1702/15/488
f 1697/16/491 1691/15/488 1693/16/491
f 1702/15/486 1697/16/492 1691/15/486
f 1693/16/492 1691/15/486 1697/16/492
f 1688/14/489 1701/15/492 1690/15/492
f 1701/15/492 1688/14/489 1698/14/489
f 1690/15/491 1701/15/491 1688/14/490
f 1698/14/490 1688/14/490 1701/15/491
f 1700/16/486 1694/17/485 1692/16/486
f 1694/17/485 1700/16/486 1703/17/485
f 1692/16/488 1694/17/487 1700/16/488
f 1703/17/487 1700/16/488 1694/17/487
f 1703/17/485 1695/17/490 1694/17/485
f 1695/17/490 1703/17/485 1696/17/490
f 1694/17/487 1695/17/489 1703/17/487
f 1696/17/489 1703/17/487 1695/17/489
f 1691/15/488 1699/14/487 1689/14/487
f 1699/14/487 1691/15/488 1702/15/488
f 1689/14/485 1699/14/485 1691/15/486
f 1702/15/486 1691/15/486 1699/14/485
f 1706/18/487 1705/18/489 1704/18/489
f 1705/18/489 1706/18/487 1707/18/487
f 1704/18/490 1705/18/490 1706/18/485
f 1707/18/485 1706/18/485 1705/18/490
f 1710/19/486 1709/20/485 1708/19/486
f 1709/20/485 1710/19/486 1711/20/485
f 1708/19/488 1709/20/487 1710/19/488
f 1711/20/487 1710/19/488 1709/20/487
f 1712/21/353 1705/18/353 1707/18/353
f 1705/18/353 1712/21/353 1713/21/353
f 1713/21/353 1712/21/353 1714/19/353
f 1713/21/353 1714/19/353 1710/19/353
f 1710/19/353 1714/19/353 1715/20/353
f 1710/19/353 1715/20/353 1711/20/353
f 1707/18/354 1705/18/354 1712/21/354
f 1713/21/354 1712/21/354 1705/18/354
f 1714/19/354 1712/21/354 1713/21/354
f 1710/19/354 1714/19/354 1713/21/354
f 1715/20/354 1714/19/354 1710/19/354
f 1711/20/354 1715/20/354 1710/19/354
f 1708/19/486 1713/21/492 1710/19/486
f 1713/21/492 1708/19/486 1716/21/492
f 1710/19/488 1713/21/491 1708/19/488
f 1716/21/491 1708/19/488 1713/21/491
f 1711/20/485 1717/20/490 1709/20/485
f 1717/20/490 1711/20/485 1715/20/490
f 1709/20/487 1717/20/489 1711/20/487
f 1715/20/489 1711/20/487 1717/20/489
f 1718/21/488 1714/19/491 1712/21/488
f 1714/19/491 1718/21/488 1719/19/491
f 1712/21/486 1714/19/492 1718/21/486
f 1719/19/492 1718/21/486 1714/19/492
f 1715/20/490 1719/19/491 1717/20/490
f 1719/19/491 1715/20/490 1714/19/491
f 1717/20/489 1719/19/492 1715/20/489
f 1714/19/492 1715/20/489 1719/19/492
f 1704/18/489 1713/21/492 1716/21/492
f 1713/21/492 1704/18/489 1705/18/489
f 1716/21/491 1713/21/491 1704/18/490
f 1705/18/490 1704/18/490 1713/21/491
f 1716/21/354 1706/18/354 1704/18/354
f 1706/18/354 1716/21/354 1718/21/354
f 1718/21/354 1716/21/354 1708/19/354
f 1718/21/354 1708/19/354 1719/19/354
f 1719/19/354 1708/19/354 1709/20/354
f 1719/19/354 1709/20/354 1717/20/354
f 1704/18/353 1706/18/353 1716/21/353
f 1718/21/353 1716/21/353 1706/18/353
f 1708/19/353 1716/21/353 1718/21/353
f 1719/19/353 1708/19/353 1718/21/353
f 1709/20/353 1708/19/353 1719/19/353
f 1717/20/353 1709/20/353 1719/19/353
f 1718/21/488 1707/18/487 1706/18/487
f 1707/18/487 1718/21/488 1712/21/488
f 1706/18/485 1707/18/485 1718/21/486
f 1712/21/486 1718/21/486 1707/18/485
f 1722/22/494 1721/22/493 1720/22/494
f 1721/22/493 1722/22/494 1723/22/493
f 1720/22/496 1721/22/495 1722/22/496
f 1723/22/495 1722/22/496 1721/22/495
f 1726/23/496 1725/23/495 1724/23/495
f 1725/23/495 1726/23/496 1727/23/496
f 1724/23/493 1725/23/493 1726/23/494
f 1727/23/494 1726/23/494 1725/23/493
f 1724/23/495 1729/24/499 1728/24/499
f 1729/24/499 1724/23/495 1725/23/495
f 1728/24/500 1729/24/500 1724/23/493
f 1725/23/493 1724/23/493 1729/24/500
f 1730/24/497 1727/23/496 1726/23/496
f 1727/23/496 1730/24/497 1731/24/497
f 1726/23/494 1727/23/494 1730/24/498
f 1731/24/498 1730/24/498 1727/23/494
f 1730/24/497 1732/25/500 1731/24/497
f 1732/25/500 1730/24/497 1733/25/500
f 1731/24/498 1732/25/499 1730/24/498
f 1733/25/499 1730/24/498 1732/25/499
f 1731/24/502 1725/23/502 1727/23/502
f 1725/23/502 1731/24/502 1729/24/502
f 1729/24/502 1731/24/502 1732/25/502
f 1729/24/502 1732/25/502 1734/25/502
f 1734/25/502 1732/25/502 1723/22/502
f 1734/25/502 1723/22/502 1722/22/502
f 1727/23/501 1725/23/501 1731/24/501
f 1729/24/501 1731/24/501 1725/23/501
f 1732/25/501 1731/24/501 1729/24/501
f 1734/25/501 1732/25/501 1729/24/501
f 1723/22/501 1732/25/501 1734/25/501
f 1722/22/501 1723/22/501 1734/25/501
f 1723/22/493 1733/25/500 1721/22/493
f 1733/25/500 1723/22/493 1732/25/500
f 1721/22/495 1733/25/499 1723/22/495
f 1732/25/499 1723/22/495 1733/25/499
f 1735/25/498 1729/24/499 1734/25/498
f 1729/24/499 1735/25/498 1728/24/499
f 1734/25/497 1729/24/500 1735/25/497
f 1728/24/500 1735/25/497 1729/24/500
f 1734/25/498 1720/22/494 1735/25/498
f 1720/22/494 1734/25/498 1722/22/494
f 1735/25/497 1720/22/496 1734/25/497
f 1722/22/496 1734/25/497 1720/22/496
f 1728/24/501 1726/23/501 1724/23/501
f 1726/23/501 1728/24/501 1730/24/501
f 1730/24/501 1728/24/501 1735/25/501
f 1730/24/501 1735/25/501 1733/25/501
f 1733/25/501 1735/25/501 1720/22/501
f 1733/25/501 1720/22/501 1721/22/501
f 1724/23/502 1726/23/502 1728/24/502
f 1730/24/502 1728/24/502 1726/23/502
f 1735/25/502 1728/24/502 1730/24/502
f 1733/25/502 1735/25/502 1730/24/502
f 1720/22/502 1735/25/502 1733/25/502
f 1721/22/502 1720/22/502 1733/25/502
f 1738/26/507 1737/27/509 1736/26/507
f 1737/27/509 1738/26/507 1739/27/509
f 1736/26/508 1737/27/510 1738/26/508
f 1739/27/510 1738/26/508 1737/27/510
f 1741/26/503 1736/26/507 1740/26/503
f 1736/26/507 1741/26/503 1738/26/507
f 1740/26/505 1736/26/508 1741/26/505
f 1738/26/508 1741/26/505 1736/26/508
f 1744/27/504 1743/28/510 1742/28/510
f 1743/28/510 1744/27/504 1745/27/504
f 1742/28/509 1743/28/509 1744/27/506
f 1745/27/506 1744/27/506 1743/28/509
f 1737/27/509 1747/28/506 1746/28/506
f 1747/28/506 1737/27/509 1739/27/509
f 1746/28/504 1747/28/504 1737/27/510
f 1739/27/510 1737/27/510 1747/28/504
f 1748/29/344 1744/27/344 1742/28/344
f 1744/27/344 1748/29/344 1741/26/344
f 1741/26/344 1748/29/344 1749/29/344
f 1741/26/344 1749/29/344 1738/26/344
f 1738/26/344 1749/29/344 1747/28/344
f 1738/26/344 1747/28/344 1739/27/344
f 1742/28/341 1744/27/341 1748/29/341
f 1741/26/341 1748/29/341 1744/27/341
f 1749/29/341 1748/29/341 1741/26/341
f 1738/26/341 1749/29/341 1741/26/341
f 1747/28/341 1749/29/341 1738/26/341
f 1739/27/341 1747/28/341 1738/26/341
f 1750/29/508 1742/28/510 1743/28/510
f 1742/28/510 1750/29/508 1748/29/508
f 1743/28/509 1742/28/509 1750/29/507
f 1748/29/507 1750/29/507 1742/28/509
f 1744/27/504 1740/26/503 1745/27/504
f 1740/26/503 1744/27/504 1741/26/503
f 1745/27/506 1740/26/505 1744/27/506
f 1741/26/505 1744/27/506 1740/26/505
f 1740/26/341 1743/28/341 1745/27/341
f 1743/28/341 1740/26/341 1750/29/341
f 1750/29/341 1740/26/341 1736/26/341
f 1750/29/341 1736/26/341 1751/29/341
f 1751/29/341 1736/26/341 1737/27/341
f 1751/29/341 1737/27/341 1746/28/341
f 1745/27/344 1743/28/344 1740/26/344
f 1750/29/344 1740/26/344 1743/28/344
f 1736/26/344 1740/26/344 1750/29/344
f 1751/29/344 1736/26/344 1750/29/344
f 1737/27/344 1736/26/344 1751/29/344
f 1746/28/344 1737/27/344 1751/29/344
f 1746/28/506 1749/29/505 1751/29/505
f 1749/29/505 1746/28/506 1747/28/506
f 1751/29/503 1749/29/503 1746/28/504
f 1747/28/504 1746/28/504 1749/29/503
f 1751/29/505 1748/29/508 1750/29/508
f 1748/29/508 1751/29/505 1749/29/505
f 1750/29/507 1748/29/507 1751/29/503
f 1749/29/503 1751/29/503 1748/29/507
f 1207/13/368 1563/11/368 1568/13/368
f 1563/11/368 1207/13/368 1119/11/368
f 1568/13/367 1563/11/367 1207/13/367
f 1119/11/367 1207/13/367 1563/11/367
f 1754/13/551 1753/11/355 1752/11/551
f 1753/11/355 1754/13/551 1755/13/355
f 1752/11/552 1753/11/356 1754/13/552
f 1755/13/356 1754/13/552 1753/11/356
f 1207/13/356 1756/11/356 1119/11/356
f 1756/11/356 1207/13/356 1208/13/356
f 1119/11/355 1756/11/355 1207/13/355
f 1208/13/355 1207/13/355 1756/11/355
f 1755/13/355 1563/11/553 1753/11/355
f 1563/11/553 1755/13/355 1568/13/553
f 1753/11/356 1563/11/554 1755/13/356
f 1568/13/554 1755/13/356 1563/11/554
f 1756/11/2 1563/11/2 1119/11/2
f 1563/11/2 1756/11/2 1753/11/2
f 1753/11/2 1756/11/2 1752/11/2
f 1119/11/1 1563/11/1 1756/11/1
f 1753/11/1 1756/11/1 1563/11/1
f 1752/11/1 1756/11/1 1753/11/1
f 1568/13/1 1208/13/1 1207/13/1
f 1208/13/1 1568/13/1 1755/13/1
f 1208/13/1 1755/13/1 1754/13/1
f 1207/13/2 1208/13/2 1568/13/2
f 1755/13/2 1568/13/2 1208/13/2
f 1754/13/2 1755/13/2 1208/13/2
f 1756/11/367 1754/13/367 1752/11/367
f 1754/13/367 1756/11/367 1208/13/367
f 1752/11/368 1754/13/368 1756/11/368
f 1208/13/368 1756/11/368 1754/13/368
f 1759/12/375 1758/11/355 1757/11/375
f 1758/11/355 1759/12/375 1760/12/355
f 1757/11/376 1758/11/356 1759/12/376
f 1760/12/356 1759/12/376 1758/11/356
f 1760/12/355 1761/11/377 1758/11/355
f 1761/11/377 1760/12/355 1762/12/377
f 1758/11/356 1761/11/378 1760/12/356
f 1762/12/378 1760/12/356 1761/11/378
f 1763/12/368 1761/11/368 1762/12/368
f 1761/11/368 1763/12/368 1764/11/368
f 1762/12/367 1761/11/367 1763/12/367
f 1764/11/367 1763/12/367 1761/11/367
f 1762/12/1 1765/12/1 1763/12/1
f 1765/12/1 1762/12/1 1760/12/1
f 1765/12/1 1760/12/1 1759/12/1
f 1763/12/2 1765/12/2 1762/12/2
f 1760/12/2 1762/12/2 1765/12/2
f 1759/12/2 1760/12/2 1765/12/2
f 1763/12/356 1766/11/356 1764/11/356
f 1766/11/356 1763/12/356 1765/12/356
f 1764/11/355 1766/11/355 1763/12/355
f 1765/12/355 1763/12/355 1766/11/355
f 1766/11/367 1759/12/367 1757/11/367
f 1759/12/367 1766/11/367 1765/12/367
f 1757/11/368 1759/12/368 1766/11/368
f 1765/12/368 1766/11/368 1759/12/368
f 1769/30/555 1768/30/556 1767/30/555
f 1768/30/556 1769/30/555 1770/30/556
f 1767/30/557 1768/30/558 1769/30/557
f 1770/30/558 1769/30/557 1768/30/558
f 1773/31/557 1772/31/558 1771/31/558
f 1772/31/558 1773/31/557 1774/31/557
f 1771/31/556 1772/31/556 1773/31/555
f 1774/31/555 1773/31/555 1772/31/556
f 1777/32/559 1776/33/560 1775/32/559
f 1776/33/560 1777/32/559 1778/33/560
f 1775/32/561 1776/33/562 1777/32/561
f 1778/33/562 1777/32/561 1776/33/562
f 1781/33/561 1780/32/562 1779/33/561
f 1780/32/562 1781/33/561 1782/32/562
f 1779/33/559 1780/32/560 1781/33/559
f 1782/32/560 1781/33/559 1780/32/560
f 1771/31/558 1777/32/559 1775/32/559
f 1777/32/559 1771/31/558 1772/31/558
f 1775/32/561 1777/32/561 1771/31/556
f 1772/31/556 1771/31/556 1777/32/561
f 1778/33/560 1767/30/555 1776/33/560
f 1767/30/555 1778/33/560 1769/30/555
f 1776/33/562 1767/30/557 1778/33/562
f 1769/30/557 1778/33/562 1767/30/557
f 1779/33/377 1767/30/377 1768/30/377
f 1767/30/377 1779/33/377 1776/33/377
f 1776/33/377 1779/33/377 1780/32/377
f 1776/33/377 1780/32/377 1775/32/377
f 1775/32/377 1780/32/377 1773/31/377
f 1775/32/377 1773/31/377 1771/31/377
f 1768/30/378 1767/30/378 1779/33/378
f 1776/33/378 1779/33/378 1767/30/378
f 1780/32/378 1779/33/378 1776/33/378
f 1775/32/378 1780/32/378 1776/33/378
f 1773/31/378 1780/32/378 1775/32/378
f 1771/31/378 1773/31/378 1775/32/378
f 1778/33/378 1770/30/378 1769/30/378
f 1770/30/378 1778/33/378 1781/33/378
f 1781/33/378 1778/33/378 1777/32/378
f 1781/33/378 1777/32/378 1782/32/378
f 1782/32/378 1777/32/378 1772/31/378
f 1782/32/378 1772/31/378 1774/31/378
f 1769/30/377 1770/30/377 1778/33/377
f 1781/33/377 1778/33/377 1770/30/377
f 1777/32/377 1778/33/377 1781/33/377
f 1782/32/377 1777/32/377 1781/33/377
f 1772/31/377 1777/32/377 1782/32/377
f 1774/31/377 1772/31/377 1782/32/377
f 1770/30/556 1779/33/561 1768/30/556
f 1779/33/561 1770/30/556 1781/33/561
f 1768/30/558 1779/33/559 1770/30/558
f 1781/33/559 1770/30/558 1779/33/559
f 1780/32/562 1774/31/557 1773/31/557
f 1774/31/557 1780/32/562 1782/32/562
f 1773/31/555 1774/31/555 1780/32/560
f 1782/32/560 1780/32/560 1774/31/555
f 1785/34/563 1784/34/564 1783/34/563
f 1784/34/564 1785/34/563 1786/34/564
f 1783/34/565 1784/34/566 1785/34/565
f 1786/34/566 1785/34/565 1784/34/566
f 1789/35/565 1788/35/566 1787/35/566
f 1788/35/566 1789/35/565 1790/35/565
f 1787/35/564 1788/35/564 1789/35/563
f 1790/35/563 1789/35/563 1788/35/564
f 1792/36/567 1783/34/563 1791/36/567
f 1783/34/563 1792/36/567 1785/34/563
f 1791/36/568 1783/34/565 1792/36/568
f 1785/34/565 1792/36/568 1783/34/565
f 1786/34/564 1793/36/569 1784/34/564
f 1793/36/569 1786/34/564 1794/36/569
f 1784/34/566 1793/36/570 1786/34/566
f 1794/36/570 1786/34/566 1793/36/570
f 1791/36/567 1795/37/570 1792/36/567
f 1795/37/570 1791/36/567 1796/37/570
f 1792/36/568 1795/37/569 1791/36/568
f 1796/37/569 1791/36/568 1795/37/569
f 1787/35/566 1795/37/570 1796/37/570
f 1795/37/570 1787/35/566 1788/35/566
f 1796/37/569 1795/37/569 1787/35/564
f 1788/35/564 1787/35/564 1795/37/569
f 1796/37/376 1789/35/376 1787/35/376
f 1789/35/376 1796/37/376 1797/37/376
f 1797/37/376 1796/37/376 1791/36/376
f 1797/37/376 1791/36/376 1793/36/376
f 1793/36/376 1791/36/376 1783/34/376
f 1793/36/376 1783/34/376 1784/34/376
f 1787/35/375 1789/35/375 1796/37/375
f 1797/37/375 1796/37/375 1789/35/375
f 1791/36/375 1796/37/375 1797/37/375
f 1793/36/375 1791/36/375 1797/37/375
f 1783/34/375 1791/36/375 1793/36/375
f 1784/34/375 1783/34/375 1793/36/375
f 1798/37/375 1788/35/375 1790/35/375
f 1788/35/375 1798/37/375 1795/37/375
f 1795/37/375 1798/37/375 1794/36/375
f 1795/37/375 1794/36/375 1792/36/375
f 1792/36/375 1794/36/375 1786/34/375
f 1792/36/375 1786/34/375 1785/34/375
f 1790/35/376 1788/35/376 1798/37/376
f 1795/37/376 1798/37/376 1788/35/376
f 1794/36/376 1798/37/376 1795/37/376
f 1792/36/376 1794/36/376 1795/37/376
f 1786/34/376 1794/36/376 1792/36/376
f 1785/34/376 1786/34/376 1792/36/376
f 1797/37/568 1790/35/565 1789/35/565
f 1790/35/565 1797/37/568 1798/37/568
f 1789/35/563 1790/35/563 1797/37/567
f 1798/37/567 1797/37/567 1790/35/563
f 1797/37/568 1794/36/569 1798/37/568
f 1794/36/569 1797/37/568 1793/36/569
f 1798/37/567 1794/36/570 1797/37/567
f 1793/36/570 1797/37/567 1794/36/570
f 1801/38/555 1800/38/556 1799/38/555
f 1800/38/556 1801/38/555 1802/38/556
f 1799/38/557 1800/38/558 1801/38/557
f 1802/38/558 1801/38/557 1800/38/558
f 1805/39/557 1804/39/558 1803/39/558
f 1804/39/558 1805/39/557 1806/39/557
f 1803/39/556 1804/39/556 1805/39/555
f 1806/39/555 1805/39/555 1804/39/556
f 1803/39/558 1808/40/559 1807/40/559
f 1808/40/559 1803/39/558 1804/39/558
f 1807/40/561 1808/40/561 1803/39/556
f 1804/39/556 1803/39/556 1808/40/561
f 1810/41/560 1799/38/555 1809/41/560
f 1799/38/555 1810/41/560 1801/38/555
f 1809/41/562 1799/38/557 1810/41/562
f 1801/38/557 1810/41/562 1799/38/557
f 1813/41/561 1812/40/562 1811/41/561
f 1812/40/562 1813/41/561 1814/40/562
f 1811/41/559 1812/40/560 1813/41/559
f 1814/40/560 1813/41/559 1812/40/560
f 1808/40/559 1809/41/560 1807/40/559
f 1809/41/560 1808/40/559 1810/41/560
f 1807/40/561 1809/41/562 1808/40/561
f 1810/41/562 1808/40/561 1809/41/562
f 1811/41/377 1799/38/377 1800/38/377
f 1799/38/377 1811/41/377 1809/41/377
f 1809/41/377 1811/41/377 1812/40/377
f 1809/41/377 1812/40/377 1807/40/377
f 1807/40/377 1812/40/377 1805/39/377
f 1807/40/377 1805/39/377 1803/39/377
f 1800/38/378 1799/38/378 1811/41/378
f 1809/41/378 1811/41/378 1799/38/378
f 1812/40/378 1811/41/378 1809/41/378
f 1807/40/378 1812/40/378 1809/41/378
f 1805/39/378 1812/40/378 1807/40/378
f 1803/39/378 1805/39/378 1807/40/378
f 1802/38/556 1811/41/561 1800/38/556
f 1811/41/561 1802/38/556 1813/41/561
f 1800/38/558 1811/41/559 1802/38/558
f 1813/41/559 1802/38/558 1811/41/559
f 1810/41/378 1802/38/378 1801/38/378
f 1802/38/378 1810/41/378 1813/41/378
f 1813/41/378 1810/41/378 1808/40/378
f 1813/41/378 1808/40/378 1814/40/378
f 1814/40/378 1808/40/378 1804/39/378
f 1814/40/378 1804/39/378 1806/39/378
f 1801/38/377 1802/38/377 1810/41/377
f 1813/41/377 1810/41/377 1802/38/377
f 1808/40/377 1810/41/377 1813/41/377
f 1814/40/377 1808/40/377 1813/41/377
f 1804/39/377 1808/40/377 1814/40/377
f 1806/39/377 1804/39/377 1814/40/377
f 1812/40/562 1806/39/557 1805/39/557
f 1806/39/557 1812/40/562 1814/40/562
f 1805/39/555 1806/39/555 1812/40/560
f 1814/40/560 1812/40/560 1806/39/555
f 1815/12/372 1160/11/372 1214/11/372
f 1160/11/372 1815/12/372 1552/12/372
f 1214/11/371 1160/11/371 1815/12/371
f 1552/12/371 1815/12/371 1160/11/371
f 1815/12/374 1817/11/374 1816/12/374
f 1817/11/374 1815/12/374 1214/11/374
f 1816/12/373 1817/11/373 1815/12/373
f 1214/11/373 1815/12/373 1817/11/373
f 1160/11/373 1819/12/373 1818/11/373
f 1819/12/373 1160/11/373 1552/12/373
f 1818/11/374 1819/12/374 1160/11/374
f 1552/12/374 1160/11/374 1819/12/374
f 1816/12/1 1552/12/1 1815/12/1
f 1552/12/1 1816/12/1 1820/12/1
f 1552/12/1 1820/12/1 1819/12/1
f 1815/12/2 1552/12/2 1816/12/2
f 1820/12/2 1816/12/2 1552/12/2
f 1819/12/2 1820/12/2 1552/12/2
f 1819/12/379 1821/11/371 1818/11/379
f 1821/11/371 1819/12/379 1820/12/371
f 1818/11/380 1821/11/372 1819/12/380
f 1820/12/372 1819/12/380 1821/11/372
f 1820/12/371 1817/11/381 1821/11/371
f 1817/11/381 1820/12/371 1816/12/381
f 1821/11/372 1817/11/382 1820/12/372
f 1816/12/382 1820/12/372 1817/11/382
f 1824/13/371 1823/11/571 1822/11/371
f 1823/11/571 1824/13/371 1825/13/571
f 1822/11/372 1823/11/572 1824/13/372
f 1825/13/572 1824/13/372 1823/11/572
f 1828/13/574 1827/11/573 1826/13/573
f 1827/11/573 1828/13/574 1829/11/574
f 1826/13/576 1827/11/576 1828/13/575
f 1829/11/575 1828/13/575 1827/11/576
f 1825/13/571 1827/11/573 1823/11/571
f 1827/11/573 1825/13/571 1826/13/573
f 1823/11/572 1827/11/576 1825/13/572
f 1826/13/576 1825/13/572 1827/11/576
f 1831/13/577 1822/11/371 1830/11/577
f 1822/11/371 1831/13/577 1824/13/371
f 1830/11/578 1822/11/372 1831/13/578
f 1824/13/372 1831/13/578 1822/11/372
f 1826/13/1 1832/13/1 1828/13/1
f 1832/13/1 1826/13/1 1825/13/1
f 1832/13/1 1825/13/1 1824/13/1
f 1832/13/1 1824/13/1 1831/13/1
f 1832/13/1 1831/13/1 1833/13/1
f 1828/13/2 1832/13/2 1826/13/2
f 1825/13/2 1826/13/2 1832/13/2
f 1824/13/2 1825/13/2 1832/13/2
f 1831/13/2 1824/13/2 1832/13/2
f 1833/13/2 1831/13/2 1832/13/2
f 1835/11/580 1833/13/579 1834/11/579
f 1833/13/579 1835/11/580 1832/13/580
f 1834/11/582 1833/13/582 1835/11/581
f 1832/13/581 1835/11/581 1833/13/582
f 1834/11/579 1831/13/577 1830/11/577
f 1831/13/577 1834/11/579 1833/13/579
f 1830/11/578 1831/13/578 1834/11/582
f 1833/13/582 1834/11/582 1831/13/578
f 1216/13/374 1837/11/374 1836/13/374
f 1837/11/374 1216/13/374 1838/11/374
f 1836/13/373 1837/11/373 1216/13/373
f 1838/11/373 1216/13/373 1837/11/373
f 1564/13/583 1840/11/371 1839/11/583
f 1840/11/371 1564/13/583 1841/13/371
f 1839/11/584 1840/11/372 1564/13/584
f 1841/13/372 1564/13/584 1840/11/372
f 1216/13/372 1842/11/372 1838/11/372
f 1842/11/372 1216/13/372 1171/13/372
f 1838/11/371 1842/11/371 1216/13/371
f 1171/13/371 1216/13/371 1842/11/371
f 1841/13/371 1837/11/585 1840/11/371
f 1837/11/585 1841/13/371 1836/13/585
f 1840/11/372 1837/11/586 1841/13/372
f 1836/13/586 1841/13/372 1837/11/586
f 1842/11/2 1837/11/2 1838/11/2
f 1837/11/2 1842/11/2 1840/11/2
f 1840/11/2 1842/11/2 1839/11/2
f 1838/11/1 1837/11/1 1842/11/1
f 1840/11/1 1842/11/1 1837/11/1
f 1839/11/1 1842/11/1 1840/11/1
f 1836/13/1 1171/13/1 1216/13/1
f 1171/13/1 1836/13/1 1841/13/1
f 1171/13/1 1841/13/1 1564/13/1
f 1216/13/2 1171/13/2 1836/13/2
f 1841/13/2 1836/13/2 1171/13/2
f 1564/13/2 1841/13/2 1171/13/2
f 1842/11/373 1564/13/373 1839/11/373
f 1564/13/373 1842/11/373 1171/13/373
f 1839/11/374 1564/13/374 1842/11/374
f 1171/13/374 1842/11/374 1564/13/374
f 1845/43/588 1844/42/587 1843/42/587
f 1844/42/587 1845/43/588 1846/43/588
f 1843/42/590 1844/42/590 1845/43/589
f 1846/43/589 1845/43/589 1844/42/590
f 1849/44/591 1848/45/592 1847/44/591
f 1848/45/592 1849/44/591 1850/45/592
f 1847/44/593 1848/45/594 1849/44/593
f 1850/45/594 1849/44/593 1848/45/594
f 1852/42/379 1846/43/379 1851/43/379
f 1846/43/379 1852/42/379 1844/42/379
f 1844/42/379 1852/42/379 1853/44/379
f 1844/42/379 1853/44/379 1849/44/379
f 1849/44/379 1853/44/379 1854/45/379
f 1849/44/379 1854/45/379 1850/45/379
f 1851/43/380 1846/43/380 1852/42/380
f 1844/42/380 1852/42/380 1846/43/380
f 1853/44/380 1852/42/380 1844/42/380
f 1849/44/380 1853/44/380 1844/42/380
f 1854/45/380 1853/44/380 1849/44/380
f 1850/45/380 1854/45/380 1849/44/380
f 1850/45/592 1855/45/589 1848/45/592
f 1855/45/589 1850/45/592 1854/45/589
f 1848/45/594 1855/45/588 1850/45/594
f 1854/45/588 1850/45/594 1855/45/588
f 1857/42/593 1851/43/594 1856/43/594
f 1851/43/594 1857/42/593 1852/42/593
f 1856/43/592 1851/43/592 1857/42/591
f 1852/42/591 1857/42/591 1851/43/592
f 1843/42/380 1856/43/380 1845/43/380
f 1856/43/380 1843/42/380 1857/42/380
f 1857/42/380 1843/42/380 1847/44/380
f 1857/42/380 1847/44/380 1858/44/380
f 1858/44/380 1847/44/380 1848/45/380
f 1858/44/380 1848/45/380 1855/45/380
f 1845/43/379 1856/43/379 1843/42/379
f 1857/42/379 1843/42/379 1856/43/379
f 1847/44/379 1843/42/379 1857/42/379
f 1858/44/379 1847/44/379 1857/42/379
f 1848/45/379 1847/44/379 1858/44/379
f 1855/45/379 1848/45/379 1858/44/379
f 1854/45/589 1858/44/590 1855/45/589
f 1858/44/590 1854/45/589 1853/44/590
f 1855/45/588 1858/44/587 1854/45/588
f 1853/44/587 1854/45/588 1858/44/587
f 1856/43/594 1846/43/588 1845/43/588
f 1846/43/588 1856/43/594 1851/43/594
f 1845/43/589 1846/43/589 1856/43/592
f 1851/43/592 1856/43/592 1846/43/589
f 1847/44/591 1844/42/587 1849/44/591
f 1844/42/587 1847/44/591 1843/42/587
f 1849/44/593 1844/42/590 1847/44/593
f 1843/42/590 1847/44/593 1844/42/590
f 1857/42/593 1853/44/590 1852/42/593
f 1853/44/590 1857/42/593 1858/44/590
f 1852/42/591 1853/44/587 1857/42/591
f 1858/44/587 1857/42/591 1853/44/587
f 1861/47/593 1860/46/594 1859/46/594
f 1860/46/594 1861/47/593 1862/47/593
f 1859/46/592 1860/46/592 1861/47/591
f 1862/47/591 1861/47/591 1860/46/592
f 1864/47/380 1859/46/380 1863/46/380
f 1859/46/380 1864/47/380 1861/47/380
f 1861/47/380 1864/47/380 1865/48/380
f 1861/47/380 1865/48/380 1866/48/380
f 1866/48/380 1865/48/380 1867/49/380
f 1866/48/380 1867/49/380 1868/49/380
f 1863/46/379 1859/46/379 1864/47/379
f 1861/47/379 1864/47/379 1859/46/379
f 1865/48/379 1864/47/379 1861/47/379
f 1866/48/379 1865/48/379 1861/47/379
f 1867/49/379 1865/48/379 1866/48/379
f 1868/49/379 1867/49/379 1866/48/379
f 1859/46/594 1869/46/588 1863/46/588
f 1869/46/588 1859/46/594 1860/46/594
f 1863/46/589 1869/46/589 1859/46/592
f 1860/46/592 1859/46/592 1869/46/589
f 1863/46/588 1870/47/587 1864/47/587
f 1870/47/587 1863/46/588 1869/46/588
f 1864/47/590 1870/47/590 1863/46/589
f 1869/46/589 1863/46/589 1870/47/590
f 1871/49/592 1868/49/589 1867/49/592
f 1868/49/589 1871/49/592 1872/49/589
f 1867/49/594 1868/49/588 1871/49/594
f 1872/49/588 1871/49/594 1868/49/588
f 1865/48/591 1870/47/587 1873/48/591
f 1870/47/587 1865/48/591 1864/47/587
f 1873/48/593 1870/47/590 1865/48/593
f 1864/47/590 1865/48/593 1870/47/590
f 1872/49/589 1866/48/590 1868/49/589
f 1866/48/590 1872/49/589 1874/48/590
f 1868/49/588 1866/48/587 1872/49/588
f 1874/48/587 1872/49/588 1866/48/587
f 1861/47/593 1874/48/590 1862/47/593
f 1874/48/590 1861/47/593 1866/48/590
f 1862/47/591 1874/48/587 1861/47/591
f 1866/48/587 1861/47/591 1874/48/587
f 1873/48/591 1867/49/592 1865/48/591
f 1867/49/592 1873/48/591 1871/49/592
f 1865/48/593 1867/49/594 1873/48/593
f 1871/49/594 1873/48/593 1867/49/594
f 1862/47/379 1869/46/379 1860/46/379
f 1869/46/379 1862/47/379 1870/47/379
f 1870/47/379 1862/47/379 1874/48/379
f 1870/47/379 1874/48/379 1873/48/379
f 1873/48/379 1874/48/379 1872/49/379
f 1873/48/379 1872/49/379 1871/49/379
f 1860/46/380 1869/46/380 1862/47/380
f 1870/47/380 1862/47/380 1869/46/380
f 1874/48/380 1862/47/380 1870/47/380
f 1873/48/380 1874/48/380 1870/47/380
f 1872/49/380 1874/48/380 1873/48/380
f 1871/49/380 1872/49/380 1873/48/380
f 1877/50/595 1876/51/596 1875/50/595
f 1876/51/596 1877/50/595 1878/51/596
f 1875/50/597 1876/51/598 1877/50/597
f 1878/51/598 1877/50/597 1876/51/598
f 1881/50/599 1880/52/597 1879/50/599
f 1880/52/597 1881/50/599 1882/52/597
f 1879/50/600 1880/52/595 1881/50/600
f 1882/52/595 1881/50/600 1880/52/595
f 1880/52/597 1884/53/598 1883/53/598
f 1884/53/598 1880/52/597 1882/52/597
f 1883/53/596 1884/53/596 1880/52/595
f 1882/52/595 1880/52/595 1884/53/596
f 1879/50/381 1876/51/381 1885/51/381
f 1876/51/381 1879/50/381 1875/50/381
f 1875/50/381 1879/50/381 1880/52/381
f 1875/50/381 1880/52/381 1886/52/381
f 1886/52/381 1880/52/381 1883/53/381
f 1886/52/381 1883/53/381 1887/53/381
f 1885/51/382 1876/51/382 1879/50/382
f 1875/50/382 1879/50/382 1876/51/382
f 1880/52/382 1879/50/382 1875/50/382
f 1886/52/382 1880/52/382 1875/50/382
f 1883/53/382 1880/52/382 1886/52/382
f 1887/53/382 1883/53/382 1886/52/382
f 1878/51/596 1885/51/601 1876/51/596
f 1885/51/601 1878/51/596 1888/51/601
f 1876/51/598 1885/51/602 1878/51/598
f 1888/51/602 1878/51/598 1885/51/602
f 1877/50/382 1888/51/382 1878/51/382
f 1888/51/382 1877/50/382 1881/50/382
f 1881/50/382 1877/50/382 1889/52/382
f 1881/50/382 1889/52/382 1882/52/382
f 1882/52/382 1889/52/382 1890/53/382
f 1882/52/382 1890/53/382 1884/53/382
f 1878/51/381 1888/51/381 1877/50/381
f 1881/50/381 1877/50/381 1888/51/381
f 1889/52/381 1877/50/381 1881/50/381
f 1882/52/381 1889/52/381 1881/50/381
f 1890/53/381 1889/52/381 1882/52/381
f 1884/53/381 1890/53/381 1882/52/381
f 1883/53/598 1890/53/602 1887/53/602
f 1890/53/602 1883/53/598 1884/53/598
f 1887/53/601 1890/53/601 1883/53/596
f 1884/53/596 1883/53/596 1890/53/601
f 1888/51/601 1879/50/599 1885/51/601
f 1879/50/599 1888/51/601 1881/50/599
f 1885/51/602 1879/50/600 1888/51/602
f 1881/50/600 1888/51/602 1879/50/600
f 1887/53/602 1889/52/600 1886/52/600
f 1889/52/600 1887/53/602 1890/53/602
f 1886/52/599 1889/52/599 1887/53/601
f 1890/53/601 1887/53/601 1889/52/599
f 1889/52/600 1875/50/595 1886/52/600
f 1875/50/595 1889/52/600 1877/50/595
f 1886/52/599 1875/50/597 1889/52/599
f 1877/50/597 1889/52/599 1875/50/597
f 1893/12/374 1892/11/374 1891/12/374
f 1892/11/374 1893/12/374 1894/11/374
f 1891/12/373 1892/11/373 1893/12/373
f 1894/11/373 1893/12/373 1892/11/373
f 1893/12/372 1895/11/372 1894/11/372
f 1895/11/372 1893/12/372 1896/12/372
f 1894/11/371 1895/11/371 1893/12/371
f 1896/12/371 1893/12/371 1895/11/371
f 1897/11/387 1891/12/389 1892/11/389
f 1891/12/389 1897/11/387 1898/12/387
f 1892/11/390 1891/12/390 1897/11/388
f 1898/12/388 1897/11/388 1891/12/390
f 1895/11/384 1900/12/383 1899/11/383
f 1900/12/383 1895/11/384 1896/12/384
f 1899/11/386 1900/12/386 1895/11/385
f 1896/12/385 1895/11/385 1900/12/386
f 1898/12/1 1893/12/1 1891/12/1
f 1893/12/1 1898/12/1 1896/12/1
f 1896/12/1 1898/12/1 1900/12/1
f 1891/12/2 1893/12/2 1898/12/2
f 1896/12/2 1898/12/2 1893/12/2
f 1900/12/2 1898/12/2 1896/12/2
f 1900/12/383 1897/11/387 1899/11/383
f 1897/11/387 1900/12/383 1898/12/387
f 1899/11/386 1897/11/388 1900/12/386
f 1898/12/388 1900/12/386 1897/11/388
f 1903/13/372 1902/11/372 1901/11/372
f 1902/11/372 1903/13/372 1904/13/372
f 1901/11/371 1902/11/371 1903/13/371
f 1904/13/371 1903/13/371 1902/11/371
f 1903/13/374 1906/11/374 1905/13/374
f 1906/11/374 1903/13/374 1901/11/374
f 1905/13/373 1906/11/373 1903/13/373
f 1901/11/373 1903/13/373 1906/11/373
f 1907/13/1 1903/13/1 1905/13/1
f 1903/13/1 1907/13/1 1904/13/1
f 1904/13/1 1907/13/1 1908/13/1
f 1905/13/2 1903/13/2 1907/13/2
f 1904/13/2 1907/13/2 1903/13/2
f 1908/13/2 1907/13/2 1904/13/2
f 1902/11/2 1906/11/2 1901/11/2
f 1906/11/2 1902/11/2 1909/11/2
f 1909/11/2 1902/11/2 1910/11/2
f 1901/11/1 1906/11/1 1902/11/1
f 1909/11/1 1902/11/1 1906/11/1
f 1910/11/1 1902/11/1 1909/11/1
f 1902/11/384 1908/13/383 1910/11/383
f 1908/13/383 1902/11/384 1904/13/384
f 1910/11/386 1908/13/386 1902/11/385
f 1904/13/385 1902/11/385 1908/13/386
f 1908/13/383 1909/11/603 1910/11/383
f 1909/11/603 1908/13/383 1907/13/603
f 1910/11/386 1909/11/604 1908/13/386
f 1907/13/604 1908/13/386 1909/11/604
f 1909/11/603 1905/13/389 1906/11/389
f 1905/13/389 1909/11/603 1907/13/603
f 1906/11/390 1905/13/390 1909/11/604
f 1907/13/604 1909/11/604 1905/13/390
f 1913/12/391 1912/11/391 1911/12/391
f 1912/11/391 1913/12/391 1914/11/391
f 1911/12/392 1912/11/392 1913/12/392
f 1914/11/392 1913/12/392 1912/11/392
f 1913/12/393 1915/11/393 1914/11/393
f 1915/11/393 1913/12/393 1916/12/393
f 1914/11/394 1915/11/394 1913/12/394
f 1916/12/394 1913/12/394 1915/11/394
f 1917/11/388 1911/12/390 1912/11/390
f 1911/12/390 1917/11/388 1918/12/388
f 1912/11/389 1911/12/389 1917/11/387
f 1918/12/387 1917/11/387 1911/12/389
f 1915/11/385 1920/12/386 1919/11/386
f 1920/12/386 1915/11/385 1916/12/385
f 1919/11/383 1920/12/383 1915/11/384
f 1916/12/384 1915/11/384 1920/12/383
f 1918/12/1 1913/12/1 1911/12/1
f 1913/12/1 1918/12/1 1916/12/1
f 1916/12/1 1918/12/1 1920/12/1
f 1911/12/2 1913/12/2 1918/12/2
f 1916/12/2 1918/12/2 1913/12/2
f 1920/12/2 1918/12/2 1916/12/2
f 1920/12/386 1917/11/388 1919/11/386
f 1917/11/388 1920/12/386 1918/12/388
f 1919/11/383 1917/11/387 1920/12/383
f 1918/12/387 1920/12/383 1917/11/387
f 1923/13/393 1922/11/393 1921/11/393
f 1922/11/393 1923/13/393 1924/13/393
f 1921/11/394 1922/11/394 1923/13/394
f 1924/13/394 1923/13/394 1922/11/394
f 1923/13/391 1926/11/391 1925/13/391
f 1926/11/391 1923/13/391 1921/11/391
f 1925/13/392 1926/11/392 1923/13/392
f 1921/11/392 1923/13/392 1926/11/392
f 1927/13/1 1923/13/1 1925/13/1
f 1923/13/1 1927/13/1 1924/13/1
f 1924/13/1 1927/13/1 1928/13/1
f 1925/13/2 1923/13/2 1927/13/2
f 1924/13/2 1927/13/2 1923/13/2
f 1928/13/2 1927/13/2 1924/13/2
f 1922/11/2 1926/11/2 1921/11/2
f 1926/11/2 1922/11/2 1929/11/2
f 1929/11/2 1922/11/2 1930/11/2
f 1921/11/1 1926/11/1 1922/11/1
f 1929/11/1 1922/11/1 1926/11/1
f 1930/11/1 1922/11/1 1929/11/1
f 1922/11/385 1928/13/386 1930/11/386
f 1928/13/386 1922/11/385 1924/13/385
f 1930/11/383 1928/13/383 1922/11/384
f 1924/13/384 1922/11/384 1928/13/383
f 1928/13/386 1929/11/604 1930/11/386
f 1929/11/604 1928/13/386 1927/13/604
f 1930/11/383 1929/11/603 1928/13/383
f 1927/13/603 1928/13/383 1929/11/603
f 1929/11/604 1925/13/390 1926/11/390
f 1925/13/390 1929/11/604 1927/13/604
f 1926/11/389 1925/13/389 1929/11/603
f 1927/13/603 1929/11/603 1925/13/389
f 1933/12/368 1932/11/368 1931/12/368
f 1932/11/368 1933/12/368 1934/11/368
f 1931/12/367 1932/11/367 1933/12/367
f 1934/11/367 1933/12/367 1932/11/367
f 1933/12/356 1935/11/356 1934/11/356
f 1935/11/356 1933/12/356 1936/12/356
f 1934/11/355 1935/11/355 1933/12/355
f 1936/12/355 1933/12/355 1935/11/355
f 1937/11/399 1931/12/401 1932/11/401
f 1931/12/401 1937/11/399 1938/12/399
f 1932/11/402 1931/12/402 1937/11/400
f 1938/12/400 1937/11/400 1931/12/402
f 1935/11/396 1940/12/395 1939/11/395
f 1940/12/395 1935/11/396 1936/12/396
f 1939/11/398 1940/12/398 1935/11/397
f 1936/12/397 1935/11/397 1940/12/398
f 1938/12/1 1933/12/1 1931/12/1
f 1933/12/1 1938/12/1 1936/12/1
f 1936/12/1 1938/12/1 1940/12/1
f 1931/12/2 1933/12/2 1938/12/2
f 1936/12/2 1938/12/2 1933/12/2
f 1940/12/2 1938/12/2 1936/12/2
f 1940/12/395 1937/11/399 1939/11/395
f 1937/11/399 1940/12/395 1938/12/399
f 1939/11/398 1937/11/400 1940/12/398
f 1938/12/400 1940/12/398 1937/11/400
f 1943/13/356 1942/11/356 1941/11/356
f 1942/11/356 1943/13/356 1944/13/356
f 1941/11/355 1942/11/355 1943/13/355
f 1944/13/355 1943/13/355 1942/11/355
f 1943/13/368 1946/11/368 1945/13/368
f 1946/11/368 1943/13/368 1941/11/368
f 1945/13/367 1946/11/367 1943/13/367
f 1941/11/367 1943/13/367 1946/11/367
f 1947/13/1 1943/13/1 1945/13/1
f 1943/13/1 1947/13/1 1944/13/1
f 1944/13/1 1947/13/1 1948/13/1
f 1945/13/2 1943/13/2 1947/13/2
f 1944/13/2 1947/13/2 1943/13/2
f 1948/13/2 1947/13/2 1944/13/2
f 1942/11/2 1946/11/2 1941/11/2
f 1946/11/2 1942/11/2 1949/11/2
f 1949/11/2 1942/11/2 1950/11/2
f 1941/11/1 1946/11/1 1942/11/1
f 1949/11/1 1942/11/1 1946/11/1
f 1950/11/1 1942/11/1 1949/11/1
f 1942/11/396 1948/13/395 1950/11/395
f 1948/13/395 1942/11/396 1944/13/396
f 1950/11/398 1948/13/398 1942/11/397
f 1944/13/397 1942/11/397 1948/13/398
f 1948/13/395 1949/11/605 1950/11/395
f 1949/11/605 1948/13/395 1947/13/605
f 1950/11/398 1949/11/606 1948/13/398
f 1947/13/606 1948/13/398 1949/11/606
f 1949/11/605 1945/13/401 1946/11/401
f 1945/13/401 1949/11/605 1947/13/605
f 1946/11/402 1945/13/402 1949/11/606
f 1947/13/606 1949/11/606 1945/13/402
f 1815/12/368 1952/11/368 1951/12/368
f 1952/11/368 1815/12/368 1214/11/368
f 1951/12/367 1952/11/367 1815/12/367
f 1214/11/367 1815/12/367 1952/11/367
f 1815/12/356 1953/11/356 1214/11/356
f 1953/11/356 1815/12/356 1954/12/356
f 1214/11/355 1953/11/355 1815/12/355
f 1954/12/355 1815/12/355 1953/11/355
f 1955/11/399 1951/12/401 1952/11/401
f 1951/12/401 1955/11/399 1956/12/399
f 1952/11/402 1951/12/402 1955/11/400
f 1956/12/400 1955/11/400 1951/12/402
f 1953/11/396 1958/12/395 1957/11/395
f 1958/12/395 1953/11/396 1954/12/396
f 1957/11/398 1958/12/398 1953/11/397
f 1954/12/397 1953/11/397 1958/12/398
f 1956/12/1 1815/12/1 1951/12/1
f 1815/12/1 1956/12/1 1954/12/1
f 1954/12/1 1956/12/1 1958/12/1
f 1951/12/2 1815/12/2 1956/12/2
f 1954/12/2 1956/12/2 1815/12/2
f 1958/12/2 1956/12/2 1954/12/2
f 1958/12/395 1955/11/399 1957/11/395
f 1955/11/399 1958/12/395 1956/12/399
f 1957/11/398 1955/11/400 1958/12/398
f 1956/12/400 1958/12/398 1955/11/400
f 1216/13/356 1960/11/356 1959/11/356
f 1960/11/356 1216/13/356 1836/13/356
f 1959/11/355 1960/11/355 1216/13/355
f 1836/13/355 1216/13/355 1960/11/355
f 1216/13/368 1962/11/368 1961/13/368
f 1962/11/368 1216/13/368 1959/11/368
f 1961/13/367 1962/11/367 1216/13/367
f 1959/11/367 1216/13/367 1962/11/367
f 1963/13/1 1216/13/1 1961/13/1
f 1216/13/1 1963/13/1 1836/13/1
f 1836/13/1 1963/13/1 1964/13/1
f 1961/13/2 1216/13/2 1963/13/2
f 1836/13/2 1963/13/2 1216/13/2
f 1964/13/2 1963/13/2 1836/13/2
f 1960/11/2 1962/11/2 1959/11/2
f 1962/11/2 1960/11/2 1965/11/2
f 1965/11/2 1960/11/2 1966/11/2
f 1959/11/1 1962/11/1 1960/11/1
f 1965/11/1 1960/11/1 1962/11/1
f 1966/11/1 1960/11/1 1965/11/1
f 1960/11/396 1964/13/395 1966/11/395
f 1964/13/395 1960/11/396 1836/13/396
f 1966/11/398 1964/13/398 1960/11/397
f 1836/13/397 1960/11/397 1964/13/398
f 1964/13/395 1965/11/605 1966/11/395
f 1965/11/605 1964/13/395 1963/13/605
f 1966/11/398 1965/11/606 1964/13/398
f 1963/13/606 1964/13/398 1965/11/606
f 1965/11/605 1961/13/401 1962/11/401
f 1961/13/401 1965/11/605 1963/13/605
f 1962/11/402 1961/13/402 1965/11/606
f 1963/13/606 1965/11/606 1961/13/402
f 1969/12/374 1968/11/374 1967/12/374
f 1968/11/374 1969/12/374 1257/11/374
f 1967/12/373 1968/11/373 1969/12/373
f 1257/11/373 1969/12/373 1968/11/373
f 1969/12/372 1970/11/372 1257/11/372
f 1970/11/372 1969/12/372 1971/12/372
f 1257/11/371 1970/11/371 1969/12/371
f 1971/12/371 1969/12/371 1970/11/371
f 1972/11/387 1967/12/389 1968/11/389
f 1967/12/389 1972/11/387 1973/12/387
f 1968/11/390 1967/12/390 1972/11/388
f 1973/12/388 1972/11/388 1967/12/390
f 1970/11/384 1975/12/383 1974/11/383
f 1975/12/383 1970/11/384 1971/12/384
f 1974/11/386 1975/12/386 1970/11/385
f 1971/12/385 1970/11/385 1975/12/386
f 1973/12/1 1969/12/1 1967/12/1
f 1969/12/1 1973/12/1 1971/12/1
f 1971/12/1 1973/12/1 1975/12/1
f 1967/12/2 1969/12/2 1973/12/2
f 1971/12/2 1973/12/2 1969/12/2
f 1975/12/2 1973/12/2 1971/12/2
f 1975/12/383 1972/11/387 1974/11/383
f 1972/11/387 1975/12/383 1973/12/387
f 1974/11/386 1972/11/388 1975/12/386
f 1973/12/388 1975/12/386 1972/11/388
f 1262/13/372 1977/11/372 1976/11/372
f 1977/11/372 1262/13/372 1978/13/372
f 1976/11/371 1977/11/371 1262/13/371
f 1978/13/371 1262/13/371 1977/11/371
f 1262/13/374 1980/11/374 1979/13/374
f 1980/11/374 1262/13/374 1976/11/374
f 1979/13/373 1980/11/373 1262/13/373
f 1976/11/373 1262/13/373 1980/11/373
f 1981/13/1 1262/13/1 1979/13/1
f 1262/13/1 1981/13/1 1978/13/1
f 1978/13/1 1981/13/1 1982/13/1
f 1979/13/2 1262/13/2 1981/13/2
f 1978/13/2 1981/13/2 1262/13/2
f 1982/13/2 1981/13/2 1978/13/2
f 1977/11/2 1980/11/2 1976/11/2
f 1980/11/2 1977/11/2 1983/11/2
f 1983/11/2 1977/11/2 1984/11/2
f 1976/11/1 1980/11/1 1977/11/1
f 1983/11/1 1977/11/1 1980/11/1
f 1984/11/1 1977/11/1 1983/11/1
f 1977/11/384 1982/13/383 1984/11/383
f 1982/13/383 1977/11/384 1978/13/384
f 1984/11/386 1982/13/386 1977/11/385
f 1978/13/385 1977/11/385 1982/13/386
f 1982/13/383 1983/11/603 1984/11/383
f 1983/11/603 1982/13/383 1981/13/603
f 1984/11/386 1983/11/604 1982/13/386
f 1981/13/604 1982/13/386 1983/11/604
f 1983/11/603 1979/13/389 1980/11/389
f 1979/13/389 1983/11/603 1981/13/603
f 1980/11/390 1979/13/390 1983/11/604
f 1981/13/604 1983/11/604 1979/13/390
f 1987/12/336 1986/11/336 1985/12/336
f 1986/11/336 1987/12/336 1267/11/336
f 1985/12/335 1986/11/335 1987/12/335
f 1267/11/335 1987/12/335 1986/11/335
f 1987/12/324 1988/11/324 1267/11/324
f 1988/11/324 1987/12/324 1989/12/324
f 1267/11/323 1988/11/323 1987/12/323
f 1989/12/323 1987/12/323 1988/11/323
f 1990/11/407 1985/12/409 1986/11/409
f 1985/12/409 1990/11/407 1991/12/407
f 1986/11/410 1985/12/410 1990/11/408
f 1991/12/408 1990/11/408 1985/12/410
f 1988/11/404 1993/12/403 1992/11/403
f 1993/12/403 1988/11/404 1989/12/404
f 1992/11/406 1993/12/406 1988/11/405
f 1989/12/405 1988/11/405 1993/12/406
f 1991/12/1 1987/12/1 1985/12/1
f 1987/12/1 1991/12/1 1989/12/1
f 1989/12/1 1991/12/1 1993/12/1
f 1985/12/2 1987/12/2 1991/12/2
f 1989/12/2 1991/12/2 1987/12/2
f 1993/12/2 1991/12/2 1989/12/2
f 1993/12/403 1990/11/407 1992/11/403
f 1990/11/407 1993/12/403 1991/12/407
f 1992/11/406 1990/11/408 1993/12/406
f 1991/12/408 1993/12/406 1990/11/408
f 1272/13/324 1995/11/324 1994/11/324
f 1995/11/324 1272/13/324 1996/13/324
f 1994/11/323 1995/11/323 1272/13/323
f 1996/13/323 1272/13/323 1995/11/323
f 1272/13/336 1998/11/336 1997/13/336
f 1998/11/336 1272/13/336 1994/11/336
f 1997/13/335 1998/11/335 1272/13/335
f 1994/11/335 1272/13/335 1998/11/335
f 1999/13/1 1272/13/1 1997/13/1
f 1272/13/1 1999/13/1 1996/13/1
f 1996/13/1 1999/13/1 2000/13/1
f 1997/13/2 1272/13/2 1999/13/2
f 1996/13/2 1999/13/2 1272/13/2
f 2000/13/2 1999/13/2 1996/13/2
f 1995/11/2 1998/11/2 1994/11/2
f 1998/11/2 1995/11/2 2001/11/2
f 2001/11/2 1995/11/2 2002/11/2
f 1994/11/1 1998/11/1 1995/11/1
f 2001/11/1 1995/11/1 1998/11/1
f 2002/11/1 1995/11/1 2001/11/1
f 1995/11/404 2000/13/403 2002/11/403
f 2000/13/403 1995/11/404 1996/13/404
f 2002/11/406 2000/13/406 1995/11/405
f 1996/13/405 1995/11/405 2000/13/406
f 2000/13/403 2001/11/607 2002/11/403
f 2001/11/607 2000/13/403 1999/13/607
f 2002/11/406 2001/11/608 2000/13/406
f 1999/13/608 2000/13/406 2001/11/608
f 2001/11/607 1997/13/409 1998/11/409
f 1997/13/409 2001/11/607 1999/13/607
f 1998/11/410 1997/13/410 2001/11/608
f 1999/13/608 2001/11/608 1997/13/410
f 1661/12/372 1257/11/372 1188/11/372
f 1257/11/372 1661/12/372 1969/12/372
f 1188/11/371 1257/11/371 1661/12/371
f 1969/12/371 1661/12/371 1257/11/371
f 1661/12/374 2004/11/374 2003/12/374
f 2004/11/374 1661/12/374 1188/11/374
f 2003/12/373 2004/11/373 1661/12/373
f 1188/11/373 1661/12/373 2004/11/373
f 1257/11/373 2006/12/373 2005/11/373
f 2006/12/373 1257/11/373 1969/12/373
f 2005/11/374 2006/12/374 1257/11/374
f 1969/12/374 1257/11/374 2006/12/374
f 2003/12/1 1969/12/1 1661/12/1
f 1969/12/1 2003/12/1 2007/12/1
f 1969/12/1 2007/12/1 2006/12/1
f 1661/12/2 1969/12/2 2003/12/2
f 2007/12/2 2003/12/2 1969/12/2
f 2006/12/2 2007/12/2 1969/12/2
f 2006/12/379 2008/11/371 2005/11/379
f 2008/11/371 2006/12/379 2007/12/371
f 2005/11/380 2008/11/372 2006/12/380
f 2007/12/372 2006/12/380 2008/11/372
f 2007/12/371 2004/11/381 2008/11/371
f 2004/11/381 2007/12/371 2003/12/381
f 2008/11/372 2004/11/382 2007/12/372
f 2003/12/382 2007/12/372 2004/11/382
f 2011/13/371 2010/11/571 2009/11/371
f 2010/11/571 2011/13/371 2012/13/571
f 2009/11/372 2010/11/572 2011/13/372
f 2012/13/572 2011/13/372 2010/11/572
f 2015/13/574 2014/11/573 2013/13/573
f 2014/11/573 2015/13/574 2016/11/574
f 2013/13/576 2014/11/576 2015/13/575
f 2016/11/575 2015/13/575 2014/11/576
f 2012/13/571 2014/11/573 2010/11/571
f 2014/11/573 2012/13/571 2013/13/573
f 2010/11/572 2014/11/576 2012/13/572
f 2013/13/576 2012/13/572 2014/11/576
f 2018/13/577 2009/11/371 2017/11/577
f 2009/11/371 2018/13/577 2011/13/371
f 2017/11/578 2009/11/372 2018/13/578
f 2011/13/372 2018/13/578 2009/11/372
f 2013/13/1 2019/13/1 2015/13/1
f 2019/13/1 2013/13/1 2012/13/1
f 2019/13/1 2012/13/1 2011/13/1
f 2019/13/1 2011/13/1 2018/13/1
f 2019/13/1 2018/13/1 2020/13/1
f 2015/13/2 2019/13/2 2013/13/2
f 2012/13/2 2013/13/2 2019/13/2
f 2011/13/2 2012/13/2 2019/13/2
f 2018/13/2 2011/13/2 2019/13/2
f 2020/13/2 2018/13/2 2019/13/2
f 2022/11/580 2020/13/579 2021/11/579
f 2020/13/579 2022/11/580 2019/13/580
f 2021/11/582 2020/13/582 2022/11/581
f 2019/13/581 2022/11/581 2020/13/582
f 2021/11/579 2018/13/577 2017/11/577
f 2018/13/577 2021/11/579 2020/13/579
f 2017/11/578 2018/13/578 2021/11/582
f 2020/13/582 2021/11/582 2018/13/578
f 1196/13/374 1668/11/374 1673/13/374
f 1668/11/374 1196/13/374 180/11/374
f 1673/13/373 1668/11/373 1196/13/373
f 180/11/373 1196/13/373 1668/11/373
f 1979/13/583 2024/11/371 2023/11/583
f 2024/11/371 1979/13/583 2025/13/371
f 2023/11/584 2024/11/372 1979/13/584
f 2025/13/372 1979/13/584 2024/11/372
f 1196/13/372 675/11/372 180/11/372
f 675/11/372 1196/13/372 1262/13/372
f 180/11/371 675/11/371 1196/13/371
f 1262/13/371 1196/13/371 675/11/371
f 2025/13/371 1668/11/585 2024/11/371
f 1668/11/585 2025/13/371 1673/13/585
f 2024/11/372 1668/11/586 2025/13/372
f 1673/13/586 2025/13/372 1668/11/586
f 675/11/2 1668/11/2 180/11/2
f 1668/11/2 675/11/2 2024/11/2
f 2024/11/2 675/11/2 2023/11/2
f 180/11/1 1668/11/1 675/11/1
f 2024/11/1 675/11/1 1668/11/1
f 2023/11/1 675/11/1 2024/11/1
f 1673/13/1 1262/13/1 1196/13/1
f 1262/13/1 1673/13/1 2025/13/1
f 1262/13/1 2025/13/1 1979/13/1
f 1196/13/2 1262/13/2 1673/13/2
f 2025/13/2 1673/13/2 1262/13/2
f 1979/13/2 2025/13/2 1262/13/2
f 675/11/373 1979/13/373 2023/11/373
f 1979/13/373 675/11/373 1262/13/373
f 2023/11/374 1979/13/374 675/11/374
f 1262/13/374 675/11/374 1979/13/374
f 2028/43/588 2027/42/587 2026/42/587
f 2027/42/587 2028/43/588 2029/43/588
f 2026/42/590 2027/42/590 2028/43/589
f 2029/43/589 2028/43/589 2027/42/590
f 2032/44/591 2031/45/592 2030/44/591
f 2031/45/592 2032/44/591 2033/45/592
f 2030/44/593 2031/45/594 2032/44/593
f 2033/45/594 2032/44/593 2031/45/594
f 2035/42/379 2029/43/379 2034/43/379
f 2029/43/379 2035/42/379 2027/42/379
f 2027/42/379 2035/42/379 2036/44/379
f 2027/42/379 2036/44/379 2032/44/379
f 2032/44/379 2036/44/379 2037/45/379
f 2032/44/379 2037/45/379 2033/45/379
f 2034/43/380 2029/43/380 2035/42/380
f 2027/42/380 2035/42/380 2029/43/380
f 2036/44/380 2035/42/380 2027/42/380
f 2032/44/380 2036/44/380 2027/42/380
f 2037/45/380 2036/44/380 2032/44/380
f 2033/45/380 2037/45/380 2032/44/380
f 2033/45/592 2038/45/589 2031/45/592
f 2038/45/589 2033/45/592 2037/45/589
f 2031/45/594 2038/45/588 2033/45/594
f 2037/45/588 2033/45/594 2038/45/588
f 2040/42/593 2034/43/594 2039/43/594
f 2034/43/594 2040/42/593 2035/42/593
f 2039/43/592 2034/43/592 2040/42/591
f 2035/42/591 2040/42/591 2034/43/592
f 2026/42/380 2039/43/380 2028/43/380
f 2039/43/380 2026/42/380 2040/42/380
f 2040/42/380 2026/42/380 2030/44/380
f 2040/42/380 2030/44/380 2041/44/380
f 2041/44/380 2030/44/380 2031/45/380
f 2041/44/380 2031/45/380 2038/45/380
f 2028/43/379 2039/43/379 2026/42/379
f 2040/42/379 2026/42/379 2039/43/379
f 2030/44/379 2026/42/379 2040/42/379
f 2041/44/379 2030/44/379 2040/42/379
f 2031/45/379 2030/44/379 2041/44/379
f 2038/45/379 2031/45/379 2041/44/379
f 2037/45/589 2041/44/590 2038/45/589
f 2041/44/590 2037/45/589 2036/44/590
f 2038/45/588 2041/44/587 2037/45/588
f 2036/44/587 2037/45/588 2041/44/587
f 2039/43/594 2029/43/588 2028/43/588
f 2029/43/588 2039/43/594 2034/43/594
f 2028/43/589 2029/43/589 2039/43/592
f 2034/43/592 2039/43/592 2029/43/589
f 2030/44/591 2027/42/587 2032/44/591
f 2027/42/587 2030/44/591 2026/42/587
f 2032/44/593 2027/42/590 2030/44/593
f 2026/42/590 2030/44/593 2027/42/590
f 2040/42/593 2036/44/590 2035/42/593
f 2036/44/590 2040/42/593 2041/44/590
f 2035/42/591 2036/44/587 2040/42/591
f 2041/44/587 2040/42/591 2036/44/587
f 2044/47/593 2043/46/594 2042/46/594
f 2043/46/594 2044/47/593 2045/47/593
f 2042/46/592 2043/46/592 2044/47/591
f 2045/47/591 2044/47/591 2043/46/592
f 2047/47/380 2042/46/380 2046/46/380
f 2042/46/380 2047/47/380 2044/47/380
f 2044/47/380 2047/47/380 2048/48/380
f 2044/47/380 2048/48/380 2049/48/380
f 2049/48/380 2048/48/380 2050/49/380
f 2049/48/380 2050/49/380 2051/49/380
f 2046/46/379 2042/46/379 2047/47/379
f 2044/47/379 2047/47/379 2042/46/379
f 2048/48/379 2047/47/379 2044/47/379
f 2049/48/379 2048/48/379 2044/47/379
f 2050/49/379 2048/48/379 2049/48/379
f 2051/49/379 2050/49/379 2049/48/379
f 2042/46/594 2052/46/588 2046/46/588
f 2052/46/588 2042/46/594 2043/46/594
f 2046/46/589 2052/46/589 2042/46/592
f 2043/46/592 2042/46/592 2052/46/589
f 2046/46/588 2053/47/587 2047/47/587
f 2053/47/587 2046/46/588 2052/46/588
f 2047/47/590 2053/47/590 2046/46/589
f 2052/46/589 2046/46/589 2053/47/590
f 2054/49/592 2051/49/589 2050/49/592
f 2051/49/589 2054/49/592 2055/49/589
f 2050/49/594 2051/49/588 2054/49/594
f 2055/49/588 2054/49/594 2051/49/588
f 2048/48/591 2053/47/587 2056/48/591
f 2053/47/587 2048/48/591 2047/47/587
f 2056/48/593 2053/47/590 2048/48/593
f 2047/47/590 2048/48/593 2053/47/590
f 2055/49/589 2049/48/590 2051/49/589
f 2049/48/590 2055/49/589 2057/48/590
f 2051/49/588 2049/48/587 2055/49/588
f 2057/48/587 2055/49/588 2049/48/587
f 2044/47/593 2057/48/590 2045/47/593
f 2057/48/590 2044/47/593 2049/48/590
f 2045/47/591 2057/48/587 2044/47/591
f 2049/48/587 2044/47/591 2057/48/587
f 2056/48/591 2050/49/592 2048/48/591
f 2050/49/592 2056/48/591 2054/49/592
f 2048/48/593 2050/49/594 2056/48/593
f 2054/49/594 2056/48/593 2050/49/594
f 2045/47/379 2052/46/379 2043/46/379
f 2052/46/379 2045/47/379 2053/47/379
f 2053/47/379 2045/47/379 2057/48/379
f 2053/47/379 2057/48/379 2056/48/379
f 2056/48/379 2057/48/379 2055/49/379
f 2056/48/379 2055/49/379 2054/49/379
f 2043/46/380 2052/46/380 2045/47/380
f 2053/47/380 2045/47/380 2052/46/380
f 2057/48/380 2045/47/380 2053/47/380
f 2056/48/380 2057/48/380 2053/47/380
f 2055/49/380 2057/48/380 2056/48/380
f 2054/49/380 2055/49/380 2056/48/380
f 2060/50/595 2059/51/596 2058/50/595
f 2059/51/596 2060/50/595 2061/51/596
f 2058/50/597 2059/51/598 2060/50/597
f 2061/51/598 2060/50/597 2059/51/598
f 2064/50/599 2063/52/597 2062/50/599
f 2063/52/597 2064/50/599 2065/52/597
f 2062/50/600 2063/52/595 2064/50/600
f 2065/52/595 2064/50/600 2063/52/595
f 2063/52/597 2067/53/598 2066/53/598
f 2067/53/598 2063/52/597 2065/52/597
f 2066/53/596 2067/53/596 2063/52/595
f 2065/52/595 2063/52/595 2067/53/596
f 2062/50/381 2059/51/381 2068/51/381
f 2059/51/381 2062/50/381 2058/50/381
f 2058/50/381 2062/50/381 2063/52/381
f 2058/50/381 2063/52/381 2069/52/381
f 2069/52/381 2063/52/381 2066/53/381
f 2069/52/381 2066/53/381 2070/53/381
f 2068/51/382 2059/51/382 2062/50/382
f 2058/50/382 2062/50/382 2059/51/382
f 2063/52/382 2062/50/382 2058/50/382
f 2069/52/382 2063/52/382 2058/50/382
f 2066/53/382 2063/52/382 2069/52/382
f 2070/53/382 2066/53/382 2069/52/382
f 2061/51/596 2068/51/601 2059/51/596
f 2068/51/601 2061/51/596 2071/51/601
f 2059/51/598 2068/51/602 2061/51/598
f 2071/51/602 2061/51/598 2068/51/602
f 2060/50/382 2071/51/382 2061/51/382
f 2071/51/382 2060/50/382 2064/50/382
f 2064/50/382 2060/50/382 2072/52/382
f 2064/50/382 2072/52/382 2065/52/382
f 2065/52/382 2072/52/382 2073/53/382
f 2065/52/382 2073/53/382 2067/53/382
f 2061/51/381 2071/51/381 2060/50/381
f 2064/50/381 2060/50/381 2071/51/381
f 2072/52/381 2060/50/381 2064/50/381
f 2065/52/381 2072/52/381 2064/50/381
f 2073/53/381 2072/52/381 2065/52/381
f 2067/53/381 2073/53/381 2065/52/381
f 2066/53/598 2073/53/602 2070/53/602
f 2073/53/602 2066/53/598 2067/53/598
f 2070/53/601 2073/53/601 2066/53/596
f 2067/53/596 2066/53/596 2073/53/601
f 2071/51/601 2062/50/599 2068/51/601
f 2062/50/599 2071/51/601 2064/50/599
f 2068/51/602 2062/50/600 2071/51/602
f 2064/50/600 2071/51/602 2062/50/600
f 2070/53/602 2072/52/600 2069/52/600
f 2072/52/600 2070/53/602 2073/53/602
f 2069/52/599 2072/52/599 2070/53/601
f 2073/53/601 2070/53/601 2072/52/599
f 2072/52/600 2058/50/595 2069/52/600
f 2058/50/595 2072/52/600 2060/50/595
f 2069/52/599 2058/50/597 2072/52/599
f 2060/50/597 2072/52/599 2058/50/597
f 1987/12/412 1282/11/412 1267/11/412
f 1282/11/412 1987/12/412 2074/12/412
f 1267/11/411 1282/11/411 1987/12/411
f 2074/12/411 1987/12/411 1282/11/411
f 1987/12/413 1988/11/413 1989/12/413
f 1988/11/413 1987/12/413 1267/11/413
f 1989/12/414 1988/11/414 1987/12/414
f 1267/11/414 1987/12/414 1988/11/414
f 1282/11/414 2076/12/414 2075/11/414
f 2076/12/414 1282/11/414 2074/12/414
f 2075/11/413 2076/12/413 1282/11/413
f 2074/12/413 1282/11/413 2076/12/413
f 1989/12/1 2074/12/1 1987/12/1
f 2074/12/1 1989/12/1 2077/12/1
f 2074/12/1 2077/12/1 2076/12/1
f 1987/12/2 2074/12/2 1989/12/2
f 2077/12/2 1989/12/2 2074/12/2
f 2076/12/2 2077/12/2 2074/12/2
f 2076/12/380 2078/11/411 2075/11/380
f 2078/11/411 2076/12/380 2077/12/411
f 2075/11/379 2078/11/412 2076/12/379
f 2077/12/412 2076/12/379 2078/11/412
f 2077/12/411 1988/11/382 2078/11/411
f 1988/11/382 2077/12/411 1989/12/382
f 2078/11/412 1988/11/381 2077/12/412
f 1989/12/381 2077/12/412 1988/11/381
f 2081/13/411 2080/11/572 2079/11/411
f 2080/11/572 2081/13/411 2082/13/572
f 2079/11/412 2080/11/571 2081/13/412
f 2082/13/571 2081/13/412 2080/11/571
f 2085/13/575 2084/11/576 2083/13/576
f 2084/11/576 2085/13/575 2086/11/575
f 2083/13/573 2084/11/573 2085/13/574
f 2086/11/574 2085/13/574 2084/11/573
f 2082/13/572 2084/11/576 2080/11/572
f 2084/11/576 2082/13/572 2083/13/576
f 2080/11/571 2084/11/573 2082/13/571
f 2083/13/573 2082/13/571 2084/11/573
f 2088/13/578 2079/11/411 2087/11/578
f 2079/11/411 2088/13/578 2081/13/411
f 2087/11/577 2079/11/412 2088/13/577
f 2081/13/412 2088/13/577 2079/11/412
f 2083/13/1 2089/13/1 2085/13/1
f 2089/13/1 2083/13/1 2082/13/1
f 2089/13/1 2082/13/1 2081/13/1
f 2089/13/1 2081/13/1 2088/13/1
f 2089/13/1 2088/13/1 2090/13/1
f 2085/13/2 2089/13/2 2083/13/2
f 2082/13/2 2083/13/2 2089/13/2
f 2081/13/2 2082/13/2 2089/13/2
f 2088/13/2 2081/13/2 2089/13/2
f 2090/13/2 2088/13/2 2089/13/2
f 2092/11/581 2090/13/582 2091/11/582
f 2090/13/582 2092/11/581 2089/13/581
f 2091/11/579 2090/13/579 2092/11/580
f 2089/13/580 2092/11/580 2090/13/579
f 2091/11/582 2088/13/578 2087/11/578
f 2088/13/578 2091/11/582 2090/13/582
f 2087/11/577 2088/13/577 2091/11/579
f 2090/13/579 2091/11/579 2088/13/577
f 1272/13/413 2093/11/413 1996/13/413
f 2093/11/413 1272/13/413 2094/11/413
f 1996/13/414 2093/11/414 1272/13/414
f 2094/11/414 1272/13/414 2093/11/414
f 1354/13/584 2096/11/411 2095/11/584
f 2096/11/411 1354/13/584 2097/13/411
f 2095/11/583 2096/11/412 1354/13/583
f 2097/13/412 1354/13/583 2096/11/412
f 1272/13/412 2098/11/412 2094/11/412
f 2098/11/412 1272/13/412 1283/13/412
f 2094/11/411 2098/11/411 1272/13/411
f 1283/13/411 1272/13/411 2098/11/411
f 2097/13/411 2093/11/586 2096/11/411
f 2093/11/586 2097/13/411 1996/13/586
f 2096/11/412 2093/11/585 2097/13/412
f 1996/13/585 2097/13/412 2093/11/585
f 2098/11/2 2093/11/2 2094/11/2
f 2093/11/2 2098/11/2 2096/11/2
f 2096/11/2 2098/11/2 2095/11/2
f 2094/11/1 2093/11/1 2098/11/1
f 2096/11/1 2098/11/1 2093/11/1
f 2095/11/1 2098/11/1 2096/11/1
f 1996/13/1 1283/13/1 1272/13/1
f 1283/13/1 1996/13/1 2097/13/1
f 1283/13/1 2097/13/1 1354/13/1
f 1272/13/2 1283/13/2 1996/13/2
f 2097/13/2 1996/13/2 1283/13/2
f 1354/13/2 2097/13/2 1283/13/2
f 2098/11/414 1354/13/414 2095/11/414
f 1354/13/414 2098/11/414 1283/13/414
f 2095/11/413 1354/13/413 2098/11/413
f 1283/13/413 2098/11/413 1354/13/413
f 2101/43/594 2100/42/593 2099/42/593
f 2100/42/593 2101/43/594 2102/43/594
f 2099/42/591 2100/42/591 2101/43/592
f 2102/43/592 2101/43/592 2100/42/591
f 2105/44/590 2104/45/589 2103/44/590
f 2104/45/589 2105/44/590 2106/45/589
f 2103/44/587 2104/45/588 2105/44/587
f 2106/45/588 2105/44/587 2104/45/588
f 2108/42/380 2102/43/380 2107/43/380
f 2102/43/380 2108/42/380 2100/42/380
f 2100/42/380 2108/42/380 2109/44/380
f 2100/42/380 2109/44/380 2105/44/380
f 2105/44/380 2109/44/380 2110/45/380
f 2105/44/380 2110/45/380 2106/45/380
f 2107/43/379 2102/43/379 2108/42/379
f 2100/42/379 2108/42/379 2102/43/379
f 2109/44/379 2108/42/379 2100/42/379
f 2105/44/379 2109/44/379 2100/42/379
f 2110/45/379 2109/44/379 2105/44/379
f 2106/45/379 2110/45/379 2105/44/379
f 2106/45/589 2111/45/592 2104/45/589
f 2111/45/592 2106/45/589 2110/45/592
f 2104/45/588 2111/45/594 2106/45/588
f 2110/45/594 2106/45/588 2111/45/594
f 2113/42/587 2107/43/588 2112/43/588
f 2107/43/588 2113/42/587 2108/42/587
f 2112/43/589 2107/43/589 2113/42/590
f 2108/42/590 2113/42/590 2107/43/589
f 2099/42/379 2112/43/379 2101/43/379
f 2112/43/379 2099/42/379 2113/42/379
f 2113/42/379 2099/42/379 2103/44/379
f 2113/42/379 2103/44/379 2114/44/379
f 2114/44/379 2103/44/379 2104/45/379
f 2114/44/379 2104/45/379 2111/45/379
f 2101/43/380 2112/43/380 2099/42/380
f 2113/42/380 2099/42/380 2112/43/380
f 2103/44/380 2099/42/380 2113/42/380
f 2114/44/380 2103/44/380 2113/42/380
f 2104/45/380 2103/44/380 2114/44/380
f 2111/45/380 2104/45/380 2114/44/380
f 2110/45/592 2114/44/591 2111/45/592
f 2114/44/591 2110/45/592 2109/44/591
f 2111/45/594 2114/44/593 2110/45/594
f 2109/44/593 2110/45/594 2114/44/593
f 2112/43/588 2102/43/594 2101/43/594
f 2102/43/594 2112/43/588 2107/43/588
f 2101/43/592 2102/43/592 2112/43/589
f 2107/43/589 2112/43/589 2102/43/592
f 2103/44/590 2100/42/593 2105/44/590
f 2100/42/593 2103/44/590 2099/42/593
f 2105/44/587 2100/42/591 2103/44/587
f 2099/42/591 2103/44/587 2100/42/591
f 2113/42/587 2109/44/591 2108/42/587
f 2109/44/591 2113/42/587 2114/44/591
f 2108/42/590 2109/44/593 2113/42/590
f 2114/44/593 2113/42/590 2109/44/593
f 2117/47/587 2116/46/588 2115/46/588
f 2116/46/588 2117/47/587 2118/47/587
f 2115/46/589 2116/46/589 2117/47/590
f 2118/47/590 2117/47/590 2116/46/589
f 2120/47/379 2115/46/379 2119/46/379
f 2115/46/379 2120/47/379 2117/47/379
f 2117/47/379 2120/47/379 2121/48/379
f 2117/47/379 2121/48/379 2122/48/379
f 2122/48/379 2121/48/379 2123/49/379
f 2122/48/379 2123/49/379 2124/49/379
f 2119/46/380 2115/46/380 2120/47/380
f 2117/47/380 2120/47/380 2115/46/380
f 2121/48/380 2120/47/380 2117/47/380
f 2122/48/380 2121/48/380 2117/47/380
f 2123/49/380 2121/48/380 2122/48/380
f 2124/49/380 2123/49/380 2122/48/380
f 2115/46/588 2125/46/594 2119/46/594
f 2125/46/594 2115/46/588 2116/46/588
f 2119/46/592 2125/46/592 2115/46/589
f 2116/46/589 2115/46/589 2125/46/592
f 2119/46/594 2126/47/593 2120/47/593
f 2126/47/593 2119/46/594 2125/46/594
f 2120/47/591 2126/47/591 2119/46/592
f 2125/46/592 2119/46/592 2126/47/591
f 2127/49/589 2124/49/592 2123/49/589
f 2124/49/592 2127/49/589 2128/49/592
f 2123/49/588 2124/49/594 2127/49/588
f 2128/49/594 2127/49/588 2124/49/594
f 2121/48/590 2126/47/593 2129/48/590
f 2126/47/593 2121/48/590 2120/47/593
f 2129/48/587 2126/47/591 2121/48/587
f 2120/47/591 2121/48/587 2126/47/591
f 2128/49/592 2122/48/591 2124/49/592
f 2122/48/591 2128/49/592 2130/48/591
f 2124/49/594 2122/48/593 2128/49/594
f 2130/48/593 2128/49/594 2122/48/593
f 2117/47/587 2130/48/591 2118/47/587
f 2130/48/591 2117/47/587 2122/48/591
f 2118/47/590 2130/48/593 2117/47/590
f 2122/48/593 2117/47/590 2130/48/593
f 2129/48/590 2123/49/589 2121/48/590
f 2123/49/589 2129/48/590 2127/49/589
f 2121/48/587 2123/49/588 2129/48/587
f 2127/49/588 2129/48/587 2123/49/588
f 2118/47/380 2125/46/380 2116/46/380
f 2125/46/380 2118/47/380 2126/47/380
f 2126/47/380 2118/47/380 2130/48/380
f 2126/47/380 2130/48/380 2129/48/380
f 2129/48/380 2130/48/380 2128/49/380
f 2129/48/380 2128/49/380 2127/49/380
f 2116/46/379 2125/46/379 2118/47/379
f 2126/47/379 2118/47/379 2125/46/379
f 2130/48/379 2118/47/379 2126/47/379
f 2129/48/379 2130/48/379 2126/47/379
f 2128/49/379 2130/48/379 2129/48/379
f 2127/49/379 2128/49/379 2129/48/379
f 2133/50/599 2132/51/601 2131/50/599
f 2132/51/601 2133/50/599 2134/51/601
f 2131/50/600 2132/51/602 2133/50/600
f 2134/51/602 2133/50/600 2132/51/602
f 2137/50/595 2136/52/600 2135/50/595
f 2136/52/600 2137/50/595 2138/52/600
f 2135/50/597 2136/52/599 2137/50/597
f 2138/52/599 2137/50/597 2136/52/599
f 2136/52/600 2140/53/602 2139/53/602
f 2140/53/602 2136/52/600 2138/52/600
f 2139/53/601 2140/53/601 2136/52/599
f 2138/52/599 2136/52/599 2140/53/601
f 2135/50/382 2132/51/382 2141/51/382
f 2132/51/382 2135/50/382 2131/50/382
f 2131/50/382 2135/50/382 2136/52/382
f 2131/50/382 2136/52/382 2142/52/382
f 2142/52/382 2136/52/382 2139/53/382
f 2142/52/382 2139/53/382 2143/53/382
f 2141/51/381 2132/51/381 2135/50/381
f 2131/50/381 2135/50/381 2132/51/381
f 2136/52/381 2135/50/381 2131/50/381
f 2142/52/381 2136/52/381 2131/50/381
f 2139/53/381 2136/52/381 2142/52/381
f 2143/53/381 2139/53/381 2142/52/381
f 2134/51/601 2141/51/596 2132/51/601
f 2141/51/596 2134/51/601 2144/51/596
f 2132/51/602 2141/51/598 2134/51/602
f 2144/51/598 2134/51/602 2141/51/598
f 2133/50/381 2144/51/381 2134/51/381
f 2144/51/381 2133/50/381 2137/50/381
f 2137/50/381 2133/50/381 2145/52/381
f 2137/50/381 2145/52/381 2138/52/381
f 2138/52/381 2145/52/381 2146/53/381
f 2138/52/381 2146/53/381 2140/53/381
f 2134/51/382 2144/51/382 2133/50/382
f 2137/50/382 2133/50/382 2144/51/382
f 2145/52/382 2133/50/382 2137/50/382
f 2138/52/382 2145/52/382 2137/50/382
f 2146/53/382 2145/52/382 2138/52/382
f 2140/53/382 2146/53/382 2138/52/382
f 2139/53/602 2146/53/598 2143/53/598
f 2146/53/598 2139/53/602 2140/53/602
f 2143/53/596 2146/53/596 2139/53/601
f 2140/53/601 2139/53/601 2146/53/596
f 2144/51/596 2135/50/595 2141/51/596
f 2135/50/595 2144/51/596 2137/50/595
f 2141/51/598 2135/50/597 2144/51/598
f 2137/50/597 2144/51/598 2135/50/597
f 2143/53/598 2145/52/597 2142/52/597
f 2145/52/597 2143/53/598 2146/53/598
f 2142/52/595 2145/52/595 2143/53/596
f 2146/53/596 2143/53/596 2145/52/595
f 2145/52/597 2131/50/599 2142/52/597
f 2131/50/599 2145/52/597 2133/50/599
f 2142/52/595 2131/50/600 2145/52/595
f 2133/50/600 2145/52/595 2131/50/600
f 1451/12/412 1288/11/412 1148/11/412
f 1288/11/412 1451/12/412 2147/12/412
f 1148/11/411 1288/11/411 1451/12/411
f 2147/12/411 1451/12/411 1288/11/411
f 1451/12/413 2149/11/413 2148/12/413
f 2149/11/413 1451/12/413 1148/11/413
f 2148/12/414 2149/11/414 1451/12/414
f 1148/11/414 1451/12/414 2149/11/414
f 1288/11/414 2151/12/414 2150/11/414
f 2151/12/414 1288/11/414 2147/12/414
f 2150/11/413 2151/12/413 1288/11/413
f 2147/12/413 1288/11/413 2151/12/413
f 2148/12/1 2147/12/1 1451/12/1
f 2147/12/1 2148/12/1 2152/12/1
f 2147/12/1 2152/12/1 2151/12/1
f 1451/12/2 2147/12/2 2148/12/2
f 2152/12/2 2148/12/2 2147/12/2
f 2151/12/2 2152/12/2 2147/12/2
f 2151/12/380 2153/11/411 2150/11/380
f 2153/11/411 2151/12/380 2152/12/411
f 2150/11/379 2153/11/412 2151/12/379
f 2152/12/412 2151/12/379 2153/11/412
f 2152/12/411 2149/11/382 2153/11/411
f 2149/11/382 2152/12/411 2148/12/382
f 2153/11/412 2149/11/381 2152/12/412
f 2148/12/381 2152/12/412 2149/11/381
f 2156/13/411 2155/11/572 2154/11/411
f 2155/11/572 2156/13/411 2157/13/572
f 2154/11/412 2155/11/571 2156/13/412
f 2157/13/571 2156/13/412 2155/11/571
f 2160/13/575 2159/11/576 2158/13/576
f 2159/11/576 2160/13/575 2161/11/575
f 2158/13/573 2159/11/573 2160/13/574
f 2161/11/574 2160/13/574 2159/11/573
f 2157/13/572 2159/11/576 2155/11/572
f 2159/11/576 2157/13/572 2158/13/576
f 2155/11/571 2159/11/573 2157/13/571
f 2158/13/573 2157/13/571 2159/11/573
f 2163/13/578 2154/11/411 2162/11/578
f 2154/11/411 2163/13/578 2156/13/411
f 2162/11/577 2154/11/412 2163/13/577
f 2156/13/412 2163/13/577 2154/11/412
f 2158/13/1 2164/13/1 2160/13/1
f 2164/13/1 2158/13/1 2157/13/1
f 2164/13/1 2157/13/1 2156/13/1
f 2164/13/1 2156/13/1 2163/13/1
f 2164/13/1 2163/13/1 2165/13/1
f 2160/13/2 2164/13/2 2158/13/2
f 2157/13/2 2158/13/2 2164/13/2
f 2156/13/2 2157/13/2 2164/13/2
f 2163/13/2 2156/13/2 2164/13/2
f 2165/13/2 2163/13/2 2164/13/2
f 2167/11/581 2165/13/582 2166/11/582
f 2165/13/582 2167/11/581 2164/13/581
f 2166/11/579 2165/13/579 2167/11/580
f 2164/13/580 2167/11/580 2165/13/579
f 2166/11/582 2163/13/578 2162/11/578
f 2163/13/578 2166/11/582 2165/13/582
f 2162/11/577 2163/13/577 2166/11/579
f 2165/13/579 2166/11/579 2163/13/577
f 1156/13/413 2168/11/413 1463/13/413
f 2168/11/413 1156/13/413 2169/11/413
f 1463/13/414 2168/11/414 1156/13/414
f 2169/11/414 1156/13/414 2168/11/414
f 2172/13/584 2171/11/411 2170/11/584
f 2171/11/411 2172/13/584 2173/13/411
f 2170/11/583 2171/11/412 2172/13/583
f 2173/13/412 2172/13/583 2171/11/412
f 1156/13/412 2174/11/412 2169/11/412
f 2174/11/412 1156/13/412 1289/13/412
f 2169/11/411 2174/11/411 1156/13/411
f 1289/13/411 1156/13/411 2174/11/411
f 2173/13/411 2168/11/586 2171/11/411
f 2168/11/586 2173/13/411 1463/13/586
f 2171/11/412 2168/11/585 2173/13/412
f 1463/13/585 2173/13/412 2168/11/585
f 2174/11/2 2168/11/2 2169/11/2
f 2168/11/2 2174/11/2 2171/11/2
f 2171/11/2 2174/11/2 2170/11/2
f 2169/11/1 2168/11/1 2174/11/1
f 2171/11/1 2174/11/1 2168/11/1
f 2170/11/1 2174/11/1 2171/11/1
f 1463/13/1 1289/13/1 1156/13/1
f 1289/13/1 1463/13/1 2173/13/1
f 1289/13/1 2173/13/1 2172/13/1
f 1156/13/2 1289/13/2 1463/13/2
f 2173/13/2 1463/13/2 1289/13/2
f 2172/13/2 2173/13/2 1289/13/2
f 2174/11/414 2172/13/414 2170/11/414
f 2172/13/414 2174/11/414 1289/13/414
f 2170/11/413 2172/13/413 2174/11/413
f 1289/13/413 2174/11/413 2172/13/413
f 2177/43/594 2176/42/593 2175/42/593
f 2176/42/593 2177/43/594 2178/43/594
f 2175/42/591 2176/42/591 2177/43/592
f 2178/43/592 2177/43/592 2176/42/591
f 2181/44/590 2180/45/589 2179/44/590
f 2180/45/589 2181/44/590 2182/45/589
f 2179/44/587 2180/45/588 2181/44/587
f 2182/45/588 2181/44/587 2180/45/588
f 2184/42/380 2178/43/380 2183/43/380
f 2178/43/380 2184/42/380 2176/42/380
f 2176/42/380 2184/42/380 2185/44/380
f 2176/42/380 2185/44/380 2181/44/380
f 2181/44/380 2185/44/380 2186/45/380
f 2181/44/380 2186/45/380 2182/45/380
f 2183/43/379 2178/43/379 2184/42/379
f 2176/42/379 2184/42/379 2178/43/379
f 2185/44/379 2184/42/379 2176/42/379
f 2181/44/379 2185/44/379 2176/42/379
f 2186/45/379 2185/44/379 2181/44/379
f 2182/45/379 2186/45/379 2181/44/379
f 2182/45/589 2187/45/592 2180/45/589
f 2187/45/592 2182/45/589 2186/45/592
f 2180/45/588 2187/45/594 2182/45/588
f 2186/45/594 2182/45/588 2187/45/594
f 2189/42/587 2183/43/588 2188/43/588
f 2183/43/588 2189/42/587 2184/42/587
f 2188/43/589 2183/43/589 2189/42/590
f 2184/42/590 2189/42/590 2183/43/589
f 2175/42/379 2188/43/379 2177/43/379
f 2188/43/379 2175/42/379 2189/42/379
f 2189/42/379 2175/42/379 2179/44/379
f 2189/42/379 2179/44/379 2190/44/379
f 2190/44/379 2179/44/379 2180/45/379
f 2190/44/379 2180/45/379 2187/45/379
f 2177/43/380 2188/43/380 2175/42/380
f 2189/42/380 2175/42/380 2188/43/380
f 2179/44/380 2175/42/380 2189/42/380
f 2190/44/380 2179/44/380 2189/42/380
f 2180/45/380 2179/44/380 2190/44/380
f 2187/45/380 2180/45/380 2190/44/380
f 2186/45/592 2190/44/591 2187/45/592
f 2190/44/591 2186/45/592 2185/44/591
f 2187/45/594 2190/44/593 2186/45/594
f 2185/44/593 2186/45/594 2190/44/593
f 2188/43/588 2178/43/594 2177/43/594
f 2178/43/594 2188/43/588 2183/43/588
f 2177/43/592 2178/43/592 2188/43/589
f 2183/43/589 2188/43/589 2178/43/592
f 2179/44/590 2176/42/593 2181/44/590
f 2176/42/593 2179/44/590 2175/42/593
f 2181/44/587 2176/42/591 2179/44/587
f 2175/42/591 2179/44/587 2176/42/591
f 2189/42/587 2185/44/591 2184/42/587
f 2185/44/591 2189/42/587 2190/44/591
f 2184/42/590 2185/44/593 2189/42/590
f 2190/44/593 2189/42/590 2185/44/593
f 2193/47/587 2192/46/588 2191/46/588
f 2192/46/588 2193/47/587 2194/47/587
f 2191/46/589 2192/46/589 2193/47/590
f 2194/47/590 2193/47/590 2192/46/589
f 2196/47/379 2191/46/379 2195/46/379
f 2191/46/379 2196/47/379 2193/47/379
f 2193/47/379 2196/47/379 2197/48/379
f 2193/47/379 2197/48/379 2198/48/379
f 2198/48/379 2197/48/379 2199/49/379
f 2198/48/379 2199/49/379 2200/49/379
f 2195/46/380 2191/46/380 2196/47/380
f 2193/47/380 2196/47/380 2191/46/380
f 2197/48/380 2196/47/380 2193/47/380
f 2198/48/380 2197/48/380 2193/47/380
f 2199/49/380 2197/48/380 2198/48/380
f 2200/49/380 2199/49/380 2198/48/380
f 2191/46/588 2201/46/594 2195/46/594
f 2201/46/594 2191/46/588 2192/46/588
f 2195/46/592 2201/46/592 2191/46/589
f 2192/46/589 2191/46/589 2201/46/592
f 2195/46/594 2202/47/593 2196/47/593
f 2202/47/593 2195/46/594 2201/46/594
f 2196/47/591 2202/47/591 2195/46/592
f 2201/46/592 2195/46/592 2202/47/591
f 2203/49/589 2200/49/592 2199/49/589
f 2200/49/592 2203/49/589 2204/49/592
f 2199/49/588 2200/49/594 2203/49/588
f 2204/49/594 2203/49/588 2200/49/594
f 2197/48/590 2202/47/593 2205/48/590
f 2202/47/593 2197/48/590 2196/47/593
f 2205/48/587 2202/47/591 2197/48/587
f 2196/47/591 2197/48/587 2202/47/591
f 2204/49/592 2198/48/591 2200/49/592
f 2198/48/591 2204/49/592 2206/48/591
f 2200/49/594 2198/48/593 2204/49/594
f 2206/48/593 2204/49/594 2198/48/593
f 2193/47/587 2206/48/591 2194/47/587
f 2206/48/591 2193/47/587 2198/48/591
f 2194/47/590 2206/48/593 2193/47/590
f 2198/48/593 2193/47/590 2206/48/593
f 2205/48/590 2199/49/589 2197/48/590
f 2199/49/589 2205/48/590 2203/49/589
f 2197/48/587 2199/49/588 2205/48/587
f 2203/49/588 2205/48/587 2199/49/588
f 2194/47/380 2201/46/380 2192/46/380
f 2201/46/380 2194/47/380 2202/47/380
f 2202/47/380 2194/47/380 2206/48/380
f 2202/47/380 2206/48/380 2205/48/380
f 2205/48/380 2206/48/380 2204/49/380
f 2205/48/380 2204/49/380 2203/49/380
f 2192/46/379 2201/46/379 2194/47/379
f 2202/47/379 2194/47/379 2201/46/379
f 2206/48/379 2194/47/379 2202/47/379
f 2205/48/379 2206/48/379 2202/47/379
f 2204/49/379 2206/48/379 2205/48/379
f 2203/49/379 2204/49/379 2205/48/379
f 2209/50/599 2208/51/601 2207/50/599
f 2208/51/601 2209/50/599 2210/51/601
f 2207/50/600 2208/51/602 2209/50/600
f 2210/51/602 2209/50/600 2208/51/602
f 2213/50/595 2212/52/600 2211/50/595
f 2212/52/600 2213/50/595 2214/52/600
f 2211/50/597 2212/52/599 2213/50/597
f 2214/52/599 2213/50/597 2212/52/599
f 2212/52/600 2216/53/602 2215/53/602
f 2216/53/602 2212/52/600 2214/52/600
f 2215/53/601 2216/53/601 2212/52/599
f 2214/52/599 2212/52/599 2216/53/601
f 2211/50/382 2208/51/382 2217/51/382
f 2208/51/382 2211/50/382 2207/50/382
f 2207/50/382 2211/50/382 2212/52/382
f 2207/50/382 2212/52/382 2218/52/382
f 2218/52/382 2212/52/382 2215/53/382
f 2218/52/382 2215/53/382 2219/53/382
f 2217/51/381 2208/51/381 2211/50/381
f 2207/50/381 2211/50/381 2208/51/381
f 2212/52/381 2211/50/381 2207/50/381
f 2218/52/381 2212/52/381 2207/50/381
f 2215/53/381 2212/52/381 2218/52/381
f 2219/53/381 2215/53/381 2218/52/381
f 2210/51/601 2217/51/596 2208/51/601
f 2217/51/596 2210/51/601 2220/51/596
f 2208/51/602 2217/51/598 2210/51/602
f 2220/51/598 2210/51/602 2217/51/598
f 2209/50/381 2220/51/381 2210/51/381
f 2220/51/381 2209/50/381 2213/50/381
f 2213/50/381 2209/50/381 2221/52/381
f 2213/50/381 2221/52/381 2214/52/381
f 2214/52/381 2221/52/381 2222/53/381
f 2214/52/381 2222/53/381 2216/53/381
f 2210/51/382 2220/51/382 2209/50/382
f 2213/50/382 2209/50/382 2220/51/382
f 2221/52/382 2209/50/382 2213/50/382
f 2214/52/382 2221/52/382 2213/50/382
f 2222/53/382 2221/52/382 2214/52/382
f 2216/53/382 2222/53/382 2214/52/382
f 2215/53/602 2222/53/598 2219/53/598
f 2222/53/598 2215/53/602 2216/53/602
f 2219/53/596 2222/53/596 2215/53/601
f 2216/53/601 2215/53/601 2222/53/596
f 2220/51/596 2211/50/595 2217/51/596
f 2211/50/595 2220/51/596 2213/50/595
f 2217/51/598 2211/50/597 2220/51/598
f 2213/50/597 2220/51/598 2211/50/597
f 2219/53/598 2221/52/597 2218/52/597
f 2221/52/597 2219/53/598 2222/53/598
f 2218/52/595 2221/52/595 2219/53/596
f 2222/53/596 2219/53/596 2221/52/595
f 2221/52/597 2207/50/599 2218/52/597
f 2207/50/599 2221/52/597 2209/50/599
f 2218/52/595 2207/50/600 2221/52/595
f 2209/50/600 2221/52/595 2207/50/600
f 2225/12/336 2224/11/336 2223/12/336
f 2224/11/336 2225/12/336 1312/11/336
f 2223/12/335 2224/11/335 2225/12/335
f 1312/11/335 2225/12/335 2224/11/335
f 2225/12/324 2226/11/324 1312/11/324
f 2226/11/324 2225/12/324 2227/12/324
f 1312/11/323 2226/11/323 2225/12/323
f 2227/12/323 2225/12/323 2226/11/323
f 2228/11/407 2223/12/409 2224/11/409
f 2223/12/409 2228/11/407 2229/12/407
f 2224/11/410 2223/12/410 2228/11/408
f 2229/12/408 2228/11/408 2223/12/410
f 2226/11/404 2231/12/403 2230/11/403
f 2231/12/403 2226/11/404 2227/12/404
f 2230/11/406 2231/12/406 2226/11/405
f 2227/12/405 2226/11/405 2231/12/406
f 2229/12/1 2225/12/1 2223/12/1
f 2225/12/1 2229/12/1 2227/12/1
f 2227/12/1 2229/12/1 2231/12/1
f 2223/12/2 2225/12/2 2229/12/2
f 2227/12/2 2229/12/2 2225/12/2
f 2231/12/2 2229/12/2 2227/12/2
f 2231/12/403 2228/11/407 2230/11/403
f 2228/11/407 2231/12/403 2229/12/407
f 2230/11/406 2228/11/408 2231/12/406
f 2229/12/408 2231/12/406 2228/11/408
f 2234/13/324 2233/11/324 2232/11/324
f 2233/11/324 2234/13/324 2235/13/324
f 2232/11/323 2233/11/323 2234/13/323
f 2235/13/323 2234/13/323 2233/11/323
f 2234/13/336 2237/11/336 2236/13/336
f 2237/11/336 2234/13/336 2232/11/336
f 2236/13/335 2237/11/335 2234/13/335
f 2232/11/335 2234/13/335 2237/11/335
f 2238/13/1 2234/13/1 2236/13/1
f 2234/13/1 2238/13/1 2235/13/1
f 2235/13/1 2238/13/1 2239/13/1
f 2236/13/2 2234/13/2 2238/13/2
f 2235/13/2 2238/13/2 2234/13/2
f 2239/13/2 2238/13/2 2235/13/2
f 2233/11/2 2237/11/2 2232/11/2
f 2237/11/2 2233/11/2 2240/11/2
f 2240/11/2 2233/11/2 2241/11/2
f 2232/11/1 2237/11/1 2233/11/1
f 2240/11/1 2233/11/1 2237/11/1
f 2241/11/1 2233/11/1 2240/11/1
f 2233/11/404 2239/13/403 2241/11/403
f 2239/13/403 2233/11/404 2235/13/404
f 2241/11/406 2239/13/406 2233/11/405
f 2235/13/405 2233/11/405 2239/13/406
f 2239/13/403 2240/11/607 2241/11/403
f 2240/11/607 2239/13/403 2238/13/607
f 2241/11/406 2240/11/608 2239/13/406
f 2238/13/608 2239/13/406 2240/11/608
f 2240/11/607 2236/13/409 2237/11/409
f 2236/13/409 2240/11/607 2238/13/607
f 2237/11/410 2236/13/410 2240/11/608
f 2238/13/608 2240/11/608 2236/13/410
f 2147/12/415 2243/11/415 2242/12/415
f 2243/11/415 2147/12/415 1288/11/415
f 2242/12/416 2243/11/416 2147/12/416
f 1288/11/416 2147/12/416 2243/11/416
f 2147/12/417 2244/11/417 1288/11/417
f 2244/11/417 2147/12/417 2245/12/417
f 1288/11/418 2244/11/418 2147/12/418
f 2245/12/418 2147/12/418 2244/11/418
f 2246/11/388 2242/12/390 2243/11/390
f 2242/12/390 2246/11/388 2247/12/388
f 2243/11/389 2242/12/389 2246/11/387
f 2247/12/387 2246/11/387 2242/12/389
f 2244/11/385 2249/12/386 2248/11/386
f 2249/12/386 2244/11/385 2245/12/385
f 2248/11/383 2249/12/383 2244/11/384
f 2245/12/384 2244/11/384 2249/12/383
f 2247/12/1 2147/12/1 2242/12/1
f 2147/12/1 2247/12/1 2245/12/1
f 2245/12/1 2247/12/1 2249/12/1
f 2242/12/2 2147/12/2 2247/12/2
f 2245/12/2 2247/12/2 2147/12/2
f 2249/12/2 2247/12/2 2245/12/2
f 2249/12/386 2246/11/388 2248/11/386
f 2246/11/388 2249/12/386 2247/12/388
f 2248/11/383 2246/11/387 2249/12/383
f 2247/12/387 2249/12/383 2246/11/387
f 1289/13/417 2251/11/417 2250/11/417
f 2251/11/417 1289/13/417 2252/13/417
f 2250/11/418 2251/11/418 1289/13/418
f 2252/13/418 1289/13/418 2251/11/418
f 1289/13/415 2253/11/415 2172/13/415
f 2253/11/415 1289/13/415 2250/11/415
f 2172/13/416 2253/11/416 1289/13/416
f 2250/11/416 1289/13/416 2253/11/416
f 2254/13/1 1289/13/1 2172/13/1
f 1289/13/1 2254/13/1 2252/13/1
f 2252/13/1 2254/13/1 2255/13/1
f 2172/13/2 1289/13/2 2254/13/2
f 2252/13/2 2254/13/2 1289/13/2
f 2255/13/2 2254/13/2 2252/13/2
f 2251/11/2 2253/11/2 2250/11/2
f 2253/11/2 2251/11/2 2256/11/2
f 2256/11/2 2251/11/2 2257/11/2
f 2250/11/1 2253/11/1 2251/11/1
f 2256/11/1 2251/11/1 2253/11/1
f 2257/11/1 2251/11/1 2256/11/1
f 2251/11/385 2255/13/386 2257/11/386
f 2255/13/386 2251/11/385 2252/13/385
f 2257/11/383 2255/13/383 2251/11/384
f 2252/13/384 2251/11/384 2255/13/383
f 2255/13/386 2256/11/604 2257/11/386
f 2256/11/604 2255/13/386 2254/13/604
f 2257/11/383 2256/11/603 2255/13/383
f 2254/13/603 2255/13/383 2256/11/603
f 2256/11/604 2172/13/390 2253/11/390
f 2172/13/390 2256/11/604 2254/13/604
f 2253/11/389 2172/13/389 2256/11/603
f 2254/13/603 2256/11/603 2172/13/389
f 1224/13/336 2259/11/336 2258/13/336
f 2259/11/336 1224/13/336 2260/11/336
f 2258/13/335 2259/11/335 1224/13/335
f 2260/11/335 1224/13/335 2259/11/335
f 1669/13/609 2261/11/323 1662/11/609
f 2261/11/323 1669/13/609 2262/13/323
f 1662/11/610 2261/11/324 1669/13/610
f 2262/13/324 1669/13/610 2261/11/324
f 1224/13/324 177/11/324 2260/11/324
f 177/11/324 1224/13/324 1191/13/324
f 2260/11/323 177/11/323 1224/13/323
f 1191/13/323 1224/13/323 177/11/323
f 2262/13/323 2259/11/611 2261/11/323
f 2259/11/611 2262/13/323 2258/13/611
f 2261/11/324 2259/11/612 2262/13/324
f 2258/13/612 2262/13/324 2259/11/612
f 177/11/2 2259/11/2 2260/11/2
f 2259/11/2 177/11/2 2261/11/2
f 2261/11/2 177/11/2 1662/11/2
f 2260/11/1 2259/11/1 177/11/1
f 2261/11/1 177/11/1 2259/11/1
f 1662/11/1 177/11/1 2261/11/1
f 2258/13/1 1191/13/1 1224/13/1
f 1191/13/1 2258/13/1 2262/13/1
f 1191/13/1 2262/13/1 1669/13/1
f 1224/13/2 1191/13/2 2258/13/2
f 2262/13/2 2258/13/2 1191/13/2
f 1669/13/2 2262/13/2 1191/13/2
f 177/11/335 1669/13/335 1662/11/335
f 1669/13/335 177/11/335 1191/13/335
f 1662/11/336 1669/13/336 177/11/336
f 1191/13/336 177/11/336 1669/13/336
f 2265/12/419 2264/11/323 2263/11/419
f 2264/11/323 2265/12/419 2266/12/323
f 2263/11/420 2264/11/324 2265/12/420
f 2266/12/324 2265/12/420 2264/11/324
f 2266/12/323 2267/11/421 2264/11/323
f 2267/11/421 2266/12/323 2268/12/421
f 2264/11/324 2267/11/422 2266/12/324
f 2268/12/422 2266/12/324 2267/11/422
f 2269/12/336 2267/11/336 2268/12/336
f 2267/11/336 2269/12/336 2270/11/336
f 2268/12/335 2267/11/335 2269/12/335
f 2270/11/335 2269/12/335 2267/11/335
f 2268/12/1 2271/12/1 2269/12/1
f 2271/12/1 2268/12/1 2266/12/1
f 2271/12/1 2266/12/1 2265/12/1
f 2269/12/2 2271/12/2 2268/12/2
f 2266/12/2 2268/12/2 2271/12/2
f 2265/12/2 2266/12/2 2271/12/2
f 2269/12/324 2272/11/324 2270/11/324
f 2272/11/324 2269/12/324 2271/12/324
f 2270/11/323 2272/11/323 2269/12/323
f 2271/12/323 2269/12/323 2272/11/323
f 2272/11/335 2265/12/335 2263/11/335
f 2265/12/335 2272/11/335 2271/12/335
f 2263/11/336 2265/12/336 2272/11/336
f 2271/12/336 2272/11/336 2265/12/336
f 2275/30/613 2274/30/614 2273/30/613
f 2274/30/614 2275/30/613 2276/30/614
f 2273/30/615 2274/30/616 2275/30/615
f 2276/30/616 2275/30/615 2274/30/616
f 2279/31/615 2278/31/616 2277/31/616
f 2278/31/616 2279/31/615 2280/31/615
f 2277/31/614 2278/31/614 2279/31/613
f 2280/31/613 2279/31/613 2278/31/614
f 2283/32/617 2282/33/618 2281/32/617
f 2282/33/618 2283/32/617 2284/33/618
f 2281/32/619 2282/33/620 2283/32/619
f 2284/33/620 2283/32/619 2282/33/620
f 2287/33/619 2286/32/620 2285/33/619
f 2286/32/620 2287/33/619 2288/32/620
f 2285/33/617 2286/32/618 2287/33/617
f 2288/32/618 2287/33/617 2286/32/618
f 2277/31/616 2283/32/617 2281/32/617
f 2283/32/617 2277/31/616 2278/31/616
f 2281/32/619 2283/32/619 2277/31/614
f 2278/31/614 2277/31/614 2283/32/619
f 2284/33/618 2273/30/613 2282/33/618
f 2273/30/613 2284/33/618 2275/30/613
f 2282/33/620 2273/30/615 2284/33/620
f 2275/30/615 2284/33/620 2273/30/615
f 2285/33/421 2273/30/421 2274/30/421
f 2273/30/421 2285/33/421 2282/33/421
f 2282/33/421 2285/33/421 2286/32/421
f 2282/33/421 2286/32/421 2281/32/421
f 2281/32/421 2286/32/421 2279/31/421
f 2281/32/421 2279/31/421 2277/31/421
f 2274/30/422 2273/30/422 2285/33/422
f 2282/33/422 2285/33/422 2273/30/422
f 2286/32/422 2285/33/422 2282/33/422
f 2281/32/422 2286/32/422 2282/33/422
f 2279/31/422 2286/32/422 2281/32/422
f 2277/31/422 2279/31/422 2281/32/422
f 2284/33/422 2276/30/422 2275/30/422
f 2276/30/422 2284/33/422 2287/33/422
f 2287/33/422 2284/33/422 2283/32/422
f 2287/33/422 2283/32/422 2288/32/422
f 2288/32/422 2283/32/422 2278/31/422
f 2288/32/422 2278/31/422 2280/31/422
f 2275/30/421 2276/30/421 2284/33/421
f 2287/33/421 2284/33/421 2276/30/421
f 2283/32/421 2284/33/421 2287/33/421
f 2288/32/421 2283/32/421 2287/33/421
f 2278/31/421 2283/32/421 2288/32/421
f 2280/31/421 2278/31/421 2288/32/421
f 2276/30/614 2285/33/619 2274/30/614
f 2285/33/619 2276/30/614 2287/33/619
f 2274/30/616 2285/33/617 2276/30/616
f 2287/33/617 2276/30/616 2285/33/617
f 2286/32/620 2280/31/615 2279/31/615
f 2280/31/615 2286/32/620 2288/32/620
f 2279/31/613 2280/31/613 2286/32/618
f 2288/32/618 2286/32/618 2280/31/613
f 2291/34/621 2290/34/622 2289/34/621
f 2290/34/622 2291/34/621 2292/34/622
f 2289/34/623 2290/34/624 2291/34/623
f 2292/34/624 2291/34/623 2290/34/624
f 2295/35/623 2294/35/624 2293/35/624
f 2294/35/624 2295/35/623 2296/35/623
f 2293/35/622 2294/35/622 2295/35/621
f 2296/35/621 2295/35/621 2294/35/622
f 2298/36/625 2289/34/621 2297/36/625
f 2289/34/621 2298/36/625 2291/34/621
f 2297/36/626 2289/34/623 2298/36/626
f 2291/34/623 2298/36/626 2289/34/623
f 2292/34/622 2299/36/627 2290/34/622
f 2299/36/627 2292/34/622 2300/36/627
f 2290/34/624 2299/36/628 2292/34/624
f 2300/36/628 2292/34/624 2299/36/628
f 2297/36/625 2301/37/628 2298/36/625
f 2301/37/628 2297/36/625 2302/37/628
f 2298/36/626 2301/37/627 2297/36/626
f 2302/37/627 2297/36/626 2301/37/627
f 2293/35/624 2301/37/628 2302/37/628
f 2301/37/628 2293/35/624 2294/35/624
f 2302/37/627 2301/37/627 2293/35/622
f 2294/35/622 2293/35/622 2301/37/627
f 2302/37/420 2295/35/420 2293/35/420
f 2295/35/420 2302/37/420 2303/37/420
f 2303/37/420 2302/37/420 2297/36/420
f 2303/37/420 2297/36/420 2299/36/420
f 2299/36/420 2297/36/420 2289/34/420
f 2299/36/420 2289/34/420 2290/34/420
f 2293/35/419 2295/35/419 2302/37/419
f 2303/37/419 2302/37/419 2295/35/419
f 2297/36/419 2302/37/419 2303/37/419
f 2299/36/419 2297/36/419 2303/37/419
f 2289/34/419 2297/36/419 2299/36/419
f 2290/34/419 2289/34/419 2299/36/419
f 2304/37/419 2294/35/419 2296/35/419
f 2294/35/419 2304/37/419 2301/37/419
f 2301/37/419 2304/37/419 2300/36/419
f 2301/37/419 2300/36/419 2298/36/419
f 2298/36/419 2300/36/419 2292/34/419
f 2298/36/419 2292/34/419 2291/34/419
f 2296/35/420 2294/35/420 2304/37/420
f 2301/37/420 2304/37/420 2294/35/420
f 2300/36/420 2304/37/420 2301/37/420
f 2298/36/420 2300/36/420 2301/37/420
f 2292/34/420 2300/36/420 2298/36/420
f 2291/34/420 2292/34/420 2298/36/420
f 2303/37/626 2296/35/623 2295/35/623
f 2296/35/623 2303/37/626 2304/37/626
f 2295/35/621 2296/35/621 2303/37/625
f 2304/37/625 2303/37/625 2296/35/621
f 2303/37/626 2300/36/627 2304/37/626
f 2300/36/627 2303/37/626 2299/36/627
f 2304/37/625 2300/36/628 2303/37/625
f 2299/36/628 2303/37/625 2300/36/628
f 2307/38/613 2306/38/614 2305/38/613
f 2306/38/614 2307/38/613 2308/38/614
f 2305/38/615 2306/38/616 2307/38/615
f 2308/38/616 2307/38/615 2306/38/616
f 2311/39/615 2310/39/616 2309/39/616
f 2310/39/616 2311/39/615 2312/39/615
f 2309/39/614 2310/39/614 2311/39/613
f 2312/39/613 2311/39/613 2310/39/614
f 2309/39/616 2314/40/617 2313/40/617
f 2314/40/617 2309/39/616 2310/39/616
f 2313/40/619 2314/40/619 2309/39/614
f 2310/39/614 2309/39/614 2314/40/619
f 2316/41/618 2305/38/613 2315/41/618
f 2305/38/613 2316/41/618 2307/38/613
f 2315/41/620 2305/38/615 2316/41/620
f 2307/38/615 2316/41/620 2305/38/615
f 2319/41/619 2318/40/620 2317/41/619
f 2318/40/620 2319/41/619 2320/40/620
f 2317/41/617 2318/40/618 2319/41/617
f 2320/40/618 2319/41/617 2318/40/618
f 2314/40/617 2315/41/618 2313/40/617
f 2315/41/618 2314/40/617 2316/41/618
f 2313/40/619 2315/41/620 2314/40/619
f 2316/41/620 2314/40/619 2315/41/620
f 2317/41/421 2305/38/421 2306/38/421
f 2305/38/421 2317/41/421 2315/41/421
f 2315/41/421 2317/41/421 2318/40/421
f 2315/41/421 2318/40/421 2313/40/421
f 2313/40/421 2318/40/421 2311/39/421
f 2313/40/421 2311/39/421 2309/39/421
f 2306/38/422 2305/38/422 2317/41/422
f 2315/41/422 2317/41/422 2305/38/422
f 2318/40/422 2317/41/422 2315/41/422
f 2313/40/422 2318/40/422 2315/41/422
f 2311/39/422 2318/40/422 2313/40/422
f 2309/39/422 2311/39/422 2313/40/422
f 2308/38/614 2317/41/619 2306/38/614
f 2317/41/619 2308/38/614 2319/41/619
f 2306/38/616 2317/41/617 2308/38/616
f 2319/41/617 2308/38/616 2317/41/617
f 2316/41/422 2308/38/422 2307/38/422
f 2308/38/422 2316/41/422 2319/41/422
f 2319/41/422 2316/41/422 2314/40/422
f 2319/41/422 2314/40/422 2320/40/422
f 2320/40/422 2314/40/422 2310/39/422
f 2320/40/422 2310/39/422 2312/39/422
f 2307/38/421 2308/38/421 2316/41/421
f 2319/41/421 2316/41/421 2308/38/421
f 2314/40/421 2316/41/421 2319/41/421
f 2320/40/421 2314/40/421 2319/41/421
f 2310/39/421 2314/40/421 2320/40/421
f 2312/39/421 2310/39/421 2320/40/421
f 2318/40/620 2312/39/615 2311/39/615
f 2312/39/615 2318/40/620 2320/40/620
f 2311/39/613 2312/39/613 2318/40/618
f 2320/40/618 2318/40/618 2312/39/613
f 1234/13/368 2322/11/368 2321/13/368
f 2322/11/368 1234/13/368 2323/11/368
f 2321/13/367 2322/11/367 1234/13/367
f 2323/11/367 1234/13/367 2322/11/367
f 1459/13/551 2324/11/355 1452/11/551
f 2324/11/355 1459/13/551 2325/13/355
f 1452/11/552 2324/11/356 1459/13/552
f 2325/13/356 1459/13/552 2324/11/356
f 1234/13/356 89/11/356 2323/11/356
f 89/11/356 1234/13/356 1151/13/356
f 2323/11/355 89/11/355 1234/13/355
f 1151/13/355 1234/13/355 89/11/355
f 2325/13/355 2322/11/553 2324/11/355
f 2322/11/553 2325/13/355 2321/13/553
f 2324/11/356 2322/11/554 2325/13/356
f 2321/13/554 2325/13/356 2322/11/554
f 89/11/2 2322/11/2 2323/11/2
f 2322/11/2 89/11/2 2324/11/2
f 2324/11/2 89/11/2 1452/11/2
f 2323/11/1 2322/11/1 89/11/1
f 2324/11/1 89/11/1 2322/11/1
f 1452/11/1 89/11/1 2324/11/1
f 2321/13/1 1151/13/1 1234/13/1
f 1151/13/1 2321/13/1 2325/13/1
f 1151/13/1 2325/13/1 1459/13/1
f 1234/13/2 1151/13/2 2321/13/2
f 2325/13/2 2321/13/2 1151/13/2
f 1459/13/2 2325/13/2 1151/13/2
f 89/11/367 1459/13/367 1452/11/367
f 1459/13/367 89/11/367 1151/13/367
f 1452/11/368 1459/13/368 89/11/368
f 1151/13/368 89/11/368 1459/13/368
f 2328/12/375 2327/11/355 2326/11/375
f 2327/11/355 2328/12/375 2329/12/355
f 2326/11/376 2327/11/356 2328/12/376
f 2329/12/356 2328/12/376 2327/11/356
f 2329/12/355 2330/11/377 2327/11/355
f 2330/11/377 2329/12/355 2331/12/377
f 2327/11/356 2330/11/378 2329/12/356
f 2331/12/378 2329/12/356 2330/11/378
f 2332/12/368 2330/11/368 2331/12/368
f 2330/11/368 2332/12/368 2333/11/368
f 2331/12/367 2330/11/367 2332/12/367
f 2333/11/367 2332/12/367 2330/11/367
f 2331/12/1 2334/12/1 2332/12/1
f 2334/12/1 2331/12/1 2329/12/1
f 2334/12/1 2329/12/1 2328/12/1
f 2332/12/2 2334/12/2 2331/12/2
f 2329/12/2 2331/12/2 2334/12/2
f 2328/12/2 2329/12/2 2334/12/2
f 2332/12/356 2335/11/356 2333/11/356
f 2335/11/356 2332/12/356 2334/12/356
f 2333/11/355 2335/11/355 2332/12/355
f 2334/12/355 2332/12/355 2335/11/355
f 2335/11/367 2328/12/367 2326/11/367
f 2328/12/367 2335/11/367 2334/12/367
f 2326/11/368 2328/12/368 2335/11/368
f 2334/12/368 2335/11/368 2328/12/368
f 2338/30/555 2337/30/556 2336/30/555
f 2337/30/556 2338/30/555 2339/30/556
f 2336/30/557 2337/30/558 2338/30/557
f 2339/30/558 2338/30/557 2337/30/558
f 2342/31/557 2341/31/558 2340/31/558
f 2341/31/558 2342/31/557 2343/31/557
f 2340/31/556 2341/31/556 2342/31/555
f 2343/31/555 2342/31/555 2341/31/556
f 2346/32/559 2345/33/560 2344/32/559
f 2345/33/560 2346/32/559 2347/33/560
f 2344/32/561 2345/33/562 2346/32/561
f 2347/33/562 2346/32/561 2345/33/562
f 2350/33/561 2349/32/562 2348/33/561
f 2349/32/562 2350/33/561 2351/32/562
f 2348/33/559 2349/32/560 2350/33/559
f 2351/32/560 2350/33/559 2349/32/560
f 2340/31/558 2346/32/559 2344/32/559
f 2346/32/559 2340/31/558 2341/31/558
f 2344/32/561 2346/32/561 2340/31/556
f 2341/31/556 2340/31/556 2346/32/561
f 2347/33/560 2336/30/555 2345/33/560
f 2336/30/555 2347/33/560 2338/30/555
f 2345/33/562 2336/30/557 2347/33/562
f 2338/30/557 2347/33/562 2336/30/557
f 2348/33/377 2336/30/377 2337/30/377
f 2336/30/377 2348/33/377 2345/33/377
f 2345/33/377 2348/33/377 2349/32/377
f 2345/33/377 2349/32/377 2344/32/377
f 2344/32/377 2349/32/377 2342/31/377
f 2344/32/377 2342/31/377 2340/31/377
f 2337/30/378 2336/30/378 2348/33/378
f 2345/33/378 2348/33/378 2336/30/378
f 2349/32/378 2348/33/378 2345/33/378
f 2344/32/378 2349/32/378 2345/33/378
f 2342/31/378 2349/32/378 2344/32/378
f 2340/31/378 2342/31/378 2344/32/378
f 2347/33/378 2339/30/378 2338/30/378
f 2339/30/378 2347/33/378 2350/33/378
f 2350/33/378 2347/33/378 2346/32/378
f 2350/33/378 2346/32/378 2351/32/378
f 2351/32/378 2346/32/378 2341/31/378
f 2351/32/378 2341/31/378 2343/31/378
f 2338/30/377 2339/30/377 2347/33/377
f 2350/33/377 2347/33/377 2339/30/377
f 2346/32/377 2347/33/377 2350/33/377
f 2351/32/377 2346/32/377 2350/33/377
f 2341/31/377 2346/32/377 2351/32/377
f 2343/31/377 2341/31/377 2351/32/377
f 2339/30/556 2348/33/561 2337/30/556
f 2348/33/561 2339/30/556 2350/33/561
f 2337/30/558 2348/33/559 2339/30/558
f 2350/33/559 2339/30/558 2348/33/559
f 2349/32/562 2343/31/557 2342/31/557
f 2343/31/557 2349/32/562 2351/32/562
f 2342/31/555 2343/31/555 2349/32/560
f 2351/32/560 2349/32/560 2343/31/555
f 2354/34/563 2353/34/564 2352/34/563
f 2353/34/564 2354/34/563 2355/34/564
f 2352/34/565 2353/34/566 2354/34/565
f 2355/34/566 2354/34/565 2353/34/566
f 2358/35/565 2357/35/566 2356/35/566
f 2357/35/566 2358/35/565 2359/35/565
f 2356/35/564 2357/35/564 2358/35/563
f 2359/35/563 2358/35/563 2357/35/564
f 2361/36/567 2352/34/563 2360/36/567
f 2352/34/563 2361/36/567 2354/34/563
f 2360/36/568 2352/34/565 2361/36/568
f 2354/34/565 2361/36/568 2352/34/565
f 2355/34/564 2362/36/569 2353/34/564
f 2362/36/569 2355/34/564 2363/36/569
f 2353/34/566 2362/36/570 2355/34/566
f 2363/36/570 2355/34/566 2362/36/570
f 2360/36/567 2364/37/570 2361/36/567
f 2364/37/570 2360/36/567 2365/37/570
f 2361/36/568 2364/37/569 2360/36/568
f 2365/37/569 2360/36/568 2364/37/569
f 2356/35/566 2364/37/570 2365/37/570
f 2364/37/570 2356/35/566 2357/35/566
f 2365/37/569 2364/37/569 2356/35/564
f 2357/35/564 2356/35/564 2364/37/569
f 2365/37/376 2358/35/376 2356/35/376
f 2358/35/376 2365/37/376 2366/37/376
f 2366/37/376 2365/37/376 2360/36/376
f 2366/37/376 2360/36/376 2362/36/376
f 2362/36/376 2360/36/376 2352/34/376
f 2362/36/376 2352/34/376 2353/34/376
f 2356/35/375 2358/35/375 2365/37/375
f 2366/37/375 2365/37/375 2358/35/375
f 2360/36/375 2365/37/375 2366/37/375
f 2362/36/375 2360/36/375 2366/37/375
f 2352/34/375 2360/36/375 2362/36/375
f 2353/34/375 2352/34/375 2362/36/375
f 2367/37/375 2357/35/375 2359/35/375
f 2357/35/375 2367/37/375 2364/37/375
f 2364/37/375 2367/37/375 2363/36/375
f 2364/37/375 2363/36/375 2361/36/375
f 2361/36/375 2363/36/375 2355/34/375
f 2361/36/375 2355/34/375 2354/34/375
f 2359/35/376 2357/35/376 2367/37/376
f 2364/37/376 2367/37/376 2357/35/376
f 2363/36/376 2367/37/376 2364/37/376
f 2361/36/376 2363/36/376 2364/37/376
f 2355/34/376 2363/36/376 2361/36/376
f 2354/34/376 2355/34/376 2361/36/376
f 2366/37/568 2359/35/565 2358/35/565
f 2359/35/565 2366/37/568 2367/37/568
f 2358/35/563 2359/35/563 2366/37/567
f 2367/37/567 2366/37/567 2359/35/563
f 2366/37/568 2363/36/569 2367/37/568
f 2363/36/569 2366/37/568 2362/36/569
f 2367/37/567 2363/36/570 2366/37/567
f 2362/36/570 2366/37/567 2363/36/570
f 2370/38/555 2369/38/556 2368/38/555
f 2369/38/556 2370/38/555 2371/38/556
f 2368/38/557 2369/38/558 2370/38/557
f 2371/38/558 2370/38/557 2369/38/558
f 2374/39/557 2373/39/558 2372/39/558
f 2373/39/558 2374/39/557 2375/39/557
f 2372/39/556 2373/39/556 2374/39/555
f 2375/39/555 2374/39/555 2373/39/556
f 2372/39/558 2377/40/559 2376/40/559
f 2377/40/559 2372/39/558 2373/39/558
f 2376/40/561 2377/40/561 2372/39/556
f 2373/39/556 2372/39/556 2377/40/561
f 2379/41/560 2368/38/555 2378/41/560
f 2368/38/555 2379/41/560 2370/38/555
f 2378/41/562 2368/38/557 2379/41/562
f 2370/38/557 2379/41/562 2368/38/557
f 2382/41/561 2381/40/562 2380/41/561
f 2381/40/562 2382/41/561 2383/40/562
f 2380/41/559 2381/40/560 2382/41/559
f 2383/40/560 2382/41/559 2381/40/560
f 2377/40/559 2378/41/560 2376/40/559
f 2378/41/560 2377/40/559 2379/41/560
f 2376/40/561 2378/41/562 2377/40/561
f 2379/41/562 2377/40/561 2378/41/562
f 2380/41/377 2368/38/377 2369/38/377
f 2368/38/377 2380/41/377 2378/41/377
f 2378/41/377 2380/41/377 2381/40/377
f 2378/41/377 2381/40/377 2376/40/377
f 2376/40/377 2381/40/377 2374/39/377
f 2376/40/377 2374/39/377 2372/39/377
f 2369/38/378 2368/38/378 2380/41/378
f 2378/41/378 2380/41/378 2368/38/378
f 2381/40/378 2380/41/378 2378/41/378
f 2376/40/378 2381/40/378 2378/41/378
f 2374/39/378 2381/40/378 2376/40/378
f 2372/39/378 2374/39/378 2376/40/378
f 2371/38/556 2380/41/561 2369/38/556
f 2380/41/561 2371/38/556 2382/41/561
f 2369/38/558 2380/41/559 2371/38/558
f 2382/41/559 2371/38/558 2380/41/559
f 2379/41/378 2371/38/378 2370/38/378
f 2371/38/378 2379/41/378 2382/41/378
f 2382/41/378 2379/41/378 2377/40/378
f 2382/41/378 2377/40/378 2383/40/378
f 2383/40/378 2377/40/378 2373/39/378
f 2383/40/378 2373/39/378 2375/39/378
f 2370/38/377 2371/38/377 2379/41/377
f 2382/41/377 2379/41/377 2371/38/377
f 2377/40/377 2379/41/377 2382/41/377
f 2383/40/377 2377/40/377 2382/41/377
f 2373/39/377 2377/40/377 2383/40/377
f 2375/39/377 2373/39/377 2383/40/377
f 2381/40/562 2375/39/557 2374/39/557
f 2375/39/557 2381/40/562 2383/40/562
f 2374/39/555 2375/39/555 2381/40/560
f 2383/40/560 2381/40/560 2375/39/555
f 1136/13/336 1353/11/336 1358/13/336
f 1353/11/336 1136/13/336 48/11/336
f 1358/13/335 1353/11/335 1136/13/335
f 48/11/335 1136/13/335 1353/11/335
f 2386/13/609 2385/11/323 2384/11/609
f 2385/11/323 2386/13/609 2387/13/323
f 2384/11/610 2385/11/324 2386/13/610
f 2387/13/324 2386/13/610 2385/11/324
f 1136/13/324 2388/11/324 48/11/324
f 2388/11/324 1136/13/324 1314/13/324
f 48/11/323 2388/11/323 1136/13/323
f 1314/13/323 1136/13/323 2388/11/323
f 2387/13/323 1353/11/611 2385/11/323
f 1353/11/611 2387/13/323 1358/13/611
f 2385/11/324 1353/11/612 2387/13/324
f 1358/13/612 2387/13/324 1353/11/612
f 2388/11/2 1353/11/2 48/11/2
f 1353/11/2 2388/11/2 2385/11/2
f 2385/11/2 2388/11/2 2384/11/2
f 48/11/1 1353/11/1 2388/11/1
f 2385/11/1 2388/11/1 1353/11/1
f 2384/11/1 2388/11/1 2385/11/1
f 1358/13/1 1314/13/1 1136/13/1
f 1314/13/1 1358/13/1 2387/13/1
f 1314/13/1 2387/13/1 2386/13/1
f 1136/13/2 1314/13/2 1358/13/2
f 2387/13/2 1358/13/2 1314/13/2
f 2386/13/2 2387/13/2 1314/13/2
f 2388/11/335 2386/13/335 2384/11/335
f 2386/13/335 2388/11/335 1314/13/335
f 2384/11/336 2386/13/336 2388/11/336
f 1314/13/336 2388/11/336 2386/13/336
f 2391/12/419 2390/11/323 2389/11/419
f 2390/11/323 2391/12/419 2392/12/323
f 2389/11/420 2390/11/324 2391/12/420
f 2392/12/324 2391/12/420 2390/11/324
f 2392/12/323 2393/11/421 2390/11/323
f 2393/11/421 2392/12/323 2394/12/421
f 2390/11/324 2393/11/422 2392/12/324
f 2394/12/422 2392/12/324 2393/11/422
f 2395/12/336 2393/11/336 2394/12/336
f 2393/11/336 2395/12/336 2396/11/336
f 2394/12/335 2393/11/335 2395/12/335
f 2396/11/335 2395/12/335 2393/11/335
f 2394/12/1 2397/12/1 2395/12/1
f 2397/12/1 2394/12/1 2392/12/1
f 2397/12/1 2392/12/1 2391/12/1
f 2395/12/2 2397/12/2 2394/12/2
f 2392/12/2 2394/12/2 2397/12/2
f 2391/12/2 2392/12/2 2397/12/2
f 2395/12/324 2398/11/324 2396/11/324
f 2398/11/324 2395/12/324 2397/12/324
f 2396/11/323 2398/11/323 2395/12/323
f 2397/12/323 2395/12/323 2398/11/323
f 2398/11/335 2391/12/335 2389/11/335
f 2391/12/335 2398/11/335 2397/12/335
f 2389/11/336 2391/12/336 2398/11/336
f 2397/12/336 2398/11/336 2391/12/336
f 2401/30/613 2400/30/614 2399/30/613
f 2400/30/614 2401/30/613 2402/30/614
f 2399/30/615 2400/30/616 2401/30/615
f 2402/30/616 2401/30/615 2400/30/616
f 2405/31/615 2404/31/616 2403/31/616
f 2404/31/616 2405/31/615 2406/31/615
f 2403/31/614 2404/31/614 2405/31/613
f 2406/31/613 2405/31/613 2404/31/614
f 2409/32/617 2408/33/618 2407/32/617
f 2408/33/618 2409/32/617 2410/33/618
f 2407/32/619 2408/33/620 2409/32/619
f 2410/33/620 2409/32/619 2408/33/620
f 2413/33/619 2412/32/620 2411/33/619
f 2412/32/620 2413/33/619 2414/32/620
f 2411/33/617 2412/32/618 2413/33/617
f 2414/32/618 2413/33/617 2412/32/618
f 2403/31/616 2409/32/617 2407/32/617
f 2409/32/617 2403/31/616 2404/31/616
f 2407/32/619 2409/32/619 2403/31/614
f 2404/31/614 2403/31/614 2409/32/619
f 2410/33/618 2399/30/613 2408/33/618
f 2399/30/613 2410/33/618 2401/30/613
f 2408/33/620 2399/30/615 2410/33/620
f 2401/30/615 2410/33/620 2399/30/615
f 2411/33/421 2399/30/421 2400/30/421
f 2399/30/421 2411/33/421 2408/33/421
f 2408/33/421 2411/33/421 2412/32/421
f 2408/33/421 2412/32/421 2407/32/421
f 2407/32/421 2412/32/421 2405/31/421
f 2407/32/421 2405/31/421 2403/31/421
f 2400/30/422 2399/30/422 2411/33/422
f 2408/33/422 2411/33/422 2399/30/422
f 2412/32/422 2411/33/422 2408/33/422
f 2407/32/422 2412/32/422 2408/33/422
f 2405/31/422 2412/32/422 2407/32/422
f 2403/31/422 2405/31/422 2407/32/422
f 2410/33/422 2402/30/422 2401/30/422
f 2402/30/422 2410/33/422 2413/33/422
f 2413/33/422 2410/33/422 2409/32/422
f 2413/33/422 2409/32/422 2414/32/422
f 2414/32/422 2409/32/422 2404/31/422
f 2414/32/422 2404/31/422 2406/31/422
f 2401/30/421 2402/30/421 2410/33/421
f 2413/33/421 2410/33/421 2402/30/421
f 2409/32/421 2410/33/421 2413/33/421
f 2414/32/421 2409/32/421 2413/33/421
f 2404/31/421 2409/32/421 2414/32/421
f 2406/31/421 2404/31/421 2414/32/421
f 2402/30/614 2411/33/619 2400/30/614
f 2411/33/619 2402/30/614 2413/33/619
f 2400/30/616 2411/33/617 2402/30/616
f 2413/33/617 2402/30/616 2411/33/617
f 2412/32/620 2406/31/615 2405/31/615
f 2406/31/615 2412/32/620 2414/32/620
f 2405/31/613 2406/31/613 2412/32/618
f 2414/32/618 2412/32/618 2406/31/613
f 2417/34/621 2416/34/622 2415/34/621
f 2416/34/622 2417/34/621 2418/34/622
f 2415/34/623 2416/34/624 2417/34/623
f 2418/34/624 2417/34/623 2416/34/624
f 2421/35/623 2420/35/624 2419/35/624
f 2420/35/624 2421/35/623 2422/35/623
f 2419/35/622 2420/35/622 2421/35/621
f 2422/35/621 2421/35/621 2420/35/622
f 2424/36/625 2415/34/621 2423/36/625
f 2415/34/621 2424/36/625 2417/34/621
f 2423/36/626 2415/34/623 2424/36/626
f 2417/34/623 2424/36/626 2415/34/623
f 2418/34/622 2425/36/627 2416/34/622
f 2425/36/627 2418/34/622 2426/36/627
f 2416/34/624 2425/36/628 2418/34/624
f 2426/36/628 2418/34/624 2425/36/628
f 2423/36/625 2427/37/628 2424/36/625
f 2427/37/628 2423/36/625 2428/37/628
f 2424/36/626 2427/37/627 2423/36/626
f 2428/37/627 2423/36/626 2427/37/627
f 2419/35/624 2427/37/628 2428/37/628
f 2427/37/628 2419/35/624 2420/35/624
f 2428/37/627 2427/37/627 2419/35/622
f 2420/35/622 2419/35/622 2427/37/627
f 2428/37/420 2421/35/420 2419/35/420
f 2421/35/420 2428/37/420 2429/37/420
f 2429/37/420 2428/37/420 2423/36/420
f 2429/37/420 2423/36/420 2425/36/420
f 2425/36/420 2423/36/420 2415/34/420
f 2425/36/420 2415/34/420 2416/34/420
f 2419/35/419 2421/35/419 2428/37/419
f 2429/37/419 2428/37/419 2421/35/419
f 2423/36/419 2428/37/419 2429/37/419
f 2425/36/419 2423/36/419 2429/37/419
f 2415/34/419 2423/36/419 2425/36/419
f 2416/34/419 2415/34/419 2425/36/419
f 2430/37/419 2420/35/419 2422/35/419
f 2420/35/419 2430/37/419 2427/37/419
f 2427/37/419 2430/37/419 2426/36/419
f 2427/37/419 2426/36/419 2424/36/419
f 2424/36/419 2426/36/419 2418/34/419
f 2424/36/419 2418/34/419 2417/34/419
f 2422/35/420 2420/35/420 2430/37/420
f 2427/37/420 2430/37/420 2420/35/420
f 2426/36/420 2430/37/420 2427/37/420
f 2424/36/420 2426/36/420 2427/37/420
f 2418/34/420 2426/36/420 2424/36/420
f 2417/34/420 2418/34/420 2424/36/420
f 2429/37/626 2422/35/623 2421/35/623
f 2422/35/623 2429/37/626 2430/37/626
f 2421/35/621 2422/35/621 2429/37/625
f 2430/37/625 2429/37/625 2422/35/621
f 2429/37/626 2426/36/627 2430/37/626
f 2426/36/627 2429/37/626 2425/36/627
f 2430/37/625 2426/36/628 2429/37/625
f 2425/36/628 2429/37/625 2426/36/628
f 2433/38/613 2432/38/614 2431/38/613
f 2432/38/614 2433/38/613 2434/38/614
f 2431/38/615 2432/38/616 2433/38/615
f 2434/38/616 2433/38/615 2432/38/616
f 2437/39/615 2436/39/616 2435/39/616
f 2436/39/616 2437/39/615 2438/39/615
f 2435/39/614 2436/39/614 2437/39/613
f 2438/39/613 2437/39/613 2436/39/614
f 2435/39/616 2440/40/617 2439/40/617
f 2440/40/617 2435/39/616 2436/39/616
f 2439/40/619 2440/40/619 2435/39/614
f 2436/39/614 2435/39/614 2440/40/619
f 2442/41/618 2431/38/613 2441/41/618
f 2431/38/613 2442/41/618 2433/38/613
f 2441/41/620 2431/38/615 2442/41/620
f 2433/38/615 2442/41/620 2431/38/615
f 2445/41/619 2444/40/620 2443/41/619
f 2444/40/620 2445/41/619 2446/40/620
f 2443/41/617 2444/40/618 2445/41/617
f 2446/40/618 2445/41/617 2444/40/618
f 2440/40/617 2441/41/618 2439/40/617
f 2441/41/618 2440/40/617 2442/41/618
f 2439/40/619 2441/41/620 2440/40/619
f 2442/41/620 2440/40/619 2441/41/620
f 2443/41/421 2431/38/421 2432/38/421
f 2431/38/421 2443/41/421 2441/41/421
f 2441/41/421 2443/41/421 2444/40/421
f 2441/41/421 2444/40/421 2439/40/421
f 2439/40/421 2444/40/421 2437/39/421
f 2439/40/421 2437/39/421 2435/39/421
f 2432/38/422 2431/38/422 2443/41/422
f 2441/41/422 2443/41/422 2431/38/422
f 2444/40/422 2443/41/422 2441/41/422
f 2439/40/422 2444/40/422 2441/41/422
f 2437/39/422 2444/40/422 2439/40/422
f 2435/39/422 2437/39/422 2439/40/422
f 2434/38/614 2443/41/619 2432/38/614
f 2443/41/619 2434/38/614 2445/41/619
f 2432/38/616 2443/41/617 2434/38/616
f 2445/41/617 2434/38/616 2443/41/617
f 2442/41/422 2434/38/422 2433/38/422
f 2434/38/422 2442/41/422 2445/41/422
f 2445/41/422 2442/41/422 2440/40/422
f 2445/41/422 2440/40/422 2446/40/422
f 2446/40/422 2440/40/422 2436/39/422
f 2446/40/422 2436/39/422 2438/39/422
f 2433/38/421 2434/38/421 2442/41/421
f 2445/41/421 2442/41/421 2434/38/421
f 2440/40/421 2442/41/421 2445/41/421
f 2446/40/421 2440/40/421 2445/41/421
f 2436/39/421 2440/40/421 2446/40/421
f 2438/39/421 2436/39/421 2446/40/421
f 2444/40/620 2438/39/615 2437/39/615
f 2438/39/615 2444/40/620 2446/40/620
f 2437/39/613 2438/39/613 2444/40/618
f 2446/40/618 2444/40/618 2438/39/613
f 1316/12/1 1317/12/1 1318/12/1
f 1317/12/1 1316/12/1 1319/12/1
f 1317/12/1 1319/12/1 1320/12/1
f 1320/12/1 1319/12/1 1321/12/1
f 1320/12/1 1321/12/1 1322/12/1
f 1322/12/1 1321/12/1 1323/12/1
f 1318/12/374 1324/11/427 1316/12/427
f 1324/11/427 1318/12/374 1325/11/374
f 1319/12/371 1324/11/428 1326/11/371
f 1324/11/428 1319/12/371 1316/12/428
f 1321/12/429 1326/11/371 1327/11/429
f 1326/11/371 1321/12/429 1319/12/371
f 1328/11/373 1321/12/430 1327/11/430
f 1321/12/430 1328/11/373 1323/12/373
f 1329/11/423 1323/12/373 1328/11/373
f 1323/12/373 1329/11/423 1322/12/423
f 1320/12/372 1329/11/424 1330/11/372
f 1329/11/424 1320/12/372 1322/12/424
f 1317/12/425 1330/11/372 1331/11/425
f 1330/11/372 1317/12/425 1320/12/372
f 1317/12/426 1325/11/374 1318/12/374
f 1325/11/374 1317/12/426 1331/11/426
f 2449/54/629 2448/54/629 2447/54/629
f 2448/54/629 2449/54/629 2450/54/629
f 2450/54/629 2449/54/629 2451/54/629
f 2450/54/629 2451/54/629 2452/54/629
f 2452/54/629 2451/54/629 2453/54/629
f 2452/54/629 2453/54/629 2454/54/629
f 2447/54/630 2448/54/630 2449/54/630
f 2450/54/630 2449/54/630 2448/54/630
f 2451/54/630 2449/54/630 2450/54/630
f 2452/54/630 2451/54/630 2450/54/630
f 2453/54/630 2451/54/630 2452/54/630
f 2454/54/630 2453/54/630 2452/54/630
f 2457/55/630 2456/55/630 2455/55/630
f 2456/55/630 2457/55/630 2458/55/630
f 2456/55/630 2458/55/630 2459/55/630
f 2459/55/630 2458/55/630 2460/55/630
f 2459/55/630 2460/55/630 2461/55/630
f 2461/55/630 2460/55/630 2462/55/630
f 2455/55/629 2456/55/629 2457/55/629
f 2458/55/629 2457/55/629 2456/55/629
f 2459/55/629 2458/55/629 2456/55/629
f 2460/55/629 2458/55/629 2459/55/629
f 2461/55/629 2460/55/629 2459/55/629
f 2462/55/629 2460/55/629 2461/55/629
f 2455/55/632 2448/54/631 2457/55/631
f 2448/54/631 2455/55/632 2447/54/632
f 2457/55/634 2448/54/634 2455/55/633
f 2447/54/633 2455/55/633 2448/54/634
f 2458/55/329 2448/54/635 2450/54/329
f 2448/54/635 2458/55/329 2457/55/635
f 2450/54/330 2448/54/636 2458/55/330
f 2457/55/636 2458/55/330 2448/54/636
f 2460/55/637 2450/54/329 2452/54/637
f 2450/54/329 2460/55/637 2458/55/329
f 2452/54/638 2450/54/330 2460/55/638
f 2458/55/330 2460/55/638 2450/54/330
f 2454/54/633 2460/55/639 2452/54/639
f 2460/55/639 2454/54/633 2462/55/633
f 2452/54/640 2460/55/640 2454/54/632
f 2462/55/632 2454/54/632 2460/55/640
f 2453/54/634 2462/55/633 2454/54/633
f 2462/55/633 2453/54/634 2461/55/634
f 2454/54/632 2462/55/632 2453/54/631
f 2461/55/631 2453/54/631 2462/55/632
f 2459/55/330 2453/54/636 2451/54/330
f 2453/54/636 2459/55/330 2461/55/636
f 2451/54/329 2453/54/635 2459/55/329
f 2461/55/635 2459/55/329 2453/54/635
f 2456/55/638 2451/54/330 2449/54/638
f 2451/54/330 2456/55/638 2459/55/330
f 2449/54/637 2451/54/329 2456/55/637
f 2459/55/329 2456/55/637 2451/54/329
f 2456/55/640 2447/54/632 2455/55/632
f 2447/54/632 2456/55/640 2449/54/640
f 2455/55/633 2447/54/633 2456/55/639
f 2449/54/639 2456/55/639 2447/54/633
f 2465/55/630 2464/55/630 2463/55/630
f 2464/55/630 2465/55/630 2466/55/630
f 2464/55/630 2466/55/630 2467/55/630
f 2467/55/630 2466/55/630 2468/55/630
f 2468/55/630 2466/55/630 2469/55/630
f 2468/55/630 2469/55/630 2470/55/630
f 2463/55/629 2464/55/629 2465/55/629
f 2466/55/629 2465/55/629 2464/55/629
f 2467/55/629 2466/55/629 2464/55/629
f 2468/55/629 2466/55/629 2467/55/629
f 2469/55/629 2466/55/629 2468/55/629
f 2470/55/629 2469/55/629 2468/55/629
f 2463/55/632 2471/54/631 2465/55/631
f 2471/54/631 2463/55/632 2472/54/632
f 2465/55/634 2471/54/634 2463/55/633
f 2472/54/633 2463/55/633 2471/54/634
f 2466/55/329 2471/54/635 2473/54/329
f 2471/54/635 2466/55/329 2465/55/635
f 2473/54/330 2471/54/636 2466/55/330
f 2465/55/636 2466/55/330 2471/54/636
f 2469/55/637 2473/54/329 2474/54/637
f 2473/54/329 2469/55/637 2466/55/329
f 2474/54/638 2473/54/330 2469/55/638
f 2466/55/330 2469/55/638 2473/54/330
f 2475/54/633 2469/55/639 2474/54/639
f 2469/55/639 2475/54/633 2470/55/633
f 2474/54/640 2469/55/640 2475/54/632
f 2470/55/632 2475/54/632 2469/55/640
f 2476/54/634 2470/55/633 2475/54/633
f 2470/55/633 2476/54/634 2468/55/634
f 2475/54/632 2470/55/632 2476/54/631
f 2468/55/631 2476/54/631 2470/55/632
f 2467/55/330 2476/54/636 2477/54/330
f 2476/54/636 2467/55/330 2468/55/636
f 2477/54/329 2476/54/635 2467/55/329
f 2468/55/635 2467/55/329 2476/54/635
f 2464/55/638 2477/54/330 2478/54/638
f 2477/54/330 2464/55/638 2467/55/330
f 2478/54/637 2477/54/329 2464/55/637
f 2467/55/329 2464/55/637 2477/54/329
f 2464/55/640 2472/54/632 2463/55/632
f 2472/54/632 2464/55/640 2478/54/640
f 2463/55/633 2472/54/633 2464/55/639
f 2478/54/639 2464/55/639 2472/54/633
f 2481/57/641 2480/56/642 2479/56/641
f 2480/56/642 2481/57/641 2482/57/642
f 2479/56/643 2480/56/644 2481/57/643
f 2482/57/644 2481/57/643 2480/56/644
f 2485/56/645 2484/57/646 2483/57/645
f 2484/57/646 2485/56/645 2486/56/646
f 2483/57/647 2484/57/648 2485/56/647
f 2486/56/648 2485/56/647 2484/57/648
f 2488/57/649 2479/56/641 2487/56/649
f 2479/56/641 2488/57/649 2481/57/641
f 2487/56/650 2479/56/643 2488/57/650
f 2481/57/643 2488/57/650 2479/56/643
f 2491/57/651 2490/56/652 2489/56/651
f 2490/56/652 2491/57/651 2492/57/652
f 2489/56/653 2490/56/654 2491/57/653
f 2492/57/654 2491/57/653 2490/56/654
f 2491/57/651 2480/56/655 2482/57/655
f 2480/56/655 2491/57/651 2489/56/651
f 2482/57/656 2480/56/656 2491/57/653
f 2489/56/653 2491/57/653 2480/56/656
f 2494/57/657 2486/56/658 2493/56/657
f 2486/56/658 2494/57/657 2484/57/658
f 2493/56/659 2486/56/660 2494/57/659
f 2484/57/660 2494/57/659 2486/56/660
f 2492/57/661 2493/56/657 2490/56/661
f 2493/56/657 2492/57/661 2494/57/657
f 2490/56/662 2493/56/659 2492/57/662
f 2494/57/659 2492/57/662 2493/56/659
f 2487/56/663 2483/57/645 2488/57/663
f 2483/57/645 2487/56/663 2485/56/645
f 2488/57/664 2483/57/647 2487/56/664
f 2485/56/647 2487/56/664 2483/57/647
f 2497/54/2 2496/54/2 2495/54/2
f 2496/54/2 2497/54/2 2498/54/2
f 2498/54/2 2497/54/2 2499/54/2
f 2498/54/2 2499/54/2 2500/54/2
f 2500/54/2 2499/54/2 2501/54/2
f 2500/54/2 2501/54/2 2502/54/2
f 2495/54/1 2496/54/1 2497/54/1
f 2498/54/1 2497/54/1 2496/54/1
f 2499/54/1 2497/54/1 2498/54/1
f 2500/54/1 2499/54/1 2498/54/1
f 2501/54/1 2499/54/1 2500/54/1
f 2502/54/1 2501/54/1 2500/54/1
f 2505/55/1 2504/55/1 2503/55/1
f 2504/55/1 2505/55/1 2506/55/1
f 2504/55/1 2506/55/1 2507/55/1
f 2507/55/1 2506/55/1 2508/55/1
f 2507/55/1 2508/55/1 2509/55/1
f 2509/55/1 2508/55/1 2510/55/1
f 2503/55/2 2504/55/2 2505/55/2
f 2506/55/2 2505/55/2 2504/55/2
f 2507/55/2 2506/55/2 2504/55/2
f 2508/55/2 2506/55/2 2507/55/2
f 2509/55/2 2508/55/2 2507/55/2
f 2510/55/2 2508/55/2 2509/55/2
f 2503/55/666 2496/54/665 2505/55/665
f 2496/54/665 2503/55/666 2495/54/666
f 2505/55/668 2496/54/668 2503/55/667
f 2495/54/667 2503/55/667 2496/54/668
f 2506/55/669 2496/54/670 2498/54/669
f 2496/54/670 2506/55/669 2505/55/670
f 2498/54/671 2496/54/672 2506/55/671
f 2505/55/672 2506/55/671 2496/54/672
f 2508/55/673 2498/54/669 2500/54/673
f 2498/54/669 2508/55/673 2506/55/669
f 2500/54/674 2498/54/671 2508/55/674
f 2506/55/671 2508/55/674 2498/54/671
f 2502/54/667 2508/55/675 2500/54/675
f 2508/55/675 2502/54/667 2510/55/667
f 2500/54/676 2508/55/676 2502/54/666
f 2510/55/666 2502/54/666 2508/55/676
f 2501/54/668 2510/55/667 2502/54/667
f 2510/55/667 2501/54/668 2509/55/668
f 2502/54/666 2510/55/666 2501/54/665
f 2509/55/665 2501/54/665 2510/55/666
f 2507/55/671 2501/54/672 2499/54/671
f 2501/54/672 2507/55/671 2509/55/672
f 2499/54/669 2501/54/670 2507/55/669
f 2509/55/670 2507/55/669 2501/54/670
f 2504/55/674 2499/54/671 2497/54/674
f 2499/54/671 2504/55/674 2507/55/671
f 2497/54/673 2499/54/669 2504/55/673
f 2507/55/669 2504/55/673 2499/54/669
f 2504/55/676 2495/54/666 2503/55/666
f 2495/54/666 2504/55/676 2497/54/676
f 2503/55/667 2495/54/667 2504/55/675
f 2497/54/675 2504/55/675 2495/54/667
f 2513/55/1 2512/55/1 2511/55/1
f 2512/55/1 2513/55/1 2514/55/1
f 2512/55/1 2514/55/1 2515/55/1
f 2515/55/1 2514/55/1 2516/55/1
f 2516/55/1 2514/55/1 2517/55/1
f 2516/55/1 2517/55/1 2518/55/1
f 2511/55/2 2512/55/2 2513/55/2
f 2514/55/2 2513/55/2 2512/55/2
f 2515/55/2 2514/55/2 2512/55/2
f 2516/55/2 2514/55/2 2515/55/2
f 2517/55/2 2514/55/2 2516/55/2
f 2518/55/2 2517/55/2 2516/55/2
f 2511/55/666 2519/54/665 2513/55/665
f 2519/54/665 2511/55/666 2520/54/666
f 2513/55/668 2519/54/668 2511/55/667
f 2520/54/667 2511/55/667 2519/54/668
f 2514/55/669 2519/54/670 2521/54/669
f 2519/54/670 2514/55/669 2513/55/670
f 2521/54/671 2519/54/672 2514/55/671
f 2513/55/672 2514/55/671 2519/54/672
f 2517/55/673 2521/54/669 2522/54/673
f 2521/54/669 2517/55/673 2514/55/669
f 2522/54/674 2521/54/671 2517/55/674
f 2514/55/671 2517/55/674 2521/54/671
f 2523/54/667 2517/55/675 2522/54/675
f 2517/55/675 2523/54/667 2518/55/667
f 2522/54/676 2517/55/676 2523/54/666
f 2518/55/666 2523/54/666 2517/55/676
f 2524/54/668 2518/55/667 2523/54/667
f 2518/55/667 2524/54/668 2516/55/668
f 2523/54/666 2518/55/666 2524/54/665
f 2516/55/665 2524/54/665 2518/55/666
f 2515/55/671 2524/54/672 2525/54/671
f 2524/54/672 2515/55/671 2516/55/672
f 2525/54/669 2524/54/670 2515/55/669
f 2516/55/670 2515/55/669 2524/54/670
f 2512/55/674 2525/54/671 2526/54/674
f 2525/54/671 2512/55/674 2515/55/671
f 2526/54/673 2525/54/669 2512/55/673
f 2515/55/669 2512/55/673 2525/54/669
f 2512/55/676 2520/54/666 2511/55/666
f 2520/54/666 2512/55/676 2526/54/676
f 2511/55/667 2520/54/667 2512/55/675
f 2526/54/675 2512/55/675 2520/54/667
f 2529/57/677 2528/56/678 2527/56/677
f 2528/56/678 2529/57/677 2530/57/678
f 2527/56/679 2528/56/680 2529/57/679
f 2530/57/680 2529/57/679 2528/56/680
f 2533/56/681 2532/57/682 2531/57/681
f 2532/57/682 2533/56/681 2534/56/682
f 2531/57/683 2532/57/684 2533/56/683
f 2534/56/684 2533/56/683 2532/57/684
f 2536/57/685 2527/56/677 2535/56/685
f 2527/56/677 2536/57/685 2529/57/677
f 2535/56/686 2527/56/679 2536/57/686
f 2529/57/679 2536/57/686 2527/56/679
f 2539/57/687 2538/56/688 2537/56/687
f 2538/56/688 2539/57/687 2540/57/688
f 2537/56/689 2538/56/690 2539/57/689
f 2540/57/690 2539/57/689 2538/56/690
f 2539/57/687 2528/56/691 2530/57/691
f 2528/56/691 2539/57/687 2537/56/687
f 2530/57/692 2528/56/692 2539/57/689
f 2537/56/689 2539/57/689 2528/56/692
f 2542/57/693 2534/56/694 2541/56/693
f 2534/56/694 2542/57/693 2532/57/694
f 2541/56/695 2534/56/696 2542/57/695
f 2532/57/696 2542/57/695 2534/56/696
f 2540/57/697 2541/56/693 2538/56/697
f 2541/56/693 2540/57/697 2542/57/693
f 2538/56/698 2541/56/695 2540/57/698
f 2542/57/695 2540/57/698 2541/56/695
f 2535/56/699 2531/57/681 2536/57/699
f 2531/57/681 2535/56/699 2533/56/681
f 2536/57/700 2531/57/683 2535/56/700
f 2533/56/683 2535/56/700 2531/57/683
f 2545/54/629 2544/54/629 2543/54/629
f 2544/54/629 2545/54/629 2546/54/629
f 2546/54/629 2545/54/629 2547/54/629
f 2546/54/629 2547/54/629 2548/54/629
f 2548/54/629 2547/54/629 2549/54/629
f 2548/54/629 2549/54/629 2550/54/629
f 2543/54/630 2544/54/630 2545/54/630
f 2546/54/630 2545/54/630 2544/54/630
f 2547/54/630 2545/54/630 2546/54/630
f 2548/54/630 2547/54/630 2546/54/630
f 2549/54/630 2547/54/630 2548/54/630
f 2550/54/630 2549/54/630 2548/54/630
f 2553/55/630 2552/55/630 2551/55/630
f 2552/55/630 2553/55/630 2554/55/630
f 2552/55/630 2554/55/630 2555/55/630
f 2555/55/630 2554/55/630 2556/55/630
f 2555/55/630 2556/55/630 2557/55/630
f 2557/55/630 2556/55/630 2558/55/630
f 2551/55/629 2552/55/629 2553/55/629
f 2554/55/629 2553/55/629 2552/55/629
f 2555/55/629 2554/55/629 2552/55/629
f 2556/55/629 2554/55/629 2555/55/629
f 2557/55/629 2556/55/629 2555/55/629
f 2558/55/629 2556/55/629 2557/55/629
f 2551/55/702 2544/54/701 2553/55/701
f 2544/54/701 2551/55/702 2543/54/702
f 2553/55/704 2544/54/704 2551/55/703
f 2543/54/703 2551/55/703 2544/54/704
f 2554/55/705 2544/54/706 2546/54/705
f 2544/54/706 2554/55/705 2553/55/706
f 2546/54/707 2544/54/708 2554/55/707
f 2553/55/708 2554/55/707 2544/54/708
f 2556/55/709 2546/54/705 2548/54/709
f 2546/54/705 2556/55/709 2554/55/705
f 2548/54/710 2546/54/707 2556/55/710
f 2554/55/707 2556/55/710 2546/54/707
f 2550/54/703 2556/55/711 2548/54/711
f 2556/55/711 2550/54/703 2558/55/703
f 2548/54/712 2556/55/712 2550/54/702
f 2558/55/702 2550/54/702 2556/55/712
f 2549/54/704 2558/55/703 2550/54/703
f 2558/55/703 2549/54/704 2557/55/704
f 2550/54/702 2558/55/702 2549/54/701
f 2557/55/701 2549/54/701 2558/55/702
f 2555/55/707 2549/54/708 2547/54/707
f 2549/54/708 2555/55/707 2557/55/708
f 2547/54/705 2549/54/706 2555/55/705
f 2557/55/706 2555/55/705 2549/54/706
f 2552/55/710 2547/54/707 2545/54/710
f 2547/54/707 2552/55/710 2555/55/707
f 2545/54/709 2547/54/705 2552/55/709
f 2555/55/705 2552/55/709 2547/54/705
f 2552/55/712 2543/54/702 2551/55/702
f 2543/54/702 2552/55/712 2545/54/712
f 2551/55/703 2543/54/703 2552/55/711
f 2545/54/711 2552/55/711 2543/54/703
f 2561/55/630 2560/55/630 2559/55/630
f 2560/55/630 2561/55/630 2562/55/630
f 2560/55/630 2562/55/630 2563/55/630
f 2563/55/630 2562/55/630 2564/55/630
f 2564/55/630 2562/55/630 2565/55/630
f 2564/55/630 2565/55/630 2566/55/630
f 2559/55/629 2560/55/629 2561/55/629
f 2562/55/629 2561/55/629 2560/55/629
f 2563/55/629 2562/55/629 2560/55/629
f 2564/55/629 2562/55/629 2563/55/629
f 2565/55/629 2562/55/629 2564/55/629
f 2566/55/629 2565/55/629 2564/55/629
f 2559/55/702 2567/54/701 2561/55/701
f 2567/54/701 2559/55/702 2568/54/702
f 2561/55/704 2567/54/704 2559/55/703
f 2568/54/703 2559/55/703 2567/54/704
f 2562/55/705 2567/54/706 2569/54/705
f 2567/54/706 2562/55/705 2561/55/706
f 2569/54/707 2567/54/708 2562/55/707
f 2561/55/708 2562/55/707 2567/54/708
f 2565/55/709 2569/54/705 2570/54/709
f 2569/54/705 2565/55/709 2562/55/705
f 2570/54/710 2569/54/707 2565/55/710
f 2562/55/707 2565/55/710 2569/54/707
f 2571/54/703 2565/55/711 2570/54/711
f 2565/55/711 2571/54/703 2566/55/703
f 2570/54/712 2565/55/712 2571/54/702
f 2566/55/702 2571/54/702 2565/55/712
f 2572/54/704 2566/55/703 2571/54/703
f 2566/55/703 2572/54/704 2564/55/704
f 2571/54/702 2566/55/702 2572/54/701
f 2564/55/701 2572/54/701 2566/55/702
f 2563/55/707 2572/54/708 2573/54/707
f 2572/54/708 2563/55/707 2564/55/708
f 2573/54/705 2572/54/706 2563/55/705
f 2564/55/706 2563/55/705 2572/54/706
f 2560/55/710 2573/54/707 2574/54/710
f 2573/54/707 2560/55/710 2563/55/707
f 2574/54/709 2573/54/705 2560/55/709
f 2563/55/705 2560/55/709 2573/54/705
f 2560/55/712 2568/54/702 2559/55/702
f 2568/54/702 2560/55/712 2574/54/712
f 2559/55/703 2568/54/703 2560/55/711
f 2574/54/711 2560/55/711 2568/54/703
f 2577/57/713 2576/56/714 2575/56/713
f 2576/56/714 2577/57/713 2578/57/714
f 2575/56/715 2576/56/716 2577/57/715
f 2578/57/716 2577/57/715 2576/56/716
f 2581/56/717 2580/57/718 2579/57/717
f 2580/57/718 2581/56/717 2582/56/718
f 2579/57/719 2580/57/720 2581/56/719
f 2582/56/720 2581/56/719 2580/57/720
f 2584/57/721 2575/56/713 2583/56/721
f 2575/56/713 2584/57/721 2577/57/713
f 2583/56/722 2575/56/715 2584/57/722
f 2577/57/715 2584/57/722 2575/56/715
f 2587/57/723 2586/56/724 2585/56/723
f 2586/56/724 2587/57/723 2588/57/724
f 2585/56/725 2586/56/726 2587/57/725
f 2588/57/726 2587/57/725 2586/56/726
f 2587/57/723 2576/56/727 2578/57/727
f 2576/56/727 2587/57/723 2585/56/723
f 2578/57/728 2576/56/728 2587/57/725
f 2585/56/725 2587/57/725 2576/56/728
f 2590/57/729 2582/56/730 2589/56/729
f 2582/56/730 2590/57/729 2580/57/730
f 2589/56/731 2582/56/732 2590/57/731
f 2580/57/732 2590/57/731 2582/56/732
f 2588/57/733 2589/56/729 2586/56/733
f 2589/56/729 2588/57/733 2590/57/729
f 2586/56/734 2589/56/731 2588/57/734
f 2590/57/731 2588/57/734 2589/56/731
f 2583/56/735 2579/57/717 2584/57/735
f 2579/57/717 2583/56/735 2581/56/717
f 2584/57/736 2579/57/719 2583/56/736
f 2581/56/719 2583/56/736 2579/57/719
f 2593/54/2 2592/54/2 2591/54/2
f 2592/54/2 2593/54/2 2594/54/2
f 2594/54/2 2593/54/2 2595/54/2
f 2594/54/2 2595/54/2 2596/54/2
f 2596/54/2 2595/54/2 2597/54/2
f 2596/54/2 2597/54/2 2598/54/2
f 2591/54/1 2592/54/1 2593/54/1
f 2594/54/1 2593/54/1 2592/54/1
f 2595/54/1 2593/54/1 2594/54/1
f 2596/54/1 2595/54/1 2594/54/1
f 2597/54/1 2595/54/1 2596/54/1
f 2598/54/1 2597/54/1 2596/54/1
f 2601/55/1 2600/55/1 2599/55/1
f 2600/55/1 2601/55/1 2602/55/1
f 2600/55/1 2602/55/1 2603/55/1
f 2603/55/1 2602/55/1 2604/55/1
f 2603/55/1 2604/55/1 2605/55/1
f 2605/55/1 2604/55/1 2606/55/1
f 2599/55/2 2600/55/2 2601/55/2
f 2602/55/2 2601/55/2 2600/55/2
f 2603/55/2 2602/55/2 2600/55/2
f 2604/55/2 2602/55/2 2603/55/2
f 2605/55/2 2604/55/2 2603/55/2
f 2606/55/2 2604/55/2 2605/55/2
f 2599/55/667 2592/54/668 2601/55/668
f 2592/54/668 2599/55/667 2591/54/667
f 2601/55/665 2592/54/665 2599/55/666
f 2591/54/666 2599/55/666 2592/54/665
f 2602/55/671 2592/54/672 2594/54/671
f 2592/54/672 2602/55/671 2601/55/672
f 2594/54/669 2592/54/670 2602/55/669
f 2601/55/670 2602/55/669 2592/54/670
f 2604/55/674 2594/54/671 2596/54/674
f 2594/54/671 2604/55/674 2602/55/671
f 2596/54/673 2594/54/669 2604/55/673
f 2602/55/669 2604/55/673 2594/54/669
f 2598/54/666 2604/55/676 2596/54/676
f 2604/55/676 2598/54/666 2606/55/666
f 2596/54/675 2604/55/675 2598/54/667
f 2606/55/667 2598/54/667 2604/55/675
f 2597/54/665 2606/55/666 2598/54/666
f 2606/55/666 2597/54/665 2605/55/665
f 2598/54/667 2606/55/667 2597/54/668
f 2605/55/668 2597/54/668 2606/55/667
f 2603/55/669 2597/54/670 2595/54/669
f 2597/54/670 2603/55/669 2605/55/670
f 2595/54/671 2597/54/672 2603/55/671
f 2605/55/672 2603/55/671 2597/54/672
f 2600/55/673 2595/54/669 2593/54/673
f 2595/54/669 2600/55/673 2603/55/669
f 2593/54/674 2595/54/671 2600/55/674
f 2603/55/671 2600/55/674 2595/54/671
f 2600/55/675 2591/54/667 2599/55/667
f 2591/54/667 2600/55/675 2593/54/675
f 2599/55/666 2591/54/666 2600/55/676
f 2593/54/676 2600/55/676 2591/54/666
f 2609/55/1 2608/55/1 2607/55/1
f 2608/55/1 2609/55/1 2610/55/1
f 2608/55/1 2610/55/1 2611/55/1
f 2611/55/1 2610/55/1 2612/55/1
f 2612/55/1 2610/55/1 2613/55/1
f 2612/55/1 2613/55/1 2614/55/1
f 2607/55/2 2608/55/2 2609/55/2
f 2610/55/2 2609/55/2 2608/55/2
f 2611/55/2 2610/55/2 2608/55/2
f 2612/55/2 2610/55/2 2611/55/2
f 2613/55/2 2610/55/2 2612/55/2
f 2614/55/2 2613/55/2 2612/55/2
f 2607/55/667 2615/54/668 2609/55/668
f 2615/54/668 2607/55/667 2616/54/667
f 2609/55/665 2615/54/665 2607/55/666
f 2616/54/666 2607/55/666 2615/54/665
f 2610/55/671 2615/54/672 2617/54/671
f 2615/54/672 2610/55/671 2609/55/672
f 2617/54/669 2615/54/670 2610/55/669
f 2609/55/670 2610/55/669 2615/54/670
f 2613/55/674 2617/54/671 2618/54/674
f 2617/54/671 2613/55/674 2610/55/671
f 2618/54/673 2617/54/669 2613/55/673
f 2610/55/669 2613/55/673 2617/54/669
f 2619/54/666 2613/55/676 2618/54/676
f 2613/55/676 2619/54/666 2614/55/666
f 2618/54/675 2613/55/675 2619/54/667
f 2614/55/667 2619/54/667 2613/55/675
f 2620/54/665 2614/55/666 2619/54/666
f 2614/55/666 2620/54/665 2612/55/665
f 2619/54/667 2614/55/667 2620/54/668
f 2612/55/668 2620/54/668 2614/55/667
f 2611/55/669 2620/54/670 2621/54/669
f 2620/54/670 2611/55/669 2612/55/670
f 2621/54/671 2620/54/672 2611/55/671
f 2612/55/672 2611/55/671 2620/54/672
f 2608/55/673 2621/54/669 2622/54/673
f 2621/54/669 2608/55/673 2611/55/669
f 2622/54/674 2621/54/671 2608/55/674
f 2611/55/671 2608/55/674 2621/54/671
f 2608/55/675 2616/54/667 2607/55/667
f 2616/54/667 2608/55/675 2622/54/675
f 2607/55/666 2616/54/666 2608/55/676
f 2622/54/676 2608/55/676 2616/54/666
f 2625/57/693 2624/56/694 2623/56/693
f 2624/56/694 2625/57/693 2626/57/694
f 2623/56/695 2624/56/696 2625/57/695
f 2626/57/696 2625/57/695 2624/56/696
f 2629/56/687 2628/57/691 2627/57/687
f 2628/57/691 2629/56/687 2630/56/691
f 2627/57/689 2628/57/692 2629/56/689
f 2630/56/692 2629/56/689 2628/57/692
f 2632/57/697 2623/56/693 2631/56/697
f 2623/56/693 2632/57/697 2625/57/693
f 2631/56/698 2623/56/695 2632/57/698
f 2625/57/695 2632/57/698 2623/56/695
f 2635/57/681 2634/56/699 2633/56/681
f 2634/56/699 2635/57/681 2636/57/699
f 2633/56/683 2634/56/700 2635/57/683
f 2636/57/700 2635/57/683 2634/56/700
f 2635/57/681 2624/56/682 2626/57/682
f 2624/56/682 2635/57/681 2633/56/681
f 2626/57/684 2624/56/684 2635/57/683
f 2633/56/683 2635/57/683 2624/56/684
f 2638/57/677 2630/56/678 2637/56/677
f 2630/56/678 2638/57/677 2628/57/678
f 2637/56/679 2630/56/680 2638/57/679
f 2628/57/680 2638/57/679 2630/56/680
f 2636/57/685 2637/56/677 2634/56/685
f 2637/56/677 2636/57/685 2638/57/677
f 2634/56/686 2637/56/679 2636/57/686
f 2638/57/679 2636/57/686 2637/56/679
f 2631/56/688 2627/57/687 2632/57/688
f 2627/57/687 2631/56/688 2629/56/687
f 2632/57/690 2627/57/689 2631/56/690
f 2629/56/689 2631/56/690 2627/57/689
f 2641/55/372 2640/54/424 2639/54/372
f 2640/54/424 2641/55/372 2642/55/424
f 2639/54/371 2640/54/428 2641/55/371
f 2642/55/428 2641/55/371 2640/54/428
f 2645/55/429 2644/54/371 2643/54/429
f 2644/54/371 2645/55/429 2646/55/371
f 2643/54/425 2644/54/372 2645/55/425
f 2646/55/372 2645/55/425 2644/54/372
f 2648/55/425 2639/54/372 2647/54/425
f 2639/54/372 2648/55/425 2641/55/372
f 2647/54/429 2639/54/371 2648/55/429
f 2641/55/371 2648/55/429 2639/54/371
f 2648/55/426 2650/54/374 2649/55/374
f 2650/54/374 2648/55/426 2647/54/426
f 2649/55/373 2650/54/373 2648/55/430
f 2647/54/430 2648/55/430 2650/54/373
f 2651/55/1 2648/55/1 2649/55/1
f 2648/55/1 2651/55/1 2646/55/1
f 2648/55/1 2646/55/1 2641/55/1
f 2641/55/1 2646/55/1 2645/55/1
f 2641/55/1 2645/55/1 2642/55/1
f 2642/55/1 2645/55/1 2652/55/1
f 2649/55/2 2648/55/2 2651/55/2
f 2646/55/2 2651/55/2 2648/55/2
f 2641/55/2 2646/55/2 2648/55/2
f 2645/55/2 2646/55/2 2641/55/2
f 2642/55/2 2645/55/2 2641/55/2
f 2652/55/2 2645/55/2 2642/55/2
f 2653/54/373 2645/55/430 2643/54/430
f 2645/55/430 2653/54/373 2652/55/373
f 2643/54/426 2645/55/426 2653/54/374
f 2652/55/374 2653/54/374 2645/55/426
f 2640/54/423 2652/55/373 2653/54/373
f 2652/55/373 2640/54/423 2642/55/423
f 2653/54/374 2652/55/374 2640/54/427
f 2642/55/427 2640/54/427 2652/55/374
f 2649/55/374 2654/54/427 2651/55/427
f 2654/54/427 2649/55/374 2650/54/374
f 2651/55/423 2654/54/423 2649/55/373
f 2650/54/373 2649/55/373 2654/54/423
f 2646/55/371 2654/54/428 2644/54/371
f 2654/54/428 2646/55/371 2651/55/428
f 2644/54/372 2654/54/424 2646/55/372
f 2651/55/424 2646/55/372 2654/54/424
f 2657/55/374 2656/54/427 2655/55/427
f 2656/54/427 2657/55/374 2658/54/374
f 2655/55/423 2656/54/423 2657/55/373
f 2658/54/373 2657/55/373 2656/54/423
f 2661/55/372 2660/54/424 2659/54/372
f 2660/54/424 2661/55/372 2662/55/424
f 2659/54/371 2660/54/428 2661/55/371
f 2662/55/428 2661/55/371 2660/54/428
f 2664/55/425 2659/54/372 2663/54/425
f 2659/54/372 2664/55/425 2661/55/372
f 2663/54/429 2659/54/371 2664/55/429
f 2661/55/371 2664/55/429 2659/54/371
f 2666/55/371 2656/54/428 2665/54/371
f 2656/54/428 2666/55/371 2655/55/428
f 2665/54/372 2656/54/424 2666/55/372
f 2655/55/424 2666/55/372 2656/54/424
f 2668/55/429 2665/54/371 2667/54/429
f 2665/54/371 2668/55/429 2666/55/371
f 2667/54/425 2665/54/372 2668/55/425
f 2666/55/372 2668/55/425 2665/54/372
f 2669/54/373 2668/55/430 2667/54/430
f 2668/55/430 2669/54/373 2670/55/373
f 2667/54/426 2668/55/426 2669/54/374
f 2670/55/374 2669/54/374 2668/55/426
f 2660/54/423 2670/55/373 2669/54/373
f 2670/55/373 2660/54/423 2662/55/423
f 2669/54/374 2670/55/374 2660/54/427
f 2662/55/427 2660/54/427 2670/55/374
f 2655/55/1 2664/55/1 2657/55/1
f 2664/55/1 2655/55/1 2661/55/1
f 2661/55/1 2655/55/1 2666/55/1
f 2661/55/1 2666/55/1 2662/55/1
f 2662/55/1 2666/55/1 2668/55/1
f 2662/55/1 2668/55/1 2670/55/1
f 2657/55/2 2664/55/2 2655/55/2
f 2661/55/2 2655/55/2 2664/55/2
f 2666/55/2 2655/55/2 2661/55/2
f 2662/55/2 2666/55/2 2661/55/2
f 2668/55/2 2666/55/2 2662/55/2
f 2670/55/2 2668/55/2 2662/55/2
f 2663/54/2 2656/54/2 2658/54/2
f 2656/54/2 2663/54/2 2659/54/2
f 2656/54/2 2659/54/2 2665/54/2
f 2665/54/2 2659/54/2 2660/54/2
f 2665/54/2 2660/54/2 2667/54/2
f 2667/54/2 2660/54/2 2669/54/2
f 2658/54/1 2656/54/1 2663/54/1
f 2659/54/1 2663/54/1 2656/54/1
f 2665/54/1 2659/54/1 2656/54/1
f 2660/54/1 2659/54/1 2665/54/1
f 2667/54/1 2660/54/1 2665/54/1
f 2669/54/1 2660/54/1 2667/54/1
f 2664/55/426 2658/54/374 2657/55/374
f 2658/54/374 2664/55/426 2663/54/426
f 2657/55/373 2658/54/373 2664/55/430
f 2663/54/430 2664/55/430 2658/54/373
f 2673/56/737 2672/57/738 2671/57/737
f 2672/57/738 2673/56/737 2674/56/738
f 2671/57/739 2672/57/740 2673/56/739
f 2674/56/740 2673/56/739 2672/57/740
f 2676/56/741 2671/57/737 2675/57/741
f 2671/57/737 2676/56/741 2673/56/737
f 2675/57/742 2671/57/739 2676/56/742
f 2673/56/739 2676/56/742 2671/57/739
f 2679/57/743 2678/56/744 2677/56/743
f 2678/56/744 2679/57/743 2680/57/744
f 2677/56/745 2678/56/746 2679/57/745
f 2680/57/746 2679/57/745 2678/56/746
f 2683/57/747 2682/56/748 2681/56/747
f 2682/56/748 2683/57/747 2684/57/748
f 2681/56/749 2682/56/750 2683/57/749
f 2684/57/750 2683/57/749 2682/56/750
f 2685/57/752 2678/56/751 2680/57/751
f 2678/56/751 2685/57/752 2686/56/752
f 2680/57/754 2678/56/754 2685/57/753
f 2686/56/753 2685/57/753 2678/56/754
f 2683/57/755 2686/56/752 2685/57/752
f 2686/56/752 2683/57/755 2681/56/755
f 2685/57/753 2686/56/753 2683/57/756
f 2681/56/756 2683/57/756 2686/56/753
f 2675/57/757 2677/56/743 2676/56/757
f 2677/56/743 2675/57/757 2679/57/743
f 2676/56/758 2677/56/745 2675/57/758
f 2679/57/745 2675/57/758 2677/56/745
f 2684/57/748 2674/56/759 2682/56/748
f 2674/56/759 2684/57/748 2672/57/759
f 2682/56/750 2674/56/760 2684/57/750
f 2672/57/760 2684/57/750 2674/56/760
f 2689/55/372 2688/54/424 2687/54/372
f 2688/54/424 2689/55/372 2690/55/424
f 2687/54/371 2688/54/428 2689/55/371
f 2690/55/428 2689/55/371 2688/54/428
f 2693/55/429 2692/54/371 2691/54/429
f 2692/54/371 2693/55/429 2694/55/371
f 2691/54/425 2692/54/372 2693/55/425
f 2694/55/372 2693/55/425 2692/54/372
f 2696/55/425 2687/54/372 2695/54/425
f 2687/54/372 2696/55/425 2689/55/372
f 2695/54/429 2687/54/371 2696/55/429
f 2689/55/371 2696/55/429 2687/54/371
f 2696/55/426 2698/54/374 2697/55/374
f 2698/54/374 2696/55/426 2695/54/426
f 2697/55/373 2698/54/373 2696/55/430
f 2695/54/430 2696/55/430 2698/54/373
f 2699/55/1 2696/55/1 2697/55/1
f 2696/55/1 2699/55/1 2694/55/1
f 2696/55/1 2694/55/1 2689/55/1
f 2689/55/1 2694/55/1 2693/55/1
f 2689/55/1 2693/55/1 2690/55/1
f 2690/55/1 2693/55/1 2700/55/1
f 2697/55/2 2696/55/2 2699/55/2
f 2694/55/2 2699/55/2 2696/55/2
f 2689/55/2 2694/55/2 2696/55/2
f 2693/55/2 2694/55/2 2689/55/2
f 2690/55/2 2693/55/2 2689/55/2
f 2700/55/2 2693/55/2 2690/55/2
f 2701/54/373 2693/55/430 2691/54/430
f 2693/55/430 2701/54/373 2700/55/373
f 2691/54/426 2693/55/426 2701/54/374
f 2700/55/374 2701/54/374 2693/55/426
f 2688/54/423 2700/55/373 2701/54/373
f 2700/55/373 2688/54/423 2690/55/423
f 2701/54/374 2700/55/374 2688/54/427
f 2690/55/427 2688/54/427 2700/55/374
f 2697/55/374 2702/54/427 2699/55/427
f 2702/54/427 2697/55/374 2698/54/374
f 2699/55/423 2702/54/423 2697/55/373
f 2698/54/373 2697/55/373 2702/54/423
f 2694/55/371 2702/54/428 2692/54/371
f 2702/54/428 2694/55/371 2699/55/428
f 2692/54/372 2702/54/424 2694/55/372
f 2699/55/424 2694/55/372 2702/54/424
f 2705/55/374 2704/54/427 2703/55/427
f 2704/54/427 2705/55/374 2706/54/374
f 2703/55/423 2704/54/423 2705/55/373
f 2706/54/373 2705/55/373 2704/54/423
f 2709/55/372 2708/54/424 2707/54/372
f 2708/54/424 2709/55/372 2710/55/424
f 2707/54/371 2708/54/428 2709/55/371
f 2710/55/428 2709/55/371 2708/54/428
f 2712/55/425 2707/54/372 2711/54/425
f 2707/54/372 2712/55/425 2709/55/372
f 2711/54/429 2707/54/371 2712/55/429
f 2709/55/371 2712/55/429 2707/54/371
f 2714/55/371 2704/54/428 2713/54/371
f 2704/54/428 2714/55/371 2703/55/428
f 2713/54/372 2704/54/424 2714/55/372
f 2703/55/424 2714/55/372 2704/54/424
f 2716/55/429 2713/54/371 2715/54/429
f 2713/54/371 2716/55/429 2714/55/371
f 2715/54/425 2713/54/372 2716/55/425
f 2714/55/372 2716/55/425 2713/54/372
f 2717/54/373 2716/55/430 2715/54/430
f 2716/55/430 2717/54/373 2718/55/373
f 2715/54/426 2716/55/426 2717/54/374
f 2718/55/374 2717/54/374 2716/55/426
f 2708/54/423 2718/55/373 2717/54/373
f 2718/55/373 2708/54/423 2710/55/423
f 2717/54/374 2718/55/374 2708/54/427
f 2710/55/427 2708/54/427 2718/55/374
f 2703/55/1 2712/55/1 2705/55/1
f 2712/55/1 2703/55/1 2709/55/1
f 2709/55/1 2703/55/1 2714/55/1
f 2709/55/1 2714/55/1 2710/55/1
f 2710/55/1 2714/55/1 2716/55/1
f 2710/55/1 2716/55/1 2718/55/1
f 2705/55/2 2712/55/2 2703/55/2
f 2709/55/2 2703/55/2 2712/55/2
f 2714/55/2 2703/55/2 2709/55/2
f 2710/55/2 2714/55/2 2709/55/2
f 2716/55/2 2714/55/2 2710/55/2
f 2718/55/2 2716/55/2 2710/55/2
f 2711/54/2 2704/54/2 2706/54/2
f 2704/54/2 2711/54/2 2707/54/2
f 2704/54/2 2707/54/2 2713/54/2
f 2713/54/2 2707/54/2 2708/54/2
f 2713/54/2 2708/54/2 2715/54/2
f 2715/54/2 2708/54/2 2717/54/2
f 2706/54/1 2704/54/1 2711/54/1
f 2707/54/1 2711/54/1 2704/54/1
f 2713/54/1 2707/54/1 2704/54/1
f 2708/54/1 2707/54/1 2713/54/1
f 2715/54/1 2708/54/1 2713/54/1
f 2717/54/1 2708/54/1 2715/54/1
f 2712/55/426 2706/54/374 2705/55/374
f 2706/54/374 2712/55/426 2711/54/426
f 2705/55/373 2706/54/373 2712/55/430
f 2711/54/430 2712/55/430 2706/54/373
f 2721/56/737 2720/57/738 2719/57/737
f 2720/57/738 2721/56/737 2722/56/738
f 2719/57/739 2720/57/740 2721/56/739
f 2722/56/740 2721/56/739 2720/57/740
f 2724/56/741 2719/57/737 2723/57/741
f 2719/57/737 2724/56/741 2721/56/737
f 2723/57/742 2719/57/739 2724/56/742
f 2721/56/739 2724/56/742 2719/57/739
f 2727/57/743 2726/56/744 2725/56/743
f 2726/56/744 2727/57/743 2728/57/744
f 2725/56/745 2726/56/746 2727/57/745
f 2728/57/746 2727/57/745 2726/56/746
f 2731/57/747 2730/56/748 2729/56/747
f 2730/56/748 2731/57/747 2732/57/748
f 2729/56/749 2730/56/750 2731/57/749
f 2732/57/750 2731/57/749 2730/56/750
f 2733/57/752 2726/56/751 2728/57/751
f 2726/56/751 2733/57/752 2734/56/752
f 2728/57/754 2726/56/754 2733/57/753
f 2734/56/753 2733/57/753 2726/56/754
f 2731/57/755 2734/56/752 2733/57/752
f 2734/56/752 2731/57/755 2729/56/755
f 2733/57/753 2734/56/753 2731/57/756
f 2729/56/756 2731/57/756 2734/56/753
f 2723/57/757 2725/56/743 2724/56/757
f 2725/56/743 2723/57/757 2727/57/743
f 2724/56/758 2725/56/745 2723/57/758
f 2727/57/745 2723/57/758 2725/56/745
f 2732/57/748 2722/56/759 2730/56/748
f 2722/56/759 2732/57/748 2720/57/759
f 2730/56/750 2722/56/760 2732/57/750
f 2720/57/760 2732/57/750 2722/56/760
f 2737/55/412 2736/54/428 2735/54/412
f 2736/54/428 2737/55/412 2738/55/428
f 2735/54/411 2736/54/424 2737/55/411
f 2738/55/424 2737/55/411 2736/54/424
f 2741/55/425 2740/54/411 2739/54/425
f 2740/54/411 2741/55/425 2742/55/411
f 2739/54/429 2740/54/412 2741/55/429
f 2742/55/412 2741/55/429 2740/54/412
f 2744/55/429 2735/54/412 2743/54/429
f 2735/54/412 2744/55/429 2737/55/412
f 2743/54/425 2735/54/411 2744/55/425
f 2737/55/411 2744/55/425 2735/54/411
f 2744/55/430 2746/54/413 2745/55/413
f 2746/54/413 2744/55/430 2743/54/430
f 2745/55/414 2746/54/414 2744/55/426
f 2743/54/426 2744/55/426 2746/54/414
f 2747/55/1 2744/55/1 2745/55/1
f 2744/55/1 2747/55/1 2742/55/1
f 2744/55/1 2742/55/1 2737/55/1
f 2737/55/1 2742/55/1 2741/55/1
f 2737/55/1 2741/55/1 2738/55/1
f 2738/55/1 2741/55/1 2748/55/1
f 2745/55/2 2744/55/2 2747/55/2
f 2742/55/2 2747/55/2 2744/55/2
f 2737/55/2 2742/55/2 2744/55/2
f 2741/55/2 2742/55/2 2737/55/2
f 2738/55/2 2741/55/2 2737/55/2
f 2748/55/2 2741/55/2 2738/55/2
f 2749/54/414 2741/55/426 2739/54/426
f 2741/55/426 2749/54/414 2748/55/414
f 2739/54/430 2741/55/430 2749/54/413
f 2748/55/413 2749/54/413 2741/55/430
f 2736/54/427 2748/55/414 2749/54/414
f 2748/55/414 2736/54/427 2738/55/427
f 2749/54/413 2748/55/413 2736/54/423
f 2738/55/423 2736/54/423 2748/55/413
f 2745/55/413 2750/54/423 2747/55/423
f 2750/54/423 2745/55/413 2746/54/413
f 2747/55/427 2750/54/427 2745/55/414
f 2746/54/414 2745/55/414 2750/54/427
f 2742/55/411 2750/54/424 2740/54/411
f 2750/54/424 2742/55/411 2747/55/424
f 2740/54/412 2750/54/428 2742/55/412
f 2747/55/428 2742/55/412 2750/54/428
f 2753/55/413 2752/54/423 2751/55/423
f 2752/54/423 2753/55/413 2754/54/413
f 2751/55/427 2752/54/427 2753/55/414
f 2754/54/414 2753/55/414 2752/54/427
f 2757/55/412 2756/54/428 2755/54/412
f 2756/54/428 2757/55/412 2758/55/428
f 2755/54/411 2756/54/424 2757/55/411
f 2758/55/424 2757/55/411 2756/54/424
f 2760/55/429 2755/54/412 2759/54/429
f 2755/54/412 2760/55/429 2757/55/412
f 2759/54/425 2755/54/411 2760/55/425
f 2757/55/411 2760/55/425 2755/54/411
f 2762/55/411 2752/54/424 2761/54/411
f 2752/54/424 2762/55/411 2751/55/424
f 2761/54/412 2752/54/428 2762/55/412
f 2751/55/428 2762/55/412 2752/54/428
f 2764/55/425 2761/54/411 2763/54/425
f 2761/54/411 2764/55/425 2762/55/411
f 2763/54/429 2761/54/412 2764/55/429
f 2762/55/412 2764/55/429 2761/54/412
f 2765/54/414 2764/55/426 2763/54/426
f 2764/55/426 2765/54/414 2766/55/414
f 2763/54/430 2764/55/430 2765/54/413
f 2766/55/413 2765/54/413 2764/55/430
f 2756/54/427 2766/55/414 2765/54/414
f 2766/55/414 2756/54/427 2758/55/427
f 2765/54/413 2766/55/413 2756/54/423
f 2758/55/423 2756/54/423 2766/55/413
f 2751/55/1 2760/55/1 2753/55/1
f 2760/55/1 2751/55/1 2757/55/1
f 2757/55/1 2751/55/1 2762/55/1
f 2757/55/1 2762/55/1 2758/55/1
f 2758/55/1 2762/55/1 2764/55/1
f 2758/55/1 2764/55/1 2766/55/1
f 2753/55/2 2760/55/2 2751/55/2
f 2757/55/2 2751/55/2 2760/55/2
f 2762/55/2 2751/55/2 2757/55/2
f 2758/55/2 2762/55/2 2757/55/2
f 2764/55/2 2762/55/2 2758/55/2
f 2766/55/2 2764/55/2 2758/55/2
f 2759/54/2 2752/54/2 2754/54/2
f 2752/54/2 2759/54/2 2755/54/2
f 2752/54/2 2755/54/2 2761/54/2
f 2761/54/2 2755/54/2 2756/54/2
f 2761/54/2 2756/54/2 2763/54/2
f 2763/54/2 2756/54/2 2765/54/2
f 2754/54/1 2752/54/1 2759/54/1
f 2755/54/1 2759/54/1 2752/54/1
f 2761/54/1 2755/54/1 2752/54/1
f 2756/54/1 2755/54/1 2761/54/1
f 2763/54/1 2756/54/1 2761/54/1
f 2765/54/1 2756/54/1 2763/54/1
f 2760/55/430 2754/54/413 2753/55/413
f 2754/54/413 2760/55/430 2759/54/430
f 2753/55/414 2754/54/414 2760/55/426
f 2759/54/426 2760/55/426 2754/54/414
f 2769/56/761 2768/57/751 2767/57/761
f 2768/57/751 2769/56/761 2770/56/751
f 2767/57/762 2768/57/754 2769/56/762
f 2770/56/754 2769/56/762 2768/57/754
f 2772/56/755 2767/57/761 2771/57/755
f 2767/57/761 2772/56/755 2769/56/761
f 2771/57/756 2767/57/762 2772/56/756
f 2769/56/762 2772/56/756 2767/57/762
f 2775/57/763 2774/56/759 2773/56/763
f 2774/56/759 2775/57/763 2776/57/759
f 2773/56/764 2774/56/760 2775/57/764
f 2776/57/760 2775/57/764 2774/56/760
f 2779/57/757 2778/56/765 2777/56/757
f 2778/56/765 2779/57/757 2780/57/765
f 2777/56/758 2778/56/766 2779/57/758
f 2780/57/766 2779/57/758 2778/56/766
f 2781/57/767 2774/56/738 2776/57/738
f 2774/56/738 2781/57/767 2782/56/767
f 2776/57/740 2774/56/740 2781/57/768
f 2782/56/768 2781/57/768 2774/56/740
f 2779/57/741 2782/56/767 2781/57/767
f 2782/56/767 2779/57/741 2777/56/741
f 2781/57/768 2782/56/768 2779/57/742
f 2777/56/742 2779/57/742 2782/56/768
f 2771/57/747 2773/56/763 2772/56/747
f 2773/56/763 2771/57/747 2775/57/763
f 2772/56/749 2773/56/764 2771/57/749
f 2775/57/764 2771/57/749 2773/56/764
f 2780/57/765 2770/56/744 2778/56/765
f 2770/56/744 2780/57/765 2768/57/744
f 2778/56/766 2770/56/746 2780/57/766
f 2768/57/746 2780/57/766 2770/56/746
f 2785/55/412 2784/54/428 2783/54/412
f 2784/54/428 2785/55/412 2786/55/428
f 2783/54/411 2784/54/424 2785/55/411
f 2786/55/424 2785/55/411 2784/54/424
f 2789/55/425 2788/54/411 2787/54/425
f 2788/54/411 2789/55/425 2790/55/411
f 2787/54/429 2788/54/412 2789/55/429
f 2790/55/412 2789/55/429 2788/54/412
f 2792/55/429 2783/54/412 2791/54/429
f 2783/54/412 2792/55/429 2785/55/412
f 2791/54/425 2783/54/411 2792/55/425
f 2785/55/411 2792/55/425 2783/54/411
f 2792/55/430 2794/54/413 2793/55/413
f 2794/54/413 2792/55/430 2791/54/430
f 2793/55/414 2794/54/414 2792/55/426
f 2791/54/426 2792/55/426 2794/54/414
f 2795/55/1 2792/55/1 2793/55/1
f 2792/55/1 2795/55/1 2790/55/1
f 2792/55/1 2790/55/1 2785/55/1
f 2785/55/1 2790/55/1 2789/55/1
f 2785/55/1 2789/55/1 2786/55/1
f 2786/55/1 2789/55/1 2796/55/1
f 2793/55/2 2792/55/2 2795/55/2
f 2790/55/2 2795/55/2 2792/55/2
f 2785/55/2 2790/55/2 2792/55/2
f 2789/55/2 2790/55/2 2785/55/2
f 2786/55/2 2789/55/2 2785/55/2
f 2796/55/2 2789/55/2 2786/55/2
f 2797/54/414 2789/55/426 2787/54/426
f 2789/55/426 2797/54/414 2796/55/414
f 2787/54/430 2789/55/430 2797/54/413
f 2796/55/413 2797/54/413 2789/55/430
f 2784/54/427 2796/55/414 2797/54/414
f 2796/55/414 2784/54/427 2786/55/427
f 2797/54/413 2796/55/413 2784/54/423
f 2786/55/423 2784/54/423 2796/55/413
f 2793/55/413 2798/54/423 2795/55/423
f 2798/54/423 2793/55/413 2794/54/413
f 2795/55/427 2798/54/427 2793/55/414
f 2794/54/414 2793/55/414 2798/54/427
f 2790/55/411 2798/54/424 2788/54/411
f 2798/54/424 2790/55/411 2795/55/424
f 2788/54/412 2798/54/428 2790/55/412
f 2795/55/428 2790/55/412 2798/54/428
f 2801/55/413 2800/54/423 2799/55/423
f 2800/54/423 2801/55/413 2802/54/413
f 2799/55/427 2800/54/427 2801/55/414
f 2802/54/414 2801/55/414 2800/54/427
f 2805/55/412 2804/54/428 2803/54/412
f 2804/54/428 2805/55/412 2806/55/428
f 2803/54/411 2804/54/424 2805/55/411
f 2806/55/424 2805/55/411 2804/54/424
f 2808/55/429 2803/54/412 2807/54/429
f 2803/54/412 2808/55/429 2805/55/412
f 2807/54/425 2803/54/411 2808/55/425
f 2805/55/411 2808/55/425 2803/54/411
f 2810/55/411 2800/54/424 2809/54/411
f 2800/54/424 2810/55/411 2799/55/424
f 2809/54/412 2800/54/428 2810/55/412
f 2799/55/428 2810/55/412 2800/54/428
f 2812/55/425 2809/54/411 2811/54/425
f 2809/54/411 2812/55/425 2810/55/411
f 2811/54/429 2809/54/412 2812/55/429
f 2810/55/412 2812/55/429 2809/54/412
f 2813/54/414 2812/55/426 2811/54/426
f 2812/55/426 2813/54/414 2814/55/414
f 2811/54/430 2812/55/430 2813/54/413
f 2814/55/413 2813/54/413 2812/55/430
f 2804/54/427 2814/55/414 2813/54/414
f 2814/55/414 2804/54/427 2806/55/427
f 2813/54/413 2814/55/413 2804/54/423
f 2806/55/423 2804/54/423 2814/55/413
f 2799/55/1 2808/55/1 2801/55/1
f 2808/55/1 2799/55/1 2805/55/1
f 2805/55/1 2799/55/1 2810/55/1
f 2805/55/1 2810/55/1 2806/55/1
f 2806/55/1 2810/55/1 2812/55/1
f 2806/55/1 2812/55/1 2814/55/1
f 2801/55/2 2808/55/2 2799/55/2
f 2805/55/2 2799/55/2 2808/55/2
f 2810/55/2 2799/55/2 2805/55/2
f 2806/55/2 2810/55/2 2805/55/2
f 2812/55/2 2810/55/2 2806/55/2
f 2814/55/2 2812/55/2 2806/55/2
f 2807/54/2 2800/54/2 2802/54/2
f 2800/54/2 2807/54/2 2803/54/2
f 2800/54/2 2803/54/2 2809/54/2
f 2809/54/2 2803/54/2 2804/54/2
f 2809/54/2 2804/54/2 2811/54/2
f 2811/54/2 2804/54/2 2813/54/2
f 2802/54/1 2800/54/1 2807/54/1
f 2803/54/1 2807/54/1 2800/54/1
f 2809/54/1 2803/54/1 2800/54/1
f 2804/54/1 2803/54/1 2809/54/1
f 2811/54/1 2804/54/1 2809/54/1
f 2813/54/1 2804/54/1 2811/54/1
f 2808/55/430 2802/54/413 2801/55/413
f 2802/54/413 2808/55/430 2807/54/430
f 2801/55/414 2802/54/414 2808/55/426
f 2807/54/426 2808/55/426 2802/54/414
f 2817/56/761 2816/57/751 2815/57/761
f 2816/57/751 2817/56/761 2818/56/751
f 2815/57/762 2816/57/754 2817/56/762
f 2818/56/754 2817/56/762 2816/57/754
f 2820/56/755 2815/57/761 2819/57/755
f 2815/57/761 2820/56/755 2817/56/761
f 2819/57/756 2815/57/762 2820/56/756
f 2817/56/762 2820/56/756 2815/57/762
f 2823/57/763 2822/56/759 2821/56/763
f 2822/56/759 2823/57/763 2824/57/759
f 2821/56/764 2822/56/760 2823/57/764
f 2824/57/760 2823/57/764 2822/56/760
f 2827/57/757 2826/56/765 2825/56/757
f 2826/56/765 2827/57/757 2828/57/765
f 2825/56/758 2826/56/766 2827/57/758
f 2828/57/766 2827/57/758 2826/56/766
f 2829/57/767 2822/56/738 2824/57/738
f 2822/56/738 2829/57/767 2830/56/767
f 2824/57/740 2822/56/740 2829/57/768
f 2830/56/768 2829/57/768 2822/56/740
f 2827/57/741 2830/56/767 2829/57/767
f 2830/56/767 2827/57/741 2825/56/741
f 2829/57/768 2830/56/768 2827/57/742
f 2825/56/742 2827/57/742 2830/56/768
f 2819/57/747 2821/56/763 2820/56/747
f 2821/56/763 2819/57/747 2823/57/763
f 2820/56/749 2821/56/764 2819/57/749
f 2823/57/764 2819/57/749 2821/56/764
f 2828/57/765 2818/56/744 2826/56/765
f 2818/56/744 2828/57/765 2816/57/744
f 2826/56/766 2818/56/746 2828/57/766
f 2816/57/746 2828/57/766 2818/56/746
f 2833/54/2 2832/54/2 2831/54/2
f 2832/54/2 2833/54/2 2834/54/2
f 2832/54/2 2834/54/2 2835/54/2
f 2835/54/2 2834/54/2 2836/54/2
f 2835/54/2 2836/54/2 2837/54/2
f 2837/54/2 2836/54/2 2838/54/2
f 2831/54/1 2832/54/1 2833/54/1
f 2834/54/1 2833/54/1 2832/54/1
f 2835/54/1 2834/54/1 2832/54/1
f 2836/54/1 2834/54/1 2835/54/1
f 2837/54/1 2836/54/1 2835/54/1
f 2838/54/1 2836/54/1 2837/54/1
f 2841/55/1 2840/55/1 2839/55/1
f 2840/55/1 2841/55/1 2842/55/1
f 2840/55/1 2842/55/1 2843/55/1
f 2843/55/1 2842/55/1 2844/55/1
f 2843/55/1 2844/55/1 2845/55/1
f 2845/55/1 2844/55/1 2846/55/1
f 2839/55/2 2840/55/2 2841/55/2
f 2842/55/2 2841/55/2 2840/55/2
f 2843/55/2 2842/55/2 2840/55/2
f 2844/55/2 2842/55/2 2843/55/2
f 2845/55/2 2844/55/2 2843/55/2
f 2846/55/2 2844/55/2 2845/55/2
f 2839/55/769 2832/54/427 2841/55/427
f 2832/54/427 2839/55/769 2831/54/769
f 2841/55/423 2832/54/423 2839/55/770
f 2831/54/770 2839/55/770 2832/54/423
f 2842/55/771 2832/54/428 2835/54/771
f 2832/54/428 2842/55/771 2841/55/428
f 2835/54/772 2832/54/424 2842/55/772
f 2841/55/424 2842/55/772 2832/54/424
f 2844/55/429 2835/54/771 2837/54/429
f 2835/54/771 2844/55/429 2842/55/771
f 2837/54/425 2835/54/772 2844/55/425
f 2842/55/772 2844/55/425 2835/54/772
f 2838/54/770 2844/55/430 2837/54/430
f 2844/55/430 2838/54/770 2846/55/770
f 2837/54/426 2844/55/426 2838/54/769
f 2846/55/769 2838/54/769 2844/55/426
f 2836/54/423 2846/55/770 2838/54/770
f 2846/55/770 2836/54/423 2845/55/423
f 2838/54/769 2846/55/769 2836/54/427
f 2845/55/427 2836/54/427 2846/55/769
f 2843/55/772 2836/54/424 2834/54/772
f 2836/54/424 2843/55/772 2845/55/424
f 2834/54/771 2836/54/428 2843/55/771
f 2845/55/428 2843/55/771 2836/54/428
f 2840/55/425 2834/54/772 2833/54/425
f 2834/54/772 2840/55/425 2843/55/772
f 2833/54/429 2834/54/771 2840/55/429
f 2843/55/771 2840/55/429 2834/54/771
f 2840/55/426 2831/54/769 2839/55/769
f 2831/54/769 2840/55/426 2833/54/426
f 2839/55/770 2831/54/770 2840/55/430
f 2833/54/430 2840/55/430 2831/54/770
f 2849/55/1 2848/55/1 2847/55/1
f 2848/55/1 2849/55/1 2850/55/1
f 2848/55/1 2850/55/1 2851/55/1
f 2851/55/1 2850/55/1 2852/55/1
f 2851/55/1 2852/55/1 2853/55/1
f 2853/55/1 2852/55/1 2854/55/1
f 2847/55/2 2848/55/2 2849/55/2
f 2850/55/2 2849/55/2 2848/55/2
f 2851/55/2 2850/55/2 2848/55/2
f 2852/55/2 2850/55/2 2851/55/2
f 2853/55/2 2852/55/2 2851/55/2
f 2854/55/2 2852/55/2 2853/55/2
f 2847/55/769 2855/54/427 2849/55/427
f 2855/54/427 2847/55/769 2856/54/769
f 2849/55/423 2855/54/423 2847/55/770
f 2856/54/770 2847/55/770 2855/54/423
f 2850/55/771 2855/54/428 2857/54/771
f 2855/54/428 2850/55/771 2849/55/428
f 2857/54/772 2855/54/424 2850/55/772
f 2849/55/424 2850/55/772 2855/54/424
f 2852/55/429 2857/54/771 2858/54/429
f 2857/54/771 2852/55/429 2850/55/771
f 2858/54/425 2857/54/772 2852/55/425
f 2850/55/772 2852/55/425 2857/54/772
f 2859/54/770 2852/55/430 2858/54/430
f 2852/55/430 2859/54/770 2854/55/770
f 2858/54/426 2852/55/426 2859/54/769
f 2854/55/769 2859/54/769 2852/55/426
f 2860/54/423 2854/55/770 2859/54/770
f 2854/55/770 2860/54/423 2853/55/423
f 2859/54/769 2854/55/769 2860/54/427
f 2853/55/427 2860/54/427 2854/55/769
f 2851/55/772 2860/54/424 2861/54/772
f 2860/54/424 2851/55/772 2853/55/424
f 2861/54/771 2860/54/428 2851/55/771
f 2853/55/428 2851/55/771 2860/54/428
f 2848/55/425 2861/54/772 2862/54/425
f 2861/54/772 2848/55/425 2851/55/772
f 2862/54/429 2861/54/771 2848/55/429
f 2851/55/771 2848/55/429 2861/54/771
f 2848/55/426 2856/54/769 2847/55/769
f 2856/54/769 2848/55/426 2862/54/426
f 2847/55/770 2856/54/770 2848/55/430
f 2862/54/430 2848/55/430 2856/54/770
f 2865/57/743 2864/56/744 2863/56/743
f 2864/56/744 2865/57/743 2866/57/744
f 2863/56/745 2864/56/746 2865/57/745
f 2866/57/746 2865/57/745 2864/56/746
f 2869/56/738 2868/57/737 2867/56/737
f 2868/57/737 2869/56/738 2870/57/738
f 2867/56/739 2868/57/739 2869/56/740
f 2870/57/740 2869/56/740 2868/57/739
f 2872/57/757 2863/56/743 2871/56/757
f 2863/56/743 2872/57/757 2865/57/743
f 2871/56/758 2863/56/745 2872/57/758
f 2865/57/745 2872/57/758 2863/56/745
f 2875/57/755 2874/56/752 2873/57/752
f 2874/56/752 2875/57/755 2876/56/755
f 2873/57/753 2874/56/753 2875/57/756
f 2876/56/756 2875/57/756 2874/56/753
f 2873/57/752 2864/56/751 2866/57/751
f 2864/56/751 2873/57/752 2874/56/752
f 2866/57/754 2864/56/754 2873/57/753
f 2874/56/753 2873/57/753 2864/56/754
f 2878/57/748 2869/56/759 2877/56/748
f 2869/56/759 2878/57/748 2870/57/759
f 2877/56/750 2869/56/760 2878/57/750
f 2870/57/760 2878/57/750 2869/56/760
f 2875/57/747 2877/56/748 2876/56/747
f 2877/56/748 2875/57/747 2878/57/748
f 2876/56/749 2877/56/750 2875/57/749
f 2878/57/750 2875/57/749 2877/56/750
f 2871/56/741 2868/57/737 2872/57/741
f 2868/57/737 2871/56/741 2867/56/737
f 2872/57/742 2868/57/739 2871/56/742
f 2867/56/739 2871/56/742 2868/57/739

