# Created by Kenney (www.kenney.nl)

mtllib room-wide.mtl

g room-wide

v -5.296845 3.609557E-16 4.432191 1 1 1
v -5.266227 0.05 4.449869 1 1 1
v -5.245081 3.609557E-16 4.625376 1 1 1
v -5.227404 0.05 4.594758 1 1 1
v -5.051896 3.609557E-16 4.573612 1 1 1
v -5.082515 0.05 4.555935 1 1 1
v -5.547956 3.609557E-16 4.714653 1 1 1
v -5.934326 3.609557E-16 4.611125 1 1 1
v -5.583311 0.1 4.653415 1 1 1
v -5.873089 0.1 4.575769 1 1 1
v -5.830798 3.609557E-16 4.224754 1 1 1
v -5.795443 0.1 4.285992 1 1 1
v -2.928112 3.609557E-16 4.006432 1 1 1
v -2.903112 0.1 4.031432 1 1 1
v -2.928112 3.609557E-16 4.206432 1 1 1
v -2.903112 0.1 4.181432 1 1 1
v -2.753112 0.1 4.031432 1 1 1
v -2.753112 0.1 4.181432 1 1 1
v -2.728112 3.609557E-16 4.206432 1 1 1
v -2.728112 3.609557E-16 4.006432 1 1 1
v -5.444428 3.609557E-16 4.328282 1 1 1
v -5.505665 0.1 4.363637 1 1 1
v -5.10366 3.609557E-16 4.380427 1 1 1
v -5.121337 0.05 4.411046 1 1 1
v -2.25043 0.05 4.498219 1 1 1
v -2.462562 0.05 4.710352 1 1 1
v -2.462562 0.05 4.286088 1 1 1
v -2.674695 0.05 4.498219 1 1 1
v -2.462562 3.609557E-16 4.215377 1 1 1
v -2.745405 3.609557E-16 4.498219 1 1 1
v -3.10959 -2.52669E-15 4.097593 1 1 1
v -3.144945 0.05 4.158831 1 1 1
v -3.49596 -2.52669E-15 4.201121 1 1 1
v -3.434723 0.05 4.236476 1 1 1
v -2.179719 3.609557E-16 4.498219 1 1 1
v -2.462562 3.609557E-16 4.781063 1 1 1
v -3.006063 -2.52669E-15 4.483963 1 1 1
v -3.392433 -2.52669E-15 4.587491 1 1 1
v -3.0673 0.05 4.448608 1 1 1
v -3.357077 0.05 4.526254 1 1 1
v 2.703155 6.411861E-31 4.432191 1 1 1
v 2.733773 0.05 4.449869 1 1 1
v 2.754919 6.411861E-31 4.625376 1 1 1
v 2.772596 0.05 4.594758 1 1 1
v 2.948104 6.411861E-31 4.573612 1 1 1
v 2.917485 0.05 4.555935 1 1 1
v 2.452044 6.411861E-31 4.714653 1 1 1
v 2.065674 6.411861E-31 4.611125 1 1 1
v 2.416689 0.1 4.653415 1 1 1
v 2.126911 0.1 4.575769 1 1 1
v 2.169202 6.411861E-31 4.224754 1 1 1
v 2.204557 0.1 4.285992 1 1 1
v 5.071888 6.411861E-31 4.006432 1 1 1
v 5.096889 0.1 4.031432 1 1 1
v 5.071888 6.411861E-31 4.206432 1 1 1
v 5.096889 0.1 4.181432 1 1 1
v 5.246888 0.1 4.031432 1 1 1
v 5.246888 0.1 4.181432 1 1 1
v 5.271888 6.411861E-31 4.206432 1 1 1
v 5.271888 6.411861E-31 4.006432 1 1 1
v 2.555572 6.411861E-31 4.328282 1 1 1
v 2.494335 0.1 4.363637 1 1 1
v 2.89634 6.411861E-31 4.380427 1 1 1
v 2.878663 0.05 4.411046 1 1 1
v 5.74957 0.05 4.498219 1 1 1
v 5.537437 0.05 4.710352 1 1 1
v 5.537437 0.05 4.286088 1 1 1
v 5.325305 0.05 4.498219 1 1 1
v 5.537437 6.411861E-31 4.215377 1 1 1
v 5.254595 6.411861E-31 4.498219 1 1 1
v 4.89041 -2.887646E-15 4.097593 1 1 1
v 4.855055 0.05 4.158831 1 1 1
v 4.50404 -2.887646E-15 4.201121 1 1 1
v 4.565277 0.05 4.236476 1 1 1
v 5.820281 6.411861E-31 4.498219 1 1 1
v 5.537437 6.411861E-31 4.781063 1 1 1
v 4.993937 -2.887646E-15 4.483963 1 1 1
v 4.607567 -2.887646E-15 4.587491 1 1 1
v 4.9327 0.05 4.448608 1 1 1
v 4.642922 0.05 4.526254 1 1 1
v 5.296845 3.609557E-16 -4.432191 1 1 1
v 5.266227 0.05 -4.449869 1 1 1
v 5.245081 3.609557E-16 -4.625376 1 1 1
v 5.227404 0.05 -4.594758 1 1 1
v 5.051896 3.609557E-16 -4.573612 1 1 1
v 5.082515 0.05 -4.555935 1 1 1
v 5.547956 3.609557E-16 -4.714653 1 1 1
v 5.934326 3.609557E-16 -4.611125 1 1 1
v 5.583311 0.1 -4.653415 1 1 1
v 5.873089 0.1 -4.575769 1 1 1
v 5.830798 3.609557E-16 -4.224754 1 1 1
v 5.795443 0.1 -4.285992 1 1 1
v 2.928112 3.609557E-16 -4.006432 1 1 1
v 2.903112 0.1 -4.031432 1 1 1
v 2.928112 3.609557E-16 -4.206432 1 1 1
v 2.903112 0.1 -4.181432 1 1 1
v 2.753112 0.1 -4.031432 1 1 1
v 2.753112 0.1 -4.181432 1 1 1
v 2.728112 3.609557E-16 -4.206432 1 1 1
v 2.728112 3.609557E-16 -4.006432 1 1 1
v 5.444428 3.609557E-16 -4.328282 1 1 1
v 5.505665 0.1 -4.363637 1 1 1
v 5.10366 3.609557E-16 -4.380427 1 1 1
v 5.121337 0.05 -4.411046 1 1 1
v 2.25043 0.05 -4.498219 1 1 1
v 2.462562 0.05 -4.710352 1 1 1
v 2.462562 0.05 -4.286088 1 1 1
v 2.674695 0.05 -4.498219 1 1 1
v 2.462562 3.609557E-16 -4.215377 1 1 1
v 2.745405 3.609557E-16 -4.498219 1 1 1
v 3.10959 -2.52669E-15 -4.097593 1 1 1
v 3.144945 0.05 -4.158831 1 1 1
v 3.49596 -2.52669E-15 -4.201121 1 1 1
v 3.434723 0.05 -4.236476 1 1 1
v 2.179719 3.609557E-16 -4.498219 1 1 1
v 2.462562 3.609557E-16 -4.781063 1 1 1
v 3.006063 -2.52669E-15 -4.483963 1 1 1
v 3.392433 -2.52669E-15 -4.587491 1 1 1
v 3.0673 0.05 -4.448608 1 1 1
v 3.357077 0.05 -4.526254 1 1 1
v -2.703155 6.411861E-31 -4.432191 1 1 1
v -2.733773 0.05 -4.449869 1 1 1
v -2.754919 6.411861E-31 -4.625376 1 1 1
v -2.772596 0.05 -4.594758 1 1 1
v -2.948104 6.411861E-31 -4.573612 1 1 1
v -2.917485 0.05 -4.555935 1 1 1
v -2.452044 6.411861E-31 -4.714653 1 1 1
v -2.065674 6.411861E-31 -4.611125 1 1 1
v -2.416689 0.1 -4.653415 1 1 1
v -2.126911 0.1 -4.575769 1 1 1
v -2.169202 6.411861E-31 -4.224754 1 1 1
v -2.204557 0.1 -4.285992 1 1 1
v -5.071888 6.411861E-31 -4.006432 1 1 1
v -5.096889 0.1 -4.031432 1 1 1
v -5.071888 6.411861E-31 -4.206432 1 1 1
v -5.096889 0.1 -4.181432 1 1 1
v -5.246888 0.1 -4.031432 1 1 1
v -5.246888 0.1 -4.181432 1 1 1
v -5.271888 6.411861E-31 -4.206432 1 1 1
v -5.271888 6.411861E-31 -4.006432 1 1 1
v -2.555572 6.411861E-31 -4.328282 1 1 1
v -2.494335 0.1 -4.363637 1 1 1
v -2.89634 6.411861E-31 -4.380427 1 1 1
v -2.878663 0.05 -4.411046 1 1 1
v -5.74957 0.05 -4.498219 1 1 1
v -5.537437 0.05 -4.710352 1 1 1
v -5.537437 0.05 -4.286088 1 1 1
v -5.325305 0.05 -4.498219 1 1 1
v -5.537437 6.411861E-31 -4.215377 1 1 1
v -5.254595 6.411861E-31 -4.498219 1 1 1
v -4.89041 -2.887646E-15 -4.097593 1 1 1
v -4.855055 0.05 -4.158831 1 1 1
v -4.50404 -2.887646E-15 -4.201121 1 1 1
v -4.565277 0.05 -4.236476 1 1 1
v -5.820281 6.411861E-31 -4.498219 1 1 1
v -5.537437 6.411861E-31 -4.781063 1 1 1
v -4.993937 -2.887646E-15 -4.483963 1 1 1
v -4.607567 -2.887646E-15 -4.587491 1 1 1
v -4.9327 0.05 -4.448608 1 1 1
v -4.642922 0.05 -4.526254 1 1 1
v 2 0 2 1 1 1
v 2 0 6 1 1 1
v -2 0 2 1 1 1
v -2 0 6 1 1 1
v -0.2255788 0 4.172103 1 1 1
v -1.38469 0 3.86152 1 1 1
v -0.3316448 0.1 3.988391 1 1 1
v -1.200978 0.1 3.755454 1 1 1
v 1.211001 0.1 3.093737 1 1 1
v 0.9303683 0.1 3.199779 1 1 1
v 1.104959 0.1 2.813103 1 1 1
v 0.8243259 0.1 2.919146 1 1 1
v -0.09870771 0.1 3.119058 1 1 1
v -0.9680409 0.1 2.886121 1 1 1
v -0.3902232 0 4.524848 1 1 1
v -0.2677487 0.2 4.595559 1 1 1
v -0.183168 0 5.297589 1 1 1
v -0.1124573 0.2 5.175114 1 1 1
v 0.4670982 0.2 5.019823 1 1 1
v 0.3118067 0.2 4.440268 1 1 1
v 0.5895726 0 5.090533 1 1 1
v 0.08500402 0 3.012992 1 1 1
v -1.074107 0 2.702409 1 1 1
v -1.227287 0.05 5.33564 1 1 1
v -1.517065 0.05 5.413286 1 1 1
v -1.304933 0.05 5.045862 1 1 1
v -1.59471 0.05 5.123508 1 1 1
v -1.55242 0 5.474523 1 1 1
v -1.655948 0 5.088153 1 1 1
v -1.16605 0 5.370996 1 1 1
v -1.269577 0 4.984625 1 1 1
v 0.7598799 0 2.890048 1 1 1
v 0.9012698 0 3.264225 1 1 1
v 1.134058 0 2.748657 1 1 1
v 1.275447 0 3.122835 1 1 1
v 1.385044 0 5.396791 1 1 1
v 1.578229 0 5.345027 1 1 1
v 1.415662 0.05 5.414469 1 1 1
v 1.560551 0.05 5.375646 1 1 1
v 1.599374 0.05 5.520535 1 1 1
v 1.454485 0.05 5.559358 1 1 1
v 0.3825174 0 4.317793 1 1 1
v 1.629993 0 5.538212 1 1 1
v 1.436807 0 5.589976 1 1 1
v -0.9305171 0 2.279792 1 1 1
v -0.737332 0 2.228029 1 1 1
v -0.8998985 0.05 2.29747 1 1 1
v -0.7550097 0.05 2.258647 1 1 1
v -0.7161868 0.05 2.403536 1 1 1
v -0.8610756 0.05 2.442359 1 1 1
v -0.8787533 0 2.472978 1 1 1
v -0.6855682 0 2.421214 1 1 1
v -0.6865153 0.1 4.511061 1 1 1
v -0.6865153 0.1 4.811061 1 1 1
v -0.9865153 0.1 4.511061 1 1 1
v -0.9865153 0.1 4.811061 1 1 1
v -0.6365153 0 4.461061 1 1 1
v -0.6365153 0 4.861061 1 1 1
v -1.036515 0 4.461061 1 1 1
v -1.036515 0 4.861061 1 1 1
v 0.1962378 0 3.405233 1 1 1
v 0.2212377 0.1 3.430233 1 1 1
v 0.1962378 0 3.605233 1 1 1
v 0.2212377 0.1 3.580233 1 1 1
v 0.3712378 0.1 3.430233 1 1 1
v 0.3712378 0.1 3.580233 1 1 1
v 0.3962377 0 3.405233 1 1 1
v 0.3962377 0 3.605233 1 1 1
v 0.823903 0.05 4.053068 1 1 1
v 0.5341253 0.05 4.130714 1 1 1
v 0.7462572 0.05 3.763291 1 1 1
v 0.4564795 0.05 3.840936 1 1 1
v 0.4987699 0 4.191951 1 1 1
v 0.3952423 0 3.805581 1 1 1
v 1.323453 0.1 4.470175 1 1 1
v 1.245807 0.1 4.759953 1 1 1
v 1.033675 0.1 4.392529 1 1 1
v 0.9560292 0.1 4.682307 1 1 1
v 1.38469 0 4.43482 1 1 1
v 1.281162 0 4.82119 1 1 1
v 0.8851402 0 4.088424 1 1 1
v 0.7816126 0 3.702053 1 1 1
v 0.894792 0 4.717662 1 1 1
v 0.9983196 0 4.331292 1 1 1
v -8.497211 0 2.747846 1 1 1
v -8.393683 0 2.361475 1 1 1
v -8.435974 0.1 2.712491 1 1 1
v -8.358328 0.1 2.422713 1 1 1
v -8.524198 0 2.248742 1 1 1
v -8.717383 0 2.300506 1 1 1
v -8.554816 0.05 2.231065 1 1 1
v -8.699705 0.05 2.269887 1 1 1
v -8.007313 0 2.465003 1 1 1
v -8.110841 0 2.851374 1 1 1
v -8.06855 0.1 2.500359 1 1 1
v -8.146196 0.1 2.790136 1 1 1
v -8.738528 0.05 2.124999 1 1 1
v -8.593639 0.05 2.086176 1 1 1
v -8.769147 0 2.107321 1 1 1
v -8.575962 0 2.055557 1 1 1
v -6.356917 0.05 4.649966 1 1 1
v -6.569049 0.05 4.437834 1 1 1
v -6.144785 0.05 4.437834 1 1 1
v -6.356917 0.05 4.225702 1 1 1
v -6.63976 0 4.437834 1 1 1
v -6.356917 0 4.154991 1 1 1
v -6.356917 0 4.720676 1 1 1
v -6.074074 0 4.437834 1 1 1
v -7.181538 0 4.271631 1 1 1
v -7.146182 0.05 4.210394 1 1 1
v -6.795167 0 4.168103 1 1 1
v -6.856404 0.05 4.132748 1 1 1
v -6.898695 0 3.781733 1 1 1
v -6.93405 0.05 3.84297 1 1 1
v -6.498347 0 3.582728 1 1 1
v -6.498347 0 3.782728 1 1 1
v -6.523347 0.1 3.607728 1 1 1
v -6.523347 0.1 3.757728 1 1 1
v -6.673347 0.1 3.757728 1 1 1
v -6.673347 0.1 3.607728 1 1 1
v -7.223828 0.05 3.920616 1 1 1
v -7.285065 0 3.88526 1 1 1
v -6.698347 0 3.782728 1 1 1
v -6.698347 0 3.582728 1 1 1
v -6 0 6 1 1 1
v -8.828427 0 4.828427 1 1 1
v -6 0 2 1 1 1
v -10 0 2 1 1 1
v 2 0 -2 1 1 1
v -2 0 -2 1 1 1
v -6 0 -2 1 1 1
v -6 0 2 1 1 1
v -6 0 6 1 1 1
v 6 0 -6 1 1 1
v 6 0 -2 1 1 1
v 2 0 -6 1 1 1
v 6 0 2 1 1 1
v 6 0 6 1 1 1
v -2 0 -6 1 1 1
v -6 0 -6 1 1 1
v 3.774421 0 0.1721032 1 1 1
v 2.61531 0 -0.1384797 1 1 1
v 3.668355 0.1 -0.01160853 1 1 1
v 2.799022 0.1 -0.2445457 1 1 1
v 5.211001 0.1 -0.9062634 1 1 1
v 4.930368 0.1 -0.8002209 1 1 1
v 5.104959 0.1 -1.186897 1 1 1
v 4.824326 0.1 -1.080854 1 1 1
v 3.901292 0.1 -0.8809417 1 1 1
v 3.031959 0.1 -1.113879 1 1 1
v 3.609777 0 0.5248481 1 1 1
v 3.732251 0.2 0.5955588 1 1 1
v 3.816832 0 1.297589 1 1 1
v 3.887543 0.2 1.175114 1 1 1
v 4.467098 0.2 1.019823 1 1 1
v 4.311807 0.2 0.4402673 1 1 1
v 4.589572 0 1.090533 1 1 1
v 4.085004 0 -0.9870078 1 1 1
v 2.925893 0 -1.297591 1 1 1
v 2.772713 0.05 1.33564 1 1 1
v 2.482935 0.05 1.413286 1 1 1
v 2.695067 0.05 1.045862 1 1 1
v 2.40529 0.05 1.123508 1 1 1
v 2.44758 0 1.474523 1 1 1
v 2.344052 0 1.088153 1 1 1
v 2.83395 0 1.370995 1 1 1
v 2.730422 0 0.984625 1 1 1
v 4.75988 0 -1.109953 1 1 1
v 4.90127 0 -0.735775 1 1 1
v 5.134058 0 -1.251343 1 1 1
v 5.275447 0 -0.8771649 1 1 1
v 5.385044 0 1.396791 1 1 1
v 5.578229 0 1.345027 1 1 1
v 5.415662 0.05 1.414469 1 1 1
v 5.560551 0.05 1.375646 1 1 1
v 5.599374 0.05 1.520535 1 1 1
v 5.454485 0.05 1.559358 1 1 1
v 4.382517 0 0.3177929 1 1 1
v 5.629992 0 1.538212 1 1 1
v 5.436808 0 1.589976 1 1 1
v 3.069483 0 -1.720208 1 1 1
v 3.262668 0 -1.771971 1 1 1
v 3.100101 0.05 -1.70253 1 1 1
v 3.24499 0.05 -1.741353 1 1 1
v 3.283813 0.05 -1.596464 1 1 1
v 3.138924 0.05 -1.557641 1 1 1
v 3.121247 0 -1.527022 1 1 1
v 3.314432 0 -1.578786 1 1 1
v 3.313485 0.1 0.5110608 1 1 1
v 3.313485 0.1 0.8110608 1 1 1
v 3.013485 0.1 0.5110608 1 1 1
v 3.013485 0.1 0.8110608 1 1 1
v 3.363485 0 0.4610608 1 1 1
v 3.363485 0 0.8610607 1 1 1
v 2.963485 0 0.4610608 1 1 1
v 2.963485 0 0.8610607 1 1 1
v 4.196238 0 -0.594767 1 1 1
v 4.221238 0.1 -0.569767 1 1 1
v 4.196238 0 -0.394767 1 1 1
v 4.221238 0.1 -0.419767 1 1 1
v 4.371238 0.1 -0.569767 1 1 1
v 4.371238 0.1 -0.419767 1 1 1
v 4.396238 0 -0.594767 1 1 1
v 4.396238 0 -0.394767 1 1 1
v 4.823903 0.05 0.0530683 1 1 1
v 4.534125 0.05 0.130714 1 1 1
v 4.746257 0.05 -0.2367094 1 1 1
v 4.45648 0.05 -0.1590637 1 1 1
v 4.49877 0 0.1919513 1 1 1
v 4.395242 0 -0.1944191 1 1 1
v 5.323452 0.1 0.4701748 1 1 1
v 5.245807 0.1 0.7599526 1 1 1
v 5.033675 0.1 0.3925292 1 1 1
v 4.956029 0.1 0.6823069 1 1 1
v 5.38469 0 0.4348195 1 1 1
v 5.281162 0 0.8211898 1 1 1
v 4.88514 0 0.08842362 1 1 1
v 4.781612 0 -0.2979467 1 1 1
v 4.894792 0 0.7176622 1 1 1
v 4.99832 0 0.3312919 1 1 1
v -10 0 -2 1 1 1
v -10 0 2 1 1 1
v -8.225579 0 0.1721032 1 1 1
v -9.384689 0 -0.1384797 1 1 1
v -8.331645 0.1 -0.01160853 1 1 1
v -9.200978 0.1 -0.2445457 1 1 1
v -6.788999 0.1 -0.9062634 1 1 1
v -7.069632 0.1 -0.8002209 1 1 1
v -6.895041 0.1 -1.186897 1 1 1
v -7.175674 0.1 -1.080854 1 1 1
v -8.098708 0.1 -0.8809417 1 1 1
v -8.96804 0.1 -1.113879 1 1 1
v -8.390224 0 0.5248481 1 1 1
v -8.267749 0.2 0.5955588 1 1 1
v -8.183168 0 1.297589 1 1 1
v -8.112457 0.2 1.175114 1 1 1
v -7.532902 0.2 1.019823 1 1 1
v -7.688193 0.2 0.4402673 1 1 1
v -7.410428 0 1.090533 1 1 1
v -7.914996 0 -0.9870078 1 1 1
v -9.074107 0 -1.297591 1 1 1
v -9.227287 0.05 1.33564 1 1 1
v -9.517065 0.05 1.413286 1 1 1
v -9.304933 0.05 1.045862 1 1 1
v -9.59471 0.05 1.123508 1 1 1
v -9.55242 0 1.474523 1 1 1
v -9.655948 0 1.088153 1 1 1
v -9.16605 0 1.370995 1 1 1
v -9.269577 0 0.984625 1 1 1
v -7.24012 0 -1.109953 1 1 1
v -7.09873 0 -0.735775 1 1 1
v -6.865942 0 -1.251343 1 1 1
v -6.724553 0 -0.8771649 1 1 1
v -6.614956 0 1.396791 1 1 1
v -6.421771 0 1.345027 1 1 1
v -6.584338 0.05 1.414469 1 1 1
v -6.439449 0.05 1.375646 1 1 1
v -6.400626 0.05 1.520535 1 1 1
v -6.545515 0.05 1.559358 1 1 1
v -7.617483 0 0.3177929 1 1 1
v -6.370008 0 1.538212 1 1 1
v -6.563192 0 1.589976 1 1 1
v -8.930517 0 -1.720208 1 1 1
v -8.737332 0 -1.771971 1 1 1
v -8.899899 0.05 -1.70253 1 1 1
v -8.75501 0.05 -1.741353 1 1 1
v -8.716187 0.05 -1.596464 1 1 1
v -8.861075 0.05 -1.557641 1 1 1
v -8.878754 0 -1.527022 1 1 1
v -8.685568 0 -1.578786 1 1 1
v -8.686515 0.1 0.5110608 1 1 1
v -8.686515 0.1 0.8110608 1 1 1
v -8.986515 0.1 0.5110608 1 1 1
v -8.986515 0.1 0.8110608 1 1 1
v -8.636516 0 0.4610608 1 1 1
v -8.636516 0 0.8610607 1 1 1
v -9.036515 0 0.4610608 1 1 1
v -9.036515 0 0.8610607 1 1 1
v -7.803762 0 -0.594767 1 1 1
v -7.778762 0.1 -0.569767 1 1 1
v -7.803762 0 -0.394767 1 1 1
v -7.778762 0.1 -0.419767 1 1 1
v -7.628762 0.1 -0.569767 1 1 1
v -7.628762 0.1 -0.419767 1 1 1
v -7.603762 0 -0.594767 1 1 1
v -7.603762 0 -0.394767 1 1 1
v -7.176097 0.05 0.0530683 1 1 1
v -7.465875 0.05 0.130714 1 1 1
v -7.253743 0.05 -0.2367094 1 1 1
v -7.54352 0.05 -0.1590637 1 1 1
v -7.50123 0 0.1919513 1 1 1
v -7.604758 0 -0.1944191 1 1 1
v -6.676548 0.1 0.4701748 1 1 1
v -6.754193 0.1 0.7599526 1 1 1
v -6.966325 0.1 0.3925292 1 1 1
v -7.043971 0.1 0.6823069 1 1 1
v -6.61531 0 0.4348195 1 1 1
v -6.718838 0 0.8211898 1 1 1
v -7.11486 0 0.08842362 1 1 1
v -7.218388 0 -0.2979467 1 1 1
v -7.105208 0 0.7176622 1 1 1
v -7.00168 0 0.3312919 1 1 1
v 2 3.609557E-16 -6 1 1 1
v 2 3.609557E-16 -2 1 1 1
v -2 3.609557E-16 -6 1 1 1
v -2 3.609557E-16 -2 1 1 1
v -0.2255788 3.609557E-16 -3.827897 1 1 1
v -1.38469 3.609557E-16 -4.13848 1 1 1
v -0.3316448 0.1 -4.011609 1 1 1
v -1.200978 0.1 -4.244545 1 1 1
v 1.211001 0.1 -4.906263 1 1 1
v 0.9303683 0.1 -4.800221 1 1 1
v 1.104959 0.1 -5.186896 1 1 1
v 0.8243259 0.1 -5.080854 1 1 1
v -0.09870771 0.1 -4.880942 1 1 1
v -0.9680409 0.1 -5.113879 1 1 1
v -0.3902232 3.609557E-16 -3.475152 1 1 1
v -0.2677487 0.2 -3.404441 1 1 1
v -0.183168 3.609557E-16 -2.702411 1 1 1
v -0.1124573 0.2 -2.824886 1 1 1
v 0.4670982 0.2 -2.980177 1 1 1
v 0.3118067 0.2 -3.559733 1 1 1
v 0.5895726 3.609557E-16 -2.909467 1 1 1
v 0.08500402 3.609557E-16 -4.987008 1 1 1
v -1.074107 3.609557E-16 -5.297591 1 1 1
v -1.227287 0.05 -2.66436 1 1 1
v -1.517065 0.05 -2.586714 1 1 1
v -1.304933 0.05 -2.954138 1 1 1
v -1.59471 0.05 -2.876492 1 1 1
v -1.55242 3.609557E-16 -2.525477 1 1 1
v -1.655948 3.609557E-16 -2.911847 1 1 1
v -1.16605 3.609557E-16 -2.629005 1 1 1
v -1.269577 3.609557E-16 -3.015375 1 1 1
v 0.7598799 3.609557E-16 -5.109952 1 1 1
v 0.9012698 3.609557E-16 -4.735775 1 1 1
v 1.134058 3.609557E-16 -5.251343 1 1 1
v 1.275447 3.609557E-16 -4.877165 1 1 1
v 1.385044 3.609557E-16 -2.603209 1 1 1
v 1.578229 3.609557E-16 -2.654973 1 1 1
v 1.415662 0.05 -2.585531 1 1 1
v 1.560551 0.05 -2.624354 1 1 1
v 1.599374 0.05 -2.479465 1 1 1
v 1.454485 0.05 -2.440642 1 1 1
v 0.3825174 3.609557E-16 -3.682207 1 1 1
v 1.629993 3.609557E-16 -2.461788 1 1 1
v 1.436807 3.609557E-16 -2.410024 1 1 1
v -0.9305171 3.609557E-16 -5.720208 1 1 1
v -0.737332 3.609557E-16 -5.771972 1 1 1
v -0.8998985 0.05 -5.70253 1 1 1
v -0.7550097 0.05 -5.741353 1 1 1
v -0.7161868 0.05 -5.596464 1 1 1
v -0.8610756 0.05 -5.557641 1 1 1
v -0.8787533 3.609557E-16 -5.527022 1 1 1
v -0.6855682 3.609557E-16 -5.578786 1 1 1
v -0.6865153 0.1 -3.488939 1 1 1
v -0.6865153 0.1 -3.188939 1 1 1
v -0.9865153 0.1 -3.488939 1 1 1
v -0.9865153 0.1 -3.188939 1 1 1
v -0.6365153 3.609557E-16 -3.538939 1 1 1
v -0.6365153 3.609557E-16 -3.138939 1 1 1
v -1.036515 3.609557E-16 -3.538939 1 1 1
v -1.036515 3.609557E-16 -3.138939 1 1 1
v 0.1962378 3.609557E-16 -4.594767 1 1 1
v 0.2212377 0.1 -4.569767 1 1 1
v 0.1962378 3.609557E-16 -4.394767 1 1 1
v 0.2212377 0.1 -4.419767 1 1 1
v 0.3712378 0.1 -4.569767 1 1 1
v 0.3712378 0.1 -4.419767 1 1 1
v 0.3962377 3.609557E-16 -4.594767 1 1 1
v 0.3962377 3.609557E-16 -4.394767 1 1 1
v 0.823903 0.05 -3.946932 1 1 1
v 0.5341253 0.05 -3.869286 1 1 1
v 0.7462572 0.05 -4.23671 1 1 1
v 0.4564795 0.05 -4.159064 1 1 1
v 0.4987699 3.609557E-16 -3.808049 1 1 1
v 0.3952423 3.609557E-16 -4.194419 1 1 1
v 1.323453 0.1 -3.529825 1 1 1
v 1.245807 0.1 -3.240047 1 1 1
v 1.033675 0.1 -3.607471 1 1 1
v 0.9560292 0.1 -3.317693 1 1 1
v 1.38469 3.609557E-16 -3.565181 1 1 1
v 1.281162 3.609557E-16 -3.17881 1 1 1
v 0.8851402 3.609557E-16 -3.911576 1 1 1
v 0.7816126 3.609557E-16 -4.297947 1 1 1
v 0.894792 3.609557E-16 -3.282338 1 1 1
v 0.9983196 3.609557E-16 -3.668708 1 1 1
v 10 0 -2 1 1 1
v 10 0 2 1 1 1
v 7.774421 0 0.1721032 1 1 1
v 6.61531 0 -0.1384797 1 1 1
v 7.668355 0.1 -0.01160853 1 1 1
v 6.799022 0.1 -0.2445457 1 1 1
v 9.211001 0.1 -0.9062634 1 1 1
v 8.930368 0.1 -0.8002209 1 1 1
v 9.104959 0.1 -1.186897 1 1 1
v 8.824326 0.1 -1.080854 1 1 1
v 7.901292 0.1 -0.8809417 1 1 1
v 7.031959 0.1 -1.113879 1 1 1
v 7.609777 0 0.5248481 1 1 1
v 7.732251 0.2 0.5955588 1 1 1
v 7.816832 0 1.297589 1 1 1
v 7.887543 0.2 1.175114 1 1 1
v 8.467098 0.2 1.019823 1 1 1
v 8.311807 0.2 0.4402673 1 1 1
v 8.589573 0 1.090533 1 1 1
v 8.085004 0 -0.9870078 1 1 1
v 6.925893 0 -1.297591 1 1 1
v 6.772713 0.05 1.33564 1 1 1
v 6.482935 0.05 1.413286 1 1 1
v 6.695067 0.05 1.045862 1 1 1
v 6.40529 0.05 1.123508 1 1 1
v 6.44758 0 1.474523 1 1 1
v 6.344052 0 1.088153 1 1 1
v 6.83395 0 1.370995 1 1 1
v 6.730422 0 0.984625 1 1 1
v 8.75988 0 -1.109953 1 1 1
v 8.90127 0 -0.735775 1 1 1
v 9.134058 0 -1.251343 1 1 1
v 9.275448 0 -0.8771649 1 1 1
v 9.385044 0 1.396791 1 1 1
v 9.578229 0 1.345027 1 1 1
v 9.415662 0.05 1.414469 1 1 1
v 9.560551 0.05 1.375646 1 1 1
v 9.599374 0.05 1.520535 1 1 1
v 9.454485 0.05 1.559358 1 1 1
v 8.382518 0 0.3177929 1 1 1
v 9.629992 0 1.538212 1 1 1
v 9.436808 0 1.589976 1 1 1
v 7.069483 0 -1.720208 1 1 1
v 7.262668 0 -1.771971 1 1 1
v 7.100101 0.05 -1.70253 1 1 1
v 7.24499 0.05 -1.741353 1 1 1
v 7.283813 0.05 -1.596464 1 1 1
v 7.138925 0.05 -1.557641 1 1 1
v 7.121247 0 -1.527022 1 1 1
v 7.314432 0 -1.578786 1 1 1
v 7.313485 0.1 0.5110608 1 1 1
v 7.313485 0.1 0.8110608 1 1 1
v 7.013485 0.1 0.5110608 1 1 1
v 7.013485 0.1 0.8110608 1 1 1
v 7.363485 0 0.4610608 1 1 1
v 7.363485 0 0.8610607 1 1 1
v 6.963485 0 0.4610608 1 1 1
v 6.963485 0 0.8610607 1 1 1
v 8.196238 0 -0.594767 1 1 1
v 8.221238 0.1 -0.569767 1 1 1
v 8.196238 0 -0.394767 1 1 1
v 8.221238 0.1 -0.419767 1 1 1
v 8.371238 0.1 -0.569767 1 1 1
v 8.371238 0.1 -0.419767 1 1 1
v 8.396237 0 -0.594767 1 1 1
v 8.396237 0 -0.394767 1 1 1
v 8.823903 0.05 0.0530683 1 1 1
v 8.534125 0.05 0.130714 1 1 1
v 8.746257 0.05 -0.2367094 1 1 1
v 8.45648 0.05 -0.1590637 1 1 1
v 8.49877 0 0.1919513 1 1 1
v 8.395243 0 -0.1944191 1 1 1
v 9.323453 0.1 0.4701748 1 1 1
v 9.245807 0.1 0.7599526 1 1 1
v 9.033675 0.1 0.3925292 1 1 1
v 8.956029 0.1 0.6823069 1 1 1
v 9.38469 0 0.4348195 1 1 1
v 9.281162 0 0.8211898 1 1 1
v 8.88514 0 0.08842362 1 1 1
v 8.781612 0 -0.2979467 1 1 1
v 8.894792 0 0.7176622 1 1 1
v 8.99832 0 0.3312919 1 1 1
v -6.747846 0 -4.497211 1 1 1
v -6.361475 0 -4.393683 1 1 1
v -6.712491 0.1 -4.435973 1 1 1
v -6.422713 0.1 -4.358327 1 1 1
v -6.248742 0 -4.524197 1 1 1
v -6.300506 0 -4.717382 1 1 1
v -6.231065 0.05 -4.554816 1 1 1
v -6.269887 0.05 -4.699705 1 1 1
v -6.465003 0 -4.007313 1 1 1
v -6.851374 0 -4.11084 1 1 1
v -6.500359 0.1 -4.06855 1 1 1
v -6.790136 0.1 -4.146195 1 1 1
v -6.124999 0.05 -4.738527 1 1 1
v -6.086176 0.05 -4.593638 1 1 1
v -6.107321 0 -4.769146 1 1 1
v -6.055557 0 -4.575961 1 1 1
v -8.649965 0.05 -2.356916 1 1 1
v -8.437834 0.05 -2.569048 1 1 1
v -8.437834 0.05 -2.144784 1 1 1
v -8.225701 0.05 -2.356916 1 1 1
v -8.437834 0 -2.639759 1 1 1
v -8.154991 0 -2.356916 1 1 1
v -8.720676 0 -2.356916 1 1 1
v -8.437834 0 -2.074074 1 1 1
v -8.27163 0 -3.181537 1 1 1
v -8.210393 0.05 -3.146182 1 1 1
v -8.168103 0 -2.795166 1 1 1
v -8.132748 0.05 -2.856404 1 1 1
v -7.781733 0 -2.898694 1 1 1
v -7.84297 0.05 -2.93405 1 1 1
v -7.582728 0 -2.498346 1 1 1
v -7.782728 0 -2.498346 1 1 1
v -7.607728 0.1 -2.523346 1 1 1
v -7.757728 0.1 -2.523346 1 1 1
v -7.757728 0.1 -2.673346 1 1 1
v -7.607728 0.1 -2.673346 1 1 1
v -7.920615 0.05 -3.223827 1 1 1
v -7.88526 0 -3.285065 1 1 1
v -7.782728 0 -2.698346 1 1 1
v -7.582728 0 -2.698346 1 1 1
v -8.828427 0 -4.828427 1 1 1
v 8.497211 0 -2.747846 1 1 1
v 8.393683 0 -2.361476 1 1 1
v 8.435974 0.1 -2.712491 1 1 1
v 8.358329 0.1 -2.422713 1 1 1
v 8.524199 0 -2.248743 1 1 1
v 8.717383 0 -2.300506 1 1 1
v 8.554817 0.05 -2.231065 1 1 1
v 8.699706 0.05 -2.269888 1 1 1
v 8.007314 0 -2.465003 1 1 1
v 8.110841 0 -2.851374 1 1 1
v 8.068551 0.1 -2.500359 1 1 1
v 8.146196 0.1 -2.790137 1 1 1
v 8.738528 0.05 -2.124999 1 1 1
v 8.593639 0.05 -2.086176 1 1 1
v 8.769147 0 -2.107321 1 1 1
v 8.575962 0 -2.055557 1 1 1
v 6.356917 0.05 -4.649966 1 1 1
v 6.569049 0.05 -4.437834 1 1 1
v 6.144785 0.05 -4.437834 1 1 1
v 6.356917 0.05 -4.225701 1 1 1
v 6.63976 0 -4.437834 1 1 1
v 6.356917 0 -4.154991 1 1 1
v 6.356917 0 -4.720676 1 1 1
v 6.074074 0 -4.437834 1 1 1
v 7.181538 0 -4.271631 1 1 1
v 7.146182 0.05 -4.210393 1 1 1
v 6.795167 0 -4.168103 1 1 1
v 6.856404 0.05 -4.132748 1 1 1
v 6.898695 0 -3.781733 1 1 1
v 6.93405 0.05 -3.84297 1 1 1
v 6.498347 0 -3.582728 1 1 1
v 6.498347 0 -3.782728 1 1 1
v 6.523347 0.1 -3.607728 1 1 1
v 6.523347 0.1 -3.757728 1 1 1
v 6.673347 0.1 -3.757728 1 1 1
v 6.673347 0.1 -3.607728 1 1 1
v 7.223828 0.05 -3.920616 1 1 1
v 7.285065 0 -3.88526 1 1 1
v 6.698347 0 -3.782728 1 1 1
v 6.698347 0 -3.582728 1 1 1
v 6 0 -6 1 1 1
v 8.828427 0 -4.828427 1 1 1
v 6 0 -2 1 1 1
v 6.747846 0 4.497211 1 1 1
v 6.361475 0 4.393683 1 1 1
v 6.712491 0.1 4.435973 1 1 1
v 6.422713 0.1 4.358327 1 1 1
v 6.248742 0 4.524197 1 1 1
v 6.300506 0 4.717382 1 1 1
v 6.231065 0.05 4.554816 1 1 1
v 6.269887 0.05 4.699705 1 1 1
v 6.465003 0 4.007313 1 1 1
v 6.851374 0 4.11084 1 1 1
v 6.500359 0.1 4.06855 1 1 1
v 6.790136 0.1 4.146195 1 1 1
v 6.124999 0.05 4.738527 1 1 1
v 6.086176 0.05 4.593638 1 1 1
v 6.107321 0 4.769146 1 1 1
v 6.055557 0 4.575961 1 1 1
v 8.649965 0.05 2.356916 1 1 1
v 8.437834 0.05 2.569048 1 1 1
v 8.437834 0.05 2.144784 1 1 1
v 8.225701 0.05 2.356916 1 1 1
v 8.437834 0 2.639759 1 1 1
v 8.154991 0 2.356916 1 1 1
v 8.720676 0 2.356916 1 1 1
v 8.437834 0 2.074074 1 1 1
v 8.27163 0 3.181537 1 1 1
v 8.210393 0.05 3.146182 1 1 1
v 8.168103 0 2.795166 1 1 1
v 8.132748 0.05 2.856404 1 1 1
v 7.781733 0 2.898694 1 1 1
v 7.84297 0.05 2.93405 1 1 1
v 7.582728 0 2.498346 1 1 1
v 7.782728 0 2.498346 1 1 1
v 7.607728 0.1 2.523346 1 1 1
v 7.757728 0.1 2.523346 1 1 1
v 7.757728 0.1 2.673346 1 1 1
v 7.607728 0.1 2.673346 1 1 1
v 7.920615 0.05 3.223827 1 1 1
v 7.88526 0 3.285064 1 1 1
v 7.782728 0 2.698346 1 1 1
v 7.582728 0 2.698346 1 1 1
v 8.828427 0 4.828427 1 1 1
v -6 0.2 5.399002 1 1 1
v -4 0.2 5.199002 1 1 1
v -6 0.9 5.399002 1 1 1
v -4 0.9 5.199002 1 1 1
v -2 0.9 6 1 1 1
v -6 0.9 6 1 1 1
v -2 0.9 5.399002 1 1 1
v -2 0.2 6 1 1 1
v -6 0.2 6 1 1 1
v -2 0.2 5.399002 1 1 1
v -10 0.9 -1.399002 1 1 1
v -10 0.9 -2 1 1 1
v -9.699501 0.9 -1.479521 1 1 1
v -9.399002 0.9 -2 1 1 1
v -9.479521 0.9 -1.699501 1 1 1
v -10 0.2 -1.399002 1 1 1
v -10 0.2 -2 1 1 1
v -9.399002 0.2 -2 1 1 1
v -9.479521 0.2 -1.699501 1 1 1
v -9.699501 0.2 -1.479521 1 1 1
v 9.399002 0.9 -2 1 1 1
v 10 0.9 -2 1 1 1
v 9.479521 0.9 -1.699501 1 1 1
v 10 0.9 -1.399002 1 1 1
v 9.699501 0.9 -1.479521 1 1 1
v 9.399002 0.2 -2 1 1 1
v 10 0.2 -2 1 1 1
v 10 0.2 -1.399002 1 1 1
v 9.699501 0.2 -1.479521 1 1 1
v 9.479521 0.2 -1.699501 1 1 1
v 10 0.9 1.399002 1 1 1
v 10 0.9 2 1 1 1
v 9.699501 0.9 1.479521 1 1 1
v 9.399002 0.9 2 1 1 1
v 9.479521 0.9 1.699501 1 1 1
v 10 0.2 1.399002 1 1 1
v 10 0.2 2 1 1 1
v 9.399002 0.2 2 1 1 1
v 9.479521 0.2 1.699501 1 1 1
v 9.699501 0.2 1.479521 1 1 1
v -2 0.9 -5.399002 1 1 1
v -2 0.9 -6 1 1 1
v -1.699501 0.9 -5.479521 1 1 1
v -1.399003 0.9 -6 1 1 1
v -1.479521 0.9 -5.699501 1 1 1
v -2 0.2 -5.399002 1 1 1
v -2 0.2 -6 1 1 1
v -1.399003 0.2 -6 1 1 1
v -1.479521 0.2 -5.699501 1 1 1
v -1.699501 0.2 -5.479521 1 1 1
v 1.399002 0.9 -6 1 1 1
v 2 0.9 -6 1 1 1
v 1.479521 0.9 -5.699501 1 1 1
v 2 0.9 -5.399002 1 1 1
v 1.699501 0.9 -5.479521 1 1 1
v 1.399002 0.2 -6 1 1 1
v 2 0.2 -6 1 1 1
v 2 0.2 -5.399002 1 1 1
v 1.699501 0.2 -5.479521 1 1 1
v 1.479521 0.2 -5.699501 1 1 1
v 2 0.2 5.399002 1 1 1
v 4 0.2 5.199002 1 1 1
v 2 0.9 5.399002 1 1 1
v 4 0.9 5.199002 1 1 1
v 6 0.9 6 1 1 1
v 2 0.9 6 1 1 1
v 6 0.9 5.399002 1 1 1
v 6 0.2 6 1 1 1
v 2 0.2 6 1 1 1
v 6 0.2 5.399002 1 1 1
v 6 0.2 -5.399002 1 1 1
v 4 0.2 -5.199002 1 1 1
v 6 0.9 -5.399002 1 1 1
v 4 0.9 -5.199002 1 1 1
v 2 0.9 -6 1 1 1
v 6 0.9 -6 1 1 1
v 2 0.2 -6 1 1 1
v 6 0.2 -6 1 1 1
v -4 0.2 -5.199002 1 1 1
v -4 0.9 -5.199002 1 1 1
v -6 0.9 -6 1 1 1
v -2 0.9 -6 1 1 1
v -6 0.9 -5.399002 1 1 1
v -6 0.2 -6 1 1 1
v -2 0.2 -6 1 1 1
v -6 0.2 -5.399002 1 1 1
v -9.399002 0.9 2 1 1 1
v -10 0.9 2 1 1 1
v -9.479521 0.9 1.699501 1 1 1
v -10 0.9 1.399002 1 1 1
v -9.699501 0.9 1.479521 1 1 1
v -9.399002 0.2 2 1 1 1
v -10 0.2 2 1 1 1
v -10 0.2 1.399002 1 1 1
v -9.699501 0.2 1.479521 1 1 1
v -9.479521 0.2 1.699501 1 1 1
v 2 0.9 6 1 1 1
v 1.699501 0.9 5.479521 1 1 1
v 1.399003 0.9 6 1 1 1
v 1.479521 0.9 5.699501 1 1 1
v 2 0.2 6 1 1 1
v 1.399003 0.2 6 1 1 1
v 1.479521 0.2 5.699501 1 1 1
v 1.699501 0.2 5.479521 1 1 1
v -1.399002 0.9 6 1 1 1
v -2 0.9 6 1 1 1
v -1.479521 0.9 5.699501 1 1 1
v -2 0.9 5.399002 1 1 1
v -1.699501 0.9 5.479521 1 1 1
v -1.399002 0.2 6 1 1 1
v -2 0.2 6 1 1 1
v -2 0.2 5.399002 1 1 1
v -1.699501 0.2 5.479521 1 1 1
v -1.479521 0.2 5.699501 1 1 1
v -6 0.9 6 1 1 1
v -7.530734 0.9 5.695518 1 1 1
v -6 0.9 5.399003 1 1 1
v -7.300742 0.9 5.140269 1 1 1
v -8.828427 0.9 4.828427 1 1 1
v -8.403458 0.9 4.403458 1 1 1
v -9.695518 0.9 3.530734 1 1 1
v -9.140268 0.9 3.300742 1 1 1
v -10 0.9 2 1 1 1
v -9.399002 0.9 2 1 1 1
v -6 0.2 5.399003 1 1 1
v -6 0.2 6 1 1 1
v -7.300742 0.2 5.140269 1 1 1
v -8.403458 0.2 4.403458 1 1 1
v -9.140268 0.2 3.300742 1 1 1
v -9.399002 0.2 2 1 1 1
v -10 0.2 2 1 1 1
v -9.695518 0.2 3.530734 1 1 1
v -8.828427 0.2 4.828427 1 1 1
v -7.530734 0.2 5.695518 1 1 1
v -10 0.9 -2 1 1 1
v -9.695518 0.9 -3.530734 1 1 1
v -9.399002 0.9 -2 1 1 1
v -9.140268 0.9 -3.300742 1 1 1
v -8.828427 0.9 -4.828427 1 1 1
v -8.403458 0.9 -4.403458 1 1 1
v -7.530734 0.9 -5.695518 1 1 1
v -7.300742 0.9 -5.140269 1 1 1
v -6 0.9 -6 1 1 1
v -6 0.9 -5.399003 1 1 1
v -9.399002 0.2 -2 1 1 1
v -10 0.2 -2 1 1 1
v -9.140268 0.2 -3.300742 1 1 1
v -8.403458 0.2 -4.403458 1 1 1
v -7.300742 0.2 -5.140269 1 1 1
v -6 0.2 -5.399003 1 1 1
v -6 0.2 -6 1 1 1
v -7.530734 0.2 -5.695518 1 1 1
v -8.828427 0.2 -4.828427 1 1 1
v -9.695518 0.2 -3.530734 1 1 1
v 6 0.9 -6 1 1 1
v 7.530734 0.9 -5.695518 1 1 1
v 6 0.9 -5.399002 1 1 1
v 7.300742 0.9 -5.140269 1 1 1
v 8.828427 0.9 -4.828427 1 1 1
v 8.403458 0.9 -4.403458 1 1 1
v 9.695518 0.9 -3.530734 1 1 1
v 9.140269 0.9 -3.300742 1 1 1
v 10 0.9 -2 1 1 1
v 9.399003 0.9 -2 1 1 1
v 6 0.2 -5.399002 1 1 1
v 6 0.2 -6 1 1 1
v 7.300742 0.2 -5.140269 1 1 1
v 8.403458 0.2 -4.403458 1 1 1
v 9.140269 0.2 -3.300742 1 1 1
v 9.399003 0.2 -2 1 1 1
v 10 0.2 -2 1 1 1
v 9.695518 0.2 -3.530734 1 1 1
v 8.828427 0.2 -4.828427 1 1 1
v 7.530734 0.2 -5.695518 1 1 1
v 10 0.9 2 1 1 1
v 9.695518 0.9 3.530734 1 1 1
v 9.399002 0.9 2 1 1 1
v 9.140268 0.9 3.300742 1 1 1
v 8.828427 0.9 4.828427 1 1 1
v 8.403458 0.9 4.403458 1 1 1
v 7.530734 0.9 5.695518 1 1 1
v 7.300742 0.9 5.140269 1 1 1
v 6 0.9 6 1 1 1
v 6 0.9 5.399003 1 1 1
v 9.399002 0.2 2 1 1 1
v 10 0.2 2 1 1 1
v 9.140268 0.2 3.300742 1 1 1
v 8.403458 0.2 4.403458 1 1 1
v 7.300742 0.2 5.140269 1 1 1
v 6 0.2 5.399003 1 1 1
v 6 0.2 6 1 1 1
v 7.530734 0.2 5.695518 1 1 1
v 8.828427 0.2 4.828427 1 1 1
v 9.695518 0.2 3.530734 1 1 1
v -2 0.9 6.000001 1 1 1
v -6 0.9 6.000001 1 1 1
v -2 4.05 6.000001 1 1 1
v -6 4.05 6.000001 1 1 1
v -2 4.05 5.600001 1 1 1
v -2 0.9 5.600001 1 1 1
v -6 0.9 5.600001 1 1 1
v -6 4.05 5.600001 1 1 1
v -4 4.05 5.400001 1 1 1
v -4 0.9 5.400001 1 1 1
v -4 7.219114E-16 4.548004 1 1 1
v -3.454019 7.219114E-16 4.639001 1 1 1
v -4 0.2 4.548004 1 1 1
v -3.454019 0.2 4.639001 1 1 1
v -3.332364 0.2 4.760656 1 1 1
v -3.332364 7.219114E-16 4.760656 1 1 1
v -3.241367 0.2 5.306637 1 1 1
v -3.241367 7.219114E-16 5.306637 1 1 1
v -4.545981 7.219114E-16 4.639001 1 1 1
v -4.545981 0.2 4.639001 1 1 1
v -4.758633 0.2 5.306637 1 1 1
v -4.667636 0.2 4.760656 1 1 1
v -4.667636 7.219114E-16 4.760656 1 1 1
v -4.758633 7.219114E-16 5.306637 1 1 1
v -2 0.2 4.998004 1 1 1
v -2 3.609557E-16 4.998004 1 1 1
v -2 3.609557E-16 6 1 1 1
v -6 3.609557E-16 4.998004 1 1 1
v -4 3.609557E-16 4.798005 1 1 1
v -6 0.2 4.998004 1 1 1
v -4 0.2 4.798005 1 1 1
v -6 3.609557E-16 6 1 1 1
v -5.072641 2.957801 5.507264 1 1 1
v -5.077617 2.957801 5.457512 1 1 1
v -5.122393 2.907801 5.512239 1 1 1
v -5.127368 2.907801 5.462488 1 1 1
v -5.072641 3.157801 5.507264 1 1 1
v -5.122393 3.207801 5.512239 1 1 1
v -5.077617 3.157801 5.457512 1 1 1
v -5.127368 3.207801 5.462488 1 1 1
v -5.510866 2.907801 5.500837 1 1 1
v -5.560617 2.957801 5.505813 1 1 1
v -5.560617 3.157801 5.505813 1 1 1
v -5.510866 3.207801 5.500837 1 1 1
v -5.505891 3.207801 5.550589 1 1 1
v -5.505891 2.907801 5.550589 1 1 1
v -5.555642 2.957801 5.555564 1 1 1
v -5.555642 3.157801 5.555564 1 1 1
v -5.128829 2.397031 5.512883 1 1 1
v -5.133804 2.397031 5.463131 1 1 1
v -5.178581 2.447031 5.517858 1 1 1
v -5.183556 2.447031 5.468106 1 1 1
v -4.745332 2.397031 5.474533 1 1 1
v -4.69558 2.447031 5.469558 1 1 1
v -4.69558 2.647031 5.469558 1 1 1
v -5.178581 2.647031 5.517858 1 1 1
v -4.745332 2.697031 5.474533 1 1 1
v -5.128829 2.697031 5.512883 1 1 1
v -4.750307 2.397031 5.424781 1 1 1
v -4.700555 2.447031 5.419806 1 1 1
v -4.750307 2.697031 5.424781 1 1 1
v -5.133804 2.697031 5.463131 1 1 1
v -4.700555 2.647031 5.419806 1 1 1
v -5.183556 2.647031 5.468106 1 1 1
v -2.528814 1.463198 5.496869 1 1 1
v -2.578566 1.413198 5.491894 1 1 1
v -2.533789 1.463198 5.546621 1 1 1
v -2.583541 1.413198 5.541646 1 1 1
v -3.011815 1.463198 5.448569 1 1 1
v -3.011815 1.663198 5.448569 1 1 1
v -3.01679 1.463198 5.498321 1 1 1
v -3.01679 1.663198 5.498321 1 1 1
v -2.962064 1.713198 5.453544 1 1 1
v -2.967039 1.713198 5.503296 1 1 1
v -2.962064 1.413198 5.453544 1 1 1
v -2.528814 1.663198 5.496869 1 1 1
v -2.578566 1.713198 5.491894 1 1 1
v -2.967039 1.413198 5.503296 1 1 1
v -2.533789 1.663198 5.546621 1 1 1
v -2.583541 1.713198 5.541646 1 1 1
v -10 4.05 -1.599999 1 1 1
v -10 0.9 -1.599999 1 1 1
v -10 4.05 -1.999999 1 1 1
v -10 0.9 -1.999999 1 1 1
v -9.6 0.9 -1.999999 1 1 1
v -9.6 4.05 -1.999999 1 1 1
v -9.8 0.9 -1.653589 1 1 1
v -9.8 4.05 -1.653589 1 1 1
v -9.65359 0.9 -1.799999 1 1 1
v -9.65359 4.05 -1.799999 1 1 1
v -10 -1.671676E-14 -2 1 1 1
v -8.998005 -1.671676E-14 -2 1 1 1
v -8.998005 0.2 -2 1 1 1
v -10 0.2 -0.9980049 1 1 1
v -10 -1.671676E-14 -0.9980049 1 1 1
v -9.499002 0.2 -1.132247 1 1 1
v -9.132247 0.2 -1.499002 1 1 1
v -9.499002 -1.599485E-14 -1.132247 1 1 1
v -9.132247 -1.599485E-14 -1.499002 1 1 1
v 9.6 4.05 -1.999999 1 1 1
v 9.6 0.9 -1.999999 1 1 1
v 10 4.05 -1.999999 1 1 1
v 10 0.9 -1.999999 1 1 1
v 10 0.9 -1.599999 1 1 1
v 10 4.05 -1.599999 1 1 1
v 9.65359 0.9 -1.799999 1 1 1
v 9.65359 4.05 -1.799999 1 1 1
v 9.8 0.9 -1.653589 1 1 1
v 9.8 4.05 -1.653589 1 1 1
v 10 -1.707772E-14 -2 1 1 1
v 10 -1.707772E-14 -0.9980049 1 1 1
v 10 0.2 -0.9980049 1 1 1
v 8.998005 0.2 -2 1 1 1
v 8.998005 -1.707772E-14 -2 1 1 1
v 9.132247 0.2 -1.499002 1 1 1
v 9.499002 0.2 -1.132247 1 1 1
v 9.132247 -1.635581E-14 -1.499002 1 1 1
v 9.499002 -1.635581E-14 -1.132247 1 1 1
v 10 4.05 1.599999 1 1 1
v 10 0.9 1.599999 1 1 1
v 10 4.05 1.999999 1 1 1
v 10 0.9 1.999999 1 1 1
v 9.6 0.9 1.999999 1 1 1
v 9.6 4.05 1.999999 1 1 1
v 9.8 0.9 1.653589 1 1 1
v 9.8 4.05 1.653589 1 1 1
v 9.65359 0.9 1.799999 1 1 1
v 9.65359 4.05 1.799999 1 1 1
v 10 -1.671676E-14 2 1 1 1
v 8.998005 -1.671676E-14 2 1 1 1
v 8.998005 0.2 2 1 1 1
v 10 0.2 0.9980049 1 1 1
v 10 -1.671676E-14 0.9980049 1 1 1
v 9.499002 0.2 1.132247 1 1 1
v 9.132247 0.2 1.499002 1 1 1
v 9.499002 -1.599485E-14 1.132247 1 1 1
v 9.132247 -1.599485E-14 1.499002 1 1 1
v -2 4.05 -5.599999 1 1 1
v -2 0.9 -5.599999 1 1 1
v -2 4.05 -5.999999 1 1 1
v -2 0.9 -5.999999 1 1 1
v -1.6 0.9 -5.999999 1 1 1
v -1.6 4.05 -5.999999 1 1 1
v -1.8 0.9 -5.653589 1 1 1
v -1.8 4.05 -5.653589 1 1 1
v -1.65359 0.9 -5.799999 1 1 1
v -1.65359 4.05 -5.799999 1 1 1
v -2 -1.707772E-14 -6 1 1 1
v -0.9980049 -1.707772E-14 -6 1 1 1
v -0.9980049 0.2 -6 1 1 1
v -2 0.2 -4.998005 1 1 1
v -2 -1.707772E-14 -4.998005 1 1 1
v -1.499002 0.2 -5.132247 1 1 1
v -1.132247 0.2 -5.499002 1 1 1
v -1.499002 -1.635581E-14 -5.132247 1 1 1
v -1.132247 -1.635581E-14 -5.499002 1 1 1
v 1.6 4.05 -5.999999 1 1 1
v 1.6 0.9 -5.999999 1 1 1
v 2 4.05 -6 1 1 1
v 2 0.9 -5.599999 1 1 1
v 2 4.05 -5.599999 1 1 1
v 1.65359 0.9 -5.799999 1 1 1
v 1.65359 4.05 -5.799999 1 1 1
v 1.8 0.9 -5.653589 1 1 1
v 1.8 4.05 -5.653589 1 1 1
v 2 -1.671676E-14 -6 1 1 1
v 2 -1.671676E-14 -4.998005 1 1 1
v 2 0.2 -4.998005 1 1 1
v 0.9980048 0.2 -6 1 1 1
v 0.9980048 -1.671676E-14 -6 1 1 1
v 1.132247 0.2 -5.499002 1 1 1
v 1.499002 0.2 -5.132247 1 1 1
v 1.132247 -1.599485E-14 -5.499002 1 1 1
v 1.499002 -1.599485E-14 -5.132247 1 1 1
v 6 0.9 6.000001 1 1 1
v 2 0.9 6.000001 1 1 1
v 6 4.05 6.000001 1 1 1
v 2 4.05 6.000001 1 1 1
v 6 4.05 5.600001 1 1 1
v 6 0.9 5.600001 1 1 1
v 2 0.9 5.600001 1 1 1
v 2 4.05 5.600001 1 1 1
v 4 4.05 5.400001 1 1 1
v 4 0.9 5.400001 1 1 1
v 4 3.609557E-16 4.548004 1 1 1
v 4.545981 3.609557E-16 4.639001 1 1 1
v 4 0.2 4.548004 1 1 1
v 4.545981 0.2 4.639001 1 1 1
v 4.667636 0.2 4.760656 1 1 1
v 4.667636 3.609557E-16 4.760656 1 1 1
v 4.758633 0.2 5.306637 1 1 1
v 4.758633 3.609557E-16 5.306637 1 1 1
v 3.454019 3.609557E-16 4.639001 1 1 1
v 3.454019 0.2 4.639001 1 1 1
v 3.241367 0.2 5.306637 1 1 1
v 3.332364 0.2 4.760656 1 1 1
v 3.332364 3.609557E-16 4.760656 1 1 1
v 3.241367 3.609557E-16 5.306637 1 1 1
v 6 0.2 4.998004 1 1 1
v 6 6.411861E-31 4.998004 1 1 1
v 6 6.411861E-31 6 1 1 1
v 2 6.411861E-31 4.998004 1 1 1
v 4 6.411861E-31 4.798005 1 1 1
v 2 0.2 4.998004 1 1 1
v 4 0.2 4.798005 1 1 1
v 2 6.411861E-31 6 1 1 1
v 2.927359 2.957801 5.507264 1 1 1
v 2.922384 2.957801 5.457512 1 1 1
v 2.877607 2.907801 5.512239 1 1 1
v 2.872632 2.907801 5.462488 1 1 1
v 2.927359 3.157801 5.507264 1 1 1
v 2.877607 3.207801 5.512239 1 1 1
v 2.922384 3.157801 5.457512 1 1 1
v 2.872632 3.207801 5.462488 1 1 1
v 2.489134 2.907801 5.500837 1 1 1
v 2.439383 2.957801 5.505813 1 1 1
v 2.439383 3.157801 5.505813 1 1 1
v 2.489134 3.207801 5.500837 1 1 1
v 2.494109 3.207801 5.550589 1 1 1
v 2.494109 2.907801 5.550589 1 1 1
v 2.444358 2.957801 5.555564 1 1 1
v 2.444358 3.157801 5.555564 1 1 1
v 2.871171 2.397031 5.512883 1 1 1
v 2.866196 2.397031 5.463131 1 1 1
v 2.821419 2.447031 5.517858 1 1 1
v 2.816444 2.447031 5.468106 1 1 1
v 3.254668 2.397031 5.474533 1 1 1
v 3.30442 2.447031 5.469558 1 1 1
v 3.30442 2.647031 5.469558 1 1 1
v 2.821419 2.647031 5.517858 1 1 1
v 3.254668 2.697031 5.474533 1 1 1
v 2.871171 2.697031 5.512883 1 1 1
v 3.249693 2.397031 5.424781 1 1 1
v 3.299445 2.447031 5.419806 1 1 1
v 3.249693 2.697031 5.424781 1 1 1
v 2.866196 2.697031 5.463131 1 1 1
v 3.299445 2.647031 5.419806 1 1 1
v 2.816444 2.647031 5.468106 1 1 1
v 5.471186 1.463198 5.496869 1 1 1
v 5.421434 1.413198 5.491894 1 1 1
v 5.46621 1.463198 5.546621 1 1 1
v 5.416459 1.413198 5.541646 1 1 1
v 4.988184 1.463198 5.448569 1 1 1
v 4.988184 1.663198 5.448569 1 1 1
v 4.98321 1.463198 5.498321 1 1 1
v 4.98321 1.663198 5.498321 1 1 1
v 5.037936 1.713198 5.453544 1 1 1
v 5.032961 1.713198 5.503296 1 1 1
v 5.037936 1.413198 5.453544 1 1 1
v 5.471186 1.663198 5.496869 1 1 1
v 5.421434 1.713198 5.491894 1 1 1
v 5.032961 1.413198 5.503296 1 1 1
v 5.46621 1.663198 5.546621 1 1 1
v 5.416459 1.713198 5.541646 1 1 1
v 2 0.9 -6.000001 1 1 1
v 6 0.9 -6.000001 1 1 1
v 2 4.05 -6.000001 1 1 1
v 6 4.05 -6.000001 1 1 1
v 2 4.05 -5.600001 1 1 1
v 2 0.9 -5.600001 1 1 1
v 6 0.9 -5.600001 1 1 1
v 6 4.05 -5.600001 1 1 1
v 4 4.05 -5.400001 1 1 1
v 4 0.9 -5.400001 1 1 1
v 4 7.219114E-16 -4.548004 1 1 1
v 3.454019 7.219114E-16 -4.639001 1 1 1
v 4 0.2 -4.548004 1 1 1
v 3.454019 0.2 -4.639001 1 1 1
v 3.332364 0.2 -4.760656 1 1 1
v 3.332364 7.219114E-16 -4.760656 1 1 1
v 3.241367 0.2 -5.306637 1 1 1
v 3.241367 7.219114E-16 -5.306637 1 1 1
v 4.545981 7.219114E-16 -4.639001 1 1 1
v 4.545981 0.2 -4.639001 1 1 1
v 4.758633 0.2 -5.306637 1 1 1
v 4.667636 0.2 -4.760656 1 1 1
v 4.667636 7.219114E-16 -4.760656 1 1 1
v 4.758633 7.219114E-16 -5.306637 1 1 1
v 2 0.2 -4.998004 1 1 1
v 2 3.609557E-16 -4.998004 1 1 1
v 2 3.609557E-16 -6 1 1 1
v 6 3.609557E-16 -4.998004 1 1 1
v 4 3.609557E-16 -4.798005 1 1 1
v 6 0.2 -4.998004 1 1 1
v 4 0.2 -4.798005 1 1 1
v 6 3.609557E-16 -6 1 1 1
v 5.072641 2.957801 -5.507264 1 1 1
v 5.077616 2.957801 -5.457512 1 1 1
v 5.122393 2.907801 -5.512239 1 1 1
v 5.127368 2.907801 -5.462488 1 1 1
v 5.072641 3.157801 -5.507264 1 1 1
v 5.122393 3.207801 -5.512239 1 1 1
v 5.077616 3.157801 -5.457512 1 1 1
v 5.127368 3.207801 -5.462488 1 1 1
v 5.510865 2.907801 -5.500837 1 1 1
v 5.560617 2.957801 -5.505813 1 1 1
v 5.560617 3.157801 -5.505813 1 1 1
v 5.510865 3.207801 -5.500837 1 1 1
v 5.50589 3.207801 -5.550589 1 1 1
v 5.50589 2.907801 -5.550589 1 1 1
v 5.555642 2.957801 -5.555564 1 1 1
v 5.555642 3.157801 -5.555564 1 1 1
v 5.128829 2.397031 -5.512883 1 1 1
v 5.133804 2.397031 -5.463131 1 1 1
v 5.178581 2.447031 -5.517858 1 1 1
v 5.183557 2.447031 -5.468106 1 1 1
v 4.745332 2.397031 -5.474533 1 1 1
v 4.69558 2.447031 -5.469558 1 1 1
v 4.69558 2.647031 -5.469558 1 1 1
v 5.178581 2.647031 -5.517858 1 1 1
v 4.745332 2.697031 -5.474533 1 1 1
v 5.128829 2.697031 -5.512883 1 1 1
v 4.750307 2.397031 -5.424781 1 1 1
v 4.700555 2.447031 -5.419806 1 1 1
v 4.750307 2.697031 -5.424781 1 1 1
v 5.133804 2.697031 -5.463131 1 1 1
v 4.700555 2.647031 -5.419806 1 1 1
v 5.183557 2.647031 -5.468106 1 1 1
v 2.528814 1.463198 -5.496869 1 1 1
v 2.578566 1.413198 -5.491894 1 1 1
v 2.533789 1.463198 -5.546621 1 1 1
v 2.583541 1.413198 -5.541646 1 1 1
v 3.011815 1.463198 -5.448569 1 1 1
v 3.011815 1.663198 -5.448569 1 1 1
v 3.01679 1.463198 -5.498321 1 1 1
v 3.01679 1.663198 -5.498321 1 1 1
v 2.962064 1.713198 -5.453544 1 1 1
v 2.967039 1.713198 -5.503296 1 1 1
v 2.962064 1.413198 -5.453544 1 1 1
v 2.528814 1.663198 -5.496869 1 1 1
v 2.578566 1.713198 -5.491894 1 1 1
v 2.967039 1.413198 -5.503296 1 1 1
v 2.533789 1.663198 -5.546621 1 1 1
v 2.583541 1.713198 -5.541646 1 1 1
v -6 0.9 -6.000001 1 1 1
v -2 0.9 -6.000001 1 1 1
v -6 4.05 -6.000001 1 1 1
v -2 4.05 -6.000001 1 1 1
v -6 4.05 -5.600001 1 1 1
v -6 0.9 -5.600001 1 1 1
v -2 0.9 -5.600001 1 1 1
v -2 4.05 -5.600001 1 1 1
v -4 4.05 -5.400001 1 1 1
v -4 0.9 -5.400001 1 1 1
v -4 3.609557E-16 -4.548004 1 1 1
v -4.545981 3.609557E-16 -4.639001 1 1 1
v -4 0.2 -4.548004 1 1 1
v -4.545981 0.2 -4.639001 1 1 1
v -4.667636 0.2 -4.760656 1 1 1
v -4.667636 3.609557E-16 -4.760656 1 1 1
v -4.758633 0.2 -5.306637 1 1 1
v -4.758633 3.609557E-16 -5.306637 1 1 1
v -3.454019 3.609557E-16 -4.639001 1 1 1
v -3.454019 0.2 -4.639001 1 1 1
v -3.241367 0.2 -5.306637 1 1 1
v -3.332364 0.2 -4.760656 1 1 1
v -3.332364 3.609557E-16 -4.760656 1 1 1
v -3.241367 3.609557E-16 -5.306637 1 1 1
v -6 0.2 -4.998004 1 1 1
v -6 6.411861E-31 -4.998004 1 1 1
v -6 6.411861E-31 -6 1 1 1
v -2 6.411861E-31 -4.998004 1 1 1
v -4 6.411861E-31 -4.798005 1 1 1
v -2 0.2 -4.998004 1 1 1
v -4 0.2 -4.798005 1 1 1
v -2 6.411861E-31 -6 1 1 1
v -2.927359 2.957801 -5.507264 1 1 1
v -2.922384 2.957801 -5.457512 1 1 1
v -2.877607 2.907801 -5.512239 1 1 1
v -2.872632 2.907801 -5.462488 1 1 1
v -2.927359 3.157801 -5.507264 1 1 1
v -2.877607 3.207801 -5.512239 1 1 1
v -2.922384 3.157801 -5.457512 1 1 1
v -2.872632 3.207801 -5.462488 1 1 1
v -2.489135 2.907801 -5.500837 1 1 1
v -2.439383 2.957801 -5.505813 1 1 1
v -2.439383 3.157801 -5.505813 1 1 1
v -2.489135 3.207801 -5.500837 1 1 1
v -2.49411 3.207801 -5.550589 1 1 1
v -2.49411 2.907801 -5.550589 1 1 1
v -2.444358 2.957801 -5.555564 1 1 1
v -2.444358 3.157801 -5.555564 1 1 1
v -2.871171 2.397031 -5.512883 1 1 1
v -2.866195 2.397031 -5.463131 1 1 1
v -2.821419 2.447031 -5.517858 1 1 1
v -2.816443 2.447031 -5.468106 1 1 1
v -3.254668 2.397031 -5.474533 1 1 1
v -3.30442 2.447031 -5.469558 1 1 1
v -3.30442 2.647031 -5.469558 1 1 1
v -2.821419 2.647031 -5.517858 1 1 1
v -3.254668 2.697031 -5.474533 1 1 1
v -2.871171 2.697031 -5.512883 1 1 1
v -3.249693 2.397031 -5.424781 1 1 1
v -3.299445 2.447031 -5.419806 1 1 1
v -3.249693 2.697031 -5.424781 1 1 1
v -2.866195 2.697031 -5.463131 1 1 1
v -3.299445 2.647031 -5.419806 1 1 1
v -2.816443 2.647031 -5.468106 1 1 1
v -5.471186 1.463198 -5.496869 1 1 1
v -5.421434 1.413198 -5.491894 1 1 1
v -5.46621 1.463198 -5.546621 1 1 1
v -5.416459 1.413198 -5.541646 1 1 1
v -4.988184 1.463198 -5.448569 1 1 1
v -4.988184 1.663198 -5.448569 1 1 1
v -4.98321 1.463198 -5.498321 1 1 1
v -4.98321 1.663198 -5.498321 1 1 1
v -5.037936 1.713198 -5.453544 1 1 1
v -5.032961 1.713198 -5.503296 1 1 1
v -5.037936 1.413198 -5.453544 1 1 1
v -5.471186 1.663198 -5.496869 1 1 1
v -5.421434 1.713198 -5.491894 1 1 1
v -5.032961 1.413198 -5.503296 1 1 1
v -5.46621 1.663198 -5.546621 1 1 1
v -5.416459 1.713198 -5.541646 1 1 1
v -9.6 4.05 1.999999 1 1 1
v -9.6 0.9 1.999999 1 1 1
v -10 4.05 1.999999 1 1 1
v -10 0.9 1.999999 1 1 1
v -10 0.9 1.599999 1 1 1
v -10 4.05 1.599999 1 1 1
v -9.65359 0.9 1.799999 1 1 1
v -9.65359 4.05 1.799999 1 1 1
v -9.8 0.9 1.653589 1 1 1
v -9.8 4.05 1.653589 1 1 1
v -10 -1.707772E-14 2 1 1 1
v -10 -1.707772E-14 0.9980048 1 1 1
v -10 0.2 2 1 1 1
v -10 0.2 0.9980048 1 1 1
v -8.998005 0.2 2 1 1 1
v -8.998005 -1.707772E-14 2 1 1 1
v -9.132247 0.2 1.499002 1 1 1
v -9.499002 0.2 1.132247 1 1 1
v -9.132247 -1.635581E-14 1.499002 1 1 1
v -9.499002 -1.635581E-14 1.132247 1 1 1
v 2 4.05 5.599999 1 1 1
v 2 0.9 5.599999 1 1 1
v 2 4.05 5.999999 1 1 1
v 2 0.9 5.999999 1 1 1
v 1.6 0.9 5.999999 1 1 1
v 1.6 4.05 5.999999 1 1 1
v 1.8 0.9 5.653589 1 1 1
v 1.8 4.05 5.653589 1 1 1
v 1.65359 0.9 5.799999 1 1 1
v 1.65359 4.05 5.799999 1 1 1
v 2 -1.707772E-14 6 1 1 1
v 0.9980049 -1.707772E-14 6 1 1 1
v 0.9980049 0.2 6 1 1 1
v 2 0.2 4.998005 1 1 1
v 2 -1.707772E-14 4.998005 1 1 1
v 1.499002 0.2 5.132247 1 1 1
v 1.132247 0.2 5.499002 1 1 1
v 1.499002 -1.635581E-14 5.132247 1 1 1
v 1.132247 -1.635581E-14 5.499002 1 1 1
v -1.6 4.05 6 1 1 1
v -1.6 0.9 6 1 1 1
v -2 4.05 5.999999 1 1 1
v -2 0.9 5.999999 1 1 1
v -2 0.9 5.599999 1 1 1
v -2 4.05 5.599999 1 1 1
v -1.65359 0.9 5.799999 1 1 1
v -1.65359 4.05 5.799999 1 1 1
v -1.8 0.9 5.653589 1 1 1
v -1.8 4.05 5.653589 1 1 1
v -2 -1.671676E-14 6 1 1 1
v -2 -1.671676E-14 4.998005 1 1 1
v -2 0.2 6 1 1 1
v -2 0.2 4.998005 1 1 1
v -0.9980049 0.2 6 1 1 1
v -0.9980049 -1.671676E-14 6 1 1 1
v -1.132247 0.2 5.499002 1 1 1
v -1.499002 0.2 5.132247 1 1 1
v -1.132247 -1.599485E-14 5.499002 1 1 1
v -1.499002 -1.599485E-14 5.132247 1 1 1
v -6 0.9 5.6 1 1 1
v -6 4.05 5.6 1 1 1
v -7.377661 0.9 5.325967 1 1 1
v -7.377661 4.05 5.325967 1 1 1
v -8.545585 0.9 4.545585 1 1 1
v -8.545585 4.05 4.545585 1 1 1
v -9.6 0.9 2 1 1 1
v -9.325966 0.9 3.37766 1 1 1
v -9.6 4.05 2 1 1 1
v -9.325966 4.05 3.37766 1 1 1
v -6 4.05 6 1 1 1
v -7.530734 4.05 5.695518 1 1 1
v -8.828427 4.05 4.828427 1 1 1
v -9.695518 4.05 3.530734 1 1 1
v -10 4.05 2 1 1 1
v -6 0 4.998005 1 1 1
v -7.530734 0 5.695518 1 1 1
v -7.147287 0 4.769795 1 1 1
v -9.695518 0 3.530734 1 1 1
v -8.119909 0 4.11991 1 1 1
v -8.769795 0 3.147287 1 1 1
v -8.998005 0 2 1 1 1
v -6 0.2 4.998005 1 1 1
v -7.147287 0.2 4.769795 1 1 1
v -8.119909 0.2 4.11991 1 1 1
v -8.769795 0.2 3.147287 1 1 1
v -8.998005 0.2 2 1 1 1
v -7.539527 0.2 4.483708 1 1 1
v -7.539527 0 4.483708 1 1 1
v -7.91916 0.2 4.992029 1 1 1
v -7.91916 0 4.992029 1 1 1
v -8.298758 0 3.526625 1 1 1
v -7.838695 0 3.838695 1 1 1
v -8.298758 0.2 3.526625 1 1 1
v -7.838695 0.2 3.838695 1 1 1
v -7.526624 0 4.298758 1 1 1
v -7.526624 0.2 4.298758 1 1 1
v -8.483707 0 3.539528 1 1 1
v -8.483707 0.2 3.539528 1 1 1
v -8.992029 0 3.91916 1 1 1
v -8.992029 0.2 3.91916 1 1 1
v -9.458877 2.559764 2.709474 1 1 1
v -9.534066 2.559764 2.33147 1 1 1
v -9.449122 2.609764 2.758513 1 1 1
v -9.543821 2.609764 2.28243 1 1 1
v -9.449122 2.809764 2.758513 1 1 1
v -9.543821 2.809764 2.28243 1 1 1
v -9.458877 2.859764 2.709474 1 1 1
v -9.534066 2.859764 2.33147 1 1 1
v -9.485027 2.859764 2.321715 1 1 1
v -9.494781 2.809764 2.272676 1 1 1
v -9.409838 2.559764 2.699719 1 1 1
v -9.485027 2.559764 2.321715 1 1 1
v -9.400083 2.809764 2.748759 1 1 1
v -9.400083 2.609764 2.748759 1 1 1
v -9.494781 2.609764 2.272676 1 1 1
v -9.409838 2.859764 2.699719 1 1 1
v -9.397658 3.036932 3.01724 1 1 1
v -9.348619 3.036932 3.007485 1 1 1
v -9.472848 3.036932 2.639235 1 1 1
v -9.423809 3.036932 2.629481 1 1 1
v -9.387904 3.286932 3.066279 1 1 1
v -9.397658 3.336932 3.01724 1 1 1
v -9.338864 3.286932 3.056525 1 1 1
v -9.348619 3.336932 3.007485 1 1 1
v -9.433563 3.086932 2.580441 1 1 1
v -9.338864 3.086932 3.056525 1 1 1
v -9.433563 3.286932 2.580441 1 1 1
v -9.423809 3.336932 2.629481 1 1 1
v -9.387904 3.086932 3.066279 1 1 1
v -9.472848 3.336932 2.639235 1 1 1
v -9.482603 3.086932 2.590196 1 1 1
v -9.482603 3.286932 2.590196 1 1 1
v -9.022588 2.609087 3.831699 1 1 1
v -9.23671 2.609087 3.511242 1 1 1
v -8.981014 2.609087 3.803921 1 1 1
v -9.195136 2.609087 3.483464 1 1 1
v -9.022588 2.309087 3.831699 1 1 1
v -8.981014 2.309087 3.803921 1 1 1
v -9.23671 2.309087 3.511242 1 1 1
v -9.195136 2.309087 3.483464 1 1 1
v -8.994809 2.359087 3.873272 1 1 1
v -8.953236 2.359087 3.845494 1 1 1
v -9.264488 2.359087 3.469669 1 1 1
v -9.222915 2.359087 3.44189 1 1 1
v -9.222915 2.559087 3.44189 1 1 1
v -9.264488 2.559087 3.469669 1 1 1
v -8.953236 2.559087 3.845494 1 1 1
v -8.994809 2.559087 3.873272 1 1 1
v -6.925667 1.85972 5.415874 1 1 1
v -6.974707 1.80972 5.406119 1 1 1
v -6.915913 1.85972 5.366835 1 1 1
v -6.964952 1.80972 5.35708 1 1 1
v -6.547663 1.85972 5.491064 1 1 1
v -6.537908 1.85972 5.442025 1 1 1
v -6.488869 1.60972 5.451779 1 1 1
v -6.498623 1.60972 5.500818 1 1 1
v -6.488869 1.80972 5.451779 1 1 1
v -6.498623 1.80972 5.500818 1 1 1
v -6.974707 1.60972 5.406119 1 1 1
v -6.964952 1.60972 5.35708 1 1 1
v -6.537908 1.55972 5.442025 1 1 1
v -6.915913 1.55972 5.366835 1 1 1
v -6.547663 1.55972 5.491064 1 1 1
v -6.925667 1.55972 5.415874 1 1 1
v -9.6 0.9 -2 1 1 1
v -9.6 4.05 -2 1 1 1
v -9.325966 0.9 -3.377661 1 1 1
v -9.325966 4.05 -3.377661 1 1 1
v -8.545585 0.9 -4.545585 1 1 1
v -8.545585 4.05 -4.545585 1 1 1
v -6 0.9 -5.6 1 1 1
v -7.37766 0.9 -5.325966 1 1 1
v -6 4.05 -5.6 1 1 1
v -7.37766 4.05 -5.325966 1 1 1
v -10 4.05 -2 1 1 1
v -9.695518 4.05 -3.530734 1 1 1
v -8.828427 4.05 -4.828427 1 1 1
v -7.530734 4.05 -5.695518 1 1 1
v -6 4.05 -6 1 1 1
v -8.998005 0 -2 1 1 1
v -9.695518 0 -3.530734 1 1 1
v -8.769795 0 -3.147287 1 1 1
v -7.530734 0 -5.695518 1 1 1
v -8.119909 0 -4.11991 1 1 1
v -7.147287 0 -4.769795 1 1 1
v -6 0 -4.998005 1 1 1
v -8.769795 0.2 -3.147287 1 1 1
v -8.119909 0.2 -4.11991 1 1 1
v -7.147287 0.2 -4.769795 1 1 1
v -6 0.2 -4.998005 1 1 1
v -8.483707 0.2 -3.539528 1 1 1
v -8.483707 0 -3.539528 1 1 1
v -8.992028 0.2 -3.91916 1 1 1
v -8.992028 0 -3.91916 1 1 1
v -7.526624 0 -4.298758 1 1 1
v -7.838695 0 -3.838696 1 1 1
v -7.526624 0.2 -4.298758 1 1 1
v -7.838695 0.2 -3.838696 1 1 1
v -8.298758 0 -3.526625 1 1 1
v -8.298758 0.2 -3.526625 1 1 1
v -7.539527 0 -4.483708 1 1 1
v -7.539527 0.2 -4.483708 1 1 1
v -7.91916 0 -4.992029 1 1 1
v -7.91916 0.2 -4.992029 1 1 1
v -6.709475 2.559764 -5.458877 1 1 1
v -6.33147 2.559764 -5.534067 1 1 1
v -6.758514 2.609764 -5.449122 1 1 1
v -6.282431 2.609764 -5.543821 1 1 1
v -6.758514 2.809764 -5.449122 1 1 1
v -6.282431 2.809764 -5.543821 1 1 1
v -6.709475 2.859764 -5.458877 1 1 1
v -6.33147 2.859764 -5.534067 1 1 1
v -6.321716 2.859764 -5.485028 1 1 1
v -6.272676 2.809764 -5.494782 1 1 1
v -6.69972 2.559764 -5.409838 1 1 1
v -6.321716 2.559764 -5.485028 1 1 1
v -6.74876 2.809764 -5.400084 1 1 1
v -6.74876 2.609764 -5.400084 1 1 1
v -6.272676 2.609764 -5.494782 1 1 1
v -6.69972 2.859764 -5.409838 1 1 1
v -7.01724 3.036932 -5.397659 1 1 1
v -7.007485 3.036932 -5.348619 1 1 1
v -6.639235 3.036932 -5.472849 1 1 1
v -6.62948 3.036932 -5.42381 1 1 1
v -7.066279 3.286932 -5.387904 1 1 1
v -7.01724 3.336932 -5.397659 1 1 1
v -7.056524 3.286932 -5.338865 1 1 1
v -7.007485 3.336932 -5.348619 1 1 1
v -6.580441 3.086932 -5.433564 1 1 1
v -7.056524 3.086932 -5.338865 1 1 1
v -6.580441 3.286932 -5.433564 1 1 1
v -6.62948 3.336932 -5.42381 1 1 1
v -7.066279 3.086932 -5.387904 1 1 1
v -6.639235 3.336932 -5.472849 1 1 1
v -6.590196 3.086932 -5.482603 1 1 1
v -6.590196 3.286932 -5.482603 1 1 1
v -7.831699 2.609087 -5.022587 1 1 1
v -7.511242 2.609087 -5.23671 1 1 1
v -7.803921 2.609087 -4.981014 1 1 1
v -7.483464 2.609087 -5.195137 1 1 1
v -7.831699 2.309087 -5.022587 1 1 1
v -7.803921 2.309087 -4.981014 1 1 1
v -7.511242 2.309087 -5.23671 1 1 1
v -7.483464 2.309087 -5.195137 1 1 1
v -7.873272 2.359087 -4.994809 1 1 1
v -7.845494 2.359087 -4.953236 1 1 1
v -7.469669 2.359087 -5.264488 1 1 1
v -7.44189 2.359087 -5.222915 1 1 1
v -7.44189 2.559087 -5.222915 1 1 1
v -7.469669 2.559087 -5.264488 1 1 1
v -7.845494 2.559087 -4.953236 1 1 1
v -7.873272 2.559087 -4.994809 1 1 1
v -9.415874 1.85972 -2.925666 1 1 1
v -9.406118 1.80972 -2.974706 1 1 1
v -9.366834 1.85972 -2.915912 1 1 1
v -9.35708 1.80972 -2.964951 1 1 1
v -9.491063 1.85972 -2.547662 1 1 1
v -9.442023 1.85972 -2.537907 1 1 1
v -9.451778 1.60972 -2.488868 1 1 1
v -9.500817 1.60972 -2.498622 1 1 1
v -9.451778 1.80972 -2.488868 1 1 1
v -9.500817 1.80972 -2.498622 1 1 1
v -9.406118 1.60972 -2.974706 1 1 1
v -9.35708 1.60972 -2.964951 1 1 1
v -9.442023 1.55972 -2.537907 1 1 1
v -9.366834 1.55972 -2.915912 1 1 1
v -9.491063 1.55972 -2.547662 1 1 1
v -9.415874 1.55972 -2.925666 1 1 1
v 6 0.9 -5.6 1 1 1
v 6 4.05 -5.6 1 1 1
v 7.37766 0.9 -5.325966 1 1 1
v 7.37766 4.05 -5.325966 1 1 1
v 8.545585 0.9 -4.545585 1 1 1
v 8.545585 4.05 -4.545585 1 1 1
v 9.6 0.9 -2 1 1 1
v 9.325967 0.9 -3.377661 1 1 1
v 9.6 4.05 -2 1 1 1
v 9.325967 4.05 -3.377661 1 1 1
v 6 4.05 -6 1 1 1
v 7.530734 4.05 -5.695518 1 1 1
v 8.828427 4.05 -4.828427 1 1 1
v 9.695518 4.05 -3.530734 1 1 1
v 10 4.05 -2 1 1 1
v 6 0 -4.998005 1 1 1
v 7.530734 0 -5.695518 1 1 1
v 7.147286 0 -4.769795 1 1 1
v 9.695518 0 -3.530734 1 1 1
v 8.119909 0 -4.11991 1 1 1
v 8.769795 0 -3.147287 1 1 1
v 8.998005 0 -2 1 1 1
v 6 0.2 -4.998005 1 1 1
v 7.147286 0.2 -4.769795 1 1 1
v 8.119909 0.2 -4.11991 1 1 1
v 8.769795 0.2 -3.147287 1 1 1
v 8.998005 0.2 -2 1 1 1
v 7.539527 0.2 -4.483708 1 1 1
v 7.539527 0 -4.483708 1 1 1
v 7.919159 0.2 -4.992029 1 1 1
v 7.919159 0 -4.992029 1 1 1
v 8.298758 0 -3.526625 1 1 1
v 7.838695 0 -3.838695 1 1 1
v 8.298758 0.2 -3.526625 1 1 1
v 7.838695 0.2 -3.838695 1 1 1
v 7.526624 0 -4.298758 1 1 1
v 7.526624 0.2 -4.298758 1 1 1
v 8.483707 0 -3.539528 1 1 1
v 8.483707 0.2 -3.539528 1 1 1
v 8.992028 0 -3.919161 1 1 1
v 8.992028 0.2 -3.919161 1 1 1
v 9.458877 2.559764 -2.709476 1 1 1
v 9.534067 2.559764 -2.331471 1 1 1
v 9.449122 2.609764 -2.758515 1 1 1
v 9.543821 2.609764 -2.282432 1 1 1
v 9.449122 2.809764 -2.758515 1 1 1
v 9.543821 2.809764 -2.282432 1 1 1
v 9.458877 2.859764 -2.709476 1 1 1
v 9.534067 2.859764 -2.331471 1 1 1
v 9.485027 2.859764 -2.321717 1 1 1
v 9.494781 2.809764 -2.272677 1 1 1
v 9.409838 2.559764 -2.699721 1 1 1
v 9.485027 2.559764 -2.321717 1 1 1
v 9.400084 2.809764 -2.748761 1 1 1
v 9.400084 2.609764 -2.748761 1 1 1
v 9.494781 2.609764 -2.272677 1 1 1
v 9.409838 2.859764 -2.699721 1 1 1
v 9.397658 3.036932 -3.01724 1 1 1
v 9.348619 3.036932 -3.007485 1 1 1
v 9.472849 3.036932 -2.639235 1 1 1
v 9.423809 3.036932 -2.629481 1 1 1
v 9.387904 3.286932 -3.066279 1 1 1
v 9.397658 3.336932 -3.01724 1 1 1
v 9.338865 3.286932 -3.056525 1 1 1
v 9.348619 3.336932 -3.007485 1 1 1
v 9.433563 3.086932 -2.580441 1 1 1
v 9.338865 3.086932 -3.056525 1 1 1
v 9.433563 3.286932 -2.580441 1 1 1
v 9.423809 3.336932 -2.629481 1 1 1
v 9.387904 3.086932 -3.066279 1 1 1
v 9.472849 3.336932 -2.639235 1 1 1
v 9.482603 3.086932 -2.590196 1 1 1
v 9.482603 3.286932 -2.590196 1 1 1
v 9.022588 2.609087 -3.831699 1 1 1
v 9.23671 2.609087 -3.511242 1 1 1
v 8.981014 2.609087 -3.803921 1 1 1
v 9.195136 2.609087 -3.483464 1 1 1
v 9.022588 2.309087 -3.831699 1 1 1
v 8.981014 2.309087 -3.803921 1 1 1
v 9.23671 2.309087 -3.511242 1 1 1
v 9.195136 2.309087 -3.483464 1 1 1
v 8.994809 2.359087 -3.873272 1 1 1
v 8.953236 2.359087 -3.845494 1 1 1
v 9.264488 2.359087 -3.469669 1 1 1
v 9.222915 2.359087 -3.44189 1 1 1
v 9.222915 2.559087 -3.44189 1 1 1
v 9.264488 2.559087 -3.469669 1 1 1
v 8.953236 2.559087 -3.845494 1 1 1
v 8.994809 2.559087 -3.873272 1 1 1
v 6.925667 1.85972 -5.415874 1 1 1
v 6.974707 1.80972 -5.406119 1 1 1
v 6.915913 1.85972 -5.366835 1 1 1
v 6.964952 1.80972 -5.35708 1 1 1
v 6.547663 1.85972 -5.491064 1 1 1
v 6.537908 1.85972 -5.442025 1 1 1
v 6.488869 1.60972 -5.451779 1 1 1
v 6.498623 1.60972 -5.500818 1 1 1
v 6.488869 1.80972 -5.451779 1 1 1
v 6.498623 1.80972 -5.500818 1 1 1
v 6.974707 1.60972 -5.406119 1 1 1
v 6.964952 1.60972 -5.35708 1 1 1
v 6.537908 1.55972 -5.442025 1 1 1
v 6.915913 1.55972 -5.366835 1 1 1
v 6.547663 1.55972 -5.491064 1 1 1
v 6.925667 1.55972 -5.415874 1 1 1
v 9.6 0.9 2 1 1 1
v 9.6 4.05 2 1 1 1
v 9.325966 0.9 3.37766 1 1 1
v 9.325966 4.05 3.37766 1 1 1
v 8.545585 0.9 4.545585 1 1 1
v 8.545585 4.05 4.545585 1 1 1
v 6 0.9 5.6 1 1 1
v 7.37766 0.9 5.325966 1 1 1
v 6 4.05 5.6 1 1 1
v 7.37766 4.05 5.325966 1 1 1
v 10 4.05 2 1 1 1
v 9.695518 4.05 3.530734 1 1 1
v 8.828427 4.05 4.828427 1 1 1
v 7.530734 4.05 5.695518 1 1 1
v 6 4.05 6 1 1 1
v 8.998005 0 2 1 1 1
v 9.695518 0 3.530734 1 1 1
v 8.769795 0 3.147287 1 1 1
v 7.530734 0 5.695518 1 1 1
v 8.119909 0 4.11991 1 1 1
v 7.147287 0 4.769795 1 1 1
v 6 0 4.998005 1 1 1
v 8.769795 0.2 3.147287 1 1 1
v 8.119909 0.2 4.11991 1 1 1
v 7.147287 0.2 4.769795 1 1 1
v 6 0.2 4.998005 1 1 1
v 8.483707 0.2 3.539528 1 1 1
v 8.483707 0 3.539528 1 1 1
v 8.992028 0.2 3.91916 1 1 1
v 8.992028 0 3.91916 1 1 1
v 7.526624 0 4.298758 1 1 1
v 7.838695 0 3.838696 1 1 1
v 7.526624 0.2 4.298758 1 1 1
v 7.838695 0.2 3.838696 1 1 1
v 8.298758 0 3.526625 1 1 1
v 8.298758 0.2 3.526625 1 1 1
v 7.539527 0 4.483708 1 1 1
v 7.539527 0.2 4.483708 1 1 1
v 7.91916 0 4.992029 1 1 1
v 7.91916 0.2 4.992029 1 1 1
v 6.709475 2.559764 5.458877 1 1 1
v 6.33147 2.559764 5.534067 1 1 1
v 6.758514 2.609764 5.449122 1 1 1
v 6.282431 2.609764 5.543821 1 1 1
v 6.758514 2.809764 5.449122 1 1 1
v 6.282431 2.809764 5.543821 1 1 1
v 6.709475 2.859764 5.458877 1 1 1
v 6.33147 2.859764 5.534067 1 1 1
v 6.321716 2.859764 5.485028 1 1 1
v 6.272676 2.809764 5.494782 1 1 1
v 6.69972 2.559764 5.409838 1 1 1
v 6.321716 2.559764 5.485028 1 1 1
v 6.74876 2.809764 5.400084 1 1 1
v 6.74876 2.609764 5.400084 1 1 1
v 6.272676 2.609764 5.494782 1 1 1
v 6.69972 2.859764 5.409838 1 1 1
v 7.01724 3.036932 5.397659 1 1 1
v 7.007485 3.036932 5.348619 1 1 1
v 6.639235 3.036932 5.472849 1 1 1
v 6.62948 3.036932 5.42381 1 1 1
v 7.066279 3.286932 5.387904 1 1 1
v 7.01724 3.336932 5.397659 1 1 1
v 7.056524 3.286932 5.338865 1 1 1
v 7.007485 3.336932 5.348619 1 1 1
v 6.580441 3.086932 5.433564 1 1 1
v 7.056524 3.086932 5.338865 1 1 1
v 6.580441 3.286932 5.433564 1 1 1
v 6.62948 3.336932 5.42381 1 1 1
v 7.066279 3.086932 5.387904 1 1 1
v 6.639235 3.336932 5.472849 1 1 1
v 6.590196 3.086932 5.482603 1 1 1
v 6.590196 3.286932 5.482603 1 1 1
v 7.831699 2.609087 5.022587 1 1 1
v 7.511242 2.609087 5.23671 1 1 1
v 7.803921 2.609087 4.981014 1 1 1
v 7.483464 2.609087 5.195137 1 1 1
v 7.831699 2.309087 5.022587 1 1 1
v 7.803921 2.309087 4.981014 1 1 1
v 7.511242 2.309087 5.23671 1 1 1
v 7.483464 2.309087 5.195137 1 1 1
v 7.873272 2.359087 4.994809 1 1 1
v 7.845494 2.359087 4.953236 1 1 1
v 7.469669 2.359087 5.264488 1 1 1
v 7.44189 2.359087 5.222915 1 1 1
v 7.44189 2.559087 5.222915 1 1 1
v 7.469669 2.559087 5.264488 1 1 1
v 7.845494 2.559087 4.953236 1 1 1
v 7.873272 2.559087 4.994809 1 1 1
v 9.415874 1.85972 2.925666 1 1 1
v 9.406118 1.80972 2.974706 1 1 1
v 9.366835 1.85972 2.915912 1 1 1
v 9.35708 1.80972 2.964951 1 1 1
v 9.491063 1.85972 2.547662 1 1 1
v 9.442024 1.85972 2.537907 1 1 1
v 9.451778 1.60972 2.488868 1 1 1
v 9.500817 1.60972 2.498622 1 1 1
v 9.451778 1.80972 2.488868 1 1 1
v 9.500817 1.80972 2.498622 1 1 1
v 9.406118 1.60972 2.974706 1 1 1
v 9.35708 1.60972 2.964951 1 1 1
v 9.442024 1.55972 2.537907 1 1 1
v 9.366835 1.55972 2.915912 1 1 1
v 9.491063 1.55972 2.547662 1 1 1
v 9.415874 1.55972 2.925666 1 1 1
v -4 0.2 5.937453 1 1 1
v -4.44505 0.2 5.863278 1 1 1
v -4 0.6 5.937453 1 1 1
v -4.44505 0.6 5.863278 1 1 1
v -4.44505 0.2 4.973178 1 1 1
v -4 0.2 4.899003 1 1 1
v -4.44505 0.6 4.973178 1 1 1
v -4 0.6 4.899003 1 1 1
v -3.55495 0.2 5.863278 1 1 1
v -3.55495 0.6 5.863278 1 1 1
v -3.480775 0.6 5.418228 1 1 1
v -3.480775 0.2 5.418228 1 1 1
v -3.55495 0.6 4.973178 1 1 1
v -4.519225 0.6 5.418228 1 1 1
v -4.519225 0.2 5.418228 1 1 1
v -3.55495 0.2 4.973178 1 1 1
v -3.51625 4.233286 4.934478 1 1 1
v -3.51625 3.833286 4.934478 1 1 1
v -3.435625 4.233286 5.418228 1 1 1
v -3.435625 3.833286 5.418228 1 1 1
v -4 3.833286 5.982603 1 1 1
v -4.48375 3.833286 5.901978 1 1 1
v -4 4.233286 5.982603 1 1 1
v -4.48375 4.233286 5.901978 1 1 1
v -3.51625 3.833286 5.901978 1 1 1
v -3.51625 4.233286 5.901978 1 1 1
v -4 3.833286 4.853853 1 1 1
v -4 4.233286 4.853853 1 1 1
v -4.48375 3.833286 4.934478 1 1 1
v -4.48375 4.233286 4.934478 1 1 1
v -4.564375 3.833286 5.418228 1 1 1
v -4.564375 4.233286 5.418228 1 1 1
v -4.4375 3.833286 5.418228 1 1 1
v -4.375 3.833286 5.793228 1 1 1
v -4.35 0.6 5.418228 1 1 1
v -4.3 0.6 5.718228 1 1 1
v -4.375 3.833286 5.043228 1 1 1
v -4.3 0.6 5.118228 1 1 1
v -4 0.6 5.068228 1 1 1
v -3.7 0.6 5.118228 1 1 1
v -4 3.833286 4.980728 1 1 1
v -3.625 3.833286 5.043228 1 1 1
v -3.7 0.6 5.718228 1 1 1
v -4 0.6 5.768228 1 1 1
v -3.625 3.833286 5.793228 1 1 1
v -4 3.833286 5.855728 1 1 1
v -3.5625 3.833286 5.418228 1 1 1
v -3.65 0.6 5.418228 1 1 1
v 4 0.2 5.937453 1 1 1
v 3.55495 0.2 5.863278 1 1 1
v 4 0.6 5.937453 1 1 1
v 3.55495 0.6 5.863278 1 1 1
v 3.55495 0.2 4.973178 1 1 1
v 4 0.2 4.899003 1 1 1
v 3.55495 0.6 4.973178 1 1 1
v 4 0.6 4.899003 1 1 1
v 4.44505 0.2 5.863278 1 1 1
v 4.44505 0.6 5.863278 1 1 1
v 4.519225 0.6 5.418228 1 1 1
v 4.519225 0.2 5.418228 1 1 1
v 4.44505 0.6 4.973178 1 1 1
v 3.480775 0.6 5.418228 1 1 1
v 3.480775 0.2 5.418228 1 1 1
v 4.44505 0.2 4.973178 1 1 1
v 4.48375 4.233286 4.934478 1 1 1
v 4.48375 3.833286 4.934478 1 1 1
v 4.564375 4.233286 5.418228 1 1 1
v 4.564375 3.833286 5.418228 1 1 1
v 4 3.833286 5.982603 1 1 1
v 3.51625 3.833286 5.901978 1 1 1
v 4 4.233286 5.982603 1 1 1
v 3.51625 4.233286 5.901978 1 1 1
v 4.48375 3.833286 5.901978 1 1 1
v 4.48375 4.233286 5.901978 1 1 1
v 4 3.833286 4.853853 1 1 1
v 4 4.233286 4.853853 1 1 1
v 3.51625 3.833286 4.934478 1 1 1
v 3.51625 4.233286 4.934478 1 1 1
v 3.435625 3.833286 5.418228 1 1 1
v 3.435625 4.233286 5.418228 1 1 1
v 3.5625 3.833286 5.418228 1 1 1
v 3.625 3.833286 5.793228 1 1 1
v 3.65 0.6 5.418228 1 1 1
v 3.7 0.6 5.718228 1 1 1
v 3.625 3.833286 5.043228 1 1 1
v 3.7 0.6 5.118228 1 1 1
v 4 0.6 5.068228 1 1 1
v 4.3 0.6 5.118228 1 1 1
v 4 3.833286 4.980728 1 1 1
v 4.375 3.833286 5.043228 1 1 1
v 4.3 0.6 5.718228 1 1 1
v 4 0.6 5.768228 1 1 1
v 4.375 3.833286 5.793228 1 1 1
v 4 3.833286 5.855728 1 1 1
v 4.4375 3.833286 5.418228 1 1 1
v 4.35 0.6 5.418228 1 1 1
v 4 0.2 -5.937453 1 1 1
v 4.44505 0.2 -5.863278 1 1 1
v 4 0.6 -5.937453 1 1 1
v 4.44505 0.6 -5.863278 1 1 1
v 4.44505 0.2 -4.973178 1 1 1
v 4 0.2 -4.899003 1 1 1
v 4.44505 0.6 -4.973178 1 1 1
v 4 0.6 -4.899003 1 1 1
v 3.55495 0.2 -5.863278 1 1 1
v 3.55495 0.6 -5.863278 1 1 1
v 3.480775 0.6 -5.418228 1 1 1
v 3.480775 0.2 -5.418228 1 1 1
v 3.55495 0.6 -4.973178 1 1 1
v 4.519225 0.6 -5.418228 1 1 1
v 4.519225 0.2 -5.418228 1 1 1
v 3.55495 0.2 -4.973178 1 1 1
v 3.51625 4.233286 -4.934478 1 1 1
v 3.51625 3.833286 -4.934478 1 1 1
v 3.435625 4.233286 -5.418228 1 1 1
v 3.435625 3.833286 -5.418228 1 1 1
v 4 3.833286 -5.982603 1 1 1
v 4.48375 3.833286 -5.901978 1 1 1
v 4 4.233286 -5.982603 1 1 1
v 4.48375 4.233286 -5.901978 1 1 1
v 3.51625 3.833286 -5.901978 1 1 1
v 3.51625 4.233286 -5.901978 1 1 1
v 4 3.833286 -4.853853 1 1 1
v 4 4.233286 -4.853853 1 1 1
v 4.48375 3.833286 -4.934478 1 1 1
v 4.48375 4.233286 -4.934478 1 1 1
v 4.564375 3.833286 -5.418228 1 1 1
v 4.564375 4.233286 -5.418228 1 1 1
v 4.4375 3.833286 -5.418228 1 1 1
v 4.375 3.833286 -5.793228 1 1 1
v 4.35 0.6 -5.418228 1 1 1
v 4.3 0.6 -5.718228 1 1 1
v 4.375 3.833286 -5.043228 1 1 1
v 4.3 0.6 -5.118228 1 1 1
v 4 0.6 -5.068228 1 1 1
v 3.7 0.6 -5.118228 1 1 1
v 4 3.833286 -4.980728 1 1 1
v 3.625 3.833286 -5.043228 1 1 1
v 3.7 0.6 -5.718228 1 1 1
v 4 0.6 -5.768228 1 1 1
v 3.625 3.833286 -5.793228 1 1 1
v 4 3.833286 -5.855728 1 1 1
v 3.5625 3.833286 -5.418228 1 1 1
v 3.65 0.6 -5.418228 1 1 1
v -4 0.2 -5.937453 1 1 1
v -3.55495 0.2 -5.863278 1 1 1
v -4 0.6 -5.937453 1 1 1
v -3.55495 0.6 -5.863278 1 1 1
v -3.55495 0.2 -4.973178 1 1 1
v -4 0.2 -4.899003 1 1 1
v -3.55495 0.6 -4.973178 1 1 1
v -4 0.6 -4.899003 1 1 1
v -4.44505 0.2 -5.863278 1 1 1
v -4.44505 0.6 -5.863278 1 1 1
v -4.519225 0.6 -5.418228 1 1 1
v -4.519225 0.2 -5.418228 1 1 1
v -4.44505 0.6 -4.973178 1 1 1
v -3.480775 0.6 -5.418228 1 1 1
v -3.480775 0.2 -5.418228 1 1 1
v -4.44505 0.2 -4.973178 1 1 1
v -4.48375 4.233286 -4.934478 1 1 1
v -4.48375 3.833286 -4.934478 1 1 1
v -4.564375 4.233286 -5.418228 1 1 1
v -4.564375 3.833286 -5.418228 1 1 1
v -4 3.833286 -5.982603 1 1 1
v -3.51625 3.833286 -5.901978 1 1 1
v -4 4.233286 -5.982603 1 1 1
v -3.51625 4.233286 -5.901978 1 1 1
v -4.48375 3.833286 -5.901978 1 1 1
v -4.48375 4.233286 -5.901978 1 1 1
v -4 3.833286 -4.853853 1 1 1
v -4 4.233286 -4.853853 1 1 1
v -3.51625 3.833286 -4.934478 1 1 1
v -3.51625 4.233286 -4.934478 1 1 1
v -3.435625 3.833286 -5.418228 1 1 1
v -3.435625 4.233286 -5.418228 1 1 1
v -3.5625 3.833286 -5.418228 1 1 1
v -3.625 3.833286 -5.793228 1 1 1
v -3.65 0.6 -5.418228 1 1 1
v -3.7 0.6 -5.718228 1 1 1
v -3.625 3.833286 -5.043228 1 1 1
v -3.7 0.6 -5.118228 1 1 1
v -4 0.6 -5.068228 1 1 1
v -4.3 0.6 -5.118228 1 1 1
v -4 3.833286 -4.980728 1 1 1
v -4.375 3.833286 -5.043228 1 1 1
v -4.3 0.6 -5.718228 1 1 1
v -4 0.6 -5.768228 1 1 1
v -4.375 3.833286 -5.793228 1 1 1
v -4 3.833286 -5.855728 1 1 1
v -4.4375 3.833286 -5.418228 1 1 1
v -4.35 0.6 -5.418228 1 1 1
v -8.0904 3.857286 4.840658 1 1 1
v -7.822451 3.857286 4.465528 1 1 1
v -8.465528 3.857286 5.108607 1 1 1
v -8.0904 3.857286 4.0904 1 1 1
v -8.840658 3.857286 4.840657 1 1 1
v -8.465528 3.857286 3.82245 1 1 1
v -9.108607 3.857286 4.465528 1 1 1
v -8.840658 3.857286 4.090399 1 1 1
v -8.0904 4.233286 4.840658 1 1 1
v -8.465528 4.233286 5.108607 1 1 1
v -7.822451 4.233286 4.465528 1 1 1
v -8.0904 4.233286 4.0904 1 1 1
v -8.840658 4.233286 4.840657 1 1 1
v -8.465528 4.233286 3.82245 1 1 1
v -9.108607 4.233286 4.465528 1 1 1
v -8.840658 4.233286 4.090399 1 1 1
v -8.12041 0.576 4.810647 1 1 1
v -8.465528 0.576 5.05716 1 1 1
v -7.873897 0.576 4.465528 1 1 1
v -8.12041 0.576 4.12041 1 1 1
v -8.810648 0.576 4.810647 1 1 1
v -9.057161 0.576 4.465528 1 1 1
v -8.465528 0.576 3.873896 1 1 1
v -8.810647 0.576 4.120409 1 1 1
v -7.873897 0.2 4.465528 1 1 1
v -8.12041 0.2 4.810647 1 1 1
v -8.12041 0.2 4.12041 1 1 1
v -8.465528 0.2 3.873896 1 1 1
v -8.810647 0.2 4.120409 1 1 1
v -9.057161 0.2 4.465528 1 1 1
v -8.810648 0.2 4.810647 1 1 1
v -8.465528 0.2 5.05716 1 1 1
v -8.232891 0.576 4.23289 1 1 1
v -8.066721 0.576 4.465528 1 1 1
v -8.174731 3.857286 4.174731 1 1 1
v -7.967019 3.857286 4.465528 1 1 1
v -8.756327 3.857286 4.174731 1 1 1
v -8.964039 3.857286 4.465528 1 1 1
v -8.698167 0.576 4.23289 1 1 1
v -8.864337 0.576 4.465528 1 1 1
v -8.465528 0.576 4.06672 1 1 1
v -8.465528 3.857286 3.967018 1 1 1
v -8.232891 0.576 4.698167 1 1 1
v -8.465528 0.576 4.864337 1 1 1
v -8.174731 3.857286 4.756326 1 1 1
v -8.465528 3.857286 4.964039 1 1 1
v -8.698167 0.576 4.698167 1 1 1
v -8.756327 3.857286 4.756326 1 1 1
v -8.840658 3.857286 -4.0904 1 1 1
v -8.465528 3.857286 -3.82245 1 1 1
v -9.108607 3.857286 -4.465528 1 1 1
v -8.0904 3.857286 -4.090399 1 1 1
v -8.840658 3.857286 -4.840657 1 1 1
v -7.822451 3.857286 -4.465528 1 1 1
v -8.465528 3.857286 -5.108607 1 1 1
v -8.0904 3.857286 -4.840657 1 1 1
v -8.840658 4.233286 -4.0904 1 1 1
v -9.108607 4.233286 -4.465528 1 1 1
v -8.465528 4.233286 -3.82245 1 1 1
v -8.0904 4.233286 -4.090399 1 1 1
v -8.840658 4.233286 -4.840657 1 1 1
v -7.822451 4.233286 -4.465528 1 1 1
v -8.465528 4.233286 -5.108607 1 1 1
v -8.0904 4.233286 -4.840657 1 1 1
v -8.810647 0.576 -4.12041 1 1 1
v -9.05716 0.576 -4.465528 1 1 1
v -8.465528 0.576 -3.873897 1 1 1
v -8.12041 0.576 -4.12041 1 1 1
v -8.810647 0.576 -4.810647 1 1 1
v -8.465528 0.576 -5.05716 1 1 1
v -7.873897 0.576 -4.465528 1 1 1
v -8.12041 0.576 -4.810647 1 1 1
v -8.465528 0.2 -3.873897 1 1 1
v -8.810647 0.2 -4.12041 1 1 1
v -8.12041 0.2 -4.12041 1 1 1
v -7.873897 0.2 -4.465528 1 1 1
v -8.12041 0.2 -4.810647 1 1 1
v -8.465528 0.2 -5.05716 1 1 1
v -8.810647 0.2 -4.810647 1 1 1
v -9.05716 0.2 -4.465528 1 1 1
v -8.232891 0.576 -4.232891 1 1 1
v -8.465528 0.576 -4.06672 1 1 1
v -8.174731 3.857286 -4.174731 1 1 1
v -8.465528 3.857286 -3.967018 1 1 1
v -8.174731 3.857286 -4.756326 1 1 1
v -8.465528 3.857286 -4.964039 1 1 1
v -8.232891 0.576 -4.698167 1 1 1
v -8.465528 0.576 -4.864336 1 1 1
v -8.066721 0.576 -4.465528 1 1 1
v -7.967019 3.857286 -4.465528 1 1 1
v -8.698167 0.576 -4.23289 1 1 1
v -8.864337 0.576 -4.465528 1 1 1
v -8.756327 3.857286 -4.174731 1 1 1
v -8.964039 3.857286 -4.465528 1 1 1
v -8.698167 0.576 -4.698166 1 1 1
v -8.756327 3.857286 -4.756326 1 1 1
v 8.0904 3.857286 -4.840657 1 1 1
v 7.82245 3.857286 -4.465528 1 1 1
v 8.465528 3.857286 -5.108607 1 1 1
v 8.0904 3.857286 -4.090399 1 1 1
v 8.840658 3.857286 -4.840658 1 1 1
v 8.465528 3.857286 -3.82245 1 1 1
v 9.108607 3.857286 -4.465528 1 1 1
v 8.840658 3.857286 -4.090399 1 1 1
v 8.0904 4.233286 -4.840657 1 1 1
v 8.465528 4.233286 -5.108607 1 1 1
v 7.82245 4.233286 -4.465528 1 1 1
v 8.0904 4.233286 -4.090399 1 1 1
v 8.840658 4.233286 -4.840658 1 1 1
v 8.465528 4.233286 -3.82245 1 1 1
v 9.108607 4.233286 -4.465528 1 1 1
v 8.840658 4.233286 -4.090399 1 1 1
v 8.12041 0.576 -4.810647 1 1 1
v 8.465528 0.576 -5.05716 1 1 1
v 7.873897 0.576 -4.465528 1 1 1
v 8.12041 0.576 -4.12041 1 1 1
v 8.810647 0.576 -4.810647 1 1 1
v 9.057161 0.576 -4.465528 1 1 1
v 8.465528 0.576 -3.873896 1 1 1
v 8.810648 0.576 -4.12041 1 1 1
v 7.873897 0.2 -4.465528 1 1 1
v 8.12041 0.2 -4.810647 1 1 1
v 8.12041 0.2 -4.12041 1 1 1
v 8.465528 0.2 -3.873896 1 1 1
v 8.810648 0.2 -4.12041 1 1 1
v 9.057161 0.2 -4.465528 1 1 1
v 8.810647 0.2 -4.810647 1 1 1
v 8.465528 0.2 -5.05716 1 1 1
v 8.232891 0.576 -4.23289 1 1 1
v 8.066721 0.576 -4.465528 1 1 1
v 8.174731 3.857286 -4.174731 1 1 1
v 7.967019 3.857286 -4.465528 1 1 1
v 8.756327 3.857286 -4.174731 1 1 1
v 8.964039 3.857286 -4.465528 1 1 1
v 8.698167 0.576 -4.232891 1 1 1
v 8.864337 0.576 -4.465528 1 1 1
v 8.465528 0.576 -4.06672 1 1 1
v 8.465528 3.857286 -3.967018 1 1 1
v 8.23289 0.576 -4.698166 1 1 1
v 8.465528 0.576 -4.864337 1 1 1
v 8.174731 3.857286 -4.756326 1 1 1
v 8.465528 3.857286 -4.964039 1 1 1
v 8.698167 0.576 -4.698167 1 1 1
v 8.756327 3.857286 -4.756326 1 1 1
v 8.840658 3.857286 4.0904 1 1 1
v 8.465528 3.857286 3.82245 1 1 1
v 9.108607 3.857286 4.465528 1 1 1
v 8.0904 3.857286 4.090399 1 1 1
v 8.840658 3.857286 4.840657 1 1 1
v 7.822451 3.857286 4.465528 1 1 1
v 8.465528 3.857286 5.108607 1 1 1
v 8.0904 3.857286 4.840657 1 1 1
v 8.840658 4.233286 4.0904 1 1 1
v 9.108607 4.233286 4.465528 1 1 1
v 8.465528 4.233286 3.82245 1 1 1
v 8.0904 4.233286 4.090399 1 1 1
v 8.840658 4.233286 4.840657 1 1 1
v 7.822451 4.233286 4.465528 1 1 1
v 8.465528 4.233286 5.108607 1 1 1
v 8.0904 4.233286 4.840657 1 1 1
v 8.810647 0.576 4.12041 1 1 1
v 9.05716 0.576 4.465528 1 1 1
v 8.465528 0.576 3.873897 1 1 1
v 8.12041 0.576 4.12041 1 1 1
v 8.810647 0.576 4.810647 1 1 1
v 8.465528 0.576 5.05716 1 1 1
v 7.873897 0.576 4.465528 1 1 1
v 8.12041 0.576 4.810647 1 1 1
v 8.465528 0.2 3.873897 1 1 1
v 8.810647 0.2 4.12041 1 1 1
v 8.12041 0.2 4.12041 1 1 1
v 7.873897 0.2 4.465528 1 1 1
v 8.12041 0.2 4.810647 1 1 1
v 8.465528 0.2 5.05716 1 1 1
v 8.810647 0.2 4.810647 1 1 1
v 9.05716 0.2 4.465528 1 1 1
v 8.232891 0.576 4.232891 1 1 1
v 8.465528 0.576 4.06672 1 1 1
v 8.174731 3.857286 4.174731 1 1 1
v 8.465528 3.857286 3.967018 1 1 1
v 8.174731 3.857286 4.756326 1 1 1
v 8.465528 3.857286 4.964039 1 1 1
v 8.232891 0.576 4.698167 1 1 1
v 8.465528 0.576 4.864336 1 1 1
v 8.066721 0.576 4.465528 1 1 1
v 7.967019 3.857286 4.465528 1 1 1
v 8.698167 0.576 4.23289 1 1 1
v 8.864337 0.576 4.465528 1 1 1
v 8.756327 3.857286 4.174731 1 1 1
v 8.964039 3.857286 4.465528 1 1 1
v 8.698167 0.576 4.698166 1 1 1
v 8.756327 3.857286 4.756326 1 1 1

vn -0.7071068 0.5773503 -0.4082483
vn -0.5202672 0.7994348 -0.3003764
vn -0.4082483 0.5773503 0.7071068
vn -0.3003764 0.7994348 0.5202672
vn 0.4082483 -0.5773503 -0.7071068
vn 0.5202672 -0.7994348 0.3003764
vn 0.7071068 -0.5773503 0.4082483
vn 0.3003764 -0.7994348 -0.5202672
vn 0.7071068 0.5773503 0.4082483
vn 0.5202672 0.7994348 0.3003764
vn -0.5202672 -0.7994348 -0.3003764
vn -0.7071068 -0.5773503 -0.4082483
vn 0.4082483 0.5773503 0.7071068
vn -0.7071068 0.5773503 0.4082483
vn 0.3003764 0.7994348 0.5202672
vn -0.5202672 0.7994348 0.3003764
vn -0.3003764 -0.7994348 -0.5202672
vn 0.7071068 -0.5773503 -0.4082483
vn -0.4082483 -0.5773503 -0.7071068
vn 0.5202672 -0.7994348 -0.3003764
vn -0.4082483 0.5773503 -0.7071068
vn -0.3003764 0.7994348 -0.5202672
vn 0.3003764 -0.7994348 0.5202672
vn 0.4082483 -0.5773503 0.7071068
vn -0.6666667 0.3333333 -0.6666667
vn -0.5033765 0.7022992 -0.5033765
vn -0.6666667 0.3333333 0.6666667
vn -0.5033765 0.7022992 0.5033765
vn 0.6666667 -0.3333333 -0.6666667
vn 0.5033765 -0.7022992 0.5033765
vn 0.6666667 -0.3333333 0.6666667
vn 0.5033765 -0.7022992 -0.5033765
vn 0.5033765 0.7022992 -0.5033765
vn 0.5033765 0.7022992 0.5033765
vn -0.5033765 -0.7022992 -0.5033765
vn -0.5033765 -0.7022992 0.5033765
vn 0.6666667 0.3333333 0.6666667
vn -0.6666667 -0.3333333 -0.6666667
vn 0.6666667 0.3333333 -0.6666667
vn -0.6666667 -0.3333333 0.6666667
vn 0.7071068 0.5773503 -0.4082483
vn 0.5202672 0.7994348 -0.3003764
vn -0.5202672 -0.7994348 0.3003764
vn -0.7071068 -0.5773503 0.4082483
vn 0.4082483 0.5773503 -0.7071068
vn 0.3003764 0.7994348 -0.5202672
vn -0.4082483 -0.5773503 0.7071068
vn -0.3003764 -0.7994348 0.5202672
vn 0.4245382 0.9054101 0
vn 0 0.9054101 0.4245382
vn 0 0.9054101 -0.4245382
vn -0.4245382 0.9054101 0
vn 0 -0.9054101 0.4245382
vn 0 -0.9054101 -0.4245382
vn -0.4245382 -0.9054101 0
vn 0.4245382 -0.9054101 0
vn 0 0.8164966 -0.5773503
vn -0.5773503 0.8164966 0
vn 0 -0.8164966 0.5773503
vn 0.5773503 -0.8164966 0
vn 0.2886751 0.8164966 -0.5
vn 0.2122691 0.90541 -0.3676609
vn -0.5 0.8164966 -0.2886751
vn -0.3676609 0.90541 -0.2122691
vn 0.5 -0.8164966 0.2886751
vn -0.2122691 -0.90541 0.3676609
vn -0.2886751 -0.8164966 0.5
vn 0.3676609 -0.90541 0.2122691
vn 0.5773503 0.8164966 0
vn -0.5773503 -0.8164966 0
vn 0 0.8164966 0.5773503
vn 0 -0.8164966 -0.5773503
vn 0.5 0.8164966 0.2886751
vn -0.2886751 0.8164966 0.5
vn 0.3676609 0.90541 0.2122691
vn -0.2122691 0.90541 0.3676609
vn -0.3676609 -0.90541 -0.2122691
vn 0.2886751 -0.8164966 -0.5
vn -0.5 -0.8164966 -0.2886751
vn 0.2122691 -0.90541 -0.3676609
vn -0.4245382 0.9054101 -3.707557E-13
vn 3.707557E-13 0.9054101 -0.4245382
vn -3.707557E-13 0.9054101 0.4245382
vn 0.4245382 0.9054101 3.707557E-13
vn 3.707557E-13 -0.9054101 -0.4245382
vn -3.707557E-13 -0.9054101 0.4245382
vn 0.4245382 -0.9054101 3.707557E-13
vn -0.4245382 -0.9054101 -3.707557E-13
vn -5.042088E-13 0.8164966 0.5773503
vn 0.5773503 0.8164966 5.042088E-13
vn 5.042088E-13 -0.8164966 -0.5773503
vn -0.5773503 -0.8164966 -5.042088E-13
vn -0.5773503 0.8164966 -5.042088E-13
vn 0.5773503 -0.8164966 5.042088E-13
vn 5.042088E-13 0.8164966 -0.5773503
vn -5.042088E-13 -0.8164966 0.5773503
vn 0 1 0
vn 0 -1 0
vn 0.2132007 0.904534 0.3692745
vn -0.3692745 0.904534 0.2132007
vn 0.1578553 0.9488556 0.2734133
vn -0.2734133 0.9488556 0.1578553
vn -0.1578553 -0.9488556 -0.2734133
vn 0.3692745 -0.904534 -0.2132007
vn -0.2132007 -0.904534 -0.3692745
vn 0.2734133 -0.9488556 -0.1578553
vn 0.5475281 0.7994348 0.2472184
vn -0.2472184 0.7994348 0.5475281
vn 0.2472184 0.7994348 -0.5475281
vn -0.5475281 0.7994348 -0.2472184
vn -0.2472184 -0.7994348 0.5475281
vn 0.2472184 -0.7994348 -0.5475281
vn -0.5475281 -0.7994348 -0.2472184
vn 0.5475281 -0.7994348 0.2472184
vn 0.2734133 0.9488556 -0.1578553
vn -0.1578553 0.9488556 -0.2734133
vn 0.1578553 -0.9488556 0.2734133
vn -0.2734133 -0.9488556 0.1578553
vn 0.3692745 0.904534 -0.2132007
vn -0.3692745 -0.904534 0.2132007
vn -0.2132007 0.904534 -0.3692745
vn 0.2132007 -0.904534 0.3692745
vn -0.7441577 0.5773503 -0.3360001
vn -0.3360001 0.5773503 0.7441577
vn 0.3360001 -0.5773503 -0.7441577
vn 0.7441577 -0.5773503 0.3360001
vn 0.3360001 0.5773503 -0.7441577
vn -0.3360001 -0.5773503 0.7441577
vn 0.7441577 0.5773503 0.3360001
vn -0.7441577 -0.5773503 -0.3360001
vn 0.4247964 0.7994348 -0.4247964
vn 0.4247964 0.7994348 0.4247964
vn -0.4247964 0.7994348 -0.4247964
vn -0.4247964 0.7994348 0.4247964
vn 0.4247964 -0.7994348 0.4247964
vn -0.4247964 -0.7994348 -0.4247964
vn -0.4247964 -0.7994348 0.4247964
vn 0.4247964 -0.7994348 -0.4247964
vn 0.5773503 0.5773503 -0.5773503
vn 0.5773503 0.5773503 0.5773503
vn -0.5773503 -0.5773503 -0.5773503
vn -0.5773503 -0.5773503 0.5773503
vn -0.5773503 0.5773503 -0.5773503
vn 0.5773503 -0.5773503 0.5773503
vn -0.5773503 0.5773503 0.5773503
vn 0.5773503 -0.5773503 -0.5773503
vn -0.7071069 0.5773503 0.4082482
vn -0.4082482 0.5773503 -0.7071069
vn -0.5202673 0.7994348 0.3003764
vn -0.3003764 0.7994348 -0.5202673
vn 0.5202673 -0.7994348 -0.3003764
vn 0.4082482 -0.5773503 0.7071069
vn 0.7071069 -0.5773503 -0.4082482
vn 0.3003764 -0.7994348 0.5202673
vn 0.7071068 0.5773503 0.4082484
vn -0.4082484 0.5773503 0.7071068
vn 0.5202672 0.7994348 0.3003765
vn -0.3003765 0.7994348 0.5202672
vn -0.5202672 -0.7994348 -0.3003765
vn 0.4082484 -0.5773503 -0.7071068
vn -0.7071068 -0.5773503 -0.4082484
vn 0.3003765 -0.7994348 -0.5202672
vn 0.7071069 0.5773503 -0.4082482
vn 0.4082482 0.5773503 0.7071069
vn 0.5202673 0.7994348 -0.3003764
vn 0.3003764 0.7994348 0.5202673
vn -0.5202673 -0.7994348 0.3003764
vn -0.4082482 -0.5773503 -0.7071069
vn -0.7071069 -0.5773503 0.4082482
vn -0.3003764 -0.7994348 -0.5202673
vn -0.5202672 0.7994348 -0.3003765
vn 0.3003765 0.7994348 -0.5202672
vn 0.5202672 -0.7994348 0.3003765
vn -0.3003765 -0.7994348 0.5202672
vn -0.7071068 0.5773503 -0.4082484
vn 0.7071068 -0.5773503 0.4082484
vn 0.4082484 0.5773503 -0.7071068
vn -0.4082484 -0.5773503 0.7071068
vn -5.06089E-08 0.9054101 0.4245383
vn -0.4245383 0.9054101 -5.06089E-08
vn 0.4245383 0.9054101 5.06089E-08
vn 5.06089E-08 0.9054101 -0.4245383
vn -0.4245383 -0.9054101 -5.06089E-08
vn 0.4245383 -0.9054101 5.06089E-08
vn 5.06089E-08 -0.9054101 -0.4245383
vn -5.06089E-08 -0.9054101 0.4245383
vn -0.5773503 0.8164966 -6.882551E-08
vn 6.882551E-08 0.8164966 -0.5773503
vn 0.5773503 -0.8164966 6.882551E-08
vn -6.882551E-08 -0.8164966 0.5773503
vn -6.882551E-08 0.8164966 0.5773503
vn 6.882551E-08 -0.8164966 -0.5773503
vn 0.5773503 0.8164966 6.882551E-08
vn -0.5773503 -0.8164966 -6.882551E-08
vn -0.2886752 0.8164966 0.5
vn -0.2122692 0.90541 0.3676609
vn 0.5 0.8164966 0.2886752
vn 0.3676609 0.90541 0.2122692
vn -0.5 -0.8164966 -0.2886752
vn 0.2122692 -0.90541 -0.3676609
vn 0.2886752 -0.8164966 -0.5
vn -0.3676609 -0.90541 -0.2122692
vn 0.2886752 0.8164966 -0.5
vn 0.2122692 0.90541 -0.3676609
vn -0.2886752 -0.8164966 0.5
vn -0.2122692 -0.90541 0.3676609
vn 0.6666668 0.3333333 -0.6666667
vn 0.6666667 0.3333333 0.6666668
vn 0.5033766 0.7022992 -0.5033765
vn 0.5033765 0.7022992 0.5033766
vn -0.5033766 -0.7022992 0.5033765
vn -0.6666667 -0.3333333 -0.6666668
vn -0.6666668 -0.3333333 0.6666667
vn -0.5033765 -0.7022992 -0.5033766
vn -0.5033766 0.7022992 0.5033765
vn -0.5033765 0.7022992 -0.5033766
vn 0.5033766 -0.7022992 -0.5033765
vn 0.5033765 -0.7022992 0.5033766
vn -0.3676609 0.90541 -0.2122692
vn -0.5 0.8164966 -0.2886752
vn 0.5 -0.8164966 0.2886752
vn 0.3676609 -0.90541 0.2122692
vn -0.6666668 0.3333333 0.6666667
vn 0.6666668 -0.3333333 -0.6666667
vn -0.6666667 0.3333333 -0.6666668
vn 0.6666667 -0.3333333 0.6666668
vn -0.4082482 0.5773503 -0.7071068
vn 0.7071068 0.5773503 -0.4082482
vn -0.7071068 -0.5773503 0.4082482
vn 0.4082482 -0.5773503 0.7071068
vn -0.4082483 0.5773503 0.7071068
vn -0.7071068 0.5773503 -0.4082483
vn 0.7071068 -0.5773503 0.4082483
vn 0.4082483 -0.5773503 -0.7071068
vn 0.4082482 0.5773503 0.7071068
vn -0.7071068 0.5773503 0.4082482
vn 0.7071068 -0.5773503 -0.4082482
vn -0.4082482 -0.5773503 -0.7071068
vn 0.4082483 0.5773503 -0.7071068
vn -0.4082483 -0.5773503 0.7071068
vn 0.7071068 0.5773503 0.4082483
vn -0.7071068 -0.5773503 -0.4082483
vn -0.4245382 0.9054101 -1.003216E-08
vn 1.003216E-08 0.9054101 -0.4245382
vn -1.003216E-08 0.9054101 0.4245382
vn 0.4245382 0.9054101 1.003216E-08
vn 1.003216E-08 -0.9054101 -0.4245382
vn -1.003216E-08 -0.9054101 0.4245382
vn 0.4245382 -0.9054101 1.003216E-08
vn -0.4245382 -0.9054101 -1.003216E-08
vn 1.364323E-08 0.8164966 -0.5773503
vn 0.5773503 0.8164966 1.364323E-08
vn -1.364323E-08 -0.8164966 0.5773503
vn -0.5773503 -0.8164966 -1.364323E-08
vn -0.5773503 0.8164966 -1.364323E-08
vn 0.5773503 -0.8164966 1.364323E-08
vn -1.364323E-08 0.8164966 0.5773503
vn 1.364323E-08 -0.8164966 -0.5773503
vn -0.3676609 0.90541 -0.2122691
vn -0.2122691 0.90541 0.3676609
vn 0.3676609 -0.90541 0.2122691
vn 0.2122691 -0.90541 -0.3676609
vn 0.3676609 0.90541 0.2122691
vn -0.3676609 -0.90541 -0.2122691
vn 0.2122691 0.90541 -0.3676609
vn -0.2122691 -0.90541 0.3676609
vn 0.7071068 0.5773503 -0.4082484
vn 0.4082484 0.5773503 0.7071068
vn 0.5202672 0.7994348 -0.3003765
vn 0.3003765 0.7994348 0.5202672
vn -0.5202672 -0.7994348 0.3003765
vn -0.4082484 -0.5773503 -0.7071068
vn -0.7071068 -0.5773503 0.4082484
vn -0.3003765 -0.7994348 -0.5202672
vn -0.7071069 0.5773503 -0.4082482
vn 0.4082482 0.5773503 -0.7071069
vn -0.5202673 0.7994348 -0.3003764
vn 0.3003764 0.7994348 -0.5202673
vn 0.5202673 -0.7994348 0.3003764
vn -0.4082482 -0.5773503 0.7071069
vn 0.7071069 -0.5773503 0.4082482
vn -0.3003764 -0.7994348 0.5202673
vn -0.7071068 0.5773503 0.4082484
vn -0.4082484 0.5773503 -0.7071068
vn -0.5202672 0.7994348 0.3003765
vn -0.3003765 0.7994348 -0.5202672
vn 0.5202672 -0.7994348 -0.3003765
vn 0.4082484 -0.5773503 0.7071068
vn 0.7071068 -0.5773503 -0.4082484
vn 0.3003765 -0.7994348 0.5202672
vn 0.5202673 0.7994348 0.3003764
vn -0.3003764 0.7994348 0.5202673
vn -0.5202673 -0.7994348 -0.3003764
vn 0.3003764 -0.7994348 -0.5202673
vn 0.7071069 0.5773503 0.4082482
vn -0.7071069 -0.5773503 -0.4082482
vn -0.4082482 0.5773503 0.7071069
vn 0.4082482 -0.5773503 -0.7071069
vn -5.06089E-08 0.9054101 -0.4245383
vn 0.4245383 0.9054101 -5.06089E-08
vn -0.4245383 0.9054101 5.06089E-08
vn 5.06089E-08 0.9054101 0.4245383
vn 0.4245383 -0.9054101 -5.06089E-08
vn -0.4245383 -0.9054101 5.06089E-08
vn 5.06089E-08 -0.9054101 0.4245383
vn -5.06089E-08 -0.9054101 -0.4245383
vn 0.5773503 0.8164966 -6.882551E-08
vn 6.882551E-08 0.8164966 0.5773503
vn -0.5773503 -0.8164966 6.882551E-08
vn -6.882551E-08 -0.8164966 -0.5773503
vn -6.882551E-08 0.8164966 -0.5773503
vn 6.882551E-08 -0.8164966 0.5773503
vn -0.5773503 0.8164966 6.882551E-08
vn 0.5773503 -0.8164966 -6.882551E-08
vn 0.2886751 0.8164966 -0.5000001
vn 0.2122691 0.90541 -0.3676609
vn -0.5000001 0.8164966 -0.2886751
vn -0.3676609 0.90541 -0.2122691
vn 0.5000001 -0.8164966 0.2886751
vn -0.2122691 -0.90541 0.3676609
vn -0.2886751 -0.8164966 0.5000001
vn 0.3676609 -0.90541 0.2122691
vn -0.2886751 0.8164966 0.5000001
vn -0.2122691 0.90541 0.3676609
vn 0.2886751 -0.8164966 -0.5000001
vn 0.2122691 -0.90541 -0.3676609
vn -0.6666667 0.3333333 0.6666668
vn -0.6666668 0.3333333 -0.6666667
vn -0.5033765 0.7022992 0.5033766
vn -0.5033766 0.7022992 -0.5033765
vn 0.5033765 -0.7022992 -0.5033766
vn 0.6666668 -0.3333333 0.6666667
vn 0.6666667 -0.3333333 -0.6666668
vn 0.5033766 -0.7022992 0.5033765
vn 0.5033765 0.7022992 -0.5033766
vn 0.5033766 0.7022992 0.5033765
vn -0.5033765 -0.7022992 0.5033766
vn -0.5033766 -0.7022992 -0.5033765
vn 0.3676609 0.90541 0.2122691
vn 0.5000001 0.8164966 0.2886751
vn -0.5000001 -0.8164966 -0.2886751
vn -0.3676609 -0.90541 -0.2122691
vn 0.6666667 0.3333333 -0.6666668
vn -0.6666667 -0.3333333 0.6666668
vn 0.6666668 0.3333333 0.6666667
vn -0.6666668 -0.3333333 -0.6666667
vn -0.09950371 0 -0.9950371
vn 0 0 -1
vn 0.09950371 0 0.9950371
vn 0 0 1
vn 0.09950371 0 -0.9950371
vn -0.09950371 0 0.9950371
vn 1 0 0
vn -1 0 0
vn -1 0 -2.853273E-14
vn 1 0 2.853273E-14
vn 2.853273E-14 0 -1
vn -2.853273E-14 0 1
vn 0.8660254 0 0.5
vn 0.9659258 0 0.258819
vn -0.9659258 0 -0.258819
vn -0.8660254 0 -0.5
vn 0.5 0 0.8660254
vn -0.5 0 -0.8660254
vn 0.258819 0 0.9659258
vn -0.258819 0 -0.9659258
vn -1.192093E-07 0 -1
vn 1.192093E-07 0 1
vn 1 0 -1.192093E-07
vn -1 0 1.192093E-07
vn -0.5 0 0.8660256
vn -0.258819 0 0.965926
vn 0.258819 0 -0.965926
vn 0.5 0 -0.8660256
vn -0.8660255 0 0.5000002
vn 0.8660255 0 -0.5000002
vn -0.9659259 0 0.2588192
vn 0.9659259 0 -0.2588192
vn -1 0 -1.490097E-08
vn 1 0 1.490097E-08
vn 1.490097E-08 0 -1
vn -1.490097E-08 0 1
vn -8.733153E-13 0 1
vn 8.733153E-13 0 -1
vn -1 0 -8.733153E-13
vn 1 0 8.733153E-13
vn -1.192093E-07 0 1
vn 1.192093E-07 0 -1
vn -1 0 -1.192093E-07
vn 1 0 1.192093E-07
vn 0.5000002 0 -0.8660255
vn 0.2588192 0 -0.9659259
vn -0.2588192 0 0.9659259
vn -0.5000002 0 0.8660255
vn 0.8660256 0 -0.5
vn -0.8660256 0 0.5
vn 0.965926 0 -0.2588189
vn -0.965926 0 0.2588189
vn 0.1950905 0 -0.9807854
vn 0.3826836 0 -0.9238796
vn -0.3826836 0 0.9238796
vn -0.1950905 0 0.9807854
vn 0.7071069 0 -0.7071068
vn -0.7071069 0 0.7071068
vn 0.9238797 0 -0.3826834
vn -0.9238797 0 0.3826834
vn 0.9807854 0 -0.1950902
vn -0.9807854 0 0.1950902
vn -0.9807854 0 0.1950902
vn 0.9807854 0 -0.1950902
vn -2.363076E-08 0 1
vn 2.363076E-08 0 -1
vn 0.9807853 0 0.1950904
vn 0.9238795 0 0.3826835
vn -0.9238795 0 -0.3826835
vn -0.9807853 0 -0.1950904
vn 0.7071068 0 0.7071068
vn -0.7071068 0 -0.7071068
vn 0.3826834 0 0.9238795
vn -0.3826834 0 -0.9238795
vn 0.1950903 0 0.9807853
vn -0.1950903 0 -0.9807853
vn 1 0 2.363076E-08
vn -1 0 -2.363076E-08
vn -0.1950903 0 -0.9807853
vn 0.1950903 0 0.9807853
vn -0.1950902 0 0.9807854
vn -0.3826834 0 0.9238797
vn 0.3826834 0 -0.9238797
vn 0.1950902 0 -0.9807854
vn -0.7071068 0 0.7071069
vn 0.7071068 0 -0.7071069
vn -0.9238796 0 0.3826836
vn 0.9238796 0 -0.3826836
vn -0.9807854 0 0.1950905
vn 0.9807854 0 -0.1950905
vn 0.9807854 0 -0.1950905
vn -0.9807854 0 0.1950905
vn -0.9807853 0 -0.1950903
vn -0.9238795 0 -0.3826834
vn 0.9238795 0 0.3826834
vn 0.9807853 0 0.1950903
vn -0.3826834 0 -0.9238795
vn 0.3826834 0 0.9238795
vn -0.1950903 0 -0.9807853
vn 0.1950903 0 0.9807853
vn 0.1950903 0 0.9807853
vn -0.1950903 0 -0.9807853
vn 0.4575815 0 -0.8891677
vn -0.4575815 0 0.8891677
vn 0.8891677 0 -0.4575816
vn 0.986394 0 -0.164399
vn -0.986394 0 0.164399
vn -0.8891677 0 0.4575816
vn -0.4575816 0 -0.8891677
vn 0.4575816 0 0.8891677
vn -0.8891677 0 -0.4575815
vn -0.986394 0 -0.164399
vn 0.986394 0 0.164399
vn 0.8891677 0 0.4575815
vn -0.09950373 0 -0.9950371
vn 0.09950373 0 0.9950371
vn 0.0995037 0 -0.9950371
vn -0.0995037 0 0.9950371
vn 0.9192945 -0.3826834 -0.09192945
vn 0.3807842 -0.9238795 -0.03807842
vn -0.3807842 0.9238795 0.03807842
vn -0.9192945 0.3826834 0.09192945
vn 0.9192945 0.3826834 -0.09192945
vn 0.3807842 0.9238795 -0.03807842
vn -0.9192945 -0.3826834 0.09192945
vn -0.3807842 -0.9238795 0.03807842
vn 0.9192945 -0.3826834 0.09192945
vn 0.3807842 -0.9238795 0.03807842
vn -0.9192945 0.3826834 -0.09192945
vn -0.3807842 0.9238795 -0.03807842
vn -0.9192945 -0.3826834 -0.09192945
vn 0.9192945 0.3826834 0.09192945
vn -0.3807842 -0.9238795 -0.03807842
vn 0.3807842 0.9238795 0.03807842
vn 0.5 0 0.8660254
vn -0.5 0 -0.8660254
vn -0.8660255 0 0.5000001
vn 0.8660255 0 -0.5000001
vn 0.8660256 0 -0.4999999
vn -0.8660256 0 0.4999999
vn 0.9374504 0 0.3481188
vn 0.8012154 0 0.598376
vn -0.8012154 0 -0.598376
vn -0.9374504 0 -0.3481188
vn 0.2601589 0 -0.9655658
vn 0.7071068 0 -0.7071068
vn -0.2601589 0 0.9655658
vn -0.7071068 0 0.7071068
vn 0.9655658 0 -0.2601589
vn -0.9655658 0 0.2601589
vn -0.3481188 0 -0.9374504
vn -0.598376 0 -0.8012154
vn 0.598376 0 0.8012154
vn 0.3481188 0 0.9374504
vn -0.07465781 0.9238795 -0.3753304
vn -0.1802399 0.3826834 -0.9061276
vn 0.07465781 -0.9238795 0.3753304
vn 0.1802399 -0.3826834 0.9061276
vn -0.07465781 -0.9238795 -0.3753304
vn 0.07465781 0.9238795 0.3753304
vn 0.1802399 0.3826834 0.9061276
vn -0.1802399 -0.3826834 -0.9061276
vn 0.2126075 0.9238795 0.3181897
vn -0.2126075 0.9238795 -0.3181897
vn -0.2126075 -0.9238795 -0.3181897
vn 0.2126075 -0.9238795 0.3181897
vn 0.5132799 -0.3826834 0.7681779
vn -0.5132799 0.3826834 -0.7681779
vn -0.5132799 -0.3826834 -0.7681779
vn 0.5132799 0.3826834 0.7681779
vn 0.8314698 0 -0.5555702
vn -0.8314698 0 0.5555702
vn -0.3753303 0.9238795 -0.07465788
vn -0.9061276 0.3826834 -0.1802401
vn 0.3753303 -0.9238795 0.07465788
vn 0.9061276 -0.3826834 0.1802401
vn 0.3753303 0.9238795 0.07465788
vn -0.3753303 -0.9238795 -0.07465788
vn 0.9061276 0.3826834 0.1802401
vn -0.9061276 -0.3826834 -0.1802401
vn -0.3481187 0 0.9374505
vn -0.5983759 0 0.8012155
vn 0.5983759 0 -0.8012155
vn 0.3481187 0 -0.9374505
vn 0.9655658 0 0.2601588
vn 0.7071069 0 0.7071067
vn -0.9655658 0 -0.2601588
vn -0.7071069 0 -0.7071067
vn 0.260159 0 0.9655658
vn -0.260159 0 -0.9655658
vn 0.9374504 0 -0.3481189
vn 0.8012154 0 -0.5983762
vn -0.8012154 0 0.5983762
vn -0.9374504 0 0.3481189
vn 0.3753303 0.9238795 -0.07465784
vn 0.9061275 0.3826834 -0.18024
vn -0.3753303 -0.9238795 0.07465784
vn -0.9061275 -0.3826834 0.18024
vn 0.3753303 -0.9238795 -0.07465784
vn -0.3753303 0.9238795 0.07465784
vn -0.9061275 0.3826834 0.18024
vn 0.9061275 -0.3826834 -0.18024
vn -0.3181897 0.9238795 0.2126075
vn 0.3181897 0.9238795 -0.2126075
vn 0.3181897 -0.9238795 -0.2126075
vn -0.3181897 -0.9238795 0.2126075
vn -0.7681777 -0.3826834 0.51328
vn 0.7681777 0.3826834 -0.51328
vn 0.7681777 -0.3826834 -0.51328
vn -0.7681777 0.3826834 0.51328
vn 0.5555702 0 0.8314696
vn -0.5555702 0 -0.8314696
vn 0.07465784 0.9238795 -0.3753302
vn 0.18024 0.3826834 -0.9061275
vn -0.07465784 -0.9238795 0.3753302
vn -0.18024 -0.3826834 0.9061275
vn -0.07465784 0.9238795 0.3753302
vn 0.07465784 -0.9238795 -0.3753302
vn -0.18024 0.3826834 0.9061275
vn 0.18024 -0.3826834 -0.9061275
vn -0.9374505 0 -0.3481186
vn -0.8012155 0 -0.5983759
vn 0.8012155 0 0.5983759
vn 0.9374505 0 0.3481186
vn -0.2601586 0 0.9655659
vn -0.7071066 0 0.7071069
vn 0.2601586 0 -0.9655659
vn 0.7071066 0 -0.7071069
vn -0.9655658 0 0.2601591
vn 0.9655658 0 -0.2601591
vn 0.3481191 0 0.9374504
vn 0.5983763 0 0.8012152
vn -0.5983763 0 -0.8012152
vn -0.3481191 0 -0.9374504
vn 0.07465789 0.9238795 0.3753304
vn 0.1802401 0.3826834 0.9061276
vn -0.07465789 -0.9238795 -0.3753304
vn -0.1802401 -0.3826834 -0.9061276
vn 0.07465789 -0.9238795 0.3753304
vn -0.07465789 0.9238795 -0.3753304
vn -0.1802401 0.3826834 -0.9061276
vn 0.1802401 -0.3826834 0.9061276
vn -0.2126076 0.9238795 -0.3181897
vn 0.2126076 0.9238795 0.3181897
vn 0.2126076 -0.9238795 0.3181897
vn -0.2126076 -0.9238795 -0.3181897
vn -0.5132802 -0.3826834 -0.7681778
vn 0.5132802 0.3826834 0.7681778
vn 0.5132802 -0.3826834 0.7681778
vn -0.5132802 0.3826834 -0.7681778
vn -0.8314697 0 0.5555704
vn 0.8314697 0 -0.5555704
vn 0.3753303 0.9238795 0.07465779
vn 0.9061276 0.3826834 0.1802399
vn -0.3753303 -0.9238795 -0.07465779
vn -0.9061276 -0.3826834 -0.1802399
vn -0.3753303 0.9238795 -0.07465779
vn 0.3753303 -0.9238795 0.07465779
vn -0.9061276 0.3826834 -0.1802399
vn 0.9061276 -0.3826834 0.1802399
vn -0.3753303 0.9238795 0.07465784
vn -0.9061275 0.3826834 0.18024
vn 0.3753303 -0.9238795 -0.07465784
vn 0.9061275 -0.3826834 -0.18024
vn -0.3753303 -0.9238795 0.07465784
vn 0.3753303 0.9238795 -0.07465784
vn 0.9061275 0.3826834 -0.18024
vn -0.9061275 -0.3826834 0.18024
vn 0.3181897 0.9238795 -0.2126075
vn -0.3181897 0.9238795 0.2126075
vn -0.3181897 -0.9238795 0.2126075
vn 0.3181897 -0.9238795 -0.2126075
vn -0.07465783 0.9238795 0.3753302
vn -0.18024 0.3826834 0.9061275
vn 0.07465783 -0.9238795 -0.3753302
vn 0.18024 -0.3826834 -0.9061275
vn 0.07465783 0.9238795 -0.3753302
vn -0.07465783 -0.9238795 0.3753302
vn 0.18024 0.3826834 -0.9061275
vn -0.18024 -0.3826834 0.9061275
vn -0.164399 0 0.986394
vn 0.164399 0 -0.986394
vn -0.164399 0 -0.986394
vn 0.164399 0 0.986394
vn 0.986394 0 0.164399
vn -0.986394 0 -0.164399
vn -0.986394 0 0.164399
vn 0.986394 0 -0.164399
vn -0.999634 -0.02705235 0
vn -0.9860427 -0.02668454 0.1643405
vn 0.999634 0.02705235 0
vn 0.9860427 0.02668454 -0.1643405
vn -0.9860427 -0.02668454 -0.1643405
vn 0.9860427 0.02668454 0.1643405
vn 0 -0.02705235 -0.999634
vn 0.1643405 -0.02668453 -0.9860427
vn 0 0.02705235 0.999634
vn -0.1643405 0.02668453 0.9860427
vn 0.1643405 -0.02668453 0.9860427
vn 0 -0.02705235 0.999634
vn -0.1643405 0.02668453 -0.9860427
vn 0 0.02705235 -0.999634
vn 0.9860427 -0.02668454 -0.1643405
vn 0.999634 -0.02705235 0
vn -0.999634 0.02705235 0
vn -0.9860427 0.02668454 0.1643405
vn 0.9860427 -0.02668454 0.1643405
vn -0.9860427 0.02668454 -0.1643405
vn -0.1643405 -0.02668453 -0.9860427
vn 0.1643405 0.02668453 0.9860427
vn -0.1643405 -0.02668453 0.9860427
vn 0.1643405 0.02668453 -0.9860427
vn 0.999634 -0.02705235 8.729957E-13
vn -0.999634 0.02705235 -8.729957E-13
vn -8.729957E-13 -0.02705235 0.999634
vn 8.729957E-13 0.02705235 -0.999634
vn 8.729957E-13 -0.02705235 -0.999634
vn -8.729957E-13 0.02705235 0.999634
vn -0.999634 -0.02705235 -8.729957E-13
vn 0.999634 0.02705235 8.729957E-13
vn 0 -0.9999999 0
vn 0 0.9999999 0
vn 0.8137335 0 0.5812384
vn 0.7071067 0 0.7071069
vn -0.7071067 0 -0.7071069
vn -0.8137335 0 -0.5812384
vn 0.7071069 0 -0.7071067
vn 0.8137337 0 -0.5812382
vn -0.7071069 0 0.7071067
vn -0.8137337 0 0.5812382
vn 0.5812384 0 -0.8137335
vn -0.5812384 0 0.8137335
vn -0.5812382 0 -0.8137337
vn 0.5812382 0 0.8137337
vn 0.7068848 -0.02505852 -0.7068848
vn 0.8134848 -0.02471778 -0.5810606
vn -0.7068848 0.02505852 0.7068848
vn -0.8134848 0.02471778 0.5810606
vn -0.7068848 -0.02505852 -0.7068848
vn -0.8134848 -0.02471778 -0.5810606
vn 0.7068848 0.02505852 0.7068848
vn 0.8134848 0.02471778 0.5810606
vn 0.5810606 -0.02471778 -0.8134848
vn -0.5810606 0.02471778 0.8134848
vn 0.7068848 -0.02505852 0.7068848
vn 0.5810606 -0.02471778 0.8134848
vn -0.7068848 0.02505852 -0.7068848
vn -0.5810606 0.02471778 -0.8134848
vn 0.8134848 -0.02471778 0.5810606
vn -0.8134848 0.02471778 -0.5810606
vn -0.7068848 -0.02505852 0.7068848
vn -0.8134848 -0.02471778 0.5810606
vn 0.7068848 0.02505852 -0.7068848
vn 0.8134848 0.02471778 -0.5810606
vn -0.5810606 -0.02471778 0.8134848
vn 0.5810606 0.02471778 -0.8134848
vn -0.5810606 -0.02471778 -0.8134848
vn 0.5810606 0.02471778 0.8134848
vn -0.5812383 0 0.8137335
vn -0.7071068 0 0.7071068
vn 0.7071068 0 -0.7071068
vn 0.5812383 0 -0.8137335
vn 0.7071068 0 0.7071068
vn 0.5812382 0 0.8137336
vn -0.7071068 0 -0.7071068
vn -0.5812382 0 -0.8137336
vn 0.8137335 0 0.5812383
vn -0.8137335 0 -0.5812383
vn 0.8137336 0 -0.5812382
vn -0.8137336 0 0.5812382
vn 0.7068848 -0.02505852 0.7068847
vn 0.5810606 -0.02471778 0.8134847
vn -0.7068848 0.02505852 -0.7068847
vn -0.5810606 0.02471778 -0.8134847
vn 0.7068847 -0.02505852 -0.7068848
vn 0.5810605 -0.02471778 -0.8134848
vn -0.7068847 0.02505852 0.7068848
vn -0.5810605 0.02471778 0.8134848
vn 0.8134848 -0.02471778 0.5810605
vn -0.8134848 0.02471778 -0.5810605
vn -0.7068847 -0.02505852 0.7068848
vn -0.8134847 -0.02471778 0.5810606
vn 0.7068847 0.02505852 -0.7068848
vn 0.8134847 0.02471778 -0.5810606
vn -0.5810605 -0.02471778 0.8134848
vn 0.5810605 0.02471778 -0.8134848
vn -0.7068848 -0.02505852 -0.7068847
vn -0.5810606 -0.02471778 -0.8134847
vn 0.7068848 0.02505852 0.7068847
vn 0.5810606 0.02471778 0.8134847
vn -0.8134848 -0.02471778 -0.5810605
vn 0.8134848 0.02471778 0.5810605
vn 0.8134847 -0.02471778 -0.5810606
vn -0.8134847 0.02471778 0.5810606
vn -0.8137336 0 -0.5812382
vn -0.7071069 0 -0.7071068
vn 0.7071069 0 0.7071068
vn 0.8137336 0 0.5812382
vn -0.8137335 0 0.5812383
vn 0.8137335 0 -0.5812383
vn -0.5812382 0 0.8137336
vn 0.5812382 0 -0.8137336
vn 0.5812383 0 0.8137335
vn -0.5812383 0 -0.8137335
vn -0.7068846 -0.02505852 0.7068849
vn -0.8134847 -0.02471778 0.5810607
vn 0.7068846 0.02505852 -0.7068849
vn 0.8134847 0.02471778 -0.5810607
vn 0.7068849 -0.02505852 0.7068846
vn 0.8134848 -0.02471778 0.5810605
vn -0.7068849 0.02505852 -0.7068846
vn -0.8134848 0.02471778 -0.5810605
vn -0.5810605 -0.02471778 0.8134848
vn 0.5810605 0.02471778 -0.8134848
vn -0.7068849 -0.02505852 -0.7068846
vn -0.5810607 -0.02471778 -0.8134847
vn 0.7068849 0.02505852 0.7068846
vn 0.5810607 0.02471778 0.8134847
vn -0.8134848 -0.02471778 -0.5810605
vn 0.8134848 0.02471778 0.5810605
vn 0.7068846 -0.02505852 -0.7068849
vn 0.8134847 -0.02471778 -0.5810607
vn -0.7068846 0.02505852 0.7068849
vn -0.8134847 0.02471778 0.5810607
vn 0.5810605 -0.02471778 -0.8134848
vn -0.5810605 0.02471778 0.8134848
vn 0.5810607 -0.02471778 0.8134847
vn -0.5810607 0.02471778 -0.8134847

vt 0.46875 0.025
vt 0.46875 0.065
vt 0.46875 0.105
vt 0.46875 0.145
vt 0.46875 0.185
vt 0.46875 0.225
vt 0.46875 0.165
vt 0.46875 0.045
vt 0.09375 0.025
vt 0.09375 0.225
vt 0.34375 0.025
vt 0.34375 0.225
vt 0.34375 0.105
vt 0.34375 0.1947402
vt 0.34375 0.1923779
vt 0.34375 0.2041891
vt 0.34375 0.2065513
vt 0.34375 0.1682468
vt 0.34375 0.170609
vt 0.34375 0.1800579
vt 0.34375 0.1824202
vt 0.34375 0.1241282
vt 0.34375 0.121766
vt 0.34375 0.1335772
vt 0.34375 0.1359394
vt 0.34375 0.1759351
vt 0.34375 0.1782973
vt 0.34375 0.1877463
vt 0.34375 0.1901085
vt 0.34375 0.1984787
vt 0.34375 0.2102899
vt 0.34375 0.2126521
vt 0.34375 0.2008409
vt 0.34375 0.1782653
vt 0.34375 0.164092
vt 0.34375 0.1664542
vt 0.34375 0.1759031
vt 0.34375 0.1428617
vt 0.34375 0.1404995
vt 0.34375 0.1310506
vt 0.34375 0.1286884
vt 0.21875 0.145
vt 0.21875 0.225
vt 0.21875 0.075
vt 0.21875 0.175

usemtl colormap

f 3/1/3 2/2/2 1/1/1
f 2/2/2 3/1/3 4/2/4
f 1/1/7 2/2/6 3/1/5
f 4/2/8 3/1/5 2/2/6
f 6/2/10 3/1/3 5/1/9
f 3/1/3 6/2/10 4/2/4
f 5/1/12 3/1/5 6/2/11
f 4/2/8 6/2/11 3/1/5
f 9/3/15 8/1/14 7/1/13
f 8/1/14 9/3/15 10/3/16
f 7/1/19 8/1/18 9/3/17
f 10/3/20 9/3/17 8/1/18
f 8/1/14 12/3/22 11/1/21
f 12/3/22 8/1/14 10/3/16
f 11/1/24 12/3/23 8/1/18
f 10/3/20 8/1/18 12/3/23
f 15/1/27 14/3/26 13/1/25
f 14/3/26 15/1/27 16/3/28
f 13/1/31 14/3/30 15/1/29
f 16/3/32 15/1/29 14/3/30
f 14/3/26 18/3/34 17/3/33
f 18/3/34 14/3/26 16/3/28
f 17/3/36 18/3/35 14/3/30
f 16/3/32 14/3/30 18/3/35
f 18/3/34 15/1/27 19/1/37
f 15/1/27 18/3/34 16/3/28
f 19/1/38 15/1/29 18/3/35
f 16/3/32 18/3/35 15/1/29
f 14/3/26 20/1/39 13/1/25
f 20/1/39 14/3/26 17/3/33
f 13/1/31 20/1/40 14/3/30
f 17/3/36 14/3/30 20/1/40
f 17/3/33 19/1/37 20/1/39
f 19/1/37 17/3/33 18/3/34
f 20/1/40 19/1/38 17/3/36
f 18/3/35 17/3/36 19/1/38
f 22/3/42 7/1/13 21/1/41
f 7/1/13 22/3/42 9/3/15
f 21/1/44 7/1/19 22/3/43
f 9/3/17 22/3/43 7/1/19
f 2/2/2 23/1/45 1/1/1
f 23/1/45 2/2/2 24/2/46
f 1/1/7 23/1/47 2/2/6
f 24/2/48 2/2/6 23/1/47
f 12/3/22 21/1/41 11/1/21
f 21/1/41 12/3/22 22/3/42
f 11/1/24 21/1/44 12/3/23
f 22/3/43 12/3/23 21/1/44
f 12/3/22 9/3/15 22/3/42
f 9/3/15 12/3/22 10/3/16
f 22/3/43 9/3/17 12/3/23
f 10/3/20 12/3/23 9/3/17
f 27/2/51 26/2/50 25/2/49
f 26/2/50 27/2/51 28/2/52
f 25/2/55 26/2/54 27/2/53
f 28/2/56 27/2/53 26/2/54
f 24/2/46 4/2/4 6/2/10
f 4/2/4 24/2/46 2/2/2
f 6/2/11 4/2/8 24/2/48
f 2/2/6 24/2/48 4/2/8
f 29/1/57 28/2/52 27/2/51
f 28/2/52 29/1/57 30/1/58
f 27/2/53 28/2/56 29/1/59
f 30/1/60 29/1/59 28/2/56
f 33/1/63 32/2/62 31/1/61
f 32/2/62 33/1/63 34/2/64
f 31/1/67 32/2/66 33/1/65
f 34/2/68 33/1/65 32/2/66
f 29/1/57 25/2/49 35/1/69
f 25/2/49 29/1/57 27/2/51
f 35/1/70 25/2/55 29/1/59
f 27/2/53 29/1/59 25/2/55
f 28/2/52 36/1/71 26/2/50
f 36/1/71 28/2/52 30/1/58
f 26/2/54 36/1/72 28/2/56
f 30/1/60 28/2/56 36/1/72
f 39/2/75 38/1/74 37/1/73
f 38/1/74 39/2/75 40/2/76
f 37/1/79 38/1/78 39/2/77
f 40/2/80 39/2/77 38/1/78
f 25/2/49 36/1/71 35/1/69
f 36/1/71 25/2/49 26/2/50
f 35/1/70 36/1/72 25/2/55
f 26/2/54 25/2/55 36/1/72
f 31/1/61 39/2/75 37/1/73
f 39/2/75 31/1/61 32/2/62
f 37/1/79 39/2/77 31/1/67
f 32/2/66 31/1/67 39/2/77
f 34/2/64 38/1/74 40/2/76
f 38/1/74 34/2/64 33/1/63
f 40/2/80 38/1/78 34/2/68
f 33/1/65 34/2/68 38/1/78
f 32/2/62 40/2/76 39/2/75
f 40/2/76 32/2/62 34/2/64
f 39/2/77 40/2/80 32/2/66
f 34/2/68 32/2/66 40/2/80
f 24/2/46 5/1/9 23/1/45
f 5/1/9 24/2/46 6/2/10
f 23/1/47 5/1/12 24/2/48
f 6/2/11 24/2/48 5/1/12
f 43/1/3 42/2/2 41/1/1
f 42/2/2 43/1/3 44/2/4
f 41/1/7 42/2/6 43/1/5
f 44/2/8 43/1/5 42/2/6
f 46/2/10 43/1/3 45/1/9
f 43/1/3 46/2/10 44/2/4
f 45/1/12 43/1/5 46/2/11
f 44/2/8 46/2/11 43/1/5
f 49/3/15 48/1/14 47/1/13
f 48/1/14 49/3/15 50/3/16
f 47/1/19 48/1/18 49/3/17
f 50/3/20 49/3/17 48/1/18
f 48/1/14 52/3/22 51/1/21
f 52/3/22 48/1/14 50/3/16
f 51/1/24 52/3/23 48/1/18
f 50/3/20 48/1/18 52/3/23
f 55/1/27 54/3/26 53/1/25
f 54/3/26 55/1/27 56/3/28
f 53/1/31 54/3/30 55/1/29
f 56/3/32 55/1/29 54/3/30
f 54/3/26 58/3/34 57/3/33
f 58/3/34 54/3/26 56/3/28
f 57/3/36 58/3/35 54/3/30
f 56/3/32 54/3/30 58/3/35
f 58/3/34 55/1/27 59/1/37
f 55/1/27 58/3/34 56/3/28
f 59/1/38 55/1/29 58/3/35
f 56/3/32 58/3/35 55/1/29
f 54/3/26 60/1/39 53/1/25
f 60/1/39 54/3/26 57/3/33
f 53/1/31 60/1/40 54/3/30
f 57/3/36 54/3/30 60/1/40
f 57/3/33 59/1/37 60/1/39
f 59/1/37 57/3/33 58/3/34
f 60/1/40 59/1/38 57/3/36
f 58/3/35 57/3/36 59/1/38
f 62/3/42 47/1/13 61/1/41
f 47/1/13 62/3/42 49/3/15
f 61/1/44 47/1/19 62/3/43
f 49/3/17 62/3/43 47/1/19
f 42/2/2 63/1/45 41/1/1
f 63/1/45 42/2/2 64/2/46
f 41/1/7 63/1/47 42/2/6
f 64/2/48 42/2/6 63/1/47
f 52/3/22 61/1/41 51/1/21
f 61/1/41 52/3/22 62/3/42
f 51/1/24 61/1/44 52/3/23
f 62/3/43 52/3/23 61/1/44
f 52/3/22 49/3/15 62/3/42
f 49/3/15 52/3/22 50/3/16
f 62/3/43 49/3/17 52/3/23
f 50/3/20 52/3/23 49/3/17
f 67/2/51 66/2/50 65/2/49
f 66/2/50 67/2/51 68/2/52
f 65/2/55 66/2/54 67/2/53
f 68/2/56 67/2/53 66/2/54
f 64/2/46 44/2/4 46/2/10
f 44/2/4 64/2/46 42/2/2
f 46/2/11 44/2/8 64/2/48
f 42/2/6 64/2/48 44/2/8
f 69/1/57 68/2/52 67/2/51
f 68/2/52 69/1/57 70/1/58
f 67/2/53 68/2/56 69/1/59
f 70/1/60 69/1/59 68/2/56
f 73/1/63 72/2/62 71/1/61
f 72/2/62 73/1/63 74/2/64
f 71/1/67 72/2/66 73/1/65
f 74/2/68 73/1/65 72/2/66
f 69/1/57 65/2/49 75/1/69
f 65/2/49 69/1/57 67/2/51
f 75/1/70 65/2/55 69/1/59
f 67/2/53 69/1/59 65/2/55
f 68/2/52 76/1/71 66/2/50
f 76/1/71 68/2/52 70/1/58
f 66/2/54 76/1/72 68/2/56
f 70/1/60 68/2/56 76/1/72
f 79/2/75 78/1/74 77/1/73
f 78/1/74 79/2/75 80/2/76
f 77/1/79 78/1/78 79/2/77
f 80/2/80 79/2/77 78/1/78
f 65/2/49 76/1/71 75/1/69
f 76/1/71 65/2/49 66/2/50
f 75/1/70 76/1/72 65/2/55
f 66/2/54 65/2/55 76/1/72
f 71/1/61 79/2/75 77/1/73
f 79/2/75 71/1/61 72/2/62
f 77/1/79 79/2/77 71/1/67
f 72/2/66 71/1/67 79/2/77
f 74/2/64 78/1/74 80/2/76
f 78/1/74 74/2/64 73/1/63
f 80/2/80 78/1/78 74/2/68
f 73/1/65 74/2/68 78/1/78
f 72/2/62 80/2/76 79/2/75
f 80/2/76 72/2/62 74/2/64
f 79/2/77 80/2/80 72/2/66
f 74/2/68 72/2/66 80/2/80
f 64/2/46 45/1/9 63/1/45
f 45/1/9 64/2/46 46/2/10
f 63/1/47 45/1/12 64/2/48
f 46/2/11 64/2/48 45/1/12
f 83/1/45 82/2/10 81/1/9
f 82/2/10 83/1/45 84/2/46
f 81/1/12 82/2/11 83/1/47
f 84/2/48 83/1/47 82/2/11
f 86/2/2 83/1/45 85/1/1
f 83/1/45 86/2/2 84/2/46
f 85/1/7 83/1/47 86/2/6
f 84/2/48 86/2/6 83/1/47
f 89/3/22 88/1/41 87/1/21
f 88/1/41 89/3/22 90/3/42
f 87/1/24 88/1/44 89/3/23
f 90/3/43 89/3/23 88/1/44
f 88/1/41 92/3/15 91/1/13
f 92/3/15 88/1/41 90/3/42
f 91/1/19 92/3/17 88/1/44
f 90/3/43 88/1/44 92/3/17
f 95/1/39 94/3/34 93/1/37
f 94/3/34 95/1/39 96/3/33
f 93/1/38 94/3/35 95/1/40
f 96/3/36 95/1/40 94/3/35
f 94/3/34 98/3/26 97/3/28
f 98/3/26 94/3/34 96/3/33
f 97/3/32 98/3/30 94/3/35
f 96/3/36 94/3/35 98/3/30
f 98/3/26 95/1/39 99/1/25
f 95/1/39 98/3/26 96/3/33
f 99/1/31 95/1/40 98/3/30
f 96/3/36 98/3/30 95/1/40
f 94/3/34 100/1/27 93/1/37
f 100/1/27 94/3/34 97/3/28
f 93/1/38 100/1/29 94/3/35
f 97/3/32 94/3/35 100/1/29
f 97/3/28 99/1/25 100/1/27
f 99/1/25 97/3/28 98/3/26
f 100/1/29 99/1/31 97/3/32
f 98/3/30 97/3/32 99/1/31
f 102/3/16 87/1/21 101/1/14
f 87/1/21 102/3/16 89/3/22
f 101/1/18 87/1/24 102/3/20
f 89/3/23 102/3/20 87/1/24
f 82/2/10 103/1/3 81/1/9
f 103/1/3 82/2/10 104/2/4
f 81/1/12 103/1/5 82/2/11
f 104/2/8 82/2/11 103/1/5
f 92/3/15 101/1/14 91/1/13
f 101/1/14 92/3/15 102/3/16
f 91/1/19 101/1/18 92/3/17
f 102/3/20 92/3/17 101/1/18
f 92/3/15 89/3/22 102/3/16
f 89/3/22 92/3/15 90/3/42
f 102/3/20 89/3/23 92/3/17
f 90/3/43 92/3/17 89/3/23
f 107/2/83 106/2/82 105/2/81
f 106/2/82 107/2/83 108/2/84
f 105/2/87 106/2/86 107/2/85
f 108/2/88 107/2/85 106/2/86
f 104/2/4 84/2/46 86/2/2
f 84/2/46 104/2/4 82/2/10
f 86/2/6 84/2/48 104/2/8
f 82/2/11 104/2/8 84/2/48
f 109/1/89 108/2/84 107/2/83
f 108/2/84 109/1/89 110/1/90
f 107/2/85 108/2/88 109/1/91
f 110/1/92 109/1/91 108/2/88
f 113/1/73 112/2/76 111/1/74
f 112/2/76 113/1/73 114/2/75
f 111/1/78 112/2/80 113/1/79
f 114/2/77 113/1/79 112/2/80
f 109/1/89 105/2/81 115/1/93
f 105/2/81 109/1/89 107/2/83
f 115/1/94 105/2/87 109/1/91
f 107/2/85 109/1/91 105/2/87
f 108/2/84 116/1/95 106/2/82
f 116/1/95 108/2/84 110/1/90
f 106/2/86 116/1/96 108/2/88
f 110/1/92 108/2/88 116/1/96
f 119/2/64 118/1/61 117/1/63
f 118/1/61 119/2/64 120/2/62
f 117/1/65 118/1/67 119/2/68
f 120/2/66 119/2/68 118/1/67
f 105/2/81 116/1/95 115/1/93
f 116/1/95 105/2/81 106/2/82
f 115/1/94 116/1/96 105/2/87
f 106/2/86 105/2/87 116/1/96
f 111/1/74 119/2/64 117/1/63
f 119/2/64 111/1/74 112/2/76
f 117/1/65 119/2/68 111/1/78
f 112/2/80 111/1/78 119/2/68
f 114/2/75 118/1/61 120/2/62
f 118/1/61 114/2/75 113/1/73
f 120/2/66 118/1/67 114/2/77
f 113/1/79 114/2/77 118/1/67
f 112/2/76 120/2/62 119/2/64
f 120/2/62 112/2/76 114/2/75
f 119/2/68 120/2/66 112/2/80
f 114/2/77 112/2/80 120/2/66
f 104/2/4 85/1/1 103/1/3
f 85/1/1 104/2/4 86/2/2
f 103/1/5 85/1/7 104/2/8
f 86/2/6 104/2/8 85/1/7
f 123/1/45 122/2/10 121/1/9
f 122/2/10 123/1/45 124/2/46
f 121/1/12 122/2/11 123/1/47
f 124/2/48 123/1/47 122/2/11
f 126/2/2 123/1/45 125/1/1
f 123/1/45 126/2/2 124/2/46
f 125/1/7 123/1/47 126/2/6
f 124/2/48 126/2/6 123/1/47
f 129/3/22 128/1/41 127/1/21
f 128/1/41 129/3/22 130/3/42
f 127/1/24 128/1/44 129/3/23
f 130/3/43 129/3/23 128/1/44
f 128/1/41 132/3/15 131/1/13
f 132/3/15 128/1/41 130/3/42
f 131/1/19 132/3/17 128/1/44
f 130/3/43 128/1/44 132/3/17
f 135/1/39 134/3/34 133/1/37
f 134/3/34 135/1/39 136/3/33
f 133/1/38 134/3/35 135/1/40
f 136/3/36 135/1/40 134/3/35
f 134/3/34 138/3/26 137/3/28
f 138/3/26 134/3/34 136/3/33
f 137/3/32 138/3/30 134/3/35
f 136/3/36 134/3/35 138/3/30
f 138/3/26 135/1/39 139/1/25
f 135/1/39 138/3/26 136/3/33
f 139/1/31 135/1/40 138/3/30
f 136/3/36 138/3/30 135/1/40
f 134/3/34 140/1/27 133/1/37
f 140/1/27 134/3/34 137/3/28
f 133/1/38 140/1/29 134/3/35
f 137/3/32 134/3/35 140/1/29
f 137/3/28 139/1/25 140/1/27
f 139/1/25 137/3/28 138/3/26
f 140/1/29 139/1/31 137/3/32
f 138/3/30 137/3/32 139/1/31
f 142/3/16 127/1/21 141/1/14
f 127/1/21 142/3/16 129/3/22
f 141/1/18 127/1/24 142/3/20
f 129/3/23 142/3/20 127/1/24
f 122/2/10 143/1/3 121/1/9
f 143/1/3 122/2/10 144/2/4
f 121/1/12 143/1/5 122/2/11
f 144/2/8 122/2/11 143/1/5
f 132/3/15 141/1/14 131/1/13
f 141/1/14 132/3/15 142/3/16
f 131/1/19 141/1/18 132/3/17
f 142/3/20 132/3/17 141/1/18
f 132/3/15 129/3/22 142/3/16
f 129/3/22 132/3/15 130/3/42
f 142/3/20 129/3/23 132/3/17
f 130/3/43 132/3/17 129/3/23
f 147/2/83 146/2/82 145/2/81
f 146/2/82 147/2/83 148/2/84
f 145/2/87 146/2/86 147/2/85
f 148/2/88 147/2/85 146/2/86
f 144/2/4 124/2/46 126/2/2
f 124/2/46 144/2/4 122/2/10
f 126/2/6 124/2/48 144/2/8
f 122/2/11 144/2/8 124/2/48
f 149/1/89 148/2/84 147/2/83
f 148/2/84 149/1/89 150/1/90
f 147/2/85 148/2/88 149/1/91
f 150/1/92 149/1/91 148/2/88
f 153/1/73 152/2/76 151/1/74
f 152/2/76 153/1/73 154/2/75
f 151/1/78 152/2/80 153/1/79
f 154/2/77 153/1/79 152/2/80
f 149/1/89 145/2/81 155/1/93
f 145/2/81 149/1/89 147/2/83
f 155/1/94 145/2/87 149/1/91
f 147/2/85 149/1/91 145/2/87
f 148/2/84 156/1/95 146/2/82
f 156/1/95 148/2/84 150/1/90
f 146/2/86 156/1/96 148/2/88
f 150/1/92 148/2/88 156/1/96
f 159/2/64 158/1/61 157/1/63
f 158/1/61 159/2/64 160/2/62
f 157/1/65 158/1/67 159/2/68
f 160/2/66 159/2/68 158/1/67
f 145/2/81 156/1/95 155/1/93
f 156/1/95 145/2/81 146/2/82
f 155/1/94 156/1/96 145/2/87
f 146/2/86 145/2/87 156/1/96
f 151/1/74 159/2/64 157/1/63
f 159/2/64 151/1/74 152/2/76
f 157/1/65 159/2/68 151/1/78
f 152/2/80 151/1/78 159/2/68
f 154/2/75 158/1/61 160/2/62
f 158/1/61 154/2/75 153/1/73
f 160/2/66 158/1/67 154/2/77
f 153/1/79 154/2/77 158/1/67
f 152/2/76 160/2/62 159/2/64
f 160/2/62 152/2/76 154/2/75
f 159/2/68 160/2/66 152/2/80
f 154/2/77 152/2/80 160/2/66
f 144/2/4 125/1/1 143/1/3
f 125/1/1 144/2/4 126/2/2
f 143/1/5 125/1/7 144/2/8
f 126/2/6 144/2/8 125/1/7
f 163/1/97 162/1/97 161/1/97
f 162/1/97 163/1/97 164/1/97
f 161/1/98 162/1/98 163/1/98
f 164/1/98 163/1/98 162/1/98
f 167/5/101 166/4/100 165/4/99
f 166/4/100 167/5/101 168/5/102
f 165/4/105 166/4/104 167/5/103
f 168/5/106 167/5/103 166/4/104
f 171/5/109 170/5/108 169/5/107
f 170/5/108 171/5/109 172/5/110
f 169/5/113 170/5/112 171/5/111
f 172/5/114 171/5/111 170/5/112
f 174/5/116 167/5/101 173/5/115
f 167/5/101 174/5/116 168/5/102
f 173/5/118 167/5/103 174/5/117
f 168/5/106 174/5/117 167/5/103
f 177/4/3 176/6/2 175/4/1
f 176/6/2 177/4/3 178/6/4
f 175/4/7 176/6/6 177/4/5
f 178/6/8 177/4/5 176/6/6
f 180/6/46 178/6/4 179/6/10
f 178/6/4 180/6/46 176/6/2
f 179/6/11 178/6/8 180/6/48
f 176/6/6 180/6/48 178/6/8
f 179/6/10 177/4/3 181/4/9
f 177/4/3 179/6/10 178/6/4
f 181/4/12 177/4/5 179/6/11
f 178/6/8 179/6/11 177/4/5
f 173/5/115 165/4/99 182/4/119
f 165/4/99 173/5/115 167/5/101
f 182/4/120 165/4/105 173/5/118
f 167/5/103 173/5/118 165/4/105
f 183/4/121 168/5/102 174/5/116
f 168/5/102 183/4/121 166/4/100
f 174/5/117 168/5/106 183/4/122
f 166/4/104 183/4/122 168/5/106
f 186/7/62 185/7/76 184/7/75
f 185/7/76 186/7/62 187/7/64
f 184/7/77 185/7/80 186/7/66
f 187/7/68 186/7/66 185/7/80
f 187/7/64 188/4/74 185/7/76
f 188/4/74 187/7/64 189/4/63
f 185/7/80 188/4/78 187/7/68
f 189/4/65 187/7/68 188/4/78
f 191/4/61 184/7/75 190/4/73
f 184/7/75 191/4/61 186/7/62
f 190/4/79 184/7/77 191/4/67
f 186/7/66 191/4/67 184/7/77
f 189/4/63 186/7/62 191/4/61
f 186/7/62 189/4/63 187/7/64
f 191/4/67 186/7/66 189/4/65
f 187/7/68 189/4/65 186/7/66
f 193/4/124 172/5/110 192/4/123
f 172/5/110 193/4/124 170/5/108
f 192/4/126 172/5/114 193/4/125
f 170/5/112 193/4/125 172/5/114
f 172/5/110 194/4/127 192/4/123
f 194/4/127 172/5/110 171/5/109
f 192/4/126 194/4/128 172/5/114
f 171/5/111 172/5/114 194/4/128
f 169/5/107 193/4/124 195/4/129
f 193/4/124 169/5/107 170/5/108
f 195/4/130 193/4/125 169/5/113
f 170/5/112 169/5/113 193/4/125
f 198/7/2 197/4/45 196/4/1
f 197/4/45 198/7/2 199/7/46
f 196/4/7 197/4/47 198/7/6
f 199/7/48 198/7/6 197/4/47
f 171/5/109 195/4/129 194/4/127
f 195/4/129 171/5/109 169/5/107
f 194/4/128 195/4/130 171/5/111
f 169/5/113 171/5/111 195/4/130
f 199/7/46 201/7/4 200/7/10
f 201/7/4 199/7/46 198/7/2
f 200/7/11 201/7/8 199/7/48
f 198/7/6 199/7/48 201/7/8
f 180/6/46 181/4/9 202/4/45
f 181/4/9 180/6/46 179/6/10
f 202/4/47 181/4/12 180/6/48
f 179/6/11 180/6/48 181/4/12
f 200/7/10 204/4/3 203/4/9
f 204/4/3 200/7/10 201/7/4
f 203/4/12 204/4/5 200/7/11
f 201/7/8 200/7/11 204/4/5
f 184/7/75 188/4/74 190/4/73
f 188/4/74 184/7/75 185/7/76
f 190/4/79 188/4/78 184/7/77
f 185/7/80 184/7/77 188/4/78
f 176/6/2 202/4/45 175/4/1
f 202/4/45 176/6/2 180/6/46
f 175/4/7 202/4/47 176/6/6
f 180/6/48 176/6/6 202/4/47
f 199/7/46 203/4/9 197/4/45
f 203/4/9 199/7/46 200/7/10
f 197/4/47 203/4/12 199/7/48
f 200/7/11 199/7/48 203/4/12
f 183/4/121 173/5/115 182/4/119
f 173/5/115 183/4/121 174/5/116
f 182/4/120 173/5/118 183/4/122
f 174/5/117 183/4/122 173/5/118
f 207/7/2 206/4/45 205/4/1
f 206/4/45 207/7/2 208/7/46
f 205/4/7 206/4/47 207/7/6
f 208/7/48 207/7/6 206/4/47
f 204/4/3 198/7/2 196/4/1
f 198/7/2 204/4/3 201/7/4
f 196/4/7 198/7/6 204/4/5
f 201/7/8 204/4/5 198/7/6
f 208/7/46 210/7/4 209/7/10
f 210/7/4 208/7/46 207/7/2
f 209/7/11 210/7/8 208/7/48
f 207/7/6 208/7/48 210/7/8
f 211/4/3 207/7/2 205/4/1
f 207/7/2 211/4/3 210/7/4
f 205/4/7 207/7/6 211/4/5
f 210/7/8 211/4/5 207/7/6
f 208/7/46 212/4/9 206/4/45
f 212/4/9 208/7/46 209/7/10
f 206/4/47 212/4/12 208/7/48
f 209/7/11 208/7/48 212/4/12
f 209/7/10 211/4/3 212/4/9
f 211/4/3 209/7/10 210/7/4
f 212/4/12 211/4/5 209/7/11
f 210/7/8 209/7/11 211/4/5
f 215/5/133 214/5/132 213/5/131
f 214/5/132 215/5/133 216/5/134
f 213/5/137 214/5/136 215/5/135
f 216/5/138 215/5/135 214/5/136
f 213/5/131 218/4/140 217/4/139
f 218/4/140 213/5/131 214/5/132
f 217/4/142 218/4/141 213/5/137
f 214/5/136 213/5/137 218/4/141
f 215/5/133 217/4/139 219/4/143
f 217/4/139 215/5/133 213/5/131
f 219/4/144 217/4/142 215/5/135
f 213/5/137 215/5/135 217/4/142
f 214/5/132 220/4/145 218/4/140
f 220/4/145 214/5/132 216/5/134
f 218/4/141 220/4/146 214/5/136
f 216/5/138 214/5/136 220/4/146
f 220/4/145 215/5/133 219/4/143
f 215/5/133 220/4/145 216/5/134
f 219/4/144 215/5/135 220/4/146
f 216/5/138 220/4/146 215/5/135
f 223/4/27 222/5/26 221/4/25
f 222/5/26 223/4/27 224/5/28
f 221/4/31 222/5/30 223/4/29
f 224/5/32 223/4/29 222/5/30
f 222/5/26 226/5/34 225/5/33
f 226/5/34 222/5/26 224/5/28
f 225/5/36 226/5/35 222/5/30
f 224/5/32 222/5/30 226/5/35
f 222/5/26 227/4/39 221/4/25
f 227/4/39 222/5/26 225/5/33
f 221/4/31 227/4/40 222/5/30
f 225/5/36 222/5/30 227/4/40
f 226/5/34 223/4/27 228/4/37
f 223/4/27 226/5/34 224/5/28
f 228/4/38 223/4/29 226/5/35
f 224/5/32 226/5/35 223/4/29
f 225/5/33 228/4/37 227/4/39
f 228/4/37 225/5/33 226/5/34
f 227/4/40 228/4/38 225/5/36
f 226/5/35 225/5/36 228/4/38
f 231/7/62 230/7/76 229/7/75
f 230/7/76 231/7/62 232/7/64
f 229/7/77 230/7/80 231/7/66
f 232/7/68 231/7/66 230/7/80
f 232/7/64 233/4/74 230/7/76
f 233/4/74 232/7/64 234/4/63
f 230/7/80 233/4/78 232/7/68
f 234/4/65 232/7/68 233/4/78
f 237/5/22 236/5/15 235/5/42
f 236/5/15 237/5/22 238/5/16
f 235/5/43 236/5/17 237/5/23
f 238/5/20 237/5/23 236/5/17
f 235/5/42 240/4/13 239/4/41
f 240/4/13 235/5/42 236/5/15
f 239/4/44 240/4/19 235/5/43
f 236/5/17 235/5/43 240/4/19
f 229/7/75 233/4/74 241/4/73
f 233/4/74 229/7/75 230/7/76
f 241/4/79 233/4/78 229/7/77
f 230/7/80 229/7/77 233/4/78
f 234/4/63 231/7/62 242/4/61
f 231/7/62 234/4/63 232/7/64
f 242/4/67 231/7/66 234/4/65
f 232/7/68 234/4/65 231/7/66
f 236/5/15 243/4/14 240/4/13
f 243/4/14 236/5/15 238/5/16
f 240/4/19 243/4/18 236/5/17
f 238/5/20 236/5/17 243/4/18
f 237/5/22 239/4/41 244/4/21
f 239/4/41 237/5/22 235/5/42
f 244/4/24 239/4/44 237/5/23
f 235/5/43 237/5/23 239/4/44
f 243/4/14 237/5/22 244/4/21
f 237/5/22 243/4/14 238/5/16
f 244/4/24 237/5/23 243/4/18
f 238/5/20 243/4/18 237/5/23
f 242/4/61 229/7/75 241/4/73
f 229/7/75 242/4/61 231/7/62
f 241/4/79 229/7/77 242/4/67
f 231/7/66 242/4/67 229/7/77
f 247/3/149 246/1/148 245/1/147
f 246/1/148 247/3/149 248/3/150
f 245/1/153 246/1/152 247/3/151
f 248/3/154 247/3/151 246/1/152
f 251/2/157 250/1/156 249/1/155
f 250/1/156 251/2/157 252/2/158
f 249/1/161 250/1/160 251/2/159
f 252/2/162 251/2/159 250/1/160
f 255/3/165 254/1/164 253/1/163
f 254/1/164 255/3/165 256/3/166
f 253/1/169 254/1/168 255/3/167
f 256/3/170 255/3/167 254/1/168
f 246/1/148 255/3/165 253/1/163
f 255/3/165 246/1/148 248/3/150
f 253/1/169 255/3/167 246/1/152
f 248/3/154 246/1/152 255/3/167
f 251/2/157 257/2/171 252/2/158
f 257/2/171 251/2/157 258/2/172
f 252/2/162 257/2/173 251/2/159
f 258/2/174 251/2/159 257/2/173
f 252/2/158 259/1/175 250/1/156
f 259/1/175 252/2/158 257/2/171
f 250/1/160 259/1/176 252/2/162
f 257/2/173 252/2/162 259/1/176
f 255/3/165 247/3/149 256/3/166
f 247/3/149 255/3/165 248/3/150
f 256/3/170 247/3/151 255/3/167
f 248/3/154 255/3/167 247/3/151
f 258/2/172 249/1/155 260/1/177
f 249/1/155 258/2/172 251/2/157
f 260/1/178 249/1/161 258/2/174
f 251/2/159 258/2/174 249/1/161
f 259/1/175 258/2/172 260/1/177
f 258/2/172 259/1/175 257/2/171
f 260/1/178 258/2/174 259/1/176
f 257/2/173 259/1/176 258/2/174
f 256/3/166 245/1/147 254/1/164
f 245/1/147 256/3/166 247/3/149
f 254/1/168 245/1/153 256/3/170
f 247/3/151 256/3/170 245/1/153
f 263/2/181 262/2/180 261/2/179
f 262/2/180 263/2/181 264/2/182
f 261/2/185 262/2/184 263/2/183
f 264/2/186 263/2/183 262/2/184
f 264/2/182 265/1/187 262/2/180
f 265/1/187 264/2/182 266/1/188
f 262/2/184 265/1/189 264/2/186
f 266/1/190 264/2/186 265/1/189
f 261/2/179 265/1/187 267/1/191
f 265/1/187 261/2/179 262/2/180
f 267/1/192 265/1/189 261/2/185
f 262/2/184 261/2/185 265/1/189
f 268/1/193 261/2/179 267/1/191
f 261/2/179 268/1/193 263/2/181
f 267/1/192 261/2/185 268/1/194
f 263/2/183 268/1/194 261/2/185
f 266/1/188 263/2/181 268/1/193
f 263/2/181 266/1/188 264/2/182
f 268/1/194 263/2/183 266/1/190
f 264/2/186 266/1/190 263/2/183
f 271/1/197 270/2/196 269/1/195
f 270/2/196 271/1/197 272/2/198
f 269/1/201 270/2/200 271/1/199
f 272/2/202 271/1/199 270/2/200
f 273/1/203 272/2/198 271/1/197
f 272/2/198 273/1/203 274/2/204
f 271/1/199 272/2/202 273/1/205
f 274/2/206 273/1/205 272/2/202
f 277/3/209 276/1/208 275/1/207
f 276/1/208 277/3/209 278/3/210
f 275/1/213 276/1/212 277/3/211
f 278/3/214 277/3/211 276/1/212
f 277/3/209 279/3/215 278/3/210
f 279/3/215 277/3/209 280/3/216
f 278/3/214 279/3/217 277/3/211
f 280/3/218 277/3/211 279/3/217
f 274/2/204 282/1/220 281/2/219
f 282/1/220 274/2/204 273/1/203
f 281/2/222 282/1/221 274/2/206
f 273/1/205 274/2/206 282/1/221
f 278/3/210 283/1/223 276/1/208
f 283/1/223 278/3/210 279/3/215
f 276/1/212 283/1/224 278/3/214
f 279/3/217 278/3/214 283/1/224
f 272/2/198 281/2/219 270/2/196
f 281/2/219 272/2/198 274/2/204
f 270/2/200 281/2/222 272/2/202
f 274/2/206 272/2/202 281/2/222
f 284/1/225 277/3/209 275/1/207
f 277/3/209 284/1/225 280/3/216
f 275/1/213 277/3/211 284/1/226
f 280/3/218 284/1/226 277/3/211
f 270/2/196 282/1/220 269/1/195
f 282/1/220 270/2/196 281/2/219
f 269/1/201 282/1/221 270/2/200
f 281/2/222 270/2/200 282/1/221
f 279/3/215 284/1/225 283/1/223
f 284/1/225 279/3/215 280/3/216
f 283/1/224 284/1/226 279/3/217
f 280/3/218 279/3/217 284/1/226
f 287/1/97 286/1/97 285/1/97
f 286/1/97 287/1/97 288/1/97
f 285/1/98 286/1/98 287/1/98
f 288/1/98 287/1/98 286/1/98
f 290/1/97 161/1/97 289/1/97
f 161/1/97 290/1/97 163/1/97
f 289/1/98 161/1/98 290/1/98
f 163/1/98 290/1/98 161/1/98
f 291/1/97 163/1/97 290/1/97
f 163/1/97 291/1/97 292/1/97
f 290/1/98 163/1/98 291/1/98
f 292/1/98 291/1/98 163/1/98
f 292/1/97 164/1/97 163/1/97
f 164/1/97 292/1/97 293/1/97
f 163/1/98 164/1/98 292/1/98
f 293/1/98 292/1/98 164/1/98
f 296/1/97 295/1/97 294/1/97
f 295/1/97 296/1/97 289/1/97
f 294/1/98 295/1/98 296/1/98
f 289/1/98 296/1/98 295/1/98
f 161/1/97 298/1/97 297/1/97
f 298/1/97 161/1/97 162/1/97
f 297/1/98 298/1/98 161/1/98
f 162/1/98 161/1/98 298/1/98
f 300/1/97 290/1/97 299/1/97
f 290/1/97 300/1/97 291/1/97
f 299/1/98 290/1/98 300/1/98
f 291/1/98 300/1/98 290/1/98
f 303/2/101 302/1/100 301/1/99
f 302/1/100 303/2/101 304/2/102
f 301/1/105 302/1/104 303/2/103
f 304/2/106 303/2/103 302/1/104
f 307/2/109 306/2/108 305/2/107
f 306/2/108 307/2/109 308/2/110
f 305/2/113 306/2/112 307/2/111
f 308/2/114 307/2/111 306/2/112
f 310/2/116 303/2/101 309/2/115
f 303/2/101 310/2/116 304/2/102
f 309/2/118 303/2/103 310/2/117
f 304/2/106 310/2/117 303/2/103
f 313/1/3 312/3/2 311/1/1
f 312/3/2 313/1/3 314/3/4
f 311/1/7 312/3/6 313/1/5
f 314/3/8 313/1/5 312/3/6
f 316/3/46 314/3/4 315/3/10
f 314/3/4 316/3/46 312/3/2
f 315/3/11 314/3/8 316/3/48
f 312/3/6 316/3/48 314/3/8
f 315/3/10 313/1/3 317/1/9
f 313/1/3 315/3/10 314/3/4
f 317/1/12 313/1/5 315/3/11
f 314/3/8 315/3/11 313/1/5
f 309/2/115 301/1/99 318/1/119
f 301/1/99 309/2/115 303/2/101
f 318/1/120 301/1/105 309/2/118
f 303/2/103 309/2/118 301/1/105
f 319/1/121 304/2/102 310/2/116
f 304/2/102 319/1/121 302/1/100
f 310/2/117 304/2/106 319/1/122
f 302/1/104 319/1/122 304/2/106
f 322/8/62 321/8/76 320/8/75
f 321/8/76 322/8/62 323/8/64
f 320/8/77 321/8/80 322/8/66
f 323/8/68 322/8/66 321/8/80
f 323/8/64 324/1/74 321/8/76
f 324/1/74 323/8/64 325/1/63
f 321/8/80 324/1/78 323/8/68
f 325/1/65 323/8/68 324/1/78
f 327/1/61 320/8/75 326/1/73
f 320/8/75 327/1/61 322/8/62
f 326/1/79 320/8/77 327/1/67
f 322/8/66 327/1/67 320/8/77
f 325/1/63 322/8/62 327/1/61
f 322/8/62 325/1/63 323/8/64
f 327/1/67 322/8/66 325/1/65
f 323/8/68 325/1/65 322/8/66
f 329/1/124 308/2/110 328/1/123
f 308/2/110 329/1/124 306/2/108
f 328/1/126 308/2/114 329/1/125
f 306/2/112 329/1/125 308/2/114
f 308/2/110 330/1/127 328/1/123
f 330/1/127 308/2/110 307/2/109
f 328/1/126 330/1/128 308/2/114
f 307/2/111 308/2/114 330/1/128
f 305/2/107 329/1/124 331/1/129
f 329/1/124 305/2/107 306/2/108
f 331/1/130 329/1/125 305/2/113
f 306/2/112 305/2/113 329/1/125
f 334/8/2 333/1/45 332/1/1
f 333/1/45 334/8/2 335/8/46
f 332/1/7 333/1/47 334/8/6
f 335/8/48 334/8/6 333/1/47
f 307/2/109 331/1/129 330/1/127
f 331/1/129 307/2/109 305/2/107
f 330/1/128 331/1/130 307/2/111
f 305/2/113 307/2/111 331/1/130
f 335/8/46 337/8/4 336/8/10
f 337/8/4 335/8/46 334/8/2
f 336/8/11 337/8/8 335/8/48
f 334/8/6 335/8/48 337/8/8
f 316/3/46 317/1/9 338/1/45
f 317/1/9 316/3/46 315/3/10
f 338/1/47 317/1/12 316/3/48
f 315/3/11 316/3/48 317/1/12
f 336/8/10 340/1/3 339/1/9
f 340/1/3 336/8/10 337/8/4
f 339/1/12 340/1/5 336/8/11
f 337/8/8 336/8/11 340/1/5
f 320/8/75 324/1/74 326/1/73
f 324/1/74 320/8/75 321/8/76
f 326/1/79 324/1/78 320/8/77
f 321/8/80 320/8/77 324/1/78
f 312/3/2 338/1/45 311/1/1
f 338/1/45 312/3/2 316/3/46
f 311/1/7 338/1/47 312/3/6
f 316/3/48 312/3/6 338/1/47
f 335/8/46 339/1/9 333/1/45
f 339/1/9 335/8/46 336/8/10
f 333/1/47 339/1/12 335/8/48
f 336/8/11 335/8/48 339/1/12
f 319/1/121 309/2/115 318/1/119
f 309/2/115 319/1/121 310/2/116
f 318/1/120 309/2/118 319/1/122
f 310/2/117 319/1/122 309/2/118
f 343/8/2 342/1/45 341/1/1
f 342/1/45 343/8/2 344/8/46
f 341/1/7 342/1/47 343/8/6
f 344/8/48 343/8/6 342/1/47
f 340/1/3 334/8/2 332/1/1
f 334/8/2 340/1/3 337/8/4
f 332/1/7 334/8/6 340/1/5
f 337/8/8 340/1/5 334/8/6
f 344/8/46 346/8/4 345/8/10
f 346/8/4 344/8/46 343/8/2
f 345/8/11 346/8/8 344/8/48
f 343/8/6 344/8/48 346/8/8
f 347/1/3 343/8/2 341/1/1
f 343/8/2 347/1/3 346/8/4
f 341/1/7 343/8/6 347/1/5
f 346/8/8 347/1/5 343/8/6
f 344/8/46 348/1/9 342/1/45
f 348/1/9 344/8/46 345/8/10
f 342/1/47 348/1/12 344/8/48
f 345/8/11 344/8/48 348/1/12
f 345/8/10 347/1/3 348/1/9
f 347/1/3 345/8/10 346/8/4
f 348/1/12 347/1/5 345/8/11
f 346/8/8 345/8/11 347/1/5
f 351/2/133 350/2/132 349/2/131
f 350/2/132 351/2/133 352/2/134
f 349/2/137 350/2/136 351/2/135
f 352/2/138 351/2/135 350/2/136
f 349/2/131 354/1/140 353/1/139
f 354/1/140 349/2/131 350/2/132
f 353/1/142 354/1/141 349/2/137
f 350/2/136 349/2/137 354/1/141
f 351/2/133 353/1/139 355/1/143
f 353/1/139 351/2/133 349/2/131
f 355/1/144 353/1/142 351/2/135
f 349/2/137 351/2/135 353/1/142
f 350/2/132 356/1/145 354/1/140
f 356/1/145 350/2/132 352/2/134
f 354/1/141 356/1/146 350/2/136
f 352/2/138 350/2/136 356/1/146
f 356/1/145 351/2/133 355/1/143
f 351/2/133 356/1/145 352/2/134
f 355/1/144 351/2/135 356/1/146
f 352/2/138 356/1/146 351/2/135
f 359/1/27 358/2/26 357/1/25
f 358/2/26 359/1/27 360/2/28
f 357/1/31 358/2/30 359/1/29
f 360/2/32 359/1/29 358/2/30
f 358/2/26 362/2/34 361/2/33
f 362/2/34 358/2/26 360/2/28
f 361/2/36 362/2/35 358/2/30
f 360/2/32 358/2/30 362/2/35
f 358/2/26 363/1/39 357/1/25
f 363/1/39 358/2/26 361/2/33
f 357/1/31 363/1/40 358/2/30
f 361/2/36 358/2/30 363/1/40
f 362/2/34 359/1/27 364/1/37
f 359/1/27 362/2/34 360/2/28
f 364/1/38 359/1/29 362/2/35
f 360/2/32 362/2/35 359/1/29
f 361/2/33 364/1/37 363/1/39
f 364/1/37 361/2/33 362/2/34
f 363/1/40 364/1/38 361/2/36
f 362/2/35 361/2/36 364/1/38
f 367/8/62 366/8/76 365/8/75
f 366/8/76 367/8/62 368/8/64
f 365/8/77 366/8/80 367/8/66
f 368/8/68 367/8/66 366/8/80
f 368/8/64 369/1/74 366/8/76
f 369/1/74 368/8/64 370/1/63
f 366/8/80 369/1/78 368/8/68
f 370/1/65 368/8/68 369/1/78
f 373/2/22 372/2/15 371/2/42
f 372/2/15 373/2/22 374/2/16
f 371/2/43 372/2/17 373/2/23
f 374/2/20 373/2/23 372/2/17
f 371/2/42 376/1/13 375/1/41
f 376/1/13 371/2/42 372/2/15
f 375/1/44 376/1/19 371/2/43
f 372/2/17 371/2/43 376/1/19
f 365/8/75 369/1/74 377/1/73
f 369/1/74 365/8/75 366/8/76
f 377/1/79 369/1/78 365/8/77
f 366/8/80 365/8/77 369/1/78
f 370/1/63 367/8/62 378/1/61
f 367/8/62 370/1/63 368/8/64
f 378/1/67 367/8/66 370/1/65
f 368/8/68 370/1/65 367/8/66
f 372/2/15 379/1/14 376/1/13
f 379/1/14 372/2/15 374/2/16
f 376/1/19 379/1/18 372/2/17
f 374/2/20 372/2/17 379/1/18
f 373/2/22 375/1/41 380/1/21
f 375/1/41 373/2/22 371/2/42
f 380/1/24 375/1/44 373/2/23
f 371/2/43 373/2/23 375/1/44
f 379/1/14 373/2/22 380/1/21
f 373/2/22 379/1/14 374/2/16
f 380/1/24 373/2/23 379/1/18
f 374/2/20 379/1/18 373/2/23
f 378/1/61 365/8/75 377/1/73
f 365/8/75 378/1/61 367/8/62
f 377/1/79 365/8/77 378/1/67
f 367/8/66 378/1/67 365/8/77
f 289/1/97 297/1/97 295/1/97
f 297/1/97 289/1/97 161/1/97
f 295/1/98 297/1/98 289/1/98
f 161/1/98 289/1/98 297/1/98
f 381/1/97 292/1/97 291/1/97
f 292/1/97 381/1/97 382/1/97
f 291/1/98 292/1/98 381/1/98
f 382/1/98 381/1/98 292/1/98
f 385/5/101 384/4/100 383/4/99
f 384/4/100 385/5/101 386/5/102
f 383/4/105 384/4/104 385/5/103
f 386/5/106 385/5/103 384/4/104
f 389/5/109 388/5/108 387/5/107
f 388/5/108 389/5/109 390/5/110
f 387/5/113 388/5/112 389/5/111
f 390/5/114 389/5/111 388/5/112
f 392/5/116 385/5/101 391/5/115
f 385/5/101 392/5/116 386/5/102
f 391/5/118 385/5/103 392/5/117
f 386/5/106 392/5/117 385/5/103
f 395/4/3 394/6/2 393/4/1
f 394/6/2 395/4/3 396/6/4
f 393/4/7 394/6/6 395/4/5
f 396/6/8 395/4/5 394/6/6
f 398/6/46 396/6/4 397/6/10
f 396/6/4 398/6/46 394/6/2
f 397/6/11 396/6/8 398/6/48
f 394/6/6 398/6/48 396/6/8
f 397/6/10 395/4/3 399/4/9
f 395/4/3 397/6/10 396/6/4
f 399/4/12 395/4/5 397/6/11
f 396/6/8 397/6/11 395/4/5
f 391/5/115 383/4/99 400/4/119
f 383/4/99 391/5/115 385/5/101
f 400/4/120 383/4/105 391/5/118
f 385/5/103 391/5/118 383/4/105
f 401/4/121 386/5/102 392/5/116
f 386/5/102 401/4/121 384/4/100
f 392/5/117 386/5/106 401/4/122
f 384/4/104 401/4/122 386/5/106
f 404/7/62 403/7/76 402/7/75
f 403/7/76 404/7/62 405/7/64
f 402/7/77 403/7/80 404/7/66
f 405/7/68 404/7/66 403/7/80
f 405/7/64 406/4/74 403/7/76
f 406/4/74 405/7/64 407/4/63
f 403/7/80 406/4/78 405/7/68
f 407/4/65 405/7/68 406/4/78
f 409/4/61 402/7/75 408/4/73
f 402/7/75 409/4/61 404/7/62
f 408/4/79 402/7/77 409/4/67
f 404/7/66 409/4/67 402/7/77
f 407/4/63 404/7/62 409/4/61
f 404/7/62 407/4/63 405/7/64
f 409/4/67 404/7/66 407/4/65
f 405/7/68 407/4/65 404/7/66
f 411/4/124 390/5/110 410/4/123
f 390/5/110 411/4/124 388/5/108
f 410/4/126 390/5/114 411/4/125
f 388/5/112 411/4/125 390/5/114
f 390/5/110 412/4/127 410/4/123
f 412/4/127 390/5/110 389/5/109
f 410/4/126 412/4/128 390/5/114
f 389/5/111 390/5/114 412/4/128
f 387/5/107 411/4/124 413/4/129
f 411/4/124 387/5/107 388/5/108
f 413/4/130 411/4/125 387/5/113
f 388/5/112 387/5/113 411/4/125
f 416/7/2 415/4/45 414/4/1
f 415/4/45 416/7/2 417/7/46
f 414/4/7 415/4/47 416/7/6
f 417/7/48 416/7/6 415/4/47
f 389/5/109 413/4/129 412/4/127
f 413/4/129 389/5/109 387/5/107
f 412/4/128 413/4/130 389/5/111
f 387/5/113 389/5/111 413/4/130
f 417/7/46 419/7/4 418/7/10
f 419/7/4 417/7/46 416/7/2
f 418/7/11 419/7/8 417/7/48
f 416/7/6 417/7/48 419/7/8
f 398/6/46 399/4/9 420/4/45
f 399/4/9 398/6/46 397/6/10
f 420/4/47 399/4/12 398/6/48
f 397/6/11 398/6/48 399/4/12
f 418/7/10 422/4/3 421/4/9
f 422/4/3 418/7/10 419/7/4
f 421/4/12 422/4/5 418/7/11
f 419/7/8 418/7/11 422/4/5
f 402/7/75 406/4/74 408/4/73
f 406/4/74 402/7/75 403/7/76
f 408/4/79 406/4/78 402/7/77
f 403/7/80 402/7/77 406/4/78
f 394/6/2 420/4/45 393/4/1
f 420/4/45 394/6/2 398/6/46
f 393/4/7 420/4/47 394/6/6
f 398/6/48 394/6/6 420/4/47
f 417/7/46 421/4/9 415/4/45
f 421/4/9 417/7/46 418/7/10
f 415/4/47 421/4/12 417/7/48
f 418/7/11 417/7/48 421/4/12
f 401/4/121 391/5/115 400/4/119
f 391/5/115 401/4/121 392/5/116
f 400/4/120 391/5/118 401/4/122
f 392/5/117 401/4/122 391/5/118
f 425/7/2 424/4/45 423/4/1
f 424/4/45 425/7/2 426/7/46
f 423/4/7 424/4/47 425/7/6
f 426/7/48 425/7/6 424/4/47
f 422/4/3 416/7/2 414/4/1
f 416/7/2 422/4/3 419/7/4
f 414/4/7 416/7/6 422/4/5
f 419/7/8 422/4/5 416/7/6
f 426/7/46 428/7/4 427/7/10
f 428/7/4 426/7/46 425/7/2
f 427/7/11 428/7/8 426/7/48
f 425/7/6 426/7/48 428/7/8
f 429/4/3 425/7/2 423/4/1
f 425/7/2 429/4/3 428/7/4
f 423/4/7 425/7/6 429/4/5
f 428/7/8 429/4/5 425/7/6
f 426/7/46 430/4/9 424/4/45
f 430/4/9 426/7/46 427/7/10
f 424/4/47 430/4/12 426/7/48
f 427/7/11 426/7/48 430/4/12
f 427/7/10 429/4/3 430/4/9
f 429/4/3 427/7/10 428/7/4
f 430/4/12 429/4/5 427/7/11
f 428/7/8 427/7/11 429/4/5
f 433/5/133 432/5/132 431/5/131
f 432/5/132 433/5/133 434/5/134
f 431/5/137 432/5/136 433/5/135
f 434/5/138 433/5/135 432/5/136
f 431/5/131 436/4/140 435/4/139
f 436/4/140 431/5/131 432/5/132
f 435/4/142 436/4/141 431/5/137
f 432/5/136 431/5/137 436/4/141
f 433/5/133 435/4/139 437/4/143
f 435/4/139 433/5/133 431/5/131
f 437/4/144 435/4/142 433/5/135
f 431/5/137 433/5/135 435/4/142
f 432/5/132 438/4/145 436/4/140
f 438/4/145 432/5/132 434/5/134
f 436/4/141 438/4/146 432/5/136
f 434/5/138 432/5/136 438/4/146
f 438/4/145 433/5/133 437/4/143
f 433/5/133 438/4/145 434/5/134
f 437/4/144 433/5/135 438/4/146
f 434/5/138 438/4/146 433/5/135
f 441/4/27 440/5/26 439/4/25
f 440/5/26 441/4/27 442/5/28
f 439/4/31 440/5/30 441/4/29
f 442/5/32 441/4/29 440/5/30
f 440/5/26 444/5/34 443/5/33
f 444/5/34 440/5/26 442/5/28
f 443/5/36 444/5/35 440/5/30
f 442/5/32 440/5/30 444/5/35
f 440/5/26 445/4/39 439/4/25
f 445/4/39 440/5/26 443/5/33
f 439/4/31 445/4/40 440/5/30
f 443/5/36 440/5/30 445/4/40
f 444/5/34 441/4/27 446/4/37
f 441/4/27 444/5/34 442/5/28
f 446/4/38 441/4/29 444/5/35
f 442/5/32 444/5/35 441/4/29
f 443/5/33 446/4/37 445/4/39
f 446/4/37 443/5/33 444/5/34
f 445/4/40 446/4/38 443/5/36
f 444/5/35 443/5/36 446/4/38
f 449/7/62 448/7/76 447/7/75
f 448/7/76 449/7/62 450/7/64
f 447/7/77 448/7/80 449/7/66
f 450/7/68 449/7/66 448/7/80
f 450/7/64 451/4/74 448/7/76
f 451/4/74 450/7/64 452/4/63
f 448/7/80 451/4/78 450/7/68
f 452/4/65 450/7/68 451/4/78
f 455/5/22 454/5/15 453/5/42
f 454/5/15 455/5/22 456/5/16
f 453/5/43 454/5/17 455/5/23
f 456/5/20 455/5/23 454/5/17
f 453/5/42 458/4/13 457/4/41
f 458/4/13 453/5/42 454/5/15
f 457/4/44 458/4/19 453/5/43
f 454/5/17 453/5/43 458/4/19
f 447/7/75 451/4/74 459/4/73
f 451/4/74 447/7/75 448/7/76
f 459/4/79 451/4/78 447/7/77
f 448/7/80 447/7/77 451/4/78
f 452/4/63 449/7/62 460/4/61
f 449/7/62 452/4/63 450/7/64
f 460/4/67 449/7/66 452/4/65
f 450/7/68 452/4/65 449/7/66
f 454/5/15 461/4/14 458/4/13
f 461/4/14 454/5/15 456/5/16
f 458/4/19 461/4/18 454/5/17
f 456/5/20 454/5/17 461/4/18
f 455/5/22 457/4/41 462/4/21
f 457/4/41 455/5/22 453/5/42
f 462/4/24 457/4/44 455/5/23
f 453/5/43 455/5/23 457/4/44
f 461/4/14 455/5/22 462/4/21
f 455/5/22 461/4/14 456/5/16
f 462/4/24 455/5/23 461/4/18
f 456/5/20 461/4/18 455/5/23
f 460/4/61 447/7/75 459/4/73
f 447/7/75 460/4/61 449/7/62
f 459/4/79 447/7/77 460/4/67
f 449/7/66 460/4/67 447/7/77
f 465/1/97 464/1/97 463/1/97
f 464/1/97 465/1/97 466/1/97
f 463/1/98 464/1/98 465/1/98
f 466/1/98 465/1/98 464/1/98
f 469/5/101 468/4/100 467/4/99
f 468/4/100 469/5/101 470/5/102
f 467/4/105 468/4/104 469/5/103
f 470/5/106 469/5/103 468/4/104
f 473/5/109 472/5/108 471/5/107
f 472/5/108 473/5/109 474/5/110
f 471/5/113 472/5/112 473/5/111
f 474/5/114 473/5/111 472/5/112
f 476/5/116 469/5/101 475/5/115
f 469/5/101 476/5/116 470/5/102
f 475/5/118 469/5/103 476/5/117
f 470/5/106 476/5/117 469/5/103
f 479/4/3 478/6/2 477/4/1
f 478/6/2 479/4/3 480/6/4
f 477/4/7 478/6/6 479/4/5
f 480/6/8 479/4/5 478/6/6
f 482/6/46 480/6/4 481/6/10
f 480/6/4 482/6/46 478/6/2
f 481/6/11 480/6/8 482/6/48
f 478/6/6 482/6/48 480/6/8
f 481/6/10 479/4/3 483/4/9
f 479/4/3 481/6/10 480/6/4
f 483/4/12 479/4/5 481/6/11
f 480/6/8 481/6/11 479/4/5
f 475/5/115 467/4/99 484/4/119
f 467/4/99 475/5/115 469/5/101
f 484/4/120 467/4/105 475/5/118
f 469/5/103 475/5/118 467/4/105
f 485/4/121 470/5/102 476/5/116
f 470/5/102 485/4/121 468/4/100
f 476/5/117 470/5/106 485/4/122
f 468/4/104 485/4/122 470/5/106
f 488/7/62 487/7/76 486/7/75
f 487/7/76 488/7/62 489/7/64
f 486/7/77 487/7/80 488/7/66
f 489/7/68 488/7/66 487/7/80
f 489/7/64 490/4/74 487/7/76
f 490/4/74 489/7/64 491/4/63
f 487/7/80 490/4/78 489/7/68
f 491/4/65 489/7/68 490/4/78
f 493/4/61 486/7/75 492/4/73
f 486/7/75 493/4/61 488/7/62
f 492/4/79 486/7/77 493/4/67
f 488/7/66 493/4/67 486/7/77
f 491/4/63 488/7/62 493/4/61
f 488/7/62 491/4/63 489/7/64
f 493/4/67 488/7/66 491/4/65
f 489/7/68 491/4/65 488/7/66
f 495/4/124 474/5/110 494/4/123
f 474/5/110 495/4/124 472/5/108
f 494/4/126 474/5/114 495/4/125
f 472/5/112 495/4/125 474/5/114
f 474/5/110 496/4/127 494/4/123
f 496/4/127 474/5/110 473/5/109
f 494/4/126 496/4/128 474/5/114
f 473/5/111 474/5/114 496/4/128
f 471/5/107 495/4/124 497/4/129
f 495/4/124 471/5/107 472/5/108
f 497/4/130 495/4/125 471/5/113
f 472/5/112 471/5/113 495/4/125
f 500/7/2 499/4/45 498/4/1
f 499/4/45 500/7/2 501/7/46
f 498/4/7 499/4/47 500/7/6
f 501/7/48 500/7/6 499/4/47
f 473/5/109 497/4/129 496/4/127
f 497/4/129 473/5/109 471/5/107
f 496/4/128 497/4/130 473/5/111
f 471/5/113 473/5/111 497/4/130
f 501/7/46 503/7/4 502/7/10
f 503/7/4 501/7/46 500/7/2
f 502/7/11 503/7/8 501/7/48
f 500/7/6 501/7/48 503/7/8
f 482/6/46 483/4/9 504/4/45
f 483/4/9 482/6/46 481/6/10
f 504/4/47 483/4/12 482/6/48
f 481/6/11 482/6/48 483/4/12
f 502/7/10 506/4/3 505/4/9
f 506/4/3 502/7/10 503/7/4
f 505/4/12 506/4/5 502/7/11
f 503/7/8 502/7/11 506/4/5
f 486/7/75 490/4/74 492/4/73
f 490/4/74 486/7/75 487/7/76
f 492/4/79 490/4/78 486/7/77
f 487/7/80 486/7/77 490/4/78
f 478/6/2 504/4/45 477/4/1
f 504/4/45 478/6/2 482/6/46
f 477/4/7 504/4/47 478/6/6
f 482/6/48 478/6/6 504/4/47
f 501/7/46 505/4/9 499/4/45
f 505/4/9 501/7/46 502/7/10
f 499/4/47 505/4/12 501/7/48
f 502/7/11 501/7/48 505/4/12
f 485/4/121 475/5/115 484/4/119
f 475/5/115 485/4/121 476/5/116
f 484/4/120 475/5/118 485/4/122
f 476/5/117 485/4/122 475/5/118
f 509/7/2 508/4/45 507/4/1
f 508/4/45 509/7/2 510/7/46
f 507/4/7 508/4/47 509/7/6
f 510/7/48 509/7/6 508/4/47
f 506/4/3 500/7/2 498/4/1
f 500/7/2 506/4/3 503/7/4
f 498/4/7 500/7/6 506/4/5
f 503/7/8 506/4/5 500/7/6
f 510/7/46 512/7/4 511/7/10
f 512/7/4 510/7/46 509/7/2
f 511/7/11 512/7/8 510/7/48
f 509/7/6 510/7/48 512/7/8
f 513/4/3 509/7/2 507/4/1
f 509/7/2 513/4/3 512/7/4
f 507/4/7 509/7/6 513/4/5
f 512/7/8 513/4/5 509/7/6
f 510/7/46 514/4/9 508/4/45
f 514/4/9 510/7/46 511/7/10
f 508/4/47 514/4/12 510/7/48
f 511/7/11 510/7/48 514/4/12
f 511/7/10 513/4/3 514/4/9
f 513/4/3 511/7/10 512/7/4
f 514/4/12 513/4/5 511/7/11
f 512/7/8 511/7/11 513/4/5
f 517/5/133 516/5/132 515/5/131
f 516/5/132 517/5/133 518/5/134
f 515/5/137 516/5/136 517/5/135
f 518/5/138 517/5/135 516/5/136
f 515/5/131 520/4/140 519/4/139
f 520/4/140 515/5/131 516/5/132
f 519/4/142 520/4/141 515/5/137
f 516/5/136 515/5/137 520/4/141
f 517/5/133 519/4/139 521/4/143
f 519/4/139 517/5/133 515/5/131
f 521/4/144 519/4/142 517/5/135
f 515/5/137 517/5/135 519/4/142
f 516/5/132 522/4/145 520/4/140
f 522/4/145 516/5/132 518/5/134
f 520/4/141 522/4/146 516/5/136
f 518/5/138 516/5/136 522/4/146
f 522/4/145 517/5/133 521/4/143
f 517/5/133 522/4/145 518/5/134
f 521/4/144 517/5/135 522/4/146
f 518/5/138 522/4/146 517/5/135
f 525/4/27 524/5/26 523/4/25
f 524/5/26 525/4/27 526/5/28
f 523/4/31 524/5/30 525/4/29
f 526/5/32 525/4/29 524/5/30
f 524/5/26 528/5/34 527/5/33
f 528/5/34 524/5/26 526/5/28
f 527/5/36 528/5/35 524/5/30
f 526/5/32 524/5/30 528/5/35
f 524/5/26 529/4/39 523/4/25
f 529/4/39 524/5/26 527/5/33
f 523/4/31 529/4/40 524/5/30
f 527/5/36 524/5/30 529/4/40
f 528/5/34 525/4/27 530/4/37
f 525/4/27 528/5/34 526/5/28
f 530/4/38 525/4/29 528/5/35
f 526/5/32 528/5/35 525/4/29
f 527/5/33 530/4/37 529/4/39
f 530/4/37 527/5/33 528/5/34
f 529/4/40 530/4/38 527/5/36
f 528/5/35 527/5/36 530/4/38
f 533/7/62 532/7/76 531/7/75
f 532/7/76 533/7/62 534/7/64
f 531/7/77 532/7/80 533/7/66
f 534/7/68 533/7/66 532/7/80
f 534/7/64 535/4/74 532/7/76
f 535/4/74 534/7/64 536/4/63
f 532/7/80 535/4/78 534/7/68
f 536/4/65 534/7/68 535/4/78
f 539/5/22 538/5/15 537/5/42
f 538/5/15 539/5/22 540/5/16
f 537/5/43 538/5/17 539/5/23
f 540/5/20 539/5/23 538/5/17
f 537/5/42 542/4/13 541/4/41
f 542/4/13 537/5/42 538/5/15
f 541/4/44 542/4/19 537/5/43
f 538/5/17 537/5/43 542/4/19
f 531/7/75 535/4/74 543/4/73
f 535/4/74 531/7/75 532/7/76
f 543/4/79 535/4/78 531/7/77
f 532/7/80 531/7/77 535/4/78
f 536/4/63 533/7/62 544/4/61
f 533/7/62 536/4/63 534/7/64
f 544/4/67 533/7/66 536/4/65
f 534/7/68 536/4/65 533/7/66
f 538/5/15 545/4/14 542/4/13
f 545/4/14 538/5/15 540/5/16
f 542/4/19 545/4/18 538/5/17
f 540/5/20 538/5/17 545/4/18
f 539/5/22 541/4/41 546/4/21
f 541/4/41 539/5/22 537/5/42
f 546/4/24 541/4/44 539/5/23
f 537/5/43 539/5/23 541/4/44
f 545/4/14 539/5/22 546/4/21
f 539/5/22 545/4/14 540/5/16
f 546/4/24 539/5/23 545/4/18
f 540/5/20 545/4/18 539/5/23
f 544/4/61 531/7/75 543/4/73
f 531/7/75 544/4/61 533/7/62
f 543/4/79 531/7/77 544/4/67
f 533/7/66 544/4/67 531/7/77
f 295/1/97 548/1/97 547/1/97
f 548/1/97 295/1/97 297/1/97
f 547/1/98 548/1/98 295/1/98
f 297/1/98 295/1/98 548/1/98
f 551/5/101 550/4/100 549/4/99
f 550/4/100 551/5/101 552/5/102
f 549/4/105 550/4/104 551/5/103
f 552/5/106 551/5/103 550/4/104
f 555/5/109 554/5/108 553/5/107
f 554/5/108 555/5/109 556/5/110
f 553/5/113 554/5/112 555/5/111
f 556/5/114 555/5/111 554/5/112
f 558/5/116 551/5/101 557/5/115
f 551/5/101 558/5/116 552/5/102
f 557/5/118 551/5/103 558/5/117
f 552/5/106 558/5/117 551/5/103
f 561/4/3 560/6/2 559/4/1
f 560/6/2 561/4/3 562/6/4
f 559/4/7 560/6/6 561/4/5
f 562/6/8 561/4/5 560/6/6
f 564/6/46 562/6/4 563/6/10
f 562/6/4 564/6/46 560/6/2
f 563/6/11 562/6/8 564/6/48
f 560/6/6 564/6/48 562/6/8
f 563/6/10 561/4/3 565/4/9
f 561/4/3 563/6/10 562/6/4
f 565/4/12 561/4/5 563/6/11
f 562/6/8 563/6/11 561/4/5
f 557/5/115 549/4/99 566/4/119
f 549/4/99 557/5/115 551/5/101
f 566/4/120 549/4/105 557/5/118
f 551/5/103 557/5/118 549/4/105
f 567/4/121 552/5/102 558/5/116
f 552/5/102 567/4/121 550/4/100
f 558/5/117 552/5/106 567/4/122
f 550/4/104 567/4/122 552/5/106
f 570/7/62 569/7/76 568/7/75
f 569/7/76 570/7/62 571/7/64
f 568/7/77 569/7/80 570/7/66
f 571/7/68 570/7/66 569/7/80
f 571/7/64 572/4/74 569/7/76
f 572/4/74 571/7/64 573/4/63
f 569/7/80 572/4/78 571/7/68
f 573/4/65 571/7/68 572/4/78
f 575/4/61 568/7/75 574/4/73
f 568/7/75 575/4/61 570/7/62
f 574/4/79 568/7/77 575/4/67
f 570/7/66 575/4/67 568/7/77
f 573/4/63 570/7/62 575/4/61
f 570/7/62 573/4/63 571/7/64
f 575/4/67 570/7/66 573/4/65
f 571/7/68 573/4/65 570/7/66
f 577/4/124 556/5/110 576/4/123
f 556/5/110 577/4/124 554/5/108
f 576/4/126 556/5/114 577/4/125
f 554/5/112 577/4/125 556/5/114
f 556/5/110 578/4/127 576/4/123
f 578/4/127 556/5/110 555/5/109
f 576/4/126 578/4/128 556/5/114
f 555/5/111 556/5/114 578/4/128
f 553/5/107 577/4/124 579/4/129
f 577/4/124 553/5/107 554/5/108
f 579/4/130 577/4/125 553/5/113
f 554/5/112 553/5/113 577/4/125
f 582/7/2 581/4/45 580/4/1
f 581/4/45 582/7/2 583/7/46
f 580/4/7 581/4/47 582/7/6
f 583/7/48 582/7/6 581/4/47
f 555/5/109 579/4/129 578/4/127
f 579/4/129 555/5/109 553/5/107
f 578/4/128 579/4/130 555/5/111
f 553/5/113 555/5/111 579/4/130
f 583/7/46 585/7/4 584/7/10
f 585/7/4 583/7/46 582/7/2
f 584/7/11 585/7/8 583/7/48
f 582/7/6 583/7/48 585/7/8
f 564/6/46 565/4/9 586/4/45
f 565/4/9 564/6/46 563/6/10
f 586/4/47 565/4/12 564/6/48
f 563/6/11 564/6/48 565/4/12
f 584/7/10 588/4/3 587/4/9
f 588/4/3 584/7/10 585/7/4
f 587/4/12 588/4/5 584/7/11
f 585/7/8 584/7/11 588/4/5
f 568/7/75 572/4/74 574/4/73
f 572/4/74 568/7/75 569/7/76
f 574/4/79 572/4/78 568/7/77
f 569/7/80 568/7/77 572/4/78
f 560/6/2 586/4/45 559/4/1
f 586/4/45 560/6/2 564/6/46
f 559/4/7 586/4/47 560/6/6
f 564/6/48 560/6/6 586/4/47
f 583/7/46 587/4/9 581/4/45
f 587/4/9 583/7/46 584/7/10
f 581/4/47 587/4/12 583/7/48
f 584/7/11 583/7/48 587/4/12
f 567/4/121 557/5/115 566/4/119
f 557/5/115 567/4/121 558/5/116
f 566/4/120 557/5/118 567/4/122
f 558/5/117 567/4/122 557/5/118
f 591/7/2 590/4/45 589/4/1
f 590/4/45 591/7/2 592/7/46
f 589/4/7 590/4/47 591/7/6
f 592/7/48 591/7/6 590/4/47
f 588/4/3 582/7/2 580/4/1
f 582/7/2 588/4/3 585/7/4
f 580/4/7 582/7/6 588/4/5
f 585/7/8 588/4/5 582/7/6
f 592/7/46 594/7/4 593/7/10
f 594/7/4 592/7/46 591/7/2
f 593/7/11 594/7/8 592/7/48
f 591/7/6 592/7/48 594/7/8
f 595/4/3 591/7/2 589/4/1
f 591/7/2 595/4/3 594/7/4
f 589/4/7 591/7/6 595/4/5
f 594/7/8 595/4/5 591/7/6
f 592/7/46 596/4/9 590/4/45
f 596/4/9 592/7/46 593/7/10
f 590/4/47 596/4/12 592/7/48
f 593/7/11 592/7/48 596/4/12
f 593/7/10 595/4/3 596/4/9
f 595/4/3 593/7/10 594/7/4
f 596/4/12 595/4/5 593/7/11
f 594/7/8 593/7/11 595/4/5
f 599/5/133 598/5/132 597/5/131
f 598/5/132 599/5/133 600/5/134
f 597/5/137 598/5/136 599/5/135
f 600/5/138 599/5/135 598/5/136
f 597/5/131 602/4/140 601/4/139
f 602/4/140 597/5/131 598/5/132
f 601/4/142 602/4/141 597/5/137
f 598/5/136 597/5/137 602/4/141
f 599/5/133 601/4/139 603/4/143
f 601/4/139 599/5/133 597/5/131
f 603/4/144 601/4/142 599/5/135
f 597/5/137 599/5/135 601/4/142
f 598/5/132 604/4/145 602/4/140
f 604/4/145 598/5/132 600/5/134
f 602/4/141 604/4/146 598/5/136
f 600/5/138 598/5/136 604/4/146
f 604/4/145 599/5/133 603/4/143
f 599/5/133 604/4/145 600/5/134
f 603/4/144 599/5/135 604/4/146
f 600/5/138 604/4/146 599/5/135
f 607/4/27 606/5/26 605/4/25
f 606/5/26 607/4/27 608/5/28
f 605/4/31 606/5/30 607/4/29
f 608/5/32 607/4/29 606/5/30
f 606/5/26 610/5/34 609/5/33
f 610/5/34 606/5/26 608/5/28
f 609/5/36 610/5/35 606/5/30
f 608/5/32 606/5/30 610/5/35
f 606/5/26 611/4/39 605/4/25
f 611/4/39 606/5/26 609/5/33
f 605/4/31 611/4/40 606/5/30
f 609/5/36 606/5/30 611/4/40
f 610/5/34 607/4/27 612/4/37
f 607/4/27 610/5/34 608/5/28
f 612/4/38 607/4/29 610/5/35
f 608/5/32 610/5/35 607/4/29
f 609/5/33 612/4/37 611/4/39
f 612/4/37 609/5/33 610/5/34
f 611/4/40 612/4/38 609/5/36
f 610/5/35 609/5/36 612/4/38
f 615/7/62 614/7/76 613/7/75
f 614/7/76 615/7/62 616/7/64
f 613/7/77 614/7/80 615/7/66
f 616/7/68 615/7/66 614/7/80
f 616/7/64 617/4/74 614/7/76
f 617/4/74 616/7/64 618/4/63
f 614/7/80 617/4/78 616/7/68
f 618/4/65 616/7/68 617/4/78
f 621/5/22 620/5/15 619/5/42
f 620/5/15 621/5/22 622/5/16
f 619/5/43 620/5/17 621/5/23
f 622/5/20 621/5/23 620/5/17
f 619/5/42 624/4/13 623/4/41
f 624/4/13 619/5/42 620/5/15
f 623/4/44 624/4/19 619/5/43
f 620/5/17 619/5/43 624/4/19
f 613/7/75 617/4/74 625/4/73
f 617/4/74 613/7/75 614/7/76
f 625/4/79 617/4/78 613/7/77
f 614/7/80 613/7/77 617/4/78
f 618/4/63 615/7/62 626/4/61
f 615/7/62 618/4/63 616/7/64
f 626/4/67 615/7/66 618/4/65
f 616/7/68 618/4/65 615/7/66
f 620/5/15 627/4/14 624/4/13
f 627/4/14 620/5/15 622/5/16
f 624/4/19 627/4/18 620/5/17
f 622/5/20 620/5/17 627/4/18
f 621/5/22 623/4/41 628/4/21
f 623/4/41 621/5/22 619/5/42
f 628/4/24 623/4/44 621/5/23
f 619/5/43 621/5/23 623/4/44
f 627/4/14 621/5/22 628/4/21
f 621/5/22 627/4/14 622/5/16
f 628/4/24 621/5/23 627/4/18
f 622/5/20 627/4/18 621/5/23
f 626/4/61 613/7/75 625/4/73
f 613/7/75 626/4/61 615/7/62
f 625/4/79 613/7/77 626/4/67
f 615/7/66 626/4/67 613/7/77
f 631/3/22 630/1/228 629/1/227
f 630/1/228 631/3/22 632/3/42
f 629/1/230 630/1/229 631/3/23
f 632/3/43 631/3/23 630/1/229
f 635/2/4 634/1/232 633/1/231
f 634/1/232 635/2/4 636/2/2
f 633/1/234 634/1/233 635/2/8
f 636/2/6 635/2/8 634/1/233
f 639/3/15 638/1/236 637/1/235
f 638/1/236 639/3/15 640/3/16
f 637/1/238 638/1/237 639/3/17
f 640/3/20 639/3/17 638/1/237
f 630/1/228 639/3/15 637/1/235
f 639/3/15 630/1/228 632/3/42
f 637/1/238 639/3/17 630/1/229
f 632/3/43 630/1/229 639/3/17
f 635/2/4 641/2/46 636/2/2
f 641/2/46 635/2/4 642/2/10
f 636/2/6 641/2/48 635/2/8
f 642/2/11 635/2/8 641/2/48
f 636/2/2 643/1/239 634/1/232
f 643/1/239 636/2/2 641/2/46
f 634/1/233 643/1/240 636/2/6
f 641/2/48 636/2/6 643/1/240
f 639/3/15 631/3/22 640/3/16
f 631/3/22 639/3/15 632/3/42
f 640/3/20 631/3/23 639/3/17
f 632/3/43 639/3/17 631/3/23
f 642/2/10 633/1/231 644/1/241
f 633/1/231 642/2/10 635/2/4
f 644/1/242 633/1/234 642/2/11
f 635/2/8 642/2/11 633/1/234
f 643/1/239 642/2/10 644/1/241
f 642/2/10 643/1/239 641/2/46
f 644/1/242 642/2/11 643/1/240
f 641/2/48 643/1/240 642/2/11
f 640/3/16 629/1/227 638/1/236
f 629/1/227 640/3/16 631/3/22
f 638/1/237 629/1/230 640/3/20
f 631/3/23 640/3/20 629/1/230
f 647/2/245 646/2/244 645/2/243
f 646/2/244 647/2/245 648/2/246
f 645/2/249 646/2/248 647/2/247
f 648/2/250 647/2/247 646/2/248
f 648/2/246 649/1/251 646/2/244
f 649/1/251 648/2/246 650/1/252
f 646/2/248 649/1/253 648/2/250
f 650/1/254 648/2/250 649/1/253
f 645/2/243 649/1/251 651/1/255
f 649/1/251 645/2/243 646/2/244
f 651/1/256 649/1/253 645/2/249
f 646/2/248 645/2/249 649/1/253
f 652/1/257 645/2/243 651/1/255
f 645/2/243 652/1/257 647/2/245
f 651/1/256 645/2/249 652/1/258
f 647/2/247 652/1/258 645/2/249
f 650/1/252 647/2/245 652/1/257
f 647/2/245 650/1/252 648/2/246
f 652/1/258 647/2/247 650/1/254
f 648/2/250 650/1/254 647/2/247
f 655/1/74 654/2/259 653/1/63
f 654/2/259 655/1/74 656/2/260
f 653/1/65 654/2/261 655/1/78
f 656/2/262 655/1/78 654/2/261
f 657/1/73 656/2/260 655/1/74
f 656/2/260 657/1/73 658/2/263
f 655/1/78 656/2/262 657/1/79
f 658/2/264 657/1/79 656/2/262
f 661/3/34 660/1/27 659/1/37
f 660/1/27 661/3/34 662/3/28
f 659/1/38 660/1/29 661/3/35
f 662/3/32 661/3/35 660/1/29
f 661/3/34 663/3/26 662/3/28
f 663/3/26 661/3/34 664/3/33
f 662/3/32 663/3/30 661/3/35
f 664/3/36 661/3/35 663/3/30
f 658/2/263 666/1/61 665/2/265
f 666/1/61 658/2/263 657/1/73
f 665/2/266 666/1/67 658/2/264
f 657/1/79 658/2/264 666/1/67
f 662/3/28 667/1/25 660/1/27
f 667/1/25 662/3/28 663/3/26
f 660/1/29 667/1/31 662/3/32
f 663/3/30 662/3/32 667/1/31
f 656/2/260 665/2/265 654/2/259
f 665/2/265 656/2/260 658/2/263
f 654/2/261 665/2/266 656/2/262
f 658/2/264 656/2/262 665/2/266
f 668/1/39 661/3/34 659/1/37
f 661/3/34 668/1/39 664/3/33
f 659/1/38 661/3/35 668/1/40
f 664/3/36 668/1/40 661/3/35
f 654/2/259 666/1/61 653/1/63
f 666/1/61 654/2/259 665/2/265
f 653/1/65 666/1/67 654/2/261
f 665/2/266 654/2/261 666/1/67
f 663/3/26 668/1/39 667/1/25
f 668/1/39 663/3/26 664/3/33
f 667/1/31 668/1/40 663/3/30
f 664/3/36 663/3/30 668/1/40
f 291/1/97 669/1/97 381/1/97
f 669/1/97 291/1/97 300/1/97
f 381/1/98 669/1/98 291/1/98
f 300/1/98 291/1/98 669/1/98
f 672/3/269 671/1/268 670/1/267
f 671/1/268 672/3/269 673/3/270
f 670/1/273 671/1/272 672/3/271
f 673/3/274 672/3/271 671/1/272
f 676/2/277 675/1/276 674/1/275
f 675/1/276 676/2/277 677/2/278
f 674/1/281 675/1/280 676/2/279
f 677/2/282 676/2/279 675/1/280
f 680/3/285 679/1/284 678/1/283
f 679/1/284 680/3/285 681/3/286
f 678/1/289 679/1/288 680/3/287
f 681/3/290 680/3/287 679/1/288
f 671/1/268 680/3/285 678/1/283
f 680/3/285 671/1/268 673/3/270
f 678/1/289 680/3/287 671/1/272
f 673/3/274 671/1/272 680/3/287
f 676/2/277 682/2/291 677/2/278
f 682/2/291 676/2/277 683/2/292
f 677/2/282 682/2/293 676/2/279
f 683/2/294 676/2/279 682/2/293
f 677/2/278 684/1/295 675/1/276
f 684/1/295 677/2/278 682/2/291
f 675/1/280 684/1/296 677/2/282
f 682/2/293 677/2/282 684/1/296
f 680/3/285 672/3/269 681/3/286
f 672/3/269 680/3/285 673/3/270
f 681/3/290 672/3/271 680/3/287
f 673/3/274 680/3/287 672/3/271
f 683/2/292 674/1/275 685/1/297
f 674/1/275 683/2/292 676/2/277
f 685/1/298 674/1/281 683/2/294
f 676/2/279 683/2/294 674/1/281
f 684/1/295 683/2/292 685/1/297
f 683/2/292 684/1/295 682/2/291
f 685/1/298 683/2/294 684/1/296
f 682/2/293 684/1/296 683/2/294
f 681/3/286 670/1/267 679/1/284
f 670/1/267 681/3/286 672/3/269
f 679/1/288 670/1/273 681/3/290
f 672/3/271 681/3/290 670/1/273
f 688/2/301 687/2/300 686/2/299
f 687/2/300 688/2/301 689/2/302
f 686/2/305 687/2/304 688/2/303
f 689/2/306 688/2/303 687/2/304
f 689/2/302 690/1/307 687/2/300
f 690/1/307 689/2/302 691/1/308
f 687/2/304 690/1/309 689/2/306
f 691/1/310 689/2/306 690/1/309
f 686/2/299 690/1/307 692/1/311
f 690/1/307 686/2/299 687/2/300
f 692/1/312 690/1/309 686/2/305
f 687/2/304 686/2/305 690/1/309
f 693/1/313 686/2/299 692/1/311
f 686/2/299 693/1/313 688/2/301
f 692/1/312 686/2/305 693/1/314
f 688/2/303 693/1/314 686/2/305
f 691/1/308 688/2/301 693/1/313
f 688/2/301 691/1/308 689/2/302
f 693/1/314 688/2/303 691/1/310
f 689/2/306 691/1/310 688/2/303
f 696/1/317 695/2/316 694/1/315
f 695/2/316 696/1/317 697/2/318
f 694/1/321 695/2/320 696/1/319
f 697/2/322 696/1/319 695/2/320
f 698/1/323 697/2/318 696/1/317
f 697/2/318 698/1/323 699/2/324
f 696/1/319 697/2/322 698/1/325
f 699/2/326 698/1/325 697/2/322
f 702/3/329 701/1/328 700/1/327
f 701/1/328 702/3/329 703/3/330
f 700/1/333 701/1/332 702/3/331
f 703/3/334 702/3/331 701/1/332
f 702/3/329 704/3/335 703/3/330
f 704/3/335 702/3/329 705/3/336
f 703/3/334 704/3/337 702/3/331
f 705/3/338 702/3/331 704/3/337
f 699/2/324 707/1/340 706/2/339
f 707/1/340 699/2/324 698/1/323
f 706/2/342 707/1/341 699/2/326
f 698/1/325 699/2/326 707/1/341
f 703/3/330 708/1/343 701/1/328
f 708/1/343 703/3/330 704/3/335
f 701/1/332 708/1/344 703/3/334
f 704/3/337 703/3/334 708/1/344
f 697/2/318 706/2/339 695/2/316
f 706/2/339 697/2/318 699/2/324
f 695/2/320 706/2/342 697/2/322
f 699/2/326 697/2/322 706/2/342
f 709/1/345 702/3/329 700/1/327
f 702/3/329 709/1/345 705/3/336
f 700/1/333 702/3/331 709/1/346
f 705/3/338 709/1/346 702/3/331
f 695/2/316 707/1/340 694/1/315
f 707/1/340 695/2/316 706/2/339
f 694/1/321 707/1/341 695/2/320
f 706/2/342 695/2/320 707/1/341
f 704/3/335 709/1/345 708/1/343
f 709/1/345 704/3/335 705/3/336
f 708/1/344 709/1/346 704/3/337
f 705/3/338 704/3/337 709/1/346
f 712/1/97 711/1/97 710/1/97
f 711/1/97 712/1/97 547/1/97
f 710/1/98 711/1/98 712/1/98
f 547/1/98 712/1/98 711/1/98
f 715/3/15 714/1/14 713/1/13
f 714/1/14 715/3/15 716/3/16
f 713/1/19 714/1/18 715/3/17
f 716/3/20 715/3/17 714/1/18
f 719/2/46 718/1/9 717/1/45
f 718/1/9 719/2/46 720/2/10
f 717/1/47 718/1/12 719/2/48
f 720/2/11 719/2/48 718/1/12
f 723/3/22 722/1/41 721/1/21
f 722/1/41 723/3/22 724/3/42
f 721/1/24 722/1/44 723/3/23
f 724/3/43 723/3/23 722/1/44
f 714/1/14 723/3/22 721/1/21
f 723/3/22 714/1/14 716/3/16
f 721/1/24 723/3/23 714/1/18
f 716/3/20 714/1/18 723/3/23
f 719/2/46 725/2/4 720/2/10
f 725/2/4 719/2/46 726/2/2
f 720/2/11 725/2/8 719/2/48
f 726/2/6 719/2/48 725/2/8
f 720/2/10 727/1/3 718/1/9
f 727/1/3 720/2/10 725/2/4
f 718/1/12 727/1/5 720/2/11
f 725/2/8 720/2/11 727/1/5
f 723/3/22 715/3/15 724/3/42
f 715/3/15 723/3/22 716/3/16
f 724/3/43 715/3/17 723/3/23
f 716/3/20 723/3/23 715/3/17
f 726/2/2 717/1/45 728/1/1
f 717/1/45 726/2/2 719/2/46
f 728/1/7 717/1/47 726/2/6
f 719/2/48 726/2/6 717/1/47
f 727/1/3 726/2/2 728/1/1
f 726/2/2 727/1/3 725/2/4
f 728/1/7 726/2/6 727/1/5
f 725/2/8 727/1/5 726/2/6
f 724/3/42 713/1/13 722/1/41
f 713/1/13 724/3/42 715/3/15
f 722/1/44 713/1/19 724/3/43
f 715/3/17 724/3/43 713/1/19
f 731/2/51 730/2/50 729/2/49
f 730/2/50 731/2/51 732/2/52
f 729/2/55 730/2/54 731/2/53
f 732/2/56 731/2/53 730/2/54
f 732/2/52 733/1/71 730/2/50
f 733/1/71 732/2/52 734/1/58
f 730/2/54 733/1/72 732/2/56
f 734/1/60 732/2/56 733/1/72
f 729/2/49 733/1/71 735/1/69
f 733/1/71 729/2/49 730/2/50
f 735/1/70 733/1/72 729/2/55
f 730/2/54 729/2/55 733/1/72
f 736/1/57 729/2/49 735/1/69
f 729/2/49 736/1/57 731/2/51
f 735/1/70 729/2/55 736/1/59
f 731/2/53 736/1/59 729/2/55
f 734/1/58 731/2/51 736/1/57
f 731/2/51 734/1/58 732/2/52
f 736/1/59 731/2/53 734/1/60
f 732/2/56 734/1/60 731/2/53
f 739/1/61 738/2/75 737/1/73
f 738/2/75 739/1/61 740/2/62
f 737/1/79 738/2/77 739/1/67
f 740/2/66 739/1/67 738/2/77
f 741/1/63 740/2/62 739/1/61
f 740/2/62 741/1/63 742/2/64
f 739/1/67 740/2/66 741/1/65
f 742/2/68 741/1/65 740/2/66
f 745/3/26 744/1/39 743/1/25
f 744/1/39 745/3/26 746/3/33
f 743/1/31 744/1/40 745/3/30
f 746/3/36 745/3/30 744/1/40
f 745/3/26 747/3/34 746/3/33
f 747/3/34 745/3/26 748/3/28
f 746/3/36 747/3/35 745/3/30
f 748/3/32 745/3/30 747/3/35
f 742/2/64 750/1/74 749/2/76
f 750/1/74 742/2/64 741/1/63
f 749/2/80 750/1/78 742/2/68
f 741/1/65 742/2/68 750/1/78
f 746/3/33 751/1/37 744/1/39
f 751/1/37 746/3/33 747/3/34
f 744/1/40 751/1/38 746/3/36
f 747/3/35 746/3/36 751/1/38
f 740/2/62 749/2/76 738/2/75
f 749/2/76 740/2/62 742/2/64
f 738/2/77 749/2/80 740/2/66
f 742/2/68 740/2/66 749/2/80
f 752/1/27 745/3/26 743/1/25
f 745/3/26 752/1/27 748/3/28
f 743/1/31 745/3/30 752/1/29
f 748/3/32 752/1/29 745/3/30
f 738/2/75 750/1/74 737/1/73
f 750/1/74 738/2/75 749/2/76
f 737/1/79 750/1/78 738/2/77
f 749/2/80 738/2/77 750/1/78
f 747/3/34 752/1/27 751/1/37
f 752/1/27 747/3/34 748/3/28
f 751/1/38 752/1/29 747/3/35
f 748/3/32 747/3/35 752/1/29
f 297/1/97 753/1/97 548/1/97
f 753/1/97 297/1/97 298/1/97
f 548/1/98 753/1/98 297/1/98
f 298/1/98 297/1/98 753/1/98
f 756/10/347 755/9/348 754/9/347
f 755/9/348 756/10/347 757/10/348
f 754/9/349 755/9/350 756/10/349
f 757/10/350 756/10/349 755/9/350
f 760/10/97 759/10/97 758/10/97
f 759/10/97 760/10/97 757/10/97
f 759/10/97 757/10/97 756/10/97
f 758/10/98 759/10/98 760/10/98
f 757/10/98 760/10/98 759/10/98
f 756/10/98 757/10/98 759/10/98
f 758/10/350 762/9/350 761/9/350
f 762/9/350 758/10/350 759/10/350
f 761/9/348 762/9/348 758/10/348
f 759/10/348 758/10/348 762/9/348
f 757/10/348 763/9/351 755/9/348
f 763/9/351 757/10/348 760/10/351
f 755/9/350 763/9/352 757/10/350
f 760/10/352 757/10/350 763/9/352
f 758/10/353 763/9/353 760/10/353
f 763/9/353 758/10/353 761/9/353
f 760/10/354 763/9/354 758/10/354
f 761/9/354 758/10/354 763/9/354
f 762/9/354 756/10/354 754/9/354
f 756/10/354 762/9/354 759/10/354
f 754/9/353 756/10/353 762/9/353
f 759/10/353 762/9/353 756/10/353
f 766/10/97 765/10/97 764/10/97
f 765/10/97 766/10/97 767/10/97
f 767/10/97 766/10/97 768/10/97
f 764/10/98 765/10/98 766/10/98
f 767/10/98 766/10/98 765/10/98
f 768/10/98 766/10/98 767/10/98
f 765/10/355 769/9/355 764/10/355
f 769/9/355 765/10/355 770/9/355
f 764/10/356 769/9/356 765/10/356
f 770/9/356 765/10/356 769/9/356
f 765/10/357 771/9/357 770/9/357
f 771/9/357 765/10/357 767/10/357
f 770/9/358 771/9/358 765/10/358
f 767/10/358 765/10/358 771/9/358
f 771/9/360 768/10/359 772/9/359
f 768/10/359 771/9/360 767/10/360
f 772/9/362 768/10/362 771/9/361
f 767/10/361 771/9/361 768/10/362
f 772/9/359 766/10/363 773/9/363
f 766/10/363 772/9/359 768/10/359
f 773/9/364 766/10/364 772/9/362
f 768/10/362 772/9/362 766/10/364
f 773/9/363 764/10/365 769/9/365
f 764/10/365 773/9/363 766/10/363
f 769/9/366 764/10/366 773/9/364
f 766/10/364 773/9/364 764/10/366
f 776/10/97 775/10/97 774/10/97
f 775/10/97 776/10/97 777/10/97
f 777/10/97 776/10/97 778/10/97
f 774/10/98 775/10/98 776/10/98
f 777/10/98 776/10/98 775/10/98
f 778/10/98 776/10/98 777/10/98
f 775/10/367 779/9/367 774/10/367
f 779/9/367 775/10/367 780/9/367
f 774/10/368 779/9/368 775/10/368
f 780/9/368 775/10/368 779/9/368
f 775/10/369 781/9/369 780/9/369
f 781/9/369 775/10/369 777/10/369
f 780/9/370 781/9/370 775/10/370
f 777/10/370 775/10/370 781/9/370
f 781/9/372 778/10/371 782/9/371
f 778/10/371 781/9/372 777/10/372
f 782/9/374 778/10/374 781/9/373
f 777/10/373 781/9/373 778/10/374
f 782/9/371 776/10/375 783/9/375
f 776/10/375 782/9/371 778/10/371
f 783/9/376 776/10/376 782/9/374
f 778/10/374 782/9/374 776/10/376
f 783/9/375 774/10/377 779/9/377
f 774/10/377 783/9/375 776/10/375
f 779/9/378 774/10/378 783/9/376
f 776/10/376 783/9/376 774/10/378
f 786/10/97 785/10/97 784/10/97
f 785/10/97 786/10/97 787/10/97
f 787/10/97 786/10/97 788/10/97
f 784/10/98 785/10/98 786/10/98
f 787/10/98 786/10/98 785/10/98
f 788/10/98 786/10/98 787/10/98
f 785/10/353 789/9/353 784/10/353
f 789/9/353 785/10/353 790/9/353
f 784/10/354 789/9/354 785/10/354
f 790/9/354 785/10/354 789/9/354
f 785/10/350 791/9/350 790/9/350
f 791/9/350 785/10/350 787/10/350
f 790/9/348 791/9/348 785/10/348
f 787/10/348 785/10/348 791/9/348
f 791/9/361 788/10/362 792/9/362
f 788/10/362 791/9/361 787/10/361
f 792/9/359 788/10/359 791/9/360
f 787/10/360 791/9/360 788/10/359
f 792/9/362 786/10/364 793/9/364
f 786/10/364 792/9/362 788/10/362
f 793/9/363 786/10/363 792/9/359
f 788/10/359 792/9/359 786/10/363
f 793/9/364 784/10/366 789/9/366
f 784/10/366 793/9/364 786/10/364
f 789/9/365 784/10/365 793/9/363
f 786/10/363 793/9/363 784/10/365
f 796/10/97 795/10/97 794/10/97
f 795/10/97 796/10/97 797/10/97
f 797/10/97 796/10/97 798/10/97
f 794/10/98 795/10/98 796/10/98
f 797/10/98 796/10/98 795/10/98
f 798/10/98 796/10/98 797/10/98
f 795/10/379 799/9/379 794/10/379
f 799/9/379 795/10/379 800/9/379
f 794/10/380 799/9/380 795/10/380
f 800/9/380 795/10/380 799/9/380
f 795/10/381 801/9/381 800/9/381
f 801/9/381 795/10/381 797/10/381
f 800/9/382 801/9/382 795/10/382
f 797/10/382 795/10/382 801/9/382
f 801/9/360 798/10/359 802/9/359
f 798/10/359 801/9/360 797/10/360
f 802/9/362 798/10/362 801/9/361
f 797/10/361 801/9/361 798/10/362
f 802/9/359 796/10/363 803/9/363
f 796/10/363 802/9/359 798/10/359
f 803/9/364 796/10/364 802/9/362
f 798/10/362 802/9/362 796/10/364
f 803/9/363 794/10/365 799/9/365
f 794/10/365 803/9/363 796/10/363
f 799/9/366 794/10/366 803/9/364
f 796/10/364 803/9/364 794/10/366
f 806/10/97 805/10/97 804/10/97
f 805/10/97 806/10/97 807/10/97
f 807/10/97 806/10/97 808/10/97
f 804/10/98 805/10/98 806/10/98
f 807/10/98 806/10/98 805/10/98
f 808/10/98 806/10/98 807/10/98
f 805/10/367 809/9/367 804/10/367
f 809/9/367 805/10/367 810/9/367
f 804/10/368 809/9/368 805/10/368
f 810/9/368 805/10/368 809/9/368
f 805/10/369 811/9/369 810/9/369
f 811/9/369 805/10/369 807/10/369
f 810/9/370 811/9/370 805/10/370
f 807/10/370 805/10/370 811/9/370
f 811/9/372 808/10/371 812/9/371
f 808/10/371 811/9/372 807/10/372
f 812/9/374 808/10/374 811/9/373
f 807/10/373 811/9/373 808/10/374
f 812/9/371 806/10/375 813/9/375
f 806/10/375 812/9/371 808/10/371
f 813/9/376 806/10/376 812/9/374
f 808/10/374 812/9/374 806/10/376
f 813/9/375 804/10/377 809/9/377
f 804/10/377 813/9/375 806/10/375
f 809/9/378 804/10/378 813/9/376
f 806/10/376 813/9/376 804/10/378
f 816/10/347 815/9/348 814/9/347
f 815/9/348 816/10/347 817/10/348
f 814/9/349 815/9/350 816/10/349
f 817/10/350 816/10/349 815/9/350
f 820/10/97 819/10/97 818/10/97
f 819/10/97 820/10/97 817/10/97
f 819/10/97 817/10/97 816/10/97
f 818/10/98 819/10/98 820/10/98
f 817/10/98 820/10/98 819/10/98
f 816/10/98 817/10/98 819/10/98
f 818/10/350 822/9/350 821/9/350
f 822/9/350 818/10/350 819/10/350
f 821/9/348 822/9/348 818/10/348
f 819/10/348 818/10/348 822/9/348
f 817/10/348 823/9/351 815/9/348
f 823/9/351 817/10/348 820/10/351
f 815/9/350 823/9/352 817/10/350
f 820/10/352 817/10/350 823/9/352
f 818/10/353 823/9/353 820/10/353
f 823/9/353 818/10/353 821/9/353
f 820/10/354 823/9/354 818/10/354
f 821/9/354 818/10/354 823/9/354
f 822/9/354 816/10/354 814/9/354
f 816/10/354 822/9/354 819/10/354
f 814/9/353 816/10/353 822/9/353
f 819/10/353 822/9/353 816/10/353
f 826/10/349 825/9/383 824/9/349
f 825/9/383 826/10/349 827/10/383
f 824/9/347 825/9/384 826/10/347
f 827/10/384 826/10/347 825/9/384
f 807/10/97 829/10/97 828/10/97
f 829/10/97 807/10/97 827/10/97
f 829/10/97 827/10/97 826/10/97
f 828/10/98 829/10/98 807/10/98
f 827/10/98 807/10/98 829/10/98
f 826/10/98 827/10/98 829/10/98
f 828/10/384 831/9/384 830/9/384
f 831/9/384 828/10/384 829/10/384
f 830/9/383 831/9/383 828/10/383
f 829/10/383 828/10/383 831/9/383
f 827/10/383 811/9/352 825/9/383
f 811/9/352 827/10/383 807/10/352
f 825/9/384 811/9/351 827/10/384
f 807/10/351 827/10/384 811/9/351
f 828/10/385 811/9/385 807/10/385
f 811/9/385 828/10/385 830/9/385
f 807/10/386 811/9/386 828/10/386
f 830/9/386 828/10/386 811/9/386
f 831/9/386 826/10/386 824/9/386
f 826/10/386 831/9/386 829/10/386
f 824/9/385 826/10/385 831/9/385
f 829/10/385 831/9/385 826/10/385
f 794/10/349 832/9/383 799/9/349
f 832/9/383 794/10/349 833/10/383
f 799/9/347 832/9/384 794/10/347
f 833/10/384 794/10/347 832/9/384
f 836/10/97 835/10/97 834/10/97
f 835/10/97 836/10/97 833/10/97
f 835/10/97 833/10/97 794/10/97
f 834/10/98 835/10/98 836/10/98
f 833/10/98 836/10/98 835/10/98
f 794/10/98 833/10/98 835/10/98
f 834/10/384 838/9/384 837/9/384
f 838/9/384 834/10/384 835/10/384
f 837/9/383 838/9/383 834/10/383
f 835/10/383 834/10/383 838/9/383
f 833/10/383 839/9/352 832/9/383
f 839/9/352 833/10/383 836/10/352
f 832/9/384 839/9/351 833/10/384
f 836/10/351 833/10/384 839/9/351
f 834/10/385 839/9/385 836/10/385
f 839/9/385 834/10/385 837/9/385
f 836/10/386 839/9/386 834/10/386
f 837/9/386 834/10/386 839/9/386
f 838/9/386 794/10/386 799/9/386
f 794/10/386 838/9/386 835/10/386
f 799/9/385 794/10/385 838/9/385
f 835/10/385 838/9/385 794/10/385
f 842/10/97 841/10/97 840/10/97
f 841/10/97 842/10/97 843/10/97
f 843/10/97 842/10/97 844/10/97
f 840/10/98 841/10/98 842/10/98
f 843/10/98 842/10/98 841/10/98
f 844/10/98 842/10/98 843/10/98
f 841/10/387 845/9/387 840/10/387
f 845/9/387 841/10/387 846/9/387
f 840/10/388 845/9/388 841/10/388
f 846/9/388 841/10/388 845/9/388
f 841/10/389 847/9/389 846/9/389
f 847/9/389 841/10/389 843/10/389
f 846/9/390 847/9/390 841/10/390
f 843/10/390 841/10/390 847/9/390
f 847/9/392 844/10/391 848/9/391
f 844/10/391 847/9/392 843/10/392
f 848/9/394 844/10/394 847/9/393
f 843/10/393 847/9/393 844/10/394
f 848/9/391 842/10/395 849/9/395
f 842/10/395 848/9/391 844/10/391
f 849/9/396 842/10/396 848/9/394
f 844/10/394 848/9/394 842/10/396
f 849/9/395 840/10/397 845/9/397
f 840/10/397 849/9/395 842/10/395
f 845/9/398 840/10/398 849/9/396
f 842/10/396 849/9/396 840/10/398
f 851/10/97 850/10/97 816/10/97
f 850/10/97 851/10/97 852/10/97
f 852/10/97 851/10/97 853/10/97
f 816/10/98 850/10/98 851/10/98
f 852/10/98 851/10/98 850/10/98
f 853/10/98 851/10/98 852/10/98
f 850/10/353 814/9/353 816/10/353
f 814/9/353 850/10/353 854/9/353
f 816/10/354 814/9/354 850/10/354
f 854/9/354 850/10/354 814/9/354
f 850/10/350 855/9/350 854/9/350
f 855/9/350 850/10/350 852/10/350
f 854/9/348 855/9/348 850/10/348
f 852/10/348 850/10/348 855/9/348
f 855/9/361 853/10/362 856/9/362
f 853/10/362 855/9/361 852/10/361
f 856/9/359 853/10/359 855/9/360
f 852/10/360 855/9/360 853/10/359
f 856/9/362 851/10/364 857/9/364
f 851/10/364 856/9/362 853/10/362
f 857/9/363 851/10/363 856/9/359
f 853/10/359 856/9/359 851/10/363
f 857/9/364 816/10/366 814/9/366
f 816/10/366 857/9/364 851/10/364
f 814/9/365 816/10/365 857/9/363
f 851/10/363 857/9/363 816/10/365
f 860/10/97 859/10/97 858/10/97
f 859/10/97 860/10/97 861/10/97
f 861/10/97 860/10/97 862/10/97
f 858/10/98 859/10/98 860/10/98
f 861/10/98 860/10/98 859/10/98
f 862/10/98 860/10/98 861/10/98
f 859/10/387 863/9/387 858/10/387
f 863/9/387 859/10/387 864/9/387
f 858/10/388 863/9/388 859/10/388
f 864/9/388 859/10/388 863/9/388
f 859/10/389 865/9/389 864/9/389
f 865/9/389 859/10/389 861/10/389
f 864/9/390 865/9/390 859/10/390
f 861/10/390 859/10/390 865/9/390
f 865/9/392 862/10/391 866/9/391
f 862/10/391 865/9/392 861/10/392
f 866/9/394 862/10/394 865/9/393
f 861/10/393 865/9/393 862/10/394
f 866/9/391 860/10/395 867/9/395
f 860/10/395 866/9/391 862/10/391
f 867/9/396 860/10/396 866/9/394
f 862/10/394 866/9/394 860/10/396
f 867/9/395 858/10/397 863/9/397
f 858/10/397 867/9/395 860/10/395
f 863/9/398 858/10/398 867/9/396
f 860/10/396 867/9/396 858/10/398
f 870/10/97 869/10/97 868/10/97
f 869/10/97 870/10/97 871/10/97
f 869/10/97 871/10/97 872/10/97
f 872/10/97 871/10/97 873/10/97
f 872/10/97 873/10/97 874/10/97
f 874/10/97 873/10/97 875/10/97
f 874/10/97 875/10/97 876/10/97
f 876/10/97 875/10/97 877/10/97
f 868/10/98 869/10/98 870/10/98
f 871/10/98 870/10/98 869/10/98
f 872/10/98 871/10/98 869/10/98
f 873/10/98 871/10/98 872/10/98
f 874/10/98 873/10/98 872/10/98
f 875/10/98 873/10/98 874/10/98
f 876/10/98 875/10/98 874/10/98
f 877/10/98 875/10/98 876/10/98
f 870/10/390 879/9/390 878/9/390
f 879/9/390 870/10/390 868/10/390
f 878/9/389 879/9/389 870/10/389
f 868/10/389 870/10/389 879/9/389
f 880/9/400 870/10/399 878/9/399
f 870/10/399 880/9/400 871/10/400
f 878/9/402 870/10/402 880/9/401
f 871/10/401 880/9/401 870/10/402
f 881/9/403 871/10/400 880/9/400
f 871/10/400 881/9/403 873/10/403
f 880/9/401 871/10/401 881/9/404
f 873/10/404 881/9/404 871/10/401
f 875/10/405 881/9/403 882/9/405
f 881/9/403 875/10/405 873/10/403
f 882/9/406 881/9/404 875/10/406
f 873/10/404 875/10/406 881/9/404
f 877/10/407 882/9/405 883/9/407
f 882/9/405 877/10/407 875/10/405
f 883/9/408 882/9/406 877/10/408
f 875/10/406 877/10/408 882/9/406
f 884/9/388 877/10/388 883/9/388
f 877/10/388 884/9/388 876/10/388
f 883/9/387 877/10/387 884/9/387
f 876/10/387 884/9/387 877/10/387
f 874/10/406 884/9/409 885/9/406
f 884/9/409 874/10/406 876/10/409
f 885/9/405 884/9/410 874/10/405
f 876/10/410 874/10/405 884/9/410
f 872/10/404 885/9/406 886/9/404
f 885/9/406 872/10/404 874/10/406
f 886/9/403 885/9/405 872/10/403
f 874/10/405 872/10/403 885/9/405
f 872/10/404 887/9/401 869/10/401
f 887/9/401 872/10/404 886/9/404
f 869/10/400 887/9/400 872/10/403
f 886/9/403 872/10/403 887/9/400
f 869/10/401 879/9/402 868/10/402
f 879/9/402 869/10/401 887/9/401
f 868/10/399 879/9/399 869/10/400
f 887/9/400 869/10/400 879/9/399
f 890/10/97 889/10/97 888/10/97
f 889/10/97 890/10/97 891/10/97
f 889/10/97 891/10/97 892/10/97
f 892/10/97 891/10/97 893/10/97
f 892/10/97 893/10/97 894/10/97
f 894/10/97 893/10/97 895/10/97
f 894/10/97 895/10/97 896/10/97
f 896/10/97 895/10/97 897/10/97
f 888/10/98 889/10/98 890/10/98
f 891/10/98 890/10/98 889/10/98
f 892/10/98 891/10/98 889/10/98
f 893/10/98 891/10/98 892/10/98
f 894/10/98 893/10/98 892/10/98
f 895/10/98 893/10/98 894/10/98
f 896/10/98 895/10/98 894/10/98
f 897/10/98 895/10/98 896/10/98
f 890/10/411 899/9/411 898/9/411
f 899/9/411 890/10/411 888/10/411
f 898/9/412 899/9/412 890/10/412
f 888/10/412 890/10/412 899/9/412
f 900/9/414 890/10/413 898/9/413
f 890/10/413 900/9/414 891/10/414
f 898/9/416 890/10/416 900/9/415
f 891/10/415 900/9/415 890/10/416
f 901/9/417 891/10/414 900/9/414
f 891/10/414 901/9/417 893/10/417
f 900/9/415 891/10/415 901/9/418
f 893/10/418 901/9/418 891/10/415
f 895/10/419 901/9/417 902/9/419
f 901/9/417 895/10/419 893/10/417
f 902/9/420 901/9/418 895/10/420
f 893/10/418 895/10/420 901/9/418
f 897/10/421 902/9/419 903/9/421
f 902/9/419 897/10/421 895/10/419
f 903/9/422 902/9/420 897/10/422
f 895/10/420 897/10/422 902/9/420
f 904/9/423 897/10/423 903/9/423
f 897/10/423 904/9/423 896/10/423
f 903/9/424 897/10/424 904/9/424
f 896/10/424 904/9/424 897/10/424
f 894/10/420 904/9/425 905/9/420
f 904/9/425 894/10/420 896/10/425
f 905/9/419 904/9/426 894/10/419
f 896/10/426 894/10/419 904/9/426
f 892/10/418 905/9/420 906/9/418
f 905/9/420 892/10/418 894/10/420
f 906/9/417 905/9/419 892/10/417
f 894/10/419 892/10/417 905/9/419
f 892/10/418 907/9/415 889/10/415
f 907/9/415 892/10/418 906/9/418
f 889/10/414 907/9/414 892/10/417
f 906/9/417 892/10/417 907/9/414
f 889/10/415 899/9/416 888/10/416
f 899/9/416 889/10/415 907/9/415
f 888/10/413 899/9/413 889/10/414
f 907/9/414 889/10/414 899/9/413
f 910/10/97 909/10/97 908/10/97
f 909/10/97 910/10/97 911/10/97
f 909/10/97 911/10/97 912/10/97
f 912/10/97 911/10/97 913/10/97
f 912/10/97 913/10/97 914/10/97
f 914/10/97 913/10/97 915/10/97
f 914/10/97 915/10/97 916/10/97
f 916/10/97 915/10/97 917/10/97
f 908/10/98 909/10/98 910/10/98
f 911/10/98 910/10/98 909/10/98
f 912/10/98 911/10/98 909/10/98
f 913/10/98 911/10/98 912/10/98
f 914/10/98 913/10/98 912/10/98
f 915/10/98 913/10/98 914/10/98
f 916/10/98 915/10/98 914/10/98
f 917/10/98 915/10/98 916/10/98
f 910/10/370 919/9/370 918/9/370
f 919/9/370 910/10/370 908/10/370
f 918/9/369 919/9/369 910/10/369
f 908/10/369 910/10/369 919/9/369
f 920/9/428 910/10/427 918/9/427
f 910/10/427 920/9/428 911/10/428
f 918/9/430 910/10/430 920/9/429
f 911/10/429 920/9/429 910/10/430
f 921/9/431 911/10/428 920/9/428
f 911/10/428 921/9/431 913/10/431
f 920/9/429 911/10/429 921/9/432
f 913/10/432 921/9/432 911/10/429
f 915/10/433 921/9/431 922/9/433
f 921/9/431 915/10/433 913/10/431
f 922/9/434 921/9/432 915/10/434
f 913/10/432 915/10/434 921/9/432
f 917/10/435 922/9/433 923/9/435
f 922/9/433 917/10/435 915/10/433
f 923/9/436 922/9/434 917/10/436
f 915/10/434 917/10/436 922/9/434
f 924/9/368 917/10/368 923/9/368
f 917/10/368 924/9/368 916/10/368
f 923/9/367 917/10/367 924/9/367
f 916/10/367 924/9/367 917/10/367
f 914/10/434 924/9/437 925/9/434
f 924/9/437 914/10/434 916/10/437
f 925/9/433 924/9/438 914/10/433
f 916/10/438 914/10/433 924/9/438
f 912/10/432 925/9/434 926/9/432
f 925/9/434 912/10/432 914/10/434
f 926/9/431 925/9/433 912/10/431
f 914/10/433 912/10/431 925/9/433
f 912/10/432 927/9/429 909/10/429
f 927/9/429 912/10/432 926/9/432
f 909/10/428 927/9/428 912/10/431
f 926/9/431 912/10/431 927/9/428
f 909/10/429 919/9/430 908/10/430
f 919/9/430 909/10/429 927/9/429
f 908/10/427 919/9/427 909/10/428
f 927/9/428 909/10/428 919/9/427
f 930/10/97 929/10/97 928/10/97
f 929/10/97 930/10/97 931/10/97
f 929/10/97 931/10/97 932/10/97
f 932/10/97 931/10/97 933/10/97
f 932/10/97 933/10/97 934/10/97
f 934/10/97 933/10/97 935/10/97
f 934/10/97 935/10/97 936/10/97
f 936/10/97 935/10/97 937/10/97
f 928/10/98 929/10/98 930/10/98
f 931/10/98 930/10/98 929/10/98
f 932/10/98 931/10/98 929/10/98
f 933/10/98 931/10/98 932/10/98
f 934/10/98 933/10/98 932/10/98
f 935/10/98 933/10/98 934/10/98
f 936/10/98 935/10/98 934/10/98
f 937/10/98 935/10/98 936/10/98
f 930/10/348 939/9/348 938/9/348
f 939/9/348 930/10/348 928/10/348
f 938/9/350 939/9/350 930/10/350
f 928/10/350 930/10/350 939/9/350
f 940/9/440 930/10/439 938/9/439
f 930/10/439 940/9/440 931/10/440
f 938/9/442 930/10/442 940/9/441
f 931/10/441 940/9/441 930/10/442
f 941/9/418 931/10/440 940/9/440
f 931/10/440 941/9/418 933/10/418
f 940/9/441 931/10/441 941/9/417
f 933/10/417 941/9/417 931/10/441
f 935/10/443 941/9/418 942/9/443
f 941/9/418 935/10/443 933/10/418
f 942/9/444 941/9/417 935/10/444
f 933/10/417 935/10/444 941/9/417
f 937/10/445 942/9/443 943/9/445
f 942/9/443 937/10/445 935/10/443
f 943/9/446 942/9/444 937/10/446
f 935/10/444 937/10/446 942/9/444
f 944/9/354 937/10/354 943/9/354
f 937/10/354 944/9/354 936/10/354
f 943/9/353 937/10/353 944/9/353
f 936/10/353 944/9/353 937/10/353
f 934/10/444 944/9/447 945/9/444
f 944/9/447 934/10/444 936/10/447
f 945/9/443 944/9/448 934/10/443
f 936/10/448 934/10/443 944/9/448
f 932/10/417 945/9/444 946/9/417
f 945/9/444 932/10/417 934/10/444
f 946/9/418 945/9/443 932/10/418
f 934/10/443 932/10/418 945/9/443
f 932/10/417 947/9/441 929/10/441
f 947/9/441 932/10/417 946/9/417
f 929/10/440 947/9/440 932/10/418
f 946/9/418 932/10/418 947/9/440
f 929/10/441 939/9/442 928/10/442
f 939/9/442 929/10/441 947/9/441
f 928/10/439 939/9/439 929/10/440
f 947/9/440 929/10/440 939/9/439
f 950/12/350 949/11/350 948/11/350
f 949/11/350 950/12/350 951/12/350
f 948/11/348 949/11/348 950/12/348
f 951/12/348 950/12/348 949/11/348
f 950/12/353 953/11/353 952/12/353
f 953/11/353 950/12/353 948/11/353
f 952/12/354 953/11/354 950/12/354
f 948/11/354 950/12/354 953/11/354
f 949/11/354 955/12/354 954/11/354
f 955/12/354 949/11/354 951/12/354
f 954/11/353 955/12/353 949/11/353
f 951/12/353 949/11/353 955/12/353
f 952/12/97 951/12/97 950/12/97
f 951/12/97 952/12/97 956/12/97
f 951/12/97 956/12/97 955/12/97
f 950/12/98 951/12/98 952/12/98
f 956/12/98 952/12/98 951/12/98
f 955/12/98 956/12/98 951/12/98
f 955/12/347 957/11/348 954/11/347
f 957/11/348 955/12/347 956/12/348
f 954/11/349 957/11/350 955/12/349
f 956/12/350 955/12/349 957/11/350
f 956/12/348 953/11/351 957/11/348
f 953/11/351 956/12/348 952/12/351
f 957/11/350 953/11/352 956/12/350
f 952/12/352 956/12/350 953/11/352
f 960/13/348 959/11/449 958/11/348
f 959/11/449 960/13/348 961/13/449
f 958/11/350 959/11/450 960/13/350
f 961/13/450 960/13/350 959/11/450
f 964/13/452 963/11/451 962/13/451
f 963/11/451 964/13/452 965/11/452
f 962/13/454 963/11/454 964/13/453
f 965/11/453 964/13/453 963/11/454
f 961/13/449 963/11/451 959/11/449
f 963/11/451 961/13/449 962/13/451
f 959/11/450 963/11/454 961/13/450
f 962/13/454 961/13/450 963/11/454
f 967/13/455 958/11/348 966/11/455
f 958/11/348 967/13/455 960/13/348
f 966/11/456 958/11/350 967/13/456
f 960/13/350 967/13/456 958/11/350
f 962/13/97 968/13/97 964/13/97
f 968/13/97 962/13/97 961/13/97
f 968/13/97 961/13/97 960/13/97
f 968/13/97 960/13/97 967/13/97
f 968/13/97 967/13/97 969/13/97
f 964/13/98 968/13/98 962/13/98
f 961/13/98 962/13/98 968/13/98
f 960/13/98 961/13/98 968/13/98
f 967/13/98 960/13/98 968/13/98
f 969/13/98 967/13/98 968/13/98
f 971/11/458 969/13/457 970/11/457
f 969/13/457 971/11/458 968/13/458
f 970/11/460 969/13/460 971/11/459
f 968/13/459 971/11/459 969/13/460
f 970/11/457 967/13/455 966/11/455
f 967/13/455 970/11/457 969/13/457
f 966/11/456 967/13/456 970/11/460
f 969/13/460 970/11/460 967/13/456
f 761/13/353 973/11/353 972/13/353
f 973/11/353 761/13/353 974/11/353
f 972/13/354 973/11/354 761/13/354
f 974/11/354 761/13/354 973/11/354
f 977/13/461 976/11/348 975/11/461
f 976/11/348 977/13/461 978/13/348
f 975/11/462 976/11/350 977/13/462
f 978/13/350 977/13/462 976/11/350
f 761/13/350 979/11/350 974/11/350
f 979/11/350 761/13/350 762/13/350
f 974/11/348 979/11/348 761/13/348
f 762/13/348 761/13/348 979/11/348
f 978/13/348 973/11/463 976/11/348
f 973/11/463 978/13/348 972/13/463
f 976/11/350 973/11/464 978/13/350
f 972/13/464 978/13/350 973/11/464
f 979/11/98 973/11/98 974/11/98
f 973/11/98 979/11/98 976/11/98
f 976/11/98 979/11/98 975/11/98
f 974/11/97 973/11/97 979/11/97
f 976/11/97 979/11/97 973/11/97
f 975/11/97 979/11/97 976/11/97
f 972/13/97 762/13/97 761/13/97
f 762/13/97 972/13/97 978/13/97
f 762/13/97 978/13/97 977/13/97
f 761/13/98 762/13/98 972/13/98
f 978/13/98 972/13/98 762/13/98
f 977/13/98 978/13/98 762/13/98
f 979/11/354 977/13/354 975/11/354
f 977/13/354 979/11/354 762/13/354
f 975/11/353 977/13/353 979/11/353
f 762/13/353 979/11/353 977/13/353
f 982/15/466 981/14/465 980/14/465
f 981/14/465 982/15/466 983/15/466
f 980/14/468 981/14/468 982/15/467
f 983/15/467 982/15/467 981/14/468
f 986/16/469 985/17/470 984/16/469
f 985/17/470 986/16/469 987/17/470
f 984/16/471 985/17/472 986/16/471
f 987/17/472 986/16/471 985/17/472
f 989/14/347 983/15/347 988/15/347
f 983/15/347 989/14/347 981/14/347
f 981/14/347 989/14/347 990/16/347
f 981/14/347 990/16/347 986/16/347
f 986/16/347 990/16/347 991/17/347
f 986/16/347 991/17/347 987/17/347
f 988/15/349 983/15/349 989/14/349
f 981/14/349 989/14/349 983/15/349
f 990/16/349 989/14/349 981/14/349
f 986/16/349 990/16/349 981/14/349
f 991/17/349 990/16/349 986/16/349
f 987/17/349 991/17/349 986/16/349
f 987/17/470 992/17/467 985/17/470
f 992/17/467 987/17/470 991/17/467
f 985/17/472 992/17/466 987/17/472
f 991/17/466 987/17/472 992/17/466
f 994/14/471 988/15/472 993/15/472
f 988/15/472 994/14/471 989/14/471
f 993/15/470 988/15/470 994/14/469
f 989/14/469 994/14/469 988/15/470
f 980/14/349 993/15/349 982/15/349
f 993/15/349 980/14/349 994/14/349
f 994/14/349 980/14/349 984/16/349
f 994/14/349 984/16/349 995/16/349
f 995/16/349 984/16/349 985/17/349
f 995/16/349 985/17/349 992/17/349
f 982/15/347 993/15/347 980/14/347
f 994/14/347 980/14/347 993/15/347
f 984/16/347 980/14/347 994/14/347
f 995/16/347 984/16/347 994/14/347
f 985/17/347 984/16/347 995/16/347
f 992/17/347 985/17/347 995/16/347
f 991/17/467 995/16/468 992/17/467
f 995/16/468 991/17/467 990/16/468
f 992/17/466 995/16/465 991/17/466
f 990/16/465 991/17/466 995/16/465
f 993/15/472 983/15/466 982/15/466
f 983/15/466 993/15/472 988/15/472
f 982/15/467 983/15/467 993/15/470
f 988/15/470 993/15/470 983/15/467
f 984/16/469 981/14/465 986/16/469
f 981/14/465 984/16/469 980/14/465
f 986/16/471 981/14/468 984/16/471
f 980/14/468 984/16/471 981/14/468
f 994/14/471 990/16/468 989/14/471
f 990/16/468 994/14/471 995/16/468
f 989/14/469 990/16/465 994/14/469
f 995/16/465 994/14/469 990/16/465
f 998/19/471 997/18/472 996/18/472
f 997/18/472 998/19/471 999/19/471
f 996/18/470 997/18/470 998/19/469
f 999/19/469 998/19/469 997/18/470
f 1001/19/349 996/18/349 1000/18/349
f 996/18/349 1001/19/349 998/19/349
f 998/19/349 1001/19/349 1002/20/349
f 998/19/349 1002/20/349 1003/20/349
f 1003/20/349 1002/20/349 1004/21/349
f 1003/20/349 1004/21/349 1005/21/349
f 1000/18/347 996/18/347 1001/19/347
f 998/19/347 1001/19/347 996/18/347
f 1002/20/347 1001/19/347 998/19/347
f 1003/20/347 1002/20/347 998/19/347
f 1004/21/347 1002/20/347 1003/20/347
f 1005/21/347 1004/21/347 1003/20/347
f 996/18/472 1006/18/466 1000/18/466
f 1006/18/466 996/18/472 997/18/472
f 1000/18/467 1006/18/467 996/18/470
f 997/18/470 996/18/470 1006/18/467
f 1000/18/466 1007/19/465 1001/19/465
f 1007/19/465 1000/18/466 1006/18/466
f 1001/19/468 1007/19/468 1000/18/467
f 1006/18/467 1000/18/467 1007/19/468
f 1008/21/470 1005/21/467 1004/21/470
f 1005/21/467 1008/21/470 1009/21/467
f 1004/21/472 1005/21/466 1008/21/472
f 1009/21/466 1008/21/472 1005/21/466
f 1002/20/469 1007/19/465 1010/20/469
f 1007/19/465 1002/20/469 1001/19/465
f 1010/20/471 1007/19/468 1002/20/471
f 1001/19/468 1002/20/471 1007/19/468
f 1009/21/467 1003/20/468 1005/21/467
f 1003/20/468 1009/21/467 1011/20/468
f 1005/21/466 1003/20/465 1009/21/466
f 1011/20/465 1009/21/466 1003/20/465
f 998/19/471 1011/20/468 999/19/471
f 1011/20/468 998/19/471 1003/20/468
f 999/19/469 1011/20/465 998/19/469
f 1003/20/465 998/19/469 1011/20/465
f 1010/20/469 1004/21/470 1002/20/469
f 1004/21/470 1010/20/469 1008/21/470
f 1002/20/471 1004/21/472 1010/20/471
f 1008/21/472 1010/20/471 1004/21/472
f 999/19/347 1006/18/347 997/18/347
f 1006/18/347 999/19/347 1007/19/347
f 1007/19/347 999/19/347 1011/20/347
f 1007/19/347 1011/20/347 1010/20/347
f 1010/20/347 1011/20/347 1009/21/347
f 1010/20/347 1009/21/347 1008/21/347
f 997/18/349 1006/18/349 999/19/349
f 1007/19/349 999/19/349 1006/18/349
f 1011/20/349 999/19/349 1007/19/349
f 1010/20/349 1011/20/349 1007/19/349
f 1009/21/349 1011/20/349 1010/20/349
f 1008/21/349 1009/21/349 1010/20/349
f 1014/22/473 1013/23/474 1012/22/473
f 1013/23/474 1014/22/473 1015/23/474
f 1012/22/475 1013/23/476 1014/22/475
f 1015/23/476 1014/22/475 1013/23/476
f 1018/22/477 1017/24/475 1016/22/477
f 1017/24/475 1018/22/477 1019/24/475
f 1016/22/478 1017/24/473 1018/22/478
f 1019/24/473 1018/22/478 1017/24/473
f 1017/24/475 1021/25/476 1020/25/476
f 1021/25/476 1017/24/475 1019/24/475
f 1020/25/474 1021/25/474 1017/24/473
f 1019/24/473 1017/24/473 1021/25/474
f 1016/22/351 1013/23/351 1022/23/351
f 1013/23/351 1016/22/351 1012/22/351
f 1012/22/351 1016/22/351 1017/24/351
f 1012/22/351 1017/24/351 1023/24/351
f 1023/24/351 1017/24/351 1020/25/351
f 1023/24/351 1020/25/351 1024/25/351
f 1022/23/352 1013/23/352 1016/22/352
f 1012/22/352 1016/22/352 1013/23/352
f 1017/24/352 1016/22/352 1012/22/352
f 1023/24/352 1017/24/352 1012/22/352
f 1020/25/352 1017/24/352 1023/24/352
f 1024/25/352 1020/25/352 1023/24/352
f 1015/23/474 1022/23/479 1013/23/474
f 1022/23/479 1015/23/474 1025/23/479
f 1013/23/476 1022/23/480 1015/23/476
f 1025/23/480 1015/23/476 1022/23/480
f 1014/22/352 1025/23/352 1015/23/352
f 1025/23/352 1014/22/352 1018/22/352
f 1018/22/352 1014/22/352 1026/24/352
f 1018/22/352 1026/24/352 1019/24/352
f 1019/24/352 1026/24/352 1027/25/352
f 1019/24/352 1027/25/352 1021/25/352
f 1015/23/351 1025/23/351 1014/22/351
f 1018/22/351 1014/22/351 1025/23/351
f 1026/24/351 1014/22/351 1018/22/351
f 1019/24/351 1026/24/351 1018/22/351
f 1027/25/351 1026/24/351 1019/24/351
f 1021/25/351 1027/25/351 1019/24/351
f 1020/25/476 1027/25/480 1024/25/480
f 1027/25/480 1020/25/476 1021/25/476
f 1024/25/479 1027/25/479 1020/25/474
f 1021/25/474 1020/25/474 1027/25/479
f 1025/23/479 1016/22/477 1022/23/479
f 1016/22/477 1025/23/479 1018/22/477
f 1022/23/480 1016/22/478 1025/23/480
f 1018/22/478 1025/23/480 1016/22/478
f 1024/25/480 1026/24/478 1023/24/478
f 1026/24/478 1024/25/480 1027/25/480
f 1023/24/477 1026/24/477 1024/25/479
f 1027/25/479 1024/25/479 1026/24/477
f 1026/24/478 1012/22/473 1023/24/478
f 1012/22/473 1026/24/478 1014/22/473
f 1023/24/477 1012/22/475 1026/24/477
f 1014/22/475 1026/24/477 1012/22/475
f 1030/12/355 1029/11/355 1028/12/355
f 1029/11/355 1030/12/355 1031/11/355
f 1028/12/356 1029/11/356 1030/12/356
f 1031/11/356 1030/12/356 1029/11/356
f 1030/12/357 1032/11/357 1031/11/357
f 1032/11/357 1030/12/357 1033/12/357
f 1031/11/358 1032/11/358 1030/12/358
f 1033/12/358 1030/12/358 1032/11/358
f 1034/11/363 1028/12/365 1029/11/365
f 1028/12/365 1034/11/363 1035/12/363
f 1029/11/366 1028/12/366 1034/11/364
f 1035/12/364 1034/11/364 1028/12/366
f 1032/11/360 1037/12/359 1036/11/359
f 1037/12/359 1032/11/360 1033/12/360
f 1036/11/362 1037/12/362 1032/11/361
f 1033/12/361 1032/11/361 1037/12/362
f 1035/12/97 1030/12/97 1028/12/97
f 1030/12/97 1035/12/97 1033/12/97
f 1033/12/97 1035/12/97 1037/12/97
f 1028/12/98 1030/12/98 1035/12/98
f 1033/12/98 1035/12/98 1030/12/98
f 1037/12/98 1035/12/98 1033/12/98
f 1037/12/359 1034/11/363 1036/11/359
f 1034/11/363 1037/12/359 1035/12/363
f 1036/11/362 1034/11/364 1037/12/362
f 1035/12/364 1037/12/362 1034/11/364
f 899/13/357 1039/11/357 1038/11/357
f 1039/11/357 899/13/357 1040/13/357
f 1038/11/358 1039/11/358 899/13/358
f 1040/13/358 899/13/358 1039/11/358
f 899/13/355 1042/11/355 1041/13/355
f 1042/11/355 899/13/355 1038/11/355
f 1041/13/356 1042/11/356 899/13/356
f 1038/11/356 899/13/356 1042/11/356
f 1043/13/97 899/13/97 1041/13/97
f 899/13/97 1043/13/97 1040/13/97
f 1040/13/97 1043/13/97 1044/13/97
f 1041/13/98 899/13/98 1043/13/98
f 1040/13/98 1043/13/98 899/13/98
f 1044/13/98 1043/13/98 1040/13/98
f 1039/11/98 1042/11/98 1038/11/98
f 1042/11/98 1039/11/98 1045/11/98
f 1045/11/98 1039/11/98 1046/11/98
f 1038/11/97 1042/11/97 1039/11/97
f 1045/11/97 1039/11/97 1042/11/97
f 1046/11/97 1039/11/97 1045/11/97
f 1039/11/360 1044/13/359 1046/11/359
f 1044/13/359 1039/11/360 1040/13/360
f 1046/11/362 1044/13/362 1039/11/361
f 1040/13/361 1039/11/361 1044/13/362
f 1044/13/359 1045/11/481 1046/11/359
f 1045/11/481 1044/13/359 1043/13/481
f 1046/11/362 1045/11/482 1044/13/362
f 1043/13/482 1044/13/362 1045/11/482
f 1045/11/481 1041/13/365 1042/11/365
f 1041/13/365 1045/11/481 1043/13/481
f 1042/11/366 1041/13/366 1045/11/482
f 1043/13/482 1045/11/482 1041/13/366
f 1049/12/367 1048/11/367 1047/12/367
f 1048/11/367 1049/12/367 1050/11/367
f 1047/12/368 1048/11/368 1049/12/368
f 1050/11/368 1049/12/368 1048/11/368
f 1049/12/369 1051/11/369 1050/11/369
f 1051/11/369 1049/12/369 1052/12/369
f 1050/11/370 1051/11/370 1049/12/370
f 1052/12/370 1049/12/370 1051/11/370
f 1053/11/375 1047/12/377 1048/11/377
f 1047/12/377 1053/11/375 1054/12/375
f 1048/11/378 1047/12/378 1053/11/376
f 1054/12/376 1053/11/376 1047/12/378
f 1051/11/372 1056/12/371 1055/11/371
f 1056/12/371 1051/11/372 1052/12/372
f 1055/11/374 1056/12/374 1051/11/373
f 1052/12/373 1051/11/373 1056/12/374
f 1054/12/97 1049/12/97 1047/12/97
f 1049/12/97 1054/12/97 1052/12/97
f 1052/12/97 1054/12/97 1056/12/97
f 1047/12/98 1049/12/98 1054/12/98
f 1052/12/98 1054/12/98 1049/12/98
f 1056/12/98 1054/12/98 1052/12/98
f 1056/12/371 1053/11/375 1055/11/371
f 1053/11/375 1056/12/371 1054/12/375
f 1055/11/374 1053/11/376 1056/12/374
f 1054/12/376 1056/12/374 1053/11/376
f 924/13/369 1058/11/369 1057/11/369
f 1058/11/369 924/13/369 1059/13/369
f 1057/11/370 1058/11/370 924/13/370
f 1059/13/370 924/13/370 1058/11/370
f 924/13/367 1061/11/367 1060/13/367
f 1061/11/367 924/13/367 1057/11/367
f 1060/13/368 1061/11/368 924/13/368
f 1057/11/368 924/13/368 1061/11/368
f 1062/13/97 924/13/97 1060/13/97
f 924/13/97 1062/13/97 1059/13/97
f 1059/13/97 1062/13/97 1063/13/97
f 1060/13/98 924/13/98 1062/13/98
f 1059/13/98 1062/13/98 924/13/98
f 1063/13/98 1062/13/98 1059/13/98
f 1058/11/98 1061/11/98 1057/11/98
f 1061/11/98 1058/11/98 1064/11/98
f 1064/11/98 1058/11/98 1065/11/98
f 1057/11/97 1061/11/97 1058/11/97
f 1064/11/97 1058/11/97 1061/11/97
f 1065/11/97 1058/11/97 1064/11/97
f 1058/11/372 1063/13/371 1065/11/371
f 1063/13/371 1058/11/372 1059/13/372
f 1065/11/374 1063/13/374 1058/11/373
f 1059/13/373 1058/11/373 1063/13/374
f 1063/13/371 1064/11/483 1065/11/371
f 1064/11/483 1063/13/371 1062/13/483
f 1065/11/374 1064/11/484 1063/13/374
f 1062/13/484 1063/13/374 1064/11/484
f 1064/11/483 1060/13/377 1061/11/377
f 1060/13/377 1064/11/483 1062/13/483
f 1061/11/378 1060/13/378 1064/11/484
f 1062/13/484 1064/11/484 1060/13/378
f 1068/12/353 1067/11/353 1066/12/353
f 1067/11/353 1068/12/353 1069/11/353
f 1066/12/354 1067/11/354 1068/12/354
f 1069/11/354 1068/12/354 1067/11/354
f 1068/12/350 1070/11/350 1069/11/350
f 1070/11/350 1068/12/350 1071/12/350
f 1069/11/348 1070/11/348 1068/12/348
f 1071/12/348 1068/12/348 1070/11/348
f 1072/11/364 1066/12/366 1067/11/366
f 1066/12/366 1072/11/364 1073/12/364
f 1067/11/365 1066/12/365 1072/11/363
f 1073/12/363 1072/11/363 1066/12/365
f 1070/11/361 1075/12/362 1074/11/362
f 1075/12/362 1070/11/361 1071/12/361
f 1074/11/359 1075/12/359 1070/11/360
f 1071/12/360 1070/11/360 1075/12/359
f 1073/12/97 1068/12/97 1066/12/97
f 1068/12/97 1073/12/97 1071/12/97
f 1071/12/97 1073/12/97 1075/12/97
f 1066/12/98 1068/12/98 1073/12/98
f 1071/12/98 1073/12/98 1068/12/98
f 1075/12/98 1073/12/98 1071/12/98
f 1075/12/362 1072/11/364 1074/11/362
f 1072/11/364 1075/12/362 1073/12/364
f 1074/11/359 1072/11/363 1075/12/359
f 1073/12/363 1075/12/359 1072/11/363
f 939/13/350 1077/11/350 1076/11/350
f 1077/11/350 939/13/350 1078/13/350
f 1076/11/348 1077/11/348 939/13/348
f 1078/13/348 939/13/348 1077/11/348
f 939/13/353 1080/11/353 1079/13/353
f 1080/11/353 939/13/353 1076/11/353
f 1079/13/354 1080/11/354 939/13/354
f 1076/11/354 939/13/354 1080/11/354
f 1081/13/97 939/13/97 1079/13/97
f 939/13/97 1081/13/97 1078/13/97
f 1078/13/97 1081/13/97 1082/13/97
f 1079/13/98 939/13/98 1081/13/98
f 1078/13/98 1081/13/98 939/13/98
f 1082/13/98 1081/13/98 1078/13/98
f 1077/11/98 1080/11/98 1076/11/98
f 1080/11/98 1077/11/98 1083/11/98
f 1083/11/98 1077/11/98 1084/11/98
f 1076/11/97 1080/11/97 1077/11/97
f 1083/11/97 1077/11/97 1080/11/97
f 1084/11/97 1077/11/97 1083/11/97
f 1077/11/361 1082/13/362 1084/11/362
f 1082/13/362 1077/11/361 1078/13/361
f 1084/11/359 1082/13/359 1077/11/360
f 1078/13/360 1077/11/360 1082/13/359
f 1082/13/362 1083/11/482 1084/11/362
f 1083/11/482 1082/13/362 1081/13/482
f 1084/11/359 1083/11/481 1082/13/359
f 1081/13/481 1082/13/359 1083/11/481
f 1083/11/482 1079/13/366 1080/11/366
f 1079/13/366 1083/11/482 1081/13/482
f 1080/11/365 1079/13/365 1083/11/481
f 1081/13/481 1083/11/481 1079/13/365
f 1087/12/379 1086/11/379 1085/12/379
f 1086/11/379 1087/12/379 1088/11/379
f 1085/12/380 1086/11/380 1087/12/380
f 1088/11/380 1087/12/380 1086/11/380
f 1087/12/381 1089/11/381 1088/11/381
f 1089/11/381 1087/12/381 1090/12/381
f 1088/11/382 1089/11/382 1087/12/382
f 1090/12/382 1087/12/382 1089/11/382
f 1091/11/363 1085/12/365 1086/11/365
f 1085/12/365 1091/11/363 1092/12/363
f 1086/11/366 1085/12/366 1091/11/364
f 1092/12/364 1091/11/364 1085/12/366
f 1089/11/360 1094/12/359 1093/11/359
f 1094/12/359 1089/11/360 1090/12/360
f 1093/11/362 1094/12/362 1089/11/361
f 1090/12/361 1089/11/361 1094/12/362
f 1092/12/97 1087/12/97 1085/12/97
f 1087/12/97 1092/12/97 1090/12/97
f 1090/12/97 1092/12/97 1094/12/97
f 1085/12/98 1087/12/98 1092/12/98
f 1090/12/98 1092/12/98 1087/12/98
f 1094/12/98 1092/12/98 1090/12/98
f 1094/12/359 1091/11/363 1093/11/359
f 1091/11/363 1094/12/359 1092/12/363
f 1093/11/362 1091/11/364 1094/12/362
f 1092/12/364 1094/12/362 1091/11/364
f 800/13/381 1096/11/381 1095/11/381
f 1096/11/381 800/13/381 1097/13/381
f 1095/11/382 1096/11/382 800/13/382
f 1097/13/382 800/13/382 1096/11/382
f 800/13/379 1099/11/379 1098/13/379
f 1099/11/379 800/13/379 1095/11/379
f 1098/13/380 1099/11/380 800/13/380
f 1095/11/380 800/13/380 1099/11/380
f 1100/13/97 800/13/97 1098/13/97
f 800/13/97 1100/13/97 1097/13/97
f 1097/13/97 1100/13/97 1101/13/97
f 1098/13/98 800/13/98 1100/13/98
f 1097/13/98 1100/13/98 800/13/98
f 1101/13/98 1100/13/98 1097/13/98
f 1096/11/98 1099/11/98 1095/11/98
f 1099/11/98 1096/11/98 1102/11/98
f 1102/11/98 1096/11/98 1103/11/98
f 1095/11/97 1099/11/97 1096/11/97
f 1102/11/97 1096/11/97 1099/11/97
f 1103/11/97 1096/11/97 1102/11/97
f 1096/11/360 1101/13/359 1103/11/359
f 1101/13/359 1096/11/360 1097/13/360
f 1103/11/362 1101/13/362 1096/11/361
f 1097/13/361 1096/11/361 1101/13/362
f 1101/13/359 1102/11/481 1103/11/359
f 1102/11/481 1101/13/359 1100/13/481
f 1103/11/362 1102/11/482 1101/13/362
f 1100/13/482 1101/13/362 1102/11/482
f 1102/11/481 1098/13/365 1099/11/365
f 1098/13/365 1102/11/481 1100/13/481
f 1099/11/366 1098/13/366 1102/11/482
f 1100/13/482 1102/11/482 1098/13/366
f 1106/12/367 1105/11/367 1104/12/367
f 1105/11/367 1106/12/367 828/11/367
f 1104/12/368 1105/11/368 1106/12/368
f 828/11/368 1106/12/368 1105/11/368
f 1106/12/369 1107/11/369 828/11/369
f 1107/11/369 1106/12/369 1108/12/369
f 828/11/370 1107/11/370 1106/12/370
f 1108/12/370 1106/12/370 1107/11/370
f 1109/11/375 1104/12/377 1105/11/377
f 1104/12/377 1109/11/375 1110/12/375
f 1105/11/378 1104/12/378 1109/11/376
f 1110/12/376 1109/11/376 1104/12/378
f 1107/11/372 1112/12/371 1111/11/371
f 1112/12/371 1107/11/372 1108/12/372
f 1111/11/374 1112/12/374 1107/11/373
f 1108/12/373 1107/11/373 1112/12/374
f 1110/12/97 1106/12/97 1104/12/97
f 1106/12/97 1110/12/97 1108/12/97
f 1108/12/97 1110/12/97 1112/12/97
f 1104/12/98 1106/12/98 1110/12/98
f 1108/12/98 1110/12/98 1106/12/98
f 1112/12/98 1110/12/98 1108/12/98
f 1112/12/371 1109/11/375 1111/11/371
f 1109/11/375 1112/12/371 1110/12/375
f 1111/11/374 1109/11/376 1112/12/374
f 1110/12/376 1112/12/374 1109/11/376
f 810/13/369 1114/11/369 1113/11/369
f 1114/11/369 810/13/369 1115/13/369
f 1113/11/370 1114/11/370 810/13/370
f 1115/13/370 810/13/370 1114/11/370
f 810/13/367 1117/11/367 1116/13/367
f 1117/11/367 810/13/367 1113/11/367
f 1116/13/368 1117/11/368 810/13/368
f 1113/11/368 810/13/368 1117/11/368
f 1118/13/97 810/13/97 1116/13/97
f 810/13/97 1118/13/97 1115/13/97
f 1115/13/97 1118/13/97 1119/13/97
f 1116/13/98 810/13/98 1118/13/98
f 1115/13/98 1118/13/98 810/13/98
f 1119/13/98 1118/13/98 1115/13/98
f 1114/11/98 1117/11/98 1113/11/98
f 1117/11/98 1114/11/98 1120/11/98
f 1120/11/98 1114/11/98 1121/11/98
f 1113/11/97 1117/11/97 1114/11/97
f 1120/11/97 1114/11/97 1117/11/97
f 1121/11/97 1114/11/97 1120/11/97
f 1114/11/372 1119/13/371 1121/11/371
f 1119/13/371 1114/11/372 1115/13/372
f 1121/11/374 1119/13/374 1114/11/373
f 1115/13/373 1114/11/373 1119/13/374
f 1119/13/371 1120/11/483 1121/11/371
f 1120/11/483 1119/13/371 1118/13/483
f 1121/11/374 1120/11/484 1119/13/374
f 1118/13/484 1119/13/374 1120/11/484
f 1120/11/483 1116/13/377 1117/11/377
f 1116/13/377 1120/11/483 1118/13/483
f 1117/11/378 1116/13/378 1120/11/484
f 1118/13/484 1120/11/484 1116/13/378
f 1124/12/350 1123/11/350 1122/11/350
f 1123/11/350 1124/12/350 1125/12/350
f 1122/11/348 1123/11/348 1124/12/348
f 1125/12/348 1124/12/348 1123/11/348
f 1124/12/353 1127/11/353 1126/12/353
f 1127/11/353 1124/12/353 1122/11/353
f 1126/12/354 1127/11/354 1124/12/354
f 1122/11/354 1124/12/354 1127/11/354
f 1123/11/354 1129/12/354 1128/11/354
f 1129/12/354 1123/11/354 1125/12/354
f 1128/11/353 1129/12/353 1123/11/353
f 1125/12/353 1123/11/353 1129/12/353
f 1126/12/97 1125/12/97 1124/12/97
f 1125/12/97 1126/12/97 1130/12/97
f 1125/12/97 1130/12/97 1129/12/97
f 1124/12/98 1125/12/98 1126/12/98
f 1130/12/98 1126/12/98 1125/12/98
f 1129/12/98 1130/12/98 1125/12/98
f 1129/12/347 1131/11/348 1128/11/347
f 1131/11/348 1129/12/347 1130/12/348
f 1128/11/349 1131/11/350 1129/12/349
f 1130/12/350 1129/12/349 1131/11/350
f 1130/12/348 1127/11/351 1131/11/348
f 1127/11/351 1130/12/348 1126/12/351
f 1131/11/350 1127/11/352 1130/12/350
f 1126/12/352 1130/12/350 1127/11/352
f 1134/13/348 1133/11/449 1132/11/348
f 1133/11/449 1134/13/348 1135/13/449
f 1132/11/350 1133/11/450 1134/13/350
f 1135/13/450 1134/13/350 1133/11/450
f 1138/13/452 1137/11/451 1136/13/451
f 1137/11/451 1138/13/452 1139/11/452
f 1136/13/454 1137/11/454 1138/13/453
f 1139/11/453 1138/13/453 1137/11/454
f 1135/13/449 1137/11/451 1133/11/449
f 1137/11/451 1135/13/449 1136/13/451
f 1133/11/450 1137/11/454 1135/13/450
f 1136/13/454 1135/13/450 1137/11/454
f 1141/13/455 1132/11/348 1140/11/455
f 1132/11/348 1141/13/455 1134/13/348
f 1140/11/456 1132/11/350 1141/13/456
f 1134/13/350 1141/13/456 1132/11/350
f 1136/13/97 1142/13/97 1138/13/97
f 1142/13/97 1136/13/97 1135/13/97
f 1142/13/97 1135/13/97 1134/13/97
f 1142/13/97 1134/13/97 1141/13/97
f 1142/13/97 1141/13/97 1143/13/97
f 1138/13/98 1142/13/98 1136/13/98
f 1135/13/98 1136/13/98 1142/13/98
f 1134/13/98 1135/13/98 1142/13/98
f 1141/13/98 1134/13/98 1142/13/98
f 1143/13/98 1141/13/98 1142/13/98
f 1145/11/458 1143/13/457 1144/11/457
f 1143/13/457 1145/11/458 1142/13/458
f 1144/11/460 1143/13/460 1145/11/459
f 1142/13/459 1145/11/459 1143/13/460
f 1144/11/457 1141/13/455 1140/11/455
f 1141/13/455 1144/11/457 1143/13/457
f 1140/11/456 1141/13/456 1144/11/460
f 1143/13/460 1144/11/460 1141/13/456
f 821/13/353 1147/11/353 1146/13/353
f 1147/11/353 821/13/353 1148/11/353
f 1146/13/354 1147/11/354 821/13/354
f 1148/11/354 821/13/354 1147/11/354
f 1151/13/461 1150/11/348 1149/11/461
f 1150/11/348 1151/13/461 1152/13/348
f 1149/11/462 1150/11/350 1151/13/462
f 1152/13/350 1151/13/462 1150/11/350
f 821/13/350 1153/11/350 1148/11/350
f 1153/11/350 821/13/350 822/13/350
f 1148/11/348 1153/11/348 821/13/348
f 822/13/348 821/13/348 1153/11/348
f 1152/13/348 1147/11/463 1150/11/348
f 1147/11/463 1152/13/348 1146/13/463
f 1150/11/350 1147/11/464 1152/13/350
f 1146/13/464 1152/13/350 1147/11/464
f 1153/11/98 1147/11/98 1148/11/98
f 1147/11/98 1153/11/98 1150/11/98
f 1150/11/98 1153/11/98 1149/11/98
f 1148/11/97 1147/11/97 1153/11/97
f 1150/11/97 1153/11/97 1147/11/97
f 1149/11/97 1153/11/97 1150/11/97
f 1146/13/97 822/13/97 821/13/97
f 822/13/97 1146/13/97 1152/13/97
f 822/13/97 1152/13/97 1151/13/97
f 821/13/98 822/13/98 1146/13/98
f 1152/13/98 1146/13/98 822/13/98
f 1151/13/98 1152/13/98 822/13/98
f 1153/11/354 1151/13/354 1149/11/354
f 1151/13/354 1153/11/354 822/13/354
f 1149/11/353 1151/13/353 1153/11/353
f 822/13/353 1153/11/353 1151/13/353
f 1156/15/466 1155/14/465 1154/14/465
f 1155/14/465 1156/15/466 1157/15/466
f 1154/14/468 1155/14/468 1156/15/467
f 1157/15/467 1156/15/467 1155/14/468
f 1160/16/469 1159/17/470 1158/16/469
f 1159/17/470 1160/16/469 1161/17/470
f 1158/16/471 1159/17/472 1160/16/471
f 1161/17/472 1160/16/471 1159/17/472
f 1163/14/347 1157/15/347 1162/15/347
f 1157/15/347 1163/14/347 1155/14/347
f 1155/14/347 1163/14/347 1164/16/347
f 1155/14/347 1164/16/347 1160/16/347
f 1160/16/347 1164/16/347 1165/17/347
f 1160/16/347 1165/17/347 1161/17/347
f 1162/15/349 1157/15/349 1163/14/349
f 1155/14/349 1163/14/349 1157/15/349
f 1164/16/349 1163/14/349 1155/14/349
f 1160/16/349 1164/16/349 1155/14/349
f 1165/17/349 1164/16/349 1160/16/349
f 1161/17/349 1165/17/349 1160/16/349
f 1161/17/470 1166/17/467 1159/17/470
f 1166/17/467 1161/17/470 1165/17/467
f 1159/17/472 1166/17/466 1161/17/472
f 1165/17/466 1161/17/472 1166/17/466
f 1168/14/471 1162/15/472 1167/15/472
f 1162/15/472 1168/14/471 1163/14/471
f 1167/15/470 1162/15/470 1168/14/469
f 1163/14/469 1168/14/469 1162/15/470
f 1154/14/349 1167/15/349 1156/15/349
f 1167/15/349 1154/14/349 1168/14/349
f 1168/14/349 1154/14/349 1158/16/349
f 1168/14/349 1158/16/349 1169/16/349
f 1169/16/349 1158/16/349 1159/17/349
f 1169/16/349 1159/17/349 1166/17/349
f 1156/15/347 1167/15/347 1154/14/347
f 1168/14/347 1154/14/347 1167/15/347
f 1158/16/347 1154/14/347 1168/14/347
f 1169/16/347 1158/16/347 1168/14/347
f 1159/17/347 1158/16/347 1169/16/347
f 1166/17/347 1159/17/347 1169/16/347
f 1165/17/467 1169/16/468 1166/17/467
f 1169/16/468 1165/17/467 1164/16/468
f 1166/17/466 1169/16/465 1165/17/466
f 1164/16/465 1165/17/466 1169/16/465
f 1167/15/472 1157/15/466 1156/15/466
f 1157/15/466 1167/15/472 1162/15/472
f 1156/15/467 1157/15/467 1167/15/470
f 1162/15/470 1167/15/470 1157/15/467
f 1158/16/469 1155/14/465 1160/16/469
f 1155/14/465 1158/16/469 1154/14/465
f 1160/16/471 1155/14/468 1158/16/471
f 1154/14/468 1158/16/471 1155/14/468
f 1168/14/471 1164/16/468 1163/14/471
f 1164/16/468 1168/14/471 1169/16/468
f 1163/14/469 1164/16/465 1168/14/469
f 1169/16/465 1168/14/469 1164/16/465
f 1172/19/471 1171/18/472 1170/18/472
f 1171/18/472 1172/19/471 1173/19/471
f 1170/18/470 1171/18/470 1172/19/469
f 1173/19/469 1172/19/469 1171/18/470
f 1175/19/349 1170/18/349 1174/18/349
f 1170/18/349 1175/19/349 1172/19/349
f 1172/19/349 1175/19/349 1176/20/349
f 1172/19/349 1176/20/349 1177/20/349
f 1177/20/349 1176/20/349 1178/21/349
f 1177/20/349 1178/21/349 1179/21/349
f 1174/18/347 1170/18/347 1175/19/347
f 1172/19/347 1175/19/347 1170/18/347
f 1176/20/347 1175/19/347 1172/19/347
f 1177/20/347 1176/20/347 1172/19/347
f 1178/21/347 1176/20/347 1177/20/347
f 1179/21/347 1178/21/347 1177/20/347
f 1170/18/472 1180/18/466 1174/18/466
f 1180/18/466 1170/18/472 1171/18/472
f 1174/18/467 1180/18/467 1170/18/470
f 1171/18/470 1170/18/470 1180/18/467
f 1174/18/466 1181/19/465 1175/19/465
f 1181/19/465 1174/18/466 1180/18/466
f 1175/19/468 1181/19/468 1174/18/467
f 1180/18/467 1174/18/467 1181/19/468
f 1182/21/470 1179/21/467 1178/21/470
f 1179/21/467 1182/21/470 1183/21/467
f 1178/21/472 1179/21/466 1182/21/472
f 1183/21/466 1182/21/472 1179/21/466
f 1176/20/469 1181/19/465 1184/20/469
f 1181/19/465 1176/20/469 1175/19/465
f 1184/20/471 1181/19/468 1176/20/471
f 1175/19/468 1176/20/471 1181/19/468
f 1183/21/467 1177/20/468 1179/21/467
f 1177/20/468 1183/21/467 1185/20/468
f 1179/21/466 1177/20/465 1183/21/466
f 1185/20/465 1183/21/466 1177/20/465
f 1172/19/471 1185/20/468 1173/19/471
f 1185/20/468 1172/19/471 1177/20/468
f 1173/19/469 1185/20/465 1172/19/469
f 1177/20/465 1172/19/469 1185/20/465
f 1184/20/469 1178/21/470 1176/20/469
f 1178/21/470 1184/20/469 1182/21/470
f 1176/20/471 1178/21/472 1184/20/471
f 1182/21/472 1184/20/471 1178/21/472
f 1173/19/347 1180/18/347 1171/18/347
f 1180/18/347 1173/19/347 1181/19/347
f 1181/19/347 1173/19/347 1185/20/347
f 1181/19/347 1185/20/347 1184/20/347
f 1184/20/347 1185/20/347 1183/21/347
f 1184/20/347 1183/21/347 1182/21/347
f 1171/18/349 1180/18/349 1173/19/349
f 1181/19/349 1173/19/349 1180/18/349
f 1185/20/349 1173/19/349 1181/19/349
f 1184/20/349 1185/20/349 1181/19/349
f 1183/21/349 1185/20/349 1184/20/349
f 1182/21/349 1183/21/349 1184/20/349
f 1188/22/473 1187/23/474 1186/22/473
f 1187/23/474 1188/22/473 1189/23/474
f 1186/22/475 1187/23/476 1188/22/475
f 1189/23/476 1188/22/475 1187/23/476
f 1192/22/477 1191/24/475 1190/22/477
f 1191/24/475 1192/22/477 1193/24/475
f 1190/22/478 1191/24/473 1192/22/478
f 1193/24/473 1192/22/478 1191/24/473
f 1191/24/475 1195/25/476 1194/25/476
f 1195/25/476 1191/24/475 1193/24/475
f 1194/25/474 1195/25/474 1191/24/473
f 1193/24/473 1191/24/473 1195/25/474
f 1190/22/351 1187/23/351 1196/23/351
f 1187/23/351 1190/22/351 1186/22/351
f 1186/22/351 1190/22/351 1191/24/351
f 1186/22/351 1191/24/351 1197/24/351
f 1197/24/351 1191/24/351 1194/25/351
f 1197/24/351 1194/25/351 1198/25/351
f 1196/23/352 1187/23/352 1190/22/352
f 1186/22/352 1190/22/352 1187/23/352
f 1191/24/352 1190/22/352 1186/22/352
f 1197/24/352 1191/24/352 1186/22/352
f 1194/25/352 1191/24/352 1197/24/352
f 1198/25/352 1194/25/352 1197/24/352
f 1189/23/474 1196/23/479 1187/23/474
f 1196/23/479 1189/23/474 1199/23/479
f 1187/23/476 1196/23/480 1189/23/476
f 1199/23/480 1189/23/476 1196/23/480
f 1188/22/352 1199/23/352 1189/23/352
f 1199/23/352 1188/22/352 1192/22/352
f 1192/22/352 1188/22/352 1200/24/352
f 1192/22/352 1200/24/352 1193/24/352
f 1193/24/352 1200/24/352 1201/25/352
f 1193/24/352 1201/25/352 1195/25/352
f 1189/23/351 1199/23/351 1188/22/351
f 1192/22/351 1188/22/351 1199/23/351
f 1200/24/351 1188/22/351 1192/22/351
f 1193/24/351 1200/24/351 1192/22/351
f 1201/25/351 1200/24/351 1193/24/351
f 1195/25/351 1201/25/351 1193/24/351
f 1194/25/476 1201/25/480 1198/25/480
f 1201/25/480 1194/25/476 1195/25/476
f 1198/25/479 1201/25/479 1194/25/474
f 1195/25/474 1194/25/474 1201/25/479
f 1199/23/479 1190/22/477 1196/23/479
f 1190/22/477 1199/23/479 1192/22/477
f 1196/23/480 1190/22/478 1199/23/480
f 1192/22/478 1199/23/480 1190/22/478
f 1198/25/480 1200/24/478 1197/24/478
f 1200/24/478 1198/25/480 1201/25/480
f 1197/24/477 1200/24/477 1198/25/479
f 1201/25/479 1198/25/479 1200/24/477
f 1200/24/478 1186/22/473 1197/24/478
f 1186/22/473 1200/24/478 1188/22/473
f 1197/24/477 1186/22/475 1200/24/477
f 1188/22/475 1200/24/477 1186/22/475
f 1204/12/384 1203/11/384 1202/11/384
f 1203/11/384 1204/12/384 1205/12/384
f 1202/11/383 1203/11/383 1204/12/383
f 1205/12/383 1204/12/383 1203/11/383
f 1204/12/385 1207/11/385 1206/12/385
f 1207/11/385 1204/12/385 1202/11/385
f 1206/12/386 1207/11/386 1204/12/386
f 1202/11/386 1204/12/386 1207/11/386
f 1203/11/386 1209/12/386 1208/11/386
f 1209/12/386 1203/11/386 1205/12/386
f 1208/11/385 1209/12/385 1203/11/385
f 1205/12/385 1203/11/385 1209/12/385
f 1206/12/97 1205/12/97 1204/12/97
f 1205/12/97 1206/12/97 1210/12/97
f 1205/12/97 1210/12/97 1209/12/97
f 1204/12/98 1205/12/98 1206/12/98
f 1210/12/98 1206/12/98 1205/12/98
f 1209/12/98 1210/12/98 1205/12/98
f 1209/12/349 1211/11/383 1208/11/349
f 1211/11/383 1209/12/349 1210/12/383
f 1208/11/347 1211/11/384 1209/12/347
f 1210/12/384 1209/12/347 1211/11/384
f 1210/12/383 1207/11/352 1211/11/383
f 1207/11/352 1210/12/383 1206/12/352
f 1211/11/384 1207/11/351 1210/12/384
f 1206/12/351 1210/12/384 1207/11/351
f 1214/13/383 1213/11/450 1212/11/383
f 1213/11/450 1214/13/383 1215/13/450
f 1212/11/384 1213/11/449 1214/13/384
f 1215/13/449 1214/13/384 1213/11/449
f 1218/13/453 1217/11/454 1216/13/454
f 1217/11/454 1218/13/453 1219/11/453
f 1216/13/451 1217/11/451 1218/13/452
f 1219/11/452 1218/13/452 1217/11/451
f 1215/13/450 1217/11/454 1213/11/450
f 1217/11/454 1215/13/450 1216/13/454
f 1213/11/449 1217/11/451 1215/13/449
f 1216/13/451 1215/13/449 1217/11/451
f 1221/13/456 1212/11/383 1220/11/456
f 1212/11/383 1221/13/456 1214/13/383
f 1220/11/455 1212/11/384 1221/13/455
f 1214/13/384 1221/13/455 1212/11/384
f 1216/13/97 1222/13/97 1218/13/97
f 1222/13/97 1216/13/97 1215/13/97
f 1222/13/97 1215/13/97 1214/13/97
f 1222/13/97 1214/13/97 1221/13/97
f 1222/13/97 1221/13/97 1223/13/97
f 1218/13/98 1222/13/98 1216/13/98
f 1215/13/98 1216/13/98 1222/13/98
f 1214/13/98 1215/13/98 1222/13/98
f 1221/13/98 1214/13/98 1222/13/98
f 1223/13/98 1221/13/98 1222/13/98
f 1225/11/459 1223/13/460 1224/11/460
f 1223/13/460 1225/11/459 1222/13/459
f 1224/11/457 1223/13/457 1225/11/458
f 1222/13/458 1225/11/458 1223/13/457
f 1224/11/460 1221/13/456 1220/11/456
f 1221/13/456 1224/11/460 1223/13/460
f 1220/11/455 1221/13/455 1224/11/457
f 1223/13/457 1224/11/457 1221/13/455
f 830/13/385 1227/11/385 1226/13/385
f 1227/11/385 830/13/385 1228/11/385
f 1226/13/386 1227/11/386 830/13/386
f 1228/11/386 830/13/386 1227/11/386
f 1231/13/462 1230/11/383 1229/11/462
f 1230/11/383 1231/13/462 1232/13/383
f 1229/11/461 1230/11/384 1231/13/461
f 1232/13/384 1231/13/461 1230/11/384
f 830/13/384 1233/11/384 1228/11/384
f 1233/11/384 830/13/384 831/13/384
f 1228/11/383 1233/11/383 830/13/383
f 831/13/383 830/13/383 1233/11/383
f 1232/13/383 1227/11/464 1230/11/383
f 1227/11/464 1232/13/383 1226/13/464
f 1230/11/384 1227/11/463 1232/13/384
f 1226/13/463 1232/13/384 1227/11/463
f 1233/11/98 1227/11/98 1228/11/98
f 1227/11/98 1233/11/98 1230/11/98
f 1230/11/98 1233/11/98 1229/11/98
f 1228/11/97 1227/11/97 1233/11/97
f 1230/11/97 1233/11/97 1227/11/97
f 1229/11/97 1233/11/97 1230/11/97
f 1226/13/97 831/13/97 830/13/97
f 831/13/97 1226/13/97 1232/13/97
f 831/13/97 1232/13/97 1231/13/97
f 830/13/98 831/13/98 1226/13/98
f 1232/13/98 1226/13/98 831/13/98
f 1231/13/98 1232/13/98 831/13/98
f 1233/11/386 1231/13/386 1229/11/386
f 1231/13/386 1233/11/386 831/13/386
f 1229/11/385 1231/13/385 1233/11/385
f 831/13/385 1233/11/385 1231/13/385
f 1236/15/472 1235/14/471 1234/14/471
f 1235/14/471 1236/15/472 1237/15/472
f 1234/14/469 1235/14/469 1236/15/470
f 1237/15/470 1236/15/470 1235/14/469
f 1240/16/468 1239/17/467 1238/16/468
f 1239/17/467 1240/16/468 1241/17/467
f 1238/16/465 1239/17/466 1240/16/465
f 1241/17/466 1240/16/465 1239/17/466
f 1243/14/349 1237/15/349 1242/15/349
f 1237/15/349 1243/14/349 1235/14/349
f 1235/14/349 1243/14/349 1244/16/349
f 1235/14/349 1244/16/349 1240/16/349
f 1240/16/349 1244/16/349 1245/17/349
f 1240/16/349 1245/17/349 1241/17/349
f 1242/15/347 1237/15/347 1243/14/347
f 1235/14/347 1243/14/347 1237/15/347
f 1244/16/347 1243/14/347 1235/14/347
f 1240/16/347 1244/16/347 1235/14/347
f 1245/17/347 1244/16/347 1240/16/347
f 1241/17/347 1245/17/347 1240/16/347
f 1241/17/467 1246/17/470 1239/17/467
f 1246/17/470 1241/17/467 1245/17/470
f 1239/17/466 1246/17/472 1241/17/466
f 1245/17/472 1241/17/466 1246/17/472
f 1248/14/465 1242/15/466 1247/15/466
f 1242/15/466 1248/14/465 1243/14/465
f 1247/15/467 1242/15/467 1248/14/468
f 1243/14/468 1248/14/468 1242/15/467
f 1234/14/347 1247/15/347 1236/15/347
f 1247/15/347 1234/14/347 1248/14/347
f 1248/14/347 1234/14/347 1238/16/347
f 1248/14/347 1238/16/347 1249/16/347
f 1249/16/347 1238/16/347 1239/17/347
f 1249/16/347 1239/17/347 1246/17/347
f 1236/15/349 1247/15/349 1234/14/349
f 1248/14/349 1234/14/349 1247/15/349
f 1238/16/349 1234/14/349 1248/14/349
f 1249/16/349 1238/16/349 1248/14/349
f 1239/17/349 1238/16/349 1249/16/349
f 1246/17/349 1239/17/349 1249/16/349
f 1245/17/470 1249/16/469 1246/17/470
f 1249/16/469 1245/17/470 1244/16/469
f 1246/17/472 1249/16/471 1245/17/472
f 1244/16/471 1245/17/472 1249/16/471
f 1247/15/466 1237/15/472 1236/15/472
f 1237/15/472 1247/15/466 1242/15/466
f 1236/15/470 1237/15/470 1247/15/467
f 1242/15/467 1247/15/467 1237/15/470
f 1238/16/468 1235/14/471 1240/16/468
f 1235/14/471 1238/16/468 1234/14/471
f 1240/16/465 1235/14/469 1238/16/465
f 1234/14/469 1238/16/465 1235/14/469
f 1248/14/465 1244/16/469 1243/14/465
f 1244/16/469 1248/14/465 1249/16/469
f 1243/14/468 1244/16/471 1248/14/468
f 1249/16/471 1248/14/468 1244/16/471
f 1252/19/465 1251/18/466 1250/18/466
f 1251/18/466 1252/19/465 1253/19/465
f 1250/18/467 1251/18/467 1252/19/468
f 1253/19/468 1252/19/468 1251/18/467
f 1255/19/347 1250/18/347 1254/18/347
f 1250/18/347 1255/19/347 1252/19/347
f 1252/19/347 1255/19/347 1256/20/347
f 1252/19/347 1256/20/347 1257/20/347
f 1257/20/347 1256/20/347 1258/21/347
f 1257/20/347 1258/21/347 1259/21/347
f 1254/18/349 1250/18/349 1255/19/349
f 1252/19/349 1255/19/349 1250/18/349
f 1256/20/349 1255/19/349 1252/19/349
f 1257/20/349 1256/20/349 1252/19/349
f 1258/21/349 1256/20/349 1257/20/349
f 1259/21/349 1258/21/349 1257/20/349
f 1250/18/466 1260/18/472 1254/18/472
f 1260/18/472 1250/18/466 1251/18/466
f 1254/18/470 1260/18/470 1250/18/467
f 1251/18/467 1250/18/467 1260/18/470
f 1254/18/472 1261/19/471 1255/19/471
f 1261/19/471 1254/18/472 1260/18/472
f 1255/19/469 1261/19/469 1254/18/470
f 1260/18/470 1254/18/470 1261/19/469
f 1262/21/467 1259/21/470 1258/21/467
f 1259/21/470 1262/21/467 1263/21/470
f 1258/21/466 1259/21/472 1262/21/466
f 1263/21/472 1262/21/466 1259/21/472
f 1256/20/468 1261/19/471 1264/20/468
f 1261/19/471 1256/20/468 1255/19/471
f 1264/20/465 1261/19/469 1256/20/465
f 1255/19/469 1256/20/465 1261/19/469
f 1263/21/470 1257/20/469 1259/21/470
f 1257/20/469 1263/21/470 1265/20/469
f 1259/21/472 1257/20/471 1263/21/472
f 1265/20/471 1263/21/472 1257/20/471
f 1252/19/465 1265/20/469 1253/19/465
f 1265/20/469 1252/19/465 1257/20/469
f 1253/19/468 1265/20/471 1252/19/468
f 1257/20/471 1252/19/468 1265/20/471
f 1264/20/468 1258/21/467 1256/20/468
f 1258/21/467 1264/20/468 1262/21/467
f 1256/20/465 1258/21/466 1264/20/465
f 1262/21/466 1264/20/465 1258/21/466
f 1253/19/349 1260/18/349 1251/18/349
f 1260/18/349 1253/19/349 1261/19/349
f 1261/19/349 1253/19/349 1265/20/349
f 1261/19/349 1265/20/349 1264/20/349
f 1264/20/349 1265/20/349 1263/21/349
f 1264/20/349 1263/21/349 1262/21/349
f 1251/18/347 1260/18/347 1253/19/347
f 1261/19/347 1253/19/347 1260/18/347
f 1265/20/347 1253/19/347 1261/19/347
f 1264/20/347 1265/20/347 1261/19/347
f 1263/21/347 1265/20/347 1264/20/347
f 1262/21/347 1263/21/347 1264/20/347
f 1268/22/477 1267/23/479 1266/22/477
f 1267/23/479 1268/22/477 1269/23/479
f 1266/22/478 1267/23/480 1268/22/478
f 1269/23/480 1268/22/478 1267/23/480
f 1272/22/473 1271/24/478 1270/22/473
f 1271/24/478 1272/22/473 1273/24/478
f 1270/22/475 1271/24/477 1272/22/475
f 1273/24/477 1272/22/475 1271/24/477
f 1271/24/478 1275/25/480 1274/25/480
f 1275/25/480 1271/24/478 1273/24/478
f 1274/25/479 1275/25/479 1271/24/477
f 1273/24/477 1271/24/477 1275/25/479
f 1270/22/352 1267/23/352 1276/23/352
f 1267/23/352 1270/22/352 1266/22/352
f 1266/22/352 1270/22/352 1271/24/352
f 1266/22/352 1271/24/352 1277/24/352
f 1277/24/352 1271/24/352 1274/25/352
f 1277/24/352 1274/25/352 1278/25/352
f 1276/23/351 1267/23/351 1270/22/351
f 1266/22/351 1270/22/351 1267/23/351
f 1271/24/351 1270/22/351 1266/22/351
f 1277/24/351 1271/24/351 1266/22/351
f 1274/25/351 1271/24/351 1277/24/351
f 1278/25/351 1274/25/351 1277/24/351
f 1269/23/479 1276/23/474 1267/23/479
f 1276/23/474 1269/23/479 1279/23/474
f 1267/23/480 1276/23/476 1269/23/480
f 1279/23/476 1269/23/480 1276/23/476
f 1268/22/351 1279/23/351 1269/23/351
f 1279/23/351 1268/22/351 1272/22/351
f 1272/22/351 1268/22/351 1280/24/351
f 1272/22/351 1280/24/351 1273/24/351
f 1273/24/351 1280/24/351 1281/25/351
f 1273/24/351 1281/25/351 1275/25/351
f 1269/23/352 1279/23/352 1268/22/352
f 1272/22/352 1268/22/352 1279/23/352
f 1280/24/352 1268/22/352 1272/22/352
f 1273/24/352 1280/24/352 1272/22/352
f 1281/25/352 1280/24/352 1273/24/352
f 1275/25/352 1281/25/352 1273/24/352
f 1274/25/480 1281/25/476 1278/25/476
f 1281/25/476 1274/25/480 1275/25/480
f 1278/25/474 1281/25/474 1274/25/479
f 1275/25/479 1274/25/479 1281/25/474
f 1279/23/474 1270/22/473 1276/23/474
f 1270/22/473 1279/23/474 1272/22/473
f 1276/23/476 1270/22/475 1279/23/476
f 1272/22/475 1279/23/476 1270/22/475
f 1278/25/476 1280/24/475 1277/24/475
f 1280/24/475 1278/25/476 1281/25/476
f 1277/24/473 1280/24/473 1278/25/474
f 1281/25/474 1278/25/474 1280/24/473
f 1280/24/475 1266/22/477 1277/24/475
f 1266/22/477 1280/24/475 1268/22/477
f 1277/24/473 1266/22/478 1280/24/473
f 1268/22/478 1280/24/473 1266/22/478
f 1284/12/384 1283/11/384 1282/11/384
f 1283/11/384 1284/12/384 1285/12/384
f 1282/11/383 1283/11/383 1284/12/383
f 1285/12/383 1284/12/383 1283/11/383
f 1284/12/385 1287/11/385 1286/12/385
f 1287/11/385 1284/12/385 1282/11/385
f 1286/12/386 1287/11/386 1284/12/386
f 1282/11/386 1284/12/386 1287/11/386
f 1283/11/386 1289/12/386 1288/11/386
f 1289/12/386 1283/11/386 1285/12/386
f 1288/11/385 1289/12/385 1283/11/385
f 1285/12/385 1283/11/385 1289/12/385
f 1286/12/97 1285/12/97 1284/12/97
f 1285/12/97 1286/12/97 1290/12/97
f 1285/12/97 1290/12/97 1289/12/97
f 1284/12/98 1285/12/98 1286/12/98
f 1290/12/98 1286/12/98 1285/12/98
f 1289/12/98 1290/12/98 1285/12/98
f 1289/12/349 1291/11/383 1288/11/349
f 1291/11/383 1289/12/349 1290/12/383
f 1288/11/347 1291/11/384 1289/12/347
f 1290/12/384 1289/12/347 1291/11/384
f 1290/12/383 1287/11/352 1291/11/383
f 1287/11/352 1290/12/383 1286/12/352
f 1291/11/384 1287/11/351 1290/12/384
f 1286/12/351 1290/12/384 1287/11/351
f 1294/13/383 1293/11/450 1292/11/383
f 1293/11/450 1294/13/383 1295/13/450
f 1292/11/384 1293/11/449 1294/13/384
f 1295/13/449 1294/13/384 1293/11/449
f 1298/13/453 1297/11/454 1296/13/454
f 1297/11/454 1298/13/453 1299/11/453
f 1296/13/451 1297/11/451 1298/13/452
f 1299/11/452 1298/13/452 1297/11/451
f 1295/13/450 1297/11/454 1293/11/450
f 1297/11/454 1295/13/450 1296/13/454
f 1293/11/449 1297/11/451 1295/13/449
f 1296/13/451 1295/13/449 1297/11/451
f 1301/13/456 1292/11/383 1300/11/456
f 1292/11/383 1301/13/456 1294/13/383
f 1300/11/455 1292/11/384 1301/13/455
f 1294/13/384 1301/13/455 1292/11/384
f 1296/13/97 1302/13/97 1298/13/97
f 1302/13/97 1296/13/97 1295/13/97
f 1302/13/97 1295/13/97 1294/13/97
f 1302/13/97 1294/13/97 1301/13/97
f 1302/13/97 1301/13/97 1303/13/97
f 1298/13/98 1302/13/98 1296/13/98
f 1295/13/98 1296/13/98 1302/13/98
f 1294/13/98 1295/13/98 1302/13/98
f 1301/13/98 1294/13/98 1302/13/98
f 1303/13/98 1301/13/98 1302/13/98
f 1305/11/459 1303/13/460 1304/11/460
f 1303/13/460 1305/11/459 1302/13/459
f 1304/11/457 1303/13/457 1305/11/458
f 1302/13/458 1305/11/458 1303/13/457
f 1304/11/460 1301/13/456 1300/11/456
f 1301/13/456 1304/11/460 1303/13/460
f 1300/11/455 1301/13/455 1304/11/457
f 1303/13/457 1304/11/457 1301/13/455
f 837/13/385 1307/11/385 1306/13/385
f 1307/11/385 837/13/385 1308/11/385
f 1306/13/386 1307/11/386 837/13/386
f 1308/11/386 837/13/386 1307/11/386
f 1311/13/462 1310/11/383 1309/11/462
f 1310/11/383 1311/13/462 1312/13/383
f 1309/11/461 1310/11/384 1311/13/461
f 1312/13/384 1311/13/461 1310/11/384
f 837/13/384 1313/11/384 1308/11/384
f 1313/11/384 837/13/384 838/13/384
f 1308/11/383 1313/11/383 837/13/383
f 838/13/383 837/13/383 1313/11/383
f 1312/13/383 1307/11/464 1310/11/383
f 1307/11/464 1312/13/383 1306/13/464
f 1310/11/384 1307/11/463 1312/13/384
f 1306/13/463 1312/13/384 1307/11/463
f 1313/11/98 1307/11/98 1308/11/98
f 1307/11/98 1313/11/98 1310/11/98
f 1310/11/98 1313/11/98 1309/11/98
f 1308/11/97 1307/11/97 1313/11/97
f 1310/11/97 1313/11/97 1307/11/97
f 1309/11/97 1313/11/97 1310/11/97
f 1306/13/97 838/13/97 837/13/97
f 838/13/97 1306/13/97 1312/13/97
f 838/13/97 1312/13/97 1311/13/97
f 837/13/98 838/13/98 1306/13/98
f 1312/13/98 1306/13/98 838/13/98
f 1311/13/98 1312/13/98 838/13/98
f 1313/11/386 1311/13/386 1309/11/386
f 1311/13/386 1313/11/386 838/13/386
f 1309/11/385 1311/13/385 1313/11/385
f 838/13/385 1313/11/385 1311/13/385
f 1316/15/472 1315/14/471 1314/14/471
f 1315/14/471 1316/15/472 1317/15/472
f 1314/14/469 1315/14/469 1316/15/470
f 1317/15/470 1316/15/470 1315/14/469
f 1320/16/468 1319/17/467 1318/16/468
f 1319/17/467 1320/16/468 1321/17/467
f 1318/16/465 1319/17/466 1320/16/465
f 1321/17/466 1320/16/465 1319/17/466
f 1323/14/349 1317/15/349 1322/15/349
f 1317/15/349 1323/14/349 1315/14/349
f 1315/14/349 1323/14/349 1324/16/349
f 1315/14/349 1324/16/349 1320/16/349
f 1320/16/349 1324/16/349 1325/17/349
f 1320/16/349 1325/17/349 1321/17/349
f 1322/15/347 1317/15/347 1323/14/347
f 1315/14/347 1323/14/347 1317/15/347
f 1324/16/347 1323/14/347 1315/14/347
f 1320/16/347 1324/16/347 1315/14/347
f 1325/17/347 1324/16/347 1320/16/347
f 1321/17/347 1325/17/347 1320/16/347
f 1321/17/467 1326/17/470 1319/17/467
f 1326/17/470 1321/17/467 1325/17/470
f 1319/17/466 1326/17/472 1321/17/466
f 1325/17/472 1321/17/466 1326/17/472
f 1328/14/465 1322/15/466 1327/15/466
f 1322/15/466 1328/14/465 1323/14/465
f 1327/15/467 1322/15/467 1328/14/468
f 1323/14/468 1328/14/468 1322/15/467
f 1314/14/347 1327/15/347 1316/15/347
f 1327/15/347 1314/14/347 1328/14/347
f 1328/14/347 1314/14/347 1318/16/347
f 1328/14/347 1318/16/347 1329/16/347
f 1329/16/347 1318/16/347 1319/17/347
f 1329/16/347 1319/17/347 1326/17/347
f 1316/15/349 1327/15/349 1314/14/349
f 1328/14/349 1314/14/349 1327/15/349
f 1318/16/349 1314/14/349 1328/14/349
f 1329/16/349 1318/16/349 1328/14/349
f 1319/17/349 1318/16/349 1329/16/349
f 1326/17/349 1319/17/349 1329/16/349
f 1325/17/470 1329/16/469 1326/17/470
f 1329/16/469 1325/17/470 1324/16/469
f 1326/17/472 1329/16/471 1325/17/472
f 1324/16/471 1325/17/472 1329/16/471
f 1327/15/466 1317/15/472 1316/15/472
f 1317/15/472 1327/15/466 1322/15/466
f 1316/15/470 1317/15/470 1327/15/467
f 1322/15/467 1327/15/467 1317/15/470
f 1318/16/468 1315/14/471 1320/16/468
f 1315/14/471 1318/16/468 1314/14/471
f 1320/16/465 1315/14/469 1318/16/465
f 1314/14/469 1318/16/465 1315/14/469
f 1328/14/465 1324/16/469 1323/14/465
f 1324/16/469 1328/14/465 1329/16/469
f 1323/14/468 1324/16/471 1328/14/468
f 1329/16/471 1328/14/468 1324/16/471
f 1332/19/465 1331/18/466 1330/18/466
f 1331/18/466 1332/19/465 1333/19/465
f 1330/18/467 1331/18/467 1332/19/468
f 1333/19/468 1332/19/468 1331/18/467
f 1335/19/347 1330/18/347 1334/18/347
f 1330/18/347 1335/19/347 1332/19/347
f 1332/19/347 1335/19/347 1336/20/347
f 1332/19/347 1336/20/347 1337/20/347
f 1337/20/347 1336/20/347 1338/21/347
f 1337/20/347 1338/21/347 1339/21/347
f 1334/18/349 1330/18/349 1335/19/349
f 1332/19/349 1335/19/349 1330/18/349
f 1336/20/349 1335/19/349 1332/19/349
f 1337/20/349 1336/20/349 1332/19/349
f 1338/21/349 1336/20/349 1337/20/349
f 1339/21/349 1338/21/349 1337/20/349
f 1330/18/466 1340/18/472 1334/18/472
f 1340/18/472 1330/18/466 1331/18/466
f 1334/18/470 1340/18/470 1330/18/467
f 1331/18/467 1330/18/467 1340/18/470
f 1334/18/472 1341/19/471 1335/19/471
f 1341/19/471 1334/18/472 1340/18/472
f 1335/19/469 1341/19/469 1334/18/470
f 1340/18/470 1334/18/470 1341/19/469
f 1342/21/467 1339/21/470 1338/21/467
f 1339/21/470 1342/21/467 1343/21/470
f 1338/21/466 1339/21/472 1342/21/466
f 1343/21/472 1342/21/466 1339/21/472
f 1336/20/468 1341/19/471 1344/20/468
f 1341/19/471 1336/20/468 1335/19/471
f 1344/20/465 1341/19/469 1336/20/465
f 1335/19/469 1336/20/465 1341/19/469
f 1343/21/470 1337/20/469 1339/21/470
f 1337/20/469 1343/21/470 1345/20/469
f 1339/21/472 1337/20/471 1343/21/472
f 1345/20/471 1343/21/472 1337/20/471
f 1332/19/465 1345/20/469 1333/19/465
f 1345/20/469 1332/19/465 1337/20/469
f 1333/19/468 1345/20/471 1332/19/468
f 1337/20/471 1332/19/468 1345/20/471
f 1344/20/468 1338/21/467 1336/20/468
f 1338/21/467 1344/20/468 1342/21/467
f 1336/20/465 1338/21/466 1344/20/465
f 1342/21/466 1344/20/465 1338/21/466
f 1333/19/349 1340/18/349 1331/18/349
f 1340/18/349 1333/19/349 1341/19/349
f 1341/19/349 1333/19/349 1345/20/349
f 1341/19/349 1345/20/349 1344/20/349
f 1344/20/349 1345/20/349 1343/21/349
f 1344/20/349 1343/21/349 1342/21/349
f 1331/18/347 1340/18/347 1333/19/347
f 1341/19/347 1333/19/347 1340/18/347
f 1345/20/347 1333/19/347 1341/19/347
f 1344/20/347 1345/20/347 1341/19/347
f 1343/21/347 1345/20/347 1344/20/347
f 1342/21/347 1343/21/347 1344/20/347
f 1348/22/477 1347/23/479 1346/22/477
f 1347/23/479 1348/22/477 1349/23/479
f 1346/22/478 1347/23/480 1348/22/478
f 1349/23/480 1348/22/478 1347/23/480
f 1352/22/473 1351/24/478 1350/22/473
f 1351/24/478 1352/22/473 1353/24/478
f 1350/22/475 1351/24/477 1352/22/475
f 1353/24/477 1352/22/475 1351/24/477
f 1351/24/478 1355/25/480 1354/25/480
f 1355/25/480 1351/24/478 1353/24/478
f 1354/25/479 1355/25/479 1351/24/477
f 1353/24/477 1351/24/477 1355/25/479
f 1350/22/352 1347/23/352 1356/23/352
f 1347/23/352 1350/22/352 1346/22/352
f 1346/22/352 1350/22/352 1351/24/352
f 1346/22/352 1351/24/352 1357/24/352
f 1357/24/352 1351/24/352 1354/25/352
f 1357/24/352 1354/25/352 1358/25/352
f 1356/23/351 1347/23/351 1350/22/351
f 1346/22/351 1350/22/351 1347/23/351
f 1351/24/351 1350/22/351 1346/22/351
f 1357/24/351 1351/24/351 1346/22/351
f 1354/25/351 1351/24/351 1357/24/351
f 1358/25/351 1354/25/351 1357/24/351
f 1349/23/479 1356/23/474 1347/23/479
f 1356/23/474 1349/23/479 1359/23/474
f 1347/23/480 1356/23/476 1349/23/480
f 1359/23/476 1349/23/480 1356/23/476
f 1348/22/351 1359/23/351 1349/23/351
f 1359/23/351 1348/22/351 1352/22/351
f 1352/22/351 1348/22/351 1360/24/351
f 1352/22/351 1360/24/351 1353/24/351
f 1353/24/351 1360/24/351 1361/25/351
f 1353/24/351 1361/25/351 1355/25/351
f 1349/23/352 1359/23/352 1348/22/352
f 1352/22/352 1348/22/352 1359/23/352
f 1360/24/352 1348/22/352 1352/22/352
f 1353/24/352 1360/24/352 1352/22/352
f 1361/25/352 1360/24/352 1353/24/352
f 1355/25/352 1361/25/352 1353/24/352
f 1354/25/480 1361/25/476 1358/25/476
f 1361/25/476 1354/25/480 1355/25/480
f 1358/25/474 1361/25/474 1354/25/479
f 1355/25/479 1354/25/479 1361/25/474
f 1359/23/474 1350/22/473 1356/23/474
f 1350/22/473 1359/23/474 1352/22/473
f 1356/23/476 1350/22/475 1359/23/476
f 1352/22/475 1359/23/476 1350/22/475
f 1358/25/476 1360/24/475 1357/24/475
f 1360/24/475 1358/25/476 1361/25/476
f 1357/24/473 1360/24/473 1358/25/474
f 1361/25/474 1358/25/474 1360/24/473
f 1360/24/475 1346/22/477 1357/24/475
f 1346/22/477 1360/24/475 1348/22/477
f 1357/24/473 1346/22/478 1360/24/473
f 1348/22/478 1360/24/473 1346/22/478
f 1364/12/387 1363/11/387 1362/12/387
f 1363/11/387 1364/12/387 1365/11/387
f 1362/12/388 1363/11/388 1364/12/388
f 1365/11/388 1364/12/388 1363/11/388
f 1364/12/389 1366/11/389 1365/11/389
f 1366/11/389 1364/12/389 1367/12/389
f 1365/11/390 1366/11/390 1364/12/390
f 1367/12/390 1364/12/390 1366/11/390
f 1368/11/395 1362/12/397 1363/11/397
f 1362/12/397 1368/11/395 1369/12/395
f 1363/11/398 1362/12/398 1368/11/396
f 1369/12/396 1368/11/396 1362/12/398
f 1366/11/392 1371/12/391 1370/11/391
f 1371/12/391 1366/11/392 1367/12/392
f 1370/11/394 1371/12/394 1366/11/393
f 1367/12/393 1366/11/393 1371/12/394
f 1369/12/97 1364/12/97 1362/12/97
f 1364/12/97 1369/12/97 1367/12/97
f 1367/12/97 1369/12/97 1371/12/97
f 1362/12/98 1364/12/98 1369/12/98
f 1367/12/98 1369/12/98 1364/12/98
f 1371/12/98 1369/12/98 1367/12/98
f 1371/12/391 1368/11/395 1370/11/391
f 1368/11/395 1371/12/391 1369/12/395
f 1370/11/394 1368/11/396 1371/12/394
f 1369/12/396 1371/12/394 1368/11/396
f 1374/13/389 1373/11/389 1372/11/389
f 1373/11/389 1374/13/389 1375/13/389
f 1372/11/390 1373/11/390 1374/13/390
f 1375/13/390 1374/13/390 1373/11/390
f 1374/13/387 1377/11/387 1376/13/387
f 1377/11/387 1374/13/387 1372/11/387
f 1376/13/388 1377/11/388 1374/13/388
f 1372/11/388 1374/13/388 1377/11/388
f 1378/13/97 1374/13/97 1376/13/97
f 1374/13/97 1378/13/97 1375/13/97
f 1375/13/97 1378/13/97 1379/13/97
f 1376/13/98 1374/13/98 1378/13/98
f 1375/13/98 1378/13/98 1374/13/98
f 1379/13/98 1378/13/98 1375/13/98
f 1373/11/98 1377/11/98 1372/11/98
f 1377/11/98 1373/11/98 1380/11/98
f 1380/11/98 1373/11/98 1381/11/98
f 1372/11/97 1377/11/97 1373/11/97
f 1380/11/97 1373/11/97 1377/11/97
f 1381/11/97 1373/11/97 1380/11/97
f 1373/11/392 1379/13/391 1381/11/391
f 1379/13/391 1373/11/392 1375/13/392
f 1381/11/394 1379/13/394 1373/11/393
f 1375/13/393 1373/11/393 1379/13/394
f 1379/13/391 1380/11/485 1381/11/391
f 1380/11/485 1379/13/391 1378/13/485
f 1381/11/394 1380/11/486 1379/13/394
f 1378/13/486 1379/13/394 1380/11/486
f 1380/11/485 1376/13/397 1377/11/397
f 1376/13/397 1380/11/485 1378/13/485
f 1377/11/398 1376/13/398 1380/11/486
f 1378/13/486 1380/11/486 1376/13/398
f 1384/12/353 1383/11/353 1382/12/353
f 1383/11/353 1384/12/353 1385/11/353
f 1382/12/354 1383/11/354 1384/12/354
f 1385/11/354 1384/12/354 1383/11/354
f 1384/12/350 1386/11/350 1385/11/350
f 1386/11/350 1384/12/350 1387/12/350
f 1385/11/348 1386/11/348 1384/12/348
f 1387/12/348 1384/12/348 1386/11/348
f 1388/11/364 1382/12/366 1383/11/366
f 1382/12/366 1388/11/364 1389/12/364
f 1383/11/365 1382/12/365 1388/11/363
f 1389/12/363 1388/11/363 1382/12/365
f 1386/11/361 1391/12/362 1390/11/362
f 1391/12/362 1386/11/361 1387/12/361
f 1390/11/359 1391/12/359 1386/11/360
f 1387/12/360 1386/11/360 1391/12/359
f 1389/12/97 1384/12/97 1382/12/97
f 1384/12/97 1389/12/97 1387/12/97
f 1387/12/97 1389/12/97 1391/12/97
f 1382/12/98 1384/12/98 1389/12/98
f 1387/12/98 1389/12/98 1384/12/98
f 1391/12/98 1389/12/98 1387/12/98
f 1391/12/362 1388/11/364 1390/11/362
f 1388/11/364 1391/12/362 1389/12/364
f 1390/11/359 1388/11/363 1391/12/359
f 1389/12/363 1391/12/359 1388/11/363
f 854/13/350 1393/11/350 1392/11/350
f 1393/11/350 854/13/350 1394/13/350
f 1392/11/348 1393/11/348 854/13/348
f 1394/13/348 854/13/348 1393/11/348
f 854/13/353 1396/11/353 1395/13/353
f 1396/11/353 854/13/353 1392/11/353
f 1395/13/354 1396/11/354 854/13/354
f 1392/11/354 854/13/354 1396/11/354
f 1397/13/97 854/13/97 1395/13/97
f 854/13/97 1397/13/97 1394/13/97
f 1394/13/97 1397/13/97 1398/13/97
f 1395/13/98 854/13/98 1397/13/98
f 1394/13/98 1397/13/98 854/13/98
f 1398/13/98 1397/13/98 1394/13/98
f 1393/11/98 1396/11/98 1392/11/98
f 1396/11/98 1393/11/98 1399/11/98
f 1399/11/98 1393/11/98 1400/11/98
f 1392/11/97 1396/11/97 1393/11/97
f 1399/11/97 1393/11/97 1396/11/97
f 1400/11/97 1393/11/97 1399/11/97
f 1393/11/361 1398/13/362 1400/11/362
f 1398/13/362 1393/11/361 1394/13/361
f 1400/11/359 1398/13/359 1393/11/360
f 1394/13/360 1393/11/360 1398/13/359
f 1398/13/362 1399/11/482 1400/11/362
f 1399/11/482 1398/13/362 1397/13/482
f 1400/11/359 1399/11/481 1398/13/359
f 1397/13/481 1398/13/359 1399/11/481
f 1399/11/482 1395/13/366 1396/11/366
f 1395/13/366 1399/11/482 1397/13/482
f 1396/11/365 1395/13/365 1399/11/481
f 1397/13/481 1399/11/481 1395/13/365
f 1403/12/387 1402/11/387 1401/12/387
f 1402/11/387 1403/12/387 1404/11/387
f 1401/12/388 1402/11/388 1403/12/388
f 1404/11/388 1403/12/388 1402/11/388
f 1403/12/389 1405/11/389 1404/11/389
f 1405/11/389 1403/12/389 1406/12/389
f 1404/11/390 1405/11/390 1403/12/390
f 1406/12/390 1403/12/390 1405/11/390
f 1407/11/395 1401/12/397 1402/11/397
f 1401/12/397 1407/11/395 1408/12/395
f 1402/11/398 1401/12/398 1407/11/396
f 1408/12/396 1407/11/396 1401/12/398
f 1405/11/392 1410/12/391 1409/11/391
f 1410/12/391 1405/11/392 1406/12/392
f 1409/11/394 1410/12/394 1405/11/393
f 1406/12/393 1405/11/393 1410/12/394
f 1408/12/97 1403/12/97 1401/12/97
f 1403/12/97 1408/12/97 1406/12/97
f 1406/12/97 1408/12/97 1410/12/97
f 1401/12/98 1403/12/98 1408/12/98
f 1406/12/98 1408/12/98 1403/12/98
f 1410/12/98 1408/12/98 1406/12/98
f 1410/12/391 1407/11/395 1409/11/391
f 1407/11/395 1410/12/391 1408/12/395
f 1409/11/394 1407/11/396 1410/12/394
f 1408/12/396 1410/12/394 1407/11/396
f 1413/13/389 1412/11/389 1411/11/389
f 1412/11/389 1413/13/389 1414/13/389
f 1411/11/390 1412/11/390 1413/13/390
f 1414/13/390 1413/13/390 1412/11/390
f 1413/13/387 1416/11/387 1415/13/387
f 1416/11/387 1413/13/387 1411/11/387
f 1415/13/388 1416/11/388 1413/13/388
f 1411/11/388 1413/13/388 1416/11/388
f 1417/13/97 1413/13/97 1415/13/97
f 1413/13/97 1417/13/97 1414/13/97
f 1414/13/97 1417/13/97 1418/13/97
f 1415/13/98 1413/13/98 1417/13/98
f 1414/13/98 1417/13/98 1413/13/98
f 1418/13/98 1417/13/98 1414/13/98
f 1412/11/98 1416/11/98 1411/11/98
f 1416/11/98 1412/11/98 1419/11/98
f 1419/11/98 1412/11/98 1420/11/98
f 1411/11/97 1416/11/97 1412/11/97
f 1419/11/97 1412/11/97 1416/11/97
f 1420/11/97 1412/11/97 1419/11/97
f 1412/11/392 1418/13/391 1420/11/391
f 1418/13/391 1412/11/392 1414/13/392
f 1420/11/394 1418/13/394 1412/11/393
f 1414/13/393 1412/11/393 1418/13/394
f 1418/13/391 1419/11/485 1420/11/391
f 1419/11/485 1418/13/391 1417/13/485
f 1420/11/394 1419/11/486 1418/13/394
f 1417/13/486 1418/13/394 1419/11/486
f 1419/11/485 1415/13/397 1416/11/397
f 1415/13/397 1419/11/485 1417/13/485
f 1416/11/398 1415/13/398 1419/11/486
f 1417/13/486 1419/11/486 1415/13/398
f 1423/11/400 1422/12/399 1421/11/399
f 1422/12/399 1423/11/400 1424/12/400
f 1421/11/402 1422/12/402 1423/11/401
f 1424/12/401 1423/11/401 1422/12/402
f 1425/11/403 1424/12/400 1423/11/400
f 1424/12/400 1425/11/403 1426/12/403
f 1423/11/401 1424/12/401 1425/11/404
f 1426/12/404 1425/11/404 1424/12/401
f 1429/12/410 1428/11/405 1427/11/410
f 1428/11/405 1429/12/410 1430/12/405
f 1427/11/409 1428/11/406 1429/12/409
f 1430/12/406 1429/12/409 1428/11/406
f 1430/12/405 1425/11/403 1428/11/405
f 1425/11/403 1430/12/405 1426/12/403
f 1428/11/406 1425/11/404 1430/12/406
f 1426/12/404 1430/12/406 1425/11/404
f 1422/12/97 1432/12/97 1431/12/97
f 1432/12/97 1422/12/97 1424/12/97
f 1432/12/97 1424/12/97 1433/12/97
f 1433/12/97 1424/12/97 1426/12/97
f 1433/12/97 1426/12/97 1434/12/97
f 1434/12/97 1426/12/97 1430/12/97
f 1434/12/97 1430/12/97 1435/12/97
f 1435/12/97 1430/12/97 1429/12/97
f 1431/12/98 1432/12/98 1422/12/98
f 1424/12/98 1422/12/98 1432/12/98
f 1433/12/98 1424/12/98 1432/12/98
f 1426/12/98 1424/12/98 1433/12/98
f 1434/12/98 1426/12/98 1433/12/98
f 1430/12/98 1426/12/98 1434/12/98
f 1435/12/98 1430/12/98 1434/12/98
f 1429/12/98 1430/12/98 1435/12/98
f 1422/12/390 868/11/390 1421/11/390
f 868/11/390 1422/12/390 1431/12/390
f 1421/11/389 868/11/389 1422/12/389
f 1431/12/389 1422/12/389 868/11/389
f 876/11/388 1429/12/388 1427/11/388
f 1429/12/388 876/11/388 1435/12/388
f 1427/11/387 1429/12/387 876/11/387
f 1435/12/387 876/11/387 1429/12/387
f 1434/12/406 876/11/409 874/11/406
f 876/11/409 1434/12/406 1435/12/409
f 874/11/405 876/11/410 1434/12/405
f 1435/12/410 1434/12/405 876/11/410
f 1433/12/404 874/11/406 872/11/404
f 874/11/406 1433/12/404 1434/12/406
f 872/11/403 874/11/405 1433/12/403
f 1434/12/405 1433/12/403 874/11/405
f 1433/12/404 869/11/401 1432/12/401
f 869/11/401 1433/12/404 872/11/404
f 1432/12/400 869/11/400 1433/12/403
f 872/11/403 1433/12/403 869/11/400
f 1432/12/401 868/11/402 1431/12/402
f 868/11/402 1432/12/401 869/11/401
f 1431/12/399 868/11/399 1432/12/400
f 869/11/400 1432/12/400 868/11/399
f 1437/11/98 1436/11/98 285/11/98
f 1436/11/98 1437/11/98 286/11/98
f 1436/11/98 286/11/98 1438/11/98
f 1438/11/98 286/11/98 1439/11/98
f 1438/11/98 1439/11/98 1440/11/98
f 1440/11/98 1439/11/98 1441/11/98
f 1441/11/98 1439/11/98 288/11/98
f 1441/11/98 288/11/98 1442/11/98
f 285/11/97 1436/11/97 1437/11/97
f 286/11/97 1437/11/97 1436/11/97
f 1438/11/97 286/11/97 1436/11/97
f 1439/11/97 286/11/97 1438/11/97
f 1440/11/97 1439/11/97 1438/11/97
f 1441/11/97 1439/11/97 1440/11/97
f 288/11/97 1439/11/97 1441/11/97
f 1442/11/97 288/11/97 1441/11/97
f 1443/13/97 887/13/97 879/13/97
f 887/13/97 1443/13/97 886/13/97
f 886/13/97 1443/13/97 1444/13/97
f 886/13/97 1444/13/97 885/13/97
f 885/13/97 1444/13/97 1445/13/97
f 885/13/97 1445/13/97 1446/13/97
f 885/13/97 1446/13/97 884/13/97
f 884/13/97 1446/13/97 1447/13/97
f 879/13/98 887/13/98 1443/13/98
f 886/13/98 1443/13/98 887/13/98
f 1444/13/98 1443/13/98 886/13/98
f 885/13/98 1444/13/98 886/13/98
f 1445/13/98 1444/13/98 885/13/98
f 1446/13/98 1445/13/98 885/13/98
f 884/13/98 1446/13/98 885/13/98
f 1447/13/98 1446/13/98 884/13/98
f 1443/13/390 285/11/390 1436/11/390
f 285/11/390 1443/13/390 879/13/390
f 1436/11/389 285/11/389 1443/13/389
f 879/13/389 1443/13/389 285/11/389
f 1438/11/400 1443/13/399 1436/11/399
f 1443/13/399 1438/11/400 1444/13/400
f 1436/11/402 1443/13/402 1438/11/401
f 1444/13/401 1438/11/401 1443/13/402
f 1440/11/403 1444/13/400 1438/11/400
f 1444/13/400 1440/11/403 1445/13/403
f 1438/11/401 1444/13/401 1440/11/404
f 1445/13/404 1440/11/404 1444/13/401
f 1446/13/405 1440/11/403 1441/11/405
f 1440/11/403 1446/13/405 1445/13/403
f 1441/11/406 1440/11/404 1446/13/406
f 1445/13/404 1446/13/406 1440/11/404
f 1447/13/407 1441/11/405 1442/11/407
f 1441/11/405 1447/13/407 1446/13/405
f 1442/11/408 1441/11/406 1447/13/408
f 1446/13/406 1447/13/408 1441/11/406
f 288/11/388 1447/13/388 1442/11/388
f 1447/13/388 288/11/388 884/13/388
f 1442/11/387 1447/13/387 288/11/387
f 884/13/387 288/11/387 1447/13/387
f 885/13/406 288/11/409 1439/11/406
f 288/11/409 885/13/406 884/13/409
f 1439/11/405 288/11/410 885/13/405
f 884/13/410 885/13/405 288/11/410
f 886/13/404 1439/11/406 286/11/404
f 1439/11/406 886/13/404 885/13/406
f 286/11/403 1439/11/405 886/13/403
f 885/13/405 886/13/403 1439/11/405
f 886/13/404 1437/11/401 887/13/401
f 1437/11/401 886/13/404 286/11/404
f 887/13/400 1437/11/400 886/13/403
f 286/11/403 886/13/403 1437/11/400
f 887/13/401 285/11/402 879/13/402
f 285/11/402 887/13/401 1437/11/401
f 879/13/399 285/11/399 887/13/400
f 1437/11/400 887/13/400 285/11/399
f 1450/13/488 1449/11/487 1448/13/487
f 1449/11/487 1450/13/488 1451/11/488
f 1448/13/490 1449/11/490 1450/13/489
f 1451/11/489 1450/13/489 1449/11/490
f 1454/13/491 1453/11/492 1452/11/491
f 1453/11/492 1454/13/491 1455/13/492
f 1452/11/493 1453/11/494 1454/13/493
f 1455/13/494 1454/13/493 1453/11/494
f 1455/13/492 1456/11/495 1453/11/492
f 1456/11/495 1455/13/492 1457/13/495
f 1453/11/494 1456/11/496 1455/13/494
f 1457/13/496 1455/13/494 1456/11/496
f 1460/11/498 1459/13/497 1458/11/497
f 1459/13/497 1460/11/498 1461/13/498
f 1458/11/500 1459/13/500 1460/11/499
f 1461/13/499 1460/11/499 1459/13/500
f 1458/11/497 1454/13/491 1452/11/491
f 1454/13/491 1458/11/497 1459/13/497
f 1452/11/493 1454/13/493 1458/11/500
f 1459/13/500 1458/11/500 1454/13/493
f 1448/13/487 1456/11/495 1457/13/495
f 1456/11/495 1448/13/487 1449/11/487
f 1457/13/496 1456/11/496 1448/13/490
f 1449/11/490 1448/13/490 1456/11/496
f 1448/13/97 1461/13/97 1450/13/97
f 1461/13/97 1448/13/97 1457/13/97
f 1461/13/97 1457/13/97 1455/13/97
f 1461/13/97 1455/13/97 1454/13/97
f 1461/13/97 1454/13/97 1459/13/97
f 1450/13/98 1461/13/98 1448/13/98
f 1457/13/98 1448/13/98 1461/13/98
f 1455/13/98 1457/13/98 1461/13/98
f 1454/13/98 1455/13/98 1461/13/98
f 1459/13/98 1454/13/98 1461/13/98
f 1464/27/409 1463/26/409 1462/26/409
f 1463/26/409 1464/27/409 1465/27/409
f 1465/27/409 1464/27/409 1466/28/409
f 1465/27/409 1466/28/409 1467/28/409
f 1467/28/409 1466/28/409 1468/29/409
f 1467/28/409 1468/29/409 1469/29/409
f 1462/26/410 1463/26/410 1464/27/410
f 1465/27/410 1464/27/410 1463/26/410
f 1466/28/410 1464/27/410 1465/27/410
f 1467/28/410 1466/28/410 1465/27/410
f 1468/29/410 1466/28/410 1467/28/410
f 1469/29/410 1468/29/410 1467/28/410
f 1470/29/501 1467/28/502 1469/29/501
f 1467/28/502 1470/29/501 1471/28/502
f 1469/29/503 1467/28/504 1470/29/503
f 1471/28/504 1470/29/503 1467/28/504
f 1463/26/505 1472/26/503 1462/26/503
f 1472/26/503 1463/26/505 1473/26/505
f 1462/26/501 1472/26/501 1463/26/506
f 1473/26/506 1463/26/506 1472/26/501
f 1466/28/507 1475/27/504 1474/28/507
f 1475/27/504 1466/28/507 1464/27/504
f 1474/28/508 1475/27/502 1466/28/508
f 1464/27/502 1466/28/508 1475/27/502
f 1476/27/410 1472/26/410 1473/26/410
f 1472/26/410 1476/27/410 1475/27/410
f 1475/27/410 1476/27/410 1471/28/410
f 1475/27/410 1471/28/410 1474/28/410
f 1474/28/410 1471/28/410 1470/29/410
f 1474/28/410 1470/29/410 1477/29/410
f 1473/26/409 1472/26/409 1476/27/409
f 1475/27/409 1476/27/409 1472/26/409
f 1471/28/409 1476/27/409 1475/27/409
f 1474/28/409 1471/28/409 1475/27/409
f 1470/29/409 1471/28/409 1474/28/409
f 1477/29/409 1470/29/409 1474/28/409
f 1465/27/508 1471/28/502 1476/27/508
f 1471/28/502 1465/27/508 1467/28/502
f 1476/27/507 1471/28/504 1465/27/507
f 1467/28/504 1465/27/507 1471/28/504
f 1462/26/503 1475/27/504 1464/27/504
f 1475/27/504 1462/26/503 1472/26/503
f 1464/27/502 1475/27/502 1462/26/501
f 1472/26/501 1462/26/501 1475/27/502
f 1474/28/507 1468/29/506 1466/28/507
f 1468/29/506 1474/28/507 1477/29/506
f 1466/28/508 1468/29/505 1474/28/508
f 1477/29/505 1474/28/508 1468/29/505
f 1477/29/506 1469/29/501 1468/29/506
f 1469/29/501 1477/29/506 1470/29/501
f 1468/29/505 1469/29/503 1477/29/505
f 1470/29/503 1477/29/505 1469/29/503
f 1465/27/508 1473/26/505 1463/26/505
f 1473/26/505 1465/27/508 1476/27/508
f 1463/26/506 1473/26/506 1465/27/507
f 1476/27/507 1465/27/507 1473/26/506
f 1480/30/505 1479/30/503 1478/30/503
f 1479/30/503 1480/30/505 1481/30/505
f 1478/30/501 1479/30/501 1480/30/506
f 1481/30/506 1480/30/506 1479/30/501
f 1484/31/507 1483/32/506 1482/31/507
f 1483/32/506 1484/31/507 1485/32/506
f 1482/31/508 1483/32/505 1484/31/508
f 1485/32/505 1484/31/508 1483/32/505
f 1486/33/410 1479/30/410 1481/30/410
f 1479/30/410 1486/33/410 1487/33/410
f 1487/33/410 1486/33/410 1488/31/410
f 1487/33/410 1488/31/410 1484/31/410
f 1484/31/410 1488/31/410 1489/32/410
f 1484/31/410 1489/32/410 1485/32/410
f 1481/30/409 1479/30/409 1486/33/409
f 1487/33/409 1486/33/409 1479/30/409
f 1488/31/409 1486/33/409 1487/33/409
f 1484/31/409 1488/31/409 1487/33/409
f 1489/32/409 1488/31/409 1484/31/409
f 1485/32/409 1489/32/409 1484/31/409
f 1482/31/507 1487/33/504 1484/31/507
f 1487/33/504 1482/31/507 1490/33/504
f 1484/31/508 1487/33/502 1482/31/508
f 1490/33/502 1482/31/508 1487/33/502
f 1485/32/506 1491/32/501 1483/32/506
f 1491/32/501 1485/32/506 1489/32/501
f 1483/32/505 1491/32/503 1485/32/505
f 1489/32/503 1485/32/505 1491/32/503
f 1492/33/508 1488/31/502 1486/33/508
f 1488/31/502 1492/33/508 1493/31/502
f 1486/33/507 1488/31/504 1492/33/507
f 1493/31/504 1492/33/507 1488/31/504
f 1489/32/501 1493/31/502 1491/32/501
f 1493/31/502 1489/32/501 1488/31/502
f 1491/32/503 1493/31/504 1489/32/503
f 1488/31/504 1489/32/503 1493/31/504
f 1478/30/503 1487/33/504 1490/33/504
f 1487/33/504 1478/30/503 1479/30/503
f 1490/33/502 1487/33/502 1478/30/501
f 1479/30/501 1478/30/501 1487/33/502
f 1490/33/409 1480/30/409 1478/30/409
f 1480/30/409 1490/33/409 1492/33/409
f 1492/33/409 1490/33/409 1482/31/409
f 1492/33/409 1482/31/409 1493/31/409
f 1493/31/409 1482/31/409 1483/32/409
f 1493/31/409 1483/32/409 1491/32/409
f 1478/30/410 1480/30/410 1490/33/410
f 1492/33/410 1490/33/410 1480/30/410
f 1482/31/410 1490/33/410 1492/33/410
f 1493/31/410 1482/31/410 1492/33/410
f 1483/32/410 1482/31/410 1493/31/410
f 1491/32/410 1483/32/410 1493/31/410
f 1492/33/508 1481/30/505 1480/30/505
f 1481/30/505 1492/33/508 1486/33/508
f 1480/30/506 1481/30/506 1492/33/507
f 1486/33/507 1492/33/507 1481/30/506
f 1496/34/509 1495/34/510 1494/34/509
f 1495/34/510 1496/34/509 1497/34/510
f 1494/34/511 1495/34/512 1496/34/511
f 1497/34/512 1496/34/511 1495/34/512
f 1500/35/511 1499/35/512 1498/35/512
f 1499/35/512 1500/35/511 1501/35/511
f 1498/35/510 1499/35/510 1500/35/509
f 1501/35/509 1500/35/509 1499/35/510
f 1498/35/512 1503/36/513 1502/36/513
f 1503/36/513 1498/35/512 1499/35/512
f 1502/36/514 1503/36/514 1498/35/510
f 1499/35/510 1498/35/510 1503/36/514
f 1504/36/515 1501/35/511 1500/35/511
f 1501/35/511 1504/36/515 1505/36/515
f 1500/35/509 1501/35/509 1504/36/516
f 1505/36/516 1504/36/516 1501/35/509
f 1504/36/515 1506/37/514 1505/36/515
f 1506/37/514 1504/36/515 1507/37/514
f 1505/36/516 1506/37/513 1504/36/516
f 1507/37/513 1504/36/516 1506/37/513
f 1505/36/517 1499/35/517 1501/35/517
f 1499/35/517 1505/36/517 1503/36/517
f 1503/36/517 1505/36/517 1506/37/517
f 1503/36/517 1506/37/517 1508/37/517
f 1508/37/517 1506/37/517 1497/34/517
f 1508/37/517 1497/34/517 1496/34/517
f 1501/35/518 1499/35/518 1505/36/518
f 1503/36/518 1505/36/518 1499/35/518
f 1506/37/518 1505/36/518 1503/36/518
f 1508/37/518 1506/37/518 1503/36/518
f 1497/34/518 1506/37/518 1508/37/518
f 1496/34/518 1497/34/518 1508/37/518
f 1497/34/510 1507/37/514 1495/34/510
f 1507/37/514 1497/34/510 1506/37/514
f 1495/34/512 1507/37/513 1497/34/512
f 1506/37/513 1497/34/512 1507/37/513
f 1509/37/516 1503/36/513 1508/37/516
f 1503/36/513 1509/37/516 1502/36/513
f 1508/37/515 1503/36/514 1509/37/515
f 1502/36/514 1509/37/515 1503/36/514
f 1508/37/516 1494/34/509 1509/37/516
f 1494/34/509 1508/37/516 1496/34/509
f 1509/37/515 1494/34/511 1508/37/515
f 1496/34/511 1508/37/515 1494/34/511
f 1502/36/518 1500/35/518 1498/35/518
f 1500/35/518 1502/36/518 1504/36/518
f 1504/36/518 1502/36/518 1509/37/518
f 1504/36/518 1509/37/518 1507/37/518
f 1507/37/518 1509/37/518 1494/34/518
f 1507/37/518 1494/34/518 1495/34/518
f 1498/35/517 1500/35/517 1502/36/517
f 1504/36/517 1502/36/517 1500/35/517
f 1509/37/517 1502/36/517 1504/36/517
f 1507/37/517 1509/37/517 1504/36/517
f 1494/34/517 1509/37/517 1507/37/517
f 1495/34/517 1494/34/517 1507/37/517
f 1512/38/519 1511/39/520 1510/38/519
f 1511/39/520 1512/38/519 1513/39/520
f 1510/38/521 1511/39/522 1512/38/521
f 1513/39/522 1512/38/521 1511/39/522
f 1515/38/523 1510/38/519 1514/38/523
f 1510/38/519 1515/38/523 1512/38/519
f 1514/38/524 1510/38/521 1515/38/524
f 1512/38/521 1515/38/524 1510/38/521
f 1518/39/525 1517/40/522 1516/40/522
f 1517/40/522 1518/39/525 1519/39/525
f 1516/40/520 1517/40/520 1518/39/526
f 1519/39/526 1518/39/526 1517/40/520
f 1511/39/520 1521/40/526 1520/40/526
f 1521/40/526 1511/39/520 1513/39/520
f 1520/40/525 1521/40/525 1511/39/522
f 1513/39/522 1511/39/522 1521/40/525
f 1522/41/399 1518/39/399 1516/40/399
f 1518/39/399 1522/41/399 1515/38/399
f 1515/38/399 1522/41/399 1523/41/399
f 1515/38/399 1523/41/399 1512/38/399
f 1512/38/399 1523/41/399 1521/40/399
f 1512/38/399 1521/40/399 1513/39/399
f 1516/40/402 1518/39/402 1522/41/402
f 1515/38/402 1522/41/402 1518/39/402
f 1523/41/402 1522/41/402 1515/38/402
f 1512/38/402 1523/41/402 1515/38/402
f 1521/40/402 1523/41/402 1512/38/402
f 1513/39/402 1521/40/402 1512/38/402
f 1524/41/521 1516/40/522 1517/40/522
f 1516/40/522 1524/41/521 1522/41/521
f 1517/40/520 1516/40/520 1524/41/519
f 1522/41/519 1524/41/519 1516/40/520
f 1518/39/525 1514/38/523 1519/39/525
f 1514/38/523 1518/39/525 1515/38/523
f 1519/39/526 1514/38/524 1518/39/526
f 1515/38/524 1518/39/526 1514/38/524
f 1514/38/402 1517/40/402 1519/39/402
f 1517/40/402 1514/38/402 1524/41/402
f 1524/41/402 1514/38/402 1510/38/402
f 1524/41/402 1510/38/402 1525/41/402
f 1525/41/402 1510/38/402 1511/39/402
f 1525/41/402 1511/39/402 1520/40/402
f 1519/39/399 1517/40/399 1514/38/399
f 1524/41/399 1514/38/399 1517/40/399
f 1510/38/399 1514/38/399 1524/41/399
f 1525/41/399 1510/38/399 1524/41/399
f 1511/39/399 1510/38/399 1525/41/399
f 1520/40/399 1511/39/399 1525/41/399
f 1520/40/526 1523/41/524 1525/41/524
f 1523/41/524 1520/40/526 1521/40/526
f 1525/41/523 1523/41/523 1520/40/525
f 1521/40/525 1520/40/525 1523/41/523
f 1525/41/524 1522/41/521 1524/41/521
f 1522/41/521 1525/41/524 1523/41/524
f 1524/41/519 1522/41/519 1525/41/523
f 1523/41/523 1525/41/523 1522/41/519
f 1528/11/414 1527/12/413 1526/11/413
f 1527/12/413 1528/11/414 1529/12/414
f 1526/11/416 1527/12/416 1528/11/415
f 1529/12/415 1528/11/415 1527/12/416
f 1530/11/417 1529/12/414 1528/11/414
f 1529/12/414 1530/11/417 1531/12/417
f 1528/11/415 1529/12/415 1530/11/418
f 1531/12/418 1530/11/418 1529/12/415
f 1534/12/426 1533/11/419 1532/11/426
f 1533/11/419 1534/12/426 1535/12/419
f 1532/11/425 1533/11/420 1534/12/425
f 1535/12/420 1534/12/425 1533/11/420
f 1535/12/419 1530/11/417 1533/11/419
f 1530/11/417 1535/12/419 1531/12/417
f 1533/11/420 1530/11/418 1535/12/420
f 1531/12/418 1535/12/420 1530/11/418
f 1527/12/97 1537/12/97 1536/12/97
f 1537/12/97 1527/12/97 1529/12/97
f 1537/12/97 1529/12/97 1538/12/97
f 1538/12/97 1529/12/97 1531/12/97
f 1538/12/97 1531/12/97 1539/12/97
f 1539/12/97 1531/12/97 1535/12/97
f 1539/12/97 1535/12/97 1540/12/97
f 1540/12/97 1535/12/97 1534/12/97
f 1536/12/98 1537/12/98 1527/12/98
f 1529/12/98 1527/12/98 1537/12/98
f 1538/12/98 1529/12/98 1537/12/98
f 1531/12/98 1529/12/98 1538/12/98
f 1539/12/98 1531/12/98 1538/12/98
f 1535/12/98 1531/12/98 1539/12/98
f 1540/12/98 1535/12/98 1539/12/98
f 1534/12/98 1535/12/98 1540/12/98
f 1527/12/411 888/11/411 1526/11/411
f 888/11/411 1527/12/411 1536/12/411
f 1526/11/412 888/11/412 1527/12/412
f 1536/12/412 1527/12/412 888/11/412
f 896/11/423 1534/12/423 1532/11/423
f 1534/12/423 896/11/423 1540/12/423
f 1532/11/424 1534/12/424 896/11/424
f 1540/12/424 896/11/424 1534/12/424
f 1539/12/420 896/11/425 894/11/420
f 896/11/425 1539/12/420 1540/12/425
f 894/11/419 896/11/426 1539/12/419
f 1540/12/426 1539/12/419 896/11/426
f 1538/12/418 894/11/420 892/11/418
f 894/11/420 1538/12/418 1539/12/420
f 892/11/417 894/11/419 1538/12/417
f 1539/12/419 1538/12/417 894/11/419
f 1538/12/418 889/11/415 1537/12/415
f 889/11/415 1538/12/418 892/11/418
f 1537/12/414 889/11/414 1538/12/417
f 892/11/417 1538/12/417 889/11/414
f 1537/12/415 888/11/416 1536/12/416
f 888/11/416 1537/12/415 889/11/415
f 1536/12/413 888/11/413 1537/12/414
f 889/11/414 1537/12/414 888/11/413
f 1542/11/98 1541/11/98 381/11/98
f 1541/11/98 1542/11/98 669/11/98
f 1541/11/98 669/11/98 1543/11/98
f 1543/11/98 669/11/98 1544/11/98
f 1543/11/98 1544/11/98 1545/11/98
f 1545/11/98 1544/11/98 1546/11/98
f 1546/11/98 1544/11/98 300/11/98
f 1546/11/98 300/11/98 1547/11/98
f 381/11/97 1541/11/97 1542/11/97
f 669/11/97 1542/11/97 1541/11/97
f 1543/11/97 669/11/97 1541/11/97
f 1544/11/97 669/11/97 1543/11/97
f 1545/11/97 1544/11/97 1543/11/97
f 1546/11/97 1544/11/97 1545/11/97
f 300/11/97 1544/11/97 1546/11/97
f 1547/11/97 300/11/97 1546/11/97
f 1040/13/97 907/13/97 899/13/97
f 907/13/97 1040/13/97 906/13/97
f 906/13/97 1040/13/97 1548/13/97
f 906/13/97 1548/13/97 905/13/97
f 905/13/97 1548/13/97 1549/13/97
f 905/13/97 1549/13/97 1550/13/97
f 905/13/97 1550/13/97 904/13/97
f 904/13/97 1550/13/97 1551/13/97
f 899/13/98 907/13/98 1040/13/98
f 906/13/98 1040/13/98 907/13/98
f 1548/13/98 1040/13/98 906/13/98
f 905/13/98 1548/13/98 906/13/98
f 1549/13/98 1548/13/98 905/13/98
f 1550/13/98 1549/13/98 905/13/98
f 904/13/98 1550/13/98 905/13/98
f 1551/13/98 1550/13/98 904/13/98
f 1040/13/411 381/11/411 1541/11/411
f 381/11/411 1040/13/411 899/13/411
f 1541/11/412 381/11/412 1040/13/412
f 899/13/412 1040/13/412 381/11/412
f 1543/11/414 1040/13/413 1541/11/413
f 1040/13/413 1543/11/414 1548/13/414
f 1541/11/416 1040/13/416 1543/11/415
f 1548/13/415 1543/11/415 1040/13/416
f 1545/11/417 1548/13/414 1543/11/414
f 1548/13/414 1545/11/417 1549/13/417
f 1543/11/415 1548/13/415 1545/11/418
f 1549/13/418 1545/11/418 1548/13/415
f 1550/13/419 1545/11/417 1546/11/419
f 1545/11/417 1550/13/419 1549/13/417
f 1546/11/420 1545/11/418 1550/13/420
f 1549/13/418 1550/13/420 1545/11/418
f 1551/13/421 1546/11/419 1547/11/421
f 1546/11/419 1551/13/421 1550/13/419
f 1547/11/422 1546/11/420 1551/13/422
f 1550/13/420 1551/13/422 1546/11/420
f 300/11/423 1551/13/423 1547/11/423
f 1551/13/423 300/11/423 904/13/423
f 1547/11/424 1551/13/424 300/11/424
f 904/13/424 300/11/424 1551/13/424
f 905/13/420 300/11/425 1544/11/420
f 300/11/425 905/13/420 904/13/425
f 1544/11/419 300/11/426 905/13/419
f 904/13/426 905/13/419 300/11/426
f 906/13/418 1544/11/420 669/11/418
f 1544/11/420 906/13/418 905/13/420
f 669/11/417 1544/11/419 906/13/417
f 905/13/419 906/13/417 1544/11/419
f 906/13/418 1542/11/415 907/13/415
f 1542/11/415 906/13/418 669/11/418
f 907/13/414 1542/11/414 906/13/417
f 669/11/417 906/13/417 1542/11/414
f 907/13/415 381/11/416 899/13/416
f 381/11/416 907/13/415 1542/11/415
f 899/13/413 381/11/413 907/13/414
f 1542/11/414 907/13/414 381/11/413
f 1554/13/528 1553/11/527 1552/13/527
f 1553/11/527 1554/13/528 1555/11/528
f 1552/13/530 1553/11/530 1554/13/529
f 1555/11/529 1554/13/529 1553/11/530
f 1558/13/531 1557/11/532 1556/11/531
f 1557/11/532 1558/13/531 1559/13/532
f 1556/11/533 1557/11/534 1558/13/533
f 1559/13/534 1558/13/533 1557/11/534
f 1559/13/532 1560/11/535 1557/11/532
f 1560/11/535 1559/13/532 1561/13/535
f 1557/11/534 1560/11/536 1559/13/534
f 1561/13/536 1559/13/534 1560/11/536
f 1564/11/538 1563/13/537 1562/11/537
f 1563/13/537 1564/11/538 1565/13/538
f 1562/11/540 1563/13/540 1564/11/539
f 1565/13/539 1564/11/539 1563/13/540
f 1562/11/537 1558/13/531 1556/11/531
f 1558/13/531 1562/11/537 1563/13/537
f 1556/11/533 1558/13/533 1562/11/540
f 1563/13/540 1562/11/540 1558/13/533
f 1552/13/527 1560/11/535 1561/13/535
f 1560/11/535 1552/13/527 1553/11/527
f 1561/13/536 1560/11/536 1552/13/530
f 1553/11/530 1552/13/530 1560/11/536
f 1552/13/97 1565/13/97 1554/13/97
f 1565/13/97 1552/13/97 1561/13/97
f 1565/13/97 1561/13/97 1559/13/97
f 1565/13/97 1559/13/97 1558/13/97
f 1565/13/97 1558/13/97 1563/13/97
f 1554/13/98 1565/13/98 1552/13/98
f 1561/13/98 1552/13/98 1565/13/98
f 1559/13/98 1561/13/98 1565/13/98
f 1558/13/98 1559/13/98 1565/13/98
f 1563/13/98 1558/13/98 1565/13/98
f 1568/27/425 1567/26/425 1566/26/425
f 1567/26/425 1568/27/425 1569/27/425
f 1569/27/425 1568/27/425 1570/28/425
f 1569/27/425 1570/28/425 1571/28/425
f 1571/28/425 1570/28/425 1572/29/425
f 1571/28/425 1572/29/425 1573/29/425
f 1566/26/426 1567/26/426 1568/27/426
f 1569/27/426 1568/27/426 1567/26/426
f 1570/28/426 1568/27/426 1569/27/426
f 1571/28/426 1570/28/426 1569/27/426
f 1572/29/426 1570/28/426 1571/28/426
f 1573/29/426 1572/29/426 1571/28/426
f 1574/29/541 1571/28/542 1573/29/541
f 1571/28/542 1574/29/541 1575/28/542
f 1573/29/543 1571/28/544 1574/29/543
f 1575/28/544 1574/29/543 1571/28/544
f 1567/26/545 1576/26/543 1566/26/543
f 1576/26/543 1567/26/545 1577/26/545
f 1566/26/541 1576/26/541 1567/26/546
f 1577/26/546 1567/26/546 1576/26/541
f 1570/28/547 1579/27/544 1578/28/547
f 1579/27/544 1570/28/547 1568/27/544
f 1578/28/548 1579/27/542 1570/28/548
f 1568/27/542 1570/28/548 1579/27/542
f 1580/27/426 1576/26/426 1577/26/426
f 1576/26/426 1580/27/426 1579/27/426
f 1579/27/426 1580/27/426 1575/28/426
f 1579/27/426 1575/28/426 1578/28/426
f 1578/28/426 1575/28/426 1574/29/426
f 1578/28/426 1574/29/426 1581/29/426
f 1577/26/425 1576/26/425 1580/27/425
f 1579/27/425 1580/27/425 1576/26/425
f 1575/28/425 1580/27/425 1579/27/425
f 1578/28/425 1575/28/425 1579/27/425
f 1574/29/425 1575/28/425 1578/28/425
f 1581/29/425 1574/29/425 1578/28/425
f 1569/27/548 1575/28/542 1580/27/548
f 1575/28/542 1569/27/548 1571/28/542
f 1580/27/547 1575/28/544 1569/27/547
f 1571/28/544 1569/27/547 1575/28/544
f 1566/26/543 1579/27/544 1568/27/544
f 1579/27/544 1566/26/543 1576/26/543
f 1568/27/542 1579/27/542 1566/26/541
f 1576/26/541 1566/26/541 1579/27/542
f 1578/28/547 1572/29/546 1570/28/547
f 1572/29/546 1578/28/547 1581/29/546
f 1570/28/548 1572/29/545 1578/28/548
f 1581/29/545 1578/28/548 1572/29/545
f 1581/29/546 1573/29/541 1572/29/546
f 1573/29/541 1581/29/546 1574/29/541
f 1572/29/545 1573/29/543 1581/29/545
f 1574/29/543 1581/29/545 1573/29/543
f 1569/27/548 1577/26/545 1567/26/545
f 1577/26/545 1569/27/548 1580/27/548
f 1567/26/546 1577/26/546 1569/27/547
f 1580/27/547 1569/27/547 1577/26/546
f 1584/30/545 1583/30/543 1582/30/543
f 1583/30/543 1584/30/545 1585/30/545
f 1582/30/541 1583/30/541 1584/30/546
f 1585/30/546 1584/30/546 1583/30/541
f 1588/31/547 1587/32/546 1586/31/547
f 1587/32/546 1588/31/547 1589/32/546
f 1586/31/548 1587/32/545 1588/31/548
f 1589/32/545 1588/31/548 1587/32/545
f 1590/33/426 1583/30/426 1585/30/426
f 1583/30/426 1590/33/426 1591/33/426
f 1591/33/426 1590/33/426 1592/31/426
f 1591/33/426 1592/31/426 1588/31/426
f 1588/31/426 1592/31/426 1593/32/426
f 1588/31/426 1593/32/426 1589/32/426
f 1585/30/425 1583/30/425 1590/33/425
f 1591/33/425 1590/33/425 1583/30/425
f 1592/31/425 1590/33/425 1591/33/425
f 1588/31/425 1592/31/425 1591/33/425
f 1593/32/425 1592/31/425 1588/31/425
f 1589/32/425 1593/32/425 1588/31/425
f 1586/31/547 1591/33/544 1588/31/547
f 1591/33/544 1586/31/547 1594/33/544
f 1588/31/548 1591/33/542 1586/31/548
f 1594/33/542 1586/31/548 1591/33/542
f 1589/32/546 1595/32/541 1587/32/546
f 1595/32/541 1589/32/546 1593/32/541
f 1587/32/545 1595/32/543 1589/32/545
f 1593/32/543 1589/32/545 1595/32/543
f 1596/33/548 1592/31/542 1590/33/548
f 1592/31/542 1596/33/548 1597/31/542
f 1590/33/547 1592/31/544 1596/33/547
f 1597/31/544 1596/33/547 1592/31/544
f 1593/32/541 1597/31/542 1595/32/541
f 1597/31/542 1593/32/541 1592/31/542
f 1595/32/543 1597/31/544 1593/32/543
f 1592/31/544 1593/32/543 1597/31/544
f 1582/30/543 1591/33/544 1594/33/544
f 1591/33/544 1582/30/543 1583/30/543
f 1594/33/542 1591/33/542 1582/30/541
f 1583/30/541 1582/30/541 1591/33/542
f 1594/33/425 1584/30/425 1582/30/425
f 1584/30/425 1594/33/425 1596/33/425
f 1596/33/425 1594/33/425 1586/31/425
f 1596/33/425 1586/31/425 1597/31/425
f 1597/31/425 1586/31/425 1587/32/425
f 1597/31/425 1587/32/425 1595/32/425
f 1582/30/426 1584/30/426 1594/33/426
f 1596/33/426 1594/33/426 1584/30/426
f 1586/31/426 1594/33/426 1596/33/426
f 1597/31/426 1586/31/426 1596/33/426
f 1587/32/426 1586/31/426 1597/31/426
f 1595/32/426 1587/32/426 1597/31/426
f 1596/33/548 1585/30/545 1584/30/545
f 1585/30/545 1596/33/548 1590/33/548
f 1584/30/546 1585/30/546 1596/33/547
f 1590/33/547 1596/33/547 1585/30/546
f 1600/34/549 1599/34/550 1598/34/549
f 1599/34/550 1600/34/549 1601/34/550
f 1598/34/551 1599/34/552 1600/34/551
f 1601/34/552 1600/34/551 1599/34/552
f 1604/35/551 1603/35/552 1602/35/552
f 1603/35/552 1604/35/551 1605/35/551
f 1602/35/550 1603/35/550 1604/35/549
f 1605/35/549 1604/35/549 1603/35/550
f 1602/35/552 1607/36/553 1606/36/553
f 1607/36/553 1602/35/552 1603/35/552
f 1606/36/554 1607/36/554 1602/35/550
f 1603/35/550 1602/35/550 1607/36/554
f 1608/36/555 1605/35/551 1604/35/551
f 1605/35/551 1608/36/555 1609/36/555
f 1604/35/549 1605/35/549 1608/36/556
f 1609/36/556 1608/36/556 1605/35/549
f 1608/36/555 1610/37/554 1609/36/555
f 1610/37/554 1608/36/555 1611/37/554
f 1609/36/556 1610/37/553 1608/36/556
f 1611/37/553 1608/36/556 1610/37/553
f 1609/36/557 1603/35/557 1605/35/557
f 1603/35/557 1609/36/557 1607/36/557
f 1607/36/557 1609/36/557 1610/37/557
f 1607/36/557 1610/37/557 1612/37/557
f 1612/37/557 1610/37/557 1601/34/557
f 1612/37/557 1601/34/557 1600/34/557
f 1605/35/558 1603/35/558 1609/36/558
f 1607/36/558 1609/36/558 1603/35/558
f 1610/37/558 1609/36/558 1607/36/558
f 1612/37/558 1610/37/558 1607/36/558
f 1601/34/558 1610/37/558 1612/37/558
f 1600/34/558 1601/34/558 1612/37/558
f 1601/34/550 1611/37/554 1599/34/550
f 1611/37/554 1601/34/550 1610/37/554
f 1599/34/552 1611/37/553 1601/34/552
f 1610/37/553 1601/34/552 1611/37/553
f 1613/37/556 1607/36/553 1612/37/556
f 1607/36/553 1613/37/556 1606/36/553
f 1612/37/555 1607/36/554 1613/37/555
f 1606/36/554 1613/37/555 1607/36/554
f 1612/37/556 1598/34/549 1613/37/556
f 1598/34/549 1612/37/556 1600/34/549
f 1613/37/555 1598/34/551 1612/37/555
f 1600/34/551 1612/37/555 1598/34/551
f 1606/36/558 1604/35/558 1602/35/558
f 1604/35/558 1606/36/558 1608/36/558
f 1608/36/558 1606/36/558 1613/37/558
f 1608/36/558 1613/37/558 1611/37/558
f 1611/37/558 1613/37/558 1598/34/558
f 1611/37/558 1598/34/558 1599/34/558
f 1602/35/557 1604/35/557 1606/36/557
f 1608/36/557 1606/36/557 1604/35/557
f 1613/37/557 1606/36/557 1608/36/557
f 1611/37/557 1613/37/557 1608/36/557
f 1598/34/557 1613/37/557 1611/37/557
f 1599/34/557 1598/34/557 1611/37/557
f 1616/38/559 1615/39/560 1614/38/559
f 1615/39/560 1616/38/559 1617/39/560
f 1614/38/561 1615/39/562 1616/38/561
f 1617/39/562 1616/38/561 1615/39/562
f 1619/38/563 1614/38/559 1618/38/563
f 1614/38/559 1619/38/563 1616/38/559
f 1618/38/564 1614/38/561 1619/38/564
f 1616/38/561 1619/38/564 1614/38/561
f 1622/39/565 1621/40/562 1620/40/562
f 1621/40/562 1622/39/565 1623/39/565
f 1620/40/560 1621/40/560 1622/39/566
f 1623/39/566 1622/39/566 1621/40/560
f 1615/39/560 1625/40/566 1624/40/566
f 1625/40/566 1615/39/560 1617/39/560
f 1624/40/565 1625/40/565 1615/39/562
f 1617/39/562 1615/39/562 1625/40/565
f 1626/41/413 1622/39/413 1620/40/413
f 1622/39/413 1626/41/413 1619/38/413
f 1619/38/413 1626/41/413 1627/41/413
f 1619/38/413 1627/41/413 1616/38/413
f 1616/38/413 1627/41/413 1625/40/413
f 1616/38/413 1625/40/413 1617/39/413
f 1620/40/416 1622/39/416 1626/41/416
f 1619/38/416 1626/41/416 1622/39/416
f 1627/41/416 1626/41/416 1619/38/416
f 1616/38/416 1627/41/416 1619/38/416
f 1625/40/416 1627/41/416 1616/38/416
f 1617/39/416 1625/40/416 1616/38/416
f 1628/41/561 1620/40/562 1621/40/562
f 1620/40/562 1628/41/561 1626/41/561
f 1621/40/560 1620/40/560 1628/41/559
f 1626/41/559 1628/41/559 1620/40/560
f 1622/39/565 1618/38/563 1623/39/565
f 1618/38/563 1622/39/565 1619/38/563
f 1623/39/566 1618/38/564 1622/39/566
f 1619/38/564 1622/39/566 1618/38/564
f 1618/38/416 1621/40/416 1623/39/416
f 1621/40/416 1618/38/416 1628/41/416
f 1628/41/416 1618/38/416 1614/38/416
f 1628/41/416 1614/38/416 1629/41/416
f 1629/41/416 1614/38/416 1615/39/416
f 1629/41/416 1615/39/416 1624/40/416
f 1623/39/413 1621/40/413 1618/38/413
f 1628/41/413 1618/38/413 1621/40/413
f 1614/38/413 1618/38/413 1628/41/413
f 1629/41/413 1614/38/413 1628/41/413
f 1615/39/413 1614/38/413 1629/41/413
f 1624/40/413 1615/39/413 1629/41/413
f 1624/40/566 1627/41/564 1629/41/564
f 1627/41/564 1624/40/566 1625/40/566
f 1629/41/563 1627/41/563 1624/40/565
f 1625/40/565 1624/40/565 1627/41/563
f 1629/41/564 1626/41/561 1628/41/561
f 1626/41/561 1629/41/564 1627/41/564
f 1628/41/559 1626/41/559 1629/41/563
f 1627/41/563 1629/41/563 1626/41/559
f 1632/11/428 1631/12/427 1630/11/427
f 1631/12/427 1632/11/428 1633/12/428
f 1630/11/430 1631/12/430 1632/11/429
f 1633/12/429 1632/11/429 1631/12/430
f 1634/11/431 1633/12/428 1632/11/428
f 1633/12/428 1634/11/431 1635/12/431
f 1632/11/429 1633/12/429 1634/11/432
f 1635/12/432 1634/11/432 1633/12/429
f 1638/12/438 1637/11/433 1636/11/438
f 1637/11/433 1638/12/438 1639/12/433
f 1636/11/437 1637/11/434 1638/12/437
f 1639/12/434 1638/12/437 1637/11/434
f 1639/12/433 1634/11/431 1637/11/433
f 1634/11/431 1639/12/433 1635/12/431
f 1637/11/434 1634/11/432 1639/12/434
f 1635/12/432 1639/12/434 1634/11/432
f 1631/12/97 1641/12/97 1640/12/97
f 1641/12/97 1631/12/97 1633/12/97
f 1641/12/97 1633/12/97 1642/12/97
f 1642/12/97 1633/12/97 1635/12/97
f 1642/12/97 1635/12/97 1643/12/97
f 1643/12/97 1635/12/97 1639/12/97
f 1643/12/97 1639/12/97 1644/12/97
f 1644/12/97 1639/12/97 1638/12/97
f 1640/12/98 1641/12/98 1631/12/98
f 1633/12/98 1631/12/98 1641/12/98
f 1642/12/98 1633/12/98 1641/12/98
f 1635/12/98 1633/12/98 1642/12/98
f 1643/12/98 1635/12/98 1642/12/98
f 1639/12/98 1635/12/98 1643/12/98
f 1644/12/98 1639/12/98 1643/12/98
f 1638/12/98 1639/12/98 1644/12/98
f 1631/12/370 908/11/370 1630/11/370
f 908/11/370 1631/12/370 1640/12/370
f 1630/11/369 908/11/369 1631/12/369
f 1640/12/369 1631/12/369 908/11/369
f 916/11/368 1638/12/368 1636/11/368
f 1638/12/368 916/11/368 1644/12/368
f 1636/11/367 1638/12/367 916/11/367
f 1644/12/367 916/11/367 1638/12/367
f 1643/12/434 916/11/437 914/11/434
f 916/11/437 1643/12/434 1644/12/437
f 914/11/433 916/11/438 1643/12/433
f 1644/12/438 1643/12/433 916/11/438
f 1642/12/432 914/11/434 912/11/432
f 914/11/434 1642/12/432 1643/12/434
f 912/11/431 914/11/433 1642/12/431
f 1643/12/433 1642/12/431 914/11/433
f 1642/12/432 909/11/429 1641/12/429
f 909/11/429 1642/12/432 912/11/432
f 1641/12/428 909/11/428 1642/12/431
f 912/11/431 1642/12/431 909/11/428
f 1641/12/429 908/11/430 1640/12/430
f 908/11/430 1641/12/429 909/11/429
f 1640/12/427 908/11/427 1641/12/428
f 909/11/428 1641/12/428 908/11/427
f 1646/11/98 1645/11/98 710/11/98
f 1645/11/98 1646/11/98 711/11/98
f 1645/11/98 711/11/98 1647/11/98
f 1647/11/98 711/11/98 1648/11/98
f 1647/11/98 1648/11/98 1649/11/98
f 1649/11/98 1648/11/98 1650/11/98
f 1650/11/98 1648/11/98 547/11/98
f 1650/11/98 547/11/98 1651/11/98
f 710/11/97 1645/11/97 1646/11/97
f 711/11/97 1646/11/97 1645/11/97
f 1647/11/97 711/11/97 1645/11/97
f 1648/11/97 711/11/97 1647/11/97
f 1649/11/97 1648/11/97 1647/11/97
f 1650/11/97 1648/11/97 1649/11/97
f 547/11/97 1648/11/97 1650/11/97
f 1651/11/97 547/11/97 1650/11/97
f 1652/13/97 927/13/97 919/13/97
f 927/13/97 1652/13/97 926/13/97
f 926/13/97 1652/13/97 1653/13/97
f 926/13/97 1653/13/97 925/13/97
f 925/13/97 1653/13/97 1654/13/97
f 925/13/97 1654/13/97 1655/13/97
f 925/13/97 1655/13/97 924/13/97
f 924/13/97 1655/13/97 1656/13/97
f 919/13/98 927/13/98 1652/13/98
f 926/13/98 1652/13/98 927/13/98
f 1653/13/98 1652/13/98 926/13/98
f 925/13/98 1653/13/98 926/13/98
f 1654/13/98 1653/13/98 925/13/98
f 1655/13/98 1654/13/98 925/13/98
f 924/13/98 1655/13/98 925/13/98
f 1656/13/98 1655/13/98 924/13/98
f 1652/13/370 710/11/370 1645/11/370
f 710/11/370 1652/13/370 919/13/370
f 1645/11/369 710/11/369 1652/13/369
f 919/13/369 1652/13/369 710/11/369
f 1647/11/428 1652/13/427 1645/11/427
f 1652/13/427 1647/11/428 1653/13/428
f 1645/11/430 1652/13/430 1647/11/429
f 1653/13/429 1647/11/429 1652/13/430
f 1649/11/431 1653/13/428 1647/11/428
f 1653/13/428 1649/11/431 1654/13/431
f 1647/11/429 1653/13/429 1649/11/432
f 1654/13/432 1649/11/432 1653/13/429
f 1655/13/433 1649/11/431 1650/11/433
f 1649/11/431 1655/13/433 1654/13/431
f 1650/11/434 1649/11/432 1655/13/434
f 1654/13/432 1655/13/434 1649/11/432
f 1656/13/435 1650/11/433 1651/11/435
f 1650/11/433 1656/13/435 1655/13/433
f 1651/11/436 1650/11/434 1656/13/436
f 1655/13/434 1656/13/436 1650/11/434
f 547/11/368 1656/13/368 1651/11/368
f 1656/13/368 547/11/368 924/13/368
f 1651/11/367 1656/13/367 547/11/367
f 924/13/367 547/11/367 1656/13/367
f 925/13/434 547/11/437 1648/11/434
f 547/11/437 925/13/434 924/13/437
f 1648/11/433 547/11/438 925/13/433
f 924/13/438 925/13/433 547/11/438
f 926/13/432 1648/11/434 711/11/432
f 1648/11/434 926/13/432 925/13/434
f 711/11/431 1648/11/433 926/13/431
f 925/13/433 926/13/431 1648/11/433
f 926/13/432 1646/11/429 927/13/429
f 1646/11/429 926/13/432 711/11/432
f 927/13/428 1646/11/428 926/13/431
f 711/11/431 926/13/431 1646/11/428
f 927/13/429 710/11/430 919/13/430
f 710/11/430 927/13/429 1646/11/429
f 919/13/427 710/11/427 927/13/428
f 1646/11/428 927/13/428 710/11/427
f 1659/13/568 1658/11/567 1657/13/567
f 1658/11/567 1659/13/568 1660/11/568
f 1657/13/570 1658/11/570 1659/13/569
f 1660/11/569 1659/13/569 1658/11/570
f 1663/13/571 1662/11/572 1661/11/571
f 1662/11/572 1663/13/571 1664/13/572
f 1661/11/573 1662/11/574 1663/13/573
f 1664/13/574 1663/13/573 1662/11/574
f 1664/13/572 1665/11/575 1662/11/572
f 1665/11/575 1664/13/572 1666/13/575
f 1662/11/574 1665/11/576 1664/13/574
f 1666/13/576 1664/13/574 1665/11/576
f 1669/11/578 1668/13/577 1667/11/577
f 1668/13/577 1669/11/578 1670/13/578
f 1667/11/580 1668/13/580 1669/11/579
f 1670/13/579 1669/11/579 1668/13/580
f 1667/11/577 1663/13/571 1661/11/571
f 1663/13/571 1667/11/577 1668/13/577
f 1661/11/573 1663/13/573 1667/11/580
f 1668/13/580 1667/11/580 1663/13/573
f 1657/13/567 1665/11/575 1666/13/575
f 1665/11/575 1657/13/567 1658/11/567
f 1666/13/576 1665/11/576 1657/13/570
f 1658/11/570 1657/13/570 1665/11/576
f 1657/13/97 1670/13/97 1659/13/97
f 1670/13/97 1657/13/97 1666/13/97
f 1670/13/97 1666/13/97 1664/13/97
f 1670/13/97 1664/13/97 1663/13/97
f 1670/13/97 1663/13/97 1668/13/97
f 1659/13/98 1670/13/98 1657/13/98
f 1666/13/98 1657/13/98 1670/13/98
f 1664/13/98 1666/13/98 1670/13/98
f 1663/13/98 1664/13/98 1670/13/98
f 1668/13/98 1663/13/98 1670/13/98
f 1673/27/437 1672/26/437 1671/26/437
f 1672/26/437 1673/27/437 1674/27/437
f 1674/27/437 1673/27/437 1675/28/437
f 1674/27/437 1675/28/437 1676/28/437
f 1676/28/437 1675/28/437 1677/29/437
f 1676/28/437 1677/29/437 1678/29/437
f 1671/26/438 1672/26/438 1673/27/438
f 1674/27/438 1673/27/438 1672/26/438
f 1675/28/438 1673/27/438 1674/27/438
f 1676/28/438 1675/28/438 1674/27/438
f 1677/29/438 1675/28/438 1676/28/438
f 1678/29/438 1677/29/438 1676/28/438
f 1679/29/581 1676/28/582 1678/29/581
f 1676/28/582 1679/29/581 1680/28/582
f 1678/29/583 1676/28/584 1679/29/583
f 1680/28/584 1679/29/583 1676/28/584
f 1672/26/585 1681/26/583 1671/26/583
f 1681/26/583 1672/26/585 1682/26/585
f 1671/26/581 1681/26/581 1672/26/586
f 1682/26/586 1672/26/586 1681/26/581
f 1675/28/587 1684/27/584 1683/28/587
f 1684/27/584 1675/28/587 1673/27/584
f 1683/28/588 1684/27/582 1675/28/588
f 1673/27/582 1675/28/588 1684/27/582
f 1685/27/438 1681/26/438 1682/26/438
f 1681/26/438 1685/27/438 1684/27/438
f 1684/27/438 1685/27/438 1680/28/438
f 1684/27/438 1680/28/438 1683/28/438
f 1683/28/438 1680/28/438 1679/29/438
f 1683/28/438 1679/29/438 1686/29/438
f 1682/26/437 1681/26/437 1685/27/437
f 1684/27/437 1685/27/437 1681/26/437
f 1680/28/437 1685/27/437 1684/27/437
f 1683/28/437 1680/28/437 1684/27/437
f 1679/29/437 1680/28/437 1683/28/437
f 1686/29/437 1679/29/437 1683/28/437
f 1674/27/588 1680/28/582 1685/27/588
f 1680/28/582 1674/27/588 1676/28/582
f 1685/27/587 1680/28/584 1674/27/587
f 1676/28/584 1674/27/587 1680/28/584
f 1671/26/583 1684/27/584 1673/27/584
f 1684/27/584 1671/26/583 1681/26/583
f 1673/27/582 1684/27/582 1671/26/581
f 1681/26/581 1671/26/581 1684/27/582
f 1683/28/587 1677/29/586 1675/28/587
f 1677/29/586 1683/28/587 1686/29/586
f 1675/28/588 1677/29/585 1683/28/588
f 1686/29/585 1683/28/588 1677/29/585
f 1686/29/586 1678/29/581 1677/29/586
f 1678/29/581 1686/29/586 1679/29/581
f 1677/29/585 1678/29/583 1686/29/585
f 1679/29/583 1686/29/585 1678/29/583
f 1674/27/588 1682/26/585 1672/26/585
f 1682/26/585 1674/27/588 1685/27/588
f 1672/26/586 1682/26/586 1674/27/587
f 1685/27/587 1674/27/587 1682/26/586
f 1689/30/585 1688/30/583 1687/30/583
f 1688/30/583 1689/30/585 1690/30/585
f 1687/30/581 1688/30/581 1689/30/586
f 1690/30/586 1689/30/586 1688/30/581
f 1693/31/587 1692/32/586 1691/31/587
f 1692/32/586 1693/31/587 1694/32/586
f 1691/31/588 1692/32/585 1693/31/588
f 1694/32/585 1693/31/588 1692/32/585
f 1695/33/438 1688/30/438 1690/30/438
f 1688/30/438 1695/33/438 1696/33/438
f 1696/33/438 1695/33/438 1697/31/438
f 1696/33/438 1697/31/438 1693/31/438
f 1693/31/438 1697/31/438 1698/32/438
f 1693/31/438 1698/32/438 1694/32/438
f 1690/30/437 1688/30/437 1695/33/437
f 1696/33/437 1695/33/437 1688/30/437
f 1697/31/437 1695/33/437 1696/33/437
f 1693/31/437 1697/31/437 1696/33/437
f 1698/32/437 1697/31/437 1693/31/437
f 1694/32/437 1698/32/437 1693/31/437
f 1691/31/587 1696/33/584 1693/31/587
f 1696/33/584 1691/31/587 1699/33/584
f 1693/31/588 1696/33/582 1691/31/588
f 1699/33/582 1691/31/588 1696/33/582
f 1694/32/586 1700/32/581 1692/32/586
f 1700/32/581 1694/32/586 1698/32/581
f 1692/32/585 1700/32/583 1694/32/585
f 1698/32/583 1694/32/585 1700/32/583
f 1701/33/588 1697/31/582 1695/33/588
f 1697/31/582 1701/33/588 1702/31/582
f 1695/33/587 1697/31/584 1701/33/587
f 1702/31/584 1701/33/587 1697/31/584
f 1698/32/581 1702/31/582 1700/32/581
f 1702/31/582 1698/32/581 1697/31/582
f 1700/32/583 1702/31/584 1698/32/583
f 1697/31/584 1698/32/583 1702/31/584
f 1687/30/583 1696/33/584 1699/33/584
f 1696/33/584 1687/30/583 1688/30/583
f 1699/33/582 1696/33/582 1687/30/581
f 1688/30/581 1687/30/581 1696/33/582
f 1699/33/437 1689/30/437 1687/30/437
f 1689/30/437 1699/33/437 1701/33/437
f 1701/33/437 1699/33/437 1691/31/437
f 1701/33/437 1691/31/437 1702/31/437
f 1702/31/437 1691/31/437 1692/32/437
f 1702/31/437 1692/32/437 1700/32/437
f 1687/30/438 1689/30/438 1699/33/438
f 1701/33/438 1699/33/438 1689/30/438
f 1691/31/438 1699/33/438 1701/33/438
f 1702/31/438 1691/31/438 1701/33/438
f 1692/32/438 1691/31/438 1702/31/438
f 1700/32/438 1692/32/438 1702/31/438
f 1701/33/588 1690/30/585 1689/30/585
f 1690/30/585 1701/33/588 1695/33/588
f 1689/30/586 1690/30/586 1701/33/587
f 1695/33/587 1701/33/587 1690/30/586
f 1705/34/589 1704/34/590 1703/34/589
f 1704/34/590 1705/34/589 1706/34/590
f 1703/34/591 1704/34/592 1705/34/591
f 1706/34/592 1705/34/591 1704/34/592
f 1709/35/591 1708/35/592 1707/35/592
f 1708/35/592 1709/35/591 1710/35/591
f 1707/35/590 1708/35/590 1709/35/589
f 1710/35/589 1709/35/589 1708/35/590
f 1707/35/592 1712/36/593 1711/36/593
f 1712/36/593 1707/35/592 1708/35/592
f 1711/36/594 1712/36/594 1707/35/590
f 1708/35/590 1707/35/590 1712/36/594
f 1713/36/595 1710/35/591 1709/35/591
f 1710/35/591 1713/36/595 1714/36/595
f 1709/35/589 1710/35/589 1713/36/596
f 1714/36/596 1713/36/596 1710/35/589
f 1713/36/595 1715/37/594 1714/36/595
f 1715/37/594 1713/36/595 1716/37/594
f 1714/36/596 1715/37/593 1713/36/596
f 1716/37/593 1713/36/596 1715/37/593
f 1714/36/597 1708/35/597 1710/35/597
f 1708/35/597 1714/36/597 1712/36/597
f 1712/36/597 1714/36/597 1715/37/597
f 1712/36/597 1715/37/597 1717/37/597
f 1717/37/597 1715/37/597 1706/34/597
f 1717/37/597 1706/34/597 1705/34/597
f 1710/35/598 1708/35/598 1714/36/598
f 1712/36/598 1714/36/598 1708/35/598
f 1715/37/598 1714/36/598 1712/36/598
f 1717/37/598 1715/37/598 1712/36/598
f 1706/34/598 1715/37/598 1717/37/598
f 1705/34/598 1706/34/598 1717/37/598
f 1706/34/590 1716/37/594 1704/34/590
f 1716/37/594 1706/34/590 1715/37/594
f 1704/34/592 1716/37/593 1706/34/592
f 1715/37/593 1706/34/592 1716/37/593
f 1718/37/596 1712/36/593 1717/37/596
f 1712/36/593 1718/37/596 1711/36/593
f 1717/37/595 1712/36/594 1718/37/595
f 1711/36/594 1718/37/595 1712/36/594
f 1717/37/596 1703/34/589 1718/37/596
f 1703/34/589 1717/37/596 1705/34/589
f 1718/37/595 1703/34/591 1717/37/595
f 1705/34/591 1717/37/595 1703/34/591
f 1711/36/598 1709/35/598 1707/35/598
f 1709/35/598 1711/36/598 1713/36/598
f 1713/36/598 1711/36/598 1718/37/598
f 1713/36/598 1718/37/598 1716/37/598
f 1716/37/598 1718/37/598 1703/34/598
f 1716/37/598 1703/34/598 1704/34/598
f 1707/35/597 1709/35/597 1711/36/597
f 1713/36/597 1711/36/597 1709/35/597
f 1718/37/597 1711/36/597 1713/36/597
f 1716/37/597 1718/37/597 1713/36/597
f 1703/34/597 1718/37/597 1716/37/597
f 1704/34/597 1703/34/597 1716/37/597
f 1721/38/599 1720/39/600 1719/38/599
f 1720/39/600 1721/38/599 1722/39/600
f 1719/38/601 1720/39/602 1721/38/601
f 1722/39/602 1721/38/601 1720/39/602
f 1724/38/603 1719/38/599 1723/38/603
f 1719/38/599 1724/38/603 1721/38/599
f 1723/38/604 1719/38/601 1724/38/604
f 1721/38/601 1724/38/604 1719/38/601
f 1727/39/605 1726/40/602 1725/40/602
f 1726/40/602 1727/39/605 1728/39/605
f 1725/40/600 1726/40/600 1727/39/606
f 1728/39/606 1727/39/606 1726/40/600
f 1720/39/600 1730/40/606 1729/40/606
f 1730/40/606 1720/39/600 1722/39/600
f 1729/40/605 1730/40/605 1720/39/602
f 1722/39/602 1720/39/602 1730/40/605
f 1731/41/427 1727/39/427 1725/40/427
f 1727/39/427 1731/41/427 1724/38/427
f 1724/38/427 1731/41/427 1732/41/427
f 1724/38/427 1732/41/427 1721/38/427
f 1721/38/427 1732/41/427 1730/40/427
f 1721/38/427 1730/40/427 1722/39/427
f 1725/40/430 1727/39/430 1731/41/430
f 1724/38/430 1731/41/430 1727/39/430
f 1732/41/430 1731/41/430 1724/38/430
f 1721/38/430 1732/41/430 1724/38/430
f 1730/40/430 1732/41/430 1721/38/430
f 1722/39/430 1730/40/430 1721/38/430
f 1733/41/601 1725/40/602 1726/40/602
f 1725/40/602 1733/41/601 1731/41/601
f 1726/40/600 1725/40/600 1733/41/599
f 1731/41/599 1733/41/599 1725/40/600
f 1727/39/605 1723/38/603 1728/39/605
f 1723/38/603 1727/39/605 1724/38/603
f 1728/39/606 1723/38/604 1727/39/606
f 1724/38/604 1727/39/606 1723/38/604
f 1723/38/430 1726/40/430 1728/39/430
f 1726/40/430 1723/38/430 1733/41/430
f 1733/41/430 1723/38/430 1719/38/430
f 1733/41/430 1719/38/430 1734/41/430
f 1734/41/430 1719/38/430 1720/39/430
f 1734/41/430 1720/39/430 1729/40/430
f 1728/39/427 1726/40/427 1723/38/427
f 1733/41/427 1723/38/427 1726/40/427
f 1719/38/427 1723/38/427 1733/41/427
f 1734/41/427 1719/38/427 1733/41/427
f 1720/39/427 1719/38/427 1734/41/427
f 1729/40/427 1720/39/427 1734/41/427
f 1729/40/606 1732/41/604 1734/41/604
f 1732/41/604 1729/40/606 1730/40/606
f 1734/41/603 1732/41/603 1729/40/605
f 1730/40/605 1729/40/605 1732/41/603
f 1734/41/604 1731/41/601 1733/41/601
f 1731/41/601 1734/41/604 1732/41/604
f 1733/41/599 1731/41/599 1734/41/603
f 1732/41/603 1734/41/603 1731/41/599
f 1737/11/440 1736/12/439 1735/11/439
f 1736/12/439 1737/11/440 1738/12/440
f 1735/11/442 1736/12/442 1737/11/441
f 1738/12/441 1737/11/441 1736/12/442
f 1739/11/418 1738/12/440 1737/11/440
f 1738/12/440 1739/11/418 1740/12/418
f 1737/11/441 1738/12/441 1739/11/417
f 1740/12/417 1739/11/417 1738/12/441
f 1743/12/448 1742/11/443 1741/11/448
f 1742/11/443 1743/12/448 1744/12/443
f 1741/11/447 1742/11/444 1743/12/447
f 1744/12/444 1743/12/447 1742/11/444
f 1744/12/443 1739/11/418 1742/11/443
f 1739/11/418 1744/12/443 1740/12/418
f 1742/11/444 1739/11/417 1744/12/444
f 1740/12/417 1744/12/444 1739/11/417
f 1736/12/97 1746/12/97 1745/12/97
f 1746/12/97 1736/12/97 1738/12/97
f 1746/12/97 1738/12/97 1747/12/97
f 1747/12/97 1738/12/97 1740/12/97
f 1747/12/97 1740/12/97 1748/12/97
f 1748/12/97 1740/12/97 1744/12/97
f 1748/12/97 1744/12/97 1749/12/97
f 1749/12/97 1744/12/97 1743/12/97
f 1745/12/98 1746/12/98 1736/12/98
f 1738/12/98 1736/12/98 1746/12/98
f 1747/12/98 1738/12/98 1746/12/98
f 1740/12/98 1738/12/98 1747/12/98
f 1748/12/98 1740/12/98 1747/12/98
f 1744/12/98 1740/12/98 1748/12/98
f 1749/12/98 1744/12/98 1748/12/98
f 1743/12/98 1744/12/98 1749/12/98
f 1736/12/348 928/11/348 1735/11/348
f 928/11/348 1736/12/348 1745/12/348
f 1735/11/350 928/11/350 1736/12/350
f 1745/12/350 1736/12/350 928/11/350
f 936/11/354 1743/12/354 1741/11/354
f 1743/12/354 936/11/354 1749/12/354
f 1741/11/353 1743/12/353 936/11/353
f 1749/12/353 936/11/353 1743/12/353
f 1748/12/444 936/11/447 934/11/444
f 936/11/447 1748/12/444 1749/12/447
f 934/11/443 936/11/448 1748/12/443
f 1749/12/448 1748/12/443 936/11/448
f 1747/12/417 934/11/444 932/11/417
f 934/11/444 1747/12/417 1748/12/444
f 932/11/418 934/11/443 1747/12/418
f 1748/12/443 1747/12/418 934/11/443
f 1747/12/417 929/11/441 1746/12/441
f 929/11/441 1747/12/417 932/11/417
f 1746/12/440 929/11/440 1747/12/418
f 932/11/418 1747/12/418 929/11/440
f 1746/12/441 928/11/442 1745/12/442
f 928/11/442 1746/12/441 929/11/441
f 1745/12/439 928/11/439 1746/12/440
f 929/11/440 1746/12/440 928/11/439
f 1751/11/98 1750/11/98 548/11/98
f 1750/11/98 1751/11/98 753/11/98
f 1750/11/98 753/11/98 1752/11/98
f 1752/11/98 753/11/98 1753/11/98
f 1752/11/98 1753/11/98 1754/11/98
f 1754/11/98 1753/11/98 1755/11/98
f 1755/11/98 1753/11/98 298/11/98
f 1755/11/98 298/11/98 1756/11/98
f 548/11/97 1750/11/97 1751/11/97
f 753/11/97 1751/11/97 1750/11/97
f 1752/11/97 753/11/97 1750/11/97
f 1753/11/97 753/11/97 1752/11/97
f 1754/11/97 1753/11/97 1752/11/97
f 1755/11/97 1753/11/97 1754/11/97
f 298/11/97 1753/11/97 1755/11/97
f 1756/11/97 298/11/97 1755/11/97
f 1078/13/97 947/13/97 939/13/97
f 947/13/97 1078/13/97 946/13/97
f 946/13/97 1078/13/97 1757/13/97
f 946/13/97 1757/13/97 945/13/97
f 945/13/97 1757/13/97 1758/13/97
f 945/13/97 1758/13/97 1759/13/97
f 945/13/97 1759/13/97 944/13/97
f 944/13/97 1759/13/97 1760/13/97
f 939/13/98 947/13/98 1078/13/98
f 946/13/98 1078/13/98 947/13/98
f 1757/13/98 1078/13/98 946/13/98
f 945/13/98 1757/13/98 946/13/98
f 1758/13/98 1757/13/98 945/13/98
f 1759/13/98 1758/13/98 945/13/98
f 944/13/98 1759/13/98 945/13/98
f 1760/13/98 1759/13/98 944/13/98
f 1078/13/348 548/11/348 1750/11/348
f 548/11/348 1078/13/348 939/13/348
f 1750/11/350 548/11/350 1078/13/350
f 939/13/350 1078/13/350 548/11/350
f 1752/11/440 1078/13/439 1750/11/439
f 1078/13/439 1752/11/440 1757/13/440
f 1750/11/442 1078/13/442 1752/11/441
f 1757/13/441 1752/11/441 1078/13/442
f 1754/11/418 1757/13/440 1752/11/440
f 1757/13/440 1754/11/418 1758/13/418
f 1752/11/441 1757/13/441 1754/11/417
f 1758/13/417 1754/11/417 1757/13/441
f 1759/13/443 1754/11/418 1755/11/443
f 1754/11/418 1759/13/443 1758/13/418
f 1755/11/444 1754/11/417 1759/13/444
f 1758/13/417 1759/13/444 1754/11/417
f 1760/13/445 1755/11/443 1756/11/445
f 1755/11/443 1760/13/445 1759/13/443
f 1756/11/446 1755/11/444 1760/13/446
f 1759/13/444 1760/13/446 1755/11/444
f 298/11/354 1760/13/354 1756/11/354
f 1760/13/354 298/11/354 944/13/354
f 1756/11/353 1760/13/353 298/11/353
f 944/13/353 298/11/353 1760/13/353
f 945/13/444 298/11/447 1753/11/444
f 298/11/447 945/13/444 944/13/447
f 1753/11/443 298/11/448 945/13/443
f 944/13/448 945/13/443 298/11/448
f 946/13/417 1753/11/444 753/11/417
f 1753/11/444 946/13/417 945/13/444
f 753/11/418 1753/11/443 946/13/418
f 945/13/443 946/13/418 1753/11/443
f 946/13/417 1751/11/441 947/13/441
f 1751/11/441 946/13/417 753/11/417
f 947/13/440 1751/11/440 946/13/418
f 753/11/418 946/13/418 1751/11/440
f 947/13/441 548/11/442 939/13/442
f 548/11/442 947/13/441 1751/11/441
f 939/13/439 548/11/439 947/13/440
f 1751/11/440 947/13/440 548/11/439
f 1763/13/529 1762/11/530 1761/13/530
f 1762/11/530 1763/13/529 1764/11/529
f 1761/13/527 1762/11/527 1763/13/528
f 1764/11/528 1763/13/528 1762/11/527
f 1767/13/533 1766/11/534 1765/11/533
f 1766/11/534 1767/13/533 1768/13/534
f 1765/11/531 1766/11/532 1767/13/531
f 1768/13/532 1767/13/531 1766/11/532
f 1768/13/534 1769/11/536 1766/11/534
f 1769/11/536 1768/13/534 1770/13/536
f 1766/11/532 1769/11/535 1768/13/532
f 1770/13/535 1768/13/532 1769/11/535
f 1773/11/539 1772/13/540 1771/11/540
f 1772/13/540 1773/11/539 1774/13/539
f 1771/11/537 1772/13/537 1773/11/538
f 1774/13/538 1773/11/538 1772/13/537
f 1771/11/540 1767/13/533 1765/11/533
f 1767/13/533 1771/11/540 1772/13/540
f 1765/11/531 1767/13/531 1771/11/537
f 1772/13/537 1771/11/537 1767/13/531
f 1761/13/530 1769/11/536 1770/13/536
f 1769/11/536 1761/13/530 1762/11/530
f 1770/13/535 1769/11/535 1761/13/527
f 1762/11/527 1761/13/527 1769/11/535
f 1761/13/97 1774/13/97 1763/13/97
f 1774/13/97 1761/13/97 1770/13/97
f 1774/13/97 1770/13/97 1768/13/97
f 1774/13/97 1768/13/97 1767/13/97
f 1774/13/97 1767/13/97 1772/13/97
f 1763/13/98 1774/13/98 1761/13/98
f 1770/13/98 1761/13/98 1774/13/98
f 1768/13/98 1770/13/98 1774/13/98
f 1767/13/98 1768/13/98 1774/13/98
f 1772/13/98 1767/13/98 1774/13/98
f 1777/27/447 1776/26/447 1775/26/447
f 1776/26/447 1777/27/447 1778/27/447
f 1778/27/447 1777/27/447 1779/28/447
f 1778/27/447 1779/28/447 1780/28/447
f 1780/28/447 1779/28/447 1781/29/447
f 1780/28/447 1781/29/447 1782/29/447
f 1775/26/448 1776/26/448 1777/27/448
f 1778/27/448 1777/27/448 1776/26/448
f 1779/28/448 1777/27/448 1778/27/448
f 1780/28/448 1779/28/448 1778/27/448
f 1781/29/448 1779/28/448 1780/28/448
f 1782/29/448 1781/29/448 1780/28/448
f 1783/29/607 1780/28/608 1782/29/607
f 1780/28/608 1783/29/607 1784/28/608
f 1782/29/609 1780/28/610 1783/29/609
f 1784/28/610 1783/29/609 1780/28/610
f 1776/26/611 1785/26/609 1775/26/609
f 1785/26/609 1776/26/611 1786/26/611
f 1775/26/607 1785/26/607 1776/26/612
f 1786/26/612 1776/26/612 1785/26/607
f 1779/28/613 1788/27/610 1787/28/613
f 1788/27/610 1779/28/613 1777/27/610
f 1787/28/614 1788/27/608 1779/28/614
f 1777/27/608 1779/28/614 1788/27/608
f 1789/27/448 1785/26/448 1786/26/448
f 1785/26/448 1789/27/448 1788/27/448
f 1788/27/448 1789/27/448 1784/28/448
f 1788/27/448 1784/28/448 1787/28/448
f 1787/28/448 1784/28/448 1783/29/448
f 1787/28/448 1783/29/448 1790/29/448
f 1786/26/447 1785/26/447 1789/27/447
f 1788/27/447 1789/27/447 1785/26/447
f 1784/28/447 1789/27/447 1788/27/447
f 1787/28/447 1784/28/447 1788/27/447
f 1783/29/447 1784/28/447 1787/28/447
f 1790/29/447 1783/29/447 1787/28/447
f 1778/27/614 1784/28/608 1789/27/614
f 1784/28/608 1778/27/614 1780/28/608
f 1789/27/613 1784/28/610 1778/27/613
f 1780/28/610 1778/27/613 1784/28/610
f 1775/26/609 1788/27/610 1777/27/610
f 1788/27/610 1775/26/609 1785/26/609
f 1777/27/608 1788/27/608 1775/26/607
f 1785/26/607 1775/26/607 1788/27/608
f 1787/28/613 1781/29/612 1779/28/613
f 1781/29/612 1787/28/613 1790/29/612
f 1779/28/614 1781/29/611 1787/28/614
f 1790/29/611 1787/28/614 1781/29/611
f 1790/29/612 1782/29/607 1781/29/612
f 1782/29/607 1790/29/612 1783/29/607
f 1781/29/611 1782/29/609 1790/29/611
f 1783/29/609 1790/29/611 1782/29/609
f 1778/27/614 1786/26/611 1776/26/611
f 1786/26/611 1778/27/614 1789/27/614
f 1776/26/612 1786/26/612 1778/27/613
f 1789/27/613 1778/27/613 1786/26/612
f 1793/30/611 1792/30/609 1791/30/609
f 1792/30/609 1793/30/611 1794/30/611
f 1791/30/607 1792/30/607 1793/30/612
f 1794/30/612 1793/30/612 1792/30/607
f 1797/31/613 1796/32/612 1795/31/613
f 1796/32/612 1797/31/613 1798/32/612
f 1795/31/614 1796/32/611 1797/31/614
f 1798/32/611 1797/31/614 1796/32/611
f 1799/33/448 1792/30/448 1794/30/448
f 1792/30/448 1799/33/448 1800/33/448
f 1800/33/448 1799/33/448 1801/31/448
f 1800/33/448 1801/31/448 1797/31/448
f 1797/31/448 1801/31/448 1802/32/448
f 1797/31/448 1802/32/448 1798/32/448
f 1794/30/447 1792/30/447 1799/33/447
f 1800/33/447 1799/33/447 1792/30/447
f 1801/31/447 1799/33/447 1800/33/447
f 1797/31/447 1801/31/447 1800/33/447
f 1802/32/447 1801/31/447 1797/31/447
f 1798/32/447 1802/32/447 1797/31/447
f 1795/31/613 1800/33/610 1797/31/613
f 1800/33/610 1795/31/613 1803/33/610
f 1797/31/614 1800/33/608 1795/31/614
f 1803/33/608 1795/31/614 1800/33/608
f 1798/32/612 1804/32/607 1796/32/612
f 1804/32/607 1798/32/612 1802/32/607
f 1796/32/611 1804/32/609 1798/32/611
f 1802/32/609 1798/32/611 1804/32/609
f 1805/33/614 1801/31/608 1799/33/614
f 1801/31/608 1805/33/614 1806/31/608
f 1799/33/613 1801/31/610 1805/33/613
f 1806/31/610 1805/33/613 1801/31/610
f 1802/32/607 1806/31/608 1804/32/607
f 1806/31/608 1802/32/607 1801/31/608
f 1804/32/609 1806/31/610 1802/32/609
f 1801/31/610 1802/32/609 1806/31/610
f 1791/30/609 1800/33/610 1803/33/610
f 1800/33/610 1791/30/609 1792/30/609
f 1803/33/608 1800/33/608 1791/30/607
f 1792/30/607 1791/30/607 1800/33/608
f 1803/33/447 1793/30/447 1791/30/447
f 1793/30/447 1803/33/447 1805/33/447
f 1805/33/447 1803/33/447 1795/31/447
f 1805/33/447 1795/31/447 1806/31/447
f 1806/31/447 1795/31/447 1796/32/447
f 1806/31/447 1796/32/447 1804/32/447
f 1791/30/448 1793/30/448 1803/33/448
f 1805/33/448 1803/33/448 1793/30/448
f 1795/31/448 1803/33/448 1805/33/448
f 1806/31/448 1795/31/448 1805/33/448
f 1796/32/448 1795/31/448 1806/31/448
f 1804/32/448 1796/32/448 1806/31/448
f 1805/33/614 1794/30/611 1793/30/611
f 1794/30/611 1805/33/614 1799/33/614
f 1793/30/612 1794/30/612 1805/33/613
f 1799/33/613 1805/33/613 1794/30/612
f 1809/34/615 1808/34/616 1807/34/615
f 1808/34/616 1809/34/615 1810/34/616
f 1807/34/617 1808/34/618 1809/34/617
f 1810/34/618 1809/34/617 1808/34/618
f 1813/35/617 1812/35/618 1811/35/618
f 1812/35/618 1813/35/617 1814/35/617
f 1811/35/616 1812/35/616 1813/35/615
f 1814/35/615 1813/35/615 1812/35/616
f 1811/35/618 1816/36/555 1815/36/555
f 1816/36/555 1811/35/618 1812/35/618
f 1815/36/556 1816/36/556 1811/35/616
f 1812/35/616 1811/35/616 1816/36/556
f 1817/36/553 1814/35/617 1813/35/617
f 1814/35/617 1817/36/553 1818/36/553
f 1813/35/615 1814/35/615 1817/36/554
f 1818/36/554 1817/36/554 1814/35/615
f 1817/36/553 1819/37/556 1818/36/553
f 1819/37/556 1817/36/553 1820/37/556
f 1818/36/554 1819/37/555 1817/36/554
f 1820/37/555 1817/36/554 1819/37/555
f 1818/36/558 1812/35/558 1814/35/558
f 1812/35/558 1818/36/558 1816/36/558
f 1816/36/558 1818/36/558 1819/37/558
f 1816/36/558 1819/37/558 1821/37/558
f 1821/37/558 1819/37/558 1810/34/558
f 1821/37/558 1810/34/558 1809/34/558
f 1814/35/557 1812/35/557 1818/36/557
f 1816/36/557 1818/36/557 1812/35/557
f 1819/37/557 1818/36/557 1816/36/557
f 1821/37/557 1819/37/557 1816/36/557
f 1810/34/557 1819/37/557 1821/37/557
f 1809/34/557 1810/34/557 1821/37/557
f 1810/34/616 1820/37/556 1808/34/616
f 1820/37/556 1810/34/616 1819/37/556
f 1808/34/618 1820/37/555 1810/34/618
f 1819/37/555 1810/34/618 1820/37/555
f 1822/37/554 1816/36/555 1821/37/554
f 1816/36/555 1822/37/554 1815/36/555
f 1821/37/553 1816/36/556 1822/37/553
f 1815/36/556 1822/37/553 1816/36/556
f 1821/37/554 1807/34/615 1822/37/554
f 1807/34/615 1821/37/554 1809/34/615
f 1822/37/553 1807/34/617 1821/37/553
f 1809/34/617 1821/37/553 1807/34/617
f 1815/36/557 1813/35/557 1811/35/557
f 1813/35/557 1815/36/557 1817/36/557
f 1817/36/557 1815/36/557 1822/37/557
f 1817/36/557 1822/37/557 1820/37/557
f 1820/37/557 1822/37/557 1807/34/557
f 1820/37/557 1807/34/557 1808/34/557
f 1811/35/558 1813/35/558 1815/36/558
f 1817/36/558 1815/36/558 1813/35/558
f 1822/37/558 1815/36/558 1817/36/558
f 1820/37/558 1822/37/558 1817/36/558
f 1807/34/558 1822/37/558 1820/37/558
f 1808/34/558 1807/34/558 1820/37/558
f 1825/38/619 1824/39/620 1823/38/619
f 1824/39/620 1825/38/619 1826/39/620
f 1823/38/621 1824/39/622 1825/38/621
f 1826/39/622 1825/38/621 1824/39/622
f 1828/38/623 1823/38/619 1827/38/623
f 1823/38/619 1828/38/623 1825/38/619
f 1827/38/624 1823/38/621 1828/38/624
f 1825/38/621 1828/38/624 1823/38/621
f 1831/39/625 1830/40/622 1829/40/622
f 1830/40/622 1831/39/625 1832/39/625
f 1829/40/620 1830/40/620 1831/39/626
f 1832/39/626 1831/39/626 1830/40/620
f 1824/39/620 1834/40/626 1833/40/626
f 1834/40/626 1824/39/620 1826/39/620
f 1833/40/625 1834/40/625 1824/39/622
f 1826/39/622 1824/39/622 1834/40/625
f 1835/41/439 1831/39/439 1829/40/439
f 1831/39/439 1835/41/439 1828/38/439
f 1828/38/439 1835/41/439 1836/41/439
f 1828/38/439 1836/41/439 1825/38/439
f 1825/38/439 1836/41/439 1834/40/439
f 1825/38/439 1834/40/439 1826/39/439
f 1829/40/442 1831/39/442 1835/41/442
f 1828/38/442 1835/41/442 1831/39/442
f 1836/41/442 1835/41/442 1828/38/442
f 1825/38/442 1836/41/442 1828/38/442
f 1834/40/442 1836/41/442 1825/38/442
f 1826/39/442 1834/40/442 1825/38/442
f 1837/41/621 1829/40/622 1830/40/622
f 1829/40/622 1837/41/621 1835/41/621
f 1830/40/620 1829/40/620 1837/41/619
f 1835/41/619 1837/41/619 1829/40/620
f 1831/39/625 1827/38/623 1832/39/625
f 1827/38/623 1831/39/625 1828/38/623
f 1832/39/626 1827/38/624 1831/39/626
f 1828/38/624 1831/39/626 1827/38/624
f 1827/38/442 1830/40/442 1832/39/442
f 1830/40/442 1827/38/442 1837/41/442
f 1837/41/442 1827/38/442 1823/38/442
f 1837/41/442 1823/38/442 1838/41/442
f 1838/41/442 1823/38/442 1824/39/442
f 1838/41/442 1824/39/442 1833/40/442
f 1832/39/439 1830/40/439 1827/38/439
f 1837/41/439 1827/38/439 1830/40/439
f 1823/38/439 1827/38/439 1837/41/439
f 1838/41/439 1823/38/439 1837/41/439
f 1824/39/439 1823/38/439 1838/41/439
f 1833/40/439 1824/39/439 1838/41/439
f 1833/40/626 1836/41/624 1838/41/624
f 1836/41/624 1833/40/626 1834/40/626
f 1838/41/623 1836/41/623 1833/40/625
f 1834/40/625 1833/40/625 1836/41/623
f 1838/41/624 1835/41/621 1837/41/621
f 1835/41/621 1838/41/624 1836/41/624
f 1837/41/619 1835/41/619 1838/41/623
f 1836/41/623 1838/41/623 1835/41/619
f 1841/43/350 1840/42/627 1839/42/350
f 1840/42/627 1841/43/350 1842/43/627
f 1839/42/348 1840/42/628 1841/43/348
f 1842/43/628 1841/43/348 1840/42/628
f 1845/43/629 1844/42/348 1843/42/629
f 1844/42/348 1845/43/629 1846/43/348
f 1843/42/630 1844/42/350 1845/43/630
f 1846/43/350 1845/43/630 1844/42/350
f 1848/43/630 1839/42/350 1847/42/630
f 1839/42/350 1848/43/630 1841/43/350
f 1847/42/629 1839/42/348 1848/43/629
f 1841/43/348 1848/43/629 1839/42/348
f 1848/43/631 1850/42/353 1849/43/353
f 1850/42/353 1848/43/631 1847/42/631
f 1849/43/354 1850/42/354 1848/43/632
f 1847/42/632 1848/43/632 1850/42/354
f 1851/43/97 1848/43/97 1849/43/97
f 1848/43/97 1851/43/97 1846/43/97
f 1848/43/97 1846/43/97 1841/43/97
f 1841/43/97 1846/43/97 1845/43/97
f 1841/43/97 1845/43/97 1842/43/97
f 1842/43/97 1845/43/97 1852/43/97
f 1849/43/98 1848/43/98 1851/43/98
f 1846/43/98 1851/43/98 1848/43/98
f 1841/43/98 1846/43/98 1848/43/98
f 1845/43/98 1846/43/98 1841/43/98
f 1842/43/98 1845/43/98 1841/43/98
f 1852/43/98 1845/43/98 1842/43/98
f 1853/42/354 1845/43/632 1843/42/632
f 1845/43/632 1853/42/354 1852/43/354
f 1843/42/631 1845/43/631 1853/42/353
f 1852/43/353 1853/42/353 1845/43/631
f 1840/42/633 1852/43/354 1853/42/354
f 1852/43/354 1840/42/633 1842/43/633
f 1853/42/353 1852/43/353 1840/42/634
f 1842/43/634 1840/42/634 1852/43/353
f 1849/43/353 1854/42/634 1851/43/634
f 1854/42/634 1849/43/353 1850/42/353
f 1851/43/633 1854/42/633 1849/43/354
f 1850/42/354 1849/43/354 1854/42/633
f 1846/43/348 1854/42/628 1844/42/348
f 1854/42/628 1846/43/348 1851/43/628
f 1844/42/350 1854/42/627 1846/43/350
f 1851/43/627 1846/43/350 1854/42/627
f 1857/43/353 1856/42/634 1855/43/634
f 1856/42/634 1857/43/353 1858/42/353
f 1855/43/633 1856/42/633 1857/43/354
f 1858/42/354 1857/43/354 1856/42/633
f 1861/43/350 1860/42/627 1859/42/350
f 1860/42/627 1861/43/350 1862/43/627
f 1859/42/348 1860/42/628 1861/43/348
f 1862/43/628 1861/43/348 1860/42/628
f 1864/43/630 1859/42/350 1863/42/630
f 1859/42/350 1864/43/630 1861/43/350
f 1863/42/629 1859/42/348 1864/43/629
f 1861/43/348 1864/43/629 1859/42/348
f 1866/43/348 1856/42/628 1865/42/348
f 1856/42/628 1866/43/348 1855/43/628
f 1865/42/350 1856/42/627 1866/43/350
f 1855/43/627 1866/43/350 1856/42/627
f 1868/43/629 1865/42/348 1867/42/629
f 1865/42/348 1868/43/629 1866/43/348
f 1867/42/630 1865/42/350 1868/43/630
f 1866/43/350 1868/43/630 1865/42/350
f 1869/42/354 1868/43/632 1867/42/632
f 1868/43/632 1869/42/354 1870/43/354
f 1867/42/631 1868/43/631 1869/42/353
f 1870/43/353 1869/42/353 1868/43/631
f 1860/42/633 1870/43/354 1869/42/354
f 1870/43/354 1860/42/633 1862/43/633
f 1869/42/353 1870/43/353 1860/42/634
f 1862/43/634 1860/42/634 1870/43/353
f 1855/43/97 1864/43/97 1857/43/97
f 1864/43/97 1855/43/97 1861/43/97
f 1861/43/97 1855/43/97 1866/43/97
f 1861/43/97 1866/43/97 1862/43/97
f 1862/43/97 1866/43/97 1868/43/97
f 1862/43/97 1868/43/97 1870/43/97
f 1857/43/98 1864/43/98 1855/43/98
f 1861/43/98 1855/43/98 1864/43/98
f 1866/43/98 1855/43/98 1861/43/98
f 1862/43/98 1866/43/98 1861/43/98
f 1868/43/98 1866/43/98 1862/43/98
f 1870/43/98 1868/43/98 1862/43/98
f 1863/42/98 1856/42/98 1858/42/98
f 1856/42/98 1863/42/98 1859/42/98
f 1856/42/98 1859/42/98 1865/42/98
f 1865/42/98 1859/42/98 1860/42/98
f 1865/42/98 1860/42/98 1867/42/98
f 1867/42/98 1860/42/98 1869/42/98
f 1858/42/97 1856/42/97 1863/42/97
f 1859/42/97 1863/42/97 1856/42/97
f 1865/42/97 1859/42/97 1856/42/97
f 1860/42/97 1859/42/97 1865/42/97
f 1867/42/97 1860/42/97 1865/42/97
f 1869/42/97 1860/42/97 1867/42/97
f 1864/43/631 1858/42/353 1857/43/353
f 1858/42/353 1864/43/631 1863/42/631
f 1857/43/354 1858/42/354 1864/43/632
f 1863/42/632 1864/43/632 1858/42/354
f 1873/45/635 1872/44/636 1871/44/635
f 1872/44/636 1873/45/635 1874/45/636
f 1871/44/637 1872/44/638 1873/45/637
f 1874/45/638 1873/45/637 1872/44/638
f 1876/45/639 1871/44/635 1875/44/639
f 1871/44/635 1876/45/639 1873/45/635
f 1875/44/640 1871/44/637 1876/45/640
f 1873/45/637 1876/45/640 1871/44/637
f 1879/44/641 1878/45/642 1877/45/641
f 1878/45/642 1879/44/641 1880/44/642
f 1877/45/643 1878/45/644 1879/44/643
f 1880/44/644 1879/44/643 1878/45/644
f 1883/44/645 1882/45/646 1881/45/645
f 1882/45/646 1883/44/645 1884/44/646
f 1881/45/647 1882/45/648 1883/44/647
f 1884/44/648 1883/44/647 1882/45/648
f 1885/44/650 1878/45/649 1880/44/649
f 1878/45/649 1885/44/650 1886/45/650
f 1880/44/652 1878/45/652 1885/44/651
f 1886/45/651 1885/44/651 1878/45/652
f 1883/44/653 1886/45/650 1885/44/650
f 1886/45/650 1883/44/653 1881/45/653
f 1885/44/651 1886/45/651 1883/44/654
f 1881/45/654 1883/44/654 1886/45/651
f 1875/44/655 1877/45/641 1876/45/655
f 1877/45/641 1875/44/655 1879/44/641
f 1876/45/656 1877/45/643 1875/44/656
f 1879/44/643 1875/44/656 1877/45/643
f 1884/44/646 1874/45/657 1882/45/646
f 1874/45/657 1884/44/646 1872/44/657
f 1882/45/648 1874/45/658 1884/44/648
f 1872/44/658 1884/44/648 1874/45/658
f 1889/43/350 1888/42/627 1887/42/350
f 1888/42/627 1889/43/350 1890/43/627
f 1887/42/348 1888/42/628 1889/43/348
f 1890/43/628 1889/43/348 1888/42/628
f 1893/43/629 1892/42/348 1891/42/629
f 1892/42/348 1893/43/629 1894/43/348
f 1891/42/630 1892/42/350 1893/43/630
f 1894/43/350 1893/43/630 1892/42/350
f 1896/43/630 1887/42/350 1895/42/630
f 1887/42/350 1896/43/630 1889/43/350
f 1895/42/629 1887/42/348 1896/43/629
f 1889/43/348 1896/43/629 1887/42/348
f 1896/43/631 1898/42/353 1897/43/353
f 1898/42/353 1896/43/631 1895/42/631
f 1897/43/354 1898/42/354 1896/43/632
f 1895/42/632 1896/43/632 1898/42/354
f 1899/43/97 1896/43/97 1897/43/97
f 1896/43/97 1899/43/97 1894/43/97
f 1896/43/97 1894/43/97 1889/43/97
f 1889/43/97 1894/43/97 1893/43/97
f 1889/43/97 1893/43/97 1890/43/97
f 1890/43/97 1893/43/97 1900/43/97
f 1897/43/98 1896/43/98 1899/43/98
f 1894/43/98 1899/43/98 1896/43/98
f 1889/43/98 1894/43/98 1896/43/98
f 1893/43/98 1894/43/98 1889/43/98
f 1890/43/98 1893/43/98 1889/43/98
f 1900/43/98 1893/43/98 1890/43/98
f 1901/42/354 1893/43/632 1891/42/632
f 1893/43/632 1901/42/354 1900/43/354
f 1891/42/631 1893/43/631 1901/42/353
f 1900/43/353 1901/42/353 1893/43/631
f 1888/42/633 1900/43/354 1901/42/354
f 1900/43/354 1888/42/633 1890/43/633
f 1901/42/353 1900/43/353 1888/42/634
f 1890/43/634 1888/42/634 1900/43/353
f 1897/43/353 1902/42/634 1899/43/634
f 1902/42/634 1897/43/353 1898/42/353
f 1899/43/633 1902/42/633 1897/43/354
f 1898/42/354 1897/43/354 1902/42/633
f 1894/43/348 1902/42/628 1892/42/348
f 1902/42/628 1894/43/348 1899/43/628
f 1892/42/350 1902/42/627 1894/43/350
f 1899/43/627 1894/43/350 1902/42/627
f 1905/43/353 1904/42/634 1903/43/634
f 1904/42/634 1905/43/353 1906/42/353
f 1903/43/633 1904/42/633 1905/43/354
f 1906/42/354 1905/43/354 1904/42/633
f 1909/43/350 1908/42/627 1907/42/350
f 1908/42/627 1909/43/350 1910/43/627
f 1907/42/348 1908/42/628 1909/43/348
f 1910/43/628 1909/43/348 1908/42/628
f 1912/43/630 1907/42/350 1911/42/630
f 1907/42/350 1912/43/630 1909/43/350
f 1911/42/629 1907/42/348 1912/43/629
f 1909/43/348 1912/43/629 1907/42/348
f 1914/43/348 1904/42/628 1913/42/348
f 1904/42/628 1914/43/348 1903/43/628
f 1913/42/350 1904/42/627 1914/43/350
f 1903/43/627 1914/43/350 1904/42/627
f 1916/43/629 1913/42/348 1915/42/629
f 1913/42/348 1916/43/629 1914/43/348
f 1915/42/630 1913/42/350 1916/43/630
f 1914/43/350 1916/43/630 1913/42/350
f 1917/42/354 1916/43/632 1915/42/632
f 1916/43/632 1917/42/354 1918/43/354
f 1915/42/631 1916/43/631 1917/42/353
f 1918/43/353 1917/42/353 1916/43/631
f 1908/42/633 1918/43/354 1917/42/354
f 1918/43/354 1908/42/633 1910/43/633
f 1917/42/353 1918/43/353 1908/42/634
f 1910/43/634 1908/42/634 1918/43/353
f 1903/43/97 1912/43/97 1905/43/97
f 1912/43/97 1903/43/97 1909/43/97
f 1909/43/97 1903/43/97 1914/43/97
f 1909/43/97 1914/43/97 1910/43/97
f 1910/43/97 1914/43/97 1916/43/97
f 1910/43/97 1916/43/97 1918/43/97
f 1905/43/98 1912/43/98 1903/43/98
f 1909/43/98 1903/43/98 1912/43/98
f 1914/43/98 1903/43/98 1909/43/98
f 1910/43/98 1914/43/98 1909/43/98
f 1916/43/98 1914/43/98 1910/43/98
f 1918/43/98 1916/43/98 1910/43/98
f 1911/42/98 1904/42/98 1906/42/98
f 1904/42/98 1911/42/98 1907/42/98
f 1904/42/98 1907/42/98 1913/42/98
f 1913/42/98 1907/42/98 1908/42/98
f 1913/42/98 1908/42/98 1915/42/98
f 1915/42/98 1908/42/98 1917/42/98
f 1906/42/97 1904/42/97 1911/42/97
f 1907/42/97 1911/42/97 1904/42/97
f 1913/42/97 1907/42/97 1904/42/97
f 1908/42/97 1907/42/97 1913/42/97
f 1915/42/97 1908/42/97 1913/42/97
f 1917/42/97 1908/42/97 1915/42/97
f 1912/43/631 1906/42/353 1905/43/353
f 1906/42/353 1912/43/631 1911/42/631
f 1905/43/354 1906/42/354 1912/43/632
f 1911/42/632 1912/43/632 1906/42/354
f 1921/45/635 1920/44/636 1919/44/635
f 1920/44/636 1921/45/635 1922/45/636
f 1919/44/637 1920/44/638 1921/45/637
f 1922/45/638 1921/45/637 1920/44/638
f 1924/45/639 1919/44/635 1923/44/639
f 1919/44/635 1924/45/639 1921/45/635
f 1923/44/640 1919/44/637 1924/45/640
f 1921/45/637 1924/45/640 1919/44/637
f 1927/44/641 1926/45/642 1925/45/641
f 1926/45/642 1927/44/641 1928/44/642
f 1925/45/643 1926/45/644 1927/44/643
f 1928/44/644 1927/44/643 1926/45/644
f 1931/44/645 1930/45/646 1929/45/645
f 1930/45/646 1931/44/645 1932/44/646
f 1929/45/647 1930/45/648 1931/44/647
f 1932/44/648 1931/44/647 1930/45/648
f 1933/44/650 1926/45/649 1928/44/649
f 1926/45/649 1933/44/650 1934/45/650
f 1928/44/652 1926/45/652 1933/44/651
f 1934/45/651 1933/44/651 1926/45/652
f 1931/44/653 1934/45/650 1933/44/650
f 1934/45/650 1931/44/653 1929/45/653
f 1933/44/651 1934/45/651 1931/44/654
f 1929/45/654 1931/44/654 1934/45/651
f 1923/44/655 1925/45/641 1924/45/655
f 1925/45/641 1923/44/655 1927/44/641
f 1924/45/656 1925/45/643 1923/44/656
f 1927/44/643 1923/44/656 1925/45/643
f 1932/44/646 1922/45/657 1930/45/646
f 1922/45/657 1932/44/646 1920/44/657
f 1930/45/648 1922/45/658 1932/44/648
f 1920/44/658 1932/44/648 1922/45/658
f 1937/43/384 1936/42/628 1935/42/384
f 1936/42/628 1937/43/384 1938/43/628
f 1935/42/383 1936/42/627 1937/43/383
f 1938/43/627 1937/43/383 1936/42/627
f 1941/43/630 1940/42/383 1939/42/630
f 1940/42/383 1941/43/630 1942/43/383
f 1939/42/629 1940/42/384 1941/43/629
f 1942/43/384 1941/43/629 1940/42/384
f 1944/43/629 1935/42/384 1943/42/629
f 1935/42/384 1944/43/629 1937/43/384
f 1943/42/630 1935/42/383 1944/43/630
f 1937/43/383 1944/43/630 1935/42/383
f 1944/43/632 1946/42/385 1945/43/385
f 1946/42/385 1944/43/632 1943/42/632
f 1945/43/386 1946/42/386 1944/43/631
f 1943/42/631 1944/43/631 1946/42/386
f 1947/43/97 1944/43/97 1945/43/97
f 1944/43/97 1947/43/97 1942/43/97
f 1944/43/97 1942/43/97 1937/43/97
f 1937/43/97 1942/43/97 1941/43/97
f 1937/43/97 1941/43/97 1938/43/97
f 1938/43/97 1941/43/97 1948/43/97
f 1945/43/98 1944/43/98 1947/43/98
f 1942/43/98 1947/43/98 1944/43/98
f 1937/43/98 1942/43/98 1944/43/98
f 1941/43/98 1942/43/98 1937/43/98
f 1938/43/98 1941/43/98 1937/43/98
f 1948/43/98 1941/43/98 1938/43/98
f 1949/42/386 1941/43/631 1939/42/631
f 1941/43/631 1949/42/386 1948/43/386
f 1939/42/632 1941/43/632 1949/42/385
f 1948/43/385 1949/42/385 1941/43/632
f 1936/42/634 1948/43/386 1949/42/386
f 1948/43/386 1936/42/634 1938/43/634
f 1949/42/385 1948/43/385 1936/42/633
f 1938/43/633 1936/42/633 1948/43/385
f 1945/43/385 1950/42/633 1947/43/633
f 1950/42/633 1945/43/385 1946/42/385
f 1947/43/634 1950/42/634 1945/43/386
f 1946/42/386 1945/43/386 1950/42/634
f 1942/43/383 1950/42/627 1940/42/383
f 1950/42/627 1942/43/383 1947/43/627
f 1940/42/384 1950/42/628 1942/43/384
f 1947/43/628 1942/43/384 1950/42/628
f 1953/43/385 1952/42/633 1951/43/633
f 1952/42/633 1953/43/385 1954/42/385
f 1951/43/634 1952/42/634 1953/43/386
f 1954/42/386 1953/43/386 1952/42/634
f 1957/43/384 1956/42/628 1955/42/384
f 1956/42/628 1957/43/384 1958/43/628
f 1955/42/383 1956/42/627 1957/43/383
f 1958/43/627 1957/43/383 1956/42/627
f 1960/43/629 1955/42/384 1959/42/629
f 1955/42/384 1960/43/629 1957/43/384
f 1959/42/630 1955/42/383 1960/43/630
f 1957/43/383 1960/43/630 1955/42/383
f 1962/43/383 1952/42/627 1961/42/383
f 1952/42/627 1962/43/383 1951/43/627
f 1961/42/384 1952/42/628 1962/43/384
f 1951/43/628 1962/43/384 1952/42/628
f 1964/43/630 1961/42/383 1963/42/630
f 1961/42/383 1964/43/630 1962/43/383
f 1963/42/629 1961/42/384 1964/43/629
f 1962/43/384 1964/43/629 1961/42/384
f 1965/42/386 1964/43/631 1963/42/631
f 1964/43/631 1965/42/386 1966/43/386
f 1963/42/632 1964/43/632 1965/42/385
f 1966/43/385 1965/42/385 1964/43/632
f 1956/42/634 1966/43/386 1965/42/386
f 1966/43/386 1956/42/634 1958/43/634
f 1965/42/385 1966/43/385 1956/42/633
f 1958/43/633 1956/42/633 1966/43/385
f 1951/43/97 1960/43/97 1953/43/97
f 1960/43/97 1951/43/97 1957/43/97
f 1957/43/97 1951/43/97 1962/43/97
f 1957/43/97 1962/43/97 1958/43/97
f 1958/43/97 1962/43/97 1964/43/97
f 1958/43/97 1964/43/97 1966/43/97
f 1953/43/98 1960/43/98 1951/43/98
f 1957/43/98 1951/43/98 1960/43/98
f 1962/43/98 1951/43/98 1957/43/98
f 1958/43/98 1962/43/98 1957/43/98
f 1964/43/98 1962/43/98 1958/43/98
f 1966/43/98 1964/43/98 1958/43/98
f 1959/42/98 1952/42/98 1954/42/98
f 1952/42/98 1959/42/98 1955/42/98
f 1952/42/98 1955/42/98 1961/42/98
f 1961/42/98 1955/42/98 1956/42/98
f 1961/42/98 1956/42/98 1963/42/98
f 1963/42/98 1956/42/98 1965/42/98
f 1954/42/97 1952/42/97 1959/42/97
f 1955/42/97 1959/42/97 1952/42/97
f 1961/42/97 1955/42/97 1952/42/97
f 1956/42/97 1955/42/97 1961/42/97
f 1963/42/97 1956/42/97 1961/42/97
f 1965/42/97 1956/42/97 1963/42/97
f 1960/43/632 1954/42/385 1953/43/385
f 1954/42/385 1960/43/632 1959/42/632
f 1953/43/386 1954/42/386 1960/43/631
f 1959/42/631 1960/43/631 1954/42/386
f 1969/45/659 1968/44/649 1967/44/659
f 1968/44/649 1969/45/659 1970/45/649
f 1967/44/660 1968/44/652 1969/45/660
f 1970/45/652 1969/45/660 1968/44/652
f 1972/45/653 1967/44/659 1971/44/653
f 1967/44/659 1972/45/653 1969/45/659
f 1971/44/654 1967/44/660 1972/45/654
f 1969/45/660 1972/45/654 1967/44/660
f 1975/44/661 1974/45/657 1973/45/661
f 1974/45/657 1975/44/661 1976/44/657
f 1973/45/662 1974/45/658 1975/44/662
f 1976/44/658 1975/44/662 1974/45/658
f 1979/44/655 1978/45/663 1977/45/655
f 1978/45/663 1979/44/655 1980/44/663
f 1977/45/656 1978/45/664 1979/44/656
f 1980/44/664 1979/44/656 1978/45/664
f 1981/44/665 1974/45/636 1976/44/636
f 1974/45/636 1981/44/665 1982/45/665
f 1976/44/638 1974/45/638 1981/44/666
f 1982/45/666 1981/44/666 1974/45/638
f 1979/44/639 1982/45/665 1981/44/665
f 1982/45/665 1979/44/639 1977/45/639
f 1981/44/666 1982/45/666 1979/44/640
f 1977/45/640 1979/44/640 1982/45/666
f 1971/44/645 1973/45/661 1972/45/645
f 1973/45/661 1971/44/645 1975/44/661
f 1972/45/647 1973/45/662 1971/44/647
f 1975/44/662 1971/44/647 1973/45/662
f 1980/44/663 1970/45/642 1978/45/663
f 1970/45/642 1980/44/663 1968/44/642
f 1978/45/664 1970/45/644 1980/44/664
f 1968/44/644 1980/44/664 1970/45/644
f 1985/43/384 1984/42/628 1983/42/384
f 1984/42/628 1985/43/384 1986/43/628
f 1983/42/383 1984/42/627 1985/43/383
f 1986/43/627 1985/43/383 1984/42/627
f 1989/43/630 1988/42/383 1987/42/630
f 1988/42/383 1989/43/630 1990/43/383
f 1987/42/629 1988/42/384 1989/43/629
f 1990/43/384 1989/43/629 1988/42/384
f 1992/43/629 1983/42/384 1991/42/629
f 1983/42/384 1992/43/629 1985/43/384
f 1991/42/630 1983/42/383 1992/43/630
f 1985/43/383 1992/43/630 1983/42/383
f 1992/43/632 1994/42/385 1993/43/385
f 1994/42/385 1992/43/632 1991/42/632
f 1993/43/386 1994/42/386 1992/43/631
f 1991/42/631 1992/43/631 1994/42/386
f 1995/43/97 1992/43/97 1993/43/97
f 1992/43/97 1995/43/97 1990/43/97
f 1992/43/97 1990/43/97 1985/43/97
f 1985/43/97 1990/43/97 1989/43/97
f 1985/43/97 1989/43/97 1986/43/97
f 1986/43/97 1989/43/97 1996/43/97
f 1993/43/98 1992/43/98 1995/43/98
f 1990/43/98 1995/43/98 1992/43/98
f 1985/43/98 1990/43/98 1992/43/98
f 1989/43/98 1990/43/98 1985/43/98
f 1986/43/98 1989/43/98 1985/43/98
f 1996/43/98 1989/43/98 1986/43/98
f 1997/42/386 1989/43/631 1987/42/631
f 1989/43/631 1997/42/386 1996/43/386
f 1987/42/632 1989/43/632 1997/42/385
f 1996/43/385 1997/42/385 1989/43/632
f 1984/42/634 1996/43/386 1997/42/386
f 1996/43/386 1984/42/634 1986/43/634
f 1997/42/385 1996/43/385 1984/42/633
f 1986/43/633 1984/42/633 1996/43/385
f 1993/43/385 1998/42/633 1995/43/633
f 1998/42/633 1993/43/385 1994/42/385
f 1995/43/634 1998/42/634 1993/43/386
f 1994/42/386 1993/43/386 1998/42/634
f 1990/43/383 1998/42/627 1988/42/383
f 1998/42/627 1990/43/383 1995/43/627
f 1988/42/384 1998/42/628 1990/43/384
f 1995/43/628 1990/43/384 1998/42/628
f 2001/43/385 2000/42/633 1999/43/633
f 2000/42/633 2001/43/385 2002/42/385
f 1999/43/634 2000/42/634 2001/43/386
f 2002/42/386 2001/43/386 2000/42/634
f 2005/43/384 2004/42/628 2003/42/384
f 2004/42/628 2005/43/384 2006/43/628
f 2003/42/383 2004/42/627 2005/43/383
f 2006/43/627 2005/43/383 2004/42/627
f 2008/43/629 2003/42/384 2007/42/629
f 2003/42/384 2008/43/629 2005/43/384
f 2007/42/630 2003/42/383 2008/43/630
f 2005/43/383 2008/43/630 2003/42/383
f 2010/43/383 2000/42/627 2009/42/383
f 2000/42/627 2010/43/383 1999/43/627
f 2009/42/384 2000/42/628 2010/43/384
f 1999/43/628 2010/43/384 2000/42/628
f 2012/43/630 2009/42/383 2011/42/630
f 2009/42/383 2012/43/630 2010/43/383
f 2011/42/629 2009/42/384 2012/43/629
f 2010/43/384 2012/43/629 2009/42/384
f 2013/42/386 2012/43/631 2011/42/631
f 2012/43/631 2013/42/386 2014/43/386
f 2011/42/632 2012/43/632 2013/42/385
f 2014/43/385 2013/42/385 2012/43/632
f 2004/42/634 2014/43/386 2013/42/386
f 2014/43/386 2004/42/634 2006/43/634
f 2013/42/385 2014/43/385 2004/42/633
f 2006/43/633 2004/42/633 2014/43/385
f 1999/43/97 2008/43/97 2001/43/97
f 2008/43/97 1999/43/97 2005/43/97
f 2005/43/97 1999/43/97 2010/43/97
f 2005/43/97 2010/43/97 2006/43/97
f 2006/43/97 2010/43/97 2012/43/97
f 2006/43/97 2012/43/97 2014/43/97
f 2001/43/98 2008/43/98 1999/43/98
f 2005/43/98 1999/43/98 2008/43/98
f 2010/43/98 1999/43/98 2005/43/98
f 2006/43/98 2010/43/98 2005/43/98
f 2012/43/98 2010/43/98 2006/43/98
f 2014/43/98 2012/43/98 2006/43/98
f 2007/42/98 2000/42/98 2002/42/98
f 2000/42/98 2007/42/98 2003/42/98
f 2000/42/98 2003/42/98 2009/42/98
f 2009/42/98 2003/42/98 2004/42/98
f 2009/42/98 2004/42/98 2011/42/98
f 2011/42/98 2004/42/98 2013/42/98
f 2002/42/97 2000/42/97 2007/42/97
f 2003/42/97 2007/42/97 2000/42/97
f 2009/42/97 2003/42/97 2000/42/97
f 2004/42/97 2003/42/97 2009/42/97
f 2011/42/97 2004/42/97 2009/42/97
f 2013/42/97 2004/42/97 2011/42/97
f 2008/43/632 2002/42/385 2001/43/385
f 2002/42/385 2008/43/632 2007/42/632
f 2001/43/386 2002/42/386 2008/43/631
f 2007/42/631 2008/43/631 2002/42/386
f 2017/45/659 2016/44/649 2015/44/659
f 2016/44/649 2017/45/659 2018/45/649
f 2015/44/660 2016/44/652 2017/45/660
f 2018/45/652 2017/45/660 2016/44/652
f 2020/45/653 2015/44/659 2019/44/653
f 2015/44/659 2020/45/653 2017/45/659
f 2019/44/654 2015/44/660 2020/45/654
f 2017/45/660 2020/45/654 2015/44/660
f 2023/44/661 2022/45/657 2021/45/661
f 2022/45/657 2023/44/661 2024/44/657
f 2021/45/662 2022/45/658 2023/44/662
f 2024/44/658 2023/44/662 2022/45/658
f 2027/44/655 2026/45/663 2025/45/655
f 2026/45/663 2027/44/655 2028/44/663
f 2025/45/656 2026/45/664 2027/44/656
f 2028/44/664 2027/44/656 2026/45/664
f 2029/44/665 2022/45/636 2024/44/636
f 2022/45/636 2029/44/665 2030/45/665
f 2024/44/638 2022/45/638 2029/44/666
f 2030/45/666 2029/44/666 2022/45/638
f 2027/44/639 2030/45/665 2029/44/665
f 2030/45/665 2027/44/639 2025/45/639
f 2029/44/666 2030/45/666 2027/44/640
f 2025/45/640 2027/44/640 2030/45/666
f 2019/44/645 2021/45/661 2020/45/645
f 2021/45/661 2019/44/645 2023/44/661
f 2020/45/647 2021/45/662 2019/44/647
f 2023/44/662 2019/44/647 2021/45/662
f 2028/44/663 2018/45/642 2026/45/663
f 2018/45/642 2028/44/663 2016/44/642
f 2026/45/664 2018/45/644 2028/44/664
f 2016/44/644 2028/44/664 2018/45/644
f 2033/42/667 2032/42/667 2031/42/667
f 2032/42/667 2033/42/667 2034/42/667
f 2034/42/667 2033/42/667 2035/42/667
f 2034/42/667 2035/42/667 2036/42/667
f 2036/42/667 2035/42/667 2037/42/667
f 2036/42/667 2037/42/667 2038/42/667
f 2031/42/668 2032/42/668 2033/42/668
f 2034/42/668 2033/42/668 2032/42/668
f 2035/42/668 2033/42/668 2034/42/668
f 2036/42/668 2035/42/668 2034/42/668
f 2037/42/668 2035/42/668 2036/42/668
f 2038/42/668 2037/42/668 2036/42/668
f 2041/43/668 2040/43/668 2039/43/668
f 2040/43/668 2041/43/668 2042/43/668
f 2040/43/668 2042/43/668 2043/43/668
f 2043/43/668 2042/43/668 2044/43/668
f 2043/43/668 2044/43/668 2045/43/668
f 2045/43/668 2044/43/668 2046/43/668
f 2039/43/667 2040/43/667 2041/43/667
f 2042/43/667 2041/43/667 2040/43/667
f 2043/43/667 2042/43/667 2040/43/667
f 2044/43/667 2042/43/667 2043/43/667
f 2045/43/667 2044/43/667 2043/43/667
f 2046/43/667 2044/43/667 2045/43/667
f 2039/43/670 2032/42/669 2041/43/669
f 2032/42/669 2039/43/670 2031/42/670
f 2041/43/672 2032/42/672 2039/43/671
f 2031/42/671 2039/43/671 2032/42/672
f 2042/43/673 2032/42/674 2034/42/673
f 2032/42/674 2042/43/673 2041/43/674
f 2034/42/675 2032/42/676 2042/43/675
f 2041/43/676 2042/43/675 2032/42/676
f 2044/43/677 2034/42/673 2036/42/677
f 2034/42/673 2044/43/677 2042/43/673
f 2036/42/678 2034/42/675 2044/43/678
f 2042/43/675 2044/43/678 2034/42/675
f 2038/42/671 2044/43/679 2036/42/679
f 2044/43/679 2038/42/671 2046/43/671
f 2036/42/680 2044/43/680 2038/42/670
f 2046/43/670 2038/42/670 2044/43/680
f 2037/42/672 2046/43/671 2038/42/671
f 2046/43/671 2037/42/672 2045/43/672
f 2038/42/670 2046/43/670 2037/42/669
f 2045/43/669 2037/42/669 2046/43/670
f 2043/43/675 2037/42/676 2035/42/675
f 2037/42/676 2043/43/675 2045/43/676
f 2035/42/673 2037/42/674 2043/43/673
f 2045/43/674 2043/43/673 2037/42/674
f 2040/43/678 2035/42/675 2033/42/678
f 2035/42/675 2040/43/678 2043/43/675
f 2033/42/677 2035/42/673 2040/43/677
f 2043/43/673 2040/43/677 2035/42/673
f 2040/43/680 2031/42/670 2039/43/670
f 2031/42/670 2040/43/680 2033/42/680
f 2039/43/671 2031/42/671 2040/43/679
f 2033/42/679 2040/43/679 2031/42/671
f 2049/43/668 2048/43/668 2047/43/668
f 2048/43/668 2049/43/668 2050/43/668
f 2048/43/668 2050/43/668 2051/43/668
f 2051/43/668 2050/43/668 2052/43/668
f 2052/43/668 2050/43/668 2053/43/668
f 2052/43/668 2053/43/668 2054/43/668
f 2047/43/667 2048/43/667 2049/43/667
f 2050/43/667 2049/43/667 2048/43/667
f 2051/43/667 2050/43/667 2048/43/667
f 2052/43/667 2050/43/667 2051/43/667
f 2053/43/667 2050/43/667 2052/43/667
f 2054/43/667 2053/43/667 2052/43/667
f 2047/43/670 2055/42/669 2049/43/669
f 2055/42/669 2047/43/670 2056/42/670
f 2049/43/672 2055/42/672 2047/43/671
f 2056/42/671 2047/43/671 2055/42/672
f 2050/43/673 2055/42/674 2057/42/673
f 2055/42/674 2050/43/673 2049/43/674
f 2057/42/675 2055/42/676 2050/43/675
f 2049/43/676 2050/43/675 2055/42/676
f 2053/43/677 2057/42/673 2058/42/677
f 2057/42/673 2053/43/677 2050/43/673
f 2058/42/678 2057/42/675 2053/43/678
f 2050/43/675 2053/43/678 2057/42/675
f 2059/42/671 2053/43/679 2058/42/679
f 2053/43/679 2059/42/671 2054/43/671
f 2058/42/680 2053/43/680 2059/42/670
f 2054/43/670 2059/42/670 2053/43/680
f 2060/42/672 2054/43/671 2059/42/671
f 2054/43/671 2060/42/672 2052/43/672
f 2059/42/670 2054/43/670 2060/42/669
f 2052/43/669 2060/42/669 2054/43/670
f 2051/43/675 2060/42/676 2061/42/675
f 2060/42/676 2051/43/675 2052/43/676
f 2061/42/673 2060/42/674 2051/43/673
f 2052/43/674 2051/43/673 2060/42/674
f 2048/43/678 2061/42/675 2062/42/678
f 2061/42/675 2048/43/678 2051/43/675
f 2062/42/677 2061/42/673 2048/43/677
f 2051/43/673 2048/43/677 2061/42/673
f 2048/43/680 2056/42/670 2047/43/670
f 2056/42/670 2048/43/680 2062/42/680
f 2047/43/671 2056/42/671 2048/43/679
f 2062/42/679 2048/43/679 2056/42/671
f 2065/44/681 2064/45/682 2063/45/681
f 2064/45/682 2065/44/681 2066/44/682
f 2063/45/683 2064/45/684 2065/44/683
f 2066/44/684 2065/44/683 2064/45/684
f 2069/45/685 2068/44/686 2067/44/685
f 2068/44/686 2069/45/685 2070/45/686
f 2067/44/687 2068/44/688 2069/45/687
f 2070/45/688 2069/45/687 2068/44/688
f 2072/44/689 2063/45/681 2071/45/689
f 2063/45/681 2072/44/689 2065/44/681
f 2071/45/690 2063/45/683 2072/44/690
f 2065/44/683 2072/44/690 2063/45/683
f 2075/44/691 2074/45/692 2073/45/691
f 2074/45/692 2075/44/691 2076/44/692
f 2073/45/693 2074/45/694 2075/44/693
f 2076/44/694 2075/44/693 2074/45/694
f 2075/44/691 2064/45/695 2066/44/695
f 2064/45/695 2075/44/691 2073/45/691
f 2066/44/696 2064/45/696 2075/44/693
f 2073/45/693 2075/44/693 2064/45/696
f 2078/44/697 2070/45/698 2077/45/697
f 2070/45/698 2078/44/697 2068/44/698
f 2077/45/699 2070/45/700 2078/44/699
f 2068/44/700 2078/44/699 2070/45/700
f 2076/44/701 2077/45/697 2074/45/701
f 2077/45/697 2076/44/701 2078/44/697
f 2074/45/702 2077/45/699 2076/44/702
f 2078/44/699 2076/44/702 2077/45/699
f 2071/45/703 2067/44/685 2072/44/703
f 2067/44/685 2071/45/703 2069/45/685
f 2072/44/704 2067/44/687 2071/45/704
f 2069/45/687 2071/45/704 2067/44/687
f 2081/42/98 2080/42/98 2079/42/98
f 2080/42/98 2081/42/98 2082/42/98
f 2082/42/98 2081/42/98 2083/42/98
f 2082/42/98 2083/42/98 2084/42/98
f 2084/42/98 2083/42/98 2085/42/98
f 2084/42/98 2085/42/98 2086/42/98
f 2079/42/97 2080/42/97 2081/42/97
f 2082/42/97 2081/42/97 2080/42/97
f 2083/42/97 2081/42/97 2082/42/97
f 2084/42/97 2083/42/97 2082/42/97
f 2085/42/97 2083/42/97 2084/42/97
f 2086/42/97 2085/42/97 2084/42/97
f 2089/43/97 2088/43/97 2087/43/97
f 2088/43/97 2089/43/97 2090/43/97
f 2088/43/97 2090/43/97 2091/43/97
f 2091/43/97 2090/43/97 2092/43/97
f 2091/43/97 2092/43/97 2093/43/97
f 2093/43/97 2092/43/97 2094/43/97
f 2087/43/98 2088/43/98 2089/43/98
f 2090/43/98 2089/43/98 2088/43/98
f 2091/43/98 2090/43/98 2088/43/98
f 2092/43/98 2090/43/98 2091/43/98
f 2093/43/98 2092/43/98 2091/43/98
f 2094/43/98 2092/43/98 2093/43/98
f 2087/43/706 2080/42/705 2089/43/705
f 2080/42/705 2087/43/706 2079/42/706
f 2089/43/708 2080/42/708 2087/43/707
f 2079/42/707 2087/43/707 2080/42/708
f 2090/43/709 2080/42/710 2082/42/709
f 2080/42/710 2090/43/709 2089/43/710
f 2082/42/711 2080/42/712 2090/43/711
f 2089/43/712 2090/43/711 2080/42/712
f 2092/43/713 2082/42/709 2084/42/713
f 2082/42/709 2092/43/713 2090/43/709
f 2084/42/714 2082/42/711 2092/43/714
f 2090/43/711 2092/43/714 2082/42/711
f 2086/42/707 2092/43/715 2084/42/715
f 2092/43/715 2086/42/707 2094/43/707
f 2084/42/716 2092/43/716 2086/42/706
f 2094/43/706 2086/42/706 2092/43/716
f 2085/42/708 2094/43/707 2086/42/707
f 2094/43/707 2085/42/708 2093/43/708
f 2086/42/706 2094/43/706 2085/42/705
f 2093/43/705 2085/42/705 2094/43/706
f 2091/43/711 2085/42/712 2083/42/711
f 2085/42/712 2091/43/711 2093/43/712
f 2083/42/709 2085/42/710 2091/43/709
f 2093/43/710 2091/43/709 2085/42/710
f 2088/43/714 2083/42/711 2081/42/714
f 2083/42/711 2088/43/714 2091/43/711
f 2081/42/713 2083/42/709 2088/43/713
f 2091/43/709 2088/43/713 2083/42/709
f 2088/43/716 2079/42/706 2087/43/706
f 2079/42/706 2088/43/716 2081/42/716
f 2087/43/707 2079/42/707 2088/43/715
f 2081/42/715 2088/43/715 2079/42/707
f 2097/43/97 2096/43/97 2095/43/97
f 2096/43/97 2097/43/97 2098/43/97
f 2096/43/97 2098/43/97 2099/43/97
f 2099/43/97 2098/43/97 2100/43/97
f 2100/43/97 2098/43/97 2101/43/97
f 2100/43/97 2101/43/97 2102/43/97
f 2095/43/98 2096/43/98 2097/43/98
f 2098/43/98 2097/43/98 2096/43/98
f 2099/43/98 2098/43/98 2096/43/98
f 2100/43/98 2098/43/98 2099/43/98
f 2101/43/98 2098/43/98 2100/43/98
f 2102/43/98 2101/43/98 2100/43/98
f 2095/43/706 2103/42/705 2097/43/705
f 2103/42/705 2095/43/706 2104/42/706
f 2097/43/708 2103/42/708 2095/43/707
f 2104/42/707 2095/43/707 2103/42/708
f 2098/43/709 2103/42/710 2105/42/709
f 2103/42/710 2098/43/709 2097/43/710
f 2105/42/711 2103/42/712 2098/43/711
f 2097/43/712 2098/43/711 2103/42/712
f 2101/43/713 2105/42/709 2106/42/713
f 2105/42/709 2101/43/713 2098/43/709
f 2106/42/714 2105/42/711 2101/43/714
f 2098/43/711 2101/43/714 2105/42/711
f 2107/42/707 2101/43/715 2106/42/715
f 2101/43/715 2107/42/707 2102/43/707
f 2106/42/716 2101/43/716 2107/42/706
f 2102/43/706 2107/42/706 2101/43/716
f 2108/42/708 2102/43/707 2107/42/707
f 2102/43/707 2108/42/708 2100/43/708
f 2107/42/706 2102/43/706 2108/42/705
f 2100/43/705 2108/42/705 2102/43/706
f 2099/43/711 2108/42/712 2109/42/711
f 2108/42/712 2099/43/711 2100/43/712
f 2109/42/709 2108/42/710 2099/43/709
f 2100/43/710 2099/43/709 2108/42/710
f 2096/43/714 2109/42/711 2110/42/714
f 2109/42/711 2096/43/714 2099/43/711
f 2110/42/713 2109/42/709 2096/43/713
f 2099/43/709 2096/43/713 2109/42/709
f 2096/43/716 2104/42/706 2095/43/706
f 2104/42/706 2096/43/716 2110/42/716
f 2095/43/707 2104/42/707 2096/43/715
f 2110/42/715 2096/43/715 2104/42/707
f 2113/44/717 2112/45/718 2111/45/717
f 2112/45/718 2113/44/717 2114/44/718
f 2111/45/719 2112/45/720 2113/44/719
f 2114/44/720 2113/44/719 2112/45/720
f 2117/45/721 2116/44/722 2115/44/721
f 2116/44/722 2117/45/721 2118/45/722
f 2115/44/723 2116/44/724 2117/45/723
f 2118/45/724 2117/45/723 2116/44/724
f 2120/44/725 2111/45/717 2119/45/725
f 2111/45/717 2120/44/725 2113/44/717
f 2119/45/726 2111/45/719 2120/44/726
f 2113/44/719 2120/44/726 2111/45/719
f 2123/44/727 2122/45/728 2121/45/727
f 2122/45/728 2123/44/727 2124/44/728
f 2121/45/729 2122/45/730 2123/44/729
f 2124/44/730 2123/44/729 2122/45/730
f 2123/44/727 2112/45/731 2114/44/731
f 2112/45/731 2123/44/727 2121/45/727
f 2114/44/732 2112/45/732 2123/44/729
f 2121/45/729 2123/44/729 2112/45/732
f 2126/44/733 2118/45/734 2125/45/733
f 2118/45/734 2126/44/733 2116/44/734
f 2125/45/735 2118/45/736 2126/44/735
f 2116/44/736 2126/44/735 2118/45/736
f 2124/44/737 2125/45/733 2122/45/737
f 2125/45/733 2124/44/737 2126/44/733
f 2122/45/738 2125/45/735 2124/44/738
f 2126/44/735 2124/44/738 2125/45/735
f 2119/45/739 2115/44/721 2120/44/739
f 2115/44/721 2119/45/739 2117/45/721
f 2120/44/740 2115/44/723 2119/45/740
f 2117/45/723 2119/45/740 2115/44/723
f 2129/42/667 2128/42/667 2127/42/667
f 2128/42/667 2129/42/667 2130/42/667
f 2130/42/667 2129/42/667 2131/42/667
f 2130/42/667 2131/42/667 2132/42/667
f 2132/42/667 2131/42/667 2133/42/667
f 2132/42/667 2133/42/667 2134/42/667
f 2127/42/668 2128/42/668 2129/42/668
f 2130/42/668 2129/42/668 2128/42/668
f 2131/42/668 2129/42/668 2130/42/668
f 2132/42/668 2131/42/668 2130/42/668
f 2133/42/668 2131/42/668 2132/42/668
f 2134/42/668 2133/42/668 2132/42/668
f 2137/43/668 2136/43/668 2135/43/668
f 2136/43/668 2137/43/668 2138/43/668
f 2136/43/668 2138/43/668 2139/43/668
f 2139/43/668 2138/43/668 2140/43/668
f 2139/43/668 2140/43/668 2141/43/668
f 2141/43/668 2140/43/668 2142/43/668
f 2135/43/667 2136/43/667 2137/43/667
f 2138/43/667 2137/43/667 2136/43/667
f 2139/43/667 2138/43/667 2136/43/667
f 2140/43/667 2138/43/667 2139/43/667
f 2141/43/667 2140/43/667 2139/43/667
f 2142/43/667 2140/43/667 2141/43/667
f 2135/43/742 2128/42/741 2137/43/741
f 2128/42/741 2135/43/742 2127/42/742
f 2137/43/744 2128/42/744 2135/43/743
f 2127/42/743 2135/43/743 2128/42/744
f 2138/43/431 2128/42/745 2130/42/431
f 2128/42/745 2138/43/431 2137/43/745
f 2130/42/432 2128/42/746 2138/43/432
f 2137/43/746 2138/43/432 2128/42/746
f 2140/43/747 2130/42/431 2132/42/747
f 2130/42/431 2140/43/747 2138/43/431
f 2132/42/748 2130/42/432 2140/43/748
f 2138/43/432 2140/43/748 2130/42/432
f 2134/42/743 2140/43/749 2132/42/749
f 2140/43/749 2134/42/743 2142/43/743
f 2132/42/750 2140/43/750 2134/42/742
f 2142/43/742 2134/42/742 2140/43/750
f 2133/42/744 2142/43/743 2134/42/743
f 2142/43/743 2133/42/744 2141/43/744
f 2134/42/742 2142/43/742 2133/42/741
f 2141/43/741 2133/42/741 2142/43/742
f 2139/43/432 2133/42/746 2131/42/432
f 2133/42/746 2139/43/432 2141/43/746
f 2131/42/431 2133/42/745 2139/43/431
f 2141/43/745 2139/43/431 2133/42/745
f 2136/43/748 2131/42/432 2129/42/748
f 2131/42/432 2136/43/748 2139/43/432
f 2129/42/747 2131/42/431 2136/43/747
f 2139/43/431 2136/43/747 2131/42/431
f 2136/43/750 2127/42/742 2135/43/742
f 2127/42/742 2136/43/750 2129/42/750
f 2135/43/743 2127/42/743 2136/43/749
f 2129/42/749 2136/43/749 2127/42/743
f 2145/43/668 2144/43/668 2143/43/668
f 2144/43/668 2145/43/668 2146/43/668
f 2144/43/668 2146/43/668 2147/43/668
f 2147/43/668 2146/43/668 2148/43/668
f 2148/43/668 2146/43/668 2149/43/668
f 2148/43/668 2149/43/668 2150/43/668
f 2143/43/667 2144/43/667 2145/43/667
f 2146/43/667 2145/43/667 2144/43/667
f 2147/43/667 2146/43/667 2144/43/667
f 2148/43/667 2146/43/667 2147/43/667
f 2149/43/667 2146/43/667 2148/43/667
f 2150/43/667 2149/43/667 2148/43/667
f 2143/43/742 2151/42/741 2145/43/741
f 2151/42/741 2143/43/742 2152/42/742
f 2145/43/744 2151/42/744 2143/43/743
f 2152/42/743 2143/43/743 2151/42/744
f 2146/43/431 2151/42/745 2153/42/431
f 2151/42/745 2146/43/431 2145/43/745
f 2153/42/432 2151/42/746 2146/43/432
f 2145/43/746 2146/43/432 2151/42/746
f 2149/43/747 2153/42/431 2154/42/747
f 2153/42/431 2149/43/747 2146/43/431
f 2154/42/748 2153/42/432 2149/43/748
f 2146/43/432 2149/43/748 2153/42/432
f 2155/42/743 2149/43/749 2154/42/749
f 2149/43/749 2155/42/743 2150/43/743
f 2154/42/750 2149/43/750 2155/42/742
f 2150/43/742 2155/42/742 2149/43/750
f 2156/42/744 2150/43/743 2155/42/743
f 2150/43/743 2156/42/744 2148/43/744
f 2155/42/742 2150/43/742 2156/42/741
f 2148/43/741 2156/42/741 2150/43/742
f 2147/43/432 2156/42/746 2157/42/432
f 2156/42/746 2147/43/432 2148/43/746
f 2157/42/431 2156/42/745 2147/43/431
f 2148/43/745 2147/43/431 2156/42/745
f 2144/43/748 2157/42/432 2158/42/748
f 2157/42/432 2144/43/748 2147/43/432
f 2158/42/747 2157/42/431 2144/43/747
f 2147/43/431 2144/43/747 2157/42/431
f 2144/43/750 2152/42/742 2143/43/742
f 2152/42/742 2144/43/750 2158/42/750
f 2143/43/743 2152/42/743 2144/43/749
f 2158/42/749 2144/43/749 2152/42/743
f 2161/44/751 2160/45/752 2159/45/751
f 2160/45/752 2161/44/751 2162/44/752
f 2159/45/753 2160/45/754 2161/44/753
f 2162/44/754 2161/44/753 2160/45/754
f 2165/45/755 2164/44/756 2163/44/755
f 2164/44/756 2165/45/755 2166/45/756
f 2163/44/757 2164/44/758 2165/45/757
f 2166/45/758 2165/45/757 2164/44/758
f 2168/44/759 2159/45/751 2167/45/759
f 2159/45/751 2168/44/759 2161/44/751
f 2167/45/760 2159/45/753 2168/44/760
f 2161/44/753 2168/44/760 2159/45/753
f 2171/44/761 2170/45/762 2169/45/761
f 2170/45/762 2171/44/761 2172/44/762
f 2169/45/763 2170/45/764 2171/44/763
f 2172/44/764 2171/44/763 2170/45/764
f 2171/44/761 2160/45/765 2162/44/765
f 2160/45/765 2171/44/761 2169/45/761
f 2162/44/766 2160/45/766 2171/44/763
f 2169/45/763 2171/44/763 2160/45/766
f 2174/44/767 2166/45/768 2173/45/767
f 2166/45/768 2174/44/767 2164/44/768
f 2173/45/769 2166/45/770 2174/44/769
f 2164/44/770 2174/44/769 2166/45/770
f 2172/44/771 2173/45/767 2170/45/771
f 2173/45/767 2172/44/771 2174/44/767
f 2170/45/772 2173/45/769 2172/44/772
f 2174/44/769 2172/44/772 2173/45/769
f 2167/45/773 2163/44/755 2168/44/773
f 2163/44/755 2167/45/773 2165/45/755
f 2168/44/774 2163/44/757 2167/45/774
f 2165/45/757 2167/45/774 2163/44/757
f 2177/42/98 2176/42/98 2175/42/98
f 2176/42/98 2177/42/98 2178/42/98
f 2178/42/98 2177/42/98 2179/42/98
f 2178/42/98 2179/42/98 2180/42/98
f 2180/42/98 2179/42/98 2181/42/98
f 2180/42/98 2181/42/98 2182/42/98
f 2175/42/97 2176/42/97 2177/42/97
f 2178/42/97 2177/42/97 2176/42/97
f 2179/42/97 2177/42/97 2178/42/97
f 2180/42/97 2179/42/97 2178/42/97
f 2181/42/97 2179/42/97 2180/42/97
f 2182/42/97 2181/42/97 2180/42/97
f 2185/43/97 2184/43/97 2183/43/97
f 2184/43/97 2185/43/97 2186/43/97
f 2184/43/97 2186/43/97 2187/43/97
f 2187/43/97 2186/43/97 2188/43/97
f 2187/43/97 2188/43/97 2189/43/97
f 2189/43/97 2188/43/97 2190/43/97
f 2183/43/98 2184/43/98 2185/43/98
f 2186/43/98 2185/43/98 2184/43/98
f 2187/43/98 2186/43/98 2184/43/98
f 2188/43/98 2186/43/98 2187/43/98
f 2189/43/98 2188/43/98 2187/43/98
f 2190/43/98 2188/43/98 2189/43/98
f 2183/43/707 2176/42/708 2185/43/708
f 2176/42/708 2183/43/707 2175/42/707
f 2185/43/705 2176/42/705 2183/43/706
f 2175/42/706 2183/43/706 2176/42/705
f 2186/43/711 2176/42/712 2178/42/711
f 2176/42/712 2186/43/711 2185/43/712
f 2178/42/709 2176/42/710 2186/43/709
f 2185/43/710 2186/43/709 2176/42/710
f 2188/43/714 2178/42/711 2180/42/714
f 2178/42/711 2188/43/714 2186/43/711
f 2180/42/713 2178/42/709 2188/43/713
f 2186/43/709 2188/43/713 2178/42/709
f 2182/42/706 2188/43/716 2180/42/716
f 2188/43/716 2182/42/706 2190/43/706
f 2180/42/715 2188/43/715 2182/42/707
f 2190/43/707 2182/42/707 2188/43/715
f 2181/42/705 2190/43/706 2182/42/706
f 2190/43/706 2181/42/705 2189/43/705
f 2182/42/707 2190/43/707 2181/42/708
f 2189/43/708 2181/42/708 2190/43/707
f 2187/43/709 2181/42/710 2179/42/709
f 2181/42/710 2187/43/709 2189/43/710
f 2179/42/711 2181/42/712 2187/43/711
f 2189/43/712 2187/43/711 2181/42/712
f 2184/43/713 2179/42/709 2177/42/713
f 2179/42/709 2184/43/713 2187/43/709
f 2177/42/714 2179/42/711 2184/43/714
f 2187/43/711 2184/43/714 2179/42/711
f 2184/43/715 2175/42/707 2183/43/707
f 2175/42/707 2184/43/715 2177/42/715
f 2183/43/706 2175/42/706 2184/43/716
f 2177/42/716 2184/43/716 2175/42/706
f 2193/43/97 2192/43/97 2191/43/97
f 2192/43/97 2193/43/97 2194/43/97
f 2192/43/97 2194/43/97 2195/43/97
f 2195/43/97 2194/43/97 2196/43/97
f 2196/43/97 2194/43/97 2197/43/97
f 2196/43/97 2197/43/97 2198/43/97
f 2191/43/98 2192/43/98 2193/43/98
f 2194/43/98 2193/43/98 2192/43/98
f 2195/43/98 2194/43/98 2192/43/98
f 2196/43/98 2194/43/98 2195/43/98
f 2197/43/98 2194/43/98 2196/43/98
f 2198/43/98 2197/43/98 2196/43/98
f 2191/43/707 2199/42/708 2193/43/708
f 2199/42/708 2191/43/707 2200/42/707
f 2193/43/705 2199/42/705 2191/43/706
f 2200/42/706 2191/43/706 2199/42/705
f 2194/43/711 2199/42/712 2201/42/711
f 2199/42/712 2194/43/711 2193/43/712
f 2201/42/709 2199/42/710 2194/43/709
f 2193/43/710 2194/43/709 2199/42/710
f 2197/43/714 2201/42/711 2202/42/714
f 2201/42/711 2197/43/714 2194/43/711
f 2202/42/713 2201/42/709 2197/43/713
f 2194/43/709 2197/43/713 2201/42/709
f 2203/42/706 2197/43/716 2202/42/716
f 2197/43/716 2203/42/706 2198/43/706
f 2202/42/715 2197/43/715 2203/42/707
f 2198/43/707 2203/42/707 2197/43/715
f 2204/42/705 2198/43/706 2203/42/706
f 2198/43/706 2204/42/705 2196/43/705
f 2203/42/707 2198/43/707 2204/42/708
f 2196/43/708 2204/42/708 2198/43/707
f 2195/43/709 2204/42/710 2205/42/709
f 2204/42/710 2195/43/709 2196/43/710
f 2205/42/711 2204/42/712 2195/43/711
f 2196/43/712 2195/43/711 2204/42/712
f 2192/43/713 2205/42/709 2206/42/713
f 2205/42/709 2192/43/713 2195/43/709
f 2206/42/714 2205/42/711 2192/43/714
f 2195/43/711 2192/43/714 2205/42/711
f 2192/43/715 2200/42/707 2191/43/707
f 2200/42/707 2192/43/715 2206/42/715
f 2191/43/706 2200/42/706 2192/43/716
f 2206/42/716 2192/43/716 2200/42/706
f 2209/44/733 2208/45/734 2207/45/733
f 2208/45/734 2209/44/733 2210/44/734
f 2207/45/735 2208/45/736 2209/44/735
f 2210/44/736 2209/44/735 2208/45/736
f 2213/45/727 2212/44/731 2211/44/727
f 2212/44/731 2213/45/727 2214/45/731
f 2211/44/729 2212/44/732 2213/45/729
f 2214/45/732 2213/45/729 2212/44/732
f 2216/44/737 2207/45/733 2215/45/737
f 2207/45/733 2216/44/737 2209/44/733
f 2215/45/738 2207/45/735 2216/44/738
f 2209/44/735 2216/44/738 2207/45/735
f 2219/44/721 2218/45/739 2217/45/721
f 2218/45/739 2219/44/721 2220/44/739
f 2217/45/723 2218/45/740 2219/44/723
f 2220/44/740 2219/44/723 2218/45/740
f 2219/44/721 2208/45/722 2210/44/722
f 2208/45/722 2219/44/721 2217/45/721
f 2210/44/724 2208/45/724 2219/44/723
f 2217/45/723 2219/44/723 2208/45/724
f 2222/44/717 2214/45/718 2221/45/717
f 2214/45/718 2222/44/717 2212/44/718
f 2221/45/719 2214/45/720 2222/44/719
f 2212/44/720 2222/44/719 2214/45/720
f 2220/44/725 2221/45/717 2218/45/725
f 2221/45/717 2220/44/725 2222/44/717
f 2218/45/726 2221/45/719 2220/44/726
f 2222/44/719 2220/44/726 2221/45/719
f 2215/45/728 2211/44/727 2216/44/728
f 2211/44/727 2215/45/728 2213/45/727
f 2216/44/730 2211/44/729 2215/45/730
f 2213/45/729 2215/45/730 2211/44/729

g room-wide




usemtl colormap

f 3/1/3 2/2/2 1/1/1
f 2/2/2 3/1/3 4/2/4
f 1/1/7 2/2/6 3/1/5
f 4/2/8 3/1/5 2/2/6
f 6/2/10 3/1/3 5/1/9
f 3/1/3 6/2/10 4/2/4
f 5/1/12 3/1/5 6/2/11
f 4/2/8 6/2/11 3/1/5
f 9/3/15 8/1/14 7/1/13
f 8/1/14 9/3/15 10/3/16
f 7/1/19 8/1/18 9/3/17
f 10/3/20 9/3/17 8/1/18
f 8/1/14 12/3/22 11/1/21
f 12/3/22 8/1/14 10/3/16
f 11/1/24 12/3/23 8/1/18
f 10/3/20 8/1/18 12/3/23
f 15/1/27 14/3/26 13/1/25
f 14/3/26 15/1/27 16/3/28
f 13/1/31 14/3/30 15/1/29
f 16/3/32 15/1/29 14/3/30
f 14/3/26 18/3/34 17/3/33
f 18/3/34 14/3/26 16/3/28
f 17/3/36 18/3/35 14/3/30
f 16/3/32 14/3/30 18/3/35
f 18/3/34 15/1/27 19/1/37
f 15/1/27 18/3/34 16/3/28
f 19/1/38 15/1/29 18/3/35
f 16/3/32 18/3/35 15/1/29
f 14/3/26 20/1/39 13/1/25
f 20/1/39 14/3/26 17/3/33
f 13/1/31 20/1/40 14/3/30
f 17/3/36 14/3/30 20/1/40
f 17/3/33 19/1/37 20/1/39
f 19/1/37 17/3/33 18/3/34
f 20/1/40 19/1/38 17/3/36
f 18/3/35 17/3/36 19/1/38
f 22/3/42 7/1/13 21/1/41
f 7/1/13 22/3/42 9/3/15
f 21/1/44 7/1/19 22/3/43
f 9/3/17 22/3/43 7/1/19
f 2/2/2 23/1/45 1/1/1
f 23/1/45 2/2/2 24/2/46
f 1/1/7 23/1/47 2/2/6
f 24/2/48 2/2/6 23/1/47
f 12/3/22 21/1/41 11/1/21
f 21/1/41 12/3/22 22/3/42
f 11/1/24 21/1/44 12/3/23
f 22/3/43 12/3/23 21/1/44
f 12/3/22 9/3/15 22/3/42
f 9/3/15 12/3/22 10/3/16
f 22/3/43 9/3/17 12/3/23
f 10/3/20 12/3/23 9/3/17
f 27/2/51 26/2/50 25/2/49
f 26/2/50 27/2/51 28/2/52
f 25/2/55 26/2/54 27/2/53
f 28/2/56 27/2/53 26/2/54
f 24/2/46 4/2/4 6/2/10
f 4/2/4 24/2/46 2/2/2
f 6/2/11 4/2/8 24/2/48
f 2/2/6 24/2/48 4/2/8
f 29/1/57 28/2/52 27/2/51
f 28/2/52 29/1/57 30/1/58
f 27/2/53 28/2/56 29/1/59
f 30/1/60 29/1/59 28/2/56
f 33/1/63 32/2/62 31/1/61
f 32/2/62 33/1/63 34/2/64
f 31/1/67 32/2/66 33/1/65
f 34/2/68 33/1/65 32/2/66
f 29/1/57 25/2/49 35/1/69
f 25/2/49 29/1/57 27/2/51
f 35/1/70 25/2/55 29/1/59
f 27/2/53 29/1/59 25/2/55
f 28/2/52 36/1/71 26/2/50
f 36/1/71 28/2/52 30/1/58
f 26/2/54 36/1/72 28/2/56
f 30/1/60 28/2/56 36/1/72
f 39/2/75 38/1/74 37/1/73
f 38/1/74 39/2/75 40/2/76
f 37/1/79 38/1/78 39/2/77
f 40/2/80 39/2/77 38/1/78
f 25/2/49 36/1/71 35/1/69
f 36/1/71 25/2/49 26/2/50
f 35/1/70 36/1/72 25/2/55
f 26/2/54 25/2/55 36/1/72
f 31/1/61 39/2/75 37/1/73
f 39/2/75 31/1/61 32/2/62
f 37/1/79 39/2/77 31/1/67
f 32/2/66 31/1/67 39/2/77
f 34/2/64 38/1/74 40/2/76
f 38/1/74 34/2/64 33/1/63
f 40/2/80 38/1/78 34/2/68
f 33/1/65 34/2/68 38/1/78
f 32/2/62 40/2/76 39/2/75
f 40/2/76 32/2/62 34/2/64
f 39/2/77 40/2/80 32/2/66
f 34/2/68 32/2/66 40/2/80
f 24/2/46 5/1/9 23/1/45
f 5/1/9 24/2/46 6/2/10
f 23/1/47 5/1/12 24/2/48
f 6/2/11 24/2/48 5/1/12
f 43/1/3 42/2/2 41/1/1
f 42/2/2 43/1/3 44/2/4
f 41/1/7 42/2/6 43/1/5
f 44/2/8 43/1/5 42/2/6
f 46/2/10 43/1/3 45/1/9
f 43/1/3 46/2/10 44/2/4
f 45/1/12 43/1/5 46/2/11
f 44/2/8 46/2/11 43/1/5
f 49/3/15 48/1/14 47/1/13
f 48/1/14 49/3/15 50/3/16
f 47/1/19 48/1/18 49/3/17
f 50/3/20 49/3/17 48/1/18
f 48/1/14 52/3/22 51/1/21
f 52/3/22 48/1/14 50/3/16
f 51/1/24 52/3/23 48/1/18
f 50/3/20 48/1/18 52/3/23
f 55/1/27 54/3/26 53/1/25
f 54/3/26 55/1/27 56/3/28
f 53/1/31 54/3/30 55/1/29
f 56/3/32 55/1/29 54/3/30
f 54/3/26 58/3/34 57/3/33
f 58/3/34 54/3/26 56/3/28
f 57/3/36 58/3/35 54/3/30
f 56/3/32 54/3/30 58/3/35
f 58/3/34 55/1/27 59/1/37
f 55/1/27 58/3/34 56/3/28
f 59/1/38 55/1/29 58/3/35
f 56/3/32 58/3/35 55/1/29
f 54/3/26 60/1/39 53/1/25
f 60/1/39 54/3/26 57/3/33
f 53/1/31 60/1/40 54/3/30
f 57/3/36 54/3/30 60/1/40
f 57/3/33 59/1/37 60/1/39
f 59/1/37 57/3/33 58/3/34
f 60/1/40 59/1/38 57/3/36
f 58/3/35 57/3/36 59/1/38
f 62/3/42 47/1/13 61/1/41
f 47/1/13 62/3/42 49/3/15
f 61/1/44 47/1/19 62/3/43
f 49/3/17 62/3/43 47/1/19
f 42/2/2 63/1/45 41/1/1
f 63/1/45 42/2/2 64/2/46
f 41/1/7 63/1/47 42/2/6
f 64/2/48 42/2/6 63/1/47
f 52/3/22 61/1/41 51/1/21
f 61/1/41 52/3/22 62/3/42
f 51/1/24 61/1/44 52/3/23
f 62/3/43 52/3/23 61/1/44
f 52/3/22 49/3/15 62/3/42
f 49/3/15 52/3/22 50/3/16
f 62/3/43 49/3/17 52/3/23
f 50/3/20 52/3/23 49/3/17
f 67/2/51 66/2/50 65/2/49
f 66/2/50 67/2/51 68/2/52
f 65/2/55 66/2/54 67/2/53
f 68/2/56 67/2/53 66/2/54
f 64/2/46 44/2/4 46/2/10
f 44/2/4 64/2/46 42/2/2
f 46/2/11 44/2/8 64/2/48
f 42/2/6 64/2/48 44/2/8
f 69/1/57 68/2/52 67/2/51
f 68/2/52 69/1/57 70/1/58
f 67/2/53 68/2/56 69/1/59
f 70/1/60 69/1/59 68/2/56
f 73/1/63 72/2/62 71/1/61
f 72/2/62 73/1/63 74/2/64
f 71/1/67 72/2/66 73/1/65
f 74/2/68 73/1/65 72/2/66
f 69/1/57 65/2/49 75/1/69
f 65/2/49 69/1/57 67/2/51
f 75/1/70 65/2/55 69/1/59
f 67/2/53 69/1/59 65/2/55
f 68/2/52 76/1/71 66/2/50
f 76/1/71 68/2/52 70/1/58
f 66/2/54 76/1/72 68/2/56
f 70/1/60 68/2/56 76/1/72
f 79/2/75 78/1/74 77/1/73
f 78/1/74 79/2/75 80/2/76
f 77/1/79 78/1/78 79/2/77
f 80/2/80 79/2/77 78/1/78
f 65/2/49 76/1/71 75/1/69
f 76/1/71 65/2/49 66/2/50
f 75/1/70 76/1/72 65/2/55
f 66/2/54 65/2/55 76/1/72
f 71/1/61 79/2/75 77/1/73
f 79/2/75 71/1/61 72/2/62
f 77/1/79 79/2/77 71/1/67
f 72/2/66 71/1/67 79/2/77
f 74/2/64 78/1/74 80/2/76
f 78/1/74 74/2/64 73/1/63
f 80/2/80 78/1/78 74/2/68
f 73/1/65 74/2/68 78/1/78
f 72/2/62 80/2/76 79/2/75
f 80/2/76 72/2/62 74/2/64
f 79/2/77 80/2/80 72/2/66
f 74/2/68 72/2/66 80/2/80
f 64/2/46 45/1/9 63/1/45
f 45/1/9 64/2/46 46/2/10
f 63/1/47 45/1/12 64/2/48
f 46/2/11 64/2/48 45/1/12
f 83/1/45 82/2/10 81/1/9
f 82/2/10 83/1/45 84/2/46
f 81/1/12 82/2/11 83/1/47
f 84/2/48 83/1/47 82/2/11
f 86/2/2 83/1/45 85/1/1
f 83/1/45 86/2/2 84/2/46
f 85/1/7 83/1/47 86/2/6
f 84/2/48 86/2/6 83/1/47
f 89/3/22 88/1/41 87/1/21
f 88/1/41 89/3/22 90/3/42
f 87/1/24 88/1/44 89/3/23
f 90/3/43 89/3/23 88/1/44
f 88/1/41 92/3/15 91/1/13
f 92/3/15 88/1/41 90/3/42
f 91/1/19 92/3/17 88/1/44
f 90/3/43 88/1/44 92/3/17
f 95/1/39 94/3/34 93/1/37
f 94/3/34 95/1/39 96/3/33
f 93/1/38 94/3/35 95/1/40
f 96/3/36 95/1/40 94/3/35
f 94/3/34 98/3/26 97/3/28
f 98/3/26 94/3/34 96/3/33
f 97/3/32 98/3/30 94/3/35
f 96/3/36 94/3/35 98/3/30
f 98/3/26 95/1/39 99/1/25
f 95/1/39 98/3/26 96/3/33
f 99/1/31 95/1/40 98/3/30
f 96/3/36 98/3/30 95/1/40
f 94/3/34 100/1/27 93/1/37
f 100/1/27 94/3/34 97/3/28
f 93/1/38 100/1/29 94/3/35
f 97/3/32 94/3/35 100/1/29
f 97/3/28 99/1/25 100/1/27
f 99/1/25 97/3/28 98/3/26
f 100/1/29 99/1/31 97/3/32
f 98/3/30 97/3/32 99/1/31
f 102/3/16 87/1/21 101/1/14
f 87/1/21 102/3/16 89/3/22
f 101/1/18 87/1/24 102/3/20
f 89/3/23 102/3/20 87/1/24
f 82/2/10 103/1/3 81/1/9
f 103/1/3 82/2/10 104/2/4
f 81/1/12 103/1/5 82/2/11
f 104/2/8 82/2/11 103/1/5
f 92/3/15 101/1/14 91/1/13
f 101/1/14 92/3/15 102/3/16
f 91/1/19 101/1/18 92/3/17
f 102/3/20 92/3/17 101/1/18
f 92/3/15 89/3/22 102/3/16
f 89/3/22 92/3/15 90/3/42
f 102/3/20 89/3/23 92/3/17
f 90/3/43 92/3/17 89/3/23
f 107/2/83 106/2/82 105/2/81
f 106/2/82 107/2/83 108/2/84
f 105/2/87 106/2/86 107/2/85
f 108/2/88 107/2/85 106/2/86
f 104/2/4 84/2/46 86/2/2
f 84/2/46 104/2/4 82/2/10
f 86/2/6 84/2/48 104/2/8
f 82/2/11 104/2/8 84/2/48
f 109/1/89 108/2/84 107/2/83
f 108/2/84 109/1/89 110/1/90
f 107/2/85 108/2/88 109/1/91
f 110/1/92 109/1/91 108/2/88
f 113/1/73 112/2/76 111/1/74
f 112/2/76 113/1/73 114/2/75
f 111/1/78 112/2/80 113/1/79
f 114/2/77 113/1/79 112/2/80
f 109/1/89 105/2/81 115/1/93
f 105/2/81 109/1/89 107/2/83
f 115/1/94 105/2/87 109/1/91
f 107/2/85 109/1/91 105/2/87
f 108/2/84 116/1/95 106/2/82
f 116/1/95 108/2/84 110/1/90
f 106/2/86 116/1/96 108/2/88
f 110/1/92 108/2/88 116/1/96
f 119/2/64 118/1/61 117/1/63
f 118/1/61 119/2/64 120/2/62
f 117/1/65 118/1/67 119/2/68
f 120/2/66 119/2/68 118/1/67
f 105/2/81 116/1/95 115/1/93
f 116/1/95 105/2/81 106/2/82
f 115/1/94 116/1/96 105/2/87
f 106/2/86 105/2/87 116/1/96
f 111/1/74 119/2/64 117/1/63
f 119/2/64 111/1/74 112/2/76
f 117/1/65 119/2/68 111/1/78
f 112/2/80 111/1/78 119/2/68
f 114/2/75 118/1/61 120/2/62
f 118/1/61 114/2/75 113/1/73
f 120/2/66 118/1/67 114/2/77
f 113/1/79 114/2/77 118/1/67
f 112/2/76 120/2/62 119/2/64
f 120/2/62 112/2/76 114/2/75
f 119/2/68 120/2/66 112/2/80
f 114/2/77 112/2/80 120/2/66
f 104/2/4 85/1/1 103/1/3
f 85/1/1 104/2/4 86/2/2
f 103/1/5 85/1/7 104/2/8
f 86/2/6 104/2/8 85/1/7
f 123/1/45 122/2/10 121/1/9
f 122/2/10 123/1/45 124/2/46
f 121/1/12 122/2/11 123/1/47
f 124/2/48 123/1/47 122/2/11
f 126/2/2 123/1/45 125/1/1
f 123/1/45 126/2/2 124/2/46
f 125/1/7 123/1/47 126/2/6
f 124/2/48 126/2/6 123/1/47
f 129/3/22 128/1/41 127/1/21
f 128/1/41 129/3/22 130/3/42
f 127/1/24 128/1/44 129/3/23
f 130/3/43 129/3/23 128/1/44
f 128/1/41 132/3/15 131/1/13
f 132/3/15 128/1/41 130/3/42
f 131/1/19 132/3/17 128/1/44
f 130/3/43 128/1/44 132/3/17
f 135/1/39 134/3/34 133/1/37
f 134/3/34 135/1/39 136/3/33
f 133/1/38 134/3/35 135/1/40
f 136/3/36 135/1/40 134/3/35
f 134/3/34 138/3/26 137/3/28
f 138/3/26 134/3/34 136/3/33
f 137/3/32 138/3/30 134/3/35
f 136/3/36 134/3/35 138/3/30
f 138/3/26 135/1/39 139/1/25
f 135/1/39 138/3/26 136/3/33
f 139/1/31 135/1/40 138/3/30
f 136/3/36 138/3/30 135/1/40
f 134/3/34 140/1/27 133/1/37
f 140/1/27 134/3/34 137/3/28
f 133/1/38 140/1/29 134/3/35
f 137/3/32 134/3/35 140/1/29
f 137/3/28 139/1/25 140/1/27
f 139/1/25 137/3/28 138/3/26
f 140/1/29 139/1/31 137/3/32
f 138/3/30 137/3/32 139/1/31
f 142/3/16 127/1/21 141/1/14
f 127/1/21 142/3/16 129/3/22
f 141/1/18 127/1/24 142/3/20
f 129/3/23 142/3/20 127/1/24
f 122/2/10 143/1/3 121/1/9
f 143/1/3 122/2/10 144/2/4
f 121/1/12 143/1/5 122/2/11
f 144/2/8 122/2/11 143/1/5
f 132/3/15 141/1/14 131/1/13
f 141/1/14 132/3/15 142/3/16
f 131/1/19 141/1/18 132/3/17
f 142/3/20 132/3/17 141/1/18
f 132/3/15 129/3/22 142/3/16
f 129/3/22 132/3/15 130/3/42
f 142/3/20 129/3/23 132/3/17
f 130/3/43 132/3/17 129/3/23
f 147/2/83 146/2/82 145/2/81
f 146/2/82 147/2/83 148/2/84
f 145/2/87 146/2/86 147/2/85
f 148/2/88 147/2/85 146/2/86
f 144/2/4 124/2/46 126/2/2
f 124/2/46 144/2/4 122/2/10
f 126/2/6 124/2/48 144/2/8
f 122/2/11 144/2/8 124/2/48
f 149/1/89 148/2/84 147/2/83
f 148/2/84 149/1/89 150/1/90
f 147/2/85 148/2/88 149/1/91
f 150/1/92 149/1/91 148/2/88
f 153/1/73 152/2/76 151/1/74
f 152/2/76 153/1/73 154/2/75
f 151/1/78 152/2/80 153/1/79
f 154/2/77 153/1/79 152/2/80
f 149/1/89 145/2/81 155/1/93
f 145/2/81 149/1/89 147/2/83
f 155/1/94 145/2/87 149/1/91
f 147/2/85 149/1/91 145/2/87
f 148/2/84 156/1/95 146/2/82
f 156/1/95 148/2/84 150/1/90
f 146/2/86 156/1/96 148/2/88
f 150/1/92 148/2/88 156/1/96
f 159/2/64 158/1/61 157/1/63
f 158/1/61 159/2/64 160/2/62
f 157/1/65 158/1/67 159/2/68
f 160/2/66 159/2/68 158/1/67
f 145/2/81 156/1/95 155/1/93
f 156/1/95 145/2/81 146/2/82
f 155/1/94 156/1/96 145/2/87
f 146/2/86 145/2/87 156/1/96
f 151/1/74 159/2/64 157/1/63
f 159/2/64 151/1/74 152/2/76
f 157/1/65 159/2/68 151/1/78
f 152/2/80 151/1/78 159/2/68
f 154/2/75 158/1/61 160/2/62
f 158/1/61 154/2/75 153/1/73
f 160/2/66 158/1/67 154/2/77
f 153/1/79 154/2/77 158/1/67
f 152/2/76 160/2/62 159/2/64
f 160/2/62 152/2/76 154/2/75
f 159/2/68 160/2/66 152/2/80
f 154/2/77 152/2/80 160/2/66
f 144/2/4 125/1/1 143/1/3
f 125/1/1 144/2/4 126/2/2
f 143/1/5 125/1/7 144/2/8
f 126/2/6 144/2/8 125/1/7
f 163/1/97 162/1/97 161/1/97
f 162/1/97 163/1/97 164/1/97
f 161/1/98 162/1/98 163/1/98
f 164/1/98 163/1/98 162/1/98
f 167/5/101 166/4/100 165/4/99
f 166/4/100 167/5/101 168/5/102
f 165/4/105 166/4/104 167/5/103
f 168/5/106 167/5/103 166/4/104
f 171/5/109 170/5/108 169/5/107
f 170/5/108 171/5/109 172/5/110
f 169/5/113 170/5/112 171/5/111
f 172/5/114 171/5/111 170/5/112
f 174/5/116 167/5/101 173/5/115
f 167/5/101 174/5/116 168/5/102
f 173/5/118 167/5/103 174/5/117
f 168/5/106 174/5/117 167/5/103
f 177/4/3 176/6/2 175/4/1
f 176/6/2 177/4/3 178/6/4
f 175/4/7 176/6/6 177/4/5
f 178/6/8 177/4/5 176/6/6
f 180/6/46 178/6/4 179/6/10
f 178/6/4 180/6/46 176/6/2
f 179/6/11 178/6/8 180/6/48
f 176/6/6 180/6/48 178/6/8
f 179/6/10 177/4/3 181/4/9
f 177/4/3 179/6/10 178/6/4
f 181/4/12 177/4/5 179/6/11
f 178/6/8 179/6/11 177/4/5
f 173/5/115 165/4/99 182/4/119
f 165/4/99 173/5/115 167/5/101
f 182/4/120 165/4/105 173/5/118
f 167/5/103 173/5/118 165/4/105
f 183/4/121 168/5/102 174/5/116
f 168/5/102 183/4/121 166/4/100
f 174/5/117 168/5/106 183/4/122
f 166/4/104 183/4/122 168/5/106
f 186/7/62 185/7/76 184/7/75
f 185/7/76 186/7/62 187/7/64
f 184/7/77 185/7/80 186/7/66
f 187/7/68 186/7/66 185/7/80
f 187/7/64 188/4/74 185/7/76
f 188/4/74 187/7/64 189/4/63
f 185/7/80 188/4/78 187/7/68
f 189/4/65 187/7/68 188/4/78
f 191/4/61 184/7/75 190/4/73
f 184/7/75 191/4/61 186/7/62
f 190/4/79 184/7/77 191/4/67
f 186/7/66 191/4/67 184/7/77
f 189/4/63 186/7/62 191/4/61
f 186/7/62 189/4/63 187/7/64
f 191/4/67 186/7/66 189/4/65
f 187/7/68 189/4/65 186/7/66
f 193/4/124 172/5/110 192/4/123
f 172/5/110 193/4/124 170/5/108
f 192/4/126 172/5/114 193/4/125
f 170/5/112 193/4/125 172/5/114
f 172/5/110 194/4/127 192/4/123
f 194/4/127 172/5/110 171/5/109
f 192/4/126 194/4/128 172/5/114
f 171/5/111 172/5/114 194/4/128
f 169/5/107 193/4/124 195/4/129
f 193/4/124 169/5/107 170/5/108
f 195/4/130 193/4/125 169/5/113
f 170/5/112 169/5/113 193/4/125
f 198/7/2 197/4/45 196/4/1
f 197/4/45 198/7/2 199/7/46
f 196/4/7 197/4/47 198/7/6
f 199/7/48 198/7/6 197/4/47
f 171/5/109 195/4/129 194/4/127
f 195/4/129 171/5/109 169/5/107
f 194/4/128 195/4/130 171/5/111
f 169/5/113 171/5/111 195/4/130
f 199/7/46 201/7/4 200/7/10
f 201/7/4 199/7/46 198/7/2
f 200/7/11 201/7/8 199/7/48
f 198/7/6 199/7/48 201/7/8
f 180/6/46 181/4/9 202/4/45
f 181/4/9 180/6/46 179/6/10
f 202/4/47 181/4/12 180/6/48
f 179/6/11 180/6/48 181/4/12
f 200/7/10 204/4/3 203/4/9
f 204/4/3 200/7/10 201/7/4
f 203/4/12 204/4/5 200/7/11
f 201/7/8 200/7/11 204/4/5
f 184/7/75 188/4/74 190/4/73
f 188/4/74 184/7/75 185/7/76
f 190/4/79 188/4/78 184/7/77
f 185/7/80 184/7/77 188/4/78
f 176/6/2 202/4/45 175/4/1
f 202/4/45 176/6/2 180/6/46
f 175/4/7 202/4/47 176/6/6
f 180/6/48 176/6/6 202/4/47
f 199/7/46 203/4/9 197/4/45
f 203/4/9 199/7/46 200/7/10
f 197/4/47 203/4/12 199/7/48
f 200/7/11 199/7/48 203/4/12
f 183/4/121 173/5/115 182/4/119
f 173/5/115 183/4/121 174/5/116
f 182/4/120 173/5/118 183/4/122
f 174/5/117 183/4/122 173/5/118
f 207/7/2 206/4/45 205/4/1
f 206/4/45 207/7/2 208/7/46
f 205/4/7 206/4/47 207/7/6
f 208/7/48 207/7/6 206/4/47
f 204/4/3 198/7/2 196/4/1
f 198/7/2 204/4/3 201/7/4
f 196/4/7 198/7/6 204/4/5
f 201/7/8 204/4/5 198/7/6
f 208/7/46 210/7/4 209/7/10
f 210/7/4 208/7/46 207/7/2
f 209/7/11 210/7/8 208/7/48
f 207/7/6 208/7/48 210/7/8
f 211/4/3 207/7/2 205/4/1
f 207/7/2 211/4/3 210/7/4
f 205/4/7 207/7/6 211/4/5
f 210/7/8 211/4/5 207/7/6
f 208/7/46 212/4/9 206/4/45
f 212/4/9 208/7/46 209/7/10
f 206/4/47 212/4/12 208/7/48
f 209/7/11 208/7/48 212/4/12
f 209/7/10 211/4/3 212/4/9
f 211/4/3 209/7/10 210/7/4
f 212/4/12 211/4/5 209/7/11
f 210/7/8 209/7/11 211/4/5
f 215/5/133 214/5/132 213/5/131
f 214/5/132 215/5/133 216/5/134
f 213/5/137 214/5/136 215/5/135
f 216/5/138 215/5/135 214/5/136
f 213/5/131 218/4/140 217/4/139
f 218/4/140 213/5/131 214/5/132
f 217/4/142 218/4/141 213/5/137
f 214/5/136 213/5/137 218/4/141
f 215/5/133 217/4/139 219/4/143
f 217/4/139 215/5/133 213/5/131
f 219/4/144 217/4/142 215/5/135
f 213/5/137 215/5/135 217/4/142
f 214/5/132 220/4/145 218/4/140
f 220/4/145 214/5/132 216/5/134
f 218/4/141 220/4/146 214/5/136
f 216/5/138 214/5/136 220/4/146
f 220/4/145 215/5/133 219/4/143
f 215/5/133 220/4/145 216/5/134
f 219/4/144 215/5/135 220/4/146
f 216/5/138 220/4/146 215/5/135
f 223/4/27 222/5/26 221/4/25
f 222/5/26 223/4/27 224/5/28
f 221/4/31 222/5/30 223/4/29
f 224/5/32 223/4/29 222/5/30
f 222/5/26 226/5/34 225/5/33
f 226/5/34 222/5/26 224/5/28
f 225/5/36 226/5/35 222/5/30
f 224/5/32 222/5/30 226/5/35
f 222/5/26 227/4/39 221/4/25
f 227/4/39 222/5/26 225/5/33
f 221/4/31 227/4/40 222/5/30
f 225/5/36 222/5/30 227/4/40
f 226/5/34 223/4/27 228/4/37
f 223/4/27 226/5/34 224/5/28
f 228/4/38 223/4/29 226/5/35
f 224/5/32 226/5/35 223/4/29
f 225/5/33 228/4/37 227/4/39
f 228/4/37 225/5/33 226/5/34
f 227/4/40 228/4/38 225/5/36
f 226/5/35 225/5/36 228/4/38
f 231/7/62 230/7/76 229/7/75
f 230/7/76 231/7/62 232/7/64
f 229/7/77 230/7/80 231/7/66
f 232/7/68 231/7/66 230/7/80
f 232/7/64 233/4/74 230/7/76
f 233/4/74 232/7/64 234/4/63
f 230/7/80 233/4/78 232/7/68
f 234/4/65 232/7/68 233/4/78
f 237/5/22 236/5/15 235/5/42
f 236/5/15 237/5/22 238/5/16
f 235/5/43 236/5/17 237/5/23
f 238/5/20 237/5/23 236/5/17
f 235/5/42 240/4/13 239/4/41
f 240/4/13 235/5/42 236/5/15
f 239/4/44 240/4/19 235/5/43
f 236/5/17 235/5/43 240/4/19
f 229/7/75 233/4/74 241/4/73
f 233/4/74 229/7/75 230/7/76
f 241/4/79 233/4/78 229/7/77
f 230/7/80 229/7/77 233/4/78
f 234/4/63 231/7/62 242/4/61
f 231/7/62 234/4/63 232/7/64
f 242/4/67 231/7/66 234/4/65
f 232/7/68 234/4/65 231/7/66
f 236/5/15 243/4/14 240/4/13
f 243/4/14 236/5/15 238/5/16
f 240/4/19 243/4/18 236/5/17
f 238/5/20 236/5/17 243/4/18
f 237/5/22 239/4/41 244/4/21
f 239/4/41 237/5/22 235/5/42
f 244/4/24 239/4/44 237/5/23
f 235/5/43 237/5/23 239/4/44
f 243/4/14 237/5/22 244/4/21
f 237/5/22 243/4/14 238/5/16
f 244/4/24 237/5/23 243/4/18
f 238/5/20 243/4/18 237/5/23
f 242/4/61 229/7/75 241/4/73
f 229/7/75 242/4/61 231/7/62
f 241/4/79 229/7/77 242/4/67
f 231/7/66 242/4/67 229/7/77
f 247/3/149 246/1/148 245/1/147
f 246/1/148 247/3/149 248/3/150
f 245/1/153 246/1/152 247/3/151
f 248/3/154 247/3/151 246/1/152
f 251/2/157 250/1/156 249/1/155
f 250/1/156 251/2/157 252/2/158
f 249/1/161 250/1/160 251/2/159
f 252/2/162 251/2/159 250/1/160
f 255/3/165 254/1/164 253/1/163
f 254/1/164 255/3/165 256/3/166
f 253/1/169 254/1/168 255/3/167
f 256/3/170 255/3/167 254/1/168
f 246/1/148 255/3/165 253/1/163
f 255/3/165 246/1/148 248/3/150
f 253/1/169 255/3/167 246/1/152
f 248/3/154 246/1/152 255/3/167
f 251/2/157 257/2/171 252/2/158
f 257/2/171 251/2/157 258/2/172
f 252/2/162 257/2/173 251/2/159
f 258/2/174 251/2/159 257/2/173
f 252/2/158 259/1/175 250/1/156
f 259/1/175 252/2/158 257/2/171
f 250/1/160 259/1/176 252/2/162
f 257/2/173 252/2/162 259/1/176
f 255/3/165 247/3/149 256/3/166
f 247/3/149 255/3/165 248/3/150
f 256/3/170 247/3/151 255/3/167
f 248/3/154 255/3/167 247/3/151
f 258/2/172 249/1/155 260/1/177
f 249/1/155 258/2/172 251/2/157
f 260/1/178 249/1/161 258/2/174
f 251/2/159 258/2/174 249/1/161
f 259/1/175 258/2/172 260/1/177
f 258/2/172 259/1/175 257/2/171
f 260/1/178 258/2/174 259/1/176
f 257/2/173 259/1/176 258/2/174
f 256/3/166 245/1/147 254/1/164
f 245/1/147 256/3/166 247/3/149
f 254/1/168 245/1/153 256/3/170
f 247/3/151 256/3/170 245/1/153
f 263/2/181 262/2/180 261/2/179
f 262/2/180 263/2/181 264/2/182
f 261/2/185 262/2/184 263/2/183
f 264/2/186 263/2/183 262/2/184
f 264/2/182 265/1/187 262/2/180
f 265/1/187 264/2/182 266/1/188
f 262/2/184 265/1/189 264/2/186
f 266/1/190 264/2/186 265/1/189
f 261/2/179 265/1/187 267/1/191
f 265/1/187 261/2/179 262/2/180
f 267/1/192 265/1/189 261/2/185
f 262/2/184 261/2/185 265/1/189
f 268/1/193 261/2/179 267/1/191
f 261/2/179 268/1/193 263/2/181
f 267/1/192 261/2/185 268/1/194
f 263/2/183 268/1/194 261/2/185
f 266/1/188 263/2/181 268/1/193
f 263/2/181 266/1/188 264/2/182
f 268/1/194 263/2/183 266/1/190
f 264/2/186 266/1/190 263/2/183
f 271/1/197 270/2/196 269/1/195
f 270/2/196 271/1/197 272/2/198
f 269/1/201 270/2/200 271/1/199
f 272/2/202 271/1/199 270/2/200
f 273/1/203 272/2/198 271/1/197
f 272/2/198 273/1/203 274/2/204
f 271/1/199 272/2/202 273/1/205
f 274/2/206 273/1/205 272/2/202
f 277/3/209 276/1/208 275/1/207
f 276/1/208 277/3/209 278/3/210
f 275/1/213 276/1/212 277/3/211
f 278/3/214 277/3/211 276/1/212
f 277/3/209 279/3/215 278/3/210
f 279/3/215 277/3/209 280/3/216
f 278/3/214 279/3/217 277/3/211
f 280/3/218 277/3/211 279/3/217
f 274/2/204 282/1/220 281/2/219
f 282/1/220 274/2/204 273/1/203
f 281/2/222 282/1/221 274/2/206
f 273/1/205 274/2/206 282/1/221
f 278/3/210 283/1/223 276/1/208
f 283/1/223 278/3/210 279/3/215
f 276/1/212 283/1/224 278/3/214
f 279/3/217 278/3/214 283/1/224
f 272/2/198 281/2/219 270/2/196
f 281/2/219 272/2/198 274/2/204
f 270/2/200 281/2/222 272/2/202
f 274/2/206 272/2/202 281/2/222
f 284/1/225 277/3/209 275/1/207
f 277/3/209 284/1/225 280/3/216
f 275/1/213 277/3/211 284/1/226
f 280/3/218 284/1/226 277/3/211
f 270/2/196 282/1/220 269/1/195
f 282/1/220 270/2/196 281/2/219
f 269/1/201 282/1/221 270/2/200
f 281/2/222 270/2/200 282/1/221
f 279/3/215 284/1/225 283/1/223
f 284/1/225 279/3/215 280/3/216
f 283/1/224 284/1/226 279/3/217
f 280/3/218 279/3/217 284/1/226
f 287/1/97 286/1/97 285/1/97
f 286/1/97 287/1/97 288/1/97
f 285/1/98 286/1/98 287/1/98
f 288/1/98 287/1/98 286/1/98
f 290/1/97 161/1/97 289/1/97
f 161/1/97 290/1/97 163/1/97
f 289/1/98 161/1/98 290/1/98
f 163/1/98 290/1/98 161/1/98
f 291/1/97 163/1/97 290/1/97
f 163/1/97 291/1/97 292/1/97
f 290/1/98 163/1/98 291/1/98
f 292/1/98 291/1/98 163/1/98
f 292/1/97 164/1/97 163/1/97
f 164/1/97 292/1/97 293/1/97
f 163/1/98 164/1/98 292/1/98
f 293/1/98 292/1/98 164/1/98
f 296/1/97 295/1/97 294/1/97
f 295/1/97 296/1/97 289/1/97
f 294/1/98 295/1/98 296/1/98
f 289/1/98 296/1/98 295/1/98
f 161/1/97 298/1/97 297/1/97
f 298/1/97 161/1/97 162/1/97
f 297/1/98 298/1/98 161/1/98
f 162/1/98 161/1/98 298/1/98
f 300/1/97 290/1/97 299/1/97
f 290/1/97 300/1/97 291/1/97
f 299/1/98 290/1/98 300/1/98
f 291/1/98 300/1/98 290/1/98
f 303/2/101 302/1/100 301/1/99
f 302/1/100 303/2/101 304/2/102
f 301/1/105 302/1/104 303/2/103
f 304/2/106 303/2/103 302/1/104
f 307/2/109 306/2/108 305/2/107
f 306/2/108 307/2/109 308/2/110
f 305/2/113 306/2/112 307/2/111
f 308/2/114 307/2/111 306/2/112
f 310/2/116 303/2/101 309/2/115
f 303/2/101 310/2/116 304/2/102
f 309/2/118 303/2/103 310/2/117
f 304/2/106 310/2/117 303/2/103
f 313/1/3 312/3/2 311/1/1
f 312/3/2 313/1/3 314/3/4
f 311/1/7 312/3/6 313/1/5
f 314/3/8 313/1/5 312/3/6
f 316/3/46 314/3/4 315/3/10
f 314/3/4 316/3/46 312/3/2
f 315/3/11 314/3/8 316/3/48
f 312/3/6 316/3/48 314/3/8
f 315/3/10 313/1/3 317/1/9
f 313/1/3 315/3/10 314/3/4
f 317/1/12 313/1/5 315/3/11
f 314/3/8 315/3/11 313/1/5
f 309/2/115 301/1/99 318/1/119
f 301/1/99 309/2/115 303/2/101
f 318/1/120 301/1/105 309/2/118
f 303/2/103 309/2/118 301/1/105
f 319/1/121 304/2/102 310/2/116
f 304/2/102 319/1/121 302/1/100
f 310/2/117 304/2/106 319/1/122
f 302/1/104 319/1/122 304/2/106
f 322/8/62 321/8/76 320/8/75
f 321/8/76 322/8/62 323/8/64
f 320/8/77 321/8/80 322/8/66
f 323/8/68 322/8/66 321/8/80
f 323/8/64 324/1/74 321/8/76
f 324/1/74 323/8/64 325/1/63
f 321/8/80 324/1/78 323/8/68
f 325/1/65 323/8/68 324/1/78
f 327/1/61 320/8/75 326/1/73
f 320/8/75 327/1/61 322/8/62
f 326/1/79 320/8/77 327/1/67
f 322/8/66 327/1/67 320/8/77
f 325/1/63 322/8/62 327/1/61
f 322/8/62 325/1/63 323/8/64
f 327/1/67 322/8/66 325/1/65
f 323/8/68 325/1/65 322/8/66
f 329/1/124 308/2/110 328/1/123
f 308/2/110 329/1/124 306/2/108
f 328/1/126 308/2/114 329/1/125
f 306/2/112 329/1/125 308/2/114
f 308/2/110 330/1/127 328/1/123
f 330/1/127 308/2/110 307/2/109
f 328/1/126 330/1/128 308/2/114
f 307/2/111 308/2/114 330/1/128
f 305/2/107 329/1/124 331/1/129
f 329/1/124 305/2/107 306/2/108
f 331/1/130 329/1/125 305/2/113
f 306/2/112 305/2/113 329/1/125
f 334/8/2 333/1/45 332/1/1
f 333/1/45 334/8/2 335/8/46
f 332/1/7 333/1/47 334/8/6
f 335/8/48 334/8/6 333/1/47
f 307/2/109 331/1/129 330/1/127
f 331/1/129 307/2/109 305/2/107
f 330/1/128 331/1/130 307/2/111
f 305/2/113 307/2/111 331/1/130
f 335/8/46 337/8/4 336/8/10
f 337/8/4 335/8/46 334/8/2
f 336/8/11 337/8/8 335/8/48
f 334/8/6 335/8/48 337/8/8
f 316/3/46 317/1/9 338/1/45
f 317/1/9 316/3/46 315/3/10
f 338/1/47 317/1/12 316/3/48
f 315/3/11 316/3/48 317/1/12
f 336/8/10 340/1/3 339/1/9
f 340/1/3 336/8/10 337/8/4
f 339/1/12 340/1/5 336/8/11
f 337/8/8 336/8/11 340/1/5
f 320/8/75 324/1/74 326/1/73
f 324/1/74 320/8/75 321/8/76
f 326/1/79 324/1/78 320/8/77
f 321/8/80 320/8/77 324/1/78
f 312/3/2 338/1/45 311/1/1
f 338/1/45 312/3/2 316/3/46
f 311/1/7 338/1/47 312/3/6
f 316/3/48 312/3/6 338/1/47
f 335/8/46 339/1/9 333/1/45
f 339/1/9 335/8/46 336/8/10
f 333/1/47 339/1/12 335/8/48
f 336/8/11 335/8/48 339/1/12
f 319/1/121 309/2/115 318/1/119
f 309/2/115 319/1/121 310/2/116
f 318/1/120 309/2/118 319/1/122
f 310/2/117 319/1/122 309/2/118
f 343/8/2 342/1/45 341/1/1
f 342/1/45 343/8/2 344/8/46
f 341/1/7 342/1/47 343/8/6
f 344/8/48 343/8/6 342/1/47
f 340/1/3 334/8/2 332/1/1
f 334/8/2 340/1/3 337/8/4
f 332/1/7 334/8/6 340/1/5
f 337/8/8 340/1/5 334/8/6
f 344/8/46 346/8/4 345/8/10
f 346/8/4 344/8/46 343/8/2
f 345/8/11 346/8/8 344/8/48
f 343/8/6 344/8/48 346/8/8
f 347/1/3 343/8/2 341/1/1
f 343/8/2 347/1/3 346/8/4
f 341/1/7 343/8/6 347/1/5
f 346/8/8 347/1/5 343/8/6
f 344/8/46 348/1/9 342/1/45
f 348/1/9 344/8/46 345/8/10
f 342/1/47 348/1/12 344/8/48
f 345/8/11 344/8/48 348/1/12
f 345/8/10 347/1/3 348/1/9
f 347/1/3 345/8/10 346/8/4
f 348/1/12 347/1/5 345/8/11
f 346/8/8 345/8/11 347/1/5
f 351/2/133 350/2/132 349/2/131
f 350/2/132 351/2/133 352/2/134
f 349/2/137 350/2/136 351/2/135
f 352/2/138 351/2/135 350/2/136
f 349/2/131 354/1/140 353/1/139
f 354/1/140 349/2/131 350/2/132
f 353/1/142 354/1/141 349/2/137
f 350/2/136 349/2/137 354/1/141
f 351/2/133 353/1/139 355/1/143
f 353/1/139 351/2/133 349/2/131
f 355/1/144 353/1/142 351/2/135
f 349/2/137 351/2/135 353/1/142
f 350/2/132 356/1/145 354/1/140
f 356/1/145 350/2/132 352/2/134
f 354/1/141 356/1/146 350/2/136
f 352/2/138 350/2/136 356/1/146
f 356/1/145 351/2/133 355/1/143
f 351/2/133 356/1/145 352/2/134
f 355/1/144 351/2/135 356/1/146
f 352/2/138 356/1/146 351/2/135
f 359/1/27 358/2/26 357/1/25
f 358/2/26 359/1/27 360/2/28
f 357/1/31 358/2/30 359/1/29
f 360/2/32 359/1/29 358/2/30
f 358/2/26 362/2/34 361/2/33
f 362/2/34 358/2/26 360/2/28
f 361/2/36 362/2/35 358/2/30
f 360/2/32 358/2/30 362/2/35
f 358/2/26 363/1/39 357/1/25
f 363/1/39 358/2/26 361/2/33
f 357/1/31 363/1/40 358/2/30
f 361/2/36 358/2/30 363/1/40
f 362/2/34 359/1/27 364/1/37
f 359/1/27 362/2/34 360/2/28
f 364/1/38 359/1/29 362/2/35
f 360/2/32 362/2/35 359/1/29
f 361/2/33 364/1/37 363/1/39
f 364/1/37 361/2/33 362/2/34
f 363/1/40 364/1/38 361/2/36
f 362/2/35 361/2/36 364/1/38
f 367/8/62 366/8/76 365/8/75
f 366/8/76 367/8/62 368/8/64
f 365/8/77 366/8/80 367/8/66
f 368/8/68 367/8/66 366/8/80
f 368/8/64 369/1/74 366/8/76
f 369/1/74 368/8/64 370/1/63
f 366/8/80 369/1/78 368/8/68
f 370/1/65 368/8/68 369/1/78
f 373/2/22 372/2/15 371/2/42
f 372/2/15 373/2/22 374/2/16
f 371/2/43 372/2/17 373/2/23
f 374/2/20 373/2/23 372/2/17
f 371/2/42 376/1/13 375/1/41
f 376/1/13 371/2/42 372/2/15
f 375/1/44 376/1/19 371/2/43
f 372/2/17 371/2/43 376/1/19
f 365/8/75 369/1/74 377/1/73
f 369/1/74 365/8/75 366/8/76
f 377/1/79 369/1/78 365/8/77
f 366/8/80 365/8/77 369/1/78
f 370/1/63 367/8/62 378/1/61
f 367/8/62 370/1/63 368/8/64
f 378/1/67 367/8/66 370/1/65
f 368/8/68 370/1/65 367/8/66
f 372/2/15 379/1/14 376/1/13
f 379/1/14 372/2/15 374/2/16
f 376/1/19 379/1/18 372/2/17
f 374/2/20 372/2/17 379/1/18
f 373/2/22 375/1/41 380/1/21
f 375/1/41 373/2/22 371/2/42
f 380/1/24 375/1/44 373/2/23
f 371/2/43 373/2/23 375/1/44
f 379/1/14 373/2/22 380/1/21
f 373/2/22 379/1/14 374/2/16
f 380/1/24 373/2/23 379/1/18
f 374/2/20 379/1/18 373/2/23
f 378/1/61 365/8/75 377/1/73
f 365/8/75 378/1/61 367/8/62
f 377/1/79 365/8/77 378/1/67
f 367/8/66 378/1/67 365/8/77
f 289/1/97 297/1/97 295/1/97
f 297/1/97 289/1/97 161/1/97
f 295/1/98 297/1/98 289/1/98
f 161/1/98 289/1/98 297/1/98
f 381/1/97 292/1/97 291/1/97
f 292/1/97 381/1/97 382/1/97
f 291/1/98 292/1/98 381/1/98
f 382/1/98 381/1/98 292/1/98
f 385/5/101 384/4/100 383/4/99
f 384/4/100 385/5/101 386/5/102
f 383/4/105 384/4/104 385/5/103
f 386/5/106 385/5/103 384/4/104
f 389/5/109 388/5/108 387/5/107
f 388/5/108 389/5/109 390/5/110
f 387/5/113 388/5/112 389/5/111
f 390/5/114 389/5/111 388/5/112
f 392/5/116 385/5/101 391/5/115
f 385/5/101 392/5/116 386/5/102
f 391/5/118 385/5/103 392/5/117
f 386/5/106 392/5/117 385/5/103
f 395/4/3 394/6/2 393/4/1
f 394/6/2 395/4/3 396/6/4
f 393/4/7 394/6/6 395/4/5
f 396/6/8 395/4/5 394/6/6
f 398/6/46 396/6/4 397/6/10
f 396/6/4 398/6/46 394/6/2
f 397/6/11 396/6/8 398/6/48
f 394/6/6 398/6/48 396/6/8
f 397/6/10 395/4/3 399/4/9
f 395/4/3 397/6/10 396/6/4
f 399/4/12 395/4/5 397/6/11
f 396/6/8 397/6/11 395/4/5
f 391/5/115 383/4/99 400/4/119
f 383/4/99 391/5/115 385/5/101
f 400/4/120 383/4/105 391/5/118
f 385/5/103 391/5/118 383/4/105
f 401/4/121 386/5/102 392/5/116
f 386/5/102 401/4/121 384/4/100
f 392/5/117 386/5/106 401/4/122
f 384/4/104 401/4/122 386/5/106
f 404/7/62 403/7/76 402/7/75
f 403/7/76 404/7/62 405/7/64
f 402/7/77 403/7/80 404/7/66
f 405/7/68 404/7/66 403/7/80
f 405/7/64 406/4/74 403/7/76
f 406/4/74 405/7/64 407/4/63
f 403/7/80 406/4/78 405/7/68
f 407/4/65 405/7/68 406/4/78
f 409/4/61 402/7/75 408/4/73
f 402/7/75 409/4/61 404/7/62
f 408/4/79 402/7/77 409/4/67
f 404/7/66 409/4/67 402/7/77
f 407/4/63 404/7/62 409/4/61
f 404/7/62 407/4/63 405/7/64
f 409/4/67 404/7/66 407/4/65
f 405/7/68 407/4/65 404/7/66
f 411/4/124 390/5/110 410/4/123
f 390/5/110 411/4/124 388/5/108
f 410/4/126 390/5/114 411/4/125
f 388/5/112 411/4/125 390/5/114
f 390/5/110 412/4/127 410/4/123
f 412/4/127 390/5/110 389/5/109
f 410/4/126 412/4/128 390/5/114
f 389/5/111 390/5/114 412/4/128
f 387/5/107 411/4/124 413/4/129
f 411/4/124 387/5/107 388/5/108
f 413/4/130 411/4/125 387/5/113
f 388/5/112 387/5/113 411/4/125
f 416/7/2 415/4/45 414/4/1
f 415/4/45 416/7/2 417/7/46
f 414/4/7 415/4/47 416/7/6
f 417/7/48 416/7/6 415/4/47
f 389/5/109 413/4/129 412/4/127
f 413/4/129 389/5/109 387/5/107
f 412/4/128 413/4/130 389/5/111
f 387/5/113 389/5/111 413/4/130
f 417/7/46 419/7/4 418/7/10
f 419/7/4 417/7/46 416/7/2
f 418/7/11 419/7/8 417/7/48
f 416/7/6 417/7/48 419/7/8
f 398/6/46 399/4/9 420/4/45
f 399/4/9 398/6/46 397/6/10
f 420/4/47 399/4/12 398/6/48
f 397/6/11 398/6/48 399/4/12
f 418/7/10 422/4/3 421/4/9
f 422/4/3 418/7/10 419/7/4
f 421/4/12 422/4/5 418/7/11
f 419/7/8 418/7/11 422/4/5
f 402/7/75 406/4/74 408/4/73
f 406/4/74 402/7/75 403/7/76
f 408/4/79 406/4/78 402/7/77
f 403/7/80 402/7/77 406/4/78
f 394/6/2 420/4/45 393/4/1
f 420/4/45 394/6/2 398/6/46
f 393/4/7 420/4/47 394/6/6
f 398/6/48 394/6/6 420/4/47
f 417/7/46 421/4/9 415/4/45
f 421/4/9 417/7/46 418/7/10
f 415/4/47 421/4/12 417/7/48
f 418/7/11 417/7/48 421/4/12
f 401/4/121 391/5/115 400/4/119
f 391/5/115 401/4/121 392/5/116
f 400/4/120 391/5/118 401/4/122
f 392/5/117 401/4/122 391/5/118
f 425/7/2 424/4/45 423/4/1
f 424/4/45 425/7/2 426/7/46
f 423/4/7 424/4/47 425/7/6
f 426/7/48 425/7/6 424/4/47
f 422/4/3 416/7/2 414/4/1
f 416/7/2 422/4/3 419/7/4
f 414/4/7 416/7/6 422/4/5
f 419/7/8 422/4/5 416/7/6
f 426/7/46 428/7/4 427/7/10
f 428/7/4 426/7/46 425/7/2
f 427/7/11 428/7/8 426/7/48
f 425/7/6 426/7/48 428/7/8
f 429/4/3 425/7/2 423/4/1
f 425/7/2 429/4/3 428/7/4
f 423/4/7 425/7/6 429/4/5
f 428/7/8 429/4/5 425/7/6
f 426/7/46 430/4/9 424/4/45
f 430/4/9 426/7/46 427/7/10
f 424/4/47 430/4/12 426/7/48
f 427/7/11 426/7/48 430/4/12
f 427/7/10 429/4/3 430/4/9
f 429/4/3 427/7/10 428/7/4
f 430/4/12 429/4/5 427/7/11
f 428/7/8 427/7/11 429/4/5
f 433/5/133 432/5/132 431/5/131
f 432/5/132 433/5/133 434/5/134
f 431/5/137 432/5/136 433/5/135
f 434/5/138 433/5/135 432/5/136
f 431/5/131 436/4/140 435/4/139
f 436/4/140 431/5/131 432/5/132
f 435/4/142 436/4/141 431/5/137
f 432/5/136 431/5/137 436/4/141
f 433/5/133 435/4/139 437/4/143
f 435/4/139 433/5/133 431/5/131
f 437/4/144 435/4/142 433/5/135
f 431/5/137 433/5/135 435/4/142
f 432/5/132 438/4/145 436/4/140
f 438/4/145 432/5/132 434/5/134
f 436/4/141 438/4/146 432/5/136
f 434/5/138 432/5/136 438/4/146
f 438/4/145 433/5/133 437/4/143
f 433/5/133 438/4/145 434/5/134
f 437/4/144 433/5/135 438/4/146
f 434/5/138 438/4/146 433/5/135
f 441/4/27 440/5/26 439/4/25
f 440/5/26 441/4/27 442/5/28
f 439/4/31 440/5/30 441/4/29
f 442/5/32 441/4/29 440/5/30
f 440/5/26 444/5/34 443/5/33
f 444/5/34 440/5/26 442/5/28
f 443/5/36 444/5/35 440/5/30
f 442/5/32 440/5/30 444/5/35
f 440/5/26 445/4/39 439/4/25
f 445/4/39 440/5/26 443/5/33
f 439/4/31 445/4/40 440/5/30
f 443/5/36 440/5/30 445/4/40
f 444/5/34 441/4/27 446/4/37
f 441/4/27 444/5/34 442/5/28
f 446/4/38 441/4/29 444/5/35
f 442/5/32 444/5/35 441/4/29
f 443/5/33 446/4/37 445/4/39
f 446/4/37 443/5/33 444/5/34
f 445/4/40 446/4/38 443/5/36
f 444/5/35 443/5/36 446/4/38
f 449/7/62 448/7/76 447/7/75
f 448/7/76 449/7/62 450/7/64
f 447/7/77 448/7/80 449/7/66
f 450/7/68 449/7/66 448/7/80
f 450/7/64 451/4/74 448/7/76
f 451/4/74 450/7/64 452/4/63
f 448/7/80 451/4/78 450/7/68
f 452/4/65 450/7/68 451/4/78
f 455/5/22 454/5/15 453/5/42
f 454/5/15 455/5/22 456/5/16
f 453/5/43 454/5/17 455/5/23
f 456/5/20 455/5/23 454/5/17
f 453/5/42 458/4/13 457/4/41
f 458/4/13 453/5/42 454/5/15
f 457/4/44 458/4/19 453/5/43
f 454/5/17 453/5/43 458/4/19
f 447/7/75 451/4/74 459/4/73
f 451/4/74 447/7/75 448/7/76
f 459/4/79 451/4/78 447/7/77
f 448/7/80 447/7/77 451/4/78
f 452/4/63 449/7/62 460/4/61
f 449/7/62 452/4/63 450/7/64
f 460/4/67 449/7/66 452/4/65
f 450/7/68 452/4/65 449/7/66
f 454/5/15 461/4/14 458/4/13
f 461/4/14 454/5/15 456/5/16
f 458/4/19 461/4/18 454/5/17
f 456/5/20 454/5/17 461/4/18
f 455/5/22 457/4/41 462/4/21
f 457/4/41 455/5/22 453/5/42
f 462/4/24 457/4/44 455/5/23
f 453/5/43 455/5/23 457/4/44
f 461/4/14 455/5/22 462/4/21
f 455/5/22 461/4/14 456/5/16
f 462/4/24 455/5/23 461/4/18
f 456/5/20 461/4/18 455/5/23
f 460/4/61 447/7/75 459/4/73
f 447/7/75 460/4/61 449/7/62
f 459/4/79 447/7/77 460/4/67
f 449/7/66 460/4/67 447/7/77
f 465/1/97 464/1/97 463/1/97
f 464/1/97 465/1/97 466/1/97
f 463/1/98 464/1/98 465/1/98
f 466/1/98 465/1/98 464/1/98
f 469/5/101 468/4/100 467/4/99
f 468/4/100 469/5/101 470/5/102
f 467/4/105 468/4/104 469/5/103
f 470/5/106 469/5/103 468/4/104
f 473/5/109 472/5/108 471/5/107
f 472/5/108 473/5/109 474/5/110
f 471/5/113 472/5/112 473/5/111
f 474/5/114 473/5/111 472/5/112
f 476/5/116 469/5/101 475/5/115
f 469/5/101 476/5/116 470/5/102
f 475/5/118 469/5/103 476/5/117
f 470/5/106 476/5/117 469/5/103
f 479/4/3 478/6/2 477/4/1
f 478/6/2 479/4/3 480/6/4
f 477/4/7 478/6/6 479/4/5
f 480/6/8 479/4/5 478/6/6
f 482/6/46 480/6/4 481/6/10
f 480/6/4 482/6/46 478/6/2
f 481/6/11 480/6/8 482/6/48
f 478/6/6 482/6/48 480/6/8
f 481/6/10 479/4/3 483/4/9
f 479/4/3 481/6/10 480/6/4
f 483/4/12 479/4/5 481/6/11
f 480/6/8 481/6/11 479/4/5
f 475/5/115 467/4/99 484/4/119
f 467/4/99 475/5/115 469/5/101
f 484/4/120 467/4/105 475/5/118
f 469/5/103 475/5/118 467/4/105
f 485/4/121 470/5/102 476/5/116
f 470/5/102 485/4/121 468/4/100
f 476/5/117 470/5/106 485/4/122
f 468/4/104 485/4/122 470/5/106
f 488/7/62 487/7/76 486/7/75
f 487/7/76 488/7/62 489/7/64
f 486/7/77 487/7/80 488/7/66
f 489/7/68 488/7/66 487/7/80
f 489/7/64 490/4/74 487/7/76
f 490/4/74 489/7/64 491/4/63
f 487/7/80 490/4/78 489/7/68
f 491/4/65 489/7/68 490/4/78
f 493/4/61 486/7/75 492/4/73
f 486/7/75 493/4/61 488/7/62
f 492/4/79 486/7/77 493/4/67
f 488/7/66 493/4/67 486/7/77
f 491/4/63 488/7/62 493/4/61
f 488/7/62 491/4/63 489/7/64
f 493/4/67 488/7/66 491/4/65
f 489/7/68 491/4/65 488/7/66
f 495/4/124 474/5/110 494/4/123
f 474/5/110 495/4/124 472/5/108
f 494/4/126 474/5/114 495/4/125
f 472/5/112 495/4/125 474/5/114
f 474/5/110 496/4/127 494/4/123
f 496/4/127 474/5/110 473/5/109
f 494/4/126 496/4/128 474/5/114
f 473/5/111 474/5/114 496/4/128
f 471/5/107 495/4/124 497/4/129
f 495/4/124 471/5/107 472/5/108
f 497/4/130 495/4/125 471/5/113
f 472/5/112 471/5/113 495/4/125
f 500/7/2 499/4/45 498/4/1
f 499/4/45 500/7/2 501/7/46
f 498/4/7 499/4/47 500/7/6
f 501/7/48 500/7/6 499/4/47
f 473/5/109 497/4/129 496/4/127
f 497/4/129 473/5/109 471/5/107
f 496/4/128 497/4/130 473/5/111
f 471/5/113 473/5/111 497/4/130
f 501/7/46 503/7/4 502/7/10
f 503/7/4 501/7/46 500/7/2
f 502/7/11 503/7/8 501/7/48
f 500/7/6 501/7/48 503/7/8
f 482/6/46 483/4/9 504/4/45
f 483/4/9 482/6/46 481/6/10
f 504/4/47 483/4/12 482/6/48
f 481/6/11 482/6/48 483/4/12
f 502/7/10 506/4/3 505/4/9
f 506/4/3 502/7/10 503/7/4
f 505/4/12 506/4/5 502/7/11
f 503/7/8 502/7/11 506/4/5
f 486/7/75 490/4/74 492/4/73
f 490/4/74 486/7/75 487/7/76
f 492/4/79 490/4/78 486/7/77
f 487/7/80 486/7/77 490/4/78
f 478/6/2 504/4/45 477/4/1
f 504/4/45 478/6/2 482/6/46
f 477/4/7 504/4/47 478/6/6
f 482/6/48 478/6/6 504/4/47
f 501/7/46 505/4/9 499/4/45
f 505/4/9 501/7/46 502/7/10
f 499/4/47 505/4/12 501/7/48
f 502/7/11 501/7/48 505/4/12
f 485/4/121 475/5/115 484/4/119
f 475/5/115 485/4/121 476/5/116
f 484/4/120 475/5/118 485/4/122
f 476/5/117 485/4/122 475/5/118
f 509/7/2 508/4/45 507/4/1
f 508/4/45 509/7/2 510/7/46
f 507/4/7 508/4/47 509/7/6
f 510/7/48 509/7/6 508/4/47
f 506/4/3 500/7/2 498/4/1
f 500/7/2 506/4/3 503/7/4
f 498/4/7 500/7/6 506/4/5
f 503/7/8 506/4/5 500/7/6
f 510/7/46 512/7/4 511/7/10
f 512/7/4 510/7/46 509/7/2
f 511/7/11 512/7/8 510/7/48
f 509/7/6 510/7/48 512/7/8
f 513/4/3 509/7/2 507/4/1
f 509/7/2 513/4/3 512/7/4
f 507/4/7 509/7/6 513/4/5
f 512/7/8 513/4/5 509/7/6
f 510/7/46 514/4/9 508/4/45
f 514/4/9 510/7/46 511/7/10
f 508/4/47 514/4/12 510/7/48
f 511/7/11 510/7/48 514/4/12
f 511/7/10 513/4/3 514/4/9
f 513/4/3 511/7/10 512/7/4
f 514/4/12 513/4/5 511/7/11
f 512/7/8 511/7/11 513/4/5
f 517/5/133 516/5/132 515/5/131
f 516/5/132 517/5/133 518/5/134
f 515/5/137 516/5/136 517/5/135
f 518/5/138 517/5/135 516/5/136
f 515/5/131 520/4/140 519/4/139
f 520/4/140 515/5/131 516/5/132
f 519/4/142 520/4/141 515/5/137
f 516/5/136 515/5/137 520/4/141
f 517/5/133 519/4/139 521/4/143
f 519/4/139 517/5/133 515/5/131
f 521/4/144 519/4/142 517/5/135
f 515/5/137 517/5/135 519/4/142
f 516/5/132 522/4/145 520/4/140
f 522/4/145 516/5/132 518/5/134
f 520/4/141 522/4/146 516/5/136
f 518/5/138 516/5/136 522/4/146
f 522/4/145 517/5/133 521/4/143
f 517/5/133 522/4/145 518/5/134
f 521/4/144 517/5/135 522/4/146
f 518/5/138 522/4/146 517/5/135
f 525/4/27 524/5/26 523/4/25
f 524/5/26 525/4/27 526/5/28
f 523/4/31 524/5/30 525/4/29
f 526/5/32 525/4/29 524/5/30
f 524/5/26 528/5/34 527/5/33
f 528/5/34 524/5/26 526/5/28
f 527/5/36 528/5/35 524/5/30
f 526/5/32 524/5/30 528/5/35
f 524/5/26 529/4/39 523/4/25
f 529/4/39 524/5/26 527/5/33
f 523/4/31 529/4/40 524/5/30
f 527/5/36 524/5/30 529/4/40
f 528/5/34 525/4/27 530/4/37
f 525/4/27 528/5/34 526/5/28
f 530/4/38 525/4/29 528/5/35
f 526/5/32 528/5/35 525/4/29
f 527/5/33 530/4/37 529/4/39
f 530/4/37 527/5/33 528/5/34
f 529/4/40 530/4/38 527/5/36
f 528/5/35 527/5/36 530/4/38
f 533/7/62 532/7/76 531/7/75
f 532/7/76 533/7/62 534/7/64
f 531/7/77 532/7/80 533/7/66
f 534/7/68 533/7/66 532/7/80
f 534/7/64 535/4/74 532/7/76
f 535/4/74 534/7/64 536/4/63
f 532/7/80 535/4/78 534/7/68
f 536/4/65 534/7/68 535/4/78
f 539/5/22 538/5/15 537/5/42
f 538/5/15 539/5/22 540/5/16
f 537/5/43 538/5/17 539/5/23
f 540/5/20 539/5/23 538/5/17
f 537/5/42 542/4/13 541/4/41
f 542/4/13 537/5/42 538/5/15
f 541/4/44 542/4/19 537/5/43
f 538/5/17 537/5/43 542/4/19
f 531/7/75 535/4/74 543/4/73
f 535/4/74 531/7/75 532/7/76
f 543/4/79 535/4/78 531/7/77
f 532/7/80 531/7/77 535/4/78
f 536/4/63 533/7/62 544/4/61
f 533/7/62 536/4/63 534/7/64
f 544/4/67 533/7/66 536/4/65
f 534/7/68 536/4/65 533/7/66
f 538/5/15 545/4/14 542/4/13
f 545/4/14 538/5/15 540/5/16
f 542/4/19 545/4/18 538/5/17
f 540/5/20 538/5/17 545/4/18
f 539/5/22 541/4/41 546/4/21
f 541/4/41 539/5/22 537/5/42
f 546/4/24 541/4/44 539/5/23
f 537/5/43 539/5/23 541/4/44
f 545/4/14 539/5/22 546/4/21
f 539/5/22 545/4/14 540/5/16
f 546/4/24 539/5/23 545/4/18
f 540/5/20 545/4/18 539/5/23
f 544/4/61 531/7/75 543/4/73
f 531/7/75 544/4/61 533/7/62
f 543/4/79 531/7/77 544/4/67
f 533/7/66 544/4/67 531/7/77
f 295/1/97 548/1/97 547/1/97
f 548/1/97 295/1/97 297/1/97
f 547/1/98 548/1/98 295/1/98
f 297/1/98 295/1/98 548/1/98
f 551/5/101 550/4/100 549/4/99
f 550/4/100 551/5/101 552/5/102
f 549/4/105 550/4/104 551/5/103
f 552/5/106 551/5/103 550/4/104
f 555/5/109 554/5/108 553/5/107
f 554/5/108 555/5/109 556/5/110
f 553/5/113 554/5/112 555/5/111
f 556/5/114 555/5/111 554/5/112
f 558/5/116 551/5/101 557/5/115
f 551/5/101 558/5/116 552/5/102
f 557/5/118 551/5/103 558/5/117
f 552/5/106 558/5/117 551/5/103
f 561/4/3 560/6/2 559/4/1
f 560/6/2 561/4/3 562/6/4
f 559/4/7 560/6/6 561/4/5
f 562/6/8 561/4/5 560/6/6
f 564/6/46 562/6/4 563/6/10
f 562/6/4 564/6/46 560/6/2
f 563/6/11 562/6/8 564/6/48
f 560/6/6 564/6/48 562/6/8
f 563/6/10 561/4/3 565/4/9
f 561/4/3 563/6/10 562/6/4
f 565/4/12 561/4/5 563/6/11
f 562/6/8 563/6/11 561/4/5
f 557/5/115 549/4/99 566/4/119
f 549/4/99 557/5/115 551/5/101
f 566/4/120 549/4/105 557/5/118
f 551/5/103 557/5/118 549/4/105
f 567/4/121 552/5/102 558/5/116
f 552/5/102 567/4/121 550/4/100
f 558/5/117 552/5/106 567/4/122
f 550/4/104 567/4/122 552/5/106
f 570/7/62 569/7/76 568/7/75
f 569/7/76 570/7/62 571/7/64
f 568/7/77 569/7/80 570/7/66
f 571/7/68 570/7/66 569/7/80
f 571/7/64 572/4/74 569/7/76
f 572/4/74 571/7/64 573/4/63
f 569/7/80 572/4/78 571/7/68
f 573/4/65 571/7/68 572/4/78
f 575/4/61 568/7/75 574/4/73
f 568/7/75 575/4/61 570/7/62
f 574/4/79 568/7/77 575/4/67
f 570/7/66 575/4/67 568/7/77
f 573/4/63 570/7/62 575/4/61
f 570/7/62 573/4/63 571/7/64
f 575/4/67 570/7/66 573/4/65
f 571/7/68 573/4/65 570/7/66
f 577/4/124 556/5/110 576/4/123
f 556/5/110 577/4/124 554/5/108
f 576/4/126 556/5/114 577/4/125
f 554/5/112 577/4/125 556/5/114
f 556/5/110 578/4/127 576/4/123
f 578/4/127 556/5/110 555/5/109
f 576/4/126 578/4/128 556/5/114
f 555/5/111 556/5/114 578/4/128
f 553/5/107 577/4/124 579/4/129
f 577/4/124 553/5/107 554/5/108
f 579/4/130 577/4/125 553/5/113
f 554/5/112 553/5/113 577/4/125
f 582/7/2 581/4/45 580/4/1
f 581/4/45 582/7/2 583/7/46
f 580/4/7 581/4/47 582/7/6
f 583/7/48 582/7/6 581/4/47
f 555/5/109 579/4/129 578/4/127
f 579/4/129 555/5/109 553/5/107
f 578/4/128 579/4/130 555/5/111
f 553/5/113 555/5/111 579/4/130
f 583/7/46 585/7/4 584/7/10
f 585/7/4 583/7/46 582/7/2
f 584/7/11 585/7/8 583/7/48
f 582/7/6 583/7/48 585/7/8
f 564/6/46 565/4/9 586/4/45
f 565/4/9 564/6/46 563/6/10
f 586/4/47 565/4/12 564/6/48
f 563/6/11 564/6/48 565/4/12
f 584/7/10 588/4/3 587/4/9
f 588/4/3 584/7/10 585/7/4
f 587/4/12 588/4/5 584/7/11
f 585/7/8 584/7/11 588/4/5
f 568/7/75 572/4/74 574/4/73
f 572/4/74 568/7/75 569/7/76
f 574/4/79 572/4/78 568/7/77
f 569/7/80 568/7/77 572/4/78
f 560/6/2 586/4/45 559/4/1
f 586/4/45 560/6/2 564/6/46
f 559/4/7 586/4/47 560/6/6
f 564/6/48 560/6/6 586/4/47
f 583/7/46 587/4/9 581/4/45
f 587/4/9 583/7/46 584/7/10
f 581/4/47 587/4/12 583/7/48
f 584/7/11 583/7/48 587/4/12
f 567/4/121 557/5/115 566/4/119
f 557/5/115 567/4/121 558/5/116
f 566/4/120 557/5/118 567/4/122
f 558/5/117 567/4/122 557/5/118
f 591/7/2 590/4/45 589/4/1
f 590/4/45 591/7/2 592/7/46
f 589/4/7 590/4/47 591/7/6
f 592/7/48 591/7/6 590/4/47
f 588/4/3 582/7/2 580/4/1
f 582/7/2 588/4/3 585/7/4
f 580/4/7 582/7/6 588/4/5
f 585/7/8 588/4/5 582/7/6
f 592/7/46 594/7/4 593/7/10
f 594/7/4 592/7/46 591/7/2
f 593/7/11 594/7/8 592/7/48
f 591/7/6 592/7/48 594/7/8
f 595/4/3 591/7/2 589/4/1
f 591/7/2 595/4/3 594/7/4
f 589/4/7 591/7/6 595/4/5
f 594/7/8 595/4/5 591/7/6
f 592/7/46 596/4/9 590/4/45
f 596/4/9 592/7/46 593/7/10
f 590/4/47 596/4/12 592/7/48
f 593/7/11 592/7/48 596/4/12
f 593/7/10 595/4/3 596/4/9
f 595/4/3 593/7/10 594/7/4
f 596/4/12 595/4/5 593/7/11
f 594/7/8 593/7/11 595/4/5
f 599/5/133 598/5/132 597/5/131
f 598/5/132 599/5/133 600/5/134
f 597/5/137 598/5/136 599/5/135
f 600/5/138 599/5/135 598/5/136
f 597/5/131 602/4/140 601/4/139
f 602/4/140 597/5/131 598/5/132
f 601/4/142 602/4/141 597/5/137
f 598/5/136 597/5/137 602/4/141
f 599/5/133 601/4/139 603/4/143
f 601/4/139 599/5/133 597/5/131
f 603/4/144 601/4/142 599/5/135
f 597/5/137 599/5/135 601/4/142
f 598/5/132 604/4/145 602/4/140
f 604/4/145 598/5/132 600/5/134
f 602/4/141 604/4/146 598/5/136
f 600/5/138 598/5/136 604/4/146
f 604/4/145 599/5/133 603/4/143
f 599/5/133 604/4/145 600/5/134
f 603/4/144 599/5/135 604/4/146
f 600/5/138 604/4/146 599/5/135
f 607/4/27 606/5/26 605/4/25
f 606/5/26 607/4/27 608/5/28
f 605/4/31 606/5/30 607/4/29
f 608/5/32 607/4/29 606/5/30
f 606/5/26 610/5/34 609/5/33
f 610/5/34 606/5/26 608/5/28
f 609/5/36 610/5/35 606/5/30
f 608/5/32 606/5/30 610/5/35
f 606/5/26 611/4/39 605/4/25
f 611/4/39 606/5/26 609/5/33
f 605/4/31 611/4/40 606/5/30
f 609/5/36 606/5/30 611/4/40
f 610/5/34 607/4/27 612/4/37
f 607/4/27 610/5/34 608/5/28
f 612/4/38 607/4/29 610/5/35
f 608/5/32 610/5/35 607/4/29
f 609/5/33 612/4/37 611/4/39
f 612/4/37 609/5/33 610/5/34
f 611/4/40 612/4/38 609/5/36
f 610/5/35 609/5/36 612/4/38
f 615/7/62 614/7/76 613/7/75
f 614/7/76 615/7/62 616/7/64
f 613/7/77 614/7/80 615/7/66
f 616/7/68 615/7/66 614/7/80
f 616/7/64 617/4/74 614/7/76
f 617/4/74 616/7/64 618/4/63
f 614/7/80 617/4/78 616/7/68
f 618/4/65 616/7/68 617/4/78
f 621/5/22 620/5/15 619/5/42
f 620/5/15 621/5/22 622/5/16
f 619/5/43 620/5/17 621/5/23
f 622/5/20 621/5/23 620/5/17
f 619/5/42 624/4/13 623/4/41
f 624/4/13 619/5/42 620/5/15
f 623/4/44 624/4/19 619/5/43
f 620/5/17 619/5/43 624/4/19
f 613/7/75 617/4/74 625/4/73
f 617/4/74 613/7/75 614/7/76
f 625/4/79 617/4/78 613/7/77
f 614/7/80 613/7/77 617/4/78
f 618/4/63 615/7/62 626/4/61
f 615/7/62 618/4/63 616/7/64
f 626/4/67 615/7/66 618/4/65
f 616/7/68 618/4/65 615/7/66
f 620/5/15 627/4/14 624/4/13
f 627/4/14 620/5/15 622/5/16
f 624/4/19 627/4/18 620/5/17
f 622/5/20 620/5/17 627/4/18
f 621/5/22 623/4/41 628/4/21
f 623/4/41 621/5/22 619/5/42
f 628/4/24 623/4/44 621/5/23
f 619/5/43 621/5/23 623/4/44
f 627/4/14 621/5/22 628/4/21
f 621/5/22 627/4/14 622/5/16
f 628/4/24 621/5/23 627/4/18
f 622/5/20 627/4/18 621/5/23
f 626/4/61 613/7/75 625/4/73
f 613/7/75 626/4/61 615/7/62
f 625/4/79 613/7/77 626/4/67
f 615/7/66 626/4/67 613/7/77
f 631/3/22 630/1/228 629/1/227
f 630/1/228 631/3/22 632/3/42
f 629/1/230 630/1/229 631/3/23
f 632/3/43 631/3/23 630/1/229
f 635/2/4 634/1/232 633/1/231
f 634/1/232 635/2/4 636/2/2
f 633/1/234 634/1/233 635/2/8
f 636/2/6 635/2/8 634/1/233
f 639/3/15 638/1/236 637/1/235
f 638/1/236 639/3/15 640/3/16
f 637/1/238 638/1/237 639/3/17
f 640/3/20 639/3/17 638/1/237
f 630/1/228 639/3/15 637/1/235
f 639/3/15 630/1/228 632/3/42
f 637/1/238 639/3/17 630/1/229
f 632/3/43 630/1/229 639/3/17
f 635/2/4 641/2/46 636/2/2
f 641/2/46 635/2/4 642/2/10
f 636/2/6 641/2/48 635/2/8
f 642/2/11 635/2/8 641/2/48
f 636/2/2 643/1/239 634/1/232
f 643/1/239 636/2/2 641/2/46
f 634/1/233 643/1/240 636/2/6
f 641/2/48 636/2/6 643/1/240
f 639/3/15 631/3/22 640/3/16
f 631/3/22 639/3/15 632/3/42
f 640/3/20 631/3/23 639/3/17
f 632/3/43 639/3/17 631/3/23
f 642/2/10 633/1/231 644/1/241
f 633/1/231 642/2/10 635/2/4
f 644/1/242 633/1/234 642/2/11
f 635/2/8 642/2/11 633/1/234
f 643/1/239 642/2/10 644/1/241
f 642/2/10 643/1/239 641/2/46
f 644/1/242 642/2/11 643/1/240
f 641/2/48 643/1/240 642/2/11
f 640/3/16 629/1/227 638/1/236
f 629/1/227 640/3/16 631/3/22
f 638/1/237 629/1/230 640/3/20
f 631/3/23 640/3/20 629/1/230
f 647/2/245 646/2/244 645/2/243
f 646/2/244 647/2/245 648/2/246
f 645/2/249 646/2/248 647/2/247
f 648/2/250 647/2/247 646/2/248
f 648/2/246 649/1/251 646/2/244
f 649/1/251 648/2/246 650/1/252
f 646/2/248 649/1/253 648/2/250
f 650/1/254 648/2/250 649/1/253
f 645/2/243 649/1/251 651/1/255
f 649/1/251 645/2/243 646/2/244
f 651/1/256 649/1/253 645/2/249
f 646/2/248 645/2/249 649/1/253
f 652/1/257 645/2/243 651/1/255
f 645/2/243 652/1/257 647/2/245
f 651/1/256 645/2/249 652/1/258
f 647/2/247 652/1/258 645/2/249
f 650/1/252 647/2/245 652/1/257
f 647/2/245 650/1/252 648/2/246
f 652/1/258 647/2/247 650/1/254
f 648/2/250 650/1/254 647/2/247
f 655/1/74 654/2/259 653/1/63
f 654/2/259 655/1/74 656/2/260
f 653/1/65 654/2/261 655/1/78
f 656/2/262 655/1/78 654/2/261
f 657/1/73 656/2/260 655/1/74
f 656/2/260 657/1/73 658/2/263
f 655/1/78 656/2/262 657/1/79
f 658/2/264 657/1/79 656/2/262
f 661/3/34 660/1/27 659/1/37
f 660/1/27 661/3/34 662/3/28
f 659/1/38 660/1/29 661/3/35
f 662/3/32 661/3/35 660/1/29
f 661/3/34 663/3/26 662/3/28
f 663/3/26 661/3/34 664/3/33
f 662/3/32 663/3/30 661/3/35
f 664/3/36 661/3/35 663/3/30
f 658/2/263 666/1/61 665/2/265
f 666/1/61 658/2/263 657/1/73
f 665/2/266 666/1/67 658/2/264
f 657/1/79 658/2/264 666/1/67
f 662/3/28 667/1/25 660/1/27
f 667/1/25 662/3/28 663/3/26
f 660/1/29 667/1/31 662/3/32
f 663/3/30 662/3/32 667/1/31
f 656/2/260 665/2/265 654/2/259
f 665/2/265 656/2/260 658/2/263
f 654/2/261 665/2/266 656/2/262
f 658/2/264 656/2/262 665/2/266
f 668/1/39 661/3/34 659/1/37
f 661/3/34 668/1/39 664/3/33
f 659/1/38 661/3/35 668/1/40
f 664/3/36 668/1/40 661/3/35
f 654/2/259 666/1/61 653/1/63
f 666/1/61 654/2/259 665/2/265
f 653/1/65 666/1/67 654/2/261
f 665/2/266 654/2/261 666/1/67
f 663/3/26 668/1/39 667/1/25
f 668/1/39 663/3/26 664/3/33
f 667/1/31 668/1/40 663/3/30
f 664/3/36 663/3/30 668/1/40
f 291/1/97 669/1/97 381/1/97
f 669/1/97 291/1/97 300/1/97
f 381/1/98 669/1/98 291/1/98
f 300/1/98 291/1/98 669/1/98
f 672/3/269 671/1/268 670/1/267
f 671/1/268 672/3/269 673/3/270
f 670/1/273 671/1/272 672/3/271
f 673/3/274 672/3/271 671/1/272
f 676/2/277 675/1/276 674/1/275
f 675/1/276 676/2/277 677/2/278
f 674/1/281 675/1/280 676/2/279
f 677/2/282 676/2/279 675/1/280
f 680/3/285 679/1/284 678/1/283
f 679/1/284 680/3/285 681/3/286
f 678/1/289 679/1/288 680/3/287
f 681/3/290 680/3/287 679/1/288
f 671/1/268 680/3/285 678/1/283
f 680/3/285 671/1/268 673/3/270
f 678/1/289 680/3/287 671/1/272
f 673/3/274 671/1/272 680/3/287
f 676/2/277 682/2/291 677/2/278
f 682/2/291 676/2/277 683/2/292
f 677/2/282 682/2/293 676/2/279
f 683/2/294 676/2/279 682/2/293
f 677/2/278 684/1/295 675/1/276
f 684/1/295 677/2/278 682/2/291
f 675/1/280 684/1/296 677/2/282
f 682/2/293 677/2/282 684/1/296
f 680/3/285 672/3/269 681/3/286
f 672/3/269 680/3/285 673/3/270
f 681/3/290 672/3/271 680/3/287
f 673/3/274 680/3/287 672/3/271
f 683/2/292 674/1/275 685/1/297
f 674/1/275 683/2/292 676/2/277
f 685/1/298 674/1/281 683/2/294
f 676/2/279 683/2/294 674/1/281
f 684/1/295 683/2/292 685/1/297
f 683/2/292 684/1/295 682/2/291
f 685/1/298 683/2/294 684/1/296
f 682/2/293 684/1/296 683/2/294
f 681/3/286 670/1/267 679/1/284
f 670/1/267 681/3/286 672/3/269
f 679/1/288 670/1/273 681/3/290
f 672/3/271 681/3/290 670/1/273
f 688/2/301 687/2/300 686/2/299
f 687/2/300 688/2/301 689/2/302
f 686/2/305 687/2/304 688/2/303
f 689/2/306 688/2/303 687/2/304
f 689/2/302 690/1/307 687/2/300
f 690/1/307 689/2/302 691/1/308
f 687/2/304 690/1/309 689/2/306
f 691/1/310 689/2/306 690/1/309
f 686/2/299 690/1/307 692/1/311
f 690/1/307 686/2/299 687/2/300
f 692/1/312 690/1/309 686/2/305
f 687/2/304 686/2/305 690/1/309
f 693/1/313 686/2/299 692/1/311
f 686/2/299 693/1/313 688/2/301
f 692/1/312 686/2/305 693/1/314
f 688/2/303 693/1/314 686/2/305
f 691/1/308 688/2/301 693/1/313
f 688/2/301 691/1/308 689/2/302
f 693/1/314 688/2/303 691/1/310
f 689/2/306 691/1/310 688/2/303
f 696/1/317 695/2/316 694/1/315
f 695/2/316 696/1/317 697/2/318
f 694/1/321 695/2/320 696/1/319
f 697/2/322 696/1/319 695/2/320
f 698/1/323 697/2/318 696/1/317
f 697/2/318 698/1/323 699/2/324
f 696/1/319 697/2/322 698/1/325
f 699/2/326 698/1/325 697/2/322
f 702/3/329 701/1/328 700/1/327
f 701/1/328 702/3/329 703/3/330
f 700/1/333 701/1/332 702/3/331
f 703/3/334 702/3/331 701/1/332
f 702/3/329 704/3/335 703/3/330
f 704/3/335 702/3/329 705/3/336
f 703/3/334 704/3/337 702/3/331
f 705/3/338 702/3/331 704/3/337
f 699/2/324 707/1/340 706/2/339
f 707/1/340 699/2/324 698/1/323
f 706/2/342 707/1/341 699/2/326
f 698/1/325 699/2/326 707/1/341
f 703/3/330 708/1/343 701/1/328
f 708/1/343 703/3/330 704/3/335
f 701/1/332 708/1/344 703/3/334
f 704/3/337 703/3/334 708/1/344
f 697/2/318 706/2/339 695/2/316
f 706/2/339 697/2/318 699/2/324
f 695/2/320 706/2/342 697/2/322
f 699/2/326 697/2/322 706/2/342
f 709/1/345 702/3/329 700/1/327
f 702/3/329 709/1/345 705/3/336
f 700/1/333 702/3/331 709/1/346
f 705/3/338 709/1/346 702/3/331
f 695/2/316 707/1/340 694/1/315
f 707/1/340 695/2/316 706/2/339
f 694/1/321 707/1/341 695/2/320
f 706/2/342 695/2/320 707/1/341
f 704/3/335 709/1/345 708/1/343
f 709/1/345 704/3/335 705/3/336
f 708/1/344 709/1/346 704/3/337
f 705/3/338 704/3/337 709/1/346
f 712/1/97 711/1/97 710/1/97
f 711/1/97 712/1/97 547/1/97
f 710/1/98 711/1/98 712/1/98
f 547/1/98 712/1/98 711/1/98
f 715/3/15 714/1/14 713/1/13
f 714/1/14 715/3/15 716/3/16
f 713/1/19 714/1/18 715/3/17
f 716/3/20 715/3/17 714/1/18
f 719/2/46 718/1/9 717/1/45
f 718/1/9 719/2/46 720/2/10
f 717/1/47 718/1/12 719/2/48
f 720/2/11 719/2/48 718/1/12
f 723/3/22 722/1/41 721/1/21
f 722/1/41 723/3/22 724/3/42
f 721/1/24 722/1/44 723/3/23
f 724/3/43 723/3/23 722/1/44
f 714/1/14 723/3/22 721/1/21
f 723/3/22 714/1/14 716/3/16
f 721/1/24 723/3/23 714/1/18
f 716/3/20 714/1/18 723/3/23
f 719/2/46 725/2/4 720/2/10
f 725/2/4 719/2/46 726/2/2
f 720/2/11 725/2/8 719/2/48
f 726/2/6 719/2/48 725/2/8
f 720/2/10 727/1/3 718/1/9
f 727/1/3 720/2/10 725/2/4
f 718/1/12 727/1/5 720/2/11
f 725/2/8 720/2/11 727/1/5
f 723/3/22 715/3/15 724/3/42
f 715/3/15 723/3/22 716/3/16
f 724/3/43 715/3/17 723/3/23
f 716/3/20 723/3/23 715/3/17
f 726/2/2 717/1/45 728/1/1
f 717/1/45 726/2/2 719/2/46
f 728/1/7 717/1/47 726/2/6
f 719/2/48 726/2/6 717/1/47
f 727/1/3 726/2/2 728/1/1
f 726/2/2 727/1/3 725/2/4
f 728/1/7 726/2/6 727/1/5
f 725/2/8 727/1/5 726/2/6
f 724/3/42 713/1/13 722/1/41
f 713/1/13 724/3/42 715/3/15
f 722/1/44 713/1/19 724/3/43
f 715/3/17 724/3/43 713/1/19
f 731/2/51 730/2/50 729/2/49
f 730/2/50 731/2/51 732/2/52
f 729/2/55 730/2/54 731/2/53
f 732/2/56 731/2/53 730/2/54
f 732/2/52 733/1/71 730/2/50
f 733/1/71 732/2/52 734/1/58
f 730/2/54 733/1/72 732/2/56
f 734/1/60 732/2/56 733/1/72
f 729/2/49 733/1/71 735/1/69
f 733/1/71 729/2/49 730/2/50
f 735/1/70 733/1/72 729/2/55
f 730/2/54 729/2/55 733/1/72
f 736/1/57 729/2/49 735/1/69
f 729/2/49 736/1/57 731/2/51
f 735/1/70 729/2/55 736/1/59
f 731/2/53 736/1/59 729/2/55
f 734/1/58 731/2/51 736/1/57
f 731/2/51 734/1/58 732/2/52
f 736/1/59 731/2/53 734/1/60
f 732/2/56 734/1/60 731/2/53
f 739/1/61 738/2/75 737/1/73
f 738/2/75 739/1/61 740/2/62
f 737/1/79 738/2/77 739/1/67
f 740/2/66 739/1/67 738/2/77
f 741/1/63 740/2/62 739/1/61
f 740/2/62 741/1/63 742/2/64
f 739/1/67 740/2/66 741/1/65
f 742/2/68 741/1/65 740/2/66
f 745/3/26 744/1/39 743/1/25
f 744/1/39 745/3/26 746/3/33
f 743/1/31 744/1/40 745/3/30
f 746/3/36 745/3/30 744/1/40
f 745/3/26 747/3/34 746/3/33
f 747/3/34 745/3/26 748/3/28
f 746/3/36 747/3/35 745/3/30
f 748/3/32 745/3/30 747/3/35
f 742/2/64 750/1/74 749/2/76
f 750/1/74 742/2/64 741/1/63
f 749/2/80 750/1/78 742/2/68
f 741/1/65 742/2/68 750/1/78
f 746/3/33 751/1/37 744/1/39
f 751/1/37 746/3/33 747/3/34
f 744/1/40 751/1/38 746/3/36
f 747/3/35 746/3/36 751/1/38
f 740/2/62 749/2/76 738/2/75
f 749/2/76 740/2/62 742/2/64
f 738/2/77 749/2/80 740/2/66
f 742/2/68 740/2/66 749/2/80
f 752/1/27 745/3/26 743/1/25
f 745/3/26 752/1/27 748/3/28
f 743/1/31 745/3/30 752/1/29
f 748/3/32 752/1/29 745/3/30
f 738/2/75 750/1/74 737/1/73
f 750/1/74 738/2/75 749/2/76
f 737/1/79 750/1/78 738/2/77
f 749/2/80 738/2/77 750/1/78
f 747/3/34 752/1/27 751/1/37
f 752/1/27 747/3/34 748/3/28
f 751/1/38 752/1/29 747/3/35
f 748/3/32 747/3/35 752/1/29
f 297/1/97 753/1/97 548/1/97
f 753/1/97 297/1/97 298/1/97
f 548/1/98 753/1/98 297/1/98
f 298/1/98 297/1/98 753/1/98
f 756/10/347 755/9/348 754/9/347
f 755/9/348 756/10/347 757/10/348
f 754/9/349 755/9/350 756/10/349
f 757/10/350 756/10/349 755/9/350
f 760/10/97 759/10/97 758/10/97
f 759/10/97 760/10/97 757/10/97
f 759/10/97 757/10/97 756/10/97
f 758/10/98 759/10/98 760/10/98
f 757/10/98 760/10/98 759/10/98
f 756/10/98 757/10/98 759/10/98
f 758/10/350 762/9/350 761/9/350
f 762/9/350 758/10/350 759/10/350
f 761/9/348 762/9/348 758/10/348
f 759/10/348 758/10/348 762/9/348
f 757/10/348 763/9/351 755/9/348
f 763/9/351 757/10/348 760/10/351
f 755/9/350 763/9/352 757/10/350
f 760/10/352 757/10/350 763/9/352
f 758/10/353 763/9/353 760/10/353
f 763/9/353 758/10/353 761/9/353
f 760/10/354 763/9/354 758/10/354
f 761/9/354 758/10/354 763/9/354
f 762/9/354 756/10/354 754/9/354
f 756/10/354 762/9/354 759/10/354
f 754/9/353 756/10/353 762/9/353
f 759/10/353 762/9/353 756/10/353
f 766/10/97 765/10/97 764/10/97
f 765/10/97 766/10/97 767/10/97
f 767/10/97 766/10/97 768/10/97
f 764/10/98 765/10/98 766/10/98
f 767/10/98 766/10/98 765/10/98
f 768/10/98 766/10/98 767/10/98
f 765/10/355 769/9/355 764/10/355
f 769/9/355 765/10/355 770/9/355
f 764/10/356 769/9/356 765/10/356
f 770/9/356 765/10/356 769/9/356
f 765/10/357 771/9/357 770/9/357
f 771/9/357 765/10/357 767/10/357
f 770/9/358 771/9/358 765/10/358
f 767/10/358 765/10/358 771/9/358
f 771/9/360 768/10/359 772/9/359
f 768/10/359 771/9/360 767/10/360
f 772/9/362 768/10/362 771/9/361
f 767/10/361 771/9/361 768/10/362
f 772/9/359 766/10/363 773/9/363
f 766/10/363 772/9/359 768/10/359
f 773/9/364 766/10/364 772/9/362
f 768/10/362 772/9/362 766/10/364
f 773/9/363 764/10/365 769/9/365
f 764/10/365 773/9/363 766/10/363
f 769/9/366 764/10/366 773/9/364
f 766/10/364 773/9/364 764/10/366
f 776/10/97 775/10/97 774/10/97
f 775/10/97 776/10/97 777/10/97
f 777/10/97 776/10/97 778/10/97
f 774/10/98 775/10/98 776/10/98
f 777/10/98 776/10/98 775/10/98
f 778/10/98 776/10/98 777/10/98
f 775/10/367 779/9/367 774/10/367
f 779/9/367 775/10/367 780/9/367
f 774/10/368 779/9/368 775/10/368
f 780/9/368 775/10/368 779/9/368
f 775/10/369 781/9/369 780/9/369
f 781/9/369 775/10/369 777/10/369
f 780/9/370 781/9/370 775/10/370
f 777/10/370 775/10/370 781/9/370
f 781/9/372 778/10/371 782/9/371
f 778/10/371 781/9/372 777/10/372
f 782/9/374 778/10/374 781/9/373
f 777/10/373 781/9/373 778/10/374
f 782/9/371 776/10/375 783/9/375
f 776/10/375 782/9/371 778/10/371
f 783/9/376 776/10/376 782/9/374
f 778/10/374 782/9/374 776/10/376
f 783/9/375 774/10/377 779/9/377
f 774/10/377 783/9/375 776/10/375
f 779/9/378 774/10/378 783/9/376
f 776/10/376 783/9/376 774/10/378
f 786/10/97 785/10/97 784/10/97
f 785/10/97 786/10/97 787/10/97
f 787/10/97 786/10/97 788/10/97
f 784/10/98 785/10/98 786/10/98
f 787/10/98 786/10/98 785/10/98
f 788/10/98 786/10/98 787/10/98
f 785/10/353 789/9/353 784/10/353
f 789/9/353 785/10/353 790/9/353
f 784/10/354 789/9/354 785/10/354
f 790/9/354 785/10/354 789/9/354
f 785/10/350 791/9/350 790/9/350
f 791/9/350 785/10/350 787/10/350
f 790/9/348 791/9/348 785/10/348
f 787/10/348 785/10/348 791/9/348
f 791/9/361 788/10/362 792/9/362
f 788/10/362 791/9/361 787/10/361
f 792/9/359 788/10/359 791/9/360
f 787/10/360 791/9/360 788/10/359
f 792/9/362 786/10/364 793/9/364
f 786/10/364 792/9/362 788/10/362
f 793/9/363 786/10/363 792/9/359
f 788/10/359 792/9/359 786/10/363
f 793/9/364 784/10/366 789/9/366
f 784/10/366 793/9/364 786/10/364
f 789/9/365 784/10/365 793/9/363
f 786/10/363 793/9/363 784/10/365
f 796/10/97 795/10/97 794/10/97
f 795/10/97 796/10/97 797/10/97
f 797/10/97 796/10/97 798/10/97
f 794/10/98 795/10/98 796/10/98
f 797/10/98 796/10/98 795/10/98
f 798/10/98 796/10/98 797/10/98
f 795/10/379 799/9/379 794/10/379
f 799/9/379 795/10/379 800/9/379
f 794/10/380 799/9/380 795/10/380
f 800/9/380 795/10/380 799/9/380
f 795/10/381 801/9/381 800/9/381
f 801/9/381 795/10/381 797/10/381
f 800/9/382 801/9/382 795/10/382
f 797/10/382 795/10/382 801/9/382
f 801/9/360 798/10/359 802/9/359
f 798/10/359 801/9/360 797/10/360
f 802/9/362 798/10/362 801/9/361
f 797/10/361 801/9/361 798/10/362
f 802/9/359 796/10/363 803/9/363
f 796/10/363 802/9/359 798/10/359
f 803/9/364 796/10/364 802/9/362
f 798/10/362 802/9/362 796/10/364
f 803/9/363 794/10/365 799/9/365
f 794/10/365 803/9/363 796/10/363
f 799/9/366 794/10/366 803/9/364
f 796/10/364 803/9/364 794/10/366
f 806/10/97 805/10/97 804/10/97
f 805/10/97 806/10/97 807/10/97
f 807/10/97 806/10/97 808/10/97
f 804/10/98 805/10/98 806/10/98
f 807/10/98 806/10/98 805/10/98
f 808/10/98 806/10/98 807/10/98
f 805/10/367 809/9/367 804/10/367
f 809/9/367 805/10/367 810/9/367
f 804/10/368 809/9/368 805/10/368
f 810/9/368 805/10/368 809/9/368
f 805/10/369 811/9/369 810/9/369
f 811/9/369 805/10/369 807/10/369
f 810/9/370 811/9/370 805/10/370
f 807/10/370 805/10/370 811/9/370
f 811/9/372 808/10/371 812/9/371
f 808/10/371 811/9/372 807/10/372
f 812/9/374 808/10/374 811/9/373
f 807/10/373 811/9/373 808/10/374
f 812/9/371 806/10/375 813/9/375
f 806/10/375 812/9/371 808/10/371
f 813/9/376 806/10/376 812/9/374
f 808/10/374 812/9/374 806/10/376
f 813/9/375 804/10/377 809/9/377
f 804/10/377 813/9/375 806/10/375
f 809/9/378 804/10/378 813/9/376
f 806/10/376 813/9/376 804/10/378
f 816/10/347 815/9/348 814/9/347
f 815/9/348 816/10/347 817/10/348
f 814/9/349 815/9/350 816/10/349
f 817/10/350 816/10/349 815/9/350
f 820/10/97 819/10/97 818/10/97
f 819/10/97 820/10/97 817/10/97
f 819/10/97 817/10/97 816/10/97
f 818/10/98 819/10/98 820/10/98
f 817/10/98 820/10/98 819/10/98
f 816/10/98 817/10/98 819/10/98
f 818/10/350 822/9/350 821/9/350
f 822/9/350 818/10/350 819/10/350
f 821/9/348 822/9/348 818/10/348
f 819/10/348 818/10/348 822/9/348
f 817/10/348 823/9/351 815/9/348
f 823/9/351 817/10/348 820/10/351
f 815/9/350 823/9/352 817/10/350
f 820/10/352 817/10/350 823/9/352
f 818/10/353 823/9/353 820/10/353
f 823/9/353 818/10/353 821/9/353
f 820/10/354 823/9/354 818/10/354
f 821/9/354 818/10/354 823/9/354
f 822/9/354 816/10/354 814/9/354
f 816/10/354 822/9/354 819/10/354
f 814/9/353 816/10/353 822/9/353
f 819/10/353 822/9/353 816/10/353
f 826/10/349 825/9/383 824/9/349
f 825/9/383 826/10/349 827/10/383
f 824/9/347 825/9/384 826/10/347
f 827/10/384 826/10/347 825/9/384
f 807/10/97 829/10/97 828/10/97
f 829/10/97 807/10/97 827/10/97
f 829/10/97 827/10/97 826/10/97
f 828/10/98 829/10/98 807/10/98
f 827/10/98 807/10/98 829/10/98
f 826/10/98 827/10/98 829/10/98
f 828/10/384 831/9/384 830/9/384
f 831/9/384 828/10/384 829/10/384
f 830/9/383 831/9/383 828/10/383
f 829/10/383 828/10/383 831/9/383
f 827/10/383 811/9/352 825/9/383
f 811/9/352 827/10/383 807/10/352
f 825/9/384 811/9/351 827/10/384
f 807/10/351 827/10/384 811/9/351
f 828/10/385 811/9/385 807/10/385
f 811/9/385 828/10/385 830/9/385
f 807/10/386 811/9/386 828/10/386
f 830/9/386 828/10/386 811/9/386
f 831/9/386 826/10/386 824/9/386
f 826/10/386 831/9/386 829/10/386
f 824/9/385 826/10/385 831/9/385
f 829/10/385 831/9/385 826/10/385
f 794/10/349 832/9/383 799/9/349
f 832/9/383 794/10/349 833/10/383
f 799/9/347 832/9/384 794/10/347
f 833/10/384 794/10/347 832/9/384
f 836/10/97 835/10/97 834/10/97
f 835/10/97 836/10/97 833/10/97
f 835/10/97 833/10/97 794/10/97
f 834/10/98 835/10/98 836/10/98
f 833/10/98 836/10/98 835/10/98
f 794/10/98 833/10/98 835/10/98
f 834/10/384 838/9/384 837/9/384
f 838/9/384 834/10/384 835/10/384
f 837/9/383 838/9/383 834/10/383
f 835/10/383 834/10/383 838/9/383
f 833/10/383 839/9/352 832/9/383
f 839/9/352 833/10/383 836/10/352
f 832/9/384 839/9/351 833/10/384
f 836/10/351 833/10/384 839/9/351
f 834/10/385 839/9/385 836/10/385
f 839/9/385 834/10/385 837/9/385
f 836/10/386 839/9/386 834/10/386
f 837/9/386 834/10/386 839/9/386
f 838/9/386 794/10/386 799/9/386
f 794/10/386 838/9/386 835/10/386
f 799/9/385 794/10/385 838/9/385
f 835/10/385 838/9/385 794/10/385
f 842/10/97 841/10/97 840/10/97
f 841/10/97 842/10/97 843/10/97
f 843/10/97 842/10/97 844/10/97
f 840/10/98 841/10/98 842/10/98
f 843/10/98 842/10/98 841/10/98
f 844/10/98 842/10/98 843/10/98
f 841/10/387 845/9/387 840/10/387
f 845/9/387 841/10/387 846/9/387
f 840/10/388 845/9/388 841/10/388
f 846/9/388 841/10/388 845/9/388
f 841/10/389 847/9/389 846/9/389
f 847/9/389 841/10/389 843/10/389
f 846/9/390 847/9/390 841/10/390
f 843/10/390 841/10/390 847/9/390
f 847/9/392 844/10/391 848/9/391
f 844/10/391 847/9/392 843/10/392
f 848/9/394 844/10/394 847/9/393
f 843/10/393 847/9/393 844/10/394
f 848/9/391 842/10/395 849/9/395
f 842/10/395 848/9/391 844/10/391
f 849/9/396 842/10/396 848/9/394
f 844/10/394 848/9/394 842/10/396
f 849/9/395 840/10/397 845/9/397
f 840/10/397 849/9/395 842/10/395
f 845/9/398 840/10/398 849/9/396
f 842/10/396 849/9/396 840/10/398
f 851/10/97 850/10/97 816/10/97
f 850/10/97 851/10/97 852/10/97
f 852/10/97 851/10/97 853/10/97
f 816/10/98 850/10/98 851/10/98
f 852/10/98 851/10/98 850/10/98
f 853/10/98 851/10/98 852/10/98
f 850/10/353 814/9/353 816/10/353
f 814/9/353 850/10/353 854/9/353
f 816/10/354 814/9/354 850/10/354
f 854/9/354 850/10/354 814/9/354
f 850/10/350 855/9/350 854/9/350
f 855/9/350 850/10/350 852/10/350
f 854/9/348 855/9/348 850/10/348
f 852/10/348 850/10/348 855/9/348
f 855/9/361 853/10/362 856/9/362
f 853/10/362 855/9/361 852/10/361
f 856/9/359 853/10/359 855/9/360
f 852/10/360 855/9/360 853/10/359
f 856/9/362 851/10/364 857/9/364
f 851/10/364 856/9/362 853/10/362
f 857/9/363 851/10/363 856/9/359
f 853/10/359 856/9/359 851/10/363
f 857/9/364 816/10/366 814/9/366
f 816/10/366 857/9/364 851/10/364
f 814/9/365 816/10/365 857/9/363
f 851/10/363 857/9/363 816/10/365
f 860/10/97 859/10/97 858/10/97
f 859/10/97 860/10/97 861/10/97
f 861/10/97 860/10/97 862/10/97
f 858/10/98 859/10/98 860/10/98
f 861/10/98 860/10/98 859/10/98
f 862/10/98 860/10/98 861/10/98
f 859/10/387 863/9/387 858/10/387
f 863/9/387 859/10/387 864/9/387
f 858/10/388 863/9/388 859/10/388
f 864/9/388 859/10/388 863/9/388
f 859/10/389 865/9/389 864/9/389
f 865/9/389 859/10/389 861/10/389
f 864/9/390 865/9/390 859/10/390
f 861/10/390 859/10/390 865/9/390
f 865/9/392 862/10/391 866/9/391
f 862/10/391 865/9/392 861/10/392
f 866/9/394 862/10/394 865/9/393
f 861/10/393 865/9/393 862/10/394
f 866/9/391 860/10/395 867/9/395
f 860/10/395 866/9/391 862/10/391
f 867/9/396 860/10/396 866/9/394
f 862/10/394 866/9/394 860/10/396
f 867/9/395 858/10/397 863/9/397
f 858/10/397 867/9/395 860/10/395
f 863/9/398 858/10/398 867/9/396
f 860/10/396 867/9/396 858/10/398
f 870/10/97 869/10/97 868/10/97
f 869/10/97 870/10/97 871/10/97
f 869/10/97 871/10/97 872/10/97
f 872/10/97 871/10/97 873/10/97
f 872/10/97 873/10/97 874/10/97
f 874/10/97 873/10/97 875/10/97
f 874/10/97 875/10/97 876/10/97
f 876/10/97 875/10/97 877/10/97
f 868/10/98 869/10/98 870/10/98
f 871/10/98 870/10/98 869/10/98
f 872/10/98 871/10/98 869/10/98
f 873/10/98 871/10/98 872/10/98
f 874/10/98 873/10/98 872/10/98
f 875/10/98 873/10/98 874/10/98
f 876/10/98 875/10/98 874/10/98
f 877/10/98 875/10/98 876/10/98
f 870/10/390 879/9/390 878/9/390
f 879/9/390 870/10/390 868/10/390
f 878/9/389 879/9/389 870/10/389
f 868/10/389 870/10/389 879/9/389
f 880/9/400 870/10/399 878/9/399
f 870/10/399 880/9/400 871/10/400
f 878/9/402 870/10/402 880/9/401
f 871/10/401 880/9/401 870/10/402
f 881/9/403 871/10/400 880/9/400
f 871/10/400 881/9/403 873/10/403
f 880/9/401 871/10/401 881/9/404
f 873/10/404 881/9/404 871/10/401
f 875/10/405 881/9/403 882/9/405
f 881/9/403 875/10/405 873/10/403
f 882/9/406 881/9/404 875/10/406
f 873/10/404 875/10/406 881/9/404
f 877/10/407 882/9/405 883/9/407
f 882/9/405 877/10/407 875/10/405
f 883/9/408 882/9/406 877/10/408
f 875/10/406 877/10/408 882/9/406
f 884/9/388 877/10/388 883/9/388
f 877/10/388 884/9/388 876/10/388
f 883/9/387 877/10/387 884/9/387
f 876/10/387 884/9/387 877/10/387
f 874/10/406 884/9/409 885/9/406
f 884/9/409 874/10/406 876/10/409
f 885/9/405 884/9/410 874/10/405
f 876/10/410 874/10/405 884/9/410
f 872/10/404 885/9/406 886/9/404
f 885/9/406 872/10/404 874/10/406
f 886/9/403 885/9/405 872/10/403
f 874/10/405 872/10/403 885/9/405
f 872/10/404 887/9/401 869/10/401
f 887/9/401 872/10/404 886/9/404
f 869/10/400 887/9/400 872/10/403
f 886/9/403 872/10/403 887/9/400
f 869/10/401 879/9/402 868/10/402
f 879/9/402 869/10/401 887/9/401
f 868/10/399 879/9/399 869/10/400
f 887/9/400 869/10/400 879/9/399
f 890/10/97 889/10/97 888/10/97
f 889/10/97 890/10/97 891/10/97
f 889/10/97 891/10/97 892/10/97
f 892/10/97 891/10/97 893/10/97
f 892/10/97 893/10/97 894/10/97
f 894/10/97 893/10/97 895/10/97
f 894/10/97 895/10/97 896/10/97
f 896/10/97 895/10/97 897/10/97
f 888/10/98 889/10/98 890/10/98
f 891/10/98 890/10/98 889/10/98
f 892/10/98 891/10/98 889/10/98
f 893/10/98 891/10/98 892/10/98
f 894/10/98 893/10/98 892/10/98
f 895/10/98 893/10/98 894/10/98
f 896/10/98 895/10/98 894/10/98
f 897/10/98 895/10/98 896/10/98
f 890/10/411 899/9/411 898/9/411
f 899/9/411 890/10/411 888/10/411
f 898/9/412 899/9/412 890/10/412
f 888/10/412 890/10/412 899/9/412
f 900/9/414 890/10/413 898/9/413
f 890/10/413 900/9/414 891/10/414
f 898/9/416 890/10/416 900/9/415
f 891/10/415 900/9/415 890/10/416
f 901/9/417 891/10/414 900/9/414
f 891/10/414 901/9/417 893/10/417
f 900/9/415 891/10/415 901/9/418
f 893/10/418 901/9/418 891/10/415
f 895/10/419 901/9/417 902/9/419
f 901/9/417 895/10/419 893/10/417
f 902/9/420 901/9/418 895/10/420
f 893/10/418 895/10/420 901/9/418
f 897/10/421 902/9/419 903/9/421
f 902/9/419 897/10/421 895/10/419
f 903/9/422 902/9/420 897/10/422
f 895/10/420 897/10/422 902/9/420
f 904/9/423 897/10/423 903/9/423
f 897/10/423 904/9/423 896/10/423
f 903/9/424 897/10/424 904/9/424
f 896/10/424 904/9/424 897/10/424
f 894/10/420 904/9/425 905/9/420
f 904/9/425 894/10/420 896/10/425
f 905/9/419 904/9/426 894/10/419
f 896/10/426 894/10/419 904/9/426
f 892/10/418 905/9/420 906/9/418
f 905/9/420 892/10/418 894/10/420
f 906/9/417 905/9/419 892/10/417
f 894/10/419 892/10/417 905/9/419
f 892/10/418 907/9/415 889/10/415
f 907/9/415 892/10/418 906/9/418
f 889/10/414 907/9/414 892/10/417
f 906/9/417 892/10/417 907/9/414
f 889/10/415 899/9/416 888/10/416
f 899/9/416 889/10/415 907/9/415
f 888/10/413 899/9/413 889/10/414
f 907/9/414 889/10/414 899/9/413
f 910/10/97 909/10/97 908/10/97
f 909/10/97 910/10/97 911/10/97
f 909/10/97 911/10/97 912/10/97
f 912/10/97 911/10/97 913/10/97
f 912/10/97 913/10/97 914/10/97
f 914/10/97 913/10/97 915/10/97
f 914/10/97 915/10/97 916/10/97
f 916/10/97 915/10/97 917/10/97
f 908/10/98 909/10/98 910/10/98
f 911/10/98 910/10/98 909/10/98
f 912/10/98 911/10/98 909/10/98
f 913/10/98 911/10/98 912/10/98
f 914/10/98 913/10/98 912/10/98
f 915/10/98 913/10/98 914/10/98
f 916/10/98 915/10/98 914/10/98
f 917/10/98 915/10/98 916/10/98
f 910/10/370 919/9/370 918/9/370
f 919/9/370 910/10/370 908/10/370
f 918/9/369 919/9/369 910/10/369
f 908/10/369 910/10/369 919/9/369
f 920/9/428 910/10/427 918/9/427
f 910/10/427 920/9/428 911/10/428
f 918/9/430 910/10/430 920/9/429
f 911/10/429 920/9/429 910/10/430
f 921/9/431 911/10/428 920/9/428
f 911/10/428 921/9/431 913/10/431
f 920/9/429 911/10/429 921/9/432
f 913/10/432 921/9/432 911/10/429
f 915/10/433 921/9/431 922/9/433
f 921/9/431 915/10/433 913/10/431
f 922/9/434 921/9/432 915/10/434
f 913/10/432 915/10/434 921/9/432
f 917/10/435 922/9/433 923/9/435
f 922/9/433 917/10/435 915/10/433
f 923/9/436 922/9/434 917/10/436
f 915/10/434 917/10/436 922/9/434
f 924/9/368 917/10/368 923/9/368
f 917/10/368 924/9/368 916/10/368
f 923/9/367 917/10/367 924/9/367
f 916/10/367 924/9/367 917/10/367
f 914/10/434 924/9/437 925/9/434
f 924/9/437 914/10/434 916/10/437
f 925/9/433 924/9/438 914/10/433
f 916/10/438 914/10/433 924/9/438
f 912/10/432 925/9/434 926/9/432
f 925/9/434 912/10/432 914/10/434
f 926/9/431 925/9/433 912/10/431
f 914/10/433 912/10/431 925/9/433
f 912/10/432 927/9/429 909/10/429
f 927/9/429 912/10/432 926/9/432
f 909/10/428 927/9/428 912/10/431
f 926/9/431 912/10/431 927/9/428
f 909/10/429 919/9/430 908/10/430
f 919/9/430 909/10/429 927/9/429
f 908/10/427 919/9/427 909/10/428
f 927/9/428 909/10/428 919/9/427
f 930/10/97 929/10/97 928/10/97
f 929/10/97 930/10/97 931/10/97
f 929/10/97 931/10/97 932/10/97
f 932/10/97 931/10/97 933/10/97
f 932/10/97 933/10/97 934/10/97
f 934/10/97 933/10/97 935/10/97
f 934/10/97 935/10/97 936/10/97
f 936/10/97 935/10/97 937/10/97
f 928/10/98 929/10/98 930/10/98
f 931/10/98 930/10/98 929/10/98
f 932/10/98 931/10/98 929/10/98
f 933/10/98 931/10/98 932/10/98
f 934/10/98 933/10/98 932/10/98
f 935/10/98 933/10/98 934/10/98
f 936/10/98 935/10/98 934/10/98
f 937/10/98 935/10/98 936/10/98
f 930/10/348 939/9/348 938/9/348
f 939/9/348 930/10/348 928/10/348
f 938/9/350 939/9/350 930/10/350
f 928/10/350 930/10/350 939/9/350
f 940/9/440 930/10/439 938/9/439
f 930/10/439 940/9/440 931/10/440
f 938/9/442 930/10/442 940/9/441
f 931/10/441 940/9/441 930/10/442
f 941/9/418 931/10/440 940/9/440
f 931/10/440 941/9/418 933/10/418
f 940/9/441 931/10/441 941/9/417
f 933/10/417 941/9/417 931/10/441
f 935/10/443 941/9/418 942/9/443
f 941/9/418 935/10/443 933/10/418
f 942/9/444 941/9/417 935/10/444
f 933/10/417 935/10/444 941/9/417
f 937/10/445 942/9/443 943/9/445
f 942/9/443 937/10/445 935/10/443
f 943/9/446 942/9/444 937/10/446
f 935/10/444 937/10/446 942/9/444
f 944/9/354 937/10/354 943/9/354
f 937/10/354 944/9/354 936/10/354
f 943/9/353 937/10/353 944/9/353
f 936/10/353 944/9/353 937/10/353
f 934/10/444 944/9/447 945/9/444
f 944/9/447 934/10/444 936/10/447
f 945/9/443 944/9/448 934/10/443
f 936/10/448 934/10/443 944/9/448
f 932/10/417 945/9/444 946/9/417
f 945/9/444 932/10/417 934/10/444
f 946/9/418 945/9/443 932/10/418
f 934/10/443 932/10/418 945/9/443
f 932/10/417 947/9/441 929/10/441
f 947/9/441 932/10/417 946/9/417
f 929/10/440 947/9/440 932/10/418
f 946/9/418 932/10/418 947/9/440
f 929/10/441 939/9/442 928/10/442
f 939/9/442 929/10/441 947/9/441
f 928/10/439 939/9/439 929/10/440
f 947/9/440 929/10/440 939/9/439
f 950/12/350 949/11/350 948/11/350
f 949/11/350 950/12/350 951/12/350
f 948/11/348 949/11/348 950/12/348
f 951/12/348 950/12/348 949/11/348
f 950/12/353 953/11/353 952/12/353
f 953/11/353 950/12/353 948/11/353
f 952/12/354 953/11/354 950/12/354
f 948/11/354 950/12/354 953/11/354
f 949/11/354 955/12/354 954/11/354
f 955/12/354 949/11/354 951/12/354
f 954/11/353 955/12/353 949/11/353
f 951/12/353 949/11/353 955/12/353
f 952/12/97 951/12/97 950/12/97
f 951/12/97 952/12/97 956/12/97
f 951/12/97 956/12/97 955/12/97
f 950/12/98 951/12/98 952/12/98
f 956/12/98 952/12/98 951/12/98
f 955/12/98 956/12/98 951/12/98
f 955/12/347 957/11/348 954/11/347
f 957/11/348 955/12/347 956/12/348
f 954/11/349 957/11/350 955/12/349
f 956/12/350 955/12/349 957/11/350
f 956/12/348 953/11/351 957/11/348
f 953/11/351 956/12/348 952/12/351
f 957/11/350 953/11/352 956/12/350
f 952/12/352 956/12/350 953/11/352
f 960/13/348 959/11/449 958/11/348
f 959/11/449 960/13/348 961/13/449
f 958/11/350 959/11/450 960/13/350
f 961/13/450 960/13/350 959/11/450
f 964/13/452 963/11/451 962/13/451
f 963/11/451 964/13/452 965/11/452
f 962/13/454 963/11/454 964/13/453
f 965/11/453 964/13/453 963/11/454
f 961/13/449 963/11/451 959/11/449
f 963/11/451 961/13/449 962/13/451
f 959/11/450 963/11/454 961/13/450
f 962/13/454 961/13/450 963/11/454
f 967/13/455 958/11/348 966/11/455
f 958/11/348 967/13/455 960/13/348
f 966/11/456 958/11/350 967/13/456
f 960/13/350 967/13/456 958/11/350
f 962/13/97 968/13/97 964/13/97
f 968/13/97 962/13/97 961/13/97
f 968/13/97 961/13/97 960/13/97
f 968/13/97 960/13/97 967/13/97
f 968/13/97 967/13/97 969/13/97
f 964/13/98 968/13/98 962/13/98
f 961/13/98 962/13/98 968/13/98
f 960/13/98 961/13/98 968/13/98
f 967/13/98 960/13/98 968/13/98
f 969/13/98 967/13/98 968/13/98
f 971/11/458 969/13/457 970/11/457
f 969/13/457 971/11/458 968/13/458
f 970/11/460 969/13/460 971/11/459
f 968/13/459 971/11/459 969/13/460
f 970/11/457 967/13/455 966/11/455
f 967/13/455 970/11/457 969/13/457
f 966/11/456 967/13/456 970/11/460
f 969/13/460 970/11/460 967/13/456
f 761/13/353 973/11/353 972/13/353
f 973/11/353 761/13/353 974/11/353
f 972/13/354 973/11/354 761/13/354
f 974/11/354 761/13/354 973/11/354
f 977/13/461 976/11/348 975/11/461
f 976/11/348 977/13/461 978/13/348
f 975/11/462 976/11/350 977/13/462
f 978/13/350 977/13/462 976/11/350
f 761/13/350 979/11/350 974/11/350
f 979/11/350 761/13/350 762/13/350
f 974/11/348 979/11/348 761/13/348
f 762/13/348 761/13/348 979/11/348
f 978/13/348 973/11/463 976/11/348
f 973/11/463 978/13/348 972/13/463
f 976/11/350 973/11/464 978/13/350
f 972/13/464 978/13/350 973/11/464
f 979/11/98 973/11/98 974/11/98
f 973/11/98 979/11/98 976/11/98
f 976/11/98 979/11/98 975/11/98
f 974/11/97 973/11/97 979/11/97
f 976/11/97 979/11/97 973/11/97
f 975/11/97 979/11/97 976/11/97
f 972/13/97 762/13/97 761/13/97
f 762/13/97 972/13/97 978/13/97
f 762/13/97 978/13/97 977/13/97
f 761/13/98 762/13/98 972/13/98
f 978/13/98 972/13/98 762/13/98
f 977/13/98 978/13/98 762/13/98
f 979/11/354 977/13/354 975/11/354
f 977/13/354 979/11/354 762/13/354
f 975/11/353 977/13/353 979/11/353
f 762/13/353 979/11/353 977/13/353
f 982/15/466 981/14/465 980/14/465
f 981/14/465 982/15/466 983/15/466
f 980/14/468 981/14/468 982/15/467
f 983/15/467 982/15/467 981/14/468
f 986/16/469 985/17/470 984/16/469
f 985/17/470 986/16/469 987/17/470
f 984/16/471 985/17/472 986/16/471
f 987/17/472 986/16/471 985/17/472
f 989/14/347 983/15/347 988/15/347
f 983/15/347 989/14/347 981/14/347
f 981/14/347 989/14/347 990/16/347
f 981/14/347 990/16/347 986/16/347
f 986/16/347 990/16/347 991/17/347
f 986/16/347 991/17/347 987/17/347
f 988/15/349 983/15/349 989/14/349
f 981/14/349 989/14/349 983/15/349
f 990/16/349 989/14/349 981/14/349
f 986/16/349 990/16/349 981/14/349
f 991/17/349 990/16/349 986/16/349
f 987/17/349 991/17/349 986/16/349
f 987/17/470 992/17/467 985/17/470
f 992/17/467 987/17/470 991/17/467
f 985/17/472 992/17/466 987/17/472
f 991/17/466 987/17/472 992/17/466
f 994/14/471 988/15/472 993/15/472
f 988/15/472 994/14/471 989/14/471
f 993/15/470 988/15/470 994/14/469
f 989/14/469 994/14/469 988/15/470
f 980/14/349 993/15/349 982/15/349
f 993/15/349 980/14/349 994/14/349
f 994/14/349 980/14/349 984/16/349
f 994/14/349 984/16/349 995/16/349
f 995/16/349 984/16/349 985/17/349
f 995/16/349 985/17/349 992/17/349
f 982/15/347 993/15/347 980/14/347
f 994/14/347 980/14/347 993/15/347
f 984/16/347 980/14/347 994/14/347
f 995/16/347 984/16/347 994/14/347
f 985/17/347 984/16/347 995/16/347
f 992/17/347 985/17/347 995/16/347
f 991/17/467 995/16/468 992/17/467
f 995/16/468 991/17/467 990/16/468
f 992/17/466 995/16/465 991/17/466
f 990/16/465 991/17/466 995/16/465
f 993/15/472 983/15/466 982/15/466
f 983/15/466 993/15/472 988/15/472
f 982/15/467 983/15/467 993/15/470
f 988/15/470 993/15/470 983/15/467
f 984/16/469 981/14/465 986/16/469
f 981/14/465 984/16/469 980/14/465
f 986/16/471 981/14/468 984/16/471
f 980/14/468 984/16/471 981/14/468
f 994/14/471 990/16/468 989/14/471
f 990/16/468 994/14/471 995/16/468
f 989/14/469 990/16/465 994/14/469
f 995/16/465 994/14/469 990/16/465
f 998/19/471 997/18/472 996/18/472
f 997/18/472 998/19/471 999/19/471
f 996/18/470 997/18/470 998/19/469
f 999/19/469 998/19/469 997/18/470
f 1001/19/349 996/18/349 1000/18/349
f 996/18/349 1001/19/349 998/19/349
f 998/19/349 1001/19/349 1002/20/349
f 998/19/349 1002/20/349 1003/20/349
f 1003/20/349 1002/20/349 1004/21/349
f 1003/20/349 1004/21/349 1005/21/349
f 1000/18/347 996/18/347 1001/19/347
f 998/19/347 1001/19/347 996/18/347
f 1002/20/347 1001/19/347 998/19/347
f 1003/20/347 1002/20/347 998/19/347
f 1004/21/347 1002/20/347 1003/20/347
f 1005/21/347 1004/21/347 1003/20/347
f 996/18/472 1006/18/466 1000/18/466
f 1006/18/466 996/18/472 997/18/472
f 1000/18/467 1006/18/467 996/18/470
f 997/18/470 996/18/470 1006/18/467
f 1000/18/466 1007/19/465 1001/19/465
f 1007/19/465 1000/18/466 1006/18/466
f 1001/19/468 1007/19/468 1000/18/467
f 1006/18/467 1000/18/467 1007/19/468
f 1008/21/470 1005/21/467 1004/21/470
f 1005/21/467 1008/21/470 1009/21/467
f 1004/21/472 1005/21/466 1008/21/472
f 1009/21/466 1008/21/472 1005/21/466
f 1002/20/469 1007/19/465 1010/20/469
f 1007/19/465 1002/20/469 1001/19/465
f 1010/20/471 1007/19/468 1002/20/471
f 1001/19/468 1002/20/471 1007/19/468
f 1009/21/467 1003/20/468 1005/21/467
f 1003/20/468 1009/21/467 1011/20/468
f 1005/21/466 1003/20/465 1009/21/466
f 1011/20/465 1009/21/466 1003/20/465
f 998/19/471 1011/20/468 999/19/471
f 1011/20/468 998/19/471 1003/20/468
f 999/19/469 1011/20/465 998/19/469
f 1003/20/465 998/19/469 1011/20/465
f 1010/20/469 1004/21/470 1002/20/469
f 1004/21/470 1010/20/469 1008/21/470
f 1002/20/471 1004/21/472 1010/20/471
f 1008/21/472 1010/20/471 1004/21/472
f 999/19/347 1006/18/347 997/18/347
f 1006/18/347 999/19/347 1007/19/347
f 1007/19/347 999/19/347 1011/20/347
f 1007/19/347 1011/20/347 1010/20/347
f 1010/20/347 1011/20/347 1009/21/347
f 1010/20/347 1009/21/347 1008/21/347
f 997/18/349 1006/18/349 999/19/349
f 1007/19/349 999/19/349 1006/18/349
f 1011/20/349 999/19/349 1007/19/349
f 1010/20/349 1011/20/349 1007/19/349
f 1009/21/349 1011/20/349 1010/20/349
f 1008/21/349 1009/21/349 1010/20/349
f 1014/22/473 1013/23/474 1012/22/473
f 1013/23/474 1014/22/473 1015/23/474
f 1012/22/475 1013/23/476 1014/22/475
f 1015/23/476 1014/22/475 1013/23/476
f 1018/22/477 1017/24/475 1016/22/477
f 1017/24/475 1018/22/477 1019/24/475
f 1016/22/478 1017/24/473 1018/22/478
f 1019/24/473 1018/22/478 1017/24/473
f 1017/24/475 1021/25/476 1020/25/476
f 1021/25/476 1017/24/475 1019/24/475
f 1020/25/474 1021/25/474 1017/24/473
f 1019/24/473 1017/24/473 1021/25/474
f 1016/22/351 1013/23/351 1022/23/351
f 1013/23/351 1016/22/351 1012/22/351
f 1012/22/351 1016/22/351 1017/24/351
f 1012/22/351 1017/24/351 1023/24/351
f 1023/24/351 1017/24/351 1020/25/351
f 1023/24/351 1020/25/351 1024/25/351
f 1022/23/352 1013/23/352 1016/22/352
f 1012/22/352 1016/22/352 1013/23/352
f 1017/24/352 1016/22/352 1012/22/352
f 1023/24/352 1017/24/352 1012/22/352
f 1020/25/352 1017/24/352 1023/24/352
f 1024/25/352 1020/25/352 1023/24/352
f 1015/23/474 1022/23/479 1013/23/474
f 1022/23/479 1015/23/474 1025/23/479
f 1013/23/476 1022/23/480 1015/23/476
f 1025/23/480 1015/23/476 1022/23/480
f 1014/22/352 1025/23/352 1015/23/352
f 1025/23/352 1014/22/352 1018/22/352
f 1018/22/352 1014/22/352 1026/24/352
f 1018/22/352 1026/24/352 1019/24/352
f 1019/24/352 1026/24/352 1027/25/352
f 1019/24/352 1027/25/352 1021/25/352
f 1015/23/351 1025/23/351 1014/22/351
f 1018/22/351 1014/22/351 1025/23/351
f 1026/24/351 1014/22/351 1018/22/351
f 1019/24/351 1026/24/351 1018/22/351
f 1027/25/351 1026/24/351 1019/24/351
f 1021/25/351 1027/25/351 1019/24/351
f 1020/25/476 1027/25/480 1024/25/480
f 1027/25/480 1020/25/476 1021/25/476
f 1024/25/479 1027/25/479 1020/25/474
f 1021/25/474 1020/25/474 1027/25/479
f 1025/23/479 1016/22/477 1022/23/479
f 1016/22/477 1025/23/479 1018/22/477
f 1022/23/480 1016/22/478 1025/23/480
f 1018/22/478 1025/23/480 1016/22/478
f 1024/25/480 1026/24/478 1023/24/478
f 1026/24/478 1024/25/480 1027/25/480
f 1023/24/477 1026/24/477 1024/25/479
f 1027/25/479 1024/25/479 1026/24/477
f 1026/24/478 1012/22/473 1023/24/478
f 1012/22/473 1026/24/478 1014/22/473
f 1023/24/477 1012/22/475 1026/24/477
f 1014/22/475 1026/24/477 1012/22/475
f 1030/12/355 1029/11/355 1028/12/355
f 1029/11/355 1030/12/355 1031/11/355
f 1028/12/356 1029/11/356 1030/12/356
f 1031/11/356 1030/12/356 1029/11/356
f 1030/12/357 1032/11/357 1031/11/357
f 1032/11/357 1030/12/357 1033/12/357
f 1031/11/358 1032/11/358 1030/12/358
f 1033/12/358 1030/12/358 1032/11/358
f 1034/11/363 1028/12/365 1029/11/365
f 1028/12/365 1034/11/363 1035/12/363
f 1029/11/366 1028/12/366 1034/11/364
f 1035/12/364 1034/11/364 1028/12/366
f 1032/11/360 1037/12/359 1036/11/359
f 1037/12/359 1032/11/360 1033/12/360
f 1036/11/362 1037/12/362 1032/11/361
f 1033/12/361 1032/11/361 1037/12/362
f 1035/12/97 1030/12/97 1028/12/97
f 1030/12/97 1035/12/97 1033/12/97
f 1033/12/97 1035/12/97 1037/12/97
f 1028/12/98 1030/12/98 1035/12/98
f 1033/12/98 1035/12/98 1030/12/98
f 1037/12/98 1035/12/98 1033/12/98
f 1037/12/359 1034/11/363 1036/11/359
f 1034/11/363 1037/12/359 1035/12/363
f 1036/11/362 1034/11/364 1037/12/362
f 1035/12/364 1037/12/362 1034/11/364
f 899/13/357 1039/11/357 1038/11/357
f 1039/11/357 899/13/357 1040/13/357
f 1038/11/358 1039/11/358 899/13/358
f 1040/13/358 899/13/358 1039/11/358
f 899/13/355 1042/11/355 1041/13/355
f 1042/11/355 899/13/355 1038/11/355
f 1041/13/356 1042/11/356 899/13/356
f 1038/11/356 899/13/356 1042/11/356
f 1043/13/97 899/13/97 1041/13/97
f 899/13/97 1043/13/97 1040/13/97
f 1040/13/97 1043/13/97 1044/13/97
f 1041/13/98 899/13/98 1043/13/98
f 1040/13/98 1043/13/98 899/13/98
f 1044/13/98 1043/13/98 1040/13/98
f 1039/11/98 1042/11/98 1038/11/98
f 1042/11/98 1039/11/98 1045/11/98
f 1045/11/98 1039/11/98 1046/11/98
f 1038/11/97 1042/11/97 1039/11/97
f 1045/11/97 1039/11/97 1042/11/97
f 1046/11/97 1039/11/97 1045/11/97
f 1039/11/360 1044/13/359 1046/11/359
f 1044/13/359 1039/11/360 1040/13/360
f 1046/11/362 1044/13/362 1039/11/361
f 1040/13/361 1039/11/361 1044/13/362
f 1044/13/359 1045/11/481 1046/11/359
f 1045/11/481 1044/13/359 1043/13/481
f 1046/11/362 1045/11/482 1044/13/362
f 1043/13/482 1044/13/362 1045/11/482
f 1045/11/481 1041/13/365 1042/11/365
f 1041/13/365 1045/11/481 1043/13/481
f 1042/11/366 1041/13/366 1045/11/482
f 1043/13/482 1045/11/482 1041/13/366
f 1049/12/367 1048/11/367 1047/12/367
f 1048/11/367 1049/12/367 1050/11/367
f 1047/12/368 1048/11/368 1049/12/368
f 1050/11/368 1049/12/368 1048/11/368
f 1049/12/369 1051/11/369 1050/11/369
f 1051/11/369 1049/12/369 1052/12/369
f 1050/11/370 1051/11/370 1049/12/370
f 1052/12/370 1049/12/370 1051/11/370
f 1053/11/375 1047/12/377 1048/11/377
f 1047/12/377 1053/11/375 1054/12/375
f 1048/11/378 1047/12/378 1053/11/376
f 1054/12/376 1053/11/376 1047/12/378
f 1051/11/372 1056/12/371 1055/11/371
f 1056/12/371 1051/11/372 1052/12/372
f 1055/11/374 1056/12/374 1051/11/373
f 1052/12/373 1051/11/373 1056/12/374
f 1054/12/97 1049/12/97 1047/12/97
f 1049/12/97 1054/12/97 1052/12/97
f 1052/12/97 1054/12/97 1056/12/97
f 1047/12/98 1049/12/98 1054/12/98
f 1052/12/98 1054/12/98 1049/12/98
f 1056/12/98 1054/12/98 1052/12/98
f 1056/12/371 1053/11/375 1055/11/371
f 1053/11/375 1056/12/371 1054/12/375
f 1055/11/374 1053/11/376 1056/12/374
f 1054/12/376 1056/12/374 1053/11/376
f 924/13/369 1058/11/369 1057/11/369
f 1058/11/369 924/13/369 1059/13/369
f 1057/11/370 1058/11/370 924/13/370
f 1059/13/370 924/13/370 1058/11/370
f 924/13/367 1061/11/367 1060/13/367
f 1061/11/367 924/13/367 1057/11/367
f 1060/13/368 1061/11/368 924/13/368
f 1057/11/368 924/13/368 1061/11/368
f 1062/13/97 924/13/97 1060/13/97
f 924/13/97 1062/13/97 1059/13/97
f 1059/13/97 1062/13/97 1063/13/97
f 1060/13/98 924/13/98 1062/13/98
f 1059/13/98 1062/13/98 924/13/98
f 1063/13/98 1062/13/98 1059/13/98
f 1058/11/98 1061/11/98 1057/11/98
f 1061/11/98 1058/11/98 1064/11/98
f 1064/11/98 1058/11/98 1065/11/98
f 1057/11/97 1061/11/97 1058/11/97
f 1064/11/97 1058/11/97 1061/11/97
f 1065/11/97 1058/11/97 1064/11/97
f 1058/11/372 1063/13/371 1065/11/371
f 1063/13/371 1058/11/372 1059/13/372
f 1065/11/374 1063/13/374 1058/11/373
f 1059/13/373 1058/11/373 1063/13/374
f 1063/13/371 1064/11/483 1065/11/371
f 1064/11/483 1063/13/371 1062/13/483
f 1065/11/374 1064/11/484 1063/13/374
f 1062/13/484 1063/13/374 1064/11/484
f 1064/11/483 1060/13/377 1061/11/377
f 1060/13/377 1064/11/483 1062/13/483
f 1061/11/378 1060/13/378 1064/11/484
f 1062/13/484 1064/11/484 1060/13/378
f 1068/12/353 1067/11/353 1066/12/353
f 1067/11/353 1068/12/353 1069/11/353
f 1066/12/354 1067/11/354 1068/12/354
f 1069/11/354 1068/12/354 1067/11/354
f 1068/12/350 1070/11/350 1069/11/350
f 1070/11/350 1068/12/350 1071/12/350
f 1069/11/348 1070/11/348 1068/12/348
f 1071/12/348 1068/12/348 1070/11/348
f 1072/11/364 1066/12/366 1067/11/366
f 1066/12/366 1072/11/364 1073/12/364
f 1067/11/365 1066/12/365 1072/11/363
f 1073/12/363 1072/11/363 1066/12/365
f 1070/11/361 1075/12/362 1074/11/362
f 1075/12/362 1070/11/361 1071/12/361
f 1074/11/359 1075/12/359 1070/11/360
f 1071/12/360 1070/11/360 1075/12/359
f 1073/12/97 1068/12/97 1066/12/97
f 1068/12/97 1073/12/97 1071/12/97
f 1071/12/97 1073/12/97 1075/12/97
f 1066/12/98 1068/12/98 1073/12/98
f 1071/12/98 1073/12/98 1068/12/98
f 1075/12/98 1073/12/98 1071/12/98
f 1075/12/362 1072/11/364 1074/11/362
f 1072/11/364 1075/12/362 1073/12/364
f 1074/11/359 1072/11/363 1075/12/359
f 1073/12/363 1075/12/359 1072/11/363
f 939/13/350 1077/11/350 1076/11/350
f 1077/11/350 939/13/350 1078/13/350
f 1076/11/348 1077/11/348 939/13/348
f 1078/13/348 939/13/348 1077/11/348
f 939/13/353 1080/11/353 1079/13/353
f 1080/11/353 939/13/353 1076/11/353
f 1079/13/354 1080/11/354 939/13/354
f 1076/11/354 939/13/354 1080/11/354
f 1081/13/97 939/13/97 1079/13/97
f 939/13/97 1081/13/97 1078/13/97
f 1078/13/97 1081/13/97 1082/13/97
f 1079/13/98 939/13/98 1081/13/98
f 1078/13/98 1081/13/98 939/13/98
f 1082/13/98 1081/13/98 1078/13/98
f 1077/11/98 1080/11/98 1076/11/98
f 1080/11/98 1077/11/98 1083/11/98
f 1083/11/98 1077/11/98 1084/11/98
f 1076/11/97 1080/11/97 1077/11/97
f 1083/11/97 1077/11/97 1080/11/97
f 1084/11/97 1077/11/97 1083/11/97
f 1077/11/361 1082/13/362 1084/11/362
f 1082/13/362 1077/11/361 1078/13/361
f 1084/11/359 1082/13/359 1077/11/360
f 1078/13/360 1077/11/360 1082/13/359
f 1082/13/362 1083/11/482 1084/11/362
f 1083/11/482 1082/13/362 1081/13/482
f 1084/11/359 1083/11/481 1082/13/359
f 1081/13/481 1082/13/359 1083/11/481
f 1083/11/482 1079/13/366 1080/11/366
f 1079/13/366 1083/11/482 1081/13/482
f 1080/11/365 1079/13/365 1083/11/481
f 1081/13/481 1083/11/481 1079/13/365
f 1087/12/379 1086/11/379 1085/12/379
f 1086/11/379 1087/12/379 1088/11/379
f 1085/12/380 1086/11/380 1087/12/380
f 1088/11/380 1087/12/380 1086/11/380
f 1087/12/381 1089/11/381 1088/11/381
f 1089/11/381 1087/12/381 1090/12/381
f 1088/11/382 1089/11/382 1087/12/382
f 1090/12/382 1087/12/382 1089/11/382
f 1091/11/363 1085/12/365 1086/11/365
f 1085/12/365 1091/11/363 1092/12/363
f 1086/11/366 1085/12/366 1091/11/364
f 1092/12/364 1091/11/364 1085/12/366
f 1089/11/360 1094/12/359 1093/11/359
f 1094/12/359 1089/11/360 1090/12/360
f 1093/11/362 1094/12/362 1089/11/361
f 1090/12/361 1089/11/361 1094/12/362
f 1092/12/97 1087/12/97 1085/12/97
f 1087/12/97 1092/12/97 1090/12/97
f 1090/12/97 1092/12/97 1094/12/97
f 1085/12/98 1087/12/98 1092/12/98
f 1090/12/98 1092/12/98 1087/12/98
f 1094/12/98 1092/12/98 1090/12/98
f 1094/12/359 1091/11/363 1093/11/359
f 1091/11/363 1094/12/359 1092/12/363
f 1093/11/362 1091/11/364 1094/12/362
f 1092/12/364 1094/12/362 1091/11/364
f 800/13/381 1096/11/381 1095/11/381
f 1096/11/381 800/13/381 1097/13/381
f 1095/11/382 1096/11/382 800/13/382
f 1097/13/382 800/13/382 1096/11/382
f 800/13/379 1099/11/379 1098/13/379
f 1099/11/379 800/13/379 1095/11/379
f 1098/13/380 1099/11/380 800/13/380
f 1095/11/380 800/13/380 1099/11/380
f 1100/13/97 800/13/97 1098/13/97
f 800/13/97 1100/13/97 1097/13/97
f 1097/13/97 1100/13/97 1101/13/97
f 1098/13/98 800/13/98 1100/13/98
f 1097/13/98 1100/13/98 800/13/98
f 1101/13/98 1100/13/98 1097/13/98
f 1096/11/98 1099/11/98 1095/11/98
f 1099/11/98 1096/11/98 1102/11/98
f 1102/11/98 1096/11/98 1103/11/98
f 1095/11/97 1099/11/97 1096/11/97
f 1102/11/97 1096/11/97 1099/11/97
f 1103/11/97 1096/11/97 1102/11/97
f 1096/11/360 1101/13/359 1103/11/359
f 1101/13/359 1096/11/360 1097/13/360
f 1103/11/362 1101/13/362 1096/11/361
f 1097/13/361 1096/11/361 1101/13/362
f 1101/13/359 1102/11/481 1103/11/359
f 1102/11/481 1101/13/359 1100/13/481
f 1103/11/362 1102/11/482 1101/13/362
f 1100/13/482 1101/13/362 1102/11/482
f 1102/11/481 1098/13/365 1099/11/365
f 1098/13/365 1102/11/481 1100/13/481
f 1099/11/366 1098/13/366 1102/11/482
f 1100/13/482 1102/11/482 1098/13/366
f 1106/12/367 1105/11/367 1104/12/367
f 1105/11/367 1106/12/367 828/11/367
f 1104/12/368 1105/11/368 1106/12/368
f 828/11/368 1106/12/368 1105/11/368
f 1106/12/369 1107/11/369 828/11/369
f 1107/11/369 1106/12/369 1108/12/369
f 828/11/370 1107/11/370 1106/12/370
f 1108/12/370 1106/12/370 1107/11/370
f 1109/11/375 1104/12/377 1105/11/377
f 1104/12/377 1109/11/375 1110/12/375
f 1105/11/378 1104/12/378 1109/11/376
f 1110/12/376 1109/11/376 1104/12/378
f 1107/11/372 1112/12/371 1111/11/371
f 1112/12/371 1107/11/372 1108/12/372
f 1111/11/374 1112/12/374 1107/11/373
f 1108/12/373 1107/11/373 1112/12/374
f 1110/12/97 1106/12/97 1104/12/97
f 1106/12/97 1110/12/97 1108/12/97
f 1108/12/97 1110/12/97 1112/12/97
f 1104/12/98 1106/12/98 1110/12/98
f 1108/12/98 1110/12/98 1106/12/98
f 1112/12/98 1110/12/98 1108/12/98
f 1112/12/371 1109/11/375 1111/11/371
f 1109/11/375 1112/12/371 1110/12/375
f 1111/11/374 1109/11/376 1112/12/374
f 1110/12/376 1112/12/374 1109/11/376
f 810/13/369 1114/11/369 1113/11/369
f 1114/11/369 810/13/369 1115/13/369
f 1113/11/370 1114/11/370 810/13/370
f 1115/13/370 810/13/370 1114/11/370
f 810/13/367 1117/11/367 1116/13/367
f 1117/11/367 810/13/367 1113/11/367
f 1116/13/368 1117/11/368 810/13/368
f 1113/11/368 810/13/368 1117/11/368
f 1118/13/97 810/13/97 1116/13/97
f 810/13/97 1118/13/97 1115/13/97
f 1115/13/97 1118/13/97 1119/13/97
f 1116/13/98 810/13/98 1118/13/98
f 1115/13/98 1118/13/98 810/13/98
f 1119/13/98 1118/13/98 1115/13/98
f 1114/11/98 1117/11/98 1113/11/98
f 1117/11/98 1114/11/98 1120/11/98
f 1120/11/98 1114/11/98 1121/11/98
f 1113/11/97 1117/11/97 1114/11/97
f 1120/11/97 1114/11/97 1117/11/97
f 1121/11/97 1114/11/97 1120/11/97
f 1114/11/372 1119/13/371 1121/11/371
f 1119/13/371 1114/11/372 1115/13/372
f 1121/11/374 1119/13/374 1114/11/373
f 1115/13/373 1114/11/373 1119/13/374
f 1119/13/371 1120/11/483 1121/11/371
f 1120/11/483 1119/13/371 1118/13/483
f 1121/11/374 1120/11/484 1119/13/374
f 1118/13/484 1119/13/374 1120/11/484
f 1120/11/483 1116/13/377 1117/11/377
f 1116/13/377 1120/11/483 1118/13/483
f 1117/11/378 1116/13/378 1120/11/484
f 1118/13/484 1120/11/484 1116/13/378
f 1124/12/350 1123/11/350 1122/11/350
f 1123/11/350 1124/12/350 1125/12/350
f 1122/11/348 1123/11/348 1124/12/348
f 1125/12/348 1124/12/348 1123/11/348
f 1124/12/353 1127/11/353 1126/12/353
f 1127/11/353 1124/12/353 1122/11/353
f 1126/12/354 1127/11/354 1124/12/354
f 1122/11/354 1124/12/354 1127/11/354
f 1123/11/354 1129/12/354 1128/11/354
f 1129/12/354 1123/11/354 1125/12/354
f 1128/11/353 1129/12/353 1123/11/353
f 1125/12/353 1123/11/353 1129/12/353
f 1126/12/97 1125/12/97 1124/12/97
f 1125/12/97 1126/12/97 1130/12/97
f 1125/12/97 1130/12/97 1129/12/97
f 1124/12/98 1125/12/98 1126/12/98
f 1130/12/98 1126/12/98 1125/12/98
f 1129/12/98 1130/12/98 1125/12/98
f 1129/12/347 1131/11/348 1128/11/347
f 1131/11/348 1129/12/347 1130/12/348
f 1128/11/349 1131/11/350 1129/12/349
f 1130/12/350 1129/12/349 1131/11/350
f 1130/12/348 1127/11/351 1131/11/348
f 1127/11/351 1130/12/348 1126/12/351
f 1131/11/350 1127/11/352 1130/12/350
f 1126/12/352 1130/12/350 1127/11/352
f 1134/13/348 1133/11/449 1132/11/348
f 1133/11/449 1134/13/348 1135/13/449
f 1132/11/350 1133/11/450 1134/13/350
f 1135/13/450 1134/13/350 1133/11/450
f 1138/13/452 1137/11/451 1136/13/451
f 1137/11/451 1138/13/452 1139/11/452
f 1136/13/454 1137/11/454 1138/13/453
f 1139/11/453 1138/13/453 1137/11/454
f 1135/13/449 1137/11/451 1133/11/449
f 1137/11/451 1135/13/449 1136/13/451
f 1133/11/450 1137/11/454 1135/13/450
f 1136/13/454 1135/13/450 1137/11/454
f 1141/13/455 1132/11/348 1140/11/455
f 1132/11/348 1141/13/455 1134/13/348
f 1140/11/456 1132/11/350 1141/13/456
f 1134/13/350 1141/13/456 1132/11/350
f 1136/13/97 1142/13/97 1138/13/97
f 1142/13/97 1136/13/97 1135/13/97
f 1142/13/97 1135/13/97 1134/13/97
f 1142/13/97 1134/13/97 1141/13/97
f 1142/13/97 1141/13/97 1143/13/97
f 1138/13/98 1142/13/98 1136/13/98
f 1135/13/98 1136/13/98 1142/13/98
f 1134/13/98 1135/13/98 1142/13/98
f 1141/13/98 1134/13/98 1142/13/98
f 1143/13/98 1141/13/98 1142/13/98
f 1145/11/458 1143/13/457 1144/11/457
f 1143/13/457 1145/11/458 1142/13/458
f 1144/11/460 1143/13/460 1145/11/459
f 1142/13/459 1145/11/459 1143/13/460
f 1144/11/457 1141/13/455 1140/11/455
f 1141/13/455 1144/11/457 1143/13/457
f 1140/11/456 1141/13/456 1144/11/460
f 1143/13/460 1144/11/460 1141/13/456
f 821/13/353 1147/11/353 1146/13/353
f 1147/11/353 821/13/353 1148/11/353
f 1146/13/354 1147/11/354 821/13/354
f 1148/11/354 821/13/354 1147/11/354
f 1151/13/461 1150/11/348 1149/11/461
f 1150/11/348 1151/13/461 1152/13/348
f 1149/11/462 1150/11/350 1151/13/462
f 1152/13/350 1151/13/462 1150/11/350
f 821/13/350 1153/11/350 1148/11/350
f 1153/11/350 821/13/350 822/13/350
f 1148/11/348 1153/11/348 821/13/348
f 822/13/348 821/13/348 1153/11/348
f 1152/13/348 1147/11/463 1150/11/348
f 1147/11/463 1152/13/348 1146/13/463
f 1150/11/350 1147/11/464 1152/13/350
f 1146/13/464 1152/13/350 1147/11/464
f 1153/11/98 1147/11/98 1148/11/98
f 1147/11/98 1153/11/98 1150/11/98
f 1150/11/98 1153/11/98 1149/11/98
f 1148/11/97 1147/11/97 1153/11/97
f 1150/11/97 1153/11/97 1147/11/97
f 1149/11/97 1153/11/97 1150/11/97
f 1146/13/97 822/13/97 821/13/97
f 822/13/97 1146/13/97 1152/13/97
f 822/13/97 1152/13/97 1151/13/97
f 821/13/98 822/13/98 1146/13/98
f 1152/13/98 1146/13/98 822/13/98
f 1151/13/98 1152/13/98 822/13/98
f 1153/11/354 1151/13/354 1149/11/354
f 1151/13/354 1153/11/354 822/13/354
f 1149/11/353 1151/13/353 1153/11/353
f 822/13/353 1153/11/353 1151/13/353
f 1156/15/466 1155/14/465 1154/14/465
f 1155/14/465 1156/15/466 1157/15/466
f 1154/14/468 1155/14/468 1156/15/467
f 1157/15/467 1156/15/467 1155/14/468
f 1160/16/469 1159/17/470 1158/16/469
f 1159/17/470 1160/16/469 1161/17/470
f 1158/16/471 1159/17/472 1160/16/471
f 1161/17/472 1160/16/471 1159/17/472
f 1163/14/347 1157/15/347 1162/15/347
f 1157/15/347 1163/14/347 1155/14/347
f 1155/14/347 1163/14/347 1164/16/347
f 1155/14/347 1164/16/347 1160/16/347
f 1160/16/347 1164/16/347 1165/17/347
f 1160/16/347 1165/17/347 1161/17/347
f 1162/15/349 1157/15/349 1163/14/349
f 1155/14/349 1163/14/349 1157/15/349
f 1164/16/349 1163/14/349 1155/14/349
f 1160/16/349 1164/16/349 1155/14/349
f 1165/17/349 1164/16/349 1160/16/349
f 1161/17/349 1165/17/349 1160/16/349
f 1161/17/470 1166/17/467 1159/17/470
f 1166/17/467 1161/17/470 1165/17/467
f 1159/17/472 1166/17/466 1161/17/472
f 1165/17/466 1161/17/472 1166/17/466
f 1168/14/471 1162/15/472 1167/15/472
f 1162/15/472 1168/14/471 1163/14/471
f 1167/15/470 1162/15/470 1168/14/469
f 1163/14/469 1168/14/469 1162/15/470
f 1154/14/349 1167/15/349 1156/15/349
f 1167/15/349 1154/14/349 1168/14/349
f 1168/14/349 1154/14/349 1158/16/349
f 1168/14/349 1158/16/349 1169/16/349
f 1169/16/349 1158/16/349 1159/17/349
f 1169/16/349 1159/17/349 1166/17/349
f 1156/15/347 1167/15/347 1154/14/347
f 1168/14/347 1154/14/347 1167/15/347
f 1158/16/347 1154/14/347 1168/14/347
f 1169/16/347 1158/16/347 1168/14/347
f 1159/17/347 1158/16/347 1169/16/347
f 1166/17/347 1159/17/347 1169/16/347
f 1165/17/467 1169/16/468 1166/17/467
f 1169/16/468 1165/17/467 1164/16/468
f 1166/17/466 1169/16/465 1165/17/466
f 1164/16/465 1165/17/466 1169/16/465
f 1167/15/472 1157/15/466 1156/15/466
f 1157/15/466 1167/15/472 1162/15/472
f 1156/15/467 1157/15/467 1167/15/470
f 1162/15/470 1167/15/470 1157/15/467
f 1158/16/469 1155/14/465 1160/16/469
f 1155/14/465 1158/16/469 1154/14/465
f 1160/16/471 1155/14/468 1158/16/471
f 1154/14/468 1158/16/471 1155/14/468
f 1168/14/471 1164/16/468 1163/14/471
f 1164/16/468 1168/14/471 1169/16/468
f 1163/14/469 1164/16/465 1168/14/469
f 1169/16/465 1168/14/469 1164/16/465
f 1172/19/471 1171/18/472 1170/18/472
f 1171/18/472 1172/19/471 1173/19/471
f 1170/18/470 1171/18/470 1172/19/469
f 1173/19/469 1172/19/469 1171/18/470
f 1175/19/349 1170/18/349 1174/18/349
f 1170/18/349 1175/19/349 1172/19/349
f 1172/19/349 1175/19/349 1176/20/349
f 1172/19/349 1176/20/349 1177/20/349
f 1177/20/349 1176/20/349 1178/21/349
f 1177/20/349 1178/21/349 1179/21/349
f 1174/18/347 1170/18/347 1175/19/347
f 1172/19/347 1175/19/347 1170/18/347
f 1176/20/347 1175/19/347 1172/19/347
f 1177/20/347 1176/20/347 1172/19/347
f 1178/21/347 1176/20/347 1177/20/347
f 1179/21/347 1178/21/347 1177/20/347
f 1170/18/472 1180/18/466 1174/18/466
f 1180/18/466 1170/18/472 1171/18/472
f 1174/18/467 1180/18/467 1170/18/470
f 1171/18/470 1170/18/470 1180/18/467
f 1174/18/466 1181/19/465 1175/19/465
f 1181/19/465 1174/18/466 1180/18/466
f 1175/19/468 1181/19/468 1174/18/467
f 1180/18/467 1174/18/467 1181/19/468
f 1182/21/470 1179/21/467 1178/21/470
f 1179/21/467 1182/21/470 1183/21/467
f 1178/21/472 1179/21/466 1182/21/472
f 1183/21/466 1182/21/472 1179/21/466
f 1176/20/469 1181/19/465 1184/20/469
f 1181/19/465 1176/20/469 1175/19/465
f 1184/20/471 1181/19/468 1176/20/471
f 1175/19/468 1176/20/471 1181/19/468
f 1183/21/467 1177/20/468 1179/21/467
f 1177/20/468 1183/21/467 1185/20/468
f 1179/21/466 1177/20/465 1183/21/466
f 1185/20/465 1183/21/466 1177/20/465
f 1172/19/471 1185/20/468 1173/19/471
f 1185/20/468 1172/19/471 1177/20/468
f 1173/19/469 1185/20/465 1172/19/469
f 1177/20/465 1172/19/469 1185/20/465
f 1184/20/469 1178/21/470 1176/20/469
f 1178/21/470 1184/20/469 1182/21/470
f 1176/20/471 1178/21/472 1184/20/471
f 1182/21/472 1184/20/471 1178/21/472
f 1173/19/347 1180/18/347 1171/18/347
f 1180/18/347 1173/19/347 1181/19/347
f 1181/19/347 1173/19/347 1185/20/347
f 1181/19/347 1185/20/347 1184/20/347
f 1184/20/347 1185/20/347 1183/21/347
f 1184/20/347 1183/21/347 1182/21/347
f 1171/18/349 1180/18/349 1173/19/349
f 1181/19/349 1173/19/349 1180/18/349
f 1185/20/349 1173/19/349 1181/19/349
f 1184/20/349 1185/20/349 1181/19/349
f 1183/21/349 1185/20/349 1184/20/349
f 1182/21/349 1183/21/349 1184/20/349
f 1188/22/473 1187/23/474 1186/22/473
f 1187/23/474 1188/22/473 1189/23/474
f 1186/22/475 1187/23/476 1188/22/475
f 1189/23/476 1188/22/475 1187/23/476
f 1192/22/477 1191/24/475 1190/22/477
f 1191/24/475 1192/22/477 1193/24/475
f 1190/22/478 1191/24/473 1192/22/478
f 1193/24/473 1192/22/478 1191/24/473
f 1191/24/475 1195/25/476 1194/25/476
f 1195/25/476 1191/24/475 1193/24/475
f 1194/25/474 1195/25/474 1191/24/473
f 1193/24/473 1191/24/473 1195/25/474
f 1190/22/351 1187/23/351 1196/23/351
f 1187/23/351 1190/22/351 1186/22/351
f 1186/22/351 1190/22/351 1191/24/351
f 1186/22/351 1191/24/351 1197/24/351
f 1197/24/351 1191/24/351 1194/25/351
f 1197/24/351 1194/25/351 1198/25/351
f 1196/23/352 1187/23/352 1190/22/352
f 1186/22/352 1190/22/352 1187/23/352
f 1191/24/352 1190/22/352 1186/22/352
f 1197/24/352 1191/24/352 1186/22/352
f 1194/25/352 1191/24/352 1197/24/352
f 1198/25/352 1194/25/352 1197/24/352
f 1189/23/474 1196/23/479 1187/23/474
f 1196/23/479 1189/23/474 1199/23/479
f 1187/23/476 1196/23/480 1189/23/476
f 1199/23/480 1189/23/476 1196/23/480
f 1188/22/352 1199/23/352 1189/23/352
f 1199/23/352 1188/22/352 1192/22/352
f 1192/22/352 1188/22/352 1200/24/352
f 1192/22/352 1200/24/352 1193/24/352
f 1193/24/352 1200/24/352 1201/25/352
f 1193/24/352 1201/25/352 1195/25/352
f 1189/23/351 1199/23/351 1188/22/351
f 1192/22/351 1188/22/351 1199/23/351
f 1200/24/351 1188/22/351 1192/22/351
f 1193/24/351 1200/24/351 1192/22/351
f 1201/25/351 1200/24/351 1193/24/351
f 1195/25/351 1201/25/351 1193/24/351
f 1194/25/476 1201/25/480 1198/25/480
f 1201/25/480 1194/25/476 1195/25/476
f 1198/25/479 1201/25/479 1194/25/474
f 1195/25/474 1194/25/474 1201/25/479
f 1199/23/479 1190/22/477 1196/23/479
f 1190/22/477 1199/23/479 1192/22/477
f 1196/23/480 1190/22/478 1199/23/480
f 1192/22/478 1199/23/480 1190/22/478
f 1198/25/480 1200/24/478 1197/24/478
f 1200/24/478 1198/25/480 1201/25/480
f 1197/24/477 1200/24/477 1198/25/479
f 1201/25/479 1198/25/479 1200/24/477
f 1200/24/478 1186/22/473 1197/24/478
f 1186/22/473 1200/24/478 1188/22/473
f 1197/24/477 1186/22/475 1200/24/477
f 1188/22/475 1200/24/477 1186/22/475
f 1204/12/384 1203/11/384 1202/11/384
f 1203/11/384 1204/12/384 1205/12/384
f 1202/11/383 1203/11/383 1204/12/383
f 1205/12/383 1204/12/383 1203/11/383
f 1204/12/385 1207/11/385 1206/12/385
f 1207/11/385 1204/12/385 1202/11/385
f 1206/12/386 1207/11/386 1204/12/386
f 1202/11/386 1204/12/386 1207/11/386
f 1203/11/386 1209/12/386 1208/11/386
f 1209/12/386 1203/11/386 1205/12/386
f 1208/11/385 1209/12/385 1203/11/385
f 1205/12/385 1203/11/385 1209/12/385
f 1206/12/97 1205/12/97 1204/12/97
f 1205/12/97 1206/12/97 1210/12/97
f 1205/12/97 1210/12/97 1209/12/97
f 1204/12/98 1205/12/98 1206/12/98
f 1210/12/98 1206/12/98 1205/12/98
f 1209/12/98 1210/12/98 1205/12/98
f 1209/12/349 1211/11/383 1208/11/349
f 1211/11/383 1209/12/349 1210/12/383
f 1208/11/347 1211/11/384 1209/12/347
f 1210/12/384 1209/12/347 1211/11/384
f 1210/12/383 1207/11/352 1211/11/383
f 1207/11/352 1210/12/383 1206/12/352
f 1211/11/384 1207/11/351 1210/12/384
f 1206/12/351 1210/12/384 1207/11/351
f 1214/13/383 1213/11/450 1212/11/383
f 1213/11/450 1214/13/383 1215/13/450
f 1212/11/384 1213/11/449 1214/13/384
f 1215/13/449 1214/13/384 1213/11/449
f 1218/13/453 1217/11/454 1216/13/454
f 1217/11/454 1218/13/453 1219/11/453
f 1216/13/451 1217/11/451 1218/13/452
f 1219/11/452 1218/13/452 1217/11/451
f 1215/13/450 1217/11/454 1213/11/450
f 1217/11/454 1215/13/450 1216/13/454
f 1213/11/449 1217/11/451 1215/13/449
f 1216/13/451 1215/13/449 1217/11/451
f 1221/13/456 1212/11/383 1220/11/456
f 1212/11/383 1221/13/456 1214/13/383
f 1220/11/455 1212/11/384 1221/13/455
f 1214/13/384 1221/13/455 1212/11/384
f 1216/13/97 1222/13/97 1218/13/97
f 1222/13/97 1216/13/97 1215/13/97
f 1222/13/97 1215/13/97 1214/13/97
f 1222/13/97 1214/13/97 1221/13/97
f 1222/13/97 1221/13/97 1223/13/97
f 1218/13/98 1222/13/98 1216/13/98
f 1215/13/98 1216/13/98 1222/13/98
f 1214/13/98 1215/13/98 1222/13/98
f 1221/13/98 1214/13/98 1222/13/98
f 1223/13/98 1221/13/98 1222/13/98
f 1225/11/459 1223/13/460 1224/11/460
f 1223/13/460 1225/11/459 1222/13/459
f 1224/11/457 1223/13/457 1225/11/458
f 1222/13/458 1225/11/458 1223/13/457
f 1224/11/460 1221/13/456 1220/11/456
f 1221/13/456 1224/11/460 1223/13/460
f 1220/11/455 1221/13/455 1224/11/457
f 1223/13/457 1224/11/457 1221/13/455
f 830/13/385 1227/11/385 1226/13/385
f 1227/11/385 830/13/385 1228/11/385
f 1226/13/386 1227/11/386 830/13/386
f 1228/11/386 830/13/386 1227/11/386
f 1231/13/462 1230/11/383 1229/11/462
f 1230/11/383 1231/13/462 1232/13/383
f 1229/11/461 1230/11/384 1231/13/461
f 1232/13/384 1231/13/461 1230/11/384
f 830/13/384 1233/11/384 1228/11/384
f 1233/11/384 830/13/384 831/13/384
f 1228/11/383 1233/11/383 830/13/383
f 831/13/383 830/13/383 1233/11/383
f 1232/13/383 1227/11/464 1230/11/383
f 1227/11/464 1232/13/383 1226/13/464
f 1230/11/384 1227/11/463 1232/13/384
f 1226/13/463 1232/13/384 1227/11/463
f 1233/11/98 1227/11/98 1228/11/98
f 1227/11/98 1233/11/98 1230/11/98
f 1230/11/98 1233/11/98 1229/11/98
f 1228/11/97 1227/11/97 1233/11/97
f 1230/11/97 1233/11/97 1227/11/97
f 1229/11/97 1233/11/97 1230/11/97
f 1226/13/97 831/13/97 830/13/97
f 831/13/97 1226/13/97 1232/13/97
f 831/13/97 1232/13/97 1231/13/97
f 830/13/98 831/13/98 1226/13/98
f 1232/13/98 1226/13/98 831/13/98
f 1231/13/98 1232/13/98 831/13/98
f 1233/11/386 1231/13/386 1229/11/386
f 1231/13/386 1233/11/386 831/13/386
f 1229/11/385 1231/13/385 1233/11/385
f 831/13/385 1233/11/385 1231/13/385
f 1236/15/472 1235/14/471 1234/14/471
f 1235/14/471 1236/15/472 1237/15/472
f 1234/14/469 1235/14/469 1236/15/470
f 1237/15/470 1236/15/470 1235/14/469
f 1240/16/468 1239/17/467 1238/16/468
f 1239/17/467 1240/16/468 1241/17/467
f 1238/16/465 1239/17/466 1240/16/465
f 1241/17/466 1240/16/465 1239/17/466
f 1243/14/349 1237/15/349 1242/15/349
f 1237/15/349 1243/14/349 1235/14/349
f 1235/14/349 1243/14/349 1244/16/349
f 1235/14/349 1244/16/349 1240/16/349
f 1240/16/349 1244/16/349 1245/17/349
f 1240/16/349 1245/17/349 1241/17/349
f 1242/15/347 1237/15/347 1243/14/347
f 1235/14/347 1243/14/347 1237/15/347
f 1244/16/347 1243/14/347 1235/14/347
f 1240/16/347 1244/16/347 1235/14/347
f 1245/17/347 1244/16/347 1240/16/347
f 1241/17/347 1245/17/347 1240/16/347
f 1241/17/467 1246/17/470 1239/17/467
f 1246/17/470 1241/17/467 1245/17/470
f 1239/17/466 1246/17/472 1241/17/466
f 1245/17/472 1241/17/466 1246/17/472
f 1248/14/465 1242/15/466 1247/15/466
f 1242/15/466 1248/14/465 1243/14/465
f 1247/15/467 1242/15/467 1248/14/468
f 1243/14/468 1248/14/468 1242/15/467
f 1234/14/347 1247/15/347 1236/15/347
f 1247/15/347 1234/14/347 1248/14/347
f 1248/14/347 1234/14/347 1238/16/347
f 1248/14/347 1238/16/347 1249/16/347
f 1249/16/347 1238/16/347 1239/17/347
f 1249/16/347 1239/17/347 1246/17/347
f 1236/15/349 1247/15/349 1234/14/349
f 1248/14/349 1234/14/349 1247/15/349
f 1238/16/349 1234/14/349 1248/14/349
f 1249/16/349 1238/16/349 1248/14/349
f 1239/17/349 1238/16/349 1249/16/349
f 1246/17/349 1239/17/349 1249/16/349
f 1245/17/470 1249/16/469 1246/17/470
f 1249/16/469 1245/17/470 1244/16/469
f 1246/17/472 1249/16/471 1245/17/472
f 1244/16/471 1245/17/472 1249/16/471
f 1247/15/466 1237/15/472 1236/15/472
f 1237/15/472 1247/15/466 1242/15/466
f 1236/15/470 1237/15/470 1247/15/467
f 1242/15/467 1247/15/467 1237/15/470
f 1238/16/468 1235/14/471 1240/16/468
f 1235/14/471 1238/16/468 1234/14/471
f 1240/16/465 1235/14/469 1238/16/465
f 1234/14/469 1238/16/465 1235/14/469
f 1248/14/465 1244/16/469 1243/14/465
f 1244/16/469 1248/14/465 1249/16/469
f 1243/14/468 1244/16/471 1248/14/468
f 1249/16/471 1248/14/468 1244/16/471
f 1252/19/465 1251/18/466 1250/18/466
f 1251/18/466 1252/19/465 1253/19/465
f 1250/18/467 1251/18/467 1252/19/468
f 1253/19/468 1252/19/468 1251/18/467
f 1255/19/347 1250/18/347 1254/18/347
f 1250/18/347 1255/19/347 1252/19/347
f 1252/19/347 1255/19/347 1256/20/347
f 1252/19/347 1256/20/347 1257/20/347
f 1257/20/347 1256/20/347 1258/21/347
f 1257/20/347 1258/21/347 1259/21/347
f 1254/18/349 1250/18/349 1255/19/349
f 1252/19/349 1255/19/349 1250/18/349
f 1256/20/349 1255/19/349 1252/19/349
f 1257/20/349 1256/20/349 1252/19/349
f 1258/21/349 1256/20/349 1257/20/349
f 1259/21/349 1258/21/349 1257/20/349
f 1250/18/466 1260/18/472 1254/18/472
f 1260/18/472 1250/18/466 1251/18/466
f 1254/18/470 1260/18/470 1250/18/467
f 1251/18/467 1250/18/467 1260/18/470
f 1254/18/472 1261/19/471 1255/19/471
f 1261/19/471 1254/18/472 1260/18/472
f 1255/19/469 1261/19/469 1254/18/470
f 1260/18/470 1254/18/470 1261/19/469
f 1262/21/467 1259/21/470 1258/21/467
f 1259/21/470 1262/21/467 1263/21/470
f 1258/21/466 1259/21/472 1262/21/466
f 1263/21/472 1262/21/466 1259/21/472
f 1256/20/468 1261/19/471 1264/20/468
f 1261/19/471 1256/20/468 1255/19/471
f 1264/20/465 1261/19/469 1256/20/465
f 1255/19/469 1256/20/465 1261/19/469
f 1263/21/470 1257/20/469 1259/21/470
f 1257/20/469 1263/21/470 1265/20/469
f 1259/21/472 1257/20/471 1263/21/472
f 1265/20/471 1263/21/472 1257/20/471
f 1252/19/465 1265/20/469 1253/19/465
f 1265/20/469 1252/19/465 1257/20/469
f 1253/19/468 1265/20/471 1252/19/468
f 1257/20/471 1252/19/468 1265/20/471
f 1264/20/468 1258/21/467 1256/20/468
f 1258/21/467 1264/20/468 1262/21/467
f 1256/20/465 1258/21/466 1264/20/465
f 1262/21/466 1264/20/465 1258/21/466
f 1253/19/349 1260/18/349 1251/18/349
f 1260/18/349 1253/19/349 1261/19/349
f 1261/19/349 1253/19/349 1265/20/349
f 1261/19/349 1265/20/349 1264/20/349
f 1264/20/349 1265/20/349 1263/21/349
f 1264/20/349 1263/21/349 1262/21/349
f 1251/18/347 1260/18/347 1253/19/347
f 1261/19/347 1253/19/347 1260/18/347
f 1265/20/347 1253/19/347 1261/19/347
f 1264/20/347 1265/20/347 1261/19/347
f 1263/21/347 1265/20/347 1264/20/347
f 1262/21/347 1263/21/347 1264/20/347
f 1268/22/477 1267/23/479 1266/22/477
f 1267/23/479 1268/22/477 1269/23/479
f 1266/22/478 1267/23/480 1268/22/478
f 1269/23/480 1268/22/478 1267/23/480
f 1272/22/473 1271/24/478 1270/22/473
f 1271/24/478 1272/22/473 1273/24/478
f 1270/22/475 1271/24/477 1272/22/475
f 1273/24/477 1272/22/475 1271/24/477
f 1271/24/478 1275/25/480 1274/25/480
f 1275/25/480 1271/24/478 1273/24/478
f 1274/25/479 1275/25/479 1271/24/477
f 1273/24/477 1271/24/477 1275/25/479
f 1270/22/352 1267/23/352 1276/23/352
f 1267/23/352 1270/22/352 1266/22/352
f 1266/22/352 1270/22/352 1271/24/352
f 1266/22/352 1271/24/352 1277/24/352
f 1277/24/352 1271/24/352 1274/25/352
f 1277/24/352 1274/25/352 1278/25/352
f 1276/23/351 1267/23/351 1270/22/351
f 1266/22/351 1270/22/351 1267/23/351
f 1271/24/351 1270/22/351 1266/22/351
f 1277/24/351 1271/24/351 1266/22/351
f 1274/25/351 1271/24/351 1277/24/351
f 1278/25/351 1274/25/351 1277/24/351
f 1269/23/479 1276/23/474 1267/23/479
f 1276/23/474 1269/23/479 1279/23/474
f 1267/23/480 1276/23/476 1269/23/480
f 1279/23/476 1269/23/480 1276/23/476
f 1268/22/351 1279/23/351 1269/23/351
f 1279/23/351 1268/22/351 1272/22/351
f 1272/22/351 1268/22/351 1280/24/351
f 1272/22/351 1280/24/351 1273/24/351
f 1273/24/351 1280/24/351 1281/25/351
f 1273/24/351 1281/25/351 1275/25/351
f 1269/23/352 1279/23/352 1268/22/352
f 1272/22/352 1268/22/352 1279/23/352
f 1280/24/352 1268/22/352 1272/22/352
f 1273/24/352 1280/24/352 1272/22/352
f 1281/25/352 1280/24/352 1273/24/352
f 1275/25/352 1281/25/352 1273/24/352
f 1274/25/480 1281/25/476 1278/25/476
f 1281/25/476 1274/25/480 1275/25/480
f 1278/25/474 1281/25/474 1274/25/479
f 1275/25/479 1274/25/479 1281/25/474
f 1279/23/474 1270/22/473 1276/23/474
f 1270/22/473 1279/23/474 1272/22/473
f 1276/23/476 1270/22/475 1279/23/476
f 1272/22/475 1279/23/476 1270/22/475
f 1278/25/476 1280/24/475 1277/24/475
f 1280/24/475 1278/25/476 1281/25/476
f 1277/24/473 1280/24/473 1278/25/474
f 1281/25/474 1278/25/474 1280/24/473
f 1280/24/475 1266/22/477 1277/24/475
f 1266/22/477 1280/24/475 1268/22/477
f 1277/24/473 1266/22/478 1280/24/473
f 1268/22/478 1280/24/473 1266/22/478
f 1284/12/384 1283/11/384 1282/11/384
f 1283/11/384 1284/12/384 1285/12/384
f 1282/11/383 1283/11/383 1284/12/383
f 1285/12/383 1284/12/383 1283/11/383
f 1284/12/385 1287/11/385 1286/12/385
f 1287/11/385 1284/12/385 1282/11/385
f 1286/12/386 1287/11/386 1284/12/386
f 1282/11/386 1284/12/386 1287/11/386
f 1283/11/386 1289/12/386 1288/11/386
f 1289/12/386 1283/11/386 1285/12/386
f 1288/11/385 1289/12/385 1283/11/385
f 1285/12/385 1283/11/385 1289/12/385
f 1286/12/97 1285/12/97 1284/12/97
f 1285/12/97 1286/12/97 1290/12/97
f 1285/12/97 1290/12/97 1289/12/97
f 1284/12/98 1285/12/98 1286/12/98
f 1290/12/98 1286/12/98 1285/12/98
f 1289/12/98 1290/12/98 1285/12/98
f 1289/12/349 1291/11/383 1288/11/349
f 1291/11/383 1289/12/349 1290/12/383
f 1288/11/347 1291/11/384 1289/12/347
f 1290/12/384 1289/12/347 1291/11/384
f 1290/12/383 1287/11/352 1291/11/383
f 1287/11/352 1290/12/383 1286/12/352
f 1291/11/384 1287/11/351 1290/12/384
f 1286/12/351 1290/12/384 1287/11/351
f 1294/13/383 1293/11/450 1292/11/383
f 1293/11/450 1294/13/383 1295/13/450
f 1292/11/384 1293/11/449 1294/13/384
f 1295/13/449 1294/13/384 1293/11/449
f 1298/13/453 1297/11/454 1296/13/454
f 1297/11/454 1298/13/453 1299/11/453
f 1296/13/451 1297/11/451 1298/13/452
f 1299/11/452 1298/13/452 1297/11/451
f 1295/13/450 1297/11/454 1293/11/450
f 1297/11/454 1295/13/450 1296/13/454
f 1293/11/449 1297/11/451 1295/13/449
f 1296/13/451 1295/13/449 1297/11/451
f 1301/13/456 1292/11/383 1300/11/456
f 1292/11/383 1301/13/456 1294/13/383
f 1300/11/455 1292/11/384 1301/13/455
f 1294/13/384 1301/13/455 1292/11/384
f 1296/13/97 1302/13/97 1298/13/97
f 1302/13/97 1296/13/97 1295/13/97
f 1302/13/97 1295/13/97 1294/13/97
f 1302/13/97 1294/13/97 1301/13/97
f 1302/13/97 1301/13/97 1303/13/97
f 1298/13/98 1302/13/98 1296/13/98
f 1295/13/98 1296/13/98 1302/13/98
f 1294/13/98 1295/13/98 1302/13/98
f 1301/13/98 1294/13/98 1302/13/98
f 1303/13/98 1301/13/98 1302/13/98
f 1305/11/459 1303/13/460 1304/11/460
f 1303/13/460 1305/11/459 1302/13/459
f 1304/11/457 1303/13/457 1305/11/458
f 1302/13/458 1305/11/458 1303/13/457
f 1304/11/460 1301/13/456 1300/11/456
f 1301/13/456 1304/11/460 1303/13/460
f 1300/11/455 1301/13/455 1304/11/457
f 1303/13/457 1304/11/457 1301/13/455
f 837/13/385 1307/11/385 1306/13/385
f 1307/11/385 837/13/385 1308/11/385
f 1306/13/386 1307/11/386 837/13/386
f 1308/11/386 837/13/386 1307/11/386
f 1311/13/462 1310/11/383 1309/11/462
f 1310/11/383 1311/13/462 1312/13/383
f 1309/11/461 1310/11/384 1311/13/461
f 1312/13/384 1311/13/461 1310/11/384
f 837/13/384 1313/11/384 1308/11/384
f 1313/11/384 837/13/384 838/13/384
f 1308/11/383 1313/11/383 837/13/383
f 838/13/383 837/13/383 1313/11/383
f 1312/13/383 1307/11/464 1310/11/383
f 1307/11/464 1312/13/383 1306/13/464
f 1310/11/384 1307/11/463 1312/13/384
f 1306/13/463 1312/13/384 1307/11/463
f 1313/11/98 1307/11/98 1308/11/98
f 1307/11/98 1313/11/98 1310/11/98
f 1310/11/98 1313/11/98 1309/11/98
f 1308/11/97 1307/11/97 1313/11/97
f 1310/11/97 1313/11/97 1307/11/97
f 1309/11/97 1313/11/97 1310/11/97
f 1306/13/97 838/13/97 837/13/97
f 838/13/97 1306/13/97 1312/13/97
f 838/13/97 1312/13/97 1311/13/97
f 837/13/98 838/13/98 1306/13/98
f 1312/13/98 1306/13/98 838/13/98
f 1311/13/98 1312/13/98 838/13/98
f 1313/11/386 1311/13/386 1309/11/386
f 1311/13/386 1313/11/386 838/13/386
f 1309/11/385 1311/13/385 1313/11/385
f 838/13/385 1313/11/385 1311/13/385
f 1316/15/472 1315/14/471 1314/14/471
f 1315/14/471 1316/15/472 1317/15/472
f 1314/14/469 1315/14/469 1316/15/470
f 1317/15/470 1316/15/470 1315/14/469
f 1320/16/468 1319/17/467 1318/16/468
f 1319/17/467 1320/16/468 1321/17/467
f 1318/16/465 1319/17/466 1320/16/465
f 1321/17/466 1320/16/465 1319/17/466
f 1323/14/349 1317/15/349 1322/15/349
f 1317/15/349 1323/14/349 1315/14/349
f 1315/14/349 1323/14/349 1324/16/349
f 1315/14/349 1324/16/349 1320/16/349
f 1320/16/349 1324/16/349 1325/17/349
f 1320/16/349 1325/17/349 1321/17/349
f 1322/15/347 1317/15/347 1323/14/347
f 1315/14/347 1323/14/347 1317/15/347
f 1324/16/347 1323/14/347 1315/14/347
f 1320/16/347 1324/16/347 1315/14/347
f 1325/17/347 1324/16/347 1320/16/347
f 1321/17/347 1325/17/347 1320/16/347
f 1321/17/467 1326/17/470 1319/17/467
f 1326/17/470 1321/17/467 1325/17/470
f 1319/17/466 1326/17/472 1321/17/466
f 1325/17/472 1321/17/466 1326/17/472
f 1328/14/465 1322/15/466 1327/15/466
f 1322/15/466 1328/14/465 1323/14/465
f 1327/15/467 1322/15/467 1328/14/468
f 1323/14/468 1328/14/468 1322/15/467
f 1314/14/347 1327/15/347 1316/15/347
f 1327/15/347 1314/14/347 1328/14/347
f 1328/14/347 1314/14/347 1318/16/347
f 1328/14/347 1318/16/347 1329/16/347
f 1329/16/347 1318/16/347 1319/17/347
f 1329/16/347 1319/17/347 1326/17/347
f 1316/15/349 1327/15/349 1314/14/349
f 1328/14/349 1314/14/349 1327/15/349
f 1318/16/349 1314/14/349 1328/14/349
f 1329/16/349 1318/16/349 1328/14/349
f 1319/17/349 1318/16/349 1329/16/349
f 1326/17/349 1319/17/349 1329/16/349
f 1325/17/470 1329/16/469 1326/17/470
f 1329/16/469 1325/17/470 1324/16/469
f 1326/17/472 1329/16/471 1325/17/472
f 1324/16/471 1325/17/472 1329/16/471
f 1327/15/466 1317/15/472 1316/15/472
f 1317/15/472 1327/15/466 1322/15/466
f 1316/15/470 1317/15/470 1327/15/467
f 1322/15/467 1327/15/467 1317/15/470
f 1318/16/468 1315/14/471 1320/16/468
f 1315/14/471 1318/16/468 1314/14/471
f 1320/16/465 1315/14/469 1318/16/465
f 1314/14/469 1318/16/465 1315/14/469
f 1328/14/465 1324/16/469 1323/14/465
f 1324/16/469 1328/14/465 1329/16/469
f 1323/14/468 1324/16/471 1328/14/468
f 1329/16/471 1328/14/468 1324/16/471
f 1332/19/465 1331/18/466 1330/18/466
f 1331/18/466 1332/19/465 1333/19/465
f 1330/18/467 1331/18/467 1332/19/468
f 1333/19/468 1332/19/468 1331/18/467
f 1335/19/347 1330/18/347 1334/18/347
f 1330/18/347 1335/19/347 1332/19/347
f 1332/19/347 1335/19/347 1336/20/347
f 1332/19/347 1336/20/347 1337/20/347
f 1337/20/347 1336/20/347 1338/21/347
f 1337/20/347 1338/21/347 1339/21/347
f 1334/18/349 1330/18/349 1335/19/349
f 1332/19/349 1335/19/349 1330/18/349
f 1336/20/349 1335/19/349 1332/19/349
f 1337/20/349 1336/20/349 1332/19/349
f 1338/21/349 1336/20/349 1337/20/349
f 1339/21/349 1338/21/349 1337/20/349
f 1330/18/466 1340/18/472 1334/18/472
f 1340/18/472 1330/18/466 1331/18/466
f 1334/18/470 1340/18/470 1330/18/467
f 1331/18/467 1330/18/467 1340/18/470
f 1334/18/472 1341/19/471 1335/19/471
f 1341/19/471 1334/18/472 1340/18/472
f 1335/19/469 1341/19/469 1334/18/470
f 1340/18/470 1334/18/470 1341/19/469
f 1342/21/467 1339/21/470 1338/21/467
f 1339/21/470 1342/21/467 1343/21/470
f 1338/21/466 1339/21/472 1342/21/466
f 1343/21/472 1342/21/466 1339/21/472
f 1336/20/468 1341/19/471 1344/20/468
f 1341/19/471 1336/20/468 1335/19/471
f 1344/20/465 1341/19/469 1336/20/465
f 1335/19/469 1336/20/465 1341/19/469
f 1343/21/470 1337/20/469 1339/21/470
f 1337/20/469 1343/21/470 1345/20/469
f 1339/21/472 1337/20/471 1343/21/472
f 1345/20/471 1343/21/472 1337/20/471
f 1332/19/465 1345/20/469 1333/19/465
f 1345/20/469 1332/19/465 1337/20/469
f 1333/19/468 1345/20/471 1332/19/468
f 1337/20/471 1332/19/468 1345/20/471
f 1344/20/468 1338/21/467 1336/20/468
f 1338/21/467 1344/20/468 1342/21/467
f 1336/20/465 1338/21/466 1344/20/465
f 1342/21/466 1344/20/465 1338/21/466
f 1333/19/349 1340/18/349 1331/18/349
f 1340/18/349 1333/19/349 1341/19/349
f 1341/19/349 1333/19/349 1345/20/349
f 1341/19/349 1345/20/349 1344/20/349
f 1344/20/349 1345/20/349 1343/21/349
f 1344/20/349 1343/21/349 1342/21/349
f 1331/18/347 1340/18/347 1333/19/347
f 1341/19/347 1333/19/347 1340/18/347
f 1345/20/347 1333/19/347 1341/19/347
f 1344/20/347 1345/20/347 1341/19/347
f 1343/21/347 1345/20/347 1344/20/347
f 1342/21/347 1343/21/347 1344/20/347
f 1348/22/477 1347/23/479 1346/22/477
f 1347/23/479 1348/22/477 1349/23/479
f 1346/22/478 1347/23/480 1348/22/478
f 1349/23/480 1348/22/478 1347/23/480
f 1352/22/473 1351/24/478 1350/22/473
f 1351/24/478 1352/22/473 1353/24/478
f 1350/22/475 1351/24/477 1352/22/475
f 1353/24/477 1352/22/475 1351/24/477
f 1351/24/478 1355/25/480 1354/25/480
f 1355/25/480 1351/24/478 1353/24/478
f 1354/25/479 1355/25/479 1351/24/477
f 1353/24/477 1351/24/477 1355/25/479
f 1350/22/352 1347/23/352 1356/23/352
f 1347/23/352 1350/22/352 1346/22/352
f 1346/22/352 1350/22/352 1351/24/352
f 1346/22/352 1351/24/352 1357/24/352
f 1357/24/352 1351/24/352 1354/25/352
f 1357/24/352 1354/25/352 1358/25/352
f 1356/23/351 1347/23/351 1350/22/351
f 1346/22/351 1350/22/351 1347/23/351
f 1351/24/351 1350/22/351 1346/22/351
f 1357/24/351 1351/24/351 1346/22/351
f 1354/25/351 1351/24/351 1357/24/351
f 1358/25/351 1354/25/351 1357/24/351
f 1349/23/479 1356/23/474 1347/23/479
f 1356/23/474 1349/23/479 1359/23/474
f 1347/23/480 1356/23/476 1349/23/480
f 1359/23/476 1349/23/480 1356/23/476
f 1348/22/351 1359/23/351 1349/23/351
f 1359/23/351 1348/22/351 1352/22/351
f 1352/22/351 1348/22/351 1360/24/351
f 1352/22/351 1360/24/351 1353/24/351
f 1353/24/351 1360/24/351 1361/25/351
f 1353/24/351 1361/25/351 1355/25/351
f 1349/23/352 1359/23/352 1348/22/352
f 1352/22/352 1348/22/352 1359/23/352
f 1360/24/352 1348/22/352 1352/22/352
f 1353/24/352 1360/24/352 1352/22/352
f 1361/25/352 1360/24/352 1353/24/352
f 1355/25/352 1361/25/352 1353/24/352
f 1354/25/480 1361/25/476 1358/25/476
f 1361/25/476 1354/25/480 1355/25/480
f 1358/25/474 1361/25/474 1354/25/479
f 1355/25/479 1354/25/479 1361/25/474
f 1359/23/474 1350/22/473 1356/23/474
f 1350/22/473 1359/23/474 1352/22/473
f 1356/23/476 1350/22/475 1359/23/476
f 1352/22/475 1359/23/476 1350/22/475
f 1358/25/476 1360/24/475 1357/24/475
f 1360/24/475 1358/25/476 1361/25/476
f 1357/24/473 1360/24/473 1358/25/474
f 1361/25/474 1358/25/474 1360/24/473
f 1360/24/475 1346/22/477 1357/24/475
f 1346/22/477 1360/24/475 1348/22/477
f 1357/24/473 1346/22/478 1360/24/473
f 1348/22/478 1360/24/473 1346/22/478
f 1364/12/387 1363/11/387 1362/12/387
f 1363/11/387 1364/12/387 1365/11/387
f 1362/12/388 1363/11/388 1364/12/388
f 1365/11/388 1364/12/388 1363/11/388
f 1364/12/389 1366/11/389 1365/11/389
f 1366/11/389 1364/12/389 1367/12/389
f 1365/11/390 1366/11/390 1364/12/390
f 1367/12/390 1364/12/390 1366/11/390
f 1368/11/395 1362/12/397 1363/11/397
f 1362/12/397 1368/11/395 1369/12/395
f 1363/11/398 1362/12/398 1368/11/396
f 1369/12/396 1368/11/396 1362/12/398
f 1366/11/392 1371/12/391 1370/11/391
f 1371/12/391 1366/11/392 1367/12/392
f 1370/11/394 1371/12/394 1366/11/393
f 1367/12/393 1366/11/393 1371/12/394
f 1369/12/97 1364/12/97 1362/12/97
f 1364/12/97 1369/12/97 1367/12/97
f 1367/12/97 1369/12/97 1371/12/97
f 1362/12/98 1364/12/98 1369/12/98
f 1367/12/98 1369/12/98 1364/12/98
f 1371/12/98 1369/12/98 1367/12/98
f 1371/12/391 1368/11/395 1370/11/391
f 1368/11/395 1371/12/391 1369/12/395
f 1370/11/394 1368/11/396 1371/12/394
f 1369/12/396 1371/12/394 1368/11/396
f 1374/13/389 1373/11/389 1372/11/389
f 1373/11/389 1374/13/389 1375/13/389
f 1372/11/390 1373/11/390 1374/13/390
f 1375/13/390 1374/13/390 1373/11/390
f 1374/13/387 1377/11/387 1376/13/387
f 1377/11/387 1374/13/387 1372/11/387
f 1376/13/388 1377/11/388 1374/13/388
f 1372/11/388 1374/13/388 1377/11/388
f 1378/13/97 1374/13/97 1376/13/97
f 1374/13/97 1378/13/97 1375/13/97
f 1375/13/97 1378/13/97 1379/13/97
f 1376/13/98 1374/13/98 1378/13/98
f 1375/13/98 1378/13/98 1374/13/98
f 1379/13/98 1378/13/98 1375/13/98
f 1373/11/98 1377/11/98 1372/11/98
f 1377/11/98 1373/11/98 1380/11/98
f 1380/11/98 1373/11/98 1381/11/98
f 1372/11/97 1377/11/97 1373/11/97
f 1380/11/97 1373/11/97 1377/11/97
f 1381/11/97 1373/11/97 1380/11/97
f 1373/11/392 1379/13/391 1381/11/391
f 1379/13/391 1373/11/392 1375/13/392
f 1381/11/394 1379/13/394 1373/11/393
f 1375/13/393 1373/11/393 1379/13/394
f 1379/13/391 1380/11/485 1381/11/391
f 1380/11/485 1379/13/391 1378/13/485
f 1381/11/394 1380/11/486 1379/13/394
f 1378/13/486 1379/13/394 1380/11/486
f 1380/11/485 1376/13/397 1377/11/397
f 1376/13/397 1380/11/485 1378/13/485
f 1377/11/398 1376/13/398 1380/11/486
f 1378/13/486 1380/11/486 1376/13/398
f 1384/12/353 1383/11/353 1382/12/353
f 1383/11/353 1384/12/353 1385/11/353
f 1382/12/354 1383/11/354 1384/12/354
f 1385/11/354 1384/12/354 1383/11/354
f 1384/12/350 1386/11/350 1385/11/350
f 1386/11/350 1384/12/350 1387/12/350
f 1385/11/348 1386/11/348 1384/12/348
f 1387/12/348 1384/12/348 1386/11/348
f 1388/11/364 1382/12/366 1383/11/366
f 1382/12/366 1388/11/364 1389/12/364
f 1383/11/365 1382/12/365 1388/11/363
f 1389/12/363 1388/11/363 1382/12/365
f 1386/11/361 1391/12/362 1390/11/362
f 1391/12/362 1386/11/361 1387/12/361
f 1390/11/359 1391/12/359 1386/11/360
f 1387/12/360 1386/11/360 1391/12/359
f 1389/12/97 1384/12/97 1382/12/97
f 1384/12/97 1389/12/97 1387/12/97
f 1387/12/97 1389/12/97 1391/12/97
f 1382/12/98 1384/12/98 1389/12/98
f 1387/12/98 1389/12/98 1384/12/98
f 1391/12/98 1389/12/98 1387/12/98
f 1391/12/362 1388/11/364 1390/11/362
f 1388/11/364 1391/12/362 1389/12/364
f 1390/11/359 1388/11/363 1391/12/359
f 1389/12/363 1391/12/359 1388/11/363
f 854/13/350 1393/11/350 1392/11/350
f 1393/11/350 854/13/350 1394/13/350
f 1392/11/348 1393/11/348 854/13/348
f 1394/13/348 854/13/348 1393/11/348
f 854/13/353 1396/11/353 1395/13/353
f 1396/11/353 854/13/353 1392/11/353
f 1395/13/354 1396/11/354 854/13/354
f 1392/11/354 854/13/354 1396/11/354
f 1397/13/97 854/13/97 1395/13/97
f 854/13/97 1397/13/97 1394/13/97
f 1394/13/97 1397/13/97 1398/13/97
f 1395/13/98 854/13/98 1397/13/98
f 1394/13/98 1397/13/98 854/13/98
f 1398/13/98 1397/13/98 1394/13/98
f 1393/11/98 1396/11/98 1392/11/98
f 1396/11/98 1393/11/98 1399/11/98
f 1399/11/98 1393/11/98 1400/11/98
f 1392/11/97 1396/11/97 1393/11/97
f 1399/11/97 1393/11/97 1396/11/97
f 1400/11/97 1393/11/97 1399/11/97
f 1393/11/361 1398/13/362 1400/11/362
f 1398/13/362 1393/11/361 1394/13/361
f 1400/11/359 1398/13/359 1393/11/360
f 1394/13/360 1393/11/360 1398/13/359
f 1398/13/362 1399/11/482 1400/11/362
f 1399/11/482 1398/13/362 1397/13/482
f 1400/11/359 1399/11/481 1398/13/359
f 1397/13/481 1398/13/359 1399/11/481
f 1399/11/482 1395/13/366 1396/11/366
f 1395/13/366 1399/11/482 1397/13/482
f 1396/11/365 1395/13/365 1399/11/481
f 1397/13/481 1399/11/481 1395/13/365
f 1403/12/387 1402/11/387 1401/12/387
f 1402/11/387 1403/12/387 1404/11/387
f 1401/12/388 1402/11/388 1403/12/388
f 1404/11/388 1403/12/388 1402/11/388
f 1403/12/389 1405/11/389 1404/11/389
f 1405/11/389 1403/12/389 1406/12/389
f 1404/11/390 1405/11/390 1403/12/390
f 1406/12/390 1403/12/390 1405/11/390
f 1407/11/395 1401/12/397 1402/11/397
f 1401/12/397 1407/11/395 1408/12/395
f 1402/11/398 1401/12/398 1407/11/396
f 1408/12/396 1407/11/396 1401/12/398
f 1405/11/392 1410/12/391 1409/11/391
f 1410/12/391 1405/11/392 1406/12/392
f 1409/11/394 1410/12/394 1405/11/393
f 1406/12/393 1405/11/393 1410/12/394
f 1408/12/97 1403/12/97 1401/12/97
f 1403/12/97 1408/12/97 1406/12/97
f 1406/12/97 1408/12/97 1410/12/97
f 1401/12/98 1403/12/98 1408/12/98
f 1406/12/98 1408/12/98 1403/12/98
f 1410/12/98 1408/12/98 1406/12/98
f 1410/12/391 1407/11/395 1409/11/391
f 1407/11/395 1410/12/391 1408/12/395
f 1409/11/394 1407/11/396 1410/12/394
f 1408/12/396 1410/12/394 1407/11/396
f 1413/13/389 1412/11/389 1411/11/389
f 1412/11/389 1413/13/389 1414/13/389
f 1411/11/390 1412/11/390 1413/13/390
f 1414/13/390 1413/13/390 1412/11/390
f 1413/13/387 1416/11/387 1415/13/387
f 1416/11/387 1413/13/387 1411/11/387
f 1415/13/388 1416/11/388 1413/13/388
f 1411/11/388 1413/13/388 1416/11/388
f 1417/13/97 1413/13/97 1415/13/97
f 1413/13/97 1417/13/97 1414/13/97
f 1414/13/97 1417/13/97 1418/13/97
f 1415/13/98 1413/13/98 1417/13/98
f 1414/13/98 1417/13/98 1413/13/98
f 1418/13/98 1417/13/98 1414/13/98
f 1412/11/98 1416/11/98 1411/11/98
f 1416/11/98 1412/11/98 1419/11/98
f 1419/11/98 1412/11/98 1420/11/98
f 1411/11/97 1416/11/97 1412/11/97
f 1419/11/97 1412/11/97 1416/11/97
f 1420/11/97 1412/11/97 1419/11/97
f 1412/11/392 1418/13/391 1420/11/391
f 1418/13/391 1412/11/392 1414/13/392
f 1420/11/394 1418/13/394 1412/11/393
f 1414/13/393 1412/11/393 1418/13/394
f 1418/13/391 1419/11/485 1420/11/391
f 1419/11/485 1418/13/391 1417/13/485
f 1420/11/394 1419/11/486 1418/13/394
f 1417/13/486 1418/13/394 1419/11/486
f 1419/11/485 1415/13/397 1416/11/397
f 1415/13/397 1419/11/485 1417/13/485
f 1416/11/398 1415/13/398 1419/11/486
f 1417/13/486 1419/11/486 1415/13/398
f 1423/11/400 1422/12/399 1421/11/399
f 1422/12/399 1423/11/400 1424/12/400
f 1421/11/402 1422/12/402 1423/11/401
f 1424/12/401 1423/11/401 1422/12/402
f 1425/11/403 1424/12/400 1423/11/400
f 1424/12/400 1425/11/403 1426/12/403
f 1423/11/401 1424/12/401 1425/11/404
f 1426/12/404 1425/11/404 1424/12/401
f 1429/12/410 1428/11/405 1427/11/410
f 1428/11/405 1429/12/410 1430/12/405
f 1427/11/409 1428/11/406 1429/12/409
f 1430/12/406 1429/12/409 1428/11/406
f 1430/12/405 1425/11/403 1428/11/405
f 1425/11/403 1430/12/405 1426/12/403
f 1428/11/406 1425/11/404 1430/12/406
f 1426/12/404 1430/12/406 1425/11/404
f 1422/12/97 1432/12/97 1431/12/97
f 1432/12/97 1422/12/97 1424/12/97
f 1432/12/97 1424/12/97 1433/12/97
f 1433/12/97 1424/12/97 1426/12/97
f 1433/12/97 1426/12/97 1434/12/97
f 1434/12/97 1426/12/97 1430/12/97
f 1434/12/97 1430/12/97 1435/12/97
f 1435/12/97 1430/12/97 1429/12/97
f 1431/12/98 1432/12/98 1422/12/98
f 1424/12/98 1422/12/98 1432/12/98
f 1433/12/98 1424/12/98 1432/12/98
f 1426/12/98 1424/12/98 1433/12/98
f 1434/12/98 1426/12/98 1433/12/98
f 1430/12/98 1426/12/98 1434/12/98
f 1435/12/98 1430/12/98 1434/12/98
f 1429/12/98 1430/12/98 1435/12/98
f 1422/12/390 868/11/390 1421/11/390
f 868/11/390 1422/12/390 1431/12/390
f 1421/11/389 868/11/389 1422/12/389
f 1431/12/389 1422/12/389 868/11/389
f 876/11/388 1429/12/388 1427/11/388
f 1429/12/388 876/11/388 1435/12/388
f 1427/11/387 1429/12/387 876/11/387
f 1435/12/387 876/11/387 1429/12/387
f 1434/12/406 876/11/409 874/11/406
f 876/11/409 1434/12/406 1435/12/409
f 874/11/405 876/11/410 1434/12/405
f 1435/12/410 1434/12/405 876/11/410
f 1433/12/404 874/11/406 872/11/404
f 874/11/406 1433/12/404 1434/12/406
f 872/11/403 874/11/405 1433/12/403
f 1434/12/405 1433/12/403 874/11/405
f 1433/12/404 869/11/401 1432/12/401
f 869/11/401 1433/12/404 872/11/404
f 1432/12/400 869/11/400 1433/12/403
f 872/11/403 1433/12/403 869/11/400
f 1432/12/401 868/11/402 1431/12/402
f 868/11/402 1432/12/401 869/11/401
f 1431/12/399 868/11/399 1432/12/400
f 869/11/400 1432/12/400 868/11/399
f 1437/11/98 1436/11/98 285/11/98
f 1436/11/98 1437/11/98 286/11/98
f 1436/11/98 286/11/98 1438/11/98
f 1438/11/98 286/11/98 1439/11/98
f 1438/11/98 1439/11/98 1440/11/98
f 1440/11/98 1439/11/98 1441/11/98
f 1441/11/98 1439/11/98 288/11/98
f 1441/11/98 288/11/98 1442/11/98
f 285/11/97 1436/11/97 1437/11/97
f 286/11/97 1437/11/97 1436/11/97
f 1438/11/97 286/11/97 1436/11/97
f 1439/11/97 286/11/97 1438/11/97
f 1440/11/97 1439/11/97 1438/11/97
f 1441/11/97 1439/11/97 1440/11/97
f 288/11/97 1439/11/97 1441/11/97
f 1442/11/97 288/11/97 1441/11/97
f 1443/13/97 887/13/97 879/13/97
f 887/13/97 1443/13/97 886/13/97
f 886/13/97 1443/13/97 1444/13/97
f 886/13/97 1444/13/97 885/13/97
f 885/13/97 1444/13/97 1445/13/97
f 885/13/97 1445/13/97 1446/13/97
f 885/13/97 1446/13/97 884/13/97
f 884/13/97 1446/13/97 1447/13/97
f 879/13/98 887/13/98 1443/13/98
f 886/13/98 1443/13/98 887/13/98
f 1444/13/98 1443/13/98 886/13/98
f 885/13/98 1444/13/98 886/13/98
f 1445/13/98 1444/13/98 885/13/98
f 1446/13/98 1445/13/98 885/13/98
f 884/13/98 1446/13/98 885/13/98
f 1447/13/98 1446/13/98 884/13/98
f 1443/13/390 285/11/390 1436/11/390
f 285/11/390 1443/13/390 879/13/390
f 1436/11/389 285/11/389 1443/13/389
f 879/13/389 1443/13/389 285/11/389
f 1438/11/400 1443/13/399 1436/11/399
f 1443/13/399 1438/11/400 1444/13/400
f 1436/11/402 1443/13/402 1438/11/401
f 1444/13/401 1438/11/401 1443/13/402
f 1440/11/403 1444/13/400 1438/11/400
f 1444/13/400 1440/11/403 1445/13/403
f 1438/11/401 1444/13/401 1440/11/404
f 1445/13/404 1440/11/404 1444/13/401
f 1446/13/405 1440/11/403 1441/11/405
f 1440/11/403 1446/13/405 1445/13/403
f 1441/11/406 1440/11/404 1446/13/406
f 1445/13/404 1446/13/406 1440/11/404
f 1447/13/407 1441/11/405 1442/11/407
f 1441/11/405 1447/13/407 1446/13/405
f 1442/11/408 1441/11/406 1447/13/408
f 1446/13/406 1447/13/408 1441/11/406
f 288/11/388 1447/13/388 1442/11/388
f 1447/13/388 288/11/388 884/13/388
f 1442/11/387 1447/13/387 288/11/387
f 884/13/387 288/11/387 1447/13/387
f 885/13/406 288/11/409 1439/11/406
f 288/11/409 885/13/406 884/13/409
f 1439/11/405 288/11/410 885/13/405
f 884/13/410 885/13/405 288/11/410
f 886/13/404 1439/11/406 286/11/404
f 1439/11/406 886/13/404 885/13/406
f 286/11/403 1439/11/405 886/13/403
f 885/13/405 886/13/403 1439/11/405
f 886/13/404 1437/11/401 887/13/401
f 1437/11/401 886/13/404 286/11/404
f 887/13/400 1437/11/400 886/13/403
f 286/11/403 886/13/403 1437/11/400
f 887/13/401 285/11/402 879/13/402
f 285/11/402 887/13/401 1437/11/401
f 879/13/399 285/11/399 887/13/400
f 1437/11/400 887/13/400 285/11/399
f 1450/13/488 1449/11/487 1448/13/487
f 1449/11/487 1450/13/488 1451/11/488
f 1448/13/490 1449/11/490 1450/13/489
f 1451/11/489 1450/13/489 1449/11/490
f 1454/13/491 1453/11/492 1452/11/491
f 1453/11/492 1454/13/491 1455/13/492
f 1452/11/493 1453/11/494 1454/13/493
f 1455/13/494 1454/13/493 1453/11/494
f 1455/13/492 1456/11/495 1453/11/492
f 1456/11/495 1455/13/492 1457/13/495
f 1453/11/494 1456/11/496 1455/13/494
f 1457/13/496 1455/13/494 1456/11/496
f 1460/11/498 1459/13/497 1458/11/497
f 1459/13/497 1460/11/498 1461/13/498
f 1458/11/500 1459/13/500 1460/11/499
f 1461/13/499 1460/11/499 1459/13/500
f 1458/11/497 1454/13/491 1452/11/491
f 1454/13/491 1458/11/497 1459/13/497
f 1452/11/493 1454/13/493 1458/11/500
f 1459/13/500 1458/11/500 1454/13/493
f 1448/13/487 1456/11/495 1457/13/495
f 1456/11/495 1448/13/487 1449/11/487
f 1457/13/496 1456/11/496 1448/13/490
f 1449/11/490 1448/13/490 1456/11/496
f 1448/13/97 1461/13/97 1450/13/97
f 1461/13/97 1448/13/97 1457/13/97
f 1461/13/97 1457/13/97 1455/13/97
f 1461/13/97 1455/13/97 1454/13/97
f 1461/13/97 1454/13/97 1459/13/97
f 1450/13/98 1461/13/98 1448/13/98
f 1457/13/98 1448/13/98 1461/13/98
f 1455/13/98 1457/13/98 1461/13/98
f 1454/13/98 1455/13/98 1461/13/98
f 1459/13/98 1454/13/98 1461/13/98
f 1464/27/409 1463/26/409 1462/26/409
f 1463/26/409 1464/27/409 1465/27/409
f 1465/27/409 1464/27/409 1466/28/409
f 1465/27/409 1466/28/409 1467/28/409
f 1467/28/409 1466/28/409 1468/29/409
f 1467/28/409 1468/29/409 1469/29/409
f 1462/26/410 1463/26/410 1464/27/410
f 1465/27/410 1464/27/410 1463/26/410
f 1466/28/410 1464/27/410 1465/27/410
f 1467/28/410 1466/28/410 1465/27/410
f 1468/29/410 1466/28/410 1467/28/410
f 1469/29/410 1468/29/410 1467/28/410
f 1470/29/501 1467/28/502 1469/29/501
f 1467/28/502 1470/29/501 1471/28/502
f 1469/29/503 1467/28/504 1470/29/503
f 1471/28/504 1470/29/503 1467/28/504
f 1463/26/505 1472/26/503 1462/26/503
f 1472/26/503 1463/26/505 1473/26/505
f 1462/26/501 1472/26/501 1463/26/506
f 1473/26/506 1463/26/506 1472/26/501
f 1466/28/507 1475/27/504 1474/28/507
f 1475/27/504 1466/28/507 1464/27/504
f 1474/28/508 1475/27/502 1466/28/508
f 1464/27/502 1466/28/508 1475/27/502
f 1476/27/410 1472/26/410 1473/26/410
f 1472/26/410 1476/27/410 1475/27/410
f 1475/27/410 1476/27/410 1471/28/410
f 1475/27/410 1471/28/410 1474/28/410
f 1474/28/410 1471/28/410 1470/29/410
f 1474/28/410 1470/29/410 1477/29/410
f 1473/26/409 1472/26/409 1476/27/409
f 1475/27/409 1476/27/409 1472/26/409
f 1471/28/409 1476/27/409 1475/27/409
f 1474/28/409 1471/28/409 1475/27/409
f 1470/29/409 1471/28/409 1474/28/409
f 1477/29/409 1470/29/409 1474/28/409
f 1465/27/508 1471/28/502 1476/27/508
f 1471/28/502 1465/27/508 1467/28/502
f 1476/27/507 1471/28/504 1465/27/507
f 1467/28/504 1465/27/507 1471/28/504
f 1462/26/503 1475/27/504 1464/27/504
f 1475/27/504 1462/26/503 1472/26/503
f 1464/27/502 1475/27/502 1462/26/501
f 1472/26/501 1462/26/501 1475/27/502
f 1474/28/507 1468/29/506 1466/28/507
f 1468/29/506 1474/28/507 1477/29/506
f 1466/28/508 1468/29/505 1474/28/508
f 1477/29/505 1474/28/508 1468/29/505
f 1477/29/506 1469/29/501 1468/29/506
f 1469/29/501 1477/29/506 1470/29/501
f 1468/29/505 1469/29/503 1477/29/505
f 1470/29/503 1477/29/505 1469/29/503
f 1465/27/508 1473/26/505 1463/26/505
f 1473/26/505 1465/27/508 1476/27/508
f 1463/26/506 1473/26/506 1465/27/507
f 1476/27/507 1465/27/507 1473/26/506
f 1480/30/505 1479/30/503 1478/30/503
f 1479/30/503 1480/30/505 1481/30/505
f 1478/30/501 1479/30/501 1480/30/506
f 1481/30/506 1480/30/506 1479/30/501
f 1484/31/507 1483/32/506 1482/31/507
f 1483/32/506 1484/31/507 1485/32/506
f 1482/31/508 1483/32/505 1484/31/508
f 1485/32/505 1484/31/508 1483/32/505
f 1486/33/410 1479/30/410 1481/30/410
f 1479/30/410 1486/33/410 1487/33/410
f 1487/33/410 1486/33/410 1488/31/410
f 1487/33/410 1488/31/410 1484/31/410
f 1484/31/410 1488/31/410 1489/32/410
f 1484/31/410 1489/32/410 1485/32/410
f 1481/30/409 1479/30/409 1486/33/409
f 1487/33/409 1486/33/409 1479/30/409
f 1488/31/409 1486/33/409 1487/33/409
f 1484/31/409 1488/31/409 1487/33/409
f 1489/32/409 1488/31/409 1484/31/409
f 1485/32/409 1489/32/409 1484/31/409
f 1482/31/507 1487/33/504 1484/31/507
f 1487/33/504 1482/31/507 1490/33/504
f 1484/31/508 1487/33/502 1482/31/508
f 1490/33/502 1482/31/508 1487/33/502
f 1485/32/506 1491/32/501 1483/32/506
f 1491/32/501 1485/32/506 1489/32/501
f 1483/32/505 1491/32/503 1485/32/505
f 1489/32/503 1485/32/505 1491/32/503
f 1492/33/508 1488/31/502 1486/33/508
f 1488/31/502 1492/33/508 1493/31/502
f 1486/33/507 1488/31/504 1492/33/507
f 1493/31/504 1492/33/507 1488/31/504
f 1489/32/501 1493/31/502 1491/32/501
f 1493/31/502 1489/32/501 1488/31/502
f 1491/32/503 1493/31/504 1489/32/503
f 1488/31/504 1489/32/503 1493/31/504
f 1478/30/503 1487/33/504 1490/33/504
f 1487/33/504 1478/30/503 1479/30/503
f 1490/33/502 1487/33/502 1478/30/501
f 1479/30/501 1478/30/501 1487/33/502
f 1490/33/409 1480/30/409 1478/30/409
f 1480/30/409 1490/33/409 1492/33/409
f 1492/33/409 1490/33/409 1482/31/409
f 1492/33/409 1482/31/409 1493/31/409
f 1493/31/409 1482/31/409 1483/32/409
f 1493/31/409 1483/32/409 1491/32/409
f 1478/30/410 1480/30/410 1490/33/410
f 1492/33/410 1490/33/410 1480/30/410
f 1482/31/410 1490/33/410 1492/33/410
f 1493/31/410 1482/31/410 1492/33/410
f 1483/32/410 1482/31/410 1493/31/410
f 1491/32/410 1483/32/410 1493/31/410
f 1492/33/508 1481/30/505 1480/30/505
f 1481/30/505 1492/33/508 1486/33/508
f 1480/30/506 1481/30/506 1492/33/507
f 1486/33/507 1492/33/507 1481/30/506
f 1496/34/509 1495/34/510 1494/34/509
f 1495/34/510 1496/34/509 1497/34/510
f 1494/34/511 1495/34/512 1496/34/511
f 1497/34/512 1496/34/511 1495/34/512
f 1500/35/511 1499/35/512 1498/35/512
f 1499/35/512 1500/35/511 1501/35/511
f 1498/35/510 1499/35/510 1500/35/509
f 1501/35/509 1500/35/509 1499/35/510
f 1498/35/512 1503/36/513 1502/36/513
f 1503/36/513 1498/35/512 1499/35/512
f 1502/36/514 1503/36/514 1498/35/510
f 1499/35/510 1498/35/510 1503/36/514
f 1504/36/515 1501/35/511 1500/35/511
f 1501/35/511 1504/36/515 1505/36/515
f 1500/35/509 1501/35/509 1504/36/516
f 1505/36/516 1504/36/516 1501/35/509
f 1504/36/515 1506/37/514 1505/36/515
f 1506/37/514 1504/36/515 1507/37/514
f 1505/36/516 1506/37/513 1504/36/516
f 1507/37/513 1504/36/516 1506/37/513
f 1505/36/517 1499/35/517 1501/35/517
f 1499/35/517 1505/36/517 1503/36/517
f 1503/36/517 1505/36/517 1506/37/517
f 1503/36/517 1506/37/517 1508/37/517
f 1508/37/517 1506/37/517 1497/34/517
f 1508/37/517 1497/34/517 1496/34/517
f 1501/35/518 1499/35/518 1505/36/518
f 1503/36/518 1505/36/518 1499/35/518
f 1506/37/518 1505/36/518 1503/36/518
f 1508/37/518 1506/37/518 1503/36/518
f 1497/34/518 1506/37/518 1508/37/518
f 1496/34/518 1497/34/518 1508/37/518
f 1497/34/510 1507/37/514 1495/34/510
f 1507/37/514 1497/34/510 1506/37/514
f 1495/34/512 1507/37/513 1497/34/512
f 1506/37/513 1497/34/512 1507/37/513
f 1509/37/516 1503/36/513 1508/37/516
f 1503/36/513 1509/37/516 1502/36/513
f 1508/37/515 1503/36/514 1509/37/515
f 1502/36/514 1509/37/515 1503/36/514
f 1508/37/516 1494/34/509 1509/37/516
f 1494/34/509 1508/37/516 1496/34/509
f 1509/37/515 1494/34/511 1508/37/515
f 1496/34/511 1508/37/515 1494/34/511
f 1502/36/518 1500/35/518 1498/35/518
f 1500/35/518 1502/36/518 1504/36/518
f 1504/36/518 1502/36/518 1509/37/518
f 1504/36/518 1509/37/518 1507/37/518
f 1507/37/518 1509/37/518 1494/34/518
f 1507/37/518 1494/34/518 1495/34/518
f 1498/35/517 1500/35/517 1502/36/517
f 1504/36/517 1502/36/517 1500/35/517
f 1509/37/517 1502/36/517 1504/36/517
f 1507/37/517 1509/37/517 1504/36/517
f 1494/34/517 1509/37/517 1507/37/517
f 1495/34/517 1494/34/517 1507/37/517
f 1512/38/519 1511/39/520 1510/38/519
f 1511/39/520 1512/38/519 1513/39/520
f 1510/38/521 1511/39/522 1512/38/521
f 1513/39/522 1512/38/521 1511/39/522
f 1515/38/523 1510/38/519 1514/38/523
f 1510/38/519 1515/38/523 1512/38/519
f 1514/38/524 1510/38/521 1515/38/524
f 1512/38/521 1515/38/524 1510/38/521
f 1518/39/525 1517/40/522 1516/40/522
f 1517/40/522 1518/39/525 1519/39/525
f 1516/40/520 1517/40/520 1518/39/526
f 1519/39/526 1518/39/526 1517/40/520
f 1511/39/520 1521/40/526 1520/40/526
f 1521/40/526 1511/39/520 1513/39/520
f 1520/40/525 1521/40/525 1511/39/522
f 1513/39/522 1511/39/522 1521/40/525
f 1522/41/399 1518/39/399 1516/40/399
f 1518/39/399 1522/41/399 1515/38/399
f 1515/38/399 1522/41/399 1523/41/399
f 1515/38/399 1523/41/399 1512/38/399
f 1512/38/399 1523/41/399 1521/40/399
f 1512/38/399 1521/40/399 1513/39/399
f 1516/40/402 1518/39/402 1522/41/402
f 1515/38/402 1522/41/402 1518/39/402
f 1523/41/402 1522/41/402 1515/38/402
f 1512/38/402 1523/41/402 1515/38/402
f 1521/40/402 1523/41/402 1512/38/402
f 1513/39/402 1521/40/402 1512/38/402
f 1524/41/521 1516/40/522 1517/40/522
f 1516/40/522 1524/41/521 1522/41/521
f 1517/40/520 1516/40/520 1524/41/519
f 1522/41/519 1524/41/519 1516/40/520
f 1518/39/525 1514/38/523 1519/39/525
f 1514/38/523 1518/39/525 1515/38/523
f 1519/39/526 1514/38/524 1518/39/526
f 1515/38/524 1518/39/526 1514/38/524
f 1514/38/402 1517/40/402 1519/39/402
f 1517/40/402 1514/38/402 1524/41/402
f 1524/41/402 1514/38/402 1510/38/402
f 1524/41/402 1510/38/402 1525/41/402
f 1525/41/402 1510/38/402 1511/39/402
f 1525/41/402 1511/39/402 1520/40/402
f 1519/39/399 1517/40/399 1514/38/399
f 1524/41/399 1514/38/399 1517/40/399
f 1510/38/399 1514/38/399 1524/41/399
f 1525/41/399 1510/38/399 1524/41/399
f 1511/39/399 1510/38/399 1525/41/399
f 1520/40/399 1511/39/399 1525/41/399
f 1520/40/526 1523/41/524 1525/41/524
f 1523/41/524 1520/40/526 1521/40/526
f 1525/41/523 1523/41/523 1520/40/525
f 1521/40/525 1520/40/525 1523/41/523
f 1525/41/524 1522/41/521 1524/41/521
f 1522/41/521 1525/41/524 1523/41/524
f 1524/41/519 1522/41/519 1525/41/523
f 1523/41/523 1525/41/523 1522/41/519
f 1528/11/414 1527/12/413 1526/11/413
f 1527/12/413 1528/11/414 1529/12/414
f 1526/11/416 1527/12/416 1528/11/415
f 1529/12/415 1528/11/415 1527/12/416
f 1530/11/417 1529/12/414 1528/11/414
f 1529/12/414 1530/11/417 1531/12/417
f 1528/11/415 1529/12/415 1530/11/418
f 1531/12/418 1530/11/418 1529/12/415
f 1534/12/426 1533/11/419 1532/11/426
f 1533/11/419 1534/12/426 1535/12/419
f 1532/11/425 1533/11/420 1534/12/425
f 1535/12/420 1534/12/425 1533/11/420
f 1535/12/419 1530/11/417 1533/11/419
f 1530/11/417 1535/12/419 1531/12/417
f 1533/11/420 1530/11/418 1535/12/420
f 1531/12/418 1535/12/420 1530/11/418
f 1527/12/97 1537/12/97 1536/12/97
f 1537/12/97 1527/12/97 1529/12/97
f 1537/12/97 1529/12/97 1538/12/97
f 1538/12/97 1529/12/97 1531/12/97
f 1538/12/97 1531/12/97 1539/12/97
f 1539/12/97 1531/12/97 1535/12/97
f 1539/12/97 1535/12/97 1540/12/97
f 1540/12/97 1535/12/97 1534/12/97
f 1536/12/98 1537/12/98 1527/12/98
f 1529/12/98 1527/12/98 1537/12/98
f 1538/12/98 1529/12/98 1537/12/98
f 1531/12/98 1529/12/98 1538/12/98
f 1539/12/98 1531/12/98 1538/12/98
f 1535/12/98 1531/12/98 1539/12/98
f 1540/12/98 1535/12/98 1539/12/98
f 1534/12/98 1535/12/98 1540/12/98
f 1527/12/411 888/11/411 1526/11/411
f 888/11/411 1527/12/411 1536/12/411
f 1526/11/412 888/11/412 1527/12/412
f 1536/12/412 1527/12/412 888/11/412
f 896/11/423 1534/12/423 1532/11/423
f 1534/12/423 896/11/423 1540/12/423
f 1532/11/424 1534/12/424 896/11/424
f 1540/12/424 896/11/424 1534/12/424
f 1539/12/420 896/11/425 894/11/420
f 896/11/425 1539/12/420 1540/12/425
f 894/11/419 896/11/426 1539/12/419
f 1540/12/426 1539/12/419 896/11/426
f 1538/12/418 894/11/420 892/11/418
f 894/11/420 1538/12/418 1539/12/420
f 892/11/417 894/11/419 1538/12/417
f 1539/12/419 1538/12/417 894/11/419
f 1538/12/418 889/11/415 1537/12/415
f 889/11/415 1538/12/418 892/11/418
f 1537/12/414 889/11/414 1538/12/417
f 892/11/417 1538/12/417 889/11/414
f 1537/12/415 888/11/416 1536/12/416
f 888/11/416 1537/12/415 889/11/415
f 1536/12/413 888/11/413 1537/12/414
f 889/11/414 1537/12/414 888/11/413
f 1542/11/98 1541/11/98 381/11/98
f 1541/11/98 1542/11/98 669/11/98
f 1541/11/98 669/11/98 1543/11/98
f 1543/11/98 669/11/98 1544/11/98
f 1543/11/98 1544/11/98 1545/11/98
f 1545/11/98 1544/11/98 1546/11/98
f 1546/11/98 1544/11/98 300/11/98
f 1546/11/98 300/11/98 1547/11/98
f 381/11/97 1541/11/97 1542/11/97
f 669/11/97 1542/11/97 1541/11/97
f 1543/11/97 669/11/97 1541/11/97
f 1544/11/97 669/11/97 1543/11/97
f 1545/11/97 1544/11/97 1543/11/97
f 1546/11/97 1544/11/97 1545/11/97
f 300/11/97 1544/11/97 1546/11/97
f 1547/11/97 300/11/97 1546/11/97
f 1040/13/97 907/13/97 899/13/97
f 907/13/97 1040/13/97 906/13/97
f 906/13/97 1040/13/97 1548/13/97
f 906/13/97 1548/13/97 905/13/97
f 905/13/97 1548/13/97 1549/13/97
f 905/13/97 1549/13/97 1550/13/97
f 905/13/97 1550/13/97 904/13/97
f 904/13/97 1550/13/97 1551/13/97
f 899/13/98 907/13/98 1040/13/98
f 906/13/98 1040/13/98 907/13/98
f 1548/13/98 1040/13/98 906/13/98
f 905/13/98 1548/13/98 906/13/98
f 1549/13/98 1548/13/98 905/13/98
f 1550/13/98 1549/13/98 905/13/98
f 904/13/98 1550/13/98 905/13/98
f 1551/13/98 1550/13/98 904/13/98
f 1040/13/411 381/11/411 1541/11/411
f 381/11/411 1040/13/411 899/13/411
f 1541/11/412 381/11/412 1040/13/412
f 899/13/412 1040/13/412 381/11/412
f 1543/11/414 1040/13/413 1541/11/413
f 1040/13/413 1543/11/414 1548/13/414
f 1541/11/416 1040/13/416 1543/11/415
f 1548/13/415 1543/11/415 1040/13/416
f 1545/11/417 1548/13/414 1543/11/414
f 1548/13/414 1545/11/417 1549/13/417
f 1543/11/415 1548/13/415 1545/11/418
f 1549/13/418 1545/11/418 1548/13/415
f 1550/13/419 1545/11/417 1546/11/419
f 1545/11/417 1550/13/419 1549/13/417
f 1546/11/420 1545/11/418 1550/13/420
f 1549/13/418 1550/13/420 1545/11/418
f 1551/13/421 1546/11/419 1547/11/421
f 1546/11/419 1551/13/421 1550/13/419
f 1547/11/422 1546/11/420 1551/13/422
f 1550/13/420 1551/13/422 1546/11/420
f 300/11/423 1551/13/423 1547/11/423
f 1551/13/423 300/11/423 904/13/423
f 1547/11/424 1551/13/424 300/11/424
f 904/13/424 300/11/424 1551/13/424
f 905/13/420 300/11/425 1544/11/420
f 300/11/425 905/13/420 904/13/425
f 1544/11/419 300/11/426 905/13/419
f 904/13/426 905/13/419 300/11/426
f 906/13/418 1544/11/420 669/11/418
f 1544/11/420 906/13/418 905/13/420
f 669/11/417 1544/11/419 906/13/417
f 905/13/419 906/13/417 1544/11/419
f 906/13/418 1542/11/415 907/13/415
f 1542/11/415 906/13/418 669/11/418
f 907/13/414 1542/11/414 906/13/417
f 669/11/417 906/13/417 1542/11/414
f 907/13/415 381/11/416 899/13/416
f 381/11/416 907/13/415 1542/11/415
f 899/13/413 381/11/413 907/13/414
f 1542/11/414 907/13/414 381/11/413
f 1554/13/528 1553/11/527 1552/13/527
f 1553/11/527 1554/13/528 1555/11/528
f 1552/13/530 1553/11/530 1554/13/529
f 1555/11/529 1554/13/529 1553/11/530
f 1558/13/531 1557/11/532 1556/11/531
f 1557/11/532 1558/13/531 1559/13/532
f 1556/11/533 1557/11/534 1558/13/533
f 1559/13/534 1558/13/533 1557/11/534
f 1559/13/532 1560/11/535 1557/11/532
f 1560/11/535 1559/13/532 1561/13/535
f 1557/11/534 1560/11/536 1559/13/534
f 1561/13/536 1559/13/534 1560/11/536
f 1564/11/538 1563/13/537 1562/11/537
f 1563/13/537 1564/11/538 1565/13/538
f 1562/11/540 1563/13/540 1564/11/539
f 1565/13/539 1564/11/539 1563/13/540
f 1562/11/537 1558/13/531 1556/11/531
f 1558/13/531 1562/11/537 1563/13/537
f 1556/11/533 1558/13/533 1562/11/540
f 1563/13/540 1562/11/540 1558/13/533
f 1552/13/527 1560/11/535 1561/13/535
f 1560/11/535 1552/13/527 1553/11/527
f 1561/13/536 1560/11/536 1552/13/530
f 1553/11/530 1552/13/530 1560/11/536
f 1552/13/97 1565/13/97 1554/13/97
f 1565/13/97 1552/13/97 1561/13/97
f 1565/13/97 1561/13/97 1559/13/97
f 1565/13/97 1559/13/97 1558/13/97
f 1565/13/97 1558/13/97 1563/13/97
f 1554/13/98 1565/13/98 1552/13/98
f 1561/13/98 1552/13/98 1565/13/98
f 1559/13/98 1561/13/98 1565/13/98
f 1558/13/98 1559/13/98 1565/13/98
f 1563/13/98 1558/13/98 1565/13/98
f 1568/27/425 1567/26/425 1566/26/425
f 1567/26/425 1568/27/425 1569/27/425
f 1569/27/425 1568/27/425 1570/28/425
f 1569/27/425 1570/28/425 1571/28/425
f 1571/28/425 1570/28/425 1572/29/425
f 1571/28/425 1572/29/425 1573/29/425
f 1566/26/426 1567/26/426 1568/27/426
f 1569/27/426 1568/27/426 1567/26/426
f 1570/28/426 1568/27/426 1569/27/426
f 1571/28/426 1570/28/426 1569/27/426
f 1572/29/426 1570/28/426 1571/28/426
f 1573/29/426 1572/29/426 1571/28/426
f 1574/29/541 1571/28/542 1573/29/541
f 1571/28/542 1574/29/541 1575/28/542
f 1573/29/543 1571/28/544 1574/29/543
f 1575/28/544 1574/29/543 1571/28/544
f 1567/26/545 1576/26/543 1566/26/543
f 1576/26/543 1567/26/545 1577/26/545
f 1566/26/541 1576/26/541 1567/26/546
f 1577/26/546 1567/26/546 1576/26/541
f 1570/28/547 1579/27/544 1578/28/547
f 1579/27/544 1570/28/547 1568/27/544
f 1578/28/548 1579/27/542 1570/28/548
f 1568/27/542 1570/28/548 1579/27/542
f 1580/27/426 1576/26/426 1577/26/426
f 1576/26/426 1580/27/426 1579/27/426
f 1579/27/426 1580/27/426 1575/28/426
f 1579/27/426 1575/28/426 1578/28/426
f 1578/28/426 1575/28/426 1574/29/426
f 1578/28/426 1574/29/426 1581/29/426
f 1577/26/425 1576/26/425 1580/27/425
f 1579/27/425 1580/27/425 1576/26/425
f 1575/28/425 1580/27/425 1579/27/425
f 1578/28/425 1575/28/425 1579/27/425
f 1574/29/425 1575/28/425 1578/28/425
f 1581/29/425 1574/29/425 1578/28/425
f 1569/27/548 1575/28/542 1580/27/548
f 1575/28/542 1569/27/548 1571/28/542
f 1580/27/547 1575/28/544 1569/27/547
f 1571/28/544 1569/27/547 1575/28/544
f 1566/26/543 1579/27/544 1568/27/544
f 1579/27/544 1566/26/543 1576/26/543
f 1568/27/542 1579/27/542 1566/26/541
f 1576/26/541 1566/26/541 1579/27/542
f 1578/28/547 1572/29/546 1570/28/547
f 1572/29/546 1578/28/547 1581/29/546
f 1570/28/548 1572/29/545 1578/28/548
f 1581/29/545 1578/28/548 1572/29/545
f 1581/29/546 1573/29/541 1572/29/546
f 1573/29/541 1581/29/546 1574/29/541
f 1572/29/545 1573/29/543 1581/29/545
f 1574/29/543 1581/29/545 1573/29/543
f 1569/27/548 1577/26/545 1567/26/545
f 1577/26/545 1569/27/548 1580/27/548
f 1567/26/546 1577/26/546 1569/27/547
f 1580/27/547 1569/27/547 1577/26/546
f 1584/30/545 1583/30/543 1582/30/543
f 1583/30/543 1584/30/545 1585/30/545
f 1582/30/541 1583/30/541 1584/30/546
f 1585/30/546 1584/30/546 1583/30/541
f 1588/31/547 1587/32/546 1586/31/547
f 1587/32/546 1588/31/547 1589/32/546
f 1586/31/548 1587/32/545 1588/31/548
f 1589/32/545 1588/31/548 1587/32/545
f 1590/33/426 1583/30/426 1585/30/426
f 1583/30/426 1590/33/426 1591/33/426
f 1591/33/426 1590/33/426 1592/31/426
f 1591/33/426 1592/31/426 1588/31/426
f 1588/31/426 1592/31/426 1593/32/426
f 1588/31/426 1593/32/426 1589/32/426
f 1585/30/425 1583/30/425 1590/33/425
f 1591/33/425 1590/33/425 1583/30/425
f 1592/31/425 1590/33/425 1591/33/425
f 1588/31/425 1592/31/425 1591/33/425
f 1593/32/425 1592/31/425 1588/31/425
f 1589/32/425 1593/32/425 1588/31/425
f 1586/31/547 1591/33/544 1588/31/547
f 1591/33/544 1586/31/547 1594/33/544
f 1588/31/548 1591/33/542 1586/31/548
f 1594/33/542 1586/31/548 1591/33/542
f 1589/32/546 1595/32/541 1587/32/546
f 1595/32/541 1589/32/546 1593/32/541
f 1587/32/545 1595/32/543 1589/32/545
f 1593/32/543 1589/32/545 1595/32/543
f 1596/33/548 1592/31/542 1590/33/548
f 1592/31/542 1596/33/548 1597/31/542
f 1590/33/547 1592/31/544 1596/33/547
f 1597/31/544 1596/33/547 1592/31/544
f 1593/32/541 1597/31/542 1595/32/541
f 1597/31/542 1593/32/541 1592/31/542
f 1595/32/543 1597/31/544 1593/32/543
f 1592/31/544 1593/32/543 1597/31/544
f 1582/30/543 1591/33/544 1594/33/544
f 1591/33/544 1582/30/543 1583/30/543
f 1594/33/542 1591/33/542 1582/30/541
f 1583/30/541 1582/30/541 1591/33/542
f 1594/33/425 1584/30/425 1582/30/425
f 1584/30/425 1594/33/425 1596/33/425
f 1596/33/425 1594/33/425 1586/31/425
f 1596/33/425 1586/31/425 1597/31/425
f 1597/31/425 1586/31/425 1587/32/425
f 1597/31/425 1587/32/425 1595/32/425
f 1582/30/426 1584/30/426 1594/33/426
f 1596/33/426 1594/33/426 1584/30/426
f 1586/31/426 1594/33/426 1596/33/426
f 1597/31/426 1586/31/426 1596/33/426
f 1587/32/426 1586/31/426 1597/31/426
f 1595/32/426 1587/32/426 1597/31/426
f 1596/33/548 1585/30/545 1584/30/545
f 1585/30/545 1596/33/548 1590/33/548
f 1584/30/546 1585/30/546 1596/33/547
f 1590/33/547 1596/33/547 1585/30/546
f 1600/34/549 1599/34/550 1598/34/549
f 1599/34/550 1600/34/549 1601/34/550
f 1598/34/551 1599/34/552 1600/34/551
f 1601/34/552 1600/34/551 1599/34/552
f 1604/35/551 1603/35/552 1602/35/552
f 1603/35/552 1604/35/551 1605/35/551
f 1602/35/550 1603/35/550 1604/35/549
f 1605/35/549 1604/35/549 1603/35/550
f 1602/35/552 1607/36/553 1606/36/553
f 1607/36/553 1602/35/552 1603/35/552
f 1606/36/554 1607/36/554 1602/35/550
f 1603/35/550 1602/35/550 1607/36/554
f 1608/36/555 1605/35/551 1604/35/551
f 1605/35/551 1608/36/555 1609/36/555
f 1604/35/549 1605/35/549 1608/36/556
f 1609/36/556 1608/36/556 1605/35/549
f 1608/36/555 1610/37/554 1609/36/555
f 1610/37/554 1608/36/555 1611/37/554
f 1609/36/556 1610/37/553 1608/36/556
f 1611/37/553 1608/36/556 1610/37/553
f 1609/36/557 1603/35/557 1605/35/557
f 1603/35/557 1609/36/557 1607/36/557
f 1607/36/557 1609/36/557 1610/37/557
f 1607/36/557 1610/37/557 1612/37/557
f 1612/37/557 1610/37/557 1601/34/557
f 1612/37/557 1601/34/557 1600/34/557
f 1605/35/558 1603/35/558 1609/36/558
f 1607/36/558 1609/36/558 1603/35/558
f 1610/37/558 1609/36/558 1607/36/558
f 1612/37/558 1610/37/558 1607/36/558
f 1601/34/558 1610/37/558 1612/37/558
f 1600/34/558 1601/34/558 1612/37/558
f 1601/34/550 1611/37/554 1599/34/550
f 1611/37/554 1601/34/550 1610/37/554
f 1599/34/552 1611/37/553 1601/34/552
f 1610/37/553 1601/34/552 1611/37/553
f 1613/37/556 1607/36/553 1612/37/556
f 1607/36/553 1613/37/556 1606/36/553
f 1612/37/555 1607/36/554 1613/37/555
f 1606/36/554 1613/37/555 1607/36/554
f 1612/37/556 1598/34/549 1613/37/556
f 1598/34/549 1612/37/556 1600/34/549
f 1613/37/555 1598/34/551 1612/37/555
f 1600/34/551 1612/37/555 1598/34/551
f 1606/36/558 1604/35/558 1602/35/558
f 1604/35/558 1606/36/558 1608/36/558
f 1608/36/558 1606/36/558 1613/37/558
f 1608/36/558 1613/37/558 1611/37/558
f 1611/37/558 1613/37/558 1598/34/558
f 1611/37/558 1598/34/558 1599/34/558
f 1602/35/557 1604/35/557 1606/36/557
f 1608/36/557 1606/36/557 1604/35/557
f 1613/37/557 1606/36/557 1608/36/557
f 1611/37/557 1613/37/557 1608/36/557
f 1598/34/557 1613/37/557 1611/37/557
f 1599/34/557 1598/34/557 1611/37/557
f 1616/38/559 1615/39/560 1614/38/559
f 1615/39/560 1616/38/559 1617/39/560
f 1614/38/561 1615/39/562 1616/38/561
f 1617/39/562 1616/38/561 1615/39/562
f 1619/38/563 1614/38/559 1618/38/563
f 1614/38/559 1619/38/563 1616/38/559
f 1618/38/564 1614/38/561 1619/38/564
f 1616/38/561 1619/38/564 1614/38/561
f 1622/39/565 1621/40/562 1620/40/562
f 1621/40/562 1622/39/565 1623/39/565
f 1620/40/560 1621/40/560 1622/39/566
f 1623/39/566 1622/39/566 1621/40/560
f 1615/39/560 1625/40/566 1624/40/566
f 1625/40/566 1615/39/560 1617/39/560
f 1624/40/565 1625/40/565 1615/39/562
f 1617/39/562 1615/39/562 1625/40/565
f 1626/41/413 1622/39/413 1620/40/413
f 1622/39/413 1626/41/413 1619/38/413
f 1619/38/413 1626/41/413 1627/41/413
f 1619/38/413 1627/41/413 1616/38/413
f 1616/38/413 1627/41/413 1625/40/413
f 1616/38/413 1625/40/413 1617/39/413
f 1620/40/416 1622/39/416 1626/41/416
f 1619/38/416 1626/41/416 1622/39/416
f 1627/41/416 1626/41/416 1619/38/416
f 1616/38/416 1627/41/416 1619/38/416
f 1625/40/416 1627/41/416 1616/38/416
f 1617/39/416 1625/40/416 1616/38/416
f 1628/41/561 1620/40/562 1621/40/562
f 1620/40/562 1628/41/561 1626/41/561
f 1621/40/560 1620/40/560 1628/41/559
f 1626/41/559 1628/41/559 1620/40/560
f 1622/39/565 1618/38/563 1623/39/565
f 1618/38/563 1622/39/565 1619/38/563
f 1623/39/566 1618/38/564 1622/39/566
f 1619/38/564 1622/39/566 1618/38/564
f 1618/38/416 1621/40/416 1623/39/416
f 1621/40/416 1618/38/416 1628/41/416
f 1628/41/416 1618/38/416 1614/38/416
f 1628/41/416 1614/38/416 1629/41/416
f 1629/41/416 1614/38/416 1615/39/416
f 1629/41/416 1615/39/416 1624/40/416
f 1623/39/413 1621/40/413 1618/38/413
f 1628/41/413 1618/38/413 1621/40/413
f 1614/38/413 1618/38/413 1628/41/413
f 1629/41/413 1614/38/413 1628/41/413
f 1615/39/413 1614/38/413 1629/41/413
f 1624/40/413 1615/39/413 1629/41/413
f 1624/40/566 1627/41/564 1629/41/564
f 1627/41/564 1624/40/566 1625/40/566
f 1629/41/563 1627/41/563 1624/40/565
f 1625/40/565 1624/40/565 1627/41/563
f 1629/41/564 1626/41/561 1628/41/561
f 1626/41/561 1629/41/564 1627/41/564
f 1628/41/559 1626/41/559 1629/41/563
f 1627/41/563 1629/41/563 1626/41/559
f 1632/11/428 1631/12/427 1630/11/427
f 1631/12/427 1632/11/428 1633/12/428
f 1630/11/430 1631/12/430 1632/11/429
f 1633/12/429 1632/11/429 1631/12/430
f 1634/11/431 1633/12/428 1632/11/428
f 1633/12/428 1634/11/431 1635/12/431
f 1632/11/429 1633/12/429 1634/11/432
f 1635/12/432 1634/11/432 1633/12/429
f 1638/12/438 1637/11/433 1636/11/438
f 1637/11/433 1638/12/438 1639/12/433
f 1636/11/437 1637/11/434 1638/12/437
f 1639/12/434 1638/12/437 1637/11/434
f 1639/12/433 1634/11/431 1637/11/433
f 1634/11/431 1639/12/433 1635/12/431
f 1637/11/434 1634/11/432 1639/12/434
f 1635/12/432 1639/12/434 1634/11/432
f 1631/12/97 1641/12/97 1640/12/97
f 1641/12/97 1631/12/97 1633/12/97
f 1641/12/97 1633/12/97 1642/12/97
f 1642/12/97 1633/12/97 1635/12/97
f 1642/12/97 1635/12/97 1643/12/97
f 1643/12/97 1635/12/97 1639/12/97
f 1643/12/97 1639/12/97 1644/12/97
f 1644/12/97 1639/12/97 1638/12/97
f 1640/12/98 1641/12/98 1631/12/98
f 1633/12/98 1631/12/98 1641/12/98
f 1642/12/98 1633/12/98 1641/12/98
f 1635/12/98 1633/12/98 1642/12/98
f 1643/12/98 1635/12/98 1642/12/98
f 1639/12/98 1635/12/98 1643/12/98
f 1644/12/98 1639/12/98 1643/12/98
f 1638/12/98 1639/12/98 1644/12/98
f 1631/12/370 908/11/370 1630/11/370
f 908/11/370 1631/12/370 1640/12/370
f 1630/11/369 908/11/369 1631/12/369
f 1640/12/369 1631/12/369 908/11/369
f 916/11/368 1638/12/368 1636/11/368
f 1638/12/368 916/11/368 1644/12/368
f 1636/11/367 1638/12/367 916/11/367
f 1644/12/367 916/11/367 1638/12/367
f 1643/12/434 916/11/437 914/11/434
f 916/11/437 1643/12/434 1644/12/437
f 914/11/433 916/11/438 1643/12/433
f 1644/12/438 1643/12/433 916/11/438
f 1642/12/432 914/11/434 912/11/432
f 914/11/434 1642/12/432 1643/12/434
f 912/11/431 914/11/433 1642/12/431
f 1643/12/433 1642/12/431 914/11/433
f 1642/12/432 909/11/429 1641/12/429
f 909/11/429 1642/12/432 912/11/432
f 1641/12/428 909/11/428 1642/12/431
f 912/11/431 1642/12/431 909/11/428
f 1641/12/429 908/11/430 1640/12/430
f 908/11/430 1641/12/429 909/11/429
f 1640/12/427 908/11/427 1641/12/428
f 909/11/428 1641/12/428 908/11/427
f 1646/11/98 1645/11/98 710/11/98
f 1645/11/98 1646/11/98 711/11/98
f 1645/11/98 711/11/98 1647/11/98
f 1647/11/98 711/11/98 1648/11/98
f 1647/11/98 1648/11/98 1649/11/98
f 1649/11/98 1648/11/98 1650/11/98
f 1650/11/98 1648/11/98 547/11/98
f 1650/11/98 547/11/98 1651/11/98
f 710/11/97 1645/11/97 1646/11/97
f 711/11/97 1646/11/97 1645/11/97
f 1647/11/97 711/11/97 1645/11/97
f 1648/11/97 711/11/97 1647/11/97
f 1649/11/97 1648/11/97 1647/11/97
f 1650/11/97 1648/11/97 1649/11/97
f 547/11/97 1648/11/97 1650/11/97
f 1651/11/97 547/11/97 1650/11/97
f 1652/13/97 927/13/97 919/13/97
f 927/13/97 1652/13/97 926/13/97
f 926/13/97 1652/13/97 1653/13/97
f 926/13/97 1653/13/97 925/13/97
f 925/13/97 1653/13/97 1654/13/97
f 925/13/97 1654/13/97 1655/13/97
f 925/13/97 1655/13/97 924/13/97
f 924/13/97 1655/13/97 1656/13/97
f 919/13/98 927/13/98 1652/13/98
f 926/13/98 1652/13/98 927/13/98
f 1653/13/98 1652/13/98 926/13/98
f 925/13/98 1653/13/98 926/13/98
f 1654/13/98 1653/13/98 925/13/98
f 1655/13/98 1654/13/98 925/13/98
f 924/13/98 1655/13/98 925/13/98
f 1656/13/98 1655/13/98 924/13/98
f 1652/13/370 710/11/370 1645/11/370
f 710/11/370 1652/13/370 919/13/370
f 1645/11/369 710/11/369 1652/13/369
f 919/13/369 1652/13/369 710/11/369
f 1647/11/428 1652/13/427 1645/11/427
f 1652/13/427 1647/11/428 1653/13/428
f 1645/11/430 1652/13/430 1647/11/429
f 1653/13/429 1647/11/429 1652/13/430
f 1649/11/431 1653/13/428 1647/11/428
f 1653/13/428 1649/11/431 1654/13/431
f 1647/11/429 1653/13/429 1649/11/432
f 1654/13/432 1649/11/432 1653/13/429
f 1655/13/433 1649/11/431 1650/11/433
f 1649/11/431 1655/13/433 1654/13/431
f 1650/11/434 1649/11/432 1655/13/434
f 1654/13/432 1655/13/434 1649/11/432
f 1656/13/435 1650/11/433 1651/11/435
f 1650/11/433 1656/13/435 1655/13/433
f 1651/11/436 1650/11/434 1656/13/436
f 1655/13/434 1656/13/436 1650/11/434
f 547/11/368 1656/13/368 1651/11/368
f 1656/13/368 547/11/368 924/13/368
f 1651/11/367 1656/13/367 547/11/367
f 924/13/367 547/11/367 1656/13/367
f 925/13/434 547/11/437 1648/11/434
f 547/11/437 925/13/434 924/13/437
f 1648/11/433 547/11/438 925/13/433
f 924/13/438 925/13/433 547/11/438
f 926/13/432 1648/11/434 711/11/432
f 1648/11/434 926/13/432 925/13/434
f 711/11/431 1648/11/433 926/13/431
f 925/13/433 926/13/431 1648/11/433
f 926/13/432 1646/11/429 927/13/429
f 1646/11/429 926/13/432 711/11/432
f 927/13/428 1646/11/428 926/13/431
f 711/11/431 926/13/431 1646/11/428
f 927/13/429 710/11/430 919/13/430
f 710/11/430 927/13/429 1646/11/429
f 919/13/427 710/11/427 927/13/428
f 1646/11/428 927/13/428 710/11/427
f 1659/13/568 1658/11/567 1657/13/567
f 1658/11/567 1659/13/568 1660/11/568
f 1657/13/570 1658/11/570 1659/13/569
f 1660/11/569 1659/13/569 1658/11/570
f 1663/13/571 1662/11/572 1661/11/571
f 1662/11/572 1663/13/571 1664/13/572
f 1661/11/573 1662/11/574 1663/13/573
f 1664/13/574 1663/13/573 1662/11/574
f 1664/13/572 1665/11/575 1662/11/572
f 1665/11/575 1664/13/572 1666/13/575
f 1662/11/574 1665/11/576 1664/13/574
f 1666/13/576 1664/13/574 1665/11/576
f 1669/11/578 1668/13/577 1667/11/577
f 1668/13/577 1669/11/578 1670/13/578
f 1667/11/580 1668/13/580 1669/11/579
f 1670/13/579 1669/11/579 1668/13/580
f 1667/11/577 1663/13/571 1661/11/571
f 1663/13/571 1667/11/577 1668/13/577
f 1661/11/573 1663/13/573 1667/11/580
f 1668/13/580 1667/11/580 1663/13/573
f 1657/13/567 1665/11/575 1666/13/575
f 1665/11/575 1657/13/567 1658/11/567
f 1666/13/576 1665/11/576 1657/13/570
f 1658/11/570 1657/13/570 1665/11/576
f 1657/13/97 1670/13/97 1659/13/97
f 1670/13/97 1657/13/97 1666/13/97
f 1670/13/97 1666/13/97 1664/13/97
f 1670/13/97 1664/13/97 1663/13/97
f 1670/13/97 1663/13/97 1668/13/97
f 1659/13/98 1670/13/98 1657/13/98
f 1666/13/98 1657/13/98 1670/13/98
f 1664/13/98 1666/13/98 1670/13/98
f 1663/13/98 1664/13/98 1670/13/98
f 1668/13/98 1663/13/98 1670/13/98
f 1673/27/437 1672/26/437 1671/26/437
f 1672/26/437 1673/27/437 1674/27/437
f 1674/27/437 1673/27/437 1675/28/437
f 1674/27/437 1675/28/437 1676/28/437
f 1676/28/437 1675/28/437 1677/29/437
f 1676/28/437 1677/29/437 1678/29/437
f 1671/26/438 1672/26/438 1673/27/438
f 1674/27/438 1673/27/438 1672/26/438
f 1675/28/438 1673/27/438 1674/27/438
f 1676/28/438 1675/28/438 1674/27/438
f 1677/29/438 1675/28/438 1676/28/438
f 1678/29/438 1677/29/438 1676/28/438
f 1679/29/581 1676/28/582 1678/29/581
f 1676/28/582 1679/29/581 1680/28/582
f 1678/29/583 1676/28/584 1679/29/583
f 1680/28/584 1679/29/583 1676/28/584
f 1672/26/585 1681/26/583 1671/26/583
f 1681/26/583 1672/26/585 1682/26/585
f 1671/26/581 1681/26/581 1672/26/586
f 1682/26/586 1672/26/586 1681/26/581
f 1675/28/587 1684/27/584 1683/28/587
f 1684/27/584 1675/28/587 1673/27/584
f 1683/28/588 1684/27/582 1675/28/588
f 1673/27/582 1675/28/588 1684/27/582
f 1685/27/438 1681/26/438 1682/26/438
f 1681/26/438 1685/27/438 1684/27/438
f 1684/27/438 1685/27/438 1680/28/438
f 1684/27/438 1680/28/438 1683/28/438
f 1683/28/438 1680/28/438 1679/29/438
f 1683/28/438 1679/29/438 1686/29/438
f 1682/26/437 1681/26/437 1685/27/437
f 1684/27/437 1685/27/437 1681/26/437
f 1680/28/437 1685/27/437 1684/27/437
f 1683/28/437 1680/28/437 1684/27/437
f 1679/29/437 1680/28/437 1683/28/437
f 1686/29/437 1679/29/437 1683/28/437
f 1674/27/588 1680/28/582 1685/27/588
f 1680/28/582 1674/27/588 1676/28/582
f 1685/27/587 1680/28/584 1674/27/587
f 1676/28/584 1674/27/587 1680/28/584
f 1671/26/583 1684/27/584 1673/27/584
f 1684/27/584 1671/26/583 1681/26/583
f 1673/27/582 1684/27/582 1671/26/581
f 1681/26/581 1671/26/581 1684/27/582
f 1683/28/587 1677/29/586 1675/28/587
f 1677/29/586 1683/28/587 1686/29/586
f 1675/28/588 1677/29/585 1683/28/588
f 1686/29/585 1683/28/588 1677/29/585
f 1686/29/586 1678/29/581 1677/29/586
f 1678/29/581 1686/29/586 1679/29/581
f 1677/29/585 1678/29/583 1686/29/585
f 1679/29/583 1686/29/585 1678/29/583
f 1674/27/588 1682/26/585 1672/26/585
f 1682/26/585 1674/27/588 1685/27/588
f 1672/26/586 1682/26/586 1674/27/587
f 1685/27/587 1674/27/587 1682/26/586
f 1689/30/585 1688/30/583 1687/30/583
f 1688/30/583 1689/30/585 1690/30/585
f 1687/30/581 1688/30/581 1689/30/586
f 1690/30/586 1689/30/586 1688/30/581
f 1693/31/587 1692/32/586 1691/31/587
f 1692/32/586 1693/31/587 1694/32/586
f 1691/31/588 1692/32/585 1693/31/588
f 1694/32/585 1693/31/588 1692/32/585
f 1695/33/438 1688/30/438 1690/30/438
f 1688/30/438 1695/33/438 1696/33/438
f 1696/33/438 1695/33/438 1697/31/438
f 1696/33/438 1697/31/438 1693/31/438
f 1693/31/438 1697/31/438 1698/32/438
f 1693/31/438 1698/32/438 1694/32/438
f 1690/30/437 1688/30/437 1695/33/437
f 1696/33/437 1695/33/437 1688/30/437
f 1697/31/437 1695/33/437 1696/33/437
f 1693/31/437 1697/31/437 1696/33/437
f 1698/32/437 1697/31/437 1693/31/437
f 1694/32/437 1698/32/437 1693/31/437
f 1691/31/587 1696/33/584 1693/31/587
f 1696/33/584 1691/31/587 1699/33/584
f 1693/31/588 1696/33/582 1691/31/588
f 1699/33/582 1691/31/588 1696/33/582
f 1694/32/586 1700/32/581 1692/32/586
f 1700/32/581 1694/32/586 1698/32/581
f 1692/32/585 1700/32/583 1694/32/585
f 1698/32/583 1694/32/585 1700/32/583
f 1701/33/588 1697/31/582 1695/33/588
f 1697/31/582 1701/33/588 1702/31/582
f 1695/33/587 1697/31/584 1701/33/587
f 1702/31/584 1701/33/587 1697/31/584
f 1698/32/581 1702/31/582 1700/32/581
f 1702/31/582 1698/32/581 1697/31/582
f 1700/32/583 1702/31/584 1698/32/583
f 1697/31/584 1698/32/583 1702/31/584
f 1687/30/583 1696/33/584 1699/33/584
f 1696/33/584 1687/30/583 1688/30/583
f 1699/33/582 1696/33/582 1687/30/581
f 1688/30/581 1687/30/581 1696/33/582
f 1699/33/437 1689/30/437 1687/30/437
f 1689/30/437 1699/33/437 1701/33/437
f 1701/33/437 1699/33/437 1691/31/437
f 1701/33/437 1691/31/437 1702/31/437
f 1702/31/437 1691/31/437 1692/32/437
f 1702/31/437 1692/32/437 1700/32/437
f 1687/30/438 1689/30/438 1699/33/438
f 1701/33/438 1699/33/438 1689/30/438
f 1691/31/438 1699/33/438 1701/33/438
f 1702/31/438 1691/31/438 1701/33/438
f 1692/32/438 1691/31/438 1702/31/438
f 1700/32/438 1692/32/438 1702/31/438
f 1701/33/588 1690/30/585 1689/30/585
f 1690/30/585 1701/33/588 1695/33/588
f 1689/30/586 1690/30/586 1701/33/587
f 1695/33/587 1701/33/587 1690/30/586
f 1705/34/589 1704/34/590 1703/34/589
f 1704/34/590 1705/34/589 1706/34/590
f 1703/34/591 1704/34/592 1705/34/591
f 1706/34/592 1705/34/591 1704/34/592
f 1709/35/591 1708/35/592 1707/35/592
f 1708/35/592 1709/35/591 1710/35/591
f 1707/35/590 1708/35/590 1709/35/589
f 1710/35/589 1709/35/589 1708/35/590
f 1707/35/592 1712/36/593 1711/36/593
f 1712/36/593 1707/35/592 1708/35/592
f 1711/36/594 1712/36/594 1707/35/590
f 1708/35/590 1707/35/590 1712/36/594
f 1713/36/595 1710/35/591 1709/35/591
f 1710/35/591 1713/36/595 1714/36/595
f 1709/35/589 1710/35/589 1713/36/596
f 1714/36/596 1713/36/596 1710/35/589
f 1713/36/595 1715/37/594 1714/36/595
f 1715/37/594 1713/36/595 1716/37/594
f 1714/36/596 1715/37/593 1713/36/596
f 1716/37/593 1713/36/596 1715/37/593
f 1714/36/597 1708/35/597 1710/35/597
f 1708/35/597 1714/36/597 1712/36/597
f 1712/36/597 1714/36/597 1715/37/597
f 1712/36/597 1715/37/597 1717/37/597
f 1717/37/597 1715/37/597 1706/34/597
f 1717/37/597 1706/34/597 1705/34/597
f 1710/35/598 1708/35/598 1714/36/598
f 1712/36/598 1714/36/598 1708/35/598
f 1715/37/598 1714/36/598 1712/36/598
f 1717/37/598 1715/37/598 1712/36/598
f 1706/34/598 1715/37/598 1717/37/598
f 1705/34/598 1706/34/598 1717/37/598
f 1706/34/590 1716/37/594 1704/34/590
f 1716/37/594 1706/34/590 1715/37/594
f 1704/34/592 1716/37/593 1706/34/592
f 1715/37/593 1706/34/592 1716/37/593
f 1718/37/596 1712/36/593 1717/37/596
f 1712/36/593 1718/37/596 1711/36/593
f 1717/37/595 1712/36/594 1718/37/595
f 1711/36/594 1718/37/595 1712/36/594
f 1717/37/596 1703/34/589 1718/37/596
f 1703/34/589 1717/37/596 1705/34/589
f 1718/37/595 1703/34/591 1717/37/595
f 1705/34/591 1717/37/595 1703/34/591
f 1711/36/598 1709/35/598 1707/35/598
f 1709/35/598 1711/36/598 1713/36/598
f 1713/36/598 1711/36/598 1718/37/598
f 1713/36/598 1718/37/598 1716/37/598
f 1716/37/598 1718/37/598 1703/34/598
f 1716/37/598 1703/34/598 1704/34/598
f 1707/35/597 1709/35/597 1711/36/597
f 1713/36/597 1711/36/597 1709/35/597
f 1718/37/597 1711/36/597 1713/36/597
f 1716/37/597 1718/37/597 1713/36/597
f 1703/34/597 1718/37/597 1716/37/597
f 1704/34/597 1703/34/597 1716/37/597
f 1721/38/599 1720/39/600 1719/38/599
f 1720/39/600 1721/38/599 1722/39/600
f 1719/38/601 1720/39/602 1721/38/601
f 1722/39/602 1721/38/601 1720/39/602
f 1724/38/603 1719/38/599 1723/38/603
f 1719/38/599 1724/38/603 1721/38/599
f 1723/38/604 1719/38/601 1724/38/604
f 1721/38/601 1724/38/604 1719/38/601
f 1727/39/605 1726/40/602 1725/40/602
f 1726/40/602 1727/39/605 1728/39/605
f 1725/40/600 1726/40/600 1727/39/606
f 1728/39/606 1727/39/606 1726/40/600
f 1720/39/600 1730/40/606 1729/40/606
f 1730/40/606 1720/39/600 1722/39/600
f 1729/40/605 1730/40/605 1720/39/602
f 1722/39/602 1720/39/602 1730/40/605
f 1731/41/427 1727/39/427 1725/40/427
f 1727/39/427 1731/41/427 1724/38/427
f 1724/38/427 1731/41/427 1732/41/427
f 1724/38/427 1732/41/427 1721/38/427
f 1721/38/427 1732/41/427 1730/40/427
f 1721/38/427 1730/40/427 1722/39/427
f 1725/40/430 1727/39/430 1731/41/430
f 1724/38/430 1731/41/430 1727/39/430
f 1732/41/430 1731/41/430 1724/38/430
f 1721/38/430 1732/41/430 1724/38/430
f 1730/40/430 1732/41/430 1721/38/430
f 1722/39/430 1730/40/430 1721/38/430
f 1733/41/601 1725/40/602 1726/40/602
f 1725/40/602 1733/41/601 1731/41/601
f 1726/40/600 1725/40/600 1733/41/599
f 1731/41/599 1733/41/599 1725/40/600
f 1727/39/605 1723/38/603 1728/39/605
f 1723/38/603 1727/39/605 1724/38/603
f 1728/39/606 1723/38/604 1727/39/606
f 1724/38/604 1727/39/606 1723/38/604
f 1723/38/430 1726/40/430 1728/39/430
f 1726/40/430 1723/38/430 1733/41/430
f 1733/41/430 1723/38/430 1719/38/430
f 1733/41/430 1719/38/430 1734/41/430
f 1734/41/430 1719/38/430 1720/39/430
f 1734/41/430 1720/39/430 1729/40/430
f 1728/39/427 1726/40/427 1723/38/427
f 1733/41/427 1723/38/427 1726/40/427
f 1719/38/427 1723/38/427 1733/41/427
f 1734/41/427 1719/38/427 1733/41/427
f 1720/39/427 1719/38/427 1734/41/427
f 1729/40/427 1720/39/427 1734/41/427
f 1729/40/606 1732/41/604 1734/41/604
f 1732/41/604 1729/40/606 1730/40/606
f 1734/41/603 1732/41/603 1729/40/605
f 1730/40/605 1729/40/605 1732/41/603
f 1734/41/604 1731/41/601 1733/41/601
f 1731/41/601 1734/41/604 1732/41/604
f 1733/41/599 1731/41/599 1734/41/603
f 1732/41/603 1734/41/603 1731/41/599
f 1737/11/440 1736/12/439 1735/11/439
f 1736/12/439 1737/11/440 1738/12/440
f 1735/11/442 1736/12/442 1737/11/441
f 1738/12/441 1737/11/441 1736/12/442
f 1739/11/418 1738/12/440 1737/11/440
f 1738/12/440 1739/11/418 1740/12/418
f 1737/11/441 1738/12/441 1739/11/417
f 1740/12/417 1739/11/417 1738/12/441
f 1743/12/448 1742/11/443 1741/11/448
f 1742/11/443 1743/12/448 1744/12/443
f 1741/11/447 1742/11/444 1743/12/447
f 1744/12/444 1743/12/447 1742/11/444
f 1744/12/443 1739/11/418 1742/11/443
f 1739/11/418 1744/12/443 1740/12/418
f 1742/11/444 1739/11/417 1744/12/444
f 1740/12/417 1744/12/444 1739/11/417
f 1736/12/97 1746/12/97 1745/12/97
f 1746/12/97 1736/12/97 1738/12/97
f 1746/12/97 1738/12/97 1747/12/97
f 1747/12/97 1738/12/97 1740/12/97
f 1747/12/97 1740/12/97 1748/12/97
f 1748/12/97 1740/12/97 1744/12/97
f 1748/12/97 1744/12/97 1749/12/97
f 1749/12/97 1744/12/97 1743/12/97
f 1745/12/98 1746/12/98 1736/12/98
f 1738/12/98 1736/12/98 1746/12/98
f 1747/12/98 1738/12/98 1746/12/98
f 1740/12/98 1738/12/98 1747/12/98
f 1748/12/98 1740/12/98 1747/12/98
f 1744/12/98 1740/12/98 1748/12/98
f 1749/12/98 1744/12/98 1748/12/98
f 1743/12/98 1744/12/98 1749/12/98
f 1736/12/348 928/11/348 1735/11/348
f 928/11/348 1736/12/348 1745/12/348
f 1735/11/350 928/11/350 1736/12/350
f 1745/12/350 1736/12/350 928/11/350
f 936/11/354 1743/12/354 1741/11/354
f 1743/12/354 936/11/354 1749/12/354
f 1741/11/353 1743/12/353 936/11/353
f 1749/12/353 936/11/353 1743/12/353
f 1748/12/444 936/11/447 934/11/444
f 936/11/447 1748/12/444 1749/12/447
f 934/11/443 936/11/448 1748/12/443
f 1749/12/448 1748/12/443 936/11/448
f 1747/12/417 934/11/444 932/11/417
f 934/11/444 1747/12/417 1748/12/444
f 932/11/418 934/11/443 1747/12/418
f 1748/12/443 1747/12/418 934/11/443
f 1747/12/417 929/11/441 1746/12/441
f 929/11/441 1747/12/417 932/11/417
f 1746/12/440 929/11/440 1747/12/418
f 932/11/418 1747/12/418 929/11/440
f 1746/12/441 928/11/442 1745/12/442
f 928/11/442 1746/12/441 929/11/441
f 1745/12/439 928/11/439 1746/12/440
f 929/11/440 1746/12/440 928/11/439
f 1751/11/98 1750/11/98 548/11/98
f 1750/11/98 1751/11/98 753/11/98
f 1750/11/98 753/11/98 1752/11/98
f 1752/11/98 753/11/98 1753/11/98
f 1752/11/98 1753/11/98 1754/11/98
f 1754/11/98 1753/11/98 1755/11/98
f 1755/11/98 1753/11/98 298/11/98
f 1755/11/98 298/11/98 1756/11/98
f 548/11/97 1750/11/97 1751/11/97
f 753/11/97 1751/11/97 1750/11/97
f 1752/11/97 753/11/97 1750/11/97
f 1753/11/97 753/11/97 1752/11/97
f 1754/11/97 1753/11/97 1752/11/97
f 1755/11/97 1753/11/97 1754/11/97
f 298/11/97 1753/11/97 1755/11/97
f 1756/11/97 298/11/97 1755/11/97
f 1078/13/97 947/13/97 939/13/97
f 947/13/97 1078/13/97 946/13/97
f 946/13/97 1078/13/97 1757/13/97
f 946/13/97 1757/13/97 945/13/97
f 945/13/97 1757/13/97 1758/13/97
f 945/13/97 1758/13/97 1759/13/97
f 945/13/97 1759/13/97 944/13/97
f 944/13/97 1759/13/97 1760/13/97
f 939/13/98 947/13/98 1078/13/98
f 946/13/98 1078/13/98 947/13/98
f 1757/13/98 1078/13/98 946/13/98
f 945/13/98 1757/13/98 946/13/98
f 1758/13/98 1757/13/98 945/13/98
f 1759/13/98 1758/13/98 945/13/98
f 944/13/98 1759/13/98 945/13/98
f 1760/13/98 1759/13/98 944/13/98
f 1078/13/348 548/11/348 1750/11/348
f 548/11/348 1078/13/348 939/13/348
f 1750/11/350 548/11/350 1078/13/350
f 939/13/350 1078/13/350 548/11/350
f 1752/11/440 1078/13/439 1750/11/439
f 1078/13/439 1752/11/440 1757/13/440
f 1750/11/442 1078/13/442 1752/11/441
f 1757/13/441 1752/11/441 1078/13/442
f 1754/11/418 1757/13/440 1752/11/440
f 1757/13/440 1754/11/418 1758/13/418
f 1752/11/441 1757/13/441 1754/11/417
f 1758/13/417 1754/11/417 1757/13/441
f 1759/13/443 1754/11/418 1755/11/443
f 1754/11/418 1759/13/443 1758/13/418
f 1755/11/444 1754/11/417 1759/13/444
f 1758/13/417 1759/13/444 1754/11/417
f 1760/13/445 1755/11/443 1756/11/445
f 1755/11/443 1760/13/445 1759/13/443
f 1756/11/446 1755/11/444 1760/13/446
f 1759/13/444 1760/13/446 1755/11/444
f 298/11/354 1760/13/354 1756/11/354
f 1760/13/354 298/11/354 944/13/354
f 1756/11/353 1760/13/353 298/11/353
f 944/13/353 298/11/353 1760/13/353
f 945/13/444 298/11/447 1753/11/444
f 298/11/447 945/13/444 944/13/447
f 1753/11/443 298/11/448 945/13/443
f 944/13/448 945/13/443 298/11/448
f 946/13/417 1753/11/444 753/11/417
f 1753/11/444 946/13/417 945/13/444
f 753/11/418 1753/11/443 946/13/418
f 945/13/443 946/13/418 1753/11/443
f 946/13/417 1751/11/441 947/13/441
f 1751/11/441 946/13/417 753/11/417
f 947/13/440 1751/11/440 946/13/418
f 753/11/418 946/13/418 1751/11/440
f 947/13/441 548/11/442 939/13/442
f 548/11/442 947/13/441 1751/11/441
f 939/13/439 548/11/439 947/13/440
f 1751/11/440 947/13/440 548/11/439
f 1763/13/529 1762/11/530 1761/13/530
f 1762/11/530 1763/13/529 1764/11/529
f 1761/13/527 1762/11/527 1763/13/528
f 1764/11/528 1763/13/528 1762/11/527
f 1767/13/533 1766/11/534 1765/11/533
f 1766/11/534 1767/13/533 1768/13/534
f 1765/11/531 1766/11/532 1767/13/531
f 1768/13/532 1767/13/531 1766/11/532
f 1768/13/534 1769/11/536 1766/11/534
f 1769/11/536 1768/13/534 1770/13/536
f 1766/11/532 1769/11/535 1768/13/532
f 1770/13/535 1768/13/532 1769/11/535
f 1773/11/539 1772/13/540 1771/11/540
f 1772/13/540 1773/11/539 1774/13/539
f 1771/11/537 1772/13/537 1773/11/538
f 1774/13/538 1773/11/538 1772/13/537
f 1771/11/540 1767/13/533 1765/11/533
f 1767/13/533 1771/11/540 1772/13/540
f 1765/11/531 1767/13/531 1771/11/537
f 1772/13/537 1771/11/537 1767/13/531
f 1761/13/530 1769/11/536 1770/13/536
f 1769/11/536 1761/13/530 1762/11/530
f 1770/13/535 1769/11/535 1761/13/527
f 1762/11/527 1761/13/527 1769/11/535
f 1761/13/97 1774/13/97 1763/13/97
f 1774/13/97 1761/13/97 1770/13/97
f 1774/13/97 1770/13/97 1768/13/97
f 1774/13/97 1768/13/97 1767/13/97
f 1774/13/97 1767/13/97 1772/13/97
f 1763/13/98 1774/13/98 1761/13/98
f 1770/13/98 1761/13/98 1774/13/98
f 1768/13/98 1770/13/98 1774/13/98
f 1767/13/98 1768/13/98 1774/13/98
f 1772/13/98 1767/13/98 1774/13/98
f 1777/27/447 1776/26/447 1775/26/447
f 1776/26/447 1777/27/447 1778/27/447
f 1778/27/447 1777/27/447 1779/28/447
f 1778/27/447 1779/28/447 1780/28/447
f 1780/28/447 1779/28/447 1781/29/447
f 1780/28/447 1781/29/447 1782/29/447
f 1775/26/448 1776/26/448 1777/27/448
f 1778/27/448 1777/27/448 1776/26/448
f 1779/28/448 1777/27/448 1778/27/448
f 1780/28/448 1779/28/448 1778/27/448
f 1781/29/448 1779/28/448 1780/28/448
f 1782/29/448 1781/29/448 1780/28/448
f 1783/29/607 1780/28/608 1782/29/607
f 1780/28/608 1783/29/607 1784/28/608
f 1782/29/609 1780/28/610 1783/29/609
f 1784/28/610 1783/29/609 1780/28/610
f 1776/26/611 1785/26/609 1775/26/609
f 1785/26/609 1776/26/611 1786/26/611
f 1775/26/607 1785/26/607 1776/26/612
f 1786/26/612 1776/26/612 1785/26/607
f 1779/28/613 1788/27/610 1787/28/613
f 1788/27/610 1779/28/613 1777/27/610
f 1787/28/614 1788/27/608 1779/28/614
f 1777/27/608 1779/28/614 1788/27/608
f 1789/27/448 1785/26/448 1786/26/448
f 1785/26/448 1789/27/448 1788/27/448
f 1788/27/448 1789/27/448 1784/28/448
f 1788/27/448 1784/28/448 1787/28/448
f 1787/28/448 1784/28/448 1783/29/448
f 1787/28/448 1783/29/448 1790/29/448
f 1786/26/447 1785/26/447 1789/27/447
f 1788/27/447 1789/27/447 1785/26/447
f 1784/28/447 1789/27/447 1788/27/447
f 1787/28/447 1784/28/447 1788/27/447
f 1783/29/447 1784/28/447 1787/28/447
f 1790/29/447 1783/29/447 1787/28/447
f 1778/27/614 1784/28/608 1789/27/614
f 1784/28/608 1778/27/614 1780/28/608
f 1789/27/613 1784/28/610 1778/27/613
f 1780/28/610 1778/27/613 1784/28/610
f 1775/26/609 1788/27/610 1777/27/610
f 1788/27/610 1775/26/609 1785/26/609
f 1777/27/608 1788/27/608 1775/26/607
f 1785/26/607 1775/26/607 1788/27/608
f 1787/28/613 1781/29/612 1779/28/613
f 1781/29/612 1787/28/613 1790/29/612
f 1779/28/614 1781/29/611 1787/28/614
f 1790/29/611 1787/28/614 1781/29/611
f 1790/29/612 1782/29/607 1781/29/612
f 1782/29/607 1790/29/612 1783/29/607
f 1781/29/611 1782/29/609 1790/29/611
f 1783/29/609 1790/29/611 1782/29/609
f 1778/27/614 1786/26/611 1776/26/611
f 1786/26/611 1778/27/614 1789/27/614
f 1776/26/612 1786/26/612 1778/27/613
f 1789/27/613 1778/27/613 1786/26/612
f 1793/30/611 1792/30/609 1791/30/609
f 1792/30/609 1793/30/611 1794/30/611
f 1791/30/607 1792/30/607 1793/30/612
f 1794/30/612 1793/30/612 1792/30/607
f 1797/31/613 1796/32/612 1795/31/613
f 1796/32/612 1797/31/613 1798/32/612
f 1795/31/614 1796/32/611 1797/31/614
f 1798/32/611 1797/31/614 1796/32/611
f 1799/33/448 1792/30/448 1794/30/448
f 1792/30/448 1799/33/448 1800/33/448
f 1800/33/448 1799/33/448 1801/31/448
f 1800/33/448 1801/31/448 1797/31/448
f 1797/31/448 1801/31/448 1802/32/448
f 1797/31/448 1802/32/448 1798/32/448
f 1794/30/447 1792/30/447 1799/33/447
f 1800/33/447 1799/33/447 1792/30/447
f 1801/31/447 1799/33/447 1800/33/447
f 1797/31/447 1801/31/447 1800/33/447
f 1802/32/447 1801/31/447 1797/31/447
f 1798/32/447 1802/32/447 1797/31/447
f 1795/31/613 1800/33/610 1797/31/613
f 1800/33/610 1795/31/613 1803/33/610
f 1797/31/614 1800/33/608 1795/31/614
f 1803/33/608 1795/31/614 1800/33/608
f 1798/32/612 1804/32/607 1796/32/612
f 1804/32/607 1798/32/612 1802/32/607
f 1796/32/611 1804/32/609 1798/32/611
f 1802/32/609 1798/32/611 1804/32/609
f 1805/33/614 1801/31/608 1799/33/614
f 1801/31/608 1805/33/614 1806/31/608
f 1799/33/613 1801/31/610 1805/33/613
f 1806/31/610 1805/33/613 1801/31/610
f 1802/32/607 1806/31/608 1804/32/607
f 1806/31/608 1802/32/607 1801/31/608
f 1804/32/609 1806/31/610 1802/32/609
f 1801/31/610 1802/32/609 1806/31/610
f 1791/30/609 1800/33/610 1803/33/610
f 1800/33/610 1791/30/609 1792/30/609
f 1803/33/608 1800/33/608 1791/30/607
f 1792/30/607 1791/30/607 1800/33/608
f 1803/33/447 1793/30/447 1791/30/447
f 1793/30/447 1803/33/447 1805/33/447
f 1805/33/447 1803/33/447 1795/31/447
f 1805/33/447 1795/31/447 1806/31/447
f 1806/31/447 1795/31/447 1796/32/447
f 1806/31/447 1796/32/447 1804/32/447
f 1791/30/448 1793/30/448 1803/33/448
f 1805/33/448 1803/33/448 1793/30/448
f 1795/31/448 1803/33/448 1805/33/448
f 1806/31/448 1795/31/448 1805/33/448
f 1796/32/448 1795/31/448 1806/31/448
f 1804/32/448 1796/32/448 1806/31/448
f 1805/33/614 1794/30/611 1793/30/611
f 1794/30/611 1805/33/614 1799/33/614
f 1793/30/612 1794/30/612 1805/33/613
f 1799/33/613 1805/33/613 1794/30/612
f 1809/34/615 1808/34/616 1807/34/615
f 1808/34/616 1809/34/615 1810/34/616
f 1807/34/617 1808/34/618 1809/34/617
f 1810/34/618 1809/34/617 1808/34/618
f 1813/35/617 1812/35/618 1811/35/618
f 1812/35/618 1813/35/617 1814/35/617
f 1811/35/616 1812/35/616 1813/35/615
f 1814/35/615 1813/35/615 1812/35/616
f 1811/35/618 1816/36/555 1815/36/555
f 1816/36/555 1811/35/618 1812/35/618
f 1815/36/556 1816/36/556 1811/35/616
f 1812/35/616 1811/35/616 1816/36/556
f 1817/36/553 1814/35/617 1813/35/617
f 1814/35/617 1817/36/553 1818/36/553
f 1813/35/615 1814/35/615 1817/36/554
f 1818/36/554 1817/36/554 1814/35/615
f 1817/36/553 1819/37/556 1818/36/553
f 1819/37/556 1817/36/553 1820/37/556
f 1818/36/554 1819/37/555 1817/36/554
f 1820/37/555 1817/36/554 1819/37/555
f 1818/36/558 1812/35/558 1814/35/558
f 1812/35/558 1818/36/558 1816/36/558
f 1816/36/558 1818/36/558 1819/37/558
f 1816/36/558 1819/37/558 1821/37/558
f 1821/37/558 1819/37/558 1810/34/558
f 1821/37/558 1810/34/558 1809/34/558
f 1814/35/557 1812/35/557 1818/36/557
f 1816/36/557 1818/36/557 1812/35/557
f 1819/37/557 1818/36/557 1816/36/557
f 1821/37/557 1819/37/557 1816/36/557
f 1810/34/557 1819/37/557 1821/37/557
f 1809/34/557 1810/34/557 1821/37/557
f 1810/34/616 1820/37/556 1808/34/616
f 1820/37/556 1810/34/616 1819/37/556
f 1808/34/618 1820/37/555 1810/34/618
f 1819/37/555 1810/34/618 1820/37/555
f 1822/37/554 1816/36/555 1821/37/554
f 1816/36/555 1822/37/554 1815/36/555
f 1821/37/553 1816/36/556 1822/37/553
f 1815/36/556 1822/37/553 1816/36/556
f 1821/37/554 1807/34/615 1822/37/554
f 1807/34/615 1821/37/554 1809/34/615
f 1822/37/553 1807/34/617 1821/37/553
f 1809/34/617 1821/37/553 1807/34/617
f 1815/36/557 1813/35/557 1811/35/557
f 1813/35/557 1815/36/557 1817/36/557
f 1817/36/557 1815/36/557 1822/37/557
f 1817/36/557 1822/37/557 1820/37/557
f 1820/37/557 1822/37/557 1807/34/557
f 1820/37/557 1807/34/557 1808/34/557
f 1811/35/558 1813/35/558 1815/36/558
f 1817/36/558 1815/36/558 1813/35/558
f 1822/37/558 1815/36/558 1817/36/558
f 1820/37/558 1822/37/558 1817/36/558
f 1807/34/558 1822/37/558 1820/37/558
f 1808/34/558 1807/34/558 1820/37/558
f 1825/38/619 1824/39/620 1823/38/619
f 1824/39/620 1825/38/619 1826/39/620
f 1823/38/621 1824/39/622 1825/38/621
f 1826/39/622 1825/38/621 1824/39/622
f 1828/38/623 1823/38/619 1827/38/623
f 1823/38/619 1828/38/623 1825/38/619
f 1827/38/624 1823/38/621 1828/38/624
f 1825/38/621 1828/38/624 1823/38/621
f 1831/39/625 1830/40/622 1829/40/622
f 1830/40/622 1831/39/625 1832/39/625
f 1829/40/620 1830/40/620 1831/39/626
f 1832/39/626 1831/39/626 1830/40/620
f 1824/39/620 1834/40/626 1833/40/626
f 1834/40/626 1824/39/620 1826/39/620
f 1833/40/625 1834/40/625 1824/39/622
f 1826/39/622 1824/39/622 1834/40/625
f 1835/41/439 1831/39/439 1829/40/439
f 1831/39/439 1835/41/439 1828/38/439
f 1828/38/439 1835/41/439 1836/41/439
f 1828/38/439 1836/41/439 1825/38/439
f 1825/38/439 1836/41/439 1834/40/439
f 1825/38/439 1834/40/439 1826/39/439
f 1829/40/442 1831/39/442 1835/41/442
f 1828/38/442 1835/41/442 1831/39/442
f 1836/41/442 1835/41/442 1828/38/442
f 1825/38/442 1836/41/442 1828/38/442
f 1834/40/442 1836/41/442 1825/38/442
f 1826/39/442 1834/40/442 1825/38/442
f 1837/41/621 1829/40/622 1830/40/622
f 1829/40/622 1837/41/621 1835/41/621
f 1830/40/620 1829/40/620 1837/41/619
f 1835/41/619 1837/41/619 1829/40/620
f 1831/39/625 1827/38/623 1832/39/625
f 1827/38/623 1831/39/625 1828/38/623
f 1832/39/626 1827/38/624 1831/39/626
f 1828/38/624 1831/39/626 1827/38/624
f 1827/38/442 1830/40/442 1832/39/442
f 1830/40/442 1827/38/442 1837/41/442
f 1837/41/442 1827/38/442 1823/38/442
f 1837/41/442 1823/38/442 1838/41/442
f 1838/41/442 1823/38/442 1824/39/442
f 1838/41/442 1824/39/442 1833/40/442
f 1832/39/439 1830/40/439 1827/38/439
f 1837/41/439 1827/38/439 1830/40/439
f 1823/38/439 1827/38/439 1837/41/439
f 1838/41/439 1823/38/439 1837/41/439
f 1824/39/439 1823/38/439 1838/41/439
f 1833/40/439 1824/39/439 1838/41/439
f 1833/40/626 1836/41/624 1838/41/624
f 1836/41/624 1833/40/626 1834/40/626
f 1838/41/623 1836/41/623 1833/40/625
f 1834/40/625 1833/40/625 1836/41/623
f 1838/41/624 1835/41/621 1837/41/621
f 1835/41/621 1838/41/624 1836/41/624
f 1837/41/619 1835/41/619 1838/41/623
f 1836/41/623 1838/41/623 1835/41/619
f 1841/43/350 1840/42/627 1839/42/350
f 1840/42/627 1841/43/350 1842/43/627
f 1839/42/348 1840/42/628 1841/43/348
f 1842/43/628 1841/43/348 1840/42/628
f 1845/43/629 1844/42/348 1843/42/629
f 1844/42/348 1845/43/629 1846/43/348
f 1843/42/630 1844/42/350 1845/43/630
f 1846/43/350 1845/43/630 1844/42/350
f 1848/43/630 1839/42/350 1847/42/630
f 1839/42/350 1848/43/630 1841/43/350
f 1847/42/629 1839/42/348 1848/43/629
f 1841/43/348 1848/43/629 1839/42/348
f 1848/43/631 1850/42/353 1849/43/353
f 1850/42/353 1848/43/631 1847/42/631
f 1849/43/354 1850/42/354 1848/43/632
f 1847/42/632 1848/43/632 1850/42/354
f 1851/43/97 1848/43/97 1849/43/97
f 1848/43/97 1851/43/97 1846/43/97
f 1848/43/97 1846/43/97 1841/43/97
f 1841/43/97 1846/43/97 1845/43/97
f 1841/43/97 1845/43/97 1842/43/97
f 1842/43/97 1845/43/97 1852/43/97
f 1849/43/98 1848/43/98 1851/43/98
f 1846/43/98 1851/43/98 1848/43/98
f 1841/43/98 1846/43/98 1848/43/98
f 1845/43/98 1846/43/98 1841/43/98
f 1842/43/98 1845/43/98 1841/43/98
f 1852/43/98 1845/43/98 1842/43/98
f 1853/42/354 1845/43/632 1843/42/632
f 1845/43/632 1853/42/354 1852/43/354
f 1843/42/631 1845/43/631 1853/42/353
f 1852/43/353 1853/42/353 1845/43/631
f 1840/42/633 1852/43/354 1853/42/354
f 1852/43/354 1840/42/633 1842/43/633
f 1853/42/353 1852/43/353 1840/42/634
f 1842/43/634 1840/42/634 1852/43/353
f 1849/43/353 1854/42/634 1851/43/634
f 1854/42/634 1849/43/353 1850/42/353
f 1851/43/633 1854/42/633 1849/43/354
f 1850/42/354 1849/43/354 1854/42/633
f 1846/43/348 1854/42/628 1844/42/348
f 1854/42/628 1846/43/348 1851/43/628
f 1844/42/350 1854/42/627 1846/43/350
f 1851/43/627 1846/43/350 1854/42/627
f 1857/43/353 1856/42/634 1855/43/634
f 1856/42/634 1857/43/353 1858/42/353
f 1855/43/633 1856/42/633 1857/43/354
f 1858/42/354 1857/43/354 1856/42/633
f 1861/43/350 1860/42/627 1859/42/350
f 1860/42/627 1861/43/350 1862/43/627
f 1859/42/348 1860/42/628 1861/43/348
f 1862/43/628 1861/43/348 1860/42/628
f 1864/43/630 1859/42/350 1863/42/630
f 1859/42/350 1864/43/630 1861/43/350
f 1863/42/629 1859/42/348 1864/43/629
f 1861/43/348 1864/43/629 1859/42/348
f 1866/43/348 1856/42/628 1865/42/348
f 1856/42/628 1866/43/348 1855/43/628
f 1865/42/350 1856/42/627 1866/43/350
f 1855/43/627 1866/43/350 1856/42/627
f 1868/43/629 1865/42/348 1867/42/629
f 1865/42/348 1868/43/629 1866/43/348
f 1867/42/630 1865/42/350 1868/43/630
f 1866/43/350 1868/43/630 1865/42/350
f 1869/42/354 1868/43/632 1867/42/632
f 1868/43/632 1869/42/354 1870/43/354
f 1867/42/631 1868/43/631 1869/42/353
f 1870/43/353 1869/42/353 1868/43/631
f 1860/42/633 1870/43/354 1869/42/354
f 1870/43/354 1860/42/633 1862/43/633
f 1869/42/353 1870/43/353 1860/42/634
f 1862/43/634 1860/42/634 1870/43/353
f 1855/43/97 1864/43/97 1857/43/97
f 1864/43/97 1855/43/97 1861/43/97
f 1861/43/97 1855/43/97 1866/43/97
f 1861/43/97 1866/43/97 1862/43/97
f 1862/43/97 1866/43/97 1868/43/97
f 1862/43/97 1868/43/97 1870/43/97
f 1857/43/98 1864/43/98 1855/43/98
f 1861/43/98 1855/43/98 1864/43/98
f 1866/43/98 1855/43/98 1861/43/98
f 1862/43/98 1866/43/98 1861/43/98
f 1868/43/98 1866/43/98 1862/43/98
f 1870/43/98 1868/43/98 1862/43/98
f 1863/42/98 1856/42/98 1858/42/98
f 1856/42/98 1863/42/98 1859/42/98
f 1856/42/98 1859/42/98 1865/42/98
f 1865/42/98 1859/42/98 1860/42/98
f 1865/42/98 1860/42/98 1867/42/98
f 1867/42/98 1860/42/98 1869/42/98
f 1858/42/97 1856/42/97 1863/42/97
f 1859/42/97 1863/42/97 1856/42/97
f 1865/42/97 1859/42/97 1856/42/97
f 1860/42/97 1859/42/97 1865/42/97
f 1867/42/97 1860/42/97 1865/42/97
f 1869/42/97 1860/42/97 1867/42/97
f 1864/43/631 1858/42/353 1857/43/353
f 1858/42/353 1864/43/631 1863/42/631
f 1857/43/354 1858/42/354 1864/43/632
f 1863/42/632 1864/43/632 1858/42/354
f 1873/45/635 1872/44/636 1871/44/635
f 1872/44/636 1873/45/635 1874/45/636
f 1871/44/637 1872/44/638 1873/45/637
f 1874/45/638 1873/45/637 1872/44/638
f 1876/45/639 1871/44/635 1875/44/639
f 1871/44/635 1876/45/639 1873/45/635
f 1875/44/640 1871/44/637 1876/45/640
f 1873/45/637 1876/45/640 1871/44/637
f 1879/44/641 1878/45/642 1877/45/641
f 1878/45/642 1879/44/641 1880/44/642
f 1877/45/643 1878/45/644 1879/44/643
f 1880/44/644 1879/44/643 1878/45/644
f 1883/44/645 1882/45/646 1881/45/645
f 1882/45/646 1883/44/645 1884/44/646
f 1881/45/647 1882/45/648 1883/44/647
f 1884/44/648 1883/44/647 1882/45/648
f 1885/44/650 1878/45/649 1880/44/649
f 1878/45/649 1885/44/650 1886/45/650
f 1880/44/652 1878/45/652 1885/44/651
f 1886/45/651 1885/44/651 1878/45/652
f 1883/44/653 1886/45/650 1885/44/650
f 1886/45/650 1883/44/653 1881/45/653
f 1885/44/651 1886/45/651 1883/44/654
f 1881/45/654 1883/44/654 1886/45/651
f 1875/44/655 1877/45/641 1876/45/655
f 1877/45/641 1875/44/655 1879/44/641
f 1876/45/656 1877/45/643 1875/44/656
f 1879/44/643 1875/44/656 1877/45/643
f 1884/44/646 1874/45/657 1882/45/646
f 1874/45/657 1884/44/646 1872/44/657
f 1882/45/648 1874/45/658 1884/44/648
f 1872/44/658 1884/44/648 1874/45/658
f 1889/43/350 1888/42/627 1887/42/350
f 1888/42/627 1889/43/350 1890/43/627
f 1887/42/348 1888/42/628 1889/43/348
f 1890/43/628 1889/43/348 1888/42/628
f 1893/43/629 1892/42/348 1891/42/629
f 1892/42/348 1893/43/629 1894/43/348
f 1891/42/630 1892/42/350 1893/43/630
f 1894/43/350 1893/43/630 1892/42/350
f 1896/43/630 1887/42/350 1895/42/630
f 1887/42/350 1896/43/630 1889/43/350
f 1895/42/629 1887/42/348 1896/43/629
f 1889/43/348 1896/43/629 1887/42/348
f 1896/43/631 1898/42/353 1897/43/353
f 1898/42/353 1896/43/631 1895/42/631
f 1897/43/354 1898/42/354 1896/43/632
f 1895/42/632 1896/43/632 1898/42/354
f 1899/43/97 1896/43/97 1897/43/97
f 1896/43/97 1899/43/97 1894/43/97
f 1896/43/97 1894/43/97 1889/43/97
f 1889/43/97 1894/43/97 1893/43/97
f 1889/43/97 1893/43/97 1890/43/97
f 1890/43/97 1893/43/97 1900/43/97
f 1897/43/98 1896/43/98 1899/43/98
f 1894/43/98 1899/43/98 1896/43/98
f 1889/43/98 1894/43/98 1896/43/98
f 1893/43/98 1894/43/98 1889/43/98
f 1890/43/98 1893/43/98 1889/43/98
f 1900/43/98 1893/43/98 1890/43/98
f 1901/42/354 1893/43/632 1891/42/632
f 1893/43/632 1901/42/354 1900/43/354
f 1891/42/631 1893/43/631 1901/42/353
f 1900/43/353 1901/42/353 1893/43/631
f 1888/42/633 1900/43/354 1901/42/354
f 1900/43/354 1888/42/633 1890/43/633
f 1901/42/353 1900/43/353 1888/42/634
f 1890/43/634 1888/42/634 1900/43/353
f 1897/43/353 1902/42/634 1899/43/634
f 1902/42/634 1897/43/353 1898/42/353
f 1899/43/633 1902/42/633 1897/43/354
f 1898/42/354 1897/43/354 1902/42/633
f 1894/43/348 1902/42/628 1892/42/348
f 1902/42/628 1894/43/348 1899/43/628
f 1892/42/350 1902/42/627 1894/43/350
f 1899/43/627 1894/43/350 1902/42/627
f 1905/43/353 1904/42/634 1903/43/634
f 1904/42/634 1905/43/353 1906/42/353
f 1903/43/633 1904/42/633 1905/43/354
f 1906/42/354 1905/43/354 1904/42/633
f 1909/43/350 1908/42/627 1907/42/350
f 1908/42/627 1909/43/350 1910/43/627
f 1907/42/348 1908/42/628 1909/43/348
f 1910/43/628 1909/43/348 1908/42/628
f 1912/43/630 1907/42/350 1911/42/630
f 1907/42/350 1912/43/630 1909/43/350
f 1911/42/629 1907/42/348 1912/43/629
f 1909/43/348 1912/43/629 1907/42/348
f 1914/43/348 1904/42/628 1913/42/348
f 1904/42/628 1914/43/348 1903/43/628
f 1913/42/350 1904/42/627 1914/43/350
f 1903/43/627 1914/43/350 1904/42/627
f 1916/43/629 1913/42/348 1915/42/629
f 1913/42/348 1916/43/629 1914/43/348
f 1915/42/630 1913/42/350 1916/43/630
f 1914/43/350 1916/43/630 1913/42/350
f 1917/42/354 1916/43/632 1915/42/632
f 1916/43/632 1917/42/354 1918/43/354
f 1915/42/631 1916/43/631 1917/42/353
f 1918/43/353 1917/42/353 1916/43/631
f 1908/42/633 1918/43/354 1917/42/354
f 1918/43/354 1908/42/633 1910/43/633
f 1917/42/353 1918/43/353 1908/42/634
f 1910/43/634 1908/42/634 1918/43/353
f 1903/43/97 1912/43/97 1905/43/97
f 1912/43/97 1903/43/97 1909/43/97
f 1909/43/97 1903/43/97 1914/43/97
f 1909/43/97 1914/43/97 1910/43/97
f 1910/43/97 1914/43/97 1916/43/97
f 1910/43/97 1916/43/97 1918/43/97
f 1905/43/98 1912/43/98 1903/43/98
f 1909/43/98 1903/43/98 1912/43/98
f 1914/43/98 1903/43/98 1909/43/98
f 1910/43/98 1914/43/98 1909/43/98
f 1916/43/98 1914/43/98 1910/43/98
f 1918/43/98 1916/43/98 1910/43/98
f 1911/42/98 1904/42/98 1906/42/98
f 1904/42/98 1911/42/98 1907/42/98
f 1904/42/98 1907/42/98 1913/42/98
f 1913/42/98 1907/42/98 1908/42/98
f 1913/42/98 1908/42/98 1915/42/98
f 1915/42/98 1908/42/98 1917/42/98
f 1906/42/97 1904/42/97 1911/42/97
f 1907/42/97 1911/42/97 1904/42/97
f 1913/42/97 1907/42/97 1904/42/97
f 1908/42/97 1907/42/97 1913/42/97
f 1915/42/97 1908/42/97 1913/42/97
f 1917/42/97 1908/42/97 1915/42/97
f 1912/43/631 1906/42/353 1905/43/353
f 1906/42/353 1912/43/631 1911/42/631
f 1905/43/354 1906/42/354 1912/43/632
f 1911/42/632 1912/43/632 1906/42/354
f 1921/45/635 1920/44/636 1919/44/635
f 1920/44/636 1921/45/635 1922/45/636
f 1919/44/637 1920/44/638 1921/45/637
f 1922/45/638 1921/45/637 1920/44/638
f 1924/45/639 1919/44/635 1923/44/639
f 1919/44/635 1924/45/639 1921/45/635
f 1923/44/640 1919/44/637 1924/45/640
f 1921/45/637 1924/45/640 1919/44/637
f 1927/44/641 1926/45/642 1925/45/641
f 1926/45/642 1927/44/641 1928/44/642
f 1925/45/643 1926/45/644 1927/44/643
f 1928/44/644 1927/44/643 1926/45/644
f 1931/44/645 1930/45/646 1929/45/645
f 1930/45/646 1931/44/645 1932/44/646
f 1929/45/647 1930/45/648 1931/44/647
f 1932/44/648 1931/44/647 1930/45/648
f 1933/44/650 1926/45/649 1928/44/649
f 1926/45/649 1933/44/650 1934/45/650
f 1928/44/652 1926/45/652 1933/44/651
f 1934/45/651 1933/44/651 1926/45/652
f 1931/44/653 1934/45/650 1933/44/650
f 1934/45/650 1931/44/653 1929/45/653
f 1933/44/651 1934/45/651 1931/44/654
f 1929/45/654 1931/44/654 1934/45/651
f 1923/44/655 1925/45/641 1924/45/655
f 1925/45/641 1923/44/655 1927/44/641
f 1924/45/656 1925/45/643 1923/44/656
f 1927/44/643 1923/44/656 1925/45/643
f 1932/44/646 1922/45/657 1930/45/646
f 1922/45/657 1932/44/646 1920/44/657
f 1930/45/648 1922/45/658 1932/44/648
f 1920/44/658 1932/44/648 1922/45/658
f 1937/43/384 1936/42/628 1935/42/384
f 1936/42/628 1937/43/384 1938/43/628
f 1935/42/383 1936/42/627 1937/43/383
f 1938/43/627 1937/43/383 1936/42/627
f 1941/43/630 1940/42/383 1939/42/630
f 1940/42/383 1941/43/630 1942/43/383
f 1939/42/629 1940/42/384 1941/43/629
f 1942/43/384 1941/43/629 1940/42/384
f 1944/43/629 1935/42/384 1943/42/629
f 1935/42/384 1944/43/629 1937/43/384
f 1943/42/630 1935/42/383 1944/43/630
f 1937/43/383 1944/43/630 1935/42/383
f 1944/43/632 1946/42/385 1945/43/385
f 1946/42/385 1944/43/632 1943/42/632
f 1945/43/386 1946/42/386 1944/43/631
f 1943/42/631 1944/43/631 1946/42/386
f 1947/43/97 1944/43/97 1945/43/97
f 1944/43/97 1947/43/97 1942/43/97
f 1944/43/97 1942/43/97 1937/43/97
f 1937/43/97 1942/43/97 1941/43/97
f 1937/43/97 1941/43/97 1938/43/97
f 1938/43/97 1941/43/97 1948/43/97
f 1945/43/98 1944/43/98 1947/43/98
f 1942/43/98 1947/43/98 1944/43/98
f 1937/43/98 1942/43/98 1944/43/98
f 1941/43/98 1942/43/98 1937/43/98
f 1938/43/98 1941/43/98 1937/43/98
f 1948/43/98 1941/43/98 1938/43/98
f 1949/42/386 1941/43/631 1939/42/631
f 1941/43/631 1949/42/386 1948/43/386
f 1939/42/632 1941/43/632 1949/42/385
f 1948/43/385 1949/42/385 1941/43/632
f 1936/42/634 1948/43/386 1949/42/386
f 1948/43/386 1936/42/634 1938/43/634
f 1949/42/385 1948/43/385 1936/42/633
f 1938/43/633 1936/42/633 1948/43/385
f 1945/43/385 1950/42/633 1947/43/633
f 1950/42/633 1945/43/385 1946/42/385
f 1947/43/634 1950/42/634 1945/43/386
f 1946/42/386 1945/43/386 1950/42/634
f 1942/43/383 1950/42/627 1940/42/383
f 1950/42/627 1942/43/383 1947/43/627
f 1940/42/384 1950/42/628 1942/43/384
f 1947/43/628 1942/43/384 1950/42/628
f 1953/43/385 1952/42/633 1951/43/633
f 1952/42/633 1953/43/385 1954/42/385
f 1951/43/634 1952/42/634 1953/43/386
f 1954/42/386 1953/43/386 1952/42/634
f 1957/43/384 1956/42/628 1955/42/384
f 1956/42/628 1957/43/384 1958/43/628
f 1955/42/383 1956/42/627 1957/43/383
f 1958/43/627 1957/43/383 1956/42/627
f 1960/43/629 1955/42/384 1959/42/629
f 1955/42/384 1960/43/629 1957/43/384
f 1959/42/630 1955/42/383 1960/43/630
f 1957/43/383 1960/43/630 1955/42/383
f 1962/43/383 1952/42/627 1961/42/383
f 1952/42/627 1962/43/383 1951/43/627
f 1961/42/384 1952/42/628 1962/43/384
f 1951/43/628 1962/43/384 1952/42/628
f 1964/43/630 1961/42/383 1963/42/630
f 1961/42/383 1964/43/630 1962/43/383
f 1963/42/629 1961/42/384 1964/43/629
f 1962/43/384 1964/43/629 1961/42/384
f 1965/42/386 1964/43/631 1963/42/631
f 1964/43/631 1965/42/386 1966/43/386
f 1963/42/632 1964/43/632 1965/42/385
f 1966/43/385 1965/42/385 1964/43/632
f 1956/42/634 1966/43/386 1965/42/386
f 1966/43/386 1956/42/634 1958/43/634
f 1965/42/385 1966/43/385 1956/42/633
f 1958/43/633 1956/42/633 1966/43/385
f 1951/43/97 1960/43/97 1953/43/97
f 1960/43/97 1951/43/97 1957/43/97
f 1957/43/97 1951/43/97 1962/43/97
f 1957/43/97 1962/43/97 1958/43/97
f 1958/43/97 1962/43/97 1964/43/97
f 1958/43/97 1964/43/97 1966/43/97
f 1953/43/98 1960/43/98 1951/43/98
f 1957/43/98 1951/43/98 1960/43/98
f 1962/43/98 1951/43/98 1957/43/98
f 1958/43/98 1962/43/98 1957/43/98
f 1964/43/98 1962/43/98 1958/43/98
f 1966/43/98 1964/43/98 1958/43/98
f 1959/42/98 1952/42/98 1954/42/98
f 1952/42/98 1959/42/98 1955/42/98
f 1952/42/98 1955/42/98 1961/42/98
f 1961/42/98 1955/42/98 1956/42/98
f 1961/42/98 1956/42/98 1963/42/98
f 1963/42/98 1956/42/98 1965/42/98
f 1954/42/97 1952/42/97 1959/42/97
f 1955/42/97 1959/42/97 1952/42/97
f 1961/42/97 1955/42/97 1952/42/97
f 1956/42/97 1955/42/97 1961/42/97
f 1963/42/97 1956/42/97 1961/42/97
f 1965/42/97 1956/42/97 1963/42/97
f 1960/43/632 1954/42/385 1953/43/385
f 1954/42/385 1960/43/632 1959/42/632
f 1953/43/386 1954/42/386 1960/43/631
f 1959/42/631 1960/43/631 1954/42/386
f 1969/45/659 1968/44/649 1967/44/659
f 1968/44/649 1969/45/659 1970/45/649
f 1967/44/660 1968/44/652 1969/45/660
f 1970/45/652 1969/45/660 1968/44/652
f 1972/45/653 1967/44/659 1971/44/653
f 1967/44/659 1972/45/653 1969/45/659
f 1971/44/654 1967/44/660 1972/45/654
f 1969/45/660 1972/45/654 1967/44/660
f 1975/44/661 1974/45/657 1973/45/661
f 1974/45/657 1975/44/661 1976/44/657
f 1973/45/662 1974/45/658 1975/44/662
f 1976/44/658 1975/44/662 1974/45/658
f 1979/44/655 1978/45/663 1977/45/655
f 1978/45/663 1979/44/655 1980/44/663
f 1977/45/656 1978/45/664 1979/44/656
f 1980/44/664 1979/44/656 1978/45/664
f 1981/44/665 1974/45/636 1976/44/636
f 1974/45/636 1981/44/665 1982/45/665
f 1976/44/638 1974/45/638 1981/44/666
f 1982/45/666 1981/44/666 1974/45/638
f 1979/44/639 1982/45/665 1981/44/665
f 1982/45/665 1979/44/639 1977/45/639
f 1981/44/666 1982/45/666 1979/44/640
f 1977/45/640 1979/44/640 1982/45/666
f 1971/44/645 1973/45/661 1972/45/645
f 1973/45/661 1971/44/645 1975/44/661
f 1972/45/647 1973/45/662 1971/44/647
f 1975/44/662 1971/44/647 1973/45/662
f 1980/44/663 1970/45/642 1978/45/663
f 1970/45/642 1980/44/663 1968/44/642
f 1978/45/664 1970/45/644 1980/44/664
f 1968/44/644 1980/44/664 1970/45/644
f 1985/43/384 1984/42/628 1983/42/384
f 1984/42/628 1985/43/384 1986/43/628
f 1983/42/383 1984/42/627 1985/43/383
f 1986/43/627 1985/43/383 1984/42/627
f 1989/43/630 1988/42/383 1987/42/630
f 1988/42/383 1989/43/630 1990/43/383
f 1987/42/629 1988/42/384 1989/43/629
f 1990/43/384 1989/43/629 1988/42/384
f 1992/43/629 1983/42/384 1991/42/629
f 1983/42/384 1992/43/629 1985/43/384
f 1991/42/630 1983/42/383 1992/43/630
f 1985/43/383 1992/43/630 1983/42/383
f 1992/43/632 1994/42/385 1993/43/385
f 1994/42/385 1992/43/632 1991/42/632
f 1993/43/386 1994/42/386 1992/43/631
f 1991/42/631 1992/43/631 1994/42/386
f 1995/43/97 1992/43/97 1993/43/97
f 1992/43/97 1995/43/97 1990/43/97
f 1992/43/97 1990/43/97 1985/43/97
f 1985/43/97 1990/43/97 1989/43/97
f 1985/43/97 1989/43/97 1986/43/97
f 1986/43/97 1989/43/97 1996/43/97
f 1993/43/98 1992/43/98 1995/43/98
f 1990/43/98 1995/43/98 1992/43/98
f 1985/43/98 1990/43/98 1992/43/98
f 1989/43/98 1990/43/98 1985/43/98
f 1986/43/98 1989/43/98 1985/43/98
f 1996/43/98 1989/43/98 1986/43/98
f 1997/42/386 1989/43/631 1987/42/631
f 1989/43/631 1997/42/386 1996/43/386
f 1987/42/632 1989/43/632 1997/42/385
f 1996/43/385 1997/42/385 1989/43/632
f 1984/42/634 1996/43/386 1997/42/386
f 1996/43/386 1984/42/634 1986/43/634
f 1997/42/385 1996/43/385 1984/42/633
f 1986/43/633 1984/42/633 1996/43/385
f 1993/43/385 1998/42/633 1995/43/633
f 1998/42/633 1993/43/385 1994/42/385
f 1995/43/634 1998/42/634 1993/43/386
f 1994/42/386 1993/43/386 1998/42/634
f 1990/43/383 1998/42/627 1988/42/383
f 1998/42/627 1990/43/383 1995/43/627
f 1988/42/384 1998/42/628 1990/43/384
f 1995/43/628 1990/43/384 1998/42/628
f 2001/43/385 2000/42/633 1999/43/633
f 2000/42/633 2001/43/385 2002/42/385
f 1999/43/634 2000/42/634 2001/43/386
f 2002/42/386 2001/43/386 2000/42/634
f 2005/43/384 2004/42/628 2003/42/384
f 2004/42/628 2005/43/384 2006/43/628
f 2003/42/383 2004/42/627 2005/43/383
f 2006/43/627 2005/43/383 2004/42/627
f 2008/43/629 2003/42/384 2007/42/629
f 2003/42/384 2008/43/629 2005/43/384
f 2007/42/630 2003/42/383 2008/43/630
f 2005/43/383 2008/43/630 2003/42/383
f 2010/43/383 2000/42/627 2009/42/383
f 2000/42/627 2010/43/383 1999/43/627
f 2009/42/384 2000/42/628 2010/43/384
f 1999/43/628 2010/43/384 2000/42/628
f 2012/43/630 2009/42/383 2011/42/630
f 2009/42/383 2012/43/630 2010/43/383
f 2011/42/629 2009/42/384 2012/43/629
f 2010/43/384 2012/43/629 2009/42/384
f 2013/42/386 2012/43/631 2011/42/631
f 2012/43/631 2013/42/386 2014/43/386
f 2011/42/632 2012/43/632 2013/42/385
f 2014/43/385 2013/42/385 2012/43/632
f 2004/42/634 2014/43/386 2013/42/386
f 2014/43/386 2004/42/634 2006/43/634
f 2013/42/385 2014/43/385 2004/42/633
f 2006/43/633 2004/42/633 2014/43/385
f 1999/43/97 2008/43/97 2001/43/97
f 2008/43/97 1999/43/97 2005/43/97
f 2005/43/97 1999/43/97 2010/43/97
f 2005/43/97 2010/43/97 2006/43/97
f 2006/43/97 2010/43/97 2012/43/97
f 2006/43/97 2012/43/97 2014/43/97
f 2001/43/98 2008/43/98 1999/43/98
f 2005/43/98 1999/43/98 2008/43/98
f 2010/43/98 1999/43/98 2005/43/98
f 2006/43/98 2010/43/98 2005/43/98
f 2012/43/98 2010/43/98 2006/43/98
f 2014/43/98 2012/43/98 2006/43/98
f 2007/42/98 2000/42/98 2002/42/98
f 2000/42/98 2007/42/98 2003/42/98
f 2000/42/98 2003/42/98 2009/42/98
f 2009/42/98 2003/42/98 2004/42/98
f 2009/42/98 2004/42/98 2011/42/98
f 2011/42/98 2004/42/98 2013/42/98
f 2002/42/97 2000/42/97 2007/42/97
f 2003/42/97 2007/42/97 2000/42/97
f 2009/42/97 2003/42/97 2000/42/97
f 2004/42/97 2003/42/97 2009/42/97
f 2011/42/97 2004/42/97 2009/42/97
f 2013/42/97 2004/42/97 2011/42/97
f 2008/43/632 2002/42/385 2001/43/385
f 2002/42/385 2008/43/632 2007/42/632
f 2001/43/386 2002/42/386 2008/43/631
f 2007/42/631 2008/43/631 2002/42/386
f 2017/45/659 2016/44/649 2015/44/659
f 2016/44/649 2017/45/659 2018/45/649
f 2015/44/660 2016/44/652 2017/45/660
f 2018/45/652 2017/45/660 2016/44/652
f 2020/45/653 2015/44/659 2019/44/653
f 2015/44/659 2020/45/653 2017/45/659
f 2019/44/654 2015/44/660 2020/45/654
f 2017/45/660 2020/45/654 2015/44/660
f 2023/44/661 2022/45/657 2021/45/661
f 2022/45/657 2023/44/661 2024/44/657
f 2021/45/662 2022/45/658 2023/44/662
f 2024/44/658 2023/44/662 2022/45/658
f 2027/44/655 2026/45/663 2025/45/655
f 2026/45/663 2027/44/655 2028/44/663
f 2025/45/656 2026/45/664 2027/44/656
f 2028/44/664 2027/44/656 2026/45/664
f 2029/44/665 2022/45/636 2024/44/636
f 2022/45/636 2029/44/665 2030/45/665
f 2024/44/638 2022/45/638 2029/44/666
f 2030/45/666 2029/44/666 2022/45/638
f 2027/44/639 2030/45/665 2029/44/665
f 2030/45/665 2027/44/639 2025/45/639
f 2029/44/666 2030/45/666 2027/44/640
f 2025/45/640 2027/44/640 2030/45/666
f 2019/44/645 2021/45/661 2020/45/645
f 2021/45/661 2019/44/645 2023/44/661
f 2020/45/647 2021/45/662 2019/44/647
f 2023/44/662 2019/44/647 2021/45/662
f 2028/44/663 2018/45/642 2026/45/663
f 2018/45/642 2028/44/663 2016/44/642
f 2026/45/664 2018/45/644 2028/44/664
f 2016/44/644 2028/44/664 2018/45/644
f 2033/42/667 2032/42/667 2031/42/667
f 2032/42/667 2033/42/667 2034/42/667
f 2034/42/667 2033/42/667 2035/42/667
f 2034/42/667 2035/42/667 2036/42/667
f 2036/42/667 2035/42/667 2037/42/667
f 2036/42/667 2037/42/667 2038/42/667
f 2031/42/668 2032/42/668 2033/42/668
f 2034/42/668 2033/42/668 2032/42/668
f 2035/42/668 2033/42/668 2034/42/668
f 2036/42/668 2035/42/668 2034/42/668
f 2037/42/668 2035/42/668 2036/42/668
f 2038/42/668 2037/42/668 2036/42/668
f 2041/43/668 2040/43/668 2039/43/668
f 2040/43/668 2041/43/668 2042/43/668
f 2040/43/668 2042/43/668 2043/43/668
f 2043/43/668 2042/43/668 2044/43/668
f 2043/43/668 2044/43/668 2045/43/668
f 2045/43/668 2044/43/668 2046/43/668
f 2039/43/667 2040/43/667 2041/43/667
f 2042/43/667 2041/43/667 2040/43/667
f 2043/43/667 2042/43/667 2040/43/667
f 2044/43/667 2042/43/667 2043/43/667
f 2045/43/667 2044/43/667 2043/43/667
f 2046/43/667 2044/43/667 2045/43/667
f 2039/43/670 2032/42/669 2041/43/669
f 2032/42/669 2039/43/670 2031/42/670
f 2041/43/672 2032/42/672 2039/43/671
f 2031/42/671 2039/43/671 2032/42/672
f 2042/43/673 2032/42/674 2034/42/673
f 2032/42/674 2042/43/673 2041/43/674
f 2034/42/675 2032/42/676 2042/43/675
f 2041/43/676 2042/43/675 2032/42/676
f 2044/43/677 2034/42/673 2036/42/677
f 2034/42/673 2044/43/677 2042/43/673
f 2036/42/678 2034/42/675 2044/43/678
f 2042/43/675 2044/43/678 2034/42/675
f 2038/42/671 2044/43/679 2036/42/679
f 2044/43/679 2038/42/671 2046/43/671
f 2036/42/680 2044/43/680 2038/42/670
f 2046/43/670 2038/42/670 2044/43/680
f 2037/42/672 2046/43/671 2038/42/671
f 2046/43/671 2037/42/672 2045/43/672
f 2038/42/670 2046/43/670 2037/42/669
f 2045/43/669 2037/42/669 2046/43/670
f 2043/43/675 2037/42/676 2035/42/675
f 2037/42/676 2043/43/675 2045/43/676
f 2035/42/673 2037/42/674 2043/43/673
f 2045/43/674 2043/43/673 2037/42/674
f 2040/43/678 2035/42/675 2033/42/678
f 2035/42/675 2040/43/678 2043/43/675
f 2033/42/677 2035/42/673 2040/43/677
f 2043/43/673 2040/43/677 2035/42/673
f 2040/43/680 2031/42/670 2039/43/670
f 2031/42/670 2040/43/680 2033/42/680
f 2039/43/671 2031/42/671 2040/43/679
f 2033/42/679 2040/43/679 2031/42/671
f 2049/43/668 2048/43/668 2047/43/668
f 2048/43/668 2049/43/668 2050/43/668
f 2048/43/668 2050/43/668 2051/43/668
f 2051/43/668 2050/43/668 2052/43/668
f 2052/43/668 2050/43/668 2053/43/668
f 2052/43/668 2053/43/668 2054/43/668
f 2047/43/667 2048/43/667 2049/43/667
f 2050/43/667 2049/43/667 2048/43/667
f 2051/43/667 2050/43/667 2048/43/667
f 2052/43/667 2050/43/667 2051/43/667
f 2053/43/667 2050/43/667 2052/43/667
f 2054/43/667 2053/43/667 2052/43/667
f 2047/43/670 2055/42/669 2049/43/669
f 2055/42/669 2047/43/670 2056/42/670
f 2049/43/672 2055/42/672 2047/43/671
f 2056/42/671 2047/43/671 2055/42/672
f 2050/43/673 2055/42/674 2057/42/673
f 2055/42/674 2050/43/673 2049/43/674
f 2057/42/675 2055/42/676 2050/43/675
f 2049/43/676 2050/43/675 2055/42/676
f 2053/43/677 2057/42/673 2058/42/677
f 2057/42/673 2053/43/677 2050/43/673
f 2058/42/678 2057/42/675 2053/43/678
f 2050/43/675 2053/43/678 2057/42/675
f 2059/42/671 2053/43/679 2058/42/679
f 2053/43/679 2059/42/671 2054/43/671
f 2058/42/680 2053/43/680 2059/42/670
f 2054/43/670 2059/42/670 2053/43/680
f 2060/42/672 2054/43/671 2059/42/671
f 2054/43/671 2060/42/672 2052/43/672
f 2059/42/670 2054/43/670 2060/42/669
f 2052/43/669 2060/42/669 2054/43/670
f 2051/43/675 2060/42/676 2061/42/675
f 2060/42/676 2051/43/675 2052/43/676
f 2061/42/673 2060/42/674 2051/43/673
f 2052/43/674 2051/43/673 2060/42/674
f 2048/43/678 2061/42/675 2062/42/678
f 2061/42/675 2048/43/678 2051/43/675
f 2062/42/677 2061/42/673 2048/43/677
f 2051/43/673 2048/43/677 2061/42/673
f 2048/43/680 2056/42/670 2047/43/670
f 2056/42/670 2048/43/680 2062/42/680
f 2047/43/671 2056/42/671 2048/43/679
f 2062/42/679 2048/43/679 2056/42/671
f 2065/44/681 2064/45/682 2063/45/681
f 2064/45/682 2065/44/681 2066/44/682
f 2063/45/683 2064/45/684 2065/44/683
f 2066/44/684 2065/44/683 2064/45/684
f 2069/45/685 2068/44/686 2067/44/685
f 2068/44/686 2069/45/685 2070/45/686
f 2067/44/687 2068/44/688 2069/45/687
f 2070/45/688 2069/45/687 2068/44/688
f 2072/44/689 2063/45/681 2071/45/689
f 2063/45/681 2072/44/689 2065/44/681
f 2071/45/690 2063/45/683 2072/44/690
f 2065/44/683 2072/44/690 2063/45/683
f 2075/44/691 2074/45/692 2073/45/691
f 2074/45/692 2075/44/691 2076/44/692
f 2073/45/693 2074/45/694 2075/44/693
f 2076/44/694 2075/44/693 2074/45/694
f 2075/44/691 2064/45/695 2066/44/695
f 2064/45/695 2075/44/691 2073/45/691
f 2066/44/696 2064/45/696 2075/44/693
f 2073/45/693 2075/44/693 2064/45/696
f 2078/44/697 2070/45/698 2077/45/697
f 2070/45/698 2078/44/697 2068/44/698
f 2077/45/699 2070/45/700 2078/44/699
f 2068/44/700 2078/44/699 2070/45/700
f 2076/44/701 2077/45/697 2074/45/701
f 2077/45/697 2076/44/701 2078/44/697
f 2074/45/702 2077/45/699 2076/44/702
f 2078/44/699 2076/44/702 2077/45/699
f 2071/45/703 2067/44/685 2072/44/703
f 2067/44/685 2071/45/703 2069/45/685
f 2072/44/704 2067/44/687 2071/45/704
f 2069/45/687 2071/45/704 2067/44/687
f 2081/42/98 2080/42/98 2079/42/98
f 2080/42/98 2081/42/98 2082/42/98
f 2082/42/98 2081/42/98 2083/42/98
f 2082/42/98 2083/42/98 2084/42/98
f 2084/42/98 2083/42/98 2085/42/98
f 2084/42/98 2085/42/98 2086/42/98
f 2079/42/97 2080/42/97 2081/42/97
f 2082/42/97 2081/42/97 2080/42/97
f 2083/42/97 2081/42/97 2082/42/97
f 2084/42/97 2083/42/97 2082/42/97
f 2085/42/97 2083/42/97 2084/42/97
f 2086/42/97 2085/42/97 2084/42/97
f 2089/43/97 2088/43/97 2087/43/97
f 2088/43/97 2089/43/97 2090/43/97
f 2088/43/97 2090/43/97 2091/43/97
f 2091/43/97 2090/43/97 2092/43/97
f 2091/43/97 2092/43/97 2093/43/97
f 2093/43/97 2092/43/97 2094/43/97
f 2087/43/98 2088/43/98 2089/43/98
f 2090/43/98 2089/43/98 2088/43/98
f 2091/43/98 2090/43/98 2088/43/98
f 2092/43/98 2090/43/98 2091/43/98
f 2093/43/98 2092/43/98 2091/43/98
f 2094/43/98 2092/43/98 2093/43/98
f 2087/43/706 2080/42/705 2089/43/705
f 2080/42/705 2087/43/706 2079/42/706
f 2089/43/708 2080/42/708 2087/43/707
f 2079/42/707 2087/43/707 2080/42/708
f 2090/43/709 2080/42/710 2082/42/709
f 2080/42/710 2090/43/709 2089/43/710
f 2082/42/711 2080/42/712 2090/43/711
f 2089/43/712 2090/43/711 2080/42/712
f 2092/43/713 2082/42/709 2084/42/713
f 2082/42/709 2092/43/713 2090/43/709
f 2084/42/714 2082/42/711 2092/43/714
f 2090/43/711 2092/43/714 2082/42/711
f 2086/42/707 2092/43/715 2084/42/715
f 2092/43/715 2086/42/707 2094/43/707
f 2084/42/716 2092/43/716 2086/42/706
f 2094/43/706 2086/42/706 2092/43/716
f 2085/42/708 2094/43/707 2086/42/707
f 2094/43/707 2085/42/708 2093/43/708
f 2086/42/706 2094/43/706 2085/42/705
f 2093/43/705 2085/42/705 2094/43/706
f 2091/43/711 2085/42/712 2083/42/711
f 2085/42/712 2091/43/711 2093/43/712
f 2083/42/709 2085/42/710 2091/43/709
f 2093/43/710 2091/43/709 2085/42/710
f 2088/43/714 2083/42/711 2081/42/714
f 2083/42/711 2088/43/714 2091/43/711
f 2081/42/713 2083/42/709 2088/43/713
f 2091/43/709 2088/43/713 2083/42/709
f 2088/43/716 2079/42/706 2087/43/706
f 2079/42/706 2088/43/716 2081/42/716
f 2087/43/707 2079/42/707 2088/43/715
f 2081/42/715 2088/43/715 2079/42/707
f 2097/43/97 2096/43/97 2095/43/97
f 2096/43/97 2097/43/97 2098/43/97
f 2096/43/97 2098/43/97 2099/43/97
f 2099/43/97 2098/43/97 2100/43/97
f 2100/43/97 2098/43/97 2101/43/97
f 2100/43/97 2101/43/97 2102/43/97
f 2095/43/98 2096/43/98 2097/43/98
f 2098/43/98 2097/43/98 2096/43/98
f 2099/43/98 2098/43/98 2096/43/98
f 2100/43/98 2098/43/98 2099/43/98
f 2101/43/98 2098/43/98 2100/43/98
f 2102/43/98 2101/43/98 2100/43/98
f 2095/43/706 2103/42/705 2097/43/705
f 2103/42/705 2095/43/706 2104/42/706
f 2097/43/708 2103/42/708 2095/43/707
f 2104/42/707 2095/43/707 2103/42/708
f 2098/43/709 2103/42/710 2105/42/709
f 2103/42/710 2098/43/709 2097/43/710
f 2105/42/711 2103/42/712 2098/43/711
f 2097/43/712 2098/43/711 2103/42/712
f 2101/43/713 2105/42/709 2106/42/713
f 2105/42/709 2101/43/713 2098/43/709
f 2106/42/714 2105/42/711 2101/43/714
f 2098/43/711 2101/43/714 2105/42/711
f 2107/42/707 2101/43/715 2106/42/715
f 2101/43/715 2107/42/707 2102/43/707
f 2106/42/716 2101/43/716 2107/42/706
f 2102/43/706 2107/42/706 2101/43/716
f 2108/42/708 2102/43/707 2107/42/707
f 2102/43/707 2108/42/708 2100/43/708
f 2107/42/706 2102/43/706 2108/42/705
f 2100/43/705 2108/42/705 2102/43/706
f 2099/43/711 2108/42/712 2109/42/711
f 2108/42/712 2099/43/711 2100/43/712
f 2109/42/709 2108/42/710 2099/43/709
f 2100/43/710 2099/43/709 2108/42/710
f 2096/43/714 2109/42/711 2110/42/714
f 2109/42/711 2096/43/714 2099/43/711
f 2110/42/713 2109/42/709 2096/43/713
f 2099/43/709 2096/43/713 2109/42/709
f 2096/43/716 2104/42/706 2095/43/706
f 2104/42/706 2096/43/716 2110/42/716
f 2095/43/707 2104/42/707 2096/43/715
f 2110/42/715 2096/43/715 2104/42/707
f 2113/44/717 2112/45/718 2111/45/717
f 2112/45/718 2113/44/717 2114/44/718
f 2111/45/719 2112/45/720 2113/44/719
f 2114/44/720 2113/44/719 2112/45/720
f 2117/45/721 2116/44/722 2115/44/721
f 2116/44/722 2117/45/721 2118/45/722
f 2115/44/723 2116/44/724 2117/45/723
f 2118/45/724 2117/45/723 2116/44/724
f 2120/44/725 2111/45/717 2119/45/725
f 2111/45/717 2120/44/725 2113/44/717
f 2119/45/726 2111/45/719 2120/44/726
f 2113/44/719 2120/44/726 2111/45/719
f 2123/44/727 2122/45/728 2121/45/727
f 2122/45/728 2123/44/727 2124/44/728
f 2121/45/729 2122/45/730 2123/44/729
f 2124/44/730 2123/44/729 2122/45/730
f 2123/44/727 2112/45/731 2114/44/731
f 2112/45/731 2123/44/727 2121/45/727
f 2114/44/732 2112/45/732 2123/44/729
f 2121/45/729 2123/44/729 2112/45/732
f 2126/44/733 2118/45/734 2125/45/733
f 2118/45/734 2126/44/733 2116/44/734
f 2125/45/735 2118/45/736 2126/44/735
f 2116/44/736 2126/44/735 2118/45/736
f 2124/44/737 2125/45/733 2122/45/737
f 2125/45/733 2124/44/737 2126/44/733
f 2122/45/738 2125/45/735 2124/44/738
f 2126/44/735 2124/44/738 2125/45/735
f 2119/45/739 2115/44/721 2120/44/739
f 2115/44/721 2119/45/739 2117/45/721
f 2120/44/740 2115/44/723 2119/45/740
f 2117/45/723 2119/45/740 2115/44/723
f 2129/42/667 2128/42/667 2127/42/667
f 2128/42/667 2129/42/667 2130/42/667
f 2130/42/667 2129/42/667 2131/42/667
f 2130/42/667 2131/42/667 2132/42/667
f 2132/42/667 2131/42/667 2133/42/667
f 2132/42/667 2133/42/667 2134/42/667
f 2127/42/668 2128/42/668 2129/42/668
f 2130/42/668 2129/42/668 2128/42/668
f 2131/42/668 2129/42/668 2130/42/668
f 2132/42/668 2131/42/668 2130/42/668
f 2133/42/668 2131/42/668 2132/42/668
f 2134/42/668 2133/42/668 2132/42/668
f 2137/43/668 2136/43/668 2135/43/668
f 2136/43/668 2137/43/668 2138/43/668
f 2136/43/668 2138/43/668 2139/43/668
f 2139/43/668 2138/43/668 2140/43/668
f 2139/43/668 2140/43/668 2141/43/668
f 2141/43/668 2140/43/668 2142/43/668
f 2135/43/667 2136/43/667 2137/43/667
f 2138/43/667 2137/43/667 2136/43/667
f 2139/43/667 2138/43/667 2136/43/667
f 2140/43/667 2138/43/667 2139/43/667
f 2141/43/667 2140/43/667 2139/43/667
f 2142/43/667 2140/43/667 2141/43/667
f 2135/43/742 2128/42/741 2137/43/741
f 2128/42/741 2135/43/742 2127/42/742
f 2137/43/744 2128/42/744 2135/43/743
f 2127/42/743 2135/43/743 2128/42/744
f 2138/43/431 2128/42/745 2130/42/431
f 2128/42/745 2138/43/431 2137/43/745
f 2130/42/432 2128/42/746 2138/43/432
f 2137/43/746 2138/43/432 2128/42/746
f 2140/43/747 2130/42/431 2132/42/747
f 2130/42/431 2140/43/747 2138/43/431
f 2132/42/748 2130/42/432 2140/43/748
f 2138/43/432 2140/43/748 2130/42/432
f 2134/42/743 2140/43/749 2132/42/749
f 2140/43/749 2134/42/743 2142/43/743
f 2132/42/750 2140/43/750 2134/42/742
f 2142/43/742 2134/42/742 2140/43/750
f 2133/42/744 2142/43/743 2134/42/743
f 2142/43/743 2133/42/744 2141/43/744
f 2134/42/742 2142/43/742 2133/42/741
f 2141/43/741 2133/42/741 2142/43/742
f 2139/43/432 2133/42/746 2131/42/432
f 2133/42/746 2139/43/432 2141/43/746
f 2131/42/431 2133/42/745 2139/43/431
f 2141/43/745 2139/43/431 2133/42/745
f 2136/43/748 2131/42/432 2129/42/748
f 2131/42/432 2136/43/748 2139/43/432
f 2129/42/747 2131/42/431 2136/43/747
f 2139/43/431 2136/43/747 2131/42/431
f 2136/43/750 2127/42/742 2135/43/742
f 2127/42/742 2136/43/750 2129/42/750
f 2135/43/743 2127/42/743 2136/43/749
f 2129/42/749 2136/43/749 2127/42/743
f 2145/43/668 2144/43/668 2143/43/668
f 2144/43/668 2145/43/668 2146/43/668
f 2144/43/668 2146/43/668 2147/43/668
f 2147/43/668 2146/43/668 2148/43/668
f 2148/43/668 2146/43/668 2149/43/668
f 2148/43/668 2149/43/668 2150/43/668
f 2143/43/667 2144/43/667 2145/43/667
f 2146/43/667 2145/43/667 2144/43/667
f 2147/43/667 2146/43/667 2144/43/667
f 2148/43/667 2146/43/667 2147/43/667
f 2149/43/667 2146/43/667 2148/43/667
f 2150/43/667 2149/43/667 2148/43/667
f 2143/43/742 2151/42/741 2145/43/741
f 2151/42/741 2143/43/742 2152/42/742
f 2145/43/744 2151/42/744 2143/43/743
f 2152/42/743 2143/43/743 2151/42/744
f 2146/43/431 2151/42/745 2153/42/431
f 2151/42/745 2146/43/431 2145/43/745
f 2153/42/432 2151/42/746 2146/43/432
f 2145/43/746 2146/43/432 2151/42/746
f 2149/43/747 2153/42/431 2154/42/747
f 2153/42/431 2149/43/747 2146/43/431
f 2154/42/748 2153/42/432 2149/43/748
f 2146/43/432 2149/43/748 2153/42/432
f 2155/42/743 2149/43/749 2154/42/749
f 2149/43/749 2155/42/743 2150/43/743
f 2154/42/750 2149/43/750 2155/42/742
f 2150/43/742 2155/42/742 2149/43/750
f 2156/42/744 2150/43/743 2155/42/743
f 2150/43/743 2156/42/744 2148/43/744
f 2155/42/742 2150/43/742 2156/42/741
f 2148/43/741 2156/42/741 2150/43/742
f 2147/43/432 2156/42/746 2157/42/432
f 2156/42/746 2147/43/432 2148/43/746
f 2157/42/431 2156/42/745 2147/43/431
f 2148/43/745 2147/43/431 2156/42/745
f 2144/43/748 2157/42/432 2158/42/748
f 2157/42/432 2144/43/748 2147/43/432
f 2158/42/747 2157/42/431 2144/43/747
f 2147/43/431 2144/43/747 2157/42/431
f 2144/43/750 2152/42/742 2143/43/742
f 2152/42/742 2144/43/750 2158/42/750
f 2143/43/743 2152/42/743 2144/43/749
f 2158/42/749 2144/43/749 2152/42/743
f 2161/44/751 2160/45/752 2159/45/751
f 2160/45/752 2161/44/751 2162/44/752
f 2159/45/753 2160/45/754 2161/44/753
f 2162/44/754 2161/44/753 2160/45/754
f 2165/45/755 2164/44/756 2163/44/755
f 2164/44/756 2165/45/755 2166/45/756
f 2163/44/757 2164/44/758 2165/45/757
f 2166/45/758 2165/45/757 2164/44/758
f 2168/44/759 2159/45/751 2167/45/759
f 2159/45/751 2168/44/759 2161/44/751
f 2167/45/760 2159/45/753 2168/44/760
f 2161/44/753 2168/44/760 2159/45/753
f 2171/44/761 2170/45/762 2169/45/761
f 2170/45/762 2171/44/761 2172/44/762
f 2169/45/763 2170/45/764 2171/44/763
f 2172/44/764 2171/44/763 2170/45/764
f 2171/44/761 2160/45/765 2162/44/765
f 2160/45/765 2171/44/761 2169/45/761
f 2162/44/766 2160/45/766 2171/44/763
f 2169/45/763 2171/44/763 2160/45/766
f 2174/44/767 2166/45/768 2173/45/767
f 2166/45/768 2174/44/767 2164/44/768
f 2173/45/769 2166/45/770 2174/44/769
f 2164/44/770 2174/44/769 2166/45/770
f 2172/44/771 2173/45/767 2170/45/771
f 2173/45/767 2172/44/771 2174/44/767
f 2170/45/772 2173/45/769 2172/44/772
f 2174/44/769 2172/44/772 2173/45/769
f 2167/45/773 2163/44/755 2168/44/773
f 2163/44/755 2167/45/773 2165/45/755
f 2168/44/774 2163/44/757 2167/45/774
f 2165/45/757 2167/45/774 2163/44/757
f 2177/42/98 2176/42/98 2175/42/98
f 2176/42/98 2177/42/98 2178/42/98
f 2178/42/98 2177/42/98 2179/42/98
f 2178/42/98 2179/42/98 2180/42/98
f 2180/42/98 2179/42/98 2181/42/98
f 2180/42/98 2181/42/98 2182/42/98
f 2175/42/97 2176/42/97 2177/42/97
f 2178/42/97 2177/42/97 2176/42/97
f 2179/42/97 2177/42/97 2178/42/97
f 2180/42/97 2179/42/97 2178/42/97
f 2181/42/97 2179/42/97 2180/42/97
f 2182/42/97 2181/42/97 2180/42/97
f 2185/43/97 2184/43/97 2183/43/97
f 2184/43/97 2185/43/97 2186/43/97
f 2184/43/97 2186/43/97 2187/43/97
f 2187/43/97 2186/43/97 2188/43/97
f 2187/43/97 2188/43/97 2189/43/97
f 2189/43/97 2188/43/97 2190/43/97
f 2183/43/98 2184/43/98 2185/43/98
f 2186/43/98 2185/43/98 2184/43/98
f 2187/43/98 2186/43/98 2184/43/98
f 2188/43/98 2186/43/98 2187/43/98
f 2189/43/98 2188/43/98 2187/43/98
f 2190/43/98 2188/43/98 2189/43/98
f 2183/43/707 2176/42/708 2185/43/708
f 2176/42/708 2183/43/707 2175/42/707
f 2185/43/705 2176/42/705 2183/43/706
f 2175/42/706 2183/43/706 2176/42/705
f 2186/43/711 2176/42/712 2178/42/711
f 2176/42/712 2186/43/711 2185/43/712
f 2178/42/709 2176/42/710 2186/43/709
f 2185/43/710 2186/43/709 2176/42/710
f 2188/43/714 2178/42/711 2180/42/714
f 2178/42/711 2188/43/714 2186/43/711
f 2180/42/713 2178/42/709 2188/43/713
f 2186/43/709 2188/43/713 2178/42/709
f 2182/42/706 2188/43/716 2180/42/716
f 2188/43/716 2182/42/706 2190/43/706
f 2180/42/715 2188/43/715 2182/42/707
f 2190/43/707 2182/42/707 2188/43/715
f 2181/42/705 2190/43/706 2182/42/706
f 2190/43/706 2181/42/705 2189/43/705
f 2182/42/707 2190/43/707 2181/42/708
f 2189/43/708 2181/42/708 2190/43/707
f 2187/43/709 2181/42/710 2179/42/709
f 2181/42/710 2187/43/709 2189/43/710
f 2179/42/711 2181/42/712 2187/43/711
f 2189/43/712 2187/43/711 2181/42/712
f 2184/43/713 2179/42/709 2177/42/713
f 2179/42/709 2184/43/713 2187/43/709
f 2177/42/714 2179/42/711 2184/43/714
f 2187/43/711 2184/43/714 2179/42/711
f 2184/43/715 2175/42/707 2183/43/707
f 2175/42/707 2184/43/715 2177/42/715
f 2183/43/706 2175/42/706 2184/43/716
f 2177/42/716 2184/43/716 2175/42/706
f 2193/43/97 2192/43/97 2191/43/97
f 2192/43/97 2193/43/97 2194/43/97
f 2192/43/97 2194/43/97 2195/43/97
f 2195/43/97 2194/43/97 2196/43/97
f 2196/43/97 2194/43/97 2197/43/97
f 2196/43/97 2197/43/97 2198/43/97
f 2191/43/98 2192/43/98 2193/43/98
f 2194/43/98 2193/43/98 2192/43/98
f 2195/43/98 2194/43/98 2192/43/98
f 2196/43/98 2194/43/98 2195/43/98
f 2197/43/98 2194/43/98 2196/43/98
f 2198/43/98 2197/43/98 2196/43/98
f 2191/43/707 2199/42/708 2193/43/708
f 2199/42/708 2191/43/707 2200/42/707
f 2193/43/705 2199/42/705 2191/43/706
f 2200/42/706 2191/43/706 2199/42/705
f 2194/43/711 2199/42/712 2201/42/711
f 2199/42/712 2194/43/711 2193/43/712
f 2201/42/709 2199/42/710 2194/43/709
f 2193/43/710 2194/43/709 2199/42/710
f 2197/43/714 2201/42/711 2202/42/714
f 2201/42/711 2197/43/714 2194/43/711
f 2202/42/713 2201/42/709 2197/43/713
f 2194/43/709 2197/43/713 2201/42/709
f 2203/42/706 2197/43/716 2202/42/716
f 2197/43/716 2203/42/706 2198/43/706
f 2202/42/715 2197/43/715 2203/42/707
f 2198/43/707 2203/42/707 2197/43/715
f 2204/42/705 2198/43/706 2203/42/706
f 2198/43/706 2204/42/705 2196/43/705
f 2203/42/707 2198/43/707 2204/42/708
f 2196/43/708 2204/42/708 2198/43/707
f 2195/43/709 2204/42/710 2205/42/709
f 2204/42/710 2195/43/709 2196/43/710
f 2205/42/711 2204/42/712 2195/43/711
f 2196/43/712 2195/43/711 2204/42/712
f 2192/43/713 2205/42/709 2206/42/713
f 2205/42/709 2192/43/713 2195/43/709
f 2206/42/714 2205/42/711 2192/43/714
f 2195/43/711 2192/43/714 2205/42/711
f 2192/43/715 2200/42/707 2191/43/707
f 2200/42/707 2192/43/715 2206/42/715
f 2191/43/706 2200/42/706 2192/43/716
f 2206/42/716 2192/43/716 2200/42/706
f 2209/44/733 2208/45/734 2207/45/733
f 2208/45/734 2209/44/733 2210/44/734
f 2207/45/735 2208/45/736 2209/44/735
f 2210/44/736 2209/44/735 2208/45/736
f 2213/45/727 2212/44/731 2211/44/727
f 2212/44/731 2213/45/727 2214/45/731
f 2211/44/729 2212/44/732 2213/45/729
f 2214/45/732 2213/45/729 2212/44/732
f 2216/44/737 2207/45/733 2215/45/737
f 2207/45/733 2216/44/737 2209/44/733
f 2215/45/738 2207/45/735 2216/44/738
f 2209/44/735 2216/44/738 2207/45/735
f 2219/44/721 2218/45/739 2217/45/721
f 2218/45/739 2219/44/721 2220/44/739
f 2217/45/723 2218/45/740 2219/44/723
f 2220/44/740 2219/44/723 2218/45/740
f 2219/44/721 2208/45/722 2210/44/722
f 2208/45/722 2219/44/721 2217/45/721
f 2210/44/724 2208/45/724 2219/44/723
f 2217/45/723 2219/44/723 2208/45/724
f 2222/44/717 2214/45/718 2221/45/717
f 2214/45/718 2222/44/717 2212/44/718
f 2221/45/719 2214/45/720 2222/44/719
f 2212/44/720 2222/44/719 2214/45/720
f 2220/44/725 2221/45/717 2218/45/725
f 2221/45/717 2220/44/725 2222/44/717
f 2218/45/726 2221/45/719 2220/44/726
f 2222/44/719 2220/44/726 2221/45/719
f 2215/45/728 2211/44/727 2216/44/728
f 2211/44/727 2215/45/728 2213/45/727
f 2216/44/730 2211/44/729 2215/45/730
f 2213/45/729 2215/45/730 2211/44/729

