# Created by Kenney (www.kenney.nl)

mtllib room-large-variation.mtl

g room-large-variation

v 8.497211 0 -6.747846 1 1 1
v 8.393683 0 -6.361475 1 1 1
v 8.435973 0.1 -6.712491 1 1 1
v 8.358328 0.1 -6.422712 1 1 1
v 8.524198 0 -6.248742 1 1 1
v 8.717382 0 -6.300506 1 1 1
v 8.554816 0.05 -6.231064 1 1 1
v 8.699705 0.05 -6.269887 1 1 1
v 8.007313 0 -6.465003 1 1 1
v 8.11084 0 -6.851374 1 1 1
v 8.06855 0.1 -6.500359 1 1 1
v 8.146195 0.1 -6.790136 1 1 1
v 8.738527 0.05 -6.124998 1 1 1
v 8.593639 0.05 -6.086175 1 1 1
v 8.769146 0 -6.107321 1 1 1
v 8.575961 0 -6.055557 1 1 1
v 6.356916 0.05 -8.649965 1 1 1
v 6.569048 0.05 -8.437833 1 1 1
v 6.144784 0.05 -8.437833 1 1 1
v 6.356916 0.05 -8.225701 1 1 1
v 6.639759 0 -8.437833 1 1 1
v 6.356916 0 -8.15499 1 1 1
v 6.356916 0 -8.720676 1 1 1
v 6.074073 0 -8.437833 1 1 1
v 7.181537 0 -8.27163 1 1 1
v 7.146182 0.05 -8.210393 1 1 1
v 6.795166 0 -8.168102 1 1 1
v 6.856404 0.05 -8.132748 1 1 1
v 6.898694 0 -7.781732 1 1 1
v 6.93405 0.05 -7.842969 1 1 1
v 6.498346 0 -7.582727 1 1 1
v 6.498346 0 -7.782728 1 1 1
v 6.523346 0.1 -7.607728 1 1 1
v 6.523346 0.1 -7.757728 1 1 1
v 6.673346 0.1 -7.757728 1 1 1
v 6.673347 0.1 -7.607728 1 1 1
v 7.223827 0.05 -7.920615 1 1 1
v 7.285065 0 -7.88526 1 1 1
v 6.698346 0 -7.782728 1 1 1
v 6.698346 0 -7.582727 1 1 1
v 6 0 -10 1 1 1
v 8.828427 0 -8.828427 1 1 1
v 6 0 -6 1 1 1
v 10 0 -6 1 1 1
v -8.497211 0 6.747846 1 1 1
v -8.393682 0 6.361475 1 1 1
v -8.435973 0.1 6.712491 1 1 1
v -8.358328 0.1 6.422713 1 1 1
v -8.524198 0 6.248742 1 1 1
v -8.717382 0 6.300506 1 1 1
v -8.554815 0.05 6.231065 1 1 1
v -8.699705 0.05 6.269887 1 1 1
v -8.007313 0 6.465003 1 1 1
v -8.11084 0 6.851374 1 1 1
v -8.06855 0.1 6.500359 1 1 1
v -8.146195 0.1 6.790136 1 1 1
v -8.738527 0.05 6.124999 1 1 1
v -8.593638 0.05 6.086176 1 1 1
v -8.769146 0 6.107321 1 1 1
v -8.575961 0 6.055557 1 1 1
v -6.356916 0.05 8.649966 1 1 1
v -6.569048 0.05 8.437834 1 1 1
v -6.144784 0.05 8.437834 1 1 1
v -6.356916 0.05 8.225702 1 1 1
v -6.639759 0 8.437834 1 1 1
v -6.356916 0 8.154991 1 1 1
v -6.356916 0 8.720676 1 1 1
v -6.074074 0 8.437834 1 1 1
v -7.181537 0 8.271631 1 1 1
v -7.146182 0.05 8.210394 1 1 1
v -6.795167 0 8.168103 1 1 1
v -6.856404 0.05 8.132748 1 1 1
v -6.898694 0 7.781733 1 1 1
v -6.93405 0.05 7.84297 1 1 1
v -6.498346 0 7.582728 1 1 1
v -6.498346 0 7.782728 1 1 1
v -6.523346 0.1 7.607728 1 1 1
v -6.523346 0.1 7.757729 1 1 1
v -6.673347 0.1 7.757728 1 1 1
v -6.673347 0.1 7.607728 1 1 1
v -7.223827 0.05 7.920616 1 1 1
v -7.285065 0 7.885261 1 1 1
v -6.698346 0 7.782728 1 1 1
v -6.698346 0 7.582728 1 1 1
v -6 0 10 1 1 1
v -8.828427 0 8.828427 1 1 1
v -6 0 6 1 1 1
v -10 0 6 1 1 1
v -2.747846 3.609557E-16 -4.497211 1 1 1
v -2.361476 3.609557E-16 -4.393683 1 1 1
v -2.712491 0.1 -4.435974 1 1 1
v -2.422713 0.1 -4.358328 1 1 1
v -2.248743 3.609557E-16 -4.524198 1 1 1
v -2.300506 3.609557E-16 -4.717383 1 1 1
v -2.231065 0.05 -4.554816 1 1 1
v -2.269888 0.05 -4.699705 1 1 1
v -2.465003 3.609557E-16 -4.007313 1 1 1
v -2.851374 3.609557E-16 -4.110841 1 1 1
v -2.500359 0.1 -4.06855 1 1 1
v -2.790137 0.1 -4.146196 1 1 1
v -2.124999 0.05 -4.738528 1 1 1
v -2.086176 0.05 -4.593639 1 1 1
v -2.107321 3.609557E-16 -4.769147 1 1 1
v -2.055557 3.609557E-16 -4.575962 1 1 1
v -4.649966 0.05 -2.356917 1 1 1
v -4.437834 0.05 -2.569049 1 1 1
v -4.437834 0.05 -2.144785 1 1 1
v -4.225701 0.05 -2.356917 1 1 1
v -4.437834 3.609557E-16 -2.63976 1 1 1
v -4.154991 3.609557E-16 -2.356917 1 1 1
v -4.720676 3.609557E-16 -2.356917 1 1 1
v -4.437834 3.609557E-16 -2.074074 1 1 1
v -4.271631 3.609557E-16 -3.181537 1 1 1
v -4.210393 0.05 -3.146182 1 1 1
v -4.168103 3.609557E-16 -2.795167 1 1 1
v -4.132748 0.05 -2.856404 1 1 1
v -3.781733 3.609557E-16 -2.898695 1 1 1
v -3.84297 0.05 -2.93405 1 1 1
v -3.582728 3.609557E-16 -2.498347 1 1 1
v -3.782728 3.609557E-16 -2.498347 1 1 1
v -3.607728 0.1 -2.523347 1 1 1
v -3.757728 0.1 -2.523347 1 1 1
v -3.757728 0.1 -2.673347 1 1 1
v -3.607728 0.1 -2.673347 1 1 1
v -3.920616 0.05 -3.223828 1 1 1
v -3.88526 3.609557E-16 -3.285065 1 1 1
v -3.782728 3.609557E-16 -2.698347 1 1 1
v -3.582728 3.609557E-16 -2.698347 1 1 1
v -6 3.609557E-16 -2 1 1 1
v -4.828427 3.609557E-16 -4.828427 1 1 1
v -2 3.609557E-16 -2 1 1 1
v -2 3.609557E-16 -6 1 1 1
v 2.747846 0 4.497211 1 1 1
v 2.361476 0 4.393684 1 1 1
v 2.712491 0.1 4.435974 1 1 1
v 2.422713 0.1 4.358328 1 1 1
v 2.248743 0 4.524198 1 1 1
v 2.300506 0 4.717383 1 1 1
v 2.231065 0.05 4.554817 1 1 1
v 2.269888 0.05 4.699706 1 1 1
v 2.465003 0 4.007314 1 1 1
v 2.851374 0 4.110841 1 1 1
v 2.500359 0.1 4.068551 1 1 1
v 2.790137 0.1 4.146196 1 1 1
v 2.124999 0.05 4.738528 1 1 1
v 2.086176 0.05 4.593639 1 1 1
v 2.107321 0 4.769147 1 1 1
v 2.055557 0 4.575962 1 1 1
v 4.649966 0.05 2.356917 1 1 1
v 4.437834 0.05 2.569049 1 1 1
v 4.437834 0.05 2.144785 1 1 1
v 4.225701 0.05 2.356917 1 1 1
v 4.437834 0 2.63976 1 1 1
v 4.154991 0 2.356917 1 1 1
v 4.720676 0 2.356917 1 1 1
v 4.437834 0 2.074075 1 1 1
v 4.271631 0 3.181538 1 1 1
v 4.210393 0.05 3.146183 1 1 1
v 4.168103 0 2.795167 1 1 1
v 4.132748 0.05 2.856405 1 1 1
v 3.781733 0 2.898695 1 1 1
v 3.84297 0.05 2.934051 1 1 1
v 3.582728 0 2.498347 1 1 1
v 3.782728 0 2.498347 1 1 1
v 3.607728 0.1 2.523347 1 1 1
v 3.757728 0.1 2.523347 1 1 1
v 3.757728 0.1 2.673347 1 1 1
v 3.607728 0.1 2.673347 1 1 1
v 3.920616 0.05 3.223828 1 1 1
v 3.88526 0 3.285065 1 1 1
v 3.782728 0 2.698347 1 1 1
v 3.582728 0 2.698347 1 1 1
v 6 0 2 1 1 1
v 4.828427 0 4.828427 1 1 1
v 2 0 2 1 1 1
v 2 0 6 1 1 1
v 2 3.609557E-16 -6 1 1 1
v 2 3.609557E-16 -2 1 1 1
v -2 0 6 1 1 1
v -2 0 10 1 1 1
v -6 0 6 1 1 1
v 10 0 -2 1 1 1
v 6 0 -6 1 1 1
v 6 0 -2 1 1 1
v -6 0 2 1 1 1
v -10 0 2 1 1 1
v -10 0 6 1 1 1
v 5.296844 3.609557E-16 -8.432192 1 1 1
v 5.266226 0.05 -8.449869 1 1 1
v 5.24508 3.609557E-16 -8.625377 1 1 1
v 5.227403 0.05 -8.594759 1 1 1
v 5.051895 3.609557E-16 -8.573613 1 1 1
v 5.082514 0.05 -8.555936 1 1 1
v 5.547955 3.609557E-16 -8.714653 1 1 1
v 5.934325 3.609557E-16 -8.611126 1 1 1
v 5.58331 0.1 -8.653416 1 1 1
v 5.873088 0.1 -8.57577 1 1 1
v 5.830798 3.609557E-16 -8.224755 1 1 1
v 5.795443 0.1 -8.285993 1 1 1
v 2.928111 3.609557E-16 -8.006433 1 1 1
v 2.903111 0.1 -8.031433 1 1 1
v 2.928111 3.609557E-16 -8.206433 1 1 1
v 2.903111 0.1 -8.181433 1 1 1
v 2.753111 0.1 -8.031433 1 1 1
v 2.753111 0.1 -8.181433 1 1 1
v 2.728111 3.609557E-16 -8.206433 1 1 1
v 2.728111 3.609557E-16 -8.006433 1 1 1
v 5.444427 3.609557E-16 -8.328283 1 1 1
v 5.505665 0.1 -8.363638 1 1 1
v 5.103659 3.609557E-16 -8.380428 1 1 1
v 5.121337 0.05 -8.411047 1 1 1
v 2.25043 0.05 -8.49822 1 1 1
v 2.462562 0.05 -8.710353 1 1 1
v 2.462562 0.05 -8.286089 1 1 1
v 2.674694 0.05 -8.49822 1 1 1
v 2.462562 3.609557E-16 -8.215378 1 1 1
v 2.745404 3.609557E-16 -8.49822 1 1 1
v 3.109589 -2.52669E-15 -8.097594 1 1 1
v 3.144945 0.05 -8.158832 1 1 1
v 3.49596 -2.52669E-15 -8.201122 1 1 1
v 3.434722 0.05 -8.236477 1 1 1
v 2.179719 3.609557E-16 -8.49822 1 1 1
v 2.462562 3.609557E-16 -8.781063 1 1 1
v 3.006062 -2.52669E-15 -8.483965 1 1 1
v 3.392432 -2.52669E-15 -8.587492 1 1 1
v 3.067299 0.05 -8.448609 1 1 1
v 3.357077 0.05 -8.526255 1 1 1
v -5.296844 7.219114E-16 8.432192 1 1 1
v -5.266226 0.05 8.449869 1 1 1
v -5.24508 7.219114E-16 8.625377 1 1 1
v -5.227403 0.05 8.594759 1 1 1
v -5.051895 7.219114E-16 8.573613 1 1 1
v -5.082514 0.05 8.555936 1 1 1
v -5.547955 7.219114E-16 8.714653 1 1 1
v -5.934325 7.219114E-16 8.611126 1 1 1
v -5.58331 0.1 8.653416 1 1 1
v -5.873088 0.1 8.57577 1 1 1
v -5.830798 7.219114E-16 8.224755 1 1 1
v -5.795443 0.1 8.285993 1 1 1
v -2.928111 7.219114E-16 8.006433 1 1 1
v -2.903111 0.1 8.031433 1 1 1
v -2.928111 7.219114E-16 8.206433 1 1 1
v -2.903111 0.1 8.181433 1 1 1
v -2.753111 0.1 8.031433 1 1 1
v -2.753111 0.1 8.181433 1 1 1
v -2.728111 7.219114E-16 8.206433 1 1 1
v -2.728111 7.219114E-16 8.006433 1 1 1
v -5.444427 7.219114E-16 8.328283 1 1 1
v -5.505665 0.1 8.363638 1 1 1
v -5.103659 7.219114E-16 8.380428 1 1 1
v -5.121337 0.05 8.411047 1 1 1
v -2.25043 0.05 8.49822 1 1 1
v -2.462562 0.05 8.710353 1 1 1
v -2.462562 0.05 8.286089 1 1 1
v -2.674694 0.05 8.49822 1 1 1
v -2.462562 7.219114E-16 8.215378 1 1 1
v -2.745404 7.219114E-16 8.49822 1 1 1
v -3.109589 -2.165734E-15 8.097594 1 1 1
v -3.144945 0.05 8.158832 1 1 1
v -3.49596 -2.165734E-15 8.201122 1 1 1
v -3.434722 0.05 8.236477 1 1 1
v -2.179719 7.219114E-16 8.49822 1 1 1
v -2.462562 7.219114E-16 8.781063 1 1 1
v -3.006062 -2.165734E-15 8.483965 1 1 1
v -3.392432 -2.165734E-15 8.587492 1 1 1
v -3.067299 0.05 8.448609 1 1 1
v -3.357077 0.05 8.526255 1 1 1
v 2 0 -2 1 1 1
v 6 0 -10 1 1 1
v 2 0 -10 1 1 1
v 2 0 -6 1 1 1
v -0.7954946 3.609557E-16 1.555092 1 1 1
v -0.6023095 3.609557E-16 1.503328 1 1 1
v -0.7648759 0.05 1.572769 1 1 1
v -0.6199872 0.05 1.533946 1 1 1
v -0.7437308 3.609557E-16 1.748277 1 1 1
v -0.7260532 0.05 1.717658 1 1 1
v -1.182219 3.609557E-16 0.4895924 1 1 1
v -1.146863 0.1 0.5508296 1 1 1
v -1.285746 3.609557E-16 0.8759627 1 1 1
v -1.224509 0.1 0.8406074 1 1 1
v -0.5505457 3.609557E-16 1.696513 1 1 1
v -0.5811644 0.05 1.678835 1 1 1
v -0.7958486 3.609557E-16 0.5931201 1 1 1
v -0.8993759 3.609557E-16 0.9794905 1 1 1
v -0.8570859 0.1 0.6284754 1 1 1
v -0.9347315 0.1 0.9182532 1 1 1
v -1.419634 3.486414E-16 0.8849598 1 1 1
v -1.806004 3.486414E-16 0.9884875 1 1 1
v -1.480871 0.1 0.8496045 1 1 1
v -1.770649 0.1 0.9272503 1 1 1
v -1.523161 3.486414E-16 0.4985895 1 1 1
v -1.558517 0.1 0.5598267 1 1 1
v -1.909532 3.486414E-16 0.6021171 1 1 1
v -1.848294 0.1 0.6374725 1 1 1
v -2.814874 0.05 3.505814 1 1 1
v -2.850229 3.486414E-16 3.567051 1 1 1
v -2.892519 0.05 3.216036 1 1 1
v -2.953757 3.486414E-16 3.180681 1 1 1
v -2.952761 3.486414E-16 2.780333 1 1 1
v -2.952761 3.486414E-16 2.980333 1 1 1
v -2.977761 0.1 2.805333 1 1 1
v -2.977761 0.1 2.955333 1 1 1
v -3.152761 3.486414E-16 2.780333 1 1 1
v -3.127761 0.1 2.805333 1 1 1
v -3.152761 3.486414E-16 2.980333 1 1 1
v -3.127761 0.1 2.955333 1 1 1
v -2.567387 3.486414E-16 3.077153 1 1 1
v -2.602742 0.05 3.13839 1 1 1
v -2.463859 3.486414E-16 3.463523 1 1 1
v -2.525096 0.05 3.428168 1 1 1
v 0.4223356 3.486414E-16 -0.9390757 1 1 1
v 0.4223356 3.486414E-16 -0.7390757 1 1 1
v 0.3973355 0.1 -0.9140756 1 1 1
v 0.3973355 0.1 -0.7640758 1 1 1
v 0.8077102 3.486414E-16 -0.6422553 1 1 1
v 0.7723551 0.05 -0.581018 1 1 1
v 0.42134 3.486414E-16 -0.5387278 1 1 1
v 0.4825773 0.05 -0.5033724 1 1 1
v 1.30726 3.486414E-16 0.4768813 1 1 1
v 0.9208896 3.486414E-16 0.3733535 1 1 1
v 1.271905 0.1 0.4156439 1 1 1
v 0.982127 0.1 0.3379983 1 1 1
v 0.2223356 3.486414E-16 -0.9390757 1 1 1
v 0.2473354 0.1 -0.9140756 1 1 1
v 0.911238 3.486414E-16 -0.2558849 1 1 1
v 0.5248675 3.486414E-16 -0.1523576 1 1 1
v 0.8500006 0.05 -0.2912405 1 1 1
v 0.5602229 0.05 -0.2135947 1 1 1
v 1.237099 0.1 -1.250572 1 1 1
v 0.956466 0.1 -1.14453 1 1 1
v 1.131057 0.1 -1.531205 1 1 1
v 0.8504236 0.1 -1.425163 1 1 1
v 0.2223356 3.486414E-16 -0.7390757 1 1 1
v 0.2473354 0.1 -0.7640758 1 1 1
v 1.34955 0.1 0.1258662 1 1 1
v 1.059772 0.1 0.04822052 1 1 1
v 1.024417 3.486414E-16 -0.0130167 1 1 1
v 1.410788 3.486414E-16 0.09051096 1 1 1
v 0.7859776 3.486414E-16 -1.454261 1 1 1
v 1.160155 3.486414E-16 -1.595651 1 1 1
v 0.9273674 3.486414E-16 -1.080084 1 1 1
v 1.301545 3.486414E-16 -1.221473 1 1 1
v -4.832128 3.486414E-16 5.168736 1 1 1
v -5.218498 3.486414E-16 5.272263 1 1 1
v -4.893365 0.05 5.13338 1 1 1
v -5.183143 0.05 5.211026 1 1 1
v -4.971011 0.05 4.843602 1 1 1
v -5.260788 0.05 4.921248 1 1 1
v -4.935655 3.486414E-16 4.782365 1 1 1
v -5.322025 3.486414E-16 4.885893 1 1 1
v -4.762921 3.486414E-16 4.515273 1 1 1
v -4.956106 3.486414E-16 4.567037 1 1 1
v -4.793539 0.05 4.497596 1 1 1
v -4.938428 0.05 4.536418 1 1 1
v -5.00787 3.486414E-16 4.373852 1 1 1
v -4.977251 0.05 4.39153 1 1 1
v -4.814684 3.486414E-16 4.322088 1 1 1
v -4.832362 0.05 4.352707 1 1 1
v 1.184717 0.05 4.970246 1 1 1
v 1.039828 0.05 5.009069 1 1 1
v 1.145894 0.05 4.825357 1 1 1
v 1.001005 0.05 4.86418 1 1 1
v 0.9703865 3.486414E-16 4.846502 1 1 1
v 1.163572 3.486414E-16 4.794739 1 1 1
v 1.215336 3.486414E-16 4.987924 1 1 1
v 1.022151 3.486414E-16 5.039688 1 1 1
v -4.253141 3.486414E-16 0.1142263 1 1 1
v -5.412252 3.486414E-16 -0.1963565 1 1 1
v -4.359207 0.1 -0.06948519 1 1 1
v -5.228541 0.1 -0.3024225 1 1 1
v -4.714078 0.1 0.4531839 1 1 1
v -4.714078 0.1 0.753184 1 1 1
v -5.014078 0.1 0.4531839 1 1 1
v -5.014078 0.1 0.753184 1 1 1
v -4.664078 3.486414E-16 0.4031839 1 1 1
v -4.664078 3.486414E-16 0.8031839 1 1 1
v -5.064078 3.486414E-16 0.4031839 1 1 1
v -4.417786 3.486414E-16 0.4669713 1 1 1
v -4.295311 0.2 0.5376818 1 1 1
v -4.210731 3.486414E-16 1.239712 1 1 1
v -4.14002 0.2 1.117237 1 1 1
v -3.43799 3.486414E-16 1.032657 1 1 1
v -3.560464 0.2 0.961946 1 1 1
v -3.942559 3.486414E-16 -1.044885 1 1 1
v -4.12627 0.1 -0.9388187 1 1 1
v -4.995604 0.1 -1.171756 1 1 1
v -5.101669 3.486414E-16 -1.355468 1 1 1
v -5.064078 3.486414E-16 0.8031839 1 1 1
v -3.715756 0.2 0.3823905 1 1 1
v -3.645045 3.486414E-16 0.2599159 1 1 1
v 2 3.609557E-16 -2 1 1 1
v 2 3.609557E-16 6 1 1 1
v -6 3.609557E-16 -2 1 1 1
v -6 3.609557E-16 6 1 1 1
v 3.774421 0 -3.827896 1 1 1
v 2.61531 0 -4.138479 1 1 1
v 3.668355 0.1 -4.011608 1 1 1
v 2.799022 0.1 -4.244545 1 1 1
v 5.211001 0.1 -4.906262 1 1 1
v 4.930368 0.1 -4.80022 1 1 1
v 5.104959 0.1 -5.186895 1 1 1
v 4.824326 0.1 -5.080853 1 1 1
v 3.901292 0.1 -4.880941 1 1 1
v 3.031959 0.1 -5.113878 1 1 1
v 3.609777 0 -3.475151 1 1 1
v 3.732251 0.2 -3.40444 1 1 1
v 3.816832 0 -2.70241 1 1 1
v 3.887543 0.2 -2.824885 1 1 1
v 4.467098 0.2 -2.980176 1 1 1
v 4.311807 0.2 -3.559732 1 1 1
v 4.589572 0 -2.909466 1 1 1
v 4.085004 0 -4.987007 1 1 1
v 2.925893 0 -5.29759 1 1 1
v 2.772713 0.05 -2.664359 1 1 1
v 2.482935 0.05 -2.586713 1 1 1
v 2.695067 0.05 -2.954137 1 1 1
v 2.40529 0.05 -2.876491 1 1 1
v 2.44758 0 -2.525476 1 1 1
v 2.344052 0 -2.911846 1 1 1
v 2.83395 0 -2.629004 1 1 1
v 2.730422 0 -3.015374 1 1 1
v 4.75988 0 -5.109951 1 1 1
v 4.90127 0 -4.735774 1 1 1
v 5.134058 0 -5.251342 1 1 1
v 5.275447 0 -4.877164 1 1 1
v 5.385044 0 -2.603208 1 1 1
v 5.578229 0 -2.654972 1 1 1
v 5.415662 0.05 -2.58553 1 1 1
v 5.560551 0.05 -2.624353 1 1 1
v 5.599374 0.05 -2.479465 1 1 1
v 5.454485 0.05 -2.440641 1 1 1
v 4.382517 0 -3.682206 1 1 1
v 5.629992 0 -2.461787 1 1 1
v 5.436808 0 -2.410023 1 1 1
v 3.069483 0 -5.720207 1 1 1
v 3.262668 0 -5.771971 1 1 1
v 3.100101 0.05 -5.702529 1 1 1
v 3.24499 0.05 -5.741352 1 1 1
v 3.283813 0.05 -5.596463 1 1 1
v 3.138924 0.05 -5.55764 1 1 1
v 3.121247 0 -5.527021 1 1 1
v 3.314432 0 -5.578785 1 1 1
v 3.313485 0.1 -3.488938 1 1 1
v 3.313485 0.1 -3.188938 1 1 1
v 3.013485 0.1 -3.488938 1 1 1
v 3.013485 0.1 -3.188938 1 1 1
v 3.363485 0 -3.538938 1 1 1
v 3.363485 0 -3.138938 1 1 1
v 2.963485 0 -3.538938 1 1 1
v 2.963485 0 -3.138938 1 1 1
v 4.196238 0 -4.594766 1 1 1
v 4.221238 0.1 -4.569766 1 1 1
v 4.196238 0 -4.394766 1 1 1
v 4.221238 0.1 -4.419766 1 1 1
v 4.371238 0.1 -4.569766 1 1 1
v 4.371238 0.1 -4.419766 1 1 1
v 4.396238 0 -4.594766 1 1 1
v 4.396238 0 -4.394766 1 1 1
v 4.823903 0.05 -3.946931 1 1 1
v 4.534125 0.05 -3.869285 1 1 1
v 4.746257 0.05 -4.236709 1 1 1
v 4.45648 0.05 -4.159063 1 1 1
v 4.49877 0 -3.808048 1 1 1
v 4.395242 0 -4.194418 1 1 1
v 5.323452 0.1 -3.529824 1 1 1
v 5.245807 0.1 -3.240047 1 1 1
v 5.033675 0.1 -3.60747 1 1 1
v 4.956029 0.1 -3.317692 1 1 1
v 5.38469 0 -3.56518 1 1 1
v 5.281162 0 -3.178809 1 1 1
v 4.88514 0 -3.911575 1 1 1
v 4.781612 0 -4.297946 1 1 1
v 4.894792 0 -3.282337 1 1 1
v 4.99832 0 -3.668707 1 1 1
v 2 0 10 1 1 1
v -0.2255788 0 8.172104 1 1 1
v -1.38469 0 7.861521 1 1 1
v -0.3316448 0.1 7.988392 1 1 1
v -1.200978 0.1 7.755455 1 1 1
v 1.211001 0.1 7.093738 1 1 1
v 0.9303683 0.1 7.19978 1 1 1
v 1.104959 0.1 6.813105 1 1 1
v 0.8243259 0.1 6.919147 1 1 1
v -0.09870771 0.1 7.119059 1 1 1
v -0.9680409 0.1 6.886122 1 1 1
v -0.3902232 0 8.524849 1 1 1
v -0.2677487 0.2 8.59556 1 1 1
v -0.183168 0 9.297589 1 1 1
v -0.1124573 0.2 9.175116 1 1 1
v 0.4670982 0.2 9.019824 1 1 1
v 0.3118067 0.2 8.440269 1 1 1
v 0.5895726 0 9.090534 1 1 1
v 0.08500402 0 7.012993 1 1 1
v -1.074107 0 6.70241 1 1 1
v -1.227287 0.05 9.335641 1 1 1
v -1.517065 0.05 9.413286 1 1 1
v -1.304933 0.05 9.045863 1 1 1
v -1.59471 0.05 9.123508 1 1 1
v -1.55242 0 9.474524 1 1 1
v -1.655948 0 9.088154 1 1 1
v -1.16605 0 9.370996 1 1 1
v -1.269577 0 8.984626 1 1 1
v 0.7598799 0 6.890049 1 1 1
v 0.9012698 0 7.264226 1 1 1
v 1.134058 0 6.748658 1 1 1
v 1.275447 0 7.122836 1 1 1
v 1.385044 0 9.396791 1 1 1
v 1.578229 0 9.345028 1 1 1
v 1.415662 0.05 9.41447 1 1 1
v 1.560551 0.05 9.375647 1 1 1
v 1.599374 0.05 9.520535 1 1 1
v 1.454485 0.05 9.559359 1 1 1
v 0.3825174 0 8.317794 1 1 1
v 1.629993 0 9.538214 1 1 1
v 1.436807 0 9.589977 1 1 1
v -0.9305171 0 6.279793 1 1 1
v -0.737332 0 6.228029 1 1 1
v -0.8998985 0.05 6.297471 1 1 1
v -0.7550097 0.05 6.258648 1 1 1
v -0.7161868 0.05 6.403537 1 1 1
v -0.8610756 0.05 6.44236 1 1 1
v -0.8787533 0 6.472979 1 1 1
v -0.6855682 0 6.421215 1 1 1
v -0.6865153 0.1 8.511062 1 1 1
v -0.6865153 0.1 8.811062 1 1 1
v -0.9865153 0.1 8.511062 1 1 1
v -0.9865153 0.1 8.811062 1 1 1
v -0.6365153 0 8.461061 1 1 1
v -0.6365153 0 8.861062 1 1 1
v -1.036515 0 8.461061 1 1 1
v -1.036515 0 8.861062 1 1 1
v 0.1962378 0 7.405234 1 1 1
v 0.2212377 0.1 7.430234 1 1 1
v 0.1962378 0 7.605234 1 1 1
v 0.2212377 0.1 7.580234 1 1 1
v 0.3712378 0.1 7.430234 1 1 1
v 0.3712378 0.1 7.580234 1 1 1
v 0.3962377 0 7.405234 1 1 1
v 0.3962377 0 7.605234 1 1 1
v 0.823903 0.05 8.053069 1 1 1
v 0.5341253 0.05 8.130715 1 1 1
v 0.7462572 0.05 7.763291 1 1 1
v 0.4564795 0.05 7.840937 1 1 1
v 0.4987699 0 8.191952 1 1 1
v 0.3952423 0 7.805582 1 1 1
v 1.323453 0.1 8.470176 1 1 1
v 1.245807 0.1 8.759953 1 1 1
v 1.033675 0.1 8.39253 1 1 1
v 0.9560292 0.1 8.682308 1 1 1
v 1.38469 0 8.43482 1 1 1
v 1.281162 0 8.821191 1 1 1
v 0.8851402 0 8.088425 1 1 1
v 0.7816126 0 7.702054 1 1 1
v 0.894792 0 8.717663 1 1 1
v 0.9983196 0 8.331293 1 1 1
v 2 3.609557E-16 -10 1 1 1
v 2 3.609557E-16 -6 1 1 1
v -2 3.609557E-16 -10 1 1 1
v -2 3.609557E-16 -6 1 1 1
v -0.2255788 3.609557E-16 -7.827896 1 1 1
v -1.38469 3.609557E-16 -8.138478 1 1 1
v -0.3316448 0.1 -8.011607 1 1 1
v -1.200978 0.1 -8.244545 1 1 1
v 1.211001 0.1 -8.906262 1 1 1
v 0.9303683 0.1 -8.80022 1 1 1
v 1.104959 0.1 -9.186895 1 1 1
v 0.8243259 0.1 -9.080853 1 1 1
v -0.09870771 0.1 -8.88094 1 1 1
v -0.9680409 0.1 -9.113878 1 1 1
v -0.3902232 3.609557E-16 -7.475151 1 1 1
v -0.2677487 0.2 -7.40444 1 1 1
v -0.183168 3.609557E-16 -6.70241 1 1 1
v -0.1124573 0.2 -6.824885 1 1 1
v 0.4670982 0.2 -6.980176 1 1 1
v 0.3118067 0.2 -7.559731 1 1 1
v 0.5895726 3.609557E-16 -6.909466 1 1 1
v 0.08500402 3.609557E-16 -8.987007 1 1 1
v -1.074107 3.609557E-16 -9.297589 1 1 1
v -1.227287 0.05 -6.664359 1 1 1
v -1.517065 0.05 -6.586713 1 1 1
v -1.304933 0.05 -6.954137 1 1 1
v -1.59471 0.05 -6.876491 1 1 1
v -1.55242 3.609557E-16 -6.525476 1 1 1
v -1.655948 3.609557E-16 -6.911846 1 1 1
v -1.16605 3.609557E-16 -6.629004 1 1 1
v -1.269577 3.609557E-16 -7.015374 1 1 1
v 0.7598799 3.609557E-16 -9.109952 1 1 1
v 0.9012698 3.609557E-16 -8.735774 1 1 1
v 1.134058 3.609557E-16 -9.251342 1 1 1
v 1.275447 3.609557E-16 -8.877164 1 1 1
v 1.385044 3.609557E-16 -6.603208 1 1 1
v 1.578229 3.609557E-16 -6.654972 1 1 1
v 1.415662 0.05 -6.58553 1 1 1
v 1.560551 0.05 -6.624353 1 1 1
v 1.599374 0.05 -6.479465 1 1 1
v 1.454485 0.05 -6.440641 1 1 1
v 0.3825174 3.609557E-16 -7.682206 1 1 1
v 1.629993 3.609557E-16 -6.461787 1 1 1
v 1.436807 3.609557E-16 -6.410023 1 1 1
v -0.9305171 3.609557E-16 -9.720207 1 1 1
v -0.737332 3.609557E-16 -9.771971 1 1 1
v -0.8998985 0.05 -9.702529 1 1 1
v -0.7550097 0.05 -9.741352 1 1 1
v -0.7161868 0.05 -9.596463 1 1 1
v -0.8610756 0.05 -9.55764 1 1 1
v -0.8787533 3.609557E-16 -9.527021 1 1 1
v -0.6855682 3.609557E-16 -9.578785 1 1 1
v -0.6865153 0.1 -7.488938 1 1 1
v -0.6865153 0.1 -7.188938 1 1 1
v -0.9865153 0.1 -7.488938 1 1 1
v -0.9865153 0.1 -7.188938 1 1 1
v -0.6365153 3.609557E-16 -7.538938 1 1 1
v -0.6365153 3.609557E-16 -7.138938 1 1 1
v -1.036515 3.609557E-16 -7.538938 1 1 1
v -1.036515 3.609557E-16 -7.138938 1 1 1
v 0.1962378 3.609557E-16 -8.594766 1 1 1
v 0.2212377 0.1 -8.569766 1 1 1
v 0.1962378 3.609557E-16 -8.394766 1 1 1
v 0.2212377 0.1 -8.419766 1 1 1
v 0.3712378 0.1 -8.569766 1 1 1
v 0.3712378 0.1 -8.419766 1 1 1
v 0.3962377 3.609557E-16 -8.594766 1 1 1
v 0.3962377 3.609557E-16 -8.394766 1 1 1
v 0.823903 0.05 -7.946931 1 1 1
v 0.5341253 0.05 -7.869285 1 1 1
v 0.7462572 0.05 -8.236709 1 1 1
v 0.4564795 0.05 -8.159062 1 1 1
v 0.4987699 3.609557E-16 -7.808048 1 1 1
v 0.3952423 3.609557E-16 -8.194418 1 1 1
v 1.323453 0.1 -7.529824 1 1 1
v 1.245807 0.1 -7.240047 1 1 1
v 1.033675 0.1 -7.60747 1 1 1
v 0.9560292 0.1 -7.317692 1 1 1
v 1.38469 3.609557E-16 -7.565179 1 1 1
v 1.281162 3.609557E-16 -7.178809 1 1 1
v 0.8851402 3.609557E-16 -7.911575 1 1 1
v 0.7816126 3.609557E-16 -8.297946 1 1 1
v 0.894792 3.609557E-16 -7.282337 1 1 1
v 0.9983196 3.609557E-16 -7.668707 1 1 1
v -6 0 -2 1 1 1
v -10 0 -2 1 1 1
v -8.225579 0 0.1721042 1 1 1
v -9.384689 0 -0.1384787 1 1 1
v -8.331645 0.1 -0.01160757 1 1 1
v -9.200978 0.1 -0.2445447 1 1 1
v -6.788999 0.1 -0.9062624 1 1 1
v -7.069632 0.1 -0.80022 1 1 1
v -6.895041 0.1 -1.186896 1 1 1
v -7.175674 0.1 -1.080853 1 1 1
v -8.098708 0.1 -0.8809408 1 1 1
v -8.96804 0.1 -1.113878 1 1 1
v -8.390224 0 0.5248491 1 1 1
v -8.267749 0.2 0.5955597 1 1 1
v -8.183168 0 1.29759 1 1 1
v -8.112457 0.2 1.175115 1 1 1
v -7.532902 0.2 1.019824 1 1 1
v -7.688193 0.2 0.4402683 1 1 1
v -7.410428 0 1.090534 1 1 1
v -7.914996 0 -0.9870068 1 1 1
v -9.074107 0 -1.29759 1 1 1
v -9.227287 0.05 1.335641 1 1 1
v -9.517065 0.05 1.413287 1 1 1
v -9.304933 0.05 1.045863 1 1 1
v -9.59471 0.05 1.123509 1 1 1
v -9.55242 0 1.474524 1 1 1
v -9.655948 0 1.088154 1 1 1
v -9.16605 0 1.370996 1 1 1
v -9.269577 0 0.9846259 1 1 1
v -7.24012 0 -1.109952 1 1 1
v -7.09873 0 -0.735774 1 1 1
v -6.865942 0 -1.251342 1 1 1
v -6.724553 0 -0.8771639 1 1 1
v -6.614956 0 1.396792 1 1 1
v -6.421771 0 1.345028 1 1 1
v -6.584338 0.05 1.41447 1 1 1
v -6.439449 0.05 1.375647 1 1 1
v -6.400626 0.05 1.520536 1 1 1
v -6.545515 0.05 1.559358 1 1 1
v -7.617483 0 0.3177938 1 1 1
v -6.370008 0 1.538213 1 1 1
v -6.563192 0 1.589977 1 1 1
v -8.930517 0 -1.720207 1 1 1
v -8.737332 0 -1.771971 1 1 1
v -8.899899 0.05 -1.702529 1 1 1
v -8.75501 0.05 -1.741352 1 1 1
v -8.716187 0.05 -1.596463 1 1 1
v -8.861075 0.05 -1.55764 1 1 1
v -8.878754 0 -1.527022 1 1 1
v -8.685568 0 -1.578785 1 1 1
v -8.686515 0.1 0.5110617 1 1 1
v -8.686515 0.1 0.8110617 1 1 1
v -8.986515 0.1 0.5110617 1 1 1
v -8.986515 0.1 0.8110617 1 1 1
v -8.636516 0 0.4610618 1 1 1
v -8.636516 0 0.8610617 1 1 1
v -9.036515 0 0.4610618 1 1 1
v -9.036515 0 0.8610617 1 1 1
v -7.803762 0 -0.594766 1 1 1
v -7.778762 0.1 -0.569766 1 1 1
v -7.803762 0 -0.394766 1 1 1
v -7.778762 0.1 -0.419766 1 1 1
v -7.628762 0.1 -0.569766 1 1 1
v -7.628762 0.1 -0.419766 1 1 1
v -7.603762 0 -0.594766 1 1 1
v -7.603762 0 -0.394766 1 1 1
v -7.176097 0.05 0.05306925 1 1 1
v -7.465875 0.05 0.130715 1 1 1
v -7.253743 0.05 -0.2367085 1 1 1
v -7.54352 0.05 -0.1590628 1 1 1
v -7.50123 0 0.1919522 1 1 1
v -7.604758 0 -0.1944181 1 1 1
v -6.676548 0.1 0.4701758 1 1 1
v -6.754193 0.1 0.7599536 1 1 1
v -6.966325 0.1 0.3925301 1 1 1
v -7.043971 0.1 0.6823078 1 1 1
v -6.61531 0 0.4348205 1 1 1
v -6.718838 0 0.8211908 1 1 1
v -7.11486 0 0.08842458 1 1 1
v -7.218388 0 -0.2979457 1 1 1
v -7.105208 0 0.7176632 1 1 1
v -7.00168 0 0.3312929 1 1 1
v 10 0 2 1 1 1
v 7.774421 0 0.1721042 1 1 1
v 6.61531 0 -0.1384787 1 1 1
v 7.668355 0.1 -0.01160757 1 1 1
v 6.799022 0.1 -0.2445447 1 1 1
v 9.211001 0.1 -0.9062624 1 1 1
v 8.930368 0.1 -0.80022 1 1 1
v 9.104959 0.1 -1.186896 1 1 1
v 8.824326 0.1 -1.080853 1 1 1
v 7.901292 0.1 -0.8809408 1 1 1
v 7.031959 0.1 -1.113878 1 1 1
v 7.609777 0 0.5248491 1 1 1
v 7.732251 0.2 0.5955597 1 1 1
v 7.816832 0 1.29759 1 1 1
v 7.887543 0.2 1.175115 1 1 1
v 8.467098 0.2 1.019824 1 1 1
v 8.311807 0.2 0.4402683 1 1 1
v 8.589573 0 1.090534 1 1 1
v 8.085004 0 -0.9870068 1 1 1
v 6.925893 0 -1.29759 1 1 1
v 6.772713 0.05 1.335641 1 1 1
v 6.482935 0.05 1.413287 1 1 1
v 6.695067 0.05 1.045863 1 1 1
v 6.40529 0.05 1.123509 1 1 1
v 6.44758 0 1.474524 1 1 1
v 6.344052 0 1.088154 1 1 1
v 6.83395 0 1.370996 1 1 1
v 6.730422 0 0.9846259 1 1 1
v 8.75988 0 -1.109952 1 1 1
v 8.90127 0 -0.735774 1 1 1
v 9.134058 0 -1.251342 1 1 1
v 9.275448 0 -0.8771639 1 1 1
v 9.385044 0 1.396792 1 1 1
v 9.578229 0 1.345028 1 1 1
v 9.415662 0.05 1.41447 1 1 1
v 9.560551 0.05 1.375647 1 1 1
v 9.599374 0.05 1.520536 1 1 1
v 9.454485 0.05 1.559358 1 1 1
v 8.382518 0 0.3177938 1 1 1
v 9.629992 0 1.538213 1 1 1
v 9.436808 0 1.589977 1 1 1
v 7.069483 0 -1.720207 1 1 1
v 7.262668 0 -1.771971 1 1 1
v 7.100101 0.05 -1.702529 1 1 1
v 7.24499 0.05 -1.741352 1 1 1
v 7.283813 0.05 -1.596463 1 1 1
v 7.138925 0.05 -1.55764 1 1 1
v 7.121247 0 -1.527022 1 1 1
v 7.314432 0 -1.578785 1 1 1
v 7.313485 0.1 0.5110617 1 1 1
v 7.313485 0.1 0.8110617 1 1 1
v 7.013485 0.1 0.5110617 1 1 1
v 7.013485 0.1 0.8110617 1 1 1
v 7.363485 0 0.4610618 1 1 1
v 7.363485 0 0.8610617 1 1 1
v 6.963485 0 0.4610618 1 1 1
v 6.963485 0 0.8610617 1 1 1
v 8.196238 0 -0.594766 1 1 1
v 8.221238 0.1 -0.569766 1 1 1
v 8.196238 0 -0.394766 1 1 1
v 8.221238 0.1 -0.419766 1 1 1
v 8.371238 0.1 -0.569766 1 1 1
v 8.371238 0.1 -0.419766 1 1 1
v 8.396237 0 -0.594766 1 1 1
v 8.396237 0 -0.394766 1 1 1
v 8.823903 0.05 0.05306925 1 1 1
v 8.534125 0.05 0.130715 1 1 1
v 8.746257 0.05 -0.2367085 1 1 1
v 8.45648 0.05 -0.1590628 1 1 1
v 8.49877 0 0.1919522 1 1 1
v 8.395243 0 -0.1944181 1 1 1
v 9.323453 0.1 0.4701758 1 1 1
v 9.245807 0.1 0.7599536 1 1 1
v 9.033675 0.1 0.3925301 1 1 1
v 8.956029 0.1 0.6823078 1 1 1
v 9.38469 0 0.4348205 1 1 1
v 9.281162 0 0.8211908 1 1 1
v 8.88514 0 0.08842458 1 1 1
v 8.781612 0 -0.2979457 1 1 1
v 8.894792 0 0.7176632 1 1 1
v 8.99832 0 0.3312929 1 1 1
v 8.432191 0 -2.703155 1 1 1
v 8.449869 0.05 -2.733773 1 1 1
v 8.625377 0 -2.754918 1 1 1
v 8.594758 0.05 -2.772596 1 1 1
v 8.573612 0 -2.948103 1 1 1
v 8.555935 0.05 -2.917485 1 1 1
v 8.714653 0 -2.452044 1 1 1
v 8.611125 0 -2.065673 1 1 1
v 8.653416 0.1 -2.416688 1 1 1
v 8.575769 0.1 -2.126911 1 1 1
v 8.224754 0 -2.169201 1 1 1
v 8.285992 0.1 -2.204556 1 1 1
v 8.006432 0 -5.071888 1 1 1
v 8.031432 0.1 -5.096888 1 1 1
v 8.206432 0 -5.071888 1 1 1
v 8.181432 0.1 -5.096888 1 1 1
v 8.031432 0.1 -5.246888 1 1 1
v 8.181432 0.1 -5.246888 1 1 1
v 8.206432 0 -5.271888 1 1 1
v 8.006432 0 -5.271888 1 1 1
v 8.328282 0 -2.555572 1 1 1
v 8.363638 0.1 -2.494334 1 1 1
v 8.380427 0 -2.89634 1 1 1
v 8.411046 0.05 -2.878662 1 1 1
v 8.498219 0.05 -5.74957 1 1 1
v 8.710352 0.05 -5.537437 1 1 1
v 8.286087 0.05 -5.537437 1 1 1
v 8.498219 0.05 -5.325305 1 1 1
v 8.215377 0 -5.537437 1 1 1
v 8.498219 0 -5.254595 1 1 1
v 8.097593 -2.887646E-15 -4.89041 1 1 1
v 8.158831 0.05 -4.855054 1 1 1
v 8.20112 -2.887646E-15 -4.504039 1 1 1
v 8.236476 0.05 -4.565277 1 1 1
v 8.498219 0 -5.820281 1 1 1
v 8.781062 0 -5.537437 1 1 1
v 8.483963 -2.887646E-15 -4.993937 1 1 1
v 8.587491 -2.887646E-15 -4.607567 1 1 1
v 8.448608 0.05 -4.9327 1 1 1
v 8.526254 0.05 -4.642922 1 1 1
v -0.4321908 3.609557E-16 -9.296844 1 1 1
v -0.4498684 0.05 -9.266227 1 1 1
v -0.625376 3.609557E-16 -9.245081 1 1 1
v -0.5947574 0.05 -9.227404 1 1 1
v -0.5736122 3.609557E-16 -9.051896 1 1 1
v -0.5559345 0.05 -9.082515 1 1 1
v -0.7146523 3.609557E-16 -9.547956 1 1 1
v -0.6111245 3.609557E-16 -9.934326 1 1 1
v -0.653415 0.1 -9.583311 1 1 1
v -0.5757692 0.1 -9.873089 1 1 1
v -0.2247542 3.609557E-16 -9.830798 1 1 1
v -0.2859914 0.1 -9.795443 1 1 1
v -0.006432295 3.609557E-16 -6.928111 1 1 1
v -0.03143239 0.1 -6.903111 1 1 1
v -0.2064323 3.609557E-16 -6.928111 1 1 1
v -0.1814324 0.1 -6.903111 1 1 1
v -0.03143239 0.1 -6.753111 1 1 1
v -0.1814324 0.1 -6.753111 1 1 1
v -0.2064323 3.609557E-16 -6.728111 1 1 1
v -0.006432295 3.609557E-16 -6.728111 1 1 1
v -0.3282819 3.609557E-16 -9.444427 1 1 1
v -0.3636372 0.1 -9.505665 1 1 1
v -0.380427 3.609557E-16 -9.10366 1 1 1
v -0.4110457 0.05 -9.121338 1 1 1
v -0.49822 0.05 -6.25043 1 1 1
v -0.7103519 0.05 -6.462562 1 1 1
v -0.2860879 0.05 -6.462562 1 1 1
v -0.49822 0.05 -6.674694 1 1 1
v -0.2153772 3.609557E-16 -6.462562 1 1 1
v -0.49822 3.609557E-16 -6.745405 1 1 1
v -0.09759331 -2.52669E-15 -7.10959 1 1 1
v -0.1588305 0.05 -7.144945 1 1 1
v -0.2011209 -2.52669E-15 -7.49596 1 1 1
v -0.2364762 0.05 -7.434723 1 1 1
v -0.49822 3.609557E-16 -6.179719 1 1 1
v -0.7810627 3.609557E-16 -6.462562 1 1 1
v -0.4839636 -2.52669E-15 -7.006062 1 1 1
v -0.5874913 -2.52669E-15 -7.392432 1 1 1
v -0.4486083 0.05 -7.067299 1 1 1
v -0.5262539 0.05 -7.357077 1 1 1
v -6.703156 3.609557E-16 -0.4321916 1 1 1
v -6.733774 0.05 -0.4498694 1 1 1
v -6.75492 3.609557E-16 -0.6253768 1 1 1
v -6.772597 0.05 -0.5947583 1 1 1
v -6.948105 3.609557E-16 -0.573613 1 1 1
v -6.917486 0.05 -0.5559354 1 1 1
v -6.452045 3.609557E-16 -0.7146531 1 1 1
v -6.065675 3.609557E-16 -0.6111255 1 1 1
v -6.41669 0.1 -0.6534158 1 1 1
v -6.126912 0.1 -0.5757701 1 1 1
v -6.169202 3.609557E-16 -0.2247552 1 1 1
v -6.204557 0.1 -0.2859924 1 1 1
v -9.071889 3.609557E-16 -0.006432891 1 1 1
v -9.096889 0.1 -0.03143287 1 1 1
v -9.071889 3.609557E-16 -0.2064329 1 1 1
v -9.096889 0.1 -0.181433 1 1 1
v -9.246889 0.1 -0.03143287 1 1 1
v -9.246889 0.1 -0.181433 1 1 1
v -9.271889 3.609557E-16 -0.2064329 1 1 1
v -9.271889 3.609557E-16 -0.006432891 1 1 1
v -6.555573 3.609557E-16 -0.3282827 1 1 1
v -6.494335 0.1 -0.363638 1 1 1
v -6.896341 3.609557E-16 -0.3804278 1 1 1
v -6.878663 0.05 -0.4110465 1 1 1
v -9.749571 0.05 -0.4982204 1 1 1
v -9.537438 0.05 -0.7103524 1 1 1
v -9.537438 0.05 -0.2860885 1 1 1
v -9.325306 0.05 -0.4982204 1 1 1
v -9.537438 3.609557E-16 -0.2153778 1 1 1
v -9.254596 3.609557E-16 -0.4982204 1 1 1
v -8.89041 -2.52669E-15 -0.0975939 1 1 1
v -8.855055 0.05 -0.1588311 1 1 1
v -8.504041 -2.52669E-15 -0.2011216 1 1 1
v -8.565277 0.05 -0.2364769 1 1 1
v -9.820281 3.609557E-16 -0.4982204 1 1 1
v -9.537438 3.609557E-16 -0.7810632 1 1 1
v -8.993938 -2.52669E-15 -0.4839642 1 1 1
v -8.607568 -2.52669E-15 -0.5874919 1 1 1
v -8.932701 0.05 -0.4486089 1 1 1
v -8.642923 0.05 -0.5262547 1 1 1
v 6.703156 0 0.4321918 1 1 1
v 6.733774 0.05 0.4498696 1 1 1
v 6.75492 0 0.6253771 1 1 1
v 6.772597 0.05 0.5947585 1 1 1
v 6.948105 0 0.5736133 1 1 1
v 6.917486 0.05 0.5559356 1 1 1
v 6.452045 0 0.7146534 1 1 1
v 6.065675 0 0.6111257 1 1 1
v 6.41669 0.1 0.653416 1 1 1
v 6.126912 0.1 0.5757704 1 1 1
v 6.169202 0 0.2247554 1 1 1
v 6.204557 0.1 0.2859926 1 1 1
v 9.071889 0 0.006433129 1 1 1
v 9.096889 0.1 0.03143311 1 1 1
v 9.071889 0 0.2064332 1 1 1
v 9.096889 0.1 0.1814332 1 1 1
v 9.246889 0.1 0.03143311 1 1 1
v 9.246889 0.1 0.1814332 1 1 1
v 9.271889 0 0.2064332 1 1 1
v 9.271889 0 0.006433129 1 1 1
v 6.555573 0 0.328283 1 1 1
v 6.494335 0.1 0.3636383 1 1 1
v 6.896341 0 0.3804281 1 1 1
v 6.878663 0.05 0.4110467 1 1 1
v 9.749571 0.05 0.4982207 1 1 1
v 9.537438 0.05 0.7103527 1 1 1
v 9.537438 0.05 0.2860887 1 1 1
v 9.325306 0.05 0.4982207 1 1 1
v 9.537438 0 0.215378 1 1 1
v 9.254596 0 0.4982207 1 1 1
v 8.89041 -2.887646E-15 0.09759414 1 1 1
v 8.855055 0.05 0.1588314 1 1 1
v 8.504041 -2.887646E-15 0.2011218 1 1 1
v 8.565277 0.05 0.2364771 1 1 1
v 9.820281 0 0.4982207 1 1 1
v 9.537438 0 0.7810634 1 1 1
v 8.993938 -2.887646E-15 0.4839644 1 1 1
v 8.607568 -2.887646E-15 0.5874921 1 1 1
v 8.932701 0.05 0.4486091 1 1 1
v 8.642923 0.05 0.5262549 1 1 1
v 0.4321911 6.411861E-31 9.296845 1 1 1
v 0.4498688 0.05 9.266227 1 1 1
v 0.6253763 6.411861E-31 9.245082 1 1 1
v 0.5947577 0.05 9.227404 1 1 1
v 0.5736125 6.411861E-31 9.051896 1 1 1
v 0.5559348 0.05 9.082515 1 1 1
v 0.7146525 6.411861E-31 9.547956 1 1 1
v 0.611125 6.411861E-31 9.934326 1 1 1
v 0.6534153 0.1 9.583311 1 1 1
v 0.5757697 0.1 9.873089 1 1 1
v 0.2247546 6.411861E-31 9.830799 1 1 1
v 0.2859919 0.1 9.795444 1 1 1
v 0.006432056 6.411861E-31 6.928112 1 1 1
v 0.03143203 0.1 6.903112 1 1 1
v 0.2064321 6.411861E-31 6.928112 1 1 1
v 0.181432 0.1 6.903112 1 1 1
v 0.03143203 0.1 6.753112 1 1 1
v 0.181432 0.1 6.753112 1 1 1
v 0.206432 6.411861E-31 6.728112 1 1 1
v 0.006432056 6.411861E-31 6.728112 1 1 1
v 0.3282822 6.411861E-31 9.444428 1 1 1
v 0.3636376 0.1 9.505666 1 1 1
v 0.3804272 6.411861E-31 9.103661 1 1 1
v 0.4110459 0.05 9.121338 1 1 1
v 0.4982195 0.05 6.25043 1 1 1
v 0.7103516 0.05 6.462563 1 1 1
v 0.2860875 0.05 6.462563 1 1 1
v 0.4982196 0.05 6.674695 1 1 1
v 0.2153769 6.411861E-31 6.462563 1 1 1
v 0.4982196 6.411861E-31 6.745405 1 1 1
v 0.09759307 -2.887646E-15 7.10959 1 1 1
v 0.1588303 0.05 7.144946 1 1 1
v 0.2011207 -2.887646E-15 7.495961 1 1 1
v 0.2364761 0.05 7.434723 1 1 1
v 0.4982195 6.411861E-31 6.179719 1 1 1
v 0.7810624 6.411861E-31 6.462563 1 1 1
v 0.4839634 -2.887646E-15 7.006063 1 1 1
v 0.587491 -2.887646E-15 7.392433 1 1 1
v 0.448608 0.05 7.0673 1 1 1
v 0.5262538 0.05 7.357078 1 1 1
v -8.432191 0 2.703155 1 1 1
v -8.449868 0.05 2.733774 1 1 1
v -8.625376 0 2.754919 1 1 1
v -8.594757 0.05 2.772596 1 1 1
v -8.573612 0 2.948104 1 1 1
v -8.555935 0.05 2.917485 1 1 1
v -8.714652 0 2.452044 1 1 1
v -8.611124 0 2.065674 1 1 1
v -8.653415 0.1 2.416689 1 1 1
v -8.575769 0.1 2.126911 1 1 1
v -8.224754 0 2.169202 1 1 1
v -8.285992 0.1 2.204557 1 1 1
v -8.006433 0 5.071889 1 1 1
v -8.031432 0.1 5.096889 1 1 1
v -8.206432 0 5.071889 1 1 1
v -8.181433 0.1 5.096889 1 1 1
v -8.031432 0.1 5.246889 1 1 1
v -8.181433 0.1 5.246889 1 1 1
v -8.206432 0 5.271889 1 1 1
v -8.006433 0 5.271889 1 1 1
v -8.328281 0 2.555572 1 1 1
v -8.363637 0.1 2.494335 1 1 1
v -8.380427 0 2.89634 1 1 1
v -8.411046 0.05 2.878663 1 1 1
v -8.49822 0.05 5.74957 1 1 1
v -8.710352 0.05 5.537438 1 1 1
v -8.286088 0.05 5.537438 1 1 1
v -8.49822 0.05 5.325306 1 1 1
v -8.215377 0 5.537438 1 1 1
v -8.49822 0 5.254595 1 1 1
v -8.097593 -2.887646E-15 4.89041 1 1 1
v -8.158831 0.05 4.855055 1 1 1
v -8.20112 -2.887646E-15 4.50404 1 1 1
v -8.236476 0.05 4.565277 1 1 1
v -8.49822 0 5.820281 1 1 1
v -8.781063 0 5.537438 1 1 1
v -8.483964 -2.887646E-15 4.993938 1 1 1
v -8.587491 -2.887646E-15 4.607568 1 1 1
v -8.448608 0.05 4.932701 1 1 1
v -8.526254 0.05 4.642923 1 1 1
v 6 0.9 -10 1 1 1
v 7.530734 0.9 -9.695518 1 1 1
v 6 0.9 -9.399002 1 1 1
v 7.300742 0.9 -9.140268 1 1 1
v 8.828427 0.9 -8.828427 1 1 1
v 8.403458 0.9 -8.403458 1 1 1
v 9.695518 0.9 -7.530734 1 1 1
v 9.140269 0.9 -7.300742 1 1 1
v 10 0.9 -6 1 1 1
v 9.399003 0.9 -6 1 1 1
v 6 0.2 -9.399002 1 1 1
v 6 0.2 -10 1 1 1
v 7.300742 0.2 -9.140268 1 1 1
v 8.403458 0.2 -8.403458 1 1 1
v 9.140269 0.2 -7.300742 1 1 1
v 9.399003 0.2 -6 1 1 1
v 10 0.2 -6 1 1 1
v 9.695518 0.2 -7.530734 1 1 1
v 8.828427 0.2 -8.828427 1 1 1
v 7.530734 0.2 -9.695518 1 1 1
v -6 0.9 10 1 1 1
v -7.530734 0.9 9.695518 1 1 1
v -6 0.9 9.399003 1 1 1
v -7.300742 0.9 9.140269 1 1 1
v -8.828427 0.9 8.828427 1 1 1
v -8.403458 0.9 8.403458 1 1 1
v -9.695518 0.9 7.530734 1 1 1
v -9.140268 0.9 7.300742 1 1 1
v -10 0.9 6 1 1 1
v -9.399002 0.9 6 1 1 1
v -6 0.2 9.399003 1 1 1
v -6 0.2 10 1 1 1
v -7.300742 0.2 9.140269 1 1 1
v -8.403458 0.2 8.403458 1 1 1
v -9.140268 0.2 7.300742 1 1 1
v -9.399002 0.2 6 1 1 1
v -10 0.2 6 1 1 1
v -9.695518 0.2 7.530734 1 1 1
v -8.828427 0.2 8.828427 1 1 1
v -7.530734 0.2 9.695518 1 1 1
v -6 0.9 -2 1 1 1
v -5.695518 0.9 -3.530733 1 1 1
v -5.399003 0.9 -2 1 1 1
v -5.140269 0.9 -3.300741 1 1 1
v -4.828427 0.9 -4.828427 1 1 1
v -4.403458 0.9 -4.403457 1 1 1
v -3.530734 0.9 -5.695518 1 1 1
v -3.300742 0.9 -5.140268 1 1 1
v -2 0.9 -6 1 1 1
v -2 0.9 -5.399002 1 1 1
v -5.399003 0.2 -2 1 1 1
v -6 0.2 -2 1 1 1
v -5.140269 0.2 -3.300741 1 1 1
v -4.403458 0.2 -4.403457 1 1 1
v -3.300742 0.2 -5.140268 1 1 1
v -2 0.2 -5.399002 1 1 1
v -2 0.2 -6 1 1 1
v -3.530734 0.2 -5.695518 1 1 1
v -4.828427 0.2 -4.828427 1 1 1
v -5.695518 0.2 -3.530733 1 1 1
v 6 0.9 2 1 1 1
v 5.695518 0.9 3.530734 1 1 1
v 5.399003 0.9 2 1 1 1
v 5.140269 0.9 3.300742 1 1 1
v 4.828427 0.9 4.828427 1 1 1
v 4.403458 0.9 4.403458 1 1 1
v 3.530734 0.9 5.695518 1 1 1
v 3.300742 0.9 5.140269 1 1 1
v 2 0.9 6 1 1 1
v 2 0.9 5.399003 1 1 1
v 5.399003 0.2 2 1 1 1
v 6 0.2 2 1 1 1
v 5.140269 0.2 3.300742 1 1 1
v 4.403458 0.2 4.403458 1 1 1
v 3.300742 0.2 5.140269 1 1 1
v 2 0.2 5.399003 1 1 1
v 2 0.2 6 1 1 1
v 3.530734 0.2 5.695518 1 1 1
v 4.828427 0.2 4.828427 1 1 1
v 5.695518 0.2 3.530734 1 1 1
v -9.399002 0.9 2 1 1 1
v -10 0.9 2 1 1 1
v -9.479521 0.9 1.699501 1 1 1
v -10 0.9 1.399002 1 1 1
v -9.699501 0.9 1.479521 1 1 1
v -9.399002 0.2 2 1 1 1
v -10 0.2 2 1 1 1
v -10 0.2 1.399002 1 1 1
v -9.699501 0.2 1.479521 1 1 1
v -9.479521 0.2 1.699501 1 1 1
v -6 0.9 -1.399002 1 1 1
v -5.699501 0.9 -1.47952 1 1 1
v -5.399002 0.9 -2 1 1 1
v -5.479521 0.9 -1.699501 1 1 1
v -6 0.2 -1.399002 1 1 1
v -5.399002 0.2 -2 1 1 1
v -5.479521 0.2 -1.699501 1 1 1
v -5.699501 0.2 -1.47952 1 1 1
v -2 0.9 -5.399002 1 1 1
v -2 0.9 -6 1 1 1
v -1.699501 0.9 -5.47952 1 1 1
v -1.399002 0.9 -6 1 1 1
v -1.479521 0.9 -5.699501 1 1 1
v -2 0.2 -5.399002 1 1 1
v -2 0.2 -6 1 1 1
v -1.399002 0.2 -6 1 1 1
v -1.479521 0.2 -5.699501 1 1 1
v -1.699501 0.2 -5.47952 1 1 1
v 2 0.9 5.399002 1 1 1
v 2 0.9 6 1 1 1
v 1.699501 0.9 5.479521 1 1 1
v 1.399002 0.9 6 1 1 1
v 1.479521 0.9 5.699501 1 1 1
v 2 0.2 5.399002 1 1 1
v 2 0.2 6 1 1 1
v 1.399002 0.2 6 1 1 1
v 1.479521 0.2 5.699501 1 1 1
v 1.699501 0.2 5.479521 1 1 1
v 6 0.9 1.399002 1 1 1
v 6 0.9 2 1 1 1
v 5.699501 0.9 1.479521 1 1 1
v 5.399002 0.9 2 1 1 1
v 5.479521 0.9 1.699501 1 1 1
v 6 0.2 1.399002 1 1 1
v 6 0.2 2 1 1 1
v 5.399002 0.2 2 1 1 1
v 5.479521 0.2 1.699501 1 1 1
v 5.699501 0.2 1.479521 1 1 1
v 6 0.2 -9.399002 1 1 1
v 4 0.2 -9.199002 1 1 1
v 6 0.9 -9.399002 1 1 1
v 4 0.9 -9.199002 1 1 1
v 2 0.9 -10 1 1 1
v 6 0.9 -10 1 1 1
v 2 0.9 -9.399002 1 1 1
v 2 0.2 -10 1 1 1
v 6 0.2 -10 1 1 1
v 2 0.2 -9.399002 1 1 1
v -6 0.2 9.399002 1 1 1
v -4 0.2 9.199002 1 1 1
v -6 0.9 9.399002 1 1 1
v -4 0.9 9.199002 1 1 1
v -2 0.9 10 1 1 1
v -2 0.9 9.399002 1 1 1
v -2 0.2 10 1 1 1
v -2 0.2 9.399002 1 1 1
v -1.399002 0.9 10 1 1 1
v -2 0.9 10 1 1 1
v -1.479521 0.9 9.699501 1 1 1
v -2 0.9 9.399002 1 1 1
v -1.699501 0.9 9.479521 1 1 1
v -1.399002 0.2 10 1 1 1
v -2 0.2 10 1 1 1
v -2 0.2 9.399002 1 1 1
v -1.699501 0.2 9.479521 1 1 1
v -1.479521 0.2 9.699501 1 1 1
v -10 0.9 -1.399002 1 1 1
v -10 0.9 -2 1 1 1
v -9.699501 0.9 -1.479521 1 1 1
v -9.399002 0.9 -2 1 1 1
v -9.479521 0.9 -1.699501 1 1 1
v -10 0.2 -1.399002 1 1 1
v -10 0.2 -2 1 1 1
v -9.399002 0.2 -2 1 1 1
v -9.479521 0.2 -1.699501 1 1 1
v -9.699501 0.2 -1.479521 1 1 1
v 9.399002 0.9 -2 1 1 1
v 10 0.9 -2 1 1 1
v 9.479521 0.9 -1.699501 1 1 1
v 10 0.9 -1.399002 1 1 1
v 9.699501 0.9 -1.479521 1 1 1
v 9.399002 0.2 -2 1 1 1
v 10 0.2 -2 1 1 1
v 10 0.2 -1.399002 1 1 1
v 9.699501 0.2 -1.479521 1 1 1
v 9.479521 0.2 -1.699501 1 1 1
v -1.232289 0.2 1.232289 1 1 1
v -1.232289 0.2 2.767711 1 1 1
v -1.104337 0.2 2 1 1 1
v -2 0.2 1.104337 1 1 1
v -2 0.2 2.895663 1 1 1
v -2.767711 0.2 1.232289 1 1 1
v -2.767711 0.2 2.767711 1 1 1
v -2.895663 0.2 2 1 1 1
v -1.232289 3.609557E-16 1.232289 1 1 1
v -1.104337 3.609557E-16 2 1 1 1
v -2 3.609557E-16 1.104337 1 1 1
v -2.767711 3.609557E-16 1.232289 1 1 1
v -2.895663 3.609557E-16 2 1 1 1
v -2.767711 3.609557E-16 2.767711 1 1 1
v -2 3.609557E-16 2.895663 1 1 1
v -1.232289 3.609557E-16 2.767711 1 1 1
v 9.199002 0.2 -4 1 1 1
v 9.199002 0.9 -4 1 1 1
v 9.999999 0.9 -6 1 1 1
v 10 0.9 -2 1 1 1
v 9.399002 0.9 -6 1 1 1
v 9.999999 0.2 -6 1 1 1
v 10 0.2 -2 1 1 1
v 9.399002 0.2 -6 1 1 1
v -1.399002 0.2 -10 1 1 1
v -1.199002 0.2 -8 1 1 1
v -1.399002 0.9 -10 1 1 1
v -1.199002 0.9 -8 1 1 1
v -2 0.9 -6 1 1 1
v -1.999999 0.9 -10 1 1 1
v -1.399002 0.9 -6 1 1 1
v -2 0.2 -6 1 1 1
v -1.999999 0.2 -10 1 1 1
v -1.399002 0.2 -6 1 1 1
v -8 0.2 -1.199002 1 1 1
v -8 0.9 -1.199002 1 1 1
v -10 0.9 -2 1 1 1
v -6 0.9 -2 1 1 1
v -10 0.9 -1.399002 1 1 1
v -10 0.2 -2 1 1 1
v -6 0.2 -2 1 1 1
v -10 0.2 -1.399002 1 1 1
v 8 0.2 1.199002 1 1 1
v 8 0.9 1.199002 1 1 1
v 10 0.9 2 1 1 1
v 6 0.9 2 1 1 1
v 10 0.9 1.399002 1 1 1
v 10 0.2 2 1 1 1
v 6 0.2 2 1 1 1
v 10 0.2 1.399002 1 1 1
v 1.399002 0.2 10 1 1 1
v 1.199002 0.2 8 1 1 1
v 1.399002 0.9 10 1 1 1
v 1.199002 0.9 8 1 1 1
v 1.999999 0.9 6 1 1 1
v 2 0.9 10 1 1 1
v 1.399002 0.9 6 1 1 1
v 1.999999 0.2 6 1 1 1
v 2 0.2 10 1 1 1
v 1.399002 0.2 6 1 1 1
v -9.399002 0.2 2 1 1 1
v -9.199002 0.2 4 1 1 1
v -9.399002 0.9 2 1 1 1
v -9.199002 0.9 4 1 1 1
v -10 0.9 6 1 1 1
v -9.999999 0.9 2 1 1 1
v -9.399002 0.9 6 1 1 1
v -10 0.2 6 1 1 1
v -9.999999 0.2 2 1 1 1
v -9.399002 0.2 6 1 1 1
v 1.399002 0.9 -10 1 1 1
v 2 0.9 -10 1 1 1
v 1.479521 0.9 -9.699501 1 1 1
v 2 0.9 -9.399002 1 1 1
v 1.699501 0.9 -9.479521 1 1 1
v 1.399002 0.2 -10 1 1 1
v 2 0.2 -10 1 1 1
v 2 0.2 -9.399002 1 1 1
v 1.699501 0.2 -9.479521 1 1 1
v 1.479521 0.2 -9.699501 1 1 1
v 6 0.9 -9.6 1 1 1
v 6 4.05 -9.6 1 1 1
v 7.37766 0.9 -9.325966 1 1 1
v 7.37766 4.05 -9.325966 1 1 1
v 8.545585 0.9 -8.545585 1 1 1
v 8.545585 4.05 -8.545585 1 1 1
v 9.6 0.9 -6 1 1 1
v 9.325967 0.9 -7.377661 1 1 1
v 9.6 4.05 -6 1 1 1
v 9.325967 4.05 -7.377661 1 1 1
v 6 4.05 -10 1 1 1
v 7.530734 4.05 -9.695518 1 1 1
v 8.828427 4.05 -8.828427 1 1 1
v 9.695518 4.05 -7.530734 1 1 1
v 10 4.05 -6 1 1 1
v 6 0 -8.998005 1 1 1
v 7.530734 0 -9.695518 1 1 1
v 7.147286 0 -8.769795 1 1 1
v 9.695518 0 -7.530734 1 1 1
v 8.119909 0 -8.119909 1 1 1
v 8.769795 0 -7.147287 1 1 1
v 8.998005 0 -6 1 1 1
v 6 0.2 -8.998005 1 1 1
v 7.147286 0.2 -8.769795 1 1 1
v 8.119909 0.2 -8.119909 1 1 1
v 8.769795 0.2 -7.147287 1 1 1
v 8.998005 0.2 -6 1 1 1
v 7.539528 0.2 -8.483707 1 1 1
v 7.539528 0 -8.483707 1 1 1
v 7.91916 0.2 -8.992029 1 1 1
v 7.91916 0 -8.992029 1 1 1
v 8.298759 0 -7.526624 1 1 1
v 7.838696 0 -7.838695 1 1 1
v 8.298759 0.2 -7.526624 1 1 1
v 7.838696 0.2 -7.838695 1 1 1
v 7.526625 0 -8.298758 1 1 1
v 7.526625 0.2 -8.298758 1 1 1
v 8.483708 0 -7.539528 1 1 1
v 8.483708 0.2 -7.539528 1 1 1
v 8.992029 0 -7.91916 1 1 1
v 8.992029 0.2 -7.91916 1 1 1
v 9.458878 2.559764 -6.709475 1 1 1
v 9.534067 2.559764 -6.33147 1 1 1
v 9.449122 2.609764 -6.758514 1 1 1
v 9.543821 2.609764 -6.282431 1 1 1
v 9.449122 2.809764 -6.758514 1 1 1
v 9.543821 2.809764 -6.282431 1 1 1
v 9.458878 2.859764 -6.709475 1 1 1
v 9.534067 2.859764 -6.33147 1 1 1
v 9.485027 2.859764 -6.321716 1 1 1
v 9.494782 2.809764 -6.272676 1 1 1
v 9.409838 2.559764 -6.69972 1 1 1
v 9.485027 2.559764 -6.321716 1 1 1
v 9.400084 2.809764 -6.74876 1 1 1
v 9.400084 2.609764 -6.74876 1 1 1
v 9.494782 2.609764 -6.272676 1 1 1
v 9.409838 2.859764 -6.69972 1 1 1
v 9.397659 3.036932 -7.01724 1 1 1
v 9.348619 3.036932 -7.007485 1 1 1
v 9.472849 3.036932 -6.639235 1 1 1
v 9.423809 3.036932 -6.62948 1 1 1
v 9.387904 3.286932 -7.066279 1 1 1
v 9.397659 3.336932 -7.01724 1 1 1
v 9.338865 3.286932 -7.056524 1 1 1
v 9.348619 3.336932 -7.007485 1 1 1
v 9.433564 3.086932 -6.580441 1 1 1
v 9.338865 3.086932 -7.056524 1 1 1
v 9.433564 3.286932 -6.580441 1 1 1
v 9.423809 3.336932 -6.62948 1 1 1
v 9.387904 3.086932 -7.066279 1 1 1
v 9.472849 3.336932 -6.639235 1 1 1
v 9.482603 3.086932 -6.590196 1 1 1
v 9.482603 3.286932 -6.590196 1 1 1
v 9.022588 2.609087 -7.831699 1 1 1
v 9.23671 2.609087 -7.511242 1 1 1
v 8.981014 2.609087 -7.803921 1 1 1
v 9.195136 2.609087 -7.483464 1 1 1
v 9.022588 2.309087 -7.831699 1 1 1
v 8.981014 2.309087 -7.803921 1 1 1
v 9.23671 2.309087 -7.511242 1 1 1
v 9.195136 2.309087 -7.483464 1 1 1
v 8.994809 2.359087 -7.873272 1 1 1
v 8.953236 2.359087 -7.845494 1 1 1
v 9.264488 2.359087 -7.469668 1 1 1
v 9.222915 2.359087 -7.44189 1 1 1
v 9.222915 2.559087 -7.44189 1 1 1
v 9.264488 2.559087 -7.469668 1 1 1
v 8.953236 2.559087 -7.845494 1 1 1
v 8.994809 2.559087 -7.873272 1 1 1
v 6.925666 1.85972 -9.415874 1 1 1
v 6.974706 1.80972 -9.406118 1 1 1
v 6.915912 1.85972 -9.366834 1 1 1
v 6.964951 1.80972 -9.35708 1 1 1
v 6.547662 1.85972 -9.491063 1 1 1
v 6.537907 1.85972 -9.442023 1 1 1
v 6.488868 1.60972 -9.451778 1 1 1
v 6.498622 1.60972 -9.500817 1 1 1
v 6.488868 1.80972 -9.451778 1 1 1
v 6.498622 1.80972 -9.500817 1 1 1
v 6.974706 1.60972 -9.406118 1 1 1
v 6.964951 1.60972 -9.35708 1 1 1
v 6.537907 1.55972 -9.442023 1 1 1
v 6.915912 1.55972 -9.366834 1 1 1
v 6.547662 1.55972 -9.491063 1 1 1
v 6.925666 1.55972 -9.415874 1 1 1
v -6 0.9 9.6 1 1 1
v -6 4.05 9.6 1 1 1
v -7.377661 0.9 9.325967 1 1 1
v -7.377661 4.05 9.325967 1 1 1
v -8.545585 0.9 8.545585 1 1 1
v -8.545585 4.05 8.545585 1 1 1
v -9.6 0.9 6 1 1 1
v -9.325966 0.9 7.37766 1 1 1
v -9.6 4.05 6 1 1 1
v -9.325966 4.05 7.37766 1 1 1
v -6 4.05 10 1 1 1
v -7.530734 4.05 9.695518 1 1 1
v -8.828427 4.05 8.828427 1 1 1
v -9.695518 4.05 7.530734 1 1 1
v -10 4.05 6 1 1 1
v -6 0 8.998005 1 1 1
v -7.530734 0 9.695518 1 1 1
v -7.147287 0 8.769795 1 1 1
v -9.695518 0 7.530734 1 1 1
v -8.119909 0 8.119909 1 1 1
v -8.769795 0 7.147286 1 1 1
v -8.998005 0 6 1 1 1
v -6 0.2 8.998005 1 1 1
v -7.147287 0.2 8.769795 1 1 1
v -8.119909 0.2 8.119909 1 1 1
v -8.769795 0.2 7.147286 1 1 1
v -8.998005 0.2 6 1 1 1
v -7.539528 0.2 8.483707 1 1 1
v -7.539528 0 8.483707 1 1 1
v -7.91916 0.2 8.992028 1 1 1
v -7.91916 0 8.992028 1 1 1
v -8.298759 0 7.526624 1 1 1
v -7.838696 0 7.838695 1 1 1
v -8.298759 0.2 7.526624 1 1 1
v -7.838696 0.2 7.838695 1 1 1
v -7.526625 0 8.298758 1 1 1
v -7.526625 0.2 8.298758 1 1 1
v -8.483708 0 7.539527 1 1 1
v -8.483708 0.2 7.539527 1 1 1
v -8.992029 0 7.919159 1 1 1
v -8.992029 0.2 7.919159 1 1 1
v -9.458878 2.559764 6.709475 1 1 1
v -9.534067 2.559764 6.33147 1 1 1
v -9.449122 2.609764 6.758514 1 1 1
v -9.543821 2.609764 6.282431 1 1 1
v -9.449122 2.809764 6.758514 1 1 1
v -9.543821 2.809764 6.282431 1 1 1
v -9.458878 2.859764 6.709475 1 1 1
v -9.534067 2.859764 6.33147 1 1 1
v -9.485027 2.859764 6.321716 1 1 1
v -9.494782 2.809764 6.272676 1 1 1
v -9.409838 2.559764 6.69972 1 1 1
v -9.485027 2.559764 6.321716 1 1 1
v -9.400084 2.809764 6.74876 1 1 1
v -9.400084 2.609764 6.74876 1 1 1
v -9.494782 2.609764 6.272676 1 1 1
v -9.409838 2.859764 6.69972 1 1 1
v -9.397659 3.036932 7.017239 1 1 1
v -9.348619 3.036932 7.007484 1 1 1
v -9.472849 3.036932 6.639235 1 1 1
v -9.423809 3.036932 6.62948 1 1 1
v -9.387904 3.286932 7.066278 1 1 1
v -9.397659 3.336932 7.017239 1 1 1
v -9.338865 3.286932 7.056524 1 1 1
v -9.348619 3.336932 7.007484 1 1 1
v -9.433564 3.086932 6.580441 1 1 1
v -9.338865 3.086932 7.056524 1 1 1
v -9.433564 3.286932 6.580441 1 1 1
v -9.423809 3.336932 6.62948 1 1 1
v -9.387904 3.086932 7.066278 1 1 1
v -9.472849 3.336932 6.639235 1 1 1
v -9.482603 3.086932 6.590195 1 1 1
v -9.482603 3.286932 6.590195 1 1 1
v -9.022588 2.609087 7.831699 1 1 1
v -9.23671 2.609087 7.511242 1 1 1
v -8.981014 2.609087 7.803921 1 1 1
v -9.195136 2.609087 7.483464 1 1 1
v -9.022588 2.309087 7.831699 1 1 1
v -8.981014 2.309087 7.803921 1 1 1
v -9.23671 2.309087 7.511242 1 1 1
v -9.195136 2.309087 7.483464 1 1 1
v -8.994809 2.359087 7.873272 1 1 1
v -8.953236 2.359087 7.845494 1 1 1
v -9.264488 2.359087 7.469668 1 1 1
v -9.222915 2.359087 7.44189 1 1 1
v -9.222915 2.559087 7.44189 1 1 1
v -9.264488 2.559087 7.469668 1 1 1
v -8.953236 2.559087 7.845494 1 1 1
v -8.994809 2.559087 7.873272 1 1 1
v -6.925668 1.85972 9.415874 1 1 1
v -6.974708 1.80972 9.406119 1 1 1
v -6.915914 1.85972 9.366835 1 1 1
v -6.964953 1.80972 9.35708 1 1 1
v -6.547664 1.85972 9.491063 1 1 1
v -6.537909 1.85972 9.442024 1 1 1
v -6.48887 1.60972 9.451778 1 1 1
v -6.498624 1.60972 9.500818 1 1 1
v -6.48887 1.80972 9.451778 1 1 1
v -6.498624 1.80972 9.500818 1 1 1
v -6.974708 1.60972 9.406119 1 1 1
v -6.964953 1.60972 9.35708 1 1 1
v -6.537909 1.55972 9.442024 1 1 1
v -6.915914 1.55972 9.366835 1 1 1
v -6.547664 1.55972 9.491063 1 1 1
v -6.925668 1.55972 9.415874 1 1 1
v -5.6 0.9 -2 1 1 1
v -5.6 4.05 -2 1 1 1
v -5.325966 0.9 -3.37766 1 1 1
v -5.325966 4.05 -3.37766 1 1 1
v -4.545585 0.9 -4.545584 1 1 1
v -4.545585 4.05 -4.545584 1 1 1
v -2 0.9 -5.599999 1 1 1
v -3.37766 0.9 -5.325966 1 1 1
v -2 4.05 -5.599999 1 1 1
v -3.37766 4.05 -5.325966 1 1 1
v -6 4.05 -2 1 1 1
v -5.695518 4.05 -3.530733 1 1 1
v -4.828427 4.05 -4.828427 1 1 1
v -3.530734 4.05 -5.695518 1 1 1
v -2 4.05 -6 1 1 1
v -4.998005 3.609557E-16 -2 1 1 1
v -5.695518 3.609557E-16 -3.530733 1 1 1
v -4.769795 3.609557E-16 -3.147286 1 1 1
v -3.530734 3.609557E-16 -5.695518 1 1 1
v -4.11991 3.609557E-16 -4.119909 1 1 1
v -3.147287 3.609557E-16 -4.769795 1 1 1
v -2 3.609557E-16 -4.998004 1 1 1
v -4.998005 0.2 -2 1 1 1
v -4.769795 0.2 -3.147286 1 1 1
v -4.11991 0.2 -4.119909 1 1 1
v -3.147287 0.2 -4.769795 1 1 1
v -2 0.2 -4.998004 1 1 1
v -4.483708 0.2 -3.539527 1 1 1
v -4.483708 3.609557E-16 -3.539527 1 1 1
v -4.992029 0.2 -3.919159 1 1 1
v -4.992029 3.609557E-16 -3.919159 1 1 1
v -3.526625 3.609557E-16 -4.298757 1 1 1
v -3.838695 3.609557E-16 -3.838694 1 1 1
v -3.526625 0.2 -4.298757 1 1 1
v -3.838695 0.2 -3.838694 1 1 1
v -4.298758 3.609557E-16 -3.526623 1 1 1
v -4.298758 0.2 -3.526623 1 1 1
v -3.539528 3.609557E-16 -4.483707 1 1 1
v -3.539528 0.2 -4.483707 1 1 1
v -3.919161 3.609557E-16 -4.992028 1 1 1
v -3.919161 0.2 -4.992028 1 1 1
v -2.709474 2.559764 -5.458876 1 1 1
v -2.33147 2.559764 -5.534066 1 1 1
v -2.758513 2.609764 -5.449121 1 1 1
v -2.28243 2.609764 -5.54382 1 1 1
v -2.758513 2.809764 -5.449121 1 1 1
v -2.28243 2.809764 -5.54382 1 1 1
v -2.709474 2.859764 -5.458876 1 1 1
v -2.33147 2.859764 -5.534066 1 1 1
v -2.321715 2.859764 -5.485027 1 1 1
v -2.272676 2.809764 -5.494781 1 1 1
v -2.699719 2.559764 -5.409837 1 1 1
v -2.321715 2.559764 -5.485027 1 1 1
v -2.748759 2.809764 -5.400083 1 1 1
v -2.748759 2.609764 -5.400083 1 1 1
v -2.272676 2.609764 -5.494781 1 1 1
v -2.699719 2.859764 -5.409837 1 1 1
v -3.01724 3.036932 -5.397658 1 1 1
v -3.007485 3.036932 -5.348619 1 1 1
v -2.639235 3.036932 -5.472848 1 1 1
v -2.629481 3.036932 -5.423809 1 1 1
v -3.066279 3.286932 -5.387903 1 1 1
v -3.01724 3.336932 -5.397658 1 1 1
v -3.056525 3.286932 -5.338864 1 1 1
v -3.007485 3.336932 -5.348619 1 1 1
v -2.580441 3.086932 -5.433563 1 1 1
v -3.056525 3.086932 -5.338864 1 1 1
v -2.580441 3.286932 -5.433563 1 1 1
v -2.629481 3.336932 -5.423809 1 1 1
v -3.066279 3.086932 -5.387903 1 1 1
v -2.639235 3.336932 -5.472848 1 1 1
v -2.590196 3.086932 -5.482602 1 1 1
v -2.590196 3.286932 -5.482602 1 1 1
v -3.831699 2.609087 -5.022587 1 1 1
v -3.511242 2.609087 -5.23671 1 1 1
v -3.803921 2.609087 -4.981013 1 1 1
v -3.483464 2.609087 -5.195136 1 1 1
v -3.831699 2.309087 -5.022587 1 1 1
v -3.803921 2.309087 -4.981013 1 1 1
v -3.511242 2.309087 -5.23671 1 1 1
v -3.483464 2.309087 -5.195136 1 1 1
v -3.873272 2.359087 -4.994808 1 1 1
v -3.845494 2.359087 -4.953235 1 1 1
v -3.469669 2.359087 -5.264488 1 1 1
v -3.44189 2.359087 -5.222915 1 1 1
v -3.44189 2.559087 -5.222915 1 1 1
v -3.469669 2.559087 -5.264488 1 1 1
v -3.845494 2.559087 -4.953235 1 1 1
v -3.873272 2.559087 -4.994808 1 1 1
v -5.415874 1.85972 -2.925667 1 1 1
v -5.406119 1.80972 -2.974706 1 1 1
v -5.366835 1.85972 -2.915912 1 1 1
v -5.35708 1.80972 -2.964952 1 1 1
v -5.491064 1.85972 -2.547662 1 1 1
v -5.442025 1.85972 -2.537908 1 1 1
v -5.451779 1.60972 -2.488868 1 1 1
v -5.500818 1.60972 -2.498623 1 1 1
v -5.451779 1.80972 -2.488868 1 1 1
v -5.500818 1.80972 -2.498623 1 1 1
v -5.406119 1.60972 -2.974706 1 1 1
v -5.35708 1.60972 -2.964952 1 1 1
v -5.442025 1.55972 -2.537908 1 1 1
v -5.366835 1.55972 -2.915912 1 1 1
v -5.491064 1.55972 -2.547662 1 1 1
v -5.415874 1.55972 -2.925667 1 1 1
v 5.6 0.9 2 1 1 1
v 5.6 4.05 2 1 1 1
v 5.325966 0.9 3.37766 1 1 1
v 5.325966 4.05 3.37766 1 1 1
v 4.545585 0.9 4.545585 1 1 1
v 4.545585 4.05 4.545585 1 1 1
v 2 0.9 5.6 1 1 1
v 3.37766 0.9 5.325966 1 1 1
v 2 4.05 5.6 1 1 1
v 3.37766 4.05 5.325966 1 1 1
v 6 4.05 2 1 1 1
v 5.695518 4.05 3.530734 1 1 1
v 4.828427 4.05 4.828427 1 1 1
v 3.530734 4.05 5.695518 1 1 1
v 2 4.05 6 1 1 1
v 4.998005 0 2 1 1 1
v 5.695518 0 3.530734 1 1 1
v 4.769795 0 3.147287 1 1 1
v 3.530734 0 5.695518 1 1 1
v 4.11991 0 4.11991 1 1 1
v 3.147287 0 4.769795 1 1 1
v 2 0 4.998005 1 1 1
v 4.998005 0.2 2 1 1 1
v 4.769795 0.2 3.147287 1 1 1
v 4.11991 0.2 4.11991 1 1 1
v 3.147287 0.2 4.769795 1 1 1
v 2 0.2 4.998005 1 1 1
v 4.483708 0.2 3.539527 1 1 1
v 4.483708 0 3.539527 1 1 1
v 4.992029 0.2 3.919159 1 1 1
v 4.992029 0 3.919159 1 1 1
v 3.526625 0 4.298757 1 1 1
v 3.838695 0 3.838695 1 1 1
v 3.526625 0.2 4.298757 1 1 1
v 3.838695 0.2 3.838695 1 1 1
v 4.298758 0 3.526624 1 1 1
v 4.298758 0.2 3.526624 1 1 1
v 3.539528 0 4.483707 1 1 1
v 3.539528 0.2 4.483707 1 1 1
v 3.919161 0 4.992028 1 1 1
v 3.919161 0.2 4.992028 1 1 1
v 2.709474 2.559764 5.458877 1 1 1
v 2.33147 2.559764 5.534066 1 1 1
v 2.758513 2.609764 5.449122 1 1 1
v 2.28243 2.609764 5.543821 1 1 1
v 2.758513 2.809764 5.449122 1 1 1
v 2.28243 2.809764 5.543821 1 1 1
v 2.709474 2.859764 5.458877 1 1 1
v 2.33147 2.859764 5.534066 1 1 1
v 2.321715 2.859764 5.485027 1 1 1
v 2.272676 2.809764 5.494781 1 1 1
v 2.699719 2.559764 5.409838 1 1 1
v 2.321715 2.559764 5.485027 1 1 1
v 2.748759 2.809764 5.400083 1 1 1
v 2.748759 2.609764 5.400083 1 1 1
v 2.272676 2.609764 5.494781 1 1 1
v 2.699719 2.859764 5.409838 1 1 1
v 3.01724 3.036932 5.397658 1 1 1
v 3.007485 3.036932 5.348619 1 1 1
v 2.639235 3.036932 5.472848 1 1 1
v 2.629481 3.036932 5.423809 1 1 1
v 3.066279 3.286932 5.387904 1 1 1
v 3.01724 3.336932 5.397658 1 1 1
v 3.056525 3.286932 5.338865 1 1 1
v 3.007485 3.336932 5.348619 1 1 1
v 2.580441 3.086932 5.433563 1 1 1
v 3.056525 3.086932 5.338865 1 1 1
v 2.580441 3.286932 5.433563 1 1 1
v 2.629481 3.336932 5.423809 1 1 1
v 3.066279 3.086932 5.387904 1 1 1
v 2.639235 3.336932 5.472848 1 1 1
v 2.590196 3.086932 5.482603 1 1 1
v 2.590196 3.286932 5.482603 1 1 1
v 3.831699 2.609087 5.022587 1 1 1
v 3.511242 2.609087 5.23671 1 1 1
v 3.803921 2.609087 4.981014 1 1 1
v 3.483464 2.609087 5.195137 1 1 1
v 3.831699 2.309087 5.022587 1 1 1
v 3.803921 2.309087 4.981014 1 1 1
v 3.511242 2.309087 5.23671 1 1 1
v 3.483464 2.309087 5.195137 1 1 1
v 3.873272 2.359087 4.994809 1 1 1
v 3.845494 2.359087 4.953236 1 1 1
v 3.469669 2.359087 5.264488 1 1 1
v 3.44189 2.359087 5.222915 1 1 1
v 3.44189 2.559087 5.222915 1 1 1
v 3.469669 2.559087 5.264488 1 1 1
v 3.845494 2.559087 4.953236 1 1 1
v 3.873272 2.559087 4.994809 1 1 1
v 5.415874 1.85972 2.925667 1 1 1
v 5.406119 1.80972 2.974707 1 1 1
v 5.366835 1.85972 2.915913 1 1 1
v 5.35708 1.80972 2.964952 1 1 1
v 5.491064 1.85972 2.547663 1 1 1
v 5.442025 1.85972 2.537908 1 1 1
v 5.451779 1.60972 2.488869 1 1 1
v 5.500818 1.60972 2.498623 1 1 1
v 5.451779 1.80972 2.488869 1 1 1
v 5.500818 1.80972 2.498623 1 1 1
v 5.406119 1.60972 2.974707 1 1 1
v 5.35708 1.60972 2.964952 1 1 1
v 5.442025 1.55972 2.537908 1 1 1
v 5.366835 1.55972 2.915913 1 1 1
v 5.491064 1.55972 2.547663 1 1 1
v 5.415874 1.55972 2.925667 1 1 1
v -9.599999 4.05 2 1 1 1
v -9.599999 0.9 2 1 1 1
v -9.999999 4.05 2 1 1 1
v -9.999999 0.9 2 1 1 1
v -9.999999 0.9 1.6 1 1 1
v -9.999999 4.05 1.6 1 1 1
v -9.653589 0.9 1.8 1 1 1
v -9.653589 4.05 1.8 1 1 1
v -9.799999 0.9 1.65359 1 1 1
v -9.799999 4.05 1.65359 1 1 1
v -10 -1.707772E-14 2 1 1 1
v -10 -1.707772E-14 0.9980048 1 1 1
v -10 0.2 2 1 1 1
v -10 0.2 0.9980048 1 1 1
v -8.998005 0.2 2 1 1 1
v -8.998005 -1.707772E-14 2 1 1 1
v -9.132247 0.2 1.499002 1 1 1
v -9.499002 0.2 1.132247 1 1 1
v -9.132247 -1.635581E-14 1.499002 1 1 1
v -9.499002 -1.635581E-14 1.132247 1 1 1
v -5.999999 4.05 -1.6 1 1 1
v -5.999999 0.9 -1.6 1 1 1
v -5.999999 4.05 -2 1 1 1
v -5.999999 0.9 -2 1 1 1
v -5.599999 0.9 -2 1 1 1
v -5.599999 4.05 -2 1 1 1
v -5.799999 0.9 -1.65359 1 1 1
v -5.799999 4.05 -1.65359 1 1 1
v -5.653589 0.9 -1.8 1 1 1
v -5.653589 4.05 -1.8 1 1 1
v -6 -1.671676E-14 -2 1 1 1
v -4.998005 -1.671676E-14 -2 1 1 1
v -6 0.2 -2 1 1 1
v -4.998005 0.2 -2 1 1 1
v -6 0.2 -0.9980047 1 1 1
v -6 -1.671676E-14 -0.9980047 1 1 1
v -5.499002 0.2 -1.132247 1 1 1
v -5.132247 0.2 -1.499002 1 1 1
v -5.499002 -1.599485E-14 -1.132247 1 1 1
v -5.132247 -1.599485E-14 -1.499002 1 1 1
v -1.999999 4.05 -5.6 1 1 1
v -1.999999 0.9 -5.6 1 1 1
v -1.999999 4.05 -6 1 1 1
v -1.999999 0.9 -6 1 1 1
v -1.599999 0.9 -6 1 1 1
v -1.599999 4.05 -6 1 1 1
v -1.799999 0.9 -5.65359 1 1 1
v -1.799999 4.05 -5.65359 1 1 1
v -1.653589 0.9 -5.8 1 1 1
v -1.653589 4.05 -5.8 1 1 1
v -2 -1.671676E-14 -6 1 1 1
v -0.9980049 -1.671676E-14 -6 1 1 1
v -0.9980049 0.2 -6 1 1 1
v -2 -1.671676E-14 -4.998004 1 1 1
v -1.499002 0.2 -5.132246 1 1 1
v -1.132247 0.2 -5.499002 1 1 1
v -1.499002 -1.599485E-14 -5.132246 1 1 1
v -1.132247 -1.599485E-14 -5.499002 1 1 1
v 1.999999 4.05 5.6 1 1 1
v 1.999999 0.9 5.6 1 1 1
v 1.999999 4.05 6 1 1 1
v 1.599999 0.9 6 1 1 1
v 1.599999 4.05 6 1 1 1
v 1.799999 0.9 5.65359 1 1 1
v 1.799999 4.05 5.65359 1 1 1
v 1.653589 0.9 5.8 1 1 1
v 1.653589 4.05 5.8 1 1 1
v 2 -1.707772E-14 6 1 1 1
v 0.9980049 -1.707772E-14 6 1 1 1
v 0.9980049 0.2 6 1 1 1
v 2 -1.707772E-14 4.998005 1 1 1
v 1.499002 0.2 5.132247 1 1 1
v 1.132247 0.2 5.499002 1 1 1
v 1.499002 -1.635581E-14 5.132247 1 1 1
v 1.132247 -1.635581E-14 5.499002 1 1 1
v 5.999999 4.05 1.6 1 1 1
v 5.999999 0.9 1.6 1 1 1
v 5.999999 4.05 2 1 1 1
v 5.999999 0.9 2 1 1 1
v 5.599999 0.9 2 1 1 1
v 5.599999 4.05 2 1 1 1
v 5.799999 0.9 1.65359 1 1 1
v 5.799999 4.05 1.65359 1 1 1
v 5.653589 0.9 1.8 1 1 1
v 5.653589 4.05 1.8 1 1 1
v 6 -1.707772E-14 2 1 1 1
v 4.998005 -1.707772E-14 2 1 1 1
v 6 0.2 0.9980049 1 1 1
v 6 -1.707772E-14 0.9980049 1 1 1
v 5.499002 0.2 1.132247 1 1 1
v 5.132247 0.2 1.499002 1 1 1
v 5.499002 -1.635581E-14 1.132247 1 1 1
v 5.132247 -1.635581E-14 1.499002 1 1 1
v 2 4.05 -10 1 1 1
v 6 4.05 -10 1 1 1
v 2 4.05 -9.599999 1 1 1
v 2 0.9 -9.599999 1 1 1
v 6 0.9 -9.599999 1 1 1
v 6 4.05 -9.599999 1 1 1
v 4 4.05 -9.4 1 1 1
v 4 0.9 -9.4 1 1 1
v 4 7.219114E-16 -8.548005 1 1 1
v 3.454019 7.219114E-16 -8.639002 1 1 1
v 4 0.2 -8.548005 1 1 1
v 3.454019 0.2 -8.639002 1 1 1
v 3.332364 0.2 -8.760657 1 1 1
v 3.332364 7.219114E-16 -8.760657 1 1 1
v 3.241367 0.2 -9.306638 1 1 1
v 3.241367 7.219114E-16 -9.306638 1 1 1
v 4.545981 7.219114E-16 -8.639002 1 1 1
v 4.545981 0.2 -8.639002 1 1 1
v 4.758633 0.2 -9.306638 1 1 1
v 4.667636 0.2 -8.760657 1 1 1
v 4.667636 7.219114E-16 -8.760657 1 1 1
v 4.758633 7.219114E-16 -9.306638 1 1 1
v 2 0.2 -8.998005 1 1 1
v 2 3.609557E-16 -8.998005 1 1 1
v 6 3.609557E-16 -8.998005 1 1 1
v 4 3.609557E-16 -8.798005 1 1 1
v 4 0.2 -8.798005 1 1 1
v 6 3.609557E-16 -10 1 1 1
v 5.072641 2.957801 -9.507264 1 1 1
v 5.077617 2.957801 -9.457512 1 1 1
v 5.122393 2.907801 -9.512239 1 1 1
v 5.127368 2.907801 -9.462487 1 1 1
v 5.072641 3.157801 -9.507264 1 1 1
v 5.122393 3.207801 -9.512239 1 1 1
v 5.077617 3.157801 -9.457512 1 1 1
v 5.127368 3.207801 -9.462487 1 1 1
v 5.510866 2.907801 -9.500837 1 1 1
v 5.560617 2.957801 -9.505813 1 1 1
v 5.560617 3.157801 -9.505813 1 1 1
v 5.510866 3.207801 -9.500837 1 1 1
v 5.505891 3.207801 -9.55059 1 1 1
v 5.505891 2.907801 -9.55059 1 1 1
v 5.555642 2.957801 -9.555564 1 1 1
v 5.555642 3.157801 -9.555564 1 1 1
v 5.128829 2.397031 -9.512883 1 1 1
v 5.133804 2.397031 -9.463131 1 1 1
v 5.17858 2.447031 -9.517858 1 1 1
v 5.183556 2.447031 -9.468106 1 1 1
v 4.745331 2.397031 -9.474533 1 1 1
v 4.69558 2.447031 -9.469558 1 1 1
v 4.69558 2.647031 -9.469558 1 1 1
v 5.17858 2.647031 -9.517858 1 1 1
v 4.745331 2.697031 -9.474533 1 1 1
v 5.128829 2.697031 -9.512883 1 1 1
v 4.750307 2.397031 -9.424781 1 1 1
v 4.700554 2.447031 -9.419806 1 1 1
v 4.750307 2.697031 -9.424781 1 1 1
v 5.133804 2.697031 -9.463131 1 1 1
v 4.700554 2.647031 -9.419806 1 1 1
v 5.183556 2.647031 -9.468106 1 1 1
v 2.528814 1.463198 -9.496869 1 1 1
v 2.578566 1.413198 -9.491894 1 1 1
v 2.533789 1.463198 -9.546621 1 1 1
v 2.583541 1.413198 -9.541646 1 1 1
v 3.011815 1.463198 -9.448569 1 1 1
v 3.011815 1.663198 -9.448569 1 1 1
v 3.01679 1.463198 -9.498322 1 1 1
v 3.01679 1.663198 -9.498322 1 1 1
v 2.962064 1.713198 -9.453545 1 1 1
v 2.967039 1.713198 -9.503296 1 1 1
v 2.962064 1.413198 -9.453545 1 1 1
v 2.528814 1.663198 -9.496869 1 1 1
v 2.578566 1.713198 -9.491894 1 1 1
v 2.967039 1.413198 -9.503296 1 1 1
v 2.533789 1.663198 -9.546621 1 1 1
v 2.583541 1.713198 -9.541646 1 1 1
v -2 4.05 10 1 1 1
v -2 4.05 9.599999 1 1 1
v -2 0.9 9.599999 1 1 1
v -6 0.9 9.599999 1 1 1
v -6 4.05 9.599999 1 1 1
v -4 4.05 9.4 1 1 1
v -4 0.9 9.4 1 1 1
v -4 1.082867E-15 8.548005 1 1 1
v -3.454019 1.082867E-15 8.639002 1 1 1
v -4 0.2 8.548005 1 1 1
v -3.454019 0.2 8.639002 1 1 1
v -3.332364 0.2 8.760657 1 1 1
v -3.332364 1.082867E-15 8.760657 1 1 1
v -3.241367 0.2 9.306638 1 1 1
v -3.241367 1.082867E-15 9.306638 1 1 1
v -4.545981 1.082867E-15 8.639002 1 1 1
v -4.545981 0.2 8.639002 1 1 1
v -4.758633 0.2 9.306638 1 1 1
v -4.667636 0.2 8.760657 1 1 1
v -4.667636 1.082867E-15 8.760657 1 1 1
v -4.758633 1.082867E-15 9.306638 1 1 1
v -2 0.2 8.998005 1 1 1
v -2 7.219114E-16 8.998005 1 1 1
v -2 7.219114E-16 10 1 1 1
v -6 7.219114E-16 8.998005 1 1 1
v -4 7.219114E-16 8.798005 1 1 1
v -4 0.2 8.798005 1 1 1
v -6 7.219114E-16 10 1 1 1
v -5.072641 2.957801 9.507264 1 1 1
v -5.077617 2.957801 9.457512 1 1 1
v -5.122393 2.907801 9.512239 1 1 1
v -5.127368 2.907801 9.462487 1 1 1
v -5.072641 3.157801 9.507264 1 1 1
v -5.122393 3.207801 9.512239 1 1 1
v -5.077617 3.157801 9.457512 1 1 1
v -5.127368 3.207801 9.462487 1 1 1
v -5.510866 2.907801 9.500837 1 1 1
v -5.560617 2.957801 9.505813 1 1 1
v -5.560617 3.157801 9.505813 1 1 1
v -5.510866 3.207801 9.500837 1 1 1
v -5.505891 3.207801 9.55059 1 1 1
v -5.505891 2.907801 9.55059 1 1 1
v -5.555642 2.957801 9.555564 1 1 1
v -5.555642 3.157801 9.555564 1 1 1
v -5.128829 2.397031 9.512883 1 1 1
v -5.133804 2.397031 9.463131 1 1 1
v -5.17858 2.447031 9.517858 1 1 1
v -5.183556 2.447031 9.468106 1 1 1
v -4.745331 2.397031 9.474533 1 1 1
v -4.69558 2.447031 9.469558 1 1 1
v -4.69558 2.647031 9.469558 1 1 1
v -5.17858 2.647031 9.517858 1 1 1
v -4.745331 2.697031 9.474533 1 1 1
v -5.128829 2.697031 9.512883 1 1 1
v -4.750307 2.397031 9.424781 1 1 1
v -4.700554 2.447031 9.419806 1 1 1
v -4.750307 2.697031 9.424781 1 1 1
v -5.133804 2.697031 9.463131 1 1 1
v -4.700554 2.647031 9.419806 1 1 1
v -5.183556 2.647031 9.468106 1 1 1
v -2.528814 1.463198 9.496869 1 1 1
v -2.578566 1.413198 9.491894 1 1 1
v -2.533789 1.463198 9.546621 1 1 1
v -2.583541 1.413198 9.541646 1 1 1
v -3.011815 1.463198 9.448569 1 1 1
v -3.011815 1.663198 9.448569 1 1 1
v -3.01679 1.463198 9.498322 1 1 1
v -3.01679 1.663198 9.498322 1 1 1
v -2.962064 1.713198 9.453545 1 1 1
v -2.967039 1.713198 9.503296 1 1 1
v -2.962064 1.413198 9.453545 1 1 1
v -2.528814 1.663198 9.496869 1 1 1
v -2.578566 1.713198 9.491894 1 1 1
v -2.967039 1.413198 9.503296 1 1 1
v -2.533789 1.663198 9.546621 1 1 1
v -2.583541 1.713198 9.541646 1 1 1
v -1.599999 4.05 10 1 1 1
v -1.599999 0.9 10 1 1 1
v -1.999999 4.05 10 1 1 1
v -1.999999 0.9 10 1 1 1
v -1.999999 0.9 9.6 1 1 1
v -1.999999 4.05 9.6 1 1 1
v -1.653589 0.9 9.8 1 1 1
v -1.653589 4.05 9.8 1 1 1
v -1.799999 0.9 9.65359 1 1 1
v -1.799999 4.05 9.65359 1 1 1
v -2 -1.671676E-14 10 1 1 1
v -2 -1.671676E-14 8.998005 1 1 1
v -0.9980049 0.2 10 1 1 1
v -0.9980049 -1.671676E-14 10 1 1 1
v -1.132247 0.2 9.499002 1 1 1
v -1.499002 0.2 9.132247 1 1 1
v -1.132247 -1.599485E-14 9.499002 1 1 1
v -1.499002 -1.599485E-14 9.132247 1 1 1
v -9.999999 4.05 -1.6 1 1 1
v -9.999999 0.9 -1.6 1 1 1
v -9.999999 4.05 -2 1 1 1
v -9.999999 0.9 -2 1 1 1
v -9.599999 0.9 -2 1 1 1
v -9.599999 4.05 -2 1 1 1
v -9.799999 0.9 -1.65359 1 1 1
v -9.799999 4.05 -1.65359 1 1 1
v -9.653589 0.9 -1.8 1 1 1
v -9.653589 4.05 -1.8 1 1 1
v -10 -1.671676E-14 -2 1 1 1
v -8.998005 -1.671676E-14 -2 1 1 1
v -10 0.2 -2 1 1 1
v -8.998005 0.2 -2 1 1 1
v -10 0.2 -0.9980049 1 1 1
v -10 -1.671676E-14 -0.9980049 1 1 1
v -9.499002 0.2 -1.132247 1 1 1
v -9.132247 0.2 -1.499002 1 1 1
v -9.499002 -1.599485E-14 -1.132247 1 1 1
v -9.132247 -1.599485E-14 -1.499002 1 1 1
v 9.599999 4.05 -2 1 1 1
v 9.599999 0.9 -2 1 1 1
v 9.999999 4.05 -2 1 1 1
v 9.999999 0.9 -2 1 1 1
v 9.999999 0.9 -1.6 1 1 1
v 9.999999 4.05 -1.6 1 1 1
v 9.653589 0.9 -1.8 1 1 1
v 9.653589 4.05 -1.8 1 1 1
v 9.799999 0.9 -1.653589 1 1 1
v 9.799999 4.05 -1.653589 1 1 1
v 10 -1.707772E-14 -2 1 1 1
v 10 -1.707772E-14 -0.9980049 1 1 1
v 10 0.2 -2 1 1 1
v 10 0.2 -0.9980049 1 1 1
v 8.998005 0.2 -2 1 1 1
v 8.998005 -1.707772E-14 -2 1 1 1
v 9.132247 0.2 -1.499002 1 1 1
v 9.499002 0.2 -1.132247 1 1 1
v 9.132247 -1.635581E-14 -1.499002 1 1 1
v 9.499002 -1.635581E-14 -1.132247 1 1 1
v 8.998004 0.2 -6 1 1 1
v 8.998004 0 -6 1 1 1
v 9.999999 0 -6 1 1 1
v 8.998005 0 -2 1 1 1
v 8.798004 0 -4 1 1 1
v 8.998005 0.2 -2 1 1 1
v 8.798004 0.2 -4 1 1 1
v 10 0 -2 1 1 1
v 9.600002 0.9 -2 1 1 1
v 9.400002 0.9 -4 1 1 1
v 9.600002 4.05 -2 1 1 1
v 9.400002 4.05 -4 1 1 1
v 9.600002 0.9 -6.000001 1 1 1
v 9.600002 4.05 -6.000001 1 1 1
v 10 4.05 -6.000001 1 1 1
v 10 0.9 -6.000001 1 1 1
v 10 4.05 -2 1 1 1
v 10 0.9 -2 1 1 1
v 9.442539 1.285278 -4.927857 1 1 1
v 9.404189 1.285278 -4.54436 1 1 1
v 9.492291 1.285278 -4.922882 1 1 1
v 9.453941 1.285278 -4.539385 1 1 1
v 9.442539 1.585278 -4.927857 1 1 1
v 9.492291 1.585278 -4.922882 1 1 1
v 9.404189 1.585278 -4.54436 1 1 1
v 9.453941 1.585278 -4.539385 1 1 1
v 9.447515 1.535278 -4.977609 1 1 1
v 9.447515 1.335278 -4.977609 1 1 1
v 9.497266 1.535278 -4.972634 1 1 1
v 9.497266 1.335278 -4.972634 1 1 1
v 9.399215 1.335278 -4.494608 1 1 1
v 9.399215 1.535278 -4.494608 1 1 1
v 9.448966 1.335278 -4.489633 1 1 1
v 9.448966 1.535278 -4.489633 1 1 1
v 9.513264 3.191752 -2.867379 1 1 1
v 9.551614 3.191752 -2.483881 1 1 1
v 9.463511 3.191752 -2.862404 1 1 1
v 9.501862 3.191752 -2.478906 1 1 1
v 9.513264 2.891752 -2.867379 1 1 1
v 9.463511 2.891752 -2.862404 1 1 1
v 9.551614 2.891752 -2.483881 1 1 1
v 9.501862 2.891752 -2.478906 1 1 1
v 9.508288 3.141752 -2.917131 1 1 1
v 9.458536 3.141752 -2.912156 1 1 1
v 9.556589 3.141752 -2.434129 1 1 1
v 9.506837 3.141752 -2.429154 1 1 1
v 9.458536 2.941752 -2.912156 1 1 1
v 9.508288 2.941752 -2.917131 1 1 1
v 9.556589 2.941752 -2.434129 1 1 1
v 9.506837 2.941752 -2.429154 1 1 1
v 9.513456 1.633671 -5.637037 1 1 1
v 9.475106 1.633671 -5.253539 1 1 1
v 9.563209 1.633671 -5.632062 1 1 1
v 9.524858 1.633671 -5.248564 1 1 1
v 9.513456 1.933671 -5.637037 1 1 1
v 9.563209 1.933671 -5.632062 1 1 1
v 9.475106 1.933671 -5.253539 1 1 1
v 9.524858 1.933671 -5.248564 1 1 1
v 9.518432 1.883671 -5.686789 1 1 1
v 9.568183 1.883671 -5.681814 1 1 1
v 9.518432 1.683671 -5.686789 1 1 1
v 9.568183 1.683671 -5.681814 1 1 1
v 9.470132 1.683671 -5.203787 1 1 1
v 9.470132 1.883671 -5.203787 1 1 1
v 9.519883 1.683671 -5.198812 1 1 1
v 9.519883 1.883671 -5.198812 1 1 1
v -0.9980047 0.2 -6 1 1 1
v -0.9980047 3.609557E-16 -6 1 1 1
v -2 3.609557E-16 -6 1 1 1
v -0.9980043 3.609557E-16 -10 1 1 1
v -0.7980045 3.609557E-16 -8 1 1 1
v -0.9980043 0.2 -10 1 1 1
v -0.7980045 0.2 -8 1 1 1
v -1.999999 3.609557E-16 -10 1 1 1
v -1.999999 0.2 -10 1 1 1
v -1.599996 0.9 -9.999999 1 1 1
v -1.399996 0.9 -7.999999 1 1 1
v -1.599996 4.05 -9.999999 1 1 1
v -1.399996 4.05 -7.999999 1 1 1
v -1.599997 0.9 -5.999999 1 1 1
v -1.599997 4.05 -5.999999 1 1 1
v -1.999997 4.05 -5.999999 1 1 1
v -1.999997 0.9 -5.999999 1 1 1
v -1.999996 4.05 -9.999999 1 1 1
v -1.999996 0.9 -9.999999 1 1 1
v -1.442533 1.285278 -7.072142 1 1 1
v -1.404184 1.285278 -7.455639 1 1 1
v -1.492285 1.285278 -7.077117 1 1 1
v -1.453936 1.285278 -7.460614 1 1 1
v -1.442533 1.585278 -7.072142 1 1 1
v -1.492285 1.585278 -7.077117 1 1 1
v -1.404184 1.585278 -7.455639 1 1 1
v -1.453936 1.585278 -7.460614 1 1 1
v -1.447509 1.535278 -7.02239 1 1 1
v -1.447509 1.335278 -7.02239 1 1 1
v -1.497261 1.535278 -7.027365 1 1 1
v -1.497261 1.335278 -7.027365 1 1 1
v -1.399209 1.335278 -7.505391 1 1 1
v -1.399209 1.535278 -7.505391 1 1 1
v -1.44896 1.335278 -7.510366 1 1 1
v -1.44896 1.535278 -7.510366 1 1 1
v -1.513258 3.191752 -9.13262 1 1 1
v -1.551608 3.191752 -9.516118 1 1 1
v -1.463506 3.191752 -9.137595 1 1 1
v -1.501856 3.191752 -9.521093 1 1 1
v -1.513258 2.891752 -9.13262 1 1 1
v -1.463506 2.891752 -9.137595 1 1 1
v -1.551608 2.891752 -9.516118 1 1 1
v -1.501856 2.891752 -9.521093 1 1 1
v -1.508283 3.141752 -9.082869 1 1 1
v -1.458531 3.141752 -9.087844 1 1 1
v -1.556583 3.141752 -9.565869 1 1 1
v -1.506831 3.141752 -9.570845 1 1 1
v -1.458531 2.941752 -9.087844 1 1 1
v -1.508283 2.941752 -9.082869 1 1 1
v -1.556583 2.941752 -9.565869 1 1 1
v -1.506831 2.941752 -9.570845 1 1 1
v -1.513451 1.633671 -6.362962 1 1 1
v -1.475101 1.633671 -6.74646 1 1 1
v -1.563203 1.633671 -6.367937 1 1 1
v -1.524853 1.633671 -6.751435 1 1 1
v -1.513451 1.933671 -6.362962 1 1 1
v -1.563203 1.933671 -6.367937 1 1 1
v -1.475101 1.933671 -6.74646 1 1 1
v -1.524853 1.933671 -6.751435 1 1 1
v -1.518426 1.883671 -6.31321 1 1 1
v -1.568178 1.883671 -6.318185 1 1 1
v -1.518426 1.683671 -6.31321 1 1 1
v -1.568178 1.683671 -6.318185 1 1 1
v -1.470126 1.683671 -6.796212 1 1 1
v -1.470126 1.883671 -6.796212 1 1 1
v -1.519878 1.683671 -6.801187 1 1 1
v -1.519878 1.883671 -6.801187 1 1 1
v -10 0.2 -0.9980048 1 1 1
v -10 3.609557E-16 -0.9980048 1 1 1
v -10 3.609557E-16 -2 1 1 1
v -6 3.609557E-16 -0.9980048 1 1 1
v -8 3.609557E-16 -0.7980049 1 1 1
v -6 0.2 -0.9980048 1 1 1
v -8 0.2 -0.7980049 1 1 1
v -6 3.609557E-16 -2 1 1 1
v -6 0.9 -1.6 1 1 1
v -8 0.9 -1.4 1 1 1
v -6 4.05 -1.6 1 1 1
v -8 4.05 -1.4 1 1 1
v -10 0.9 -1.6 1 1 1
v -10 4.05 -1.6 1 1 1
v -10 4.05 -2 1 1 1
v -10 0.9 -2 1 1 1
v -6 4.05 -2 1 1 1
v -6 0.9 -2 1 1 1
v -8.927858 1.285278 -1.442536 1 1 1
v -8.54436 1.285278 -1.404186 1 1 1
v -8.922883 1.285278 -1.492288 1 1 1
v -8.539385 1.285278 -1.453938 1 1 1
v -8.927858 1.585278 -1.442536 1 1 1
v -8.922883 1.585278 -1.492288 1 1 1
v -8.54436 1.585278 -1.404186 1 1 1
v -8.539385 1.585278 -1.453938 1 1 1
v -8.97761 1.535278 -1.447511 1 1 1
v -8.97761 1.335278 -1.447511 1 1 1
v -8.972634 1.535278 -1.497263 1 1 1
v -8.972634 1.335278 -1.497263 1 1 1
v -8.494609 1.335278 -1.399211 1 1 1
v -8.494609 1.535278 -1.399211 1 1 1
v -8.489634 1.335278 -1.448963 1 1 1
v -8.489634 1.535278 -1.448963 1 1 1
v -6.867378 3.191752 -1.513263 1 1 1
v -6.48388 3.191752 -1.551612 1 1 1
v -6.862403 3.191752 -1.463511 1 1 1
v -6.478905 3.191752 -1.50186 1 1 1
v -6.867378 2.891752 -1.513263 1 1 1
v -6.862403 2.891752 -1.463511 1 1 1
v -6.48388 2.891752 -1.551612 1 1 1
v -6.478905 2.891752 -1.50186 1 1 1
v -6.91713 3.141752 -1.508287 1 1 1
v -6.912154 3.141752 -1.458535 1 1 1
v -6.434129 3.141752 -1.556587 1 1 1
v -6.429153 3.141752 -1.506836 1 1 1
v -6.912154 2.941752 -1.458535 1 1 1
v -6.91713 2.941752 -1.508287 1 1 1
v -6.434129 2.941752 -1.556587 1 1 1
v -6.429153 2.941752 -1.506836 1 1 1
v -9.637037 1.633671 -1.513454 1 1 1
v -9.253539 1.633671 -1.475104 1 1 1
v -9.632062 1.633671 -1.563206 1 1 1
v -9.248564 1.633671 -1.524856 1 1 1
v -9.637037 1.933671 -1.513454 1 1 1
v -9.632062 1.933671 -1.563206 1 1 1
v -9.253539 1.933671 -1.475104 1 1 1
v -9.248564 1.933671 -1.524856 1 1 1
v -9.686789 1.883671 -1.518429 1 1 1
v -9.681813 1.883671 -1.568181 1 1 1
v -9.686789 1.683671 -1.518429 1 1 1
v -9.681813 1.683671 -1.568181 1 1 1
v -9.203788 1.683671 -1.470129 1 1 1
v -9.203788 1.883671 -1.470129 1 1 1
v -9.198812 1.683671 -1.519881 1 1 1
v -9.198812 1.883671 -1.519881 1 1 1
v 10 0.2 0.998005 1 1 1
v 10 0 0.998005 1 1 1
v 10 0.2 2 1 1 1
v 6 0 0.998005 1 1 1
v 8 0 0.7980051 1 1 1
v 6 0.2 0.998005 1 1 1
v 8 0.2 0.7980051 1 1 1
v 6 0.9 1.6 1 1 1
v 8 0.9 1.4 1 1 1
v 6 4.05 1.6 1 1 1
v 8 4.05 1.4 1 1 1
v 10 0.9 1.6 1 1 1
v 10 4.05 1.6 1 1 1
v 10 4.05 2 1 1 1
v 10 0.9 2 1 1 1
v 6 4.05 2 1 1 1
v 6 0.9 2 1 1 1
v 8.927856 1.285278 1.442536 1 1 1
v 8.544358 1.285278 1.404187 1 1 1
v 8.922881 1.285278 1.492288 1 1 1
v 8.539383 1.285278 1.453938 1 1 1
v 8.927856 1.585278 1.442536 1 1 1
v 8.922881 1.585278 1.492288 1 1 1
v 8.544358 1.585278 1.404187 1 1 1
v 8.539383 1.585278 1.453938 1 1 1
v 8.977608 1.535278 1.447512 1 1 1
v 8.977608 1.335278 1.447512 1 1 1
v 8.972632 1.535278 1.497263 1 1 1
v 8.972632 1.335278 1.497263 1 1 1
v 8.494607 1.335278 1.399211 1 1 1
v 8.494607 1.535278 1.399211 1 1 1
v 8.489632 1.335278 1.448963 1 1 1
v 8.489632 1.535278 1.448963 1 1 1
v 6.867378 3.191752 1.513262 1 1 1
v 6.48388 3.191752 1.551612 1 1 1
v 6.862403 3.191752 1.46351 1 1 1
v 6.478905 3.191752 1.50186 1 1 1
v 6.867378 2.891752 1.513262 1 1 1
v 6.862403 2.891752 1.46351 1 1 1
v 6.48388 2.891752 1.551612 1 1 1
v 6.478905 2.891752 1.50186 1 1 1
v 6.91713 3.141752 1.508287 1 1 1
v 6.912154 3.141752 1.458535 1 1 1
v 6.434129 3.141752 1.556587 1 1 1
v 6.429153 3.141752 1.506835 1 1 1
v 6.912154 2.941752 1.458535 1 1 1
v 6.91713 2.941752 1.508287 1 1 1
v 6.434129 2.941752 1.556587 1 1 1
v 6.429153 2.941752 1.506835 1 1 1
v 9.637037 1.633671 1.513454 1 1 1
v 9.253539 1.633671 1.475105 1 1 1
v 9.632062 1.633671 1.563206 1 1 1
v 9.248564 1.633671 1.524857 1 1 1
v 9.637037 1.933671 1.513454 1 1 1
v 9.632062 1.933671 1.563206 1 1 1
v 9.253539 1.933671 1.475105 1 1 1
v 9.248564 1.933671 1.524857 1 1 1
v 9.686789 1.883671 1.51843 1 1 1
v 9.681813 1.883671 1.568182 1 1 1
v 9.686789 1.683671 1.51843 1 1 1
v 9.681813 1.683671 1.568182 1 1 1
v 9.203788 1.683671 1.470129 1 1 1
v 9.203788 1.883671 1.470129 1 1 1
v 9.198812 1.683671 1.519881 1 1 1
v 9.198812 1.883671 1.519881 1 1 1
v 0.9980042 0.2 6 1 1 1
v 0.9980042 6.411861E-31 6 1 1 1
v 1.999999 6.411861E-31 6 1 1 1
v 0.9980048 6.411861E-31 10 1 1 1
v 0.7980045 6.411861E-31 8 1 1 1
v 0.9980048 0.2 10 1 1 1
v 0.7980045 0.2 8 1 1 1
v 2 6.411861E-31 10 1 1 1
v 2 0.2 10 1 1 1
v 1.600004 0.9 9.999996 1 1 1
v 1.400004 0.9 7.999996 1 1 1
v 1.600004 4.05 9.999996 1 1 1
v 1.400004 4.05 7.999996 1 1 1
v 1.600004 0.9 5.999996 1 1 1
v 1.600004 4.05 5.999996 1 1 1
v 2.000004 4.05 5.999996 1 1 1
v 2.000004 0.9 5.999996 1 1 1
v 2.000004 4.05 9.999996 1 1 1
v 2.000004 0.9 9.999996 1 1 1
v 1.442541 1.285278 7.072139 1 1 1
v 1.404191 1.285278 7.455637 1 1 1
v 1.492293 1.285278 7.077114 1 1 1
v 1.453943 1.285278 7.460612 1 1 1
v 1.442541 1.585278 7.072139 1 1 1
v 1.492293 1.585278 7.077114 1 1 1
v 1.404191 1.585278 7.455637 1 1 1
v 1.453943 1.585278 7.460612 1 1 1
v 1.447516 1.535278 7.022388 1 1 1
v 1.447516 1.335278 7.022388 1 1 1
v 1.497268 1.535278 7.027362 1 1 1
v 1.497268 1.335278 7.027362 1 1 1
v 1.399216 1.335278 7.505389 1 1 1
v 1.399216 1.535278 7.505389 1 1 1
v 1.448968 1.335278 7.510364 1 1 1
v 1.448968 1.535278 7.510364 1 1 1
v 1.513266 3.191752 9.132618 1 1 1
v 1.551615 3.191752 9.516116 1 1 1
v 1.463514 3.191752 9.137593 1 1 1
v 1.501863 3.191752 9.521091 1 1 1
v 1.513266 2.891752 9.132618 1 1 1
v 1.463514 2.891752 9.137593 1 1 1
v 1.551615 2.891752 9.516116 1 1 1
v 1.501863 2.891752 9.521091 1 1 1
v 1.50829 3.141752 9.082867 1 1 1
v 1.458539 3.141752 9.087842 1 1 1
v 1.556591 3.141752 9.565867 1 1 1
v 1.506839 3.141752 9.570843 1 1 1
v 1.458539 2.941752 9.087842 1 1 1
v 1.50829 2.941752 9.082867 1 1 1
v 1.556591 2.941752 9.565867 1 1 1
v 1.506839 2.941752 9.570843 1 1 1
v 1.513458 1.633671 6.36296 1 1 1
v 1.475109 1.633671 6.746458 1 1 1
v 1.56321 1.633671 6.367935 1 1 1
v 1.52486 1.633671 6.751433 1 1 1
v 1.513458 1.933671 6.36296 1 1 1
v 1.56321 1.933671 6.367935 1 1 1
v 1.475109 1.933671 6.746458 1 1 1
v 1.52486 1.933671 6.751433 1 1 1
v 1.518433 1.883671 6.313209 1 1 1
v 1.568185 1.883671 6.318183 1 1 1
v 1.518433 1.683671 6.313209 1 1 1
v 1.568185 1.683671 6.318183 1 1 1
v 1.470133 1.683671 6.79621 1 1 1
v 1.470133 1.883671 6.79621 1 1 1
v 1.519885 1.683671 6.801185 1 1 1
v 1.519885 1.883671 6.801185 1 1 1
v -8.998004 0 2 1 1 1
v -8.798004 0 4 1 1 1
v -8.998004 0.2 2 1 1 1
v -8.798004 0.2 4 1 1 1
v -9.999999 0 2 1 1 1
v -9.599991 0.9 1.999998 1 1 1
v -9.399991 0.9 3.999998 1 1 1
v -9.599991 4.05 1.999998 1 1 1
v -9.399991 4.05 3.999998 1 1 1
v -9.599991 0.9 5.999998 1 1 1
v -9.599991 4.05 5.999998 1 1 1
v -9.999991 4.05 5.999998 1 1 1
v -9.999991 0.9 5.999998 1 1 1
v -9.99999 4.05 1.999998 1 1 1
v -9.99999 0.9 1.999998 1 1 1
v -9.442528 1.285278 4.927855 1 1 1
v -9.404178 1.285278 4.544357 1 1 1
v -9.49228 1.285278 4.92288 1 1 1
v -9.45393 1.285278 4.539382 1 1 1
v -9.442528 1.585278 4.927855 1 1 1
v -9.49228 1.585278 4.92288 1 1 1
v -9.404178 1.585278 4.544357 1 1 1
v -9.45393 1.585278 4.539382 1 1 1
v -9.447503 1.535278 4.977607 1 1 1
v -9.447503 1.335278 4.977607 1 1 1
v -9.497255 1.535278 4.972632 1 1 1
v -9.497255 1.335278 4.972632 1 1 1
v -9.399202 1.335278 4.494606 1 1 1
v -9.399202 1.535278 4.494606 1 1 1
v -9.448955 1.335278 4.489631 1 1 1
v -9.448955 1.535278 4.489631 1 1 1
v -9.513252 3.191752 2.867377 1 1 1
v -9.551602 3.191752 2.483879 1 1 1
v -9.4635 3.191752 2.862402 1 1 1
v -9.50185 3.191752 2.478904 1 1 1
v -9.513252 2.891752 2.867377 1 1 1
v -9.4635 2.891752 2.862402 1 1 1
v -9.551602 2.891752 2.483879 1 1 1
v -9.50185 2.891752 2.478904 1 1 1
v -9.508277 3.141752 2.917129 1 1 1
v -9.458526 3.141752 2.912154 1 1 1
v -9.556577 3.141752 2.434127 1 1 1
v -9.506825 3.141752 2.429152 1 1 1
v -9.458526 2.941752 2.912154 1 1 1
v -9.508277 2.941752 2.917129 1 1 1
v -9.556577 2.941752 2.434127 1 1 1
v -9.506825 2.941752 2.429152 1 1 1
v -9.513447 1.633671 5.637034 1 1 1
v -9.475097 1.633671 5.253536 1 1 1
v -9.563199 1.633671 5.632059 1 1 1
v -9.524849 1.633671 5.248561 1 1 1
v -9.513447 1.933671 5.637034 1 1 1
v -9.563199 1.933671 5.632059 1 1 1
v -9.475097 1.933671 5.253536 1 1 1
v -9.524849 1.933671 5.248561 1 1 1
v -9.518422 1.883671 5.686786 1 1 1
v -9.568174 1.883671 5.681811 1 1 1
v -9.518422 1.683671 5.686786 1 1 1
v -9.568174 1.683671 5.681811 1 1 1
v -9.470121 1.683671 5.203784 1 1 1
v -9.470121 1.883671 5.203784 1 1 1
v -9.519874 1.683671 5.19881 1 1 1
v -9.519874 1.883671 5.19881 1 1 1
v 1.599999 4.05 -10 1 1 1
v 1.599999 0.9 -10 1 1 1
v 1.999999 4.05 -10 1 1 1
v 1.999999 0.9 -10 1 1 1
v 1.999999 0.9 -9.599999 1 1 1
v 1.999999 4.05 -9.599999 1 1 1
v 1.653589 0.9 -9.799999 1 1 1
v 1.653589 4.05 -9.799999 1 1 1
v 1.799999 0.9 -9.653589 1 1 1
v 1.799999 4.05 -9.653589 1 1 1
v 2 -1.671676E-14 -10 1 1 1
v 2 -1.671676E-14 -8.998005 1 1 1
v 0.9980048 0.2 -10 1 1 1
v 0.9980048 -1.671676E-14 -10 1 1 1
v 1.132247 0.2 -9.499002 1 1 1
v 1.499002 0.2 -9.132247 1 1 1
v 1.132247 -1.599485E-14 -9.499002 1 1 1
v 1.499002 -1.599485E-14 -9.132247 1 1 1
v 8.0904 3.857286 -8.840658 1 1 1
v 7.82245 3.857286 -8.465528 1 1 1
v 8.465528 3.857286 -9.108607 1 1 1
v 8.0904 3.857286 -8.0904 1 1 1
v 8.840657 3.857286 -8.840658 1 1 1
v 8.465528 3.857286 -7.822451 1 1 1
v 9.108606 3.857286 -8.465529 1 1 1
v 8.840657 3.857286 -8.0904 1 1 1
v 8.0904 4.233286 -8.840658 1 1 1
v 8.465528 4.233286 -9.108607 1 1 1
v 7.82245 4.233286 -8.465528 1 1 1
v 8.0904 4.233286 -8.0904 1 1 1
v 8.840657 4.233286 -8.840658 1 1 1
v 8.465528 4.233286 -7.822451 1 1 1
v 9.108606 4.233286 -8.465529 1 1 1
v 8.840657 4.233286 -8.0904 1 1 1
v 8.12041 0.576 -8.810648 1 1 1
v 8.465528 0.576 -9.057161 1 1 1
v 7.873897 0.576 -8.465528 1 1 1
v 8.12041 0.576 -8.12041 1 1 1
v 8.810647 0.576 -8.810648 1 1 1
v 9.05716 0.576 -8.465529 1 1 1
v 8.465528 0.576 -7.873897 1 1 1
v 8.810647 0.576 -8.12041 1 1 1
v 7.873897 0.2 -8.465528 1 1 1
v 8.12041 0.2 -8.810648 1 1 1
v 8.12041 0.2 -8.12041 1 1 1
v 8.465528 0.2 -7.873897 1 1 1
v 8.810647 0.2 -8.12041 1 1 1
v 9.05716 0.2 -8.465529 1 1 1
v 8.810647 0.2 -8.810648 1 1 1
v 8.465528 0.2 -9.057161 1 1 1
v 8.23289 0.576 -8.232891 1 1 1
v 8.06672 0.576 -8.465528 1 1 1
v 8.174731 3.857286 -8.174731 1 1 1
v 7.967018 3.857286 -8.465528 1 1 1
v 8.756327 3.857286 -8.174731 1 1 1
v 8.964039 3.857286 -8.465529 1 1 1
v 8.698167 0.576 -8.232891 1 1 1
v 8.864337 0.576 -8.465529 1 1 1
v 8.465528 0.576 -8.066721 1 1 1
v 8.465528 3.857286 -7.967019 1 1 1
v 8.23289 0.576 -8.698167 1 1 1
v 8.465528 0.576 -8.864337 1 1 1
v 8.17473 3.857286 -8.756327 1 1 1
v 8.465528 3.857286 -8.964039 1 1 1
v 8.698167 0.576 -8.698167 1 1 1
v 8.756326 3.857286 -8.756327 1 1 1
v -8.0904 3.857286 8.840657 1 1 1
v -7.82245 3.857286 8.465528 1 1 1
v -8.465528 3.857286 9.108606 1 1 1
v -8.0904 3.857286 8.0904 1 1 1
v -8.840657 3.857286 8.840657 1 1 1
v -8.465528 3.857286 7.82245 1 1 1
v -9.108606 3.857286 8.465528 1 1 1
v -8.840657 3.857286 8.0904 1 1 1
v -8.0904 4.233286 8.840657 1 1 1
v -8.465528 4.233286 9.108606 1 1 1
v -7.82245 4.233286 8.465528 1 1 1
v -8.0904 4.233286 8.0904 1 1 1
v -8.840657 4.233286 8.840657 1 1 1
v -8.465528 4.233286 7.82245 1 1 1
v -9.108606 4.233286 8.465528 1 1 1
v -8.840657 4.233286 8.0904 1 1 1
v -8.12041 0.576 8.810647 1 1 1
v -8.465528 0.576 9.05716 1 1 1
v -7.873897 0.576 8.465528 1 1 1
v -8.12041 0.576 8.12041 1 1 1
v -8.810647 0.576 8.810647 1 1 1
v -9.05716 0.576 8.465528 1 1 1
v -8.465528 0.576 7.873897 1 1 1
v -8.810647 0.576 8.12041 1 1 1
v -7.873897 0.2 8.465528 1 1 1
v -8.12041 0.2 8.810647 1 1 1
v -8.12041 0.2 8.12041 1 1 1
v -8.465528 0.2 7.873897 1 1 1
v -8.810647 0.2 8.12041 1 1 1
v -9.05716 0.2 8.465528 1 1 1
v -8.810647 0.2 8.810647 1 1 1
v -8.465528 0.2 9.05716 1 1 1
v -8.23289 0.576 8.23289 1 1 1
v -8.06672 0.576 8.465528 1 1 1
v -8.174731 3.857286 8.174731 1 1 1
v -7.967018 3.857286 8.465528 1 1 1
v -8.756326 3.857286 8.174731 1 1 1
v -8.964039 3.857286 8.465528 1 1 1
v -8.698167 0.576 8.23289 1 1 1
v -8.864337 0.576 8.465528 1 1 1
v -8.465528 0.576 8.06672 1 1 1
v -8.465528 3.857286 7.967018 1 1 1
v -8.23289 0.576 8.698167 1 1 1
v -8.465528 0.576 8.864337 1 1 1
v -8.174731 3.857286 8.756326 1 1 1
v -8.465528 3.857286 8.964039 1 1 1
v -8.698167 0.576 8.698167 1 1 1
v -8.756326 3.857286 8.756326 1 1 1
v -4.840657 3.857286 -4.090399 1 1 1
v -4.465528 3.857286 -3.82245 1 1 1
v -5.108607 3.857286 -4.465528 1 1 1
v -4.0904 3.857286 -4.090399 1 1 1
v -4.840657 3.857286 -4.840657 1 1 1
v -3.82245 3.857286 -4.465528 1 1 1
v -4.465528 3.857286 -5.108606 1 1 1
v -4.090399 3.857286 -4.840657 1 1 1
v -4.840657 4.233286 -4.090399 1 1 1
v -5.108607 4.233286 -4.465528 1 1 1
v -4.465528 4.233286 -3.82245 1 1 1
v -4.0904 4.233286 -4.090399 1 1 1
v -4.840657 4.233286 -4.840657 1 1 1
v -3.82245 4.233286 -4.465528 1 1 1
v -4.465528 4.233286 -5.108606 1 1 1
v -4.090399 4.233286 -4.840657 1 1 1
v -4.810647 0.576 -4.120409 1 1 1
v -5.05716 0.576 -4.465528 1 1 1
v -4.465528 0.576 -3.873896 1 1 1
v -4.12041 0.576 -4.120409 1 1 1
v -4.810647 0.576 -4.810647 1 1 1
v -4.465528 0.576 -5.05716 1 1 1
v -3.873897 0.576 -4.465528 1 1 1
v -4.12041 0.576 -4.810647 1 1 1
v -4.465528 0.2 -3.873896 1 1 1
v -4.810647 0.2 -4.120409 1 1 1
v -4.12041 0.2 -4.120409 1 1 1
v -3.873897 0.2 -4.465528 1 1 1
v -4.12041 0.2 -4.810647 1 1 1
v -4.465528 0.2 -5.05716 1 1 1
v -4.810647 0.2 -4.810647 1 1 1
v -5.05716 0.2 -4.465528 1 1 1
v -4.23289 0.576 -4.23289 1 1 1
v -4.465528 0.576 -4.06672 1 1 1
v -4.174731 3.857286 -4.17473 1 1 1
v -4.465528 3.857286 -3.967018 1 1 1
v -4.174731 3.857286 -4.756326 1 1 1
v -4.465528 3.857286 -4.964038 1 1 1
v -4.232891 0.576 -4.698166 1 1 1
v -4.465528 0.576 -4.864336 1 1 1
v -4.06672 0.576 -4.465528 1 1 1
v -3.967018 3.857286 -4.465528 1 1 1
v -4.698166 0.576 -4.23289 1 1 1
v -4.864336 0.576 -4.465528 1 1 1
v -4.756326 3.857286 -4.17473 1 1 1
v -4.964039 3.857286 -4.465528 1 1 1
v -4.698167 0.576 -4.698166 1 1 1
v -4.756326 3.857286 -4.756326 1 1 1
v 4.840657 3.857286 4.0904 1 1 1
v 4.465528 3.857286 3.82245 1 1 1
v 5.108607 3.857286 4.465528 1 1 1
v 4.0904 3.857286 4.090399 1 1 1
v 4.840657 3.857286 4.840657 1 1 1
v 3.82245 3.857286 4.465528 1 1 1
v 4.465528 3.857286 5.108607 1 1 1
v 4.090399 3.857286 4.840657 1 1 1
v 4.840657 4.233286 4.0904 1 1 1
v 5.108607 4.233286 4.465528 1 1 1
v 4.465528 4.233286 3.82245 1 1 1
v 4.0904 4.233286 4.090399 1 1 1
v 4.840657 4.233286 4.840657 1 1 1
v 3.82245 4.233286 4.465528 1 1 1
v 4.465528 4.233286 5.108607 1 1 1
v 4.090399 4.233286 4.840657 1 1 1
v 4.810647 0.576 4.12041 1 1 1
v 5.05716 0.576 4.465528 1 1 1
v 4.465528 0.576 3.873897 1 1 1
v 4.12041 0.576 4.12041 1 1 1
v 4.810647 0.576 4.810647 1 1 1
v 4.465528 0.576 5.05716 1 1 1
v 3.873897 0.576 4.465528 1 1 1
v 4.12041 0.576 4.810647 1 1 1
v 4.465528 0.2 3.873897 1 1 1
v 4.810647 0.2 4.12041 1 1 1
v 4.12041 0.2 4.12041 1 1 1
v 3.873897 0.2 4.465528 1 1 1
v 4.12041 0.2 4.810647 1 1 1
v 4.465528 0.2 5.05716 1 1 1
v 4.810647 0.2 4.810647 1 1 1
v 5.05716 0.2 4.465528 1 1 1
v 4.23289 0.576 4.232891 1 1 1
v 4.465528 0.576 4.06672 1 1 1
v 4.174731 3.857286 4.174731 1 1 1
v 4.465528 3.857286 3.967018 1 1 1
v 4.174731 3.857286 4.756326 1 1 1
v 4.465528 3.857286 4.964039 1 1 1
v 4.232891 0.576 4.698167 1 1 1
v 4.465528 0.576 4.864336 1 1 1
v 4.06672 0.576 4.465528 1 1 1
v 3.967018 3.857286 4.465528 1 1 1
v 4.698166 0.576 4.23289 1 1 1
v 4.864336 0.576 4.465528 1 1 1
v 4.756326 3.857286 4.174731 1 1 1
v 4.964039 3.857286 4.465528 1 1 1
v 4.698167 0.576 4.698166 1 1 1
v 4.756326 3.857286 4.756326 1 1 1
v 4 0.2 -9.937452 1 1 1
v 4.44505 0.2 -9.863277 1 1 1
v 4 0.6 -9.937452 1 1 1
v 4.44505 0.6 -9.863277 1 1 1
v 4.44505 0.2 -8.973177 1 1 1
v 4 0.2 -8.899002 1 1 1
v 4.44505 0.6 -8.973177 1 1 1
v 4 0.6 -8.899002 1 1 1
v 3.55495 0.2 -9.863277 1 1 1
v 3.55495 0.6 -9.863277 1 1 1
v 3.480775 0.6 -9.418227 1 1 1
v 3.480775 0.2 -9.418227 1 1 1
v 3.55495 0.6 -8.973177 1 1 1
v 4.519225 0.6 -9.418227 1 1 1
v 4.519225 0.2 -9.418227 1 1 1
v 3.55495 0.2 -8.973177 1 1 1
v 3.51625 4.233286 -8.934477 1 1 1
v 3.51625 3.833286 -8.934477 1 1 1
v 3.435625 4.233286 -9.418227 1 1 1
v 3.435625 3.833286 -9.418227 1 1 1
v 4 3.833286 -9.982602 1 1 1
v 4.48375 3.833286 -9.901978 1 1 1
v 4 4.233286 -9.982602 1 1 1
v 4.48375 4.233286 -9.901978 1 1 1
v 3.51625 3.833286 -9.901978 1 1 1
v 3.51625 4.233286 -9.901978 1 1 1
v 4 3.833286 -8.853852 1 1 1
v 4 4.233286 -8.853852 1 1 1
v 4.48375 3.833286 -8.934477 1 1 1
v 4.48375 4.233286 -8.934477 1 1 1
v 4.564375 3.833286 -9.418227 1 1 1
v 4.564375 4.233286 -9.418227 1 1 1
v 4.4375 3.833286 -9.418227 1 1 1
v 4.375 3.833286 -9.793227 1 1 1
v 4.35 0.6 -9.418227 1 1 1
v 4.3 0.6 -9.718227 1 1 1
v 4.375 3.833286 -9.043227 1 1 1
v 4.3 0.6 -9.118227 1 1 1
v 4 0.6 -9.068227 1 1 1
v 3.7 0.6 -9.118227 1 1 1
v 4 3.833286 -8.980727 1 1 1
v 3.625 3.833286 -9.043227 1 1 1
v 3.7 0.6 -9.718227 1 1 1
v 4 0.6 -9.768228 1 1 1
v 3.625 3.833286 -9.793227 1 1 1
v 4 3.833286 -9.855727 1 1 1
v 3.5625 3.833286 -9.418227 1 1 1
v 3.65 0.6 -9.418227 1 1 1
v -4 0.2 9.937452 1 1 1
v -4.44505 0.2 9.863277 1 1 1
v -4 0.6 9.937452 1 1 1
v -4.44505 0.6 9.863277 1 1 1
v -4.44505 0.2 8.973177 1 1 1
v -4 0.2 8.899002 1 1 1
v -4.44505 0.6 8.973177 1 1 1
v -4 0.6 8.899002 1 1 1
v -3.55495 0.2 9.863277 1 1 1
v -3.55495 0.6 9.863277 1 1 1
v -3.480775 0.6 9.418227 1 1 1
v -3.480775 0.2 9.418227 1 1 1
v -3.55495 0.6 8.973177 1 1 1
v -4.519225 0.6 9.418227 1 1 1
v -4.519225 0.2 9.418227 1 1 1
v -3.55495 0.2 8.973177 1 1 1
v -3.51625 4.233286 8.934477 1 1 1
v -3.51625 3.833286 8.934477 1 1 1
v -3.435625 4.233286 9.418227 1 1 1
v -3.435625 3.833286 9.418227 1 1 1
v -4 3.833286 9.982602 1 1 1
v -4.48375 3.833286 9.901978 1 1 1
v -4 4.233286 9.982602 1 1 1
v -4.48375 4.233286 9.901978 1 1 1
v -3.51625 3.833286 9.901978 1 1 1
v -3.51625 4.233286 9.901978 1 1 1
v -4 3.833286 8.853852 1 1 1
v -4 4.233286 8.853852 1 1 1
v -4.48375 3.833286 8.934477 1 1 1
v -4.48375 4.233286 8.934477 1 1 1
v -4.564375 3.833286 9.418227 1 1 1
v -4.564375 4.233286 9.418227 1 1 1
v -4.4375 3.833286 9.418227 1 1 1
v -4.375 3.833286 9.793227 1 1 1
v -4.35 0.6 9.418227 1 1 1
v -4.3 0.6 9.718227 1 1 1
v -4.375 3.833286 9.043227 1 1 1
v -4.3 0.6 9.118227 1 1 1
v -4 0.6 9.068227 1 1 1
v -3.7 0.6 9.118227 1 1 1
v -4 3.833286 8.980727 1 1 1
v -3.625 3.833286 9.043227 1 1 1
v -3.7 0.6 9.718227 1 1 1
v -4 0.6 9.768228 1 1 1
v -3.625 3.833286 9.793227 1 1 1
v -4 3.833286 9.855727 1 1 1
v -3.5625 3.833286 9.418227 1 1 1
v -3.65 0.6 9.418227 1 1 1
v -1.435625 3.833286 2 1 1 1
v -1.51625 3.833286 1.51625 1 1 1
v -1.51625 3.833286 2.48375 1 1 1
v -2 3.833286 2.564375 1 1 1
v -2 3.833286 1.435625 1 1 1
v -2.48375 3.833286 2.48375 1 1 1
v -2.48375 3.833286 1.51625 1 1 1
v -2.564375 3.833286 2 1 1 1
v -1.435625 4.233286 2 1 1 1
v -1.51625 4.233286 2.48375 1 1 1
v -1.51625 4.233286 1.51625 1 1 1
v -2 4.233286 1.435625 1 1 1
v -2 4.233286 2.564375 1 1 1
v -2.48375 4.233286 1.51625 1 1 1
v -2.48375 4.233286 2.48375 1 1 1
v -2.564375 4.233286 2 1 1 1
v -1.480775 0.6 2 1 1 1
v -1.55495 0.6 2.44505 1 1 1
v -1.55495 0.6 1.55495 1 1 1
v -2 0.6 1.480775 1 1 1
v -2 0.6 2.519225 1 1 1
v -2.44505 0.6 1.55495 1 1 1
v -2.44505 0.6 2.44505 1 1 1
v -2.519225 0.6 2 1 1 1
v -1.55495 0.2 1.55495 1 1 1
v -1.480775 0.2 2 1 1 1
v -2 0.2 1.480775 1 1 1
v -2.44505 0.2 1.55495 1 1 1
v -2.519225 0.2 2 1 1 1
v -2.44505 0.2 2.44505 1 1 1
v -2 0.2 2.519225 1 1 1
v -1.55495 0.2 2.44505 1 1 1
v -2 0.6 1.65 1 1 1
v -1.7 0.6 1.7 1 1 1
v -2 3.833286 1.5625 1 1 1
v -1.625 3.833286 1.625 1 1 1
v -2.35 0.6 2 1 1 1
v -2.4375 3.833286 2 1 1 1
v -2.3 0.6 2.3 1 1 1
v -2.375 3.833286 2.375 1 1 1
v -2.3 0.6 1.7 1 1 1
v -2.375 3.833286 1.625 1 1 1
v -1.5625 3.833286 2 1 1 1
v -1.65 0.6 2 1 1 1
v -1.625 3.833286 2.375 1 1 1
v -1.7 0.6 2.3 1 1 1
v -2 0.6 2.35 1 1 1
v -2 3.833286 2.4375 1 1 1

vn 0.7071068 0.5773503 -0.4082484
vn 0.4082484 0.5773503 0.7071068
vn 0.5202672 0.7994348 -0.3003765
vn 0.3003765 0.7994348 0.5202672
vn -0.5202672 -0.7994348 0.3003765
vn -0.4082484 -0.5773503 -0.7071068
vn -0.7071068 -0.5773503 0.4082484
vn -0.3003765 -0.7994348 -0.5202672
vn -0.7071069 0.5773503 -0.4082482
vn 0.4082482 0.5773503 -0.7071069
vn -0.5202673 0.7994348 -0.3003764
vn 0.3003764 0.7994348 -0.5202673
vn 0.5202673 -0.7994348 0.3003764
vn -0.4082482 -0.5773503 0.7071069
vn 0.7071069 -0.5773503 0.4082482
vn -0.3003764 -0.7994348 0.5202673
vn -0.7071068 0.5773503 0.4082484
vn -0.4082484 0.5773503 -0.7071068
vn -0.5202672 0.7994348 0.3003765
vn -0.3003765 0.7994348 -0.5202672
vn 0.5202672 -0.7994348 -0.3003765
vn 0.4082484 -0.5773503 0.7071068
vn 0.7071068 -0.5773503 -0.4082484
vn 0.3003765 -0.7994348 0.5202672
vn 0.5202673 0.7994348 0.3003764
vn -0.3003764 0.7994348 0.5202673
vn -0.5202673 -0.7994348 -0.3003764
vn 0.3003764 -0.7994348 -0.5202673
vn 0.7071069 0.5773503 0.4082482
vn -0.7071069 -0.5773503 -0.4082482
vn -0.4082482 0.5773503 0.7071069
vn 0.4082482 -0.5773503 -0.7071069
vn -5.06089E-08 0.9054101 -0.4245383
vn 0.4245383 0.9054101 -5.06089E-08
vn -0.4245383 0.9054101 5.06089E-08
vn 5.06089E-08 0.9054101 0.4245383
vn 0.4245383 -0.9054101 -5.06089E-08
vn -0.4245383 -0.9054101 5.06089E-08
vn 5.06089E-08 -0.9054101 0.4245383
vn -5.06089E-08 -0.9054101 -0.4245383
vn 0.5773503 0.8164966 -6.882551E-08
vn 6.882551E-08 0.8164966 0.5773503
vn -0.5773503 -0.8164966 6.882551E-08
vn -6.882551E-08 -0.8164966 -0.5773503
vn -6.882551E-08 0.8164966 -0.5773503
vn 6.882551E-08 -0.8164966 0.5773503
vn -0.5773503 0.8164966 6.882551E-08
vn 0.5773503 -0.8164966 -6.882551E-08
vn 0.2886751 0.8164966 -0.5000001
vn 0.2122691 0.90541 -0.3676609
vn -0.5000001 0.8164966 -0.2886751
vn -0.3676609 0.90541 -0.2122691
vn 0.5000001 -0.8164966 0.2886751
vn -0.2122691 -0.90541 0.3676609
vn -0.2886751 -0.8164966 0.5000001
vn 0.3676609 -0.90541 0.2122691
vn -0.2886751 0.8164966 0.5000001
vn -0.2122691 0.90541 0.3676609
vn 0.2886751 -0.8164966 -0.5000001
vn 0.2122691 -0.90541 -0.3676609
vn -0.6666667 0.3333333 0.6666668
vn -0.6666668 0.3333333 -0.6666667
vn -0.5033765 0.7022992 0.5033766
vn -0.5033766 0.7022992 -0.5033765
vn 0.5033765 -0.7022992 -0.5033766
vn 0.6666668 -0.3333333 0.6666667
vn 0.6666667 -0.3333333 -0.6666668
vn 0.5033766 -0.7022992 0.5033765
vn 0.5033765 0.7022992 -0.5033766
vn 0.5033766 0.7022992 0.5033765
vn -0.5033765 -0.7022992 0.5033766
vn -0.5033766 -0.7022992 -0.5033765
vn 0.3676609 0.90541 0.2122691
vn 0.5000001 0.8164966 0.2886751
vn -0.5000001 -0.8164966 -0.2886751
vn -0.3676609 -0.90541 -0.2122691
vn 0.6666667 0.3333333 -0.6666668
vn -0.6666667 -0.3333333 0.6666668
vn 0.6666668 0.3333333 0.6666667
vn -0.6666668 -0.3333333 -0.6666667
vn 0 1 0
vn 0 -1 0
vn -0.7071069 0.5773503 0.4082482
vn -0.4082482 0.5773503 -0.7071069
vn -0.5202673 0.7994348 0.3003764
vn -0.3003764 0.7994348 -0.5202673
vn 0.5202673 -0.7994348 -0.3003764
vn 0.4082482 -0.5773503 0.7071069
vn 0.7071069 -0.5773503 -0.4082482
vn 0.3003764 -0.7994348 0.5202673
vn 0.7071068 0.5773503 0.4082484
vn -0.4082484 0.5773503 0.7071068
vn 0.5202672 0.7994348 0.3003765
vn -0.3003765 0.7994348 0.5202672
vn -0.5202672 -0.7994348 -0.3003765
vn 0.4082484 -0.5773503 -0.7071068
vn -0.7071068 -0.5773503 -0.4082484
vn 0.3003765 -0.7994348 -0.5202672
vn 0.7071069 0.5773503 -0.4082482
vn 0.4082482 0.5773503 0.7071069
vn 0.5202673 0.7994348 -0.3003764
vn 0.3003764 0.7994348 0.5202673
vn -0.5202673 -0.7994348 0.3003764
vn -0.4082482 -0.5773503 -0.7071069
vn -0.7071069 -0.5773503 0.4082482
vn -0.3003764 -0.7994348 -0.5202673
vn -0.5202672 0.7994348 -0.3003765
vn 0.3003765 0.7994348 -0.5202672
vn 0.5202672 -0.7994348 0.3003765
vn -0.3003765 -0.7994348 0.5202672
vn -0.7071068 0.5773503 -0.4082484
vn 0.7071068 -0.5773503 0.4082484
vn 0.4082484 0.5773503 -0.7071068
vn -0.4082484 -0.5773503 0.7071068
vn -5.06089E-08 0.9054101 0.4245383
vn -0.4245383 0.9054101 -5.06089E-08
vn 0.4245383 0.9054101 5.06089E-08
vn 5.06089E-08 0.9054101 -0.4245383
vn -0.4245383 -0.9054101 -5.06089E-08
vn 0.4245383 -0.9054101 5.06089E-08
vn 5.06089E-08 -0.9054101 -0.4245383
vn -5.06089E-08 -0.9054101 0.4245383
vn -0.5773503 0.8164966 -6.882551E-08
vn 6.882551E-08 0.8164966 -0.5773503
vn 0.5773503 -0.8164966 6.882551E-08
vn -6.882551E-08 -0.8164966 0.5773503
vn -6.882551E-08 0.8164966 0.5773503
vn 6.882551E-08 -0.8164966 -0.5773503
vn 0.5773503 0.8164966 6.882551E-08
vn -0.5773503 -0.8164966 -6.882551E-08
vn -0.2886752 0.8164966 0.5
vn -0.2122692 0.90541 0.3676609
vn 0.5 0.8164966 0.2886752
vn 0.3676609 0.90541 0.2122692
vn -0.5 -0.8164966 -0.2886752
vn 0.2122692 -0.90541 -0.3676609
vn 0.2886752 -0.8164966 -0.5
vn -0.3676609 -0.90541 -0.2122692
vn 0.2886752 0.8164966 -0.5
vn 0.2122692 0.90541 -0.3676609
vn -0.2886752 -0.8164966 0.5
vn -0.2122692 -0.90541 0.3676609
vn 0.6666668 0.3333333 -0.6666667
vn 0.6666667 0.3333333 0.6666668
vn 0.5033766 0.7022992 -0.5033765
vn 0.5033765 0.7022992 0.5033766
vn -0.5033766 -0.7022992 0.5033765
vn -0.6666667 -0.3333333 -0.6666668
vn -0.6666668 -0.3333333 0.6666667
vn -0.5033765 -0.7022992 -0.5033766
vn -0.5033766 0.7022992 0.5033765
vn -0.5033765 0.7022992 -0.5033766
vn 0.5033766 -0.7022992 -0.5033765
vn 0.5033765 -0.7022992 0.5033766
vn -0.3676609 0.90541 -0.2122692
vn -0.5 0.8164966 -0.2886752
vn 0.5 -0.8164966 0.2886752
vn 0.3676609 -0.90541 0.2122692
vn -0.6666668 0.3333333 0.6666667
vn 0.6666668 -0.3333333 -0.6666667
vn -0.6666667 0.3333333 -0.6666668
vn 0.6666667 -0.3333333 0.6666668
vn -0.4082483 0.5773503 -0.7071068
vn 0.7071068 0.5773503 -0.4082483
vn -0.3003764 0.7994348 -0.5202672
vn 0.5202672 0.7994348 -0.3003764
vn 0.3003764 -0.7994348 0.5202672
vn -0.7071068 -0.5773503 0.4082483
vn 0.4082483 -0.5773503 0.7071068
vn -0.5202672 -0.7994348 0.3003764
vn -0.4082483 0.5773503 0.7071068
vn -0.7071068 0.5773503 -0.4082483
vn -0.3003764 0.7994348 0.5202672
vn -0.5202672 0.7994348 -0.3003764
vn 0.3003764 -0.7994348 -0.5202672
vn 0.7071068 -0.5773503 0.4082483
vn 0.4082483 -0.5773503 -0.7071068
vn 0.5202672 -0.7994348 0.3003764
vn 0.4082483 0.5773503 0.7071068
vn -0.7071068 0.5773503 0.4082483
vn 0.3003764 0.7994348 0.5202672
vn -0.5202672 0.7994348 0.3003764
vn -0.3003764 -0.7994348 -0.5202672
vn 0.7071068 -0.5773503 -0.4082483
vn -0.4082483 -0.5773503 -0.7071068
vn 0.5202672 -0.7994348 -0.3003764
vn 0.3003764 0.7994348 -0.5202672
vn 0.5202672 0.7994348 0.3003764
vn -0.3003764 -0.7994348 0.5202672
vn -0.5202672 -0.7994348 -0.3003764
vn 0.4082483 0.5773503 -0.7071068
vn -0.4082483 -0.5773503 0.7071068
vn 0.7071068 0.5773503 0.4082483
vn -0.7071068 -0.5773503 -0.4082483
vn -0.4245382 0.9054101 5.792671E-14
vn -5.792671E-14 0.9054101 -0.4245382
vn 5.792671E-14 0.9054101 0.4245382
vn 0.4245382 0.9054101 -5.792671E-14
vn -5.792671E-14 -0.9054101 -0.4245382
vn 5.792671E-14 -0.9054101 0.4245382
vn 0.4245382 -0.9054101 -5.792671E-14
vn -0.4245382 -0.9054101 5.792671E-14
vn -7.877737E-14 0.8164966 -0.5773503
vn 0.5773503 0.8164966 -7.877737E-14
vn 7.877737E-14 -0.8164966 0.5773503
vn -0.5773503 -0.8164966 7.877737E-14
vn -0.5773503 0.8164966 7.877737E-14
vn 0.5773503 -0.8164966 -7.877737E-14
vn 7.877737E-14 0.8164966 0.5773503
vn -7.877737E-14 -0.8164966 -0.5773503
vn -0.5 0.8164966 -0.2886751
vn -0.3676609 0.90541 -0.2122691
vn -0.2886751 0.8164966 0.5
vn -0.2122691 0.90541 0.3676609
vn 0.2886751 -0.8164966 -0.5
vn 0.3676609 -0.90541 0.2122691
vn 0.5 -0.8164966 0.2886751
vn 0.2122691 -0.90541 -0.3676609
vn 0.5 0.8164966 0.2886751
vn 0.3676609 0.90541 0.2122691
vn -0.5 -0.8164966 -0.2886751
vn -0.3676609 -0.90541 -0.2122691
vn 0.6666667 0.3333333 0.6666667
vn -0.6666667 0.3333333 0.6666667
vn 0.5033765 0.7022992 0.5033765
vn -0.5033765 0.7022992 0.5033765
vn -0.5033765 -0.7022992 -0.5033765
vn 0.6666667 -0.3333333 -0.6666667
vn -0.6666667 -0.3333333 -0.6666667
vn 0.5033765 -0.7022992 -0.5033765
vn -0.5033765 0.7022992 -0.5033765
vn 0.5033765 0.7022992 -0.5033765
vn 0.5033765 -0.7022992 0.5033765
vn -0.5033765 -0.7022992 0.5033765
vn 0.2122691 0.90541 -0.3676609
vn 0.2886751 0.8164966 -0.5
vn -0.2886751 -0.8164966 0.5
vn -0.2122691 -0.90541 0.3676609
vn -0.6666667 0.3333333 -0.6666667
vn 0.6666667 -0.3333333 0.6666667
vn 0.6666667 0.3333333 -0.6666667
vn -0.6666667 -0.3333333 0.6666667
vn 0.4245382 0.9054101 0
vn 0 0.9054101 0.4245382
vn 0 0.9054101 -0.4245382
vn -0.4245382 0.9054101 0
vn 0 -0.9054101 0.4245382
vn 0 -0.9054101 -0.4245382
vn -0.4245382 -0.9054101 0
vn 0.4245382 -0.9054101 0
vn 0 0.8164966 0.5773503
vn -0.5773503 0.8164966 0
vn 0 -0.8164966 -0.5773503
vn 0.5773503 -0.8164966 0
vn 0.5773503 0.8164966 0
vn -0.5773503 -0.8164966 0
vn 0 0.8164966 -0.5773503
vn 0 -0.8164966 0.5773503
vn -0.4245382 0.9054101 -3.707557E-13
vn 3.707557E-13 0.9054101 -0.4245382
vn -3.707557E-13 0.9054101 0.4245382
vn 0.4245382 0.9054101 3.707557E-13
vn 3.707557E-13 -0.9054101 -0.4245382
vn -3.707557E-13 -0.9054101 0.4245382
vn 0.4245382 -0.9054101 3.707557E-13
vn -0.4245382 -0.9054101 -3.707557E-13
vn -5.042088E-13 0.8164966 0.5773503
vn 0.5773503 0.8164966 5.042088E-13
vn 5.042088E-13 -0.8164966 -0.5773503
vn -0.5773503 -0.8164966 -5.042088E-13
vn -0.5773503 0.8164966 -5.042088E-13
vn 0.5773503 -0.8164966 5.042088E-13
vn 5.042088E-13 0.8164966 -0.5773503
vn -5.042088E-13 -0.8164966 0.5773503
vn 0.5475281 0.7994348 0.2472184
vn -0.2472184 0.7994348 0.5475281
vn 0.2472184 0.7994348 -0.5475281
vn -0.5475281 0.7994348 -0.2472184
vn -0.2472184 -0.7994348 0.5475281
vn 0.2472184 -0.7994348 -0.5475281
vn -0.5475281 -0.7994348 -0.2472184
vn 0.5475281 -0.7994348 0.2472184
vn -0.7441577 0.5773503 -0.3360001
vn 0.3360001 0.5773503 -0.7441577
vn -0.3360001 -0.5773503 0.7441577
vn 0.7441577 -0.5773503 0.3360001
vn -0.3360001 0.5773503 0.7441577
vn 0.3360001 -0.5773503 -0.7441577
vn 0.7441577 0.5773503 0.3360001
vn -0.7441577 -0.5773503 -0.3360001
vn 0.2132007 0.904534 0.3692745
vn -0.3692745 0.904534 0.2132007
vn 0.1578553 0.9488556 0.2734133
vn -0.2734133 0.9488556 0.1578553
vn -0.1578553 -0.9488556 -0.2734133
vn 0.3692745 -0.904534 -0.2132007
vn -0.2132007 -0.904534 -0.3692745
vn 0.2734133 -0.9488556 -0.1578553
vn 0.4247964 0.7994348 -0.4247964
vn 0.4247964 0.7994348 0.4247964
vn -0.4247964 0.7994348 -0.4247964
vn -0.4247964 0.7994348 0.4247964
vn 0.4247964 -0.7994348 0.4247964
vn -0.4247964 -0.7994348 -0.4247964
vn -0.4247964 -0.7994348 0.4247964
vn 0.4247964 -0.7994348 -0.4247964
vn 0.5773503 0.5773503 -0.5773503
vn 0.5773503 0.5773503 0.5773503
vn -0.5773503 -0.5773503 -0.5773503
vn -0.5773503 -0.5773503 0.5773503
vn -0.5773503 0.5773503 -0.5773503
vn 0.5773503 -0.5773503 0.5773503
vn 0.3692745 0.904534 -0.2132007
vn 0.2734133 0.9488556 -0.1578553
vn -0.2734133 -0.9488556 0.1578553
vn -0.3692745 -0.904534 0.2132007
vn -0.1578553 0.9488556 -0.2734133
vn -0.2132007 0.904534 -0.3692745
vn 0.2132007 -0.904534 0.3692745
vn 0.1578553 -0.9488556 0.2734133
vn -0.5773503 0.5773503 0.5773503
vn 0.5773503 -0.5773503 -0.5773503
vn -0.4245382 0.9054101 1.900647E-14
vn -1.900647E-14 0.9054101 -0.4245382
vn 1.900647E-14 0.9054101 0.4245382
vn 0.4245382 0.9054101 -1.900647E-14
vn -1.900647E-14 -0.9054101 -0.4245382
vn 1.900647E-14 -0.9054101 0.4245382
vn 0.4245382 -0.9054101 -1.900647E-14
vn -0.4245382 -0.9054101 1.900647E-14
vn 2.584782E-14 0.8164966 0.5773503
vn 0.5773503 0.8164966 -2.584782E-14
vn -2.584782E-14 -0.8164966 -0.5773503
vn -0.5773503 -0.8164966 2.584782E-14
vn -0.5773503 0.8164966 2.584782E-14
vn 0.5773503 -0.8164966 -2.584782E-14
vn -2.584782E-14 0.8164966 -0.5773503
vn 2.584782E-14 -0.8164966 0.5773503
vn -1 0 1.192093E-07
vn 1 0 -1.192093E-07
vn -0.1950902 0 0.9807854
vn -0.3826834 0 0.9238797
vn 0.3826834 0 -0.9238797
vn 0.1950902 0 -0.9807854
vn -0.7071068 0 0.7071069
vn 0.7071068 0 -0.7071069
vn -0.9238796 0 0.3826836
vn 0.9238796 0 -0.3826836
vn -0.9807854 0 0.1950905
vn 0.9807854 0 -0.1950905
vn 1.192093E-07 0 1
vn -1.192093E-07 0 -1
vn 0.9807854 0 -0.1950905
vn -0.9807854 0 0.1950905
vn 1 0 1.192093E-07
vn -1 0 -1.192093E-07
vn 0.1950905 0 -0.9807854
vn 0.3826836 0 -0.9238796
vn -0.3826836 0 0.9238796
vn -0.1950905 0 0.9807854
vn 0.7071069 0 -0.7071068
vn -0.7071069 0 0.7071068
vn 0.9238797 0 -0.3826834
vn -0.9238797 0 0.3826834
vn 0.9807854 0 -0.1950902
vn -0.9807854 0 0.1950902
vn 1.192093E-07 0 -1
vn -1.192093E-07 0 1
vn -0.9807854 0 0.1950902
vn 0.9807854 0 -0.1950902
vn 1.364464E-13 0 1
vn -1.364464E-13 0 -1
vn 0.9807853 0 0.1950903
vn 0.9238795 0 0.3826834
vn -0.9238795 0 -0.3826834
vn -0.9807853 0 -0.1950903
vn 0.7071068 0 0.7071068
vn -0.7071068 0 -0.7071068
vn 0.3826834 0 0.9238795
vn -0.3826834 0 -0.9238795
vn 0.1950903 0 0.9807853
vn -0.1950903 0 -0.9807853
vn 1 0 -1.364464E-13
vn -1 0 1.364464E-13
vn -0.1950903 0 -0.9807853
vn 0.1950903 0 0.9807853
vn 0 0 -1
vn 0 0 1
vn -1 0 0
vn 1 0 0
vn 0.5000002 0 -0.8660255
vn 0.2588192 0 -0.9659259
vn -0.2588192 0 0.9659259
vn -0.5000002 0 0.8660255
vn 0.8660256 0 -0.5
vn -0.8660256 0 0.5
vn 0.965926 0 -0.2588189
vn -0.965926 0 0.2588189
vn -1 0 -2.853273E-14
vn 1 0 2.853273E-14
vn 2.853273E-14 0 -1
vn -2.853273E-14 0 1
vn 0.8660254 0 0.5
vn 0.9659258 0 0.258819
vn -0.9659258 0 -0.258819
vn -0.8660254 0 -0.5
vn 0.5 0 0.8660254
vn -0.5 0 -0.8660254
vn 0.258819 0 0.9659258
vn -0.258819 0 -0.9659258
vn 0.09950371 0 0.9950371
vn -8.733153E-13 0 1
vn -0.09950371 0 -0.9950371
vn 8.733153E-13 0 -1
vn -0.09950371 0 0.9950371
vn 0.09950371 0 -0.9950371
vn -1 0 -8.733153E-13
vn 1 0 8.733153E-13
vn -0.5 0 0.8660256
vn -0.258819 0 0.965926
vn 0.258819 0 -0.965926
vn 0.5 0 -0.8660256
vn -0.8660255 0 0.5000002
vn 0.8660255 0 -0.5000002
vn -0.9659259 0 0.2588192
vn 0.9659259 0 -0.2588192
vn -0.986394 0 0.164399
vn -0.164399 0 0.986394
vn 0.164399 0 0.986394
vn 0.986394 0 0.164399
vn 0.986394 0 -0.164399
vn 0.164399 0 -0.986394
vn -0.164399 0 -0.986394
vn -0.986394 0 -0.164399
vn -0.9950373 0 0.09950384
vn 0.9950373 0 -0.09950384
vn -0.9950373 0 -0.09950361
vn 0.9950373 0 0.09950361
vn 0.9950373 0 -0.09950361
vn -0.9950373 0 0.09950361
vn 0.9950373 0 0.09950384
vn -0.9950373 0 -0.09950384
vn 4.476974E-14 0 1
vn -4.476974E-14 0 -1
vn -1 0 4.476974E-14
vn 1 0 -4.476974E-14
vn -0.9374505 0 -0.3481186
vn -0.8012155 0 -0.5983759
vn 0.8012155 0 0.5983759
vn 0.9374505 0 0.3481186
vn -0.2601586 0 0.9655659
vn -0.7071066 0 0.7071069
vn 0.2601586 0 -0.9655659
vn 0.7071066 0 -0.7071069
vn -0.9655658 0 0.2601591
vn 0.9655658 0 -0.2601591
vn 0.3481191 0 0.9374504
vn 0.5983763 0 0.8012152
vn -0.5983763 0 -0.8012152
vn -0.3481191 0 -0.9374504
vn 0.07465789 0.9238795 0.3753304
vn 0.1802401 0.3826834 0.9061276
vn -0.07465789 -0.9238795 -0.3753304
vn -0.1802401 -0.3826834 -0.9061276
vn 0.07465789 -0.9238795 0.3753304
vn -0.07465789 0.9238795 -0.3753304
vn -0.1802401 0.3826834 -0.9061276
vn 0.1802401 -0.3826834 0.9061276
vn -0.2126076 0.9238795 -0.3181897
vn 0.2126076 0.9238795 0.3181897
vn 0.2126076 -0.9238795 0.3181897
vn -0.2126076 -0.9238795 -0.3181897
vn -0.5132802 -0.3826834 -0.7681778
vn 0.5132802 0.3826834 0.7681778
vn 0.5132802 -0.3826834 0.7681778
vn -0.5132802 0.3826834 -0.7681778
vn -0.8314697 0 0.5555704
vn 0.8314697 0 -0.5555704
vn 0.3753303 0.9238795 0.07465779
vn 0.9061276 0.3826834 0.1802399
vn -0.3753303 -0.9238795 -0.07465779
vn -0.9061276 -0.3826834 -0.1802399
vn -0.3753303 0.9238795 -0.07465779
vn 0.3753303 -0.9238795 0.07465779
vn -0.9061276 0.3826834 -0.1802399
vn 0.9061276 -0.3826834 0.1802399
vn 0.9374504 0 0.3481188
vn 0.8012154 0 0.598376
vn -0.8012154 0 -0.598376
vn -0.9374504 0 -0.3481188
vn 0.2601589 0 -0.9655658
vn 0.7071068 0 -0.7071068
vn -0.2601589 0 0.9655658
vn -0.7071068 0 0.7071068
vn 0.9655658 0 -0.2601589
vn -0.9655658 0 0.2601589
vn -0.3481188 0 -0.9374504
vn -0.598376 0 -0.8012154
vn 0.598376 0 0.8012154
vn 0.3481188 0 0.9374504
vn -0.07465781 0.9238795 -0.3753304
vn -0.1802399 0.3826834 -0.9061276
vn 0.07465781 -0.9238795 0.3753304
vn 0.1802399 -0.3826834 0.9061276
vn -0.07465781 -0.9238795 -0.3753304
vn 0.07465781 0.9238795 0.3753304
vn 0.1802399 0.3826834 0.9061276
vn -0.1802399 -0.3826834 -0.9061276
vn 0.2126075 0.9238795 0.3181897
vn -0.2126075 0.9238795 -0.3181897
vn -0.2126075 -0.9238795 -0.3181897
vn 0.2126075 -0.9238795 0.3181897
vn 0.5132799 -0.3826834 0.7681779
vn -0.5132799 0.3826834 -0.7681779
vn -0.5132799 -0.3826834 -0.7681779
vn 0.5132799 0.3826834 0.7681779
vn 0.8314698 0 -0.5555702
vn -0.8314698 0 0.5555702
vn -0.3753303 0.9238795 -0.07465788
vn -0.9061276 0.3826834 -0.1802401
vn 0.3753303 -0.9238795 0.07465788
vn 0.9061276 -0.3826834 0.1802401
vn 0.3753303 0.9238795 0.07465788
vn -0.3753303 -0.9238795 -0.07465788
vn 0.9061276 0.3826834 0.1802401
vn -0.9061276 -0.3826834 -0.1802401
vn -0.3481187 0 0.9374505
vn -0.5983759 0 0.8012155
vn 0.5983759 0 -0.8012155
vn 0.3481187 0 -0.9374505
vn 0.9655658 0 0.2601588
vn 0.7071069 0 0.7071067
vn -0.9655658 0 -0.2601588
vn -0.7071069 0 -0.7071067
vn 0.260159 0 0.9655658
vn -0.260159 0 -0.9655658
vn 0.9374504 0 -0.3481189
vn 0.8012154 0 -0.5983762
vn -0.8012154 0 0.5983762
vn -0.9374504 0 0.3481189
vn 0.3753303 0.9238795 -0.07465784
vn 0.9061275 0.3826834 -0.18024
vn -0.3753303 -0.9238795 0.07465784
vn -0.9061275 -0.3826834 0.18024
vn 0.3753303 -0.9238795 -0.07465784
vn -0.3753303 0.9238795 0.07465784
vn -0.9061275 0.3826834 0.18024
vn 0.9061275 -0.3826834 -0.18024
vn -0.3181897 0.9238795 0.2126075
vn 0.3181897 0.9238795 -0.2126075
vn 0.3181897 -0.9238795 -0.2126075
vn -0.3181897 -0.9238795 0.2126075
vn -0.7681777 -0.3826834 0.51328
vn 0.7681777 0.3826834 -0.51328
vn 0.7681777 -0.3826834 -0.51328
vn -0.7681777 0.3826834 0.51328
vn 0.5555702 0 0.8314696
vn -0.5555702 0 -0.8314696
vn 0.07465783 0.9238795 -0.3753302
vn 0.18024 0.3826834 -0.9061275
vn -0.07465783 -0.9238795 0.3753302
vn -0.18024 -0.3826834 0.9061275
vn -0.07465783 0.9238795 0.3753302
vn 0.07465783 -0.9238795 -0.3753302
vn -0.18024 0.3826834 0.9061275
vn 0.18024 -0.3826834 -0.9061275
vn 0.8660256 0 -0.4999999
vn -0.8660256 0 0.4999999
vn 0.5 0 0.8660254
vn -0.5 0 -0.8660254
vn -0.4575815 0 0.8891677
vn 0.4575815 0 -0.8891677
vn -0.8891677 0 0.4575816
vn -0.986394 0 0.164399
vn 0.986394 0 -0.164399
vn 0.8891677 0 -0.4575816
vn 0.4575816 0 0.8891677
vn -0.4575816 0 -0.8891677
vn 0.8891677 0 0.4575815
vn 0.986394 0 0.164399
vn -0.986394 0 -0.164399
vn -0.8891677 0 -0.4575815
vn 0.09950373 0 0.9950371
vn -0.09950373 0 -0.9950371
vn -0.0995037 0 0.9950371
vn 0.0995037 0 -0.9950371
vn -0.9192945 -0.3826834 0.09192945
vn -0.3807842 -0.9238795 0.03807842
vn 0.3807842 0.9238795 -0.03807842
vn 0.9192945 0.3826834 -0.09192945
vn -0.9192945 0.3826834 0.09192945
vn -0.3807842 0.9238795 0.03807842
vn 0.9192945 -0.3826834 -0.09192945
vn 0.3807842 -0.9238795 -0.03807842
vn -0.9192945 -0.3826834 -0.09192945
vn -0.3807842 -0.9238795 -0.03807842
vn 0.9192945 0.3826834 0.09192945
vn 0.3807842 0.9238795 0.03807842
vn 0.9192945 -0.3826834 0.09192945
vn -0.9192945 0.3826834 -0.09192945
vn 0.3807842 -0.9238795 0.03807842
vn -0.3807842 0.9238795 -0.03807842
vn -0.8660255 0 0.5000001
vn 0.8660255 0 -0.5000001
vn -0.9950373 0 0.09950386
vn 0.9950373 0 -0.09950386
vn -0.9950373 0 -0.0995036
vn 0.9950373 0 0.0995036
vn 0.03807838 -0.9238795 -0.3807843
vn -0.03807838 -0.9238795 0.3807843
vn -0.03807838 0.9238795 0.3807843
vn 0.03807838 0.9238795 -0.3807843
vn 0.09192935 0.3826834 -0.9192946
vn 0.09192935 -0.3826834 -0.9192946
vn -0.09192935 -0.3826834 0.9192946
vn -0.09192935 0.3826834 0.9192946
vn -0.03807847 0.9238795 -0.3807843
vn 0.03807847 0.9238795 0.3807843
vn 0.03807847 -0.9238795 0.3807843
vn -0.03807847 -0.9238795 -0.3807843
vn -0.09192957 0.3826834 -0.9192946
vn 0.09192957 -0.3826834 0.9192946
vn 0.09192957 0.3826834 0.9192946
vn -0.09192957 -0.3826834 -0.9192946
vn 0.9950373 0 -0.09950362
vn -0.9950373 0 0.09950362
vn 0.9950373 0 0.09950384
vn -0.9950373 0 -0.09950384
vn -0.03807847 -0.9238795 0.3807843
vn 0.03807847 -0.9238795 -0.3807843
vn 0.03807847 0.9238795 -0.3807843
vn -0.03807847 0.9238795 0.3807843
vn -0.09192957 0.3826834 0.9192946
vn -0.09192957 -0.3826834 0.9192946
vn 0.09192957 -0.3826834 -0.9192946
vn 0.09192957 0.3826834 -0.9192946
vn 0.03807838 0.9238795 0.3807843
vn -0.03807838 0.9238795 -0.3807843
vn -0.03807838 -0.9238795 -0.3807843
vn 0.03807838 -0.9238795 0.3807843
vn 0.09192935 0.3826834 0.9192946
vn -0.09192935 -0.3826834 -0.9192946
vn -0.09192935 0.3826834 -0.9192946
vn 0.09192935 -0.3826834 0.9192946
vn 0 -0.9999999 0
vn 0 0.9999999 0
vn -0.8137336 0 -0.5812382
vn -0.7071069 0 -0.7071068
vn 0.7071069 0 0.7071068
vn 0.8137336 0 0.5812382
vn -0.8137335 0 0.5812383
vn 0.8137335 0 -0.5812383
vn -0.5812382 0 0.8137336
vn 0.5812382 0 -0.8137336
vn 0.5812383 0 0.8137335
vn -0.5812383 0 -0.8137335
vn -0.7068846 -0.02505852 0.7068849
vn -0.8134847 -0.02471778 0.5810607
vn 0.7068846 0.02505852 -0.7068849
vn 0.8134847 0.02471778 -0.5810607
vn 0.7068849 -0.02505852 0.7068846
vn 0.8134848 -0.02471778 0.5810605
vn -0.7068849 0.02505852 -0.7068846
vn -0.8134848 0.02471778 -0.5810605
vn -0.5810605 -0.02471778 0.8134848
vn 0.5810605 0.02471778 -0.8134848
vn -0.7068849 -0.02505852 -0.7068846
vn -0.5810607 -0.02471778 -0.8134847
vn 0.7068849 0.02505852 0.7068846
vn 0.5810607 0.02471778 0.8134847
vn -0.8134848 -0.02471778 -0.5810605
vn 0.8134848 0.02471778 0.5810605
vn 0.7068846 -0.02505852 -0.7068849
vn 0.8134847 -0.02471778 -0.5810607
vn -0.7068846 0.02505852 0.7068849
vn -0.8134847 0.02471778 0.5810607
vn 0.5810605 -0.02471778 -0.8134848
vn -0.5810605 0.02471778 0.8134848
vn 0.5810607 -0.02471778 0.8134847
vn -0.5810607 0.02471778 -0.8134847
vn 0.8137335 0 0.5812384
vn 0.7071067 0 0.7071069
vn -0.7071067 0 -0.7071069
vn -0.8137335 0 -0.5812384
vn 0.7071069 0 -0.7071067
vn 0.8137337 0 -0.5812382
vn -0.7071069 0 0.7071067
vn -0.8137337 0 0.5812382
vn 0.5812384 0 -0.8137335
vn -0.5812384 0 0.8137335
vn -0.5812382 0 -0.8137337
vn 0.5812382 0 0.8137337
vn 0.7068848 -0.02505852 -0.7068848
vn 0.8134848 -0.02471778 -0.5810606
vn -0.7068848 0.02505852 0.7068848
vn -0.8134848 0.02471778 0.5810606
vn -0.7068848 -0.02505852 -0.7068848
vn -0.8134848 -0.02471778 -0.5810606
vn 0.7068848 0.02505852 0.7068848
vn 0.8134848 0.02471778 0.5810606
vn 0.5810606 -0.02471778 -0.8134848
vn -0.5810606 0.02471778 0.8134848
vn 0.7068848 -0.02505852 0.7068848
vn 0.5810606 -0.02471778 0.8134848
vn -0.7068848 0.02505852 -0.7068848
vn -0.5810606 0.02471778 -0.8134848
vn 0.8134848 -0.02471778 0.5810606
vn -0.8134848 0.02471778 -0.5810606
vn -0.7068848 -0.02505852 0.7068848
vn -0.8134848 -0.02471778 0.5810606
vn 0.7068848 0.02505852 -0.7068848
vn 0.8134848 0.02471778 -0.5810606
vn -0.5810606 -0.02471778 0.8134848
vn 0.5810606 0.02471778 -0.8134848
vn -0.5810606 -0.02471778 -0.8134848
vn 0.5810606 0.02471778 0.8134848
vn -0.5812383 0 0.8137335
vn -0.7071068 0 0.7071068
vn 0.7071068 0 -0.7071068
vn 0.5812383 0 -0.8137335
vn 0.7071068 0 0.7071068
vn 0.5812382 0 0.8137336
vn -0.7071068 0 -0.7071068
vn -0.5812382 0 -0.8137336
vn 0.8137335 0 0.5812383
vn -0.8137335 0 -0.5812383
vn 0.8137336 0 -0.5812382
vn -0.8137336 0 0.5812382
vn 0.7068848 -0.02505852 0.7068847
vn 0.5810606 -0.02471778 0.8134847
vn -0.7068848 0.02505852 -0.7068847
vn -0.5810606 0.02471778 -0.8134847
vn 0.7068847 -0.02505852 -0.7068848
vn 0.5810605 -0.02471778 -0.8134848
vn -0.7068847 0.02505852 0.7068848
vn -0.5810605 0.02471778 0.8134848
vn 0.8134848 -0.02471778 0.5810605
vn -0.8134848 0.02471778 -0.5810605
vn -0.7068847 -0.02505852 0.7068848
vn -0.8134847 -0.02471778 0.5810606
vn 0.7068847 0.02505852 -0.7068848
vn 0.8134847 0.02471778 -0.5810606
vn -0.5810605 -0.02471778 0.8134848
vn 0.5810605 0.02471778 -0.8134848
vn -0.7068848 -0.02505852 -0.7068847
vn -0.5810606 -0.02471778 -0.8134847
vn 0.7068848 0.02505852 0.7068847
vn 0.5810606 0.02471778 0.8134847
vn -0.8134848 -0.02471778 -0.5810605
vn 0.8134848 0.02471778 0.5810605
vn 0.8134847 -0.02471778 -0.5810606
vn -0.8134847 0.02471778 0.5810606
vn 0.999634 -0.02705235 8.729957E-13
vn 0.9860427 -0.02668454 -0.1643405
vn -0.999634 0.02705235 -8.729957E-13
vn -0.9860427 0.02668454 0.1643405
vn 0.9860427 -0.02668454 0.1643405
vn -0.9860427 0.02668454 -0.1643405
vn -8.729957E-13 -0.02705235 0.999634
vn -0.1643405 -0.02668453 0.9860427
vn 8.729957E-13 0.02705235 -0.999634
vn 0.1643405 0.02668453 -0.9860427
vn -0.1643405 -0.02668453 -0.9860427
vn 8.729957E-13 -0.02705235 -0.999634
vn 0.1643405 0.02668453 0.9860427
vn -8.729957E-13 0.02705235 0.999634
vn -0.9860427 -0.02668454 0.1643405
vn -0.999634 -0.02705235 -8.729957E-13
vn 0.999634 0.02705235 8.729957E-13
vn 0.9860427 0.02668454 -0.1643405
vn -0.9860427 -0.02668454 -0.1643405
vn 0.9860427 0.02668454 0.1643405
vn 0.1643405 -0.02668453 0.9860427
vn -0.1643405 0.02668453 -0.9860427
vn 0.1643405 -0.02668453 -0.9860427
vn -0.1643405 0.02668453 0.9860427
vn -0.999634 -0.02705235 0
vn 0.999634 0.02705235 0
vn 0 -0.02705235 -0.999634
vn 0 0.02705235 0.999634
vn 0 -0.02705235 0.999634
vn 0 0.02705235 -0.999634
vn 0.999634 -0.02705235 0
vn -0.999634 0.02705235 0
vn 1 0 -4.892161E-30
vn -1 0 4.892161E-30
vn -4.892161E-30 0 -1
vn 4.892161E-30 0 1

vt 0.46875 0.025
vt 0.46875 0.105
vt 0.46875 0.065
vt 0.46875 0.045
vt 0.46875 0.145
vt 0.46875 0.185
vt 0.46875 0.225
vt 0.46875 0.165
vt 0.09375 0.225
vt 0.09375 0.025
vt 0.34375 0.025
vt 0.34375 0.225
vt 0.34375 0.105
vt 0.34375 0.1759351
vt 0.34375 0.1782973
vt 0.34375 0.1877463
vt 0.34375 0.1901085
vt 0.34375 0.1984787
vt 0.34375 0.2102899
vt 0.34375 0.2126521
vt 0.34375 0.2008409
vt 0.34375 0.1782653
vt 0.34375 0.164092
vt 0.34375 0.1664542
vt 0.34375 0.1759031
vt 0.34375 0.1428617
vt 0.34375 0.1404995
vt 0.34375 0.1310506
vt 0.34375 0.1286884
vt 0.34375 0.1947402
vt 0.34375 0.1923779
vt 0.34375 0.2041891
vt 0.34375 0.2065513
vt 0.34375 0.1682468
vt 0.34375 0.170609
vt 0.34375 0.1800579
vt 0.34375 0.1824202
vt 0.34375 0.1241282
vt 0.34375 0.121766
vt 0.34375 0.1335772
vt 0.34375 0.1359394
vt 0.34375 0.07946212
vt 0.34375 0.09850974
vt 0.34375 0.09533513
vt 0.34375 0.08263672
vt 0.34375 0.2005081
vt 0.34375 0.1814605
vt 0.34375 0.1973335
vt 0.34375 0.1846351
vt 0.34375 0.1015823
vt 0.34375 0.1206299
vt 0.34375 0.1174553
vt 0.34375 0.1047569
vt 0.21875 0.145
vt 0.21875 0.225
vt 0.21875 0.175
vt 0.21875 0.075

usemtl colormap

f 3/2/3 2/1/2 1/1/1
f 2/1/2 3/2/3 4/2/4
f 1/1/7 2/1/6 3/2/5
f 4/2/8 3/2/5 2/1/6
f 7/3/11 6/1/10 5/1/9
f 6/1/10 7/3/11 8/3/12
f 5/1/15 6/1/14 7/3/13
f 8/3/16 7/3/13 6/1/14
f 11/2/19 10/1/18 9/1/17
f 10/1/18 11/2/19 12/2/20
f 9/1/23 10/1/22 11/2/21
f 12/2/24 11/2/21 10/1/22
f 2/1/2 11/2/19 9/1/17
f 11/2/19 2/1/2 4/2/4
f 9/1/23 11/2/21 2/1/6
f 4/2/8 2/1/6 11/2/21
f 7/3/11 13/3/25 8/3/12
f 13/3/25 7/3/11 14/3/26
f 8/3/16 13/3/27 7/3/13
f 14/3/28 7/3/13 13/3/27
f 8/3/12 15/1/29 6/1/10
f 15/1/29 8/3/12 13/3/25
f 6/1/14 15/1/30 8/3/16
f 13/3/27 8/3/16 15/1/30
f 11/2/19 3/2/3 12/2/20
f 3/2/3 11/2/19 4/2/4
f 12/2/24 3/2/5 11/2/21
f 4/2/8 11/2/21 3/2/5
f 14/3/26 5/1/9 16/1/31
f 5/1/9 14/3/26 7/3/11
f 16/1/32 5/1/15 14/3/28
f 7/3/13 14/3/28 5/1/15
f 15/1/29 14/3/26 16/1/31
f 14/3/26 15/1/29 13/3/25
f 16/1/32 14/3/28 15/1/30
f 13/3/27 15/1/30 14/3/28
f 12/2/20 1/1/1 10/1/18
f 1/1/1 12/2/20 3/2/3
f 10/1/22 1/1/7 12/2/24
f 3/2/5 12/2/24 1/1/7
f 19/3/35 18/3/34 17/3/33
f 18/3/34 19/3/35 20/3/36
f 17/3/39 18/3/38 19/3/37
f 20/3/40 19/3/37 18/3/38
f 20/3/36 21/1/41 18/3/34
f 21/1/41 20/3/36 22/1/42
f 18/3/38 21/1/43 20/3/40
f 22/1/44 20/3/40 21/1/43
f 17/3/33 21/1/41 23/1/45
f 21/1/41 17/3/33 18/3/34
f 23/1/46 21/1/43 17/3/39
f 18/3/38 17/3/39 21/1/43
f 24/1/47 17/3/33 23/1/45
f 17/3/33 24/1/47 19/3/35
f 23/1/46 17/3/39 24/1/48
f 19/3/37 24/1/48 17/3/39
f 22/1/42 19/3/35 24/1/47
f 19/3/35 22/1/42 20/3/36
f 24/1/48 19/3/37 22/1/44
f 20/3/40 22/1/44 19/3/37
f 27/1/51 26/3/50 25/1/49
f 26/3/50 27/1/51 28/3/52
f 25/1/55 26/3/54 27/1/53
f 28/3/56 27/1/53 26/3/54
f 29/1/57 28/3/52 27/1/51
f 28/3/52 29/1/57 30/3/58
f 27/1/53 28/3/56 29/1/59
f 30/3/60 29/1/59 28/3/56
f 33/2/63 32/1/62 31/1/61
f 32/1/62 33/2/63 34/2/64
f 31/1/67 32/1/66 33/2/65
f 34/2/68 33/2/65 32/1/66
f 33/2/63 35/2/69 34/2/64
f 35/2/69 33/2/63 36/2/70
f 34/2/68 35/2/71 33/2/65
f 36/2/72 33/2/65 35/2/71
f 30/3/58 38/1/74 37/3/73
f 38/1/74 30/3/58 29/1/57
f 37/3/76 38/1/75 30/3/60
f 29/1/59 30/3/60 38/1/75
f 34/2/64 39/1/77 32/1/62
f 39/1/77 34/2/64 35/2/69
f 32/1/66 39/1/78 34/2/68
f 35/2/71 34/2/68 39/1/78
f 28/3/52 37/3/73 26/3/50
f 37/3/73 28/3/52 30/3/58
f 26/3/54 37/3/76 28/3/56
f 30/3/60 28/3/56 37/3/76
f 40/1/79 33/2/63 31/1/61
f 33/2/63 40/1/79 36/2/70
f 31/1/67 33/2/65 40/1/80
f 36/2/72 40/1/80 33/2/65
f 26/3/50 38/1/74 25/1/49
f 38/1/74 26/3/50 37/3/73
f 25/1/55 38/1/75 26/3/54
f 37/3/76 26/3/54 38/1/75
f 35/2/69 40/1/79 39/1/77
f 40/1/79 35/2/69 36/2/70
f 39/1/78 40/1/80 35/2/71
f 36/2/72 35/2/71 40/1/80
f 43/1/81 42/1/81 41/1/81
f 42/1/81 43/1/81 44/1/81
f 41/1/82 42/1/82 43/1/82
f 44/1/82 43/1/82 42/1/82
f 47/2/85 46/1/84 45/1/83
f 46/1/84 47/2/85 48/2/86
f 45/1/89 46/1/88 47/2/87
f 48/2/90 47/2/87 46/1/88
f 51/3/93 50/1/92 49/1/91
f 50/1/92 51/3/93 52/3/94
f 49/1/97 50/1/96 51/3/95
f 52/3/98 51/3/95 50/1/96
f 55/2/101 54/1/100 53/1/99
f 54/1/100 55/2/101 56/2/102
f 53/1/105 54/1/104 55/2/103
f 56/2/106 55/2/103 54/1/104
f 46/1/84 55/2/101 53/1/99
f 55/2/101 46/1/84 48/2/86
f 53/1/105 55/2/103 46/1/88
f 48/2/90 46/1/88 55/2/103
f 51/3/93 57/3/107 52/3/94
f 57/3/107 51/3/93 58/3/108
f 52/3/98 57/3/109 51/3/95
f 58/3/110 51/3/95 57/3/109
f 52/3/94 59/1/111 50/1/92
f 59/1/111 52/3/94 57/3/107
f 50/1/96 59/1/112 52/3/98
f 57/3/109 52/3/98 59/1/112
f 55/2/101 47/2/85 56/2/102
f 47/2/85 55/2/101 48/2/86
f 56/2/106 47/2/87 55/2/103
f 48/2/90 55/2/103 47/2/87
f 58/3/108 49/1/91 60/1/113
f 49/1/91 58/3/108 51/3/93
f 60/1/114 49/1/97 58/3/110
f 51/3/95 58/3/110 49/1/97
f 59/1/111 58/3/108 60/1/113
f 58/3/108 59/1/111 57/3/107
f 60/1/114 58/3/110 59/1/112
f 57/3/109 59/1/112 58/3/110
f 56/2/102 45/1/83 54/1/100
f 45/1/83 56/2/102 47/2/85
f 54/1/104 45/1/89 56/2/106
f 47/2/87 56/2/106 45/1/89
f 63/3/117 62/3/116 61/3/115
f 62/3/116 63/3/117 64/3/118
f 61/3/121 62/3/120 63/3/119
f 64/3/122 63/3/119 62/3/120
f 64/3/118 65/1/123 62/3/116
f 65/1/123 64/3/118 66/1/124
f 62/3/120 65/1/125 64/3/122
f 66/1/126 64/3/122 65/1/125
f 61/3/115 65/1/123 67/1/127
f 65/1/123 61/3/115 62/3/116
f 67/1/128 65/1/125 61/3/121
f 62/3/120 61/3/121 65/1/125
f 68/1/129 61/3/115 67/1/127
f 61/3/115 68/1/129 63/3/117
f 67/1/128 61/3/121 68/1/130
f 63/3/119 68/1/130 61/3/121
f 66/1/124 63/3/117 68/1/129
f 63/3/117 66/1/124 64/3/118
f 68/1/130 63/3/119 66/1/126
f 64/3/122 66/1/126 63/3/119
f 71/1/133 70/3/132 69/1/131
f 70/3/132 71/1/133 72/3/134
f 69/1/137 70/3/136 71/1/135
f 72/3/138 71/1/135 70/3/136
f 73/1/139 72/3/134 71/1/133
f 72/3/134 73/1/139 74/3/140
f 71/1/135 72/3/138 73/1/141
f 74/3/142 73/1/141 72/3/138
f 77/2/145 76/1/144 75/1/143
f 76/1/144 77/2/145 78/2/146
f 75/1/149 76/1/148 77/2/147
f 78/2/150 77/2/147 76/1/148
f 77/2/145 79/2/151 78/2/146
f 79/2/151 77/2/145 80/2/152
f 78/2/150 79/2/153 77/2/147
f 80/2/154 77/2/147 79/2/153
f 74/3/140 82/1/156 81/3/155
f 82/1/156 74/3/140 73/1/139
f 81/3/158 82/1/157 74/3/142
f 73/1/141 74/3/142 82/1/157
f 78/2/146 83/1/159 76/1/144
f 83/1/159 78/2/146 79/2/151
f 76/1/148 83/1/160 78/2/150
f 79/2/153 78/2/150 83/1/160
f 72/3/134 81/3/155 70/3/132
f 81/3/155 72/3/134 74/3/140
f 70/3/136 81/3/158 72/3/138
f 74/3/142 72/3/138 81/3/158
f 84/1/161 77/2/145 75/1/143
f 77/2/145 84/1/161 80/2/152
f 75/1/149 77/2/147 84/1/162
f 80/2/154 84/1/162 77/2/147
f 70/3/132 82/1/156 69/1/131
f 82/1/156 70/3/132 81/3/155
f 69/1/137 82/1/157 70/3/136
f 81/3/158 70/3/136 82/1/157
f 79/2/151 84/1/161 83/1/159
f 84/1/161 79/2/151 80/2/152
f 83/1/160 84/1/162 79/2/153
f 80/2/154 79/2/153 84/1/162
f 87/1/81 86/1/81 85/1/81
f 86/1/81 87/1/81 88/1/81
f 85/1/82 86/1/82 87/1/82
f 88/1/82 87/1/82 86/1/82
f 91/2/165 90/1/164 89/1/163
f 90/1/164 91/2/165 92/2/166
f 89/1/169 90/1/168 91/2/167
f 92/2/170 91/2/167 90/1/168
f 95/3/173 94/1/172 93/1/171
f 94/1/172 95/3/173 96/3/174
f 93/1/177 94/1/176 95/3/175
f 96/3/178 95/3/175 94/1/176
f 99/2/181 98/1/180 97/1/179
f 98/1/180 99/2/181 100/2/182
f 97/1/185 98/1/184 99/2/183
f 100/2/186 99/2/183 98/1/184
f 90/1/164 99/2/181 97/1/179
f 99/2/181 90/1/164 92/2/166
f 97/1/185 99/2/183 90/1/168
f 92/2/170 90/1/168 99/2/183
f 95/3/173 101/3/187 96/3/174
f 101/3/187 95/3/173 102/3/188
f 96/3/178 101/3/189 95/3/175
f 102/3/190 95/3/175 101/3/189
f 96/3/174 103/1/191 94/1/172
f 103/1/191 96/3/174 101/3/187
f 94/1/176 103/1/192 96/3/178
f 101/3/189 96/3/178 103/1/192
f 99/2/181 91/2/165 100/2/182
f 91/2/165 99/2/181 92/2/166
f 100/2/186 91/2/167 99/2/183
f 92/2/170 99/2/183 91/2/167
f 102/3/188 93/1/171 104/1/193
f 93/1/171 102/3/188 95/3/173
f 104/1/194 93/1/177 102/3/190
f 95/3/175 102/3/190 93/1/177
f 103/1/191 102/3/188 104/1/193
f 102/3/188 103/1/191 101/3/187
f 104/1/194 102/3/190 103/1/192
f 101/3/189 103/1/192 102/3/190
f 100/2/182 89/1/163 98/1/180
f 89/1/163 100/2/182 91/2/165
f 98/1/184 89/1/169 100/2/186
f 91/2/167 100/2/186 89/1/169
f 107/3/197 106/3/196 105/3/195
f 106/3/196 107/3/197 108/3/198
f 105/3/201 106/3/200 107/3/199
f 108/3/202 107/3/199 106/3/200
f 108/3/198 109/1/203 106/3/196
f 109/1/203 108/3/198 110/1/204
f 106/3/200 109/1/205 108/3/202
f 110/1/206 108/3/202 109/1/205
f 105/3/195 109/1/203 111/1/207
f 109/1/203 105/3/195 106/3/196
f 111/1/208 109/1/205 105/3/201
f 106/3/200 105/3/201 109/1/205
f 112/1/209 105/3/195 111/1/207
f 105/3/195 112/1/209 107/3/197
f 111/1/208 105/3/201 112/1/210
f 107/3/199 112/1/210 105/3/201
f 110/1/204 107/3/197 112/1/209
f 107/3/197 110/1/204 108/3/198
f 112/1/210 107/3/199 110/1/206
f 108/3/202 110/1/206 107/3/199
f 115/1/213 114/3/212 113/1/211
f 114/3/212 115/1/213 116/3/214
f 113/1/217 114/3/216 115/1/215
f 116/3/218 115/1/215 114/3/216
f 117/1/219 116/3/214 115/1/213
f 116/3/214 117/1/219 118/3/220
f 115/1/215 116/3/218 117/1/221
f 118/3/222 117/1/221 116/3/218
f 121/2/225 120/1/224 119/1/223
f 120/1/224 121/2/225 122/2/226
f 119/1/229 120/1/228 121/2/227
f 122/2/230 121/2/227 120/1/228
f 121/2/225 123/2/231 122/2/226
f 123/2/231 121/2/225 124/2/232
f 122/2/230 123/2/233 121/2/227
f 124/2/234 121/2/227 123/2/233
f 118/3/220 126/1/236 125/3/235
f 126/1/236 118/3/220 117/1/219
f 125/3/238 126/1/237 118/3/222
f 117/1/221 118/3/222 126/1/237
f 122/2/226 127/1/239 120/1/224
f 127/1/239 122/2/226 123/2/231
f 120/1/228 127/1/240 122/2/230
f 123/2/233 122/2/230 127/1/240
f 116/3/214 125/3/235 114/3/212
f 125/3/235 116/3/214 118/3/220
f 114/3/216 125/3/238 116/3/218
f 118/3/222 116/3/218 125/3/238
f 128/1/241 121/2/225 119/1/223
f 121/2/225 128/1/241 124/2/232
f 119/1/229 121/2/227 128/1/242
f 124/2/234 128/1/242 121/2/227
f 114/3/212 126/1/236 113/1/211
f 126/1/236 114/3/212 125/3/235
f 113/1/217 126/1/237 114/3/216
f 125/3/238 114/3/216 126/1/237
f 123/2/231 128/1/241 127/1/239
f 128/1/241 123/2/231 124/2/232
f 127/1/240 128/1/242 123/2/233
f 124/2/234 123/2/233 128/1/242
f 131/1/81 130/1/81 129/1/81
f 130/1/81 131/1/81 132/1/81
f 129/1/82 130/1/82 131/1/82
f 132/1/82 131/1/82 130/1/82
f 135/2/181 134/1/180 133/1/179
f 134/1/180 135/2/181 136/2/182
f 133/1/185 134/1/184 135/2/183
f 136/2/186 135/2/183 134/1/184
f 139/3/187 138/1/193 137/1/191
f 138/1/193 139/3/187 140/3/188
f 137/1/192 138/1/194 139/3/189
f 140/3/190 139/3/189 138/1/194
f 143/2/165 142/1/164 141/1/163
f 142/1/164 143/2/165 144/2/166
f 141/1/169 142/1/168 143/2/167
f 144/2/170 143/2/167 142/1/168
f 134/1/180 143/2/165 141/1/163
f 143/2/165 134/1/180 136/2/182
f 141/1/169 143/2/167 134/1/184
f 136/2/186 134/1/184 143/2/167
f 139/3/187 145/3/173 140/3/188
f 145/3/173 139/3/187 146/3/174
f 140/3/190 145/3/175 139/3/189
f 146/3/178 139/3/189 145/3/175
f 140/3/188 147/1/171 138/1/193
f 147/1/171 140/3/188 145/3/173
f 138/1/194 147/1/177 140/3/190
f 145/3/175 140/3/190 147/1/177
f 143/2/165 135/2/181 144/2/166
f 135/2/181 143/2/165 136/2/182
f 144/2/170 135/2/183 143/2/167
f 136/2/186 143/2/167 135/2/183
f 146/3/174 137/1/191 148/1/172
f 137/1/191 146/3/174 139/3/187
f 148/1/176 137/1/192 146/3/178
f 139/3/189 146/3/178 137/1/192
f 147/1/171 146/3/174 148/1/172
f 146/3/174 147/1/171 145/3/173
f 148/1/176 146/3/178 147/1/177
f 145/3/175 147/1/177 146/3/178
f 144/2/166 133/1/179 142/1/164
f 133/1/179 144/2/166 135/2/181
f 142/1/168 133/1/185 144/2/170
f 135/2/183 144/2/170 133/1/185
f 151/3/245 150/3/244 149/3/243
f 150/3/244 151/3/245 152/3/246
f 149/3/249 150/3/248 151/3/247
f 152/3/250 151/3/247 150/3/248
f 152/3/246 153/1/251 150/3/244
f 153/1/251 152/3/246 154/1/252
f 150/3/248 153/1/253 152/3/250
f 154/1/254 152/3/250 153/1/253
f 149/3/243 153/1/251 155/1/255
f 153/1/251 149/3/243 150/3/244
f 155/1/256 153/1/253 149/3/249
f 150/3/248 149/3/249 153/1/253
f 156/1/257 149/3/243 155/1/255
f 149/3/243 156/1/257 151/3/245
f 155/1/256 149/3/249 156/1/258
f 151/3/247 156/1/258 149/3/249
f 154/1/252 151/3/245 156/1/257
f 151/3/245 154/1/252 152/3/246
f 156/1/258 151/3/247 154/1/254
f 152/3/250 154/1/254 151/3/247
f 159/1/236 158/3/220 157/1/219
f 158/3/220 159/1/236 160/3/235
f 157/1/221 158/3/222 159/1/237
f 160/3/238 159/1/237 158/3/222
f 161/1/211 160/3/235 159/1/236
f 160/3/235 161/1/211 162/3/212
f 159/1/237 160/3/238 161/1/217
f 162/3/216 161/1/217 160/3/238
f 165/2/231 164/1/241 163/1/239
f 164/1/241 165/2/231 166/2/232
f 163/1/240 164/1/242 165/2/233
f 166/2/234 165/2/233 164/1/242
f 165/2/231 167/2/225 166/2/232
f 167/2/225 165/2/231 168/2/226
f 166/2/234 167/2/227 165/2/233
f 168/2/230 165/2/233 167/2/227
f 162/3/212 170/1/213 169/3/214
f 170/1/213 162/3/212 161/1/211
f 169/3/218 170/1/215 162/3/216
f 161/1/217 162/3/216 170/1/215
f 166/2/232 171/1/223 164/1/241
f 171/1/223 166/2/232 167/2/225
f 164/1/242 171/1/229 166/2/234
f 167/2/227 166/2/234 171/1/229
f 160/3/235 169/3/214 158/3/220
f 169/3/214 160/3/235 162/3/212
f 158/3/222 169/3/218 160/3/238
f 162/3/216 160/3/238 169/3/218
f 172/1/224 165/2/231 163/1/239
f 165/2/231 172/1/224 168/2/226
f 163/1/240 165/2/233 172/1/228
f 168/2/230 172/1/228 165/2/233
f 158/3/220 170/1/213 157/1/219
f 170/1/213 158/3/220 169/3/214
f 157/1/221 170/1/215 158/3/222
f 169/3/218 158/3/222 170/1/215
f 167/2/225 172/1/224 171/1/223
f 172/1/224 167/2/225 168/2/226
f 171/1/229 172/1/228 167/2/227
f 168/2/230 167/2/227 172/1/228
f 175/1/81 174/1/81 173/1/81
f 174/1/81 175/1/81 176/1/81
f 173/1/82 174/1/82 175/1/82
f 176/1/82 175/1/82 174/1/82
f 132/1/81 178/1/81 177/1/81
f 178/1/81 132/1/81 131/1/81
f 177/1/82 178/1/82 132/1/82
f 131/1/82 132/1/82 178/1/82
f 181/1/81 180/1/81 179/1/81
f 180/1/81 181/1/81 85/1/81
f 179/1/82 180/1/82 181/1/82
f 85/1/82 181/1/82 180/1/82
f 183/1/81 182/1/81 44/1/81
f 182/1/81 183/1/81 184/1/81
f 44/1/82 182/1/82 183/1/82
f 184/1/82 183/1/82 182/1/82
f 186/1/81 181/1/81 185/1/81
f 181/1/81 186/1/81 187/1/81
f 185/1/82 181/1/82 186/1/82
f 187/1/82 186/1/82 181/1/82
f 190/1/191 189/3/188 188/1/193
f 189/3/188 190/1/191 191/3/187
f 188/1/194 189/3/190 190/1/192
f 191/3/189 190/1/192 189/3/190
f 193/3/174 190/1/191 192/1/172
f 190/1/191 193/3/174 191/3/187
f 192/1/176 190/1/192 193/3/178
f 191/3/189 193/3/178 190/1/192
f 196/2/165 195/1/164 194/1/163
f 195/1/164 196/2/165 197/2/166
f 194/1/169 195/1/168 196/2/167
f 197/2/170 196/2/167 195/1/168
f 195/1/164 199/2/181 198/1/179
f 199/2/181 195/1/164 197/2/166
f 198/1/185 199/2/183 195/1/168
f 197/2/170 195/1/168 199/2/183
f 202/1/241 201/2/225 200/1/223
f 201/2/225 202/1/241 203/2/232
f 200/1/229 201/2/227 202/1/242
f 203/2/234 202/1/242 201/2/227
f 201/2/225 205/2/231 204/2/226
f 205/2/231 201/2/225 203/2/232
f 204/2/230 205/2/233 201/2/227
f 203/2/234 201/2/227 205/2/233
f 205/2/231 202/1/241 206/1/239
f 202/1/241 205/2/231 203/2/232
f 206/1/240 202/1/242 205/2/233
f 203/2/234 205/2/233 202/1/242
f 201/2/225 207/1/224 200/1/223
f 207/1/224 201/2/225 204/2/226
f 200/1/229 207/1/228 201/2/227
f 204/2/230 201/2/227 207/1/228
f 204/2/226 206/1/239 207/1/224
f 206/1/239 204/2/226 205/2/231
f 207/1/228 206/1/240 204/2/230
f 205/2/233 204/2/230 206/1/240
f 209/2/182 194/1/163 208/1/180
f 194/1/163 209/2/182 196/2/165
f 208/1/184 194/1/169 209/2/186
f 196/2/167 209/2/186 194/1/169
f 189/3/188 210/1/171 188/1/193
f 210/1/171 189/3/188 211/3/173
f 188/1/194 210/1/177 189/3/190
f 211/3/175 189/3/190 210/1/177
f 199/2/181 208/1/180 198/1/179
f 208/1/180 199/2/181 209/2/182
f 198/1/185 208/1/184 199/2/183
f 209/2/186 199/2/183 208/1/184
f 199/2/181 196/2/165 209/2/182
f 196/2/165 199/2/181 197/2/166
f 209/2/186 196/2/167 199/2/183
f 197/2/170 199/2/183 196/2/167
f 214/3/261 213/3/260 212/3/259
f 213/3/260 214/3/261 215/3/262
f 212/3/265 213/3/264 214/3/263
f 215/3/266 214/3/263 213/3/264
f 211/3/173 191/3/187 193/3/174
f 191/3/187 211/3/173 189/3/188
f 193/3/178 191/3/189 211/3/175
f 189/3/190 211/3/175 191/3/189
f 216/1/267 215/3/262 214/3/261
f 215/3/262 216/1/267 217/1/268
f 214/3/263 215/3/266 216/1/269
f 217/1/270 216/1/269 215/3/266
f 220/1/219 219/3/214 218/1/213
f 219/3/214 220/1/219 221/3/220
f 218/1/215 219/3/218 220/1/221
f 221/3/222 220/1/221 219/3/218
f 216/1/267 212/3/259 222/1/271
f 212/3/259 216/1/267 214/3/261
f 222/1/272 212/3/265 216/1/269
f 214/3/263 216/1/269 212/3/265
f 215/3/262 223/1/273 213/3/260
f 223/1/273 215/3/262 217/1/268
f 213/3/264 223/1/274 215/3/266
f 217/1/270 215/3/266 223/1/274
f 226/3/212 225/1/236 224/1/211
f 225/1/236 226/3/212 227/3/235
f 224/1/217 225/1/237 226/3/216
f 227/3/238 226/3/216 225/1/237
f 212/3/259 223/1/273 222/1/271
f 223/1/273 212/3/259 213/3/260
f 222/1/272 223/1/274 212/3/265
f 213/3/264 212/3/265 223/1/274
f 218/1/213 226/3/212 224/1/211
f 226/3/212 218/1/213 219/3/214
f 224/1/217 226/3/216 218/1/215
f 219/3/218 218/1/215 226/3/216
f 221/3/220 225/1/236 227/3/235
f 225/1/236 221/3/220 220/1/219
f 227/3/238 225/1/237 221/3/222
f 220/1/221 221/3/222 225/1/237
f 219/3/214 227/3/235 226/3/212
f 227/3/235 219/3/214 221/3/220
f 226/3/216 227/3/238 219/3/218
f 221/3/222 219/3/218 227/3/238
f 211/3/173 192/1/172 210/1/171
f 192/1/172 211/3/173 193/3/174
f 210/1/177 192/1/176 211/3/175
f 193/3/178 211/3/175 192/1/176
f 230/1/171 229/3/174 228/1/172
f 229/3/174 230/1/171 231/3/173
f 228/1/176 229/3/178 230/1/177
f 231/3/175 230/1/177 229/3/178
f 233/3/188 230/1/171 232/1/193
f 230/1/171 233/3/188 231/3/173
f 232/1/194 230/1/177 233/3/190
f 231/3/175 233/3/190 230/1/177
f 236/2/181 235/1/180 234/1/179
f 235/1/180 236/2/181 237/2/182
f 234/1/185 235/1/184 236/2/183
f 237/2/186 236/2/183 235/1/184
f 235/1/180 239/2/165 238/1/163
f 239/2/165 235/1/180 237/2/182
f 238/1/169 239/2/167 235/1/184
f 237/2/186 235/1/184 239/2/167
f 242/1/224 241/2/231 240/1/239
f 241/2/231 242/1/224 243/2/226
f 240/1/240 241/2/233 242/1/228
f 243/2/230 242/1/228 241/2/233
f 241/2/231 245/2/225 244/2/232
f 245/2/225 241/2/231 243/2/226
f 244/2/234 245/2/227 241/2/233
f 243/2/230 241/2/233 245/2/227
f 245/2/225 242/1/224 246/1/223
f 242/1/224 245/2/225 243/2/226
f 246/1/229 242/1/228 245/2/227
f 243/2/230 245/2/227 242/1/228
f 241/2/231 247/1/241 240/1/239
f 247/1/241 241/2/231 244/2/232
f 240/1/240 247/1/242 241/2/233
f 244/2/234 241/2/233 247/1/242
f 244/2/232 246/1/223 247/1/241
f 246/1/223 244/2/232 245/2/225
f 247/1/242 246/1/229 244/2/234
f 245/2/227 244/2/234 246/1/229
f 249/2/166 234/1/179 248/1/164
f 234/1/179 249/2/166 236/2/181
f 248/1/168 234/1/185 249/2/170
f 236/2/183 249/2/170 234/1/185
f 229/3/174 250/1/191 228/1/172
f 250/1/191 229/3/174 251/3/187
f 228/1/176 250/1/192 229/3/178
f 251/3/189 229/3/178 250/1/192
f 239/2/165 248/1/164 238/1/163
f 248/1/164 239/2/165 249/2/166
f 238/1/169 248/1/168 239/2/167
f 249/2/170 239/2/167 248/1/168
f 239/2/165 236/2/181 249/2/166
f 236/2/181 239/2/165 237/2/182
f 249/2/170 236/2/183 239/2/167
f 237/2/186 239/2/167 236/2/183
f 254/3/245 253/3/244 252/3/243
f 253/3/244 254/3/245 255/3/246
f 252/3/249 253/3/248 254/3/247
f 255/3/250 254/3/247 253/3/248
f 251/3/187 231/3/173 233/3/188
f 231/3/173 251/3/187 229/3/174
f 233/3/190 231/3/175 251/3/189
f 229/3/178 251/3/189 231/3/175
f 256/1/257 255/3/246 254/3/245
f 255/3/246 256/1/257 257/1/252
f 254/3/247 255/3/250 256/1/258
f 257/1/254 256/1/258 255/3/250
f 260/1/211 259/3/235 258/1/236
f 259/3/235 260/1/211 261/3/212
f 258/1/237 259/3/238 260/1/217
f 261/3/216 260/1/217 259/3/238
f 256/1/257 252/3/243 262/1/255
f 252/3/243 256/1/257 254/3/245
f 262/1/256 252/3/249 256/1/258
f 254/3/247 256/1/258 252/3/249
f 255/3/246 263/1/251 253/3/244
f 263/1/251 255/3/246 257/1/252
f 253/3/248 263/1/253 255/3/250
f 257/1/254 255/3/250 263/1/253
f 266/3/220 265/1/213 264/1/219
f 265/1/213 266/3/220 267/3/214
f 264/1/221 265/1/215 266/3/222
f 267/3/218 266/3/222 265/1/215
f 252/3/243 263/1/251 262/1/255
f 263/1/251 252/3/243 253/3/244
f 262/1/256 263/1/253 252/3/249
f 253/3/248 252/3/249 263/1/253
f 258/1/236 266/3/220 264/1/219
f 266/3/220 258/1/236 259/3/235
f 264/1/221 266/3/222 258/1/237
f 259/3/238 258/1/237 266/3/222
f 261/3/212 265/1/213 267/3/214
f 265/1/213 261/3/212 260/1/211
f 267/3/218 265/1/215 261/3/216
f 260/1/217 261/3/216 265/1/215
f 259/3/235 267/3/214 266/3/220
f 267/3/214 259/3/235 261/3/212
f 266/3/222 267/3/218 259/3/238
f 261/3/216 259/3/238 267/3/218
f 251/3/187 232/1/193 250/1/191
f 232/1/193 251/3/187 233/3/188
f 250/1/192 232/1/194 251/3/189
f 233/3/190 251/3/189 232/1/194
f 268/1/81 173/1/81 184/1/81
f 173/1/81 268/1/81 175/1/81
f 184/1/82 173/1/82 268/1/82
f 175/1/82 268/1/82 173/1/82
f 270/1/81 183/1/81 269/1/81
f 183/1/81 270/1/81 271/1/81
f 269/1/82 183/1/82 270/1/82
f 271/1/82 270/1/82 183/1/82
f 274/3/174 273/1/191 272/1/172
f 273/1/191 274/3/174 275/3/187
f 272/1/176 273/1/192 274/3/178
f 275/3/189 274/3/178 273/1/192
f 276/1/171 274/3/174 272/1/172
f 274/3/174 276/1/171 277/3/173
f 272/1/176 274/3/178 276/1/177
f 277/3/175 276/1/177 274/3/178
f 280/1/180 279/2/165 278/1/163
f 279/2/165 280/1/180 281/2/182
f 278/1/169 279/2/167 280/1/184
f 281/2/186 280/1/184 279/2/167
f 283/3/188 276/1/171 282/1/193
f 276/1/171 283/3/188 277/3/173
f 282/1/194 276/1/177 283/3/190
f 277/3/175 283/3/190 276/1/177
f 275/3/187 282/1/193 273/1/191
f 282/1/193 275/3/187 283/3/188
f 273/1/192 282/1/194 275/3/189
f 283/3/190 275/3/189 282/1/194
f 286/2/166 285/1/179 284/1/164
f 285/1/179 286/2/166 287/2/181
f 284/1/168 285/1/185 286/2/170
f 287/2/183 286/2/170 285/1/185
f 279/2/165 284/1/164 278/1/163
f 284/1/164 279/2/165 286/2/166
f 278/1/169 284/1/168 279/2/167
f 286/2/170 279/2/167 284/1/168
f 275/3/187 277/3/173 283/3/188
f 277/3/173 275/3/187 274/3/174
f 283/3/190 277/3/175 275/3/189
f 274/3/178 275/3/189 277/3/175
f 287/2/181 280/1/180 285/1/179
f 280/1/180 287/2/181 281/2/182
f 285/1/185 280/1/184 287/2/183
f 281/2/186 287/2/183 280/1/184
f 279/2/165 287/2/181 286/2/166
f 287/2/181 279/2/165 281/2/182
f 286/2/170 287/2/183 279/2/167
f 281/2/186 279/2/167 287/2/183
f 290/2/188 289/1/171 288/1/193
f 289/1/171 290/2/188 291/2/173
f 288/1/194 289/1/177 290/2/190
f 291/2/175 290/2/190 289/1/177
f 293/2/187 288/1/193 292/1/191
f 288/1/193 293/2/187 290/2/188
f 292/1/192 288/1/194 293/2/189
f 290/2/190 293/2/189 288/1/194
f 295/2/174 292/1/191 294/1/172
f 292/1/191 295/2/174 293/2/187
f 294/1/176 292/1/192 295/2/178
f 293/2/189 295/2/178 292/1/192
f 293/2/187 291/2/173 290/2/188
f 291/2/173 293/2/187 295/2/174
f 290/2/190 291/2/175 293/2/189
f 295/2/178 293/2/189 291/2/175
f 289/1/171 295/2/174 294/1/172
f 295/2/174 289/1/171 291/2/173
f 294/1/176 295/2/178 289/1/177
f 291/2/175 289/1/177 295/2/178
f 298/3/212 297/1/213 296/3/214
f 297/1/213 298/3/212 299/1/211
f 296/3/218 297/1/215 298/3/216
f 299/1/217 298/3/216 297/1/215
f 302/2/232 301/1/223 300/1/241
f 301/1/223 302/2/232 303/2/225
f 300/1/242 301/1/229 302/2/234
f 303/2/227 302/2/234 301/1/229
f 305/2/231 300/1/241 304/1/239
f 300/1/241 305/2/231 302/2/232
f 304/1/240 300/1/242 305/2/233
f 302/2/234 305/2/233 300/1/242
f 306/1/224 305/2/231 304/1/239
f 305/2/231 306/1/224 307/2/226
f 304/1/240 305/2/233 306/1/228
f 307/2/230 306/1/228 305/2/233
f 305/2/231 303/2/225 302/2/232
f 303/2/225 305/2/231 307/2/226
f 302/2/234 303/2/227 305/2/233
f 307/2/230 305/2/233 303/2/227
f 303/2/225 306/1/224 301/1/223
f 306/1/224 303/2/225 307/2/226
f 301/1/229 306/1/228 303/2/227
f 307/2/230 303/2/227 306/1/228
f 299/1/211 309/3/235 308/1/236
f 309/3/235 299/1/211 298/3/212
f 308/1/237 309/3/238 299/1/217
f 298/3/216 299/1/217 309/3/238
f 308/1/236 311/3/220 310/1/219
f 311/3/220 308/1/236 309/3/235
f 310/1/221 311/3/222 308/1/237
f 309/3/238 308/1/237 311/3/222
f 309/3/235 296/3/214 311/3/220
f 296/3/214 309/3/235 298/3/212
f 311/3/222 296/3/218 309/3/238
f 298/3/216 309/3/238 296/3/218
f 311/3/220 297/1/213 310/1/219
f 297/1/213 311/3/220 296/3/214
f 310/1/221 297/1/215 311/3/222
f 296/3/218 311/3/222 297/1/215
f 314/3/232 313/1/223 312/1/241
f 313/1/223 314/3/232 315/3/225
f 312/1/242 313/1/229 314/3/234
f 315/3/227 314/3/234 313/1/229
f 318/1/211 317/4/235 316/1/236
f 317/4/235 318/1/211 319/4/212
f 316/1/237 317/4/238 318/1/217
f 319/4/216 318/1/217 317/4/238
f 322/3/181 321/1/180 320/1/179
f 321/1/180 322/3/181 323/3/182
f 320/1/185 321/1/184 322/3/183
f 323/3/186 322/3/183 321/1/184
f 325/3/231 312/1/241 324/1/239
f 312/1/241 325/3/231 314/3/232
f 324/1/240 312/1/242 325/3/233
f 314/3/234 325/3/233 312/1/242
f 328/4/220 327/1/213 326/1/219
f 327/1/213 328/4/220 329/4/214
f 326/1/221 327/1/215 328/4/222
f 329/4/218 328/4/222 327/1/215
f 332/3/277 331/3/276 330/3/275
f 331/3/276 332/3/277 333/3/278
f 330/3/281 331/3/280 332/3/279
f 333/3/282 332/3/279 331/3/280
f 334/1/224 325/3/231 324/1/239
f 325/3/231 334/1/224 335/3/226
f 324/1/240 325/3/233 334/1/228
f 335/3/230 334/1/228 325/3/233
f 337/3/165 322/3/181 336/3/166
f 322/3/181 337/3/165 323/3/182
f 336/3/170 322/3/183 337/3/167
f 323/3/186 337/3/167 322/3/183
f 321/1/180 337/3/165 338/1/163
f 337/3/165 321/1/180 323/3/182
f 338/1/169 337/3/167 321/1/184
f 323/3/186 321/1/184 337/3/167
f 337/3/165 339/1/164 338/1/163
f 339/1/164 337/3/165 336/3/166
f 338/1/169 339/1/168 337/3/167
f 336/3/170 337/3/167 339/1/168
f 333/3/278 341/1/284 340/1/283
f 341/1/284 333/3/278 332/3/277
f 340/1/286 341/1/285 333/3/282
f 332/3/279 333/3/282 341/1/285
f 336/3/166 320/1/179 339/1/164
f 320/1/179 336/3/166 322/3/181
f 339/1/168 320/1/185 336/3/170
f 322/3/183 336/3/170 320/1/185
f 325/3/231 315/3/225 314/3/232
f 315/3/225 325/3/231 335/3/226
f 314/3/234 315/3/227 325/3/233
f 335/3/230 325/3/233 315/3/227
f 342/1/287 333/3/278 340/1/283
f 333/3/278 342/1/287 331/3/276
f 340/1/286 333/3/282 342/1/288
f 331/3/280 342/1/288 333/3/282
f 319/4/212 327/1/213 329/4/214
f 327/1/213 319/4/212 318/1/211
f 329/4/218 327/1/215 319/4/216
f 318/1/217 319/4/216 327/1/215
f 330/3/275 342/1/287 343/1/289
f 342/1/287 330/3/275 331/3/276
f 343/1/290 342/1/288 330/3/281
f 331/3/280 330/3/281 342/1/288
f 316/1/236 328/4/220 326/1/219
f 328/4/220 316/1/236 317/4/235
f 326/1/221 328/4/222 316/1/237
f 317/4/238 316/1/237 328/4/222
f 317/4/235 329/4/214 328/4/220
f 329/4/214 317/4/235 319/4/212
f 328/4/222 329/4/218 317/4/238
f 319/4/216 317/4/238 329/4/218
f 332/3/277 343/1/289 341/1/284
f 343/1/289 332/3/277 330/3/275
f 341/1/285 343/1/290 332/3/279
f 330/3/281 332/3/279 343/1/290
f 315/3/225 334/1/224 313/1/223
f 334/1/224 315/3/225 335/3/226
f 313/1/229 334/1/228 315/3/227
f 335/3/230 315/3/227 334/1/228
f 346/4/220 345/1/213 344/1/219
f 345/1/213 346/4/220 347/4/214
f 344/1/221 345/1/215 346/4/222
f 347/4/218 346/4/222 345/1/215
f 348/4/235 347/4/214 346/4/220
f 347/4/214 348/4/235 349/4/212
f 346/4/222 347/4/218 348/4/238
f 349/4/216 348/4/238 347/4/218
f 351/1/211 348/4/235 350/1/236
f 348/4/235 351/1/211 349/4/212
f 350/1/237 348/4/238 351/1/217
f 349/4/216 351/1/217 348/4/238
f 350/1/236 346/4/220 344/1/219
f 346/4/220 350/1/236 348/4/235
f 344/1/221 346/4/222 350/1/237
f 348/4/238 350/1/237 346/4/222
f 349/4/212 345/1/213 347/4/214
f 345/1/213 349/4/212 351/1/211
f 347/4/218 345/1/215 349/4/216
f 351/1/217 349/4/216 345/1/215
f 354/4/188 353/1/171 352/1/193
f 353/1/171 354/4/188 355/4/173
f 352/1/194 353/1/177 354/4/190
f 355/4/175 354/4/190 353/1/177
f 353/1/171 357/4/174 356/1/172
f 357/4/174 353/1/171 355/4/173
f 356/1/176 357/4/178 353/1/177
f 355/4/175 353/1/177 357/4/178
f 357/4/174 358/1/191 356/1/172
f 358/1/191 357/4/174 359/4/187
f 356/1/176 358/1/192 357/4/178
f 359/4/189 357/4/178 358/1/192
f 359/4/187 352/1/193 358/1/191
f 352/1/193 359/4/187 354/4/188
f 358/1/192 352/1/194 359/4/189
f 354/4/190 359/4/189 352/1/194
f 359/4/187 355/4/173 354/4/188
f 355/4/173 359/4/187 357/4/174
f 354/4/190 355/4/175 359/4/189
f 357/4/178 359/4/189 355/4/175
f 362/4/187 361/4/173 360/4/188
f 361/4/173 362/4/187 363/4/174
f 360/4/190 361/4/175 362/4/189
f 363/4/178 362/4/189 361/4/175
f 363/4/174 365/1/191 364/1/172
f 365/1/191 363/4/174 362/4/187
f 364/1/176 365/1/192 363/4/178
f 362/4/189 363/4/178 365/1/192
f 362/4/187 366/1/193 365/1/191
f 366/1/193 362/4/187 360/4/188
f 365/1/192 366/1/194 362/4/189
f 360/4/190 362/4/189 366/1/194
f 360/4/188 367/1/171 366/1/193
f 367/1/171 360/4/188 361/4/173
f 366/1/194 367/1/177 360/4/190
f 361/4/175 360/4/190 367/1/177
f 367/1/171 363/4/174 364/1/172
f 363/4/174 367/1/171 361/4/173
f 364/1/176 363/4/178 367/1/177
f 361/4/175 367/1/177 363/4/178
f 370/3/293 369/1/292 368/1/291
f 369/1/292 370/3/293 371/3/294
f 368/1/297 369/1/296 370/3/295
f 371/3/298 370/3/295 369/1/296
f 374/3/301 373/3/300 372/3/299
f 373/3/300 374/3/301 375/3/302
f 372/3/305 373/3/304 374/3/303
f 375/3/306 374/3/303 373/3/304
f 372/3/299 377/1/308 376/1/307
f 377/1/308 372/3/299 373/3/300
f 376/1/310 377/1/309 372/3/305
f 373/3/304 372/3/305 377/1/309
f 374/3/301 376/1/307 378/1/311
f 376/1/307 374/3/301 372/3/299
f 378/1/312 376/1/310 374/3/303
f 372/3/305 374/3/303 376/1/310
f 381/1/171 380/2/174 379/1/172
f 380/2/174 381/1/171 382/2/173
f 379/1/176 380/2/178 381/1/177
f 382/2/175 381/1/177 380/2/178
f 384/2/188 381/1/171 383/1/193
f 381/1/171 384/2/188 382/2/173
f 383/1/194 381/1/177 384/2/190
f 382/2/175 384/2/190 381/1/177
f 386/3/314 368/1/291 385/1/313
f 368/1/291 386/3/314 370/3/293
f 385/1/316 368/1/297 386/3/315
f 370/3/295 386/3/315 368/1/297
f 388/1/318 371/3/294 387/3/317
f 371/3/294 388/1/318 369/1/292
f 387/3/320 371/3/298 388/1/319
f 369/1/296 388/1/319 371/3/298
f 389/1/321 374/3/301 378/1/311
f 374/3/301 389/1/321 375/3/302
f 378/1/312 374/3/303 389/1/322
f 375/3/306 389/1/322 374/3/303
f 390/2/187 382/2/173 384/2/188
f 382/2/173 390/2/187 380/2/174
f 384/2/190 382/2/175 390/2/189
f 380/2/178 390/2/189 382/2/175
f 390/2/187 383/1/193 391/1/191
f 383/1/193 390/2/187 384/2/188
f 391/1/192 383/1/194 390/2/189
f 384/2/190 390/2/189 383/1/194
f 373/3/300 389/1/321 377/1/308
f 389/1/321 373/3/300 375/3/302
f 377/1/309 389/1/322 373/3/304
f 375/3/306 373/3/304 389/1/322
f 380/2/174 391/1/191 379/1/172
f 391/1/191 380/2/174 390/2/187
f 379/1/176 391/1/192 380/2/178
f 390/2/189 380/2/178 391/1/192
f 387/3/317 370/3/293 386/3/314
f 370/3/293 387/3/317 371/3/294
f 386/3/315 370/3/295 387/3/320
f 371/3/298 387/3/320 370/3/295
f 388/1/318 386/3/314 385/1/313
f 386/3/314 388/1/318 387/3/317
f 385/1/316 386/3/315 388/1/319
f 387/3/320 388/1/319 386/3/315
f 394/1/81 393/1/81 392/1/81
f 393/1/81 394/1/81 395/1/81
f 392/1/82 393/1/82 394/1/82
f 395/1/82 394/1/82 393/1/82
f 398/3/293 397/1/292 396/1/291
f 397/1/292 398/3/293 399/3/294
f 396/1/297 397/1/296 398/3/295
f 399/3/298 398/3/295 397/1/296
f 402/3/277 401/3/276 400/3/275
f 401/3/276 402/3/277 403/3/278
f 400/3/281 401/3/280 402/3/279
f 403/3/282 402/3/279 401/3/280
f 405/3/317 398/3/293 404/3/314
f 398/3/293 405/3/317 399/3/294
f 404/3/315 398/3/295 405/3/320
f 399/3/298 405/3/320 398/3/295
f 408/1/171 407/2/174 406/1/172
f 407/2/174 408/1/171 409/2/173
f 406/1/176 407/2/178 408/1/177
f 409/2/175 408/1/177 407/2/178
f 411/2/187 409/2/173 410/2/188
f 409/2/173 411/2/187 407/2/174
f 410/2/190 409/2/175 411/2/189
f 407/2/178 411/2/189 409/2/175
f 410/2/188 408/1/171 412/1/193
f 408/1/171 410/2/188 409/2/173
f 412/1/194 408/1/177 410/2/190
f 409/2/175 410/2/190 408/1/177
f 404/3/314 396/1/291 413/1/313
f 396/1/291 404/3/314 398/3/293
f 413/1/316 396/1/297 404/3/315
f 398/3/295 404/3/315 396/1/297
f 414/1/318 399/3/294 405/3/317
f 399/3/294 414/1/318 397/1/292
f 405/3/320 399/3/298 414/1/319
f 397/1/296 414/1/319 399/3/298
f 417/4/235 416/4/214 415/4/220
f 416/4/214 417/4/235 418/4/212
f 415/4/222 416/4/218 417/4/238
f 418/4/216 417/4/238 416/4/218
f 418/4/212 419/1/213 416/4/214
f 419/1/213 418/4/212 420/1/211
f 416/4/218 419/1/215 418/4/216
f 420/1/217 418/4/216 419/1/215
f 422/1/236 415/4/220 421/1/219
f 415/4/220 422/1/236 417/4/235
f 421/1/221 415/4/222 422/1/237
f 417/4/238 422/1/237 415/4/222
f 420/1/211 417/4/235 422/1/236
f 417/4/235 420/1/211 418/4/212
f 422/1/237 417/4/238 420/1/217
f 418/4/216 420/1/217 417/4/238
f 424/1/287 403/3/278 423/1/283
f 403/3/278 424/1/287 401/3/276
f 423/1/286 403/3/282 424/1/288
f 401/3/280 424/1/288 403/3/282
f 403/3/278 425/1/284 423/1/283
f 425/1/284 403/3/278 402/3/277
f 423/1/286 425/1/285 403/3/282
f 402/3/279 403/3/282 425/1/285
f 400/3/275 424/1/287 426/1/289
f 424/1/287 400/3/275 401/3/276
f 426/1/290 424/1/288 400/3/281
f 401/3/280 400/3/281 424/1/288
f 429/4/174 428/1/191 427/1/172
f 428/1/191 429/4/174 430/4/187
f 427/1/176 428/1/192 429/4/178
f 430/4/189 429/4/178 428/1/192
f 402/3/277 426/1/289 425/1/284
f 426/1/289 402/3/277 400/3/275
f 425/1/285 426/1/290 402/3/279
f 400/3/281 402/3/279 426/1/290
f 430/4/187 432/4/173 431/4/188
f 432/4/173 430/4/187 429/4/174
f 431/4/190 432/4/175 430/4/189
f 429/4/178 430/4/189 432/4/175
f 411/2/187 412/1/193 433/1/191
f 412/1/193 411/2/187 410/2/188
f 433/1/192 412/1/194 411/2/189
f 410/2/190 411/2/189 412/1/194
f 431/4/188 435/1/171 434/1/193
f 435/1/171 431/4/188 432/4/173
f 434/1/194 435/1/177 431/4/190
f 432/4/175 431/4/190 435/1/177
f 415/4/220 419/1/213 421/1/219
f 419/1/213 415/4/220 416/4/214
f 421/1/221 419/1/215 415/4/222
f 416/4/218 415/4/222 419/1/215
f 407/2/174 433/1/191 406/1/172
f 433/1/191 407/2/174 411/2/187
f 406/1/176 433/1/192 407/2/178
f 411/2/189 407/2/178 433/1/192
f 430/4/187 434/1/193 428/1/191
f 434/1/193 430/4/187 431/4/188
f 428/1/192 434/1/194 430/4/189
f 431/4/190 430/4/189 434/1/194
f 414/1/318 404/3/314 413/1/313
f 404/3/314 414/1/318 405/3/317
f 413/1/316 404/3/315 414/1/319
f 405/3/320 414/1/319 404/3/315
f 438/4/174 437/1/191 436/1/172
f 437/1/191 438/4/174 439/4/187
f 436/1/176 437/1/192 438/4/178
f 439/4/189 438/4/178 437/1/192
f 435/1/171 429/4/174 427/1/172
f 429/4/174 435/1/171 432/4/173
f 427/1/176 429/4/178 435/1/177
f 432/4/175 435/1/177 429/4/178
f 439/4/187 441/4/173 440/4/188
f 441/4/173 439/4/187 438/4/174
f 440/4/190 441/4/175 439/4/189
f 438/4/178 439/4/189 441/4/175
f 442/1/171 438/4/174 436/1/172
f 438/4/174 442/1/171 441/4/173
f 436/1/176 438/4/178 442/1/177
f 441/4/175 442/1/177 438/4/178
f 439/4/187 443/1/193 437/1/191
f 443/1/193 439/4/187 440/4/188
f 437/1/192 443/1/194 439/4/189
f 440/4/190 439/4/189 443/1/194
f 440/4/188 442/1/171 443/1/193
f 442/1/171 440/4/188 441/4/173
f 443/1/194 442/1/177 440/4/190
f 441/4/175 440/4/190 442/1/177
f 446/3/301 445/3/300 444/3/299
f 445/3/300 446/3/301 447/3/302
f 444/3/305 445/3/304 446/3/303
f 447/3/306 446/3/303 445/3/304
f 444/3/299 449/1/308 448/1/307
f 449/1/308 444/3/299 445/3/300
f 448/1/310 449/1/309 444/3/305
f 445/3/304 444/3/305 449/1/309
f 446/3/301 448/1/307 450/1/311
f 448/1/307 446/3/301 444/3/299
f 450/1/312 448/1/310 446/3/303
f 444/3/305 446/3/303 448/1/310
f 445/3/300 451/1/321 449/1/308
f 451/1/321 445/3/300 447/3/302
f 449/1/309 451/1/322 445/3/304
f 447/3/306 445/3/304 451/1/322
f 451/1/321 446/3/301 450/1/311
f 446/3/301 451/1/321 447/3/302
f 450/1/312 446/3/303 451/1/322
f 447/3/306 451/1/322 446/3/303
f 454/1/224 453/3/231 452/1/239
f 453/3/231 454/1/224 455/3/226
f 452/1/240 453/3/233 454/1/228
f 455/3/230 454/1/228 453/3/233
f 453/3/231 457/3/225 456/3/232
f 457/3/225 453/3/231 455/3/226
f 456/3/234 457/3/227 453/3/233
f 455/3/230 453/3/233 457/3/227
f 453/3/231 458/1/241 452/1/239
f 458/1/241 453/3/231 456/3/232
f 452/1/240 458/1/242 453/3/233
f 456/3/234 453/3/233 458/1/242
f 457/3/225 454/1/224 459/1/223
f 454/1/224 457/3/225 455/3/226
f 459/1/229 454/1/228 457/3/227
f 455/3/230 457/3/227 454/1/228
f 456/3/232 459/1/223 458/1/241
f 459/1/223 456/3/232 457/3/225
f 458/1/242 459/1/229 456/3/234
f 457/3/227 456/3/234 459/1/229
f 462/4/235 461/4/214 460/4/220
f 461/4/214 462/4/235 463/4/212
f 460/4/222 461/4/218 462/4/238
f 463/4/216 462/4/238 461/4/218
f 463/4/212 464/1/213 461/4/214
f 464/1/213 463/4/212 465/1/211
f 461/4/218 464/1/215 463/4/216
f 465/1/217 463/4/216 464/1/215
f 468/3/165 467/3/181 466/3/166
f 467/3/181 468/3/165 469/3/182
f 466/3/170 467/3/183 468/3/167
f 469/3/186 468/3/167 467/3/183
f 466/3/166 471/1/179 470/1/164
f 471/1/179 466/3/166 467/3/181
f 470/1/168 471/1/185 466/3/170
f 467/3/183 466/3/170 471/1/185
f 460/4/220 464/1/213 472/1/219
f 464/1/213 460/4/220 461/4/214
f 472/1/221 464/1/215 460/4/222
f 461/4/218 460/4/222 464/1/215
f 465/1/211 462/4/235 473/1/236
f 462/4/235 465/1/211 463/4/212
f 473/1/237 462/4/238 465/1/217
f 463/4/216 465/1/217 462/4/238
f 467/3/181 474/1/180 471/1/179
f 474/1/180 467/3/181 469/3/182
f 471/1/185 474/1/184 467/3/183
f 469/3/186 467/3/183 474/1/184
f 468/3/165 470/1/164 475/1/163
f 470/1/164 468/3/165 466/3/166
f 475/1/169 470/1/168 468/3/167
f 466/3/170 468/3/167 470/1/168
f 474/1/180 468/3/165 475/1/163
f 468/3/165 474/1/180 469/3/182
f 475/1/169 468/3/167 474/1/184
f 469/3/186 474/1/184 468/3/167
f 473/1/236 460/4/220 472/1/219
f 460/4/220 473/1/236 462/4/235
f 472/1/221 460/4/222 473/1/237
f 462/4/238 473/1/237 460/4/222
f 271/1/81 184/1/81 183/1/81
f 184/1/81 271/1/81 268/1/81
f 183/1/82 184/1/82 271/1/82
f 268/1/82 271/1/82 184/1/82
f 179/1/81 476/1/81 176/1/81
f 476/1/81 179/1/81 180/1/81
f 176/1/82 476/1/82 179/1/82
f 180/1/82 179/1/82 476/1/82
f 479/6/293 478/5/292 477/5/291
f 478/5/292 479/6/293 480/6/294
f 477/5/297 478/5/296 479/6/295
f 480/6/298 479/6/295 478/5/296
f 483/6/277 482/6/276 481/6/275
f 482/6/276 483/6/277 484/6/278
f 481/6/281 482/6/280 483/6/279
f 484/6/282 483/6/279 482/6/280
f 486/6/317 479/6/293 485/6/314
f 479/6/293 486/6/317 480/6/294
f 485/6/315 479/6/295 486/6/320
f 480/6/298 486/6/320 479/6/295
f 489/5/171 488/7/174 487/5/172
f 488/7/174 489/5/171 490/7/173
f 487/5/176 488/7/178 489/5/177
f 490/7/175 489/5/177 488/7/178
f 492/7/187 490/7/173 491/7/188
f 490/7/173 492/7/187 488/7/174
f 491/7/190 490/7/175 492/7/189
f 488/7/178 492/7/189 490/7/175
f 491/7/188 489/5/171 493/5/193
f 489/5/171 491/7/188 490/7/173
f 493/5/194 489/5/177 491/7/190
f 490/7/175 491/7/190 489/5/177
f 485/6/314 477/5/291 494/5/313
f 477/5/291 485/6/314 479/6/293
f 494/5/316 477/5/297 485/6/315
f 479/6/295 485/6/315 477/5/297
f 495/5/318 480/6/294 486/6/317
f 480/6/294 495/5/318 478/5/292
f 486/6/320 480/6/298 495/5/319
f 478/5/296 495/5/319 480/6/298
f 498/8/235 497/8/214 496/8/220
f 497/8/214 498/8/235 499/8/212
f 496/8/222 497/8/218 498/8/238
f 499/8/216 498/8/238 497/8/218
f 499/8/212 500/5/213 497/8/214
f 500/5/213 499/8/212 501/5/211
f 497/8/218 500/5/215 499/8/216
f 501/5/217 499/8/216 500/5/215
f 503/5/236 496/8/220 502/5/219
f 496/8/220 503/5/236 498/8/235
f 502/5/221 496/8/222 503/5/237
f 498/8/238 503/5/237 496/8/222
f 501/5/211 498/8/235 503/5/236
f 498/8/235 501/5/211 499/8/212
f 503/5/237 498/8/238 501/5/217
f 499/8/216 501/5/217 498/8/238
f 505/5/287 484/6/278 504/5/283
f 484/6/278 505/5/287 482/6/276
f 504/5/286 484/6/282 505/5/288
f 482/6/280 505/5/288 484/6/282
f 484/6/278 506/5/284 504/5/283
f 506/5/284 484/6/278 483/6/277
f 504/5/286 506/5/285 484/6/282
f 483/6/279 484/6/282 506/5/285
f 481/6/275 505/5/287 507/5/289
f 505/5/287 481/6/275 482/6/276
f 507/5/290 505/5/288 481/6/281
f 482/6/280 481/6/281 505/5/288
f 510/8/174 509/5/191 508/5/172
f 509/5/191 510/8/174 511/8/187
f 508/5/176 509/5/192 510/8/178
f 511/8/189 510/8/178 509/5/192
f 483/6/277 507/5/289 506/5/284
f 507/5/289 483/6/277 481/6/275
f 506/5/285 507/5/290 483/6/279
f 481/6/281 483/6/279 507/5/290
f 511/8/187 513/8/173 512/8/188
f 513/8/173 511/8/187 510/8/174
f 512/8/190 513/8/175 511/8/189
f 510/8/178 511/8/189 513/8/175
f 492/7/187 493/5/193 514/5/191
f 493/5/193 492/7/187 491/7/188
f 514/5/192 493/5/194 492/7/189
f 491/7/190 492/7/189 493/5/194
f 512/8/188 516/5/171 515/5/193
f 516/5/171 512/8/188 513/8/173
f 515/5/194 516/5/177 512/8/190
f 513/8/175 512/8/190 516/5/177
f 496/8/220 500/5/213 502/5/219
f 500/5/213 496/8/220 497/8/214
f 502/5/221 500/5/215 496/8/222
f 497/8/218 496/8/222 500/5/215
f 488/7/174 514/5/191 487/5/172
f 514/5/191 488/7/174 492/7/187
f 487/5/176 514/5/192 488/7/178
f 492/7/189 488/7/178 514/5/192
f 511/8/187 515/5/193 509/5/191
f 515/5/193 511/8/187 512/8/188
f 509/5/192 515/5/194 511/8/189
f 512/8/190 511/8/189 515/5/194
f 495/5/318 485/6/314 494/5/313
f 485/6/314 495/5/318 486/6/317
f 494/5/316 485/6/315 495/5/319
f 486/6/320 495/5/319 485/6/315
f 519/8/174 518/5/191 517/5/172
f 518/5/191 519/8/174 520/8/187
f 517/5/176 518/5/192 519/8/178
f 520/8/189 519/8/178 518/5/192
f 516/5/171 510/8/174 508/5/172
f 510/8/174 516/5/171 513/8/173
f 508/5/176 510/8/178 516/5/177
f 513/8/175 516/5/177 510/8/178
f 520/8/187 522/8/173 521/8/188
f 522/8/173 520/8/187 519/8/174
f 521/8/190 522/8/175 520/8/189
f 519/8/178 520/8/189 522/8/175
f 523/5/171 519/8/174 517/5/172
f 519/8/174 523/5/171 522/8/173
f 517/5/176 519/8/178 523/5/177
f 522/8/175 523/5/177 519/8/178
f 520/8/187 524/5/193 518/5/191
f 524/5/193 520/8/187 521/8/188
f 518/5/192 524/5/194 520/8/189
f 521/8/190 520/8/189 524/5/194
f 521/8/188 523/5/171 524/5/193
f 523/5/171 521/8/188 522/8/173
f 524/5/194 523/5/177 521/8/190
f 522/8/175 521/8/190 523/5/177
f 527/6/301 526/6/300 525/6/299
f 526/6/300 527/6/301 528/6/302
f 525/6/305 526/6/304 527/6/303
f 528/6/306 527/6/303 526/6/304
f 525/6/299 530/5/308 529/5/307
f 530/5/308 525/6/299 526/6/300
f 529/5/310 530/5/309 525/6/305
f 526/6/304 525/6/305 530/5/309
f 527/6/301 529/5/307 531/5/311
f 529/5/307 527/6/301 525/6/299
f 531/5/312 529/5/310 527/6/303
f 525/6/305 527/6/303 529/5/310
f 526/6/300 532/5/321 530/5/308
f 532/5/321 526/6/300 528/6/302
f 530/5/309 532/5/322 526/6/304
f 528/6/306 526/6/304 532/5/322
f 532/5/321 527/6/301 531/5/311
f 527/6/301 532/5/321 528/6/302
f 531/5/312 527/6/303 532/5/322
f 528/6/306 532/5/322 527/6/303
f 535/5/224 534/6/231 533/5/239
f 534/6/231 535/5/224 536/6/226
f 533/5/240 534/6/233 535/5/228
f 536/6/230 535/5/228 534/6/233
f 534/6/231 538/6/225 537/6/232
f 538/6/225 534/6/231 536/6/226
f 537/6/234 538/6/227 534/6/233
f 536/6/230 534/6/233 538/6/227
f 534/6/231 539/5/241 533/5/239
f 539/5/241 534/6/231 537/6/232
f 533/5/240 539/5/242 534/6/233
f 537/6/234 534/6/233 539/5/242
f 538/6/225 535/5/224 540/5/223
f 535/5/224 538/6/225 536/6/226
f 540/5/229 535/5/228 538/6/227
f 536/6/230 538/6/227 535/5/228
f 537/6/232 540/5/223 539/5/241
f 540/5/223 537/6/232 538/6/225
f 539/5/242 540/5/229 537/6/234
f 538/6/227 537/6/234 540/5/229
f 543/8/235 542/8/214 541/8/220
f 542/8/214 543/8/235 544/8/212
f 541/8/222 542/8/218 543/8/238
f 544/8/216 543/8/238 542/8/218
f 544/8/212 545/5/213 542/8/214
f 545/5/213 544/8/212 546/5/211
f 542/8/218 545/5/215 544/8/216
f 546/5/217 544/8/216 545/5/215
f 549/6/165 548/6/181 547/6/166
f 548/6/181 549/6/165 550/6/182
f 547/6/170 548/6/183 549/6/167
f 550/6/186 549/6/167 548/6/183
f 547/6/166 552/5/179 551/5/164
f 552/5/179 547/6/166 548/6/181
f 551/5/168 552/5/185 547/6/170
f 548/6/183 547/6/170 552/5/185
f 541/8/220 545/5/213 553/5/219
f 545/5/213 541/8/220 542/8/214
f 553/5/221 545/5/215 541/8/222
f 542/8/218 541/8/222 545/5/215
f 546/5/211 543/8/235 554/5/236
f 543/8/235 546/5/211 544/8/212
f 554/5/237 543/8/238 546/5/217
f 544/8/216 546/5/217 543/8/238
f 548/6/181 555/5/180 552/5/179
f 555/5/180 548/6/181 550/6/182
f 552/5/185 555/5/184 548/6/183
f 550/6/186 548/6/183 555/5/184
f 549/6/165 551/5/164 556/5/163
f 551/5/164 549/6/165 547/6/166
f 556/5/169 551/5/168 549/6/167
f 547/6/170 549/6/167 551/5/168
f 555/5/180 549/6/165 556/5/163
f 549/6/165 555/5/180 550/6/182
f 556/5/169 549/6/167 555/5/184
f 550/6/186 555/5/184 549/6/167
f 554/5/236 541/8/220 553/5/219
f 541/8/220 554/5/236 543/8/235
f 553/5/221 541/8/222 554/5/237
f 543/8/238 554/5/237 541/8/222
f 559/1/81 558/1/81 557/1/81
f 558/1/81 559/1/81 560/1/81
f 557/1/82 558/1/82 559/1/82
f 560/1/82 559/1/82 558/1/82
f 563/6/293 562/5/292 561/5/291
f 562/5/292 563/6/293 564/6/294
f 561/5/297 562/5/296 563/6/295
f 564/6/298 563/6/295 562/5/296
f 567/6/277 566/6/276 565/6/275
f 566/6/276 567/6/277 568/6/278
f 565/6/281 566/6/280 567/6/279
f 568/6/282 567/6/279 566/6/280
f 570/6/317 563/6/293 569/6/314
f 563/6/293 570/6/317 564/6/294
f 569/6/315 563/6/295 570/6/320
f 564/6/298 570/6/320 563/6/295
f 573/5/171 572/7/174 571/5/172
f 572/7/174 573/5/171 574/7/173
f 571/5/176 572/7/178 573/5/177
f 574/7/175 573/5/177 572/7/178
f 576/7/187 574/7/173 575/7/188
f 574/7/173 576/7/187 572/7/174
f 575/7/190 574/7/175 576/7/189
f 572/7/178 576/7/189 574/7/175
f 575/7/188 573/5/171 577/5/193
f 573/5/171 575/7/188 574/7/173
f 577/5/194 573/5/177 575/7/190
f 574/7/175 575/7/190 573/5/177
f 569/6/314 561/5/291 578/5/313
f 561/5/291 569/6/314 563/6/293
f 578/5/316 561/5/297 569/6/315
f 563/6/295 569/6/315 561/5/297
f 579/5/318 564/6/294 570/6/317
f 564/6/294 579/5/318 562/5/292
f 570/6/320 564/6/298 579/5/319
f 562/5/296 579/5/319 564/6/298
f 582/8/235 581/8/214 580/8/220
f 581/8/214 582/8/235 583/8/212
f 580/8/222 581/8/218 582/8/238
f 583/8/216 582/8/238 581/8/218
f 583/8/212 584/5/213 581/8/214
f 584/5/213 583/8/212 585/5/211
f 581/8/218 584/5/215 583/8/216
f 585/5/217 583/8/216 584/5/215
f 587/5/236 580/8/220 586/5/219
f 580/8/220 587/5/236 582/8/235
f 586/5/221 580/8/222 587/5/237
f 582/8/238 587/5/237 580/8/222
f 585/5/211 582/8/235 587/5/236
f 582/8/235 585/5/211 583/8/212
f 587/5/237 582/8/238 585/5/217
f 583/8/216 585/5/217 582/8/238
f 589/5/287 568/6/278 588/5/283
f 568/6/278 589/5/287 566/6/276
f 588/5/286 568/6/282 589/5/288
f 566/6/280 589/5/288 568/6/282
f 568/6/278 590/5/284 588/5/283
f 590/5/284 568/6/278 567/6/277
f 588/5/286 590/5/285 568/6/282
f 567/6/279 568/6/282 590/5/285
f 565/6/275 589/5/287 591/5/289
f 589/5/287 565/6/275 566/6/276
f 591/5/290 589/5/288 565/6/281
f 566/6/280 565/6/281 589/5/288
f 594/8/174 593/5/191 592/5/172
f 593/5/191 594/8/174 595/8/187
f 592/5/176 593/5/192 594/8/178
f 595/8/189 594/8/178 593/5/192
f 567/6/277 591/5/289 590/5/284
f 591/5/289 567/6/277 565/6/275
f 590/5/285 591/5/290 567/6/279
f 565/6/281 567/6/279 591/5/290
f 595/8/187 597/8/173 596/8/188
f 597/8/173 595/8/187 594/8/174
f 596/8/190 597/8/175 595/8/189
f 594/8/178 595/8/189 597/8/175
f 576/7/187 577/5/193 598/5/191
f 577/5/193 576/7/187 575/7/188
f 598/5/192 577/5/194 576/7/189
f 575/7/190 576/7/189 577/5/194
f 596/8/188 600/5/171 599/5/193
f 600/5/171 596/8/188 597/8/173
f 599/5/194 600/5/177 596/8/190
f 597/8/175 596/8/190 600/5/177
f 580/8/220 584/5/213 586/5/219
f 584/5/213 580/8/220 581/8/214
f 586/5/221 584/5/215 580/8/222
f 581/8/218 580/8/222 584/5/215
f 572/7/174 598/5/191 571/5/172
f 598/5/191 572/7/174 576/7/187
f 571/5/176 598/5/192 572/7/178
f 576/7/189 572/7/178 598/5/192
f 595/8/187 599/5/193 593/5/191
f 599/5/193 595/8/187 596/8/188
f 593/5/192 599/5/194 595/8/189
f 596/8/190 595/8/189 599/5/194
f 579/5/318 569/6/314 578/5/313
f 569/6/314 579/5/318 570/6/317
f 578/5/316 569/6/315 579/5/319
f 570/6/320 579/5/319 569/6/315
f 603/8/174 602/5/191 601/5/172
f 602/5/191 603/8/174 604/8/187
f 601/5/176 602/5/192 603/8/178
f 604/8/189 603/8/178 602/5/192
f 600/5/171 594/8/174 592/5/172
f 594/8/174 600/5/171 597/8/173
f 592/5/176 594/8/178 600/5/177
f 597/8/175 600/5/177 594/8/178
f 604/8/187 606/8/173 605/8/188
f 606/8/173 604/8/187 603/8/174
f 605/8/190 606/8/175 604/8/189
f 603/8/178 604/8/189 606/8/175
f 607/5/171 603/8/174 601/5/172
f 603/8/174 607/5/171 606/8/173
f 601/5/176 603/8/178 607/5/177
f 606/8/175 607/5/177 603/8/178
f 604/8/187 608/5/193 602/5/191
f 608/5/193 604/8/187 605/8/188
f 602/5/192 608/5/194 604/8/189
f 605/8/190 604/8/189 608/5/194
f 605/8/188 607/5/171 608/5/193
f 607/5/171 605/8/188 606/8/173
f 608/5/194 607/5/177 605/8/190
f 606/8/175 605/8/190 607/5/177
f 611/6/301 610/6/300 609/6/299
f 610/6/300 611/6/301 612/6/302
f 609/6/305 610/6/304 611/6/303
f 612/6/306 611/6/303 610/6/304
f 609/6/299 614/5/308 613/5/307
f 614/5/308 609/6/299 610/6/300
f 613/5/310 614/5/309 609/6/305
f 610/6/304 609/6/305 614/5/309
f 611/6/301 613/5/307 615/5/311
f 613/5/307 611/6/301 609/6/299
f 615/5/312 613/5/310 611/6/303
f 609/6/305 611/6/303 613/5/310
f 610/6/300 616/5/321 614/5/308
f 616/5/321 610/6/300 612/6/302
f 614/5/309 616/5/322 610/6/304
f 612/6/306 610/6/304 616/5/322
f 616/5/321 611/6/301 615/5/311
f 611/6/301 616/5/321 612/6/302
f 615/5/312 611/6/303 616/5/322
f 612/6/306 616/5/322 611/6/303
f 619/5/224 618/6/231 617/5/239
f 618/6/231 619/5/224 620/6/226
f 617/5/240 618/6/233 619/5/228
f 620/6/230 619/5/228 618/6/233
f 618/6/231 622/6/225 621/6/232
f 622/6/225 618/6/231 620/6/226
f 621/6/234 622/6/227 618/6/233
f 620/6/230 618/6/233 622/6/227
f 618/6/231 623/5/241 617/5/239
f 623/5/241 618/6/231 621/6/232
f 617/5/240 623/5/242 618/6/233
f 621/6/234 618/6/233 623/5/242
f 622/6/225 619/5/224 624/5/223
f 619/5/224 622/6/225 620/6/226
f 624/5/229 619/5/228 622/6/227
f 620/6/230 622/6/227 619/5/228
f 621/6/232 624/5/223 623/5/241
f 624/5/223 621/6/232 622/6/225
f 623/5/242 624/5/229 621/6/234
f 622/6/227 621/6/234 624/5/229
f 627/8/235 626/8/214 625/8/220
f 626/8/214 627/8/235 628/8/212
f 625/8/222 626/8/218 627/8/238
f 628/8/216 627/8/238 626/8/218
f 628/8/212 629/5/213 626/8/214
f 629/5/213 628/8/212 630/5/211
f 626/8/218 629/5/215 628/8/216
f 630/5/217 628/8/216 629/5/215
f 633/6/165 632/6/181 631/6/166
f 632/6/181 633/6/165 634/6/182
f 631/6/170 632/6/183 633/6/167
f 634/6/186 633/6/167 632/6/183
f 631/6/166 636/5/179 635/5/164
f 636/5/179 631/6/166 632/6/181
f 635/5/168 636/5/185 631/6/170
f 632/6/183 631/6/170 636/5/185
f 625/8/220 629/5/213 637/5/219
f 629/5/213 625/8/220 626/8/214
f 637/5/221 629/5/215 625/8/222
f 626/8/218 625/8/222 629/5/215
f 630/5/211 627/8/235 638/5/236
f 627/8/235 630/5/211 628/8/212
f 638/5/237 627/8/238 630/5/217
f 628/8/216 630/5/217 627/8/238
f 632/6/181 639/5/180 636/5/179
f 639/5/180 632/6/181 634/6/182
f 636/5/185 639/5/184 632/6/183
f 634/6/186 632/6/183 639/5/184
f 633/6/165 635/5/164 640/5/163
f 635/5/164 633/6/165 631/6/166
f 640/5/169 635/5/168 633/6/167
f 631/6/170 633/6/167 635/5/168
f 639/5/180 633/6/165 640/5/163
f 633/6/165 639/5/180 634/6/182
f 640/5/169 633/6/167 639/5/184
f 634/6/186 639/5/184 633/6/167
f 638/5/236 625/8/220 637/5/219
f 625/8/220 638/5/236 627/8/235
f 637/5/221 625/8/222 638/5/237
f 627/8/238 638/5/237 625/8/222
f 642/1/81 185/1/81 641/1/81
f 185/1/81 642/1/81 186/1/81
f 641/1/82 185/1/82 642/1/82
f 186/1/82 642/1/82 185/1/82
f 645/6/293 644/5/292 643/5/291
f 644/5/292 645/6/293 646/6/294
f 643/5/297 644/5/296 645/6/295
f 646/6/298 645/6/295 644/5/296
f 649/6/277 648/6/276 647/6/275
f 648/6/276 649/6/277 650/6/278
f 647/6/281 648/6/280 649/6/279
f 650/6/282 649/6/279 648/6/280
f 652/6/317 645/6/293 651/6/314
f 645/6/293 652/6/317 646/6/294
f 651/6/315 645/6/295 652/6/320
f 646/6/298 652/6/320 645/6/295
f 655/5/171 654/7/174 653/5/172
f 654/7/174 655/5/171 656/7/173
f 653/5/176 654/7/178 655/5/177
f 656/7/175 655/5/177 654/7/178
f 658/7/187 656/7/173 657/7/188
f 656/7/173 658/7/187 654/7/174
f 657/7/190 656/7/175 658/7/189
f 654/7/178 658/7/189 656/7/175
f 657/7/188 655/5/171 659/5/193
f 655/5/171 657/7/188 656/7/173
f 659/5/194 655/5/177 657/7/190
f 656/7/175 657/7/190 655/5/177
f 651/6/314 643/5/291 660/5/313
f 643/5/291 651/6/314 645/6/293
f 660/5/316 643/5/297 651/6/315
f 645/6/295 651/6/315 643/5/297
f 661/5/318 646/6/294 652/6/317
f 646/6/294 661/5/318 644/5/292
f 652/6/320 646/6/298 661/5/319
f 644/5/296 661/5/319 646/6/298
f 664/8/235 663/8/214 662/8/220
f 663/8/214 664/8/235 665/8/212
f 662/8/222 663/8/218 664/8/238
f 665/8/216 664/8/238 663/8/218
f 665/8/212 666/5/213 663/8/214
f 666/5/213 665/8/212 667/5/211
f 663/8/218 666/5/215 665/8/216
f 667/5/217 665/8/216 666/5/215
f 669/5/236 662/8/220 668/5/219
f 662/8/220 669/5/236 664/8/235
f 668/5/221 662/8/222 669/5/237
f 664/8/238 669/5/237 662/8/222
f 667/5/211 664/8/235 669/5/236
f 664/8/235 667/5/211 665/8/212
f 669/5/237 664/8/238 667/5/217
f 665/8/216 667/5/217 664/8/238
f 671/5/287 650/6/278 670/5/283
f 650/6/278 671/5/287 648/6/276
f 670/5/286 650/6/282 671/5/288
f 648/6/280 671/5/288 650/6/282
f 650/6/278 672/5/284 670/5/283
f 672/5/284 650/6/278 649/6/277
f 670/5/286 672/5/285 650/6/282
f 649/6/279 650/6/282 672/5/285
f 647/6/275 671/5/287 673/5/289
f 671/5/287 647/6/275 648/6/276
f 673/5/290 671/5/288 647/6/281
f 648/6/280 647/6/281 671/5/288
f 676/8/174 675/5/191 674/5/172
f 675/5/191 676/8/174 677/8/187
f 674/5/176 675/5/192 676/8/178
f 677/8/189 676/8/178 675/5/192
f 649/6/277 673/5/289 672/5/284
f 673/5/289 649/6/277 647/6/275
f 672/5/285 673/5/290 649/6/279
f 647/6/281 649/6/279 673/5/290
f 677/8/187 679/8/173 678/8/188
f 679/8/173 677/8/187 676/8/174
f 678/8/190 679/8/175 677/8/189
f 676/8/178 677/8/189 679/8/175
f 658/7/187 659/5/193 680/5/191
f 659/5/193 658/7/187 657/7/188
f 680/5/192 659/5/194 658/7/189
f 657/7/190 658/7/189 659/5/194
f 678/8/188 682/5/171 681/5/193
f 682/5/171 678/8/188 679/8/173
f 681/5/194 682/5/177 678/8/190
f 679/8/175 678/8/190 682/5/177
f 662/8/220 666/5/213 668/5/219
f 666/5/213 662/8/220 663/8/214
f 668/5/221 666/5/215 662/8/222
f 663/8/218 662/8/222 666/5/215
f 654/7/174 680/5/191 653/5/172
f 680/5/191 654/7/174 658/7/187
f 653/5/176 680/5/192 654/7/178
f 658/7/189 654/7/178 680/5/192
f 677/8/187 681/5/193 675/5/191
f 681/5/193 677/8/187 678/8/188
f 675/5/192 681/5/194 677/8/189
f 678/8/190 677/8/189 681/5/194
f 661/5/318 651/6/314 660/5/313
f 651/6/314 661/5/318 652/6/317
f 660/5/316 651/6/315 661/5/319
f 652/6/320 661/5/319 651/6/315
f 685/8/174 684/5/191 683/5/172
f 684/5/191 685/8/174 686/8/187
f 683/5/176 684/5/192 685/8/178
f 686/8/189 685/8/178 684/5/192
f 682/5/171 676/8/174 674/5/172
f 676/8/174 682/5/171 679/8/173
f 674/5/176 676/8/178 682/5/177
f 679/8/175 682/5/177 676/8/178
f 686/8/187 688/8/173 687/8/188
f 688/8/173 686/8/187 685/8/174
f 687/8/190 688/8/175 686/8/189
f 685/8/178 686/8/189 688/8/175
f 689/5/171 685/8/174 683/5/172
f 685/8/174 689/5/171 688/8/173
f 683/5/176 685/8/178 689/5/177
f 688/8/175 689/5/177 685/8/178
f 686/8/187 690/5/193 684/5/191
f 690/5/193 686/8/187 687/8/188
f 684/5/192 690/5/194 686/8/189
f 687/8/190 686/8/189 690/5/194
f 687/8/188 689/5/171 690/5/193
f 689/5/171 687/8/188 688/8/173
f 690/5/194 689/5/177 687/8/190
f 688/8/175 687/8/190 689/5/177
f 693/6/301 692/6/300 691/6/299
f 692/6/300 693/6/301 694/6/302
f 691/6/305 692/6/304 693/6/303
f 694/6/306 693/6/303 692/6/304
f 691/6/299 696/5/308 695/5/307
f 696/5/308 691/6/299 692/6/300
f 695/5/310 696/5/309 691/6/305
f 692/6/304 691/6/305 696/5/309
f 693/6/301 695/5/307 697/5/311
f 695/5/307 693/6/301 691/6/299
f 697/5/312 695/5/310 693/6/303
f 691/6/305 693/6/303 695/5/310
f 692/6/300 698/5/321 696/5/308
f 698/5/321 692/6/300 694/6/302
f 696/5/309 698/5/322 692/6/304
f 694/6/306 692/6/304 698/5/322
f 698/5/321 693/6/301 697/5/311
f 693/6/301 698/5/321 694/6/302
f 697/5/312 693/6/303 698/5/322
f 694/6/306 698/5/322 693/6/303
f 701/5/224 700/6/231 699/5/239
f 700/6/231 701/5/224 702/6/226
f 699/5/240 700/6/233 701/5/228
f 702/6/230 701/5/228 700/6/233
f 700/6/231 704/6/225 703/6/232
f 704/6/225 700/6/231 702/6/226
f 703/6/234 704/6/227 700/6/233
f 702/6/230 700/6/233 704/6/227
f 700/6/231 705/5/241 699/5/239
f 705/5/241 700/6/231 703/6/232
f 699/5/240 705/5/242 700/6/233
f 703/6/234 700/6/233 705/5/242
f 704/6/225 701/5/224 706/5/223
f 701/5/224 704/6/225 702/6/226
f 706/5/229 701/5/228 704/6/227
f 702/6/230 704/6/227 701/5/228
f 703/6/232 706/5/223 705/5/241
f 706/5/223 703/6/232 704/6/225
f 705/5/242 706/5/229 703/6/234
f 704/6/227 703/6/234 706/5/229
f 709/8/235 708/8/214 707/8/220
f 708/8/214 709/8/235 710/8/212
f 707/8/222 708/8/218 709/8/238
f 710/8/216 709/8/238 708/8/218
f 710/8/212 711/5/213 708/8/214
f 711/5/213 710/8/212 712/5/211
f 708/8/218 711/5/215 710/8/216
f 712/5/217 710/8/216 711/5/215
f 715/6/165 714/6/181 713/6/166
f 714/6/181 715/6/165 716/6/182
f 713/6/170 714/6/183 715/6/167
f 716/6/186 715/6/167 714/6/183
f 713/6/166 718/5/179 717/5/164
f 718/5/179 713/6/166 714/6/181
f 717/5/168 718/5/185 713/6/170
f 714/6/183 713/6/170 718/5/185
f 707/8/220 711/5/213 719/5/219
f 711/5/213 707/8/220 708/8/214
f 719/5/221 711/5/215 707/8/222
f 708/8/218 707/8/222 711/5/215
f 712/5/211 709/8/235 720/5/236
f 709/8/235 712/5/211 710/8/212
f 720/5/237 709/8/238 712/5/217
f 710/8/216 712/5/217 709/8/238
f 714/6/181 721/5/180 718/5/179
f 721/5/180 714/6/181 716/6/182
f 718/5/185 721/5/184 714/6/183
f 716/6/186 714/6/183 721/5/184
f 715/6/165 717/5/164 722/5/163
f 717/5/164 715/6/165 713/6/166
f 722/5/169 717/5/168 715/6/167
f 713/6/170 715/6/167 717/5/168
f 721/5/180 715/6/165 722/5/163
f 715/6/165 721/5/180 716/6/182
f 722/5/169 715/6/167 721/5/184
f 716/6/186 721/5/184 715/6/167
f 720/5/236 707/8/220 719/5/219
f 707/8/220 720/5/236 709/8/235
f 719/5/221 707/8/222 720/5/237
f 709/8/238 720/5/237 707/8/222
f 184/1/81 723/1/81 182/1/81
f 723/1/81 184/1/81 173/1/81
f 182/1/82 723/1/82 184/1/82
f 173/1/82 184/1/82 723/1/82
f 726/6/293 725/5/292 724/5/291
f 725/5/292 726/6/293 727/6/294
f 724/5/297 725/5/296 726/6/295
f 727/6/298 726/6/295 725/5/296
f 730/6/277 729/6/276 728/6/275
f 729/6/276 730/6/277 731/6/278
f 728/6/281 729/6/280 730/6/279
f 731/6/282 730/6/279 729/6/280
f 733/6/317 726/6/293 732/6/314
f 726/6/293 733/6/317 727/6/294
f 732/6/315 726/6/295 733/6/320
f 727/6/298 733/6/320 726/6/295
f 736/5/171 735/7/174 734/5/172
f 735/7/174 736/5/171 737/7/173
f 734/5/176 735/7/178 736/5/177
f 737/7/175 736/5/177 735/7/178
f 739/7/187 737/7/173 738/7/188
f 737/7/173 739/7/187 735/7/174
f 738/7/190 737/7/175 739/7/189
f 735/7/178 739/7/189 737/7/175
f 738/7/188 736/5/171 740/5/193
f 736/5/171 738/7/188 737/7/173
f 740/5/194 736/5/177 738/7/190
f 737/7/175 738/7/190 736/5/177
f 732/6/314 724/5/291 741/5/313
f 724/5/291 732/6/314 726/6/293
f 741/5/316 724/5/297 732/6/315
f 726/6/295 732/6/315 724/5/297
f 742/5/318 727/6/294 733/6/317
f 727/6/294 742/5/318 725/5/292
f 733/6/320 727/6/298 742/5/319
f 725/5/296 742/5/319 727/6/298
f 745/8/235 744/8/214 743/8/220
f 744/8/214 745/8/235 746/8/212
f 743/8/222 744/8/218 745/8/238
f 746/8/216 745/8/238 744/8/218
f 746/8/212 747/5/213 744/8/214
f 747/5/213 746/8/212 748/5/211
f 744/8/218 747/5/215 746/8/216
f 748/5/217 746/8/216 747/5/215
f 750/5/236 743/8/220 749/5/219
f 743/8/220 750/5/236 745/8/235
f 749/5/221 743/8/222 750/5/237
f 745/8/238 750/5/237 743/8/222
f 748/5/211 745/8/235 750/5/236
f 745/8/235 748/5/211 746/8/212
f 750/5/237 745/8/238 748/5/217
f 746/8/216 748/5/217 745/8/238
f 752/5/287 731/6/278 751/5/283
f 731/6/278 752/5/287 729/6/276
f 751/5/286 731/6/282 752/5/288
f 729/6/280 752/5/288 731/6/282
f 731/6/278 753/5/284 751/5/283
f 753/5/284 731/6/278 730/6/277
f 751/5/286 753/5/285 731/6/282
f 730/6/279 731/6/282 753/5/285
f 728/6/275 752/5/287 754/5/289
f 752/5/287 728/6/275 729/6/276
f 754/5/290 752/5/288 728/6/281
f 729/6/280 728/6/281 752/5/288
f 757/8/174 756/5/191 755/5/172
f 756/5/191 757/8/174 758/8/187
f 755/5/176 756/5/192 757/8/178
f 758/8/189 757/8/178 756/5/192
f 730/6/277 754/5/289 753/5/284
f 754/5/289 730/6/277 728/6/275
f 753/5/285 754/5/290 730/6/279
f 728/6/281 730/6/279 754/5/290
f 758/8/187 760/8/173 759/8/188
f 760/8/173 758/8/187 757/8/174
f 759/8/190 760/8/175 758/8/189
f 757/8/178 758/8/189 760/8/175
f 739/7/187 740/5/193 761/5/191
f 740/5/193 739/7/187 738/7/188
f 761/5/192 740/5/194 739/7/189
f 738/7/190 739/7/189 740/5/194
f 759/8/188 763/5/171 762/5/193
f 763/5/171 759/8/188 760/8/173
f 762/5/194 763/5/177 759/8/190
f 760/8/175 759/8/190 763/5/177
f 743/8/220 747/5/213 749/5/219
f 747/5/213 743/8/220 744/8/214
f 749/5/221 747/5/215 743/8/222
f 744/8/218 743/8/222 747/5/215
f 735/7/174 761/5/191 734/5/172
f 761/5/191 735/7/174 739/7/187
f 734/5/176 761/5/192 735/7/178
f 739/7/189 735/7/178 761/5/192
f 758/8/187 762/5/193 756/5/191
f 762/5/193 758/8/187 759/8/188
f 756/5/192 762/5/194 758/8/189
f 759/8/190 758/8/189 762/5/194
f 742/5/318 732/6/314 741/5/313
f 732/6/314 742/5/318 733/6/317
f 741/5/316 732/6/315 742/5/319
f 733/6/320 742/5/319 732/6/315
f 766/8/174 765/5/191 764/5/172
f 765/5/191 766/8/174 767/8/187
f 764/5/176 765/5/192 766/8/178
f 767/8/189 766/8/178 765/5/192
f 763/5/171 757/8/174 755/5/172
f 757/8/174 763/5/171 760/8/173
f 755/5/176 757/8/178 763/5/177
f 760/8/175 763/5/177 757/8/178
f 767/8/187 769/8/173 768/8/188
f 769/8/173 767/8/187 766/8/174
f 768/8/190 769/8/175 767/8/189
f 766/8/178 767/8/189 769/8/175
f 770/5/171 766/8/174 764/5/172
f 766/8/174 770/5/171 769/8/173
f 764/5/176 766/8/178 770/5/177
f 769/8/175 770/5/177 766/8/178
f 767/8/187 771/5/193 765/5/191
f 771/5/193 767/8/187 768/8/188
f 765/5/192 771/5/194 767/8/189
f 768/8/190 767/8/189 771/5/194
f 768/8/188 770/5/171 771/5/193
f 770/5/171 768/8/188 769/8/173
f 771/5/194 770/5/177 768/8/190
f 769/8/175 768/8/190 770/5/177
f 774/6/301 773/6/300 772/6/299
f 773/6/300 774/6/301 775/6/302
f 772/6/305 773/6/304 774/6/303
f 775/6/306 774/6/303 773/6/304
f 772/6/299 777/5/308 776/5/307
f 777/5/308 772/6/299 773/6/300
f 776/5/310 777/5/309 772/6/305
f 773/6/304 772/6/305 777/5/309
f 774/6/301 776/5/307 778/5/311
f 776/5/307 774/6/301 772/6/299
f 778/5/312 776/5/310 774/6/303
f 772/6/305 774/6/303 776/5/310
f 773/6/300 779/5/321 777/5/308
f 779/5/321 773/6/300 775/6/302
f 777/5/309 779/5/322 773/6/304
f 775/6/306 773/6/304 779/5/322
f 779/5/321 774/6/301 778/5/311
f 774/6/301 779/5/321 775/6/302
f 778/5/312 774/6/303 779/5/322
f 775/6/306 779/5/322 774/6/303
f 782/5/224 781/6/231 780/5/239
f 781/6/231 782/5/224 783/6/226
f 780/5/240 781/6/233 782/5/228
f 783/6/230 782/5/228 781/6/233
f 781/6/231 785/6/225 784/6/232
f 785/6/225 781/6/231 783/6/226
f 784/6/234 785/6/227 781/6/233
f 783/6/230 781/6/233 785/6/227
f 781/6/231 786/5/241 780/5/239
f 786/5/241 781/6/231 784/6/232
f 780/5/240 786/5/242 781/6/233
f 784/6/234 781/6/233 786/5/242
f 785/6/225 782/5/224 787/5/223
f 782/5/224 785/6/225 783/6/226
f 787/5/229 782/5/228 785/6/227
f 783/6/230 785/6/227 782/5/228
f 784/6/232 787/5/223 786/5/241
f 787/5/223 784/6/232 785/6/225
f 786/5/242 787/5/229 784/6/234
f 785/6/227 784/6/234 787/5/229
f 790/8/235 789/8/214 788/8/220
f 789/8/214 790/8/235 791/8/212
f 788/8/222 789/8/218 790/8/238
f 791/8/216 790/8/238 789/8/218
f 791/8/212 792/5/213 789/8/214
f 792/5/213 791/8/212 793/5/211
f 789/8/218 792/5/215 791/8/216
f 793/5/217 791/8/216 792/5/215
f 796/6/165 795/6/181 794/6/166
f 795/6/181 796/6/165 797/6/182
f 794/6/170 795/6/183 796/6/167
f 797/6/186 796/6/167 795/6/183
f 794/6/166 799/5/179 798/5/164
f 799/5/179 794/6/166 795/6/181
f 798/5/168 799/5/185 794/6/170
f 795/6/183 794/6/170 799/5/185
f 788/8/220 792/5/213 800/5/219
f 792/5/213 788/8/220 789/8/214
f 800/5/221 792/5/215 788/8/222
f 789/8/218 788/8/222 792/5/215
f 793/5/211 790/8/235 801/5/236
f 790/8/235 793/5/211 791/8/212
f 801/5/237 790/8/238 793/5/217
f 791/8/216 793/5/217 790/8/238
f 795/6/181 802/5/180 799/5/179
f 802/5/180 795/6/181 797/6/182
f 799/5/185 802/5/184 795/6/183
f 797/6/186 795/6/183 802/5/184
f 796/6/165 798/5/164 803/5/163
f 798/5/164 796/6/165 794/6/166
f 803/5/169 798/5/168 796/6/167
f 794/6/170 796/6/167 798/5/168
f 802/5/180 796/6/165 803/5/163
f 796/6/165 802/5/180 797/6/182
f 803/5/169 796/6/167 802/5/184
f 797/6/186 802/5/184 796/6/167
f 801/5/236 788/8/220 800/5/219
f 788/8/220 801/5/236 790/8/235
f 800/5/221 788/8/222 801/5/237
f 790/8/238 801/5/237 788/8/222
f 806/1/29 805/3/26 804/1/31
f 805/3/26 806/1/29 807/3/25
f 804/1/32 805/3/28 806/1/30
f 807/3/27 806/1/30 805/3/28
f 809/3/12 806/1/29 808/1/10
f 806/1/29 809/3/12 807/3/25
f 808/1/14 806/1/30 809/3/16
f 807/3/27 809/3/16 806/1/30
f 812/2/3 811/1/2 810/1/1
f 811/1/2 812/2/3 813/2/4
f 810/1/7 811/1/6 812/2/5
f 813/2/8 812/2/5 811/1/6
f 811/1/2 815/2/19 814/1/17
f 815/2/19 811/1/2 813/2/4
f 814/1/23 815/2/21 811/1/6
f 813/2/8 811/1/6 815/2/21
f 818/1/79 817/2/63 816/1/61
f 817/2/63 818/1/79 819/2/70
f 816/1/67 817/2/65 818/1/80
f 819/2/72 818/1/80 817/2/65
f 817/2/63 821/2/69 820/2/64
f 821/2/69 817/2/63 819/2/70
f 820/2/68 821/2/71 817/2/65
f 819/2/72 817/2/65 821/2/71
f 821/2/69 818/1/79 822/1/77
f 818/1/79 821/2/69 819/2/70
f 822/1/78 818/1/80 821/2/71
f 819/2/72 821/2/71 818/1/80
f 817/2/63 823/1/62 816/1/61
f 823/1/62 817/2/63 820/2/64
f 816/1/67 823/1/66 817/2/65
f 820/2/68 817/2/65 823/1/66
f 820/2/64 822/1/77 823/1/62
f 822/1/77 820/2/64 821/2/69
f 823/1/66 822/1/78 820/2/68
f 821/2/71 820/2/68 822/1/78
f 825/2/20 810/1/1 824/1/18
f 810/1/1 825/2/20 812/2/3
f 824/1/22 810/1/7 825/2/24
f 812/2/5 825/2/24 810/1/7
f 805/3/26 826/1/9 804/1/31
f 826/1/9 805/3/26 827/3/11
f 804/1/32 826/1/15 805/3/28
f 827/3/13 805/3/28 826/1/15
f 815/2/19 824/1/18 814/1/17
f 824/1/18 815/2/19 825/2/20
f 814/1/23 824/1/22 815/2/21
f 825/2/24 815/2/21 824/1/22
f 815/2/19 812/2/3 825/2/20
f 812/2/3 815/2/19 813/2/4
f 825/2/24 812/2/5 815/2/21
f 813/2/8 815/2/21 812/2/5
f 830/3/35 829/3/34 828/3/33
f 829/3/34 830/3/35 831/3/36
f 828/3/39 829/3/38 830/3/37
f 831/3/40 830/3/37 829/3/38
f 827/3/11 807/3/25 809/3/12
f 807/3/25 827/3/11 805/3/26
f 809/3/16 807/3/27 827/3/13
f 805/3/28 827/3/13 807/3/27
f 832/1/47 831/3/36 830/3/35
f 831/3/36 832/1/47 833/1/42
f 830/3/37 831/3/40 832/1/48
f 833/1/44 832/1/48 831/3/40
f 836/1/57 835/3/52 834/1/51
f 835/3/52 836/1/57 837/3/58
f 834/1/53 835/3/56 836/1/59
f 837/3/60 836/1/59 835/3/56
f 832/1/47 828/3/33 838/1/45
f 828/3/33 832/1/47 830/3/35
f 838/1/46 828/3/39 832/1/48
f 830/3/37 832/1/48 828/3/39
f 831/3/36 839/1/41 829/3/34
f 839/1/41 831/3/36 833/1/42
f 829/3/38 839/1/43 831/3/40
f 833/1/44 831/3/40 839/1/43
f 842/3/50 841/1/74 840/1/49
f 841/1/74 842/3/50 843/3/73
f 840/1/55 841/1/75 842/3/54
f 843/3/76 842/3/54 841/1/75
f 828/3/33 839/1/41 838/1/45
f 839/1/41 828/3/33 829/3/34
f 838/1/46 839/1/43 828/3/39
f 829/3/38 828/3/39 839/1/43
f 834/1/51 842/3/50 840/1/49
f 842/3/50 834/1/51 835/3/52
f 840/1/55 842/3/54 834/1/53
f 835/3/56 834/1/53 842/3/54
f 837/3/58 841/1/74 843/3/73
f 841/1/74 837/3/58 836/1/57
f 843/3/76 841/1/75 837/3/60
f 836/1/59 837/3/60 841/1/75
f 835/3/52 843/3/73 842/3/50
f 843/3/73 835/3/52 837/3/58
f 842/3/54 843/3/76 835/3/56
f 837/3/60 835/3/56 843/3/76
f 827/3/11 808/1/10 826/1/9
f 808/1/10 827/3/11 809/3/12
f 826/1/15 808/1/14 827/3/13
f 809/3/16 827/3/13 808/1/14
f 846/1/111 845/3/108 844/1/113
f 845/3/108 846/1/111 847/3/107
f 844/1/114 845/3/110 846/1/112
f 847/3/109 846/1/112 845/3/110
f 849/3/94 846/1/111 848/1/92
f 846/1/111 849/3/94 847/3/107
f 848/1/96 846/1/112 849/3/98
f 847/3/109 849/3/98 846/1/112
f 852/2/85 851/1/84 850/1/83
f 851/1/84 852/2/85 853/2/86
f 850/1/89 851/1/88 852/2/87
f 853/2/90 852/2/87 851/1/88
f 851/1/84 855/2/101 854/1/99
f 855/2/101 851/1/84 853/2/86
f 854/1/105 855/2/103 851/1/88
f 853/2/90 851/1/88 855/2/103
f 858/1/161 857/2/145 856/1/143
f 857/2/145 858/1/161 859/2/152
f 856/1/149 857/2/147 858/1/162
f 859/2/154 858/1/162 857/2/147
f 857/2/145 861/2/151 860/2/146
f 861/2/151 857/2/145 859/2/152
f 860/2/150 861/2/153 857/2/147
f 859/2/154 857/2/147 861/2/153
f 861/2/151 858/1/161 862/1/159
f 858/1/161 861/2/151 859/2/152
f 862/1/160 858/1/162 861/2/153
f 859/2/154 861/2/153 858/1/162
f 857/2/145 863/1/144 856/1/143
f 863/1/144 857/2/145 860/2/146
f 856/1/149 863/1/148 857/2/147
f 860/2/150 857/2/147 863/1/148
f 860/2/146 862/1/159 863/1/144
f 862/1/159 860/2/146 861/2/151
f 863/1/148 862/1/160 860/2/150
f 861/2/153 860/2/150 862/1/160
f 865/2/102 850/1/83 864/1/100
f 850/1/83 865/2/102 852/2/85
f 864/1/104 850/1/89 865/2/106
f 852/2/87 865/2/106 850/1/89
f 845/3/108 866/1/91 844/1/113
f 866/1/91 845/3/108 867/3/93
f 844/1/114 866/1/97 845/3/110
f 867/3/95 845/3/110 866/1/97
f 855/2/101 864/1/100 854/1/99
f 864/1/100 855/2/101 865/2/102
f 854/1/105 864/1/104 855/2/103
f 865/2/106 855/2/103 864/1/104
f 855/2/101 852/2/85 865/2/102
f 852/2/85 855/2/101 853/2/86
f 865/2/106 852/2/87 855/2/103
f 853/2/90 855/2/103 852/2/87
f 870/3/117 869/3/116 868/3/115
f 869/3/116 870/3/117 871/3/118
f 868/3/121 869/3/120 870/3/119
f 871/3/122 870/3/119 869/3/120
f 867/3/93 847/3/107 849/3/94
f 847/3/107 867/3/93 845/3/108
f 849/3/98 847/3/109 867/3/95
f 845/3/110 867/3/95 847/3/109
f 872/1/129 871/3/118 870/3/117
f 871/3/118 872/1/129 873/1/124
f 870/3/119 871/3/122 872/1/130
f 873/1/126 872/1/130 871/3/122
f 876/1/139 875/3/134 874/1/133
f 875/3/134 876/1/139 877/3/140
f 874/1/135 875/3/138 876/1/141
f 877/3/142 876/1/141 875/3/138
f 872/1/129 868/3/115 878/1/127
f 868/3/115 872/1/129 870/3/117
f 878/1/128 868/3/121 872/1/130
f 870/3/119 872/1/130 868/3/121
f 871/3/118 879/1/123 869/3/116
f 879/1/123 871/3/118 873/1/124
f 869/3/120 879/1/125 871/3/122
f 873/1/126 871/3/122 879/1/125
f 882/3/132 881/1/156 880/1/131
f 881/1/156 882/3/132 883/3/155
f 880/1/137 881/1/157 882/3/136
f 883/3/158 882/3/136 881/1/157
f 868/3/115 879/1/123 878/1/127
f 879/1/123 868/3/115 869/3/116
f 878/1/128 879/1/125 868/3/121
f 869/3/120 868/3/121 879/1/125
f 874/1/133 882/3/132 880/1/131
f 882/3/132 874/1/133 875/3/134
f 880/1/137 882/3/136 874/1/135
f 875/3/138 874/1/135 882/3/136
f 877/3/140 881/1/156 883/3/155
f 881/1/156 877/3/140 876/1/139
f 883/3/158 881/1/157 877/3/142
f 876/1/141 877/3/142 881/1/157
f 875/3/134 883/3/155 882/3/132
f 883/3/155 875/3/134 877/3/140
f 882/3/136 883/3/158 875/3/138
f 877/3/142 875/3/138 883/3/158
f 867/3/93 848/1/92 866/1/91
f 848/1/92 867/3/93 849/3/94
f 866/1/97 848/1/96 867/3/95
f 849/3/98 867/3/95 848/1/96
f 886/1/191 885/3/188 884/1/193
f 885/3/188 886/1/191 887/3/187
f 884/1/194 885/3/190 886/1/192
f 887/3/189 886/1/192 885/3/190
f 889/3/174 886/1/191 888/1/172
f 886/1/191 889/3/174 887/3/187
f 888/1/176 886/1/192 889/3/178
f 887/3/189 889/3/178 886/1/192
f 892/2/165 891/1/164 890/1/163
f 891/1/164 892/2/165 893/2/166
f 890/1/169 891/1/168 892/2/167
f 893/2/170 892/2/167 891/1/168
f 891/1/164 895/2/181 894/1/179
f 895/2/181 891/1/164 893/2/166
f 894/1/185 895/2/183 891/1/168
f 893/2/170 891/1/168 895/2/183
f 898/1/241 897/2/225 896/1/223
f 897/2/225 898/1/241 899/2/232
f 896/1/229 897/2/227 898/1/242
f 899/2/234 898/1/242 897/2/227
f 897/2/225 901/2/231 900/2/226
f 901/2/231 897/2/225 899/2/232
f 900/2/230 901/2/233 897/2/227
f 899/2/234 897/2/227 901/2/233
f 901/2/231 898/1/241 902/1/239
f 898/1/241 901/2/231 899/2/232
f 902/1/240 898/1/242 901/2/233
f 899/2/234 901/2/233 898/1/242
f 897/2/225 903/1/224 896/1/223
f 903/1/224 897/2/225 900/2/226
f 896/1/229 903/1/228 897/2/227
f 900/2/230 897/2/227 903/1/228
f 900/2/226 902/1/239 903/1/224
f 902/1/239 900/2/226 901/2/231
f 903/1/228 902/1/240 900/2/230
f 901/2/233 900/2/230 902/1/240
f 905/2/182 890/1/163 904/1/180
f 890/1/163 905/2/182 892/2/165
f 904/1/184 890/1/169 905/2/186
f 892/2/167 905/2/186 890/1/169
f 885/3/188 906/1/171 884/1/193
f 906/1/171 885/3/188 907/3/173
f 884/1/194 906/1/177 885/3/190
f 907/3/175 885/3/190 906/1/177
f 895/2/181 904/1/180 894/1/179
f 904/1/180 895/2/181 905/2/182
f 894/1/185 904/1/184 895/2/183
f 905/2/186 895/2/183 904/1/184
f 895/2/181 892/2/165 905/2/182
f 892/2/165 895/2/181 893/2/166
f 905/2/186 892/2/167 895/2/183
f 893/2/170 895/2/183 892/2/167
f 910/3/325 909/3/324 908/3/323
f 909/3/324 910/3/325 911/3/326
f 908/3/329 909/3/328 910/3/327
f 911/3/330 910/3/327 909/3/328
f 907/3/173 887/3/187 889/3/174
f 887/3/187 907/3/173 885/3/188
f 889/3/178 887/3/189 907/3/175
f 885/3/190 907/3/175 887/3/189
f 912/1/331 911/3/326 910/3/325
f 911/3/326 912/1/331 913/1/332
f 910/3/327 911/3/330 912/1/333
f 913/1/334 912/1/333 911/3/330
f 916/1/219 915/3/214 914/1/213
f 915/3/214 916/1/219 917/3/220
f 914/1/215 915/3/218 916/1/221
f 917/3/222 916/1/221 915/3/218
f 912/1/331 908/3/323 918/1/335
f 908/3/323 912/1/331 910/3/325
f 918/1/336 908/3/329 912/1/333
f 910/3/327 912/1/333 908/3/329
f 911/3/326 919/1/337 909/3/324
f 919/1/337 911/3/326 913/1/332
f 909/3/328 919/1/338 911/3/330
f 913/1/334 911/3/330 919/1/338
f 922/3/212 921/1/236 920/1/211
f 921/1/236 922/3/212 923/3/235
f 920/1/217 921/1/237 922/3/216
f 923/3/238 922/3/216 921/1/237
f 908/3/323 919/1/337 918/1/335
f 919/1/337 908/3/323 909/3/324
f 918/1/336 919/1/338 908/3/329
f 909/3/328 908/3/329 919/1/338
f 914/1/213 922/3/212 920/1/211
f 922/3/212 914/1/213 915/3/214
f 920/1/217 922/3/216 914/1/215
f 915/3/218 914/1/215 922/3/216
f 917/3/220 921/1/236 923/3/235
f 921/1/236 917/3/220 916/1/219
f 923/3/238 921/1/237 917/3/222
f 916/1/221 917/3/222 921/1/237
f 915/3/214 923/3/235 922/3/212
f 923/3/235 915/3/214 917/3/220
f 922/3/216 923/3/238 915/3/218
f 917/3/222 915/3/218 923/3/238
f 907/3/173 888/1/172 906/1/171
f 888/1/172 907/3/173 889/3/174
f 906/1/177 888/1/176 907/3/175
f 889/3/178 907/3/175 888/1/176
f 926/1/171 925/3/174 924/1/172
f 925/3/174 926/1/171 927/3/173
f 924/1/176 925/3/178 926/1/177
f 927/3/175 926/1/177 925/3/178
f 929/3/188 926/1/171 928/1/193
f 926/1/171 929/3/188 927/3/173
f 928/1/194 926/1/177 929/3/190
f 927/3/175 929/3/190 926/1/177
f 932/2/181 931/1/180 930/1/179
f 931/1/180 932/2/181 933/2/182
f 930/1/185 931/1/184 932/2/183
f 933/2/186 932/2/183 931/1/184
f 931/1/180 935/2/165 934/1/163
f 935/2/165 931/1/180 933/2/182
f 934/1/169 935/2/167 931/1/184
f 933/2/186 931/1/184 935/2/167
f 938/1/224 937/2/231 936/1/239
f 937/2/231 938/1/224 939/2/226
f 936/1/240 937/2/233 938/1/228
f 939/2/230 938/1/228 937/2/233
f 937/2/231 941/2/225 940/2/232
f 941/2/225 937/2/231 939/2/226
f 940/2/234 941/2/227 937/2/233
f 939/2/230 937/2/233 941/2/227
f 941/2/225 938/1/224 942/1/223
f 938/1/224 941/2/225 939/2/226
f 942/1/229 938/1/228 941/2/227
f 939/2/230 941/2/227 938/1/228
f 937/2/231 943/1/241 936/1/239
f 943/1/241 937/2/231 940/2/232
f 936/1/240 943/1/242 937/2/233
f 940/2/234 937/2/233 943/1/242
f 940/2/232 942/1/223 943/1/241
f 942/1/223 940/2/232 941/2/225
f 943/1/242 942/1/229 940/2/234
f 941/2/227 940/2/234 942/1/229
f 945/2/166 930/1/179 944/1/164
f 930/1/179 945/2/166 932/2/181
f 944/1/168 930/1/185 945/2/170
f 932/2/183 945/2/170 930/1/185
f 925/3/174 946/1/191 924/1/172
f 946/1/191 925/3/174 947/3/187
f 924/1/176 946/1/192 925/3/178
f 947/3/189 925/3/178 946/1/192
f 935/2/165 944/1/164 934/1/163
f 944/1/164 935/2/165 945/2/166
f 934/1/169 944/1/168 935/2/167
f 945/2/170 935/2/167 944/1/168
f 935/2/165 932/2/181 945/2/166
f 932/2/181 935/2/165 933/2/182
f 945/2/170 932/2/183 935/2/167
f 933/2/186 935/2/167 932/2/183
f 950/3/245 949/3/244 948/3/243
f 949/3/244 950/3/245 951/3/246
f 948/3/249 949/3/248 950/3/247
f 951/3/250 950/3/247 949/3/248
f 947/3/187 927/3/173 929/3/188
f 927/3/173 947/3/187 925/3/174
f 929/3/190 927/3/175 947/3/189
f 925/3/178 947/3/189 927/3/175
f 952/1/257 951/3/246 950/3/245
f 951/3/246 952/1/257 953/1/252
f 950/3/247 951/3/250 952/1/258
f 953/1/254 952/1/258 951/3/250
f 956/1/211 955/3/235 954/1/236
f 955/3/235 956/1/211 957/3/212
f 954/1/237 955/3/238 956/1/217
f 957/3/216 956/1/217 955/3/238
f 952/1/257 948/3/243 958/1/255
f 948/3/243 952/1/257 950/3/245
f 958/1/256 948/3/249 952/1/258
f 950/3/247 952/1/258 948/3/249
f 951/3/246 959/1/251 949/3/244
f 959/1/251 951/3/246 953/1/252
f 949/3/248 959/1/253 951/3/250
f 953/1/254 951/3/250 959/1/253
f 962/3/220 961/1/213 960/1/219
f 961/1/213 962/3/220 963/3/214
f 960/1/221 961/1/215 962/3/222
f 963/3/218 962/3/222 961/1/215
f 948/3/243 959/1/251 958/1/255
f 959/1/251 948/3/243 949/3/244
f 958/1/256 959/1/253 948/3/249
f 949/3/248 948/3/249 959/1/253
f 954/1/236 962/3/220 960/1/219
f 962/3/220 954/1/236 955/3/235
f 960/1/221 962/3/222 954/1/237
f 955/3/238 954/1/237 962/3/222
f 957/3/212 961/1/213 963/3/214
f 961/1/213 957/3/212 956/1/211
f 963/3/218 961/1/215 957/3/216
f 956/1/217 957/3/216 961/1/215
f 955/3/235 963/3/214 962/3/220
f 963/3/214 955/3/235 957/3/212
f 962/3/222 963/3/218 955/3/238
f 957/3/216 955/3/238 963/3/218
f 947/3/187 928/1/193 946/1/191
f 928/1/193 947/3/187 929/3/188
f 946/1/192 928/1/194 947/3/189
f 929/3/190 947/3/189 928/1/194
f 966/1/29 965/3/26 964/1/31
f 965/3/26 966/1/29 967/3/25
f 964/1/32 965/3/28 966/1/30
f 967/3/27 966/1/30 965/3/28
f 969/3/12 966/1/29 968/1/10
f 966/1/29 969/3/12 967/3/25
f 968/1/14 966/1/30 969/3/16
f 967/3/27 969/3/16 966/1/30
f 972/2/3 971/1/2 970/1/1
f 971/1/2 972/2/3 973/2/4
f 970/1/7 971/1/6 972/2/5
f 973/2/8 972/2/5 971/1/6
f 971/1/2 975/2/19 974/1/17
f 975/2/19 971/1/2 973/2/4
f 974/1/23 975/2/21 971/1/6
f 973/2/8 971/1/6 975/2/21
f 978/1/79 977/2/63 976/1/61
f 977/2/63 978/1/79 979/2/70
f 976/1/67 977/2/65 978/1/80
f 979/2/72 978/1/80 977/2/65
f 977/2/63 981/2/69 980/2/64
f 981/2/69 977/2/63 979/2/70
f 980/2/68 981/2/71 977/2/65
f 979/2/72 977/2/65 981/2/71
f 981/2/69 978/1/79 982/1/77
f 978/1/79 981/2/69 979/2/70
f 982/1/78 978/1/80 981/2/71
f 979/2/72 981/2/71 978/1/80
f 977/2/63 983/1/62 976/1/61
f 983/1/62 977/2/63 980/2/64
f 976/1/67 983/1/66 977/2/65
f 980/2/68 977/2/65 983/1/66
f 980/2/64 982/1/77 983/1/62
f 982/1/77 980/2/64 981/2/69
f 983/1/66 982/1/78 980/2/68
f 981/2/71 980/2/68 982/1/78
f 985/2/20 970/1/1 984/1/18
f 970/1/1 985/2/20 972/2/3
f 984/1/22 970/1/7 985/2/24
f 972/2/5 985/2/24 970/1/7
f 965/3/26 986/1/9 964/1/31
f 986/1/9 965/3/26 987/3/11
f 964/1/32 986/1/15 965/3/28
f 987/3/13 965/3/28 986/1/15
f 975/2/19 984/1/18 974/1/17
f 984/1/18 975/2/19 985/2/20
f 974/1/23 984/1/22 975/2/21
f 985/2/24 975/2/21 984/1/22
f 975/2/19 972/2/3 985/2/20
f 972/2/3 975/2/19 973/2/4
f 985/2/24 972/2/5 975/2/21
f 973/2/8 975/2/21 972/2/5
f 990/3/35 989/3/34 988/3/33
f 989/3/34 990/3/35 991/3/36
f 988/3/39 989/3/38 990/3/37
f 991/3/40 990/3/37 989/3/38
f 987/3/11 967/3/25 969/3/12
f 967/3/25 987/3/11 965/3/26
f 969/3/16 967/3/27 987/3/13
f 965/3/28 987/3/13 967/3/27
f 992/1/47 991/3/36 990/3/35
f 991/3/36 992/1/47 993/1/42
f 990/3/37 991/3/40 992/1/48
f 993/1/44 992/1/48 991/3/40
f 996/1/57 995/3/52 994/1/51
f 995/3/52 996/1/57 997/3/58
f 994/1/53 995/3/56 996/1/59
f 997/3/60 996/1/59 995/3/56
f 992/1/47 988/3/33 998/1/45
f 988/3/33 992/1/47 990/3/35
f 998/1/46 988/3/39 992/1/48
f 990/3/37 992/1/48 988/3/39
f 991/3/36 999/1/41 989/3/34
f 999/1/41 991/3/36 993/1/42
f 989/3/38 999/1/43 991/3/40
f 993/1/44 991/3/40 999/1/43
f 1002/3/50 1001/1/74 1000/1/49
f 1001/1/74 1002/3/50 1003/3/73
f 1000/1/55 1001/1/75 1002/3/54
f 1003/3/76 1002/3/54 1001/1/75
f 988/3/33 999/1/41 998/1/45
f 999/1/41 988/3/33 989/3/34
f 998/1/46 999/1/43 988/3/39
f 989/3/38 988/3/39 999/1/43
f 994/1/51 1002/3/50 1000/1/49
f 1002/3/50 994/1/51 995/3/52
f 1000/1/55 1002/3/54 994/1/53
f 995/3/56 994/1/53 1002/3/54
f 997/3/58 1001/1/74 1003/3/73
f 1001/1/74 997/3/58 996/1/57
f 1003/3/76 1001/1/75 997/3/60
f 996/1/59 997/3/60 1001/1/75
f 995/3/52 1003/3/73 1002/3/50
f 1003/3/73 995/3/52 997/3/58
f 1002/3/54 1003/3/76 995/3/56
f 997/3/60 995/3/56 1003/3/76
f 987/3/11 968/1/10 986/1/9
f 968/1/10 987/3/11 969/3/12
f 986/1/15 968/1/14 987/3/13
f 969/3/16 987/3/13 968/1/14
f 1006/1/111 1005/3/108 1004/1/113
f 1005/3/108 1006/1/111 1007/3/107
f 1004/1/114 1005/3/110 1006/1/112
f 1007/3/109 1006/1/112 1005/3/110
f 1009/3/94 1006/1/111 1008/1/92
f 1006/1/111 1009/3/94 1007/3/107
f 1008/1/96 1006/1/112 1009/3/98
f 1007/3/109 1009/3/98 1006/1/112
f 1012/2/85 1011/1/84 1010/1/83
f 1011/1/84 1012/2/85 1013/2/86
f 1010/1/89 1011/1/88 1012/2/87
f 1013/2/90 1012/2/87 1011/1/88
f 1011/1/84 1015/2/101 1014/1/99
f 1015/2/101 1011/1/84 1013/2/86
f 1014/1/105 1015/2/103 1011/1/88
f 1013/2/90 1011/1/88 1015/2/103
f 1018/1/161 1017/2/145 1016/1/143
f 1017/2/145 1018/1/161 1019/2/152
f 1016/1/149 1017/2/147 1018/1/162
f 1019/2/154 1018/1/162 1017/2/147
f 1017/2/145 1021/2/151 1020/2/146
f 1021/2/151 1017/2/145 1019/2/152
f 1020/2/150 1021/2/153 1017/2/147
f 1019/2/154 1017/2/147 1021/2/153
f 1021/2/151 1018/1/161 1022/1/159
f 1018/1/161 1021/2/151 1019/2/152
f 1022/1/160 1018/1/162 1021/2/153
f 1019/2/154 1021/2/153 1018/1/162
f 1017/2/145 1023/1/144 1016/1/143
f 1023/1/144 1017/2/145 1020/2/146
f 1016/1/149 1023/1/148 1017/2/147
f 1020/2/150 1017/2/147 1023/1/148
f 1020/2/146 1022/1/159 1023/1/144
f 1022/1/159 1020/2/146 1021/2/151
f 1023/1/148 1022/1/160 1020/2/150
f 1021/2/153 1020/2/150 1022/1/160
f 1025/2/102 1010/1/83 1024/1/100
f 1010/1/83 1025/2/102 1012/2/85
f 1024/1/104 1010/1/89 1025/2/106
f 1012/2/87 1025/2/106 1010/1/89
f 1005/3/108 1026/1/91 1004/1/113
f 1026/1/91 1005/3/108 1027/3/93
f 1004/1/114 1026/1/97 1005/3/110
f 1027/3/95 1005/3/110 1026/1/97
f 1015/2/101 1024/1/100 1014/1/99
f 1024/1/100 1015/2/101 1025/2/102
f 1014/1/105 1024/1/104 1015/2/103
f 1025/2/106 1015/2/103 1024/1/104
f 1015/2/101 1012/2/85 1025/2/102
f 1012/2/85 1015/2/101 1013/2/86
f 1025/2/106 1012/2/87 1015/2/103
f 1013/2/90 1015/2/103 1012/2/87
f 1030/3/117 1029/3/116 1028/3/115
f 1029/3/116 1030/3/117 1031/3/118
f 1028/3/121 1029/3/120 1030/3/119
f 1031/3/122 1030/3/119 1029/3/120
f 1027/3/93 1007/3/107 1009/3/94
f 1007/3/107 1027/3/93 1005/3/108
f 1009/3/98 1007/3/109 1027/3/95
f 1005/3/110 1027/3/95 1007/3/109
f 1032/1/129 1031/3/118 1030/3/117
f 1031/3/118 1032/1/129 1033/1/124
f 1030/3/119 1031/3/122 1032/1/130
f 1033/1/126 1032/1/130 1031/3/122
f 1036/1/139 1035/3/134 1034/1/133
f 1035/3/134 1036/1/139 1037/3/140
f 1034/1/135 1035/3/138 1036/1/141
f 1037/3/142 1036/1/141 1035/3/138
f 1032/1/129 1028/3/115 1038/1/127
f 1028/3/115 1032/1/129 1030/3/117
f 1038/1/128 1028/3/121 1032/1/130
f 1030/3/119 1032/1/130 1028/3/121
f 1031/3/118 1039/1/123 1029/3/116
f 1039/1/123 1031/3/118 1033/1/124
f 1029/3/120 1039/1/125 1031/3/122
f 1033/1/126 1031/3/122 1039/1/125
f 1042/3/132 1041/1/156 1040/1/131
f 1041/1/156 1042/3/132 1043/3/155
f 1040/1/137 1041/1/157 1042/3/136
f 1043/3/158 1042/3/136 1041/1/157
f 1028/3/115 1039/1/123 1038/1/127
f 1039/1/123 1028/3/115 1029/3/116
f 1038/1/128 1039/1/125 1028/3/121
f 1029/3/120 1028/3/121 1039/1/125
f 1034/1/133 1042/3/132 1040/1/131
f 1042/3/132 1034/1/133 1035/3/134
f 1040/1/137 1042/3/136 1034/1/135
f 1035/3/138 1034/1/135 1042/3/136
f 1037/3/140 1041/1/156 1043/3/155
f 1041/1/156 1037/3/140 1036/1/139
f 1043/3/158 1041/1/157 1037/3/142
f 1036/1/141 1037/3/142 1041/1/157
f 1035/3/134 1043/3/155 1042/3/132
f 1043/3/155 1035/3/134 1037/3/140
f 1042/3/136 1043/3/158 1035/3/138
f 1037/3/142 1035/3/138 1043/3/158
f 1027/3/93 1008/1/92 1026/1/91
f 1008/1/92 1027/3/93 1009/3/94
f 1026/1/97 1008/1/96 1027/3/95
f 1009/3/98 1027/3/95 1008/1/96
f 1046/9/81 1045/9/81 1044/9/81
f 1045/9/81 1046/9/81 1047/9/81
f 1045/9/81 1047/9/81 1048/9/81
f 1048/9/81 1047/9/81 1049/9/81
f 1048/9/81 1049/9/81 1050/9/81
f 1050/9/81 1049/9/81 1051/9/81
f 1050/9/81 1051/9/81 1052/9/81
f 1052/9/81 1051/9/81 1053/9/81
f 1044/9/82 1045/9/82 1046/9/82
f 1047/9/82 1046/9/82 1045/9/82
f 1048/9/82 1047/9/82 1045/9/82
f 1049/9/82 1047/9/82 1048/9/82
f 1050/9/82 1049/9/82 1048/9/82
f 1051/9/82 1049/9/82 1050/9/82
f 1052/9/82 1051/9/82 1050/9/82
f 1053/9/82 1051/9/82 1052/9/82
f 1046/9/339 1055/10/339 1054/10/339
f 1055/10/339 1046/9/339 1044/9/339
f 1054/10/340 1055/10/340 1046/9/340
f 1044/9/340 1046/9/340 1055/10/340
f 1056/10/342 1046/9/341 1054/10/341
f 1046/9/341 1056/10/342 1047/9/342
f 1054/10/344 1046/9/344 1056/10/343
f 1047/9/343 1056/10/343 1046/9/344
f 1057/10/345 1047/9/342 1056/10/342
f 1047/9/342 1057/10/345 1049/9/345
f 1056/10/343 1047/9/343 1057/10/346
f 1049/9/346 1057/10/346 1047/9/343
f 1051/9/347 1057/10/345 1058/10/347
f 1057/10/345 1051/9/347 1049/9/345
f 1058/10/348 1057/10/346 1051/9/348
f 1049/9/346 1051/9/348 1057/10/346
f 1053/9/349 1058/10/347 1059/10/349
f 1058/10/347 1053/9/349 1051/9/347
f 1059/10/350 1058/10/348 1053/9/350
f 1051/9/348 1053/9/350 1058/10/348
f 1060/10/351 1053/9/351 1059/10/351
f 1053/9/351 1060/10/351 1052/9/351
f 1059/10/352 1053/9/352 1060/10/352
f 1052/9/352 1060/10/352 1053/9/352
f 1050/9/348 1060/10/353 1061/10/348
f 1060/10/353 1050/9/348 1052/9/353
f 1061/10/347 1060/10/354 1050/9/347
f 1052/9/354 1050/9/347 1060/10/354
f 1048/9/346 1061/10/348 1062/10/346
f 1061/10/348 1048/9/346 1050/9/348
f 1062/10/345 1061/10/347 1048/9/345
f 1050/9/347 1048/9/345 1061/10/347
f 1048/9/346 1063/10/343 1045/9/343
f 1063/10/343 1048/9/346 1062/10/346
f 1045/9/342 1063/10/342 1048/9/345
f 1062/10/345 1048/9/345 1063/10/342
f 1045/9/343 1055/10/344 1044/9/344
f 1055/10/344 1045/9/343 1063/10/343
f 1044/9/341 1055/10/341 1045/9/342
f 1063/10/342 1045/9/342 1055/10/341
f 1066/9/81 1065/9/81 1064/9/81
f 1065/9/81 1066/9/81 1067/9/81
f 1065/9/81 1067/9/81 1068/9/81
f 1068/9/81 1067/9/81 1069/9/81
f 1068/9/81 1069/9/81 1070/9/81
f 1070/9/81 1069/9/81 1071/9/81
f 1070/9/81 1071/9/81 1072/9/81
f 1072/9/81 1071/9/81 1073/9/81
f 1064/9/82 1065/9/82 1066/9/82
f 1067/9/82 1066/9/82 1065/9/82
f 1068/9/82 1067/9/82 1065/9/82
f 1069/9/82 1067/9/82 1068/9/82
f 1070/9/82 1069/9/82 1068/9/82
f 1071/9/82 1069/9/82 1070/9/82
f 1072/9/82 1071/9/82 1070/9/82
f 1073/9/82 1071/9/82 1072/9/82
f 1066/9/355 1075/10/355 1074/10/355
f 1075/10/355 1066/9/355 1064/9/355
f 1074/10/356 1075/10/356 1066/9/356
f 1064/9/356 1066/9/356 1075/10/356
f 1076/10/358 1066/9/357 1074/10/357
f 1066/9/357 1076/10/358 1067/9/358
f 1074/10/360 1066/9/360 1076/10/359
f 1067/9/359 1076/10/359 1066/9/360
f 1077/10/361 1067/9/358 1076/10/358
f 1067/9/358 1077/10/361 1069/9/361
f 1076/10/359 1067/9/359 1077/10/362
f 1069/9/362 1077/10/362 1067/9/359
f 1071/9/363 1077/10/361 1078/10/363
f 1077/10/361 1071/9/363 1069/9/361
f 1078/10/364 1077/10/362 1071/9/364
f 1069/9/362 1071/9/364 1077/10/362
f 1073/9/365 1078/10/363 1079/10/365
f 1078/10/363 1073/9/365 1071/9/363
f 1079/10/366 1078/10/364 1073/9/366
f 1071/9/364 1073/9/366 1078/10/364
f 1080/10/367 1073/9/367 1079/10/367
f 1073/9/367 1080/10/367 1072/9/367
f 1079/10/368 1073/9/368 1080/10/368
f 1072/9/368 1080/10/368 1073/9/368
f 1070/9/364 1080/10/369 1081/10/364
f 1080/10/369 1070/9/364 1072/9/369
f 1081/10/363 1080/10/370 1070/9/363
f 1072/9/370 1070/9/363 1080/10/370
f 1068/9/362 1081/10/364 1082/10/362
f 1081/10/364 1068/9/362 1070/9/364
f 1082/10/361 1081/10/363 1068/9/361
f 1070/9/363 1068/9/361 1081/10/363
f 1068/9/362 1083/10/359 1065/9/359
f 1083/10/359 1068/9/362 1082/10/362
f 1065/9/358 1083/10/358 1068/9/361
f 1082/10/361 1068/9/361 1083/10/358
f 1065/9/359 1075/10/360 1064/9/360
f 1075/10/360 1065/9/359 1083/10/359
f 1064/9/357 1075/10/357 1065/9/358
f 1083/10/358 1065/9/358 1075/10/357
f 1086/9/81 1085/9/81 1084/9/81
f 1085/9/81 1086/9/81 1087/9/81
f 1085/9/81 1087/9/81 1088/9/81
f 1088/9/81 1087/9/81 1089/9/81
f 1088/9/81 1089/9/81 1090/9/81
f 1090/9/81 1089/9/81 1091/9/81
f 1090/9/81 1091/9/81 1092/9/81
f 1092/9/81 1091/9/81 1093/9/81
f 1084/9/82 1085/9/82 1086/9/82
f 1087/9/82 1086/9/82 1085/9/82
f 1088/9/82 1087/9/82 1085/9/82
f 1089/9/82 1087/9/82 1088/9/82
f 1090/9/82 1089/9/82 1088/9/82
f 1091/9/82 1089/9/82 1090/9/82
f 1092/9/82 1091/9/82 1090/9/82
f 1093/9/82 1091/9/82 1092/9/82
f 1086/9/371 1095/10/371 1094/10/371
f 1095/10/371 1086/9/371 1084/9/371
f 1094/10/372 1095/10/372 1086/9/372
f 1084/9/372 1086/9/372 1095/10/372
f 1096/10/374 1086/9/373 1094/10/373
f 1086/9/373 1096/10/374 1087/9/374
f 1094/10/376 1086/9/376 1096/10/375
f 1087/9/375 1096/10/375 1086/9/376
f 1097/10/377 1087/9/374 1096/10/374
f 1087/9/374 1097/10/377 1089/9/377
f 1096/10/375 1087/9/375 1097/10/378
f 1089/9/378 1097/10/378 1087/9/375
f 1091/9/379 1097/10/377 1098/10/379
f 1097/10/377 1091/9/379 1089/9/377
f 1098/10/380 1097/10/378 1091/9/380
f 1089/9/378 1091/9/380 1097/10/378
f 1093/9/381 1098/10/379 1099/10/381
f 1098/10/379 1093/9/381 1091/9/379
f 1099/10/382 1098/10/380 1093/9/382
f 1091/9/380 1093/9/382 1098/10/380
f 1100/10/383 1093/9/383 1099/10/383
f 1093/9/383 1100/10/383 1092/9/383
f 1099/10/384 1093/9/384 1100/10/384
f 1092/9/384 1100/10/384 1093/9/384
f 1090/9/380 1100/10/385 1101/10/380
f 1100/10/385 1090/9/380 1092/9/385
f 1101/10/379 1100/10/386 1090/9/379
f 1092/9/386 1090/9/379 1100/10/386
f 1088/9/378 1101/10/380 1102/10/378
f 1101/10/380 1088/9/378 1090/9/380
f 1102/10/377 1101/10/379 1088/9/377
f 1090/9/379 1088/9/377 1101/10/379
f 1088/9/378 1103/10/375 1085/9/375
f 1103/10/375 1088/9/378 1102/10/378
f 1085/9/374 1103/10/374 1088/9/377
f 1102/10/377 1088/9/377 1103/10/374
f 1085/9/375 1095/10/376 1084/9/376
f 1095/10/376 1085/9/375 1103/10/375
f 1084/9/373 1095/10/373 1085/9/374
f 1103/10/374 1085/9/374 1095/10/373
f 1106/9/81 1105/9/81 1104/9/81
f 1105/9/81 1106/9/81 1107/9/81
f 1105/9/81 1107/9/81 1108/9/81
f 1108/9/81 1107/9/81 1109/9/81
f 1108/9/81 1109/9/81 1110/9/81
f 1110/9/81 1109/9/81 1111/9/81
f 1110/9/81 1111/9/81 1112/9/81
f 1112/9/81 1111/9/81 1113/9/81
f 1104/9/82 1105/9/82 1106/9/82
f 1107/9/82 1106/9/82 1105/9/82
f 1108/9/82 1107/9/82 1105/9/82
f 1109/9/82 1107/9/82 1108/9/82
f 1110/9/82 1109/9/82 1108/9/82
f 1111/9/82 1109/9/82 1110/9/82
f 1112/9/82 1111/9/82 1110/9/82
f 1113/9/82 1111/9/82 1112/9/82
f 1106/9/387 1115/10/387 1114/10/387
f 1115/10/387 1106/9/387 1104/9/387
f 1114/10/388 1115/10/388 1106/9/388
f 1104/9/388 1106/9/388 1115/10/388
f 1116/10/375 1106/9/376 1114/10/376
f 1106/9/376 1116/10/375 1107/9/375
f 1114/10/373 1106/9/373 1116/10/374
f 1107/9/374 1116/10/374 1106/9/373
f 1117/10/378 1107/9/375 1116/10/375
f 1107/9/375 1117/10/378 1109/9/378
f 1116/10/374 1107/9/374 1117/10/377
f 1109/9/377 1117/10/377 1107/9/374
f 1111/9/380 1117/10/378 1118/10/380
f 1117/10/378 1111/9/380 1109/9/378
f 1118/10/379 1117/10/377 1111/9/379
f 1109/9/377 1111/9/379 1117/10/377
f 1113/9/382 1118/10/380 1119/10/382
f 1118/10/380 1113/9/382 1111/9/380
f 1119/10/381 1118/10/379 1113/9/381
f 1111/9/379 1113/9/381 1118/10/379
f 1120/10/389 1113/9/389 1119/10/389
f 1113/9/389 1120/10/389 1112/9/389
f 1119/10/390 1113/9/390 1120/10/390
f 1112/9/390 1120/10/390 1113/9/390
f 1110/9/379 1120/10/386 1121/10/379
f 1120/10/386 1110/9/379 1112/9/386
f 1121/10/380 1120/10/385 1110/9/380
f 1112/9/385 1110/9/380 1120/10/385
f 1108/9/377 1121/10/379 1122/10/377
f 1121/10/379 1108/9/377 1110/9/379
f 1122/10/378 1121/10/380 1108/9/378
f 1110/9/380 1108/9/378 1121/10/380
f 1108/9/377 1123/10/374 1105/9/374
f 1123/10/374 1108/9/377 1122/10/377
f 1105/9/375 1123/10/375 1108/9/378
f 1122/10/378 1108/9/378 1123/10/375
f 1105/9/374 1115/10/373 1104/9/373
f 1115/10/373 1105/9/374 1123/10/374
f 1104/9/376 1115/10/376 1105/9/375
f 1123/10/375 1105/9/375 1115/10/376
f 1126/9/81 1125/9/81 1124/9/81
f 1125/9/81 1126/9/81 1127/9/81
f 1127/9/81 1126/9/81 1128/9/81
f 1124/9/82 1125/9/82 1126/9/82
f 1127/9/82 1126/9/82 1125/9/82
f 1128/9/82 1126/9/82 1127/9/82
f 1125/9/368 1129/10/368 1124/9/368
f 1129/10/368 1125/9/368 1130/10/368
f 1124/9/367 1129/10/367 1125/9/367
f 1130/10/367 1125/9/367 1129/10/367
f 1125/9/356 1131/10/356 1130/10/356
f 1131/10/356 1125/9/356 1127/9/356
f 1130/10/355 1131/10/355 1125/9/355
f 1127/9/355 1125/9/355 1131/10/355
f 1131/10/392 1128/9/391 1132/10/391
f 1128/9/391 1131/10/392 1127/9/392
f 1132/10/394 1128/9/394 1131/10/393
f 1127/9/393 1131/10/393 1128/9/394
f 1132/10/391 1126/9/395 1133/10/395
f 1126/9/395 1132/10/391 1128/9/391
f 1133/10/396 1126/9/396 1132/10/394
f 1128/9/394 1132/10/394 1126/9/396
f 1133/10/395 1124/9/397 1129/10/397
f 1124/9/397 1133/10/395 1126/9/395
f 1129/10/398 1124/9/398 1133/10/396
f 1126/9/396 1133/10/396 1124/9/398
f 1135/9/81 1084/9/81 1134/9/81
f 1084/9/81 1135/9/81 1136/9/81
f 1136/9/81 1135/9/81 1137/9/81
f 1134/9/82 1084/9/82 1135/9/82
f 1136/9/82 1135/9/82 1084/9/82
f 1137/9/82 1135/9/82 1136/9/82
f 1084/9/399 1138/10/399 1134/9/399
f 1138/10/399 1084/9/399 1095/10/399
f 1134/9/400 1138/10/400 1084/9/400
f 1095/10/400 1084/9/400 1138/10/400
f 1084/9/401 1139/10/401 1095/10/401
f 1139/10/401 1084/9/401 1136/9/401
f 1095/10/402 1139/10/402 1084/9/402
f 1136/9/402 1084/9/402 1139/10/402
f 1139/10/404 1137/9/403 1140/10/403
f 1137/9/403 1139/10/404 1136/9/404
f 1140/10/406 1137/9/406 1139/10/405
f 1136/9/405 1139/10/405 1137/9/406
f 1140/10/403 1135/9/407 1141/10/407
f 1135/9/407 1140/10/403 1137/9/403
f 1141/10/408 1135/9/408 1140/10/406
f 1137/9/406 1140/10/406 1135/9/408
f 1141/10/407 1134/9/409 1138/10/409
f 1134/9/409 1141/10/407 1135/9/407
f 1138/10/410 1134/9/410 1141/10/408
f 1135/9/408 1141/10/408 1134/9/410
f 1144/9/81 1143/9/81 1142/9/81
f 1143/9/81 1144/9/81 1145/9/81
f 1145/9/81 1144/9/81 1146/9/81
f 1142/9/82 1143/9/82 1144/9/82
f 1145/9/82 1144/9/82 1143/9/82
f 1146/9/82 1144/9/82 1145/9/82
f 1143/9/399 1147/10/399 1142/9/399
f 1147/10/399 1143/9/399 1148/10/399
f 1142/9/400 1147/10/400 1143/9/400
f 1148/10/400 1143/9/400 1147/10/400
f 1143/9/401 1149/10/401 1148/10/401
f 1149/10/401 1143/9/401 1145/9/401
f 1148/10/402 1149/10/402 1143/9/402
f 1145/9/402 1143/9/402 1149/10/402
f 1149/10/404 1146/9/403 1150/10/403
f 1146/9/403 1149/10/404 1145/9/404
f 1150/10/406 1146/9/406 1149/10/405
f 1145/9/405 1149/10/405 1146/9/406
f 1150/10/403 1144/9/407 1151/10/407
f 1144/9/407 1150/10/403 1146/9/403
f 1151/10/408 1144/9/408 1150/10/406
f 1146/9/406 1150/10/406 1144/9/408
f 1151/10/407 1142/9/409 1147/10/409
f 1142/9/409 1151/10/407 1144/9/407
f 1147/10/410 1142/9/410 1151/10/408
f 1144/9/408 1151/10/408 1142/9/410
f 1154/9/81 1153/9/81 1152/9/81
f 1153/9/81 1154/9/81 1155/9/81
f 1155/9/81 1154/9/81 1156/9/81
f 1152/9/82 1153/9/82 1154/9/82
f 1155/9/82 1154/9/82 1153/9/82
f 1156/9/82 1154/9/82 1155/9/82
f 1153/9/390 1157/10/390 1152/9/390
f 1157/10/390 1153/9/390 1158/10/390
f 1152/9/389 1157/10/389 1153/9/389
f 1158/10/389 1153/9/389 1157/10/389
f 1153/9/388 1159/10/388 1158/10/388
f 1159/10/388 1153/9/388 1155/9/388
f 1158/10/387 1159/10/387 1153/9/387
f 1155/9/387 1153/9/387 1159/10/387
f 1159/10/405 1156/9/406 1160/10/406
f 1156/9/406 1159/10/405 1155/9/405
f 1160/10/403 1156/9/403 1159/10/404
f 1155/9/404 1159/10/404 1156/9/403
f 1160/10/406 1154/9/408 1161/10/408
f 1154/9/408 1160/10/406 1156/9/406
f 1161/10/407 1154/9/407 1160/10/403
f 1156/9/403 1160/10/403 1154/9/407
f 1161/10/408 1152/9/410 1157/10/410
f 1152/9/410 1161/10/408 1154/9/408
f 1157/10/409 1152/9/409 1161/10/407
f 1154/9/407 1161/10/407 1152/9/409
f 1164/9/81 1163/9/81 1162/9/81
f 1163/9/81 1164/9/81 1165/9/81
f 1165/9/81 1164/9/81 1166/9/81
f 1162/9/82 1163/9/82 1164/9/82
f 1165/9/82 1164/9/82 1163/9/82
f 1166/9/82 1164/9/82 1165/9/82
f 1163/9/390 1167/10/390 1162/9/390
f 1167/10/390 1163/9/390 1168/10/390
f 1162/9/389 1167/10/389 1163/9/389
f 1168/10/389 1163/9/389 1167/10/389
f 1163/9/388 1169/10/388 1168/10/388
f 1169/10/388 1163/9/388 1165/9/388
f 1168/10/387 1169/10/387 1163/9/387
f 1165/9/387 1163/9/387 1169/10/387
f 1169/10/405 1166/9/406 1170/10/406
f 1166/9/406 1169/10/405 1165/9/405
f 1170/10/403 1166/9/403 1169/10/404
f 1165/9/404 1169/10/404 1166/9/403
f 1170/10/406 1164/9/408 1171/10/408
f 1164/9/408 1170/10/406 1166/9/406
f 1171/10/407 1164/9/407 1170/10/403
f 1166/9/403 1170/10/403 1164/9/407
f 1171/10/408 1162/9/410 1167/10/410
f 1162/9/410 1171/10/408 1164/9/408
f 1167/10/409 1162/9/409 1171/10/407
f 1164/9/407 1171/10/407 1162/9/409
f 1174/9/411 1173/10/412 1172/10/411
f 1173/10/412 1174/9/411 1175/9/412
f 1172/10/413 1173/10/414 1174/9/413
f 1175/9/414 1174/9/413 1173/10/414
f 1178/9/81 1177/9/81 1176/9/81
f 1177/9/81 1178/9/81 1175/9/81
f 1177/9/81 1175/9/81 1174/9/81
f 1176/9/82 1177/9/82 1178/9/82
f 1175/9/82 1178/9/82 1177/9/82
f 1174/9/82 1175/9/82 1177/9/82
f 1176/9/414 1180/10/414 1179/10/414
f 1180/10/414 1176/9/414 1177/9/414
f 1179/10/412 1180/10/412 1176/9/412
f 1177/9/412 1176/9/412 1180/10/412
f 1175/9/412 1181/10/415 1173/10/412
f 1181/10/415 1175/9/412 1178/9/415
f 1173/10/414 1181/10/416 1175/9/414
f 1178/9/416 1175/9/414 1181/10/416
f 1176/9/417 1181/10/417 1178/9/417
f 1181/10/417 1176/9/417 1179/10/417
f 1178/9/418 1181/10/418 1176/9/418
f 1179/10/418 1176/9/418 1181/10/418
f 1180/10/418 1174/9/418 1172/10/418
f 1174/9/418 1180/10/418 1177/9/418
f 1172/10/417 1174/9/417 1180/10/417
f 1177/9/417 1180/10/417 1174/9/417
f 1184/9/413 1183/10/387 1182/10/413
f 1183/10/387 1184/9/413 1185/9/387
f 1182/10/411 1183/10/388 1184/9/411
f 1185/9/388 1184/9/411 1183/10/388
f 1187/9/81 1064/9/81 1186/9/81
f 1064/9/81 1187/9/81 1185/9/81
f 1064/9/81 1185/9/81 1184/9/81
f 1186/9/82 1064/9/82 1187/9/82
f 1185/9/82 1187/9/82 1064/9/82
f 1184/9/82 1185/9/82 1064/9/82
f 1186/9/388 1075/10/388 1188/10/388
f 1075/10/388 1186/9/388 1064/9/388
f 1188/10/387 1075/10/387 1186/9/387
f 1064/9/387 1186/9/387 1075/10/387
f 1185/9/387 1189/10/416 1183/10/387
f 1189/10/416 1185/9/387 1187/9/416
f 1183/10/388 1189/10/415 1185/9/388
f 1187/9/415 1185/9/388 1189/10/415
f 1186/9/390 1189/10/390 1187/9/390
f 1189/10/390 1186/9/390 1188/10/390
f 1187/9/389 1189/10/389 1186/9/389
f 1188/10/389 1186/9/389 1189/10/389
f 1075/10/389 1184/9/389 1182/10/389
f 1184/9/389 1075/10/389 1064/9/389
f 1182/10/390 1184/9/390 1075/10/390
f 1064/9/390 1075/10/390 1184/9/390
f 1192/9/81 1191/9/81 1190/9/81
f 1191/9/81 1192/9/81 1193/9/81
f 1193/9/81 1192/9/81 1194/9/81
f 1190/9/82 1191/9/82 1192/9/82
f 1193/9/82 1192/9/82 1191/9/82
f 1194/9/82 1192/9/82 1193/9/82
f 1191/9/368 1195/10/368 1190/9/368
f 1195/10/368 1191/9/368 1196/10/368
f 1190/9/367 1195/10/367 1191/9/367
f 1196/10/367 1191/9/367 1195/10/367
f 1191/9/356 1197/10/356 1196/10/356
f 1197/10/356 1191/9/356 1193/9/356
f 1196/10/355 1197/10/355 1191/9/355
f 1193/9/355 1191/9/355 1197/10/355
f 1197/10/392 1194/9/391 1198/10/391
f 1194/9/391 1197/10/392 1193/9/392
f 1198/10/394 1194/9/394 1197/10/393
f 1193/9/393 1197/10/393 1194/9/394
f 1198/10/391 1192/9/395 1199/10/395
f 1192/9/395 1198/10/391 1194/9/391
f 1199/10/396 1192/9/396 1198/10/394
f 1194/9/394 1198/10/394 1192/9/396
f 1199/10/395 1190/9/397 1195/10/397
f 1190/9/397 1199/10/395 1192/9/395
f 1195/10/398 1190/9/398 1199/10/396
f 1192/9/396 1199/10/396 1190/9/398
f 1202/9/81 1201/9/81 1200/9/81
f 1201/9/81 1202/9/81 1203/9/81
f 1203/9/81 1202/9/81 1204/9/81
f 1200/9/82 1201/9/82 1202/9/82
f 1203/9/82 1202/9/82 1201/9/82
f 1204/9/82 1202/9/82 1203/9/82
f 1201/9/399 1205/10/399 1200/9/399
f 1205/10/399 1201/9/399 1206/10/399
f 1200/9/400 1205/10/400 1201/9/400
f 1206/10/400 1201/9/400 1205/10/400
f 1201/9/401 1207/10/401 1206/10/401
f 1207/10/401 1201/9/401 1203/9/401
f 1206/10/402 1207/10/402 1201/9/402
f 1203/9/402 1201/9/402 1207/10/402
f 1207/10/404 1204/9/403 1208/10/403
f 1204/9/403 1207/10/404 1203/9/404
f 1208/10/406 1204/9/406 1207/10/405
f 1203/9/405 1207/10/405 1204/9/406
f 1208/10/403 1202/9/407 1209/10/407
f 1202/9/407 1208/10/403 1204/9/403
f 1209/10/408 1202/9/408 1208/10/406
f 1204/9/406 1208/10/406 1202/9/408
f 1209/10/407 1200/9/409 1205/10/409
f 1200/9/409 1209/10/407 1202/9/407
f 1205/10/410 1200/9/410 1209/10/408
f 1202/9/408 1209/10/408 1200/9/410
f 1212/9/81 1211/9/81 1210/9/81
f 1211/9/81 1212/9/81 1213/9/81
f 1213/9/81 1212/9/81 1214/9/81
f 1210/9/82 1211/9/82 1212/9/82
f 1213/9/82 1212/9/82 1211/9/82
f 1214/9/82 1212/9/82 1213/9/82
f 1211/9/352 1215/10/352 1210/9/352
f 1215/10/352 1211/9/352 1216/10/352
f 1210/9/351 1215/10/351 1211/9/351
f 1216/10/351 1211/9/351 1215/10/351
f 1211/9/340 1217/10/340 1216/10/340
f 1217/10/340 1211/9/340 1213/9/340
f 1216/10/339 1217/10/339 1211/9/339
f 1213/9/339 1211/9/339 1217/10/339
f 1217/10/420 1214/9/419 1218/10/419
f 1214/9/419 1217/10/420 1213/9/420
f 1218/10/422 1214/9/422 1217/10/421
f 1213/9/421 1217/10/421 1214/9/422
f 1218/10/419 1212/9/423 1219/10/423
f 1212/9/423 1218/10/419 1214/9/419
f 1219/10/424 1212/9/424 1218/10/422
f 1214/9/422 1218/10/422 1212/9/424
f 1219/10/423 1210/9/425 1215/10/425
f 1210/9/425 1219/10/423 1212/9/423
f 1215/10/426 1210/9/426 1219/10/424
f 1212/9/424 1219/10/424 1210/9/426
f 1222/9/82 1221/9/82 1220/9/82
f 1223/9/82 1220/9/82 1221/9/82
f 1224/9/82 1223/9/82 1221/9/82
f 1225/9/82 1223/9/82 1224/9/82
f 1226/9/82 1225/9/82 1224/9/82
f 1227/9/82 1225/9/82 1226/9/82
f 1220/9/427 1228/10/427 1222/9/389
f 1229/10/389 1222/9/389 1228/10/427
f 1230/10/388 1228/10/428 1223/9/388
f 1220/9/428 1223/9/388 1228/10/428
f 1231/10/429 1230/10/388 1225/9/429
f 1223/9/388 1225/9/429 1230/10/388
f 1231/10/430 1225/9/430 1232/10/390
f 1227/9/390 1232/10/390 1225/9/430
f 1232/10/390 1227/9/390 1233/10/431
f 1226/9/431 1233/10/431 1227/9/390
f 1234/10/387 1233/10/432 1224/9/387
f 1226/9/432 1224/9/387 1233/10/432
f 1235/10/433 1234/10/387 1221/9/433
f 1224/9/387 1221/9/433 1234/10/387
f 1222/9/389 1229/10/389 1221/9/434
f 1235/10/434 1221/9/434 1229/10/389
f 1210/9/435 1236/10/339 1215/10/435
f 1236/10/339 1210/9/435 1237/9/339
f 1215/10/436 1236/10/340 1210/9/436
f 1237/9/340 1210/9/436 1236/10/340
f 1240/9/81 1239/9/81 1238/9/81
f 1239/9/81 1240/9/81 1237/9/81
f 1239/9/81 1237/9/81 1210/9/81
f 1238/9/82 1239/9/82 1240/9/82
f 1237/9/82 1240/9/82 1239/9/82
f 1210/9/82 1237/9/82 1239/9/82
f 1238/9/340 1242/10/340 1241/10/340
f 1242/10/340 1238/9/340 1239/9/340
f 1241/10/339 1242/10/339 1238/9/339
f 1239/9/339 1238/9/339 1242/10/339
f 1237/9/339 1243/10/437 1236/10/339
f 1243/10/437 1237/9/339 1240/9/437
f 1236/10/340 1243/10/438 1237/9/340
f 1240/9/438 1237/9/340 1243/10/438
f 1238/9/352 1243/10/352 1240/9/352
f 1243/10/352 1238/9/352 1241/10/352
f 1240/9/351 1243/10/351 1238/9/351
f 1241/10/351 1238/9/351 1243/10/351
f 1242/10/351 1210/9/351 1215/10/351
f 1210/9/351 1242/10/351 1239/9/351
f 1215/10/352 1210/9/352 1242/10/352
f 1239/9/352 1242/10/352 1210/9/352
f 1246/9/439 1245/10/355 1244/10/439
f 1245/10/355 1246/9/439 1247/9/355
f 1244/10/440 1245/10/356 1246/9/440
f 1247/9/356 1246/9/440 1245/10/356
f 1250/9/81 1249/9/81 1248/9/81
f 1249/9/81 1250/9/81 1247/9/81
f 1249/9/81 1247/9/81 1246/9/81
f 1248/9/82 1249/9/82 1250/9/82
f 1247/9/82 1250/9/82 1249/9/82
f 1246/9/82 1247/9/82 1249/9/82
f 1248/9/356 1252/10/356 1251/10/356
f 1252/10/356 1248/9/356 1249/9/356
f 1251/10/355 1252/10/355 1248/9/355
f 1249/9/355 1248/9/355 1252/10/355
f 1247/9/355 1253/10/441 1245/10/355
f 1253/10/441 1247/9/355 1250/9/441
f 1245/10/356 1253/10/442 1247/9/356
f 1250/9/442 1247/9/356 1253/10/442
f 1248/9/368 1253/10/368 1250/9/368
f 1253/10/368 1248/9/368 1251/10/368
f 1250/9/367 1253/10/367 1248/9/367
f 1251/10/367 1248/9/367 1253/10/367
f 1252/10/367 1246/9/367 1244/10/367
f 1246/9/367 1252/10/367 1249/9/367
f 1244/10/368 1246/9/368 1252/10/368
f 1249/9/368 1252/10/368 1246/9/368
f 1134/9/411 1254/10/443 1138/10/411
f 1254/10/443 1134/9/411 1255/9/443
f 1138/10/413 1254/10/444 1134/9/413
f 1255/9/444 1134/9/413 1254/10/444
f 1258/9/81 1257/9/81 1256/9/81
f 1257/9/81 1258/9/81 1255/9/81
f 1257/9/81 1255/9/81 1134/9/81
f 1256/9/82 1257/9/82 1258/9/82
f 1255/9/82 1258/9/82 1257/9/82
f 1134/9/82 1255/9/82 1257/9/82
f 1256/9/444 1260/10/444 1259/10/444
f 1260/10/444 1256/9/444 1257/9/444
f 1259/10/443 1260/10/443 1256/9/443
f 1257/9/443 1256/9/443 1260/10/443
f 1255/9/443 1261/10/415 1254/10/443
f 1261/10/415 1255/9/443 1258/9/415
f 1254/10/444 1261/10/416 1255/9/444
f 1258/9/416 1255/9/444 1261/10/416
f 1256/9/445 1261/10/445 1258/9/445
f 1261/10/445 1256/9/445 1259/10/445
f 1258/9/446 1261/10/446 1256/9/446
f 1259/10/446 1256/9/446 1261/10/446
f 1260/10/446 1134/9/446 1138/10/446
f 1134/9/446 1260/10/446 1257/9/446
f 1138/10/445 1134/9/445 1260/10/445
f 1257/9/445 1260/10/445 1134/9/445
f 1162/9/413 1262/10/387 1167/10/413
f 1262/10/387 1162/9/413 1263/9/387
f 1167/10/411 1262/10/388 1162/9/411
f 1263/9/388 1162/9/411 1262/10/388
f 1266/9/81 1265/9/81 1264/9/81
f 1265/9/81 1266/9/81 1263/9/81
f 1265/9/81 1263/9/81 1162/9/81
f 1264/9/82 1265/9/82 1266/9/82
f 1263/9/82 1266/9/82 1265/9/82
f 1162/9/82 1263/9/82 1265/9/82
f 1264/9/388 1268/10/388 1267/10/388
f 1268/10/388 1264/9/388 1265/9/388
f 1267/10/387 1268/10/387 1264/9/387
f 1265/9/387 1264/9/387 1268/10/387
f 1263/9/387 1269/10/416 1262/10/387
f 1269/10/416 1263/9/387 1266/9/416
f 1262/10/388 1269/10/415 1263/9/388
f 1266/9/415 1263/9/388 1269/10/415
f 1264/9/390 1269/10/390 1266/9/390
f 1269/10/390 1264/9/390 1267/10/390
f 1266/9/389 1269/10/389 1264/9/389
f 1267/10/389 1264/9/389 1269/10/389
f 1268/10/389 1162/9/389 1167/10/389
f 1162/9/389 1268/10/389 1265/9/389
f 1167/10/390 1162/9/390 1268/10/390
f 1265/9/390 1268/10/390 1162/9/390
f 1272/9/435 1271/10/339 1270/10/435
f 1271/10/339 1272/9/435 1273/9/339
f 1270/10/436 1271/10/340 1272/9/436
f 1273/9/340 1272/9/436 1271/10/340
f 1276/9/81 1275/9/81 1274/9/81
f 1275/9/81 1276/9/81 1273/9/81
f 1275/9/81 1273/9/81 1272/9/81
f 1274/9/82 1275/9/82 1276/9/82
f 1273/9/82 1276/9/82 1275/9/82
f 1272/9/82 1273/9/82 1275/9/82
f 1274/9/340 1278/10/340 1277/10/340
f 1278/10/340 1274/9/340 1275/9/340
f 1277/10/339 1278/10/339 1274/9/339
f 1275/9/339 1274/9/339 1278/10/339
f 1273/9/339 1279/10/437 1271/10/339
f 1279/10/437 1273/9/339 1276/9/437
f 1271/10/340 1279/10/438 1273/9/340
f 1276/9/438 1273/9/340 1279/10/438
f 1274/9/352 1279/10/352 1276/9/352
f 1279/10/352 1274/9/352 1277/10/352
f 1276/9/351 1279/10/351 1274/9/351
f 1277/10/351 1274/9/351 1279/10/351
f 1278/10/351 1272/9/351 1270/10/351
f 1272/9/351 1278/10/351 1275/9/351
f 1270/10/352 1272/9/352 1278/10/352
f 1275/9/352 1278/10/352 1272/9/352
f 1282/9/439 1281/10/355 1280/10/439
f 1281/10/355 1282/9/439 1283/9/355
f 1280/10/440 1281/10/356 1282/9/440
f 1283/9/356 1282/9/440 1281/10/356
f 1286/9/81 1285/9/81 1284/9/81
f 1285/9/81 1286/9/81 1283/9/81
f 1285/9/81 1283/9/81 1282/9/81
f 1284/9/82 1285/9/82 1286/9/82
f 1283/9/82 1286/9/82 1285/9/82
f 1282/9/82 1283/9/82 1285/9/82
f 1284/9/356 1288/10/356 1287/10/356
f 1288/10/356 1284/9/356 1285/9/356
f 1287/10/355 1288/10/355 1284/9/355
f 1285/9/355 1284/9/355 1288/10/355
f 1283/9/355 1289/10/441 1281/10/355
f 1289/10/441 1283/9/355 1286/9/441
f 1281/10/356 1289/10/442 1283/9/356
f 1286/9/442 1283/9/356 1289/10/442
f 1284/9/368 1289/10/368 1286/9/368
f 1289/10/368 1284/9/368 1287/10/368
f 1286/9/367 1289/10/367 1284/9/367
f 1287/10/367 1284/9/367 1289/10/367
f 1288/10/367 1282/9/367 1280/10/367
f 1282/9/367 1288/10/367 1285/9/367
f 1280/10/368 1282/9/368 1288/10/368
f 1285/9/368 1288/10/368 1282/9/368
f 1292/9/81 1291/9/81 1290/9/81
f 1291/9/81 1292/9/81 1293/9/81
f 1293/9/81 1292/9/81 1294/9/81
f 1290/9/82 1291/9/82 1292/9/82
f 1293/9/82 1292/9/82 1291/9/82
f 1294/9/82 1292/9/82 1293/9/82
f 1291/9/352 1295/10/352 1290/9/352
f 1295/10/352 1291/9/352 1296/10/352
f 1290/9/351 1295/10/351 1291/9/351
f 1296/10/351 1291/9/351 1295/10/351
f 1291/9/340 1297/10/340 1296/10/340
f 1297/10/340 1291/9/340 1293/9/340
f 1296/10/339 1297/10/339 1291/9/339
f 1293/9/339 1291/9/339 1297/10/339
f 1297/10/420 1294/9/419 1298/10/419
f 1294/9/419 1297/10/420 1293/9/420
f 1298/10/422 1294/9/422 1297/10/421
f 1293/9/421 1297/10/421 1294/9/422
f 1298/10/419 1292/9/423 1299/10/423
f 1292/9/423 1298/10/419 1294/9/419
f 1299/10/424 1292/9/424 1298/10/422
f 1294/9/422 1298/10/422 1292/9/424
f 1299/10/423 1290/9/425 1295/10/425
f 1290/9/425 1299/10/423 1292/9/423
f 1295/10/426 1290/9/426 1299/10/424
f 1292/9/424 1299/10/424 1290/9/426
f 1302/11/342 1301/12/341 1300/11/341
f 1301/12/341 1302/11/342 1303/12/342
f 1300/11/344 1301/12/344 1302/11/343
f 1303/12/343 1302/11/343 1301/12/344
f 1304/11/345 1303/12/342 1302/11/342
f 1303/12/342 1304/11/345 1305/12/345
f 1302/11/343 1303/12/343 1304/11/346
f 1305/12/346 1304/11/346 1303/12/343
f 1308/12/354 1307/11/347 1306/11/354
f 1307/11/347 1308/12/354 1309/12/347
f 1306/11/353 1307/11/348 1308/12/353
f 1309/12/348 1308/12/353 1307/11/348
f 1309/12/347 1304/11/345 1307/11/347
f 1304/11/345 1309/12/347 1305/12/345
f 1307/11/348 1304/11/346 1309/12/348
f 1305/12/346 1309/12/348 1304/11/346
f 1301/12/81 1311/12/81 1310/12/81
f 1311/12/81 1301/12/81 1303/12/81
f 1311/12/81 1303/12/81 1312/12/81
f 1312/12/81 1303/12/81 1305/12/81
f 1312/12/81 1305/12/81 1313/12/81
f 1313/12/81 1305/12/81 1309/12/81
f 1313/12/81 1309/12/81 1314/12/81
f 1314/12/81 1309/12/81 1308/12/81
f 1310/12/82 1311/12/82 1301/12/82
f 1303/12/82 1301/12/82 1311/12/82
f 1312/12/82 1303/12/82 1311/12/82
f 1305/12/82 1303/12/82 1312/12/82
f 1313/12/82 1305/12/82 1312/12/82
f 1309/12/82 1305/12/82 1313/12/82
f 1314/12/82 1309/12/82 1313/12/82
f 1308/12/82 1309/12/82 1314/12/82
f 1301/12/339 1044/11/339 1300/11/339
f 1044/11/339 1301/12/339 1310/12/339
f 1300/11/340 1044/11/340 1301/12/340
f 1310/12/340 1301/12/340 1044/11/340
f 1052/11/351 1308/12/351 1306/11/351
f 1308/12/351 1052/11/351 1314/12/351
f 1306/11/352 1308/12/352 1052/11/352
f 1314/12/352 1052/11/352 1308/12/352
f 1313/12/348 1052/11/353 1050/11/348
f 1052/11/353 1313/12/348 1314/12/353
f 1050/11/347 1052/11/354 1313/12/347
f 1314/12/354 1313/12/347 1052/11/354
f 1312/12/346 1050/11/348 1048/11/346
f 1050/11/348 1312/12/346 1313/12/348
f 1048/11/345 1050/11/347 1312/12/345
f 1313/12/347 1312/12/345 1050/11/347
f 1312/12/346 1045/11/343 1311/12/343
f 1045/11/343 1312/12/346 1048/11/346
f 1311/12/342 1045/11/342 1312/12/345
f 1048/11/345 1312/12/345 1045/11/342
f 1311/12/343 1044/11/344 1310/12/344
f 1044/11/344 1311/12/343 1045/11/343
f 1310/12/341 1044/11/341 1311/12/342
f 1045/11/342 1311/12/342 1044/11/341
f 1316/11/82 1315/11/82 41/11/82
f 1315/11/82 1316/11/82 42/11/82
f 1315/11/82 42/11/82 1317/11/82
f 1317/11/82 42/11/82 1318/11/82
f 1317/11/82 1318/11/82 1319/11/82
f 1319/11/82 1318/11/82 1320/11/82
f 1320/11/82 1318/11/82 44/11/82
f 1320/11/82 44/11/82 1321/11/82
f 41/11/81 1315/11/81 1316/11/81
f 42/11/81 1316/11/81 1315/11/81
f 1317/11/81 42/11/81 1315/11/81
f 1318/11/81 42/11/81 1317/11/81
f 1319/11/81 1318/11/81 1317/11/81
f 1320/11/81 1318/11/81 1319/11/81
f 44/11/81 1318/11/81 1320/11/81
f 1321/11/81 44/11/81 1320/11/81
f 1322/13/81 1063/13/81 1055/13/81
f 1063/13/81 1322/13/81 1062/13/81
f 1062/13/81 1322/13/81 1323/13/81
f 1062/13/81 1323/13/81 1061/13/81
f 1061/13/81 1323/13/81 1324/13/81
f 1061/13/81 1324/13/81 1325/13/81
f 1061/13/81 1325/13/81 1060/13/81
f 1060/13/81 1325/13/81 1326/13/81
f 1055/13/82 1063/13/82 1322/13/82
f 1062/13/82 1322/13/82 1063/13/82
f 1323/13/82 1322/13/82 1062/13/82
f 1061/13/82 1323/13/82 1062/13/82
f 1324/13/82 1323/13/82 1061/13/82
f 1325/13/82 1324/13/82 1061/13/82
f 1060/13/82 1325/13/82 1061/13/82
f 1326/13/82 1325/13/82 1060/13/82
f 1322/13/339 41/11/339 1315/11/339
f 41/11/339 1322/13/339 1055/13/339
f 1315/11/340 41/11/340 1322/13/340
f 1055/13/340 1322/13/340 41/11/340
f 1317/11/342 1322/13/341 1315/11/341
f 1322/13/341 1317/11/342 1323/13/342
f 1315/11/344 1322/13/344 1317/11/343
f 1323/13/343 1317/11/343 1322/13/344
f 1319/11/345 1323/13/342 1317/11/342
f 1323/13/342 1319/11/345 1324/13/345
f 1317/11/343 1323/13/343 1319/11/346
f 1324/13/346 1319/11/346 1323/13/343
f 1325/13/347 1319/11/345 1320/11/347
f 1319/11/345 1325/13/347 1324/13/345
f 1320/11/348 1319/11/346 1325/13/348
f 1324/13/346 1325/13/348 1319/11/346
f 1326/13/349 1320/11/347 1321/11/349
f 1320/11/347 1326/13/349 1325/13/347
f 1321/11/350 1320/11/348 1326/13/350
f 1325/13/348 1326/13/350 1320/11/348
f 44/11/351 1326/13/351 1321/11/351
f 1326/13/351 44/11/351 1060/13/351
f 1321/11/352 1326/13/352 44/11/352
f 1060/13/352 44/11/352 1326/13/352
f 1061/13/348 44/11/353 1318/11/348
f 44/11/353 1061/13/348 1060/13/353
f 1318/11/347 44/11/354 1061/13/347
f 1060/13/354 1061/13/347 44/11/354
f 1062/13/346 1318/11/348 42/11/346
f 1318/11/348 1062/13/346 1061/13/348
f 42/11/345 1318/11/347 1062/13/345
f 1061/13/347 1062/13/345 1318/11/347
f 1062/13/346 1316/11/343 1063/13/343
f 1316/11/343 1062/13/346 42/11/346
f 1063/13/342 1316/11/342 1062/13/345
f 42/11/345 1062/13/345 1316/11/342
f 1063/13/343 41/11/344 1055/13/344
f 41/11/344 1063/13/343 1316/11/343
f 1055/13/341 41/11/341 1063/13/342
f 1316/11/342 1063/13/342 41/11/341
f 1329/13/448 1328/11/447 1327/13/447
f 1328/11/447 1329/13/448 1330/11/448
f 1327/13/450 1328/11/450 1329/13/449
f 1330/11/449 1329/13/449 1328/11/450
f 1333/13/451 1332/11/452 1331/11/451
f 1332/11/452 1333/13/451 1334/13/452
f 1331/11/453 1332/11/454 1333/13/453
f 1334/13/454 1333/13/453 1332/11/454
f 1334/13/452 1335/11/455 1332/11/452
f 1335/11/455 1334/13/452 1336/13/455
f 1332/11/454 1335/11/456 1334/13/454
f 1336/13/456 1334/13/454 1335/11/456
f 1339/11/458 1338/13/457 1337/11/457
f 1338/13/457 1339/11/458 1340/13/458
f 1337/11/460 1338/13/460 1339/11/459
f 1340/13/459 1339/11/459 1338/13/460
f 1337/11/457 1333/13/451 1331/11/451
f 1333/13/451 1337/11/457 1338/13/457
f 1331/11/453 1333/13/453 1337/11/460
f 1338/13/460 1337/11/460 1333/13/453
f 1327/13/447 1335/11/455 1336/13/455
f 1335/11/455 1327/13/447 1328/11/447
f 1336/13/456 1335/11/456 1327/13/450
f 1328/11/450 1327/13/450 1335/11/456
f 1327/13/81 1340/13/81 1329/13/81
f 1340/13/81 1327/13/81 1336/13/81
f 1340/13/81 1336/13/81 1334/13/81
f 1340/13/81 1334/13/81 1333/13/81
f 1340/13/81 1333/13/81 1338/13/81
f 1329/13/82 1340/13/82 1327/13/82
f 1336/13/82 1327/13/82 1340/13/82
f 1334/13/82 1336/13/82 1340/13/82
f 1333/13/82 1334/13/82 1340/13/82
f 1338/13/82 1333/13/82 1340/13/82
f 1343/15/353 1342/14/353 1341/14/353
f 1342/14/353 1343/15/353 1344/15/353
f 1344/15/353 1343/15/353 1345/16/353
f 1344/15/353 1345/16/353 1346/16/353
f 1346/16/353 1345/16/353 1347/17/353
f 1346/16/353 1347/17/353 1348/17/353
f 1341/14/354 1342/14/354 1343/15/354
f 1344/15/354 1343/15/354 1342/14/354
f 1345/16/354 1343/15/354 1344/15/354
f 1346/16/354 1345/16/354 1344/15/354
f 1347/17/354 1345/16/354 1346/16/354
f 1348/17/354 1347/17/354 1346/16/354
f 1349/17/461 1346/16/462 1348/17/461
f 1346/16/462 1349/17/461 1350/16/462
f 1348/17/463 1346/16/464 1349/17/463
f 1350/16/464 1349/17/463 1346/16/464
f 1342/14/465 1351/14/463 1341/14/463
f 1351/14/463 1342/14/465 1352/14/465
f 1341/14/461 1351/14/461 1342/14/466
f 1352/14/466 1342/14/466 1351/14/461
f 1345/16/467 1354/15/464 1353/16/467
f 1354/15/464 1345/16/467 1343/15/464
f 1353/16/468 1354/15/462 1345/16/468
f 1343/15/462 1345/16/468 1354/15/462
f 1355/15/354 1351/14/354 1352/14/354
f 1351/14/354 1355/15/354 1354/15/354
f 1354/15/354 1355/15/354 1350/16/354
f 1354/15/354 1350/16/354 1353/16/354
f 1353/16/354 1350/16/354 1349/17/354
f 1353/16/354 1349/17/354 1356/17/354
f 1352/14/353 1351/14/353 1355/15/353
f 1354/15/353 1355/15/353 1351/14/353
f 1350/16/353 1355/15/353 1354/15/353
f 1353/16/353 1350/16/353 1354/15/353
f 1349/17/353 1350/16/353 1353/16/353
f 1356/17/353 1349/17/353 1353/16/353
f 1344/15/468 1350/16/462 1355/15/468
f 1350/16/462 1344/15/468 1346/16/462
f 1355/15/467 1350/16/464 1344/15/467
f 1346/16/464 1344/15/467 1350/16/464
f 1341/14/463 1354/15/464 1343/15/464
f 1354/15/464 1341/14/463 1351/14/463
f 1343/15/462 1354/15/462 1341/14/461
f 1351/14/461 1341/14/461 1354/15/462
f 1353/16/467 1347/17/466 1345/16/467
f 1347/17/466 1353/16/467 1356/17/466
f 1345/16/468 1347/17/465 1353/16/468
f 1356/17/465 1353/16/468 1347/17/465
f 1356/17/466 1348/17/461 1347/17/466
f 1348/17/461 1356/17/466 1349/17/461
f 1347/17/465 1348/17/463 1356/17/465
f 1349/17/463 1356/17/465 1348/17/463
f 1344/15/468 1352/14/465 1342/14/465
f 1352/14/465 1344/15/468 1355/15/468
f 1342/14/466 1352/14/466 1344/15/467
f 1355/15/467 1344/15/467 1352/14/466
f 1359/18/465 1358/18/463 1357/18/463
f 1358/18/463 1359/18/465 1360/18/465
f 1357/18/461 1358/18/461 1359/18/466
f 1360/18/466 1359/18/466 1358/18/461
f 1363/19/467 1362/20/466 1361/19/467
f 1362/20/466 1363/19/467 1364/20/466
f 1361/19/468 1362/20/465 1363/19/468
f 1364/20/465 1363/19/468 1362/20/465
f 1365/21/354 1358/18/354 1360/18/354
f 1358/18/354 1365/21/354 1366/21/354
f 1366/21/354 1365/21/354 1367/19/354
f 1366/21/354 1367/19/354 1363/19/354
f 1363/19/354 1367/19/354 1368/20/354
f 1363/19/354 1368/20/354 1364/20/354
f 1360/18/353 1358/18/353 1365/21/353
f 1366/21/353 1365/21/353 1358/18/353
f 1367/19/353 1365/21/353 1366/21/353
f 1363/19/353 1367/19/353 1366/21/353
f 1368/20/353 1367/19/353 1363/19/353
f 1364/20/353 1368/20/353 1363/19/353
f 1361/19/467 1366/21/464 1363/19/467
f 1366/21/464 1361/19/467 1369/21/464
f 1363/19/468 1366/21/462 1361/19/468
f 1369/21/462 1361/19/468 1366/21/462
f 1364/20/466 1370/20/461 1362/20/466
f 1370/20/461 1364/20/466 1368/20/461
f 1362/20/465 1370/20/463 1364/20/465
f 1368/20/463 1364/20/465 1370/20/463
f 1371/21/468 1367/19/462 1365/21/468
f 1367/19/462 1371/21/468 1372/19/462
f 1365/21/467 1367/19/464 1371/21/467
f 1372/19/464 1371/21/467 1367/19/464
f 1368/20/461 1372/19/462 1370/20/461
f 1372/19/462 1368/20/461 1367/19/462
f 1370/20/463 1372/19/464 1368/20/463
f 1367/19/464 1368/20/463 1372/19/464
f 1357/18/463 1366/21/464 1369/21/464
f 1366/21/464 1357/18/463 1358/18/463
f 1369/21/462 1366/21/462 1357/18/461
f 1358/18/461 1357/18/461 1366/21/462
f 1369/21/353 1359/18/353 1357/18/353
f 1359/18/353 1369/21/353 1371/21/353
f 1371/21/353 1369/21/353 1361/19/353
f 1371/21/353 1361/19/353 1372/19/353
f 1372/19/353 1361/19/353 1362/20/353
f 1372/19/353 1362/20/353 1370/20/353
f 1357/18/354 1359/18/354 1369/21/354
f 1371/21/354 1369/21/354 1359/18/354
f 1361/19/354 1369/21/354 1371/21/354
f 1372/19/354 1361/19/354 1371/21/354
f 1362/20/354 1361/19/354 1372/19/354
f 1370/20/354 1362/20/354 1372/19/354
f 1371/21/468 1360/18/465 1359/18/465
f 1360/18/465 1371/21/468 1365/21/468
f 1359/18/466 1360/18/466 1371/21/467
f 1365/21/467 1371/21/467 1360/18/466
f 1375/22/469 1374/22/470 1373/22/469
f 1374/22/470 1375/22/469 1376/22/470
f 1373/22/471 1374/22/472 1375/22/471
f 1376/22/472 1375/22/471 1374/22/472
f 1379/23/471 1378/23/472 1377/23/472
f 1378/23/472 1379/23/471 1380/23/471
f 1377/23/470 1378/23/470 1379/23/469
f 1380/23/469 1379/23/469 1378/23/470
f 1377/23/472 1382/24/473 1381/24/473
f 1382/24/473 1377/23/472 1378/23/472
f 1381/24/474 1382/24/474 1377/23/470
f 1378/23/470 1377/23/470 1382/24/474
f 1383/24/475 1380/23/471 1379/23/471
f 1380/23/471 1383/24/475 1384/24/475
f 1379/23/469 1380/23/469 1383/24/476
f 1384/24/476 1383/24/476 1380/23/469
f 1383/24/475 1385/25/474 1384/24/475
f 1385/25/474 1383/24/475 1386/25/474
f 1384/24/476 1385/25/473 1383/24/476
f 1386/25/473 1383/24/476 1385/25/473
f 1384/24/477 1378/23/477 1380/23/477
f 1378/23/477 1384/24/477 1382/24/477
f 1382/24/477 1384/24/477 1385/25/477
f 1382/24/477 1385/25/477 1387/25/477
f 1387/25/477 1385/25/477 1376/22/477
f 1387/25/477 1376/22/477 1375/22/477
f 1380/23/478 1378/23/478 1384/24/478
f 1382/24/478 1384/24/478 1378/23/478
f 1385/25/478 1384/24/478 1382/24/478
f 1387/25/478 1385/25/478 1382/24/478
f 1376/22/478 1385/25/478 1387/25/478
f 1375/22/478 1376/22/478 1387/25/478
f 1376/22/470 1386/25/474 1374/22/470
f 1386/25/474 1376/22/470 1385/25/474
f 1374/22/472 1386/25/473 1376/22/472
f 1385/25/473 1376/22/472 1386/25/473
f 1388/25/476 1382/24/473 1387/25/476
f 1382/24/473 1388/25/476 1381/24/473
f 1387/25/475 1382/24/474 1388/25/475
f 1381/24/474 1388/25/475 1382/24/474
f 1387/25/476 1373/22/469 1388/25/476
f 1373/22/469 1387/25/476 1375/22/469
f 1388/25/475 1373/22/471 1387/25/475
f 1375/22/471 1387/25/475 1373/22/471
f 1381/24/478 1379/23/478 1377/23/478
f 1379/23/478 1381/24/478 1383/24/478
f 1383/24/478 1381/24/478 1388/25/478
f 1383/24/478 1388/25/478 1386/25/478
f 1386/25/478 1388/25/478 1373/22/478
f 1386/25/478 1373/22/478 1374/22/478
f 1377/23/477 1379/23/477 1381/24/477
f 1383/24/477 1381/24/477 1379/23/477
f 1388/25/477 1381/24/477 1383/24/477
f 1386/25/477 1388/25/477 1383/24/477
f 1373/22/477 1388/25/477 1386/25/477
f 1374/22/477 1373/22/477 1386/25/477
f 1391/26/479 1390/27/480 1389/26/479
f 1390/27/480 1391/26/479 1392/27/480
f 1389/26/481 1390/27/482 1391/26/481
f 1392/27/482 1391/26/481 1390/27/482
f 1394/26/483 1389/26/479 1393/26/483
f 1389/26/479 1394/26/483 1391/26/479
f 1393/26/484 1389/26/481 1394/26/484
f 1391/26/481 1394/26/484 1389/26/481
f 1397/27/485 1396/28/482 1395/28/482
f 1396/28/482 1397/27/485 1398/27/485
f 1395/28/480 1396/28/480 1397/27/486
f 1398/27/486 1397/27/486 1396/28/480
f 1390/27/480 1400/28/486 1399/28/486
f 1400/28/486 1390/27/480 1392/27/480
f 1399/28/485 1400/28/485 1390/27/482
f 1392/27/482 1390/27/482 1400/28/485
f 1401/29/341 1397/27/341 1395/28/341
f 1397/27/341 1401/29/341 1394/26/341
f 1394/26/341 1401/29/341 1402/29/341
f 1394/26/341 1402/29/341 1391/26/341
f 1391/26/341 1402/29/341 1400/28/341
f 1391/26/341 1400/28/341 1392/27/341
f 1395/28/344 1397/27/344 1401/29/344
f 1394/26/344 1401/29/344 1397/27/344
f 1402/29/344 1401/29/344 1394/26/344
f 1391/26/344 1402/29/344 1394/26/344
f 1400/28/344 1402/29/344 1391/26/344
f 1392/27/344 1400/28/344 1391/26/344
f 1403/29/481 1395/28/482 1396/28/482
f 1395/28/482 1403/29/481 1401/29/481
f 1396/28/480 1395/28/480 1403/29/479
f 1401/29/479 1403/29/479 1395/28/480
f 1397/27/485 1393/26/483 1398/27/485
f 1393/26/483 1397/27/485 1394/26/483
f 1398/27/486 1393/26/484 1397/27/486
f 1394/26/484 1397/27/486 1393/26/484
f 1393/26/344 1396/28/344 1398/27/344
f 1396/28/344 1393/26/344 1403/29/344
f 1403/29/344 1393/26/344 1389/26/344
f 1403/29/344 1389/26/344 1404/29/344
f 1404/29/344 1389/26/344 1390/27/344
f 1404/29/344 1390/27/344 1399/28/344
f 1398/27/341 1396/28/341 1393/26/341
f 1403/29/341 1393/26/341 1396/28/341
f 1389/26/341 1393/26/341 1403/29/341
f 1404/29/341 1389/26/341 1403/29/341
f 1390/27/341 1389/26/341 1404/29/341
f 1399/28/341 1390/27/341 1404/29/341
f 1399/28/486 1402/29/484 1404/29/484
f 1402/29/484 1399/28/486 1400/28/486
f 1404/29/483 1402/29/483 1399/28/485
f 1400/28/485 1399/28/485 1402/29/483
f 1404/29/484 1401/29/481 1403/29/481
f 1401/29/481 1404/29/484 1402/29/484
f 1403/29/479 1401/29/479 1404/29/483
f 1402/29/483 1404/29/483 1401/29/479
f 1407/11/358 1406/12/357 1405/11/357
f 1406/12/357 1407/11/358 1408/12/358
f 1405/11/360 1406/12/360 1407/11/359
f 1408/12/359 1407/11/359 1406/12/360
f 1409/11/361 1408/12/358 1407/11/358
f 1408/12/358 1409/11/361 1410/12/361
f 1407/11/359 1408/12/359 1409/11/362
f 1410/12/362 1409/11/362 1408/12/359
f 1413/12/370 1412/11/363 1411/11/370
f 1412/11/363 1413/12/370 1414/12/363
f 1411/11/369 1412/11/364 1413/12/369
f 1414/12/364 1413/12/369 1412/11/364
f 1414/12/363 1409/11/361 1412/11/363
f 1409/11/361 1414/12/363 1410/12/361
f 1412/11/364 1409/11/362 1414/12/364
f 1410/12/362 1414/12/364 1409/11/362
f 1406/12/81 1416/12/81 1415/12/81
f 1416/12/81 1406/12/81 1408/12/81
f 1416/12/81 1408/12/81 1417/12/81
f 1417/12/81 1408/12/81 1410/12/81
f 1417/12/81 1410/12/81 1418/12/81
f 1418/12/81 1410/12/81 1414/12/81
f 1418/12/81 1414/12/81 1419/12/81
f 1419/12/81 1414/12/81 1413/12/81
f 1415/12/82 1416/12/82 1406/12/82
f 1408/12/82 1406/12/82 1416/12/82
f 1417/12/82 1408/12/82 1416/12/82
f 1410/12/82 1408/12/82 1417/12/82
f 1418/12/82 1410/12/82 1417/12/82
f 1414/12/82 1410/12/82 1418/12/82
f 1419/12/82 1414/12/82 1418/12/82
f 1413/12/82 1414/12/82 1419/12/82
f 1406/12/355 1064/11/355 1405/11/355
f 1064/11/355 1406/12/355 1415/12/355
f 1405/11/356 1064/11/356 1406/12/356
f 1415/12/356 1406/12/356 1064/11/356
f 1072/11/367 1413/12/367 1411/11/367
f 1413/12/367 1072/11/367 1419/12/367
f 1411/11/368 1413/12/368 1072/11/368
f 1419/12/368 1072/11/368 1413/12/368
f 1418/12/364 1072/11/369 1070/11/364
f 1072/11/369 1418/12/364 1419/12/369
f 1070/11/363 1072/11/370 1418/12/363
f 1419/12/370 1418/12/363 1072/11/370
f 1417/12/362 1070/11/364 1068/11/362
f 1070/11/364 1417/12/362 1418/12/364
f 1068/11/361 1070/11/363 1417/12/361
f 1418/12/363 1417/12/361 1070/11/363
f 1417/12/362 1065/11/359 1416/12/359
f 1065/11/359 1417/12/362 1068/11/362
f 1416/12/358 1065/11/358 1417/12/361
f 1068/11/361 1417/12/361 1065/11/358
f 1416/12/359 1064/11/360 1415/12/360
f 1064/11/360 1416/12/359 1065/11/359
f 1415/12/357 1064/11/357 1416/12/358
f 1065/11/358 1416/12/358 1064/11/357
f 1421/11/82 1420/11/82 85/11/82
f 1420/11/82 1421/11/82 86/11/82
f 1420/11/82 86/11/82 1422/11/82
f 1422/11/82 86/11/82 1423/11/82
f 1422/11/82 1423/11/82 1424/11/82
f 1424/11/82 1423/11/82 1425/11/82
f 1425/11/82 1423/11/82 88/11/82
f 1425/11/82 88/11/82 1426/11/82
f 85/11/81 1420/11/81 1421/11/81
f 86/11/81 1421/11/81 1420/11/81
f 1422/11/81 86/11/81 1420/11/81
f 1423/11/81 86/11/81 1422/11/81
f 1424/11/81 1423/11/81 1422/11/81
f 1425/11/81 1423/11/81 1424/11/81
f 88/11/81 1423/11/81 1425/11/81
f 1426/11/81 88/11/81 1425/11/81
f 1427/13/81 1083/13/81 1075/13/81
f 1083/13/81 1427/13/81 1082/13/81
f 1082/13/81 1427/13/81 1428/13/81
f 1082/13/81 1428/13/81 1081/13/81
f 1081/13/81 1428/13/81 1429/13/81
f 1081/13/81 1429/13/81 1430/13/81
f 1081/13/81 1430/13/81 1080/13/81
f 1080/13/81 1430/13/81 1431/13/81
f 1075/13/82 1083/13/82 1427/13/82
f 1082/13/82 1427/13/82 1083/13/82
f 1428/13/82 1427/13/82 1082/13/82
f 1081/13/82 1428/13/82 1082/13/82
f 1429/13/82 1428/13/82 1081/13/82
f 1430/13/82 1429/13/82 1081/13/82
f 1080/13/82 1430/13/82 1081/13/82
f 1431/13/82 1430/13/82 1080/13/82
f 1427/13/355 85/11/355 1420/11/355
f 85/11/355 1427/13/355 1075/13/355
f 1420/11/356 85/11/356 1427/13/356
f 1075/13/356 1427/13/356 85/11/356
f 1422/11/358 1427/13/357 1420/11/357
f 1427/13/357 1422/11/358 1428/13/358
f 1420/11/360 1427/13/360 1422/11/359
f 1428/13/359 1422/11/359 1427/13/360
f 1424/11/361 1428/13/358 1422/11/358
f 1428/13/358 1424/11/361 1429/13/361
f 1422/11/359 1428/13/359 1424/11/362
f 1429/13/362 1424/11/362 1428/13/359
f 1430/13/363 1424/11/361 1425/11/363
f 1424/11/361 1430/13/363 1429/13/361
f 1425/11/364 1424/11/362 1430/13/364
f 1429/13/362 1430/13/364 1424/11/362
f 1431/13/365 1425/11/363 1426/11/365
f 1425/11/363 1431/13/365 1430/13/363
f 1426/11/366 1425/11/364 1431/13/366
f 1430/13/364 1431/13/366 1425/11/364
f 88/11/367 1431/13/367 1426/11/367
f 1431/13/367 88/11/367 1080/13/367
f 1426/11/368 1431/13/368 88/11/368
f 1080/13/368 88/11/368 1431/13/368
f 1081/13/364 88/11/369 1423/11/364
f 88/11/369 1081/13/364 1080/13/369
f 1423/11/363 88/11/370 1081/13/363
f 1080/13/370 1081/13/363 88/11/370
f 1082/13/362 1423/11/364 86/11/362
f 1423/11/364 1082/13/362 1081/13/364
f 86/11/361 1423/11/363 1082/13/361
f 1081/13/363 1082/13/361 1423/11/363
f 1082/13/362 1421/11/359 1083/13/359
f 1421/11/359 1082/13/362 86/11/362
f 1083/13/358 1421/11/358 1082/13/361
f 86/11/361 1082/13/361 1421/11/358
f 1083/13/359 85/11/360 1075/13/360
f 85/11/360 1083/13/359 1421/11/359
f 1075/13/357 85/11/357 1083/13/358
f 1421/11/358 1083/13/358 85/11/357
f 1434/13/488 1433/11/487 1432/13/487
f 1433/11/487 1434/13/488 1435/11/488
f 1432/13/490 1433/11/490 1434/13/489
f 1435/11/489 1434/13/489 1433/11/490
f 1438/13/491 1437/11/492 1436/11/491
f 1437/11/492 1438/13/491 1439/13/492
f 1436/11/493 1437/11/494 1438/13/493
f 1439/13/494 1438/13/493 1437/11/494
f 1439/13/492 1440/11/495 1437/11/492
f 1440/11/495 1439/13/492 1441/13/495
f 1437/11/494 1440/11/496 1439/13/494
f 1441/13/496 1439/13/494 1440/11/496
f 1444/11/498 1443/13/497 1442/11/497
f 1443/13/497 1444/11/498 1445/13/498
f 1442/11/500 1443/13/500 1444/11/499
f 1445/13/499 1444/11/499 1443/13/500
f 1442/11/497 1438/13/491 1436/11/491
f 1438/13/491 1442/11/497 1443/13/497
f 1436/11/493 1438/13/493 1442/11/500
f 1443/13/500 1442/11/500 1438/13/493
f 1432/13/487 1440/11/495 1441/13/495
f 1440/11/495 1432/13/487 1433/11/487
f 1441/13/496 1440/11/496 1432/13/490
f 1433/11/490 1432/13/490 1440/11/496
f 1432/13/81 1445/13/81 1434/13/81
f 1445/13/81 1432/13/81 1441/13/81
f 1445/13/81 1441/13/81 1439/13/81
f 1445/13/81 1439/13/81 1438/13/81
f 1445/13/81 1438/13/81 1443/13/81
f 1434/13/82 1445/13/82 1432/13/82
f 1441/13/82 1432/13/82 1445/13/82
f 1439/13/82 1441/13/82 1445/13/82
f 1438/13/82 1439/13/82 1445/13/82
f 1443/13/82 1438/13/82 1445/13/82
f 1448/15/369 1447/14/369 1446/14/369
f 1447/14/369 1448/15/369 1449/15/369
f 1449/15/369 1448/15/369 1450/16/369
f 1449/15/369 1450/16/369 1451/16/369
f 1451/16/369 1450/16/369 1452/17/369
f 1451/16/369 1452/17/369 1453/17/369
f 1446/14/370 1447/14/370 1448/15/370
f 1449/15/370 1448/15/370 1447/14/370
f 1450/16/370 1448/15/370 1449/15/370
f 1451/16/370 1450/16/370 1449/15/370
f 1452/17/370 1450/16/370 1451/16/370
f 1453/17/370 1452/17/370 1451/16/370
f 1454/17/501 1451/16/502 1453/17/501
f 1451/16/502 1454/17/501 1455/16/502
f 1453/17/503 1451/16/504 1454/17/503
f 1455/16/504 1454/17/503 1451/16/504
f 1447/14/505 1456/14/503 1446/14/503
f 1456/14/503 1447/14/505 1457/14/505
f 1446/14/501 1456/14/501 1447/14/506
f 1457/14/506 1447/14/506 1456/14/501
f 1450/16/507 1459/15/504 1458/16/507
f 1459/15/504 1450/16/507 1448/15/504
f 1458/16/508 1459/15/502 1450/16/508
f 1448/15/502 1450/16/508 1459/15/502
f 1460/15/370 1456/14/370 1457/14/370
f 1456/14/370 1460/15/370 1459/15/370
f 1459/15/370 1460/15/370 1455/16/370
f 1459/15/370 1455/16/370 1458/16/370
f 1458/16/370 1455/16/370 1454/17/370
f 1458/16/370 1454/17/370 1461/17/370
f 1457/14/369 1456/14/369 1460/15/369
f 1459/15/369 1460/15/369 1456/14/369
f 1455/16/369 1460/15/369 1459/15/369
f 1458/16/369 1455/16/369 1459/15/369
f 1454/17/369 1455/16/369 1458/16/369
f 1461/17/369 1454/17/369 1458/16/369
f 1449/15/508 1455/16/502 1460/15/508
f 1455/16/502 1449/15/508 1451/16/502
f 1460/15/507 1455/16/504 1449/15/507
f 1451/16/504 1449/15/507 1455/16/504
f 1446/14/503 1459/15/504 1448/15/504
f 1459/15/504 1446/14/503 1456/14/503
f 1448/15/502 1459/15/502 1446/14/501
f 1456/14/501 1446/14/501 1459/15/502
f 1458/16/507 1452/17/506 1450/16/507
f 1452/17/506 1458/16/507 1461/17/506
f 1450/16/508 1452/17/505 1458/16/508
f 1461/17/505 1458/16/508 1452/17/505
f 1461/17/506 1453/17/501 1452/17/506
f 1453/17/501 1461/17/506 1454/17/501
f 1452/17/505 1453/17/503 1461/17/505
f 1454/17/503 1461/17/505 1453/17/503
f 1449/15/508 1457/14/505 1447/14/505
f 1457/14/505 1449/15/508 1460/15/508
f 1447/14/506 1457/14/506 1449/15/507
f 1460/15/507 1449/15/507 1457/14/506
f 1464/18/505 1463/18/503 1462/18/503
f 1463/18/503 1464/18/505 1465/18/505
f 1462/18/501 1463/18/501 1464/18/506
f 1465/18/506 1464/18/506 1463/18/501
f 1468/19/507 1467/20/506 1466/19/507
f 1467/20/506 1468/19/507 1469/20/506
f 1466/19/508 1467/20/505 1468/19/508
f 1469/20/505 1468/19/508 1467/20/505
f 1470/21/370 1463/18/370 1465/18/370
f 1463/18/370 1470/21/370 1471/21/370
f 1471/21/370 1470/21/370 1472/19/370
f 1471/21/370 1472/19/370 1468/19/370
f 1468/19/370 1472/19/370 1473/20/370
f 1468/19/370 1473/20/370 1469/20/370
f 1465/18/369 1463/18/369 1470/21/369
f 1471/21/369 1470/21/369 1463/18/369
f 1472/19/369 1470/21/369 1471/21/369
f 1468/19/369 1472/19/369 1471/21/369
f 1473/20/369 1472/19/369 1468/19/369
f 1469/20/369 1473/20/369 1468/19/369
f 1466/19/507 1471/21/504 1468/19/507
f 1471/21/504 1466/19/507 1474/21/504
f 1468/19/508 1471/21/502 1466/19/508
f 1474/21/502 1466/19/508 1471/21/502
f 1469/20/506 1475/20/501 1467/20/506
f 1475/20/501 1469/20/506 1473/20/501
f 1467/20/505 1475/20/503 1469/20/505
f 1473/20/503 1469/20/505 1475/20/503
f 1476/21/508 1472/19/502 1470/21/508
f 1472/19/502 1476/21/508 1477/19/502
f 1470/21/507 1472/19/504 1476/21/507
f 1477/19/504 1476/21/507 1472/19/504
f 1473/20/501 1477/19/502 1475/20/501
f 1477/19/502 1473/20/501 1472/19/502
f 1475/20/503 1477/19/504 1473/20/503
f 1472/19/504 1473/20/503 1477/19/504
f 1462/18/503 1471/21/504 1474/21/504
f 1471/21/504 1462/18/503 1463/18/503
f 1474/21/502 1471/21/502 1462/18/501
f 1463/18/501 1462/18/501 1471/21/502
f 1474/21/369 1464/18/369 1462/18/369
f 1464/18/369 1474/21/369 1476/21/369
f 1476/21/369 1474/21/369 1466/19/369
f 1476/21/369 1466/19/369 1477/19/369
f 1477/19/369 1466/19/369 1467/20/369
f 1477/19/369 1467/20/369 1475/20/369
f 1462/18/370 1464/18/370 1474/21/370
f 1476/21/370 1474/21/370 1464/18/370
f 1466/19/370 1474/21/370 1476/21/370
f 1477/19/370 1466/19/370 1476/21/370
f 1467/20/370 1466/19/370 1477/19/370
f 1475/20/370 1467/20/370 1477/19/370
f 1476/21/508 1465/18/505 1464/18/505
f 1465/18/505 1476/21/508 1470/21/508
f 1464/18/506 1465/18/506 1476/21/507
f 1470/21/507 1476/21/507 1465/18/506
f 1480/22/509 1479/22/510 1478/22/509
f 1479/22/510 1480/22/509 1481/22/510
f 1478/22/511 1479/22/512 1480/22/511
f 1481/22/512 1480/22/511 1479/22/512
f 1484/23/511 1483/23/512 1482/23/512
f 1483/23/512 1484/23/511 1485/23/511
f 1482/23/510 1483/23/510 1484/23/509
f 1485/23/509 1484/23/509 1483/23/510
f 1482/23/512 1487/24/513 1486/24/513
f 1487/24/513 1482/23/512 1483/23/512
f 1486/24/514 1487/24/514 1482/23/510
f 1483/23/510 1482/23/510 1487/24/514
f 1488/24/515 1485/23/511 1484/23/511
f 1485/23/511 1488/24/515 1489/24/515
f 1484/23/509 1485/23/509 1488/24/516
f 1489/24/516 1488/24/516 1485/23/509
f 1488/24/515 1490/25/514 1489/24/515
f 1490/25/514 1488/24/515 1491/25/514
f 1489/24/516 1490/25/513 1488/24/516
f 1491/25/513 1488/24/516 1490/25/513
f 1489/24/517 1483/23/517 1485/23/517
f 1483/23/517 1489/24/517 1487/24/517
f 1487/24/517 1489/24/517 1490/25/517
f 1487/24/517 1490/25/517 1492/25/517
f 1492/25/517 1490/25/517 1481/22/517
f 1492/25/517 1481/22/517 1480/22/517
f 1485/23/518 1483/23/518 1489/24/518
f 1487/24/518 1489/24/518 1483/23/518
f 1490/25/518 1489/24/518 1487/24/518
f 1492/25/518 1490/25/518 1487/24/518
f 1481/22/518 1490/25/518 1492/25/518
f 1480/22/518 1481/22/518 1492/25/518
f 1481/22/510 1491/25/514 1479/22/510
f 1491/25/514 1481/22/510 1490/25/514
f 1479/22/512 1491/25/513 1481/22/512
f 1490/25/513 1481/22/512 1491/25/513
f 1493/25/516 1487/24/513 1492/25/516
f 1487/24/513 1493/25/516 1486/24/513
f 1492/25/515 1487/24/514 1493/25/515
f 1486/24/514 1493/25/515 1487/24/514
f 1492/25/516 1478/22/509 1493/25/516
f 1478/22/509 1492/25/516 1480/22/509
f 1493/25/515 1478/22/511 1492/25/515
f 1480/22/511 1492/25/515 1478/22/511
f 1486/24/518 1484/23/518 1482/23/518
f 1484/23/518 1486/24/518 1488/24/518
f 1488/24/518 1486/24/518 1493/25/518
f 1488/24/518 1493/25/518 1491/25/518
f 1491/25/518 1493/25/518 1478/22/518
f 1491/25/518 1478/22/518 1479/22/518
f 1482/23/517 1484/23/517 1486/24/517
f 1488/24/517 1486/24/517 1484/23/517
f 1493/25/517 1486/24/517 1488/24/517
f 1491/25/517 1493/25/517 1488/24/517
f 1478/22/517 1493/25/517 1491/25/517
f 1479/22/517 1478/22/517 1491/25/517
f 1496/26/519 1495/27/520 1494/26/519
f 1495/27/520 1496/26/519 1497/27/520
f 1494/26/521 1495/27/522 1496/26/521
f 1497/27/522 1496/26/521 1495/27/522
f 1499/26/523 1494/26/519 1498/26/523
f 1494/26/519 1499/26/523 1496/26/519
f 1498/26/524 1494/26/521 1499/26/524
f 1496/26/521 1499/26/524 1494/26/521
f 1502/27/525 1501/28/522 1500/28/522
f 1501/28/522 1502/27/525 1503/27/525
f 1500/28/520 1501/28/520 1502/27/526
f 1503/27/526 1502/27/526 1501/28/520
f 1495/27/520 1505/28/526 1504/28/526
f 1505/28/526 1495/27/520 1497/27/520
f 1504/28/525 1505/28/525 1495/27/522
f 1497/27/522 1495/27/522 1505/28/525
f 1506/29/357 1502/27/357 1500/28/357
f 1502/27/357 1506/29/357 1499/26/357
f 1499/26/357 1506/29/357 1507/29/357
f 1499/26/357 1507/29/357 1496/26/357
f 1496/26/357 1507/29/357 1505/28/357
f 1496/26/357 1505/28/357 1497/27/357
f 1500/28/360 1502/27/360 1506/29/360
f 1499/26/360 1506/29/360 1502/27/360
f 1507/29/360 1506/29/360 1499/26/360
f 1496/26/360 1507/29/360 1499/26/360
f 1505/28/360 1507/29/360 1496/26/360
f 1497/27/360 1505/28/360 1496/26/360
f 1508/29/521 1500/28/522 1501/28/522
f 1500/28/522 1508/29/521 1506/29/521
f 1501/28/520 1500/28/520 1508/29/519
f 1506/29/519 1508/29/519 1500/28/520
f 1502/27/525 1498/26/523 1503/27/525
f 1498/26/523 1502/27/525 1499/26/523
f 1503/27/526 1498/26/524 1502/27/526
f 1499/26/524 1502/27/526 1498/26/524
f 1498/26/360 1501/28/360 1503/27/360
f 1501/28/360 1498/26/360 1508/29/360
f 1508/29/360 1498/26/360 1494/26/360
f 1508/29/360 1494/26/360 1509/29/360
f 1509/29/360 1494/26/360 1495/27/360
f 1509/29/360 1495/27/360 1504/28/360
f 1503/27/357 1501/28/357 1498/26/357
f 1508/29/357 1498/26/357 1501/28/357
f 1494/26/357 1498/26/357 1508/29/357
f 1509/29/357 1494/26/357 1508/29/357
f 1495/27/357 1494/26/357 1509/29/357
f 1504/28/357 1495/27/357 1509/29/357
f 1504/28/526 1507/29/524 1509/29/524
f 1507/29/524 1504/28/526 1505/28/526
f 1509/29/523 1507/29/523 1504/28/525
f 1505/28/525 1504/28/525 1507/29/523
f 1509/29/524 1506/29/521 1508/29/521
f 1506/29/521 1509/29/524 1507/29/524
f 1508/29/519 1506/29/519 1509/29/523
f 1507/29/523 1509/29/523 1506/29/519
f 1512/11/374 1511/12/373 1510/11/373
f 1511/12/373 1512/11/374 1513/12/374
f 1510/11/376 1511/12/376 1512/11/375
f 1513/12/375 1512/11/375 1511/12/376
f 1514/11/377 1513/12/374 1512/11/374
f 1513/12/374 1514/11/377 1515/12/377
f 1512/11/375 1513/12/375 1514/11/378
f 1515/12/378 1514/11/378 1513/12/375
f 1518/12/386 1517/11/379 1516/11/386
f 1517/11/379 1518/12/386 1519/12/379
f 1516/11/385 1517/11/380 1518/12/385
f 1519/12/380 1518/12/385 1517/11/380
f 1519/12/379 1514/11/377 1517/11/379
f 1514/11/377 1519/12/379 1515/12/377
f 1517/11/380 1514/11/378 1519/12/380
f 1515/12/378 1519/12/380 1514/11/378
f 1511/12/81 1521/12/81 1520/12/81
f 1521/12/81 1511/12/81 1513/12/81
f 1521/12/81 1513/12/81 1522/12/81
f 1522/12/81 1513/12/81 1515/12/81
f 1522/12/81 1515/12/81 1523/12/81
f 1523/12/81 1515/12/81 1519/12/81
f 1523/12/81 1519/12/81 1524/12/81
f 1524/12/81 1519/12/81 1518/12/81
f 1520/12/82 1521/12/82 1511/12/82
f 1513/12/82 1511/12/82 1521/12/82
f 1522/12/82 1513/12/82 1521/12/82
f 1515/12/82 1513/12/82 1522/12/82
f 1523/12/82 1515/12/82 1522/12/82
f 1519/12/82 1515/12/82 1523/12/82
f 1524/12/82 1519/12/82 1523/12/82
f 1518/12/82 1519/12/82 1524/12/82
f 1511/12/371 1084/11/371 1510/11/371
f 1084/11/371 1511/12/371 1520/12/371
f 1510/11/372 1084/11/372 1511/12/372
f 1520/12/372 1511/12/372 1084/11/372
f 1092/11/383 1518/12/383 1516/11/383
f 1518/12/383 1092/11/383 1524/12/383
f 1516/11/384 1518/12/384 1092/11/384
f 1524/12/384 1092/11/384 1518/12/384
f 1523/12/380 1092/11/385 1090/11/380
f 1092/11/385 1523/12/380 1524/12/385
f 1090/11/379 1092/11/386 1523/12/379
f 1524/12/386 1523/12/379 1092/11/386
f 1522/12/378 1090/11/380 1088/11/378
f 1090/11/380 1522/12/378 1523/12/380
f 1088/11/377 1090/11/379 1522/12/377
f 1523/12/379 1522/12/377 1090/11/379
f 1522/12/378 1085/11/375 1521/12/375
f 1085/11/375 1522/12/378 1088/11/378
f 1521/12/374 1085/11/374 1522/12/377
f 1088/11/377 1522/12/377 1085/11/374
f 1521/12/375 1084/11/376 1520/12/376
f 1084/11/376 1521/12/375 1085/11/375
f 1520/12/373 1084/11/373 1521/12/374
f 1085/11/374 1521/12/374 1084/11/373
f 1526/11/82 1525/11/82 129/11/82
f 1525/11/82 1526/11/82 130/11/82
f 1525/11/82 130/11/82 1527/11/82
f 1527/11/82 130/11/82 1528/11/82
f 1527/11/82 1528/11/82 1529/11/82
f 1529/11/82 1528/11/82 1530/11/82
f 1530/11/82 1528/11/82 132/11/82
f 1530/11/82 132/11/82 1531/11/82
f 129/11/81 1525/11/81 1526/11/81
f 130/11/81 1526/11/81 1525/11/81
f 1527/11/81 130/11/81 1525/11/81
f 1528/11/81 130/11/81 1527/11/81
f 1529/11/81 1528/11/81 1527/11/81
f 1530/11/81 1528/11/81 1529/11/81
f 132/11/81 1528/11/81 1530/11/81
f 1531/11/81 132/11/81 1530/11/81
f 1532/13/81 1103/13/81 1095/13/81
f 1103/13/81 1532/13/81 1102/13/81
f 1102/13/81 1532/13/81 1533/13/81
f 1102/13/81 1533/13/81 1101/13/81
f 1101/13/81 1533/13/81 1534/13/81
f 1101/13/81 1534/13/81 1535/13/81
f 1101/13/81 1535/13/81 1100/13/81
f 1100/13/81 1535/13/81 1536/13/81
f 1095/13/82 1103/13/82 1532/13/82
f 1102/13/82 1532/13/82 1103/13/82
f 1533/13/82 1532/13/82 1102/13/82
f 1101/13/82 1533/13/82 1102/13/82
f 1534/13/82 1533/13/82 1101/13/82
f 1535/13/82 1534/13/82 1101/13/82
f 1100/13/82 1535/13/82 1101/13/82
f 1536/13/82 1535/13/82 1100/13/82
f 1532/13/371 129/11/371 1525/11/371
f 129/11/371 1532/13/371 1095/13/371
f 1525/11/372 129/11/372 1532/13/372
f 1095/13/372 1532/13/372 129/11/372
f 1527/11/374 1532/13/373 1525/11/373
f 1532/13/373 1527/11/374 1533/13/374
f 1525/11/376 1532/13/376 1527/11/375
f 1533/13/375 1527/11/375 1532/13/376
f 1529/11/377 1533/13/374 1527/11/374
f 1533/13/374 1529/11/377 1534/13/377
f 1527/11/375 1533/13/375 1529/11/378
f 1534/13/378 1529/11/378 1533/13/375
f 1535/13/379 1529/11/377 1530/11/379
f 1529/11/377 1535/13/379 1534/13/377
f 1530/11/380 1529/11/378 1535/13/380
f 1534/13/378 1535/13/380 1529/11/378
f 1536/13/381 1530/11/379 1531/11/381
f 1530/11/379 1536/13/381 1535/13/379
f 1531/11/382 1530/11/380 1536/13/382
f 1535/13/380 1536/13/382 1530/11/380
f 132/11/383 1536/13/383 1531/11/383
f 1536/13/383 132/11/383 1100/13/383
f 1531/11/384 1536/13/384 132/11/384
f 1100/13/384 132/11/384 1536/13/384
f 1101/13/380 132/11/385 1528/11/380
f 132/11/385 1101/13/380 1100/13/385
f 1528/11/379 132/11/386 1101/13/379
f 1100/13/386 1101/13/379 132/11/386
f 1102/13/378 1528/11/380 130/11/378
f 1528/11/380 1102/13/378 1101/13/380
f 130/11/377 1528/11/379 1102/13/377
f 1101/13/379 1102/13/377 1528/11/379
f 1102/13/378 1526/11/375 1103/13/375
f 1526/11/375 1102/13/378 130/11/378
f 1103/13/374 1526/11/374 1102/13/377
f 130/11/377 1102/13/377 1526/11/374
f 1103/13/375 129/11/376 1095/13/376
f 129/11/376 1103/13/375 1526/11/375
f 1095/13/373 129/11/373 1103/13/374
f 1526/11/374 1103/13/374 129/11/373
f 1539/13/528 1538/11/527 1537/13/527
f 1538/11/527 1539/13/528 1540/11/528
f 1537/13/530 1538/11/530 1539/13/529
f 1540/11/529 1539/13/529 1538/11/530
f 1543/13/531 1542/11/532 1541/11/531
f 1542/11/532 1543/13/531 1544/13/532
f 1541/11/533 1542/11/534 1543/13/533
f 1544/13/534 1543/13/533 1542/11/534
f 1544/13/532 1545/11/535 1542/11/532
f 1545/11/535 1544/13/532 1546/13/535
f 1542/11/534 1545/11/536 1544/13/534
f 1546/13/536 1544/13/534 1545/11/536
f 1549/11/538 1548/13/537 1547/11/537
f 1548/13/537 1549/11/538 1550/13/538
f 1547/11/540 1548/13/540 1549/11/539
f 1550/13/539 1549/11/539 1548/13/540
f 1547/11/537 1543/13/531 1541/11/531
f 1543/13/531 1547/11/537 1548/13/537
f 1541/11/533 1543/13/533 1547/11/540
f 1548/13/540 1547/11/540 1543/13/533
f 1537/13/527 1545/11/535 1546/13/535
f 1545/11/535 1537/13/527 1538/11/527
f 1546/13/536 1545/11/536 1537/13/530
f 1538/11/530 1537/13/530 1545/11/536
f 1537/13/81 1550/13/81 1539/13/81
f 1550/13/81 1537/13/81 1546/13/81
f 1550/13/81 1546/13/81 1544/13/81
f 1550/13/81 1544/13/81 1543/13/81
f 1550/13/81 1543/13/81 1548/13/81
f 1539/13/82 1550/13/82 1537/13/82
f 1546/13/82 1537/13/82 1550/13/82
f 1544/13/82 1546/13/82 1550/13/82
f 1543/13/82 1544/13/82 1550/13/82
f 1548/13/82 1543/13/82 1550/13/82
f 1553/15/385 1552/14/385 1551/14/385
f 1552/14/385 1553/15/385 1554/15/385
f 1554/15/385 1553/15/385 1555/16/385
f 1554/15/385 1555/16/385 1556/16/385
f 1556/16/385 1555/16/385 1557/17/385
f 1556/16/385 1557/17/385 1558/17/385
f 1551/14/386 1552/14/386 1553/15/386
f 1554/15/386 1553/15/386 1552/14/386
f 1555/16/386 1553/15/386 1554/15/386
f 1556/16/386 1555/16/386 1554/15/386
f 1557/17/386 1555/16/386 1556/16/386
f 1558/17/386 1557/17/386 1556/16/386
f 1559/17/541 1556/16/542 1558/17/541
f 1556/16/542 1559/17/541 1560/16/542
f 1558/17/543 1556/16/544 1559/17/543
f 1560/16/544 1559/17/543 1556/16/544
f 1552/14/545 1561/14/543 1551/14/543
f 1561/14/543 1552/14/545 1562/14/545
f 1551/14/541 1561/14/541 1552/14/546
f 1562/14/546 1552/14/546 1561/14/541
f 1555/16/547 1564/15/544 1563/16/547
f 1564/15/544 1555/16/547 1553/15/544
f 1563/16/548 1564/15/542 1555/16/548
f 1553/15/542 1555/16/548 1564/15/542
f 1565/15/386 1561/14/386 1562/14/386
f 1561/14/386 1565/15/386 1564/15/386
f 1564/15/386 1565/15/386 1560/16/386
f 1564/15/386 1560/16/386 1563/16/386
f 1563/16/386 1560/16/386 1559/17/386
f 1563/16/386 1559/17/386 1566/17/386
f 1562/14/385 1561/14/385 1565/15/385
f 1564/15/385 1565/15/385 1561/14/385
f 1560/16/385 1565/15/385 1564/15/385
f 1563/16/385 1560/16/385 1564/15/385
f 1559/17/385 1560/16/385 1563/16/385
f 1566/17/385 1559/17/385 1563/16/385
f 1554/15/548 1560/16/542 1565/15/548
f 1560/16/542 1554/15/548 1556/16/542
f 1565/15/547 1560/16/544 1554/15/547
f 1556/16/544 1554/15/547 1560/16/544
f 1551/14/543 1564/15/544 1553/15/544
f 1564/15/544 1551/14/543 1561/14/543
f 1553/15/542 1564/15/542 1551/14/541
f 1561/14/541 1551/14/541 1564/15/542
f 1563/16/547 1557/17/546 1555/16/547
f 1557/17/546 1563/16/547 1566/17/546
f 1555/16/548 1557/17/545 1563/16/548
f 1566/17/545 1563/16/548 1557/17/545
f 1566/17/546 1558/17/541 1557/17/546
f 1558/17/541 1566/17/546 1559/17/541
f 1557/17/545 1558/17/543 1566/17/545
f 1559/17/543 1566/17/545 1558/17/543
f 1554/15/548 1562/14/545 1552/14/545
f 1562/14/545 1554/15/548 1565/15/548
f 1552/14/546 1562/14/546 1554/15/547
f 1565/15/547 1554/15/547 1562/14/546
f 1569/18/545 1568/18/543 1567/18/543
f 1568/18/543 1569/18/545 1570/18/545
f 1567/18/541 1568/18/541 1569/18/546
f 1570/18/546 1569/18/546 1568/18/541
f 1573/19/547 1572/20/546 1571/19/547
f 1572/20/546 1573/19/547 1574/20/546
f 1571/19/548 1572/20/545 1573/19/548
f 1574/20/545 1573/19/548 1572/20/545
f 1575/21/386 1568/18/386 1570/18/386
f 1568/18/386 1575/21/386 1576/21/386
f 1576/21/386 1575/21/386 1577/19/386
f 1576/21/386 1577/19/386 1573/19/386
f 1573/19/386 1577/19/386 1578/20/386
f 1573/19/386 1578/20/386 1574/20/386
f 1570/18/385 1568/18/385 1575/21/385
f 1576/21/385 1575/21/385 1568/18/385
f 1577/19/385 1575/21/385 1576/21/385
f 1573/19/385 1577/19/385 1576/21/385
f 1578/20/385 1577/19/385 1573/19/385
f 1574/20/385 1578/20/385 1573/19/385
f 1571/19/547 1576/21/544 1573/19/547
f 1576/21/544 1571/19/547 1579/21/544
f 1573/19/548 1576/21/542 1571/19/548
f 1579/21/542 1571/19/548 1576/21/542
f 1574/20/546 1580/20/541 1572/20/546
f 1580/20/541 1574/20/546 1578/20/541
f 1572/20/545 1580/20/543 1574/20/545
f 1578/20/543 1574/20/545 1580/20/543
f 1581/21/548 1577/19/542 1575/21/548
f 1577/19/542 1581/21/548 1582/19/542
f 1575/21/547 1577/19/544 1581/21/547
f 1582/19/544 1581/21/547 1577/19/544
f 1578/20/541 1582/19/542 1580/20/541
f 1582/19/542 1578/20/541 1577/19/542
f 1580/20/543 1582/19/544 1578/20/543
f 1577/19/544 1578/20/543 1582/19/544
f 1567/18/543 1576/21/544 1579/21/544
f 1576/21/544 1567/18/543 1568/18/543
f 1579/21/542 1576/21/542 1567/18/541
f 1568/18/541 1567/18/541 1576/21/542
f 1579/21/385 1569/18/385 1567/18/385
f 1569/18/385 1579/21/385 1581/21/385
f 1581/21/385 1579/21/385 1571/19/385
f 1581/21/385 1571/19/385 1582/19/385
f 1582/19/385 1571/19/385 1572/20/385
f 1582/19/385 1572/20/385 1580/20/385
f 1567/18/386 1569/18/386 1579/21/386
f 1581/21/386 1579/21/386 1569/18/386
f 1571/19/386 1579/21/386 1581/21/386
f 1582/19/386 1571/19/386 1581/21/386
f 1572/20/386 1571/19/386 1582/19/386
f 1580/20/386 1572/20/386 1582/19/386
f 1581/21/548 1570/18/545 1569/18/545
f 1570/18/545 1581/21/548 1575/21/548
f 1569/18/546 1570/18/546 1581/21/547
f 1575/21/547 1581/21/547 1570/18/546
f 1585/22/549 1584/22/550 1583/22/549
f 1584/22/550 1585/22/549 1586/22/550
f 1583/22/551 1584/22/552 1585/22/551
f 1586/22/552 1585/22/551 1584/22/552
f 1589/23/551 1588/23/552 1587/23/552
f 1588/23/552 1589/23/551 1590/23/551
f 1587/23/550 1588/23/550 1589/23/549
f 1590/23/549 1589/23/549 1588/23/550
f 1587/23/552 1592/24/553 1591/24/553
f 1592/24/553 1587/23/552 1588/23/552
f 1591/24/554 1592/24/554 1587/23/550
f 1588/23/550 1587/23/550 1592/24/554
f 1593/24/555 1590/23/551 1589/23/551
f 1590/23/551 1593/24/555 1594/24/555
f 1589/23/549 1590/23/549 1593/24/556
f 1594/24/556 1593/24/556 1590/23/549
f 1593/24/555 1595/25/554 1594/24/555
f 1595/25/554 1593/24/555 1596/25/554
f 1594/24/556 1595/25/553 1593/24/556
f 1596/25/553 1593/24/556 1595/25/553
f 1594/24/557 1588/23/557 1590/23/557
f 1588/23/557 1594/24/557 1592/24/557
f 1592/24/557 1594/24/557 1595/25/557
f 1592/24/557 1595/25/557 1597/25/557
f 1597/25/557 1595/25/557 1586/22/557
f 1597/25/557 1586/22/557 1585/22/557
f 1590/23/558 1588/23/558 1594/24/558
f 1592/24/558 1594/24/558 1588/23/558
f 1595/25/558 1594/24/558 1592/24/558
f 1597/25/558 1595/25/558 1592/24/558
f 1586/22/558 1595/25/558 1597/25/558
f 1585/22/558 1586/22/558 1597/25/558
f 1586/22/550 1596/25/554 1584/22/550
f 1596/25/554 1586/22/550 1595/25/554
f 1584/22/552 1596/25/553 1586/22/552
f 1595/25/553 1586/22/552 1596/25/553
f 1598/25/556 1592/24/553 1597/25/556
f 1592/24/553 1598/25/556 1591/24/553
f 1597/25/555 1592/24/554 1598/25/555
f 1591/24/554 1598/25/555 1592/24/554
f 1597/25/556 1583/22/549 1598/25/556
f 1583/22/549 1597/25/556 1585/22/549
f 1598/25/555 1583/22/551 1597/25/555
f 1585/22/551 1597/25/555 1583/22/551
f 1591/24/558 1589/23/558 1587/23/558
f 1589/23/558 1591/24/558 1593/24/558
f 1593/24/558 1591/24/558 1598/25/558
f 1593/24/558 1598/25/558 1596/25/558
f 1596/25/558 1598/25/558 1583/22/558
f 1596/25/558 1583/22/558 1584/22/558
f 1587/23/557 1589/23/557 1591/24/557
f 1593/24/557 1591/24/557 1589/23/557
f 1598/25/557 1591/24/557 1593/24/557
f 1596/25/557 1598/25/557 1593/24/557
f 1583/22/557 1598/25/557 1596/25/557
f 1584/22/557 1583/22/557 1596/25/557
f 1601/26/559 1600/27/560 1599/26/559
f 1600/27/560 1601/26/559 1602/27/560
f 1599/26/561 1600/27/562 1601/26/561
f 1602/27/562 1601/26/561 1600/27/562
f 1604/26/563 1599/26/559 1603/26/563
f 1599/26/559 1604/26/563 1601/26/559
f 1603/26/564 1599/26/561 1604/26/564
f 1601/26/561 1604/26/564 1599/26/561
f 1607/27/565 1606/28/562 1605/28/562
f 1606/28/562 1607/27/565 1608/27/565
f 1605/28/560 1606/28/560 1607/27/566
f 1608/27/566 1607/27/566 1606/28/560
f 1600/27/560 1610/28/566 1609/28/566
f 1610/28/566 1600/27/560 1602/27/560
f 1609/28/565 1610/28/565 1600/27/562
f 1602/27/562 1600/27/562 1610/28/565
f 1611/29/373 1607/27/373 1605/28/373
f 1607/27/373 1611/29/373 1604/26/373
f 1604/26/373 1611/29/373 1612/29/373
f 1604/26/373 1612/29/373 1601/26/373
f 1601/26/373 1612/29/373 1610/28/373
f 1601/26/373 1610/28/373 1602/27/373
f 1605/28/376 1607/27/376 1611/29/376
f 1604/26/376 1611/29/376 1607/27/376
f 1612/29/376 1611/29/376 1604/26/376
f 1601/26/376 1612/29/376 1604/26/376
f 1610/28/376 1612/29/376 1601/26/376
f 1602/27/376 1610/28/376 1601/26/376
f 1613/29/561 1605/28/562 1606/28/562
f 1605/28/562 1613/29/561 1611/29/561
f 1606/28/560 1605/28/560 1613/29/559
f 1611/29/559 1613/29/559 1605/28/560
f 1607/27/565 1603/26/563 1608/27/565
f 1603/26/563 1607/27/565 1604/26/563
f 1608/27/566 1603/26/564 1607/27/566
f 1604/26/564 1607/27/566 1603/26/564
f 1603/26/376 1606/28/376 1608/27/376
f 1606/28/376 1603/26/376 1613/29/376
f 1613/29/376 1603/26/376 1599/26/376
f 1613/29/376 1599/26/376 1614/29/376
f 1614/29/376 1599/26/376 1600/27/376
f 1614/29/376 1600/27/376 1609/28/376
f 1608/27/373 1606/28/373 1603/26/373
f 1613/29/373 1603/26/373 1606/28/373
f 1599/26/373 1603/26/373 1613/29/373
f 1614/29/373 1599/26/373 1613/29/373
f 1600/27/373 1599/26/373 1614/29/373
f 1609/28/373 1600/27/373 1614/29/373
f 1609/28/566 1612/29/564 1614/29/564
f 1612/29/564 1609/28/566 1610/28/566
f 1614/29/563 1612/29/563 1609/28/565
f 1610/28/565 1609/28/565 1612/29/563
f 1614/29/564 1611/29/561 1613/29/561
f 1611/29/561 1614/29/564 1612/29/564
f 1613/29/559 1611/29/559 1614/29/563
f 1612/29/563 1614/29/563 1611/29/559
f 1617/11/375 1616/12/376 1615/11/376
f 1616/12/376 1617/11/375 1618/12/375
f 1615/11/373 1616/12/373 1617/11/374
f 1618/12/374 1617/11/374 1616/12/373
f 1619/11/378 1618/12/375 1617/11/375
f 1618/12/375 1619/11/378 1620/12/378
f 1617/11/374 1618/12/374 1619/11/377
f 1620/12/377 1619/11/377 1618/12/374
f 1623/12/385 1622/11/380 1621/11/385
f 1622/11/380 1623/12/385 1624/12/380
f 1621/11/386 1622/11/379 1623/12/386
f 1624/12/379 1623/12/386 1622/11/379
f 1624/12/380 1619/11/378 1622/11/380
f 1619/11/378 1624/12/380 1620/12/378
f 1622/11/379 1619/11/377 1624/12/379
f 1620/12/377 1624/12/379 1619/11/377
f 1616/12/81 1626/12/81 1625/12/81
f 1626/12/81 1616/12/81 1618/12/81
f 1626/12/81 1618/12/81 1627/12/81
f 1627/12/81 1618/12/81 1620/12/81
f 1627/12/81 1620/12/81 1628/12/81
f 1628/12/81 1620/12/81 1624/12/81
f 1628/12/81 1624/12/81 1629/12/81
f 1629/12/81 1624/12/81 1623/12/81
f 1625/12/82 1626/12/82 1616/12/82
f 1618/12/82 1616/12/82 1626/12/82
f 1627/12/82 1618/12/82 1626/12/82
f 1620/12/82 1618/12/82 1627/12/82
f 1628/12/82 1620/12/82 1627/12/82
f 1624/12/82 1620/12/82 1628/12/82
f 1629/12/82 1624/12/82 1628/12/82
f 1623/12/82 1624/12/82 1629/12/82
f 1616/12/387 1104/11/387 1615/11/387
f 1104/11/387 1616/12/387 1625/12/387
f 1615/11/388 1104/11/388 1616/12/388
f 1625/12/388 1616/12/388 1104/11/388
f 1112/11/389 1623/12/389 1621/11/389
f 1623/12/389 1112/11/389 1629/12/389
f 1621/11/390 1623/12/390 1112/11/390
f 1629/12/390 1112/11/390 1623/12/390
f 1628/12/379 1112/11/386 1110/11/379
f 1112/11/386 1628/12/379 1629/12/386
f 1110/11/380 1112/11/385 1628/12/380
f 1629/12/385 1628/12/380 1112/11/385
f 1627/12/377 1110/11/379 1108/11/377
f 1110/11/379 1627/12/377 1628/12/379
f 1108/11/378 1110/11/380 1627/12/378
f 1628/12/380 1627/12/378 1110/11/380
f 1627/12/377 1105/11/374 1626/12/374
f 1105/11/374 1627/12/377 1108/11/377
f 1626/12/375 1105/11/375 1627/12/378
f 1108/11/378 1627/12/378 1105/11/375
f 1626/12/374 1104/11/373 1625/12/373
f 1104/11/373 1626/12/374 1105/11/374
f 1625/12/376 1104/11/376 1626/12/375
f 1105/11/375 1626/12/375 1104/11/376
f 1631/11/82 1630/11/82 173/11/82
f 1630/11/82 1631/11/82 174/11/82
f 1630/11/82 174/11/82 1632/11/82
f 1632/11/82 174/11/82 1633/11/82
f 1632/11/82 1633/11/82 1634/11/82
f 1634/11/82 1633/11/82 1635/11/82
f 1635/11/82 1633/11/82 176/11/82
f 1635/11/82 176/11/82 1636/11/82
f 173/11/81 1630/11/81 1631/11/81
f 174/11/81 1631/11/81 1630/11/81
f 1632/11/81 174/11/81 1630/11/81
f 1633/11/81 174/11/81 1632/11/81
f 1634/11/81 1633/11/81 1632/11/81
f 1635/11/81 1633/11/81 1634/11/81
f 176/11/81 1633/11/81 1635/11/81
f 1636/11/81 176/11/81 1635/11/81
f 1637/13/81 1123/13/81 1115/13/81
f 1123/13/81 1637/13/81 1122/13/81
f 1122/13/81 1637/13/81 1638/13/81
f 1122/13/81 1638/13/81 1121/13/81
f 1121/13/81 1638/13/81 1639/13/81
f 1121/13/81 1639/13/81 1640/13/81
f 1121/13/81 1640/13/81 1120/13/81
f 1120/13/81 1640/13/81 1641/13/81
f 1115/13/82 1123/13/82 1637/13/82
f 1122/13/82 1637/13/82 1123/13/82
f 1638/13/82 1637/13/82 1122/13/82
f 1121/13/82 1638/13/82 1122/13/82
f 1639/13/82 1638/13/82 1121/13/82
f 1640/13/82 1639/13/82 1121/13/82
f 1120/13/82 1640/13/82 1121/13/82
f 1641/13/82 1640/13/82 1120/13/82
f 1637/13/387 173/11/387 1630/11/387
f 173/11/387 1637/13/387 1115/13/387
f 1630/11/388 173/11/388 1637/13/388
f 1115/13/388 1637/13/388 173/11/388
f 1632/11/375 1637/13/376 1630/11/376
f 1637/13/376 1632/11/375 1638/13/375
f 1630/11/373 1637/13/373 1632/11/374
f 1638/13/374 1632/11/374 1637/13/373
f 1634/11/378 1638/13/375 1632/11/375
f 1638/13/375 1634/11/378 1639/13/378
f 1632/11/374 1638/13/374 1634/11/377
f 1639/13/377 1634/11/377 1638/13/374
f 1640/13/380 1634/11/378 1635/11/380
f 1634/11/378 1640/13/380 1639/13/378
f 1635/11/379 1634/11/377 1640/13/379
f 1639/13/377 1640/13/379 1634/11/377
f 1641/13/382 1635/11/380 1636/11/382
f 1635/11/380 1641/13/382 1640/13/380
f 1636/11/381 1635/11/379 1641/13/381
f 1640/13/379 1641/13/381 1635/11/379
f 176/11/389 1641/13/389 1636/11/389
f 1641/13/389 176/11/389 1120/13/389
f 1636/11/390 1641/13/390 176/11/390
f 1120/13/390 176/11/390 1641/13/390
f 1121/13/379 176/11/386 1633/11/379
f 176/11/386 1121/13/379 1120/13/386
f 1633/11/380 176/11/385 1121/13/380
f 1120/13/385 1121/13/380 176/11/385
f 1122/13/377 1633/11/379 174/11/377
f 1633/11/379 1122/13/377 1121/13/379
f 174/11/378 1633/11/380 1122/13/378
f 1121/13/380 1122/13/378 1633/11/380
f 1122/13/377 1631/11/374 1123/13/374
f 1631/11/374 1122/13/377 174/11/377
f 1123/13/375 1631/11/375 1122/13/378
f 174/11/378 1122/13/378 1631/11/375
f 1123/13/374 173/11/373 1115/13/373
f 173/11/373 1123/13/374 1631/11/374
f 1115/13/376 173/11/376 1123/13/375
f 1631/11/375 1123/13/375 173/11/376
f 1644/13/529 1643/11/530 1642/13/530
f 1643/11/530 1644/13/529 1645/11/529
f 1642/13/527 1643/11/527 1644/13/528
f 1645/11/528 1644/13/528 1643/11/527
f 1648/13/533 1647/11/534 1646/11/533
f 1647/11/534 1648/13/533 1649/13/534
f 1646/11/531 1647/11/532 1648/13/531
f 1649/13/532 1648/13/531 1647/11/532
f 1649/13/534 1650/11/536 1647/11/534
f 1650/11/536 1649/13/534 1651/13/536
f 1647/11/532 1650/11/535 1649/13/532
f 1651/13/535 1649/13/532 1650/11/535
f 1654/11/539 1653/13/540 1652/11/540
f 1653/13/540 1654/11/539 1655/13/539
f 1652/11/537 1653/13/537 1654/11/538
f 1655/13/538 1654/11/538 1653/13/537
f 1652/11/540 1648/13/533 1646/11/533
f 1648/13/533 1652/11/540 1653/13/540
f 1646/11/531 1648/13/531 1652/11/537
f 1653/13/537 1652/11/537 1648/13/531
f 1642/13/530 1650/11/536 1651/13/536
f 1650/11/536 1642/13/530 1643/11/530
f 1651/13/535 1650/11/535 1642/13/527
f 1643/11/527 1642/13/527 1650/11/535
f 1642/13/81 1655/13/81 1644/13/81
f 1655/13/81 1642/13/81 1651/13/81
f 1655/13/81 1651/13/81 1649/13/81
f 1655/13/81 1649/13/81 1648/13/81
f 1655/13/81 1648/13/81 1653/13/81
f 1644/13/82 1655/13/82 1642/13/82
f 1651/13/82 1642/13/82 1655/13/82
f 1649/13/82 1651/13/82 1655/13/82
f 1648/13/82 1649/13/82 1655/13/82
f 1653/13/82 1648/13/82 1655/13/82
f 1658/15/386 1657/14/386 1656/14/386
f 1657/14/386 1658/15/386 1659/15/386
f 1659/15/386 1658/15/386 1660/16/386
f 1659/15/386 1660/16/386 1661/16/386
f 1661/16/386 1660/16/386 1662/17/386
f 1661/16/386 1662/17/386 1663/17/386
f 1656/14/385 1657/14/385 1658/15/385
f 1659/15/385 1658/15/385 1657/14/385
f 1660/16/385 1658/15/385 1659/15/385
f 1661/16/385 1660/16/385 1659/15/385
f 1662/17/385 1660/16/385 1661/16/385
f 1663/17/385 1662/17/385 1661/16/385
f 1664/17/546 1661/16/547 1663/17/546
f 1661/16/547 1664/17/546 1665/16/547
f 1663/17/545 1661/16/548 1664/17/545
f 1665/16/548 1664/17/545 1661/16/548
f 1657/14/543 1666/14/545 1656/14/545
f 1666/14/545 1657/14/543 1667/14/543
f 1656/14/546 1666/14/546 1657/14/541
f 1667/14/541 1657/14/541 1666/14/546
f 1660/16/542 1669/15/548 1668/16/542
f 1669/15/548 1660/16/542 1658/15/548
f 1668/16/544 1669/15/547 1660/16/544
f 1658/15/547 1660/16/544 1669/15/547
f 1670/15/385 1666/14/385 1667/14/385
f 1666/14/385 1670/15/385 1669/15/385
f 1669/15/385 1670/15/385 1665/16/385
f 1669/15/385 1665/16/385 1668/16/385
f 1668/16/385 1665/16/385 1664/17/385
f 1668/16/385 1664/17/385 1671/17/385
f 1667/14/386 1666/14/386 1670/15/386
f 1669/15/386 1670/15/386 1666/14/386
f 1665/16/386 1670/15/386 1669/15/386
f 1668/16/386 1665/16/386 1669/15/386
f 1664/17/386 1665/16/386 1668/16/386
f 1671/17/386 1664/17/386 1668/16/386
f 1659/15/544 1665/16/547 1670/15/544
f 1665/16/547 1659/15/544 1661/16/547
f 1670/15/542 1665/16/548 1659/15/542
f 1661/16/548 1659/15/542 1665/16/548
f 1656/14/545 1669/15/548 1658/15/548
f 1669/15/548 1656/14/545 1666/14/545
f 1658/15/547 1669/15/547 1656/14/546
f 1666/14/546 1656/14/546 1669/15/547
f 1668/16/542 1662/17/541 1660/16/542
f 1662/17/541 1668/16/542 1671/17/541
f 1660/16/544 1662/17/543 1668/16/544
f 1671/17/543 1668/16/544 1662/17/543
f 1671/17/541 1663/17/546 1662/17/541
f 1663/17/546 1671/17/541 1664/17/546
f 1662/17/543 1663/17/545 1671/17/543
f 1664/17/545 1671/17/543 1663/17/545
f 1659/15/544 1667/14/543 1657/14/543
f 1667/14/543 1659/15/544 1670/15/544
f 1657/14/541 1667/14/541 1659/15/542
f 1670/15/542 1659/15/542 1667/14/541
f 1674/18/543 1673/18/545 1672/18/545
f 1673/18/545 1674/18/543 1675/18/543
f 1672/18/546 1673/18/546 1674/18/541
f 1675/18/541 1674/18/541 1673/18/546
f 1678/19/542 1677/20/541 1676/19/542
f 1677/20/541 1678/19/542 1679/20/541
f 1676/19/544 1677/20/543 1678/19/544
f 1679/20/543 1678/19/544 1677/20/543
f 1680/21/385 1673/18/385 1675/18/385
f 1673/18/385 1680/21/385 1681/21/385
f 1681/21/385 1680/21/385 1682/19/385
f 1681/21/385 1682/19/385 1678/19/385
f 1678/19/385 1682/19/385 1683/20/385
f 1678/19/385 1683/20/385 1679/20/385
f 1675/18/386 1673/18/386 1680/21/386
f 1681/21/386 1680/21/386 1673/18/386
f 1682/19/386 1680/21/386 1681/21/386
f 1678/19/386 1682/19/386 1681/21/386
f 1683/20/386 1682/19/386 1678/19/386
f 1679/20/386 1683/20/386 1678/19/386
f 1676/19/542 1681/21/548 1678/19/542
f 1681/21/548 1676/19/542 1684/21/548
f 1678/19/544 1681/21/547 1676/19/544
f 1684/21/547 1676/19/544 1681/21/547
f 1679/20/541 1685/20/546 1677/20/541
f 1685/20/546 1679/20/541 1683/20/546
f 1677/20/543 1685/20/545 1679/20/543
f 1683/20/545 1679/20/543 1685/20/545
f 1686/21/544 1682/19/547 1680/21/544
f 1682/19/547 1686/21/544 1687/19/547
f 1680/21/542 1682/19/548 1686/21/542
f 1687/19/548 1686/21/542 1682/19/548
f 1683/20/546 1687/19/547 1685/20/546
f 1687/19/547 1683/20/546 1682/19/547
f 1685/20/545 1687/19/548 1683/20/545
f 1682/19/548 1683/20/545 1687/19/548
f 1672/18/545 1681/21/548 1684/21/548
f 1681/21/548 1672/18/545 1673/18/545
f 1684/21/547 1681/21/547 1672/18/546
f 1673/18/546 1672/18/546 1681/21/547
f 1684/21/386 1674/18/386 1672/18/386
f 1674/18/386 1684/21/386 1686/21/386
f 1686/21/386 1684/21/386 1676/19/386
f 1686/21/386 1676/19/386 1687/19/386
f 1687/19/386 1676/19/386 1677/20/386
f 1687/19/386 1677/20/386 1685/20/386
f 1672/18/385 1674/18/385 1684/21/385
f 1686/21/385 1684/21/385 1674/18/385
f 1676/19/385 1684/21/385 1686/21/385
f 1687/19/385 1676/19/385 1686/21/385
f 1677/20/385 1676/19/385 1687/19/385
f 1685/20/385 1677/20/385 1687/19/385
f 1686/21/544 1675/18/543 1674/18/543
f 1675/18/543 1686/21/544 1680/21/544
f 1674/18/541 1675/18/541 1686/21/542
f 1680/21/542 1686/21/542 1675/18/541
f 1690/22/550 1689/22/549 1688/22/550
f 1689/22/549 1690/22/550 1691/22/549
f 1688/22/552 1689/22/551 1690/22/552
f 1691/22/551 1690/22/552 1689/22/551
f 1694/23/552 1693/23/551 1692/23/551
f 1693/23/551 1694/23/552 1695/23/552
f 1692/23/549 1693/23/549 1694/23/550
f 1695/23/550 1694/23/550 1693/23/549
f 1692/23/551 1697/24/555 1696/24/555
f 1697/24/555 1692/23/551 1693/23/551
f 1696/24/556 1697/24/556 1692/23/549
f 1693/23/549 1692/23/549 1697/24/556
f 1698/24/553 1695/23/552 1694/23/552
f 1695/23/552 1698/24/553 1699/24/553
f 1694/23/550 1695/23/550 1698/24/554
f 1699/24/554 1698/24/554 1695/23/550
f 1698/24/553 1700/25/556 1699/24/553
f 1700/25/556 1698/24/553 1701/25/556
f 1699/24/554 1700/25/555 1698/24/554
f 1701/25/555 1698/24/554 1700/25/555
f 1699/24/558 1693/23/558 1695/23/558
f 1693/23/558 1699/24/558 1697/24/558
f 1697/24/558 1699/24/558 1700/25/558
f 1697/24/558 1700/25/558 1702/25/558
f 1702/25/558 1700/25/558 1691/22/558
f 1702/25/558 1691/22/558 1690/22/558
f 1695/23/557 1693/23/557 1699/24/557
f 1697/24/557 1699/24/557 1693/23/557
f 1700/25/557 1699/24/557 1697/24/557
f 1702/25/557 1700/25/557 1697/24/557
f 1691/22/557 1700/25/557 1702/25/557
f 1690/22/557 1691/22/557 1702/25/557
f 1691/22/549 1701/25/556 1689/22/549
f 1701/25/556 1691/22/549 1700/25/556
f 1689/22/551 1701/25/555 1691/22/551
f 1700/25/555 1691/22/551 1701/25/555
f 1703/25/554 1697/24/555 1702/25/554
f 1697/24/555 1703/25/554 1696/24/555
f 1702/25/553 1697/24/556 1703/25/553
f 1696/24/556 1703/25/553 1697/24/556
f 1702/25/554 1688/22/550 1703/25/554
f 1688/22/550 1702/25/554 1690/22/550
f 1703/25/553 1688/22/552 1702/25/553
f 1690/22/552 1702/25/553 1688/22/552
f 1696/24/557 1694/23/557 1692/23/557
f 1694/23/557 1696/24/557 1698/24/557
f 1698/24/557 1696/24/557 1703/25/557
f 1698/24/557 1703/25/557 1701/25/557
f 1701/25/557 1703/25/557 1688/22/557
f 1701/25/557 1688/22/557 1689/22/557
f 1692/23/558 1694/23/558 1696/24/558
f 1698/24/558 1696/24/558 1694/23/558
f 1703/25/558 1696/24/558 1698/24/558
f 1701/25/558 1703/25/558 1698/24/558
f 1688/22/558 1703/25/558 1701/25/558
f 1689/22/558 1688/22/558 1701/25/558
f 1706/26/563 1705/27/565 1704/26/563
f 1705/27/565 1706/26/563 1707/27/565
f 1704/26/564 1705/27/566 1706/26/564
f 1707/27/566 1706/26/564 1705/27/566
f 1709/26/559 1704/26/563 1708/26/559
f 1704/26/563 1709/26/559 1706/26/563
f 1708/26/561 1704/26/564 1709/26/561
f 1706/26/564 1709/26/561 1704/26/564
f 1712/27/560 1711/28/566 1710/28/566
f 1711/28/566 1712/27/560 1713/27/560
f 1710/28/565 1711/28/565 1712/27/562
f 1713/27/562 1712/27/562 1711/28/565
f 1705/27/565 1715/28/562 1714/28/562
f 1715/28/562 1705/27/565 1707/27/565
f 1714/28/560 1715/28/560 1705/27/566
f 1707/27/566 1705/27/566 1715/28/560
f 1716/29/376 1712/27/376 1710/28/376
f 1712/27/376 1716/29/376 1709/26/376
f 1709/26/376 1716/29/376 1717/29/376
f 1709/26/376 1717/29/376 1706/26/376
f 1706/26/376 1717/29/376 1715/28/376
f 1706/26/376 1715/28/376 1707/27/376
f 1710/28/373 1712/27/373 1716/29/373
f 1709/26/373 1716/29/373 1712/27/373
f 1717/29/373 1716/29/373 1709/26/373
f 1706/26/373 1717/29/373 1709/26/373
f 1715/28/373 1717/29/373 1706/26/373
f 1707/27/373 1715/28/373 1706/26/373
f 1718/29/564 1710/28/566 1711/28/566
f 1710/28/566 1718/29/564 1716/29/564
f 1711/28/565 1710/28/565 1718/29/563
f 1716/29/563 1718/29/563 1710/28/565
f 1712/27/560 1708/26/559 1713/27/560
f 1708/26/559 1712/27/560 1709/26/559
f 1713/27/562 1708/26/561 1712/27/562
f 1709/26/561 1712/27/562 1708/26/561
f 1708/26/373 1711/28/373 1713/27/373
f 1711/28/373 1708/26/373 1718/29/373
f 1718/29/373 1708/26/373 1704/26/373
f 1718/29/373 1704/26/373 1719/29/373
f 1719/29/373 1704/26/373 1705/27/373
f 1719/29/373 1705/27/373 1714/28/373
f 1713/27/376 1711/28/376 1708/26/376
f 1718/29/376 1708/26/376 1711/28/376
f 1704/26/376 1708/26/376 1718/29/376
f 1719/29/376 1704/26/376 1718/29/376
f 1705/27/376 1704/26/376 1719/29/376
f 1714/28/376 1705/27/376 1719/29/376
f 1714/28/562 1717/29/561 1719/29/561
f 1717/29/561 1714/28/562 1715/28/562
f 1719/29/559 1717/29/559 1714/28/560
f 1715/28/560 1714/28/560 1717/29/559
f 1719/29/561 1716/29/564 1718/29/564
f 1716/29/564 1719/29/561 1717/29/561
f 1718/29/563 1716/29/563 1719/29/559
f 1717/29/559 1719/29/559 1716/29/563
f 1722/12/368 1721/11/368 1720/12/368
f 1721/11/368 1722/12/368 1723/11/368
f 1720/12/367 1721/11/367 1722/12/367
f 1723/11/367 1722/12/367 1721/11/367
f 1722/12/356 1724/11/356 1723/11/356
f 1724/11/356 1722/12/356 1725/12/356
f 1723/11/355 1724/11/355 1722/12/355
f 1725/12/355 1722/12/355 1724/11/355
f 1726/11/395 1720/12/397 1721/11/397
f 1720/12/397 1726/11/395 1727/12/395
f 1721/11/398 1720/12/398 1726/11/396
f 1727/12/396 1726/11/396 1720/12/398
f 1724/11/392 1729/12/391 1728/11/391
f 1729/12/391 1724/11/392 1725/12/392
f 1728/11/394 1729/12/394 1724/11/393
f 1725/12/393 1724/11/393 1729/12/394
f 1727/12/81 1722/12/81 1720/12/81
f 1722/12/81 1727/12/81 1725/12/81
f 1725/12/81 1727/12/81 1729/12/81
f 1720/12/82 1722/12/82 1727/12/82
f 1725/12/82 1727/12/82 1722/12/82
f 1729/12/82 1727/12/82 1725/12/82
f 1729/12/391 1726/11/395 1728/11/391
f 1726/11/395 1729/12/391 1727/12/395
f 1728/11/394 1726/11/396 1729/12/394
f 1727/12/396 1729/12/394 1726/11/396
f 1732/13/356 1731/11/356 1730/11/356
f 1731/11/356 1732/13/356 1733/13/356
f 1730/11/355 1731/11/355 1732/13/355
f 1733/13/355 1732/13/355 1731/11/355
f 1732/13/368 1735/11/368 1734/13/368
f 1735/11/368 1732/13/368 1730/11/368
f 1734/13/367 1735/11/367 1732/13/367
f 1730/11/367 1732/13/367 1735/11/367
f 1736/13/81 1732/13/81 1734/13/81
f 1732/13/81 1736/13/81 1733/13/81
f 1733/13/81 1736/13/81 1737/13/81
f 1734/13/82 1732/13/82 1736/13/82
f 1733/13/82 1736/13/82 1732/13/82
f 1737/13/82 1736/13/82 1733/13/82
f 1731/11/82 1735/11/82 1730/11/82
f 1735/11/82 1731/11/82 1738/11/82
f 1738/11/82 1731/11/82 1739/11/82
f 1730/11/81 1735/11/81 1731/11/81
f 1738/11/81 1731/11/81 1735/11/81
f 1739/11/81 1731/11/81 1738/11/81
f 1731/11/392 1737/13/391 1739/11/391
f 1737/13/391 1731/11/392 1733/13/392
f 1739/11/394 1737/13/394 1731/11/393
f 1733/13/393 1731/11/393 1737/13/394
f 1737/13/391 1738/11/567 1739/11/391
f 1738/11/567 1737/13/391 1736/13/567
f 1739/11/394 1738/11/568 1737/13/394
f 1736/13/568 1737/13/394 1738/11/568
f 1738/11/567 1734/13/397 1735/11/397
f 1734/13/397 1738/11/567 1736/13/567
f 1735/11/398 1734/13/398 1738/11/568
f 1736/13/568 1738/11/568 1734/13/398
f 1742/12/399 1741/11/399 1740/12/399
f 1741/11/399 1742/12/399 1743/11/399
f 1740/12/400 1741/11/400 1742/12/400
f 1743/11/400 1742/12/400 1741/11/400
f 1742/12/401 1744/11/401 1743/11/401
f 1744/11/401 1742/12/401 1745/12/401
f 1743/11/402 1744/11/402 1742/12/402
f 1745/12/402 1742/12/402 1744/11/402
f 1746/11/407 1740/12/409 1741/11/409
f 1740/12/409 1746/11/407 1747/12/407
f 1741/11/410 1740/12/410 1746/11/408
f 1747/12/408 1746/11/408 1740/12/410
f 1744/11/404 1749/12/403 1748/11/403
f 1749/12/403 1744/11/404 1745/12/404
f 1748/11/406 1749/12/406 1744/11/405
f 1745/12/405 1744/11/405 1749/12/406
f 1747/12/81 1742/12/81 1740/12/81
f 1742/12/81 1747/12/81 1745/12/81
f 1745/12/81 1747/12/81 1749/12/81
f 1740/12/82 1742/12/82 1747/12/82
f 1745/12/82 1747/12/82 1742/12/82
f 1749/12/82 1747/12/82 1745/12/82
f 1749/12/403 1746/11/407 1748/11/403
f 1746/11/407 1749/12/403 1747/12/407
f 1748/11/406 1746/11/408 1749/12/406
f 1747/12/408 1749/12/406 1746/11/408
f 1752/13/401 1751/11/401 1750/11/401
f 1751/11/401 1752/13/401 1753/13/401
f 1750/11/402 1751/11/402 1752/13/402
f 1753/13/402 1752/13/402 1751/11/402
f 1752/13/399 1755/11/399 1754/13/399
f 1755/11/399 1752/13/399 1750/11/399
f 1754/13/400 1755/11/400 1752/13/400
f 1750/11/400 1752/13/400 1755/11/400
f 1756/13/81 1752/13/81 1754/13/81
f 1752/13/81 1756/13/81 1753/13/81
f 1753/13/81 1756/13/81 1757/13/81
f 1754/13/82 1752/13/82 1756/13/82
f 1753/13/82 1756/13/82 1752/13/82
f 1757/13/82 1756/13/82 1753/13/82
f 1751/11/82 1755/11/82 1750/11/82
f 1755/11/82 1751/11/82 1758/11/82
f 1758/11/82 1751/11/82 1759/11/82
f 1750/11/81 1755/11/81 1751/11/81
f 1758/11/81 1751/11/81 1755/11/81
f 1759/11/81 1751/11/81 1758/11/81
f 1751/11/404 1757/13/403 1759/11/403
f 1757/13/403 1751/11/404 1753/13/404
f 1759/11/406 1757/13/406 1751/11/405
f 1753/13/405 1751/11/405 1757/13/406
f 1757/13/403 1758/11/569 1759/11/403
f 1758/11/569 1757/13/403 1756/13/569
f 1759/11/406 1758/11/570 1757/13/406
f 1756/13/570 1757/13/406 1758/11/570
f 1758/11/569 1754/13/409 1755/11/409
f 1754/13/409 1758/11/569 1756/13/569
f 1755/11/410 1754/13/410 1758/11/570
f 1756/13/570 1758/11/570 1754/13/410
f 1762/12/399 1761/11/399 1760/12/399
f 1761/11/399 1762/12/399 1763/11/399
f 1760/12/400 1761/11/400 1762/12/400
f 1763/11/400 1762/12/400 1761/11/400
f 1762/12/401 1764/11/401 1763/11/401
f 1764/11/401 1762/12/401 1765/12/401
f 1763/11/402 1764/11/402 1762/12/402
f 1765/12/402 1762/12/402 1764/11/402
f 1766/11/407 1760/12/409 1761/11/409
f 1760/12/409 1766/11/407 1767/12/407
f 1761/11/410 1760/12/410 1766/11/408
f 1767/12/408 1766/11/408 1760/12/410
f 1764/11/404 1769/12/403 1768/11/403
f 1769/12/403 1764/11/404 1765/12/404
f 1768/11/406 1769/12/406 1764/11/405
f 1765/12/405 1764/11/405 1769/12/406
f 1767/12/81 1762/12/81 1760/12/81
f 1762/12/81 1767/12/81 1765/12/81
f 1765/12/81 1767/12/81 1769/12/81
f 1760/12/82 1762/12/82 1767/12/82
f 1765/12/82 1767/12/82 1762/12/82
f 1769/12/82 1767/12/82 1765/12/82
f 1769/12/403 1766/11/407 1768/11/403
f 1766/11/407 1769/12/403 1767/12/407
f 1768/11/406 1766/11/408 1769/12/406
f 1767/12/408 1769/12/406 1766/11/408
f 1100/13/401 1771/11/401 1770/11/401
f 1771/11/401 1100/13/401 1772/13/401
f 1770/11/402 1771/11/402 1100/13/402
f 1772/13/402 1100/13/402 1771/11/402
f 1100/13/399 1773/11/399 1536/13/399
f 1773/11/399 1100/13/399 1770/11/399
f 1536/13/400 1773/11/400 1100/13/400
f 1770/11/400 1100/13/400 1773/11/400
f 1774/13/81 1100/13/81 1536/13/81
f 1100/13/81 1774/13/81 1772/13/81
f 1772/13/81 1774/13/81 1775/13/81
f 1536/13/82 1100/13/82 1774/13/82
f 1772/13/82 1774/13/82 1100/13/82
f 1775/13/82 1774/13/82 1772/13/82
f 1771/11/82 1773/11/82 1770/11/82
f 1773/11/82 1771/11/82 1776/11/82
f 1776/11/82 1771/11/82 1777/11/82
f 1770/11/81 1773/11/81 1771/11/81
f 1776/11/81 1771/11/81 1773/11/81
f 1777/11/81 1771/11/81 1776/11/81
f 1771/11/404 1775/13/403 1777/11/403
f 1775/13/403 1771/11/404 1772/13/404
f 1777/11/406 1775/13/406 1771/11/405
f 1772/13/405 1771/11/405 1775/13/406
f 1775/13/403 1776/11/569 1777/11/403
f 1776/11/569 1775/13/403 1774/13/569
f 1777/11/406 1776/11/570 1775/13/406
f 1774/13/570 1775/13/406 1776/11/570
f 1776/11/569 1536/13/409 1773/11/409
f 1536/13/409 1776/11/569 1774/13/569
f 1773/11/410 1536/13/410 1776/11/570
f 1774/13/570 1776/11/570 1536/13/410
f 1780/12/390 1779/11/390 1778/12/390
f 1779/11/390 1780/12/390 1274/11/390
f 1778/12/389 1779/11/389 1780/12/389
f 1274/11/389 1780/12/389 1779/11/389
f 1780/12/388 1781/11/388 1274/11/388
f 1781/11/388 1780/12/388 1782/12/388
f 1274/11/387 1781/11/387 1780/12/387
f 1782/12/387 1780/12/387 1781/11/387
f 1783/11/408 1778/12/410 1779/11/410
f 1778/12/410 1783/11/408 1784/12/408
f 1779/11/409 1778/12/409 1783/11/407
f 1784/12/407 1783/11/407 1778/12/409
f 1781/11/405 1786/12/406 1785/11/406
f 1786/12/406 1781/11/405 1782/12/405
f 1785/11/403 1786/12/403 1781/11/404
f 1782/12/404 1781/11/404 1786/12/403
f 1784/12/81 1780/12/81 1778/12/81
f 1780/12/81 1784/12/81 1782/12/81
f 1782/12/81 1784/12/81 1786/12/81
f 1778/12/82 1780/12/82 1784/12/82
f 1782/12/82 1784/12/82 1780/12/82
f 1786/12/82 1784/12/82 1782/12/82
f 1786/12/406 1783/11/408 1785/11/406
f 1783/11/408 1786/12/406 1784/12/408
f 1785/11/403 1783/11/407 1786/12/403
f 1784/12/407 1786/12/403 1783/11/407
f 1120/13/388 1788/11/388 1787/11/388
f 1788/11/388 1120/13/388 1789/13/388
f 1787/11/387 1788/11/387 1120/13/387
f 1789/13/387 1120/13/387 1788/11/387
f 1120/13/390 1790/11/390 1641/13/390
f 1790/11/390 1120/13/390 1787/11/390
f 1641/13/389 1790/11/389 1120/13/389
f 1787/11/389 1120/13/389 1790/11/389
f 1791/13/81 1120/13/81 1641/13/81
f 1120/13/81 1791/13/81 1789/13/81
f 1789/13/81 1791/13/81 1792/13/81
f 1641/13/82 1120/13/82 1791/13/82
f 1789/13/82 1791/13/82 1120/13/82
f 1792/13/82 1791/13/82 1789/13/82
f 1788/11/82 1790/11/82 1787/11/82
f 1790/11/82 1788/11/82 1793/11/82
f 1793/11/82 1788/11/82 1794/11/82
f 1787/11/81 1790/11/81 1788/11/81
f 1793/11/81 1788/11/81 1790/11/81
f 1794/11/81 1788/11/81 1793/11/81
f 1788/11/405 1792/13/406 1794/11/406
f 1792/13/406 1788/11/405 1789/13/405
f 1794/11/403 1792/13/403 1788/11/404
f 1789/13/404 1788/11/404 1792/13/403
f 1792/13/406 1793/11/570 1794/11/406
f 1793/11/570 1792/13/406 1791/13/570
f 1794/11/403 1793/11/569 1792/13/403
f 1791/13/569 1792/13/403 1793/11/569
f 1793/11/570 1641/13/410 1790/11/410
f 1641/13/410 1793/11/570 1791/13/570
f 1790/11/409 1641/13/409 1793/11/569
f 1791/13/569 1793/11/569 1641/13/409
f 1797/12/390 1796/11/390 1795/12/390
f 1796/11/390 1797/12/390 1798/11/390
f 1795/12/389 1796/11/389 1797/12/389
f 1798/11/389 1797/12/389 1796/11/389
f 1797/12/388 1799/11/388 1798/11/388
f 1799/11/388 1797/12/388 1800/12/388
f 1798/11/387 1799/11/387 1797/12/387
f 1800/12/387 1797/12/387 1799/11/387
f 1801/11/408 1795/12/410 1796/11/410
f 1795/12/410 1801/11/408 1802/12/408
f 1796/11/409 1795/12/409 1801/11/407
f 1802/12/407 1801/11/407 1795/12/409
f 1799/11/405 1804/12/406 1803/11/406
f 1804/12/406 1799/11/405 1800/12/405
f 1803/11/403 1804/12/403 1799/11/404
f 1800/12/404 1799/11/404 1804/12/403
f 1802/12/81 1797/12/81 1795/12/81
f 1797/12/81 1802/12/81 1800/12/81
f 1800/12/81 1802/12/81 1804/12/81
f 1795/12/82 1797/12/82 1802/12/82
f 1800/12/82 1802/12/82 1797/12/82
f 1804/12/82 1802/12/82 1800/12/82
f 1804/12/406 1801/11/408 1803/11/406
f 1801/11/408 1804/12/406 1802/12/408
f 1803/11/403 1801/11/407 1804/12/403
f 1802/12/407 1804/12/403 1801/11/407
f 1115/13/388 1806/11/388 1805/11/388
f 1806/11/388 1115/13/388 1637/13/388
f 1805/11/387 1806/11/387 1115/13/387
f 1637/13/387 1115/13/387 1806/11/387
f 1115/13/390 1808/11/390 1807/13/390
f 1808/11/390 1115/13/390 1805/11/390
f 1807/13/389 1808/11/389 1115/13/389
f 1805/11/389 1115/13/389 1808/11/389
f 1809/13/81 1115/13/81 1807/13/81
f 1115/13/81 1809/13/81 1637/13/81
f 1637/13/81 1809/13/81 1810/13/81
f 1807/13/82 1115/13/82 1809/13/82
f 1637/13/82 1809/13/82 1115/13/82
f 1810/13/82 1809/13/82 1637/13/82
f 1806/11/82 1808/11/82 1805/11/82
f 1808/11/82 1806/11/82 1811/11/82
f 1811/11/82 1806/11/82 1812/11/82
f 1805/11/81 1808/11/81 1806/11/81
f 1811/11/81 1806/11/81 1808/11/81
f 1812/11/81 1806/11/81 1811/11/81
f 1806/11/405 1810/13/406 1812/11/406
f 1810/13/406 1806/11/405 1637/13/405
f 1812/11/403 1810/13/403 1806/11/404
f 1637/13/404 1806/11/404 1810/13/403
f 1810/13/406 1811/11/570 1812/11/406
f 1811/11/570 1810/13/406 1809/13/570
f 1812/11/403 1811/11/569 1810/13/403
f 1809/13/569 1810/13/403 1811/11/569
f 1811/11/570 1807/13/410 1808/11/410
f 1807/13/410 1811/11/570 1809/13/570
f 1808/11/409 1807/13/409 1811/11/569
f 1809/13/569 1811/11/569 1807/13/409
f 1813/12/414 1177/11/414 1176/11/414
f 1177/11/414 1813/12/414 1814/12/414
f 1176/11/412 1177/11/412 1813/12/412
f 1814/12/412 1813/12/412 1177/11/412
f 1813/12/417 1816/11/417 1815/12/417
f 1816/11/417 1813/12/417 1176/11/417
f 1815/12/418 1816/11/418 1813/12/418
f 1176/11/418 1813/12/418 1816/11/418
f 1177/11/418 1818/12/418 1817/11/418
f 1818/12/418 1177/11/418 1814/12/418
f 1817/11/417 1818/12/417 1177/11/417
f 1814/12/417 1177/11/417 1818/12/417
f 1815/12/81 1814/12/81 1813/12/81
f 1814/12/81 1815/12/81 1819/12/81
f 1814/12/81 1819/12/81 1818/12/81
f 1813/12/82 1814/12/82 1815/12/82
f 1819/12/82 1815/12/82 1814/12/82
f 1818/12/82 1819/12/82 1814/12/82
f 1818/12/411 1820/11/412 1817/11/411
f 1820/11/412 1818/12/411 1819/12/412
f 1817/11/413 1820/11/414 1818/12/413
f 1819/12/414 1818/12/413 1820/11/414
f 1819/12/412 1816/11/415 1820/11/412
f 1816/11/415 1819/12/412 1815/12/415
f 1820/11/414 1816/11/416 1819/12/414
f 1815/12/416 1819/12/414 1816/11/416
f 1823/13/412 1822/11/571 1821/11/412
f 1822/11/571 1823/13/412 1824/13/571
f 1821/11/414 1822/11/572 1823/13/414
f 1824/13/572 1823/13/414 1822/11/572
f 1827/13/574 1826/11/573 1825/13/573
f 1826/11/573 1827/13/574 1828/11/574
f 1825/13/576 1826/11/576 1827/13/575
f 1828/11/575 1827/13/575 1826/11/576
f 1824/13/571 1826/11/573 1822/11/571
f 1826/11/573 1824/13/571 1825/13/573
f 1822/11/572 1826/11/576 1824/13/572
f 1825/13/576 1824/13/572 1826/11/576
f 1830/13/577 1821/11/412 1829/11/577
f 1821/11/412 1830/13/577 1823/13/412
f 1829/11/578 1821/11/414 1830/13/578
f 1823/13/414 1830/13/578 1821/11/414
f 1825/13/81 1831/13/81 1827/13/81
f 1831/13/81 1825/13/81 1824/13/81
f 1831/13/81 1824/13/81 1823/13/81
f 1831/13/81 1823/13/81 1830/13/81
f 1831/13/81 1830/13/81 1832/13/81
f 1827/13/82 1831/13/82 1825/13/82
f 1824/13/82 1825/13/82 1831/13/82
f 1823/13/82 1824/13/82 1831/13/82
f 1830/13/82 1823/13/82 1831/13/82
f 1832/13/82 1830/13/82 1831/13/82
f 1834/11/580 1832/13/579 1833/11/579
f 1832/13/579 1834/11/580 1831/13/580
f 1833/11/582 1832/13/582 1834/11/581
f 1831/13/581 1834/11/581 1832/13/582
f 1833/11/579 1830/13/577 1829/11/577
f 1830/13/577 1833/11/579 1832/13/579
f 1829/11/578 1830/13/578 1833/11/582
f 1832/13/582 1833/11/582 1830/13/578
f 1179/13/417 1836/11/417 1835/13/417
f 1836/11/417 1179/13/417 557/11/417
f 1835/13/418 1836/11/418 1179/13/418
f 557/11/418 1179/13/418 1836/11/418
f 1322/13/583 1838/11/412 1837/11/583
f 1838/11/412 1322/13/583 1839/13/412
f 1837/11/584 1838/11/414 1322/13/584
f 1839/13/414 1322/13/584 1838/11/414
f 1179/13/414 1840/11/414 557/11/414
f 1840/11/414 1179/13/414 1180/13/414
f 557/11/412 1840/11/412 1179/13/412
f 1180/13/412 1179/13/412 1840/11/412
f 1839/13/412 1836/11/585 1838/11/412
f 1836/11/585 1839/13/412 1835/13/585
f 1838/11/414 1836/11/586 1839/13/414
f 1835/13/586 1839/13/414 1836/11/586
f 1840/11/82 1836/11/82 557/11/82
f 1836/11/82 1840/11/82 1838/11/82
f 1838/11/82 1840/11/82 1837/11/82
f 557/11/81 1836/11/81 1840/11/81
f 1838/11/81 1840/11/81 1836/11/81
f 1837/11/81 1840/11/81 1838/11/81
f 1835/13/81 1180/13/81 1179/13/81
f 1180/13/81 1835/13/81 1839/13/81
f 1180/13/81 1839/13/81 1322/13/81
f 1179/13/82 1180/13/82 1835/13/82
f 1839/13/82 1835/13/82 1180/13/82
f 1322/13/82 1839/13/82 1180/13/82
f 1840/11/418 1322/13/418 1837/11/418
f 1322/13/418 1840/11/418 1180/13/418
f 1837/11/417 1322/13/417 1840/11/417
f 1180/13/417 1840/11/417 1322/13/417
f 1843/31/588 1842/30/587 1841/30/587
f 1842/30/587 1843/31/588 1844/31/588
f 1841/30/590 1842/30/590 1843/31/589
f 1844/31/589 1843/31/589 1842/30/590
f 1847/32/591 1846/33/592 1845/32/591
f 1846/33/592 1847/32/591 1848/33/592
f 1845/32/593 1846/33/594 1847/32/593
f 1848/33/594 1847/32/593 1846/33/594
f 1850/30/411 1844/31/411 1849/31/411
f 1844/31/411 1850/30/411 1842/30/411
f 1842/30/411 1850/30/411 1851/32/411
f 1842/30/411 1851/32/411 1847/32/411
f 1847/32/411 1851/32/411 1852/33/411
f 1847/32/411 1852/33/411 1848/33/411
f 1849/31/413 1844/31/413 1850/30/413
f 1842/30/413 1850/30/413 1844/31/413
f 1851/32/413 1850/30/413 1842/30/413
f 1847/32/413 1851/32/413 1842/30/413
f 1852/33/413 1851/32/413 1847/32/413
f 1848/33/413 1852/33/413 1847/32/413
f 1848/33/592 1853/33/589 1846/33/592
f 1853/33/589 1848/33/592 1852/33/589
f 1846/33/594 1853/33/588 1848/33/594
f 1852/33/588 1848/33/594 1853/33/588
f 1855/30/593 1849/31/594 1854/31/594
f 1849/31/594 1855/30/593 1850/30/593
f 1854/31/592 1849/31/592 1855/30/591
f 1850/30/591 1855/30/591 1849/31/592
f 1841/30/413 1854/31/413 1843/31/413
f 1854/31/413 1841/30/413 1855/30/413
f 1855/30/413 1841/30/413 1845/32/413
f 1855/30/413 1845/32/413 1856/32/413
f 1856/32/413 1845/32/413 1846/33/413
f 1856/32/413 1846/33/413 1853/33/413
f 1843/31/411 1854/31/411 1841/30/411
f 1855/30/411 1841/30/411 1854/31/411
f 1845/32/411 1841/30/411 1855/30/411
f 1856/32/411 1845/32/411 1855/30/411
f 1846/33/411 1845/32/411 1856/32/411
f 1853/33/411 1846/33/411 1856/32/411
f 1852/33/589 1856/32/590 1853/33/589
f 1856/32/590 1852/33/589 1851/32/590
f 1853/33/588 1856/32/587 1852/33/588
f 1851/32/587 1852/33/588 1856/32/587
f 1854/31/594 1844/31/588 1843/31/588
f 1844/31/588 1854/31/594 1849/31/594
f 1843/31/589 1844/31/589 1854/31/592
f 1849/31/592 1854/31/592 1844/31/589
f 1845/32/591 1842/30/587 1847/32/591
f 1842/30/587 1845/32/591 1841/30/587
f 1847/32/593 1842/30/590 1845/32/593
f 1841/30/590 1845/32/593 1842/30/590
f 1855/30/593 1851/32/590 1850/30/593
f 1851/32/590 1855/30/593 1856/32/590
f 1850/30/591 1851/32/587 1855/30/591
f 1856/32/587 1855/30/591 1851/32/587
f 1859/35/593 1858/34/594 1857/34/594
f 1858/34/594 1859/35/593 1860/35/593
f 1857/34/592 1858/34/592 1859/35/591
f 1860/35/591 1859/35/591 1858/34/592
f 1862/35/413 1857/34/413 1861/34/413
f 1857/34/413 1862/35/413 1859/35/413
f 1859/35/413 1862/35/413 1863/36/413
f 1859/35/413 1863/36/413 1864/36/413
f 1864/36/413 1863/36/413 1865/37/413
f 1864/36/413 1865/37/413 1866/37/413
f 1861/34/411 1857/34/411 1862/35/411
f 1859/35/411 1862/35/411 1857/34/411
f 1863/36/411 1862/35/411 1859/35/411
f 1864/36/411 1863/36/411 1859/35/411
f 1865/37/411 1863/36/411 1864/36/411
f 1866/37/411 1865/37/411 1864/36/411
f 1857/34/594 1867/34/588 1861/34/588
f 1867/34/588 1857/34/594 1858/34/594
f 1861/34/589 1867/34/589 1857/34/592
f 1858/34/592 1857/34/592 1867/34/589
f 1861/34/588 1868/35/587 1862/35/587
f 1868/35/587 1861/34/588 1867/34/588
f 1862/35/590 1868/35/590 1861/34/589
f 1867/34/589 1861/34/589 1868/35/590
f 1869/37/592 1866/37/589 1865/37/592
f 1866/37/589 1869/37/592 1870/37/589
f 1865/37/594 1866/37/588 1869/37/594
f 1870/37/588 1869/37/594 1866/37/588
f 1863/36/591 1868/35/587 1871/36/591
f 1868/35/587 1863/36/591 1862/35/587
f 1871/36/593 1868/35/590 1863/36/593
f 1862/35/590 1863/36/593 1868/35/590
f 1870/37/589 1864/36/590 1866/37/589
f 1864/36/590 1870/37/589 1872/36/590
f 1866/37/588 1864/36/587 1870/37/588
f 1872/36/587 1870/37/588 1864/36/587
f 1859/35/593 1872/36/590 1860/35/593
f 1872/36/590 1859/35/593 1864/36/590
f 1860/35/591 1872/36/587 1859/35/591
f 1864/36/587 1859/35/591 1872/36/587
f 1871/36/591 1865/37/592 1863/36/591
f 1865/37/592 1871/36/591 1869/37/592
f 1863/36/593 1865/37/594 1871/36/593
f 1869/37/594 1871/36/593 1865/37/594
f 1860/35/411 1867/34/411 1858/34/411
f 1867/34/411 1860/35/411 1868/35/411
f 1868/35/411 1860/35/411 1872/36/411
f 1868/35/411 1872/36/411 1871/36/411
f 1871/36/411 1872/36/411 1870/37/411
f 1871/36/411 1870/37/411 1869/37/411
f 1858/34/413 1867/34/413 1860/35/413
f 1868/35/413 1860/35/413 1867/34/413
f 1872/36/413 1860/35/413 1868/35/413
f 1871/36/413 1872/36/413 1868/35/413
f 1870/37/413 1872/36/413 1871/36/413
f 1869/37/413 1870/37/413 1871/36/413
f 1875/38/595 1874/39/596 1873/38/595
f 1874/39/596 1875/38/595 1876/39/596
f 1873/38/597 1874/39/598 1875/38/597
f 1876/39/598 1875/38/597 1874/39/598
f 1879/38/599 1878/40/597 1877/38/599
f 1878/40/597 1879/38/599 1880/40/597
f 1877/38/600 1878/40/595 1879/38/600
f 1880/40/595 1879/38/600 1878/40/595
f 1878/40/597 1882/41/598 1881/41/598
f 1882/41/598 1878/40/597 1880/40/597
f 1881/41/596 1882/41/596 1878/40/595
f 1880/40/595 1878/40/595 1882/41/596
f 1877/38/415 1874/39/415 1883/39/415
f 1874/39/415 1877/38/415 1873/38/415
f 1873/38/415 1877/38/415 1878/40/415
f 1873/38/415 1878/40/415 1884/40/415
f 1884/40/415 1878/40/415 1881/41/415
f 1884/40/415 1881/41/415 1885/41/415
f 1883/39/416 1874/39/416 1877/38/416
f 1873/38/416 1877/38/416 1874/39/416
f 1878/40/416 1877/38/416 1873/38/416
f 1884/40/416 1878/40/416 1873/38/416
f 1881/41/416 1878/40/416 1884/40/416
f 1885/41/416 1881/41/416 1884/40/416
f 1876/39/596 1883/39/601 1874/39/596
f 1883/39/601 1876/39/596 1886/39/601
f 1874/39/598 1883/39/602 1876/39/598
f 1886/39/602 1876/39/598 1883/39/602
f 1875/38/416 1886/39/416 1876/39/416
f 1886/39/416 1875/38/416 1879/38/416
f 1879/38/416 1875/38/416 1887/40/416
f 1879/38/416 1887/40/416 1880/40/416
f 1880/40/416 1887/40/416 1888/41/416
f 1880/40/416 1888/41/416 1882/41/416
f 1876/39/415 1886/39/415 1875/38/415
f 1879/38/415 1875/38/415 1886/39/415
f 1887/40/415 1875/38/415 1879/38/415
f 1880/40/415 1887/40/415 1879/38/415
f 1888/41/415 1887/40/415 1880/40/415
f 1882/41/415 1888/41/415 1880/40/415
f 1881/41/598 1888/41/602 1885/41/602
f 1888/41/602 1881/41/598 1882/41/598
f 1885/41/601 1888/41/601 1881/41/596
f 1882/41/596 1881/41/596 1888/41/601
f 1886/39/601 1877/38/599 1883/39/601
f 1877/38/599 1886/39/601 1879/38/599
f 1883/39/602 1877/38/600 1886/39/602
f 1879/38/600 1886/39/602 1877/38/600
f 1885/41/602 1887/40/600 1884/40/600
f 1887/40/600 1885/41/602 1888/41/602
f 1884/40/599 1887/40/599 1885/41/601
f 1888/41/601 1885/41/601 1887/40/599
f 1887/40/600 1873/38/595 1884/40/600
f 1873/38/595 1887/40/600 1875/38/595
f 1884/40/599 1873/38/597 1887/40/599
f 1875/38/597 1887/40/599 1873/38/597
f 1889/12/388 1064/11/388 1186/11/388
f 1064/11/388 1889/12/388 1415/12/388
f 1186/11/387 1064/11/387 1889/12/387
f 1415/12/387 1889/12/387 1064/11/387
f 1889/12/390 1891/11/390 1890/12/390
f 1891/11/390 1889/12/390 1186/11/390
f 1890/12/389 1891/11/389 1889/12/389
f 1186/11/389 1889/12/389 1891/11/389
f 1064/11/389 1893/12/389 1892/11/389
f 1893/12/389 1064/11/389 1415/12/389
f 1892/11/390 1893/12/390 1064/11/390
f 1415/12/390 1064/11/390 1893/12/390
f 1890/12/81 1415/12/81 1889/12/81
f 1415/12/81 1890/12/81 1894/12/81
f 1415/12/81 1894/12/81 1893/12/81
f 1889/12/82 1415/12/82 1890/12/82
f 1894/12/82 1890/12/82 1415/12/82
f 1893/12/82 1894/12/82 1415/12/82
f 1893/12/413 1895/11/387 1892/11/413
f 1895/11/387 1893/12/413 1894/12/387
f 1892/11/411 1895/11/388 1893/12/411
f 1894/12/388 1893/12/411 1895/11/388
f 1894/12/387 1891/11/416 1895/11/387
f 1891/11/416 1894/12/387 1890/12/416
f 1895/11/388 1891/11/415 1894/12/388
f 1890/12/415 1894/12/388 1891/11/415
f 1898/13/387 1897/11/572 1896/11/387
f 1897/11/572 1898/13/387 1899/13/572
f 1896/11/388 1897/11/571 1898/13/388
f 1899/13/571 1898/13/388 1897/11/571
f 1902/13/575 1901/11/576 1900/13/576
f 1901/11/576 1902/13/575 1903/11/575
f 1900/13/573 1901/11/573 1902/13/574
f 1903/11/574 1902/13/574 1901/11/573
f 1899/13/572 1901/11/576 1897/11/572
f 1901/11/576 1899/13/572 1900/13/576
f 1897/11/571 1901/11/573 1899/13/571
f 1900/13/573 1899/13/571 1901/11/573
f 1905/13/578 1896/11/387 1904/11/578
f 1896/11/387 1905/13/578 1898/13/387
f 1904/11/577 1896/11/388 1905/13/577
f 1898/13/388 1905/13/577 1896/11/388
f 1900/13/81 1906/13/81 1902/13/81
f 1906/13/81 1900/13/81 1899/13/81
f 1906/13/81 1899/13/81 1898/13/81
f 1906/13/81 1898/13/81 1905/13/81
f 1906/13/81 1905/13/81 1907/13/81
f 1902/13/82 1906/13/82 1900/13/82
f 1899/13/82 1900/13/82 1906/13/82
f 1898/13/82 1899/13/82 1906/13/82
f 1905/13/82 1898/13/82 1906/13/82
f 1907/13/82 1905/13/82 1906/13/82
f 1909/11/581 1907/13/582 1908/11/582
f 1907/13/582 1909/11/581 1906/13/581
f 1908/11/579 1907/13/579 1909/11/580
f 1906/13/580 1909/11/580 1907/13/579
f 1908/11/582 1905/13/578 1904/11/578
f 1905/13/578 1908/11/582 1907/13/582
f 1904/11/577 1905/13/577 1908/11/579
f 1907/13/579 1908/11/579 1905/13/577
f 1188/13/390 1911/11/390 1910/13/390
f 1911/11/390 1188/13/390 1912/11/390
f 1910/13/389 1911/11/389 1188/13/389
f 1912/11/389 1188/13/389 1911/11/389
f 1427/13/584 1914/11/387 1913/11/584
f 1914/11/387 1427/13/584 1915/13/387
f 1913/11/583 1914/11/388 1427/13/583
f 1915/13/388 1427/13/583 1914/11/388
f 1188/13/388 1916/11/388 1912/11/388
f 1916/11/388 1188/13/388 1075/13/388
f 1912/11/387 1916/11/387 1188/13/387
f 1075/13/387 1188/13/387 1916/11/387
f 1915/13/387 1911/11/586 1914/11/387
f 1911/11/586 1915/13/387 1910/13/586
f 1914/11/388 1911/11/585 1915/13/388
f 1910/13/585 1915/13/388 1911/11/585
f 1916/11/82 1911/11/82 1912/11/82
f 1911/11/82 1916/11/82 1914/11/82
f 1914/11/82 1916/11/82 1913/11/82
f 1912/11/81 1911/11/81 1916/11/81
f 1914/11/81 1916/11/81 1911/11/81
f 1913/11/81 1916/11/81 1914/11/81
f 1910/13/81 1075/13/81 1188/13/81
f 1075/13/81 1910/13/81 1915/13/81
f 1075/13/81 1915/13/81 1427/13/81
f 1188/13/82 1075/13/82 1910/13/82
f 1915/13/82 1910/13/82 1075/13/82
f 1427/13/82 1915/13/82 1075/13/82
f 1916/11/389 1427/13/389 1913/11/389
f 1427/13/389 1916/11/389 1075/13/389
f 1913/11/390 1427/13/390 1916/11/390
f 1075/13/390 1916/11/390 1427/13/390
f 1919/31/594 1918/30/593 1917/30/593
f 1918/30/593 1919/31/594 1920/31/594
f 1917/30/591 1918/30/591 1919/31/592
f 1920/31/592 1919/31/592 1918/30/591
f 1923/32/590 1922/33/589 1921/32/590
f 1922/33/589 1923/32/590 1924/33/589
f 1921/32/587 1922/33/588 1923/32/587
f 1924/33/588 1923/32/587 1922/33/588
f 1926/30/413 1920/31/413 1925/31/413
f 1920/31/413 1926/30/413 1918/30/413
f 1918/30/413 1926/30/413 1927/32/413
f 1918/30/413 1927/32/413 1923/32/413
f 1923/32/413 1927/32/413 1928/33/413
f 1923/32/413 1928/33/413 1924/33/413
f 1925/31/411 1920/31/411 1926/30/411
f 1918/30/411 1926/30/411 1920/31/411
f 1927/32/411 1926/30/411 1918/30/411
f 1923/32/411 1927/32/411 1918/30/411
f 1928/33/411 1927/32/411 1923/32/411
f 1924/33/411 1928/33/411 1923/32/411
f 1924/33/589 1929/33/592 1922/33/589
f 1929/33/592 1924/33/589 1928/33/592
f 1922/33/588 1929/33/594 1924/33/588
f 1928/33/594 1924/33/588 1929/33/594
f 1931/30/587 1925/31/588 1930/31/588
f 1925/31/588 1931/30/587 1926/30/587
f 1930/31/589 1925/31/589 1931/30/590
f 1926/30/590 1931/30/590 1925/31/589
f 1917/30/411 1930/31/411 1919/31/411
f 1930/31/411 1917/30/411 1931/30/411
f 1931/30/411 1917/30/411 1921/32/411
f 1931/30/411 1921/32/411 1932/32/411
f 1932/32/411 1921/32/411 1922/33/411
f 1932/32/411 1922/33/411 1929/33/411
f 1919/31/413 1930/31/413 1917/30/413
f 1931/30/413 1917/30/413 1930/31/413
f 1921/32/413 1917/30/413 1931/30/413
f 1932/32/413 1921/32/413 1931/30/413
f 1922/33/413 1921/32/413 1932/32/413
f 1929/33/413 1922/33/413 1932/32/413
f 1928/33/592 1932/32/591 1929/33/592
f 1932/32/591 1928/33/592 1927/32/591
f 1929/33/594 1932/32/593 1928/33/594
f 1927/32/593 1928/33/594 1932/32/593
f 1930/31/588 1920/31/594 1919/31/594
f 1920/31/594 1930/31/588 1925/31/588
f 1919/31/592 1920/31/592 1930/31/589
f 1925/31/589 1930/31/589 1920/31/592
f 1921/32/590 1918/30/593 1923/32/590
f 1918/30/593 1921/32/590 1917/30/593
f 1923/32/587 1918/30/591 1921/32/587
f 1917/30/591 1921/32/587 1918/30/591
f 1931/30/587 1927/32/591 1926/30/587
f 1927/32/591 1931/30/587 1932/32/591
f 1926/30/590 1927/32/593 1931/30/590
f 1932/32/593 1931/30/590 1927/32/593
f 1935/35/587 1934/34/588 1933/34/588
f 1934/34/588 1935/35/587 1936/35/587
f 1933/34/589 1934/34/589 1935/35/590
f 1936/35/590 1935/35/590 1934/34/589
f 1938/35/411 1933/34/411 1937/34/411
f 1933/34/411 1938/35/411 1935/35/411
f 1935/35/411 1938/35/411 1939/36/411
f 1935/35/411 1939/36/411 1940/36/411
f 1940/36/411 1939/36/411 1941/37/411
f 1940/36/411 1941/37/411 1942/37/411
f 1937/34/413 1933/34/413 1938/35/413
f 1935/35/413 1938/35/413 1933/34/413
f 1939/36/413 1938/35/413 1935/35/413
f 1940/36/413 1939/36/413 1935/35/413
f 1941/37/413 1939/36/413 1940/36/413
f 1942/37/413 1941/37/413 1940/36/413
f 1933/34/588 1943/34/594 1937/34/594
f 1943/34/594 1933/34/588 1934/34/588
f 1937/34/592 1943/34/592 1933/34/589
f 1934/34/589 1933/34/589 1943/34/592
f 1937/34/594 1944/35/593 1938/35/593
f 1944/35/593 1937/34/594 1943/34/594
f 1938/35/591 1944/35/591 1937/34/592
f 1943/34/592 1937/34/592 1944/35/591
f 1945/37/589 1942/37/592 1941/37/589
f 1942/37/592 1945/37/589 1946/37/592
f 1941/37/588 1942/37/594 1945/37/588
f 1946/37/594 1945/37/588 1942/37/594
f 1939/36/590 1944/35/593 1947/36/590
f 1944/35/593 1939/36/590 1938/35/593
f 1947/36/587 1944/35/591 1939/36/587
f 1938/35/591 1939/36/587 1944/35/591
f 1946/37/592 1940/36/591 1942/37/592
f 1940/36/591 1946/37/592 1948/36/591
f 1942/37/594 1940/36/593 1946/37/594
f 1948/36/593 1946/37/594 1940/36/593
f 1935/35/587 1948/36/591 1936/35/587
f 1948/36/591 1935/35/587 1940/36/591
f 1936/35/590 1948/36/593 1935/35/590
f 1940/36/593 1935/35/590 1948/36/593
f 1947/36/590 1941/37/589 1939/36/590
f 1941/37/589 1947/36/590 1945/37/589
f 1939/36/587 1941/37/588 1947/36/587
f 1945/37/588 1947/36/587 1941/37/588
f 1936/35/413 1943/34/413 1934/34/413
f 1943/34/413 1936/35/413 1944/35/413
f 1944/35/413 1936/35/413 1948/36/413
f 1944/35/413 1948/36/413 1947/36/413
f 1947/36/413 1948/36/413 1946/37/413
f 1947/36/413 1946/37/413 1945/37/413
f 1934/34/411 1943/34/411 1936/35/411
f 1944/35/411 1936/35/411 1943/34/411
f 1948/36/411 1936/35/411 1944/35/411
f 1947/36/411 1948/36/411 1944/35/411
f 1946/37/411 1948/36/411 1947/36/411
f 1945/37/411 1946/37/411 1947/36/411
f 1951/38/599 1950/39/601 1949/38/599
f 1950/39/601 1951/38/599 1952/39/601
f 1949/38/600 1950/39/602 1951/38/600
f 1952/39/602 1951/38/600 1950/39/602
f 1955/38/595 1954/40/600 1953/38/595
f 1954/40/600 1955/38/595 1956/40/600
f 1953/38/597 1954/40/599 1955/38/597
f 1956/40/599 1955/38/597 1954/40/599
f 1954/40/600 1958/41/602 1957/41/602
f 1958/41/602 1954/40/600 1956/40/600
f 1957/41/601 1958/41/601 1954/40/599
f 1956/40/599 1954/40/599 1958/41/601
f 1953/38/416 1950/39/416 1959/39/416
f 1950/39/416 1953/38/416 1949/38/416
f 1949/38/416 1953/38/416 1954/40/416
f 1949/38/416 1954/40/416 1960/40/416
f 1960/40/416 1954/40/416 1957/41/416
f 1960/40/416 1957/41/416 1961/41/416
f 1959/39/415 1950/39/415 1953/38/415
f 1949/38/415 1953/38/415 1950/39/415
f 1954/40/415 1953/38/415 1949/38/415
f 1960/40/415 1954/40/415 1949/38/415
f 1957/41/415 1954/40/415 1960/40/415
f 1961/41/415 1957/41/415 1960/40/415
f 1952/39/601 1959/39/596 1950/39/601
f 1959/39/596 1952/39/601 1962/39/596
f 1950/39/602 1959/39/598 1952/39/602
f 1962/39/598 1952/39/602 1959/39/598
f 1951/38/415 1962/39/415 1952/39/415
f 1962/39/415 1951/38/415 1955/38/415
f 1955/38/415 1951/38/415 1963/40/415
f 1955/38/415 1963/40/415 1956/40/415
f 1956/40/415 1963/40/415 1964/41/415
f 1956/40/415 1964/41/415 1958/41/415
f 1952/39/416 1962/39/416 1951/38/416
f 1955/38/416 1951/38/416 1962/39/416
f 1963/40/416 1951/38/416 1955/38/416
f 1956/40/416 1963/40/416 1955/38/416
f 1964/41/416 1963/40/416 1956/40/416
f 1958/41/416 1964/41/416 1956/40/416
f 1957/41/602 1964/41/598 1961/41/598
f 1964/41/598 1957/41/602 1958/41/602
f 1961/41/596 1964/41/596 1957/41/601
f 1958/41/601 1957/41/601 1964/41/596
f 1962/39/596 1953/38/595 1959/39/596
f 1953/38/595 1962/39/596 1955/38/595
f 1959/39/598 1953/38/597 1962/39/598
f 1955/38/597 1962/39/598 1953/38/597
f 1961/41/598 1963/40/597 1960/40/597
f 1963/40/597 1961/41/598 1964/41/598
f 1960/40/595 1963/40/595 1961/41/596
f 1964/41/596 1961/41/596 1963/40/595
f 1963/40/597 1949/38/599 1960/40/597
f 1949/38/599 1963/40/597 1951/38/599
f 1960/40/595 1949/38/600 1963/40/595
f 1951/38/600 1963/40/595 1949/38/600
f 1967/12/368 1966/11/368 1965/12/368
f 1966/11/368 1967/12/368 1968/11/368
f 1965/12/367 1966/11/367 1967/12/367
f 1968/11/367 1967/12/367 1966/11/367
f 1967/12/356 1969/11/356 1968/11/356
f 1969/11/356 1967/12/356 1970/12/356
f 1968/11/355 1969/11/355 1967/12/355
f 1970/12/355 1967/12/355 1969/11/355
f 1971/11/395 1965/12/397 1966/11/397
f 1965/12/397 1971/11/395 1972/12/395
f 1966/11/398 1965/12/398 1971/11/396
f 1972/12/396 1971/11/396 1965/12/398
f 1969/11/392 1974/12/391 1973/11/391
f 1974/12/391 1969/11/392 1970/12/392
f 1973/11/394 1974/12/394 1969/11/393
f 1970/12/393 1969/11/393 1974/12/394
f 1972/12/81 1967/12/81 1965/12/81
f 1967/12/81 1972/12/81 1970/12/81
f 1970/12/81 1972/12/81 1974/12/81
f 1965/12/82 1967/12/82 1972/12/82
f 1970/12/82 1972/12/82 1967/12/82
f 1974/12/82 1972/12/82 1970/12/82
f 1974/12/391 1971/11/395 1973/11/391
f 1971/11/395 1974/12/391 1972/12/395
f 1973/11/394 1971/11/396 1974/12/394
f 1972/12/396 1974/12/394 1971/11/396
f 1188/13/356 1976/11/356 1975/11/356
f 1976/11/356 1188/13/356 1910/13/356
f 1975/11/355 1976/11/355 1188/13/355
f 1910/13/355 1188/13/355 1976/11/355
f 1188/13/368 1978/11/368 1977/13/368
f 1978/11/368 1188/13/368 1975/11/368
f 1977/13/367 1978/11/367 1188/13/367
f 1975/11/367 1188/13/367 1978/11/367
f 1979/13/81 1188/13/81 1977/13/81
f 1188/13/81 1979/13/81 1910/13/81
f 1910/13/81 1979/13/81 1980/13/81
f 1977/13/82 1188/13/82 1979/13/82
f 1910/13/82 1979/13/82 1188/13/82
f 1980/13/82 1979/13/82 1910/13/82
f 1976/11/82 1978/11/82 1975/11/82
f 1978/11/82 1976/11/82 1981/11/82
f 1981/11/82 1976/11/82 1982/11/82
f 1975/11/81 1978/11/81 1976/11/81
f 1981/11/81 1976/11/81 1978/11/81
f 1982/11/81 1976/11/81 1981/11/81
f 1976/11/392 1980/13/391 1982/11/391
f 1980/13/391 1976/11/392 1910/13/392
f 1982/11/394 1980/13/394 1976/11/393
f 1910/13/393 1976/11/393 1980/13/394
f 1980/13/391 1981/11/567 1982/11/391
f 1981/11/567 1980/13/391 1979/13/567
f 1982/11/394 1981/11/568 1980/13/394
f 1979/13/568 1980/13/394 1981/11/568
f 1981/11/567 1977/13/397 1978/11/397
f 1977/13/397 1981/11/567 1979/13/567
f 1978/11/398 1977/13/398 1981/11/568
f 1979/13/568 1981/11/568 1977/13/398
f 1985/12/399 1984/11/399 1983/12/399
f 1984/11/399 1985/12/399 1986/11/399
f 1983/12/400 1984/11/400 1985/12/400
f 1986/11/400 1985/12/400 1984/11/400
f 1985/12/401 1987/11/401 1986/11/401
f 1987/11/401 1985/12/401 1988/12/401
f 1986/11/402 1987/11/402 1985/12/402
f 1988/12/402 1985/12/402 1987/11/402
f 1989/11/407 1983/12/409 1984/11/409
f 1983/12/409 1989/11/407 1990/12/407
f 1984/11/410 1983/12/410 1989/11/408
f 1990/12/408 1989/11/408 1983/12/410
f 1987/11/404 1992/12/403 1991/11/403
f 1992/12/403 1987/11/404 1988/12/404
f 1991/11/406 1992/12/406 1987/11/405
f 1988/12/405 1987/11/405 1992/12/406
f 1990/12/81 1985/12/81 1983/12/81
f 1985/12/81 1990/12/81 1988/12/81
f 1988/12/81 1990/12/81 1992/12/81
f 1983/12/82 1985/12/82 1990/12/82
f 1988/12/82 1990/12/82 1985/12/82
f 1992/12/82 1990/12/82 1988/12/82
f 1992/12/403 1989/11/407 1991/11/403
f 1989/11/407 1992/12/403 1990/12/407
f 1991/11/406 1989/11/408 1992/12/406
f 1990/12/408 1992/12/406 1989/11/408
f 1995/13/401 1994/11/401 1993/11/401
f 1994/11/401 1995/13/401 1996/13/401
f 1993/11/402 1994/11/402 1995/13/402
f 1996/13/402 1995/13/402 1994/11/402
f 1995/13/399 1998/11/399 1997/13/399
f 1998/11/399 1995/13/399 1993/11/399
f 1997/13/400 1998/11/400 1995/13/400
f 1993/11/400 1995/13/400 1998/11/400
f 1999/13/81 1995/13/81 1997/13/81
f 1995/13/81 1999/13/81 1996/13/81
f 1996/13/81 1999/13/81 2000/13/81
f 1997/13/82 1995/13/82 1999/13/82
f 1996/13/82 1999/13/82 1995/13/82
f 2000/13/82 1999/13/82 1996/13/82
f 1994/11/82 1998/11/82 1993/11/82
f 1998/11/82 1994/11/82 2001/11/82
f 2001/11/82 1994/11/82 2002/11/82
f 1993/11/81 1998/11/81 1994/11/81
f 2001/11/81 1994/11/81 1998/11/81
f 2002/11/81 1994/11/81 2001/11/81
f 1994/11/404 2000/13/403 2002/11/403
f 2000/13/403 1994/11/404 1996/13/404
f 2002/11/406 2000/13/406 1994/11/405
f 1996/13/405 1994/11/405 2000/13/406
f 2000/13/403 2001/11/569 2002/11/403
f 2001/11/569 2000/13/403 1999/13/569
f 2002/11/406 2001/11/570 2000/13/406
f 1999/13/570 2000/13/406 2001/11/570
f 2001/11/569 1997/13/409 1998/11/409
f 1997/13/409 2001/11/569 1999/13/569
f 1998/11/410 1997/13/410 2001/11/570
f 1999/13/570 2001/11/570 1997/13/410
f 2005/12/352 2004/11/352 2003/12/352
f 2004/11/352 2005/12/352 2006/11/352
f 2003/12/351 2004/11/351 2005/12/351
f 2006/11/351 2005/12/351 2004/11/351
f 2005/12/340 2007/11/340 2006/11/340
f 2007/11/340 2005/12/340 2008/12/340
f 2006/11/339 2007/11/339 2005/12/339
f 2008/12/339 2005/12/339 2007/11/339
f 2009/11/423 2003/12/425 2004/11/425
f 2003/12/425 2009/11/423 2010/12/423
f 2004/11/426 2003/12/426 2009/11/424
f 2010/12/424 2009/11/424 2003/12/426
f 2007/11/420 2012/12/419 2011/11/419
f 2012/12/419 2007/11/420 2008/12/420
f 2011/11/422 2012/12/422 2007/11/421
f 2008/12/421 2007/11/421 2012/12/422
f 2010/12/81 2005/12/81 2003/12/81
f 2005/12/81 2010/12/81 2008/12/81
f 2008/12/81 2010/12/81 2012/12/81
f 2003/12/82 2005/12/82 2010/12/82
f 2008/12/82 2010/12/82 2005/12/82
f 2012/12/82 2010/12/82 2008/12/82
f 2012/12/419 2009/11/423 2011/11/419
f 2009/11/423 2012/12/419 2010/12/423
f 2011/11/422 2009/11/424 2012/12/422
f 2010/12/424 2012/12/422 2009/11/424
f 2015/13/340 2014/11/340 2013/11/340
f 2014/11/340 2015/13/340 2016/13/340
f 2013/11/339 2014/11/339 2015/13/339
f 2016/13/339 2015/13/339 2014/11/339
f 2015/13/352 2018/11/352 2017/13/352
f 2018/11/352 2015/13/352 2013/11/352
f 2017/13/351 2018/11/351 2015/13/351
f 2013/11/351 2015/13/351 2018/11/351
f 2019/13/81 2015/13/81 2017/13/81
f 2015/13/81 2019/13/81 2016/13/81
f 2016/13/81 2019/13/81 2020/13/81
f 2017/13/82 2015/13/82 2019/13/82
f 2016/13/82 2019/13/82 2015/13/82
f 2020/13/82 2019/13/82 2016/13/82
f 2014/11/82 2018/11/82 2013/11/82
f 2018/11/82 2014/11/82 2021/11/82
f 2021/11/82 2014/11/82 2022/11/82
f 2013/11/81 2018/11/81 2014/11/81
f 2021/11/81 2014/11/81 2018/11/81
f 2022/11/81 2014/11/81 2021/11/81
f 2014/11/420 2020/13/419 2022/11/419
f 2020/13/419 2014/11/420 2016/13/420
f 2022/11/422 2020/13/422 2014/11/421
f 2016/13/421 2014/11/421 2020/13/422
f 2020/13/419 2021/11/603 2022/11/419
f 2021/11/603 2020/13/419 2019/13/603
f 2022/11/422 2021/11/604 2020/13/422
f 2019/13/604 2020/13/422 2021/11/604
f 2021/11/603 2017/13/425 2018/11/425
f 2017/13/425 2021/11/603 2019/13/603
f 2018/11/426 2017/13/426 2021/11/604
f 2019/13/604 2021/11/604 2017/13/426
f 1220/12/81 1221/12/81 1222/12/81
f 1221/12/81 1220/12/81 1223/12/81
f 1221/12/81 1223/12/81 1224/12/81
f 1224/12/81 1223/12/81 1225/12/81
f 1224/12/81 1225/12/81 1226/12/81
f 1226/12/81 1225/12/81 1227/12/81
f 1222/12/390 1228/11/431 1220/12/431
f 1228/11/431 1222/12/390 1229/11/390
f 1223/12/387 1228/11/432 1230/11/387
f 1228/11/432 1223/12/387 1220/12/432
f 1225/12/433 1230/11/387 1231/11/433
f 1230/11/387 1225/12/433 1223/12/387
f 1232/11/389 1225/12/434 1231/11/434
f 1225/12/434 1232/11/389 1227/12/389
f 1233/11/427 1227/12/389 1232/11/389
f 1227/12/389 1233/11/427 1226/12/427
f 1224/12/388 1233/11/428 1234/11/388
f 1233/11/428 1224/12/388 1226/12/428
f 1221/12/429 1234/11/388 1235/11/429
f 1234/11/388 1221/12/429 1224/12/388
f 1221/12/430 1229/11/390 1222/12/390
f 1229/11/390 1221/12/430 1235/11/430
f 1241/13/352 2024/11/352 2023/13/352
f 2024/11/352 1241/13/352 2025/11/352
f 2023/13/351 2024/11/351 1241/13/351
f 2025/11/351 1241/13/351 2024/11/351
f 2028/13/605 2027/11/339 2026/11/605
f 2027/11/339 2028/13/605 2029/13/339
f 2026/11/606 2027/11/340 2028/13/606
f 2029/13/340 2028/13/606 2027/11/340
f 1241/13/340 2030/11/340 2025/11/340
f 2030/11/340 1241/13/340 1242/13/340
f 2025/11/339 2030/11/339 1241/13/339
f 1242/13/339 1241/13/339 2030/11/339
f 2029/13/339 2024/11/607 2027/11/339
f 2024/11/607 2029/13/339 2023/13/607
f 2027/11/340 2024/11/608 2029/13/340
f 2023/13/608 2029/13/340 2024/11/608
f 2030/11/82 2024/11/82 2025/11/82
f 2024/11/82 2030/11/82 2027/11/82
f 2027/11/82 2030/11/82 2026/11/82
f 2025/11/81 2024/11/81 2030/11/81
f 2027/11/81 2030/11/81 2024/11/81
f 2026/11/81 2030/11/81 2027/11/81
f 2023/13/81 1242/13/81 1241/13/81
f 1242/13/81 2023/13/81 2029/13/81
f 1242/13/81 2029/13/81 2028/13/81
f 1241/13/82 1242/13/82 2023/13/82
f 2029/13/82 2023/13/82 1242/13/82
f 2028/13/82 2029/13/82 1242/13/82
f 2030/11/351 2028/13/351 2026/11/351
f 2028/13/351 2030/11/351 1242/13/351
f 2026/11/352 2028/13/352 2030/11/352
f 1242/13/352 2030/11/352 2028/13/352
f 2033/12/435 2032/11/339 2031/11/435
f 2032/11/339 2033/12/435 2034/12/339
f 2031/11/436 2032/11/340 2033/12/436
f 2034/12/340 2033/12/436 2032/11/340
f 2034/12/339 2035/11/437 2032/11/339
f 2035/11/437 2034/12/339 2036/12/437
f 2032/11/340 2035/11/438 2034/12/340
f 2036/12/438 2034/12/340 2035/11/438
f 2037/12/352 2035/11/352 2036/12/352
f 2035/11/352 2037/12/352 2038/11/352
f 2036/12/351 2035/11/351 2037/12/351
f 2038/11/351 2037/12/351 2035/11/351
f 2036/12/81 2039/12/81 2037/12/81
f 2039/12/81 2036/12/81 2034/12/81
f 2039/12/81 2034/12/81 2033/12/81
f 2037/12/82 2039/12/82 2036/12/82
f 2034/12/82 2036/12/82 2039/12/82
f 2033/12/82 2034/12/82 2039/12/82
f 2037/12/340 2040/11/340 2038/11/340
f 2040/11/340 2037/12/340 2039/12/340
f 2038/11/339 2040/11/339 2037/12/339
f 2039/12/339 2037/12/339 2040/11/339
f 2040/11/351 2033/12/351 2031/11/351
f 2033/12/351 2040/11/351 2039/12/351
f 2031/11/352 2033/12/352 2040/11/352
f 2039/12/352 2040/11/352 2033/12/352
f 2043/42/609 2042/42/610 2041/42/609
f 2042/42/610 2043/42/609 2044/42/610
f 2041/42/611 2042/42/612 2043/42/611
f 2044/42/612 2043/42/611 2042/42/612
f 2047/43/611 2046/43/612 2045/43/612
f 2046/43/612 2047/43/611 2048/43/611
f 2045/43/610 2046/43/610 2047/43/609
f 2048/43/609 2047/43/609 2046/43/610
f 2051/44/613 2050/45/614 2049/44/613
f 2050/45/614 2051/44/613 2052/45/614
f 2049/44/615 2050/45/616 2051/44/615
f 2052/45/616 2051/44/615 2050/45/616
f 2055/45/615 2054/44/616 2053/45/615
f 2054/44/616 2055/45/615 2056/44/616
f 2053/45/613 2054/44/614 2055/45/613
f 2056/44/614 2055/45/613 2054/44/614
f 2045/43/612 2051/44/613 2049/44/613
f 2051/44/613 2045/43/612 2046/43/612
f 2049/44/615 2051/44/615 2045/43/610
f 2046/43/610 2045/43/610 2051/44/615
f 2052/45/614 2041/42/609 2050/45/614
f 2041/42/609 2052/45/614 2043/42/609
f 2050/45/616 2041/42/611 2052/45/616
f 2043/42/611 2052/45/616 2041/42/611
f 2053/45/437 2041/42/437 2042/42/437
f 2041/42/437 2053/45/437 2050/45/437
f 2050/45/437 2053/45/437 2054/44/437
f 2050/45/437 2054/44/437 2049/44/437
f 2049/44/437 2054/44/437 2047/43/437
f 2049/44/437 2047/43/437 2045/43/437
f 2042/42/438 2041/42/438 2053/45/438
f 2050/45/438 2053/45/438 2041/42/438
f 2054/44/438 2053/45/438 2050/45/438
f 2049/44/438 2054/44/438 2050/45/438
f 2047/43/438 2054/44/438 2049/44/438
f 2045/43/438 2047/43/438 2049/44/438
f 2052/45/438 2044/42/438 2043/42/438
f 2044/42/438 2052/45/438 2055/45/438
f 2055/45/438 2052/45/438 2051/44/438
f 2055/45/438 2051/44/438 2056/44/438
f 2056/44/438 2051/44/438 2046/43/438
f 2056/44/438 2046/43/438 2048/43/438
f 2043/42/437 2044/42/437 2052/45/437
f 2055/45/437 2052/45/437 2044/42/437
f 2051/44/437 2052/45/437 2055/45/437
f 2056/44/437 2051/44/437 2055/45/437
f 2046/43/437 2051/44/437 2056/44/437
f 2048/43/437 2046/43/437 2056/44/437
f 2044/42/610 2053/45/615 2042/42/610
f 2053/45/615 2044/42/610 2055/45/615
f 2042/42/612 2053/45/613 2044/42/612
f 2055/45/613 2044/42/612 2053/45/613
f 2054/44/616 2048/43/611 2047/43/611
f 2048/43/611 2054/44/616 2056/44/616
f 2047/43/609 2048/43/609 2054/44/614
f 2056/44/614 2054/44/614 2048/43/609
f 2059/46/617 2058/46/618 2057/46/617
f 2058/46/618 2059/46/617 2060/46/618
f 2057/46/619 2058/46/620 2059/46/619
f 2060/46/620 2059/46/619 2058/46/620
f 2063/47/619 2062/47/620 2061/47/620
f 2062/47/620 2063/47/619 2064/47/619
f 2061/47/618 2062/47/618 2063/47/617
f 2064/47/617 2063/47/617 2062/47/618
f 2066/48/621 2057/46/617 2065/48/621
f 2057/46/617 2066/48/621 2059/46/617
f 2065/48/622 2057/46/619 2066/48/622
f 2059/46/619 2066/48/622 2057/46/619
f 2060/46/618 2067/48/623 2058/46/618
f 2067/48/623 2060/46/618 2068/48/623
f 2058/46/620 2067/48/624 2060/46/620
f 2068/48/624 2060/46/620 2067/48/624
f 2065/48/621 2069/49/624 2066/48/621
f 2069/49/624 2065/48/621 2070/49/624
f 2066/48/622 2069/49/623 2065/48/622
f 2070/49/623 2065/48/622 2069/49/623
f 2061/47/620 2069/49/624 2070/49/624
f 2069/49/624 2061/47/620 2062/47/620
f 2070/49/623 2069/49/623 2061/47/618
f 2062/47/618 2061/47/618 2069/49/623
f 2070/49/436 2063/47/436 2061/47/436
f 2063/47/436 2070/49/436 2071/49/436
f 2071/49/436 2070/49/436 2065/48/436
f 2071/49/436 2065/48/436 2067/48/436
f 2067/48/436 2065/48/436 2057/46/436
f 2067/48/436 2057/46/436 2058/46/436
f 2061/47/435 2063/47/435 2070/49/435
f 2071/49/435 2070/49/435 2063/47/435
f 2065/48/435 2070/49/435 2071/49/435
f 2067/48/435 2065/48/435 2071/49/435
f 2057/46/435 2065/48/435 2067/48/435
f 2058/46/435 2057/46/435 2067/48/435
f 2072/49/435 2062/47/435 2064/47/435
f 2062/47/435 2072/49/435 2069/49/435
f 2069/49/435 2072/49/435 2068/48/435
f 2069/49/435 2068/48/435 2066/48/435
f 2066/48/435 2068/48/435 2060/46/435
f 2066/48/435 2060/46/435 2059/46/435
f 2064/47/436 2062/47/436 2072/49/436
f 2069/49/436 2072/49/436 2062/47/436
f 2068/48/436 2072/49/436 2069/49/436
f 2066/48/436 2068/48/436 2069/49/436
f 2060/46/436 2068/48/436 2066/48/436
f 2059/46/436 2060/46/436 2066/48/436
f 2071/49/622 2064/47/619 2063/47/619
f 2064/47/619 2071/49/622 2072/49/622
f 2063/47/617 2064/47/617 2071/49/621
f 2072/49/621 2071/49/621 2064/47/617
f 2071/49/622 2068/48/623 2072/49/622
f 2068/48/623 2071/49/622 2067/48/623
f 2072/49/621 2068/48/624 2071/49/621
f 2067/48/624 2071/49/621 2068/48/624
f 2075/50/609 2074/50/610 2073/50/609
f 2074/50/610 2075/50/609 2076/50/610
f 2073/50/611 2074/50/612 2075/50/611
f 2076/50/612 2075/50/611 2074/50/612
f 2079/51/611 2078/51/612 2077/51/612
f 2078/51/612 2079/51/611 2080/51/611
f 2077/51/610 2078/51/610 2079/51/609
f 2080/51/609 2079/51/609 2078/51/610
f 2077/51/612 2082/52/613 2081/52/613
f 2082/52/613 2077/51/612 2078/51/612
f 2081/52/615 2082/52/615 2077/51/610
f 2078/51/610 2077/51/610 2082/52/615
f 2084/53/614 2073/50/609 2083/53/614
f 2073/50/609 2084/53/614 2075/50/609
f 2083/53/616 2073/50/611 2084/53/616
f 2075/50/611 2084/53/616 2073/50/611
f 2087/53/615 2086/52/616 2085/53/615
f 2086/52/616 2087/53/615 2088/52/616
f 2085/53/613 2086/52/614 2087/53/613
f 2088/52/614 2087/53/613 2086/52/614
f 2082/52/613 2083/53/614 2081/52/613
f 2083/53/614 2082/52/613 2084/53/614
f 2081/52/615 2083/53/616 2082/52/615
f 2084/53/616 2082/52/615 2083/53/616
f 2085/53/437 2073/50/437 2074/50/437
f 2073/50/437 2085/53/437 2083/53/437
f 2083/53/437 2085/53/437 2086/52/437
f 2083/53/437 2086/52/437 2081/52/437
f 2081/52/437 2086/52/437 2079/51/437
f 2081/52/437 2079/51/437 2077/51/437
f 2074/50/438 2073/50/438 2085/53/438
f 2083/53/438 2085/53/438 2073/50/438
f 2086/52/438 2085/53/438 2083/53/438
f 2081/52/438 2086/52/438 2083/53/438
f 2079/51/438 2086/52/438 2081/52/438
f 2077/51/438 2079/51/438 2081/52/438
f 2076/50/610 2085/53/615 2074/50/610
f 2085/53/615 2076/50/610 2087/53/615
f 2074/50/612 2085/53/613 2076/50/612
f 2087/53/613 2076/50/612 2085/53/613
f 2084/53/438 2076/50/438 2075/50/438
f 2076/50/438 2084/53/438 2087/53/438
f 2087/53/438 2084/53/438 2082/52/438
f 2087/53/438 2082/52/438 2088/52/438
f 2088/52/438 2082/52/438 2078/51/438
f 2088/52/438 2078/51/438 2080/51/438
f 2075/50/437 2076/50/437 2084/53/437
f 2087/53/437 2084/53/437 2076/50/437
f 2082/52/437 2084/53/437 2087/53/437
f 2088/52/437 2082/52/437 2087/53/437
f 2078/51/437 2082/52/437 2088/52/437
f 2080/51/437 2078/51/437 2088/52/437
f 2086/52/616 2080/51/611 2079/51/611
f 2080/51/611 2086/52/616 2088/52/616
f 2079/51/609 2080/51/609 2086/52/614
f 2088/52/614 2086/52/614 2080/51/609
f 1251/13/368 2090/11/368 2089/13/368
f 2090/11/368 1251/13/368 2091/11/368
f 2089/13/367 2090/11/367 1251/13/367
f 2091/11/367 1251/13/367 2090/11/367
f 2094/13/625 2093/11/355 2092/11/625
f 2093/11/355 2094/13/625 2095/13/355
f 2092/11/626 2093/11/356 2094/13/626
f 2095/13/356 2094/13/626 2093/11/356
f 1251/13/356 2096/11/356 2091/11/356
f 2096/11/356 1251/13/356 2097/13/356
f 2091/11/355 2096/11/355 1251/13/355
f 2097/13/355 1251/13/355 2096/11/355
f 2095/13/355 2090/11/627 2093/11/355
f 2090/11/627 2095/13/355 2089/13/627
f 2093/11/356 2090/11/628 2095/13/356
f 2089/13/628 2095/13/356 2090/11/628
f 2096/11/82 2090/11/82 2091/11/82
f 2090/11/82 2096/11/82 2093/11/82
f 2093/11/82 2096/11/82 2092/11/82
f 2091/11/81 2090/11/81 2096/11/81
f 2093/11/81 2096/11/81 2090/11/81
f 2092/11/81 2096/11/81 2093/11/81
f 2089/13/81 2097/13/81 1251/13/81
f 2097/13/81 2089/13/81 2095/13/81
f 2097/13/81 2095/13/81 2094/13/81
f 1251/13/82 2097/13/82 2089/13/82
f 2095/13/82 2089/13/82 2097/13/82
f 2094/13/82 2095/13/82 2097/13/82
f 2096/11/367 2094/13/367 2092/11/367
f 2094/13/367 2096/11/367 2097/13/367
f 2092/11/368 2094/13/368 2096/11/368
f 2097/13/368 2096/11/368 2094/13/368
f 2100/12/439 2099/11/355 2098/11/439
f 2099/11/355 2100/12/439 2101/12/355
f 2098/11/440 2099/11/356 2100/12/440
f 2101/12/356 2100/12/440 2099/11/356
f 2101/12/355 2102/11/441 2099/11/355
f 2102/11/441 2101/12/355 2103/12/441
f 2099/11/356 2102/11/442 2101/12/356
f 2103/12/442 2101/12/356 2102/11/442
f 2104/12/368 2102/11/368 2103/12/368
f 2102/11/368 2104/12/368 2105/11/368
f 2103/12/367 2102/11/367 2104/12/367
f 2105/11/367 2104/12/367 2102/11/367
f 2103/12/81 2106/12/81 2104/12/81
f 2106/12/81 2103/12/81 2101/12/81
f 2106/12/81 2101/12/81 2100/12/81
f 2104/12/82 2106/12/82 2103/12/82
f 2101/12/82 2103/12/82 2106/12/82
f 2100/12/82 2101/12/82 2106/12/82
f 2104/12/356 2107/11/356 2105/11/356
f 2107/11/356 2104/12/356 2106/12/356
f 2105/11/355 2107/11/355 2104/12/355
f 2106/12/355 2104/12/355 2107/11/355
f 2107/11/367 2100/12/367 2098/11/367
f 2100/12/367 2107/11/367 2106/12/367
f 2098/11/368 2100/12/368 2107/11/368
f 2106/12/368 2107/11/368 2100/12/368
f 2110/42/629 2109/42/630 2108/42/629
f 2109/42/630 2110/42/629 2111/42/630
f 2108/42/631 2109/42/632 2110/42/631
f 2111/42/632 2110/42/631 2109/42/632
f 2114/43/631 2113/43/632 2112/43/632
f 2113/43/632 2114/43/631 2115/43/631
f 2112/43/630 2113/43/630 2114/43/629
f 2115/43/629 2114/43/629 2113/43/630
f 2118/44/633 2117/45/634 2116/44/633
f 2117/45/634 2118/44/633 2119/45/634
f 2116/44/635 2117/45/636 2118/44/635
f 2119/45/636 2118/44/635 2117/45/636
f 2122/45/635 2121/44/636 2120/45/635
f 2121/44/636 2122/45/635 2123/44/636
f 2120/45/633 2121/44/634 2122/45/633
f 2123/44/634 2122/45/633 2121/44/634
f 2112/43/632 2118/44/633 2116/44/633
f 2118/44/633 2112/43/632 2113/43/632
f 2116/44/635 2118/44/635 2112/43/630
f 2113/43/630 2112/43/630 2118/44/635
f 2119/45/634 2108/42/629 2117/45/634
f 2108/42/629 2119/45/634 2110/42/629
f 2117/45/636 2108/42/631 2119/45/636
f 2110/42/631 2119/45/636 2108/42/631
f 2120/45/441 2108/42/441 2109/42/441
f 2108/42/441 2120/45/441 2117/45/441
f 2117/45/441 2120/45/441 2121/44/441
f 2117/45/441 2121/44/441 2116/44/441
f 2116/44/441 2121/44/441 2114/43/441
f 2116/44/441 2114/43/441 2112/43/441
f 2109/42/442 2108/42/442 2120/45/442
f 2117/45/442 2120/45/442 2108/42/442
f 2121/44/442 2120/45/442 2117/45/442
f 2116/44/442 2121/44/442 2117/45/442
f 2114/43/442 2121/44/442 2116/44/442
f 2112/43/442 2114/43/442 2116/44/442
f 2119/45/442 2111/42/442 2110/42/442
f 2111/42/442 2119/45/442 2122/45/442
f 2122/45/442 2119/45/442 2118/44/442
f 2122/45/442 2118/44/442 2123/44/442
f 2123/44/442 2118/44/442 2113/43/442
f 2123/44/442 2113/43/442 2115/43/442
f 2110/42/441 2111/42/441 2119/45/441
f 2122/45/441 2119/45/441 2111/42/441
f 2118/44/441 2119/45/441 2122/45/441
f 2123/44/441 2118/44/441 2122/45/441
f 2113/43/441 2118/44/441 2123/44/441
f 2115/43/441 2113/43/441 2123/44/441
f 2111/42/630 2120/45/635 2109/42/630
f 2120/45/635 2111/42/630 2122/45/635
f 2109/42/632 2120/45/633 2111/42/632
f 2122/45/633 2111/42/632 2120/45/633
f 2121/44/636 2115/43/631 2114/43/631
f 2115/43/631 2121/44/636 2123/44/636
f 2114/43/629 2115/43/629 2121/44/634
f 2123/44/634 2121/44/634 2115/43/629
f 2126/46/637 2125/46/638 2124/46/637
f 2125/46/638 2126/46/637 2127/46/638
f 2124/46/639 2125/46/640 2126/46/639
f 2127/46/640 2126/46/639 2125/46/640
f 2130/47/639 2129/47/640 2128/47/640
f 2129/47/640 2130/47/639 2131/47/639
f 2128/47/638 2129/47/638 2130/47/637
f 2131/47/637 2130/47/637 2129/47/638
f 2133/48/641 2124/46/637 2132/48/641
f 2124/46/637 2133/48/641 2126/46/637
f 2132/48/642 2124/46/639 2133/48/642
f 2126/46/639 2133/48/642 2124/46/639
f 2127/46/638 2134/48/643 2125/46/638
f 2134/48/643 2127/46/638 2135/48/643
f 2125/46/640 2134/48/644 2127/46/640
f 2135/48/644 2127/46/640 2134/48/644
f 2132/48/641 2136/49/644 2133/48/641
f 2136/49/644 2132/48/641 2137/49/644
f 2133/48/642 2136/49/643 2132/48/642
f 2137/49/643 2132/48/642 2136/49/643
f 2128/47/640 2136/49/644 2137/49/644
f 2136/49/644 2128/47/640 2129/47/640
f 2137/49/643 2136/49/643 2128/47/638
f 2129/47/638 2128/47/638 2136/49/643
f 2137/49/440 2130/47/440 2128/47/440
f 2130/47/440 2137/49/440 2138/49/440
f 2138/49/440 2137/49/440 2132/48/440
f 2138/49/440 2132/48/440 2134/48/440
f 2134/48/440 2132/48/440 2124/46/440
f 2134/48/440 2124/46/440 2125/46/440
f 2128/47/439 2130/47/439 2137/49/439
f 2138/49/439 2137/49/439 2130/47/439
f 2132/48/439 2137/49/439 2138/49/439
f 2134/48/439 2132/48/439 2138/49/439
f 2124/46/439 2132/48/439 2134/48/439
f 2125/46/439 2124/46/439 2134/48/439
f 2139/49/439 2129/47/439 2131/47/439
f 2129/47/439 2139/49/439 2136/49/439
f 2136/49/439 2139/49/439 2135/48/439
f 2136/49/439 2135/48/439 2133/48/439
f 2133/48/439 2135/48/439 2127/46/439
f 2133/48/439 2127/46/439 2126/46/439
f 2131/47/440 2129/47/440 2139/49/440
f 2136/49/440 2139/49/440 2129/47/440
f 2135/48/440 2139/49/440 2136/49/440
f 2133/48/440 2135/48/440 2136/49/440
f 2127/46/440 2135/48/440 2133/48/440
f 2126/46/440 2127/46/440 2133/48/440
f 2138/49/642 2131/47/639 2130/47/639
f 2131/47/639 2138/49/642 2139/49/642
f 2130/47/637 2131/47/637 2138/49/641
f 2139/49/641 2138/49/641 2131/47/637
f 2138/49/642 2135/48/643 2139/49/642
f 2135/48/643 2138/49/642 2134/48/643
f 2139/49/641 2135/48/644 2138/49/641
f 2134/48/644 2138/49/641 2135/48/644
f 2142/50/629 2141/50/630 2140/50/629
f 2141/50/630 2142/50/629 2143/50/630
f 2140/50/631 2141/50/632 2142/50/631
f 2143/50/632 2142/50/631 2141/50/632
f 2146/51/631 2145/51/632 2144/51/632
f 2145/51/632 2146/51/631 2147/51/631
f 2144/51/630 2145/51/630 2146/51/629
f 2147/51/629 2146/51/629 2145/51/630
f 2144/51/632 2149/52/633 2148/52/633
f 2149/52/633 2144/51/632 2145/51/632
f 2148/52/635 2149/52/635 2144/51/630
f 2145/51/630 2144/51/630 2149/52/635
f 2151/53/634 2140/50/629 2150/53/634
f 2140/50/629 2151/53/634 2142/50/629
f 2150/53/636 2140/50/631 2151/53/636
f 2142/50/631 2151/53/636 2140/50/631
f 2154/53/635 2153/52/636 2152/53/635
f 2153/52/636 2154/53/635 2155/52/636
f 2152/53/633 2153/52/634 2154/53/633
f 2155/52/634 2154/53/633 2153/52/634
f 2149/52/633 2150/53/634 2148/52/633
f 2150/53/634 2149/52/633 2151/53/634
f 2148/52/635 2150/53/636 2149/52/635
f 2151/53/636 2149/52/635 2150/53/636
f 2152/53/441 2140/50/441 2141/50/441
f 2140/50/441 2152/53/441 2150/53/441
f 2150/53/441 2152/53/441 2153/52/441
f 2150/53/441 2153/52/441 2148/52/441
f 2148/52/441 2153/52/441 2146/51/441
f 2148/52/441 2146/51/441 2144/51/441
f 2141/50/442 2140/50/442 2152/53/442
f 2150/53/442 2152/53/442 2140/50/442
f 2153/52/442 2152/53/442 2150/53/442
f 2148/52/442 2153/52/442 2150/53/442
f 2146/51/442 2153/52/442 2148/52/442
f 2144/51/442 2146/51/442 2148/52/442
f 2143/50/630 2152/53/635 2141/50/630
f 2152/53/635 2143/50/630 2154/53/635
f 2141/50/632 2152/53/633 2143/50/632
f 2154/53/633 2143/50/632 2152/53/633
f 2151/53/442 2143/50/442 2142/50/442
f 2143/50/442 2151/53/442 2154/53/442
f 2154/53/442 2151/53/442 2149/52/442
f 2154/53/442 2149/52/442 2155/52/442
f 2155/52/442 2149/52/442 2145/51/442
f 2155/52/442 2145/51/442 2147/51/442
f 2142/50/441 2143/50/441 2151/53/441
f 2154/53/441 2151/53/441 2143/50/441
f 2149/52/441 2151/53/441 2154/53/441
f 2155/52/441 2149/52/441 2154/53/441
f 2145/51/441 2149/52/441 2155/52/441
f 2147/51/441 2145/51/441 2155/52/441
f 2153/52/636 2147/51/631 2146/51/631
f 2147/51/631 2153/52/636 2155/52/636
f 2146/51/629 2147/51/629 2153/52/634
f 2155/52/634 2153/52/634 2147/51/629
f 1206/13/445 2157/11/445 2156/13/445
f 2157/11/445 1206/13/445 2158/11/445
f 2156/13/446 2157/11/446 1206/13/446
f 2158/11/446 1206/13/446 2157/11/446
f 2161/13/583 2160/11/443 2159/11/583
f 2160/11/443 2161/13/583 2162/13/443
f 2159/11/584 2160/11/444 2161/13/584
f 2162/13/444 2161/13/584 2160/11/444
f 1206/13/444 2163/11/444 2158/11/444
f 2163/11/444 1206/13/444 1752/13/444
f 2158/11/443 2163/11/443 1206/13/443
f 1752/13/443 1206/13/443 2163/11/443
f 2162/13/443 2157/11/585 2160/11/443
f 2157/11/585 2162/13/443 2156/13/585
f 2160/11/444 2157/11/586 2162/13/444
f 2156/13/586 2162/13/444 2157/11/586
f 2163/11/82 2157/11/82 2158/11/82
f 2157/11/82 2163/11/82 2160/11/82
f 2160/11/82 2163/11/82 2159/11/82
f 2158/11/81 2157/11/81 2163/11/81
f 2160/11/81 2163/11/81 2157/11/81
f 2159/11/81 2163/11/81 2160/11/81
f 2156/13/81 1752/13/81 1206/13/81
f 1752/13/81 2156/13/81 2162/13/81
f 1752/13/81 2162/13/81 2161/13/81
f 1206/13/82 1752/13/82 2156/13/82
f 2162/13/82 2156/13/82 1752/13/82
f 2161/13/82 2162/13/82 1752/13/82
f 2163/11/446 2161/13/446 2159/11/446
f 2161/13/446 2163/11/446 1752/13/446
f 2159/11/445 2161/13/445 2163/11/445
f 1752/13/445 2163/11/445 2161/13/445
f 2166/12/411 2165/11/443 2164/11/411
f 2165/11/443 2166/12/411 2167/12/443
f 2164/11/413 2165/11/444 2166/12/413
f 2167/12/444 2166/12/413 2165/11/444
f 2167/12/443 2168/11/415 2165/11/443
f 2168/11/415 2167/12/443 2169/12/415
f 2165/11/444 2168/11/416 2167/12/444
f 2169/12/416 2167/12/444 2168/11/416
f 2170/12/445 2168/11/445 2169/12/445
f 2168/11/445 2170/12/445 2171/11/445
f 2169/12/446 2168/11/446 2170/12/446
f 2171/11/446 2170/12/446 2168/11/446
f 2169/12/81 2172/12/81 2170/12/81
f 2172/12/81 2169/12/81 2167/12/81
f 2172/12/81 2167/12/81 2166/12/81
f 2170/12/82 2172/12/82 2169/12/82
f 2167/12/82 2169/12/82 2172/12/82
f 2166/12/82 2167/12/82 2172/12/82
f 2170/12/444 2173/11/444 2171/11/444
f 2173/11/444 2170/12/444 2172/12/444
f 2171/11/443 2173/11/443 2170/12/443
f 2172/12/443 2170/12/443 2173/11/443
f 2173/11/446 2166/12/446 2164/11/446
f 2166/12/446 2173/11/446 2172/12/446
f 2164/11/445 2166/12/445 2173/11/445
f 2172/12/445 2173/11/445 2166/12/445
f 2176/42/596 2175/42/601 2174/42/596
f 2175/42/601 2176/42/596 2177/42/601
f 2174/42/598 2175/42/602 2176/42/598
f 2177/42/602 2176/42/598 2175/42/602
f 2180/43/598 2179/43/602 2178/43/602
f 2179/43/602 2180/43/598 2181/43/598
f 2178/43/601 2179/43/601 2180/43/596
f 2181/43/596 2180/43/596 2179/43/601
f 2184/44/600 2183/45/595 2182/44/600
f 2183/45/595 2184/44/600 2185/45/595
f 2182/44/599 2183/45/597 2184/44/599
f 2185/45/597 2184/44/599 2183/45/597
f 2188/45/599 2187/44/597 2186/45/599
f 2187/44/597 2188/45/599 2189/44/597
f 2186/45/600 2187/44/595 2188/45/600
f 2189/44/595 2188/45/600 2187/44/595
f 2178/43/602 2184/44/600 2182/44/600
f 2184/44/600 2178/43/602 2179/43/602
f 2182/44/599 2184/44/599 2178/43/601
f 2179/43/601 2178/43/601 2184/44/599
f 2185/45/595 2174/42/596 2183/45/595
f 2174/42/596 2185/45/595 2176/42/596
f 2183/45/597 2174/42/598 2185/45/597
f 2176/42/598 2185/45/597 2174/42/598
f 2186/45/415 2174/42/415 2175/42/415
f 2174/42/415 2186/45/415 2183/45/415
f 2183/45/415 2186/45/415 2187/44/415
f 2183/45/415 2187/44/415 2182/44/415
f 2182/44/415 2187/44/415 2180/43/415
f 2182/44/415 2180/43/415 2178/43/415
f 2175/42/416 2174/42/416 2186/45/416
f 2183/45/416 2186/45/416 2174/42/416
f 2187/44/416 2186/45/416 2183/45/416
f 2182/44/416 2187/44/416 2183/45/416
f 2180/43/416 2187/44/416 2182/44/416
f 2178/43/416 2180/43/416 2182/44/416
f 2185/45/416 2177/42/416 2176/42/416
f 2177/42/416 2185/45/416 2188/45/416
f 2188/45/416 2185/45/416 2184/44/416
f 2188/45/416 2184/44/416 2189/44/416
f 2189/44/416 2184/44/416 2179/43/416
f 2189/44/416 2179/43/416 2181/43/416
f 2176/42/415 2177/42/415 2185/45/415
f 2188/45/415 2185/45/415 2177/42/415
f 2184/44/415 2185/45/415 2188/45/415
f 2189/44/415 2184/44/415 2188/45/415
f 2179/43/415 2184/44/415 2189/44/415
f 2181/43/415 2179/43/415 2189/44/415
f 2177/42/601 2186/45/599 2175/42/601
f 2186/45/599 2177/42/601 2188/45/599
f 2175/42/602 2186/45/600 2177/42/602
f 2188/45/600 2177/42/602 2186/45/600
f 2187/44/597 2181/43/598 2180/43/598
f 2181/43/598 2187/44/597 2189/44/597
f 2180/43/596 2181/43/596 2187/44/595
f 2189/44/595 2187/44/595 2181/43/596
f 2192/46/592 2191/46/589 2190/46/592
f 2191/46/589 2192/46/592 2193/46/589
f 2190/46/594 2191/46/588 2192/46/594
f 2193/46/588 2192/46/594 2191/46/588
f 2196/47/594 2195/47/588 2194/47/588
f 2195/47/588 2196/47/594 2197/47/594
f 2194/47/589 2195/47/589 2196/47/592
f 2197/47/592 2196/47/592 2195/47/589
f 2199/48/591 2190/46/592 2198/48/591
f 2190/46/592 2199/48/591 2192/46/592
f 2198/48/593 2190/46/594 2199/48/593
f 2192/46/594 2199/48/593 2190/46/594
f 2193/46/589 2200/48/590 2191/46/589
f 2200/48/590 2193/46/589 2201/48/590
f 2191/46/588 2200/48/587 2193/46/588
f 2201/48/587 2193/46/588 2200/48/587
f 2198/48/591 2202/49/587 2199/48/591
f 2202/49/587 2198/48/591 2203/49/587
f 2199/48/593 2202/49/590 2198/48/593
f 2203/49/590 2198/48/593 2202/49/590
f 2194/47/588 2202/49/587 2203/49/587
f 2202/49/587 2194/47/588 2195/47/588
f 2203/49/590 2202/49/590 2194/47/589
f 2195/47/589 2194/47/589 2202/49/590
f 2203/49/413 2196/47/413 2194/47/413
f 2196/47/413 2203/49/413 2204/49/413
f 2204/49/413 2203/49/413 2198/48/413
f 2204/49/413 2198/48/413 2200/48/413
f 2200/48/413 2198/48/413 2190/46/413
f 2200/48/413 2190/46/413 2191/46/413
f 2194/47/411 2196/47/411 2203/49/411
f 2204/49/411 2203/49/411 2196/47/411
f 2198/48/411 2203/49/411 2204/49/411
f 2200/48/411 2198/48/411 2204/49/411
f 2190/46/411 2198/48/411 2200/48/411
f 2191/46/411 2190/46/411 2200/48/411
f 2205/49/411 2195/47/411 2197/47/411
f 2195/47/411 2205/49/411 2202/49/411
f 2202/49/411 2205/49/411 2201/48/411
f 2202/49/411 2201/48/411 2199/48/411
f 2199/48/411 2201/48/411 2193/46/411
f 2199/48/411 2193/46/411 2192/46/411
f 2197/47/413 2195/47/413 2205/49/413
f 2202/49/413 2205/49/413 2195/47/413
f 2201/48/413 2205/49/413 2202/49/413
f 2199/48/413 2201/48/413 2202/49/413
f 2193/46/413 2201/48/413 2199/48/413
f 2192/46/413 2193/46/413 2199/48/413
f 2204/49/593 2197/47/594 2196/47/594
f 2197/47/594 2204/49/593 2205/49/593
f 2196/47/592 2197/47/592 2204/49/591
f 2205/49/591 2204/49/591 2197/47/592
f 2204/49/593 2201/48/590 2205/49/593
f 2201/48/590 2204/49/593 2200/48/590
f 2205/49/591 2201/48/587 2204/49/591
f 2200/48/587 2204/49/591 2201/48/587
f 2208/50/596 2207/50/601 2206/50/596
f 2207/50/601 2208/50/596 2209/50/601
f 2206/50/598 2207/50/602 2208/50/598
f 2209/50/602 2208/50/598 2207/50/602
f 2212/51/598 2211/51/602 2210/51/602
f 2211/51/602 2212/51/598 2213/51/598
f 2210/51/601 2211/51/601 2212/51/596
f 2213/51/596 2212/51/596 2211/51/601
f 2210/51/602 2215/52/600 2214/52/600
f 2215/52/600 2210/51/602 2211/51/602
f 2214/52/599 2215/52/599 2210/51/601
f 2211/51/601 2210/51/601 2215/52/599
f 2217/53/595 2206/50/596 2216/53/595
f 2206/50/596 2217/53/595 2208/50/596
f 2216/53/597 2206/50/598 2217/53/597
f 2208/50/598 2217/53/597 2206/50/598
f 2220/53/599 2219/52/597 2218/53/599
f 2219/52/597 2220/53/599 2221/52/597
f 2218/53/600 2219/52/595 2220/53/600
f 2221/52/595 2220/53/600 2219/52/595
f 2215/52/600 2216/53/595 2214/52/600
f 2216/53/595 2215/52/600 2217/53/595
f 2214/52/599 2216/53/597 2215/52/599
f 2217/53/597 2215/52/599 2216/53/597
f 2218/53/415 2206/50/415 2207/50/415
f 2206/50/415 2218/53/415 2216/53/415
f 2216/53/415 2218/53/415 2219/52/415
f 2216/53/415 2219/52/415 2214/52/415
f 2214/52/415 2219/52/415 2212/51/415
f 2214/52/415 2212/51/415 2210/51/415
f 2207/50/416 2206/50/416 2218/53/416
f 2216/53/416 2218/53/416 2206/50/416
f 2219/52/416 2218/53/416 2216/53/416
f 2214/52/416 2219/52/416 2216/53/416
f 2212/51/416 2219/52/416 2214/52/416
f 2210/51/416 2212/51/416 2214/52/416
f 2209/50/601 2218/53/599 2207/50/601
f 2218/53/599 2209/50/601 2220/53/599
f 2207/50/602 2218/53/600 2209/50/602
f 2220/53/600 2209/50/602 2218/53/600
f 2217/53/416 2209/50/416 2208/50/416
f 2209/50/416 2217/53/416 2220/53/416
f 2220/53/416 2217/53/416 2215/52/416
f 2220/53/416 2215/52/416 2221/52/416
f 2221/52/416 2215/52/416 2211/51/416
f 2221/52/416 2211/51/416 2213/51/416
f 2208/50/415 2209/50/415 2217/53/415
f 2220/53/415 2217/53/415 2209/50/415
f 2215/52/415 2217/53/415 2220/53/415
f 2221/52/415 2215/52/415 2220/53/415
f 2211/51/415 2215/52/415 2221/52/415
f 2213/51/415 2211/51/415 2221/52/415
f 2219/52/597 2213/51/598 2212/51/598
f 2213/51/598 2219/52/597 2221/52/597
f 2212/51/596 2213/51/596 2219/52/595
f 2221/52/595 2219/52/595 2213/51/596
f 2224/13/390 2223/11/390 2222/13/390
f 2223/11/390 2224/13/390 723/11/390
f 2222/13/389 2223/11/389 2224/13/389
f 723/11/389 2224/13/389 2223/11/389
f 2227/13/584 2226/11/387 2225/11/584
f 2226/11/387 2227/13/584 2228/13/387
f 2225/11/583 2226/11/388 2227/13/583
f 2228/13/388 2227/13/583 2226/11/388
f 2224/13/388 173/11/388 723/11/388
f 173/11/388 2224/13/388 1115/13/388
f 723/11/387 173/11/387 2224/13/387
f 1115/13/387 2224/13/387 173/11/387
f 2228/13/387 2223/11/586 2226/11/387
f 2223/11/586 2228/13/387 2222/13/586
f 2226/11/388 2223/11/585 2228/13/388
f 2222/13/585 2228/13/388 2223/11/585
f 173/11/82 2223/11/82 723/11/82
f 2223/11/82 173/11/82 2226/11/82
f 2226/11/82 173/11/82 2225/11/82
f 723/11/81 2223/11/81 173/11/81
f 2226/11/81 173/11/81 2223/11/81
f 2225/11/81 173/11/81 2226/11/81
f 2222/13/81 1115/13/81 2224/13/81
f 1115/13/81 2222/13/81 2228/13/81
f 1115/13/81 2228/13/81 2227/13/81
f 2224/13/82 1115/13/82 2222/13/82
f 2228/13/82 2222/13/82 1115/13/82
f 2227/13/82 2228/13/82 1115/13/82
f 173/11/389 2227/13/389 2225/11/389
f 2227/13/389 173/11/389 1115/13/389
f 2225/11/390 2227/13/390 173/11/390
f 1115/13/390 173/11/390 2227/13/390
f 2231/12/413 2230/11/387 2229/11/413
f 2230/11/387 2231/12/413 2232/12/387
f 2229/11/411 2230/11/388 2231/12/411
f 2232/12/388 2231/12/411 2230/11/388
f 2232/12/387 2233/11/416 2230/11/387
f 2233/11/416 2232/12/387 2234/12/416
f 2230/11/388 2233/11/415 2232/12/388
f 2234/12/415 2232/12/388 2233/11/415
f 2235/12/390 2233/11/390 2234/12/390
f 2233/11/390 2235/12/390 2236/11/390
f 2234/12/389 2233/11/389 2235/12/389
f 2236/11/389 2235/12/389 2233/11/389
f 2234/12/81 2237/12/81 2235/12/81
f 2237/12/81 2234/12/81 2232/12/81
f 2237/12/81 2232/12/81 2231/12/81
f 2235/12/82 2237/12/82 2234/12/82
f 2232/12/82 2234/12/82 2237/12/82
f 2231/12/82 2232/12/82 2237/12/82
f 2235/12/388 2238/11/388 2236/11/388
f 2238/11/388 2235/12/388 2237/12/388
f 2236/11/387 2238/11/387 2235/12/387
f 2237/12/387 2235/12/387 2238/11/387
f 2238/11/389 2231/12/389 2229/11/389
f 2231/12/389 2238/11/389 2237/12/389
f 2229/11/390 2231/12/390 2238/11/390
f 2237/12/390 2238/11/390 2231/12/390
f 2241/42/601 2240/42/596 2239/42/601
f 2240/42/596 2241/42/601 2242/42/596
f 2239/42/602 2240/42/598 2241/42/602
f 2242/42/598 2241/42/602 2240/42/598
f 2245/43/602 2244/43/598 2243/43/598
f 2244/43/598 2245/43/602 2246/43/602
f 2243/43/596 2244/43/596 2245/43/601
f 2246/43/601 2245/43/601 2244/43/596
f 2249/44/597 2248/45/599 2247/44/597
f 2248/45/599 2249/44/597 2250/45/599
f 2247/44/595 2248/45/600 2249/44/595
f 2250/45/600 2249/44/595 2248/45/600
f 2253/45/595 2252/44/600 2251/45/595
f 2252/44/600 2253/45/595 2254/44/600
f 2251/45/597 2252/44/599 2253/45/597
f 2254/44/599 2253/45/597 2252/44/599
f 2243/43/598 2249/44/597 2247/44/597
f 2249/44/597 2243/43/598 2244/43/598
f 2247/44/595 2249/44/595 2243/43/596
f 2244/43/596 2243/43/596 2249/44/595
f 2250/45/599 2239/42/601 2248/45/599
f 2239/42/601 2250/45/599 2241/42/601
f 2248/45/600 2239/42/602 2250/45/600
f 2241/42/602 2250/45/600 2239/42/602
f 2251/45/416 2239/42/416 2240/42/416
f 2239/42/416 2251/45/416 2248/45/416
f 2248/45/416 2251/45/416 2252/44/416
f 2248/45/416 2252/44/416 2247/44/416
f 2247/44/416 2252/44/416 2245/43/416
f 2247/44/416 2245/43/416 2243/43/416
f 2240/42/415 2239/42/415 2251/45/415
f 2248/45/415 2251/45/415 2239/42/415
f 2252/44/415 2251/45/415 2248/45/415
f 2247/44/415 2252/44/415 2248/45/415
f 2245/43/415 2252/44/415 2247/44/415
f 2243/43/415 2245/43/415 2247/44/415
f 2250/45/415 2242/42/415 2241/42/415
f 2242/42/415 2250/45/415 2253/45/415
f 2253/45/415 2250/45/415 2249/44/415
f 2253/45/415 2249/44/415 2254/44/415
f 2254/44/415 2249/44/415 2244/43/415
f 2254/44/415 2244/43/415 2246/43/415
f 2241/42/416 2242/42/416 2250/45/416
f 2253/45/416 2250/45/416 2242/42/416
f 2249/44/416 2250/45/416 2253/45/416
f 2254/44/416 2249/44/416 2253/45/416
f 2244/43/416 2249/44/416 2254/44/416
f 2246/43/416 2244/43/416 2254/44/416
f 2242/42/596 2251/45/595 2240/42/596
f 2251/45/595 2242/42/596 2253/45/595
f 2240/42/598 2251/45/597 2242/42/598
f 2253/45/597 2242/42/598 2251/45/597
f 2252/44/600 2246/43/602 2245/43/602
f 2246/43/602 2252/44/600 2254/44/600
f 2245/43/601 2246/43/601 2252/44/599
f 2254/44/599 2252/44/599 2246/43/601
f 2257/46/589 2256/46/592 2255/46/589
f 2256/46/592 2257/46/589 2258/46/592
f 2255/46/588 2256/46/594 2257/46/588
f 2258/46/594 2257/46/588 2256/46/594
f 2261/47/588 2260/47/594 2259/47/594
f 2260/47/594 2261/47/588 2262/47/588
f 2259/47/592 2260/47/592 2261/47/589
f 2262/47/589 2261/47/589 2260/47/592
f 2264/48/590 2255/46/589 2263/48/590
f 2255/46/589 2264/48/590 2257/46/589
f 2263/48/587 2255/46/588 2264/48/587
f 2257/46/588 2264/48/587 2255/46/588
f 2258/46/592 2265/48/591 2256/46/592
f 2265/48/591 2258/46/592 2266/48/591
f 2256/46/594 2265/48/593 2258/46/594
f 2266/48/593 2258/46/594 2265/48/593
f 2263/48/590 2267/49/593 2264/48/590
f 2267/49/593 2263/48/590 2268/49/593
f 2264/48/587 2267/49/591 2263/48/587
f 2268/49/591 2263/48/587 2267/49/591
f 2259/47/594 2267/49/593 2268/49/593
f 2267/49/593 2259/47/594 2260/47/594
f 2268/49/591 2267/49/591 2259/47/592
f 2260/47/592 2259/47/592 2267/49/591
f 2268/49/411 2261/47/411 2259/47/411
f 2261/47/411 2268/49/411 2269/49/411
f 2269/49/411 2268/49/411 2263/48/411
f 2269/49/411 2263/48/411 2265/48/411
f 2265/48/411 2263/48/411 2255/46/411
f 2265/48/411 2255/46/411 2256/46/411
f 2259/47/413 2261/47/413 2268/49/413
f 2269/49/413 2268/49/413 2261/47/413
f 2263/48/413 2268/49/413 2269/49/413
f 2265/48/413 2263/48/413 2269/49/413
f 2255/46/413 2263/48/413 2265/48/413
f 2256/46/413 2255/46/413 2265/48/413
f 2270/49/413 2260/47/413 2262/47/413
f 2260/47/413 2270/49/413 2267/49/413
f 2267/49/413 2270/49/413 2266/48/413
f 2267/49/413 2266/48/413 2264/48/413
f 2264/48/413 2266/48/413 2258/46/413
f 2264/48/413 2258/46/413 2257/46/413
f 2262/47/411 2260/47/411 2270/49/411
f 2267/49/411 2270/49/411 2260/47/411
f 2266/48/411 2270/49/411 2267/49/411
f 2264/48/411 2266/48/411 2267/49/411
f 2258/46/411 2266/48/411 2264/48/411
f 2257/46/411 2258/46/411 2264/48/411
f 2269/49/587 2262/47/588 2261/47/588
f 2262/47/588 2269/49/587 2270/49/587
f 2261/47/589 2262/47/589 2269/49/590
f 2270/49/590 2269/49/590 2262/47/589
f 2269/49/587 2266/48/591 2270/49/587
f 2266/48/591 2269/49/587 2265/48/591
f 2270/49/590 2266/48/593 2269/49/590
f 2265/48/593 2269/49/590 2266/48/593
f 2273/50/601 2272/50/596 2271/50/601
f 2272/50/596 2273/50/601 2274/50/596
f 2271/50/602 2272/50/598 2273/50/602
f 2274/50/598 2273/50/602 2272/50/598
f 2277/51/602 2276/51/598 2275/51/598
f 2276/51/598 2277/51/602 2278/51/602
f 2275/51/596 2276/51/596 2277/51/601
f 2278/51/601 2277/51/601 2276/51/596
f 2275/51/598 2280/52/597 2279/52/597
f 2280/52/597 2275/51/598 2276/51/598
f 2279/52/595 2280/52/595 2275/51/596
f 2276/51/596 2275/51/596 2280/52/595
f 2282/53/599 2271/50/601 2281/53/599
f 2271/50/601 2282/53/599 2273/50/601
f 2281/53/600 2271/50/602 2282/53/600
f 2273/50/602 2282/53/600 2271/50/602
f 2285/53/595 2284/52/600 2283/53/595
f 2284/52/600 2285/53/595 2286/52/600
f 2283/53/597 2284/52/599 2285/53/597
f 2286/52/599 2285/53/597 2284/52/599
f 2280/52/597 2281/53/599 2279/52/597
f 2281/53/599 2280/52/597 2282/53/599
f 2279/52/595 2281/53/600 2280/52/595
f 2282/53/600 2280/52/595 2281/53/600
f 2283/53/416 2271/50/416 2272/50/416
f 2271/50/416 2283/53/416 2281/53/416
f 2281/53/416 2283/53/416 2284/52/416
f 2281/53/416 2284/52/416 2279/52/416
f 2279/52/416 2284/52/416 2277/51/416
f 2279/52/416 2277/51/416 2275/51/416
f 2272/50/415 2271/50/415 2283/53/415
f 2281/53/415 2283/53/415 2271/50/415
f 2284/52/415 2283/53/415 2281/53/415
f 2279/52/415 2284/52/415 2281/53/415
f 2277/51/415 2284/52/415 2279/52/415
f 2275/51/415 2277/51/415 2279/52/415
f 2274/50/596 2283/53/595 2272/50/596
f 2283/53/595 2274/50/596 2285/53/595
f 2272/50/598 2283/53/597 2274/50/598
f 2285/53/597 2274/50/598 2283/53/597
f 2282/53/415 2274/50/415 2273/50/415
f 2274/50/415 2282/53/415 2285/53/415
f 2285/53/415 2282/53/415 2280/52/415
f 2285/53/415 2280/52/415 2286/52/415
f 2286/52/415 2280/52/415 2276/51/415
f 2286/52/415 2276/51/415 2278/51/415
f 2273/50/416 2274/50/416 2282/53/416
f 2285/53/416 2282/53/416 2274/50/416
f 2280/52/416 2282/53/416 2285/53/416
f 2286/52/416 2280/52/416 2285/53/416
f 2276/51/416 2280/52/416 2286/52/416
f 2278/51/416 2276/51/416 2286/52/416
f 2284/52/600 2278/51/602 2277/51/602
f 2278/51/602 2284/52/600 2286/52/600
f 2277/51/601 2278/51/601 2284/52/599
f 2286/52/599 2284/52/599 2278/51/601
f 1277/13/352 2288/11/352 2287/13/352
f 2288/11/352 1277/13/352 2289/11/352
f 2287/13/351 2288/11/351 1277/13/351
f 2289/11/351 1277/13/351 2288/11/351
f 2292/13/605 2291/11/339 2290/11/605
f 2291/11/339 2292/13/605 2293/13/339
f 2290/11/606 2291/11/340 2292/13/606
f 2293/13/340 2292/13/606 2291/11/340
f 1277/13/340 2294/11/340 2289/11/340
f 2294/11/340 1277/13/340 2295/13/340
f 2289/11/339 2294/11/339 1277/13/339
f 2295/13/339 1277/13/339 2294/11/339
f 2293/13/339 2288/11/607 2291/11/339
f 2288/11/607 2293/13/339 2287/13/607
f 2291/11/340 2288/11/608 2293/13/340
f 2287/13/608 2293/13/340 2288/11/608
f 2294/11/82 2288/11/82 2289/11/82
f 2288/11/82 2294/11/82 2291/11/82
f 2291/11/82 2294/11/82 2290/11/82
f 2289/11/81 2288/11/81 2294/11/81
f 2291/11/81 2294/11/81 2288/11/81
f 2290/11/81 2294/11/81 2291/11/81
f 2287/13/81 2295/13/81 1277/13/81
f 2295/13/81 2287/13/81 2293/13/81
f 2295/13/81 2293/13/81 2292/13/81
f 1277/13/82 2295/13/82 2287/13/82
f 2293/13/82 2287/13/82 2295/13/82
f 2292/13/82 2293/13/82 2295/13/82
f 2294/11/351 2292/13/351 2290/11/351
f 2292/13/351 2294/11/351 2295/13/351
f 2290/11/352 2292/13/352 2294/11/352
f 2295/13/352 2294/11/352 2292/13/352
f 2298/12/435 2297/11/339 2296/11/435
f 2297/11/339 2298/12/435 2299/12/339
f 2296/11/436 2297/11/340 2298/12/436
f 2299/12/340 2298/12/436 2297/11/340
f 2299/12/339 2300/11/437 2297/11/339
f 2300/11/437 2299/12/339 2301/12/437
f 2297/11/340 2300/11/438 2299/12/340
f 2301/12/438 2299/12/340 2300/11/438
f 2302/12/352 2300/11/352 2301/12/352
f 2300/11/352 2302/12/352 2303/11/352
f 2301/12/351 2300/11/351 2302/12/351
f 2303/11/351 2302/12/351 2300/11/351
f 2301/12/81 2304/12/81 2302/12/81
f 2304/12/81 2301/12/81 2299/12/81
f 2304/12/81 2299/12/81 2298/12/81
f 2302/12/82 2304/12/82 2301/12/82
f 2299/12/82 2301/12/82 2304/12/82
f 2298/12/82 2299/12/82 2304/12/82
f 2302/12/340 2305/11/340 2303/11/340
f 2305/11/340 2302/12/340 2304/12/340
f 2303/11/339 2305/11/339 2302/12/339
f 2304/12/339 2302/12/339 2305/11/339
f 2305/11/351 2298/12/351 2296/11/351
f 2298/12/351 2305/11/351 2304/12/351
f 2296/11/352 2298/12/352 2305/11/352
f 2304/12/352 2305/11/352 2298/12/352
f 2308/42/609 2307/42/610 2306/42/609
f 2307/42/610 2308/42/609 2309/42/610
f 2306/42/611 2307/42/612 2308/42/611
f 2309/42/612 2308/42/611 2307/42/612
f 2312/43/611 2311/43/612 2310/43/612
f 2311/43/612 2312/43/611 2313/43/611
f 2310/43/610 2311/43/610 2312/43/609
f 2313/43/609 2312/43/609 2311/43/610
f 2316/44/613 2315/45/614 2314/44/613
f 2315/45/614 2316/44/613 2317/45/614
f 2314/44/615 2315/45/616 2316/44/615
f 2317/45/616 2316/44/615 2315/45/616
f 2320/45/615 2319/44/616 2318/45/615
f 2319/44/616 2320/45/615 2321/44/616
f 2318/45/613 2319/44/614 2320/45/613
f 2321/44/614 2320/45/613 2319/44/614
f 2310/43/612 2316/44/613 2314/44/613
f 2316/44/613 2310/43/612 2311/43/612
f 2314/44/615 2316/44/615 2310/43/610
f 2311/43/610 2310/43/610 2316/44/615
f 2317/45/614 2306/42/609 2315/45/614
f 2306/42/609 2317/45/614 2308/42/609
f 2315/45/616 2306/42/611 2317/45/616
f 2308/42/611 2317/45/616 2306/42/611
f 2318/45/437 2306/42/437 2307/42/437
f 2306/42/437 2318/45/437 2315/45/437
f 2315/45/437 2318/45/437 2319/44/437
f 2315/45/437 2319/44/437 2314/44/437
f 2314/44/437 2319/44/437 2312/43/437
f 2314/44/437 2312/43/437 2310/43/437
f 2307/42/438 2306/42/438 2318/45/438
f 2315/45/438 2318/45/438 2306/42/438
f 2319/44/438 2318/45/438 2315/45/438
f 2314/44/438 2319/44/438 2315/45/438
f 2312/43/438 2319/44/438 2314/44/438
f 2310/43/438 2312/43/438 2314/44/438
f 2317/45/438 2309/42/438 2308/42/438
f 2309/42/438 2317/45/438 2320/45/438
f 2320/45/438 2317/45/438 2316/44/438
f 2320/45/438 2316/44/438 2321/44/438
f 2321/44/438 2316/44/438 2311/43/438
f 2321/44/438 2311/43/438 2313/43/438
f 2308/42/437 2309/42/437 2317/45/437
f 2320/45/437 2317/45/437 2309/42/437
f 2316/44/437 2317/45/437 2320/45/437
f 2321/44/437 2316/44/437 2320/45/437
f 2311/43/437 2316/44/437 2321/44/437
f 2313/43/437 2311/43/437 2321/44/437
f 2309/42/610 2318/45/615 2307/42/610
f 2318/45/615 2309/42/610 2320/45/615
f 2307/42/612 2318/45/613 2309/42/612
f 2320/45/613 2309/42/612 2318/45/613
f 2319/44/616 2313/43/611 2312/43/611
f 2313/43/611 2319/44/616 2321/44/616
f 2312/43/609 2313/43/609 2319/44/614
f 2321/44/614 2319/44/614 2313/43/609
f 2324/46/617 2323/46/618 2322/46/617
f 2323/46/618 2324/46/617 2325/46/618
f 2322/46/619 2323/46/620 2324/46/619
f 2325/46/620 2324/46/619 2323/46/620
f 2328/47/619 2327/47/620 2326/47/620
f 2327/47/620 2328/47/619 2329/47/619
f 2326/47/618 2327/47/618 2328/47/617
f 2329/47/617 2328/47/617 2327/47/618
f 2331/48/621 2322/46/617 2330/48/621
f 2322/46/617 2331/48/621 2324/46/617
f 2330/48/622 2322/46/619 2331/48/622
f 2324/46/619 2331/48/622 2322/46/619
f 2325/46/618 2332/48/623 2323/46/618
f 2332/48/623 2325/46/618 2333/48/623
f 2323/46/620 2332/48/624 2325/46/620
f 2333/48/624 2325/46/620 2332/48/624
f 2330/48/621 2334/49/624 2331/48/621
f 2334/49/624 2330/48/621 2335/49/624
f 2331/48/622 2334/49/623 2330/48/622
f 2335/49/623 2330/48/622 2334/49/623
f 2326/47/620 2334/49/624 2335/49/624
f 2334/49/624 2326/47/620 2327/47/620
f 2335/49/623 2334/49/623 2326/47/618
f 2327/47/618 2326/47/618 2334/49/623
f 2335/49/436 2328/47/436 2326/47/436
f 2328/47/436 2335/49/436 2336/49/436
f 2336/49/436 2335/49/436 2330/48/436
f 2336/49/436 2330/48/436 2332/48/436
f 2332/48/436 2330/48/436 2322/46/436
f 2332/48/436 2322/46/436 2323/46/436
f 2326/47/435 2328/47/435 2335/49/435
f 2336/49/435 2335/49/435 2328/47/435
f 2330/48/435 2335/49/435 2336/49/435
f 2332/48/435 2330/48/435 2336/49/435
f 2322/46/435 2330/48/435 2332/48/435
f 2323/46/435 2322/46/435 2332/48/435
f 2337/49/435 2327/47/435 2329/47/435
f 2327/47/435 2337/49/435 2334/49/435
f 2334/49/435 2337/49/435 2333/48/435
f 2334/49/435 2333/48/435 2331/48/435
f 2331/48/435 2333/48/435 2325/46/435
f 2331/48/435 2325/46/435 2324/46/435
f 2329/47/436 2327/47/436 2337/49/436
f 2334/49/436 2337/49/436 2327/47/436
f 2333/48/436 2337/49/436 2334/49/436
f 2331/48/436 2333/48/436 2334/49/436
f 2325/46/436 2333/48/436 2331/48/436
f 2324/46/436 2325/46/436 2331/48/436
f 2336/49/622 2329/47/619 2328/47/619
f 2329/47/619 2336/49/622 2337/49/622
f 2328/47/617 2329/47/617 2336/49/621
f 2337/49/621 2336/49/621 2329/47/617
f 2336/49/622 2333/48/623 2337/49/622
f 2333/48/623 2336/49/622 2332/48/623
f 2337/49/621 2333/48/624 2336/49/621
f 2332/48/624 2336/49/621 2333/48/624
f 2340/50/609 2339/50/610 2338/50/609
f 2339/50/610 2340/50/609 2341/50/610
f 2338/50/611 2339/50/612 2340/50/611
f 2341/50/612 2340/50/611 2339/50/612
f 2344/51/611 2343/51/612 2342/51/612
f 2343/51/612 2344/51/611 2345/51/611
f 2342/51/610 2343/51/610 2344/51/609
f 2345/51/609 2344/51/609 2343/51/610
f 2342/51/612 2347/52/613 2346/52/613
f 2347/52/613 2342/51/612 2343/51/612
f 2346/52/615 2347/52/615 2342/51/610
f 2343/51/610 2342/51/610 2347/52/615
f 2349/53/614 2338/50/609 2348/53/614
f 2338/50/609 2349/53/614 2340/50/609
f 2348/53/616 2338/50/611 2349/53/616
f 2340/50/611 2349/53/616 2338/50/611
f 2352/53/615 2351/52/616 2350/53/615
f 2351/52/616 2352/53/615 2353/52/616
f 2350/53/613 2351/52/614 2352/53/613
f 2353/52/614 2352/53/613 2351/52/614
f 2347/52/613 2348/53/614 2346/52/613
f 2348/53/614 2347/52/613 2349/53/614
f 2346/52/615 2348/53/616 2347/52/615
f 2349/53/616 2347/52/615 2348/53/616
f 2350/53/437 2338/50/437 2339/50/437
f 2338/50/437 2350/53/437 2348/53/437
f 2348/53/437 2350/53/437 2351/52/437
f 2348/53/437 2351/52/437 2346/52/437
f 2346/52/437 2351/52/437 2344/51/437
f 2346/52/437 2344/51/437 2342/51/437
f 2339/50/438 2338/50/438 2350/53/438
f 2348/53/438 2350/53/438 2338/50/438
f 2351/52/438 2350/53/438 2348/53/438
f 2346/52/438 2351/52/438 2348/53/438
f 2344/51/438 2351/52/438 2346/52/438
f 2342/51/438 2344/51/438 2346/52/438
f 2341/50/610 2350/53/615 2339/50/610
f 2350/53/615 2341/50/610 2352/53/615
f 2339/50/612 2350/53/613 2341/50/612
f 2352/53/613 2341/50/612 2350/53/613
f 2349/53/438 2341/50/438 2340/50/438
f 2341/50/438 2349/53/438 2352/53/438
f 2352/53/438 2349/53/438 2347/52/438
f 2352/53/438 2347/52/438 2353/52/438
f 2353/52/438 2347/52/438 2343/51/438
f 2353/52/438 2343/51/438 2345/51/438
f 2340/50/437 2341/50/437 2349/53/437
f 2352/53/437 2349/53/437 2341/50/437
f 2347/52/437 2349/53/437 2352/53/437
f 2353/52/437 2347/52/437 2352/53/437
f 2343/51/437 2347/52/437 2353/52/437
f 2345/51/437 2343/51/437 2353/52/437
f 2351/52/616 2345/51/611 2344/51/611
f 2345/51/611 2351/52/616 2353/52/616
f 2344/51/609 2345/51/609 2351/52/614
f 2353/52/614 2351/52/614 2345/51/609
f 1287/13/368 1426/11/368 1431/13/368
f 1426/11/368 1287/13/368 187/11/368
f 1431/13/367 1426/11/367 1287/13/367
f 187/11/367 1287/13/367 1426/11/367
f 2356/13/625 2355/11/355 2354/11/625
f 2355/11/355 2356/13/625 2357/13/355
f 2354/11/626 2355/11/356 2356/13/626
f 2357/13/356 2356/13/626 2355/11/356
f 1287/13/356 2358/11/356 187/11/356
f 2358/11/356 1287/13/356 1288/13/356
f 187/11/355 2358/11/355 1287/13/355
f 1288/13/355 1287/13/355 2358/11/355
f 2357/13/355 1426/11/627 2355/11/355
f 1426/11/627 2357/13/355 1431/13/627
f 2355/11/356 1426/11/628 2357/13/356
f 1431/13/628 2357/13/356 1426/11/628
f 2358/11/82 1426/11/82 187/11/82
f 1426/11/82 2358/11/82 2355/11/82
f 2355/11/82 2358/11/82 2354/11/82
f 187/11/81 1426/11/81 2358/11/81
f 2355/11/81 2358/11/81 1426/11/81
f 2354/11/81 2358/11/81 2355/11/81
f 1431/13/81 1288/13/81 1287/13/81
f 1288/13/81 1431/13/81 2357/13/81
f 1288/13/81 2357/13/81 2356/13/81
f 1287/13/82 1288/13/82 1431/13/82
f 2357/13/82 1431/13/82 1288/13/82
f 2356/13/82 2357/13/82 1288/13/82
f 2358/11/367 2356/13/367 2354/11/367
f 2356/13/367 2358/11/367 1288/13/367
f 2354/11/368 2356/13/368 2358/11/368
f 1288/13/368 2358/11/368 2356/13/368
f 2361/12/439 2360/11/355 2359/11/439
f 2360/11/355 2361/12/439 2362/12/355
f 2359/11/440 2360/11/356 2361/12/440
f 2362/12/356 2361/12/440 2360/11/356
f 2362/12/355 2363/11/441 2360/11/355
f 2363/11/441 2362/12/355 2364/12/441
f 2360/11/356 2363/11/442 2362/12/356
f 2364/12/442 2362/12/356 2363/11/442
f 2365/12/368 2363/11/368 2364/12/368
f 2363/11/368 2365/12/368 2366/11/368
f 2364/12/367 2363/11/367 2365/12/367
f 2366/11/367 2365/12/367 2363/11/367
f 2364/12/81 2367/12/81 2365/12/81
f 2367/12/81 2364/12/81 2362/12/81
f 2367/12/81 2362/12/81 2361/12/81
f 2365/12/82 2367/12/82 2364/12/82
f 2362/12/82 2364/12/82 2367/12/82
f 2361/12/82 2362/12/82 2367/12/82
f 2365/12/356 2368/11/356 2366/11/356
f 2368/11/356 2365/12/356 2367/12/356
f 2366/11/355 2368/11/355 2365/12/355
f 2367/12/355 2365/12/355 2368/11/355
f 2368/11/367 2361/12/367 2359/11/367
f 2361/12/367 2368/11/367 2367/12/367
f 2359/11/368 2361/12/368 2368/11/368
f 2367/12/368 2368/11/368 2361/12/368
f 2371/42/629 2370/42/630 2369/42/629
f 2370/42/630 2371/42/629 2372/42/630
f 2369/42/631 2370/42/632 2371/42/631
f 2372/42/632 2371/42/631 2370/42/632
f 2375/43/631 2374/43/632 2373/43/632
f 2374/43/632 2375/43/631 2376/43/631
f 2373/43/630 2374/43/630 2375/43/629
f 2376/43/629 2375/43/629 2374/43/630
f 2379/44/633 2378/45/634 2377/44/633
f 2378/45/634 2379/44/633 2380/45/634
f 2377/44/635 2378/45/636 2379/44/635
f 2380/45/636 2379/44/635 2378/45/636
f 2383/45/635 2382/44/636 2381/45/635
f 2382/44/636 2383/45/635 2384/44/636
f 2381/45/633 2382/44/634 2383/45/633
f 2384/44/634 2383/45/633 2382/44/634
f 2373/43/632 2379/44/633 2377/44/633
f 2379/44/633 2373/43/632 2374/43/632
f 2377/44/635 2379/44/635 2373/43/630
f 2374/43/630 2373/43/630 2379/44/635
f 2380/45/634 2369/42/629 2378/45/634
f 2369/42/629 2380/45/634 2371/42/629
f 2378/45/636 2369/42/631 2380/45/636
f 2371/42/631 2380/45/636 2369/42/631
f 2381/45/441 2369/42/441 2370/42/441
f 2369/42/441 2381/45/441 2378/45/441
f 2378/45/441 2381/45/441 2382/44/441
f 2378/45/441 2382/44/441 2377/44/441
f 2377/44/441 2382/44/441 2375/43/441
f 2377/44/441 2375/43/441 2373/43/441
f 2370/42/442 2369/42/442 2381/45/442
f 2378/45/442 2381/45/442 2369/42/442
f 2382/44/442 2381/45/442 2378/45/442
f 2377/44/442 2382/44/442 2378/45/442
f 2375/43/442 2382/44/442 2377/44/442
f 2373/43/442 2375/43/442 2377/44/442
f 2380/45/442 2372/42/442 2371/42/442
f 2372/42/442 2380/45/442 2383/45/442
f 2383/45/442 2380/45/442 2379/44/442
f 2383/45/442 2379/44/442 2384/44/442
f 2384/44/442 2379/44/442 2374/43/442
f 2384/44/442 2374/43/442 2376/43/442
f 2371/42/441 2372/42/441 2380/45/441
f 2383/45/441 2380/45/441 2372/42/441
f 2379/44/441 2380/45/441 2383/45/441
f 2384/44/441 2379/44/441 2383/45/441
f 2374/43/441 2379/44/441 2384/44/441
f 2376/43/441 2374/43/441 2384/44/441
f 2372/42/630 2381/45/635 2370/42/630
f 2381/45/635 2372/42/630 2383/45/635
f 2370/42/632 2381/45/633 2372/42/632
f 2383/45/633 2372/42/632 2381/45/633
f 2382/44/636 2376/43/631 2375/43/631
f 2376/43/631 2382/44/636 2384/44/636
f 2375/43/629 2376/43/629 2382/44/634
f 2384/44/634 2382/44/634 2376/43/629
f 2387/46/637 2386/46/638 2385/46/637
f 2386/46/638 2387/46/637 2388/46/638
f 2385/46/639 2386/46/640 2387/46/639
f 2388/46/640 2387/46/639 2386/46/640
f 2391/47/639 2390/47/640 2389/47/640
f 2390/47/640 2391/47/639 2392/47/639
f 2389/47/638 2390/47/638 2391/47/637
f 2392/47/637 2391/47/637 2390/47/638
f 2394/48/641 2385/46/637 2393/48/641
f 2385/46/637 2394/48/641 2387/46/637
f 2393/48/642 2385/46/639 2394/48/642
f 2387/46/639 2394/48/642 2385/46/639
f 2388/46/638 2395/48/643 2386/46/638
f 2395/48/643 2388/46/638 2396/48/643
f 2386/46/640 2395/48/644 2388/46/640
f 2396/48/644 2388/46/640 2395/48/644
f 2393/48/641 2397/49/644 2394/48/641
f 2397/49/644 2393/48/641 2398/49/644
f 2394/48/642 2397/49/643 2393/48/642
f 2398/49/643 2393/48/642 2397/49/643
f 2389/47/640 2397/49/644 2398/49/644
f 2397/49/644 2389/47/640 2390/47/640
f 2398/49/643 2397/49/643 2389/47/638
f 2390/47/638 2389/47/638 2397/49/643
f 2398/49/440 2391/47/440 2389/47/440
f 2391/47/440 2398/49/440 2399/49/440
f 2399/49/440 2398/49/440 2393/48/440
f 2399/49/440 2393/48/440 2395/48/440
f 2395/48/440 2393/48/440 2385/46/440
f 2395/48/440 2385/46/440 2386/46/440
f 2389/47/439 2391/47/439 2398/49/439
f 2399/49/439 2398/49/439 2391/47/439
f 2393/48/439 2398/49/439 2399/49/439
f 2395/48/439 2393/48/439 2399/49/439
f 2385/46/439 2393/48/439 2395/48/439
f 2386/46/439 2385/46/439 2395/48/439
f 2400/49/439 2390/47/439 2392/47/439
f 2390/47/439 2400/49/439 2397/49/439
f 2397/49/439 2400/49/439 2396/48/439
f 2397/49/439 2396/48/439 2394/48/439
f 2394/48/439 2396/48/439 2388/46/439
f 2394/48/439 2388/46/439 2387/46/439
f 2392/47/440 2390/47/440 2400/49/440
f 2397/49/440 2400/49/440 2390/47/440
f 2396/48/440 2400/49/440 2397/49/440
f 2394/48/440 2396/48/440 2397/49/440
f 2388/46/440 2396/48/440 2394/48/440
f 2387/46/440 2388/46/440 2394/48/440
f 2399/49/642 2392/47/639 2391/47/639
f 2392/47/639 2399/49/642 2400/49/642
f 2391/47/637 2392/47/637 2399/49/641
f 2400/49/641 2399/49/641 2392/47/637
f 2399/49/642 2396/48/643 2400/49/642
f 2396/48/643 2399/49/642 2395/48/643
f 2400/49/641 2396/48/644 2399/49/641
f 2395/48/644 2399/49/641 2396/48/644
f 2403/50/629 2402/50/630 2401/50/629
f 2402/50/630 2403/50/629 2404/50/630
f 2401/50/631 2402/50/632 2403/50/631
f 2404/50/632 2403/50/631 2402/50/632
f 2407/51/631 2406/51/632 2405/51/632
f 2406/51/632 2407/51/631 2408/51/631
f 2405/51/630 2406/51/630 2407/51/629
f 2408/51/629 2407/51/629 2406/51/630
f 2405/51/632 2410/52/633 2409/52/633
f 2410/52/633 2405/51/632 2406/51/632
f 2409/52/635 2410/52/635 2405/51/630
f 2406/51/630 2405/51/630 2410/52/635
f 2412/53/634 2401/50/629 2411/53/634
f 2401/50/629 2412/53/634 2403/50/629
f 2411/53/636 2401/50/631 2412/53/636
f 2403/50/631 2412/53/636 2401/50/631
f 2415/53/635 2414/52/636 2413/53/635
f 2414/52/636 2415/53/635 2416/52/636
f 2413/53/633 2414/52/634 2415/53/633
f 2416/52/634 2415/53/633 2414/52/634
f 2410/52/633 2411/53/634 2409/52/633
f 2411/53/634 2410/52/633 2412/53/634
f 2409/52/635 2411/53/636 2410/52/635
f 2412/53/636 2410/52/635 2411/53/636
f 2413/53/441 2401/50/441 2402/50/441
f 2401/50/441 2413/53/441 2411/53/441
f 2411/53/441 2413/53/441 2414/52/441
f 2411/53/441 2414/52/441 2409/52/441
f 2409/52/441 2414/52/441 2407/51/441
f 2409/52/441 2407/51/441 2405/51/441
f 2402/50/442 2401/50/442 2413/53/442
f 2411/53/442 2413/53/442 2401/50/442
f 2414/52/442 2413/53/442 2411/53/442
f 2409/52/442 2414/52/442 2411/53/442
f 2407/51/442 2414/52/442 2409/52/442
f 2405/51/442 2407/51/442 2409/52/442
f 2404/50/630 2413/53/635 2402/50/630
f 2413/53/635 2404/50/630 2415/53/635
f 2402/50/632 2413/53/633 2404/50/632
f 2415/53/633 2404/50/632 2413/53/633
f 2412/53/442 2404/50/442 2403/50/442
f 2404/50/442 2412/53/442 2415/53/442
f 2415/53/442 2412/53/442 2410/52/442
f 2415/53/442 2410/52/442 2416/52/442
f 2416/52/442 2410/52/442 2406/51/442
f 2416/52/442 2406/51/442 2408/51/442
f 2403/50/441 2404/50/441 2412/53/441
f 2415/53/441 2412/53/441 2404/50/441
f 2410/52/441 2412/53/441 2415/53/441
f 2416/52/441 2410/52/441 2415/53/441
f 2406/51/441 2410/52/441 2416/52/441
f 2408/51/441 2406/51/441 2416/52/441
f 2414/52/636 2408/51/631 2407/51/631
f 2408/51/631 2414/52/636 2416/52/636
f 2407/51/629 2408/51/629 2414/52/634
f 2416/52/634 2414/52/634 2408/51/629
f 2419/12/352 2418/11/352 2417/12/352
f 2418/11/352 2419/12/352 2420/11/352
f 2417/12/351 2418/11/351 2419/12/351
f 2420/11/351 2419/12/351 2418/11/351
f 2419/12/340 2421/11/340 2420/11/340
f 2421/11/340 2419/12/340 2422/12/340
f 2420/11/339 2421/11/339 2419/12/339
f 2422/12/339 2419/12/339 2421/11/339
f 2423/11/423 2417/12/425 2418/11/425
f 2417/12/425 2423/11/423 2424/12/423
f 2418/11/426 2417/12/426 2423/11/424
f 2424/12/424 2423/11/424 2417/12/426
f 2421/11/420 2426/12/419 2425/11/419
f 2426/12/419 2421/11/420 2422/12/420
f 2425/11/422 2426/12/422 2421/11/421
f 2422/12/421 2421/11/421 2426/12/422
f 2424/12/81 2419/12/81 2417/12/81
f 2419/12/81 2424/12/81 2422/12/81
f 2422/12/81 2424/12/81 2426/12/81
f 2417/12/82 2419/12/82 2424/12/82
f 2422/12/82 2424/12/82 2419/12/82
f 2426/12/82 2424/12/82 2422/12/82
f 2426/12/419 2423/11/423 2425/11/419
f 2423/11/423 2426/12/419 2424/12/423
f 2425/11/422 2423/11/424 2426/12/422
f 2424/12/424 2426/12/422 2423/11/424
f 1179/13/340 2428/11/340 2427/11/340
f 2428/11/340 1179/13/340 1835/13/340
f 2427/11/339 2428/11/339 1179/13/339
f 1835/13/339 1179/13/339 2428/11/339
f 1179/13/352 2430/11/352 2429/13/352
f 2430/11/352 1179/13/352 2427/11/352
f 2429/13/351 2430/11/351 1179/13/351
f 2427/11/351 1179/13/351 2430/11/351
f 2431/13/81 1179/13/81 2429/13/81
f 1179/13/81 2431/13/81 1835/13/81
f 1835/13/81 2431/13/81 2432/13/81
f 2429/13/82 1179/13/82 2431/13/82
f 1835/13/82 2431/13/82 1179/13/82
f 2432/13/82 2431/13/82 1835/13/82
f 2428/11/82 2430/11/82 2427/11/82
f 2430/11/82 2428/11/82 2433/11/82
f 2433/11/82 2428/11/82 2434/11/82
f 2427/11/81 2430/11/81 2428/11/81
f 2433/11/81 2428/11/81 2430/11/81
f 2434/11/81 2428/11/81 2433/11/81
f 2428/11/420 2432/13/419 2434/11/419
f 2432/13/419 2428/11/420 1835/13/420
f 2434/11/422 2432/13/422 2428/11/421
f 1835/13/421 2428/11/421 2432/13/422
f 2432/13/419 2433/11/603 2434/11/419
f 2433/11/603 2432/13/419 2431/13/603
f 2434/11/422 2433/11/604 2432/13/422
f 2431/13/604 2432/13/422 2433/11/604
f 2433/11/603 2429/13/425 2430/11/425
f 2429/13/425 2433/11/603 2431/13/603
f 2430/11/426 2429/13/426 2433/11/604
f 2431/13/604 2433/11/604 2429/13/426
f 2437/54/645 2436/54/645 2435/54/645
f 2436/54/645 2437/54/645 2438/54/645
f 2438/54/645 2437/54/645 2439/54/645
f 2438/54/645 2439/54/645 2440/54/645
f 2440/54/645 2439/54/645 2441/54/645
f 2440/54/645 2441/54/645 2442/54/645
f 2435/54/646 2436/54/646 2437/54/646
f 2438/54/646 2437/54/646 2436/54/646
f 2439/54/646 2437/54/646 2438/54/646
f 2440/54/646 2439/54/646 2438/54/646
f 2441/54/646 2439/54/646 2440/54/646
f 2442/54/646 2441/54/646 2440/54/646
f 2445/55/646 2444/55/646 2443/55/646
f 2444/55/646 2445/55/646 2446/55/646
f 2444/55/646 2446/55/646 2447/55/646
f 2447/55/646 2446/55/646 2448/55/646
f 2447/55/646 2448/55/646 2449/55/646
f 2449/55/646 2448/55/646 2450/55/646
f 2443/55/645 2444/55/645 2445/55/645
f 2446/55/645 2445/55/645 2444/55/645
f 2447/55/645 2446/55/645 2444/55/645
f 2448/55/645 2446/55/645 2447/55/645
f 2449/55/645 2448/55/645 2447/55/645
f 2450/55/645 2448/55/645 2449/55/645
f 2443/55/648 2436/54/647 2445/55/647
f 2436/54/647 2443/55/648 2435/54/648
f 2445/55/650 2436/54/650 2443/55/649
f 2435/54/649 2443/55/649 2436/54/650
f 2446/55/345 2436/54/651 2438/54/345
f 2436/54/651 2446/55/345 2445/55/651
f 2438/54/346 2436/54/652 2446/55/346
f 2445/55/652 2446/55/346 2436/54/652
f 2448/55/653 2438/54/345 2440/54/653
f 2438/54/345 2448/55/653 2446/55/345
f 2440/54/654 2438/54/346 2448/55/654
f 2446/55/346 2448/55/654 2438/54/346
f 2442/54/649 2448/55/655 2440/54/655
f 2448/55/655 2442/54/649 2450/55/649
f 2440/54/656 2448/55/656 2442/54/648
f 2450/55/648 2442/54/648 2448/55/656
f 2441/54/650 2450/55/649 2442/54/649
f 2450/55/649 2441/54/650 2449/55/650
f 2442/54/648 2450/55/648 2441/54/647
f 2449/55/647 2441/54/647 2450/55/648
f 2447/55/346 2441/54/652 2439/54/346
f 2441/54/652 2447/55/346 2449/55/652
f 2439/54/345 2441/54/651 2447/55/345
f 2449/55/651 2447/55/345 2441/54/651
f 2444/55/654 2439/54/346 2437/54/654
f 2439/54/346 2444/55/654 2447/55/346
f 2437/54/653 2439/54/345 2444/55/653
f 2447/55/345 2444/55/653 2439/54/345
f 2444/55/656 2435/54/648 2443/55/648
f 2435/54/648 2444/55/656 2437/54/656
f 2443/55/649 2435/54/649 2444/55/655
f 2437/54/655 2444/55/655 2435/54/649
f 2453/55/646 2452/55/646 2451/55/646
f 2452/55/646 2453/55/646 2454/55/646
f 2452/55/646 2454/55/646 2455/55/646
f 2455/55/646 2454/55/646 2456/55/646
f 2456/55/646 2454/55/646 2457/55/646
f 2456/55/646 2457/55/646 2458/55/646
f 2451/55/645 2452/55/645 2453/55/645
f 2454/55/645 2453/55/645 2452/55/645
f 2455/55/645 2454/55/645 2452/55/645
f 2456/55/645 2454/55/645 2455/55/645
f 2457/55/645 2454/55/645 2456/55/645
f 2458/55/645 2457/55/645 2456/55/645
f 2451/55/648 2459/54/647 2453/55/647
f 2459/54/647 2451/55/648 2460/54/648
f 2453/55/650 2459/54/650 2451/55/649
f 2460/54/649 2451/55/649 2459/54/650
f 2454/55/345 2459/54/651 2461/54/345
f 2459/54/651 2454/55/345 2453/55/651
f 2461/54/346 2459/54/652 2454/55/346
f 2453/55/652 2454/55/346 2459/54/652
f 2457/55/653 2461/54/345 2462/54/653
f 2461/54/345 2457/55/653 2454/55/345
f 2462/54/654 2461/54/346 2457/55/654
f 2454/55/346 2457/55/654 2461/54/346
f 2463/54/649 2457/55/655 2462/54/655
f 2457/55/655 2463/54/649 2458/55/649
f 2462/54/656 2457/55/656 2463/54/648
f 2458/55/648 2463/54/648 2457/55/656
f 2464/54/650 2458/55/649 2463/54/649
f 2458/55/649 2464/54/650 2456/55/650
f 2463/54/648 2458/55/648 2464/54/647
f 2456/55/647 2464/54/647 2458/55/648
f 2455/55/346 2464/54/652 2465/54/346
f 2464/54/652 2455/55/346 2456/55/652
f 2465/54/345 2464/54/651 2455/55/345
f 2456/55/651 2455/55/345 2464/54/651
f 2452/55/654 2465/54/346 2466/54/654
f 2465/54/346 2452/55/654 2455/55/346
f 2466/54/653 2465/54/345 2452/55/653
f 2455/55/345 2452/55/653 2465/54/345
f 2452/55/656 2460/54/648 2451/55/648
f 2460/54/648 2452/55/656 2466/54/656
f 2451/55/649 2460/54/649 2452/55/655
f 2466/54/655 2452/55/655 2460/54/649
f 2469/57/657 2468/56/658 2467/56/657
f 2468/56/658 2469/57/657 2470/57/658
f 2467/56/659 2468/56/660 2469/57/659
f 2470/57/660 2469/57/659 2468/56/660
f 2473/56/661 2472/57/662 2471/57/661
f 2472/57/662 2473/56/661 2474/56/662
f 2471/57/663 2472/57/664 2473/56/663
f 2474/56/664 2473/56/663 2472/57/664
f 2476/57/665 2467/56/657 2475/56/665
f 2467/56/657 2476/57/665 2469/57/657
f 2475/56/666 2467/56/659 2476/57/666
f 2469/57/659 2476/57/666 2467/56/659
f 2479/57/667 2478/56/668 2477/56/667
f 2478/56/668 2479/57/667 2480/57/668
f 2477/56/669 2478/56/670 2479/57/669
f 2480/57/670 2479/57/669 2478/56/670
f 2479/57/667 2468/56/671 2470/57/671
f 2468/56/671 2479/57/667 2477/56/667
f 2470/57/672 2468/56/672 2479/57/669
f 2477/56/669 2479/57/669 2468/56/672
f 2482/57/673 2474/56/674 2481/56/673
f 2474/56/674 2482/57/673 2472/57/674
f 2481/56/675 2474/56/676 2482/57/675
f 2472/57/676 2482/57/675 2474/56/676
f 2480/57/677 2481/56/673 2478/56/677
f 2481/56/673 2480/57/677 2482/57/673
f 2478/56/678 2481/56/675 2480/57/678
f 2482/57/675 2480/57/678 2481/56/675
f 2475/56/679 2471/57/661 2476/57/679
f 2471/57/661 2475/56/679 2473/56/661
f 2476/57/680 2471/57/663 2475/56/680
f 2473/56/663 2475/56/680 2471/57/663
f 2485/54/645 2484/54/645 2483/54/645
f 2484/54/645 2485/54/645 2486/54/645
f 2486/54/645 2485/54/645 2487/54/645
f 2486/54/645 2487/54/645 2488/54/645
f 2488/54/645 2487/54/645 2489/54/645
f 2488/54/645 2489/54/645 2490/54/645
f 2483/54/646 2484/54/646 2485/54/646
f 2486/54/646 2485/54/646 2484/54/646
f 2487/54/646 2485/54/646 2486/54/646
f 2488/54/646 2487/54/646 2486/54/646
f 2489/54/646 2487/54/646 2488/54/646
f 2490/54/646 2489/54/646 2488/54/646
f 2493/55/646 2492/55/646 2491/55/646
f 2492/55/646 2493/55/646 2494/55/646
f 2492/55/646 2494/55/646 2495/55/646
f 2495/55/646 2494/55/646 2496/55/646
f 2495/55/646 2496/55/646 2497/55/646
f 2497/55/646 2496/55/646 2498/55/646
f 2491/55/645 2492/55/645 2493/55/645
f 2494/55/645 2493/55/645 2492/55/645
f 2495/55/645 2494/55/645 2492/55/645
f 2496/55/645 2494/55/645 2495/55/645
f 2497/55/645 2496/55/645 2495/55/645
f 2498/55/645 2496/55/645 2497/55/645
f 2491/55/682 2484/54/681 2493/55/681
f 2484/54/681 2491/55/682 2483/54/682
f 2493/55/684 2484/54/684 2491/55/683
f 2483/54/683 2491/55/683 2484/54/684
f 2494/55/685 2484/54/686 2486/54/685
f 2484/54/686 2494/55/685 2493/55/686
f 2486/54/687 2484/54/688 2494/55/687
f 2493/55/688 2494/55/687 2484/54/688
f 2496/55/689 2486/54/685 2488/54/689
f 2486/54/685 2496/55/689 2494/55/685
f 2488/54/690 2486/54/687 2496/55/690
f 2494/55/687 2496/55/690 2486/54/687
f 2490/54/683 2496/55/691 2488/54/691
f 2496/55/691 2490/54/683 2498/55/683
f 2488/54/692 2496/55/692 2490/54/682
f 2498/55/682 2490/54/682 2496/55/692
f 2489/54/684 2498/55/683 2490/54/683
f 2498/55/683 2489/54/684 2497/55/684
f 2490/54/682 2498/55/682 2489/54/681
f 2497/55/681 2489/54/681 2498/55/682
f 2495/55/687 2489/54/688 2487/54/687
f 2489/54/688 2495/55/687 2497/55/688
f 2487/54/685 2489/54/686 2495/55/685
f 2497/55/686 2495/55/685 2489/54/686
f 2492/55/690 2487/54/687 2485/54/690
f 2487/54/687 2492/55/690 2495/55/687
f 2485/54/689 2487/54/685 2492/55/689
f 2495/55/685 2492/55/689 2487/54/685
f 2492/55/692 2483/54/682 2491/55/682
f 2483/54/682 2492/55/692 2485/54/692
f 2491/55/683 2483/54/683 2492/55/691
f 2485/54/691 2492/55/691 2483/54/683
f 2501/55/646 2500/55/646 2499/55/646
f 2500/55/646 2501/55/646 2502/55/646
f 2500/55/646 2502/55/646 2503/55/646
f 2503/55/646 2502/55/646 2504/55/646
f 2504/55/646 2502/55/646 2505/55/646
f 2504/55/646 2505/55/646 2506/55/646
f 2499/55/645 2500/55/645 2501/55/645
f 2502/55/645 2501/55/645 2500/55/645
f 2503/55/645 2502/55/645 2500/55/645
f 2504/55/645 2502/55/645 2503/55/645
f 2505/55/645 2502/55/645 2504/55/645
f 2506/55/645 2505/55/645 2504/55/645
f 2499/55/682 2507/54/681 2501/55/681
f 2507/54/681 2499/55/682 2508/54/682
f 2501/55/684 2507/54/684 2499/55/683
f 2508/54/683 2499/55/683 2507/54/684
f 2502/55/685 2507/54/686 2509/54/685
f 2507/54/686 2502/55/685 2501/55/686
f 2509/54/687 2507/54/688 2502/55/687
f 2501/55/688 2502/55/687 2507/54/688
f 2505/55/689 2509/54/685 2510/54/689
f 2509/54/685 2505/55/689 2502/55/685
f 2510/54/690 2509/54/687 2505/55/690
f 2502/55/687 2505/55/690 2509/54/687
f 2511/54/683 2505/55/691 2510/54/691
f 2505/55/691 2511/54/683 2506/55/683
f 2510/54/692 2505/55/692 2511/54/682
f 2506/55/682 2511/54/682 2505/55/692
f 2512/54/684 2506/55/683 2511/54/683
f 2506/55/683 2512/54/684 2504/55/684
f 2511/54/682 2506/55/682 2512/54/681
f 2504/55/681 2512/54/681 2506/55/682
f 2503/55/687 2512/54/688 2513/54/687
f 2512/54/688 2503/55/687 2504/55/688
f 2513/54/685 2512/54/686 2503/55/685
f 2504/55/686 2503/55/685 2512/54/686
f 2500/55/690 2513/54/687 2514/54/690
f 2513/54/687 2500/55/690 2503/55/687
f 2514/54/689 2513/54/685 2500/55/689
f 2503/55/685 2500/55/689 2513/54/685
f 2500/55/692 2508/54/682 2499/55/682
f 2508/54/682 2500/55/692 2514/54/692
f 2499/55/683 2508/54/683 2500/55/691
f 2514/54/691 2500/55/691 2508/54/683
f 2517/57/693 2516/56/694 2515/56/693
f 2516/56/694 2517/57/693 2518/57/694
f 2515/56/695 2516/56/696 2517/57/695
f 2518/57/696 2517/57/695 2516/56/696
f 2521/56/697 2520/57/698 2519/57/697
f 2520/57/698 2521/56/697 2522/56/698
f 2519/57/699 2520/57/700 2521/56/699
f 2522/56/700 2521/56/699 2520/57/700
f 2524/57/701 2515/56/693 2523/56/701
f 2515/56/693 2524/57/701 2517/57/693
f 2523/56/702 2515/56/695 2524/57/702
f 2517/57/695 2524/57/702 2515/56/695
f 2527/57/703 2526/56/704 2525/56/703
f 2526/56/704 2527/57/703 2528/57/704
f 2525/56/705 2526/56/706 2527/57/705
f 2528/57/706 2527/57/705 2526/56/706
f 2527/57/703 2516/56/707 2518/57/707
f 2516/56/707 2527/57/703 2525/56/703
f 2518/57/708 2516/56/708 2527/57/705
f 2525/56/705 2527/57/705 2516/56/708
f 2530/57/709 2522/56/710 2529/56/709
f 2522/56/710 2530/57/709 2520/57/710
f 2529/56/711 2522/56/712 2530/57/711
f 2520/57/712 2530/57/711 2522/56/712
f 2528/57/713 2529/56/709 2526/56/713
f 2529/56/709 2528/57/713 2530/57/709
f 2526/56/714 2529/56/711 2528/57/714
f 2530/57/711 2528/57/714 2529/56/711
f 2523/56/715 2519/57/697 2524/57/715
f 2519/57/697 2523/56/715 2521/56/697
f 2524/57/716 2519/57/699 2523/56/716
f 2521/56/699 2523/56/716 2519/57/699
f 2533/54/82 2532/54/82 2531/54/82
f 2532/54/82 2533/54/82 2534/54/82
f 2534/54/82 2533/54/82 2535/54/82
f 2534/54/82 2535/54/82 2536/54/82
f 2536/54/82 2535/54/82 2537/54/82
f 2536/54/82 2537/54/82 2538/54/82
f 2531/54/81 2532/54/81 2533/54/81
f 2534/54/81 2533/54/81 2532/54/81
f 2535/54/81 2533/54/81 2534/54/81
f 2536/54/81 2535/54/81 2534/54/81
f 2537/54/81 2535/54/81 2536/54/81
f 2538/54/81 2537/54/81 2536/54/81
f 2541/55/81 2540/55/81 2539/55/81
f 2540/55/81 2541/55/81 2542/55/81
f 2540/55/81 2542/55/81 2543/55/81
f 2543/55/81 2542/55/81 2544/55/81
f 2543/55/81 2544/55/81 2545/55/81
f 2545/55/81 2544/55/81 2546/55/81
f 2539/55/82 2540/55/82 2541/55/82
f 2542/55/82 2541/55/82 2540/55/82
f 2543/55/82 2542/55/82 2540/55/82
f 2544/55/82 2542/55/82 2543/55/82
f 2545/55/82 2544/55/82 2543/55/82
f 2546/55/82 2544/55/82 2545/55/82
f 2539/55/718 2532/54/717 2541/55/717
f 2532/54/717 2539/55/718 2531/54/718
f 2541/55/720 2532/54/720 2539/55/719
f 2531/54/719 2539/55/719 2532/54/720
f 2542/55/721 2532/54/722 2534/54/721
f 2532/54/722 2542/55/721 2541/55/722
f 2534/54/723 2532/54/724 2542/55/723
f 2541/55/724 2542/55/723 2532/54/724
f 2544/55/725 2534/54/721 2536/54/725
f 2534/54/721 2544/55/725 2542/55/721
f 2536/54/726 2534/54/723 2544/55/726
f 2542/55/723 2544/55/726 2534/54/723
f 2538/54/719 2544/55/727 2536/54/727
f 2544/55/727 2538/54/719 2546/55/719
f 2536/54/728 2544/55/728 2538/54/718
f 2546/55/718 2538/54/718 2544/55/728
f 2537/54/720 2546/55/719 2538/54/719
f 2546/55/719 2537/54/720 2545/55/720
f 2538/54/718 2546/55/718 2537/54/717
f 2545/55/717 2537/54/717 2546/55/718
f 2543/55/723 2537/54/724 2535/54/723
f 2537/54/724 2543/55/723 2545/55/724
f 2535/54/721 2537/54/722 2543/55/721
f 2545/55/722 2543/55/721 2537/54/722
f 2540/55/726 2535/54/723 2533/54/726
f 2535/54/723 2540/55/726 2543/55/723
f 2533/54/725 2535/54/721 2540/55/725
f 2543/55/721 2540/55/725 2535/54/721
f 2540/55/728 2531/54/718 2539/55/718
f 2531/54/718 2540/55/728 2533/54/728
f 2539/55/719 2531/54/719 2540/55/727
f 2533/54/727 2540/55/727 2531/54/719
f 2549/55/81 2548/55/81 2547/55/81
f 2548/55/81 2549/55/81 2550/55/81
f 2548/55/81 2550/55/81 2551/55/81
f 2551/55/81 2550/55/81 2552/55/81
f 2552/55/81 2550/55/81 2553/55/81
f 2552/55/81 2553/55/81 2554/55/81
f 2547/55/82 2548/55/82 2549/55/82
f 2550/55/82 2549/55/82 2548/55/82
f 2551/55/82 2550/55/82 2548/55/82
f 2552/55/82 2550/55/82 2551/55/82
f 2553/55/82 2550/55/82 2552/55/82
f 2554/55/82 2553/55/82 2552/55/82
f 2547/55/718 2555/54/717 2549/55/717
f 2555/54/717 2547/55/718 2556/54/718
f 2549/55/720 2555/54/720 2547/55/719
f 2556/54/719 2547/55/719 2555/54/720
f 2550/55/721 2555/54/722 2557/54/721
f 2555/54/722 2550/55/721 2549/55/722
f 2557/54/723 2555/54/724 2550/55/723
f 2549/55/724 2550/55/723 2555/54/724
f 2553/55/725 2557/54/721 2558/54/725
f 2557/54/721 2553/55/725 2550/55/721
f 2558/54/726 2557/54/723 2553/55/726
f 2550/55/723 2553/55/726 2557/54/723
f 2559/54/719 2553/55/727 2558/54/727
f 2553/55/727 2559/54/719 2554/55/719
f 2558/54/728 2553/55/728 2559/54/718
f 2554/55/718 2559/54/718 2553/55/728
f 2560/54/720 2554/55/719 2559/54/719
f 2554/55/719 2560/54/720 2552/55/720
f 2559/54/718 2554/55/718 2560/54/717
f 2552/55/717 2560/54/717 2554/55/718
f 2551/55/723 2560/54/724 2561/54/723
f 2560/54/724 2551/55/723 2552/55/724
f 2561/54/721 2560/54/722 2551/55/721
f 2552/55/722 2551/55/721 2560/54/722
f 2548/55/726 2561/54/723 2562/54/726
f 2561/54/723 2548/55/726 2551/55/723
f 2562/54/725 2561/54/721 2548/55/725
f 2551/55/721 2548/55/725 2561/54/721
f 2548/55/728 2556/54/718 2547/55/718
f 2556/54/718 2548/55/728 2562/54/728
f 2547/55/719 2556/54/719 2548/55/727
f 2562/54/727 2548/55/727 2556/54/719
f 2565/57/729 2564/56/730 2563/56/729
f 2564/56/730 2565/57/729 2566/57/730
f 2563/56/731 2564/56/732 2565/57/731
f 2566/57/732 2565/57/731 2564/56/732
f 2569/56/733 2568/57/734 2567/57/733
f 2568/57/734 2569/56/733 2570/56/734
f 2567/57/735 2568/57/736 2569/56/735
f 2570/56/736 2569/56/735 2568/57/736
f 2572/57/737 2563/56/729 2571/56/737
f 2563/56/729 2572/57/737 2565/57/729
f 2571/56/738 2563/56/731 2572/57/738
f 2565/57/731 2572/57/738 2563/56/731
f 2575/57/739 2574/56/740 2573/56/739
f 2574/56/740 2575/57/739 2576/57/740
f 2573/56/741 2574/56/742 2575/57/741
f 2576/57/742 2575/57/741 2574/56/742
f 2575/57/739 2564/56/743 2566/57/743
f 2564/56/743 2575/57/739 2573/56/739
f 2566/57/744 2564/56/744 2575/57/741
f 2573/56/741 2575/57/741 2564/56/744
f 2578/57/745 2570/56/746 2577/56/745
f 2570/56/746 2578/57/745 2568/57/746
f 2577/56/747 2570/56/748 2578/57/747
f 2568/57/748 2578/57/747 2570/56/748
f 2576/57/749 2577/56/745 2574/56/749
f 2577/56/745 2576/57/749 2578/57/745
f 2574/56/750 2577/56/747 2576/57/750
f 2578/57/747 2576/57/750 2577/56/747
f 2571/56/751 2567/57/733 2572/57/751
f 2567/57/733 2571/56/751 2569/56/733
f 2572/57/752 2567/57/735 2571/56/752
f 2569/56/735 2571/56/752 2567/57/735
f 2581/54/82 2580/54/82 2579/54/82
f 2580/54/82 2581/54/82 2582/54/82
f 2582/54/82 2581/54/82 2583/54/82
f 2582/54/82 2583/54/82 2584/54/82
f 2584/54/82 2583/54/82 2585/54/82
f 2584/54/82 2585/54/82 2586/54/82
f 2579/54/81 2580/54/81 2581/54/81
f 2582/54/81 2581/54/81 2580/54/81
f 2583/54/81 2581/54/81 2582/54/81
f 2584/54/81 2583/54/81 2582/54/81
f 2585/54/81 2583/54/81 2584/54/81
f 2586/54/81 2585/54/81 2584/54/81
f 2589/55/81 2588/55/81 2587/55/81
f 2588/55/81 2589/55/81 2590/55/81
f 2588/55/81 2590/55/81 2591/55/81
f 2591/55/81 2590/55/81 2592/55/81
f 2591/55/81 2592/55/81 2593/55/81
f 2593/55/81 2592/55/81 2594/55/81
f 2587/55/82 2588/55/82 2589/55/82
f 2590/55/82 2589/55/82 2588/55/82
f 2591/55/82 2590/55/82 2588/55/82
f 2592/55/82 2590/55/82 2591/55/82
f 2593/55/82 2592/55/82 2591/55/82
f 2594/55/82 2592/55/82 2593/55/82
f 2587/55/719 2580/54/720 2589/55/720
f 2580/54/720 2587/55/719 2579/54/719
f 2589/55/717 2580/54/717 2587/55/718
f 2579/54/718 2587/55/718 2580/54/717
f 2590/55/723 2580/54/724 2582/54/723
f 2580/54/724 2590/55/723 2589/55/724
f 2582/54/721 2580/54/722 2590/55/721
f 2589/55/722 2590/55/721 2580/54/722
f 2592/55/726 2582/54/723 2584/54/726
f 2582/54/723 2592/55/726 2590/55/723
f 2584/54/725 2582/54/721 2592/55/725
f 2590/55/721 2592/55/725 2582/54/721
f 2586/54/718 2592/55/728 2584/54/728
f 2592/55/728 2586/54/718 2594/55/718
f 2584/54/727 2592/55/727 2586/54/719
f 2594/55/719 2586/54/719 2592/55/727
f 2585/54/717 2594/55/718 2586/54/718
f 2594/55/718 2585/54/717 2593/55/717
f 2586/54/719 2594/55/719 2585/54/720
f 2593/55/720 2585/54/720 2594/55/719
f 2591/55/721 2585/54/722 2583/54/721
f 2585/54/722 2591/55/721 2593/55/722
f 2583/54/723 2585/54/724 2591/55/723
f 2593/55/724 2591/55/723 2585/54/724
f 2588/55/725 2583/54/721 2581/54/725
f 2583/54/721 2588/55/725 2591/55/721
f 2581/54/726 2583/54/723 2588/55/726
f 2591/55/723 2588/55/726 2583/54/723
f 2588/55/727 2579/54/719 2587/55/719
f 2579/54/719 2588/55/727 2581/54/727
f 2587/55/718 2579/54/718 2588/55/728
f 2581/54/728 2588/55/728 2579/54/718
f 2597/55/81 2596/55/81 2595/55/81
f 2596/55/81 2597/55/81 2598/55/81
f 2596/55/81 2598/55/81 2599/55/81
f 2599/55/81 2598/55/81 2600/55/81
f 2600/55/81 2598/55/81 2601/55/81
f 2600/55/81 2601/55/81 2602/55/81
f 2595/55/82 2596/55/82 2597/55/82
f 2598/55/82 2597/55/82 2596/55/82
f 2599/55/82 2598/55/82 2596/55/82
f 2600/55/82 2598/55/82 2599/55/82
f 2601/55/82 2598/55/82 2600/55/82
f 2602/55/82 2601/55/82 2600/55/82
f 2595/55/719 2603/54/720 2597/55/720
f 2603/54/720 2595/55/719 2604/54/719
f 2597/55/717 2603/54/717 2595/55/718
f 2604/54/718 2595/55/718 2603/54/717
f 2598/55/723 2603/54/724 2605/54/723
f 2603/54/724 2598/55/723 2597/55/724
f 2605/54/721 2603/54/722 2598/55/721
f 2597/55/722 2598/55/721 2603/54/722
f 2601/55/726 2605/54/723 2606/54/726
f 2605/54/723 2601/55/726 2598/55/723
f 2606/54/725 2605/54/721 2601/55/725
f 2598/55/721 2601/55/725 2605/54/721
f 2607/54/718 2601/55/728 2606/54/728
f 2601/55/728 2607/54/718 2602/55/718
f 2606/54/727 2601/55/727 2607/54/719
f 2602/55/719 2607/54/719 2601/55/727
f 2608/54/717 2602/55/718 2607/54/718
f 2602/55/718 2608/54/717 2600/55/717
f 2607/54/719 2602/55/719 2608/54/720
f 2600/55/720 2608/54/720 2602/55/719
f 2599/55/721 2608/54/722 2609/54/721
f 2608/54/722 2599/55/721 2600/55/722
f 2609/54/723 2608/54/724 2599/55/723
f 2600/55/724 2599/55/723 2608/54/724
f 2596/55/725 2609/54/721 2610/54/725
f 2609/54/721 2596/55/725 2599/55/721
f 2610/54/726 2609/54/723 2596/55/726
f 2599/55/723 2596/55/726 2609/54/723
f 2596/55/727 2604/54/719 2595/55/719
f 2604/54/719 2596/55/727 2610/54/727
f 2595/55/718 2604/54/718 2596/55/728
f 2610/54/728 2596/55/728 2604/54/718
f 2613/57/745 2612/56/746 2611/56/745
f 2612/56/746 2613/57/745 2614/57/746
f 2611/56/747 2612/56/748 2613/57/747
f 2614/57/748 2613/57/747 2612/56/748
f 2617/56/739 2616/57/743 2615/57/739
f 2616/57/743 2617/56/739 2618/56/743
f 2615/57/741 2616/57/744 2617/56/741
f 2618/56/744 2617/56/741 2616/57/744
f 2620/57/749 2611/56/745 2619/56/749
f 2611/56/745 2620/57/749 2613/57/745
f 2619/56/750 2611/56/747 2620/57/750
f 2613/57/747 2620/57/750 2611/56/747
f 2623/57/733 2622/56/751 2621/56/733
f 2622/56/751 2623/57/733 2624/57/751
f 2621/56/735 2622/56/752 2623/57/735
f 2624/57/752 2623/57/735 2622/56/752
f 2623/57/733 2612/56/734 2614/57/734
f 2612/56/734 2623/57/733 2621/56/733
f 2614/57/736 2612/56/736 2623/57/735
f 2621/56/735 2623/57/735 2612/56/736
f 2626/57/729 2618/56/730 2625/56/729
f 2618/56/730 2626/57/729 2616/57/730
f 2625/56/731 2618/56/732 2626/57/731
f 2616/57/732 2626/57/731 2618/56/732
f 2624/57/737 2625/56/729 2622/56/737
f 2625/56/729 2624/57/737 2626/57/729
f 2622/56/738 2625/56/731 2624/57/738
f 2626/57/731 2624/57/738 2625/56/731
f 2619/56/740 2615/57/739 2620/57/740
f 2615/57/739 2619/56/740 2617/56/739
f 2620/57/742 2615/57/741 2619/56/742
f 2617/56/741 2619/56/742 2615/57/741
f 2629/55/414 2628/54/432 2627/54/414
f 2628/54/432 2629/55/414 2630/55/432
f 2627/54/412 2628/54/428 2629/55/412
f 2630/55/428 2629/55/412 2628/54/428
f 2633/55/429 2632/54/412 2631/54/429
f 2632/54/412 2633/55/429 2634/55/412
f 2631/54/433 2632/54/414 2633/55/433
f 2634/55/414 2633/55/433 2632/54/414
f 2636/55/433 2627/54/414 2635/54/433
f 2627/54/414 2636/55/433 2629/55/414
f 2635/54/429 2627/54/412 2636/55/429
f 2629/55/412 2636/55/429 2627/54/412
f 2636/55/434 2638/54/417 2637/55/417
f 2638/54/417 2636/55/434 2635/54/434
f 2637/55/418 2638/54/418 2636/55/430
f 2635/54/430 2636/55/430 2638/54/418
f 2639/55/81 2636/55/81 2637/55/81
f 2636/55/81 2639/55/81 2634/55/81
f 2636/55/81 2634/55/81 2629/55/81
f 2629/55/81 2634/55/81 2633/55/81
f 2629/55/81 2633/55/81 2630/55/81
f 2630/55/81 2633/55/81 2640/55/81
f 2637/55/82 2636/55/82 2639/55/82
f 2634/55/82 2639/55/82 2636/55/82
f 2629/55/82 2634/55/82 2636/55/82
f 2633/55/82 2634/55/82 2629/55/82
f 2630/55/82 2633/55/82 2629/55/82
f 2640/55/82 2633/55/82 2630/55/82
f 2641/54/418 2633/55/430 2631/54/430
f 2633/55/430 2641/54/418 2640/55/418
f 2631/54/434 2633/55/434 2641/54/417
f 2640/55/417 2641/54/417 2633/55/434
f 2628/54/431 2640/55/418 2641/54/418
f 2640/55/418 2628/54/431 2630/55/431
f 2641/54/417 2640/55/417 2628/54/427
f 2630/55/427 2628/54/427 2640/55/417
f 2637/55/417 2642/54/427 2639/55/427
f 2642/54/427 2637/55/417 2638/54/417
f 2639/55/431 2642/54/431 2637/55/418
f 2638/54/418 2637/55/418 2642/54/431
f 2634/55/412 2642/54/428 2632/54/412
f 2642/54/428 2634/55/412 2639/55/428
f 2632/54/414 2642/54/432 2634/55/414
f 2639/55/432 2634/55/414 2642/54/432
f 2645/55/417 2644/54/427 2643/55/427
f 2644/54/427 2645/55/417 2646/54/417
f 2643/55/431 2644/54/431 2645/55/418
f 2646/54/418 2645/55/418 2644/54/431
f 2649/55/414 2648/54/432 2647/54/414
f 2648/54/432 2649/55/414 2650/55/432
f 2647/54/412 2648/54/428 2649/55/412
f 2650/55/428 2649/55/412 2648/54/428
f 2652/55/433 2647/54/414 2651/54/433
f 2647/54/414 2652/55/433 2649/55/414
f 2651/54/429 2647/54/412 2652/55/429
f 2649/55/412 2652/55/429 2647/54/412
f 2654/55/412 2644/54/428 2653/54/412
f 2644/54/428 2654/55/412 2643/55/428
f 2653/54/414 2644/54/432 2654/55/414
f 2643/55/432 2654/55/414 2644/54/432
f 2656/55/429 2653/54/412 2655/54/429
f 2653/54/412 2656/55/429 2654/55/412
f 2655/54/433 2653/54/414 2656/55/433
f 2654/55/414 2656/55/433 2653/54/414
f 2657/54/418 2656/55/430 2655/54/430
f 2656/55/430 2657/54/418 2658/55/418
f 2655/54/434 2656/55/434 2657/54/417
f 2658/55/417 2657/54/417 2656/55/434
f 2648/54/431 2658/55/418 2657/54/418
f 2658/55/418 2648/54/431 2650/55/431
f 2657/54/417 2658/55/417 2648/54/427
f 2650/55/427 2648/54/427 2658/55/417
f 2643/55/81 2652/55/81 2645/55/81
f 2652/55/81 2643/55/81 2649/55/81
f 2649/55/81 2643/55/81 2654/55/81
f 2649/55/81 2654/55/81 2650/55/81
f 2650/55/81 2654/55/81 2656/55/81
f 2650/55/81 2656/55/81 2658/55/81
f 2645/55/82 2652/55/82 2643/55/82
f 2649/55/82 2643/55/82 2652/55/82
f 2654/55/82 2643/55/82 2649/55/82
f 2650/55/82 2654/55/82 2649/55/82
f 2656/55/82 2654/55/82 2650/55/82
f 2658/55/82 2656/55/82 2650/55/82
f 2651/54/82 2644/54/82 2646/54/82
f 2644/54/82 2651/54/82 2647/54/82
f 2644/54/82 2647/54/82 2653/54/82
f 2653/54/82 2647/54/82 2648/54/82
f 2653/54/82 2648/54/82 2655/54/82
f 2655/54/82 2648/54/82 2657/54/82
f 2646/54/81 2644/54/81 2651/54/81
f 2647/54/81 2651/54/81 2644/54/81
f 2653/54/81 2647/54/81 2644/54/81
f 2648/54/81 2647/54/81 2653/54/81
f 2655/54/81 2648/54/81 2653/54/81
f 2657/54/81 2648/54/81 2655/54/81
f 2652/55/434 2646/54/417 2645/55/417
f 2646/54/417 2652/55/434 2651/54/434
f 2645/55/418 2646/54/418 2652/55/430
f 2651/54/430 2652/55/430 2646/54/418
f 2661/56/753 2660/57/754 2659/57/753
f 2660/57/754 2661/56/753 2662/56/754
f 2659/57/755 2660/57/756 2661/56/755
f 2662/56/756 2661/56/755 2660/57/756
f 2664/56/757 2659/57/753 2663/57/757
f 2659/57/753 2664/56/757 2661/56/753
f 2663/57/758 2659/57/755 2664/56/758
f 2661/56/755 2664/56/758 2659/57/755
f 2667/57/759 2666/56/760 2665/56/759
f 2666/56/760 2667/57/759 2668/57/760
f 2665/56/761 2666/56/762 2667/57/761
f 2668/57/762 2667/57/761 2666/56/762
f 2671/57/763 2670/56/764 2669/56/763
f 2670/56/764 2671/57/763 2672/57/764
f 2669/56/765 2670/56/766 2671/57/765
f 2672/57/766 2671/57/765 2670/56/766
f 2673/57/768 2666/56/767 2668/57/767
f 2666/56/767 2673/57/768 2674/56/768
f 2668/57/770 2666/56/770 2673/57/769
f 2674/56/769 2673/57/769 2666/56/770
f 2671/57/771 2674/56/768 2673/57/768
f 2674/56/768 2671/57/771 2669/56/771
f 2673/57/769 2674/56/769 2671/57/772
f 2669/56/772 2671/57/772 2674/56/769
f 2663/57/773 2665/56/759 2664/56/773
f 2665/56/759 2663/57/773 2667/57/759
f 2664/56/774 2665/56/761 2663/57/774
f 2667/57/761 2663/57/774 2665/56/761
f 2672/57/764 2662/56/775 2670/56/764
f 2662/56/775 2672/57/764 2660/57/775
f 2670/56/766 2662/56/776 2672/57/766
f 2660/57/776 2672/57/766 2662/56/776
f 2677/55/388 2676/54/428 2675/54/388
f 2676/54/428 2677/55/388 2678/55/428
f 2675/54/387 2676/54/432 2677/55/387
f 2678/55/432 2677/55/387 2676/54/432
f 2681/55/433 2680/54/387 2679/54/433
f 2680/54/387 2681/55/433 2682/55/387
f 2679/54/429 2680/54/388 2681/55/429
f 2682/55/388 2681/55/429 2680/54/388
f 2684/55/429 2675/54/388 2683/54/429
f 2675/54/388 2684/55/429 2677/55/388
f 2683/54/433 2675/54/387 2684/55/433
f 2677/55/387 2684/55/433 2675/54/387
f 2684/55/430 2686/54/390 2685/55/390
f 2686/54/390 2684/55/430 2683/54/430
f 2685/55/389 2686/54/389 2684/55/434
f 2683/54/434 2684/55/434 2686/54/389
f 2687/55/81 2684/55/81 2685/55/81
f 2684/55/81 2687/55/81 2682/55/81
f 2684/55/81 2682/55/81 2677/55/81
f 2677/55/81 2682/55/81 2681/55/81
f 2677/55/81 2681/55/81 2678/55/81
f 2678/55/81 2681/55/81 2688/55/81
f 2685/55/82 2684/55/82 2687/55/82
f 2682/55/82 2687/55/82 2684/55/82
f 2677/55/82 2682/55/82 2684/55/82
f 2681/55/82 2682/55/82 2677/55/82
f 2678/55/82 2681/55/82 2677/55/82
f 2688/55/82 2681/55/82 2678/55/82
f 2689/54/389 2681/55/434 2679/54/434
f 2681/55/434 2689/54/389 2688/55/389
f 2679/54/430 2681/55/430 2689/54/390
f 2688/55/390 2689/54/390 2681/55/430
f 2676/54/427 2688/55/389 2689/54/389
f 2688/55/389 2676/54/427 2678/55/427
f 2689/54/390 2688/55/390 2676/54/431
f 2678/55/431 2676/54/431 2688/55/390
f 2685/55/390 2690/54/431 2687/55/431
f 2690/54/431 2685/55/390 2686/54/390
f 2687/55/427 2690/54/427 2685/55/389
f 2686/54/389 2685/55/389 2690/54/427
f 2682/55/387 2690/54/432 2680/54/387
f 2690/54/432 2682/55/387 2687/55/432
f 2680/54/388 2690/54/428 2682/55/388
f 2687/55/428 2682/55/388 2690/54/428
f 2693/55/390 2692/54/431 2691/55/431
f 2692/54/431 2693/55/390 2694/54/390
f 2691/55/427 2692/54/427 2693/55/389
f 2694/54/389 2693/55/389 2692/54/427
f 2697/55/388 2696/54/428 2695/54/388
f 2696/54/428 2697/55/388 2698/55/428
f 2695/54/387 2696/54/432 2697/55/387
f 2698/55/432 2697/55/387 2696/54/432
f 2700/55/429 2695/54/388 2699/54/429
f 2695/54/388 2700/55/429 2697/55/388
f 2699/54/433 2695/54/387 2700/55/433
f 2697/55/387 2700/55/433 2695/54/387
f 2702/55/387 2692/54/432 2701/54/387
f 2692/54/432 2702/55/387 2691/55/432
f 2701/54/388 2692/54/428 2702/55/388
f 2691/55/428 2702/55/388 2692/54/428
f 2704/55/433 2701/54/387 2703/54/433
f 2701/54/387 2704/55/433 2702/55/387
f 2703/54/429 2701/54/388 2704/55/429
f 2702/55/388 2704/55/429 2701/54/388
f 2705/54/389 2704/55/434 2703/54/434
f 2704/55/434 2705/54/389 2706/55/389
f 2703/54/430 2704/55/430 2705/54/390
f 2706/55/390 2705/54/390 2704/55/430
f 2696/54/427 2706/55/389 2705/54/389
f 2706/55/389 2696/54/427 2698/55/427
f 2705/54/390 2706/55/390 2696/54/431
f 2698/55/431 2696/54/431 2706/55/390
f 2691/55/81 2700/55/81 2693/55/81
f 2700/55/81 2691/55/81 2697/55/81
f 2697/55/81 2691/55/81 2702/55/81
f 2697/55/81 2702/55/81 2698/55/81
f 2698/55/81 2702/55/81 2704/55/81
f 2698/55/81 2704/55/81 2706/55/81
f 2693/55/82 2700/55/82 2691/55/82
f 2697/55/82 2691/55/82 2700/55/82
f 2702/55/82 2691/55/82 2697/55/82
f 2698/55/82 2702/55/82 2697/55/82
f 2704/55/82 2702/55/82 2698/55/82
f 2706/55/82 2704/55/82 2698/55/82
f 2699/54/82 2692/54/82 2694/54/82
f 2692/54/82 2699/54/82 2695/54/82
f 2692/54/82 2695/54/82 2701/54/82
f 2701/54/82 2695/54/82 2696/54/82
f 2701/54/82 2696/54/82 2703/54/82
f 2703/54/82 2696/54/82 2705/54/82
f 2694/54/81 2692/54/81 2699/54/81
f 2695/54/81 2699/54/81 2692/54/81
f 2701/54/81 2695/54/81 2692/54/81
f 2696/54/81 2695/54/81 2701/54/81
f 2703/54/81 2696/54/81 2701/54/81
f 2705/54/81 2696/54/81 2703/54/81
f 2700/55/430 2694/54/390 2693/55/390
f 2694/54/390 2700/55/430 2699/54/430
f 2693/55/389 2694/54/389 2700/55/434
f 2699/54/434 2700/55/434 2694/54/389
f 2709/56/777 2708/57/767 2707/57/777
f 2708/57/767 2709/56/777 2710/56/767
f 2707/57/778 2708/57/770 2709/56/778
f 2710/56/770 2709/56/778 2708/57/770
f 2712/56/771 2707/57/777 2711/57/771
f 2707/57/777 2712/56/771 2709/56/777
f 2711/57/772 2707/57/778 2712/56/772
f 2709/56/778 2712/56/772 2707/57/778
f 2715/57/779 2714/56/775 2713/56/779
f 2714/56/775 2715/57/779 2716/57/775
f 2713/56/780 2714/56/776 2715/57/780
f 2716/57/776 2715/57/780 2714/56/776
f 2719/57/773 2718/56/781 2717/56/773
f 2718/56/781 2719/57/773 2720/57/781
f 2717/56/774 2718/56/782 2719/57/774
f 2720/57/782 2719/57/774 2718/56/782
f 2721/57/783 2714/56/754 2716/57/754
f 2714/56/754 2721/57/783 2722/56/783
f 2716/57/756 2714/56/756 2721/57/784
f 2722/56/784 2721/57/784 2714/56/756
f 2719/57/757 2722/56/783 2721/57/783
f 2722/56/783 2719/57/757 2717/56/757
f 2721/57/784 2722/56/784 2719/57/758
f 2717/56/758 2719/57/758 2722/56/784
f 2711/57/763 2713/56/779 2712/56/763
f 2713/56/779 2711/57/763 2715/57/779
f 2712/56/765 2713/56/780 2711/57/765
f 2715/57/780 2711/57/765 2713/56/780
f 2720/57/781 2710/56/760 2718/56/781
f 2710/56/760 2720/57/781 2708/57/760
f 2718/56/782 2710/56/762 2720/57/782
f 2708/57/762 2720/57/782 2710/56/762
f 2725/54/82 2724/54/82 2723/54/82
f 2724/54/82 2725/54/82 2726/54/82
f 2724/54/82 2726/54/82 2727/54/82
f 2727/54/82 2726/54/82 2728/54/82
f 2727/54/82 2728/54/82 2729/54/82
f 2729/54/82 2728/54/82 2730/54/82
f 2723/54/81 2724/54/81 2725/54/81
f 2726/54/81 2725/54/81 2724/54/81
f 2727/54/81 2726/54/81 2724/54/81
f 2728/54/81 2726/54/81 2727/54/81
f 2729/54/81 2728/54/81 2727/54/81
f 2730/54/81 2728/54/81 2729/54/81
f 2733/55/81 2732/55/81 2731/55/81
f 2732/55/81 2733/55/81 2734/55/81
f 2732/55/81 2734/55/81 2735/55/81
f 2735/55/81 2734/55/81 2736/55/81
f 2735/55/81 2736/55/81 2737/55/81
f 2737/55/81 2736/55/81 2738/55/81
f 2731/55/82 2732/55/82 2733/55/82
f 2734/55/82 2733/55/82 2732/55/82
f 2735/55/82 2734/55/82 2732/55/82
f 2736/55/82 2734/55/82 2735/55/82
f 2737/55/82 2736/55/82 2735/55/82
f 2738/55/82 2736/55/82 2737/55/82
f 2731/55/785 2724/54/431 2733/55/431
f 2724/54/431 2731/55/785 2723/54/785
f 2733/55/427 2724/54/427 2731/55/786
f 2723/54/786 2731/55/786 2724/54/427
f 2734/55/787 2724/54/432 2727/54/787
f 2724/54/432 2734/55/787 2733/55/432
f 2727/54/788 2724/54/428 2734/55/788
f 2733/55/428 2734/55/788 2724/54/428
f 2736/55/433 2727/54/787 2729/54/433
f 2727/54/787 2736/55/433 2734/55/787
f 2729/54/429 2727/54/788 2736/55/429
f 2734/55/788 2736/55/429 2727/54/788
f 2730/54/786 2736/55/434 2729/54/434
f 2736/55/434 2730/54/786 2738/55/786
f 2729/54/430 2736/55/430 2730/54/785
f 2738/55/785 2730/54/785 2736/55/430
f 2728/54/427 2738/55/786 2730/54/786
f 2738/55/786 2728/54/427 2737/55/427
f 2730/54/785 2738/55/785 2728/54/431
f 2737/55/431 2728/54/431 2738/55/785
f 2735/55/788 2728/54/428 2726/54/788
f 2728/54/428 2735/55/788 2737/55/428
f 2726/54/787 2728/54/432 2735/55/787
f 2737/55/432 2735/55/787 2728/54/432
f 2732/55/429 2726/54/788 2725/54/429
f 2726/54/788 2732/55/429 2735/55/788
f 2725/54/433 2726/54/787 2732/55/433
f 2735/55/787 2732/55/433 2726/54/787
f 2732/55/430 2723/54/785 2731/55/785
f 2723/54/785 2732/55/430 2725/54/430
f 2731/55/786 2723/54/786 2732/55/434
f 2725/54/434 2732/55/434 2723/54/786
f 2741/55/81 2740/55/81 2739/55/81
f 2740/55/81 2741/55/81 2742/55/81
f 2740/55/81 2742/55/81 2743/55/81
f 2743/55/81 2742/55/81 2744/55/81
f 2743/55/81 2744/55/81 2745/55/81
f 2745/55/81 2744/55/81 2746/55/81
f 2739/55/82 2740/55/82 2741/55/82
f 2742/55/82 2741/55/82 2740/55/82
f 2743/55/82 2742/55/82 2740/55/82
f 2744/55/82 2742/55/82 2743/55/82
f 2745/55/82 2744/55/82 2743/55/82
f 2746/55/82 2744/55/82 2745/55/82
f 2739/55/785 2747/54/431 2741/55/431
f 2747/54/431 2739/55/785 2748/54/785
f 2741/55/427 2747/54/427 2739/55/786
f 2748/54/786 2739/55/786 2747/54/427
f 2742/55/787 2747/54/432 2749/54/787
f 2747/54/432 2742/55/787 2741/55/432
f 2749/54/788 2747/54/428 2742/55/788
f 2741/55/428 2742/55/788 2747/54/428
f 2744/55/433 2749/54/787 2750/54/433
f 2749/54/787 2744/55/433 2742/55/787
f 2750/54/429 2749/54/788 2744/55/429
f 2742/55/788 2744/55/429 2749/54/788
f 2751/54/786 2744/55/434 2750/54/434
f 2744/55/434 2751/54/786 2746/55/786
f 2750/54/430 2744/55/430 2751/54/785
f 2746/55/785 2751/54/785 2744/55/430
f 2752/54/427 2746/55/786 2751/54/786
f 2746/55/786 2752/54/427 2745/55/427
f 2751/54/785 2746/55/785 2752/54/431
f 2745/55/431 2752/54/431 2746/55/785
f 2743/55/788 2752/54/428 2753/54/788
f 2752/54/428 2743/55/788 2745/55/428
f 2753/54/787 2752/54/432 2743/55/787
f 2745/55/432 2743/55/787 2752/54/432
f 2740/55/429 2753/54/788 2754/54/429
f 2753/54/788 2740/55/429 2743/55/788
f 2754/54/433 2753/54/787 2740/55/433
f 2743/55/787 2740/55/433 2753/54/787
f 2740/55/430 2748/54/785 2739/55/785
f 2748/54/785 2740/55/430 2754/54/430
f 2739/55/786 2748/54/786 2740/55/434
f 2754/54/434 2740/55/434 2748/54/786
f 2757/57/779 2756/56/775 2755/56/779
f 2756/56/775 2757/57/779 2758/57/775
f 2755/56/780 2756/56/776 2757/57/780
f 2758/57/776 2757/57/780 2756/56/776
f 2761/56/767 2760/57/777 2759/56/777
f 2760/57/777 2761/56/767 2762/57/767
f 2759/56/778 2760/57/778 2761/56/770
f 2762/57/770 2761/56/770 2760/57/778
f 2764/57/763 2755/56/779 2763/56/763
f 2755/56/779 2764/57/763 2757/57/779
f 2763/56/765 2755/56/780 2764/57/765
f 2757/57/780 2764/57/765 2755/56/780
f 2767/57/757 2766/56/783 2765/57/783
f 2766/56/783 2767/57/757 2768/56/757
f 2765/57/784 2766/56/784 2767/57/758
f 2768/56/758 2767/57/758 2766/56/784
f 2765/57/783 2756/56/754 2758/57/754
f 2756/56/754 2765/57/783 2766/56/783
f 2758/57/756 2756/56/756 2765/57/784
f 2766/56/784 2765/57/784 2756/56/756
f 2770/57/781 2761/56/760 2769/56/781
f 2761/56/760 2770/57/781 2762/57/760
f 2769/56/782 2761/56/762 2770/57/782
f 2762/57/762 2770/57/782 2761/56/762
f 2767/57/773 2769/56/781 2768/56/773
f 2769/56/781 2767/57/773 2770/57/781
f 2768/56/774 2769/56/782 2767/57/774
f 2770/57/782 2767/57/774 2769/56/782
f 2763/56/771 2760/57/777 2764/57/771
f 2760/57/777 2763/56/771 2759/56/777
f 2764/57/772 2760/57/778 2763/56/772
f 2759/56/778 2763/56/772 2760/57/778

g room-large-variation




usemtl colormap

f 3/2/3 2/1/2 1/1/1
f 2/1/2 3/2/3 4/2/4
f 1/1/7 2/1/6 3/2/5
f 4/2/8 3/2/5 2/1/6
f 7/3/11 6/1/10 5/1/9
f 6/1/10 7/3/11 8/3/12
f 5/1/15 6/1/14 7/3/13
f 8/3/16 7/3/13 6/1/14
f 11/2/19 10/1/18 9/1/17
f 10/1/18 11/2/19 12/2/20
f 9/1/23 10/1/22 11/2/21
f 12/2/24 11/2/21 10/1/22
f 2/1/2 11/2/19 9/1/17
f 11/2/19 2/1/2 4/2/4
f 9/1/23 11/2/21 2/1/6
f 4/2/8 2/1/6 11/2/21
f 7/3/11 13/3/25 8/3/12
f 13/3/25 7/3/11 14/3/26
f 8/3/16 13/3/27 7/3/13
f 14/3/28 7/3/13 13/3/27
f 8/3/12 15/1/29 6/1/10
f 15/1/29 8/3/12 13/3/25
f 6/1/14 15/1/30 8/3/16
f 13/3/27 8/3/16 15/1/30
f 11/2/19 3/2/3 12/2/20
f 3/2/3 11/2/19 4/2/4
f 12/2/24 3/2/5 11/2/21
f 4/2/8 11/2/21 3/2/5
f 14/3/26 5/1/9 16/1/31
f 5/1/9 14/3/26 7/3/11
f 16/1/32 5/1/15 14/3/28
f 7/3/13 14/3/28 5/1/15
f 15/1/29 14/3/26 16/1/31
f 14/3/26 15/1/29 13/3/25
f 16/1/32 14/3/28 15/1/30
f 13/3/27 15/1/30 14/3/28
f 12/2/20 1/1/1 10/1/18
f 1/1/1 12/2/20 3/2/3
f 10/1/22 1/1/7 12/2/24
f 3/2/5 12/2/24 1/1/7
f 19/3/35 18/3/34 17/3/33
f 18/3/34 19/3/35 20/3/36
f 17/3/39 18/3/38 19/3/37
f 20/3/40 19/3/37 18/3/38
f 20/3/36 21/1/41 18/3/34
f 21/1/41 20/3/36 22/1/42
f 18/3/38 21/1/43 20/3/40
f 22/1/44 20/3/40 21/1/43
f 17/3/33 21/1/41 23/1/45
f 21/1/41 17/3/33 18/3/34
f 23/1/46 21/1/43 17/3/39
f 18/3/38 17/3/39 21/1/43
f 24/1/47 17/3/33 23/1/45
f 17/3/33 24/1/47 19/3/35
f 23/1/46 17/3/39 24/1/48
f 19/3/37 24/1/48 17/3/39
f 22/1/42 19/3/35 24/1/47
f 19/3/35 22/1/42 20/3/36
f 24/1/48 19/3/37 22/1/44
f 20/3/40 22/1/44 19/3/37
f 27/1/51 26/3/50 25/1/49
f 26/3/50 27/1/51 28/3/52
f 25/1/55 26/3/54 27/1/53
f 28/3/56 27/1/53 26/3/54
f 29/1/57 28/3/52 27/1/51
f 28/3/52 29/1/57 30/3/58
f 27/1/53 28/3/56 29/1/59
f 30/3/60 29/1/59 28/3/56
f 33/2/63 32/1/62 31/1/61
f 32/1/62 33/2/63 34/2/64
f 31/1/67 32/1/66 33/2/65
f 34/2/68 33/2/65 32/1/66
f 33/2/63 35/2/69 34/2/64
f 35/2/69 33/2/63 36/2/70
f 34/2/68 35/2/71 33/2/65
f 36/2/72 33/2/65 35/2/71
f 30/3/58 38/1/74 37/3/73
f 38/1/74 30/3/58 29/1/57
f 37/3/76 38/1/75 30/3/60
f 29/1/59 30/3/60 38/1/75
f 34/2/64 39/1/77 32/1/62
f 39/1/77 34/2/64 35/2/69
f 32/1/66 39/1/78 34/2/68
f 35/2/71 34/2/68 39/1/78
f 28/3/52 37/3/73 26/3/50
f 37/3/73 28/3/52 30/3/58
f 26/3/54 37/3/76 28/3/56
f 30/3/60 28/3/56 37/3/76
f 40/1/79 33/2/63 31/1/61
f 33/2/63 40/1/79 36/2/70
f 31/1/67 33/2/65 40/1/80
f 36/2/72 40/1/80 33/2/65
f 26/3/50 38/1/74 25/1/49
f 38/1/74 26/3/50 37/3/73
f 25/1/55 38/1/75 26/3/54
f 37/3/76 26/3/54 38/1/75
f 35/2/69 40/1/79 39/1/77
f 40/1/79 35/2/69 36/2/70
f 39/1/78 40/1/80 35/2/71
f 36/2/72 35/2/71 40/1/80
f 43/1/81 42/1/81 41/1/81
f 42/1/81 43/1/81 44/1/81
f 41/1/82 42/1/82 43/1/82
f 44/1/82 43/1/82 42/1/82
f 47/2/85 46/1/84 45/1/83
f 46/1/84 47/2/85 48/2/86
f 45/1/89 46/1/88 47/2/87
f 48/2/90 47/2/87 46/1/88
f 51/3/93 50/1/92 49/1/91
f 50/1/92 51/3/93 52/3/94
f 49/1/97 50/1/96 51/3/95
f 52/3/98 51/3/95 50/1/96
f 55/2/101 54/1/100 53/1/99
f 54/1/100 55/2/101 56/2/102
f 53/1/105 54/1/104 55/2/103
f 56/2/106 55/2/103 54/1/104
f 46/1/84 55/2/101 53/1/99
f 55/2/101 46/1/84 48/2/86
f 53/1/105 55/2/103 46/1/88
f 48/2/90 46/1/88 55/2/103
f 51/3/93 57/3/107 52/3/94
f 57/3/107 51/3/93 58/3/108
f 52/3/98 57/3/109 51/3/95
f 58/3/110 51/3/95 57/3/109
f 52/3/94 59/1/111 50/1/92
f 59/1/111 52/3/94 57/3/107
f 50/1/96 59/1/112 52/3/98
f 57/3/109 52/3/98 59/1/112
f 55/2/101 47/2/85 56/2/102
f 47/2/85 55/2/101 48/2/86
f 56/2/106 47/2/87 55/2/103
f 48/2/90 55/2/103 47/2/87
f 58/3/108 49/1/91 60/1/113
f 49/1/91 58/3/108 51/3/93
f 60/1/114 49/1/97 58/3/110
f 51/3/95 58/3/110 49/1/97
f 59/1/111 58/3/108 60/1/113
f 58/3/108 59/1/111 57/3/107
f 60/1/114 58/3/110 59/1/112
f 57/3/109 59/1/112 58/3/110
f 56/2/102 45/1/83 54/1/100
f 45/1/83 56/2/102 47/2/85
f 54/1/104 45/1/89 56/2/106
f 47/2/87 56/2/106 45/1/89
f 63/3/117 62/3/116 61/3/115
f 62/3/116 63/3/117 64/3/118
f 61/3/121 62/3/120 63/3/119
f 64/3/122 63/3/119 62/3/120
f 64/3/118 65/1/123 62/3/116
f 65/1/123 64/3/118 66/1/124
f 62/3/120 65/1/125 64/3/122
f 66/1/126 64/3/122 65/1/125
f 61/3/115 65/1/123 67/1/127
f 65/1/123 61/3/115 62/3/116
f 67/1/128 65/1/125 61/3/121
f 62/3/120 61/3/121 65/1/125
f 68/1/129 61/3/115 67/1/127
f 61/3/115 68/1/129 63/3/117
f 67/1/128 61/3/121 68/1/130
f 63/3/119 68/1/130 61/3/121
f 66/1/124 63/3/117 68/1/129
f 63/3/117 66/1/124 64/3/118
f 68/1/130 63/3/119 66/1/126
f 64/3/122 66/1/126 63/3/119
f 71/1/133 70/3/132 69/1/131
f 70/3/132 71/1/133 72/3/134
f 69/1/137 70/3/136 71/1/135
f 72/3/138 71/1/135 70/3/136
f 73/1/139 72/3/134 71/1/133
f 72/3/134 73/1/139 74/3/140
f 71/1/135 72/3/138 73/1/141
f 74/3/142 73/1/141 72/3/138
f 77/2/145 76/1/144 75/1/143
f 76/1/144 77/2/145 78/2/146
f 75/1/149 76/1/148 77/2/147
f 78/2/150 77/2/147 76/1/148
f 77/2/145 79/2/151 78/2/146
f 79/2/151 77/2/145 80/2/152
f 78/2/150 79/2/153 77/2/147
f 80/2/154 77/2/147 79/2/153
f 74/3/140 82/1/156 81/3/155
f 82/1/156 74/3/140 73/1/139
f 81/3/158 82/1/157 74/3/142
f 73/1/141 74/3/142 82/1/157
f 78/2/146 83/1/159 76/1/144
f 83/1/159 78/2/146 79/2/151
f 76/1/148 83/1/160 78/2/150
f 79/2/153 78/2/150 83/1/160
f 72/3/134 81/3/155 70/3/132
f 81/3/155 72/3/134 74/3/140
f 70/3/136 81/3/158 72/3/138
f 74/3/142 72/3/138 81/3/158
f 84/1/161 77/2/145 75/1/143
f 77/2/145 84/1/161 80/2/152
f 75/1/149 77/2/147 84/1/162
f 80/2/154 84/1/162 77/2/147
f 70/3/132 82/1/156 69/1/131
f 82/1/156 70/3/132 81/3/155
f 69/1/137 82/1/157 70/3/136
f 81/3/158 70/3/136 82/1/157
f 79/2/151 84/1/161 83/1/159
f 84/1/161 79/2/151 80/2/152
f 83/1/160 84/1/162 79/2/153
f 80/2/154 79/2/153 84/1/162
f 87/1/81 86/1/81 85/1/81
f 86/1/81 87/1/81 88/1/81
f 85/1/82 86/1/82 87/1/82
f 88/1/82 87/1/82 86/1/82
f 91/2/165 90/1/164 89/1/163
f 90/1/164 91/2/165 92/2/166
f 89/1/169 90/1/168 91/2/167
f 92/2/170 91/2/167 90/1/168
f 95/3/173 94/1/172 93/1/171
f 94/1/172 95/3/173 96/3/174
f 93/1/177 94/1/176 95/3/175
f 96/3/178 95/3/175 94/1/176
f 99/2/181 98/1/180 97/1/179
f 98/1/180 99/2/181 100/2/182
f 97/1/185 98/1/184 99/2/183
f 100/2/186 99/2/183 98/1/184
f 90/1/164 99/2/181 97/1/179
f 99/2/181 90/1/164 92/2/166
f 97/1/185 99/2/183 90/1/168
f 92/2/170 90/1/168 99/2/183
f 95/3/173 101/3/187 96/3/174
f 101/3/187 95/3/173 102/3/188
f 96/3/178 101/3/189 95/3/175
f 102/3/190 95/3/175 101/3/189
f 96/3/174 103/1/191 94/1/172
f 103/1/191 96/3/174 101/3/187
f 94/1/176 103/1/192 96/3/178
f 101/3/189 96/3/178 103/1/192
f 99/2/181 91/2/165 100/2/182
f 91/2/165 99/2/181 92/2/166
f 100/2/186 91/2/167 99/2/183
f 92/2/170 99/2/183 91/2/167
f 102/3/188 93/1/171 104/1/193
f 93/1/171 102/3/188 95/3/173
f 104/1/194 93/1/177 102/3/190
f 95/3/175 102/3/190 93/1/177
f 103/1/191 102/3/188 104/1/193
f 102/3/188 103/1/191 101/3/187
f 104/1/194 102/3/190 103/1/192
f 101/3/189 103/1/192 102/3/190
f 100/2/182 89/1/163 98/1/180
f 89/1/163 100/2/182 91/2/165
f 98/1/184 89/1/169 100/2/186
f 91/2/167 100/2/186 89/1/169
f 107/3/197 106/3/196 105/3/195
f 106/3/196 107/3/197 108/3/198
f 105/3/201 106/3/200 107/3/199
f 108/3/202 107/3/199 106/3/200
f 108/3/198 109/1/203 106/3/196
f 109/1/203 108/3/198 110/1/204
f 106/3/200 109/1/205 108/3/202
f 110/1/206 108/3/202 109/1/205
f 105/3/195 109/1/203 111/1/207
f 109/1/203 105/3/195 106/3/196
f 111/1/208 109/1/205 105/3/201
f 106/3/200 105/3/201 109/1/205
f 112/1/209 105/3/195 111/1/207
f 105/3/195 112/1/209 107/3/197
f 111/1/208 105/3/201 112/1/210
f 107/3/199 112/1/210 105/3/201
f 110/1/204 107/3/197 112/1/209
f 107/3/197 110/1/204 108/3/198
f 112/1/210 107/3/199 110/1/206
f 108/3/202 110/1/206 107/3/199
f 115/1/213 114/3/212 113/1/211
f 114/3/212 115/1/213 116/3/214
f 113/1/217 114/3/216 115/1/215
f 116/3/218 115/1/215 114/3/216
f 117/1/219 116/3/214 115/1/213
f 116/3/214 117/1/219 118/3/220
f 115/1/215 116/3/218 117/1/221
f 118/3/222 117/1/221 116/3/218
f 121/2/225 120/1/224 119/1/223
f 120/1/224 121/2/225 122/2/226
f 119/1/229 120/1/228 121/2/227
f 122/2/230 121/2/227 120/1/228
f 121/2/225 123/2/231 122/2/226
f 123/2/231 121/2/225 124/2/232
f 122/2/230 123/2/233 121/2/227
f 124/2/234 121/2/227 123/2/233
f 118/3/220 126/1/236 125/3/235
f 126/1/236 118/3/220 117/1/219
f 125/3/238 126/1/237 118/3/222
f 117/1/221 118/3/222 126/1/237
f 122/2/226 127/1/239 120/1/224
f 127/1/239 122/2/226 123/2/231
f 120/1/228 127/1/240 122/2/230
f 123/2/233 122/2/230 127/1/240
f 116/3/214 125/3/235 114/3/212
f 125/3/235 116/3/214 118/3/220
f 114/3/216 125/3/238 116/3/218
f 118/3/222 116/3/218 125/3/238
f 128/1/241 121/2/225 119/1/223
f 121/2/225 128/1/241 124/2/232
f 119/1/229 121/2/227 128/1/242
f 124/2/234 128/1/242 121/2/227
f 114/3/212 126/1/236 113/1/211
f 126/1/236 114/3/212 125/3/235
f 113/1/217 126/1/237 114/3/216
f 125/3/238 114/3/216 126/1/237
f 123/2/231 128/1/241 127/1/239
f 128/1/241 123/2/231 124/2/232
f 127/1/240 128/1/242 123/2/233
f 124/2/234 123/2/233 128/1/242
f 131/1/81 130/1/81 129/1/81
f 130/1/81 131/1/81 132/1/81
f 129/1/82 130/1/82 131/1/82
f 132/1/82 131/1/82 130/1/82
f 135/2/181 134/1/180 133/1/179
f 134/1/180 135/2/181 136/2/182
f 133/1/185 134/1/184 135/2/183
f 136/2/186 135/2/183 134/1/184
f 139/3/187 138/1/193 137/1/191
f 138/1/193 139/3/187 140/3/188
f 137/1/192 138/1/194 139/3/189
f 140/3/190 139/3/189 138/1/194
f 143/2/165 142/1/164 141/1/163
f 142/1/164 143/2/165 144/2/166
f 141/1/169 142/1/168 143/2/167
f 144/2/170 143/2/167 142/1/168
f 134/1/180 143/2/165 141/1/163
f 143/2/165 134/1/180 136/2/182
f 141/1/169 143/2/167 134/1/184
f 136/2/186 134/1/184 143/2/167
f 139/3/187 145/3/173 140/3/188
f 145/3/173 139/3/187 146/3/174
f 140/3/190 145/3/175 139/3/189
f 146/3/178 139/3/189 145/3/175
f 140/3/188 147/1/171 138/1/193
f 147/1/171 140/3/188 145/3/173
f 138/1/194 147/1/177 140/3/190
f 145/3/175 140/3/190 147/1/177
f 143/2/165 135/2/181 144/2/166
f 135/2/181 143/2/165 136/2/182
f 144/2/170 135/2/183 143/2/167
f 136/2/186 143/2/167 135/2/183
f 146/3/174 137/1/191 148/1/172
f 137/1/191 146/3/174 139/3/187
f 148/1/176 137/1/192 146/3/178
f 139/3/189 146/3/178 137/1/192
f 147/1/171 146/3/174 148/1/172
f 146/3/174 147/1/171 145/3/173
f 148/1/176 146/3/178 147/1/177
f 145/3/175 147/1/177 146/3/178
f 144/2/166 133/1/179 142/1/164
f 133/1/179 144/2/166 135/2/181
f 142/1/168 133/1/185 144/2/170
f 135/2/183 144/2/170 133/1/185
f 151/3/245 150/3/244 149/3/243
f 150/3/244 151/3/245 152/3/246
f 149/3/249 150/3/248 151/3/247
f 152/3/250 151/3/247 150/3/248
f 152/3/246 153/1/251 150/3/244
f 153/1/251 152/3/246 154/1/252
f 150/3/248 153/1/253 152/3/250
f 154/1/254 152/3/250 153/1/253
f 149/3/243 153/1/251 155/1/255
f 153/1/251 149/3/243 150/3/244
f 155/1/256 153/1/253 149/3/249
f 150/3/248 149/3/249 153/1/253
f 156/1/257 149/3/243 155/1/255
f 149/3/243 156/1/257 151/3/245
f 155/1/256 149/3/249 156/1/258
f 151/3/247 156/1/258 149/3/249
f 154/1/252 151/3/245 156/1/257
f 151/3/245 154/1/252 152/3/246
f 156/1/258 151/3/247 154/1/254
f 152/3/250 154/1/254 151/3/247
f 159/1/236 158/3/220 157/1/219
f 158/3/220 159/1/236 160/3/235
f 157/1/221 158/3/222 159/1/237
f 160/3/238 159/1/237 158/3/222
f 161/1/211 160/3/235 159/1/236
f 160/3/235 161/1/211 162/3/212
f 159/1/237 160/3/238 161/1/217
f 162/3/216 161/1/217 160/3/238
f 165/2/231 164/1/241 163/1/239
f 164/1/241 165/2/231 166/2/232
f 163/1/240 164/1/242 165/2/233
f 166/2/234 165/2/233 164/1/242
f 165/2/231 167/2/225 166/2/232
f 167/2/225 165/2/231 168/2/226
f 166/2/234 167/2/227 165/2/233
f 168/2/230 165/2/233 167/2/227
f 162/3/212 170/1/213 169/3/214
f 170/1/213 162/3/212 161/1/211
f 169/3/218 170/1/215 162/3/216
f 161/1/217 162/3/216 170/1/215
f 166/2/232 171/1/223 164/1/241
f 171/1/223 166/2/232 167/2/225
f 164/1/242 171/1/229 166/2/234
f 167/2/227 166/2/234 171/1/229
f 160/3/235 169/3/214 158/3/220
f 169/3/214 160/3/235 162/3/212
f 158/3/222 169/3/218 160/3/238
f 162/3/216 160/3/238 169/3/218
f 172/1/224 165/2/231 163/1/239
f 165/2/231 172/1/224 168/2/226
f 163/1/240 165/2/233 172/1/228
f 168/2/230 172/1/228 165/2/233
f 158/3/220 170/1/213 157/1/219
f 170/1/213 158/3/220 169/3/214
f 157/1/221 170/1/215 158/3/222
f 169/3/218 158/3/222 170/1/215
f 167/2/225 172/1/224 171/1/223
f 172/1/224 167/2/225 168/2/226
f 171/1/229 172/1/228 167/2/227
f 168/2/230 167/2/227 172/1/228
f 175/1/81 174/1/81 173/1/81
f 174/1/81 175/1/81 176/1/81
f 173/1/82 174/1/82 175/1/82
f 176/1/82 175/1/82 174/1/82
f 132/1/81 178/1/81 177/1/81
f 178/1/81 132/1/81 131/1/81
f 177/1/82 178/1/82 132/1/82
f 131/1/82 132/1/82 178/1/82
f 181/1/81 180/1/81 179/1/81
f 180/1/81 181/1/81 85/1/81
f 179/1/82 180/1/82 181/1/82
f 85/1/82 181/1/82 180/1/82
f 183/1/81 182/1/81 44/1/81
f 182/1/81 183/1/81 184/1/81
f 44/1/82 182/1/82 183/1/82
f 184/1/82 183/1/82 182/1/82
f 186/1/81 181/1/81 185/1/81
f 181/1/81 186/1/81 187/1/81
f 185/1/82 181/1/82 186/1/82
f 187/1/82 186/1/82 181/1/82
f 190/1/191 189/3/188 188/1/193
f 189/3/188 190/1/191 191/3/187
f 188/1/194 189/3/190 190/1/192
f 191/3/189 190/1/192 189/3/190
f 193/3/174 190/1/191 192/1/172
f 190/1/191 193/3/174 191/3/187
f 192/1/176 190/1/192 193/3/178
f 191/3/189 193/3/178 190/1/192
f 196/2/165 195/1/164 194/1/163
f 195/1/164 196/2/165 197/2/166
f 194/1/169 195/1/168 196/2/167
f 197/2/170 196/2/167 195/1/168
f 195/1/164 199/2/181 198/1/179
f 199/2/181 195/1/164 197/2/166
f 198/1/185 199/2/183 195/1/168
f 197/2/170 195/1/168 199/2/183
f 202/1/241 201/2/225 200/1/223
f 201/2/225 202/1/241 203/2/232
f 200/1/229 201/2/227 202/1/242
f 203/2/234 202/1/242 201/2/227
f 201/2/225 205/2/231 204/2/226
f 205/2/231 201/2/225 203/2/232
f 204/2/230 205/2/233 201/2/227
f 203/2/234 201/2/227 205/2/233
f 205/2/231 202/1/241 206/1/239
f 202/1/241 205/2/231 203/2/232
f 206/1/240 202/1/242 205/2/233
f 203/2/234 205/2/233 202/1/242
f 201/2/225 207/1/224 200/1/223
f 207/1/224 201/2/225 204/2/226
f 200/1/229 207/1/228 201/2/227
f 204/2/230 201/2/227 207/1/228
f 204/2/226 206/1/239 207/1/224
f 206/1/239 204/2/226 205/2/231
f 207/1/228 206/1/240 204/2/230
f 205/2/233 204/2/230 206/1/240
f 209/2/182 194/1/163 208/1/180
f 194/1/163 209/2/182 196/2/165
f 208/1/184 194/1/169 209/2/186
f 196/2/167 209/2/186 194/1/169
f 189/3/188 210/1/171 188/1/193
f 210/1/171 189/3/188 211/3/173
f 188/1/194 210/1/177 189/3/190
f 211/3/175 189/3/190 210/1/177
f 199/2/181 208/1/180 198/1/179
f 208/1/180 199/2/181 209/2/182
f 198/1/185 208/1/184 199/2/183
f 209/2/186 199/2/183 208/1/184
f 199/2/181 196/2/165 209/2/182
f 196/2/165 199/2/181 197/2/166
f 209/2/186 196/2/167 199/2/183
f 197/2/170 199/2/183 196/2/167
f 214/3/261 213/3/260 212/3/259
f 213/3/260 214/3/261 215/3/262
f 212/3/265 213/3/264 214/3/263
f 215/3/266 214/3/263 213/3/264
f 211/3/173 191/3/187 193/3/174
f 191/3/187 211/3/173 189/3/188
f 193/3/178 191/3/189 211/3/175
f 189/3/190 211/3/175 191/3/189
f 216/1/267 215/3/262 214/3/261
f 215/3/262 216/1/267 217/1/268
f 214/3/263 215/3/266 216/1/269
f 217/1/270 216/1/269 215/3/266
f 220/1/219 219/3/214 218/1/213
f 219/3/214 220/1/219 221/3/220
f 218/1/215 219/3/218 220/1/221
f 221/3/222 220/1/221 219/3/218
f 216/1/267 212/3/259 222/1/271
f 212/3/259 216/1/267 214/3/261
f 222/1/272 212/3/265 216/1/269
f 214/3/263 216/1/269 212/3/265
f 215/3/262 223/1/273 213/3/260
f 223/1/273 215/3/262 217/1/268
f 213/3/264 223/1/274 215/3/266
f 217/1/270 215/3/266 223/1/274
f 226/3/212 225/1/236 224/1/211
f 225/1/236 226/3/212 227/3/235
f 224/1/217 225/1/237 226/3/216
f 227/3/238 226/3/216 225/1/237
f 212/3/259 223/1/273 222/1/271
f 223/1/273 212/3/259 213/3/260
f 222/1/272 223/1/274 212/3/265
f 213/3/264 212/3/265 223/1/274
f 218/1/213 226/3/212 224/1/211
f 226/3/212 218/1/213 219/3/214
f 224/1/217 226/3/216 218/1/215
f 219/3/218 218/1/215 226/3/216
f 221/3/220 225/1/236 227/3/235
f 225/1/236 221/3/220 220/1/219
f 227/3/238 225/1/237 221/3/222
f 220/1/221 221/3/222 225/1/237
f 219/3/214 227/3/235 226/3/212
f 227/3/235 219/3/214 221/3/220
f 226/3/216 227/3/238 219/3/218
f 221/3/222 219/3/218 227/3/238
f 211/3/173 192/1/172 210/1/171
f 192/1/172 211/3/173 193/3/174
f 210/1/177 192/1/176 211/3/175
f 193/3/178 211/3/175 192/1/176
f 230/1/171 229/3/174 228/1/172
f 229/3/174 230/1/171 231/3/173
f 228/1/176 229/3/178 230/1/177
f 231/3/175 230/1/177 229/3/178
f 233/3/188 230/1/171 232/1/193
f 230/1/171 233/3/188 231/3/173
f 232/1/194 230/1/177 233/3/190
f 231/3/175 233/3/190 230/1/177
f 236/2/181 235/1/180 234/1/179
f 235/1/180 236/2/181 237/2/182
f 234/1/185 235/1/184 236/2/183
f 237/2/186 236/2/183 235/1/184
f 235/1/180 239/2/165 238/1/163
f 239/2/165 235/1/180 237/2/182
f 238/1/169 239/2/167 235/1/184
f 237/2/186 235/1/184 239/2/167
f 242/1/224 241/2/231 240/1/239
f 241/2/231 242/1/224 243/2/226
f 240/1/240 241/2/233 242/1/228
f 243/2/230 242/1/228 241/2/233
f 241/2/231 245/2/225 244/2/232
f 245/2/225 241/2/231 243/2/226
f 244/2/234 245/2/227 241/2/233
f 243/2/230 241/2/233 245/2/227
f 245/2/225 242/1/224 246/1/223
f 242/1/224 245/2/225 243/2/226
f 246/1/229 242/1/228 245/2/227
f 243/2/230 245/2/227 242/1/228
f 241/2/231 247/1/241 240/1/239
f 247/1/241 241/2/231 244/2/232
f 240/1/240 247/1/242 241/2/233
f 244/2/234 241/2/233 247/1/242
f 244/2/232 246/1/223 247/1/241
f 246/1/223 244/2/232 245/2/225
f 247/1/242 246/1/229 244/2/234
f 245/2/227 244/2/234 246/1/229
f 249/2/166 234/1/179 248/1/164
f 234/1/179 249/2/166 236/2/181
f 248/1/168 234/1/185 249/2/170
f 236/2/183 249/2/170 234/1/185
f 229/3/174 250/1/191 228/1/172
f 250/1/191 229/3/174 251/3/187
f 228/1/176 250/1/192 229/3/178
f 251/3/189 229/3/178 250/1/192
f 239/2/165 248/1/164 238/1/163
f 248/1/164 239/2/165 249/2/166
f 238/1/169 248/1/168 239/2/167
f 249/2/170 239/2/167 248/1/168
f 239/2/165 236/2/181 249/2/166
f 236/2/181 239/2/165 237/2/182
f 249/2/170 236/2/183 239/2/167
f 237/2/186 239/2/167 236/2/183
f 254/3/245 253/3/244 252/3/243
f 253/3/244 254/3/245 255/3/246
f 252/3/249 253/3/248 254/3/247
f 255/3/250 254/3/247 253/3/248
f 251/3/187 231/3/173 233/3/188
f 231/3/173 251/3/187 229/3/174
f 233/3/190 231/3/175 251/3/189
f 229/3/178 251/3/189 231/3/175
f 256/1/257 255/3/246 254/3/245
f 255/3/246 256/1/257 257/1/252
f 254/3/247 255/3/250 256/1/258
f 257/1/254 256/1/258 255/3/250
f 260/1/211 259/3/235 258/1/236
f 259/3/235 260/1/211 261/3/212
f 258/1/237 259/3/238 260/1/217
f 261/3/216 260/1/217 259/3/238
f 256/1/257 252/3/243 262/1/255
f 252/3/243 256/1/257 254/3/245
f 262/1/256 252/3/249 256/1/258
f 254/3/247 256/1/258 252/3/249
f 255/3/246 263/1/251 253/3/244
f 263/1/251 255/3/246 257/1/252
f 253/3/248 263/1/253 255/3/250
f 257/1/254 255/3/250 263/1/253
f 266/3/220 265/1/213 264/1/219
f 265/1/213 266/3/220 267/3/214
f 264/1/221 265/1/215 266/3/222
f 267/3/218 266/3/222 265/1/215
f 252/3/243 263/1/251 262/1/255
f 263/1/251 252/3/243 253/3/244
f 262/1/256 263/1/253 252/3/249
f 253/3/248 252/3/249 263/1/253
f 258/1/236 266/3/220 264/1/219
f 266/3/220 258/1/236 259/3/235
f 264/1/221 266/3/222 258/1/237
f 259/3/238 258/1/237 266/3/222
f 261/3/212 265/1/213 267/3/214
f 265/1/213 261/3/212 260/1/211
f 267/3/218 265/1/215 261/3/216
f 260/1/217 261/3/216 265/1/215
f 259/3/235 267/3/214 266/3/220
f 267/3/214 259/3/235 261/3/212
f 266/3/222 267/3/218 259/3/238
f 261/3/216 259/3/238 267/3/218
f 251/3/187 232/1/193 250/1/191
f 232/1/193 251/3/187 233/3/188
f 250/1/192 232/1/194 251/3/189
f 233/3/190 251/3/189 232/1/194
f 268/1/81 173/1/81 184/1/81
f 173/1/81 268/1/81 175/1/81
f 184/1/82 173/1/82 268/1/82
f 175/1/82 268/1/82 173/1/82
f 270/1/81 183/1/81 269/1/81
f 183/1/81 270/1/81 271/1/81
f 269/1/82 183/1/82 270/1/82
f 271/1/82 270/1/82 183/1/82
f 274/3/174 273/1/191 272/1/172
f 273/1/191 274/3/174 275/3/187
f 272/1/176 273/1/192 274/3/178
f 275/3/189 274/3/178 273/1/192
f 276/1/171 274/3/174 272/1/172
f 274/3/174 276/1/171 277/3/173
f 272/1/176 274/3/178 276/1/177
f 277/3/175 276/1/177 274/3/178
f 280/1/180 279/2/165 278/1/163
f 279/2/165 280/1/180 281/2/182
f 278/1/169 279/2/167 280/1/184
f 281/2/186 280/1/184 279/2/167
f 283/3/188 276/1/171 282/1/193
f 276/1/171 283/3/188 277/3/173
f 282/1/194 276/1/177 283/3/190
f 277/3/175 283/3/190 276/1/177
f 275/3/187 282/1/193 273/1/191
f 282/1/193 275/3/187 283/3/188
f 273/1/192 282/1/194 275/3/189
f 283/3/190 275/3/189 282/1/194
f 286/2/166 285/1/179 284/1/164
f 285/1/179 286/2/166 287/2/181
f 284/1/168 285/1/185 286/2/170
f 287/2/183 286/2/170 285/1/185
f 279/2/165 284/1/164 278/1/163
f 284/1/164 279/2/165 286/2/166
f 278/1/169 284/1/168 279/2/167
f 286/2/170 279/2/167 284/1/168
f 275/3/187 277/3/173 283/3/188
f 277/3/173 275/3/187 274/3/174
f 283/3/190 277/3/175 275/3/189
f 274/3/178 275/3/189 277/3/175
f 287/2/181 280/1/180 285/1/179
f 280/1/180 287/2/181 281/2/182
f 285/1/185 280/1/184 287/2/183
f 281/2/186 287/2/183 280/1/184
f 279/2/165 287/2/181 286/2/166
f 287/2/181 279/2/165 281/2/182
f 286/2/170 287/2/183 279/2/167
f 281/2/186 279/2/167 287/2/183
f 290/2/188 289/1/171 288/1/193
f 289/1/171 290/2/188 291/2/173
f 288/1/194 289/1/177 290/2/190
f 291/2/175 290/2/190 289/1/177
f 293/2/187 288/1/193 292/1/191
f 288/1/193 293/2/187 290/2/188
f 292/1/192 288/1/194 293/2/189
f 290/2/190 293/2/189 288/1/194
f 295/2/174 292/1/191 294/1/172
f 292/1/191 295/2/174 293/2/187
f 294/1/176 292/1/192 295/2/178
f 293/2/189 295/2/178 292/1/192
f 293/2/187 291/2/173 290/2/188
f 291/2/173 293/2/187 295/2/174
f 290/2/190 291/2/175 293/2/189
f 295/2/178 293/2/189 291/2/175
f 289/1/171 295/2/174 294/1/172
f 295/2/174 289/1/171 291/2/173
f 294/1/176 295/2/178 289/1/177
f 291/2/175 289/1/177 295/2/178
f 298/3/212 297/1/213 296/3/214
f 297/1/213 298/3/212 299/1/211
f 296/3/218 297/1/215 298/3/216
f 299/1/217 298/3/216 297/1/215
f 302/2/232 301/1/223 300/1/241
f 301/1/223 302/2/232 303/2/225
f 300/1/242 301/1/229 302/2/234
f 303/2/227 302/2/234 301/1/229
f 305/2/231 300/1/241 304/1/239
f 300/1/241 305/2/231 302/2/232
f 304/1/240 300/1/242 305/2/233
f 302/2/234 305/2/233 300/1/242
f 306/1/224 305/2/231 304/1/239
f 305/2/231 306/1/224 307/2/226
f 304/1/240 305/2/233 306/1/228
f 307/2/230 306/1/228 305/2/233
f 305/2/231 303/2/225 302/2/232
f 303/2/225 305/2/231 307/2/226
f 302/2/234 303/2/227 305/2/233
f 307/2/230 305/2/233 303/2/227
f 303/2/225 306/1/224 301/1/223
f 306/1/224 303/2/225 307/2/226
f 301/1/229 306/1/228 303/2/227
f 307/2/230 303/2/227 306/1/228
f 299/1/211 309/3/235 308/1/236
f 309/3/235 299/1/211 298/3/212
f 308/1/237 309/3/238 299/1/217
f 298/3/216 299/1/217 309/3/238
f 308/1/236 311/3/220 310/1/219
f 311/3/220 308/1/236 309/3/235
f 310/1/221 311/3/222 308/1/237
f 309/3/238 308/1/237 311/3/222
f 309/3/235 296/3/214 311/3/220
f 296/3/214 309/3/235 298/3/212
f 311/3/222 296/3/218 309/3/238
f 298/3/216 309/3/238 296/3/218
f 311/3/220 297/1/213 310/1/219
f 297/1/213 311/3/220 296/3/214
f 310/1/221 297/1/215 311/3/222
f 296/3/218 311/3/222 297/1/215
f 314/3/232 313/1/223 312/1/241
f 313/1/223 314/3/232 315/3/225
f 312/1/242 313/1/229 314/3/234
f 315/3/227 314/3/234 313/1/229
f 318/1/211 317/4/235 316/1/236
f 317/4/235 318/1/211 319/4/212
f 316/1/237 317/4/238 318/1/217
f 319/4/216 318/1/217 317/4/238
f 322/3/181 321/1/180 320/1/179
f 321/1/180 322/3/181 323/3/182
f 320/1/185 321/1/184 322/3/183
f 323/3/186 322/3/183 321/1/184
f 325/3/231 312/1/241 324/1/239
f 312/1/241 325/3/231 314/3/232
f 324/1/240 312/1/242 325/3/233
f 314/3/234 325/3/233 312/1/242
f 328/4/220 327/1/213 326/1/219
f 327/1/213 328/4/220 329/4/214
f 326/1/221 327/1/215 328/4/222
f 329/4/218 328/4/222 327/1/215
f 332/3/277 331/3/276 330/3/275
f 331/3/276 332/3/277 333/3/278
f 330/3/281 331/3/280 332/3/279
f 333/3/282 332/3/279 331/3/280
f 334/1/224 325/3/231 324/1/239
f 325/3/231 334/1/224 335/3/226
f 324/1/240 325/3/233 334/1/228
f 335/3/230 334/1/228 325/3/233
f 337/3/165 322/3/181 336/3/166
f 322/3/181 337/3/165 323/3/182
f 336/3/170 322/3/183 337/3/167
f 323/3/186 337/3/167 322/3/183
f 321/1/180 337/3/165 338/1/163
f 337/3/165 321/1/180 323/3/182
f 338/1/169 337/3/167 321/1/184
f 323/3/186 321/1/184 337/3/167
f 337/3/165 339/1/164 338/1/163
f 339/1/164 337/3/165 336/3/166
f 338/1/169 339/1/168 337/3/167
f 336/3/170 337/3/167 339/1/168
f 333/3/278 341/1/284 340/1/283
f 341/1/284 333/3/278 332/3/277
f 340/1/286 341/1/285 333/3/282
f 332/3/279 333/3/282 341/1/285
f 336/3/166 320/1/179 339/1/164
f 320/1/179 336/3/166 322/3/181
f 339/1/168 320/1/185 336/3/170
f 322/3/183 336/3/170 320/1/185
f 325/3/231 315/3/225 314/3/232
f 315/3/225 325/3/231 335/3/226
f 314/3/234 315/3/227 325/3/233
f 335/3/230 325/3/233 315/3/227
f 342/1/287 333/3/278 340/1/283
f 333/3/278 342/1/287 331/3/276
f 340/1/286 333/3/282 342/1/288
f 331/3/280 342/1/288 333/3/282
f 319/4/212 327/1/213 329/4/214
f 327/1/213 319/4/212 318/1/211
f 329/4/218 327/1/215 319/4/216
f 318/1/217 319/4/216 327/1/215
f 330/3/275 342/1/287 343/1/289
f 342/1/287 330/3/275 331/3/276
f 343/1/290 342/1/288 330/3/281
f 331/3/280 330/3/281 342/1/288
f 316/1/236 328/4/220 326/1/219
f 328/4/220 316/1/236 317/4/235
f 326/1/221 328/4/222 316/1/237
f 317/4/238 316/1/237 328/4/222
f 317/4/235 329/4/214 328/4/220
f 329/4/214 317/4/235 319/4/212
f 328/4/222 329/4/218 317/4/238
f 319/4/216 317/4/238 329/4/218
f 332/3/277 343/1/289 341/1/284
f 343/1/289 332/3/277 330/3/275
f 341/1/285 343/1/290 332/3/279
f 330/3/281 332/3/279 343/1/290
f 315/3/225 334/1/224 313/1/223
f 334/1/224 315/3/225 335/3/226
f 313/1/229 334/1/228 315/3/227
f 335/3/230 315/3/227 334/1/228
f 346/4/220 345/1/213 344/1/219
f 345/1/213 346/4/220 347/4/214
f 344/1/221 345/1/215 346/4/222
f 347/4/218 346/4/222 345/1/215
f 348/4/235 347/4/214 346/4/220
f 347/4/214 348/4/235 349/4/212
f 346/4/222 347/4/218 348/4/238
f 349/4/216 348/4/238 347/4/218
f 351/1/211 348/4/235 350/1/236
f 348/4/235 351/1/211 349/4/212
f 350/1/237 348/4/238 351/1/217
f 349/4/216 351/1/217 348/4/238
f 350/1/236 346/4/220 344/1/219
f 346/4/220 350/1/236 348/4/235
f 344/1/221 346/4/222 350/1/237
f 348/4/238 350/1/237 346/4/222
f 349/4/212 345/1/213 347/4/214
f 345/1/213 349/4/212 351/1/211
f 347/4/218 345/1/215 349/4/216
f 351/1/217 349/4/216 345/1/215
f 354/4/188 353/1/171 352/1/193
f 353/1/171 354/4/188 355/4/173
f 352/1/194 353/1/177 354/4/190
f 355/4/175 354/4/190 353/1/177
f 353/1/171 357/4/174 356/1/172
f 357/4/174 353/1/171 355/4/173
f 356/1/176 357/4/178 353/1/177
f 355/4/175 353/1/177 357/4/178
f 357/4/174 358/1/191 356/1/172
f 358/1/191 357/4/174 359/4/187
f 356/1/176 358/1/192 357/4/178
f 359/4/189 357/4/178 358/1/192
f 359/4/187 352/1/193 358/1/191
f 352/1/193 359/4/187 354/4/188
f 358/1/192 352/1/194 359/4/189
f 354/4/190 359/4/189 352/1/194
f 359/4/187 355/4/173 354/4/188
f 355/4/173 359/4/187 357/4/174
f 354/4/190 355/4/175 359/4/189
f 357/4/178 359/4/189 355/4/175
f 362/4/187 361/4/173 360/4/188
f 361/4/173 362/4/187 363/4/174
f 360/4/190 361/4/175 362/4/189
f 363/4/178 362/4/189 361/4/175
f 363/4/174 365/1/191 364/1/172
f 365/1/191 363/4/174 362/4/187
f 364/1/176 365/1/192 363/4/178
f 362/4/189 363/4/178 365/1/192
f 362/4/187 366/1/193 365/1/191
f 366/1/193 362/4/187 360/4/188
f 365/1/192 366/1/194 362/4/189
f 360/4/190 362/4/189 366/1/194
f 360/4/188 367/1/171 366/1/193
f 367/1/171 360/4/188 361/4/173
f 366/1/194 367/1/177 360/4/190
f 361/4/175 360/4/190 367/1/177
f 367/1/171 363/4/174 364/1/172
f 363/4/174 367/1/171 361/4/173
f 364/1/176 363/4/178 367/1/177
f 361/4/175 367/1/177 363/4/178
f 370/3/293 369/1/292 368/1/291
f 369/1/292 370/3/293 371/3/294
f 368/1/297 369/1/296 370/3/295
f 371/3/298 370/3/295 369/1/296
f 374/3/301 373/3/300 372/3/299
f 373/3/300 374/3/301 375/3/302
f 372/3/305 373/3/304 374/3/303
f 375/3/306 374/3/303 373/3/304
f 372/3/299 377/1/308 376/1/307
f 377/1/308 372/3/299 373/3/300
f 376/1/310 377/1/309 372/3/305
f 373/3/304 372/3/305 377/1/309
f 374/3/301 376/1/307 378/1/311
f 376/1/307 374/3/301 372/3/299
f 378/1/312 376/1/310 374/3/303
f 372/3/305 374/3/303 376/1/310
f 381/1/171 380/2/174 379/1/172
f 380/2/174 381/1/171 382/2/173
f 379/1/176 380/2/178 381/1/177
f 382/2/175 381/1/177 380/2/178
f 384/2/188 381/1/171 383/1/193
f 381/1/171 384/2/188 382/2/173
f 383/1/194 381/1/177 384/2/190
f 382/2/175 384/2/190 381/1/177
f 386/3/314 368/1/291 385/1/313
f 368/1/291 386/3/314 370/3/293
f 385/1/316 368/1/297 386/3/315
f 370/3/295 386/3/315 368/1/297
f 388/1/318 371/3/294 387/3/317
f 371/3/294 388/1/318 369/1/292
f 387/3/320 371/3/298 388/1/319
f 369/1/296 388/1/319 371/3/298
f 389/1/321 374/3/301 378/1/311
f 374/3/301 389/1/321 375/3/302
f 378/1/312 374/3/303 389/1/322
f 375/3/306 389/1/322 374/3/303
f 390/2/187 382/2/173 384/2/188
f 382/2/173 390/2/187 380/2/174
f 384/2/190 382/2/175 390/2/189
f 380/2/178 390/2/189 382/2/175
f 390/2/187 383/1/193 391/1/191
f 383/1/193 390/2/187 384/2/188
f 391/1/192 383/1/194 390/2/189
f 384/2/190 390/2/189 383/1/194
f 373/3/300 389/1/321 377/1/308
f 389/1/321 373/3/300 375/3/302
f 377/1/309 389/1/322 373/3/304
f 375/3/306 373/3/304 389/1/322
f 380/2/174 391/1/191 379/1/172
f 391/1/191 380/2/174 390/2/187
f 379/1/176 391/1/192 380/2/178
f 390/2/189 380/2/178 391/1/192
f 387/3/317 370/3/293 386/3/314
f 370/3/293 387/3/317 371/3/294
f 386/3/315 370/3/295 387/3/320
f 371/3/298 387/3/320 370/3/295
f 388/1/318 386/3/314 385/1/313
f 386/3/314 388/1/318 387/3/317
f 385/1/316 386/3/315 388/1/319
f 387/3/320 388/1/319 386/3/315
f 394/1/81 393/1/81 392/1/81
f 393/1/81 394/1/81 395/1/81
f 392/1/82 393/1/82 394/1/82
f 395/1/82 394/1/82 393/1/82
f 398/3/293 397/1/292 396/1/291
f 397/1/292 398/3/293 399/3/294
f 396/1/297 397/1/296 398/3/295
f 399/3/298 398/3/295 397/1/296
f 402/3/277 401/3/276 400/3/275
f 401/3/276 402/3/277 403/3/278
f 400/3/281 401/3/280 402/3/279
f 403/3/282 402/3/279 401/3/280
f 405/3/317 398/3/293 404/3/314
f 398/3/293 405/3/317 399/3/294
f 404/3/315 398/3/295 405/3/320
f 399/3/298 405/3/320 398/3/295
f 408/1/171 407/2/174 406/1/172
f 407/2/174 408/1/171 409/2/173
f 406/1/176 407/2/178 408/1/177
f 409/2/175 408/1/177 407/2/178
f 411/2/187 409/2/173 410/2/188
f 409/2/173 411/2/187 407/2/174
f 410/2/190 409/2/175 411/2/189
f 407/2/178 411/2/189 409/2/175
f 410/2/188 408/1/171 412/1/193
f 408/1/171 410/2/188 409/2/173
f 412/1/194 408/1/177 410/2/190
f 409/2/175 410/2/190 408/1/177
f 404/3/314 396/1/291 413/1/313
f 396/1/291 404/3/314 398/3/293
f 413/1/316 396/1/297 404/3/315
f 398/3/295 404/3/315 396/1/297
f 414/1/318 399/3/294 405/3/317
f 399/3/294 414/1/318 397/1/292
f 405/3/320 399/3/298 414/1/319
f 397/1/296 414/1/319 399/3/298
f 417/4/235 416/4/214 415/4/220
f 416/4/214 417/4/235 418/4/212
f 415/4/222 416/4/218 417/4/238
f 418/4/216 417/4/238 416/4/218
f 418/4/212 419/1/213 416/4/214
f 419/1/213 418/4/212 420/1/211
f 416/4/218 419/1/215 418/4/216
f 420/1/217 418/4/216 419/1/215
f 422/1/236 415/4/220 421/1/219
f 415/4/220 422/1/236 417/4/235
f 421/1/221 415/4/222 422/1/237
f 417/4/238 422/1/237 415/4/222
f 420/1/211 417/4/235 422/1/236
f 417/4/235 420/1/211 418/4/212
f 422/1/237 417/4/238 420/1/217
f 418/4/216 420/1/217 417/4/238
f 424/1/287 403/3/278 423/1/283
f 403/3/278 424/1/287 401/3/276
f 423/1/286 403/3/282 424/1/288
f 401/3/280 424/1/288 403/3/282
f 403/3/278 425/1/284 423/1/283
f 425/1/284 403/3/278 402/3/277
f 423/1/286 425/1/285 403/3/282
f 402/3/279 403/3/282 425/1/285
f 400/3/275 424/1/287 426/1/289
f 424/1/287 400/3/275 401/3/276
f 426/1/290 424/1/288 400/3/281
f 401/3/280 400/3/281 424/1/288
f 429/4/174 428/1/191 427/1/172
f 428/1/191 429/4/174 430/4/187
f 427/1/176 428/1/192 429/4/178
f 430/4/189 429/4/178 428/1/192
f 402/3/277 426/1/289 425/1/284
f 426/1/289 402/3/277 400/3/275
f 425/1/285 426/1/290 402/3/279
f 400/3/281 402/3/279 426/1/290
f 430/4/187 432/4/173 431/4/188
f 432/4/173 430/4/187 429/4/174
f 431/4/190 432/4/175 430/4/189
f 429/4/178 430/4/189 432/4/175
f 411/2/187 412/1/193 433/1/191
f 412/1/193 411/2/187 410/2/188
f 433/1/192 412/1/194 411/2/189
f 410/2/190 411/2/189 412/1/194
f 431/4/188 435/1/171 434/1/193
f 435/1/171 431/4/188 432/4/173
f 434/1/194 435/1/177 431/4/190
f 432/4/175 431/4/190 435/1/177
f 415/4/220 419/1/213 421/1/219
f 419/1/213 415/4/220 416/4/214
f 421/1/221 419/1/215 415/4/222
f 416/4/218 415/4/222 419/1/215
f 407/2/174 433/1/191 406/1/172
f 433/1/191 407/2/174 411/2/187
f 406/1/176 433/1/192 407/2/178
f 411/2/189 407/2/178 433/1/192
f 430/4/187 434/1/193 428/1/191
f 434/1/193 430/4/187 431/4/188
f 428/1/192 434/1/194 430/4/189
f 431/4/190 430/4/189 434/1/194
f 414/1/318 404/3/314 413/1/313
f 404/3/314 414/1/318 405/3/317
f 413/1/316 404/3/315 414/1/319
f 405/3/320 414/1/319 404/3/315
f 438/4/174 437/1/191 436/1/172
f 437/1/191 438/4/174 439/4/187
f 436/1/176 437/1/192 438/4/178
f 439/4/189 438/4/178 437/1/192
f 435/1/171 429/4/174 427/1/172
f 429/4/174 435/1/171 432/4/173
f 427/1/176 429/4/178 435/1/177
f 432/4/175 435/1/177 429/4/178
f 439/4/187 441/4/173 440/4/188
f 441/4/173 439/4/187 438/4/174
f 440/4/190 441/4/175 439/4/189
f 438/4/178 439/4/189 441/4/175
f 442/1/171 438/4/174 436/1/172
f 438/4/174 442/1/171 441/4/173
f 436/1/176 438/4/178 442/1/177
f 441/4/175 442/1/177 438/4/178
f 439/4/187 443/1/193 437/1/191
f 443/1/193 439/4/187 440/4/188
f 437/1/192 443/1/194 439/4/189
f 440/4/190 439/4/189 443/1/194
f 440/4/188 442/1/171 443/1/193
f 442/1/171 440/4/188 441/4/173
f 443/1/194 442/1/177 440/4/190
f 441/4/175 440/4/190 442/1/177
f 446/3/301 445/3/300 444/3/299
f 445/3/300 446/3/301 447/3/302
f 444/3/305 445/3/304 446/3/303
f 447/3/306 446/3/303 445/3/304
f 444/3/299 449/1/308 448/1/307
f 449/1/308 444/3/299 445/3/300
f 448/1/310 449/1/309 444/3/305
f 445/3/304 444/3/305 449/1/309
f 446/3/301 448/1/307 450/1/311
f 448/1/307 446/3/301 444/3/299
f 450/1/312 448/1/310 446/3/303
f 444/3/305 446/3/303 448/1/310
f 445/3/300 451/1/321 449/1/308
f 451/1/321 445/3/300 447/3/302
f 449/1/309 451/1/322 445/3/304
f 447/3/306 445/3/304 451/1/322
f 451/1/321 446/3/301 450/1/311
f 446/3/301 451/1/321 447/3/302
f 450/1/312 446/3/303 451/1/322
f 447/3/306 451/1/322 446/3/303
f 454/1/224 453/3/231 452/1/239
f 453/3/231 454/1/224 455/3/226
f 452/1/240 453/3/233 454/1/228
f 455/3/230 454/1/228 453/3/233
f 453/3/231 457/3/225 456/3/232
f 457/3/225 453/3/231 455/3/226
f 456/3/234 457/3/227 453/3/233
f 455/3/230 453/3/233 457/3/227
f 453/3/231 458/1/241 452/1/239
f 458/1/241 453/3/231 456/3/232
f 452/1/240 458/1/242 453/3/233
f 456/3/234 453/3/233 458/1/242
f 457/3/225 454/1/224 459/1/223
f 454/1/224 457/3/225 455/3/226
f 459/1/229 454/1/228 457/3/227
f 455/3/230 457/3/227 454/1/228
f 456/3/232 459/1/223 458/1/241
f 459/1/223 456/3/232 457/3/225
f 458/1/242 459/1/229 456/3/234
f 457/3/227 456/3/234 459/1/229
f 462/4/235 461/4/214 460/4/220
f 461/4/214 462/4/235 463/4/212
f 460/4/222 461/4/218 462/4/238
f 463/4/216 462/4/238 461/4/218
f 463/4/212 464/1/213 461/4/214
f 464/1/213 463/4/212 465/1/211
f 461/4/218 464/1/215 463/4/216
f 465/1/217 463/4/216 464/1/215
f 468/3/165 467/3/181 466/3/166
f 467/3/181 468/3/165 469/3/182
f 466/3/170 467/3/183 468/3/167
f 469/3/186 468/3/167 467/3/183
f 466/3/166 471/1/179 470/1/164
f 471/1/179 466/3/166 467/3/181
f 470/1/168 471/1/185 466/3/170
f 467/3/183 466/3/170 471/1/185
f 460/4/220 464/1/213 472/1/219
f 464/1/213 460/4/220 461/4/214
f 472/1/221 464/1/215 460/4/222
f 461/4/218 460/4/222 464/1/215
f 465/1/211 462/4/235 473/1/236
f 462/4/235 465/1/211 463/4/212
f 473/1/237 462/4/238 465/1/217
f 463/4/216 465/1/217 462/4/238
f 467/3/181 474/1/180 471/1/179
f 474/1/180 467/3/181 469/3/182
f 471/1/185 474/1/184 467/3/183
f 469/3/186 467/3/183 474/1/184
f 468/3/165 470/1/164 475/1/163
f 470/1/164 468/3/165 466/3/166
f 475/1/169 470/1/168 468/3/167
f 466/3/170 468/3/167 470/1/168
f 474/1/180 468/3/165 475/1/163
f 468/3/165 474/1/180 469/3/182
f 475/1/169 468/3/167 474/1/184
f 469/3/186 474/1/184 468/3/167
f 473/1/236 460/4/220 472/1/219
f 460/4/220 473/1/236 462/4/235
f 472/1/221 460/4/222 473/1/237
f 462/4/238 473/1/237 460/4/222
f 271/1/81 184/1/81 183/1/81
f 184/1/81 271/1/81 268/1/81
f 183/1/82 184/1/82 271/1/82
f 268/1/82 271/1/82 184/1/82
f 179/1/81 476/1/81 176/1/81
f 476/1/81 179/1/81 180/1/81
f 176/1/82 476/1/82 179/1/82
f 180/1/82 179/1/82 476/1/82
f 479/6/293 478/5/292 477/5/291
f 478/5/292 479/6/293 480/6/294
f 477/5/297 478/5/296 479/6/295
f 480/6/298 479/6/295 478/5/296
f 483/6/277 482/6/276 481/6/275
f 482/6/276 483/6/277 484/6/278
f 481/6/281 482/6/280 483/6/279
f 484/6/282 483/6/279 482/6/280
f 486/6/317 479/6/293 485/6/314
f 479/6/293 486/6/317 480/6/294
f 485/6/315 479/6/295 486/6/320
f 480/6/298 486/6/320 479/6/295
f 489/5/171 488/7/174 487/5/172
f 488/7/174 489/5/171 490/7/173
f 487/5/176 488/7/178 489/5/177
f 490/7/175 489/5/177 488/7/178
f 492/7/187 490/7/173 491/7/188
f 490/7/173 492/7/187 488/7/174
f 491/7/190 490/7/175 492/7/189
f 488/7/178 492/7/189 490/7/175
f 491/7/188 489/5/171 493/5/193
f 489/5/171 491/7/188 490/7/173
f 493/5/194 489/5/177 491/7/190
f 490/7/175 491/7/190 489/5/177
f 485/6/314 477/5/291 494/5/313
f 477/5/291 485/6/314 479/6/293
f 494/5/316 477/5/297 485/6/315
f 479/6/295 485/6/315 477/5/297
f 495/5/318 480/6/294 486/6/317
f 480/6/294 495/5/318 478/5/292
f 486/6/320 480/6/298 495/5/319
f 478/5/296 495/5/319 480/6/298
f 498/8/235 497/8/214 496/8/220
f 497/8/214 498/8/235 499/8/212
f 496/8/222 497/8/218 498/8/238
f 499/8/216 498/8/238 497/8/218
f 499/8/212 500/5/213 497/8/214
f 500/5/213 499/8/212 501/5/211
f 497/8/218 500/5/215 499/8/216
f 501/5/217 499/8/216 500/5/215
f 503/5/236 496/8/220 502/5/219
f 496/8/220 503/5/236 498/8/235
f 502/5/221 496/8/222 503/5/237
f 498/8/238 503/5/237 496/8/222
f 501/5/211 498/8/235 503/5/236
f 498/8/235 501/5/211 499/8/212
f 503/5/237 498/8/238 501/5/217
f 499/8/216 501/5/217 498/8/238
f 505/5/287 484/6/278 504/5/283
f 484/6/278 505/5/287 482/6/276
f 504/5/286 484/6/282 505/5/288
f 482/6/280 505/5/288 484/6/282
f 484/6/278 506/5/284 504/5/283
f 506/5/284 484/6/278 483/6/277
f 504/5/286 506/5/285 484/6/282
f 483/6/279 484/6/282 506/5/285
f 481/6/275 505/5/287 507/5/289
f 505/5/287 481/6/275 482/6/276
f 507/5/290 505/5/288 481/6/281
f 482/6/280 481/6/281 505/5/288
f 510/8/174 509/5/191 508/5/172
f 509/5/191 510/8/174 511/8/187
f 508/5/176 509/5/192 510/8/178
f 511/8/189 510/8/178 509/5/192
f 483/6/277 507/5/289 506/5/284
f 507/5/289 483/6/277 481/6/275
f 506/5/285 507/5/290 483/6/279
f 481/6/281 483/6/279 507/5/290
f 511/8/187 513/8/173 512/8/188
f 513/8/173 511/8/187 510/8/174
f 512/8/190 513/8/175 511/8/189
f 510/8/178 511/8/189 513/8/175
f 492/7/187 493/5/193 514/5/191
f 493/5/193 492/7/187 491/7/188
f 514/5/192 493/5/194 492/7/189
f 491/7/190 492/7/189 493/5/194
f 512/8/188 516/5/171 515/5/193
f 516/5/171 512/8/188 513/8/173
f 515/5/194 516/5/177 512/8/190
f 513/8/175 512/8/190 516/5/177
f 496/8/220 500/5/213 502/5/219
f 500/5/213 496/8/220 497/8/214
f 502/5/221 500/5/215 496/8/222
f 497/8/218 496/8/222 500/5/215
f 488/7/174 514/5/191 487/5/172
f 514/5/191 488/7/174 492/7/187
f 487/5/176 514/5/192 488/7/178
f 492/7/189 488/7/178 514/5/192
f 511/8/187 515/5/193 509/5/191
f 515/5/193 511/8/187 512/8/188
f 509/5/192 515/5/194 511/8/189
f 512/8/190 511/8/189 515/5/194
f 495/5/318 485/6/314 494/5/313
f 485/6/314 495/5/318 486/6/317
f 494/5/316 485/6/315 495/5/319
f 486/6/320 495/5/319 485/6/315
f 519/8/174 518/5/191 517/5/172
f 518/5/191 519/8/174 520/8/187
f 517/5/176 518/5/192 519/8/178
f 520/8/189 519/8/178 518/5/192
f 516/5/171 510/8/174 508/5/172
f 510/8/174 516/5/171 513/8/173
f 508/5/176 510/8/178 516/5/177
f 513/8/175 516/5/177 510/8/178
f 520/8/187 522/8/173 521/8/188
f 522/8/173 520/8/187 519/8/174
f 521/8/190 522/8/175 520/8/189
f 519/8/178 520/8/189 522/8/175
f 523/5/171 519/8/174 517/5/172
f 519/8/174 523/5/171 522/8/173
f 517/5/176 519/8/178 523/5/177
f 522/8/175 523/5/177 519/8/178
f 520/8/187 524/5/193 518/5/191
f 524/5/193 520/8/187 521/8/188
f 518/5/192 524/5/194 520/8/189
f 521/8/190 520/8/189 524/5/194
f 521/8/188 523/5/171 524/5/193
f 523/5/171 521/8/188 522/8/173
f 524/5/194 523/5/177 521/8/190
f 522/8/175 521/8/190 523/5/177
f 527/6/301 526/6/300 525/6/299
f 526/6/300 527/6/301 528/6/302
f 525/6/305 526/6/304 527/6/303
f 528/6/306 527/6/303 526/6/304
f 525/6/299 530/5/308 529/5/307
f 530/5/308 525/6/299 526/6/300
f 529/5/310 530/5/309 525/6/305
f 526/6/304 525/6/305 530/5/309
f 527/6/301 529/5/307 531/5/311
f 529/5/307 527/6/301 525/6/299
f 531/5/312 529/5/310 527/6/303
f 525/6/305 527/6/303 529/5/310
f 526/6/300 532/5/321 530/5/308
f 532/5/321 526/6/300 528/6/302
f 530/5/309 532/5/322 526/6/304
f 528/6/306 526/6/304 532/5/322
f 532/5/321 527/6/301 531/5/311
f 527/6/301 532/5/321 528/6/302
f 531/5/312 527/6/303 532/5/322
f 528/6/306 532/5/322 527/6/303
f 535/5/224 534/6/231 533/5/239
f 534/6/231 535/5/224 536/6/226
f 533/5/240 534/6/233 535/5/228
f 536/6/230 535/5/228 534/6/233
f 534/6/231 538/6/225 537/6/232
f 538/6/225 534/6/231 536/6/226
f 537/6/234 538/6/227 534/6/233
f 536/6/230 534/6/233 538/6/227
f 534/6/231 539/5/241 533/5/239
f 539/5/241 534/6/231 537/6/232
f 533/5/240 539/5/242 534/6/233
f 537/6/234 534/6/233 539/5/242
f 538/6/225 535/5/224 540/5/223
f 535/5/224 538/6/225 536/6/226
f 540/5/229 535/5/228 538/6/227
f 536/6/230 538/6/227 535/5/228
f 537/6/232 540/5/223 539/5/241
f 540/5/223 537/6/232 538/6/225
f 539/5/242 540/5/229 537/6/234
f 538/6/227 537/6/234 540/5/229
f 543/8/235 542/8/214 541/8/220
f 542/8/214 543/8/235 544/8/212
f 541/8/222 542/8/218 543/8/238
f 544/8/216 543/8/238 542/8/218
f 544/8/212 545/5/213 542/8/214
f 545/5/213 544/8/212 546/5/211
f 542/8/218 545/5/215 544/8/216
f 546/5/217 544/8/216 545/5/215
f 549/6/165 548/6/181 547/6/166
f 548/6/181 549/6/165 550/6/182
f 547/6/170 548/6/183 549/6/167
f 550/6/186 549/6/167 548/6/183
f 547/6/166 552/5/179 551/5/164
f 552/5/179 547/6/166 548/6/181
f 551/5/168 552/5/185 547/6/170
f 548/6/183 547/6/170 552/5/185
f 541/8/220 545/5/213 553/5/219
f 545/5/213 541/8/220 542/8/214
f 553/5/221 545/5/215 541/8/222
f 542/8/218 541/8/222 545/5/215
f 546/5/211 543/8/235 554/5/236
f 543/8/235 546/5/211 544/8/212
f 554/5/237 543/8/238 546/5/217
f 544/8/216 546/5/217 543/8/238
f 548/6/181 555/5/180 552/5/179
f 555/5/180 548/6/181 550/6/182
f 552/5/185 555/5/184 548/6/183
f 550/6/186 548/6/183 555/5/184
f 549/6/165 551/5/164 556/5/163
f 551/5/164 549/6/165 547/6/166
f 556/5/169 551/5/168 549/6/167
f 547/6/170 549/6/167 551/5/168
f 555/5/180 549/6/165 556/5/163
f 549/6/165 555/5/180 550/6/182
f 556/5/169 549/6/167 555/5/184
f 550/6/186 555/5/184 549/6/167
f 554/5/236 541/8/220 553/5/219
f 541/8/220 554/5/236 543/8/235
f 553/5/221 541/8/222 554/5/237
f 543/8/238 554/5/237 541/8/222
f 559/1/81 558/1/81 557/1/81
f 558/1/81 559/1/81 560/1/81
f 557/1/82 558/1/82 559/1/82
f 560/1/82 559/1/82 558/1/82
f 563/6/293 562/5/292 561/5/291
f 562/5/292 563/6/293 564/6/294
f 561/5/297 562/5/296 563/6/295
f 564/6/298 563/6/295 562/5/296
f 567/6/277 566/6/276 565/6/275
f 566/6/276 567/6/277 568/6/278
f 565/6/281 566/6/280 567/6/279
f 568/6/282 567/6/279 566/6/280
f 570/6/317 563/6/293 569/6/314
f 563/6/293 570/6/317 564/6/294
f 569/6/315 563/6/295 570/6/320
f 564/6/298 570/6/320 563/6/295
f 573/5/171 572/7/174 571/5/172
f 572/7/174 573/5/171 574/7/173
f 571/5/176 572/7/178 573/5/177
f 574/7/175 573/5/177 572/7/178
f 576/7/187 574/7/173 575/7/188
f 574/7/173 576/7/187 572/7/174
f 575/7/190 574/7/175 576/7/189
f 572/7/178 576/7/189 574/7/175
f 575/7/188 573/5/171 577/5/193
f 573/5/171 575/7/188 574/7/173
f 577/5/194 573/5/177 575/7/190
f 574/7/175 575/7/190 573/5/177
f 569/6/314 561/5/291 578/5/313
f 561/5/291 569/6/314 563/6/293
f 578/5/316 561/5/297 569/6/315
f 563/6/295 569/6/315 561/5/297
f 579/5/318 564/6/294 570/6/317
f 564/6/294 579/5/318 562/5/292
f 570/6/320 564/6/298 579/5/319
f 562/5/296 579/5/319 564/6/298
f 582/8/235 581/8/214 580/8/220
f 581/8/214 582/8/235 583/8/212
f 580/8/222 581/8/218 582/8/238
f 583/8/216 582/8/238 581/8/218
f 583/8/212 584/5/213 581/8/214
f 584/5/213 583/8/212 585/5/211
f 581/8/218 584/5/215 583/8/216
f 585/5/217 583/8/216 584/5/215
f 587/5/236 580/8/220 586/5/219
f 580/8/220 587/5/236 582/8/235
f 586/5/221 580/8/222 587/5/237
f 582/8/238 587/5/237 580/8/222
f 585/5/211 582/8/235 587/5/236
f 582/8/235 585/5/211 583/8/212
f 587/5/237 582/8/238 585/5/217
f 583/8/216 585/5/217 582/8/238
f 589/5/287 568/6/278 588/5/283
f 568/6/278 589/5/287 566/6/276
f 588/5/286 568/6/282 589/5/288
f 566/6/280 589/5/288 568/6/282
f 568/6/278 590/5/284 588/5/283
f 590/5/284 568/6/278 567/6/277
f 588/5/286 590/5/285 568/6/282
f 567/6/279 568/6/282 590/5/285
f 565/6/275 589/5/287 591/5/289
f 589/5/287 565/6/275 566/6/276
f 591/5/290 589/5/288 565/6/281
f 566/6/280 565/6/281 589/5/288
f 594/8/174 593/5/191 592/5/172
f 593/5/191 594/8/174 595/8/187
f 592/5/176 593/5/192 594/8/178
f 595/8/189 594/8/178 593/5/192
f 567/6/277 591/5/289 590/5/284
f 591/5/289 567/6/277 565/6/275
f 590/5/285 591/5/290 567/6/279
f 565/6/281 567/6/279 591/5/290
f 595/8/187 597/8/173 596/8/188
f 597/8/173 595/8/187 594/8/174
f 596/8/190 597/8/175 595/8/189
f 594/8/178 595/8/189 597/8/175
f 576/7/187 577/5/193 598/5/191
f 577/5/193 576/7/187 575/7/188
f 598/5/192 577/5/194 576/7/189
f 575/7/190 576/7/189 577/5/194
f 596/8/188 600/5/171 599/5/193
f 600/5/171 596/8/188 597/8/173
f 599/5/194 600/5/177 596/8/190
f 597/8/175 596/8/190 600/5/177
f 580/8/220 584/5/213 586/5/219
f 584/5/213 580/8/220 581/8/214
f 586/5/221 584/5/215 580/8/222
f 581/8/218 580/8/222 584/5/215
f 572/7/174 598/5/191 571/5/172
f 598/5/191 572/7/174 576/7/187
f 571/5/176 598/5/192 572/7/178
f 576/7/189 572/7/178 598/5/192
f 595/8/187 599/5/193 593/5/191
f 599/5/193 595/8/187 596/8/188
f 593/5/192 599/5/194 595/8/189
f 596/8/190 595/8/189 599/5/194
f 579/5/318 569/6/314 578/5/313
f 569/6/314 579/5/318 570/6/317
f 578/5/316 569/6/315 579/5/319
f 570/6/320 579/5/319 569/6/315
f 603/8/174 602/5/191 601/5/172
f 602/5/191 603/8/174 604/8/187
f 601/5/176 602/5/192 603/8/178
f 604/8/189 603/8/178 602/5/192
f 600/5/171 594/8/174 592/5/172
f 594/8/174 600/5/171 597/8/173
f 592/5/176 594/8/178 600/5/177
f 597/8/175 600/5/177 594/8/178
f 604/8/187 606/8/173 605/8/188
f 606/8/173 604/8/187 603/8/174
f 605/8/190 606/8/175 604/8/189
f 603/8/178 604/8/189 606/8/175
f 607/5/171 603/8/174 601/5/172
f 603/8/174 607/5/171 606/8/173
f 601/5/176 603/8/178 607/5/177
f 606/8/175 607/5/177 603/8/178
f 604/8/187 608/5/193 602/5/191
f 608/5/193 604/8/187 605/8/188
f 602/5/192 608/5/194 604/8/189
f 605/8/190 604/8/189 608/5/194
f 605/8/188 607/5/171 608/5/193
f 607/5/171 605/8/188 606/8/173
f 608/5/194 607/5/177 605/8/190
f 606/8/175 605/8/190 607/5/177
f 611/6/301 610/6/300 609/6/299
f 610/6/300 611/6/301 612/6/302
f 609/6/305 610/6/304 611/6/303
f 612/6/306 611/6/303 610/6/304
f 609/6/299 614/5/308 613/5/307
f 614/5/308 609/6/299 610/6/300
f 613/5/310 614/5/309 609/6/305
f 610/6/304 609/6/305 614/5/309
f 611/6/301 613/5/307 615/5/311
f 613/5/307 611/6/301 609/6/299
f 615/5/312 613/5/310 611/6/303
f 609/6/305 611/6/303 613/5/310
f 610/6/300 616/5/321 614/5/308
f 616/5/321 610/6/300 612/6/302
f 614/5/309 616/5/322 610/6/304
f 612/6/306 610/6/304 616/5/322
f 616/5/321 611/6/301 615/5/311
f 611/6/301 616/5/321 612/6/302
f 615/5/312 611/6/303 616/5/322
f 612/6/306 616/5/322 611/6/303
f 619/5/224 618/6/231 617/5/239
f 618/6/231 619/5/224 620/6/226
f 617/5/240 618/6/233 619/5/228
f 620/6/230 619/5/228 618/6/233
f 618/6/231 622/6/225 621/6/232
f 622/6/225 618/6/231 620/6/226
f 621/6/234 622/6/227 618/6/233
f 620/6/230 618/6/233 622/6/227
f 618/6/231 623/5/241 617/5/239
f 623/5/241 618/6/231 621/6/232
f 617/5/240 623/5/242 618/6/233
f 621/6/234 618/6/233 623/5/242
f 622/6/225 619/5/224 624/5/223
f 619/5/224 622/6/225 620/6/226
f 624/5/229 619/5/228 622/6/227
f 620/6/230 622/6/227 619/5/228
f 621/6/232 624/5/223 623/5/241
f 624/5/223 621/6/232 622/6/225
f 623/5/242 624/5/229 621/6/234
f 622/6/227 621/6/234 624/5/229
f 627/8/235 626/8/214 625/8/220
f 626/8/214 627/8/235 628/8/212
f 625/8/222 626/8/218 627/8/238
f 628/8/216 627/8/238 626/8/218
f 628/8/212 629/5/213 626/8/214
f 629/5/213 628/8/212 630/5/211
f 626/8/218 629/5/215 628/8/216
f 630/5/217 628/8/216 629/5/215
f 633/6/165 632/6/181 631/6/166
f 632/6/181 633/6/165 634/6/182
f 631/6/170 632/6/183 633/6/167
f 634/6/186 633/6/167 632/6/183
f 631/6/166 636/5/179 635/5/164
f 636/5/179 631/6/166 632/6/181
f 635/5/168 636/5/185 631/6/170
f 632/6/183 631/6/170 636/5/185
f 625/8/220 629/5/213 637/5/219
f 629/5/213 625/8/220 626/8/214
f 637/5/221 629/5/215 625/8/222
f 626/8/218 625/8/222 629/5/215
f 630/5/211 627/8/235 638/5/236
f 627/8/235 630/5/211 628/8/212
f 638/5/237 627/8/238 630/5/217
f 628/8/216 630/5/217 627/8/238
f 632/6/181 639/5/180 636/5/179
f 639/5/180 632/6/181 634/6/182
f 636/5/185 639/5/184 632/6/183
f 634/6/186 632/6/183 639/5/184
f 633/6/165 635/5/164 640/5/163
f 635/5/164 633/6/165 631/6/166
f 640/5/169 635/5/168 633/6/167
f 631/6/170 633/6/167 635/5/168
f 639/5/180 633/6/165 640/5/163
f 633/6/165 639/5/180 634/6/182
f 640/5/169 633/6/167 639/5/184
f 634/6/186 639/5/184 633/6/167
f 638/5/236 625/8/220 637/5/219
f 625/8/220 638/5/236 627/8/235
f 637/5/221 625/8/222 638/5/237
f 627/8/238 638/5/237 625/8/222
f 642/1/81 185/1/81 641/1/81
f 185/1/81 642/1/81 186/1/81
f 641/1/82 185/1/82 642/1/82
f 186/1/82 642/1/82 185/1/82
f 645/6/293 644/5/292 643/5/291
f 644/5/292 645/6/293 646/6/294
f 643/5/297 644/5/296 645/6/295
f 646/6/298 645/6/295 644/5/296
f 649/6/277 648/6/276 647/6/275
f 648/6/276 649/6/277 650/6/278
f 647/6/281 648/6/280 649/6/279
f 650/6/282 649/6/279 648/6/280
f 652/6/317 645/6/293 651/6/314
f 645/6/293 652/6/317 646/6/294
f 651/6/315 645/6/295 652/6/320
f 646/6/298 652/6/320 645/6/295
f 655/5/171 654/7/174 653/5/172
f 654/7/174 655/5/171 656/7/173
f 653/5/176 654/7/178 655/5/177
f 656/7/175 655/5/177 654/7/178
f 658/7/187 656/7/173 657/7/188
f 656/7/173 658/7/187 654/7/174
f 657/7/190 656/7/175 658/7/189
f 654/7/178 658/7/189 656/7/175
f 657/7/188 655/5/171 659/5/193
f 655/5/171 657/7/188 656/7/173
f 659/5/194 655/5/177 657/7/190
f 656/7/175 657/7/190 655/5/177
f 651/6/314 643/5/291 660/5/313
f 643/5/291 651/6/314 645/6/293
f 660/5/316 643/5/297 651/6/315
f 645/6/295 651/6/315 643/5/297
f 661/5/318 646/6/294 652/6/317
f 646/6/294 661/5/318 644/5/292
f 652/6/320 646/6/298 661/5/319
f 644/5/296 661/5/319 646/6/298
f 664/8/235 663/8/214 662/8/220
f 663/8/214 664/8/235 665/8/212
f 662/8/222 663/8/218 664/8/238
f 665/8/216 664/8/238 663/8/218
f 665/8/212 666/5/213 663/8/214
f 666/5/213 665/8/212 667/5/211
f 663/8/218 666/5/215 665/8/216
f 667/5/217 665/8/216 666/5/215
f 669/5/236 662/8/220 668/5/219
f 662/8/220 669/5/236 664/8/235
f 668/5/221 662/8/222 669/5/237
f 664/8/238 669/5/237 662/8/222
f 667/5/211 664/8/235 669/5/236
f 664/8/235 667/5/211 665/8/212
f 669/5/237 664/8/238 667/5/217
f 665/8/216 667/5/217 664/8/238
f 671/5/287 650/6/278 670/5/283
f 650/6/278 671/5/287 648/6/276
f 670/5/286 650/6/282 671/5/288
f 648/6/280 671/5/288 650/6/282
f 650/6/278 672/5/284 670/5/283
f 672/5/284 650/6/278 649/6/277
f 670/5/286 672/5/285 650/6/282
f 649/6/279 650/6/282 672/5/285
f 647/6/275 671/5/287 673/5/289
f 671/5/287 647/6/275 648/6/276
f 673/5/290 671/5/288 647/6/281
f 648/6/280 647/6/281 671/5/288
f 676/8/174 675/5/191 674/5/172
f 675/5/191 676/8/174 677/8/187
f 674/5/176 675/5/192 676/8/178
f 677/8/189 676/8/178 675/5/192
f 649/6/277 673/5/289 672/5/284
f 673/5/289 649/6/277 647/6/275
f 672/5/285 673/5/290 649/6/279
f 647/6/281 649/6/279 673/5/290
f 677/8/187 679/8/173 678/8/188
f 679/8/173 677/8/187 676/8/174
f 678/8/190 679/8/175 677/8/189
f 676/8/178 677/8/189 679/8/175
f 658/7/187 659/5/193 680/5/191
f 659/5/193 658/7/187 657/7/188
f 680/5/192 659/5/194 658/7/189
f 657/7/190 658/7/189 659/5/194
f 678/8/188 682/5/171 681/5/193
f 682/5/171 678/8/188 679/8/173
f 681/5/194 682/5/177 678/8/190
f 679/8/175 678/8/190 682/5/177
f 662/8/220 666/5/213 668/5/219
f 666/5/213 662/8/220 663/8/214
f 668/5/221 666/5/215 662/8/222
f 663/8/218 662/8/222 666/5/215
f 654/7/174 680/5/191 653/5/172
f 680/5/191 654/7/174 658/7/187
f 653/5/176 680/5/192 654/7/178
f 658/7/189 654/7/178 680/5/192
f 677/8/187 681/5/193 675/5/191
f 681/5/193 677/8/187 678/8/188
f 675/5/192 681/5/194 677/8/189
f 678/8/190 677/8/189 681/5/194
f 661/5/318 651/6/314 660/5/313
f 651/6/314 661/5/318 652/6/317
f 660/5/316 651/6/315 661/5/319
f 652/6/320 661/5/319 651/6/315
f 685/8/174 684/5/191 683/5/172
f 684/5/191 685/8/174 686/8/187
f 683/5/176 684/5/192 685/8/178
f 686/8/189 685/8/178 684/5/192
f 682/5/171 676/8/174 674/5/172
f 676/8/174 682/5/171 679/8/173
f 674/5/176 676/8/178 682/5/177
f 679/8/175 682/5/177 676/8/178
f 686/8/187 688/8/173 687/8/188
f 688/8/173 686/8/187 685/8/174
f 687/8/190 688/8/175 686/8/189
f 685/8/178 686/8/189 688/8/175
f 689/5/171 685/8/174 683/5/172
f 685/8/174 689/5/171 688/8/173
f 683/5/176 685/8/178 689/5/177
f 688/8/175 689/5/177 685/8/178
f 686/8/187 690/5/193 684/5/191
f 690/5/193 686/8/187 687/8/188
f 684/5/192 690/5/194 686/8/189
f 687/8/190 686/8/189 690/5/194
f 687/8/188 689/5/171 690/5/193
f 689/5/171 687/8/188 688/8/173
f 690/5/194 689/5/177 687/8/190
f 688/8/175 687/8/190 689/5/177
f 693/6/301 692/6/300 691/6/299
f 692/6/300 693/6/301 694/6/302
f 691/6/305 692/6/304 693/6/303
f 694/6/306 693/6/303 692/6/304
f 691/6/299 696/5/308 695/5/307
f 696/5/308 691/6/299 692/6/300
f 695/5/310 696/5/309 691/6/305
f 692/6/304 691/6/305 696/5/309
f 693/6/301 695/5/307 697/5/311
f 695/5/307 693/6/301 691/6/299
f 697/5/312 695/5/310 693/6/303
f 691/6/305 693/6/303 695/5/310
f 692/6/300 698/5/321 696/5/308
f 698/5/321 692/6/300 694/6/302
f 696/5/309 698/5/322 692/6/304
f 694/6/306 692/6/304 698/5/322
f 698/5/321 693/6/301 697/5/311
f 693/6/301 698/5/321 694/6/302
f 697/5/312 693/6/303 698/5/322
f 694/6/306 698/5/322 693/6/303
f 701/5/224 700/6/231 699/5/239
f 700/6/231 701/5/224 702/6/226
f 699/5/240 700/6/233 701/5/228
f 702/6/230 701/5/228 700/6/233
f 700/6/231 704/6/225 703/6/232
f 704/6/225 700/6/231 702/6/226
f 703/6/234 704/6/227 700/6/233
f 702/6/230 700/6/233 704/6/227
f 700/6/231 705/5/241 699/5/239
f 705/5/241 700/6/231 703/6/232
f 699/5/240 705/5/242 700/6/233
f 703/6/234 700/6/233 705/5/242
f 704/6/225 701/5/224 706/5/223
f 701/5/224 704/6/225 702/6/226
f 706/5/229 701/5/228 704/6/227
f 702/6/230 704/6/227 701/5/228
f 703/6/232 706/5/223 705/5/241
f 706/5/223 703/6/232 704/6/225
f 705/5/242 706/5/229 703/6/234
f 704/6/227 703/6/234 706/5/229
f 709/8/235 708/8/214 707/8/220
f 708/8/214 709/8/235 710/8/212
f 707/8/222 708/8/218 709/8/238
f 710/8/216 709/8/238 708/8/218
f 710/8/212 711/5/213 708/8/214
f 711/5/213 710/8/212 712/5/211
f 708/8/218 711/5/215 710/8/216
f 712/5/217 710/8/216 711/5/215
f 715/6/165 714/6/181 713/6/166
f 714/6/181 715/6/165 716/6/182
f 713/6/170 714/6/183 715/6/167
f 716/6/186 715/6/167 714/6/183
f 713/6/166 718/5/179 717/5/164
f 718/5/179 713/6/166 714/6/181
f 717/5/168 718/5/185 713/6/170
f 714/6/183 713/6/170 718/5/185
f 707/8/220 711/5/213 719/5/219
f 711/5/213 707/8/220 708/8/214
f 719/5/221 711/5/215 707/8/222
f 708/8/218 707/8/222 711/5/215
f 712/5/211 709/8/235 720/5/236
f 709/8/235 712/5/211 710/8/212
f 720/5/237 709/8/238 712/5/217
f 710/8/216 712/5/217 709/8/238
f 714/6/181 721/5/180 718/5/179
f 721/5/180 714/6/181 716/6/182
f 718/5/185 721/5/184 714/6/183
f 716/6/186 714/6/183 721/5/184
f 715/6/165 717/5/164 722/5/163
f 717/5/164 715/6/165 713/6/166
f 722/5/169 717/5/168 715/6/167
f 713/6/170 715/6/167 717/5/168
f 721/5/180 715/6/165 722/5/163
f 715/6/165 721/5/180 716/6/182
f 722/5/169 715/6/167 721/5/184
f 716/6/186 721/5/184 715/6/167
f 720/5/236 707/8/220 719/5/219
f 707/8/220 720/5/236 709/8/235
f 719/5/221 707/8/222 720/5/237
f 709/8/238 720/5/237 707/8/222
f 184/1/81 723/1/81 182/1/81
f 723/1/81 184/1/81 173/1/81
f 182/1/82 723/1/82 184/1/82
f 173/1/82 184/1/82 723/1/82
f 726/6/293 725/5/292 724/5/291
f 725/5/292 726/6/293 727/6/294
f 724/5/297 725/5/296 726/6/295
f 727/6/298 726/6/295 725/5/296
f 730/6/277 729/6/276 728/6/275
f 729/6/276 730/6/277 731/6/278
f 728/6/281 729/6/280 730/6/279
f 731/6/282 730/6/279 729/6/280
f 733/6/317 726/6/293 732/6/314
f 726/6/293 733/6/317 727/6/294
f 732/6/315 726/6/295 733/6/320
f 727/6/298 733/6/320 726/6/295
f 736/5/171 735/7/174 734/5/172
f 735/7/174 736/5/171 737/7/173
f 734/5/176 735/7/178 736/5/177
f 737/7/175 736/5/177 735/7/178
f 739/7/187 737/7/173 738/7/188
f 737/7/173 739/7/187 735/7/174
f 738/7/190 737/7/175 739/7/189
f 735/7/178 739/7/189 737/7/175
f 738/7/188 736/5/171 740/5/193
f 736/5/171 738/7/188 737/7/173
f 740/5/194 736/5/177 738/7/190
f 737/7/175 738/7/190 736/5/177
f 732/6/314 724/5/291 741/5/313
f 724/5/291 732/6/314 726/6/293
f 741/5/316 724/5/297 732/6/315
f 726/6/295 732/6/315 724/5/297
f 742/5/318 727/6/294 733/6/317
f 727/6/294 742/5/318 725/5/292
f 733/6/320 727/6/298 742/5/319
f 725/5/296 742/5/319 727/6/298
f 745/8/235 744/8/214 743/8/220
f 744/8/214 745/8/235 746/8/212
f 743/8/222 744/8/218 745/8/238
f 746/8/216 745/8/238 744/8/218
f 746/8/212 747/5/213 744/8/214
f 747/5/213 746/8/212 748/5/211
f 744/8/218 747/5/215 746/8/216
f 748/5/217 746/8/216 747/5/215
f 750/5/236 743/8/220 749/5/219
f 743/8/220 750/5/236 745/8/235
f 749/5/221 743/8/222 750/5/237
f 745/8/238 750/5/237 743/8/222
f 748/5/211 745/8/235 750/5/236
f 745/8/235 748/5/211 746/8/212
f 750/5/237 745/8/238 748/5/217
f 746/8/216 748/5/217 745/8/238
f 752/5/287 731/6/278 751/5/283
f 731/6/278 752/5/287 729/6/276
f 751/5/286 731/6/282 752/5/288
f 729/6/280 752/5/288 731/6/282
f 731/6/278 753/5/284 751/5/283
f 753/5/284 731/6/278 730/6/277
f 751/5/286 753/5/285 731/6/282
f 730/6/279 731/6/282 753/5/285
f 728/6/275 752/5/287 754/5/289
f 752/5/287 728/6/275 729/6/276
f 754/5/290 752/5/288 728/6/281
f 729/6/280 728/6/281 752/5/288
f 757/8/174 756/5/191 755/5/172
f 756/5/191 757/8/174 758/8/187
f 755/5/176 756/5/192 757/8/178
f 758/8/189 757/8/178 756/5/192
f 730/6/277 754/5/289 753/5/284
f 754/5/289 730/6/277 728/6/275
f 753/5/285 754/5/290 730/6/279
f 728/6/281 730/6/279 754/5/290
f 758/8/187 760/8/173 759/8/188
f 760/8/173 758/8/187 757/8/174
f 759/8/190 760/8/175 758/8/189
f 757/8/178 758/8/189 760/8/175
f 739/7/187 740/5/193 761/5/191
f 740/5/193 739/7/187 738/7/188
f 761/5/192 740/5/194 739/7/189
f 738/7/190 739/7/189 740/5/194
f 759/8/188 763/5/171 762/5/193
f 763/5/171 759/8/188 760/8/173
f 762/5/194 763/5/177 759/8/190
f 760/8/175 759/8/190 763/5/177
f 743/8/220 747/5/213 749/5/219
f 747/5/213 743/8/220 744/8/214
f 749/5/221 747/5/215 743/8/222
f 744/8/218 743/8/222 747/5/215
f 735/7/174 761/5/191 734/5/172
f 761/5/191 735/7/174 739/7/187
f 734/5/176 761/5/192 735/7/178
f 739/7/189 735/7/178 761/5/192
f 758/8/187 762/5/193 756/5/191
f 762/5/193 758/8/187 759/8/188
f 756/5/192 762/5/194 758/8/189
f 759/8/190 758/8/189 762/5/194
f 742/5/318 732/6/314 741/5/313
f 732/6/314 742/5/318 733/6/317
f 741/5/316 732/6/315 742/5/319
f 733/6/320 742/5/319 732/6/315
f 766/8/174 765/5/191 764/5/172
f 765/5/191 766/8/174 767/8/187
f 764/5/176 765/5/192 766/8/178
f 767/8/189 766/8/178 765/5/192
f 763/5/171 757/8/174 755/5/172
f 757/8/174 763/5/171 760/8/173
f 755/5/176 757/8/178 763/5/177
f 760/8/175 763/5/177 757/8/178
f 767/8/187 769/8/173 768/8/188
f 769/8/173 767/8/187 766/8/174
f 768/8/190 769/8/175 767/8/189
f 766/8/178 767/8/189 769/8/175
f 770/5/171 766/8/174 764/5/172
f 766/8/174 770/5/171 769/8/173
f 764/5/176 766/8/178 770/5/177
f 769/8/175 770/5/177 766/8/178
f 767/8/187 771/5/193 765/5/191
f 771/5/193 767/8/187 768/8/188
f 765/5/192 771/5/194 767/8/189
f 768/8/190 767/8/189 771/5/194
f 768/8/188 770/5/171 771/5/193
f 770/5/171 768/8/188 769/8/173
f 771/5/194 770/5/177 768/8/190
f 769/8/175 768/8/190 770/5/177
f 774/6/301 773/6/300 772/6/299
f 773/6/300 774/6/301 775/6/302
f 772/6/305 773/6/304 774/6/303
f 775/6/306 774/6/303 773/6/304
f 772/6/299 777/5/308 776/5/307
f 777/5/308 772/6/299 773/6/300
f 776/5/310 777/5/309 772/6/305
f 773/6/304 772/6/305 777/5/309
f 774/6/301 776/5/307 778/5/311
f 776/5/307 774/6/301 772/6/299
f 778/5/312 776/5/310 774/6/303
f 772/6/305 774/6/303 776/5/310
f 773/6/300 779/5/321 777/5/308
f 779/5/321 773/6/300 775/6/302
f 777/5/309 779/5/322 773/6/304
f 775/6/306 773/6/304 779/5/322
f 779/5/321 774/6/301 778/5/311
f 774/6/301 779/5/321 775/6/302
f 778/5/312 774/6/303 779/5/322
f 775/6/306 779/5/322 774/6/303
f 782/5/224 781/6/231 780/5/239
f 781/6/231 782/5/224 783/6/226
f 780/5/240 781/6/233 782/5/228
f 783/6/230 782/5/228 781/6/233
f 781/6/231 785/6/225 784/6/232
f 785/6/225 781/6/231 783/6/226
f 784/6/234 785/6/227 781/6/233
f 783/6/230 781/6/233 785/6/227
f 781/6/231 786/5/241 780/5/239
f 786/5/241 781/6/231 784/6/232
f 780/5/240 786/5/242 781/6/233
f 784/6/234 781/6/233 786/5/242
f 785/6/225 782/5/224 787/5/223
f 782/5/224 785/6/225 783/6/226
f 787/5/229 782/5/228 785/6/227
f 783/6/230 785/6/227 782/5/228
f 784/6/232 787/5/223 786/5/241
f 787/5/223 784/6/232 785/6/225
f 786/5/242 787/5/229 784/6/234
f 785/6/227 784/6/234 787/5/229
f 790/8/235 789/8/214 788/8/220
f 789/8/214 790/8/235 791/8/212
f 788/8/222 789/8/218 790/8/238
f 791/8/216 790/8/238 789/8/218
f 791/8/212 792/5/213 789/8/214
f 792/5/213 791/8/212 793/5/211
f 789/8/218 792/5/215 791/8/216
f 793/5/217 791/8/216 792/5/215
f 796/6/165 795/6/181 794/6/166
f 795/6/181 796/6/165 797/6/182
f 794/6/170 795/6/183 796/6/167
f 797/6/186 796/6/167 795/6/183
f 794/6/166 799/5/179 798/5/164
f 799/5/179 794/6/166 795/6/181
f 798/5/168 799/5/185 794/6/170
f 795/6/183 794/6/170 799/5/185
f 788/8/220 792/5/213 800/5/219
f 792/5/213 788/8/220 789/8/214
f 800/5/221 792/5/215 788/8/222
f 789/8/218 788/8/222 792/5/215
f 793/5/211 790/8/235 801/5/236
f 790/8/235 793/5/211 791/8/212
f 801/5/237 790/8/238 793/5/217
f 791/8/216 793/5/217 790/8/238
f 795/6/181 802/5/180 799/5/179
f 802/5/180 795/6/181 797/6/182
f 799/5/185 802/5/184 795/6/183
f 797/6/186 795/6/183 802/5/184
f 796/6/165 798/5/164 803/5/163
f 798/5/164 796/6/165 794/6/166
f 803/5/169 798/5/168 796/6/167
f 794/6/170 796/6/167 798/5/168
f 802/5/180 796/6/165 803/5/163
f 796/6/165 802/5/180 797/6/182
f 803/5/169 796/6/167 802/5/184
f 797/6/186 802/5/184 796/6/167
f 801/5/236 788/8/220 800/5/219
f 788/8/220 801/5/236 790/8/235
f 800/5/221 788/8/222 801/5/237
f 790/8/238 801/5/237 788/8/222
f 806/1/29 805/3/26 804/1/31
f 805/3/26 806/1/29 807/3/25
f 804/1/32 805/3/28 806/1/30
f 807/3/27 806/1/30 805/3/28
f 809/3/12 806/1/29 808/1/10
f 806/1/29 809/3/12 807/3/25
f 808/1/14 806/1/30 809/3/16
f 807/3/27 809/3/16 806/1/30
f 812/2/3 811/1/2 810/1/1
f 811/1/2 812/2/3 813/2/4
f 810/1/7 811/1/6 812/2/5
f 813/2/8 812/2/5 811/1/6
f 811/1/2 815/2/19 814/1/17
f 815/2/19 811/1/2 813/2/4
f 814/1/23 815/2/21 811/1/6
f 813/2/8 811/1/6 815/2/21
f 818/1/79 817/2/63 816/1/61
f 817/2/63 818/1/79 819/2/70
f 816/1/67 817/2/65 818/1/80
f 819/2/72 818/1/80 817/2/65
f 817/2/63 821/2/69 820/2/64
f 821/2/69 817/2/63 819/2/70
f 820/2/68 821/2/71 817/2/65
f 819/2/72 817/2/65 821/2/71
f 821/2/69 818/1/79 822/1/77
f 818/1/79 821/2/69 819/2/70
f 822/1/78 818/1/80 821/2/71
f 819/2/72 821/2/71 818/1/80
f 817/2/63 823/1/62 816/1/61
f 823/1/62 817/2/63 820/2/64
f 816/1/67 823/1/66 817/2/65
f 820/2/68 817/2/65 823/1/66
f 820/2/64 822/1/77 823/1/62
f 822/1/77 820/2/64 821/2/69
f 823/1/66 822/1/78 820/2/68
f 821/2/71 820/2/68 822/1/78
f 825/2/20 810/1/1 824/1/18
f 810/1/1 825/2/20 812/2/3
f 824/1/22 810/1/7 825/2/24
f 812/2/5 825/2/24 810/1/7
f 805/3/26 826/1/9 804/1/31
f 826/1/9 805/3/26 827/3/11
f 804/1/32 826/1/15 805/3/28
f 827/3/13 805/3/28 826/1/15
f 815/2/19 824/1/18 814/1/17
f 824/1/18 815/2/19 825/2/20
f 814/1/23 824/1/22 815/2/21
f 825/2/24 815/2/21 824/1/22
f 815/2/19 812/2/3 825/2/20
f 812/2/3 815/2/19 813/2/4
f 825/2/24 812/2/5 815/2/21
f 813/2/8 815/2/21 812/2/5
f 830/3/35 829/3/34 828/3/33
f 829/3/34 830/3/35 831/3/36
f 828/3/39 829/3/38 830/3/37
f 831/3/40 830/3/37 829/3/38
f 827/3/11 807/3/25 809/3/12
f 807/3/25 827/3/11 805/3/26
f 809/3/16 807/3/27 827/3/13
f 805/3/28 827/3/13 807/3/27
f 832/1/47 831/3/36 830/3/35
f 831/3/36 832/1/47 833/1/42
f 830/3/37 831/3/40 832/1/48
f 833/1/44 832/1/48 831/3/40
f 836/1/57 835/3/52 834/1/51
f 835/3/52 836/1/57 837/3/58
f 834/1/53 835/3/56 836/1/59
f 837/3/60 836/1/59 835/3/56
f 832/1/47 828/3/33 838/1/45
f 828/3/33 832/1/47 830/3/35
f 838/1/46 828/3/39 832/1/48
f 830/3/37 832/1/48 828/3/39
f 831/3/36 839/1/41 829/3/34
f 839/1/41 831/3/36 833/1/42
f 829/3/38 839/1/43 831/3/40
f 833/1/44 831/3/40 839/1/43
f 842/3/50 841/1/74 840/1/49
f 841/1/74 842/3/50 843/3/73
f 840/1/55 841/1/75 842/3/54
f 843/3/76 842/3/54 841/1/75
f 828/3/33 839/1/41 838/1/45
f 839/1/41 828/3/33 829/3/34
f 838/1/46 839/1/43 828/3/39
f 829/3/38 828/3/39 839/1/43
f 834/1/51 842/3/50 840/1/49
f 842/3/50 834/1/51 835/3/52
f 840/1/55 842/3/54 834/1/53
f 835/3/56 834/1/53 842/3/54
f 837/3/58 841/1/74 843/3/73
f 841/1/74 837/3/58 836/1/57
f 843/3/76 841/1/75 837/3/60
f 836/1/59 837/3/60 841/1/75
f 835/3/52 843/3/73 842/3/50
f 843/3/73 835/3/52 837/3/58
f 842/3/54 843/3/76 835/3/56
f 837/3/60 835/3/56 843/3/76
f 827/3/11 808/1/10 826/1/9
f 808/1/10 827/3/11 809/3/12
f 826/1/15 808/1/14 827/3/13
f 809/3/16 827/3/13 808/1/14
f 846/1/111 845/3/108 844/1/113
f 845/3/108 846/1/111 847/3/107
f 844/1/114 845/3/110 846/1/112
f 847/3/109 846/1/112 845/3/110
f 849/3/94 846/1/111 848/1/92
f 846/1/111 849/3/94 847/3/107
f 848/1/96 846/1/112 849/3/98
f 847/3/109 849/3/98 846/1/112
f 852/2/85 851/1/84 850/1/83
f 851/1/84 852/2/85 853/2/86
f 850/1/89 851/1/88 852/2/87
f 853/2/90 852/2/87 851/1/88
f 851/1/84 855/2/101 854/1/99
f 855/2/101 851/1/84 853/2/86
f 854/1/105 855/2/103 851/1/88
f 853/2/90 851/1/88 855/2/103
f 858/1/161 857/2/145 856/1/143
f 857/2/145 858/1/161 859/2/152
f 856/1/149 857/2/147 858/1/162
f 859/2/154 858/1/162 857/2/147
f 857/2/145 861/2/151 860/2/146
f 861/2/151 857/2/145 859/2/152
f 860/2/150 861/2/153 857/2/147
f 859/2/154 857/2/147 861/2/153
f 861/2/151 858/1/161 862/1/159
f 858/1/161 861/2/151 859/2/152
f 862/1/160 858/1/162 861/2/153
f 859/2/154 861/2/153 858/1/162
f 857/2/145 863/1/144 856/1/143
f 863/1/144 857/2/145 860/2/146
f 856/1/149 863/1/148 857/2/147
f 860/2/150 857/2/147 863/1/148
f 860/2/146 862/1/159 863/1/144
f 862/1/159 860/2/146 861/2/151
f 863/1/148 862/1/160 860/2/150
f 861/2/153 860/2/150 862/1/160
f 865/2/102 850/1/83 864/1/100
f 850/1/83 865/2/102 852/2/85
f 864/1/104 850/1/89 865/2/106
f 852/2/87 865/2/106 850/1/89
f 845/3/108 866/1/91 844/1/113
f 866/1/91 845/3/108 867/3/93
f 844/1/114 866/1/97 845/3/110
f 867/3/95 845/3/110 866/1/97
f 855/2/101 864/1/100 854/1/99
f 864/1/100 855/2/101 865/2/102
f 854/1/105 864/1/104 855/2/103
f 865/2/106 855/2/103 864/1/104
f 855/2/101 852/2/85 865/2/102
f 852/2/85 855/2/101 853/2/86
f 865/2/106 852/2/87 855/2/103
f 853/2/90 855/2/103 852/2/87
f 870/3/117 869/3/116 868/3/115
f 869/3/116 870/3/117 871/3/118
f 868/3/121 869/3/120 870/3/119
f 871/3/122 870/3/119 869/3/120
f 867/3/93 847/3/107 849/3/94
f 847/3/107 867/3/93 845/3/108
f 849/3/98 847/3/109 867/3/95
f 845/3/110 867/3/95 847/3/109
f 872/1/129 871/3/118 870/3/117
f 871/3/118 872/1/129 873/1/124
f 870/3/119 871/3/122 872/1/130
f 873/1/126 872/1/130 871/3/122
f 876/1/139 875/3/134 874/1/133
f 875/3/134 876/1/139 877/3/140
f 874/1/135 875/3/138 876/1/141
f 877/3/142 876/1/141 875/3/138
f 872/1/129 868/3/115 878/1/127
f 868/3/115 872/1/129 870/3/117
f 878/1/128 868/3/121 872/1/130
f 870/3/119 872/1/130 868/3/121
f 871/3/118 879/1/123 869/3/116
f 879/1/123 871/3/118 873/1/124
f 869/3/120 879/1/125 871/3/122
f 873/1/126 871/3/122 879/1/125
f 882/3/132 881/1/156 880/1/131
f 881/1/156 882/3/132 883/3/155
f 880/1/137 881/1/157 882/3/136
f 883/3/158 882/3/136 881/1/157
f 868/3/115 879/1/123 878/1/127
f 879/1/123 868/3/115 869/3/116
f 878/1/128 879/1/125 868/3/121
f 869/3/120 868/3/121 879/1/125
f 874/1/133 882/3/132 880/1/131
f 882/3/132 874/1/133 875/3/134
f 880/1/137 882/3/136 874/1/135
f 875/3/138 874/1/135 882/3/136
f 877/3/140 881/1/156 883/3/155
f 881/1/156 877/3/140 876/1/139
f 883/3/158 881/1/157 877/3/142
f 876/1/141 877/3/142 881/1/157
f 875/3/134 883/3/155 882/3/132
f 883/3/155 875/3/134 877/3/140
f 882/3/136 883/3/158 875/3/138
f 877/3/142 875/3/138 883/3/158
f 867/3/93 848/1/92 866/1/91
f 848/1/92 867/3/93 849/3/94
f 866/1/97 848/1/96 867/3/95
f 849/3/98 867/3/95 848/1/96
f 886/1/191 885/3/188 884/1/193
f 885/3/188 886/1/191 887/3/187
f 884/1/194 885/3/190 886/1/192
f 887/3/189 886/1/192 885/3/190
f 889/3/174 886/1/191 888/1/172
f 886/1/191 889/3/174 887/3/187
f 888/1/176 886/1/192 889/3/178
f 887/3/189 889/3/178 886/1/192
f 892/2/165 891/1/164 890/1/163
f 891/1/164 892/2/165 893/2/166
f 890/1/169 891/1/168 892/2/167
f 893/2/170 892/2/167 891/1/168
f 891/1/164 895/2/181 894/1/179
f 895/2/181 891/1/164 893/2/166
f 894/1/185 895/2/183 891/1/168
f 893/2/170 891/1/168 895/2/183
f 898/1/241 897/2/225 896/1/223
f 897/2/225 898/1/241 899/2/232
f 896/1/229 897/2/227 898/1/242
f 899/2/234 898/1/242 897/2/227
f 897/2/225 901/2/231 900/2/226
f 901/2/231 897/2/225 899/2/232
f 900/2/230 901/2/233 897/2/227
f 899/2/234 897/2/227 901/2/233
f 901/2/231 898/1/241 902/1/239
f 898/1/241 901/2/231 899/2/232
f 902/1/240 898/1/242 901/2/233
f 899/2/234 901/2/233 898/1/242
f 897/2/225 903/1/224 896/1/223
f 903/1/224 897/2/225 900/2/226
f 896/1/229 903/1/228 897/2/227
f 900/2/230 897/2/227 903/1/228
f 900/2/226 902/1/239 903/1/224
f 902/1/239 900/2/226 901/2/231
f 903/1/228 902/1/240 900/2/230
f 901/2/233 900/2/230 902/1/240
f 905/2/182 890/1/163 904/1/180
f 890/1/163 905/2/182 892/2/165
f 904/1/184 890/1/169 905/2/186
f 892/2/167 905/2/186 890/1/169
f 885/3/188 906/1/171 884/1/193
f 906/1/171 885/3/188 907/3/173
f 884/1/194 906/1/177 885/3/190
f 907/3/175 885/3/190 906/1/177
f 895/2/181 904/1/180 894/1/179
f 904/1/180 895/2/181 905/2/182
f 894/1/185 904/1/184 895/2/183
f 905/2/186 895/2/183 904/1/184
f 895/2/181 892/2/165 905/2/182
f 892/2/165 895/2/181 893/2/166
f 905/2/186 892/2/167 895/2/183
f 893/2/170 895/2/183 892/2/167
f 910/3/325 909/3/324 908/3/323
f 909/3/324 910/3/325 911/3/326
f 908/3/329 909/3/328 910/3/327
f 911/3/330 910/3/327 909/3/328
f 907/3/173 887/3/187 889/3/174
f 887/3/187 907/3/173 885/3/188
f 889/3/178 887/3/189 907/3/175
f 885/3/190 907/3/175 887/3/189
f 912/1/331 911/3/326 910/3/325
f 911/3/326 912/1/331 913/1/332
f 910/3/327 911/3/330 912/1/333
f 913/1/334 912/1/333 911/3/330
f 916/1/219 915/3/214 914/1/213
f 915/3/214 916/1/219 917/3/220
f 914/1/215 915/3/218 916/1/221
f 917/3/222 916/1/221 915/3/218
f 912/1/331 908/3/323 918/1/335
f 908/3/323 912/1/331 910/3/325
f 918/1/336 908/3/329 912/1/333
f 910/3/327 912/1/333 908/3/329
f 911/3/326 919/1/337 909/3/324
f 919/1/337 911/3/326 913/1/332
f 909/3/328 919/1/338 911/3/330
f 913/1/334 911/3/330 919/1/338
f 922/3/212 921/1/236 920/1/211
f 921/1/236 922/3/212 923/3/235
f 920/1/217 921/1/237 922/3/216
f 923/3/238 922/3/216 921/1/237
f 908/3/323 919/1/337 918/1/335
f 919/1/337 908/3/323 909/3/324
f 918/1/336 919/1/338 908/3/329
f 909/3/328 908/3/329 919/1/338
f 914/1/213 922/3/212 920/1/211
f 922/3/212 914/1/213 915/3/214
f 920/1/217 922/3/216 914/1/215
f 915/3/218 914/1/215 922/3/216
f 917/3/220 921/1/236 923/3/235
f 921/1/236 917/3/220 916/1/219
f 923/3/238 921/1/237 917/3/222
f 916/1/221 917/3/222 921/1/237
f 915/3/214 923/3/235 922/3/212
f 923/3/235 915/3/214 917/3/220
f 922/3/216 923/3/238 915/3/218
f 917/3/222 915/3/218 923/3/238
f 907/3/173 888/1/172 906/1/171
f 888/1/172 907/3/173 889/3/174
f 906/1/177 888/1/176 907/3/175
f 889/3/178 907/3/175 888/1/176
f 926/1/171 925/3/174 924/1/172
f 925/3/174 926/1/171 927/3/173
f 924/1/176 925/3/178 926/1/177
f 927/3/175 926/1/177 925/3/178
f 929/3/188 926/1/171 928/1/193
f 926/1/171 929/3/188 927/3/173
f 928/1/194 926/1/177 929/3/190
f 927/3/175 929/3/190 926/1/177
f 932/2/181 931/1/180 930/1/179
f 931/1/180 932/2/181 933/2/182
f 930/1/185 931/1/184 932/2/183
f 933/2/186 932/2/183 931/1/184
f 931/1/180 935/2/165 934/1/163
f 935/2/165 931/1/180 933/2/182
f 934/1/169 935/2/167 931/1/184
f 933/2/186 931/1/184 935/2/167
f 938/1/224 937/2/231 936/1/239
f 937/2/231 938/1/224 939/2/226
f 936/1/240 937/2/233 938/1/228
f 939/2/230 938/1/228 937/2/233
f 937/2/231 941/2/225 940/2/232
f 941/2/225 937/2/231 939/2/226
f 940/2/234 941/2/227 937/2/233
f 939/2/230 937/2/233 941/2/227
f 941/2/225 938/1/224 942/1/223
f 938/1/224 941/2/225 939/2/226
f 942/1/229 938/1/228 941/2/227
f 939/2/230 941/2/227 938/1/228
f 937/2/231 943/1/241 936/1/239
f 943/1/241 937/2/231 940/2/232
f 936/1/240 943/1/242 937/2/233
f 940/2/234 937/2/233 943/1/242
f 940/2/232 942/1/223 943/1/241
f 942/1/223 940/2/232 941/2/225
f 943/1/242 942/1/229 940/2/234
f 941/2/227 940/2/234 942/1/229
f 945/2/166 930/1/179 944/1/164
f 930/1/179 945/2/166 932/2/181
f 944/1/168 930/1/185 945/2/170
f 932/2/183 945/2/170 930/1/185
f 925/3/174 946/1/191 924/1/172
f 946/1/191 925/3/174 947/3/187
f 924/1/176 946/1/192 925/3/178
f 947/3/189 925/3/178 946/1/192
f 935/2/165 944/1/164 934/1/163
f 944/1/164 935/2/165 945/2/166
f 934/1/169 944/1/168 935/2/167
f 945/2/170 935/2/167 944/1/168
f 935/2/165 932/2/181 945/2/166
f 932/2/181 935/2/165 933/2/182
f 945/2/170 932/2/183 935/2/167
f 933/2/186 935/2/167 932/2/183
f 950/3/245 949/3/244 948/3/243
f 949/3/244 950/3/245 951/3/246
f 948/3/249 949/3/248 950/3/247
f 951/3/250 950/3/247 949/3/248
f 947/3/187 927/3/173 929/3/188
f 927/3/173 947/3/187 925/3/174
f 929/3/190 927/3/175 947/3/189
f 925/3/178 947/3/189 927/3/175
f 952/1/257 951/3/246 950/3/245
f 951/3/246 952/1/257 953/1/252
f 950/3/247 951/3/250 952/1/258
f 953/1/254 952/1/258 951/3/250
f 956/1/211 955/3/235 954/1/236
f 955/3/235 956/1/211 957/3/212
f 954/1/237 955/3/238 956/1/217
f 957/3/216 956/1/217 955/3/238
f 952/1/257 948/3/243 958/1/255
f 948/3/243 952/1/257 950/3/245
f 958/1/256 948/3/249 952/1/258
f 950/3/247 952/1/258 948/3/249
f 951/3/246 959/1/251 949/3/244
f 959/1/251 951/3/246 953/1/252
f 949/3/248 959/1/253 951/3/250
f 953/1/254 951/3/250 959/1/253
f 962/3/220 961/1/213 960/1/219
f 961/1/213 962/3/220 963/3/214
f 960/1/221 961/1/215 962/3/222
f 963/3/218 962/3/222 961/1/215
f 948/3/243 959/1/251 958/1/255
f 959/1/251 948/3/243 949/3/244
f 958/1/256 959/1/253 948/3/249
f 949/3/248 948/3/249 959/1/253
f 954/1/236 962/3/220 960/1/219
f 962/3/220 954/1/236 955/3/235
f 960/1/221 962/3/222 954/1/237
f 955/3/238 954/1/237 962/3/222
f 957/3/212 961/1/213 963/3/214
f 961/1/213 957/3/212 956/1/211
f 963/3/218 961/1/215 957/3/216
f 956/1/217 957/3/216 961/1/215
f 955/3/235 963/3/214 962/3/220
f 963/3/214 955/3/235 957/3/212
f 962/3/222 963/3/218 955/3/238
f 957/3/216 955/3/238 963/3/218
f 947/3/187 928/1/193 946/1/191
f 928/1/193 947/3/187 929/3/188
f 946/1/192 928/1/194 947/3/189
f 929/3/190 947/3/189 928/1/194
f 966/1/29 965/3/26 964/1/31
f 965/3/26 966/1/29 967/3/25
f 964/1/32 965/3/28 966/1/30
f 967/3/27 966/1/30 965/3/28
f 969/3/12 966/1/29 968/1/10
f 966/1/29 969/3/12 967/3/25
f 968/1/14 966/1/30 969/3/16
f 967/3/27 969/3/16 966/1/30
f 972/2/3 971/1/2 970/1/1
f 971/1/2 972/2/3 973/2/4
f 970/1/7 971/1/6 972/2/5
f 973/2/8 972/2/5 971/1/6
f 971/1/2 975/2/19 974/1/17
f 975/2/19 971/1/2 973/2/4
f 974/1/23 975/2/21 971/1/6
f 973/2/8 971/1/6 975/2/21
f 978/1/79 977/2/63 976/1/61
f 977/2/63 978/1/79 979/2/70
f 976/1/67 977/2/65 978/1/80
f 979/2/72 978/1/80 977/2/65
f 977/2/63 981/2/69 980/2/64
f 981/2/69 977/2/63 979/2/70
f 980/2/68 981/2/71 977/2/65
f 979/2/72 977/2/65 981/2/71
f 981/2/69 978/1/79 982/1/77
f 978/1/79 981/2/69 979/2/70
f 982/1/78 978/1/80 981/2/71
f 979/2/72 981/2/71 978/1/80
f 977/2/63 983/1/62 976/1/61
f 983/1/62 977/2/63 980/2/64
f 976/1/67 983/1/66 977/2/65
f 980/2/68 977/2/65 983/1/66
f 980/2/64 982/1/77 983/1/62
f 982/1/77 980/2/64 981/2/69
f 983/1/66 982/1/78 980/2/68
f 981/2/71 980/2/68 982/1/78
f 985/2/20 970/1/1 984/1/18
f 970/1/1 985/2/20 972/2/3
f 984/1/22 970/1/7 985/2/24
f 972/2/5 985/2/24 970/1/7
f 965/3/26 986/1/9 964/1/31
f 986/1/9 965/3/26 987/3/11
f 964/1/32 986/1/15 965/3/28
f 987/3/13 965/3/28 986/1/15
f 975/2/19 984/1/18 974/1/17
f 984/1/18 975/2/19 985/2/20
f 974/1/23 984/1/22 975/2/21
f 985/2/24 975/2/21 984/1/22
f 975/2/19 972/2/3 985/2/20
f 972/2/3 975/2/19 973/2/4
f 985/2/24 972/2/5 975/2/21
f 973/2/8 975/2/21 972/2/5
f 990/3/35 989/3/34 988/3/33
f 989/3/34 990/3/35 991/3/36
f 988/3/39 989/3/38 990/3/37
f 991/3/40 990/3/37 989/3/38
f 987/3/11 967/3/25 969/3/12
f 967/3/25 987/3/11 965/3/26
f 969/3/16 967/3/27 987/3/13
f 965/3/28 987/3/13 967/3/27
f 992/1/47 991/3/36 990/3/35
f 991/3/36 992/1/47 993/1/42
f 990/3/37 991/3/40 992/1/48
f 993/1/44 992/1/48 991/3/40
f 996/1/57 995/3/52 994/1/51
f 995/3/52 996/1/57 997/3/58
f 994/1/53 995/3/56 996/1/59
f 997/3/60 996/1/59 995/3/56
f 992/1/47 988/3/33 998/1/45
f 988/3/33 992/1/47 990/3/35
f 998/1/46 988/3/39 992/1/48
f 990/3/37 992/1/48 988/3/39
f 991/3/36 999/1/41 989/3/34
f 999/1/41 991/3/36 993/1/42
f 989/3/38 999/1/43 991/3/40
f 993/1/44 991/3/40 999/1/43
f 1002/3/50 1001/1/74 1000/1/49
f 1001/1/74 1002/3/50 1003/3/73
f 1000/1/55 1001/1/75 1002/3/54
f 1003/3/76 1002/3/54 1001/1/75
f 988/3/33 999/1/41 998/1/45
f 999/1/41 988/3/33 989/3/34
f 998/1/46 999/1/43 988/3/39
f 989/3/38 988/3/39 999/1/43
f 994/1/51 1002/3/50 1000/1/49
f 1002/3/50 994/1/51 995/3/52
f 1000/1/55 1002/3/54 994/1/53
f 995/3/56 994/1/53 1002/3/54
f 997/3/58 1001/1/74 1003/3/73
f 1001/1/74 997/3/58 996/1/57
f 1003/3/76 1001/1/75 997/3/60
f 996/1/59 997/3/60 1001/1/75
f 995/3/52 1003/3/73 1002/3/50
f 1003/3/73 995/3/52 997/3/58
f 1002/3/54 1003/3/76 995/3/56
f 997/3/60 995/3/56 1003/3/76
f 987/3/11 968/1/10 986/1/9
f 968/1/10 987/3/11 969/3/12
f 986/1/15 968/1/14 987/3/13
f 969/3/16 987/3/13 968/1/14
f 1006/1/111 1005/3/108 1004/1/113
f 1005/3/108 1006/1/111 1007/3/107
f 1004/1/114 1005/3/110 1006/1/112
f 1007/3/109 1006/1/112 1005/3/110
f 1009/3/94 1006/1/111 1008/1/92
f 1006/1/111 1009/3/94 1007/3/107
f 1008/1/96 1006/1/112 1009/3/98
f 1007/3/109 1009/3/98 1006/1/112
f 1012/2/85 1011/1/84 1010/1/83
f 1011/1/84 1012/2/85 1013/2/86
f 1010/1/89 1011/1/88 1012/2/87
f 1013/2/90 1012/2/87 1011/1/88
f 1011/1/84 1015/2/101 1014/1/99
f 1015/2/101 1011/1/84 1013/2/86
f 1014/1/105 1015/2/103 1011/1/88
f 1013/2/90 1011/1/88 1015/2/103
f 1018/1/161 1017/2/145 1016/1/143
f 1017/2/145 1018/1/161 1019/2/152
f 1016/1/149 1017/2/147 1018/1/162
f 1019/2/154 1018/1/162 1017/2/147
f 1017/2/145 1021/2/151 1020/2/146
f 1021/2/151 1017/2/145 1019/2/152
f 1020/2/150 1021/2/153 1017/2/147
f 1019/2/154 1017/2/147 1021/2/153
f 1021/2/151 1018/1/161 1022/1/159
f 1018/1/161 1021/2/151 1019/2/152
f 1022/1/160 1018/1/162 1021/2/153
f 1019/2/154 1021/2/153 1018/1/162
f 1017/2/145 1023/1/144 1016/1/143
f 1023/1/144 1017/2/145 1020/2/146
f 1016/1/149 1023/1/148 1017/2/147
f 1020/2/150 1017/2/147 1023/1/148
f 1020/2/146 1022/1/159 1023/1/144
f 1022/1/159 1020/2/146 1021/2/151
f 1023/1/148 1022/1/160 1020/2/150
f 1021/2/153 1020/2/150 1022/1/160
f 1025/2/102 1010/1/83 1024/1/100
f 1010/1/83 1025/2/102 1012/2/85
f 1024/1/104 1010/1/89 1025/2/106
f 1012/2/87 1025/2/106 1010/1/89
f 1005/3/108 1026/1/91 1004/1/113
f 1026/1/91 1005/3/108 1027/3/93
f 1004/1/114 1026/1/97 1005/3/110
f 1027/3/95 1005/3/110 1026/1/97
f 1015/2/101 1024/1/100 1014/1/99
f 1024/1/100 1015/2/101 1025/2/102
f 1014/1/105 1024/1/104 1015/2/103
f 1025/2/106 1015/2/103 1024/1/104
f 1015/2/101 1012/2/85 1025/2/102
f 1012/2/85 1015/2/101 1013/2/86
f 1025/2/106 1012/2/87 1015/2/103
f 1013/2/90 1015/2/103 1012/2/87
f 1030/3/117 1029/3/116 1028/3/115
f 1029/3/116 1030/3/117 1031/3/118
f 1028/3/121 1029/3/120 1030/3/119
f 1031/3/122 1030/3/119 1029/3/120
f 1027/3/93 1007/3/107 1009/3/94
f 1007/3/107 1027/3/93 1005/3/108
f 1009/3/98 1007/3/109 1027/3/95
f 1005/3/110 1027/3/95 1007/3/109
f 1032/1/129 1031/3/118 1030/3/117
f 1031/3/118 1032/1/129 1033/1/124
f 1030/3/119 1031/3/122 1032/1/130
f 1033/1/126 1032/1/130 1031/3/122
f 1036/1/139 1035/3/134 1034/1/133
f 1035/3/134 1036/1/139 1037/3/140
f 1034/1/135 1035/3/138 1036/1/141
f 1037/3/142 1036/1/141 1035/3/138
f 1032/1/129 1028/3/115 1038/1/127
f 1028/3/115 1032/1/129 1030/3/117
f 1038/1/128 1028/3/121 1032/1/130
f 1030/3/119 1032/1/130 1028/3/121
f 1031/3/118 1039/1/123 1029/3/116
f 1039/1/123 1031/3/118 1033/1/124
f 1029/3/120 1039/1/125 1031/3/122
f 1033/1/126 1031/3/122 1039/1/125
f 1042/3/132 1041/1/156 1040/1/131
f 1041/1/156 1042/3/132 1043/3/155
f 1040/1/137 1041/1/157 1042/3/136
f 1043/3/158 1042/3/136 1041/1/157
f 1028/3/115 1039/1/123 1038/1/127
f 1039/1/123 1028/3/115 1029/3/116
f 1038/1/128 1039/1/125 1028/3/121
f 1029/3/120 1028/3/121 1039/1/125
f 1034/1/133 1042/3/132 1040/1/131
f 1042/3/132 1034/1/133 1035/3/134
f 1040/1/137 1042/3/136 1034/1/135
f 1035/3/138 1034/1/135 1042/3/136
f 1037/3/140 1041/1/156 1043/3/155
f 1041/1/156 1037/3/140 1036/1/139
f 1043/3/158 1041/1/157 1037/3/142
f 1036/1/141 1037/3/142 1041/1/157
f 1035/3/134 1043/3/155 1042/3/132
f 1043/3/155 1035/3/134 1037/3/140
f 1042/3/136 1043/3/158 1035/3/138
f 1037/3/142 1035/3/138 1043/3/158
f 1027/3/93 1008/1/92 1026/1/91
f 1008/1/92 1027/3/93 1009/3/94
f 1026/1/97 1008/1/96 1027/3/95
f 1009/3/98 1027/3/95 1008/1/96
f 1046/9/81 1045/9/81 1044/9/81
f 1045/9/81 1046/9/81 1047/9/81
f 1045/9/81 1047/9/81 1048/9/81
f 1048/9/81 1047/9/81 1049/9/81
f 1048/9/81 1049/9/81 1050/9/81
f 1050/9/81 1049/9/81 1051/9/81
f 1050/9/81 1051/9/81 1052/9/81
f 1052/9/81 1051/9/81 1053/9/81
f 1044/9/82 1045/9/82 1046/9/82
f 1047/9/82 1046/9/82 1045/9/82
f 1048/9/82 1047/9/82 1045/9/82
f 1049/9/82 1047/9/82 1048/9/82
f 1050/9/82 1049/9/82 1048/9/82
f 1051/9/82 1049/9/82 1050/9/82
f 1052/9/82 1051/9/82 1050/9/82
f 1053/9/82 1051/9/82 1052/9/82
f 1046/9/339 1055/10/339 1054/10/339
f 1055/10/339 1046/9/339 1044/9/339
f 1054/10/340 1055/10/340 1046/9/340
f 1044/9/340 1046/9/340 1055/10/340
f 1056/10/342 1046/9/341 1054/10/341
f 1046/9/341 1056/10/342 1047/9/342
f 1054/10/344 1046/9/344 1056/10/343
f 1047/9/343 1056/10/343 1046/9/344
f 1057/10/345 1047/9/342 1056/10/342
f 1047/9/342 1057/10/345 1049/9/345
f 1056/10/343 1047/9/343 1057/10/346
f 1049/9/346 1057/10/346 1047/9/343
f 1051/9/347 1057/10/345 1058/10/347
f 1057/10/345 1051/9/347 1049/9/345
f 1058/10/348 1057/10/346 1051/9/348
f 1049/9/346 1051/9/348 1057/10/346
f 1053/9/349 1058/10/347 1059/10/349
f 1058/10/347 1053/9/349 1051/9/347
f 1059/10/350 1058/10/348 1053/9/350
f 1051/9/348 1053/9/350 1058/10/348
f 1060/10/351 1053/9/351 1059/10/351
f 1053/9/351 1060/10/351 1052/9/351
f 1059/10/352 1053/9/352 1060/10/352
f 1052/9/352 1060/10/352 1053/9/352
f 1050/9/348 1060/10/353 1061/10/348
f 1060/10/353 1050/9/348 1052/9/353
f 1061/10/347 1060/10/354 1050/9/347
f 1052/9/354 1050/9/347 1060/10/354
f 1048/9/346 1061/10/348 1062/10/346
f 1061/10/348 1048/9/346 1050/9/348
f 1062/10/345 1061/10/347 1048/9/345
f 1050/9/347 1048/9/345 1061/10/347
f 1048/9/346 1063/10/343 1045/9/343
f 1063/10/343 1048/9/346 1062/10/346
f 1045/9/342 1063/10/342 1048/9/345
f 1062/10/345 1048/9/345 1063/10/342
f 1045/9/343 1055/10/344 1044/9/344
f 1055/10/344 1045/9/343 1063/10/343
f 1044/9/341 1055/10/341 1045/9/342
f 1063/10/342 1045/9/342 1055/10/341
f 1066/9/81 1065/9/81 1064/9/81
f 1065/9/81 1066/9/81 1067/9/81
f 1065/9/81 1067/9/81 1068/9/81
f 1068/9/81 1067/9/81 1069/9/81
f 1068/9/81 1069/9/81 1070/9/81
f 1070/9/81 1069/9/81 1071/9/81
f 1070/9/81 1071/9/81 1072/9/81
f 1072/9/81 1071/9/81 1073/9/81
f 1064/9/82 1065/9/82 1066/9/82
f 1067/9/82 1066/9/82 1065/9/82
f 1068/9/82 1067/9/82 1065/9/82
f 1069/9/82 1067/9/82 1068/9/82
f 1070/9/82 1069/9/82 1068/9/82
f 1071/9/82 1069/9/82 1070/9/82
f 1072/9/82 1071/9/82 1070/9/82
f 1073/9/82 1071/9/82 1072/9/82
f 1066/9/355 1075/10/355 1074/10/355
f 1075/10/355 1066/9/355 1064/9/355
f 1074/10/356 1075/10/356 1066/9/356
f 1064/9/356 1066/9/356 1075/10/356
f 1076/10/358 1066/9/357 1074/10/357
f 1066/9/357 1076/10/358 1067/9/358
f 1074/10/360 1066/9/360 1076/10/359
f 1067/9/359 1076/10/359 1066/9/360
f 1077/10/361 1067/9/358 1076/10/358
f 1067/9/358 1077/10/361 1069/9/361
f 1076/10/359 1067/9/359 1077/10/362
f 1069/9/362 1077/10/362 1067/9/359
f 1071/9/363 1077/10/361 1078/10/363
f 1077/10/361 1071/9/363 1069/9/361
f 1078/10/364 1077/10/362 1071/9/364
f 1069/9/362 1071/9/364 1077/10/362
f 1073/9/365 1078/10/363 1079/10/365
f 1078/10/363 1073/9/365 1071/9/363
f 1079/10/366 1078/10/364 1073/9/366
f 1071/9/364 1073/9/366 1078/10/364
f 1080/10/367 1073/9/367 1079/10/367
f 1073/9/367 1080/10/367 1072/9/367
f 1079/10/368 1073/9/368 1080/10/368
f 1072/9/368 1080/10/368 1073/9/368
f 1070/9/364 1080/10/369 1081/10/364
f 1080/10/369 1070/9/364 1072/9/369
f 1081/10/363 1080/10/370 1070/9/363
f 1072/9/370 1070/9/363 1080/10/370
f 1068/9/362 1081/10/364 1082/10/362
f 1081/10/364 1068/9/362 1070/9/364
f 1082/10/361 1081/10/363 1068/9/361
f 1070/9/363 1068/9/361 1081/10/363
f 1068/9/362 1083/10/359 1065/9/359
f 1083/10/359 1068/9/362 1082/10/362
f 1065/9/358 1083/10/358 1068/9/361
f 1082/10/361 1068/9/361 1083/10/358
f 1065/9/359 1075/10/360 1064/9/360
f 1075/10/360 1065/9/359 1083/10/359
f 1064/9/357 1075/10/357 1065/9/358
f 1083/10/358 1065/9/358 1075/10/357
f 1086/9/81 1085/9/81 1084/9/81
f 1085/9/81 1086/9/81 1087/9/81
f 1085/9/81 1087/9/81 1088/9/81
f 1088/9/81 1087/9/81 1089/9/81
f 1088/9/81 1089/9/81 1090/9/81
f 1090/9/81 1089/9/81 1091/9/81
f 1090/9/81 1091/9/81 1092/9/81
f 1092/9/81 1091/9/81 1093/9/81
f 1084/9/82 1085/9/82 1086/9/82
f 1087/9/82 1086/9/82 1085/9/82
f 1088/9/82 1087/9/82 1085/9/82
f 1089/9/82 1087/9/82 1088/9/82
f 1090/9/82 1089/9/82 1088/9/82
f 1091/9/82 1089/9/82 1090/9/82
f 1092/9/82 1091/9/82 1090/9/82
f 1093/9/82 1091/9/82 1092/9/82
f 1086/9/371 1095/10/371 1094/10/371
f 1095/10/371 1086/9/371 1084/9/371
f 1094/10/372 1095/10/372 1086/9/372
f 1084/9/372 1086/9/372 1095/10/372
f 1096/10/374 1086/9/373 1094/10/373
f 1086/9/373 1096/10/374 1087/9/374
f 1094/10/376 1086/9/376 1096/10/375
f 1087/9/375 1096/10/375 1086/9/376
f 1097/10/377 1087/9/374 1096/10/374
f 1087/9/374 1097/10/377 1089/9/377
f 1096/10/375 1087/9/375 1097/10/378
f 1089/9/378 1097/10/378 1087/9/375
f 1091/9/379 1097/10/377 1098/10/379
f 1097/10/377 1091/9/379 1089/9/377
f 1098/10/380 1097/10/378 1091/9/380
f 1089/9/378 1091/9/380 1097/10/378
f 1093/9/381 1098/10/379 1099/10/381
f 1098/10/379 1093/9/381 1091/9/379
f 1099/10/382 1098/10/380 1093/9/382
f 1091/9/380 1093/9/382 1098/10/380
f 1100/10/383 1093/9/383 1099/10/383
f 1093/9/383 1100/10/383 1092/9/383
f 1099/10/384 1093/9/384 1100/10/384
f 1092/9/384 1100/10/384 1093/9/384
f 1090/9/380 1100/10/385 1101/10/380
f 1100/10/385 1090/9/380 1092/9/385
f 1101/10/379 1100/10/386 1090/9/379
f 1092/9/386 1090/9/379 1100/10/386
f 1088/9/378 1101/10/380 1102/10/378
f 1101/10/380 1088/9/378 1090/9/380
f 1102/10/377 1101/10/379 1088/9/377
f 1090/9/379 1088/9/377 1101/10/379
f 1088/9/378 1103/10/375 1085/9/375
f 1103/10/375 1088/9/378 1102/10/378
f 1085/9/374 1103/10/374 1088/9/377
f 1102/10/377 1088/9/377 1103/10/374
f 1085/9/375 1095/10/376 1084/9/376
f 1095/10/376 1085/9/375 1103/10/375
f 1084/9/373 1095/10/373 1085/9/374
f 1103/10/374 1085/9/374 1095/10/373
f 1106/9/81 1105/9/81 1104/9/81
f 1105/9/81 1106/9/81 1107/9/81
f 1105/9/81 1107/9/81 1108/9/81
f 1108/9/81 1107/9/81 1109/9/81
f 1108/9/81 1109/9/81 1110/9/81
f 1110/9/81 1109/9/81 1111/9/81
f 1110/9/81 1111/9/81 1112/9/81
f 1112/9/81 1111/9/81 1113/9/81
f 1104/9/82 1105/9/82 1106/9/82
f 1107/9/82 1106/9/82 1105/9/82
f 1108/9/82 1107/9/82 1105/9/82
f 1109/9/82 1107/9/82 1108/9/82
f 1110/9/82 1109/9/82 1108/9/82
f 1111/9/82 1109/9/82 1110/9/82
f 1112/9/82 1111/9/82 1110/9/82
f 1113/9/82 1111/9/82 1112/9/82
f 1106/9/387 1115/10/387 1114/10/387
f 1115/10/387 1106/9/387 1104/9/387
f 1114/10/388 1115/10/388 1106/9/388
f 1104/9/388 1106/9/388 1115/10/388
f 1116/10/375 1106/9/376 1114/10/376
f 1106/9/376 1116/10/375 1107/9/375
f 1114/10/373 1106/9/373 1116/10/374
f 1107/9/374 1116/10/374 1106/9/373
f 1117/10/378 1107/9/375 1116/10/375
f 1107/9/375 1117/10/378 1109/9/378
f 1116/10/374 1107/9/374 1117/10/377
f 1109/9/377 1117/10/377 1107/9/374
f 1111/9/380 1117/10/378 1118/10/380
f 1117/10/378 1111/9/380 1109/9/378
f 1118/10/379 1117/10/377 1111/9/379
f 1109/9/377 1111/9/379 1117/10/377
f 1113/9/382 1118/10/380 1119/10/382
f 1118/10/380 1113/9/382 1111/9/380
f 1119/10/381 1118/10/379 1113/9/381
f 1111/9/379 1113/9/381 1118/10/379
f 1120/10/389 1113/9/389 1119/10/389
f 1113/9/389 1120/10/389 1112/9/389
f 1119/10/390 1113/9/390 1120/10/390
f 1112/9/390 1120/10/390 1113/9/390
f 1110/9/379 1120/10/386 1121/10/379
f 1120/10/386 1110/9/379 1112/9/386
f 1121/10/380 1120/10/385 1110/9/380
f 1112/9/385 1110/9/380 1120/10/385
f 1108/9/377 1121/10/379 1122/10/377
f 1121/10/379 1108/9/377 1110/9/379
f 1122/10/378 1121/10/380 1108/9/378
f 1110/9/380 1108/9/378 1121/10/380
f 1108/9/377 1123/10/374 1105/9/374
f 1123/10/374 1108/9/377 1122/10/377
f 1105/9/375 1123/10/375 1108/9/378
f 1122/10/378 1108/9/378 1123/10/375
f 1105/9/374 1115/10/373 1104/9/373
f 1115/10/373 1105/9/374 1123/10/374
f 1104/9/376 1115/10/376 1105/9/375
f 1123/10/375 1105/9/375 1115/10/376
f 1126/9/81 1125/9/81 1124/9/81
f 1125/9/81 1126/9/81 1127/9/81
f 1127/9/81 1126/9/81 1128/9/81
f 1124/9/82 1125/9/82 1126/9/82
f 1127/9/82 1126/9/82 1125/9/82
f 1128/9/82 1126/9/82 1127/9/82
f 1125/9/368 1129/10/368 1124/9/368
f 1129/10/368 1125/9/368 1130/10/368
f 1124/9/367 1129/10/367 1125/9/367
f 1130/10/367 1125/9/367 1129/10/367
f 1125/9/356 1131/10/356 1130/10/356
f 1131/10/356 1125/9/356 1127/9/356
f 1130/10/355 1131/10/355 1125/9/355
f 1127/9/355 1125/9/355 1131/10/355
f 1131/10/392 1128/9/391 1132/10/391
f 1128/9/391 1131/10/392 1127/9/392
f 1132/10/394 1128/9/394 1131/10/393
f 1127/9/393 1131/10/393 1128/9/394
f 1132/10/391 1126/9/395 1133/10/395
f 1126/9/395 1132/10/391 1128/9/391
f 1133/10/396 1126/9/396 1132/10/394
f 1128/9/394 1132/10/394 1126/9/396
f 1133/10/395 1124/9/397 1129/10/397
f 1124/9/397 1133/10/395 1126/9/395
f 1129/10/398 1124/9/398 1133/10/396
f 1126/9/396 1133/10/396 1124/9/398
f 1135/9/81 1084/9/81 1134/9/81
f 1084/9/81 1135/9/81 1136/9/81
f 1136/9/81 1135/9/81 1137/9/81
f 1134/9/82 1084/9/82 1135/9/82
f 1136/9/82 1135/9/82 1084/9/82
f 1137/9/82 1135/9/82 1136/9/82
f 1084/9/399 1138/10/399 1134/9/399
f 1138/10/399 1084/9/399 1095/10/399
f 1134/9/400 1138/10/400 1084/9/400
f 1095/10/400 1084/9/400 1138/10/400
f 1084/9/401 1139/10/401 1095/10/401
f 1139/10/401 1084/9/401 1136/9/401
f 1095/10/402 1139/10/402 1084/9/402
f 1136/9/402 1084/9/402 1139/10/402
f 1139/10/404 1137/9/403 1140/10/403
f 1137/9/403 1139/10/404 1136/9/404
f 1140/10/406 1137/9/406 1139/10/405
f 1136/9/405 1139/10/405 1137/9/406
f 1140/10/403 1135/9/407 1141/10/407
f 1135/9/407 1140/10/403 1137/9/403
f 1141/10/408 1135/9/408 1140/10/406
f 1137/9/406 1140/10/406 1135/9/408
f 1141/10/407 1134/9/409 1138/10/409
f 1134/9/409 1141/10/407 1135/9/407
f 1138/10/410 1134/9/410 1141/10/408
f 1135/9/408 1141/10/408 1134/9/410
f 1144/9/81 1143/9/81 1142/9/81
f 1143/9/81 1144/9/81 1145/9/81
f 1145/9/81 1144/9/81 1146/9/81
f 1142/9/82 1143/9/82 1144/9/82
f 1145/9/82 1144/9/82 1143/9/82
f 1146/9/82 1144/9/82 1145/9/82
f 1143/9/399 1147/10/399 1142/9/399
f 1147/10/399 1143/9/399 1148/10/399
f 1142/9/400 1147/10/400 1143/9/400
f 1148/10/400 1143/9/400 1147/10/400
f 1143/9/401 1149/10/401 1148/10/401
f 1149/10/401 1143/9/401 1145/9/401
f 1148/10/402 1149/10/402 1143/9/402
f 1145/9/402 1143/9/402 1149/10/402
f 1149/10/404 1146/9/403 1150/10/403
f 1146/9/403 1149/10/404 1145/9/404
f 1150/10/406 1146/9/406 1149/10/405
f 1145/9/405 1149/10/405 1146/9/406
f 1150/10/403 1144/9/407 1151/10/407
f 1144/9/407 1150/10/403 1146/9/403
f 1151/10/408 1144/9/408 1150/10/406
f 1146/9/406 1150/10/406 1144/9/408
f 1151/10/407 1142/9/409 1147/10/409
f 1142/9/409 1151/10/407 1144/9/407
f 1147/10/410 1142/9/410 1151/10/408
f 1144/9/408 1151/10/408 1142/9/410
f 1154/9/81 1153/9/81 1152/9/81
f 1153/9/81 1154/9/81 1155/9/81
f 1155/9/81 1154/9/81 1156/9/81
f 1152/9/82 1153/9/82 1154/9/82
f 1155/9/82 1154/9/82 1153/9/82
f 1156/9/82 1154/9/82 1155/9/82
f 1153/9/390 1157/10/390 1152/9/390
f 1157/10/390 1153/9/390 1158/10/390
f 1152/9/389 1157/10/389 1153/9/389
f 1158/10/389 1153/9/389 1157/10/389
f 1153/9/388 1159/10/388 1158/10/388
f 1159/10/388 1153/9/388 1155/9/388
f 1158/10/387 1159/10/387 1153/9/387
f 1155/9/387 1153/9/387 1159/10/387
f 1159/10/405 1156/9/406 1160/10/406
f 1156/9/406 1159/10/405 1155/9/405
f 1160/10/403 1156/9/403 1159/10/404
f 1155/9/404 1159/10/404 1156/9/403
f 1160/10/406 1154/9/408 1161/10/408
f 1154/9/408 1160/10/406 1156/9/406
f 1161/10/407 1154/9/407 1160/10/403
f 1156/9/403 1160/10/403 1154/9/407
f 1161/10/408 1152/9/410 1157/10/410
f 1152/9/410 1161/10/408 1154/9/408
f 1157/10/409 1152/9/409 1161/10/407
f 1154/9/407 1161/10/407 1152/9/409
f 1164/9/81 1163/9/81 1162/9/81
f 1163/9/81 1164/9/81 1165/9/81
f 1165/9/81 1164/9/81 1166/9/81
f 1162/9/82 1163/9/82 1164/9/82
f 1165/9/82 1164/9/82 1163/9/82
f 1166/9/82 1164/9/82 1165/9/82
f 1163/9/390 1167/10/390 1162/9/390
f 1167/10/390 1163/9/390 1168/10/390
f 1162/9/389 1167/10/389 1163/9/389
f 1168/10/389 1163/9/389 1167/10/389
f 1163/9/388 1169/10/388 1168/10/388
f 1169/10/388 1163/9/388 1165/9/388
f 1168/10/387 1169/10/387 1163/9/387
f 1165/9/387 1163/9/387 1169/10/387
f 1169/10/405 1166/9/406 1170/10/406
f 1166/9/406 1169/10/405 1165/9/405
f 1170/10/403 1166/9/403 1169/10/404
f 1165/9/404 1169/10/404 1166/9/403
f 1170/10/406 1164/9/408 1171/10/408
f 1164/9/408 1170/10/406 1166/9/406
f 1171/10/407 1164/9/407 1170/10/403
f 1166/9/403 1170/10/403 1164/9/407
f 1171/10/408 1162/9/410 1167/10/410
f 1162/9/410 1171/10/408 1164/9/408
f 1167/10/409 1162/9/409 1171/10/407
f 1164/9/407 1171/10/407 1162/9/409
f 1174/9/411 1173/10/412 1172/10/411
f 1173/10/412 1174/9/411 1175/9/412
f 1172/10/413 1173/10/414 1174/9/413
f 1175/9/414 1174/9/413 1173/10/414
f 1178/9/81 1177/9/81 1176/9/81
f 1177/9/81 1178/9/81 1175/9/81
f 1177/9/81 1175/9/81 1174/9/81
f 1176/9/82 1177/9/82 1178/9/82
f 1175/9/82 1178/9/82 1177/9/82
f 1174/9/82 1175/9/82 1177/9/82
f 1176/9/414 1180/10/414 1179/10/414
f 1180/10/414 1176/9/414 1177/9/414
f 1179/10/412 1180/10/412 1176/9/412
f 1177/9/412 1176/9/412 1180/10/412
f 1175/9/412 1181/10/415 1173/10/412
f 1181/10/415 1175/9/412 1178/9/415
f 1173/10/414 1181/10/416 1175/9/414
f 1178/9/416 1175/9/414 1181/10/416
f 1176/9/417 1181/10/417 1178/9/417
f 1181/10/417 1176/9/417 1179/10/417
f 1178/9/418 1181/10/418 1176/9/418
f 1179/10/418 1176/9/418 1181/10/418
f 1180/10/418 1174/9/418 1172/10/418
f 1174/9/418 1180/10/418 1177/9/418
f 1172/10/417 1174/9/417 1180/10/417
f 1177/9/417 1180/10/417 1174/9/417
f 1184/9/413 1183/10/387 1182/10/413
f 1183/10/387 1184/9/413 1185/9/387
f 1182/10/411 1183/10/388 1184/9/411
f 1185/9/388 1184/9/411 1183/10/388
f 1187/9/81 1064/9/81 1186/9/81
f 1064/9/81 1187/9/81 1185/9/81
f 1064/9/81 1185/9/81 1184/9/81
f 1186/9/82 1064/9/82 1187/9/82
f 1185/9/82 1187/9/82 1064/9/82
f 1184/9/82 1185/9/82 1064/9/82
f 1186/9/388 1075/10/388 1188/10/388
f 1075/10/388 1186/9/388 1064/9/388
f 1188/10/387 1075/10/387 1186/9/387
f 1064/9/387 1186/9/387 1075/10/387
f 1185/9/387 1189/10/416 1183/10/387
f 1189/10/416 1185/9/387 1187/9/416
f 1183/10/388 1189/10/415 1185/9/388
f 1187/9/415 1185/9/388 1189/10/415
f 1186/9/390 1189/10/390 1187/9/390
f 1189/10/390 1186/9/390 1188/10/390
f 1187/9/389 1189/10/389 1186/9/389
f 1188/10/389 1186/9/389 1189/10/389
f 1075/10/389 1184/9/389 1182/10/389
f 1184/9/389 1075/10/389 1064/9/389
f 1182/10/390 1184/9/390 1075/10/390
f 1064/9/390 1075/10/390 1184/9/390
f 1192/9/81 1191/9/81 1190/9/81
f 1191/9/81 1192/9/81 1193/9/81
f 1193/9/81 1192/9/81 1194/9/81
f 1190/9/82 1191/9/82 1192/9/82
f 1193/9/82 1192/9/82 1191/9/82
f 1194/9/82 1192/9/82 1193/9/82
f 1191/9/368 1195/10/368 1190/9/368
f 1195/10/368 1191/9/368 1196/10/368
f 1190/9/367 1195/10/367 1191/9/367
f 1196/10/367 1191/9/367 1195/10/367
f 1191/9/356 1197/10/356 1196/10/356
f 1197/10/356 1191/9/356 1193/9/356
f 1196/10/355 1197/10/355 1191/9/355
f 1193/9/355 1191/9/355 1197/10/355
f 1197/10/392 1194/9/391 1198/10/391
f 1194/9/391 1197/10/392 1193/9/392
f 1198/10/394 1194/9/394 1197/10/393
f 1193/9/393 1197/10/393 1194/9/394
f 1198/10/391 1192/9/395 1199/10/395
f 1192/9/395 1198/10/391 1194/9/391
f 1199/10/396 1192/9/396 1198/10/394
f 1194/9/394 1198/10/394 1192/9/396
f 1199/10/395 1190/9/397 1195/10/397
f 1190/9/397 1199/10/395 1192/9/395
f 1195/10/398 1190/9/398 1199/10/396
f 1192/9/396 1199/10/396 1190/9/398
f 1202/9/81 1201/9/81 1200/9/81
f 1201/9/81 1202/9/81 1203/9/81
f 1203/9/81 1202/9/81 1204/9/81
f 1200/9/82 1201/9/82 1202/9/82
f 1203/9/82 1202/9/82 1201/9/82
f 1204/9/82 1202/9/82 1203/9/82
f 1201/9/399 1205/10/399 1200/9/399
f 1205/10/399 1201/9/399 1206/10/399
f 1200/9/400 1205/10/400 1201/9/400
f 1206/10/400 1201/9/400 1205/10/400
f 1201/9/401 1207/10/401 1206/10/401
f 1207/10/401 1201/9/401 1203/9/401
f 1206/10/402 1207/10/402 1201/9/402
f 1203/9/402 1201/9/402 1207/10/402
f 1207/10/404 1204/9/403 1208/10/403
f 1204/9/403 1207/10/404 1203/9/404
f 1208/10/406 1204/9/406 1207/10/405
f 1203/9/405 1207/10/405 1204/9/406
f 1208/10/403 1202/9/407 1209/10/407
f 1202/9/407 1208/10/403 1204/9/403
f 1209/10/408 1202/9/408 1208/10/406
f 1204/9/406 1208/10/406 1202/9/408
f 1209/10/407 1200/9/409 1205/10/409
f 1200/9/409 1209/10/407 1202/9/407
f 1205/10/410 1200/9/410 1209/10/408
f 1202/9/408 1209/10/408 1200/9/410
f 1212/9/81 1211/9/81 1210/9/81
f 1211/9/81 1212/9/81 1213/9/81
f 1213/9/81 1212/9/81 1214/9/81
f 1210/9/82 1211/9/82 1212/9/82
f 1213/9/82 1212/9/82 1211/9/82
f 1214/9/82 1212/9/82 1213/9/82
f 1211/9/352 1215/10/352 1210/9/352
f 1215/10/352 1211/9/352 1216/10/352
f 1210/9/351 1215/10/351 1211/9/351
f 1216/10/351 1211/9/351 1215/10/351
f 1211/9/340 1217/10/340 1216/10/340
f 1217/10/340 1211/9/340 1213/9/340
f 1216/10/339 1217/10/339 1211/9/339
f 1213/9/339 1211/9/339 1217/10/339
f 1217/10/420 1214/9/419 1218/10/419
f 1214/9/419 1217/10/420 1213/9/420
f 1218/10/422 1214/9/422 1217/10/421
f 1213/9/421 1217/10/421 1214/9/422
f 1218/10/419 1212/9/423 1219/10/423
f 1212/9/423 1218/10/419 1214/9/419
f 1219/10/424 1212/9/424 1218/10/422
f 1214/9/422 1218/10/422 1212/9/424
f 1219/10/423 1210/9/425 1215/10/425
f 1210/9/425 1219/10/423 1212/9/423
f 1215/10/426 1210/9/426 1219/10/424
f 1212/9/424 1219/10/424 1210/9/426
f 1222/9/82 1221/9/82 1220/9/82
f 1223/9/82 1220/9/82 1221/9/82
f 1224/9/82 1223/9/82 1221/9/82
f 1225/9/82 1223/9/82 1224/9/82
f 1226/9/82 1225/9/82 1224/9/82
f 1227/9/82 1225/9/82 1226/9/82
f 1220/9/427 1228/10/427 1222/9/389
f 1229/10/389 1222/9/389 1228/10/427
f 1230/10/388 1228/10/428 1223/9/388
f 1220/9/428 1223/9/388 1228/10/428
f 1231/10/429 1230/10/388 1225/9/429
f 1223/9/388 1225/9/429 1230/10/388
f 1231/10/430 1225/9/430 1232/10/390
f 1227/9/390 1232/10/390 1225/9/430
f 1232/10/390 1227/9/390 1233/10/431
f 1226/9/431 1233/10/431 1227/9/390
f 1234/10/387 1233/10/432 1224/9/387
f 1226/9/432 1224/9/387 1233/10/432
f 1235/10/433 1234/10/387 1221/9/433
f 1224/9/387 1221/9/433 1234/10/387
f 1222/9/389 1229/10/389 1221/9/434
f 1235/10/434 1221/9/434 1229/10/389
f 1210/9/435 1236/10/339 1215/10/435
f 1236/10/339 1210/9/435 1237/9/339
f 1215/10/436 1236/10/340 1210/9/436
f 1237/9/340 1210/9/436 1236/10/340
f 1240/9/81 1239/9/81 1238/9/81
f 1239/9/81 1240/9/81 1237/9/81
f 1239/9/81 1237/9/81 1210/9/81
f 1238/9/82 1239/9/82 1240/9/82
f 1237/9/82 1240/9/82 1239/9/82
f 1210/9/82 1237/9/82 1239/9/82
f 1238/9/340 1242/10/340 1241/10/340
f 1242/10/340 1238/9/340 1239/9/340
f 1241/10/339 1242/10/339 1238/9/339
f 1239/9/339 1238/9/339 1242/10/339
f 1237/9/339 1243/10/437 1236/10/339
f 1243/10/437 1237/9/339 1240/9/437
f 1236/10/340 1243/10/438 1237/9/340
f 1240/9/438 1237/9/340 1243/10/438
f 1238/9/352 1243/10/352 1240/9/352
f 1243/10/352 1238/9/352 1241/10/352
f 1240/9/351 1243/10/351 1238/9/351
f 1241/10/351 1238/9/351 1243/10/351
f 1242/10/351 1210/9/351 1215/10/351
f 1210/9/351 1242/10/351 1239/9/351
f 1215/10/352 1210/9/352 1242/10/352
f 1239/9/352 1242/10/352 1210/9/352
f 1246/9/439 1245/10/355 1244/10/439
f 1245/10/355 1246/9/439 1247/9/355
f 1244/10/440 1245/10/356 1246/9/440
f 1247/9/356 1246/9/440 1245/10/356
f 1250/9/81 1249/9/81 1248/9/81
f 1249/9/81 1250/9/81 1247/9/81
f 1249/9/81 1247/9/81 1246/9/81
f 1248/9/82 1249/9/82 1250/9/82
f 1247/9/82 1250/9/82 1249/9/82
f 1246/9/82 1247/9/82 1249/9/82
f 1248/9/356 1252/10/356 1251/10/356
f 1252/10/356 1248/9/356 1249/9/356
f 1251/10/355 1252/10/355 1248/9/355
f 1249/9/355 1248/9/355 1252/10/355
f 1247/9/355 1253/10/441 1245/10/355
f 1253/10/441 1247/9/355 1250/9/441
f 1245/10/356 1253/10/442 1247/9/356
f 1250/9/442 1247/9/356 1253/10/442
f 1248/9/368 1253/10/368 1250/9/368
f 1253/10/368 1248/9/368 1251/10/368
f 1250/9/367 1253/10/367 1248/9/367
f 1251/10/367 1248/9/367 1253/10/367
f 1252/10/367 1246/9/367 1244/10/367
f 1246/9/367 1252/10/367 1249/9/367
f 1244/10/368 1246/9/368 1252/10/368
f 1249/9/368 1252/10/368 1246/9/368
f 1134/9/411 1254/10/443 1138/10/411
f 1254/10/443 1134/9/411 1255/9/443
f 1138/10/413 1254/10/444 1134/9/413
f 1255/9/444 1134/9/413 1254/10/444
f 1258/9/81 1257/9/81 1256/9/81
f 1257/9/81 1258/9/81 1255/9/81
f 1257/9/81 1255/9/81 1134/9/81
f 1256/9/82 1257/9/82 1258/9/82
f 1255/9/82 1258/9/82 1257/9/82
f 1134/9/82 1255/9/82 1257/9/82
f 1256/9/444 1260/10/444 1259/10/444
f 1260/10/444 1256/9/444 1257/9/444
f 1259/10/443 1260/10/443 1256/9/443
f 1257/9/443 1256/9/443 1260/10/443
f 1255/9/443 1261/10/415 1254/10/443
f 1261/10/415 1255/9/443 1258/9/415
f 1254/10/444 1261/10/416 1255/9/444
f 1258/9/416 1255/9/444 1261/10/416
f 1256/9/445 1261/10/445 1258/9/445
f 1261/10/445 1256/9/445 1259/10/445
f 1258/9/446 1261/10/446 1256/9/446
f 1259/10/446 1256/9/446 1261/10/446
f 1260/10/446 1134/9/446 1138/10/446
f 1134/9/446 1260/10/446 1257/9/446
f 1138/10/445 1134/9/445 1260/10/445
f 1257/9/445 1260/10/445 1134/9/445
f 1162/9/413 1262/10/387 1167/10/413
f 1262/10/387 1162/9/413 1263/9/387
f 1167/10/411 1262/10/388 1162/9/411
f 1263/9/388 1162/9/411 1262/10/388
f 1266/9/81 1265/9/81 1264/9/81
f 1265/9/81 1266/9/81 1263/9/81
f 1265/9/81 1263/9/81 1162/9/81
f 1264/9/82 1265/9/82 1266/9/82
f 1263/9/82 1266/9/82 1265/9/82
f 1162/9/82 1263/9/82 1265/9/82
f 1264/9/388 1268/10/388 1267/10/388
f 1268/10/388 1264/9/388 1265/9/388
f 1267/10/387 1268/10/387 1264/9/387
f 1265/9/387 1264/9/387 1268/10/387
f 1263/9/387 1269/10/416 1262/10/387
f 1269/10/416 1263/9/387 1266/9/416
f 1262/10/388 1269/10/415 1263/9/388
f 1266/9/415 1263/9/388 1269/10/415
f 1264/9/390 1269/10/390 1266/9/390
f 1269/10/390 1264/9/390 1267/10/390
f 1266/9/389 1269/10/389 1264/9/389
f 1267/10/389 1264/9/389 1269/10/389
f 1268/10/389 1162/9/389 1167/10/389
f 1162/9/389 1268/10/389 1265/9/389
f 1167/10/390 1162/9/390 1268/10/390
f 1265/9/390 1268/10/390 1162/9/390
f 1272/9/435 1271/10/339 1270/10/435
f 1271/10/339 1272/9/435 1273/9/339
f 1270/10/436 1271/10/340 1272/9/436
f 1273/9/340 1272/9/436 1271/10/340
f 1276/9/81 1275/9/81 1274/9/81
f 1275/9/81 1276/9/81 1273/9/81
f 1275/9/81 1273/9/81 1272/9/81
f 1274/9/82 1275/9/82 1276/9/82
f 1273/9/82 1276/9/82 1275/9/82
f 1272/9/82 1273/9/82 1275/9/82
f 1274/9/340 1278/10/340 1277/10/340
f 1278/10/340 1274/9/340 1275/9/340
f 1277/10/339 1278/10/339 1274/9/339
f 1275/9/339 1274/9/339 1278/10/339
f 1273/9/339 1279/10/437 1271/10/339
f 1279/10/437 1273/9/339 1276/9/437
f 1271/10/340 1279/10/438 1273/9/340
f 1276/9/438 1273/9/340 1279/10/438
f 1274/9/352 1279/10/352 1276/9/352
f 1279/10/352 1274/9/352 1277/10/352
f 1276/9/351 1279/10/351 1274/9/351
f 1277/10/351 1274/9/351 1279/10/351
f 1278/10/351 1272/9/351 1270/10/351
f 1272/9/351 1278/10/351 1275/9/351
f 1270/10/352 1272/9/352 1278/10/352
f 1275/9/352 1278/10/352 1272/9/352
f 1282/9/439 1281/10/355 1280/10/439
f 1281/10/355 1282/9/439 1283/9/355
f 1280/10/440 1281/10/356 1282/9/440
f 1283/9/356 1282/9/440 1281/10/356
f 1286/9/81 1285/9/81 1284/9/81
f 1285/9/81 1286/9/81 1283/9/81
f 1285/9/81 1283/9/81 1282/9/81
f 1284/9/82 1285/9/82 1286/9/82
f 1283/9/82 1286/9/82 1285/9/82
f 1282/9/82 1283/9/82 1285/9/82
f 1284/9/356 1288/10/356 1287/10/356
f 1288/10/356 1284/9/356 1285/9/356
f 1287/10/355 1288/10/355 1284/9/355
f 1285/9/355 1284/9/355 1288/10/355
f 1283/9/355 1289/10/441 1281/10/355
f 1289/10/441 1283/9/355 1286/9/441
f 1281/10/356 1289/10/442 1283/9/356
f 1286/9/442 1283/9/356 1289/10/442
f 1284/9/368 1289/10/368 1286/9/368
f 1289/10/368 1284/9/368 1287/10/368
f 1286/9/367 1289/10/367 1284/9/367
f 1287/10/367 1284/9/367 1289/10/367
f 1288/10/367 1282/9/367 1280/10/367
f 1282/9/367 1288/10/367 1285/9/367
f 1280/10/368 1282/9/368 1288/10/368
f 1285/9/368 1288/10/368 1282/9/368
f 1292/9/81 1291/9/81 1290/9/81
f 1291/9/81 1292/9/81 1293/9/81
f 1293/9/81 1292/9/81 1294/9/81
f 1290/9/82 1291/9/82 1292/9/82
f 1293/9/82 1292/9/82 1291/9/82
f 1294/9/82 1292/9/82 1293/9/82
f 1291/9/352 1295/10/352 1290/9/352
f 1295/10/352 1291/9/352 1296/10/352
f 1290/9/351 1295/10/351 1291/9/351
f 1296/10/351 1291/9/351 1295/10/351
f 1291/9/340 1297/10/340 1296/10/340
f 1297/10/340 1291/9/340 1293/9/340
f 1296/10/339 1297/10/339 1291/9/339
f 1293/9/339 1291/9/339 1297/10/339
f 1297/10/420 1294/9/419 1298/10/419
f 1294/9/419 1297/10/420 1293/9/420
f 1298/10/422 1294/9/422 1297/10/421
f 1293/9/421 1297/10/421 1294/9/422
f 1298/10/419 1292/9/423 1299/10/423
f 1292/9/423 1298/10/419 1294/9/419
f 1299/10/424 1292/9/424 1298/10/422
f 1294/9/422 1298/10/422 1292/9/424
f 1299/10/423 1290/9/425 1295/10/425
f 1290/9/425 1299/10/423 1292/9/423
f 1295/10/426 1290/9/426 1299/10/424
f 1292/9/424 1299/10/424 1290/9/426
f 1302/11/342 1301/12/341 1300/11/341
f 1301/12/341 1302/11/342 1303/12/342
f 1300/11/344 1301/12/344 1302/11/343
f 1303/12/343 1302/11/343 1301/12/344
f 1304/11/345 1303/12/342 1302/11/342
f 1303/12/342 1304/11/345 1305/12/345
f 1302/11/343 1303/12/343 1304/11/346
f 1305/12/346 1304/11/346 1303/12/343
f 1308/12/354 1307/11/347 1306/11/354
f 1307/11/347 1308/12/354 1309/12/347
f 1306/11/353 1307/11/348 1308/12/353
f 1309/12/348 1308/12/353 1307/11/348
f 1309/12/347 1304/11/345 1307/11/347
f 1304/11/345 1309/12/347 1305/12/345
f 1307/11/348 1304/11/346 1309/12/348
f 1305/12/346 1309/12/348 1304/11/346
f 1301/12/81 1311/12/81 1310/12/81
f 1311/12/81 1301/12/81 1303/12/81
f 1311/12/81 1303/12/81 1312/12/81
f 1312/12/81 1303/12/81 1305/12/81
f 1312/12/81 1305/12/81 1313/12/81
f 1313/12/81 1305/12/81 1309/12/81
f 1313/12/81 1309/12/81 1314/12/81
f 1314/12/81 1309/12/81 1308/12/81
f 1310/12/82 1311/12/82 1301/12/82
f 1303/12/82 1301/12/82 1311/12/82
f 1312/12/82 1303/12/82 1311/12/82
f 1305/12/82 1303/12/82 1312/12/82
f 1313/12/82 1305/12/82 1312/12/82
f 1309/12/82 1305/12/82 1313/12/82
f 1314/12/82 1309/12/82 1313/12/82
f 1308/12/82 1309/12/82 1314/12/82
f 1301/12/339 1044/11/339 1300/11/339
f 1044/11/339 1301/12/339 1310/12/339
f 1300/11/340 1044/11/340 1301/12/340
f 1310/12/340 1301/12/340 1044/11/340
f 1052/11/351 1308/12/351 1306/11/351
f 1308/12/351 1052/11/351 1314/12/351
f 1306/11/352 1308/12/352 1052/11/352
f 1314/12/352 1052/11/352 1308/12/352
f 1313/12/348 1052/11/353 1050/11/348
f 1052/11/353 1313/12/348 1314/12/353
f 1050/11/347 1052/11/354 1313/12/347
f 1314/12/354 1313/12/347 1052/11/354
f 1312/12/346 1050/11/348 1048/11/346
f 1050/11/348 1312/12/346 1313/12/348
f 1048/11/345 1050/11/347 1312/12/345
f 1313/12/347 1312/12/345 1050/11/347
f 1312/12/346 1045/11/343 1311/12/343
f 1045/11/343 1312/12/346 1048/11/346
f 1311/12/342 1045/11/342 1312/12/345
f 1048/11/345 1312/12/345 1045/11/342
f 1311/12/343 1044/11/344 1310/12/344
f 1044/11/344 1311/12/343 1045/11/343
f 1310/12/341 1044/11/341 1311/12/342
f 1045/11/342 1311/12/342 1044/11/341
f 1316/11/82 1315/11/82 41/11/82
f 1315/11/82 1316/11/82 42/11/82
f 1315/11/82 42/11/82 1317/11/82
f 1317/11/82 42/11/82 1318/11/82
f 1317/11/82 1318/11/82 1319/11/82
f 1319/11/82 1318/11/82 1320/11/82
f 1320/11/82 1318/11/82 44/11/82
f 1320/11/82 44/11/82 1321/11/82
f 41/11/81 1315/11/81 1316/11/81
f 42/11/81 1316/11/81 1315/11/81
f 1317/11/81 42/11/81 1315/11/81
f 1318/11/81 42/11/81 1317/11/81
f 1319/11/81 1318/11/81 1317/11/81
f 1320/11/81 1318/11/81 1319/11/81
f 44/11/81 1318/11/81 1320/11/81
f 1321/11/81 44/11/81 1320/11/81
f 1322/13/81 1063/13/81 1055/13/81
f 1063/13/81 1322/13/81 1062/13/81
f 1062/13/81 1322/13/81 1323/13/81
f 1062/13/81 1323/13/81 1061/13/81
f 1061/13/81 1323/13/81 1324/13/81
f 1061/13/81 1324/13/81 1325/13/81
f 1061/13/81 1325/13/81 1060/13/81
f 1060/13/81 1325/13/81 1326/13/81
f 1055/13/82 1063/13/82 1322/13/82
f 1062/13/82 1322/13/82 1063/13/82
f 1323/13/82 1322/13/82 1062/13/82
f 1061/13/82 1323/13/82 1062/13/82
f 1324/13/82 1323/13/82 1061/13/82
f 1325/13/82 1324/13/82 1061/13/82
f 1060/13/82 1325/13/82 1061/13/82
f 1326/13/82 1325/13/82 1060/13/82
f 1322/13/339 41/11/339 1315/11/339
f 41/11/339 1322/13/339 1055/13/339
f 1315/11/340 41/11/340 1322/13/340
f 1055/13/340 1322/13/340 41/11/340
f 1317/11/342 1322/13/341 1315/11/341
f 1322/13/341 1317/11/342 1323/13/342
f 1315/11/344 1322/13/344 1317/11/343
f 1323/13/343 1317/11/343 1322/13/344
f 1319/11/345 1323/13/342 1317/11/342
f 1323/13/342 1319/11/345 1324/13/345
f 1317/11/343 1323/13/343 1319/11/346
f 1324/13/346 1319/11/346 1323/13/343
f 1325/13/347 1319/11/345 1320/11/347
f 1319/11/345 1325/13/347 1324/13/345
f 1320/11/348 1319/11/346 1325/13/348
f 1324/13/346 1325/13/348 1319/11/346
f 1326/13/349 1320/11/347 1321/11/349
f 1320/11/347 1326/13/349 1325/13/347
f 1321/11/350 1320/11/348 1326/13/350
f 1325/13/348 1326/13/350 1320/11/348
f 44/11/351 1326/13/351 1321/11/351
f 1326/13/351 44/11/351 1060/13/351
f 1321/11/352 1326/13/352 44/11/352
f 1060/13/352 44/11/352 1326/13/352
f 1061/13/348 44/11/353 1318/11/348
f 44/11/353 1061/13/348 1060/13/353
f 1318/11/347 44/11/354 1061/13/347
f 1060/13/354 1061/13/347 44/11/354
f 1062/13/346 1318/11/348 42/11/346
f 1318/11/348 1062/13/346 1061/13/348
f 42/11/345 1318/11/347 1062/13/345
f 1061/13/347 1062/13/345 1318/11/347
f 1062/13/346 1316/11/343 1063/13/343
f 1316/11/343 1062/13/346 42/11/346
f 1063/13/342 1316/11/342 1062/13/345
f 42/11/345 1062/13/345 1316/11/342
f 1063/13/343 41/11/344 1055/13/344
f 41/11/344 1063/13/343 1316/11/343
f 1055/13/341 41/11/341 1063/13/342
f 1316/11/342 1063/13/342 41/11/341
f 1329/13/448 1328/11/447 1327/13/447
f 1328/11/447 1329/13/448 1330/11/448
f 1327/13/450 1328/11/450 1329/13/449
f 1330/11/449 1329/13/449 1328/11/450
f 1333/13/451 1332/11/452 1331/11/451
f 1332/11/452 1333/13/451 1334/13/452
f 1331/11/453 1332/11/454 1333/13/453
f 1334/13/454 1333/13/453 1332/11/454
f 1334/13/452 1335/11/455 1332/11/452
f 1335/11/455 1334/13/452 1336/13/455
f 1332/11/454 1335/11/456 1334/13/454
f 1336/13/456 1334/13/454 1335/11/456
f 1339/11/458 1338/13/457 1337/11/457
f 1338/13/457 1339/11/458 1340/13/458
f 1337/11/460 1338/13/460 1339/11/459
f 1340/13/459 1339/11/459 1338/13/460
f 1337/11/457 1333/13/451 1331/11/451
f 1333/13/451 1337/11/457 1338/13/457
f 1331/11/453 1333/13/453 1337/11/460
f 1338/13/460 1337/11/460 1333/13/453
f 1327/13/447 1335/11/455 1336/13/455
f 1335/11/455 1327/13/447 1328/11/447
f 1336/13/456 1335/11/456 1327/13/450
f 1328/11/450 1327/13/450 1335/11/456
f 1327/13/81 1340/13/81 1329/13/81
f 1340/13/81 1327/13/81 1336/13/81
f 1340/13/81 1336/13/81 1334/13/81
f 1340/13/81 1334/13/81 1333/13/81
f 1340/13/81 1333/13/81 1338/13/81
f 1329/13/82 1340/13/82 1327/13/82
f 1336/13/82 1327/13/82 1340/13/82
f 1334/13/82 1336/13/82 1340/13/82
f 1333/13/82 1334/13/82 1340/13/82
f 1338/13/82 1333/13/82 1340/13/82
f 1343/15/353 1342/14/353 1341/14/353
f 1342/14/353 1343/15/353 1344/15/353
f 1344/15/353 1343/15/353 1345/16/353
f 1344/15/353 1345/16/353 1346/16/353
f 1346/16/353 1345/16/353 1347/17/353
f 1346/16/353 1347/17/353 1348/17/353
f 1341/14/354 1342/14/354 1343/15/354
f 1344/15/354 1343/15/354 1342/14/354
f 1345/16/354 1343/15/354 1344/15/354
f 1346/16/354 1345/16/354 1344/15/354
f 1347/17/354 1345/16/354 1346/16/354
f 1348/17/354 1347/17/354 1346/16/354
f 1349/17/461 1346/16/462 1348/17/461
f 1346/16/462 1349/17/461 1350/16/462
f 1348/17/463 1346/16/464 1349/17/463
f 1350/16/464 1349/17/463 1346/16/464
f 1342/14/465 1351/14/463 1341/14/463
f 1351/14/463 1342/14/465 1352/14/465
f 1341/14/461 1351/14/461 1342/14/466
f 1352/14/466 1342/14/466 1351/14/461
f 1345/16/467 1354/15/464 1353/16/467
f 1354/15/464 1345/16/467 1343/15/464
f 1353/16/468 1354/15/462 1345/16/468
f 1343/15/462 1345/16/468 1354/15/462
f 1355/15/354 1351/14/354 1352/14/354
f 1351/14/354 1355/15/354 1354/15/354
f 1354/15/354 1355/15/354 1350/16/354
f 1354/15/354 1350/16/354 1353/16/354
f 1353/16/354 1350/16/354 1349/17/354
f 1353/16/354 1349/17/354 1356/17/354
f 1352/14/353 1351/14/353 1355/15/353
f 1354/15/353 1355/15/353 1351/14/353
f 1350/16/353 1355/15/353 1354/15/353
f 1353/16/353 1350/16/353 1354/15/353
f 1349/17/353 1350/16/353 1353/16/353
f 1356/17/353 1349/17/353 1353/16/353
f 1344/15/468 1350/16/462 1355/15/468
f 1350/16/462 1344/15/468 1346/16/462
f 1355/15/467 1350/16/464 1344/15/467
f 1346/16/464 1344/15/467 1350/16/464
f 1341/14/463 1354/15/464 1343/15/464
f 1354/15/464 1341/14/463 1351/14/463
f 1343/15/462 1354/15/462 1341/14/461
f 1351/14/461 1341/14/461 1354/15/462
f 1353/16/467 1347/17/466 1345/16/467
f 1347/17/466 1353/16/467 1356/17/466
f 1345/16/468 1347/17/465 1353/16/468
f 1356/17/465 1353/16/468 1347/17/465
f 1356/17/466 1348/17/461 1347/17/466
f 1348/17/461 1356/17/466 1349/17/461
f 1347/17/465 1348/17/463 1356/17/465
f 1349/17/463 1356/17/465 1348/17/463
f 1344/15/468 1352/14/465 1342/14/465
f 1352/14/465 1344/15/468 1355/15/468
f 1342/14/466 1352/14/466 1344/15/467
f 1355/15/467 1344/15/467 1352/14/466
f 1359/18/465 1358/18/463 1357/18/463
f 1358/18/463 1359/18/465 1360/18/465
f 1357/18/461 1358/18/461 1359/18/466
f 1360/18/466 1359/18/466 1358/18/461
f 1363/19/467 1362/20/466 1361/19/467
f 1362/20/466 1363/19/467 1364/20/466
f 1361/19/468 1362/20/465 1363/19/468
f 1364/20/465 1363/19/468 1362/20/465
f 1365/21/354 1358/18/354 1360/18/354
f 1358/18/354 1365/21/354 1366/21/354
f 1366/21/354 1365/21/354 1367/19/354
f 1366/21/354 1367/19/354 1363/19/354
f 1363/19/354 1367/19/354 1368/20/354
f 1363/19/354 1368/20/354 1364/20/354
f 1360/18/353 1358/18/353 1365/21/353
f 1366/21/353 1365/21/353 1358/18/353
f 1367/19/353 1365/21/353 1366/21/353
f 1363/19/353 1367/19/353 1366/21/353
f 1368/20/353 1367/19/353 1363/19/353
f 1364/20/353 1368/20/353 1363/19/353
f 1361/19/467 1366/21/464 1363/19/467
f 1366/21/464 1361/19/467 1369/21/464
f 1363/19/468 1366/21/462 1361/19/468
f 1369/21/462 1361/19/468 1366/21/462
f 1364/20/466 1370/20/461 1362/20/466
f 1370/20/461 1364/20/466 1368/20/461
f 1362/20/465 1370/20/463 1364/20/465
f 1368/20/463 1364/20/465 1370/20/463
f 1371/21/468 1367/19/462 1365/21/468
f 1367/19/462 1371/21/468 1372/19/462
f 1365/21/467 1367/19/464 1371/21/467
f 1372/19/464 1371/21/467 1367/19/464
f 1368/20/461 1372/19/462 1370/20/461
f 1372/19/462 1368/20/461 1367/19/462
f 1370/20/463 1372/19/464 1368/20/463
f 1367/19/464 1368/20/463 1372/19/464
f 1357/18/463 1366/21/464 1369/21/464
f 1366/21/464 1357/18/463 1358/18/463
f 1369/21/462 1366/21/462 1357/18/461
f 1358/18/461 1357/18/461 1366/21/462
f 1369/21/353 1359/18/353 1357/18/353
f 1359/18/353 1369/21/353 1371/21/353
f 1371/21/353 1369/21/353 1361/19/353
f 1371/21/353 1361/19/353 1372/19/353
f 1372/19/353 1361/19/353 1362/20/353
f 1372/19/353 1362/20/353 1370/20/353
f 1357/18/354 1359/18/354 1369/21/354
f 1371/21/354 1369/21/354 1359/18/354
f 1361/19/354 1369/21/354 1371/21/354
f 1372/19/354 1361/19/354 1371/21/354
f 1362/20/354 1361/19/354 1372/19/354
f 1370/20/354 1362/20/354 1372/19/354
f 1371/21/468 1360/18/465 1359/18/465
f 1360/18/465 1371/21/468 1365/21/468
f 1359/18/466 1360/18/466 1371/21/467
f 1365/21/467 1371/21/467 1360/18/466
f 1375/22/469 1374/22/470 1373/22/469
f 1374/22/470 1375/22/469 1376/22/470
f 1373/22/471 1374/22/472 1375/22/471
f 1376/22/472 1375/22/471 1374/22/472
f 1379/23/471 1378/23/472 1377/23/472
f 1378/23/472 1379/23/471 1380/23/471
f 1377/23/470 1378/23/470 1379/23/469
f 1380/23/469 1379/23/469 1378/23/470
f 1377/23/472 1382/24/473 1381/24/473
f 1382/24/473 1377/23/472 1378/23/472
f 1381/24/474 1382/24/474 1377/23/470
f 1378/23/470 1377/23/470 1382/24/474
f 1383/24/475 1380/23/471 1379/23/471
f 1380/23/471 1383/24/475 1384/24/475
f 1379/23/469 1380/23/469 1383/24/476
f 1384/24/476 1383/24/476 1380/23/469
f 1383/24/475 1385/25/474 1384/24/475
f 1385/25/474 1383/24/475 1386/25/474
f 1384/24/476 1385/25/473 1383/24/476
f 1386/25/473 1383/24/476 1385/25/473
f 1384/24/477 1378/23/477 1380/23/477
f 1378/23/477 1384/24/477 1382/24/477
f 1382/24/477 1384/24/477 1385/25/477
f 1382/24/477 1385/25/477 1387/25/477
f 1387/25/477 1385/25/477 1376/22/477
f 1387/25/477 1376/22/477 1375/22/477
f 1380/23/478 1378/23/478 1384/24/478
f 1382/24/478 1384/24/478 1378/23/478
f 1385/25/478 1384/24/478 1382/24/478
f 1387/25/478 1385/25/478 1382/24/478
f 1376/22/478 1385/25/478 1387/25/478
f 1375/22/478 1376/22/478 1387/25/478
f 1376/22/470 1386/25/474 1374/22/470
f 1386/25/474 1376/22/470 1385/25/474
f 1374/22/472 1386/25/473 1376/22/472
f 1385/25/473 1376/22/472 1386/25/473
f 1388/25/476 1382/24/473 1387/25/476
f 1382/24/473 1388/25/476 1381/24/473
f 1387/25/475 1382/24/474 1388/25/475
f 1381/24/474 1388/25/475 1382/24/474
f 1387/25/476 1373/22/469 1388/25/476
f 1373/22/469 1387/25/476 1375/22/469
f 1388/25/475 1373/22/471 1387/25/475
f 1375/22/471 1387/25/475 1373/22/471
f 1381/24/478 1379/23/478 1377/23/478
f 1379/23/478 1381/24/478 1383/24/478
f 1383/24/478 1381/24/478 1388/25/478
f 1383/24/478 1388/25/478 1386/25/478
f 1386/25/478 1388/25/478 1373/22/478
f 1386/25/478 1373/22/478 1374/22/478
f 1377/23/477 1379/23/477 1381/24/477
f 1383/24/477 1381/24/477 1379/23/477
f 1388/25/477 1381/24/477 1383/24/477
f 1386/25/477 1388/25/477 1383/24/477
f 1373/22/477 1388/25/477 1386/25/477
f 1374/22/477 1373/22/477 1386/25/477
f 1391/26/479 1390/27/480 1389/26/479
f 1390/27/480 1391/26/479 1392/27/480
f 1389/26/481 1390/27/482 1391/26/481
f 1392/27/482 1391/26/481 1390/27/482
f 1394/26/483 1389/26/479 1393/26/483
f 1389/26/479 1394/26/483 1391/26/479
f 1393/26/484 1389/26/481 1394/26/484
f 1391/26/481 1394/26/484 1389/26/481
f 1397/27/485 1396/28/482 1395/28/482
f 1396/28/482 1397/27/485 1398/27/485
f 1395/28/480 1396/28/480 1397/27/486
f 1398/27/486 1397/27/486 1396/28/480
f 1390/27/480 1400/28/486 1399/28/486
f 1400/28/486 1390/27/480 1392/27/480
f 1399/28/485 1400/28/485 1390/27/482
f 1392/27/482 1390/27/482 1400/28/485
f 1401/29/341 1397/27/341 1395/28/341
f 1397/27/341 1401/29/341 1394/26/341
f 1394/26/341 1401/29/341 1402/29/341
f 1394/26/341 1402/29/341 1391/26/341
f 1391/26/341 1402/29/341 1400/28/341
f 1391/26/341 1400/28/341 1392/27/341
f 1395/28/344 1397/27/344 1401/29/344
f 1394/26/344 1401/29/344 1397/27/344
f 1402/29/344 1401/29/344 1394/26/344
f 1391/26/344 1402/29/344 1394/26/344
f 1400/28/344 1402/29/344 1391/26/344
f 1392/27/344 1400/28/344 1391/26/344
f 1403/29/481 1395/28/482 1396/28/482
f 1395/28/482 1403/29/481 1401/29/481
f 1396/28/480 1395/28/480 1403/29/479
f 1401/29/479 1403/29/479 1395/28/480
f 1397/27/485 1393/26/483 1398/27/485
f 1393/26/483 1397/27/485 1394/26/483
f 1398/27/486 1393/26/484 1397/27/486
f 1394/26/484 1397/27/486 1393/26/484
f 1393/26/344 1396/28/344 1398/27/344
f 1396/28/344 1393/26/344 1403/29/344
f 1403/29/344 1393/26/344 1389/26/344
f 1403/29/344 1389/26/344 1404/29/344
f 1404/29/344 1389/26/344 1390/27/344
f 1404/29/344 1390/27/344 1399/28/344
f 1398/27/341 1396/28/341 1393/26/341
f 1403/29/341 1393/26/341 1396/28/341
f 1389/26/341 1393/26/341 1403/29/341
f 1404/29/341 1389/26/341 1403/29/341
f 1390/27/341 1389/26/341 1404/29/341
f 1399/28/341 1390/27/341 1404/29/341
f 1399/28/486 1402/29/484 1404/29/484
f 1402/29/484 1399/28/486 1400/28/486
f 1404/29/483 1402/29/483 1399/28/485
f 1400/28/485 1399/28/485 1402/29/483
f 1404/29/484 1401/29/481 1403/29/481
f 1401/29/481 1404/29/484 1402/29/484
f 1403/29/479 1401/29/479 1404/29/483
f 1402/29/483 1404/29/483 1401/29/479
f 1407/11/358 1406/12/357 1405/11/357
f 1406/12/357 1407/11/358 1408/12/358
f 1405/11/360 1406/12/360 1407/11/359
f 1408/12/359 1407/11/359 1406/12/360
f 1409/11/361 1408/12/358 1407/11/358
f 1408/12/358 1409/11/361 1410/12/361
f 1407/11/359 1408/12/359 1409/11/362
f 1410/12/362 1409/11/362 1408/12/359
f 1413/12/370 1412/11/363 1411/11/370
f 1412/11/363 1413/12/370 1414/12/363
f 1411/11/369 1412/11/364 1413/12/369
f 1414/12/364 1413/12/369 1412/11/364
f 1414/12/363 1409/11/361 1412/11/363
f 1409/11/361 1414/12/363 1410/12/361
f 1412/11/364 1409/11/362 1414/12/364
f 1410/12/362 1414/12/364 1409/11/362
f 1406/12/81 1416/12/81 1415/12/81
f 1416/12/81 1406/12/81 1408/12/81
f 1416/12/81 1408/12/81 1417/12/81
f 1417/12/81 1408/12/81 1410/12/81
f 1417/12/81 1410/12/81 1418/12/81
f 1418/12/81 1410/12/81 1414/12/81
f 1418/12/81 1414/12/81 1419/12/81
f 1419/12/81 1414/12/81 1413/12/81
f 1415/12/82 1416/12/82 1406/12/82
f 1408/12/82 1406/12/82 1416/12/82
f 1417/12/82 1408/12/82 1416/12/82
f 1410/12/82 1408/12/82 1417/12/82
f 1418/12/82 1410/12/82 1417/12/82
f 1414/12/82 1410/12/82 1418/12/82
f 1419/12/82 1414/12/82 1418/12/82
f 1413/12/82 1414/12/82 1419/12/82
f 1406/12/355 1064/11/355 1405/11/355
f 1064/11/355 1406/12/355 1415/12/355
f 1405/11/356 1064/11/356 1406/12/356
f 1415/12/356 1406/12/356 1064/11/356
f 1072/11/367 1413/12/367 1411/11/367
f 1413/12/367 1072/11/367 1419/12/367
f 1411/11/368 1413/12/368 1072/11/368
f 1419/12/368 1072/11/368 1413/12/368
f 1418/12/364 1072/11/369 1070/11/364
f 1072/11/369 1418/12/364 1419/12/369
f 1070/11/363 1072/11/370 1418/12/363
f 1419/12/370 1418/12/363 1072/11/370
f 1417/12/362 1070/11/364 1068/11/362
f 1070/11/364 1417/12/362 1418/12/364
f 1068/11/361 1070/11/363 1417/12/361
f 1418/12/363 1417/12/361 1070/11/363
f 1417/12/362 1065/11/359 1416/12/359
f 1065/11/359 1417/12/362 1068/11/362
f 1416/12/358 1065/11/358 1417/12/361
f 1068/11/361 1417/12/361 1065/11/358
f 1416/12/359 1064/11/360 1415/12/360
f 1064/11/360 1416/12/359 1065/11/359
f 1415/12/357 1064/11/357 1416/12/358
f 1065/11/358 1416/12/358 1064/11/357
f 1421/11/82 1420/11/82 85/11/82
f 1420/11/82 1421/11/82 86/11/82
f 1420/11/82 86/11/82 1422/11/82
f 1422/11/82 86/11/82 1423/11/82
f 1422/11/82 1423/11/82 1424/11/82
f 1424/11/82 1423/11/82 1425/11/82
f 1425/11/82 1423/11/82 88/11/82
f 1425/11/82 88/11/82 1426/11/82
f 85/11/81 1420/11/81 1421/11/81
f 86/11/81 1421/11/81 1420/11/81
f 1422/11/81 86/11/81 1420/11/81
f 1423/11/81 86/11/81 1422/11/81
f 1424/11/81 1423/11/81 1422/11/81
f 1425/11/81 1423/11/81 1424/11/81
f 88/11/81 1423/11/81 1425/11/81
f 1426/11/81 88/11/81 1425/11/81
f 1427/13/81 1083/13/81 1075/13/81
f 1083/13/81 1427/13/81 1082/13/81
f 1082/13/81 1427/13/81 1428/13/81
f 1082/13/81 1428/13/81 1081/13/81
f 1081/13/81 1428/13/81 1429/13/81
f 1081/13/81 1429/13/81 1430/13/81
f 1081/13/81 1430/13/81 1080/13/81
f 1080/13/81 1430/13/81 1431/13/81
f 1075/13/82 1083/13/82 1427/13/82
f 1082/13/82 1427/13/82 1083/13/82
f 1428/13/82 1427/13/82 1082/13/82
f 1081/13/82 1428/13/82 1082/13/82
f 1429/13/82 1428/13/82 1081/13/82
f 1430/13/82 1429/13/82 1081/13/82
f 1080/13/82 1430/13/82 1081/13/82
f 1431/13/82 1430/13/82 1080/13/82
f 1427/13/355 85/11/355 1420/11/355
f 85/11/355 1427/13/355 1075/13/355
f 1420/11/356 85/11/356 1427/13/356
f 1075/13/356 1427/13/356 85/11/356
f 1422/11/358 1427/13/357 1420/11/357
f 1427/13/357 1422/11/358 1428/13/358
f 1420/11/360 1427/13/360 1422/11/359
f 1428/13/359 1422/11/359 1427/13/360
f 1424/11/361 1428/13/358 1422/11/358
f 1428/13/358 1424/11/361 1429/13/361
f 1422/11/359 1428/13/359 1424/11/362
f 1429/13/362 1424/11/362 1428/13/359
f 1430/13/363 1424/11/361 1425/11/363
f 1424/11/361 1430/13/363 1429/13/361
f 1425/11/364 1424/11/362 1430/13/364
f 1429/13/362 1430/13/364 1424/11/362
f 1431/13/365 1425/11/363 1426/11/365
f 1425/11/363 1431/13/365 1430/13/363
f 1426/11/366 1425/11/364 1431/13/366
f 1430/13/364 1431/13/366 1425/11/364
f 88/11/367 1431/13/367 1426/11/367
f 1431/13/367 88/11/367 1080/13/367
f 1426/11/368 1431/13/368 88/11/368
f 1080/13/368 88/11/368 1431/13/368
f 1081/13/364 88/11/369 1423/11/364
f 88/11/369 1081/13/364 1080/13/369
f 1423/11/363 88/11/370 1081/13/363
f 1080/13/370 1081/13/363 88/11/370
f 1082/13/362 1423/11/364 86/11/362
f 1423/11/364 1082/13/362 1081/13/364
f 86/11/361 1423/11/363 1082/13/361
f 1081/13/363 1082/13/361 1423/11/363
f 1082/13/362 1421/11/359 1083/13/359
f 1421/11/359 1082/13/362 86/11/362
f 1083/13/358 1421/11/358 1082/13/361
f 86/11/361 1082/13/361 1421/11/358
f 1083/13/359 85/11/360 1075/13/360
f 85/11/360 1083/13/359 1421/11/359
f 1075/13/357 85/11/357 1083/13/358
f 1421/11/358 1083/13/358 85/11/357
f 1434/13/488 1433/11/487 1432/13/487
f 1433/11/487 1434/13/488 1435/11/488
f 1432/13/490 1433/11/490 1434/13/489
f 1435/11/489 1434/13/489 1433/11/490
f 1438/13/491 1437/11/492 1436/11/491
f 1437/11/492 1438/13/491 1439/13/492
f 1436/11/493 1437/11/494 1438/13/493
f 1439/13/494 1438/13/493 1437/11/494
f 1439/13/492 1440/11/495 1437/11/492
f 1440/11/495 1439/13/492 1441/13/495
f 1437/11/494 1440/11/496 1439/13/494
f 1441/13/496 1439/13/494 1440/11/496
f 1444/11/498 1443/13/497 1442/11/497
f 1443/13/497 1444/11/498 1445/13/498
f 1442/11/500 1443/13/500 1444/11/499
f 1445/13/499 1444/11/499 1443/13/500
f 1442/11/497 1438/13/491 1436/11/491
f 1438/13/491 1442/11/497 1443/13/497
f 1436/11/493 1438/13/493 1442/11/500
f 1443/13/500 1442/11/500 1438/13/493
f 1432/13/487 1440/11/495 1441/13/495
f 1440/11/495 1432/13/487 1433/11/487
f 1441/13/496 1440/11/496 1432/13/490
f 1433/11/490 1432/13/490 1440/11/496
f 1432/13/81 1445/13/81 1434/13/81
f 1445/13/81 1432/13/81 1441/13/81
f 1445/13/81 1441/13/81 1439/13/81
f 1445/13/81 1439/13/81 1438/13/81
f 1445/13/81 1438/13/81 1443/13/81
f 1434/13/82 1445/13/82 1432/13/82
f 1441/13/82 1432/13/82 1445/13/82
f 1439/13/82 1441/13/82 1445/13/82
f 1438/13/82 1439/13/82 1445/13/82
f 1443/13/82 1438/13/82 1445/13/82
f 1448/15/369 1447/14/369 1446/14/369
f 1447/14/369 1448/15/369 1449/15/369
f 1449/15/369 1448/15/369 1450/16/369
f 1449/15/369 1450/16/369 1451/16/369
f 1451/16/369 1450/16/369 1452/17/369
f 1451/16/369 1452/17/369 1453/17/369
f 1446/14/370 1447/14/370 1448/15/370
f 1449/15/370 1448/15/370 1447/14/370
f 1450/16/370 1448/15/370 1449/15/370
f 1451/16/370 1450/16/370 1449/15/370
f 1452/17/370 1450/16/370 1451/16/370
f 1453/17/370 1452/17/370 1451/16/370
f 1454/17/501 1451/16/502 1453/17/501
f 1451/16/502 1454/17/501 1455/16/502
f 1453/17/503 1451/16/504 1454/17/503
f 1455/16/504 1454/17/503 1451/16/504
f 1447/14/505 1456/14/503 1446/14/503
f 1456/14/503 1447/14/505 1457/14/505
f 1446/14/501 1456/14/501 1447/14/506
f 1457/14/506 1447/14/506 1456/14/501
f 1450/16/507 1459/15/504 1458/16/507
f 1459/15/504 1450/16/507 1448/15/504
f 1458/16/508 1459/15/502 1450/16/508
f 1448/15/502 1450/16/508 1459/15/502
f 1460/15/370 1456/14/370 1457/14/370
f 1456/14/370 1460/15/370 1459/15/370
f 1459/15/370 1460/15/370 1455/16/370
f 1459/15/370 1455/16/370 1458/16/370
f 1458/16/370 1455/16/370 1454/17/370
f 1458/16/370 1454/17/370 1461/17/370
f 1457/14/369 1456/14/369 1460/15/369
f 1459/15/369 1460/15/369 1456/14/369
f 1455/16/369 1460/15/369 1459/15/369
f 1458/16/369 1455/16/369 1459/15/369
f 1454/17/369 1455/16/369 1458/16/369
f 1461/17/369 1454/17/369 1458/16/369
f 1449/15/508 1455/16/502 1460/15/508
f 1455/16/502 1449/15/508 1451/16/502
f 1460/15/507 1455/16/504 1449/15/507
f 1451/16/504 1449/15/507 1455/16/504
f 1446/14/503 1459/15/504 1448/15/504
f 1459/15/504 1446/14/503 1456/14/503
f 1448/15/502 1459/15/502 1446/14/501
f 1456/14/501 1446/14/501 1459/15/502
f 1458/16/507 1452/17/506 1450/16/507
f 1452/17/506 1458/16/507 1461/17/506
f 1450/16/508 1452/17/505 1458/16/508
f 1461/17/505 1458/16/508 1452/17/505
f 1461/17/506 1453/17/501 1452/17/506
f 1453/17/501 1461/17/506 1454/17/501
f 1452/17/505 1453/17/503 1461/17/505
f 1454/17/503 1461/17/505 1453/17/503
f 1449/15/508 1457/14/505 1447/14/505
f 1457/14/505 1449/15/508 1460/15/508
f 1447/14/506 1457/14/506 1449/15/507
f 1460/15/507 1449/15/507 1457/14/506
f 1464/18/505 1463/18/503 1462/18/503
f 1463/18/503 1464/18/505 1465/18/505
f 1462/18/501 1463/18/501 1464/18/506
f 1465/18/506 1464/18/506 1463/18/501
f 1468/19/507 1467/20/506 1466/19/507
f 1467/20/506 1468/19/507 1469/20/506
f 1466/19/508 1467/20/505 1468/19/508
f 1469/20/505 1468/19/508 1467/20/505
f 1470/21/370 1463/18/370 1465/18/370
f 1463/18/370 1470/21/370 1471/21/370
f 1471/21/370 1470/21/370 1472/19/370
f 1471/21/370 1472/19/370 1468/19/370
f 1468/19/370 1472/19/370 1473/20/370
f 1468/19/370 1473/20/370 1469/20/370
f 1465/18/369 1463/18/369 1470/21/369
f 1471/21/369 1470/21/369 1463/18/369
f 1472/19/369 1470/21/369 1471/21/369
f 1468/19/369 1472/19/369 1471/21/369
f 1473/20/369 1472/19/369 1468/19/369
f 1469/20/369 1473/20/369 1468/19/369
f 1466/19/507 1471/21/504 1468/19/507
f 1471/21/504 1466/19/507 1474/21/504
f 1468/19/508 1471/21/502 1466/19/508
f 1474/21/502 1466/19/508 1471/21/502
f 1469/20/506 1475/20/501 1467/20/506
f 1475/20/501 1469/20/506 1473/20/501
f 1467/20/505 1475/20/503 1469/20/505
f 1473/20/503 1469/20/505 1475/20/503
f 1476/21/508 1472/19/502 1470/21/508
f 1472/19/502 1476/21/508 1477/19/502
f 1470/21/507 1472/19/504 1476/21/507
f 1477/19/504 1476/21/507 1472/19/504
f 1473/20/501 1477/19/502 1475/20/501
f 1477/19/502 1473/20/501 1472/19/502
f 1475/20/503 1477/19/504 1473/20/503
f 1472/19/504 1473/20/503 1477/19/504
f 1462/18/503 1471/21/504 1474/21/504
f 1471/21/504 1462/18/503 1463/18/503
f 1474/21/502 1471/21/502 1462/18/501
f 1463/18/501 1462/18/501 1471/21/502
f 1474/21/369 1464/18/369 1462/18/369
f 1464/18/369 1474/21/369 1476/21/369
f 1476/21/369 1474/21/369 1466/19/369
f 1476/21/369 1466/19/369 1477/19/369
f 1477/19/369 1466/19/369 1467/20/369
f 1477/19/369 1467/20/369 1475/20/369
f 1462/18/370 1464/18/370 1474/21/370
f 1476/21/370 1474/21/370 1464/18/370
f 1466/19/370 1474/21/370 1476/21/370
f 1477/19/370 1466/19/370 1476/21/370
f 1467/20/370 1466/19/370 1477/19/370
f 1475/20/370 1467/20/370 1477/19/370
f 1476/21/508 1465/18/505 1464/18/505
f 1465/18/505 1476/21/508 1470/21/508
f 1464/18/506 1465/18/506 1476/21/507
f 1470/21/507 1476/21/507 1465/18/506
f 1480/22/509 1479/22/510 1478/22/509
f 1479/22/510 1480/22/509 1481/22/510
f 1478/22/511 1479/22/512 1480/22/511
f 1481/22/512 1480/22/511 1479/22/512
f 1484/23/511 1483/23/512 1482/23/512
f 1483/23/512 1484/23/511 1485/23/511
f 1482/23/510 1483/23/510 1484/23/509
f 1485/23/509 1484/23/509 1483/23/510
f 1482/23/512 1487/24/513 1486/24/513
f 1487/24/513 1482/23/512 1483/23/512
f 1486/24/514 1487/24/514 1482/23/510
f 1483/23/510 1482/23/510 1487/24/514
f 1488/24/515 1485/23/511 1484/23/511
f 1485/23/511 1488/24/515 1489/24/515
f 1484/23/509 1485/23/509 1488/24/516
f 1489/24/516 1488/24/516 1485/23/509
f 1488/24/515 1490/25/514 1489/24/515
f 1490/25/514 1488/24/515 1491/25/514
f 1489/24/516 1490/25/513 1488/24/516
f 1491/25/513 1488/24/516 1490/25/513
f 1489/24/517 1483/23/517 1485/23/517
f 1483/23/517 1489/24/517 1487/24/517
f 1487/24/517 1489/24/517 1490/25/517
f 1487/24/517 1490/25/517 1492/25/517
f 1492/25/517 1490/25/517 1481/22/517
f 1492/25/517 1481/22/517 1480/22/517
f 1485/23/518 1483/23/518 1489/24/518
f 1487/24/518 1489/24/518 1483/23/518
f 1490/25/518 1489/24/518 1487/24/518
f 1492/25/518 1490/25/518 1487/24/518
f 1481/22/518 1490/25/518 1492/25/518
f 1480/22/518 1481/22/518 1492/25/518
f 1481/22/510 1491/25/514 1479/22/510
f 1491/25/514 1481/22/510 1490/25/514
f 1479/22/512 1491/25/513 1481/22/512
f 1490/25/513 1481/22/512 1491/25/513
f 1493/25/516 1487/24/513 1492/25/516
f 1487/24/513 1493/25/516 1486/24/513
f 1492/25/515 1487/24/514 1493/25/515
f 1486/24/514 1493/25/515 1487/24/514
f 1492/25/516 1478/22/509 1493/25/516
f 1478/22/509 1492/25/516 1480/22/509
f 1493/25/515 1478/22/511 1492/25/515
f 1480/22/511 1492/25/515 1478/22/511
f 1486/24/518 1484/23/518 1482/23/518
f 1484/23/518 1486/24/518 1488/24/518
f 1488/24/518 1486/24/518 1493/25/518
f 1488/24/518 1493/25/518 1491/25/518
f 1491/25/518 1493/25/518 1478/22/518
f 1491/25/518 1478/22/518 1479/22/518
f 1482/23/517 1484/23/517 1486/24/517
f 1488/24/517 1486/24/517 1484/23/517
f 1493/25/517 1486/24/517 1488/24/517
f 1491/25/517 1493/25/517 1488/24/517
f 1478/22/517 1493/25/517 1491/25/517
f 1479/22/517 1478/22/517 1491/25/517
f 1496/26/519 1495/27/520 1494/26/519
f 1495/27/520 1496/26/519 1497/27/520
f 1494/26/521 1495/27/522 1496/26/521
f 1497/27/522 1496/26/521 1495/27/522
f 1499/26/523 1494/26/519 1498/26/523
f 1494/26/519 1499/26/523 1496/26/519
f 1498/26/524 1494/26/521 1499/26/524
f 1496/26/521 1499/26/524 1494/26/521
f 1502/27/525 1501/28/522 1500/28/522
f 1501/28/522 1502/27/525 1503/27/525
f 1500/28/520 1501/28/520 1502/27/526
f 1503/27/526 1502/27/526 1501/28/520
f 1495/27/520 1505/28/526 1504/28/526
f 1505/28/526 1495/27/520 1497/27/520
f 1504/28/525 1505/28/525 1495/27/522
f 1497/27/522 1495/27/522 1505/28/525
f 1506/29/357 1502/27/357 1500/28/357
f 1502/27/357 1506/29/357 1499/26/357
f 1499/26/357 1506/29/357 1507/29/357
f 1499/26/357 1507/29/357 1496/26/357
f 1496/26/357 1507/29/357 1505/28/357
f 1496/26/357 1505/28/357 1497/27/357
f 1500/28/360 1502/27/360 1506/29/360
f 1499/26/360 1506/29/360 1502/27/360
f 1507/29/360 1506/29/360 1499/26/360
f 1496/26/360 1507/29/360 1499/26/360
f 1505/28/360 1507/29/360 1496/26/360
f 1497/27/360 1505/28/360 1496/26/360
f 1508/29/521 1500/28/522 1501/28/522
f 1500/28/522 1508/29/521 1506/29/521
f 1501/28/520 1500/28/520 1508/29/519
f 1506/29/519 1508/29/519 1500/28/520
f 1502/27/525 1498/26/523 1503/27/525
f 1498/26/523 1502/27/525 1499/26/523
f 1503/27/526 1498/26/524 1502/27/526
f 1499/26/524 1502/27/526 1498/26/524
f 1498/26/360 1501/28/360 1503/27/360
f 1501/28/360 1498/26/360 1508/29/360
f 1508/29/360 1498/26/360 1494/26/360
f 1508/29/360 1494/26/360 1509/29/360
f 1509/29/360 1494/26/360 1495/27/360
f 1509/29/360 1495/27/360 1504/28/360
f 1503/27/357 1501/28/357 1498/26/357
f 1508/29/357 1498/26/357 1501/28/357
f 1494/26/357 1498/26/357 1508/29/357
f 1509/29/357 1494/26/357 1508/29/357
f 1495/27/357 1494/26/357 1509/29/357
f 1504/28/357 1495/27/357 1509/29/357
f 1504/28/526 1507/29/524 1509/29/524
f 1507/29/524 1504/28/526 1505/28/526
f 1509/29/523 1507/29/523 1504/28/525
f 1505/28/525 1504/28/525 1507/29/523
f 1509/29/524 1506/29/521 1508/29/521
f 1506/29/521 1509/29/524 1507/29/524
f 1508/29/519 1506/29/519 1509/29/523
f 1507/29/523 1509/29/523 1506/29/519
f 1512/11/374 1511/12/373 1510/11/373
f 1511/12/373 1512/11/374 1513/12/374
f 1510/11/376 1511/12/376 1512/11/375
f 1513/12/375 1512/11/375 1511/12/376
f 1514/11/377 1513/12/374 1512/11/374
f 1513/12/374 1514/11/377 1515/12/377
f 1512/11/375 1513/12/375 1514/11/378
f 1515/12/378 1514/11/378 1513/12/375
f 1518/12/386 1517/11/379 1516/11/386
f 1517/11/379 1518/12/386 1519/12/379
f 1516/11/385 1517/11/380 1518/12/385
f 1519/12/380 1518/12/385 1517/11/380
f 1519/12/379 1514/11/377 1517/11/379
f 1514/11/377 1519/12/379 1515/12/377
f 1517/11/380 1514/11/378 1519/12/380
f 1515/12/378 1519/12/380 1514/11/378
f 1511/12/81 1521/12/81 1520/12/81
f 1521/12/81 1511/12/81 1513/12/81
f 1521/12/81 1513/12/81 1522/12/81
f 1522/12/81 1513/12/81 1515/12/81
f 1522/12/81 1515/12/81 1523/12/81
f 1523/12/81 1515/12/81 1519/12/81
f 1523/12/81 1519/12/81 1524/12/81
f 1524/12/81 1519/12/81 1518/12/81
f 1520/12/82 1521/12/82 1511/12/82
f 1513/12/82 1511/12/82 1521/12/82
f 1522/12/82 1513/12/82 1521/12/82
f 1515/12/82 1513/12/82 1522/12/82
f 1523/12/82 1515/12/82 1522/12/82
f 1519/12/82 1515/12/82 1523/12/82
f 1524/12/82 1519/12/82 1523/12/82
f 1518/12/82 1519/12/82 1524/12/82
f 1511/12/371 1084/11/371 1510/11/371
f 1084/11/371 1511/12/371 1520/12/371
f 1510/11/372 1084/11/372 1511/12/372
f 1520/12/372 1511/12/372 1084/11/372
f 1092/11/383 1518/12/383 1516/11/383
f 1518/12/383 1092/11/383 1524/12/383
f 1516/11/384 1518/12/384 1092/11/384
f 1524/12/384 1092/11/384 1518/12/384
f 1523/12/380 1092/11/385 1090/11/380
f 1092/11/385 1523/12/380 1524/12/385
f 1090/11/379 1092/11/386 1523/12/379
f 1524/12/386 1523/12/379 1092/11/386
f 1522/12/378 1090/11/380 1088/11/378
f 1090/11/380 1522/12/378 1523/12/380
f 1088/11/377 1090/11/379 1522/12/377
f 1523/12/379 1522/12/377 1090/11/379
f 1522/12/378 1085/11/375 1521/12/375
f 1085/11/375 1522/12/378 1088/11/378
f 1521/12/374 1085/11/374 1522/12/377
f 1088/11/377 1522/12/377 1085/11/374
f 1521/12/375 1084/11/376 1520/12/376
f 1084/11/376 1521/12/375 1085/11/375
f 1520/12/373 1084/11/373 1521/12/374
f 1085/11/374 1521/12/374 1084/11/373
f 1526/11/82 1525/11/82 129/11/82
f 1525/11/82 1526/11/82 130/11/82
f 1525/11/82 130/11/82 1527/11/82
f 1527/11/82 130/11/82 1528/11/82
f 1527/11/82 1528/11/82 1529/11/82
f 1529/11/82 1528/11/82 1530/11/82
f 1530/11/82 1528/11/82 132/11/82
f 1530/11/82 132/11/82 1531/11/82
f 129/11/81 1525/11/81 1526/11/81
f 130/11/81 1526/11/81 1525/11/81
f 1527/11/81 130/11/81 1525/11/81
f 1528/11/81 130/11/81 1527/11/81
f 1529/11/81 1528/11/81 1527/11/81
f 1530/11/81 1528/11/81 1529/11/81
f 132/11/81 1528/11/81 1530/11/81
f 1531/11/81 132/11/81 1530/11/81
f 1532/13/81 1103/13/81 1095/13/81
f 1103/13/81 1532/13/81 1102/13/81
f 1102/13/81 1532/13/81 1533/13/81
f 1102/13/81 1533/13/81 1101/13/81
f 1101/13/81 1533/13/81 1534/13/81
f 1101/13/81 1534/13/81 1535/13/81
f 1101/13/81 1535/13/81 1100/13/81
f 1100/13/81 1535/13/81 1536/13/81
f 1095/13/82 1103/13/82 1532/13/82
f 1102/13/82 1532/13/82 1103/13/82
f 1533/13/82 1532/13/82 1102/13/82
f 1101/13/82 1533/13/82 1102/13/82
f 1534/13/82 1533/13/82 1101/13/82
f 1535/13/82 1534/13/82 1101/13/82
f 1100/13/82 1535/13/82 1101/13/82
f 1536/13/82 1535/13/82 1100/13/82
f 1532/13/371 129/11/371 1525/11/371
f 129/11/371 1532/13/371 1095/13/371
f 1525/11/372 129/11/372 1532/13/372
f 1095/13/372 1532/13/372 129/11/372
f 1527/11/374 1532/13/373 1525/11/373
f 1532/13/373 1527/11/374 1533/13/374
f 1525/11/376 1532/13/376 1527/11/375
f 1533/13/375 1527/11/375 1532/13/376
f 1529/11/377 1533/13/374 1527/11/374
f 1533/13/374 1529/11/377 1534/13/377
f 1527/11/375 1533/13/375 1529/11/378
f 1534/13/378 1529/11/378 1533/13/375
f 1535/13/379 1529/11/377 1530/11/379
f 1529/11/377 1535/13/379 1534/13/377
f 1530/11/380 1529/11/378 1535/13/380
f 1534/13/378 1535/13/380 1529/11/378
f 1536/13/381 1530/11/379 1531/11/381
f 1530/11/379 1536/13/381 1535/13/379
f 1531/11/382 1530/11/380 1536/13/382
f 1535/13/380 1536/13/382 1530/11/380
f 132/11/383 1536/13/383 1531/11/383
f 1536/13/383 132/11/383 1100/13/383
f 1531/11/384 1536/13/384 132/11/384
f 1100/13/384 132/11/384 1536/13/384
f 1101/13/380 132/11/385 1528/11/380
f 132/11/385 1101/13/380 1100/13/385
f 1528/11/379 132/11/386 1101/13/379
f 1100/13/386 1101/13/379 132/11/386
f 1102/13/378 1528/11/380 130/11/378
f 1528/11/380 1102/13/378 1101/13/380
f 130/11/377 1528/11/379 1102/13/377
f 1101/13/379 1102/13/377 1528/11/379
f 1102/13/378 1526/11/375 1103/13/375
f 1526/11/375 1102/13/378 130/11/378
f 1103/13/374 1526/11/374 1102/13/377
f 130/11/377 1102/13/377 1526/11/374
f 1103/13/375 129/11/376 1095/13/376
f 129/11/376 1103/13/375 1526/11/375
f 1095/13/373 129/11/373 1103/13/374
f 1526/11/374 1103/13/374 129/11/373
f 1539/13/528 1538/11/527 1537/13/527
f 1538/11/527 1539/13/528 1540/11/528
f 1537/13/530 1538/11/530 1539/13/529
f 1540/11/529 1539/13/529 1538/11/530
f 1543/13/531 1542/11/532 1541/11/531
f 1542/11/532 1543/13/531 1544/13/532
f 1541/11/533 1542/11/534 1543/13/533
f 1544/13/534 1543/13/533 1542/11/534
f 1544/13/532 1545/11/535 1542/11/532
f 1545/11/535 1544/13/532 1546/13/535
f 1542/11/534 1545/11/536 1544/13/534
f 1546/13/536 1544/13/534 1545/11/536
f 1549/11/538 1548/13/537 1547/11/537
f 1548/13/537 1549/11/538 1550/13/538
f 1547/11/540 1548/13/540 1549/11/539
f 1550/13/539 1549/11/539 1548/13/540
f 1547/11/537 1543/13/531 1541/11/531
f 1543/13/531 1547/11/537 1548/13/537
f 1541/11/533 1543/13/533 1547/11/540
f 1548/13/540 1547/11/540 1543/13/533
f 1537/13/527 1545/11/535 1546/13/535
f 1545/11/535 1537/13/527 1538/11/527
f 1546/13/536 1545/11/536 1537/13/530
f 1538/11/530 1537/13/530 1545/11/536
f 1537/13/81 1550/13/81 1539/13/81
f 1550/13/81 1537/13/81 1546/13/81
f 1550/13/81 1546/13/81 1544/13/81
f 1550/13/81 1544/13/81 1543/13/81
f 1550/13/81 1543/13/81 1548/13/81
f 1539/13/82 1550/13/82 1537/13/82
f 1546/13/82 1537/13/82 1550/13/82
f 1544/13/82 1546/13/82 1550/13/82
f 1543/13/82 1544/13/82 1550/13/82
f 1548/13/82 1543/13/82 1550/13/82
f 1553/15/385 1552/14/385 1551/14/385
f 1552/14/385 1553/15/385 1554/15/385
f 1554/15/385 1553/15/385 1555/16/385
f 1554/15/385 1555/16/385 1556/16/385
f 1556/16/385 1555/16/385 1557/17/385
f 1556/16/385 1557/17/385 1558/17/385
f 1551/14/386 1552/14/386 1553/15/386
f 1554/15/386 1553/15/386 1552/14/386
f 1555/16/386 1553/15/386 1554/15/386
f 1556/16/386 1555/16/386 1554/15/386
f 1557/17/386 1555/16/386 1556/16/386
f 1558/17/386 1557/17/386 1556/16/386
f 1559/17/541 1556/16/542 1558/17/541
f 1556/16/542 1559/17/541 1560/16/542
f 1558/17/543 1556/16/544 1559/17/543
f 1560/16/544 1559/17/543 1556/16/544
f 1552/14/545 1561/14/543 1551/14/543
f 1561/14/543 1552/14/545 1562/14/545
f 1551/14/541 1561/14/541 1552/14/546
f 1562/14/546 1552/14/546 1561/14/541
f 1555/16/547 1564/15/544 1563/16/547
f 1564/15/544 1555/16/547 1553/15/544
f 1563/16/548 1564/15/542 1555/16/548
f 1553/15/542 1555/16/548 1564/15/542
f 1565/15/386 1561/14/386 1562/14/386
f 1561/14/386 1565/15/386 1564/15/386
f 1564/15/386 1565/15/386 1560/16/386
f 1564/15/386 1560/16/386 1563/16/386
f 1563/16/386 1560/16/386 1559/17/386
f 1563/16/386 1559/17/386 1566/17/386
f 1562/14/385 1561/14/385 1565/15/385
f 1564/15/385 1565/15/385 1561/14/385
f 1560/16/385 1565/15/385 1564/15/385
f 1563/16/385 1560/16/385 1564/15/385
f 1559/17/385 1560/16/385 1563/16/385
f 1566/17/385 1559/17/385 1563/16/385
f 1554/15/548 1560/16/542 1565/15/548
f 1560/16/542 1554/15/548 1556/16/542
f 1565/15/547 1560/16/544 1554/15/547
f 1556/16/544 1554/15/547 1560/16/544
f 1551/14/543 1564/15/544 1553/15/544
f 1564/15/544 1551/14/543 1561/14/543
f 1553/15/542 1564/15/542 1551/14/541
f 1561/14/541 1551/14/541 1564/15/542
f 1563/16/547 1557/17/546 1555/16/547
f 1557/17/546 1563/16/547 1566/17/546
f 1555/16/548 1557/17/545 1563/16/548
f 1566/17/545 1563/16/548 1557/17/545
f 1566/17/546 1558/17/541 1557/17/546
f 1558/17/541 1566/17/546 1559/17/541
f 1557/17/545 1558/17/543 1566/17/545
f 1559/17/543 1566/17/545 1558/17/543
f 1554/15/548 1562/14/545 1552/14/545
f 1562/14/545 1554/15/548 1565/15/548
f 1552/14/546 1562/14/546 1554/15/547
f 1565/15/547 1554/15/547 1562/14/546
f 1569/18/545 1568/18/543 1567/18/543
f 1568/18/543 1569/18/545 1570/18/545
f 1567/18/541 1568/18/541 1569/18/546
f 1570/18/546 1569/18/546 1568/18/541
f 1573/19/547 1572/20/546 1571/19/547
f 1572/20/546 1573/19/547 1574/20/546
f 1571/19/548 1572/20/545 1573/19/548
f 1574/20/545 1573/19/548 1572/20/545
f 1575/21/386 1568/18/386 1570/18/386
f 1568/18/386 1575/21/386 1576/21/386
f 1576/21/386 1575/21/386 1577/19/386
f 1576/21/386 1577/19/386 1573/19/386
f 1573/19/386 1577/19/386 1578/20/386
f 1573/19/386 1578/20/386 1574/20/386
f 1570/18/385 1568/18/385 1575/21/385
f 1576/21/385 1575/21/385 1568/18/385
f 1577/19/385 1575/21/385 1576/21/385
f 1573/19/385 1577/19/385 1576/21/385
f 1578/20/385 1577/19/385 1573/19/385
f 1574/20/385 1578/20/385 1573/19/385
f 1571/19/547 1576/21/544 1573/19/547
f 1576/21/544 1571/19/547 1579/21/544
f 1573/19/548 1576/21/542 1571/19/548
f 1579/21/542 1571/19/548 1576/21/542
f 1574/20/546 1580/20/541 1572/20/546
f 1580/20/541 1574/20/546 1578/20/541
f 1572/20/545 1580/20/543 1574/20/545
f 1578/20/543 1574/20/545 1580/20/543
f 1581/21/548 1577/19/542 1575/21/548
f 1577/19/542 1581/21/548 1582/19/542
f 1575/21/547 1577/19/544 1581/21/547
f 1582/19/544 1581/21/547 1577/19/544
f 1578/20/541 1582/19/542 1580/20/541
f 1582/19/542 1578/20/541 1577/19/542
f 1580/20/543 1582/19/544 1578/20/543
f 1577/19/544 1578/20/543 1582/19/544
f 1567/18/543 1576/21/544 1579/21/544
f 1576/21/544 1567/18/543 1568/18/543
f 1579/21/542 1576/21/542 1567/18/541
f 1568/18/541 1567/18/541 1576/21/542
f 1579/21/385 1569/18/385 1567/18/385
f 1569/18/385 1579/21/385 1581/21/385
f 1581/21/385 1579/21/385 1571/19/385
f 1581/21/385 1571/19/385 1582/19/385
f 1582/19/385 1571/19/385 1572/20/385
f 1582/19/385 1572/20/385 1580/20/385
f 1567/18/386 1569/18/386 1579/21/386
f 1581/21/386 1579/21/386 1569/18/386
f 1571/19/386 1579/21/386 1581/21/386
f 1582/19/386 1571/19/386 1581/21/386
f 1572/20/386 1571/19/386 1582/19/386
f 1580/20/386 1572/20/386 1582/19/386
f 1581/21/548 1570/18/545 1569/18/545
f 1570/18/545 1581/21/548 1575/21/548
f 1569/18/546 1570/18/546 1581/21/547
f 1575/21/547 1581/21/547 1570/18/546
f 1585/22/549 1584/22/550 1583/22/549
f 1584/22/550 1585/22/549 1586/22/550
f 1583/22/551 1584/22/552 1585/22/551
f 1586/22/552 1585/22/551 1584/22/552
f 1589/23/551 1588/23/552 1587/23/552
f 1588/23/552 1589/23/551 1590/23/551
f 1587/23/550 1588/23/550 1589/23/549
f 1590/23/549 1589/23/549 1588/23/550
f 1587/23/552 1592/24/553 1591/24/553
f 1592/24/553 1587/23/552 1588/23/552
f 1591/24/554 1592/24/554 1587/23/550
f 1588/23/550 1587/23/550 1592/24/554
f 1593/24/555 1590/23/551 1589/23/551
f 1590/23/551 1593/24/555 1594/24/555
f 1589/23/549 1590/23/549 1593/24/556
f 1594/24/556 1593/24/556 1590/23/549
f 1593/24/555 1595/25/554 1594/24/555
f 1595/25/554 1593/24/555 1596/25/554
f 1594/24/556 1595/25/553 1593/24/556
f 1596/25/553 1593/24/556 1595/25/553
f 1594/24/557 1588/23/557 1590/23/557
f 1588/23/557 1594/24/557 1592/24/557
f 1592/24/557 1594/24/557 1595/25/557
f 1592/24/557 1595/25/557 1597/25/557
f 1597/25/557 1595/25/557 1586/22/557
f 1597/25/557 1586/22/557 1585/22/557
f 1590/23/558 1588/23/558 1594/24/558
f 1592/24/558 1594/24/558 1588/23/558
f 1595/25/558 1594/24/558 1592/24/558
f 1597/25/558 1595/25/558 1592/24/558
f 1586/22/558 1595/25/558 1597/25/558
f 1585/22/558 1586/22/558 1597/25/558
f 1586/22/550 1596/25/554 1584/22/550
f 1596/25/554 1586/22/550 1595/25/554
f 1584/22/552 1596/25/553 1586/22/552
f 1595/25/553 1586/22/552 1596/25/553
f 1598/25/556 1592/24/553 1597/25/556
f 1592/24/553 1598/25/556 1591/24/553
f 1597/25/555 1592/24/554 1598/25/555
f 1591/24/554 1598/25/555 1592/24/554
f 1597/25/556 1583/22/549 1598/25/556
f 1583/22/549 1597/25/556 1585/22/549
f 1598/25/555 1583/22/551 1597/25/555
f 1585/22/551 1597/25/555 1583/22/551
f 1591/24/558 1589/23/558 1587/23/558
f 1589/23/558 1591/24/558 1593/24/558
f 1593/24/558 1591/24/558 1598/25/558
f 1593/24/558 1598/25/558 1596/25/558
f 1596/25/558 1598/25/558 1583/22/558
f 1596/25/558 1583/22/558 1584/22/558
f 1587/23/557 1589/23/557 1591/24/557
f 1593/24/557 1591/24/557 1589/23/557
f 1598/25/557 1591/24/557 1593/24/557
f 1596/25/557 1598/25/557 1593/24/557
f 1583/22/557 1598/25/557 1596/25/557
f 1584/22/557 1583/22/557 1596/25/557
f 1601/26/559 1600/27/560 1599/26/559
f 1600/27/560 1601/26/559 1602/27/560
f 1599/26/561 1600/27/562 1601/26/561
f 1602/27/562 1601/26/561 1600/27/562
f 1604/26/563 1599/26/559 1603/26/563
f 1599/26/559 1604/26/563 1601/26/559
f 1603/26/564 1599/26/561 1604/26/564
f 1601/26/561 1604/26/564 1599/26/561
f 1607/27/565 1606/28/562 1605/28/562
f 1606/28/562 1607/27/565 1608/27/565
f 1605/28/560 1606/28/560 1607/27/566
f 1608/27/566 1607/27/566 1606/28/560
f 1600/27/560 1610/28/566 1609/28/566
f 1610/28/566 1600/27/560 1602/27/560
f 1609/28/565 1610/28/565 1600/27/562
f 1602/27/562 1600/27/562 1610/28/565
f 1611/29/373 1607/27/373 1605/28/373
f 1607/27/373 1611/29/373 1604/26/373
f 1604/26/373 1611/29/373 1612/29/373
f 1604/26/373 1612/29/373 1601/26/373
f 1601/26/373 1612/29/373 1610/28/373
f 1601/26/373 1610/28/373 1602/27/373
f 1605/28/376 1607/27/376 1611/29/376
f 1604/26/376 1611/29/376 1607/27/376
f 1612/29/376 1611/29/376 1604/26/376
f 1601/26/376 1612/29/376 1604/26/376
f 1610/28/376 1612/29/376 1601/26/376
f 1602/27/376 1610/28/376 1601/26/376
f 1613/29/561 1605/28/562 1606/28/562
f 1605/28/562 1613/29/561 1611/29/561
f 1606/28/560 1605/28/560 1613/29/559
f 1611/29/559 1613/29/559 1605/28/560
f 1607/27/565 1603/26/563 1608/27/565
f 1603/26/563 1607/27/565 1604/26/563
f 1608/27/566 1603/26/564 1607/27/566
f 1604/26/564 1607/27/566 1603/26/564
f 1603/26/376 1606/28/376 1608/27/376
f 1606/28/376 1603/26/376 1613/29/376
f 1613/29/376 1603/26/376 1599/26/376
f 1613/29/376 1599/26/376 1614/29/376
f 1614/29/376 1599/26/376 1600/27/376
f 1614/29/376 1600/27/376 1609/28/376
f 1608/27/373 1606/28/373 1603/26/373
f 1613/29/373 1603/26/373 1606/28/373
f 1599/26/373 1603/26/373 1613/29/373
f 1614/29/373 1599/26/373 1613/29/373
f 1600/27/373 1599/26/373 1614/29/373
f 1609/28/373 1600/27/373 1614/29/373
f 1609/28/566 1612/29/564 1614/29/564
f 1612/29/564 1609/28/566 1610/28/566
f 1614/29/563 1612/29/563 1609/28/565
f 1610/28/565 1609/28/565 1612/29/563
f 1614/29/564 1611/29/561 1613/29/561
f 1611/29/561 1614/29/564 1612/29/564
f 1613/29/559 1611/29/559 1614/29/563
f 1612/29/563 1614/29/563 1611/29/559
f 1617/11/375 1616/12/376 1615/11/376
f 1616/12/376 1617/11/375 1618/12/375
f 1615/11/373 1616/12/373 1617/11/374
f 1618/12/374 1617/11/374 1616/12/373
f 1619/11/378 1618/12/375 1617/11/375
f 1618/12/375 1619/11/378 1620/12/378
f 1617/11/374 1618/12/374 1619/11/377
f 1620/12/377 1619/11/377 1618/12/374
f 1623/12/385 1622/11/380 1621/11/385
f 1622/11/380 1623/12/385 1624/12/380
f 1621/11/386 1622/11/379 1623/12/386
f 1624/12/379 1623/12/386 1622/11/379
f 1624/12/380 1619/11/378 1622/11/380
f 1619/11/378 1624/12/380 1620/12/378
f 1622/11/379 1619/11/377 1624/12/379
f 1620/12/377 1624/12/379 1619/11/377
f 1616/12/81 1626/12/81 1625/12/81
f 1626/12/81 1616/12/81 1618/12/81
f 1626/12/81 1618/12/81 1627/12/81
f 1627/12/81 1618/12/81 1620/12/81
f 1627/12/81 1620/12/81 1628/12/81
f 1628/12/81 1620/12/81 1624/12/81
f 1628/12/81 1624/12/81 1629/12/81
f 1629/12/81 1624/12/81 1623/12/81
f 1625/12/82 1626/12/82 1616/12/82
f 1618/12/82 1616/12/82 1626/12/82
f 1627/12/82 1618/12/82 1626/12/82
f 1620/12/82 1618/12/82 1627/12/82
f 1628/12/82 1620/12/82 1627/12/82
f 1624/12/82 1620/12/82 1628/12/82
f 1629/12/82 1624/12/82 1628/12/82
f 1623/12/82 1624/12/82 1629/12/82
f 1616/12/387 1104/11/387 1615/11/387
f 1104/11/387 1616/12/387 1625/12/387
f 1615/11/388 1104/11/388 1616/12/388
f 1625/12/388 1616/12/388 1104/11/388
f 1112/11/389 1623/12/389 1621/11/389
f 1623/12/389 1112/11/389 1629/12/389
f 1621/11/390 1623/12/390 1112/11/390
f 1629/12/390 1112/11/390 1623/12/390
f 1628/12/379 1112/11/386 1110/11/379
f 1112/11/386 1628/12/379 1629/12/386
f 1110/11/380 1112/11/385 1628/12/380
f 1629/12/385 1628/12/380 1112/11/385
f 1627/12/377 1110/11/379 1108/11/377
f 1110/11/379 1627/12/377 1628/12/379
f 1108/11/378 1110/11/380 1627/12/378
f 1628/12/380 1627/12/378 1110/11/380
f 1627/12/377 1105/11/374 1626/12/374
f 1105/11/374 1627/12/377 1108/11/377
f 1626/12/375 1105/11/375 1627/12/378
f 1108/11/378 1627/12/378 1105/11/375
f 1626/12/374 1104/11/373 1625/12/373
f 1104/11/373 1626/12/374 1105/11/374
f 1625/12/376 1104/11/376 1626/12/375
f 1105/11/375 1626/12/375 1104/11/376
f 1631/11/82 1630/11/82 173/11/82
f 1630/11/82 1631/11/82 174/11/82
f 1630/11/82 174/11/82 1632/11/82
f 1632/11/82 174/11/82 1633/11/82
f 1632/11/82 1633/11/82 1634/11/82
f 1634/11/82 1633/11/82 1635/11/82
f 1635/11/82 1633/11/82 176/11/82
f 1635/11/82 176/11/82 1636/11/82
f 173/11/81 1630/11/81 1631/11/81
f 174/11/81 1631/11/81 1630/11/81
f 1632/11/81 174/11/81 1630/11/81
f 1633/11/81 174/11/81 1632/11/81
f 1634/11/81 1633/11/81 1632/11/81
f 1635/11/81 1633/11/81 1634/11/81
f 176/11/81 1633/11/81 1635/11/81
f 1636/11/81 176/11/81 1635/11/81
f 1637/13/81 1123/13/81 1115/13/81
f 1123/13/81 1637/13/81 1122/13/81
f 1122/13/81 1637/13/81 1638/13/81
f 1122/13/81 1638/13/81 1121/13/81
f 1121/13/81 1638/13/81 1639/13/81
f 1121/13/81 1639/13/81 1640/13/81
f 1121/13/81 1640/13/81 1120/13/81
f 1120/13/81 1640/13/81 1641/13/81
f 1115/13/82 1123/13/82 1637/13/82
f 1122/13/82 1637/13/82 1123/13/82
f 1638/13/82 1637/13/82 1122/13/82
f 1121/13/82 1638/13/82 1122/13/82
f 1639/13/82 1638/13/82 1121/13/82
f 1640/13/82 1639/13/82 1121/13/82
f 1120/13/82 1640/13/82 1121/13/82
f 1641/13/82 1640/13/82 1120/13/82
f 1637/13/387 173/11/387 1630/11/387
f 173/11/387 1637/13/387 1115/13/387
f 1630/11/388 173/11/388 1637/13/388
f 1115/13/388 1637/13/388 173/11/388
f 1632/11/375 1637/13/376 1630/11/376
f 1637/13/376 1632/11/375 1638/13/375
f 1630/11/373 1637/13/373 1632/11/374
f 1638/13/374 1632/11/374 1637/13/373
f 1634/11/378 1638/13/375 1632/11/375
f 1638/13/375 1634/11/378 1639/13/378
f 1632/11/374 1638/13/374 1634/11/377
f 1639/13/377 1634/11/377 1638/13/374
f 1640/13/380 1634/11/378 1635/11/380
f 1634/11/378 1640/13/380 1639/13/378
f 1635/11/379 1634/11/377 1640/13/379
f 1639/13/377 1640/13/379 1634/11/377
f 1641/13/382 1635/11/380 1636/11/382
f 1635/11/380 1641/13/382 1640/13/380
f 1636/11/381 1635/11/379 1641/13/381
f 1640/13/379 1641/13/381 1635/11/379
f 176/11/389 1641/13/389 1636/11/389
f 1641/13/389 176/11/389 1120/13/389
f 1636/11/390 1641/13/390 176/11/390
f 1120/13/390 176/11/390 1641/13/390
f 1121/13/379 176/11/386 1633/11/379
f 176/11/386 1121/13/379 1120/13/386
f 1633/11/380 176/11/385 1121/13/380
f 1120/13/385 1121/13/380 176/11/385
f 1122/13/377 1633/11/379 174/11/377
f 1633/11/379 1122/13/377 1121/13/379
f 174/11/378 1633/11/380 1122/13/378
f 1121/13/380 1122/13/378 1633/11/380
f 1122/13/377 1631/11/374 1123/13/374
f 1631/11/374 1122/13/377 174/11/377
f 1123/13/375 1631/11/375 1122/13/378
f 174/11/378 1122/13/378 1631/11/375
f 1123/13/374 173/11/373 1115/13/373
f 173/11/373 1123/13/374 1631/11/374
f 1115/13/376 173/11/376 1123/13/375
f 1631/11/375 1123/13/375 173/11/376
f 1644/13/529 1643/11/530 1642/13/530
f 1643/11/530 1644/13/529 1645/11/529
f 1642/13/527 1643/11/527 1644/13/528
f 1645/11/528 1644/13/528 1643/11/527
f 1648/13/533 1647/11/534 1646/11/533
f 1647/11/534 1648/13/533 1649/13/534
f 1646/11/531 1647/11/532 1648/13/531
f 1649/13/532 1648/13/531 1647/11/532
f 1649/13/534 1650/11/536 1647/11/534
f 1650/11/536 1649/13/534 1651/13/536
f 1647/11/532 1650/11/535 1649/13/532
f 1651/13/535 1649/13/532 1650/11/535
f 1654/11/539 1653/13/540 1652/11/540
f 1653/13/540 1654/11/539 1655/13/539
f 1652/11/537 1653/13/537 1654/11/538
f 1655/13/538 1654/11/538 1653/13/537
f 1652/11/540 1648/13/533 1646/11/533
f 1648/13/533 1652/11/540 1653/13/540
f 1646/11/531 1648/13/531 1652/11/537
f 1653/13/537 1652/11/537 1648/13/531
f 1642/13/530 1650/11/536 1651/13/536
f 1650/11/536 1642/13/530 1643/11/530
f 1651/13/535 1650/11/535 1642/13/527
f 1643/11/527 1642/13/527 1650/11/535
f 1642/13/81 1655/13/81 1644/13/81
f 1655/13/81 1642/13/81 1651/13/81
f 1655/13/81 1651/13/81 1649/13/81
f 1655/13/81 1649/13/81 1648/13/81
f 1655/13/81 1648/13/81 1653/13/81
f 1644/13/82 1655/13/82 1642/13/82
f 1651/13/82 1642/13/82 1655/13/82
f 1649/13/82 1651/13/82 1655/13/82
f 1648/13/82 1649/13/82 1655/13/82
f 1653/13/82 1648/13/82 1655/13/82
f 1658/15/386 1657/14/386 1656/14/386
f 1657/14/386 1658/15/386 1659/15/386
f 1659/15/386 1658/15/386 1660/16/386
f 1659/15/386 1660/16/386 1661/16/386
f 1661/16/386 1660/16/386 1662/17/386
f 1661/16/386 1662/17/386 1663/17/386
f 1656/14/385 1657/14/385 1658/15/385
f 1659/15/385 1658/15/385 1657/14/385
f 1660/16/385 1658/15/385 1659/15/385
f 1661/16/385 1660/16/385 1659/15/385
f 1662/17/385 1660/16/385 1661/16/385
f 1663/17/385 1662/17/385 1661/16/385
f 1664/17/546 1661/16/547 1663/17/546
f 1661/16/547 1664/17/546 1665/16/547
f 1663/17/545 1661/16/548 1664/17/545
f 1665/16/548 1664/17/545 1661/16/548
f 1657/14/543 1666/14/545 1656/14/545
f 1666/14/545 1657/14/543 1667/14/543
f 1656/14/546 1666/14/546 1657/14/541
f 1667/14/541 1657/14/541 1666/14/546
f 1660/16/542 1669/15/548 1668/16/542
f 1669/15/548 1660/16/542 1658/15/548
f 1668/16/544 1669/15/547 1660/16/544
f 1658/15/547 1660/16/544 1669/15/547
f 1670/15/385 1666/14/385 1667/14/385
f 1666/14/385 1670/15/385 1669/15/385
f 1669/15/385 1670/15/385 1665/16/385
f 1669/15/385 1665/16/385 1668/16/385
f 1668/16/385 1665/16/385 1664/17/385
f 1668/16/385 1664/17/385 1671/17/385
f 1667/14/386 1666/14/386 1670/15/386
f 1669/15/386 1670/15/386 1666/14/386
f 1665/16/386 1670/15/386 1669/15/386
f 1668/16/386 1665/16/386 1669/15/386
f 1664/17/386 1665/16/386 1668/16/386
f 1671/17/386 1664/17/386 1668/16/386
f 1659/15/544 1665/16/547 1670/15/544
f 1665/16/547 1659/15/544 1661/16/547
f 1670/15/542 1665/16/548 1659/15/542
f 1661/16/548 1659/15/542 1665/16/548
f 1656/14/545 1669/15/548 1658/15/548
f 1669/15/548 1656/14/545 1666/14/545
f 1658/15/547 1669/15/547 1656/14/546
f 1666/14/546 1656/14/546 1669/15/547
f 1668/16/542 1662/17/541 1660/16/542
f 1662/17/541 1668/16/542 1671/17/541
f 1660/16/544 1662/17/543 1668/16/544
f 1671/17/543 1668/16/544 1662/17/543
f 1671/17/541 1663/17/546 1662/17/541
f 1663/17/546 1671/17/541 1664/17/546
f 1662/17/543 1663/17/545 1671/17/543
f 1664/17/545 1671/17/543 1663/17/545
f 1659/15/544 1667/14/543 1657/14/543
f 1667/14/543 1659/15/544 1670/15/544
f 1657/14/541 1667/14/541 1659/15/542
f 1670/15/542 1659/15/542 1667/14/541
f 1674/18/543 1673/18/545 1672/18/545
f 1673/18/545 1674/18/543 1675/18/543
f 1672/18/546 1673/18/546 1674/18/541
f 1675/18/541 1674/18/541 1673/18/546
f 1678/19/542 1677/20/541 1676/19/542
f 1677/20/541 1678/19/542 1679/20/541
f 1676/19/544 1677/20/543 1678/19/544
f 1679/20/543 1678/19/544 1677/20/543
f 1680/21/385 1673/18/385 1675/18/385
f 1673/18/385 1680/21/385 1681/21/385
f 1681/21/385 1680/21/385 1682/19/385
f 1681/21/385 1682/19/385 1678/19/385
f 1678/19/385 1682/19/385 1683/20/385
f 1678/19/385 1683/20/385 1679/20/385
f 1675/18/386 1673/18/386 1680/21/386
f 1681/21/386 1680/21/386 1673/18/386
f 1682/19/386 1680/21/386 1681/21/386
f 1678/19/386 1682/19/386 1681/21/386
f 1683/20/386 1682/19/386 1678/19/386
f 1679/20/386 1683/20/386 1678/19/386
f 1676/19/542 1681/21/548 1678/19/542
f 1681/21/548 1676/19/542 1684/21/548
f 1678/19/544 1681/21/547 1676/19/544
f 1684/21/547 1676/19/544 1681/21/547
f 1679/20/541 1685/20/546 1677/20/541
f 1685/20/546 1679/20/541 1683/20/546
f 1677/20/543 1685/20/545 1679/20/543
f 1683/20/545 1679/20/543 1685/20/545
f 1686/21/544 1682/19/547 1680/21/544
f 1682/19/547 1686/21/544 1687/19/547
f 1680/21/542 1682/19/548 1686/21/542
f 1687/19/548 1686/21/542 1682/19/548
f 1683/20/546 1687/19/547 1685/20/546
f 1687/19/547 1683/20/546 1682/19/547
f 1685/20/545 1687/19/548 1683/20/545
f 1682/19/548 1683/20/545 1687/19/548
f 1672/18/545 1681/21/548 1684/21/548
f 1681/21/548 1672/18/545 1673/18/545
f 1684/21/547 1681/21/547 1672/18/546
f 1673/18/546 1672/18/546 1681/21/547
f 1684/21/386 1674/18/386 1672/18/386
f 1674/18/386 1684/21/386 1686/21/386
f 1686/21/386 1684/21/386 1676/19/386
f 1686/21/386 1676/19/386 1687/19/386
f 1687/19/386 1676/19/386 1677/20/386
f 1687/19/386 1677/20/386 1685/20/386
f 1672/18/385 1674/18/385 1684/21/385
f 1686/21/385 1684/21/385 1674/18/385
f 1676/19/385 1684/21/385 1686/21/385
f 1687/19/385 1676/19/385 1686/21/385
f 1677/20/385 1676/19/385 1687/19/385
f 1685/20/385 1677/20/385 1687/19/385
f 1686/21/544 1675/18/543 1674/18/543
f 1675/18/543 1686/21/544 1680/21/544
f 1674/18/541 1675/18/541 1686/21/542
f 1680/21/542 1686/21/542 1675/18/541
f 1690/22/550 1689/22/549 1688/22/550
f 1689/22/549 1690/22/550 1691/22/549
f 1688/22/552 1689/22/551 1690/22/552
f 1691/22/551 1690/22/552 1689/22/551
f 1694/23/552 1693/23/551 1692/23/551
f 1693/23/551 1694/23/552 1695/23/552
f 1692/23/549 1693/23/549 1694/23/550
f 1695/23/550 1694/23/550 1693/23/549
f 1692/23/551 1697/24/555 1696/24/555
f 1697/24/555 1692/23/551 1693/23/551
f 1696/24/556 1697/24/556 1692/23/549
f 1693/23/549 1692/23/549 1697/24/556
f 1698/24/553 1695/23/552 1694/23/552
f 1695/23/552 1698/24/553 1699/24/553
f 1694/23/550 1695/23/550 1698/24/554
f 1699/24/554 1698/24/554 1695/23/550
f 1698/24/553 1700/25/556 1699/24/553
f 1700/25/556 1698/24/553 1701/25/556
f 1699/24/554 1700/25/555 1698/24/554
f 1701/25/555 1698/24/554 1700/25/555
f 1699/24/558 1693/23/558 1695/23/558
f 1693/23/558 1699/24/558 1697/24/558
f 1697/24/558 1699/24/558 1700/25/558
f 1697/24/558 1700/25/558 1702/25/558
f 1702/25/558 1700/25/558 1691/22/558
f 1702/25/558 1691/22/558 1690/22/558
f 1695/23/557 1693/23/557 1699/24/557
f 1697/24/557 1699/24/557 1693/23/557
f 1700/25/557 1699/24/557 1697/24/557
f 1702/25/557 1700/25/557 1697/24/557
f 1691/22/557 1700/25/557 1702/25/557
f 1690/22/557 1691/22/557 1702/25/557
f 1691/22/549 1701/25/556 1689/22/549
f 1701/25/556 1691/22/549 1700/25/556
f 1689/22/551 1701/25/555 1691/22/551
f 1700/25/555 1691/22/551 1701/25/555
f 1703/25/554 1697/24/555 1702/25/554
f 1697/24/555 1703/25/554 1696/24/555
f 1702/25/553 1697/24/556 1703/25/553
f 1696/24/556 1703/25/553 1697/24/556
f 1702/25/554 1688/22/550 1703/25/554
f 1688/22/550 1702/25/554 1690/22/550
f 1703/25/553 1688/22/552 1702/25/553
f 1690/22/552 1702/25/553 1688/22/552
f 1696/24/557 1694/23/557 1692/23/557
f 1694/23/557 1696/24/557 1698/24/557
f 1698/24/557 1696/24/557 1703/25/557
f 1698/24/557 1703/25/557 1701/25/557
f 1701/25/557 1703/25/557 1688/22/557
f 1701/25/557 1688/22/557 1689/22/557
f 1692/23/558 1694/23/558 1696/24/558
f 1698/24/558 1696/24/558 1694/23/558
f 1703/25/558 1696/24/558 1698/24/558
f 1701/25/558 1703/25/558 1698/24/558
f 1688/22/558 1703/25/558 1701/25/558
f 1689/22/558 1688/22/558 1701/25/558
f 1706/26/563 1705/27/565 1704/26/563
f 1705/27/565 1706/26/563 1707/27/565
f 1704/26/564 1705/27/566 1706/26/564
f 1707/27/566 1706/26/564 1705/27/566
f 1709/26/559 1704/26/563 1708/26/559
f 1704/26/563 1709/26/559 1706/26/563
f 1708/26/561 1704/26/564 1709/26/561
f 1706/26/564 1709/26/561 1704/26/564
f 1712/27/560 1711/28/566 1710/28/566
f 1711/28/566 1712/27/560 1713/27/560
f 1710/28/565 1711/28/565 1712/27/562
f 1713/27/562 1712/27/562 1711/28/565
f 1705/27/565 1715/28/562 1714/28/562
f 1715/28/562 1705/27/565 1707/27/565
f 1714/28/560 1715/28/560 1705/27/566
f 1707/27/566 1705/27/566 1715/28/560
f 1716/29/376 1712/27/376 1710/28/376
f 1712/27/376 1716/29/376 1709/26/376
f 1709/26/376 1716/29/376 1717/29/376
f 1709/26/376 1717/29/376 1706/26/376
f 1706/26/376 1717/29/376 1715/28/376
f 1706/26/376 1715/28/376 1707/27/376
f 1710/28/373 1712/27/373 1716/29/373
f 1709/26/373 1716/29/373 1712/27/373
f 1717/29/373 1716/29/373 1709/26/373
f 1706/26/373 1717/29/373 1709/26/373
f 1715/28/373 1717/29/373 1706/26/373
f 1707/27/373 1715/28/373 1706/26/373
f 1718/29/564 1710/28/566 1711/28/566
f 1710/28/566 1718/29/564 1716/29/564
f 1711/28/565 1710/28/565 1718/29/563
f 1716/29/563 1718/29/563 1710/28/565
f 1712/27/560 1708/26/559 1713/27/560
f 1708/26/559 1712/27/560 1709/26/559
f 1713/27/562 1708/26/561 1712/27/562
f 1709/26/561 1712/27/562 1708/26/561
f 1708/26/373 1711/28/373 1713/27/373
f 1711/28/373 1708/26/373 1718/29/373
f 1718/29/373 1708/26/373 1704/26/373
f 1718/29/373 1704/26/373 1719/29/373
f 1719/29/373 1704/26/373 1705/27/373
f 1719/29/373 1705/27/373 1714/28/373
f 1713/27/376 1711/28/376 1708/26/376
f 1718/29/376 1708/26/376 1711/28/376
f 1704/26/376 1708/26/376 1718/29/376
f 1719/29/376 1704/26/376 1718/29/376
f 1705/27/376 1704/26/376 1719/29/376
f 1714/28/376 1705/27/376 1719/29/376
f 1714/28/562 1717/29/561 1719/29/561
f 1717/29/561 1714/28/562 1715/28/562
f 1719/29/559 1717/29/559 1714/28/560
f 1715/28/560 1714/28/560 1717/29/559
f 1719/29/561 1716/29/564 1718/29/564
f 1716/29/564 1719/29/561 1717/29/561
f 1718/29/563 1716/29/563 1719/29/559
f 1717/29/559 1719/29/559 1716/29/563
f 1722/12/368 1721/11/368 1720/12/368
f 1721/11/368 1722/12/368 1723/11/368
f 1720/12/367 1721/11/367 1722/12/367
f 1723/11/367 1722/12/367 1721/11/367
f 1722/12/356 1724/11/356 1723/11/356
f 1724/11/356 1722/12/356 1725/12/356
f 1723/11/355 1724/11/355 1722/12/355
f 1725/12/355 1722/12/355 1724/11/355
f 1726/11/395 1720/12/397 1721/11/397
f 1720/12/397 1726/11/395 1727/12/395
f 1721/11/398 1720/12/398 1726/11/396
f 1727/12/396 1726/11/396 1720/12/398
f 1724/11/392 1729/12/391 1728/11/391
f 1729/12/391 1724/11/392 1725/12/392
f 1728/11/394 1729/12/394 1724/11/393
f 1725/12/393 1724/11/393 1729/12/394
f 1727/12/81 1722/12/81 1720/12/81
f 1722/12/81 1727/12/81 1725/12/81
f 1725/12/81 1727/12/81 1729/12/81
f 1720/12/82 1722/12/82 1727/12/82
f 1725/12/82 1727/12/82 1722/12/82
f 1729/12/82 1727/12/82 1725/12/82
f 1729/12/391 1726/11/395 1728/11/391
f 1726/11/395 1729/12/391 1727/12/395
f 1728/11/394 1726/11/396 1729/12/394
f 1727/12/396 1729/12/394 1726/11/396
f 1732/13/356 1731/11/356 1730/11/356
f 1731/11/356 1732/13/356 1733/13/356
f 1730/11/355 1731/11/355 1732/13/355
f 1733/13/355 1732/13/355 1731/11/355
f 1732/13/368 1735/11/368 1734/13/368
f 1735/11/368 1732/13/368 1730/11/368
f 1734/13/367 1735/11/367 1732/13/367
f 1730/11/367 1732/13/367 1735/11/367
f 1736/13/81 1732/13/81 1734/13/81
f 1732/13/81 1736/13/81 1733/13/81
f 1733/13/81 1736/13/81 1737/13/81
f 1734/13/82 1732/13/82 1736/13/82
f 1733/13/82 1736/13/82 1732/13/82
f 1737/13/82 1736/13/82 1733/13/82
f 1731/11/82 1735/11/82 1730/11/82
f 1735/11/82 1731/11/82 1738/11/82
f 1738/11/82 1731/11/82 1739/11/82
f 1730/11/81 1735/11/81 1731/11/81
f 1738/11/81 1731/11/81 1735/11/81
f 1739/11/81 1731/11/81 1738/11/81
f 1731/11/392 1737/13/391 1739/11/391
f 1737/13/391 1731/11/392 1733/13/392
f 1739/11/394 1737/13/394 1731/11/393
f 1733/13/393 1731/11/393 1737/13/394
f 1737/13/391 1738/11/567 1739/11/391
f 1738/11/567 1737/13/391 1736/13/567
f 1739/11/394 1738/11/568 1737/13/394
f 1736/13/568 1737/13/394 1738/11/568
f 1738/11/567 1734/13/397 1735/11/397
f 1734/13/397 1738/11/567 1736/13/567
f 1735/11/398 1734/13/398 1738/11/568
f 1736/13/568 1738/11/568 1734/13/398
f 1742/12/399 1741/11/399 1740/12/399
f 1741/11/399 1742/12/399 1743/11/399
f 1740/12/400 1741/11/400 1742/12/400
f 1743/11/400 1742/12/400 1741/11/400
f 1742/12/401 1744/11/401 1743/11/401
f 1744/11/401 1742/12/401 1745/12/401
f 1743/11/402 1744/11/402 1742/12/402
f 1745/12/402 1742/12/402 1744/11/402
f 1746/11/407 1740/12/409 1741/11/409
f 1740/12/409 1746/11/407 1747/12/407
f 1741/11/410 1740/12/410 1746/11/408
f 1747/12/408 1746/11/408 1740/12/410
f 1744/11/404 1749/12/403 1748/11/403
f 1749/12/403 1744/11/404 1745/12/404
f 1748/11/406 1749/12/406 1744/11/405
f 1745/12/405 1744/11/405 1749/12/406
f 1747/12/81 1742/12/81 1740/12/81
f 1742/12/81 1747/12/81 1745/12/81
f 1745/12/81 1747/12/81 1749/12/81
f 1740/12/82 1742/12/82 1747/12/82
f 1745/12/82 1747/12/82 1742/12/82
f 1749/12/82 1747/12/82 1745/12/82
f 1749/12/403 1746/11/407 1748/11/403
f 1746/11/407 1749/12/403 1747/12/407
f 1748/11/406 1746/11/408 1749/12/406
f 1747/12/408 1749/12/406 1746/11/408
f 1752/13/401 1751/11/401 1750/11/401
f 1751/11/401 1752/13/401 1753/13/401
f 1750/11/402 1751/11/402 1752/13/402
f 1753/13/402 1752/13/402 1751/11/402
f 1752/13/399 1755/11/399 1754/13/399
f 1755/11/399 1752/13/399 1750/11/399
f 1754/13/400 1755/11/400 1752/13/400
f 1750/11/400 1752/13/400 1755/11/400
f 1756/13/81 1752/13/81 1754/13/81
f 1752/13/81 1756/13/81 1753/13/81
f 1753/13/81 1756/13/81 1757/13/81
f 1754/13/82 1752/13/82 1756/13/82
f 1753/13/82 1756/13/82 1752/13/82
f 1757/13/82 1756/13/82 1753/13/82
f 1751/11/82 1755/11/82 1750/11/82
f 1755/11/82 1751/11/82 1758/11/82
f 1758/11/82 1751/11/82 1759/11/82
f 1750/11/81 1755/11/81 1751/11/81
f 1758/11/81 1751/11/81 1755/11/81
f 1759/11/81 1751/11/81 1758/11/81
f 1751/11/404 1757/13/403 1759/11/403
f 1757/13/403 1751/11/404 1753/13/404
f 1759/11/406 1757/13/406 1751/11/405
f 1753/13/405 1751/11/405 1757/13/406
f 1757/13/403 1758/11/569 1759/11/403
f 1758/11/569 1757/13/403 1756/13/569
f 1759/11/406 1758/11/570 1757/13/406
f 1756/13/570 1757/13/406 1758/11/570
f 1758/11/569 1754/13/409 1755/11/409
f 1754/13/409 1758/11/569 1756/13/569
f 1755/11/410 1754/13/410 1758/11/570
f 1756/13/570 1758/11/570 1754/13/410
f 1762/12/399 1761/11/399 1760/12/399
f 1761/11/399 1762/12/399 1763/11/399
f 1760/12/400 1761/11/400 1762/12/400
f 1763/11/400 1762/12/400 1761/11/400
f 1762/12/401 1764/11/401 1763/11/401
f 1764/11/401 1762/12/401 1765/12/401
f 1763/11/402 1764/11/402 1762/12/402
f 1765/12/402 1762/12/402 1764/11/402
f 1766/11/407 1760/12/409 1761/11/409
f 1760/12/409 1766/11/407 1767/12/407
f 1761/11/410 1760/12/410 1766/11/408
f 1767/12/408 1766/11/408 1760/12/410
f 1764/11/404 1769/12/403 1768/11/403
f 1769/12/403 1764/11/404 1765/12/404
f 1768/11/406 1769/12/406 1764/11/405
f 1765/12/405 1764/11/405 1769/12/406
f 1767/12/81 1762/12/81 1760/12/81
f 1762/12/81 1767/12/81 1765/12/81
f 1765/12/81 1767/12/81 1769/12/81
f 1760/12/82 1762/12/82 1767/12/82
f 1765/12/82 1767/12/82 1762/12/82
f 1769/12/82 1767/12/82 1765/12/82
f 1769/12/403 1766/11/407 1768/11/403
f 1766/11/407 1769/12/403 1767/12/407
f 1768/11/406 1766/11/408 1769/12/406
f 1767/12/408 1769/12/406 1766/11/408
f 1100/13/401 1771/11/401 1770/11/401
f 1771/11/401 1100/13/401 1772/13/401
f 1770/11/402 1771/11/402 1100/13/402
f 1772/13/402 1100/13/402 1771/11/402
f 1100/13/399 1773/11/399 1536/13/399
f 1773/11/399 1100/13/399 1770/11/399
f 1536/13/400 1773/11/400 1100/13/400
f 1770/11/400 1100/13/400 1773/11/400
f 1774/13/81 1100/13/81 1536/13/81
f 1100/13/81 1774/13/81 1772/13/81
f 1772/13/81 1774/13/81 1775/13/81
f 1536/13/82 1100/13/82 1774/13/82
f 1772/13/82 1774/13/82 1100/13/82
f 1775/13/82 1774/13/82 1772/13/82
f 1771/11/82 1773/11/82 1770/11/82
f 1773/11/82 1771/11/82 1776/11/82
f 1776/11/82 1771/11/82 1777/11/82
f 1770/11/81 1773/11/81 1771/11/81
f 1776/11/81 1771/11/81 1773/11/81
f 1777/11/81 1771/11/81 1776/11/81
f 1771/11/404 1775/13/403 1777/11/403
f 1775/13/403 1771/11/404 1772/13/404
f 1777/11/406 1775/13/406 1771/11/405
f 1772/13/405 1771/11/405 1775/13/406
f 1775/13/403 1776/11/569 1777/11/403
f 1776/11/569 1775/13/403 1774/13/569
f 1777/11/406 1776/11/570 1775/13/406
f 1774/13/570 1775/13/406 1776/11/570
f 1776/11/569 1536/13/409 1773/11/409
f 1536/13/409 1776/11/569 1774/13/569
f 1773/11/410 1536/13/410 1776/11/570
f 1774/13/570 1776/11/570 1536/13/410
f 1780/12/390 1779/11/390 1778/12/390
f 1779/11/390 1780/12/390 1274/11/390
f 1778/12/389 1779/11/389 1780/12/389
f 1274/11/389 1780/12/389 1779/11/389
f 1780/12/388 1781/11/388 1274/11/388
f 1781/11/388 1780/12/388 1782/12/388
f 1274/11/387 1781/11/387 1780/12/387
f 1782/12/387 1780/12/387 1781/11/387
f 1783/11/408 1778/12/410 1779/11/410
f 1778/12/410 1783/11/408 1784/12/408
f 1779/11/409 1778/12/409 1783/11/407
f 1784/12/407 1783/11/407 1778/12/409
f 1781/11/405 1786/12/406 1785/11/406
f 1786/12/406 1781/11/405 1782/12/405
f 1785/11/403 1786/12/403 1781/11/404
f 1782/12/404 1781/11/404 1786/12/403
f 1784/12/81 1780/12/81 1778/12/81
f 1780/12/81 1784/12/81 1782/12/81
f 1782/12/81 1784/12/81 1786/12/81
f 1778/12/82 1780/12/82 1784/12/82
f 1782/12/82 1784/12/82 1780/12/82
f 1786/12/82 1784/12/82 1782/12/82
f 1786/12/406 1783/11/408 1785/11/406
f 1783/11/408 1786/12/406 1784/12/408
f 1785/11/403 1783/11/407 1786/12/403
f 1784/12/407 1786/12/403 1783/11/407
f 1120/13/388 1788/11/388 1787/11/388
f 1788/11/388 1120/13/388 1789/13/388
f 1787/11/387 1788/11/387 1120/13/387
f 1789/13/387 1120/13/387 1788/11/387
f 1120/13/390 1790/11/390 1641/13/390
f 1790/11/390 1120/13/390 1787/11/390
f 1641/13/389 1790/11/389 1120/13/389
f 1787/11/389 1120/13/389 1790/11/389
f 1791/13/81 1120/13/81 1641/13/81
f 1120/13/81 1791/13/81 1789/13/81
f 1789/13/81 1791/13/81 1792/13/81
f 1641/13/82 1120/13/82 1791/13/82
f 1789/13/82 1791/13/82 1120/13/82
f 1792/13/82 1791/13/82 1789/13/82
f 1788/11/82 1790/11/82 1787/11/82
f 1790/11/82 1788/11/82 1793/11/82
f 1793/11/82 1788/11/82 1794/11/82
f 1787/11/81 1790/11/81 1788/11/81
f 1793/11/81 1788/11/81 1790/11/81
f 1794/11/81 1788/11/81 1793/11/81
f 1788/11/405 1792/13/406 1794/11/406
f 1792/13/406 1788/11/405 1789/13/405
f 1794/11/403 1792/13/403 1788/11/404
f 1789/13/404 1788/11/404 1792/13/403
f 1792/13/406 1793/11/570 1794/11/406
f 1793/11/570 1792/13/406 1791/13/570
f 1794/11/403 1793/11/569 1792/13/403
f 1791/13/569 1792/13/403 1793/11/569
f 1793/11/570 1641/13/410 1790/11/410
f 1641/13/410 1793/11/570 1791/13/570
f 1790/11/409 1641/13/409 1793/11/569
f 1791/13/569 1793/11/569 1641/13/409
f 1797/12/390 1796/11/390 1795/12/390
f 1796/11/390 1797/12/390 1798/11/390
f 1795/12/389 1796/11/389 1797/12/389
f 1798/11/389 1797/12/389 1796/11/389
f 1797/12/388 1799/11/388 1798/11/388
f 1799/11/388 1797/12/388 1800/12/388
f 1798/11/387 1799/11/387 1797/12/387
f 1800/12/387 1797/12/387 1799/11/387
f 1801/11/408 1795/12/410 1796/11/410
f 1795/12/410 1801/11/408 1802/12/408
f 1796/11/409 1795/12/409 1801/11/407
f 1802/12/407 1801/11/407 1795/12/409
f 1799/11/405 1804/12/406 1803/11/406
f 1804/12/406 1799/11/405 1800/12/405
f 1803/11/403 1804/12/403 1799/11/404
f 1800/12/404 1799/11/404 1804/12/403
f 1802/12/81 1797/12/81 1795/12/81
f 1797/12/81 1802/12/81 1800/12/81
f 1800/12/81 1802/12/81 1804/12/81
f 1795/12/82 1797/12/82 1802/12/82
f 1800/12/82 1802/12/82 1797/12/82
f 1804/12/82 1802/12/82 1800/12/82
f 1804/12/406 1801/11/408 1803/11/406
f 1801/11/408 1804/12/406 1802/12/408
f 1803/11/403 1801/11/407 1804/12/403
f 1802/12/407 1804/12/403 1801/11/407
f 1115/13/388 1806/11/388 1805/11/388
f 1806/11/388 1115/13/388 1637/13/388
f 1805/11/387 1806/11/387 1115/13/387
f 1637/13/387 1115/13/387 1806/11/387
f 1115/13/390 1808/11/390 1807/13/390
f 1808/11/390 1115/13/390 1805/11/390
f 1807/13/389 1808/11/389 1115/13/389
f 1805/11/389 1115/13/389 1808/11/389
f 1809/13/81 1115/13/81 1807/13/81
f 1115/13/81 1809/13/81 1637/13/81
f 1637/13/81 1809/13/81 1810/13/81
f 1807/13/82 1115/13/82 1809/13/82
f 1637/13/82 1809/13/82 1115/13/82
f 1810/13/82 1809/13/82 1637/13/82
f 1806/11/82 1808/11/82 1805/11/82
f 1808/11/82 1806/11/82 1811/11/82
f 1811/11/82 1806/11/82 1812/11/82
f 1805/11/81 1808/11/81 1806/11/81
f 1811/11/81 1806/11/81 1808/11/81
f 1812/11/81 1806/11/81 1811/11/81
f 1806/11/405 1810/13/406 1812/11/406
f 1810/13/406 1806/11/405 1637/13/405
f 1812/11/403 1810/13/403 1806/11/404
f 1637/13/404 1806/11/404 1810/13/403
f 1810/13/406 1811/11/570 1812/11/406
f 1811/11/570 1810/13/406 1809/13/570
f 1812/11/403 1811/11/569 1810/13/403
f 1809/13/569 1810/13/403 1811/11/569
f 1811/11/570 1807/13/410 1808/11/410
f 1807/13/410 1811/11/570 1809/13/570
f 1808/11/409 1807/13/409 1811/11/569
f 1809/13/569 1811/11/569 1807/13/409
f 1813/12/414 1177/11/414 1176/11/414
f 1177/11/414 1813/12/414 1814/12/414
f 1176/11/412 1177/11/412 1813/12/412
f 1814/12/412 1813/12/412 1177/11/412
f 1813/12/417 1816/11/417 1815/12/417
f 1816/11/417 1813/12/417 1176/11/417
f 1815/12/418 1816/11/418 1813/12/418
f 1176/11/418 1813/12/418 1816/11/418
f 1177/11/418 1818/12/418 1817/11/418
f 1818/12/418 1177/11/418 1814/12/418
f 1817/11/417 1818/12/417 1177/11/417
f 1814/12/417 1177/11/417 1818/12/417
f 1815/12/81 1814/12/81 1813/12/81
f 1814/12/81 1815/12/81 1819/12/81
f 1814/12/81 1819/12/81 1818/12/81
f 1813/12/82 1814/12/82 1815/12/82
f 1819/12/82 1815/12/82 1814/12/82
f 1818/12/82 1819/12/82 1814/12/82
f 1818/12/411 1820/11/412 1817/11/411
f 1820/11/412 1818/12/411 1819/12/412
f 1817/11/413 1820/11/414 1818/12/413
f 1819/12/414 1818/12/413 1820/11/414
f 1819/12/412 1816/11/415 1820/11/412
f 1816/11/415 1819/12/412 1815/12/415
f 1820/11/414 1816/11/416 1819/12/414
f 1815/12/416 1819/12/414 1816/11/416
f 1823/13/412 1822/11/571 1821/11/412
f 1822/11/571 1823/13/412 1824/13/571
f 1821/11/414 1822/11/572 1823/13/414
f 1824/13/572 1823/13/414 1822/11/572
f 1827/13/574 1826/11/573 1825/13/573
f 1826/11/573 1827/13/574 1828/11/574
f 1825/13/576 1826/11/576 1827/13/575
f 1828/11/575 1827/13/575 1826/11/576
f 1824/13/571 1826/11/573 1822/11/571
f 1826/11/573 1824/13/571 1825/13/573
f 1822/11/572 1826/11/576 1824/13/572
f 1825/13/576 1824/13/572 1826/11/576
f 1830/13/577 1821/11/412 1829/11/577
f 1821/11/412 1830/13/577 1823/13/412
f 1829/11/578 1821/11/414 1830/13/578
f 1823/13/414 1830/13/578 1821/11/414
f 1825/13/81 1831/13/81 1827/13/81
f 1831/13/81 1825/13/81 1824/13/81
f 1831/13/81 1824/13/81 1823/13/81
f 1831/13/81 1823/13/81 1830/13/81
f 1831/13/81 1830/13/81 1832/13/81
f 1827/13/82 1831/13/82 1825/13/82
f 1824/13/82 1825/13/82 1831/13/82
f 1823/13/82 1824/13/82 1831/13/82
f 1830/13/82 1823/13/82 1831/13/82
f 1832/13/82 1830/13/82 1831/13/82
f 1834/11/580 1832/13/579 1833/11/579
f 1832/13/579 1834/11/580 1831/13/580
f 1833/11/582 1832/13/582 1834/11/581
f 1831/13/581 1834/11/581 1832/13/582
f 1833/11/579 1830/13/577 1829/11/577
f 1830/13/577 1833/11/579 1832/13/579
f 1829/11/578 1830/13/578 1833/11/582
f 1832/13/582 1833/11/582 1830/13/578
f 1179/13/417 1836/11/417 1835/13/417
f 1836/11/417 1179/13/417 557/11/417
f 1835/13/418 1836/11/418 1179/13/418
f 557/11/418 1179/13/418 1836/11/418
f 1322/13/583 1838/11/412 1837/11/583
f 1838/11/412 1322/13/583 1839/13/412
f 1837/11/584 1838/11/414 1322/13/584
f 1839/13/414 1322/13/584 1838/11/414
f 1179/13/414 1840/11/414 557/11/414
f 1840/11/414 1179/13/414 1180/13/414
f 557/11/412 1840/11/412 1179/13/412
f 1180/13/412 1179/13/412 1840/11/412
f 1839/13/412 1836/11/585 1838/11/412
f 1836/11/585 1839/13/412 1835/13/585
f 1838/11/414 1836/11/586 1839/13/414
f 1835/13/586 1839/13/414 1836/11/586
f 1840/11/82 1836/11/82 557/11/82
f 1836/11/82 1840/11/82 1838/11/82
f 1838/11/82 1840/11/82 1837/11/82
f 557/11/81 1836/11/81 1840/11/81
f 1838/11/81 1840/11/81 1836/11/81
f 1837/11/81 1840/11/81 1838/11/81
f 1835/13/81 1180/13/81 1179/13/81
f 1180/13/81 1835/13/81 1839/13/81
f 1180/13/81 1839/13/81 1322/13/81
f 1179/13/82 1180/13/82 1835/13/82
f 1839/13/82 1835/13/82 1180/13/82
f 1322/13/82 1839/13/82 1180/13/82
f 1840/11/418 1322/13/418 1837/11/418
f 1322/13/418 1840/11/418 1180/13/418
f 1837/11/417 1322/13/417 1840/11/417
f 1180/13/417 1840/11/417 1322/13/417
f 1843/31/588 1842/30/587 1841/30/587
f 1842/30/587 1843/31/588 1844/31/588
f 1841/30/590 1842/30/590 1843/31/589
f 1844/31/589 1843/31/589 1842/30/590
f 1847/32/591 1846/33/592 1845/32/591
f 1846/33/592 1847/32/591 1848/33/592
f 1845/32/593 1846/33/594 1847/32/593
f 1848/33/594 1847/32/593 1846/33/594
f 1850/30/411 1844/31/411 1849/31/411
f 1844/31/411 1850/30/411 1842/30/411
f 1842/30/411 1850/30/411 1851/32/411
f 1842/30/411 1851/32/411 1847/32/411
f 1847/32/411 1851/32/411 1852/33/411
f 1847/32/411 1852/33/411 1848/33/411
f 1849/31/413 1844/31/413 1850/30/413
f 1842/30/413 1850/30/413 1844/31/413
f 1851/32/413 1850/30/413 1842/30/413
f 1847/32/413 1851/32/413 1842/30/413
f 1852/33/413 1851/32/413 1847/32/413
f 1848/33/413 1852/33/413 1847/32/413
f 1848/33/592 1853/33/589 1846/33/592
f 1853/33/589 1848/33/592 1852/33/589
f 1846/33/594 1853/33/588 1848/33/594
f 1852/33/588 1848/33/594 1853/33/588
f 1855/30/593 1849/31/594 1854/31/594
f 1849/31/594 1855/30/593 1850/30/593
f 1854/31/592 1849/31/592 1855/30/591
f 1850/30/591 1855/30/591 1849/31/592
f 1841/30/413 1854/31/413 1843/31/413
f 1854/31/413 1841/30/413 1855/30/413
f 1855/30/413 1841/30/413 1845/32/413
f 1855/30/413 1845/32/413 1856/32/413
f 1856/32/413 1845/32/413 1846/33/413
f 1856/32/413 1846/33/413 1853/33/413
f 1843/31/411 1854/31/411 1841/30/411
f 1855/30/411 1841/30/411 1854/31/411
f 1845/32/411 1841/30/411 1855/30/411
f 1856/32/411 1845/32/411 1855/30/411
f 1846/33/411 1845/32/411 1856/32/411
f 1853/33/411 1846/33/411 1856/32/411
f 1852/33/589 1856/32/590 1853/33/589
f 1856/32/590 1852/33/589 1851/32/590
f 1853/33/588 1856/32/587 1852/33/588
f 1851/32/587 1852/33/588 1856/32/587
f 1854/31/594 1844/31/588 1843/31/588
f 1844/31/588 1854/31/594 1849/31/594
f 1843/31/589 1844/31/589 1854/31/592
f 1849/31/592 1854/31/592 1844/31/589
f 1845/32/591 1842/30/587 1847/32/591
f 1842/30/587 1845/32/591 1841/30/587
f 1847/32/593 1842/30/590 1845/32/593
f 1841/30/590 1845/32/593 1842/30/590
f 1855/30/593 1851/32/590 1850/30/593
f 1851/32/590 1855/30/593 1856/32/590
f 1850/30/591 1851/32/587 1855/30/591
f 1856/32/587 1855/30/591 1851/32/587
f 1859/35/593 1858/34/594 1857/34/594
f 1858/34/594 1859/35/593 1860/35/593
f 1857/34/592 1858/34/592 1859/35/591
f 1860/35/591 1859/35/591 1858/34/592
f 1862/35/413 1857/34/413 1861/34/413
f 1857/34/413 1862/35/413 1859/35/413
f 1859/35/413 1862/35/413 1863/36/413
f 1859/35/413 1863/36/413 1864/36/413
f 1864/36/413 1863/36/413 1865/37/413
f 1864/36/413 1865/37/413 1866/37/413
f 1861/34/411 1857/34/411 1862/35/411
f 1859/35/411 1862/35/411 1857/34/411
f 1863/36/411 1862/35/411 1859/35/411
f 1864/36/411 1863/36/411 1859/35/411
f 1865/37/411 1863/36/411 1864/36/411
f 1866/37/411 1865/37/411 1864/36/411
f 1857/34/594 1867/34/588 1861/34/588
f 1867/34/588 1857/34/594 1858/34/594
f 1861/34/589 1867/34/589 1857/34/592
f 1858/34/592 1857/34/592 1867/34/589
f 1861/34/588 1868/35/587 1862/35/587
f 1868/35/587 1861/34/588 1867/34/588
f 1862/35/590 1868/35/590 1861/34/589
f 1867/34/589 1861/34/589 1868/35/590
f 1869/37/592 1866/37/589 1865/37/592
f 1866/37/589 1869/37/592 1870/37/589
f 1865/37/594 1866/37/588 1869/37/594
f 1870/37/588 1869/37/594 1866/37/588
f 1863/36/591 1868/35/587 1871/36/591
f 1868/35/587 1863/36/591 1862/35/587
f 1871/36/593 1868/35/590 1863/36/593
f 1862/35/590 1863/36/593 1868/35/590
f 1870/37/589 1864/36/590 1866/37/589
f 1864/36/590 1870/37/589 1872/36/590
f 1866/37/588 1864/36/587 1870/37/588
f 1872/36/587 1870/37/588 1864/36/587
f 1859/35/593 1872/36/590 1860/35/593
f 1872/36/590 1859/35/593 1864/36/590
f 1860/35/591 1872/36/587 1859/35/591
f 1864/36/587 1859/35/591 1872/36/587
f 1871/36/591 1865/37/592 1863/36/591
f 1865/37/592 1871/36/591 1869/37/592
f 1863/36/593 1865/37/594 1871/36/593
f 1869/37/594 1871/36/593 1865/37/594
f 1860/35/411 1867/34/411 1858/34/411
f 1867/34/411 1860/35/411 1868/35/411
f 1868/35/411 1860/35/411 1872/36/411
f 1868/35/411 1872/36/411 1871/36/411
f 1871/36/411 1872/36/411 1870/37/411
f 1871/36/411 1870/37/411 1869/37/411
f 1858/34/413 1867/34/413 1860/35/413
f 1868/35/413 1860/35/413 1867/34/413
f 1872/36/413 1860/35/413 1868/35/413
f 1871/36/413 1872/36/413 1868/35/413
f 1870/37/413 1872/36/413 1871/36/413
f 1869/37/413 1870/37/413 1871/36/413
f 1875/38/595 1874/39/596 1873/38/595
f 1874/39/596 1875/38/595 1876/39/596
f 1873/38/597 1874/39/598 1875/38/597
f 1876/39/598 1875/38/597 1874/39/598
f 1879/38/599 1878/40/597 1877/38/599
f 1878/40/597 1879/38/599 1880/40/597
f 1877/38/600 1878/40/595 1879/38/600
f 1880/40/595 1879/38/600 1878/40/595
f 1878/40/597 1882/41/598 1881/41/598
f 1882/41/598 1878/40/597 1880/40/597
f 1881/41/596 1882/41/596 1878/40/595
f 1880/40/595 1878/40/595 1882/41/596
f 1877/38/415 1874/39/415 1883/39/415
f 1874/39/415 1877/38/415 1873/38/415
f 1873/38/415 1877/38/415 1878/40/415
f 1873/38/415 1878/40/415 1884/40/415
f 1884/40/415 1878/40/415 1881/41/415
f 1884/40/415 1881/41/415 1885/41/415
f 1883/39/416 1874/39/416 1877/38/416
f 1873/38/416 1877/38/416 1874/39/416
f 1878/40/416 1877/38/416 1873/38/416
f 1884/40/416 1878/40/416 1873/38/416
f 1881/41/416 1878/40/416 1884/40/416
f 1885/41/416 1881/41/416 1884/40/416
f 1876/39/596 1883/39/601 1874/39/596
f 1883/39/601 1876/39/596 1886/39/601
f 1874/39/598 1883/39/602 1876/39/598
f 1886/39/602 1876/39/598 1883/39/602
f 1875/38/416 1886/39/416 1876/39/416
f 1886/39/416 1875/38/416 1879/38/416
f 1879/38/416 1875/38/416 1887/40/416
f 1879/38/416 1887/40/416 1880/40/416
f 1880/40/416 1887/40/416 1888/41/416
f 1880/40/416 1888/41/416 1882/41/416
f 1876/39/415 1886/39/415 1875/38/415
f 1879/38/415 1875/38/415 1886/39/415
f 1887/40/415 1875/38/415 1879/38/415
f 1880/40/415 1887/40/415 1879/38/415
f 1888/41/415 1887/40/415 1880/40/415
f 1882/41/415 1888/41/415 1880/40/415
f 1881/41/598 1888/41/602 1885/41/602
f 1888/41/602 1881/41/598 1882/41/598
f 1885/41/601 1888/41/601 1881/41/596
f 1882/41/596 1881/41/596 1888/41/601
f 1886/39/601 1877/38/599 1883/39/601
f 1877/38/599 1886/39/601 1879/38/599
f 1883/39/602 1877/38/600 1886/39/602
f 1879/38/600 1886/39/602 1877/38/600
f 1885/41/602 1887/40/600 1884/40/600
f 1887/40/600 1885/41/602 1888/41/602
f 1884/40/599 1887/40/599 1885/41/601
f 1888/41/601 1885/41/601 1887/40/599
f 1887/40/600 1873/38/595 1884/40/600
f 1873/38/595 1887/40/600 1875/38/595
f 1884/40/599 1873/38/597 1887/40/599
f 1875/38/597 1887/40/599 1873/38/597
f 1889/12/388 1064/11/388 1186/11/388
f 1064/11/388 1889/12/388 1415/12/388
f 1186/11/387 1064/11/387 1889/12/387
f 1415/12/387 1889/12/387 1064/11/387
f 1889/12/390 1891/11/390 1890/12/390
f 1891/11/390 1889/12/390 1186/11/390
f 1890/12/389 1891/11/389 1889/12/389
f 1186/11/389 1889/12/389 1891/11/389
f 1064/11/389 1893/12/389 1892/11/389
f 1893/12/389 1064/11/389 1415/12/389
f 1892/11/390 1893/12/390 1064/11/390
f 1415/12/390 1064/11/390 1893/12/390
f 1890/12/81 1415/12/81 1889/12/81
f 1415/12/81 1890/12/81 1894/12/81
f 1415/12/81 1894/12/81 1893/12/81
f 1889/12/82 1415/12/82 1890/12/82
f 1894/12/82 1890/12/82 1415/12/82
f 1893/12/82 1894/12/82 1415/12/82
f 1893/12/413 1895/11/387 1892/11/413
f 1895/11/387 1893/12/413 1894/12/387
f 1892/11/411 1895/11/388 1893/12/411
f 1894/12/388 1893/12/411 1895/11/388
f 1894/12/387 1891/11/416 1895/11/387
f 1891/11/416 1894/12/387 1890/12/416
f 1895/11/388 1891/11/415 1894/12/388
f 1890/12/415 1894/12/388 1891/11/415
f 1898/13/387 1897/11/572 1896/11/387
f 1897/11/572 1898/13/387 1899/13/572
f 1896/11/388 1897/11/571 1898/13/388
f 1899/13/571 1898/13/388 1897/11/571
f 1902/13/575 1901/11/576 1900/13/576
f 1901/11/576 1902/13/575 1903/11/575
f 1900/13/573 1901/11/573 1902/13/574
f 1903/11/574 1902/13/574 1901/11/573
f 1899/13/572 1901/11/576 1897/11/572
f 1901/11/576 1899/13/572 1900/13/576
f 1897/11/571 1901/11/573 1899/13/571
f 1900/13/573 1899/13/571 1901/11/573
f 1905/13/578 1896/11/387 1904/11/578
f 1896/11/387 1905/13/578 1898/13/387
f 1904/11/577 1896/11/388 1905/13/577
f 1898/13/388 1905/13/577 1896/11/388
f 1900/13/81 1906/13/81 1902/13/81
f 1906/13/81 1900/13/81 1899/13/81
f 1906/13/81 1899/13/81 1898/13/81
f 1906/13/81 1898/13/81 1905/13/81
f 1906/13/81 1905/13/81 1907/13/81
f 1902/13/82 1906/13/82 1900/13/82
f 1899/13/82 1900/13/82 1906/13/82
f 1898/13/82 1899/13/82 1906/13/82
f 1905/13/82 1898/13/82 1906/13/82
f 1907/13/82 1905/13/82 1906/13/82
f 1909/11/581 1907/13/582 1908/11/582
f 1907/13/582 1909/11/581 1906/13/581
f 1908/11/579 1907/13/579 1909/11/580
f 1906/13/580 1909/11/580 1907/13/579
f 1908/11/582 1905/13/578 1904/11/578
f 1905/13/578 1908/11/582 1907/13/582
f 1904/11/577 1905/13/577 1908/11/579
f 1907/13/579 1908/11/579 1905/13/577
f 1188/13/390 1911/11/390 1910/13/390
f 1911/11/390 1188/13/390 1912/11/390
f 1910/13/389 1911/11/389 1188/13/389
f 1912/11/389 1188/13/389 1911/11/389
f 1427/13/584 1914/11/387 1913/11/584
f 1914/11/387 1427/13/584 1915/13/387
f 1913/11/583 1914/11/388 1427/13/583
f 1915/13/388 1427/13/583 1914/11/388
f 1188/13/388 1916/11/388 1912/11/388
f 1916/11/388 1188/13/388 1075/13/388
f 1912/11/387 1916/11/387 1188/13/387
f 1075/13/387 1188/13/387 1916/11/387
f 1915/13/387 1911/11/586 1914/11/387
f 1911/11/586 1915/13/387 1910/13/586
f 1914/11/388 1911/11/585 1915/13/388
f 1910/13/585 1915/13/388 1911/11/585
f 1916/11/82 1911/11/82 1912/11/82
f 1911/11/82 1916/11/82 1914/11/82
f 1914/11/82 1916/11/82 1913/11/82
f 1912/11/81 1911/11/81 1916/11/81
f 1914/11/81 1916/11/81 1911/11/81
f 1913/11/81 1916/11/81 1914/11/81
f 1910/13/81 1075/13/81 1188/13/81
f 1075/13/81 1910/13/81 1915/13/81
f 1075/13/81 1915/13/81 1427/13/81
f 1188/13/82 1075/13/82 1910/13/82
f 1915/13/82 1910/13/82 1075/13/82
f 1427/13/82 1915/13/82 1075/13/82
f 1916/11/389 1427/13/389 1913/11/389
f 1427/13/389 1916/11/389 1075/13/389
f 1913/11/390 1427/13/390 1916/11/390
f 1075/13/390 1916/11/390 1427/13/390
f 1919/31/594 1918/30/593 1917/30/593
f 1918/30/593 1919/31/594 1920/31/594
f 1917/30/591 1918/30/591 1919/31/592
f 1920/31/592 1919/31/592 1918/30/591
f 1923/32/590 1922/33/589 1921/32/590
f 1922/33/589 1923/32/590 1924/33/589
f 1921/32/587 1922/33/588 1923/32/587
f 1924/33/588 1923/32/587 1922/33/588
f 1926/30/413 1920/31/413 1925/31/413
f 1920/31/413 1926/30/413 1918/30/413
f 1918/30/413 1926/30/413 1927/32/413
f 1918/30/413 1927/32/413 1923/32/413
f 1923/32/413 1927/32/413 1928/33/413
f 1923/32/413 1928/33/413 1924/33/413
f 1925/31/411 1920/31/411 1926/30/411
f 1918/30/411 1926/30/411 1920/31/411
f 1927/32/411 1926/30/411 1918/30/411
f 1923/32/411 1927/32/411 1918/30/411
f 1928/33/411 1927/32/411 1923/32/411
f 1924/33/411 1928/33/411 1923/32/411
f 1924/33/589 1929/33/592 1922/33/589
f 1929/33/592 1924/33/589 1928/33/592
f 1922/33/588 1929/33/594 1924/33/588
f 1928/33/594 1924/33/588 1929/33/594
f 1931/30/587 1925/31/588 1930/31/588
f 1925/31/588 1931/30/587 1926/30/587
f 1930/31/589 1925/31/589 1931/30/590
f 1926/30/590 1931/30/590 1925/31/589
f 1917/30/411 1930/31/411 1919/31/411
f 1930/31/411 1917/30/411 1931/30/411
f 1931/30/411 1917/30/411 1921/32/411
f 1931/30/411 1921/32/411 1932/32/411
f 1932/32/411 1921/32/411 1922/33/411
f 1932/32/411 1922/33/411 1929/33/411
f 1919/31/413 1930/31/413 1917/30/413
f 1931/30/413 1917/30/413 1930/31/413
f 1921/32/413 1917/30/413 1931/30/413
f 1932/32/413 1921/32/413 1931/30/413
f 1922/33/413 1921/32/413 1932/32/413
f 1929/33/413 1922/33/413 1932/32/413
f 1928/33/592 1932/32/591 1929/33/592
f 1932/32/591 1928/33/592 1927/32/591
f 1929/33/594 1932/32/593 1928/33/594
f 1927/32/593 1928/33/594 1932/32/593
f 1930/31/588 1920/31/594 1919/31/594
f 1920/31/594 1930/31/588 1925/31/588
f 1919/31/592 1920/31/592 1930/31/589
f 1925/31/589 1930/31/589 1920/31/592
f 1921/32/590 1918/30/593 1923/32/590
f 1918/30/593 1921/32/590 1917/30/593
f 1923/32/587 1918/30/591 1921/32/587
f 1917/30/591 1921/32/587 1918/30/591
f 1931/30/587 1927/32/591 1926/30/587
f 1927/32/591 1931/30/587 1932/32/591
f 1926/30/590 1927/32/593 1931/30/590
f 1932/32/593 1931/30/590 1927/32/593
f 1935/35/587 1934/34/588 1933/34/588
f 1934/34/588 1935/35/587 1936/35/587
f 1933/34/589 1934/34/589 1935/35/590
f 1936/35/590 1935/35/590 1934/34/589
f 1938/35/411 1933/34/411 1937/34/411
f 1933/34/411 1938/35/411 1935/35/411
f 1935/35/411 1938/35/411 1939/36/411
f 1935/35/411 1939/36/411 1940/36/411
f 1940/36/411 1939/36/411 1941/37/411
f 1940/36/411 1941/37/411 1942/37/411
f 1937/34/413 1933/34/413 1938/35/413
f 1935/35/413 1938/35/413 1933/34/413
f 1939/36/413 1938/35/413 1935/35/413
f 1940/36/413 1939/36/413 1935/35/413
f 1941/37/413 1939/36/413 1940/36/413
f 1942/37/413 1941/37/413 1940/36/413
f 1933/34/588 1943/34/594 1937/34/594
f 1943/34/594 1933/34/588 1934/34/588
f 1937/34/592 1943/34/592 1933/34/589
f 1934/34/589 1933/34/589 1943/34/592
f 1937/34/594 1944/35/593 1938/35/593
f 1944/35/593 1937/34/594 1943/34/594
f 1938/35/591 1944/35/591 1937/34/592
f 1943/34/592 1937/34/592 1944/35/591
f 1945/37/589 1942/37/592 1941/37/589
f 1942/37/592 1945/37/589 1946/37/592
f 1941/37/588 1942/37/594 1945/37/588
f 1946/37/594 1945/37/588 1942/37/594
f 1939/36/590 1944/35/593 1947/36/590
f 1944/35/593 1939/36/590 1938/35/593
f 1947/36/587 1944/35/591 1939/36/587
f 1938/35/591 1939/36/587 1944/35/591
f 1946/37/592 1940/36/591 1942/37/592
f 1940/36/591 1946/37/592 1948/36/591
f 1942/37/594 1940/36/593 1946/37/594
f 1948/36/593 1946/37/594 1940/36/593
f 1935/35/587 1948/36/591 1936/35/587
f 1948/36/591 1935/35/587 1940/36/591
f 1936/35/590 1948/36/593 1935/35/590
f 1940/36/593 1935/35/590 1948/36/593
f 1947/36/590 1941/37/589 1939/36/590
f 1941/37/589 1947/36/590 1945/37/589
f 1939/36/587 1941/37/588 1947/36/587
f 1945/37/588 1947/36/587 1941/37/588
f 1936/35/413 1943/34/413 1934/34/413
f 1943/34/413 1936/35/413 1944/35/413
f 1944/35/413 1936/35/413 1948/36/413
f 1944/35/413 1948/36/413 1947/36/413
f 1947/36/413 1948/36/413 1946/37/413
f 1947/36/413 1946/37/413 1945/37/413
f 1934/34/411 1943/34/411 1936/35/411
f 1944/35/411 1936/35/411 1943/34/411
f 1948/36/411 1936/35/411 1944/35/411
f 1947/36/411 1948/36/411 1944/35/411
f 1946/37/411 1948/36/411 1947/36/411
f 1945/37/411 1946/37/411 1947/36/411
f 1951/38/599 1950/39/601 1949/38/599
f 1950/39/601 1951/38/599 1952/39/601
f 1949/38/600 1950/39/602 1951/38/600
f 1952/39/602 1951/38/600 1950/39/602
f 1955/38/595 1954/40/600 1953/38/595
f 1954/40/600 1955/38/595 1956/40/600
f 1953/38/597 1954/40/599 1955/38/597
f 1956/40/599 1955/38/597 1954/40/599
f 1954/40/600 1958/41/602 1957/41/602
f 1958/41/602 1954/40/600 1956/40/600
f 1957/41/601 1958/41/601 1954/40/599
f 1956/40/599 1954/40/599 1958/41/601
f 1953/38/416 1950/39/416 1959/39/416
f 1950/39/416 1953/38/416 1949/38/416
f 1949/38/416 1953/38/416 1954/40/416
f 1949/38/416 1954/40/416 1960/40/416
f 1960/40/416 1954/40/416 1957/41/416
f 1960/40/416 1957/41/416 1961/41/416
f 1959/39/415 1950/39/415 1953/38/415
f 1949/38/415 1953/38/415 1950/39/415
f 1954/40/415 1953/38/415 1949/38/415
f 1960/40/415 1954/40/415 1949/38/415
f 1957/41/415 1954/40/415 1960/40/415
f 1961/41/415 1957/41/415 1960/40/415
f 1952/39/601 1959/39/596 1950/39/601
f 1959/39/596 1952/39/601 1962/39/596
f 1950/39/602 1959/39/598 1952/39/602
f 1962/39/598 1952/39/602 1959/39/598
f 1951/38/415 1962/39/415 1952/39/415
f 1962/39/415 1951/38/415 1955/38/415
f 1955/38/415 1951/38/415 1963/40/415
f 1955/38/415 1963/40/415 1956/40/415
f 1956/40/415 1963/40/415 1964/41/415
f 1956/40/415 1964/41/415 1958/41/415
f 1952/39/416 1962/39/416 1951/38/416
f 1955/38/416 1951/38/416 1962/39/416
f 1963/40/416 1951/38/416 1955/38/416
f 1956/40/416 1963/40/416 1955/38/416
f 1964/41/416 1963/40/416 1956/40/416
f 1958/41/416 1964/41/416 1956/40/416
f 1957/41/602 1964/41/598 1961/41/598
f 1964/41/598 1957/41/602 1958/41/602
f 1961/41/596 1964/41/596 1957/41/601
f 1958/41/601 1957/41/601 1964/41/596
f 1962/39/596 1953/38/595 1959/39/596
f 1953/38/595 1962/39/596 1955/38/595
f 1959/39/598 1953/38/597 1962/39/598
f 1955/38/597 1962/39/598 1953/38/597
f 1961/41/598 1963/40/597 1960/40/597
f 1963/40/597 1961/41/598 1964/41/598
f 1960/40/595 1963/40/595 1961/41/596
f 1964/41/596 1961/41/596 1963/40/595
f 1963/40/597 1949/38/599 1960/40/597
f 1949/38/599 1963/40/597 1951/38/599
f 1960/40/595 1949/38/600 1963/40/595
f 1951/38/600 1963/40/595 1949/38/600
f 1967/12/368 1966/11/368 1965/12/368
f 1966/11/368 1967/12/368 1968/11/368
f 1965/12/367 1966/11/367 1967/12/367
f 1968/11/367 1967/12/367 1966/11/367
f 1967/12/356 1969/11/356 1968/11/356
f 1969/11/356 1967/12/356 1970/12/356
f 1968/11/355 1969/11/355 1967/12/355
f 1970/12/355 1967/12/355 1969/11/355
f 1971/11/395 1965/12/397 1966/11/397
f 1965/12/397 1971/11/395 1972/12/395
f 1966/11/398 1965/12/398 1971/11/396
f 1972/12/396 1971/11/396 1965/12/398
f 1969/11/392 1974/12/391 1973/11/391
f 1974/12/391 1969/11/392 1970/12/392
f 1973/11/394 1974/12/394 1969/11/393
f 1970/12/393 1969/11/393 1974/12/394
f 1972/12/81 1967/12/81 1965/12/81
f 1967/12/81 1972/12/81 1970/12/81
f 1970/12/81 1972/12/81 1974/12/81
f 1965/12/82 1967/12/82 1972/12/82
f 1970/12/82 1972/12/82 1967/12/82
f 1974/12/82 1972/12/82 1970/12/82
f 1974/12/391 1971/11/395 1973/11/391
f 1971/11/395 1974/12/391 1972/12/395
f 1973/11/394 1971/11/396 1974/12/394
f 1972/12/396 1974/12/394 1971/11/396
f 1188/13/356 1976/11/356 1975/11/356
f 1976/11/356 1188/13/356 1910/13/356
f 1975/11/355 1976/11/355 1188/13/355
f 1910/13/355 1188/13/355 1976/11/355
f 1188/13/368 1978/11/368 1977/13/368
f 1978/11/368 1188/13/368 1975/11/368
f 1977/13/367 1978/11/367 1188/13/367
f 1975/11/367 1188/13/367 1978/11/367
f 1979/13/81 1188/13/81 1977/13/81
f 1188/13/81 1979/13/81 1910/13/81
f 1910/13/81 1979/13/81 1980/13/81
f 1977/13/82 1188/13/82 1979/13/82
f 1910/13/82 1979/13/82 1188/13/82
f 1980/13/82 1979/13/82 1910/13/82
f 1976/11/82 1978/11/82 1975/11/82
f 1978/11/82 1976/11/82 1981/11/82
f 1981/11/82 1976/11/82 1982/11/82
f 1975/11/81 1978/11/81 1976/11/81
f 1981/11/81 1976/11/81 1978/11/81
f 1982/11/81 1976/11/81 1981/11/81
f 1976/11/392 1980/13/391 1982/11/391
f 1980/13/391 1976/11/392 1910/13/392
f 1982/11/394 1980/13/394 1976/11/393
f 1910/13/393 1976/11/393 1980/13/394
f 1980/13/391 1981/11/567 1982/11/391
f 1981/11/567 1980/13/391 1979/13/567
f 1982/11/394 1981/11/568 1980/13/394
f 1979/13/568 1980/13/394 1981/11/568
f 1981/11/567 1977/13/397 1978/11/397
f 1977/13/397 1981/11/567 1979/13/567
f 1978/11/398 1977/13/398 1981/11/568
f 1979/13/568 1981/11/568 1977/13/398
f 1985/12/399 1984/11/399 1983/12/399
f 1984/11/399 1985/12/399 1986/11/399
f 1983/12/400 1984/11/400 1985/12/400
f 1986/11/400 1985/12/400 1984/11/400
f 1985/12/401 1987/11/401 1986/11/401
f 1987/11/401 1985/12/401 1988/12/401
f 1986/11/402 1987/11/402 1985/12/402
f 1988/12/402 1985/12/402 1987/11/402
f 1989/11/407 1983/12/409 1984/11/409
f 1983/12/409 1989/11/407 1990/12/407
f 1984/11/410 1983/12/410 1989/11/408
f 1990/12/408 1989/11/408 1983/12/410
f 1987/11/404 1992/12/403 1991/11/403
f 1992/12/403 1987/11/404 1988/12/404
f 1991/11/406 1992/12/406 1987/11/405
f 1988/12/405 1987/11/405 1992/12/406
f 1990/12/81 1985/12/81 1983/12/81
f 1985/12/81 1990/12/81 1988/12/81
f 1988/12/81 1990/12/81 1992/12/81
f 1983/12/82 1985/12/82 1990/12/82
f 1988/12/82 1990/12/82 1985/12/82
f 1992/12/82 1990/12/82 1988/12/82
f 1992/12/403 1989/11/407 1991/11/403
f 1989/11/407 1992/12/403 1990/12/407
f 1991/11/406 1989/11/408 1992/12/406
f 1990/12/408 1992/12/406 1989/11/408
f 1995/13/401 1994/11/401 1993/11/401
f 1994/11/401 1995/13/401 1996/13/401
f 1993/11/402 1994/11/402 1995/13/402
f 1996/13/402 1995/13/402 1994/11/402
f 1995/13/399 1998/11/399 1997/13/399
f 1998/11/399 1995/13/399 1993/11/399
f 1997/13/400 1998/11/400 1995/13/400
f 1993/11/400 1995/13/400 1998/11/400
f 1999/13/81 1995/13/81 1997/13/81
f 1995/13/81 1999/13/81 1996/13/81
f 1996/13/81 1999/13/81 2000/13/81
f 1997/13/82 1995/13/82 1999/13/82
f 1996/13/82 1999/13/82 1995/13/82
f 2000/13/82 1999/13/82 1996/13/82
f 1994/11/82 1998/11/82 1993/11/82
f 1998/11/82 1994/11/82 2001/11/82
f 2001/11/82 1994/11/82 2002/11/82
f 1993/11/81 1998/11/81 1994/11/81
f 2001/11/81 1994/11/81 1998/11/81
f 2002/11/81 1994/11/81 2001/11/81
f 1994/11/404 2000/13/403 2002/11/403
f 2000/13/403 1994/11/404 1996/13/404
f 2002/11/406 2000/13/406 1994/11/405
f 1996/13/405 1994/11/405 2000/13/406
f 2000/13/403 2001/11/569 2002/11/403
f 2001/11/569 2000/13/403 1999/13/569
f 2002/11/406 2001/11/570 2000/13/406
f 1999/13/570 2000/13/406 2001/11/570
f 2001/11/569 1997/13/409 1998/11/409
f 1997/13/409 2001/11/569 1999/13/569
f 1998/11/410 1997/13/410 2001/11/570
f 1999/13/570 2001/11/570 1997/13/410
f 2005/12/352 2004/11/352 2003/12/352
f 2004/11/352 2005/12/352 2006/11/352
f 2003/12/351 2004/11/351 2005/12/351
f 2006/11/351 2005/12/351 2004/11/351
f 2005/12/340 2007/11/340 2006/11/340
f 2007/11/340 2005/12/340 2008/12/340
f 2006/11/339 2007/11/339 2005/12/339
f 2008/12/339 2005/12/339 2007/11/339
f 2009/11/423 2003/12/425 2004/11/425
f 2003/12/425 2009/11/423 2010/12/423
f 2004/11/426 2003/12/426 2009/11/424
f 2010/12/424 2009/11/424 2003/12/426
f 2007/11/420 2012/12/419 2011/11/419
f 2012/12/419 2007/11/420 2008/12/420
f 2011/11/422 2012/12/422 2007/11/421
f 2008/12/421 2007/11/421 2012/12/422
f 2010/12/81 2005/12/81 2003/12/81
f 2005/12/81 2010/12/81 2008/12/81
f 2008/12/81 2010/12/81 2012/12/81
f 2003/12/82 2005/12/82 2010/12/82
f 2008/12/82 2010/12/82 2005/12/82
f 2012/12/82 2010/12/82 2008/12/82
f 2012/12/419 2009/11/423 2011/11/419
f 2009/11/423 2012/12/419 2010/12/423
f 2011/11/422 2009/11/424 2012/12/422
f 2010/12/424 2012/12/422 2009/11/424
f 2015/13/340 2014/11/340 2013/11/340
f 2014/11/340 2015/13/340 2016/13/340
f 2013/11/339 2014/11/339 2015/13/339
f 2016/13/339 2015/13/339 2014/11/339
f 2015/13/352 2018/11/352 2017/13/352
f 2018/11/352 2015/13/352 2013/11/352
f 2017/13/351 2018/11/351 2015/13/351
f 2013/11/351 2015/13/351 2018/11/351
f 2019/13/81 2015/13/81 2017/13/81
f 2015/13/81 2019/13/81 2016/13/81
f 2016/13/81 2019/13/81 2020/13/81
f 2017/13/82 2015/13/82 2019/13/82
f 2016/13/82 2019/13/82 2015/13/82
f 2020/13/82 2019/13/82 2016/13/82
f 2014/11/82 2018/11/82 2013/11/82
f 2018/11/82 2014/11/82 2021/11/82
f 2021/11/82 2014/11/82 2022/11/82
f 2013/11/81 2018/11/81 2014/11/81
f 2021/11/81 2014/11/81 2018/11/81
f 2022/11/81 2014/11/81 2021/11/81
f 2014/11/420 2020/13/419 2022/11/419
f 2020/13/419 2014/11/420 2016/13/420
f 2022/11/422 2020/13/422 2014/11/421
f 2016/13/421 2014/11/421 2020/13/422
f 2020/13/419 2021/11/603 2022/11/419
f 2021/11/603 2020/13/419 2019/13/603
f 2022/11/422 2021/11/604 2020/13/422
f 2019/13/604 2020/13/422 2021/11/604
f 2021/11/603 2017/13/425 2018/11/425
f 2017/13/425 2021/11/603 2019/13/603
f 2018/11/426 2017/13/426 2021/11/604
f 2019/13/604 2021/11/604 2017/13/426
f 1220/12/81 1221/12/81 1222/12/81
f 1221/12/81 1220/12/81 1223/12/81
f 1221/12/81 1223/12/81 1224/12/81
f 1224/12/81 1223/12/81 1225/12/81
f 1224/12/81 1225/12/81 1226/12/81
f 1226/12/81 1225/12/81 1227/12/81
f 1222/12/390 1228/11/431 1220/12/431
f 1228/11/431 1222/12/390 1229/11/390
f 1223/12/387 1228/11/432 1230/11/387
f 1228/11/432 1223/12/387 1220/12/432
f 1225/12/433 1230/11/387 1231/11/433
f 1230/11/387 1225/12/433 1223/12/387
f 1232/11/389 1225/12/434 1231/11/434
f 1225/12/434 1232/11/389 1227/12/389
f 1233/11/427 1227/12/389 1232/11/389
f 1227/12/389 1233/11/427 1226/12/427
f 1224/12/388 1233/11/428 1234/11/388
f 1233/11/428 1224/12/388 1226/12/428
f 1221/12/429 1234/11/388 1235/11/429
f 1234/11/388 1221/12/429 1224/12/388
f 1221/12/430 1229/11/390 1222/12/390
f 1229/11/390 1221/12/430 1235/11/430
f 1241/13/352 2024/11/352 2023/13/352
f 2024/11/352 1241/13/352 2025/11/352
f 2023/13/351 2024/11/351 1241/13/351
f 2025/11/351 1241/13/351 2024/11/351
f 2028/13/605 2027/11/339 2026/11/605
f 2027/11/339 2028/13/605 2029/13/339
f 2026/11/606 2027/11/340 2028/13/606
f 2029/13/340 2028/13/606 2027/11/340
f 1241/13/340 2030/11/340 2025/11/340
f 2030/11/340 1241/13/340 1242/13/340
f 2025/11/339 2030/11/339 1241/13/339
f 1242/13/339 1241/13/339 2030/11/339
f 2029/13/339 2024/11/607 2027/11/339
f 2024/11/607 2029/13/339 2023/13/607
f 2027/11/340 2024/11/608 2029/13/340
f 2023/13/608 2029/13/340 2024/11/608
f 2030/11/82 2024/11/82 2025/11/82
f 2024/11/82 2030/11/82 2027/11/82
f 2027/11/82 2030/11/82 2026/11/82
f 2025/11/81 2024/11/81 2030/11/81
f 2027/11/81 2030/11/81 2024/11/81
f 2026/11/81 2030/11/81 2027/11/81
f 2023/13/81 1242/13/81 1241/13/81
f 1242/13/81 2023/13/81 2029/13/81
f 1242/13/81 2029/13/81 2028/13/81
f 1241/13/82 1242/13/82 2023/13/82
f 2029/13/82 2023/13/82 1242/13/82
f 2028/13/82 2029/13/82 1242/13/82
f 2030/11/351 2028/13/351 2026/11/351
f 2028/13/351 2030/11/351 1242/13/351
f 2026/11/352 2028/13/352 2030/11/352
f 1242/13/352 2030/11/352 2028/13/352
f 2033/12/435 2032/11/339 2031/11/435
f 2032/11/339 2033/12/435 2034/12/339
f 2031/11/436 2032/11/340 2033/12/436
f 2034/12/340 2033/12/436 2032/11/340
f 2034/12/339 2035/11/437 2032/11/339
f 2035/11/437 2034/12/339 2036/12/437
f 2032/11/340 2035/11/438 2034/12/340
f 2036/12/438 2034/12/340 2035/11/438
f 2037/12/352 2035/11/352 2036/12/352
f 2035/11/352 2037/12/352 2038/11/352
f 2036/12/351 2035/11/351 2037/12/351
f 2038/11/351 2037/12/351 2035/11/351
f 2036/12/81 2039/12/81 2037/12/81
f 2039/12/81 2036/12/81 2034/12/81
f 2039/12/81 2034/12/81 2033/12/81
f 2037/12/82 2039/12/82 2036/12/82
f 2034/12/82 2036/12/82 2039/12/82
f 2033/12/82 2034/12/82 2039/12/82
f 2037/12/340 2040/11/340 2038/11/340
f 2040/11/340 2037/12/340 2039/12/340
f 2038/11/339 2040/11/339 2037/12/339
f 2039/12/339 2037/12/339 2040/11/339
f 2040/11/351 2033/12/351 2031/11/351
f 2033/12/351 2040/11/351 2039/12/351
f 2031/11/352 2033/12/352 2040/11/352
f 2039/12/352 2040/11/352 2033/12/352
f 2043/42/609 2042/42/610 2041/42/609
f 2042/42/610 2043/42/609 2044/42/610
f 2041/42/611 2042/42/612 2043/42/611
f 2044/42/612 2043/42/611 2042/42/612
f 2047/43/611 2046/43/612 2045/43/612
f 2046/43/612 2047/43/611 2048/43/611
f 2045/43/610 2046/43/610 2047/43/609
f 2048/43/609 2047/43/609 2046/43/610
f 2051/44/613 2050/45/614 2049/44/613
f 2050/45/614 2051/44/613 2052/45/614
f 2049/44/615 2050/45/616 2051/44/615
f 2052/45/616 2051/44/615 2050/45/616
f 2055/45/615 2054/44/616 2053/45/615
f 2054/44/616 2055/45/615 2056/44/616
f 2053/45/613 2054/44/614 2055/45/613
f 2056/44/614 2055/45/613 2054/44/614
f 2045/43/612 2051/44/613 2049/44/613
f 2051/44/613 2045/43/612 2046/43/612
f 2049/44/615 2051/44/615 2045/43/610
f 2046/43/610 2045/43/610 2051/44/615
f 2052/45/614 2041/42/609 2050/45/614
f 2041/42/609 2052/45/614 2043/42/609
f 2050/45/616 2041/42/611 2052/45/616
f 2043/42/611 2052/45/616 2041/42/611
f 2053/45/437 2041/42/437 2042/42/437
f 2041/42/437 2053/45/437 2050/45/437
f 2050/45/437 2053/45/437 2054/44/437
f 2050/45/437 2054/44/437 2049/44/437
f 2049/44/437 2054/44/437 2047/43/437
f 2049/44/437 2047/43/437 2045/43/437
f 2042/42/438 2041/42/438 2053/45/438
f 2050/45/438 2053/45/438 2041/42/438
f 2054/44/438 2053/45/438 2050/45/438
f 2049/44/438 2054/44/438 2050/45/438
f 2047/43/438 2054/44/438 2049/44/438
f 2045/43/438 2047/43/438 2049/44/438
f 2052/45/438 2044/42/438 2043/42/438
f 2044/42/438 2052/45/438 2055/45/438
f 2055/45/438 2052/45/438 2051/44/438
f 2055/45/438 2051/44/438 2056/44/438
f 2056/44/438 2051/44/438 2046/43/438
f 2056/44/438 2046/43/438 2048/43/438
f 2043/42/437 2044/42/437 2052/45/437
f 2055/45/437 2052/45/437 2044/42/437
f 2051/44/437 2052/45/437 2055/45/437
f 2056/44/437 2051/44/437 2055/45/437
f 2046/43/437 2051/44/437 2056/44/437
f 2048/43/437 2046/43/437 2056/44/437
f 2044/42/610 2053/45/615 2042/42/610
f 2053/45/615 2044/42/610 2055/45/615
f 2042/42/612 2053/45/613 2044/42/612
f 2055/45/613 2044/42/612 2053/45/613
f 2054/44/616 2048/43/611 2047/43/611
f 2048/43/611 2054/44/616 2056/44/616
f 2047/43/609 2048/43/609 2054/44/614
f 2056/44/614 2054/44/614 2048/43/609
f 2059/46/617 2058/46/618 2057/46/617
f 2058/46/618 2059/46/617 2060/46/618
f 2057/46/619 2058/46/620 2059/46/619
f 2060/46/620 2059/46/619 2058/46/620
f 2063/47/619 2062/47/620 2061/47/620
f 2062/47/620 2063/47/619 2064/47/619
f 2061/47/618 2062/47/618 2063/47/617
f 2064/47/617 2063/47/617 2062/47/618
f 2066/48/621 2057/46/617 2065/48/621
f 2057/46/617 2066/48/621 2059/46/617
f 2065/48/622 2057/46/619 2066/48/622
f 2059/46/619 2066/48/622 2057/46/619
f 2060/46/618 2067/48/623 2058/46/618
f 2067/48/623 2060/46/618 2068/48/623
f 2058/46/620 2067/48/624 2060/46/620
f 2068/48/624 2060/46/620 2067/48/624
f 2065/48/621 2069/49/624 2066/48/621
f 2069/49/624 2065/48/621 2070/49/624
f 2066/48/622 2069/49/623 2065/48/622
f 2070/49/623 2065/48/622 2069/49/623
f 2061/47/620 2069/49/624 2070/49/624
f 2069/49/624 2061/47/620 2062/47/620
f 2070/49/623 2069/49/623 2061/47/618
f 2062/47/618 2061/47/618 2069/49/623
f 2070/49/436 2063/47/436 2061/47/436
f 2063/47/436 2070/49/436 2071/49/436
f 2071/49/436 2070/49/436 2065/48/436
f 2071/49/436 2065/48/436 2067/48/436
f 2067/48/436 2065/48/436 2057/46/436
f 2067/48/436 2057/46/436 2058/46/436
f 2061/47/435 2063/47/435 2070/49/435
f 2071/49/435 2070/49/435 2063/47/435
f 2065/48/435 2070/49/435 2071/49/435
f 2067/48/435 2065/48/435 2071/49/435
f 2057/46/435 2065/48/435 2067/48/435
f 2058/46/435 2057/46/435 2067/48/435
f 2072/49/435 2062/47/435 2064/47/435
f 2062/47/435 2072/49/435 2069/49/435
f 2069/49/435 2072/49/435 2068/48/435
f 2069/49/435 2068/48/435 2066/48/435
f 2066/48/435 2068/48/435 2060/46/435
f 2066/48/435 2060/46/435 2059/46/435
f 2064/47/436 2062/47/436 2072/49/436
f 2069/49/436 2072/49/436 2062/47/436
f 2068/48/436 2072/49/436 2069/49/436
f 2066/48/436 2068/48/436 2069/49/436
f 2060/46/436 2068/48/436 2066/48/436
f 2059/46/436 2060/46/436 2066/48/436
f 2071/49/622 2064/47/619 2063/47/619
f 2064/47/619 2071/49/622 2072/49/622
f 2063/47/617 2064/47/617 2071/49/621
f 2072/49/621 2071/49/621 2064/47/617
f 2071/49/622 2068/48/623 2072/49/622
f 2068/48/623 2071/49/622 2067/48/623
f 2072/49/621 2068/48/624 2071/49/621
f 2067/48/624 2071/49/621 2068/48/624
f 2075/50/609 2074/50/610 2073/50/609
f 2074/50/610 2075/50/609 2076/50/610
f 2073/50/611 2074/50/612 2075/50/611
f 2076/50/612 2075/50/611 2074/50/612
f 2079/51/611 2078/51/612 2077/51/612
f 2078/51/612 2079/51/611 2080/51/611
f 2077/51/610 2078/51/610 2079/51/609
f 2080/51/609 2079/51/609 2078/51/610
f 2077/51/612 2082/52/613 2081/52/613
f 2082/52/613 2077/51/612 2078/51/612
f 2081/52/615 2082/52/615 2077/51/610
f 2078/51/610 2077/51/610 2082/52/615
f 2084/53/614 2073/50/609 2083/53/614
f 2073/50/609 2084/53/614 2075/50/609
f 2083/53/616 2073/50/611 2084/53/616
f 2075/50/611 2084/53/616 2073/50/611
f 2087/53/615 2086/52/616 2085/53/615
f 2086/52/616 2087/53/615 2088/52/616
f 2085/53/613 2086/52/614 2087/53/613
f 2088/52/614 2087/53/613 2086/52/614
f 2082/52/613 2083/53/614 2081/52/613
f 2083/53/614 2082/52/613 2084/53/614
f 2081/52/615 2083/53/616 2082/52/615
f 2084/53/616 2082/52/615 2083/53/616
f 2085/53/437 2073/50/437 2074/50/437
f 2073/50/437 2085/53/437 2083/53/437
f 2083/53/437 2085/53/437 2086/52/437
f 2083/53/437 2086/52/437 2081/52/437
f 2081/52/437 2086/52/437 2079/51/437
f 2081/52/437 2079/51/437 2077/51/437
f 2074/50/438 2073/50/438 2085/53/438
f 2083/53/438 2085/53/438 2073/50/438
f 2086/52/438 2085/53/438 2083/53/438
f 2081/52/438 2086/52/438 2083/53/438
f 2079/51/438 2086/52/438 2081/52/438
f 2077/51/438 2079/51/438 2081/52/438
f 2076/50/610 2085/53/615 2074/50/610
f 2085/53/615 2076/50/610 2087/53/615
f 2074/50/612 2085/53/613 2076/50/612
f 2087/53/613 2076/50/612 2085/53/613
f 2084/53/438 2076/50/438 2075/50/438
f 2076/50/438 2084/53/438 2087/53/438
f 2087/53/438 2084/53/438 2082/52/438
f 2087/53/438 2082/52/438 2088/52/438
f 2088/52/438 2082/52/438 2078/51/438
f 2088/52/438 2078/51/438 2080/51/438
f 2075/50/437 2076/50/437 2084/53/437
f 2087/53/437 2084/53/437 2076/50/437
f 2082/52/437 2084/53/437 2087/53/437
f 2088/52/437 2082/52/437 2087/53/437
f 2078/51/437 2082/52/437 2088/52/437
f 2080/51/437 2078/51/437 2088/52/437
f 2086/52/616 2080/51/611 2079/51/611
f 2080/51/611 2086/52/616 2088/52/616
f 2079/51/609 2080/51/609 2086/52/614
f 2088/52/614 2086/52/614 2080/51/609
f 1251/13/368 2090/11/368 2089/13/368
f 2090/11/368 1251/13/368 2091/11/368
f 2089/13/367 2090/11/367 1251/13/367
f 2091/11/367 1251/13/367 2090/11/367
f 2094/13/625 2093/11/355 2092/11/625
f 2093/11/355 2094/13/625 2095/13/355
f 2092/11/626 2093/11/356 2094/13/626
f 2095/13/356 2094/13/626 2093/11/356
f 1251/13/356 2096/11/356 2091/11/356
f 2096/11/356 1251/13/356 2097/13/356
f 2091/11/355 2096/11/355 1251/13/355
f 2097/13/355 1251/13/355 2096/11/355
f 2095/13/355 2090/11/627 2093/11/355
f 2090/11/627 2095/13/355 2089/13/627
f 2093/11/356 2090/11/628 2095/13/356
f 2089/13/628 2095/13/356 2090/11/628
f 2096/11/82 2090/11/82 2091/11/82
f 2090/11/82 2096/11/82 2093/11/82
f 2093/11/82 2096/11/82 2092/11/82
f 2091/11/81 2090/11/81 2096/11/81
f 2093/11/81 2096/11/81 2090/11/81
f 2092/11/81 2096/11/81 2093/11/81
f 2089/13/81 2097/13/81 1251/13/81
f 2097/13/81 2089/13/81 2095/13/81
f 2097/13/81 2095/13/81 2094/13/81
f 1251/13/82 2097/13/82 2089/13/82
f 2095/13/82 2089/13/82 2097/13/82
f 2094/13/82 2095/13/82 2097/13/82
f 2096/11/367 2094/13/367 2092/11/367
f 2094/13/367 2096/11/367 2097/13/367
f 2092/11/368 2094/13/368 2096/11/368
f 2097/13/368 2096/11/368 2094/13/368
f 2100/12/439 2099/11/355 2098/11/439
f 2099/11/355 2100/12/439 2101/12/355
f 2098/11/440 2099/11/356 2100/12/440
f 2101/12/356 2100/12/440 2099/11/356
f 2101/12/355 2102/11/441 2099/11/355
f 2102/11/441 2101/12/355 2103/12/441
f 2099/11/356 2102/11/442 2101/12/356
f 2103/12/442 2101/12/356 2102/11/442
f 2104/12/368 2102/11/368 2103/12/368
f 2102/11/368 2104/12/368 2105/11/368
f 2103/12/367 2102/11/367 2104/12/367
f 2105/11/367 2104/12/367 2102/11/367
f 2103/12/81 2106/12/81 2104/12/81
f 2106/12/81 2103/12/81 2101/12/81
f 2106/12/81 2101/12/81 2100/12/81
f 2104/12/82 2106/12/82 2103/12/82
f 2101/12/82 2103/12/82 2106/12/82
f 2100/12/82 2101/12/82 2106/12/82
f 2104/12/356 2107/11/356 2105/11/356
f 2107/11/356 2104/12/356 2106/12/356
f 2105/11/355 2107/11/355 2104/12/355
f 2106/12/355 2104/12/355 2107/11/355
f 2107/11/367 2100/12/367 2098/11/367
f 2100/12/367 2107/11/367 2106/12/367
f 2098/11/368 2100/12/368 2107/11/368
f 2106/12/368 2107/11/368 2100/12/368
f 2110/42/629 2109/42/630 2108/42/629
f 2109/42/630 2110/42/629 2111/42/630
f 2108/42/631 2109/42/632 2110/42/631
f 2111/42/632 2110/42/631 2109/42/632
f 2114/43/631 2113/43/632 2112/43/632
f 2113/43/632 2114/43/631 2115/43/631
f 2112/43/630 2113/43/630 2114/43/629
f 2115/43/629 2114/43/629 2113/43/630
f 2118/44/633 2117/45/634 2116/44/633
f 2117/45/634 2118/44/633 2119/45/634
f 2116/44/635 2117/45/636 2118/44/635
f 2119/45/636 2118/44/635 2117/45/636
f 2122/45/635 2121/44/636 2120/45/635
f 2121/44/636 2122/45/635 2123/44/636
f 2120/45/633 2121/44/634 2122/45/633
f 2123/44/634 2122/45/633 2121/44/634
f 2112/43/632 2118/44/633 2116/44/633
f 2118/44/633 2112/43/632 2113/43/632
f 2116/44/635 2118/44/635 2112/43/630
f 2113/43/630 2112/43/630 2118/44/635
f 2119/45/634 2108/42/629 2117/45/634
f 2108/42/629 2119/45/634 2110/42/629
f 2117/45/636 2108/42/631 2119/45/636
f 2110/42/631 2119/45/636 2108/42/631
f 2120/45/441 2108/42/441 2109/42/441
f 2108/42/441 2120/45/441 2117/45/441
f 2117/45/441 2120/45/441 2121/44/441
f 2117/45/441 2121/44/441 2116/44/441
f 2116/44/441 2121/44/441 2114/43/441
f 2116/44/441 2114/43/441 2112/43/441
f 2109/42/442 2108/42/442 2120/45/442
f 2117/45/442 2120/45/442 2108/42/442
f 2121/44/442 2120/45/442 2117/45/442
f 2116/44/442 2121/44/442 2117/45/442
f 2114/43/442 2121/44/442 2116/44/442
f 2112/43/442 2114/43/442 2116/44/442
f 2119/45/442 2111/42/442 2110/42/442
f 2111/42/442 2119/45/442 2122/45/442
f 2122/45/442 2119/45/442 2118/44/442
f 2122/45/442 2118/44/442 2123/44/442
f 2123/44/442 2118/44/442 2113/43/442
f 2123/44/442 2113/43/442 2115/43/442
f 2110/42/441 2111/42/441 2119/45/441
f 2122/45/441 2119/45/441 2111/42/441
f 2118/44/441 2119/45/441 2122/45/441
f 2123/44/441 2118/44/441 2122/45/441
f 2113/43/441 2118/44/441 2123/44/441
f 2115/43/441 2113/43/441 2123/44/441
f 2111/42/630 2120/45/635 2109/42/630
f 2120/45/635 2111/42/630 2122/45/635
f 2109/42/632 2120/45/633 2111/42/632
f 2122/45/633 2111/42/632 2120/45/633
f 2121/44/636 2115/43/631 2114/43/631
f 2115/43/631 2121/44/636 2123/44/636
f 2114/43/629 2115/43/629 2121/44/634
f 2123/44/634 2121/44/634 2115/43/629
f 2126/46/637 2125/46/638 2124/46/637
f 2125/46/638 2126/46/637 2127/46/638
f 2124/46/639 2125/46/640 2126/46/639
f 2127/46/640 2126/46/639 2125/46/640
f 2130/47/639 2129/47/640 2128/47/640
f 2129/47/640 2130/47/639 2131/47/639
f 2128/47/638 2129/47/638 2130/47/637
f 2131/47/637 2130/47/637 2129/47/638
f 2133/48/641 2124/46/637 2132/48/641
f 2124/46/637 2133/48/641 2126/46/637
f 2132/48/642 2124/46/639 2133/48/642
f 2126/46/639 2133/48/642 2124/46/639
f 2127/46/638 2134/48/643 2125/46/638
f 2134/48/643 2127/46/638 2135/48/643
f 2125/46/640 2134/48/644 2127/46/640
f 2135/48/644 2127/46/640 2134/48/644
f 2132/48/641 2136/49/644 2133/48/641
f 2136/49/644 2132/48/641 2137/49/644
f 2133/48/642 2136/49/643 2132/48/642
f 2137/49/643 2132/48/642 2136/49/643
f 2128/47/640 2136/49/644 2137/49/644
f 2136/49/644 2128/47/640 2129/47/640
f 2137/49/643 2136/49/643 2128/47/638
f 2129/47/638 2128/47/638 2136/49/643
f 2137/49/440 2130/47/440 2128/47/440
f 2130/47/440 2137/49/440 2138/49/440
f 2138/49/440 2137/49/440 2132/48/440
f 2138/49/440 2132/48/440 2134/48/440
f 2134/48/440 2132/48/440 2124/46/440
f 2134/48/440 2124/46/440 2125/46/440
f 2128/47/439 2130/47/439 2137/49/439
f 2138/49/439 2137/49/439 2130/47/439
f 2132/48/439 2137/49/439 2138/49/439
f 2134/48/439 2132/48/439 2138/49/439
f 2124/46/439 2132/48/439 2134/48/439
f 2125/46/439 2124/46/439 2134/48/439
f 2139/49/439 2129/47/439 2131/47/439
f 2129/47/439 2139/49/439 2136/49/439
f 2136/49/439 2139/49/439 2135/48/439
f 2136/49/439 2135/48/439 2133/48/439
f 2133/48/439 2135/48/439 2127/46/439
f 2133/48/439 2127/46/439 2126/46/439
f 2131/47/440 2129/47/440 2139/49/440
f 2136/49/440 2139/49/440 2129/47/440
f 2135/48/440 2139/49/440 2136/49/440
f 2133/48/440 2135/48/440 2136/49/440
f 2127/46/440 2135/48/440 2133/48/440
f 2126/46/440 2127/46/440 2133/48/440
f 2138/49/642 2131/47/639 2130/47/639
f 2131/47/639 2138/49/642 2139/49/642
f 2130/47/637 2131/47/637 2138/49/641
f 2139/49/641 2138/49/641 2131/47/637
f 2138/49/642 2135/48/643 2139/49/642
f 2135/48/643 2138/49/642 2134/48/643
f 2139/49/641 2135/48/644 2138/49/641
f 2134/48/644 2138/49/641 2135/48/644
f 2142/50/629 2141/50/630 2140/50/629
f 2141/50/630 2142/50/629 2143/50/630
f 2140/50/631 2141/50/632 2142/50/631
f 2143/50/632 2142/50/631 2141/50/632
f 2146/51/631 2145/51/632 2144/51/632
f 2145/51/632 2146/51/631 2147/51/631
f 2144/51/630 2145/51/630 2146/51/629
f 2147/51/629 2146/51/629 2145/51/630
f 2144/51/632 2149/52/633 2148/52/633
f 2149/52/633 2144/51/632 2145/51/632
f 2148/52/635 2149/52/635 2144/51/630
f 2145/51/630 2144/51/630 2149/52/635
f 2151/53/634 2140/50/629 2150/53/634
f 2140/50/629 2151/53/634 2142/50/629
f 2150/53/636 2140/50/631 2151/53/636
f 2142/50/631 2151/53/636 2140/50/631
f 2154/53/635 2153/52/636 2152/53/635
f 2153/52/636 2154/53/635 2155/52/636
f 2152/53/633 2153/52/634 2154/53/633
f 2155/52/634 2154/53/633 2153/52/634
f 2149/52/633 2150/53/634 2148/52/633
f 2150/53/634 2149/52/633 2151/53/634
f 2148/52/635 2150/53/636 2149/52/635
f 2151/53/636 2149/52/635 2150/53/636
f 2152/53/441 2140/50/441 2141/50/441
f 2140/50/441 2152/53/441 2150/53/441
f 2150/53/441 2152/53/441 2153/52/441
f 2150/53/441 2153/52/441 2148/52/441
f 2148/52/441 2153/52/441 2146/51/441
f 2148/52/441 2146/51/441 2144/51/441
f 2141/50/442 2140/50/442 2152/53/442
f 2150/53/442 2152/53/442 2140/50/442
f 2153/52/442 2152/53/442 2150/53/442
f 2148/52/442 2153/52/442 2150/53/442
f 2146/51/442 2153/52/442 2148/52/442
f 2144/51/442 2146/51/442 2148/52/442
f 2143/50/630 2152/53/635 2141/50/630
f 2152/53/635 2143/50/630 2154/53/635
f 2141/50/632 2152/53/633 2143/50/632
f 2154/53/633 2143/50/632 2152/53/633
f 2151/53/442 2143/50/442 2142/50/442
f 2143/50/442 2151/53/442 2154/53/442
f 2154/53/442 2151/53/442 2149/52/442
f 2154/53/442 2149/52/442 2155/52/442
f 2155/52/442 2149/52/442 2145/51/442
f 2155/52/442 2145/51/442 2147/51/442
f 2142/50/441 2143/50/441 2151/53/441
f 2154/53/441 2151/53/441 2143/50/441
f 2149/52/441 2151/53/441 2154/53/441
f 2155/52/441 2149/52/441 2154/53/441
f 2145/51/441 2149/52/441 2155/52/441
f 2147/51/441 2145/51/441 2155/52/441
f 2153/52/636 2147/51/631 2146/51/631
f 2147/51/631 2153/52/636 2155/52/636
f 2146/51/629 2147/51/629 2153/52/634
f 2155/52/634 2153/52/634 2147/51/629
f 1206/13/445 2157/11/445 2156/13/445
f 2157/11/445 1206/13/445 2158/11/445
f 2156/13/446 2157/11/446 1206/13/446
f 2158/11/446 1206/13/446 2157/11/446
f 2161/13/583 2160/11/443 2159/11/583
f 2160/11/443 2161/13/583 2162/13/443
f 2159/11/584 2160/11/444 2161/13/584
f 2162/13/444 2161/13/584 2160/11/444
f 1206/13/444 2163/11/444 2158/11/444
f 2163/11/444 1206/13/444 1752/13/444
f 2158/11/443 2163/11/443 1206/13/443
f 1752/13/443 1206/13/443 2163/11/443
f 2162/13/443 2157/11/585 2160/11/443
f 2157/11/585 2162/13/443 2156/13/585
f 2160/11/444 2157/11/586 2162/13/444
f 2156/13/586 2162/13/444 2157/11/586
f 2163/11/82 2157/11/82 2158/11/82
f 2157/11/82 2163/11/82 2160/11/82
f 2160/11/82 2163/11/82 2159/11/82
f 2158/11/81 2157/11/81 2163/11/81
f 2160/11/81 2163/11/81 2157/11/81
f 2159/11/81 2163/11/81 2160/11/81
f 2156/13/81 1752/13/81 1206/13/81
f 1752/13/81 2156/13/81 2162/13/81
f 1752/13/81 2162/13/81 2161/13/81
f 1206/13/82 1752/13/82 2156/13/82
f 2162/13/82 2156/13/82 1752/13/82
f 2161/13/82 2162/13/82 1752/13/82
f 2163/11/446 2161/13/446 2159/11/446
f 2161/13/446 2163/11/446 1752/13/446
f 2159/11/445 2161/13/445 2163/11/445
f 1752/13/445 2163/11/445 2161/13/445
f 2166/12/411 2165/11/443 2164/11/411
f 2165/11/443 2166/12/411 2167/12/443
f 2164/11/413 2165/11/444 2166/12/413
f 2167/12/444 2166/12/413 2165/11/444
f 2167/12/443 2168/11/415 2165/11/443
f 2168/11/415 2167/12/443 2169/12/415
f 2165/11/444 2168/11/416 2167/12/444
f 2169/12/416 2167/12/444 2168/11/416
f 2170/12/445 2168/11/445 2169/12/445
f 2168/11/445 2170/12/445 2171/11/445
f 2169/12/446 2168/11/446 2170/12/446
f 2171/11/446 2170/12/446 2168/11/446
f 2169/12/81 2172/12/81 2170/12/81
f 2172/12/81 2169/12/81 2167/12/81
f 2172/12/81 2167/12/81 2166/12/81
f 2170/12/82 2172/12/82 2169/12/82
f 2167/12/82 2169/12/82 2172/12/82
f 2166/12/82 2167/12/82 2172/12/82
f 2170/12/444 2173/11/444 2171/11/444
f 2173/11/444 2170/12/444 2172/12/444
f 2171/11/443 2173/11/443 2170/12/443
f 2172/12/443 2170/12/443 2173/11/443
f 2173/11/446 2166/12/446 2164/11/446
f 2166/12/446 2173/11/446 2172/12/446
f 2164/11/445 2166/12/445 2173/11/445
f 2172/12/445 2173/11/445 2166/12/445
f 2176/42/596 2175/42/601 2174/42/596
f 2175/42/601 2176/42/596 2177/42/601
f 2174/42/598 2175/42/602 2176/42/598
f 2177/42/602 2176/42/598 2175/42/602
f 2180/43/598 2179/43/602 2178/43/602
f 2179/43/602 2180/43/598 2181/43/598
f 2178/43/601 2179/43/601 2180/43/596
f 2181/43/596 2180/43/596 2179/43/601
f 2184/44/600 2183/45/595 2182/44/600
f 2183/45/595 2184/44/600 2185/45/595
f 2182/44/599 2183/45/597 2184/44/599
f 2185/45/597 2184/44/599 2183/45/597
f 2188/45/599 2187/44/597 2186/45/599
f 2187/44/597 2188/45/599 2189/44/597
f 2186/45/600 2187/44/595 2188/45/600
f 2189/44/595 2188/45/600 2187/44/595
f 2178/43/602 2184/44/600 2182/44/600
f 2184/44/600 2178/43/602 2179/43/602
f 2182/44/599 2184/44/599 2178/43/601
f 2179/43/601 2178/43/601 2184/44/599
f 2185/45/595 2174/42/596 2183/45/595
f 2174/42/596 2185/45/595 2176/42/596
f 2183/45/597 2174/42/598 2185/45/597
f 2176/42/598 2185/45/597 2174/42/598
f 2186/45/415 2174/42/415 2175/42/415
f 2174/42/415 2186/45/415 2183/45/415
f 2183/45/415 2186/45/415 2187/44/415
f 2183/45/415 2187/44/415 2182/44/415
f 2182/44/415 2187/44/415 2180/43/415
f 2182/44/415 2180/43/415 2178/43/415
f 2175/42/416 2174/42/416 2186/45/416
f 2183/45/416 2186/45/416 2174/42/416
f 2187/44/416 2186/45/416 2183/45/416
f 2182/44/416 2187/44/416 2183/45/416
f 2180/43/416 2187/44/416 2182/44/416
f 2178/43/416 2180/43/416 2182/44/416
f 2185/45/416 2177/42/416 2176/42/416
f 2177/42/416 2185/45/416 2188/45/416
f 2188/45/416 2185/45/416 2184/44/416
f 2188/45/416 2184/44/416 2189/44/416
f 2189/44/416 2184/44/416 2179/43/416
f 2189/44/416 2179/43/416 2181/43/416
f 2176/42/415 2177/42/415 2185/45/415
f 2188/45/415 2185/45/415 2177/42/415
f 2184/44/415 2185/45/415 2188/45/415
f 2189/44/415 2184/44/415 2188/45/415
f 2179/43/415 2184/44/415 2189/44/415
f 2181/43/415 2179/43/415 2189/44/415
f 2177/42/601 2186/45/599 2175/42/601
f 2186/45/599 2177/42/601 2188/45/599
f 2175/42/602 2186/45/600 2177/42/602
f 2188/45/600 2177/42/602 2186/45/600
f 2187/44/597 2181/43/598 2180/43/598
f 2181/43/598 2187/44/597 2189/44/597
f 2180/43/596 2181/43/596 2187/44/595
f 2189/44/595 2187/44/595 2181/43/596
f 2192/46/592 2191/46/589 2190/46/592
f 2191/46/589 2192/46/592 2193/46/589
f 2190/46/594 2191/46/588 2192/46/594
f 2193/46/588 2192/46/594 2191/46/588
f 2196/47/594 2195/47/588 2194/47/588
f 2195/47/588 2196/47/594 2197/47/594
f 2194/47/589 2195/47/589 2196/47/592
f 2197/47/592 2196/47/592 2195/47/589
f 2199/48/591 2190/46/592 2198/48/591
f 2190/46/592 2199/48/591 2192/46/592
f 2198/48/593 2190/46/594 2199/48/593
f 2192/46/594 2199/48/593 2190/46/594
f 2193/46/589 2200/48/590 2191/46/589
f 2200/48/590 2193/46/589 2201/48/590
f 2191/46/588 2200/48/587 2193/46/588
f 2201/48/587 2193/46/588 2200/48/587
f 2198/48/591 2202/49/587 2199/48/591
f 2202/49/587 2198/48/591 2203/49/587
f 2199/48/593 2202/49/590 2198/48/593
f 2203/49/590 2198/48/593 2202/49/590
f 2194/47/588 2202/49/587 2203/49/587
f 2202/49/587 2194/47/588 2195/47/588
f 2203/49/590 2202/49/590 2194/47/589
f 2195/47/589 2194/47/589 2202/49/590
f 2203/49/413 2196/47/413 2194/47/413
f 2196/47/413 2203/49/413 2204/49/413
f 2204/49/413 2203/49/413 2198/48/413
f 2204/49/413 2198/48/413 2200/48/413
f 2200/48/413 2198/48/413 2190/46/413
f 2200/48/413 2190/46/413 2191/46/413
f 2194/47/411 2196/47/411 2203/49/411
f 2204/49/411 2203/49/411 2196/47/411
f 2198/48/411 2203/49/411 2204/49/411
f 2200/48/411 2198/48/411 2204/49/411
f 2190/46/411 2198/48/411 2200/48/411
f 2191/46/411 2190/46/411 2200/48/411
f 2205/49/411 2195/47/411 2197/47/411
f 2195/47/411 2205/49/411 2202/49/411
f 2202/49/411 2205/49/411 2201/48/411
f 2202/49/411 2201/48/411 2199/48/411
f 2199/48/411 2201/48/411 2193/46/411
f 2199/48/411 2193/46/411 2192/46/411
f 2197/47/413 2195/47/413 2205/49/413
f 2202/49/413 2205/49/413 2195/47/413
f 2201/48/413 2205/49/413 2202/49/413
f 2199/48/413 2201/48/413 2202/49/413
f 2193/46/413 2201/48/413 2199/48/413
f 2192/46/413 2193/46/413 2199/48/413
f 2204/49/593 2197/47/594 2196/47/594
f 2197/47/594 2204/49/593 2205/49/593
f 2196/47/592 2197/47/592 2204/49/591
f 2205/49/591 2204/49/591 2197/47/592
f 2204/49/593 2201/48/590 2205/49/593
f 2201/48/590 2204/49/593 2200/48/590
f 2205/49/591 2201/48/587 2204/49/591
f 2200/48/587 2204/49/591 2201/48/587
f 2208/50/596 2207/50/601 2206/50/596
f 2207/50/601 2208/50/596 2209/50/601
f 2206/50/598 2207/50/602 2208/50/598
f 2209/50/602 2208/50/598 2207/50/602
f 2212/51/598 2211/51/602 2210/51/602
f 2211/51/602 2212/51/598 2213/51/598
f 2210/51/601 2211/51/601 2212/51/596
f 2213/51/596 2212/51/596 2211/51/601
f 2210/51/602 2215/52/600 2214/52/600
f 2215/52/600 2210/51/602 2211/51/602
f 2214/52/599 2215/52/599 2210/51/601
f 2211/51/601 2210/51/601 2215/52/599
f 2217/53/595 2206/50/596 2216/53/595
f 2206/50/596 2217/53/595 2208/50/596
f 2216/53/597 2206/50/598 2217/53/597
f 2208/50/598 2217/53/597 2206/50/598
f 2220/53/599 2219/52/597 2218/53/599
f 2219/52/597 2220/53/599 2221/52/597
f 2218/53/600 2219/52/595 2220/53/600
f 2221/52/595 2220/53/600 2219/52/595
f 2215/52/600 2216/53/595 2214/52/600
f 2216/53/595 2215/52/600 2217/53/595
f 2214/52/599 2216/53/597 2215/52/599
f 2217/53/597 2215/52/599 2216/53/597
f 2218/53/415 2206/50/415 2207/50/415
f 2206/50/415 2218/53/415 2216/53/415
f 2216/53/415 2218/53/415 2219/52/415
f 2216/53/415 2219/52/415 2214/52/415
f 2214/52/415 2219/52/415 2212/51/415
f 2214/52/415 2212/51/415 2210/51/415
f 2207/50/416 2206/50/416 2218/53/416
f 2216/53/416 2218/53/416 2206/50/416
f 2219/52/416 2218/53/416 2216/53/416
f 2214/52/416 2219/52/416 2216/53/416
f 2212/51/416 2219/52/416 2214/52/416
f 2210/51/416 2212/51/416 2214/52/416
f 2209/50/601 2218/53/599 2207/50/601
f 2218/53/599 2209/50/601 2220/53/599
f 2207/50/602 2218/53/600 2209/50/602
f 2220/53/600 2209/50/602 2218/53/600
f 2217/53/416 2209/50/416 2208/50/416
f 2209/50/416 2217/53/416 2220/53/416
f 2220/53/416 2217/53/416 2215/52/416
f 2220/53/416 2215/52/416 2221/52/416
f 2221/52/416 2215/52/416 2211/51/416
f 2221/52/416 2211/51/416 2213/51/416
f 2208/50/415 2209/50/415 2217/53/415
f 2220/53/415 2217/53/415 2209/50/415
f 2215/52/415 2217/53/415 2220/53/415
f 2221/52/415 2215/52/415 2220/53/415
f 2211/51/415 2215/52/415 2221/52/415
f 2213/51/415 2211/51/415 2221/52/415
f 2219/52/597 2213/51/598 2212/51/598
f 2213/51/598 2219/52/597 2221/52/597
f 2212/51/596 2213/51/596 2219/52/595
f 2221/52/595 2219/52/595 2213/51/596
f 2224/13/390 2223/11/390 2222/13/390
f 2223/11/390 2224/13/390 723/11/390
f 2222/13/389 2223/11/389 2224/13/389
f 723/11/389 2224/13/389 2223/11/389
f 2227/13/584 2226/11/387 2225/11/584
f 2226/11/387 2227/13/584 2228/13/387
f 2225/11/583 2226/11/388 2227/13/583
f 2228/13/388 2227/13/583 2226/11/388
f 2224/13/388 173/11/388 723/11/388
f 173/11/388 2224/13/388 1115/13/388
f 723/11/387 173/11/387 2224/13/387
f 1115/13/387 2224/13/387 173/11/387
f 2228/13/387 2223/11/586 2226/11/387
f 2223/11/586 2228/13/387 2222/13/586
f 2226/11/388 2223/11/585 2228/13/388
f 2222/13/585 2228/13/388 2223/11/585
f 173/11/82 2223/11/82 723/11/82
f 2223/11/82 173/11/82 2226/11/82
f 2226/11/82 173/11/82 2225/11/82
f 723/11/81 2223/11/81 173/11/81
f 2226/11/81 173/11/81 2223/11/81
f 2225/11/81 173/11/81 2226/11/81
f 2222/13/81 1115/13/81 2224/13/81
f 1115/13/81 2222/13/81 2228/13/81
f 1115/13/81 2228/13/81 2227/13/81
f 2224/13/82 1115/13/82 2222/13/82
f 2228/13/82 2222/13/82 1115/13/82
f 2227/13/82 2228/13/82 1115/13/82
f 173/11/389 2227/13/389 2225/11/389
f 2227/13/389 173/11/389 1115/13/389
f 2225/11/390 2227/13/390 173/11/390
f 1115/13/390 173/11/390 2227/13/390
f 2231/12/413 2230/11/387 2229/11/413
f 2230/11/387 2231/12/413 2232/12/387
f 2229/11/411 2230/11/388 2231/12/411
f 2232/12/388 2231/12/411 2230/11/388
f 2232/12/387 2233/11/416 2230/11/387
f 2233/11/416 2232/12/387 2234/12/416
f 2230/11/388 2233/11/415 2232/12/388
f 2234/12/415 2232/12/388 2233/11/415
f 2235/12/390 2233/11/390 2234/12/390
f 2233/11/390 2235/12/390 2236/11/390
f 2234/12/389 2233/11/389 2235/12/389
f 2236/11/389 2235/12/389 2233/11/389
f 2234/12/81 2237/12/81 2235/12/81
f 2237/12/81 2234/12/81 2232/12/81
f 2237/12/81 2232/12/81 2231/12/81
f 2235/12/82 2237/12/82 2234/12/82
f 2232/12/82 2234/12/82 2237/12/82
f 2231/12/82 2232/12/82 2237/12/82
f 2235/12/388 2238/11/388 2236/11/388
f 2238/11/388 2235/12/388 2237/12/388
f 2236/11/387 2238/11/387 2235/12/387
f 2237/12/387 2235/12/387 2238/11/387
f 2238/11/389 2231/12/389 2229/11/389
f 2231/12/389 2238/11/389 2237/12/389
f 2229/11/390 2231/12/390 2238/11/390
f 2237/12/390 2238/11/390 2231/12/390
f 2241/42/601 2240/42/596 2239/42/601
f 2240/42/596 2241/42/601 2242/42/596
f 2239/42/602 2240/42/598 2241/42/602
f 2242/42/598 2241/42/602 2240/42/598
f 2245/43/602 2244/43/598 2243/43/598
f 2244/43/598 2245/43/602 2246/43/602
f 2243/43/596 2244/43/596 2245/43/601
f 2246/43/601 2245/43/601 2244/43/596
f 2249/44/597 2248/45/599 2247/44/597
f 2248/45/599 2249/44/597 2250/45/599
f 2247/44/595 2248/45/600 2249/44/595
f 2250/45/600 2249/44/595 2248/45/600
f 2253/45/595 2252/44/600 2251/45/595
f 2252/44/600 2253/45/595 2254/44/600
f 2251/45/597 2252/44/599 2253/45/597
f 2254/44/599 2253/45/597 2252/44/599
f 2243/43/598 2249/44/597 2247/44/597
f 2249/44/597 2243/43/598 2244/43/598
f 2247/44/595 2249/44/595 2243/43/596
f 2244/43/596 2243/43/596 2249/44/595
f 2250/45/599 2239/42/601 2248/45/599
f 2239/42/601 2250/45/599 2241/42/601
f 2248/45/600 2239/42/602 2250/45/600
f 2241/42/602 2250/45/600 2239/42/602
f 2251/45/416 2239/42/416 2240/42/416
f 2239/42/416 2251/45/416 2248/45/416
f 2248/45/416 2251/45/416 2252/44/416
f 2248/45/416 2252/44/416 2247/44/416
f 2247/44/416 2252/44/416 2245/43/416
f 2247/44/416 2245/43/416 2243/43/416
f 2240/42/415 2239/42/415 2251/45/415
f 2248/45/415 2251/45/415 2239/42/415
f 2252/44/415 2251/45/415 2248/45/415
f 2247/44/415 2252/44/415 2248/45/415
f 2245/43/415 2252/44/415 2247/44/415
f 2243/43/415 2245/43/415 2247/44/415
f 2250/45/415 2242/42/415 2241/42/415
f 2242/42/415 2250/45/415 2253/45/415
f 2253/45/415 2250/45/415 2249/44/415
f 2253/45/415 2249/44/415 2254/44/415
f 2254/44/415 2249/44/415 2244/43/415
f 2254/44/415 2244/43/415 2246/43/415
f 2241/42/416 2242/42/416 2250/45/416
f 2253/45/416 2250/45/416 2242/42/416
f 2249/44/416 2250/45/416 2253/45/416
f 2254/44/416 2249/44/416 2253/45/416
f 2244/43/416 2249/44/416 2254/44/416
f 2246/43/416 2244/43/416 2254/44/416
f 2242/42/596 2251/45/595 2240/42/596
f 2251/45/595 2242/42/596 2253/45/595
f 2240/42/598 2251/45/597 2242/42/598
f 2253/45/597 2242/42/598 2251/45/597
f 2252/44/600 2246/43/602 2245/43/602
f 2246/43/602 2252/44/600 2254/44/600
f 2245/43/601 2246/43/601 2252/44/599
f 2254/44/599 2252/44/599 2246/43/601
f 2257/46/589 2256/46/592 2255/46/589
f 2256/46/592 2257/46/589 2258/46/592
f 2255/46/588 2256/46/594 2257/46/588
f 2258/46/594 2257/46/588 2256/46/594
f 2261/47/588 2260/47/594 2259/47/594
f 2260/47/594 2261/47/588 2262/47/588
f 2259/47/592 2260/47/592 2261/47/589
f 2262/47/589 2261/47/589 2260/47/592
f 2264/48/590 2255/46/589 2263/48/590
f 2255/46/589 2264/48/590 2257/46/589
f 2263/48/587 2255/46/588 2264/48/587
f 2257/46/588 2264/48/587 2255/46/588
f 2258/46/592 2265/48/591 2256/46/592
f 2265/48/591 2258/46/592 2266/48/591
f 2256/46/594 2265/48/593 2258/46/594
f 2266/48/593 2258/46/594 2265/48/593
f 2263/48/590 2267/49/593 2264/48/590
f 2267/49/593 2263/48/590 2268/49/593
f 2264/48/587 2267/49/591 2263/48/587
f 2268/49/591 2263/48/587 2267/49/591
f 2259/47/594 2267/49/593 2268/49/593
f 2267/49/593 2259/47/594 2260/47/594
f 2268/49/591 2267/49/591 2259/47/592
f 2260/47/592 2259/47/592 2267/49/591
f 2268/49/411 2261/47/411 2259/47/411
f 2261/47/411 2268/49/411 2269/49/411
f 2269/49/411 2268/49/411 2263/48/411
f 2269/49/411 2263/48/411 2265/48/411
f 2265/48/411 2263/48/411 2255/46/411
f 2265/48/411 2255/46/411 2256/46/411
f 2259/47/413 2261/47/413 2268/49/413
f 2269/49/413 2268/49/413 2261/47/413
f 2263/48/413 2268/49/413 2269/49/413
f 2265/48/413 2263/48/413 2269/49/413
f 2255/46/413 2263/48/413 2265/48/413
f 2256/46/413 2255/46/413 2265/48/413
f 2270/49/413 2260/47/413 2262/47/413
f 2260/47/413 2270/49/413 2267/49/413
f 2267/49/413 2270/49/413 2266/48/413
f 2267/49/413 2266/48/413 2264/48/413
f 2264/48/413 2266/48/413 2258/46/413
f 2264/48/413 2258/46/413 2257/46/413
f 2262/47/411 2260/47/411 2270/49/411
f 2267/49/411 2270/49/411 2260/47/411
f 2266/48/411 2270/49/411 2267/49/411
f 2264/48/411 2266/48/411 2267/49/411
f 2258/46/411 2266/48/411 2264/48/411
f 2257/46/411 2258/46/411 2264/48/411
f 2269/49/587 2262/47/588 2261/47/588
f 2262/47/588 2269/49/587 2270/49/587
f 2261/47/589 2262/47/589 2269/49/590
f 2270/49/590 2269/49/590 2262/47/589
f 2269/49/587 2266/48/591 2270/49/587
f 2266/48/591 2269/49/587 2265/48/591
f 2270/49/590 2266/48/593 2269/49/590
f 2265/48/593 2269/49/590 2266/48/593
f 2273/50/601 2272/50/596 2271/50/601
f 2272/50/596 2273/50/601 2274/50/596
f 2271/50/602 2272/50/598 2273/50/602
f 2274/50/598 2273/50/602 2272/50/598
f 2277/51/602 2276/51/598 2275/51/598
f 2276/51/598 2277/51/602 2278/51/602
f 2275/51/596 2276/51/596 2277/51/601
f 2278/51/601 2277/51/601 2276/51/596
f 2275/51/598 2280/52/597 2279/52/597
f 2280/52/597 2275/51/598 2276/51/598
f 2279/52/595 2280/52/595 2275/51/596
f 2276/51/596 2275/51/596 2280/52/595
f 2282/53/599 2271/50/601 2281/53/599
f 2271/50/601 2282/53/599 2273/50/601
f 2281/53/600 2271/50/602 2282/53/600
f 2273/50/602 2282/53/600 2271/50/602
f 2285/53/595 2284/52/600 2283/53/595
f 2284/52/600 2285/53/595 2286/52/600
f 2283/53/597 2284/52/599 2285/53/597
f 2286/52/599 2285/53/597 2284/52/599
f 2280/52/597 2281/53/599 2279/52/597
f 2281/53/599 2280/52/597 2282/53/599
f 2279/52/595 2281/53/600 2280/52/595
f 2282/53/600 2280/52/595 2281/53/600
f 2283/53/416 2271/50/416 2272/50/416
f 2271/50/416 2283/53/416 2281/53/416
f 2281/53/416 2283/53/416 2284/52/416
f 2281/53/416 2284/52/416 2279/52/416
f 2279/52/416 2284/52/416 2277/51/416
f 2279/52/416 2277/51/416 2275/51/416
f 2272/50/415 2271/50/415 2283/53/415
f 2281/53/415 2283/53/415 2271/50/415
f 2284/52/415 2283/53/415 2281/53/415
f 2279/52/415 2284/52/415 2281/53/415
f 2277/51/415 2284/52/415 2279/52/415
f 2275/51/415 2277/51/415 2279/52/415
f 2274/50/596 2283/53/595 2272/50/596
f 2283/53/595 2274/50/596 2285/53/595
f 2272/50/598 2283/53/597 2274/50/598
f 2285/53/597 2274/50/598 2283/53/597
f 2282/53/415 2274/50/415 2273/50/415
f 2274/50/415 2282/53/415 2285/53/415
f 2285/53/415 2282/53/415 2280/52/415
f 2285/53/415 2280/52/415 2286/52/415
f 2286/52/415 2280/52/415 2276/51/415
f 2286/52/415 2276/51/415 2278/51/415
f 2273/50/416 2274/50/416 2282/53/416
f 2285/53/416 2282/53/416 2274/50/416
f 2280/52/416 2282/53/416 2285/53/416
f 2286/52/416 2280/52/416 2285/53/416
f 2276/51/416 2280/52/416 2286/52/416
f 2278/51/416 2276/51/416 2286/52/416
f 2284/52/600 2278/51/602 2277/51/602
f 2278/51/602 2284/52/600 2286/52/600
f 2277/51/601 2278/51/601 2284/52/599
f 2286/52/599 2284/52/599 2278/51/601
f 1277/13/352 2288/11/352 2287/13/352
f 2288/11/352 1277/13/352 2289/11/352
f 2287/13/351 2288/11/351 1277/13/351
f 2289/11/351 1277/13/351 2288/11/351
f 2292/13/605 2291/11/339 2290/11/605
f 2291/11/339 2292/13/605 2293/13/339
f 2290/11/606 2291/11/340 2292/13/606
f 2293/13/340 2292/13/606 2291/11/340
f 1277/13/340 2294/11/340 2289/11/340
f 2294/11/340 1277/13/340 2295/13/340
f 2289/11/339 2294/11/339 1277/13/339
f 2295/13/339 1277/13/339 2294/11/339
f 2293/13/339 2288/11/607 2291/11/339
f 2288/11/607 2293/13/339 2287/13/607
f 2291/11/340 2288/11/608 2293/13/340
f 2287/13/608 2293/13/340 2288/11/608
f 2294/11/82 2288/11/82 2289/11/82
f 2288/11/82 2294/11/82 2291/11/82
f 2291/11/82 2294/11/82 2290/11/82
f 2289/11/81 2288/11/81 2294/11/81
f 2291/11/81 2294/11/81 2288/11/81
f 2290/11/81 2294/11/81 2291/11/81
f 2287/13/81 2295/13/81 1277/13/81
f 2295/13/81 2287/13/81 2293/13/81
f 2295/13/81 2293/13/81 2292/13/81
f 1277/13/82 2295/13/82 2287/13/82
f 2293/13/82 2287/13/82 2295/13/82
f 2292/13/82 2293/13/82 2295/13/82
f 2294/11/351 2292/13/351 2290/11/351
f 2292/13/351 2294/11/351 2295/13/351
f 2290/11/352 2292/13/352 2294/11/352
f 2295/13/352 2294/11/352 2292/13/352
f 2298/12/435 2297/11/339 2296/11/435
f 2297/11/339 2298/12/435 2299/12/339
f 2296/11/436 2297/11/340 2298/12/436
f 2299/12/340 2298/12/436 2297/11/340
f 2299/12/339 2300/11/437 2297/11/339
f 2300/11/437 2299/12/339 2301/12/437
f 2297/11/340 2300/11/438 2299/12/340
f 2301/12/438 2299/12/340 2300/11/438
f 2302/12/352 2300/11/352 2301/12/352
f 2300/11/352 2302/12/352 2303/11/352
f 2301/12/351 2300/11/351 2302/12/351
f 2303/11/351 2302/12/351 2300/11/351
f 2301/12/81 2304/12/81 2302/12/81
f 2304/12/81 2301/12/81 2299/12/81
f 2304/12/81 2299/12/81 2298/12/81
f 2302/12/82 2304/12/82 2301/12/82
f 2299/12/82 2301/12/82 2304/12/82
f 2298/12/82 2299/12/82 2304/12/82
f 2302/12/340 2305/11/340 2303/11/340
f 2305/11/340 2302/12/340 2304/12/340
f 2303/11/339 2305/11/339 2302/12/339
f 2304/12/339 2302/12/339 2305/11/339
f 2305/11/351 2298/12/351 2296/11/351
f 2298/12/351 2305/11/351 2304/12/351
f 2296/11/352 2298/12/352 2305/11/352
f 2304/12/352 2305/11/352 2298/12/352
f 2308/42/609 2307/42/610 2306/42/609
f 2307/42/610 2308/42/609 2309/42/610
f 2306/42/611 2307/42/612 2308/42/611
f 2309/42/612 2308/42/611 2307/42/612
f 2312/43/611 2311/43/612 2310/43/612
f 2311/43/612 2312/43/611 2313/43/611
f 2310/43/610 2311/43/610 2312/43/609
f 2313/43/609 2312/43/609 2311/43/610
f 2316/44/613 2315/45/614 2314/44/613
f 2315/45/614 2316/44/613 2317/45/614
f 2314/44/615 2315/45/616 2316/44/615
f 2317/45/616 2316/44/615 2315/45/616
f 2320/45/615 2319/44/616 2318/45/615
f 2319/44/616 2320/45/615 2321/44/616
f 2318/45/613 2319/44/614 2320/45/613
f 2321/44/614 2320/45/613 2319/44/614
f 2310/43/612 2316/44/613 2314/44/613
f 2316/44/613 2310/43/612 2311/43/612
f 2314/44/615 2316/44/615 2310/43/610
f 2311/43/610 2310/43/610 2316/44/615
f 2317/45/614 2306/42/609 2315/45/614
f 2306/42/609 2317/45/614 2308/42/609
f 2315/45/616 2306/42/611 2317/45/616
f 2308/42/611 2317/45/616 2306/42/611
f 2318/45/437 2306/42/437 2307/42/437
f 2306/42/437 2318/45/437 2315/45/437
f 2315/45/437 2318/45/437 2319/44/437
f 2315/45/437 2319/44/437 2314/44/437
f 2314/44/437 2319/44/437 2312/43/437
f 2314/44/437 2312/43/437 2310/43/437
f 2307/42/438 2306/42/438 2318/45/438
f 2315/45/438 2318/45/438 2306/42/438
f 2319/44/438 2318/45/438 2315/45/438
f 2314/44/438 2319/44/438 2315/45/438
f 2312/43/438 2319/44/438 2314/44/438
f 2310/43/438 2312/43/438 2314/44/438
f 2317/45/438 2309/42/438 2308/42/438
f 2309/42/438 2317/45/438 2320/45/438
f 2320/45/438 2317/45/438 2316/44/438
f 2320/45/438 2316/44/438 2321/44/438
f 2321/44/438 2316/44/438 2311/43/438
f 2321/44/438 2311/43/438 2313/43/438
f 2308/42/437 2309/42/437 2317/45/437
f 2320/45/437 2317/45/437 2309/42/437
f 2316/44/437 2317/45/437 2320/45/437
f 2321/44/437 2316/44/437 2320/45/437
f 2311/43/437 2316/44/437 2321/44/437
f 2313/43/437 2311/43/437 2321/44/437
f 2309/42/610 2318/45/615 2307/42/610
f 2318/45/615 2309/42/610 2320/45/615
f 2307/42/612 2318/45/613 2309/42/612
f 2320/45/613 2309/42/612 2318/45/613
f 2319/44/616 2313/43/611 2312/43/611
f 2313/43/611 2319/44/616 2321/44/616
f 2312/43/609 2313/43/609 2319/44/614
f 2321/44/614 2319/44/614 2313/43/609
f 2324/46/617 2323/46/618 2322/46/617
f 2323/46/618 2324/46/617 2325/46/618
f 2322/46/619 2323/46/620 2324/46/619
f 2325/46/620 2324/46/619 2323/46/620
f 2328/47/619 2327/47/620 2326/47/620
f 2327/47/620 2328/47/619 2329/47/619
f 2326/47/618 2327/47/618 2328/47/617
f 2329/47/617 2328/47/617 2327/47/618
f 2331/48/621 2322/46/617 2330/48/621
f 2322/46/617 2331/48/621 2324/46/617
f 2330/48/622 2322/46/619 2331/48/622
f 2324/46/619 2331/48/622 2322/46/619
f 2325/46/618 2332/48/623 2323/46/618
f 2332/48/623 2325/46/618 2333/48/623
f 2323/46/620 2332/48/624 2325/46/620
f 2333/48/624 2325/46/620 2332/48/624
f 2330/48/621 2334/49/624 2331/48/621
f 2334/49/624 2330/48/621 2335/49/624
f 2331/48/622 2334/49/623 2330/48/622
f 2335/49/623 2330/48/622 2334/49/623
f 2326/47/620 2334/49/624 2335/49/624
f 2334/49/624 2326/47/620 2327/47/620
f 2335/49/623 2334/49/623 2326/47/618
f 2327/47/618 2326/47/618 2334/49/623
f 2335/49/436 2328/47/436 2326/47/436
f 2328/47/436 2335/49/436 2336/49/436
f 2336/49/436 2335/49/436 2330/48/436
f 2336/49/436 2330/48/436 2332/48/436
f 2332/48/436 2330/48/436 2322/46/436
f 2332/48/436 2322/46/436 2323/46/436
f 2326/47/435 2328/47/435 2335/49/435
f 2336/49/435 2335/49/435 2328/47/435
f 2330/48/435 2335/49/435 2336/49/435
f 2332/48/435 2330/48/435 2336/49/435
f 2322/46/435 2330/48/435 2332/48/435
f 2323/46/435 2322/46/435 2332/48/435
f 2337/49/435 2327/47/435 2329/47/435
f 2327/47/435 2337/49/435 2334/49/435
f 2334/49/435 2337/49/435 2333/48/435
f 2334/49/435 2333/48/435 2331/48/435
f 2331/48/435 2333/48/435 2325/46/435
f 2331/48/435 2325/46/435 2324/46/435
f 2329/47/436 2327/47/436 2337/49/436
f 2334/49/436 2337/49/436 2327/47/436
f 2333/48/436 2337/49/436 2334/49/436
f 2331/48/436 2333/48/436 2334/49/436
f 2325/46/436 2333/48/436 2331/48/436
f 2324/46/436 2325/46/436 2331/48/436
f 2336/49/622 2329/47/619 2328/47/619
f 2329/47/619 2336/49/622 2337/49/622
f 2328/47/617 2329/47/617 2336/49/621
f 2337/49/621 2336/49/621 2329/47/617
f 2336/49/622 2333/48/623 2337/49/622
f 2333/48/623 2336/49/622 2332/48/623
f 2337/49/621 2333/48/624 2336/49/621
f 2332/48/624 2336/49/621 2333/48/624
f 2340/50/609 2339/50/610 2338/50/609
f 2339/50/610 2340/50/609 2341/50/610
f 2338/50/611 2339/50/612 2340/50/611
f 2341/50/612 2340/50/611 2339/50/612
f 2344/51/611 2343/51/612 2342/51/612
f 2343/51/612 2344/51/611 2345/51/611
f 2342/51/610 2343/51/610 2344/51/609
f 2345/51/609 2344/51/609 2343/51/610
f 2342/51/612 2347/52/613 2346/52/613
f 2347/52/613 2342/51/612 2343/51/612
f 2346/52/615 2347/52/615 2342/51/610
f 2343/51/610 2342/51/610 2347/52/615
f 2349/53/614 2338/50/609 2348/53/614
f 2338/50/609 2349/53/614 2340/50/609
f 2348/53/616 2338/50/611 2349/53/616
f 2340/50/611 2349/53/616 2338/50/611
f 2352/53/615 2351/52/616 2350/53/615
f 2351/52/616 2352/53/615 2353/52/616
f 2350/53/613 2351/52/614 2352/53/613
f 2353/52/614 2352/53/613 2351/52/614
f 2347/52/613 2348/53/614 2346/52/613
f 2348/53/614 2347/52/613 2349/53/614
f 2346/52/615 2348/53/616 2347/52/615
f 2349/53/616 2347/52/615 2348/53/616
f 2350/53/437 2338/50/437 2339/50/437
f 2338/50/437 2350/53/437 2348/53/437
f 2348/53/437 2350/53/437 2351/52/437
f 2348/53/437 2351/52/437 2346/52/437
f 2346/52/437 2351/52/437 2344/51/437
f 2346/52/437 2344/51/437 2342/51/437
f 2339/50/438 2338/50/438 2350/53/438
f 2348/53/438 2350/53/438 2338/50/438
f 2351/52/438 2350/53/438 2348/53/438
f 2346/52/438 2351/52/438 2348/53/438
f 2344/51/438 2351/52/438 2346/52/438
f 2342/51/438 2344/51/438 2346/52/438
f 2341/50/610 2350/53/615 2339/50/610
f 2350/53/615 2341/50/610 2352/53/615
f 2339/50/612 2350/53/613 2341/50/612
f 2352/53/613 2341/50/612 2350/53/613
f 2349/53/438 2341/50/438 2340/50/438
f 2341/50/438 2349/53/438 2352/53/438
f 2352/53/438 2349/53/438 2347/52/438
f 2352/53/438 2347/52/438 2353/52/438
f 2353/52/438 2347/52/438 2343/51/438
f 2353/52/438 2343/51/438 2345/51/438
f 2340/50/437 2341/50/437 2349/53/437
f 2352/53/437 2349/53/437 2341/50/437
f 2347/52/437 2349/53/437 2352/53/437
f 2353/52/437 2347/52/437 2352/53/437
f 2343/51/437 2347/52/437 2353/52/437
f 2345/51/437 2343/51/437 2353/52/437
f 2351/52/616 2345/51/611 2344/51/611
f 2345/51/611 2351/52/616 2353/52/616
f 2344/51/609 2345/51/609 2351/52/614
f 2353/52/614 2351/52/614 2345/51/609
f 1287/13/368 1426/11/368 1431/13/368
f 1426/11/368 1287/13/368 187/11/368
f 1431/13/367 1426/11/367 1287/13/367
f 187/11/367 1287/13/367 1426/11/367
f 2356/13/625 2355/11/355 2354/11/625
f 2355/11/355 2356/13/625 2357/13/355
f 2354/11/626 2355/11/356 2356/13/626
f 2357/13/356 2356/13/626 2355/11/356
f 1287/13/356 2358/11/356 187/11/356
f 2358/11/356 1287/13/356 1288/13/356
f 187/11/355 2358/11/355 1287/13/355
f 1288/13/355 1287/13/355 2358/11/355
f 2357/13/355 1426/11/627 2355/11/355
f 1426/11/627 2357/13/355 1431/13/627
f 2355/11/356 1426/11/628 2357/13/356
f 1431/13/628 2357/13/356 1426/11/628
f 2358/11/82 1426/11/82 187/11/82
f 1426/11/82 2358/11/82 2355/11/82
f 2355/11/82 2358/11/82 2354/11/82
f 187/11/81 1426/11/81 2358/11/81
f 2355/11/81 2358/11/81 1426/11/81
f 2354/11/81 2358/11/81 2355/11/81
f 1431/13/81 1288/13/81 1287/13/81
f 1288/13/81 1431/13/81 2357/13/81
f 1288/13/81 2357/13/81 2356/13/81
f 1287/13/82 1288/13/82 1431/13/82
f 2357/13/82 1431/13/82 1288/13/82
f 2356/13/82 2357/13/82 1288/13/82
f 2358/11/367 2356/13/367 2354/11/367
f 2356/13/367 2358/11/367 1288/13/367
f 2354/11/368 2356/13/368 2358/11/368
f 1288/13/368 2358/11/368 2356/13/368
f 2361/12/439 2360/11/355 2359/11/439
f 2360/11/355 2361/12/439 2362/12/355
f 2359/11/440 2360/11/356 2361/12/440
f 2362/12/356 2361/12/440 2360/11/356
f 2362/12/355 2363/11/441 2360/11/355
f 2363/11/441 2362/12/355 2364/12/441
f 2360/11/356 2363/11/442 2362/12/356
f 2364/12/442 2362/12/356 2363/11/442
f 2365/12/368 2363/11/368 2364/12/368
f 2363/11/368 2365/12/368 2366/11/368
f 2364/12/367 2363/11/367 2365/12/367
f 2366/11/367 2365/12/367 2363/11/367
f 2364/12/81 2367/12/81 2365/12/81
f 2367/12/81 2364/12/81 2362/12/81
f 2367/12/81 2362/12/81 2361/12/81
f 2365/12/82 2367/12/82 2364/12/82
f 2362/12/82 2364/12/82 2367/12/82
f 2361/12/82 2362/12/82 2367/12/82
f 2365/12/356 2368/11/356 2366/11/356
f 2368/11/356 2365/12/356 2367/12/356
f 2366/11/355 2368/11/355 2365/12/355
f 2367/12/355 2365/12/355 2368/11/355
f 2368/11/367 2361/12/367 2359/11/367
f 2361/12/367 2368/11/367 2367/12/367
f 2359/11/368 2361/12/368 2368/11/368
f 2367/12/368 2368/11/368 2361/12/368
f 2371/42/629 2370/42/630 2369/42/629
f 2370/42/630 2371/42/629 2372/42/630
f 2369/42/631 2370/42/632 2371/42/631
f 2372/42/632 2371/42/631 2370/42/632
f 2375/43/631 2374/43/632 2373/43/632
f 2374/43/632 2375/43/631 2376/43/631
f 2373/43/630 2374/43/630 2375/43/629
f 2376/43/629 2375/43/629 2374/43/630
f 2379/44/633 2378/45/634 2377/44/633
f 2378/45/634 2379/44/633 2380/45/634
f 2377/44/635 2378/45/636 2379/44/635
f 2380/45/636 2379/44/635 2378/45/636
f 2383/45/635 2382/44/636 2381/45/635
f 2382/44/636 2383/45/635 2384/44/636
f 2381/45/633 2382/44/634 2383/45/633
f 2384/44/634 2383/45/633 2382/44/634
f 2373/43/632 2379/44/633 2377/44/633
f 2379/44/633 2373/43/632 2374/43/632
f 2377/44/635 2379/44/635 2373/43/630
f 2374/43/630 2373/43/630 2379/44/635
f 2380/45/634 2369/42/629 2378/45/634
f 2369/42/629 2380/45/634 2371/42/629
f 2378/45/636 2369/42/631 2380/45/636
f 2371/42/631 2380/45/636 2369/42/631
f 2381/45/441 2369/42/441 2370/42/441
f 2369/42/441 2381/45/441 2378/45/441
f 2378/45/441 2381/45/441 2382/44/441
f 2378/45/441 2382/44/441 2377/44/441
f 2377/44/441 2382/44/441 2375/43/441
f 2377/44/441 2375/43/441 2373/43/441
f 2370/42/442 2369/42/442 2381/45/442
f 2378/45/442 2381/45/442 2369/42/442
f 2382/44/442 2381/45/442 2378/45/442
f 2377/44/442 2382/44/442 2378/45/442
f 2375/43/442 2382/44/442 2377/44/442
f 2373/43/442 2375/43/442 2377/44/442
f 2380/45/442 2372/42/442 2371/42/442
f 2372/42/442 2380/45/442 2383/45/442
f 2383/45/442 2380/45/442 2379/44/442
f 2383/45/442 2379/44/442 2384/44/442
f 2384/44/442 2379/44/442 2374/43/442
f 2384/44/442 2374/43/442 2376/43/442
f 2371/42/441 2372/42/441 2380/45/441
f 2383/45/441 2380/45/441 2372/42/441
f 2379/44/441 2380/45/441 2383/45/441
f 2384/44/441 2379/44/441 2383/45/441
f 2374/43/441 2379/44/441 2384/44/441
f 2376/43/441 2374/43/441 2384/44/441
f 2372/42/630 2381/45/635 2370/42/630
f 2381/45/635 2372/42/630 2383/45/635
f 2370/42/632 2381/45/633 2372/42/632
f 2383/45/633 2372/42/632 2381/45/633
f 2382/44/636 2376/43/631 2375/43/631
f 2376/43/631 2382/44/636 2384/44/636
f 2375/43/629 2376/43/629 2382/44/634
f 2384/44/634 2382/44/634 2376/43/629
f 2387/46/637 2386/46/638 2385/46/637
f 2386/46/638 2387/46/637 2388/46/638
f 2385/46/639 2386/46/640 2387/46/639
f 2388/46/640 2387/46/639 2386/46/640
f 2391/47/639 2390/47/640 2389/47/640
f 2390/47/640 2391/47/639 2392/47/639
f 2389/47/638 2390/47/638 2391/47/637
f 2392/47/637 2391/47/637 2390/47/638
f 2394/48/641 2385/46/637 2393/48/641
f 2385/46/637 2394/48/641 2387/46/637
f 2393/48/642 2385/46/639 2394/48/642
f 2387/46/639 2394/48/642 2385/46/639
f 2388/46/638 2395/48/643 2386/46/638
f 2395/48/643 2388/46/638 2396/48/643
f 2386/46/640 2395/48/644 2388/46/640
f 2396/48/644 2388/46/640 2395/48/644
f 2393/48/641 2397/49/644 2394/48/641
f 2397/49/644 2393/48/641 2398/49/644
f 2394/48/642 2397/49/643 2393/48/642
f 2398/49/643 2393/48/642 2397/49/643
f 2389/47/640 2397/49/644 2398/49/644
f 2397/49/644 2389/47/640 2390/47/640
f 2398/49/643 2397/49/643 2389/47/638
f 2390/47/638 2389/47/638 2397/49/643
f 2398/49/440 2391/47/440 2389/47/440
f 2391/47/440 2398/49/440 2399/49/440
f 2399/49/440 2398/49/440 2393/48/440
f 2399/49/440 2393/48/440 2395/48/440
f 2395/48/440 2393/48/440 2385/46/440
f 2395/48/440 2385/46/440 2386/46/440
f 2389/47/439 2391/47/439 2398/49/439
f 2399/49/439 2398/49/439 2391/47/439
f 2393/48/439 2398/49/439 2399/49/439
f 2395/48/439 2393/48/439 2399/49/439
f 2385/46/439 2393/48/439 2395/48/439
f 2386/46/439 2385/46/439 2395/48/439
f 2400/49/439 2390/47/439 2392/47/439
f 2390/47/439 2400/49/439 2397/49/439
f 2397/49/439 2400/49/439 2396/48/439
f 2397/49/439 2396/48/439 2394/48/439
f 2394/48/439 2396/48/439 2388/46/439
f 2394/48/439 2388/46/439 2387/46/439
f 2392/47/440 2390/47/440 2400/49/440
f 2397/49/440 2400/49/440 2390/47/440
f 2396/48/440 2400/49/440 2397/49/440
f 2394/48/440 2396/48/440 2397/49/440
f 2388/46/440 2396/48/440 2394/48/440
f 2387/46/440 2388/46/440 2394/48/440
f 2399/49/642 2392/47/639 2391/47/639
f 2392/47/639 2399/49/642 2400/49/642
f 2391/47/637 2392/47/637 2399/49/641
f 2400/49/641 2399/49/641 2392/47/637
f 2399/49/642 2396/48/643 2400/49/642
f 2396/48/643 2399/49/642 2395/48/643
f 2400/49/641 2396/48/644 2399/49/641
f 2395/48/644 2399/49/641 2396/48/644
f 2403/50/629 2402/50/630 2401/50/629
f 2402/50/630 2403/50/629 2404/50/630
f 2401/50/631 2402/50/632 2403/50/631
f 2404/50/632 2403/50/631 2402/50/632
f 2407/51/631 2406/51/632 2405/51/632
f 2406/51/632 2407/51/631 2408/51/631
f 2405/51/630 2406/51/630 2407/51/629
f 2408/51/629 2407/51/629 2406/51/630
f 2405/51/632 2410/52/633 2409/52/633
f 2410/52/633 2405/51/632 2406/51/632
f 2409/52/635 2410/52/635 2405/51/630
f 2406/51/630 2405/51/630 2410/52/635
f 2412/53/634 2401/50/629 2411/53/634
f 2401/50/629 2412/53/634 2403/50/629
f 2411/53/636 2401/50/631 2412/53/636
f 2403/50/631 2412/53/636 2401/50/631
f 2415/53/635 2414/52/636 2413/53/635
f 2414/52/636 2415/53/635 2416/52/636
f 2413/53/633 2414/52/634 2415/53/633
f 2416/52/634 2415/53/633 2414/52/634
f 2410/52/633 2411/53/634 2409/52/633
f 2411/53/634 2410/52/633 2412/53/634
f 2409/52/635 2411/53/636 2410/52/635
f 2412/53/636 2410/52/635 2411/53/636
f 2413/53/441 2401/50/441 2402/50/441
f 2401/50/441 2413/53/441 2411/53/441
f 2411/53/441 2413/53/441 2414/52/441
f 2411/53/441 2414/52/441 2409/52/441
f 2409/52/441 2414/52/441 2407/51/441
f 2409/52/441 2407/51/441 2405/51/441
f 2402/50/442 2401/50/442 2413/53/442
f 2411/53/442 2413/53/442 2401/50/442
f 2414/52/442 2413/53/442 2411/53/442
f 2409/52/442 2414/52/442 2411/53/442
f 2407/51/442 2414/52/442 2409/52/442
f 2405/51/442 2407/51/442 2409/52/442
f 2404/50/630 2413/53/635 2402/50/630
f 2413/53/635 2404/50/630 2415/53/635
f 2402/50/632 2413/53/633 2404/50/632
f 2415/53/633 2404/50/632 2413/53/633
f 2412/53/442 2404/50/442 2403/50/442
f 2404/50/442 2412/53/442 2415/53/442
f 2415/53/442 2412/53/442 2410/52/442
f 2415/53/442 2410/52/442 2416/52/442
f 2416/52/442 2410/52/442 2406/51/442
f 2416/52/442 2406/51/442 2408/51/442
f 2403/50/441 2404/50/441 2412/53/441
f 2415/53/441 2412/53/441 2404/50/441
f 2410/52/441 2412/53/441 2415/53/441
f 2416/52/441 2410/52/441 2415/53/441
f 2406/51/441 2410/52/441 2416/52/441
f 2408/51/441 2406/51/441 2416/52/441
f 2414/52/636 2408/51/631 2407/51/631
f 2408/51/631 2414/52/636 2416/52/636
f 2407/51/629 2408/51/629 2414/52/634
f 2416/52/634 2414/52/634 2408/51/629
f 2419/12/352 2418/11/352 2417/12/352
f 2418/11/352 2419/12/352 2420/11/352
f 2417/12/351 2418/11/351 2419/12/351
f 2420/11/351 2419/12/351 2418/11/351
f 2419/12/340 2421/11/340 2420/11/340
f 2421/11/340 2419/12/340 2422/12/340
f 2420/11/339 2421/11/339 2419/12/339
f 2422/12/339 2419/12/339 2421/11/339
f 2423/11/423 2417/12/425 2418/11/425
f 2417/12/425 2423/11/423 2424/12/423
f 2418/11/426 2417/12/426 2423/11/424
f 2424/12/424 2423/11/424 2417/12/426
f 2421/11/420 2426/12/419 2425/11/419
f 2426/12/419 2421/11/420 2422/12/420
f 2425/11/422 2426/12/422 2421/11/421
f 2422/12/421 2421/11/421 2426/12/422
f 2424/12/81 2419/12/81 2417/12/81
f 2419/12/81 2424/12/81 2422/12/81
f 2422/12/81 2424/12/81 2426/12/81
f 2417/12/82 2419/12/82 2424/12/82
f 2422/12/82 2424/12/82 2419/12/82
f 2426/12/82 2424/12/82 2422/12/82
f 2426/12/419 2423/11/423 2425/11/419
f 2423/11/423 2426/12/419 2424/12/423
f 2425/11/422 2423/11/424 2426/12/422
f 2424/12/424 2426/12/422 2423/11/424
f 1179/13/340 2428/11/340 2427/11/340
f 2428/11/340 1179/13/340 1835/13/340
f 2427/11/339 2428/11/339 1179/13/339
f 1835/13/339 1179/13/339 2428/11/339
f 1179/13/352 2430/11/352 2429/13/352
f 2430/11/352 1179/13/352 2427/11/352
f 2429/13/351 2430/11/351 1179/13/351
f 2427/11/351 1179/13/351 2430/11/351
f 2431/13/81 1179/13/81 2429/13/81
f 1179/13/81 2431/13/81 1835/13/81
f 1835/13/81 2431/13/81 2432/13/81
f 2429/13/82 1179/13/82 2431/13/82
f 1835/13/82 2431/13/82 1179/13/82
f 2432/13/82 2431/13/82 1835/13/82
f 2428/11/82 2430/11/82 2427/11/82
f 2430/11/82 2428/11/82 2433/11/82
f 2433/11/82 2428/11/82 2434/11/82
f 2427/11/81 2430/11/81 2428/11/81
f 2433/11/81 2428/11/81 2430/11/81
f 2434/11/81 2428/11/81 2433/11/81
f 2428/11/420 2432/13/419 2434/11/419
f 2432/13/419 2428/11/420 1835/13/420
f 2434/11/422 2432/13/422 2428/11/421
f 1835/13/421 2428/11/421 2432/13/422
f 2432/13/419 2433/11/603 2434/11/419
f 2433/11/603 2432/13/419 2431/13/603
f 2434/11/422 2433/11/604 2432/13/422
f 2431/13/604 2432/13/422 2433/11/604
f 2433/11/603 2429/13/425 2430/11/425
f 2429/13/425 2433/11/603 2431/13/603
f 2430/11/426 2429/13/426 2433/11/604
f 2431/13/604 2433/11/604 2429/13/426
f 2437/54/645 2436/54/645 2435/54/645
f 2436/54/645 2437/54/645 2438/54/645
f 2438/54/645 2437/54/645 2439/54/645
f 2438/54/645 2439/54/645 2440/54/645
f 2440/54/645 2439/54/645 2441/54/645
f 2440/54/645 2441/54/645 2442/54/645
f 2435/54/646 2436/54/646 2437/54/646
f 2438/54/646 2437/54/646 2436/54/646
f 2439/54/646 2437/54/646 2438/54/646
f 2440/54/646 2439/54/646 2438/54/646
f 2441/54/646 2439/54/646 2440/54/646
f 2442/54/646 2441/54/646 2440/54/646
f 2445/55/646 2444/55/646 2443/55/646
f 2444/55/646 2445/55/646 2446/55/646
f 2444/55/646 2446/55/646 2447/55/646
f 2447/55/646 2446/55/646 2448/55/646
f 2447/55/646 2448/55/646 2449/55/646
f 2449/55/646 2448/55/646 2450/55/646
f 2443/55/645 2444/55/645 2445/55/645
f 2446/55/645 2445/55/645 2444/55/645
f 2447/55/645 2446/55/645 2444/55/645
f 2448/55/645 2446/55/645 2447/55/645
f 2449/55/645 2448/55/645 2447/55/645
f 2450/55/645 2448/55/645 2449/55/645
f 2443/55/648 2436/54/647 2445/55/647
f 2436/54/647 2443/55/648 2435/54/648
f 2445/55/650 2436/54/650 2443/55/649
f 2435/54/649 2443/55/649 2436/54/650
f 2446/55/345 2436/54/651 2438/54/345
f 2436/54/651 2446/55/345 2445/55/651
f 2438/54/346 2436/54/652 2446/55/346
f 2445/55/652 2446/55/346 2436/54/652
f 2448/55/653 2438/54/345 2440/54/653
f 2438/54/345 2448/55/653 2446/55/345
f 2440/54/654 2438/54/346 2448/55/654
f 2446/55/346 2448/55/654 2438/54/346
f 2442/54/649 2448/55/655 2440/54/655
f 2448/55/655 2442/54/649 2450/55/649
f 2440/54/656 2448/55/656 2442/54/648
f 2450/55/648 2442/54/648 2448/55/656
f 2441/54/650 2450/55/649 2442/54/649
f 2450/55/649 2441/54/650 2449/55/650
f 2442/54/648 2450/55/648 2441/54/647
f 2449/55/647 2441/54/647 2450/55/648
f 2447/55/346 2441/54/652 2439/54/346
f 2441/54/652 2447/55/346 2449/55/652
f 2439/54/345 2441/54/651 2447/55/345
f 2449/55/651 2447/55/345 2441/54/651
f 2444/55/654 2439/54/346 2437/54/654
f 2439/54/346 2444/55/654 2447/55/346
f 2437/54/653 2439/54/345 2444/55/653
f 2447/55/345 2444/55/653 2439/54/345
f 2444/55/656 2435/54/648 2443/55/648
f 2435/54/648 2444/55/656 2437/54/656
f 2443/55/649 2435/54/649 2444/55/655
f 2437/54/655 2444/55/655 2435/54/649
f 2453/55/646 2452/55/646 2451/55/646
f 2452/55/646 2453/55/646 2454/55/646
f 2452/55/646 2454/55/646 2455/55/646
f 2455/55/646 2454/55/646 2456/55/646
f 2456/55/646 2454/55/646 2457/55/646
f 2456/55/646 2457/55/646 2458/55/646
f 2451/55/645 2452/55/645 2453/55/645
f 2454/55/645 2453/55/645 2452/55/645
f 2455/55/645 2454/55/645 2452/55/645
f 2456/55/645 2454/55/645 2455/55/645
f 2457/55/645 2454/55/645 2456/55/645
f 2458/55/645 2457/55/645 2456/55/645
f 2451/55/648 2459/54/647 2453/55/647
f 2459/54/647 2451/55/648 2460/54/648
f 2453/55/650 2459/54/650 2451/55/649
f 2460/54/649 2451/55/649 2459/54/650
f 2454/55/345 2459/54/651 2461/54/345
f 2459/54/651 2454/55/345 2453/55/651
f 2461/54/346 2459/54/652 2454/55/346
f 2453/55/652 2454/55/346 2459/54/652
f 2457/55/653 2461/54/345 2462/54/653
f 2461/54/345 2457/55/653 2454/55/345
f 2462/54/654 2461/54/346 2457/55/654
f 2454/55/346 2457/55/654 2461/54/346
f 2463/54/649 2457/55/655 2462/54/655
f 2457/55/655 2463/54/649 2458/55/649
f 2462/54/656 2457/55/656 2463/54/648
f 2458/55/648 2463/54/648 2457/55/656
f 2464/54/650 2458/55/649 2463/54/649
f 2458/55/649 2464/54/650 2456/55/650
f 2463/54/648 2458/55/648 2464/54/647
f 2456/55/647 2464/54/647 2458/55/648
f 2455/55/346 2464/54/652 2465/54/346
f 2464/54/652 2455/55/346 2456/55/652
f 2465/54/345 2464/54/651 2455/55/345
f 2456/55/651 2455/55/345 2464/54/651
f 2452/55/654 2465/54/346 2466/54/654
f 2465/54/346 2452/55/654 2455/55/346
f 2466/54/653 2465/54/345 2452/55/653
f 2455/55/345 2452/55/653 2465/54/345
f 2452/55/656 2460/54/648 2451/55/648
f 2460/54/648 2452/55/656 2466/54/656
f 2451/55/649 2460/54/649 2452/55/655
f 2466/54/655 2452/55/655 2460/54/649
f 2469/57/657 2468/56/658 2467/56/657
f 2468/56/658 2469/57/657 2470/57/658
f 2467/56/659 2468/56/660 2469/57/659
f 2470/57/660 2469/57/659 2468/56/660
f 2473/56/661 2472/57/662 2471/57/661
f 2472/57/662 2473/56/661 2474/56/662
f 2471/57/663 2472/57/664 2473/56/663
f 2474/56/664 2473/56/663 2472/57/664
f 2476/57/665 2467/56/657 2475/56/665
f 2467/56/657 2476/57/665 2469/57/657
f 2475/56/666 2467/56/659 2476/57/666
f 2469/57/659 2476/57/666 2467/56/659
f 2479/57/667 2478/56/668 2477/56/667
f 2478/56/668 2479/57/667 2480/57/668
f 2477/56/669 2478/56/670 2479/57/669
f 2480/57/670 2479/57/669 2478/56/670
f 2479/57/667 2468/56/671 2470/57/671
f 2468/56/671 2479/57/667 2477/56/667
f 2470/57/672 2468/56/672 2479/57/669
f 2477/56/669 2479/57/669 2468/56/672
f 2482/57/673 2474/56/674 2481/56/673
f 2474/56/674 2482/57/673 2472/57/674
f 2481/56/675 2474/56/676 2482/57/675
f 2472/57/676 2482/57/675 2474/56/676
f 2480/57/677 2481/56/673 2478/56/677
f 2481/56/673 2480/57/677 2482/57/673
f 2478/56/678 2481/56/675 2480/57/678
f 2482/57/675 2480/57/678 2481/56/675
f 2475/56/679 2471/57/661 2476/57/679
f 2471/57/661 2475/56/679 2473/56/661
f 2476/57/680 2471/57/663 2475/56/680
f 2473/56/663 2475/56/680 2471/57/663
f 2485/54/645 2484/54/645 2483/54/645
f 2484/54/645 2485/54/645 2486/54/645
f 2486/54/645 2485/54/645 2487/54/645
f 2486/54/645 2487/54/645 2488/54/645
f 2488/54/645 2487/54/645 2489/54/645
f 2488/54/645 2489/54/645 2490/54/645
f 2483/54/646 2484/54/646 2485/54/646
f 2486/54/646 2485/54/646 2484/54/646
f 2487/54/646 2485/54/646 2486/54/646
f 2488/54/646 2487/54/646 2486/54/646
f 2489/54/646 2487/54/646 2488/54/646
f 2490/54/646 2489/54/646 2488/54/646
f 2493/55/646 2492/55/646 2491/55/646
f 2492/55/646 2493/55/646 2494/55/646
f 2492/55/646 2494/55/646 2495/55/646
f 2495/55/646 2494/55/646 2496/55/646
f 2495/55/646 2496/55/646 2497/55/646
f 2497/55/646 2496/55/646 2498/55/646
f 2491/55/645 2492/55/645 2493/55/645
f 2494/55/645 2493/55/645 2492/55/645
f 2495/55/645 2494/55/645 2492/55/645
f 2496/55/645 2494/55/645 2495/55/645
f 2497/55/645 2496/55/645 2495/55/645
f 2498/55/645 2496/55/645 2497/55/645
f 2491/55/682 2484/54/681 2493/55/681
f 2484/54/681 2491/55/682 2483/54/682
f 2493/55/684 2484/54/684 2491/55/683
f 2483/54/683 2491/55/683 2484/54/684
f 2494/55/685 2484/54/686 2486/54/685
f 2484/54/686 2494/55/685 2493/55/686
f 2486/54/687 2484/54/688 2494/55/687
f 2493/55/688 2494/55/687 2484/54/688
f 2496/55/689 2486/54/685 2488/54/689
f 2486/54/685 2496/55/689 2494/55/685
f 2488/54/690 2486/54/687 2496/55/690
f 2494/55/687 2496/55/690 2486/54/687
f 2490/54/683 2496/55/691 2488/54/691
f 2496/55/691 2490/54/683 2498/55/683
f 2488/54/692 2496/55/692 2490/54/682
f 2498/55/682 2490/54/682 2496/55/692
f 2489/54/684 2498/55/683 2490/54/683
f 2498/55/683 2489/54/684 2497/55/684
f 2490/54/682 2498/55/682 2489/54/681
f 2497/55/681 2489/54/681 2498/55/682
f 2495/55/687 2489/54/688 2487/54/687
f 2489/54/688 2495/55/687 2497/55/688
f 2487/54/685 2489/54/686 2495/55/685
f 2497/55/686 2495/55/685 2489/54/686
f 2492/55/690 2487/54/687 2485/54/690
f 2487/54/687 2492/55/690 2495/55/687
f 2485/54/689 2487/54/685 2492/55/689
f 2495/55/685 2492/55/689 2487/54/685
f 2492/55/692 2483/54/682 2491/55/682
f 2483/54/682 2492/55/692 2485/54/692
f 2491/55/683 2483/54/683 2492/55/691
f 2485/54/691 2492/55/691 2483/54/683
f 2501/55/646 2500/55/646 2499/55/646
f 2500/55/646 2501/55/646 2502/55/646
f 2500/55/646 2502/55/646 2503/55/646
f 2503/55/646 2502/55/646 2504/55/646
f 2504/55/646 2502/55/646 2505/55/646
f 2504/55/646 2505/55/646 2506/55/646
f 2499/55/645 2500/55/645 2501/55/645
f 2502/55/645 2501/55/645 2500/55/645
f 2503/55/645 2502/55/645 2500/55/645
f 2504/55/645 2502/55/645 2503/55/645
f 2505/55/645 2502/55/645 2504/55/645
f 2506/55/645 2505/55/645 2504/55/645
f 2499/55/682 2507/54/681 2501/55/681
f 2507/54/681 2499/55/682 2508/54/682
f 2501/55/684 2507/54/684 2499/55/683
f 2508/54/683 2499/55/683 2507/54/684
f 2502/55/685 2507/54/686 2509/54/685
f 2507/54/686 2502/55/685 2501/55/686
f 2509/54/687 2507/54/688 2502/55/687
f 2501/55/688 2502/55/687 2507/54/688
f 2505/55/689 2509/54/685 2510/54/689
f 2509/54/685 2505/55/689 2502/55/685
f 2510/54/690 2509/54/687 2505/55/690
f 2502/55/687 2505/55/690 2509/54/687
f 2511/54/683 2505/55/691 2510/54/691
f 2505/55/691 2511/54/683 2506/55/683
f 2510/54/692 2505/55/692 2511/54/682
f 2506/55/682 2511/54/682 2505/55/692
f 2512/54/684 2506/55/683 2511/54/683
f 2506/55/683 2512/54/684 2504/55/684
f 2511/54/682 2506/55/682 2512/54/681
f 2504/55/681 2512/54/681 2506/55/682
f 2503/55/687 2512/54/688 2513/54/687
f 2512/54/688 2503/55/687 2504/55/688
f 2513/54/685 2512/54/686 2503/55/685
f 2504/55/686 2503/55/685 2512/54/686
f 2500/55/690 2513/54/687 2514/54/690
f 2513/54/687 2500/55/690 2503/55/687
f 2514/54/689 2513/54/685 2500/55/689
f 2503/55/685 2500/55/689 2513/54/685
f 2500/55/692 2508/54/682 2499/55/682
f 2508/54/682 2500/55/692 2514/54/692
f 2499/55/683 2508/54/683 2500/55/691
f 2514/54/691 2500/55/691 2508/54/683
f 2517/57/693 2516/56/694 2515/56/693
f 2516/56/694 2517/57/693 2518/57/694
f 2515/56/695 2516/56/696 2517/57/695
f 2518/57/696 2517/57/695 2516/56/696
f 2521/56/697 2520/57/698 2519/57/697
f 2520/57/698 2521/56/697 2522/56/698
f 2519/57/699 2520/57/700 2521/56/699
f 2522/56/700 2521/56/699 2520/57/700
f 2524/57/701 2515/56/693 2523/56/701
f 2515/56/693 2524/57/701 2517/57/693
f 2523/56/702 2515/56/695 2524/57/702
f 2517/57/695 2524/57/702 2515/56/695
f 2527/57/703 2526/56/704 2525/56/703
f 2526/56/704 2527/57/703 2528/57/704
f 2525/56/705 2526/56/706 2527/57/705
f 2528/57/706 2527/57/705 2526/56/706
f 2527/57/703 2516/56/707 2518/57/707
f 2516/56/707 2527/57/703 2525/56/703
f 2518/57/708 2516/56/708 2527/57/705
f 2525/56/705 2527/57/705 2516/56/708
f 2530/57/709 2522/56/710 2529/56/709
f 2522/56/710 2530/57/709 2520/57/710
f 2529/56/711 2522/56/712 2530/57/711
f 2520/57/712 2530/57/711 2522/56/712
f 2528/57/713 2529/56/709 2526/56/713
f 2529/56/709 2528/57/713 2530/57/709
f 2526/56/714 2529/56/711 2528/57/714
f 2530/57/711 2528/57/714 2529/56/711
f 2523/56/715 2519/57/697 2524/57/715
f 2519/57/697 2523/56/715 2521/56/697
f 2524/57/716 2519/57/699 2523/56/716
f 2521/56/699 2523/56/716 2519/57/699
f 2533/54/82 2532/54/82 2531/54/82
f 2532/54/82 2533/54/82 2534/54/82
f 2534/54/82 2533/54/82 2535/54/82
f 2534/54/82 2535/54/82 2536/54/82
f 2536/54/82 2535/54/82 2537/54/82
f 2536/54/82 2537/54/82 2538/54/82
f 2531/54/81 2532/54/81 2533/54/81
f 2534/54/81 2533/54/81 2532/54/81
f 2535/54/81 2533/54/81 2534/54/81
f 2536/54/81 2535/54/81 2534/54/81
f 2537/54/81 2535/54/81 2536/54/81
f 2538/54/81 2537/54/81 2536/54/81
f 2541/55/81 2540/55/81 2539/55/81
f 2540/55/81 2541/55/81 2542/55/81
f 2540/55/81 2542/55/81 2543/55/81
f 2543/55/81 2542/55/81 2544/55/81
f 2543/55/81 2544/55/81 2545/55/81
f 2545/55/81 2544/55/81 2546/55/81
f 2539/55/82 2540/55/82 2541/55/82
f 2542/55/82 2541/55/82 2540/55/82
f 2543/55/82 2542/55/82 2540/55/82
f 2544/55/82 2542/55/82 2543/55/82
f 2545/55/82 2544/55/82 2543/55/82
f 2546/55/82 2544/55/82 2545/55/82
f 2539/55/718 2532/54/717 2541/55/717
f 2532/54/717 2539/55/718 2531/54/718
f 2541/55/720 2532/54/720 2539/55/719
f 2531/54/719 2539/55/719 2532/54/720
f 2542/55/721 2532/54/722 2534/54/721
f 2532/54/722 2542/55/721 2541/55/722
f 2534/54/723 2532/54/724 2542/55/723
f 2541/55/724 2542/55/723 2532/54/724
f 2544/55/725 2534/54/721 2536/54/725
f 2534/54/721 2544/55/725 2542/55/721
f 2536/54/726 2534/54/723 2544/55/726
f 2542/55/723 2544/55/726 2534/54/723
f 2538/54/719 2544/55/727 2536/54/727
f 2544/55/727 2538/54/719 2546/55/719
f 2536/54/728 2544/55/728 2538/54/718
f 2546/55/718 2538/54/718 2544/55/728
f 2537/54/720 2546/55/719 2538/54/719
f 2546/55/719 2537/54/720 2545/55/720
f 2538/54/718 2546/55/718 2537/54/717
f 2545/55/717 2537/54/717 2546/55/718
f 2543/55/723 2537/54/724 2535/54/723
f 2537/54/724 2543/55/723 2545/55/724
f 2535/54/721 2537/54/722 2543/55/721
f 2545/55/722 2543/55/721 2537/54/722
f 2540/55/726 2535/54/723 2533/54/726
f 2535/54/723 2540/55/726 2543/55/723
f 2533/54/725 2535/54/721 2540/55/725
f 2543/55/721 2540/55/725 2535/54/721
f 2540/55/728 2531/54/718 2539/55/718
f 2531/54/718 2540/55/728 2533/54/728
f 2539/55/719 2531/54/719 2540/55/727
f 2533/54/727 2540/55/727 2531/54/719
f 2549/55/81 2548/55/81 2547/55/81
f 2548/55/81 2549/55/81 2550/55/81
f 2548/55/81 2550/55/81 2551/55/81
f 2551/55/81 2550/55/81 2552/55/81
f 2552/55/81 2550/55/81 2553/55/81
f 2552/55/81 2553/55/81 2554/55/81
f 2547/55/82 2548/55/82 2549/55/82
f 2550/55/82 2549/55/82 2548/55/82
f 2551/55/82 2550/55/82 2548/55/82
f 2552/55/82 2550/55/82 2551/55/82
f 2553/55/82 2550/55/82 2552/55/82
f 2554/55/82 2553/55/82 2552/55/82
f 2547/55/718 2555/54/717 2549/55/717
f 2555/54/717 2547/55/718 2556/54/718
f 2549/55/720 2555/54/720 2547/55/719
f 2556/54/719 2547/55/719 2555/54/720
f 2550/55/721 2555/54/722 2557/54/721
f 2555/54/722 2550/55/721 2549/55/722
f 2557/54/723 2555/54/724 2550/55/723
f 2549/55/724 2550/55/723 2555/54/724
f 2553/55/725 2557/54/721 2558/54/725
f 2557/54/721 2553/55/725 2550/55/721
f 2558/54/726 2557/54/723 2553/55/726
f 2550/55/723 2553/55/726 2557/54/723
f 2559/54/719 2553/55/727 2558/54/727
f 2553/55/727 2559/54/719 2554/55/719
f 2558/54/728 2553/55/728 2559/54/718
f 2554/55/718 2559/54/718 2553/55/728
f 2560/54/720 2554/55/719 2559/54/719
f 2554/55/719 2560/54/720 2552/55/720
f 2559/54/718 2554/55/718 2560/54/717
f 2552/55/717 2560/54/717 2554/55/718
f 2551/55/723 2560/54/724 2561/54/723
f 2560/54/724 2551/55/723 2552/55/724
f 2561/54/721 2560/54/722 2551/55/721
f 2552/55/722 2551/55/721 2560/54/722
f 2548/55/726 2561/54/723 2562/54/726
f 2561/54/723 2548/55/726 2551/55/723
f 2562/54/725 2561/54/721 2548/55/725
f 2551/55/721 2548/55/725 2561/54/721
f 2548/55/728 2556/54/718 2547/55/718
f 2556/54/718 2548/55/728 2562/54/728
f 2547/55/719 2556/54/719 2548/55/727
f 2562/54/727 2548/55/727 2556/54/719
f 2565/57/729 2564/56/730 2563/56/729
f 2564/56/730 2565/57/729 2566/57/730
f 2563/56/731 2564/56/732 2565/57/731
f 2566/57/732 2565/57/731 2564/56/732
f 2569/56/733 2568/57/734 2567/57/733
f 2568/57/734 2569/56/733 2570/56/734
f 2567/57/735 2568/57/736 2569/56/735
f 2570/56/736 2569/56/735 2568/57/736
f 2572/57/737 2563/56/729 2571/56/737
f 2563/56/729 2572/57/737 2565/57/729
f 2571/56/738 2563/56/731 2572/57/738
f 2565/57/731 2572/57/738 2563/56/731
f 2575/57/739 2574/56/740 2573/56/739
f 2574/56/740 2575/57/739 2576/57/740
f 2573/56/741 2574/56/742 2575/57/741
f 2576/57/742 2575/57/741 2574/56/742
f 2575/57/739 2564/56/743 2566/57/743
f 2564/56/743 2575/57/739 2573/56/739
f 2566/57/744 2564/56/744 2575/57/741
f 2573/56/741 2575/57/741 2564/56/744
f 2578/57/745 2570/56/746 2577/56/745
f 2570/56/746 2578/57/745 2568/57/746
f 2577/56/747 2570/56/748 2578/57/747
f 2568/57/748 2578/57/747 2570/56/748
f 2576/57/749 2577/56/745 2574/56/749
f 2577/56/745 2576/57/749 2578/57/745
f 2574/56/750 2577/56/747 2576/57/750
f 2578/57/747 2576/57/750 2577/56/747
f 2571/56/751 2567/57/733 2572/57/751
f 2567/57/733 2571/56/751 2569/56/733
f 2572/57/752 2567/57/735 2571/56/752
f 2569/56/735 2571/56/752 2567/57/735
f 2581/54/82 2580/54/82 2579/54/82
f 2580/54/82 2581/54/82 2582/54/82
f 2582/54/82 2581/54/82 2583/54/82
f 2582/54/82 2583/54/82 2584/54/82
f 2584/54/82 2583/54/82 2585/54/82
f 2584/54/82 2585/54/82 2586/54/82
f 2579/54/81 2580/54/81 2581/54/81
f 2582/54/81 2581/54/81 2580/54/81
f 2583/54/81 2581/54/81 2582/54/81
f 2584/54/81 2583/54/81 2582/54/81
f 2585/54/81 2583/54/81 2584/54/81
f 2586/54/81 2585/54/81 2584/54/81
f 2589/55/81 2588/55/81 2587/55/81
f 2588/55/81 2589/55/81 2590/55/81
f 2588/55/81 2590/55/81 2591/55/81
f 2591/55/81 2590/55/81 2592/55/81
f 2591/55/81 2592/55/81 2593/55/81
f 2593/55/81 2592/55/81 2594/55/81
f 2587/55/82 2588/55/82 2589/55/82
f 2590/55/82 2589/55/82 2588/55/82
f 2591/55/82 2590/55/82 2588/55/82
f 2592/55/82 2590/55/82 2591/55/82
f 2593/55/82 2592/55/82 2591/55/82
f 2594/55/82 2592/55/82 2593/55/82
f 2587/55/719 2580/54/720 2589/55/720
f 2580/54/720 2587/55/719 2579/54/719
f 2589/55/717 2580/54/717 2587/55/718
f 2579/54/718 2587/55/718 2580/54/717
f 2590/55/723 2580/54/724 2582/54/723
f 2580/54/724 2590/55/723 2589/55/724
f 2582/54/721 2580/54/722 2590/55/721
f 2589/55/722 2590/55/721 2580/54/722
f 2592/55/726 2582/54/723 2584/54/726
f 2582/54/723 2592/55/726 2590/55/723
f 2584/54/725 2582/54/721 2592/55/725
f 2590/55/721 2592/55/725 2582/54/721
f 2586/54/718 2592/55/728 2584/54/728
f 2592/55/728 2586/54/718 2594/55/718
f 2584/54/727 2592/55/727 2586/54/719
f 2594/55/719 2586/54/719 2592/55/727
f 2585/54/717 2594/55/718 2586/54/718
f 2594/55/718 2585/54/717 2593/55/717
f 2586/54/719 2594/55/719 2585/54/720
f 2593/55/720 2585/54/720 2594/55/719
f 2591/55/721 2585/54/722 2583/54/721
f 2585/54/722 2591/55/721 2593/55/722
f 2583/54/723 2585/54/724 2591/55/723
f 2593/55/724 2591/55/723 2585/54/724
f 2588/55/725 2583/54/721 2581/54/725
f 2583/54/721 2588/55/725 2591/55/721
f 2581/54/726 2583/54/723 2588/55/726
f 2591/55/723 2588/55/726 2583/54/723
f 2588/55/727 2579/54/719 2587/55/719
f 2579/54/719 2588/55/727 2581/54/727
f 2587/55/718 2579/54/718 2588/55/728
f 2581/54/728 2588/55/728 2579/54/718
f 2597/55/81 2596/55/81 2595/55/81
f 2596/55/81 2597/55/81 2598/55/81
f 2596/55/81 2598/55/81 2599/55/81
f 2599/55/81 2598/55/81 2600/55/81
f 2600/55/81 2598/55/81 2601/55/81
f 2600/55/81 2601/55/81 2602/55/81
f 2595/55/82 2596/55/82 2597/55/82
f 2598/55/82 2597/55/82 2596/55/82
f 2599/55/82 2598/55/82 2596/55/82
f 2600/55/82 2598/55/82 2599/55/82
f 2601/55/82 2598/55/82 2600/55/82
f 2602/55/82 2601/55/82 2600/55/82
f 2595/55/719 2603/54/720 2597/55/720
f 2603/54/720 2595/55/719 2604/54/719
f 2597/55/717 2603/54/717 2595/55/718
f 2604/54/718 2595/55/718 2603/54/717
f 2598/55/723 2603/54/724 2605/54/723
f 2603/54/724 2598/55/723 2597/55/724
f 2605/54/721 2603/54/722 2598/55/721
f 2597/55/722 2598/55/721 2603/54/722
f 2601/55/726 2605/54/723 2606/54/726
f 2605/54/723 2601/55/726 2598/55/723
f 2606/54/725 2605/54/721 2601/55/725
f 2598/55/721 2601/55/725 2605/54/721
f 2607/54/718 2601/55/728 2606/54/728
f 2601/55/728 2607/54/718 2602/55/718
f 2606/54/727 2601/55/727 2607/54/719
f 2602/55/719 2607/54/719 2601/55/727
f 2608/54/717 2602/55/718 2607/54/718
f 2602/55/718 2608/54/717 2600/55/717
f 2607/54/719 2602/55/719 2608/54/720
f 2600/55/720 2608/54/720 2602/55/719
f 2599/55/721 2608/54/722 2609/54/721
f 2608/54/722 2599/55/721 2600/55/722
f 2609/54/723 2608/54/724 2599/55/723
f 2600/55/724 2599/55/723 2608/54/724
f 2596/55/725 2609/54/721 2610/54/725
f 2609/54/721 2596/55/725 2599/55/721
f 2610/54/726 2609/54/723 2596/55/726
f 2599/55/723 2596/55/726 2609/54/723
f 2596/55/727 2604/54/719 2595/55/719
f 2604/54/719 2596/55/727 2610/54/727
f 2595/55/718 2604/54/718 2596/55/728
f 2610/54/728 2596/55/728 2604/54/718
f 2613/57/745 2612/56/746 2611/56/745
f 2612/56/746 2613/57/745 2614/57/746
f 2611/56/747 2612/56/748 2613/57/747
f 2614/57/748 2613/57/747 2612/56/748
f 2617/56/739 2616/57/743 2615/57/739
f 2616/57/743 2617/56/739 2618/56/743
f 2615/57/741 2616/57/744 2617/56/741
f 2618/56/744 2617/56/741 2616/57/744
f 2620/57/749 2611/56/745 2619/56/749
f 2611/56/745 2620/57/749 2613/57/745
f 2619/56/750 2611/56/747 2620/57/750
f 2613/57/747 2620/57/750 2611/56/747
f 2623/57/733 2622/56/751 2621/56/733
f 2622/56/751 2623/57/733 2624/57/751
f 2621/56/735 2622/56/752 2623/57/735
f 2624/57/752 2623/57/735 2622/56/752
f 2623/57/733 2612/56/734 2614/57/734
f 2612/56/734 2623/57/733 2621/56/733
f 2614/57/736 2612/56/736 2623/57/735
f 2621/56/735 2623/57/735 2612/56/736
f 2626/57/729 2618/56/730 2625/56/729
f 2618/56/730 2626/57/729 2616/57/730
f 2625/56/731 2618/56/732 2626/57/731
f 2616/57/732 2626/57/731 2618/56/732
f 2624/57/737 2625/56/729 2622/56/737
f 2625/56/729 2624/57/737 2626/57/729
f 2622/56/738 2625/56/731 2624/57/738
f 2626/57/731 2624/57/738 2625/56/731
f 2619/56/740 2615/57/739 2620/57/740
f 2615/57/739 2619/56/740 2617/56/739
f 2620/57/742 2615/57/741 2619/56/742
f 2617/56/741 2619/56/742 2615/57/741
f 2629/55/414 2628/54/432 2627/54/414
f 2628/54/432 2629/55/414 2630/55/432
f 2627/54/412 2628/54/428 2629/55/412
f 2630/55/428 2629/55/412 2628/54/428
f 2633/55/429 2632/54/412 2631/54/429
f 2632/54/412 2633/55/429 2634/55/412
f 2631/54/433 2632/54/414 2633/55/433
f 2634/55/414 2633/55/433 2632/54/414
f 2636/55/433 2627/54/414 2635/54/433
f 2627/54/414 2636/55/433 2629/55/414
f 2635/54/429 2627/54/412 2636/55/429
f 2629/55/412 2636/55/429 2627/54/412
f 2636/55/434 2638/54/417 2637/55/417
f 2638/54/417 2636/55/434 2635/54/434
f 2637/55/418 2638/54/418 2636/55/430
f 2635/54/430 2636/55/430 2638/54/418
f 2639/55/81 2636/55/81 2637/55/81
f 2636/55/81 2639/55/81 2634/55/81
f 2636/55/81 2634/55/81 2629/55/81
f 2629/55/81 2634/55/81 2633/55/81
f 2629/55/81 2633/55/81 2630/55/81
f 2630/55/81 2633/55/81 2640/55/81
f 2637/55/82 2636/55/82 2639/55/82
f 2634/55/82 2639/55/82 2636/55/82
f 2629/55/82 2634/55/82 2636/55/82
f 2633/55/82 2634/55/82 2629/55/82
f 2630/55/82 2633/55/82 2629/55/82
f 2640/55/82 2633/55/82 2630/55/82
f 2641/54/418 2633/55/430 2631/54/430
f 2633/55/430 2641/54/418 2640/55/418
f 2631/54/434 2633/55/434 2641/54/417
f 2640/55/417 2641/54/417 2633/55/434
f 2628/54/431 2640/55/418 2641/54/418
f 2640/55/418 2628/54/431 2630/55/431
f 2641/54/417 2640/55/417 2628/54/427
f 2630/55/427 2628/54/427 2640/55/417
f 2637/55/417 2642/54/427 2639/55/427
f 2642/54/427 2637/55/417 2638/54/417
f 2639/55/431 2642/54/431 2637/55/418
f 2638/54/418 2637/55/418 2642/54/431
f 2634/55/412 2642/54/428 2632/54/412
f 2642/54/428 2634/55/412 2639/55/428
f 2632/54/414 2642/54/432 2634/55/414
f 2639/55/432 2634/55/414 2642/54/432
f 2645/55/417 2644/54/427 2643/55/427
f 2644/54/427 2645/55/417 2646/54/417
f 2643/55/431 2644/54/431 2645/55/418
f 2646/54/418 2645/55/418 2644/54/431
f 2649/55/414 2648/54/432 2647/54/414
f 2648/54/432 2649/55/414 2650/55/432
f 2647/54/412 2648/54/428 2649/55/412
f 2650/55/428 2649/55/412 2648/54/428
f 2652/55/433 2647/54/414 2651/54/433
f 2647/54/414 2652/55/433 2649/55/414
f 2651/54/429 2647/54/412 2652/55/429
f 2649/55/412 2652/55/429 2647/54/412
f 2654/55/412 2644/54/428 2653/54/412
f 2644/54/428 2654/55/412 2643/55/428
f 2653/54/414 2644/54/432 2654/55/414
f 2643/55/432 2654/55/414 2644/54/432
f 2656/55/429 2653/54/412 2655/54/429
f 2653/54/412 2656/55/429 2654/55/412
f 2655/54/433 2653/54/414 2656/55/433
f 2654/55/414 2656/55/433 2653/54/414
f 2657/54/418 2656/55/430 2655/54/430
f 2656/55/430 2657/54/418 2658/55/418
f 2655/54/434 2656/55/434 2657/54/417
f 2658/55/417 2657/54/417 2656/55/434
f 2648/54/431 2658/55/418 2657/54/418
f 2658/55/418 2648/54/431 2650/55/431
f 2657/54/417 2658/55/417 2648/54/427
f 2650/55/427 2648/54/427 2658/55/417
f 2643/55/81 2652/55/81 2645/55/81
f 2652/55/81 2643/55/81 2649/55/81
f 2649/55/81 2643/55/81 2654/55/81
f 2649/55/81 2654/55/81 2650/55/81
f 2650/55/81 2654/55/81 2656/55/81
f 2650/55/81 2656/55/81 2658/55/81
f 2645/55/82 2652/55/82 2643/55/82
f 2649/55/82 2643/55/82 2652/55/82
f 2654/55/82 2643/55/82 2649/55/82
f 2650/55/82 2654/55/82 2649/55/82
f 2656/55/82 2654/55/82 2650/55/82
f 2658/55/82 2656/55/82 2650/55/82
f 2651/54/82 2644/54/82 2646/54/82
f 2644/54/82 2651/54/82 2647/54/82
f 2644/54/82 2647/54/82 2653/54/82
f 2653/54/82 2647/54/82 2648/54/82
f 2653/54/82 2648/54/82 2655/54/82
f 2655/54/82 2648/54/82 2657/54/82
f 2646/54/81 2644/54/81 2651/54/81
f 2647/54/81 2651/54/81 2644/54/81
f 2653/54/81 2647/54/81 2644/54/81
f 2648/54/81 2647/54/81 2653/54/81
f 2655/54/81 2648/54/81 2653/54/81
f 2657/54/81 2648/54/81 2655/54/81
f 2652/55/434 2646/54/417 2645/55/417
f 2646/54/417 2652/55/434 2651/54/434
f 2645/55/418 2646/54/418 2652/55/430
f 2651/54/430 2652/55/430 2646/54/418
f 2661/56/753 2660/57/754 2659/57/753
f 2660/57/754 2661/56/753 2662/56/754
f 2659/57/755 2660/57/756 2661/56/755
f 2662/56/756 2661/56/755 2660/57/756
f 2664/56/757 2659/57/753 2663/57/757
f 2659/57/753 2664/56/757 2661/56/753
f 2663/57/758 2659/57/755 2664/56/758
f 2661/56/755 2664/56/758 2659/57/755
f 2667/57/759 2666/56/760 2665/56/759
f 2666/56/760 2667/57/759 2668/57/760
f 2665/56/761 2666/56/762 2667/57/761
f 2668/57/762 2667/57/761 2666/56/762
f 2671/57/763 2670/56/764 2669/56/763
f 2670/56/764 2671/57/763 2672/57/764
f 2669/56/765 2670/56/766 2671/57/765
f 2672/57/766 2671/57/765 2670/56/766
f 2673/57/768 2666/56/767 2668/57/767
f 2666/56/767 2673/57/768 2674/56/768
f 2668/57/770 2666/56/770 2673/57/769
f 2674/56/769 2673/57/769 2666/56/770
f 2671/57/771 2674/56/768 2673/57/768
f 2674/56/768 2671/57/771 2669/56/771
f 2673/57/769 2674/56/769 2671/57/772
f 2669/56/772 2671/57/772 2674/56/769
f 2663/57/773 2665/56/759 2664/56/773
f 2665/56/759 2663/57/773 2667/57/759
f 2664/56/774 2665/56/761 2663/57/774
f 2667/57/761 2663/57/774 2665/56/761
f 2672/57/764 2662/56/775 2670/56/764
f 2662/56/775 2672/57/764 2660/57/775
f 2670/56/766 2662/56/776 2672/57/766
f 2660/57/776 2672/57/766 2662/56/776
f 2677/55/388 2676/54/428 2675/54/388
f 2676/54/428 2677/55/388 2678/55/428
f 2675/54/387 2676/54/432 2677/55/387
f 2678/55/432 2677/55/387 2676/54/432
f 2681/55/433 2680/54/387 2679/54/433
f 2680/54/387 2681/55/433 2682/55/387
f 2679/54/429 2680/54/388 2681/55/429
f 2682/55/388 2681/55/429 2680/54/388
f 2684/55/429 2675/54/388 2683/54/429
f 2675/54/388 2684/55/429 2677/55/388
f 2683/54/433 2675/54/387 2684/55/433
f 2677/55/387 2684/55/433 2675/54/387
f 2684/55/430 2686/54/390 2685/55/390
f 2686/54/390 2684/55/430 2683/54/430
f 2685/55/389 2686/54/389 2684/55/434
f 2683/54/434 2684/55/434 2686/54/389
f 2687/55/81 2684/55/81 2685/55/81
f 2684/55/81 2687/55/81 2682/55/81
f 2684/55/81 2682/55/81 2677/55/81
f 2677/55/81 2682/55/81 2681/55/81
f 2677/55/81 2681/55/81 2678/55/81
f 2678/55/81 2681/55/81 2688/55/81
f 2685/55/82 2684/55/82 2687/55/82
f 2682/55/82 2687/55/82 2684/55/82
f 2677/55/82 2682/55/82 2684/55/82
f 2681/55/82 2682/55/82 2677/55/82
f 2678/55/82 2681/55/82 2677/55/82
f 2688/55/82 2681/55/82 2678/55/82
f 2689/54/389 2681/55/434 2679/54/434
f 2681/55/434 2689/54/389 2688/55/389
f 2679/54/430 2681/55/430 2689/54/390
f 2688/55/390 2689/54/390 2681/55/430
f 2676/54/427 2688/55/389 2689/54/389
f 2688/55/389 2676/54/427 2678/55/427
f 2689/54/390 2688/55/390 2676/54/431
f 2678/55/431 2676/54/431 2688/55/390
f 2685/55/390 2690/54/431 2687/55/431
f 2690/54/431 2685/55/390 2686/54/390
f 2687/55/427 2690/54/427 2685/55/389
f 2686/54/389 2685/55/389 2690/54/427
f 2682/55/387 2690/54/432 2680/54/387
f 2690/54/432 2682/55/387 2687/55/432
f 2680/54/388 2690/54/428 2682/55/388
f 2687/55/428 2682/55/388 2690/54/428
f 2693/55/390 2692/54/431 2691/55/431
f 2692/54/431 2693/55/390 2694/54/390
f 2691/55/427 2692/54/427 2693/55/389
f 2694/54/389 2693/55/389 2692/54/427
f 2697/55/388 2696/54/428 2695/54/388
f 2696/54/428 2697/55/388 2698/55/428
f 2695/54/387 2696/54/432 2697/55/387
f 2698/55/432 2697/55/387 2696/54/432
f 2700/55/429 2695/54/388 2699/54/429
f 2695/54/388 2700/55/429 2697/55/388
f 2699/54/433 2695/54/387 2700/55/433
f 2697/55/387 2700/55/433 2695/54/387
f 2702/55/387 2692/54/432 2701/54/387
f 2692/54/432 2702/55/387 2691/55/432
f 2701/54/388 2692/54/428 2702/55/388
f 2691/55/428 2702/55/388 2692/54/428
f 2704/55/433 2701/54/387 2703/54/433
f 2701/54/387 2704/55/433 2702/55/387
f 2703/54/429 2701/54/388 2704/55/429
f 2702/55/388 2704/55/429 2701/54/388
f 2705/54/389 2704/55/434 2703/54/434
f 2704/55/434 2705/54/389 2706/55/389
f 2703/54/430 2704/55/430 2705/54/390
f 2706/55/390 2705/54/390 2704/55/430
f 2696/54/427 2706/55/389 2705/54/389
f 2706/55/389 2696/54/427 2698/55/427
f 2705/54/390 2706/55/390 2696/54/431
f 2698/55/431 2696/54/431 2706/55/390
f 2691/55/81 2700/55/81 2693/55/81
f 2700/55/81 2691/55/81 2697/55/81
f 2697/55/81 2691/55/81 2702/55/81
f 2697/55/81 2702/55/81 2698/55/81
f 2698/55/81 2702/55/81 2704/55/81
f 2698/55/81 2704/55/81 2706/55/81
f 2693/55/82 2700/55/82 2691/55/82
f 2697/55/82 2691/55/82 2700/55/82
f 2702/55/82 2691/55/82 2697/55/82
f 2698/55/82 2702/55/82 2697/55/82
f 2704/55/82 2702/55/82 2698/55/82
f 2706/55/82 2704/55/82 2698/55/82
f 2699/54/82 2692/54/82 2694/54/82
f 2692/54/82 2699/54/82 2695/54/82
f 2692/54/82 2695/54/82 2701/54/82
f 2701/54/82 2695/54/82 2696/54/82
f 2701/54/82 2696/54/82 2703/54/82
f 2703/54/82 2696/54/82 2705/54/82
f 2694/54/81 2692/54/81 2699/54/81
f 2695/54/81 2699/54/81 2692/54/81
f 2701/54/81 2695/54/81 2692/54/81
f 2696/54/81 2695/54/81 2701/54/81
f 2703/54/81 2696/54/81 2701/54/81
f 2705/54/81 2696/54/81 2703/54/81
f 2700/55/430 2694/54/390 2693/55/390
f 2694/54/390 2700/55/430 2699/54/430
f 2693/55/389 2694/54/389 2700/55/434
f 2699/54/434 2700/55/434 2694/54/389
f 2709/56/777 2708/57/767 2707/57/777
f 2708/57/767 2709/56/777 2710/56/767
f 2707/57/778 2708/57/770 2709/56/778
f 2710/56/770 2709/56/778 2708/57/770
f 2712/56/771 2707/57/777 2711/57/771
f 2707/57/777 2712/56/771 2709/56/777
f 2711/57/772 2707/57/778 2712/56/772
f 2709/56/778 2712/56/772 2707/57/778
f 2715/57/779 2714/56/775 2713/56/779
f 2714/56/775 2715/57/779 2716/57/775
f 2713/56/780 2714/56/776 2715/57/780
f 2716/57/776 2715/57/780 2714/56/776
f 2719/57/773 2718/56/781 2717/56/773
f 2718/56/781 2719/57/773 2720/57/781
f 2717/56/774 2718/56/782 2719/57/774
f 2720/57/782 2719/57/774 2718/56/782
f 2721/57/783 2714/56/754 2716/57/754
f 2714/56/754 2721/57/783 2722/56/783
f 2716/57/756 2714/56/756 2721/57/784
f 2722/56/784 2721/57/784 2714/56/756
f 2719/57/757 2722/56/783 2721/57/783
f 2722/56/783 2719/57/757 2717/56/757
f 2721/57/784 2722/56/784 2719/57/758
f 2717/56/758 2719/57/758 2722/56/784
f 2711/57/763 2713/56/779 2712/56/763
f 2713/56/779 2711/57/763 2715/57/779
f 2712/56/765 2713/56/780 2711/57/765
f 2715/57/780 2711/57/765 2713/56/780
f 2720/57/781 2710/56/760 2718/56/781
f 2710/56/760 2720/57/781 2708/57/760
f 2718/56/782 2710/56/762 2720/57/782
f 2708/57/762 2720/57/782 2710/56/762
f 2725/54/82 2724/54/82 2723/54/82
f 2724/54/82 2725/54/82 2726/54/82
f 2724/54/82 2726/54/82 2727/54/82
f 2727/54/82 2726/54/82 2728/54/82
f 2727/54/82 2728/54/82 2729/54/82
f 2729/54/82 2728/54/82 2730/54/82
f 2723/54/81 2724/54/81 2725/54/81
f 2726/54/81 2725/54/81 2724/54/81
f 2727/54/81 2726/54/81 2724/54/81
f 2728/54/81 2726/54/81 2727/54/81
f 2729/54/81 2728/54/81 2727/54/81
f 2730/54/81 2728/54/81 2729/54/81
f 2733/55/81 2732/55/81 2731/55/81
f 2732/55/81 2733/55/81 2734/55/81
f 2732/55/81 2734/55/81 2735/55/81
f 2735/55/81 2734/55/81 2736/55/81
f 2735/55/81 2736/55/81 2737/55/81
f 2737/55/81 2736/55/81 2738/55/81
f 2731/55/82 2732/55/82 2733/55/82
f 2734/55/82 2733/55/82 2732/55/82
f 2735/55/82 2734/55/82 2732/55/82
f 2736/55/82 2734/55/82 2735/55/82
f 2737/55/82 2736/55/82 2735/55/82
f 2738/55/82 2736/55/82 2737/55/82
f 2731/55/785 2724/54/431 2733/55/431
f 2724/54/431 2731/55/785 2723/54/785
f 2733/55/427 2724/54/427 2731/55/786
f 2723/54/786 2731/55/786 2724/54/427
f 2734/55/787 2724/54/432 2727/54/787
f 2724/54/432 2734/55/787 2733/55/432
f 2727/54/788 2724/54/428 2734/55/788
f 2733/55/428 2734/55/788 2724/54/428
f 2736/55/433 2727/54/787 2729/54/433
f 2727/54/787 2736/55/433 2734/55/787
f 2729/54/429 2727/54/788 2736/55/429
f 2734/55/788 2736/55/429 2727/54/788
f 2730/54/786 2736/55/434 2729/54/434
f 2736/55/434 2730/54/786 2738/55/786
f 2729/54/430 2736/55/430 2730/54/785
f 2738/55/785 2730/54/785 2736/55/430
f 2728/54/427 2738/55/786 2730/54/786
f 2738/55/786 2728/54/427 2737/55/427
f 2730/54/785 2738/55/785 2728/54/431
f 2737/55/431 2728/54/431 2738/55/785
f 2735/55/788 2728/54/428 2726/54/788
f 2728/54/428 2735/55/788 2737/55/428
f 2726/54/787 2728/54/432 2735/55/787
f 2737/55/432 2735/55/787 2728/54/432
f 2732/55/429 2726/54/788 2725/54/429
f 2726/54/788 2732/55/429 2735/55/788
f 2725/54/433 2726/54/787 2732/55/433
f 2735/55/787 2732/55/433 2726/54/787
f 2732/55/430 2723/54/785 2731/55/785
f 2723/54/785 2732/55/430 2725/54/430
f 2731/55/786 2723/54/786 2732/55/434
f 2725/54/434 2732/55/434 2723/54/786
f 2741/55/81 2740/55/81 2739/55/81
f 2740/55/81 2741/55/81 2742/55/81
f 2740/55/81 2742/55/81 2743/55/81
f 2743/55/81 2742/55/81 2744/55/81
f 2743/55/81 2744/55/81 2745/55/81
f 2745/55/81 2744/55/81 2746/55/81
f 2739/55/82 2740/55/82 2741/55/82
f 2742/55/82 2741/55/82 2740/55/82
f 2743/55/82 2742/55/82 2740/55/82
f 2744/55/82 2742/55/82 2743/55/82
f 2745/55/82 2744/55/82 2743/55/82
f 2746/55/82 2744/55/82 2745/55/82
f 2739/55/785 2747/54/431 2741/55/431
f 2747/54/431 2739/55/785 2748/54/785
f 2741/55/427 2747/54/427 2739/55/786
f 2748/54/786 2739/55/786 2747/54/427
f 2742/55/787 2747/54/432 2749/54/787
f 2747/54/432 2742/55/787 2741/55/432
f 2749/54/788 2747/54/428 2742/55/788
f 2741/55/428 2742/55/788 2747/54/428
f 2744/55/433 2749/54/787 2750/54/433
f 2749/54/787 2744/55/433 2742/55/787
f 2750/54/429 2749/54/788 2744/55/429
f 2742/55/788 2744/55/429 2749/54/788
f 2751/54/786 2744/55/434 2750/54/434
f 2744/55/434 2751/54/786 2746/55/786
f 2750/54/430 2744/55/430 2751/54/785
f 2746/55/785 2751/54/785 2744/55/430
f 2752/54/427 2746/55/786 2751/54/786
f 2746/55/786 2752/54/427 2745/55/427
f 2751/54/785 2746/55/785 2752/54/431
f 2745/55/431 2752/54/431 2746/55/785
f 2743/55/788 2752/54/428 2753/54/788
f 2752/54/428 2743/55/788 2745/55/428
f 2753/54/787 2752/54/432 2743/55/787
f 2745/55/432 2743/55/787 2752/54/432
f 2740/55/429 2753/54/788 2754/54/429
f 2753/54/788 2740/55/429 2743/55/788
f 2754/54/433 2753/54/787 2740/55/433
f 2743/55/787 2740/55/433 2753/54/787
f 2740/55/430 2748/54/785 2739/55/785
f 2748/54/785 2740/55/430 2754/54/430
f 2739/55/786 2748/54/786 2740/55/434
f 2754/54/434 2740/55/434 2748/54/786
f 2757/57/779 2756/56/775 2755/56/779
f 2756/56/775 2757/57/779 2758/57/775
f 2755/56/780 2756/56/776 2757/57/780
f 2758/57/776 2757/57/780 2756/56/776
f 2761/56/767 2760/57/777 2759/56/777
f 2760/57/777 2761/56/767 2762/57/767
f 2759/56/778 2760/57/778 2761/56/770
f 2762/57/770 2761/56/770 2760/57/778
f 2764/57/763 2755/56/779 2763/56/763
f 2755/56/779 2764/57/763 2757/57/779
f 2763/56/765 2755/56/780 2764/57/765
f 2757/57/780 2764/57/765 2755/56/780
f 2767/57/757 2766/56/783 2765/57/783
f 2766/56/783 2767/57/757 2768/56/757
f 2765/57/784 2766/56/784 2767/57/758
f 2768/56/758 2767/57/758 2766/56/784
f 2765/57/783 2756/56/754 2758/57/754
f 2756/56/754 2765/57/783 2766/56/783
f 2758/57/756 2756/56/756 2765/57/784
f 2766/56/784 2765/57/784 2756/56/756
f 2770/57/781 2761/56/760 2769/56/781
f 2761/56/760 2770/57/781 2762/57/760
f 2769/56/782 2761/56/762 2770/57/782
f 2762/57/762 2770/57/782 2761/56/762
f 2767/57/773 2769/56/781 2768/56/773
f 2769/56/781 2767/57/773 2770/57/781
f 2768/56/774 2769/56/782 2767/57/774
f 2770/57/782 2767/57/774 2769/56/782
f 2763/56/771 2760/57/777 2764/57/771
f 2760/57/777 2763/56/771 2759/56/777
f 2764/57/772 2760/57/778 2763/56/772
f 2759/56/778 2763/56/772 2760/57/778

