# Created by Kenney (www.kenney.nl)

mtllib room-wide-variation.mtl

g room-wide-variation

v -8.497211 0 2.747846 1 1 1
v -8.393682 0 2.361475 1 1 1
v -8.435973 0.1 2.712491 1 1 1
v -8.358328 0.1 2.422713 1 1 1
v -8.524198 0 2.248742 1 1 1
v -8.717382 0 2.300506 1 1 1
v -8.554815 0.05 2.231065 1 1 1
v -8.699705 0.05 2.269887 1 1 1
v -8.007313 0 2.465003 1 1 1
v -8.11084 0 2.851374 1 1 1
v -8.06855 0.1 2.500359 1 1 1
v -8.146195 0.1 2.790136 1 1 1
v -8.738527 0.05 2.124999 1 1 1
v -8.593638 0.05 2.086176 1 1 1
v -8.769146 0 2.107321 1 1 1
v -8.575961 0 2.055557 1 1 1
v -6.356916 0.05 4.649966 1 1 1
v -6.569048 0.05 4.437834 1 1 1
v -6.144784 0.05 4.437834 1 1 1
v -6.356916 0.05 4.225702 1 1 1
v -6.639759 0 4.437834 1 1 1
v -6.356916 0 4.154991 1 1 1
v -6.356916 0 4.720676 1 1 1
v -6.074074 0 4.437834 1 1 1
v -7.181537 0 4.271631 1 1 1
v -7.146182 0.05 4.210394 1 1 1
v -6.795167 0 4.168103 1 1 1
v -6.856404 0.05 4.132748 1 1 1
v -6.898694 0 3.781733 1 1 1
v -6.93405 0.05 3.84297 1 1 1
v -6.498346 0 3.582728 1 1 1
v -6.498346 0 3.782728 1 1 1
v -6.523346 0.1 3.607728 1 1 1
v -6.523346 0.1 3.757728 1 1 1
v -6.673347 0.1 3.757728 1 1 1
v -6.673347 0.1 3.607728 1 1 1
v -7.223827 0.05 3.920616 1 1 1
v -7.285065 0 3.88526 1 1 1
v -6.698346 0 3.782728 1 1 1
v -6.698346 0 3.582728 1 1 1
v -6 0 6 1 1 1
v -8.828427 0 4.828427 1 1 1
v -6 0 2 1 1 1
v -10 0 2 1 1 1
v 6.747846 0 4.497211 1 1 1
v 6.361476 0 4.393683 1 1 1
v 6.712491 0.1 4.435973 1 1 1
v 6.422713 0.1 4.358327 1 1 1
v 6.248743 0 4.524197 1 1 1
v 6.300507 0 4.717382 1 1 1
v 6.231065 0.05 4.554816 1 1 1
v 6.269888 0.05 4.699705 1 1 1
v 6.465003 0 4.007313 1 1 1
v 6.851374 0 4.11084 1 1 1
v 6.500359 0.1 4.06855 1 1 1
v 6.790136 0.1 4.146195 1 1 1
v 6.124999 0.05 4.738527 1 1 1
v 6.086176 0.05 4.593638 1 1 1
v 6.107321 0 4.769146 1 1 1
v 6.055557 0 4.575961 1 1 1
v 8.649965 0.05 2.356916 1 1 1
v 8.437834 0.05 2.569048 1 1 1
v 8.437834 0.05 2.144784 1 1 1
v 8.225701 0.05 2.356916 1 1 1
v 8.437834 0 2.639759 1 1 1
v 8.154991 0 2.356916 1 1 1
v 8.720676 0 2.356916 1 1 1
v 8.437834 0 2.074074 1 1 1
v 8.27163 0 3.181537 1 1 1
v 8.210394 0.05 3.146182 1 1 1
v 8.168103 0 2.795166 1 1 1
v 8.132748 0.05 2.856404 1 1 1
v 7.781733 0 2.898694 1 1 1
v 7.84297 0.05 2.93405 1 1 1
v 7.582728 0 2.498346 1 1 1
v 7.782728 0 2.498346 1 1 1
v 7.607728 0.1 2.523346 1 1 1
v 7.757728 0.1 2.523346 1 1 1
v 7.757728 0.1 2.673346 1 1 1
v 7.607728 0.1 2.673346 1 1 1
v 7.920616 0.05 3.223827 1 1 1
v 7.88526 0 3.285064 1 1 1
v 7.782728 0 2.698346 1 1 1
v 7.582728 0 2.698346 1 1 1
v 10 0 2 1 1 1
v 8.828427 0 4.828427 1 1 1
v 6 0 2 1 1 1
v 6 0 6 1 1 1
v 8.497211 0 -2.747846 1 1 1
v 8.393683 0 -2.361476 1 1 1
v 8.435973 0.1 -2.712491 1 1 1
v 8.358328 0.1 -2.422713 1 1 1
v 8.524198 0 -2.248743 1 1 1
v 8.717382 0 -2.300506 1 1 1
v 8.554816 0.05 -2.231065 1 1 1
v 8.699705 0.05 -2.269888 1 1 1
v 8.007313 0 -2.465003 1 1 1
v 8.11084 0 -2.851374 1 1 1
v 8.06855 0.1 -2.500359 1 1 1
v 8.146195 0.1 -2.790137 1 1 1
v 8.738527 0.05 -2.124999 1 1 1
v 8.593639 0.05 -2.086176 1 1 1
v 8.769146 0 -2.107321 1 1 1
v 8.575961 0 -2.055557 1 1 1
v 6.356916 0.05 -4.649966 1 1 1
v 6.569048 0.05 -4.437834 1 1 1
v 6.144784 0.05 -4.437834 1 1 1
v 6.356916 0.05 -4.225701 1 1 1
v 6.639759 0 -4.437834 1 1 1
v 6.356916 0 -4.154991 1 1 1
v 6.356916 0 -4.720676 1 1 1
v 6.074073 0 -4.437834 1 1 1
v 7.181537 0 -4.271631 1 1 1
v 7.146182 0.05 -4.210393 1 1 1
v 6.795166 0 -4.168103 1 1 1
v 6.856404 0.05 -4.132748 1 1 1
v 6.898694 0 -3.781733 1 1 1
v 6.93405 0.05 -3.84297 1 1 1
v 6.498346 0 -3.582728 1 1 1
v 6.498346 0 -3.782728 1 1 1
v 6.523346 0.1 -3.607728 1 1 1
v 6.523346 0.1 -3.757728 1 1 1
v 6.673346 0.1 -3.757728 1 1 1
v 6.673347 0.1 -3.607728 1 1 1
v 7.223827 0.05 -3.920616 1 1 1
v 7.285065 0 -3.88526 1 1 1
v 6.698346 0 -3.782728 1 1 1
v 6.698346 0 -3.582728 1 1 1
v 6 0 -6 1 1 1
v 8.828427 0 -4.828427 1 1 1
v 6 0 -2 1 1 1
v 10 0 -2 1 1 1
v -6.747846 0 -4.497211 1 1 1
v -6.361476 0 -4.393683 1 1 1
v -6.712491 0.1 -4.435973 1 1 1
v -6.422713 0.1 -4.358327 1 1 1
v -6.248743 0 -4.524197 1 1 1
v -6.300507 0 -4.717382 1 1 1
v -6.231065 0.05 -4.554816 1 1 1
v -6.269888 0.05 -4.699705 1 1 1
v -6.465003 0 -4.007313 1 1 1
v -6.851374 0 -4.11084 1 1 1
v -6.500359 0.1 -4.06855 1 1 1
v -6.790136 0.1 -4.146195 1 1 1
v -6.124999 0.05 -4.738527 1 1 1
v -6.086176 0.05 -4.593638 1 1 1
v -6.107321 0 -4.769146 1 1 1
v -6.055557 0 -4.575961 1 1 1
v -8.649965 0.05 -2.356916 1 1 1
v -8.437834 0.05 -2.569048 1 1 1
v -8.437834 0.05 -2.144784 1 1 1
v -8.225701 0.05 -2.356916 1 1 1
v -8.437834 0 -2.639759 1 1 1
v -8.154991 0 -2.356916 1 1 1
v -8.720676 0 -2.356916 1 1 1
v -8.437834 0 -2.074074 1 1 1
v -8.27163 0 -3.181537 1 1 1
v -8.210394 0.05 -3.146182 1 1 1
v -8.168103 0 -2.795166 1 1 1
v -8.132748 0.05 -2.856404 1 1 1
v -7.781733 0 -2.898694 1 1 1
v -7.84297 0.05 -2.93405 1 1 1
v -7.582728 0 -2.498346 1 1 1
v -7.782728 0 -2.498346 1 1 1
v -7.607728 0.1 -2.523346 1 1 1
v -7.757728 0.1 -2.523346 1 1 1
v -7.757728 0.1 -2.673346 1 1 1
v -7.607728 0.1 -2.673346 1 1 1
v -7.920616 0.05 -3.223827 1 1 1
v -7.88526 0 -3.285064 1 1 1
v -7.782728 0 -2.698346 1 1 1
v -7.582728 0 -2.698346 1 1 1
v -10 0 -2 1 1 1
v -8.828427 0 -4.828427 1 1 1
v -6 0 -2 1 1 1
v -6 0 -6 1 1 1
v 6 0 -6 1 1 1
v 6 0 -2 1 1 1
v 2 0 -6 1 1 1
v 2 0 -2 1 1 1
v 2 0 2 1 1 1
v 2 0 6 1 1 1
v -2.703156 6.411861E-31 -4.432191 1 1 1
v -2.733774 0.05 -4.449869 1 1 1
v -2.75492 6.411861E-31 -4.625376 1 1 1
v -2.772597 0.05 -4.594758 1 1 1
v -2.948105 6.411861E-31 -4.573612 1 1 1
v -2.917486 0.05 -4.555935 1 1 1
v -2.452045 6.411861E-31 -4.714653 1 1 1
v -2.065675 6.411861E-31 -4.611125 1 1 1
v -2.41669 0.1 -4.653415 1 1 1
v -2.126912 0.1 -4.575769 1 1 1
v -2.169202 6.411861E-31 -4.224754 1 1 1
v -2.204558 0.1 -4.285992 1 1 1
v -5.071889 6.411861E-31 -4.006432 1 1 1
v -5.096889 0.1 -4.031432 1 1 1
v -5.071889 6.411861E-31 -4.206432 1 1 1
v -5.096889 0.1 -4.181432 1 1 1
v -5.246889 0.1 -4.031432 1 1 1
v -5.246889 0.1 -4.181432 1 1 1
v -5.271889 6.411861E-31 -4.206432 1 1 1
v -5.271889 6.411861E-31 -4.006432 1 1 1
v -2.555573 6.411861E-31 -4.328282 1 1 1
v -2.494335 0.1 -4.363637 1 1 1
v -2.896341 6.411861E-31 -4.380427 1 1 1
v -2.878663 0.05 -4.411046 1 1 1
v -5.74957 0.05 -4.498219 1 1 1
v -5.537438 0.05 -4.710352 1 1 1
v -5.537438 0.05 -4.286088 1 1 1
v -5.325306 0.05 -4.498219 1 1 1
v -5.537438 6.411861E-31 -4.215377 1 1 1
v -5.254596 6.411861E-31 -4.498219 1 1 1
v -4.89041 -2.887646E-15 -4.097593 1 1 1
v -4.855055 0.05 -4.158831 1 1 1
v -4.50404 -2.887646E-15 -4.201121 1 1 1
v -4.565278 0.05 -4.236476 1 1 1
v -5.820281 6.411861E-31 -4.498219 1 1 1
v -5.537438 6.411861E-31 -4.781063 1 1 1
v -4.993938 -2.887646E-15 -4.483963 1 1 1
v -4.607568 -2.887646E-15 -4.587491 1 1 1
v -4.932701 0.05 -4.448608 1 1 1
v -4.642923 0.05 -4.526254 1 1 1
v -5.296844 3.609557E-16 4.432191 1 1 1
v -5.266226 0.05 4.449869 1 1 1
v -5.24508 3.609557E-16 4.625376 1 1 1
v -5.227403 0.05 4.594758 1 1 1
v -5.051895 3.609557E-16 4.573612 1 1 1
v -5.082514 0.05 4.555935 1 1 1
v -5.547955 3.609557E-16 4.714653 1 1 1
v -5.934325 3.609557E-16 4.611125 1 1 1
v -5.58331 0.1 4.653415 1 1 1
v -5.873088 0.1 4.575769 1 1 1
v -5.830798 3.609557E-16 4.224754 1 1 1
v -5.795443 0.1 4.285992 1 1 1
v -2.928111 3.609557E-16 4.006432 1 1 1
v -2.903111 0.1 4.031432 1 1 1
v -2.928111 3.609557E-16 4.206432 1 1 1
v -2.903111 0.1 4.181432 1 1 1
v -2.753111 0.1 4.031432 1 1 1
v -2.753111 0.1 4.181432 1 1 1
v -2.728111 3.609557E-16 4.206432 1 1 1
v -2.728111 3.609557E-16 4.006432 1 1 1
v -5.444427 3.609557E-16 4.328282 1 1 1
v -5.505665 0.1 4.363637 1 1 1
v -5.103659 3.609557E-16 4.380427 1 1 1
v -5.121337 0.05 4.411046 1 1 1
v -2.25043 0.05 4.498219 1 1 1
v -2.462562 0.05 4.710352 1 1 1
v -2.462562 0.05 4.286088 1 1 1
v -2.674694 0.05 4.498219 1 1 1
v -2.462562 3.609557E-16 4.215377 1 1 1
v -2.745404 3.609557E-16 4.498219 1 1 1
v -3.109589 -2.52669E-15 4.097593 1 1 1
v -3.144945 0.05 4.158831 1 1 1
v -3.49596 -2.52669E-15 4.201121 1 1 1
v -3.434722 0.05 4.236476 1 1 1
v -2.179719 3.609557E-16 4.498219 1 1 1
v -2.462562 3.609557E-16 4.781063 1 1 1
v -3.006062 -2.52669E-15 4.483963 1 1 1
v -3.392432 -2.52669E-15 4.587491 1 1 1
v -3.067299 0.05 4.448608 1 1 1
v -3.357077 0.05 4.526254 1 1 1
v 5.296844 3.609557E-16 -4.432191 1 1 1
v 5.266226 0.05 -4.449869 1 1 1
v 5.24508 3.609557E-16 -4.625376 1 1 1
v 5.227403 0.05 -4.594758 1 1 1
v 5.051895 3.609557E-16 -4.573612 1 1 1
v 5.082514 0.05 -4.555935 1 1 1
v 5.547955 3.609557E-16 -4.714653 1 1 1
v 5.934325 3.609557E-16 -4.611125 1 1 1
v 5.58331 0.1 -4.653415 1 1 1
v 5.873088 0.1 -4.575769 1 1 1
v 5.830798 3.609557E-16 -4.224754 1 1 1
v 5.795443 0.1 -4.285992 1 1 1
v 2.928111 3.609557E-16 -4.006432 1 1 1
v 2.903111 0.1 -4.031432 1 1 1
v 2.928111 3.609557E-16 -4.206432 1 1 1
v 2.903111 0.1 -4.181432 1 1 1
v 2.753111 0.1 -4.031432 1 1 1
v 2.753111 0.1 -4.181432 1 1 1
v 2.728111 3.609557E-16 -4.206432 1 1 1
v 2.728111 3.609557E-16 -4.006432 1 1 1
v 5.444427 3.609557E-16 -4.328282 1 1 1
v 5.505665 0.1 -4.363637 1 1 1
v 5.103659 3.609557E-16 -4.380427 1 1 1
v 5.121337 0.05 -4.411046 1 1 1
v 2.25043 0.05 -4.498219 1 1 1
v 2.462562 0.05 -4.710352 1 1 1
v 2.462562 0.05 -4.286088 1 1 1
v 2.674694 0.05 -4.498219 1 1 1
v 2.462562 3.609557E-16 -4.215377 1 1 1
v 2.745404 3.609557E-16 -4.498219 1 1 1
v 3.109589 -2.52669E-15 -4.097593 1 1 1
v 3.144945 0.05 -4.158831 1 1 1
v 3.49596 -2.52669E-15 -4.201121 1 1 1
v 3.434722 0.05 -4.236476 1 1 1
v 2.179719 3.609557E-16 -4.498219 1 1 1
v 2.462562 3.609557E-16 -4.781063 1 1 1
v 3.006062 -2.52669E-15 -4.483963 1 1 1
v 3.392432 -2.52669E-15 -4.587491 1 1 1
v 3.067299 0.05 -4.448608 1 1 1
v 3.357077 0.05 -4.526254 1 1 1
v -3.476217 0.05 5.137923 1 1 1
v -3.437394 0.05 5.282812 1 1 1
v -3.621106 0.05 5.176745 1 1 1
v -3.582283 0.05 5.321634 1 1 1
v -3.807397 3.609557E-16 5.886207 1 1 1
v -3.70387 3.609557E-16 5.499836 1 1 1
v -3.74616 0.1 5.850851 1 1 1
v -3.668514 0.1 5.561073 1 1 1
v -3.599961 3.609557E-16 5.352253 1 1 1
v -3.651725 3.609557E-16 5.159068 1 1 1
v -3.458539 3.609557E-16 5.107304 1 1 1
v -3.3175 3.609557E-16 5.603364 1 1 1
v -3.378737 0.1 5.638719 1 1 1
v -3.421027 3.609557E-16 5.989734 1 1 1
v -3.456382 0.1 5.928497 1 1 1
v -3.406776 3.609557E-16 5.300489 1 1 1
v -3.476217 0.05 -4.862077 1 1 1
v -3.437394 0.05 -4.717188 1 1 1
v -3.621106 0.05 -4.823255 1 1 1
v -3.582283 0.05 -4.678366 1 1 1
v -3.807397 0 -4.113793 1 1 1
v -3.70387 0 -4.500164 1 1 1
v -3.74616 0.1 -4.149149 1 1 1
v -3.668514 0.1 -4.438927 1 1 1
v -3.599961 0 -4.647747 1 1 1
v -3.651725 0 -4.840932 1 1 1
v -3.458539 0 -4.892696 1 1 1
v -3.3175 0 -4.396636 1 1 1
v -3.378737 0.1 -4.361281 1 1 1
v -3.421027 0 -4.010266 1 1 1
v -3.456382 0.1 -4.071503 1 1 1
v -3.406776 0 -4.699511 1 1 1
v 3.476217 0.05 4.862079 1 1 1
v 3.437394 0.05 4.71719 1 1 1
v 3.621106 0.05 4.823256 1 1 1
v 3.582283 0.05 4.678368 1 1 1
v 3.807398 0 4.113795 1 1 1
v 3.70387 0 4.500166 1 1 1
v 3.74616 0.1 4.149151 1 1 1
v 3.668514 0.1 4.438929 1 1 1
v 3.599961 0 4.647749 1 1 1
v 3.651725 0 4.840934 1 1 1
v 3.458539 0 4.892698 1 1 1
v 3.3175 0 4.396638 1 1 1
v 3.378737 0.1 4.361283 1 1 1
v 3.421027 0 4.010268 1 1 1
v 3.456383 0.1 4.071505 1 1 1
v 3.406776 0 4.699512 1 1 1
v 3.476217 0.05 -5.137921 1 1 1
v 3.437394 0.05 -5.28281 1 1 1
v 3.621106 0.05 -5.176744 1 1 1
v 3.582283 0.05 -5.321632 1 1 1
v 3.807398 3.609557E-16 -5.886205 1 1 1
v 3.70387 3.609557E-16 -5.499834 1 1 1
v 3.74616 0.1 -5.850849 1 1 1
v 3.668514 0.1 -5.561071 1 1 1
v 3.599961 3.609557E-16 -5.352251 1 1 1
v 3.651725 3.609557E-16 -5.159066 1 1 1
v 3.458539 3.609557E-16 -5.107302 1 1 1
v 3.3175 3.609557E-16 -5.603362 1 1 1
v 3.378737 0.1 -5.638717 1 1 1
v 3.421027 3.609557E-16 -5.989732 1 1 1
v 3.456383 0.1 -5.928495 1 1 1
v 3.406776 3.609557E-16 -5.300488 1 1 1
v 2.703156 6.411861E-31 4.432191 1 1 1
v 2.733774 0.05 4.449869 1 1 1
v 2.75492 6.411861E-31 4.625376 1 1 1
v 2.772597 0.05 4.594758 1 1 1
v 2.948105 6.411861E-31 4.573612 1 1 1
v 2.917486 0.05 4.555935 1 1 1
v 2.452045 6.411861E-31 4.714653 1 1 1
v 2.065675 6.411861E-31 4.611125 1 1 1
v 2.41669 0.1 4.653415 1 1 1
v 2.126912 0.1 4.575769 1 1 1
v 2.169202 6.411861E-31 4.224754 1 1 1
v 2.204558 0.1 4.285992 1 1 1
v 5.071889 6.411861E-31 4.006432 1 1 1
v 5.096889 0.1 4.031432 1 1 1
v 5.071889 6.411861E-31 4.206432 1 1 1
v 5.096889 0.1 4.181432 1 1 1
v 5.246889 0.1 4.031432 1 1 1
v 5.246889 0.1 4.181432 1 1 1
v 5.271889 6.411861E-31 4.206432 1 1 1
v 5.271889 6.411861E-31 4.006432 1 1 1
v 2.555573 6.411861E-31 4.328282 1 1 1
v 2.494335 0.1 4.363637 1 1 1
v 2.896341 6.411861E-31 4.380427 1 1 1
v 2.878663 0.05 4.411046 1 1 1
v 5.74957 0.05 4.498219 1 1 1
v 5.537438 0.05 4.710352 1 1 1
v 5.537438 0.05 4.286088 1 1 1
v 5.325306 0.05 4.498219 1 1 1
v 5.537438 6.411861E-31 4.215377 1 1 1
v 5.254596 6.411861E-31 4.498219 1 1 1
v 4.89041 -2.887646E-15 4.097593 1 1 1
v 4.855055 0.05 4.158831 1 1 1
v 4.50404 -2.887646E-15 4.201121 1 1 1
v 4.565278 0.05 4.236476 1 1 1
v 5.820281 6.411861E-31 4.498219 1 1 1
v 5.537438 6.411861E-31 4.781063 1 1 1
v 4.993938 -2.887646E-15 4.483963 1 1 1
v 4.607568 -2.887646E-15 4.587491 1 1 1
v 4.932701 0.05 4.448608 1 1 1
v 4.642923 0.05 4.526254 1 1 1
v -2 0 -6 1 1 1
v -2 0 -2 1 1 1
v -2 0 2 1 1 1
v -2 0 6 1 1 1
v -6 0 2 1 1 1
v -6 0 6 1 1 1
v 2 3.609557E-16 -4 1 1 1
v 2 3.609557E-16 0 1 1 1
v -2 3.609557E-16 -4 1 1 1
v -2 3.609557E-16 0 1 1 1
v 2 0 0 1 1 1
v 2 0 4 1 1 1
v -2 0 0 1 1 1
v -2 0 4 1 1 1
v -4.225579 0 0.1721032 1 1 1
v -5.38469 0 -0.1384797 1 1 1
v -4.331645 0.1 -0.01160853 1 1 1
v -5.200978 0.1 -0.2445457 1 1 1
v -2.788999 0.1 -0.9062634 1 1 1
v -3.069632 0.1 -0.8002209 1 1 1
v -2.895041 0.1 -1.186897 1 1 1
v -3.175674 0.1 -1.080854 1 1 1
v -4.098708 0.1 -0.8809417 1 1 1
v -4.968041 0.1 -1.113879 1 1 1
v -4.390223 0 0.5248481 1 1 1
v -4.267749 0.2 0.5955588 1 1 1
v -4.183168 0 1.297589 1 1 1
v -4.112457 0.2 1.175114 1 1 1
v -3.532902 0.2 1.019823 1 1 1
v -3.688193 0.2 0.4402673 1 1 1
v -3.410427 0 1.090533 1 1 1
v -3.914996 0 -0.9870078 1 1 1
v -5.074107 0 -1.297591 1 1 1
v -5.227287 0.05 1.33564 1 1 1
v -5.517065 0.05 1.413286 1 1 1
v -5.304933 0.05 1.045862 1 1 1
v -5.59471 0.05 1.123508 1 1 1
v -5.55242 0 1.474523 1 1 1
v -5.655948 0 1.088153 1 1 1
v -5.16605 0 1.370995 1 1 1
v -5.269578 0 0.984625 1 1 1
v -3.24012 0 -1.109953 1 1 1
v -3.09873 0 -0.735775 1 1 1
v -2.865942 0 -1.251343 1 1 1
v -2.724553 0 -0.8771649 1 1 1
v -2.614956 0 1.396791 1 1 1
v -2.421771 0 1.345027 1 1 1
v -2.584338 0.05 1.414469 1 1 1
v -2.439449 0.05 1.375646 1 1 1
v -2.400626 0.05 1.520535 1 1 1
v -2.545515 0.05 1.559358 1 1 1
v -3.617483 0 0.3177929 1 1 1
v -2.370008 0 1.538212 1 1 1
v -2.563193 0 1.589976 1 1 1
v -4.930517 0 -1.720208 1 1 1
v -4.737332 0 -1.771971 1 1 1
v -4.899899 0.05 -1.70253 1 1 1
v -4.75501 0.05 -1.741353 1 1 1
v -4.716187 0.05 -1.596464 1 1 1
v -4.861075 0.05 -1.557641 1 1 1
v -4.878753 0 -1.527022 1 1 1
v -4.685568 0 -1.578786 1 1 1
v -4.686515 0.1 0.5110608 1 1 1
v -4.686515 0.1 0.8110608 1 1 1
v -4.986515 0.1 0.5110608 1 1 1
v -4.986515 0.1 0.8110608 1 1 1
v -4.636515 0 0.4610608 1 1 1
v -4.636515 0 0.8610607 1 1 1
v -5.036515 0 0.4610608 1 1 1
v -5.036515 0 0.8610607 1 1 1
v -3.803762 0 -0.594767 1 1 1
v -3.778762 0.1 -0.569767 1 1 1
v -3.803762 0 -0.394767 1 1 1
v -3.778762 0.1 -0.419767 1 1 1
v -3.628762 0.1 -0.569767 1 1 1
v -3.628762 0.1 -0.419767 1 1 1
v -3.603762 0 -0.594767 1 1 1
v -3.603762 0 -0.394767 1 1 1
v -3.176097 0.05 0.0530683 1 1 1
v -3.465875 0.05 0.130714 1 1 1
v -3.253743 0.05 -0.2367094 1 1 1
v -3.54352 0.05 -0.1590637 1 1 1
v -3.50123 0 0.1919513 1 1 1
v -3.604758 0 -0.1944191 1 1 1
v -2.676548 0.1 0.4701748 1 1 1
v -2.754193 0.1 0.7599526 1 1 1
v -2.966325 0.1 0.3925292 1 1 1
v -3.043971 0.1 0.6823069 1 1 1
v -2.61531 0 0.4348195 1 1 1
v -2.718838 0 0.8211898 1 1 1
v -3.11486 0 0.08842362 1 1 1
v -3.218387 0 -0.2979467 1 1 1
v -3.105208 0 0.7176622 1 1 1
v -3.00168 0 0.3312919 1 1 1
v -10 0 2 1 1 1
v -8.225579 0 0.1721032 1 1 1
v -9.384689 0 -0.1384797 1 1 1
v -8.331645 0.1 -0.01160853 1 1 1
v -9.200978 0.1 -0.2445457 1 1 1
v -6.788999 0.1 -0.9062634 1 1 1
v -7.069632 0.1 -0.8002209 1 1 1
v -6.895041 0.1 -1.186897 1 1 1
v -7.175674 0.1 -1.080854 1 1 1
v -8.098708 0.1 -0.8809417 1 1 1
v -8.96804 0.1 -1.113879 1 1 1
v -8.390224 0 0.5248481 1 1 1
v -8.267749 0.2 0.5955588 1 1 1
v -8.183168 0 1.297589 1 1 1
v -8.112457 0.2 1.175114 1 1 1
v -7.532902 0.2 1.019823 1 1 1
v -7.688193 0.2 0.4402673 1 1 1
v -7.410428 0 1.090533 1 1 1
v -7.914996 0 -0.9870078 1 1 1
v -9.074107 0 -1.297591 1 1 1
v -9.227287 0.05 1.33564 1 1 1
v -9.517065 0.05 1.413286 1 1 1
v -9.304933 0.05 1.045862 1 1 1
v -9.59471 0.05 1.123508 1 1 1
v -9.55242 0 1.474523 1 1 1
v -9.655948 0 1.088153 1 1 1
v -9.16605 0 1.370995 1 1 1
v -9.269577 0 0.984625 1 1 1
v -7.24012 0 -1.109953 1 1 1
v -7.09873 0 -0.735775 1 1 1
v -6.865942 0 -1.251343 1 1 1
v -6.724553 0 -0.8771649 1 1 1
v -6.614956 0 1.396791 1 1 1
v -6.421771 0 1.345027 1 1 1
v -6.584338 0.05 1.414469 1 1 1
v -6.439449 0.05 1.375646 1 1 1
v -6.400626 0.05 1.520535 1 1 1
v -6.545515 0.05 1.559358 1 1 1
v -7.617483 0 0.3177929 1 1 1
v -6.370008 0 1.538212 1 1 1
v -6.563192 0 1.589976 1 1 1
v -8.930517 0 -1.720208 1 1 1
v -8.737332 0 -1.771971 1 1 1
v -8.899899 0.05 -1.70253 1 1 1
v -8.75501 0.05 -1.741353 1 1 1
v -8.716187 0.05 -1.596464 1 1 1
v -8.861075 0.05 -1.557641 1 1 1
v -8.878754 0 -1.527022 1 1 1
v -8.685568 0 -1.578786 1 1 1
v -8.686515 0.1 0.5110608 1 1 1
v -8.686515 0.1 0.8110608 1 1 1
v -8.986515 0.1 0.5110608 1 1 1
v -8.986515 0.1 0.8110608 1 1 1
v -8.636516 0 0.4610608 1 1 1
v -8.636516 0 0.8610607 1 1 1
v -9.036515 0 0.4610608 1 1 1
v -9.036515 0 0.8610607 1 1 1
v -7.803762 0 -0.594767 1 1 1
v -7.778762 0.1 -0.569767 1 1 1
v -7.803762 0 -0.394767 1 1 1
v -7.778762 0.1 -0.419767 1 1 1
v -7.628762 0.1 -0.569767 1 1 1
v -7.628762 0.1 -0.419767 1 1 1
v -7.603762 0 -0.594767 1 1 1
v -7.603762 0 -0.394767 1 1 1
v -7.176097 0.05 0.0530683 1 1 1
v -7.465875 0.05 0.130714 1 1 1
v -7.253743 0.05 -0.2367094 1 1 1
v -7.54352 0.05 -0.1590637 1 1 1
v -7.50123 0 0.1919513 1 1 1
v -7.604758 0 -0.1944191 1 1 1
v -6.676548 0.1 0.4701748 1 1 1
v -6.754193 0.1 0.7599526 1 1 1
v -6.966325 0.1 0.3925292 1 1 1
v -7.043971 0.1 0.6823069 1 1 1
v -6.61531 0 0.4348195 1 1 1
v -6.718838 0 0.8211898 1 1 1
v -7.11486 0 0.08842362 1 1 1
v -7.218388 0 -0.2979467 1 1 1
v -7.105208 0 0.7176622 1 1 1
v -7.00168 0 0.3312919 1 1 1
v 7.774421 0 0.1721032 1 1 1
v 6.61531 0 -0.1384797 1 1 1
v 7.668355 0.1 -0.01160853 1 1 1
v 6.799022 0.1 -0.2445457 1 1 1
v 9.211001 0.1 -0.9062634 1 1 1
v 8.930368 0.1 -0.8002209 1 1 1
v 9.104959 0.1 -1.186897 1 1 1
v 8.824326 0.1 -1.080854 1 1 1
v 7.901292 0.1 -0.8809417 1 1 1
v 7.031959 0.1 -1.113879 1 1 1
v 7.609777 0 0.5248481 1 1 1
v 7.732251 0.2 0.5955588 1 1 1
v 7.816832 0 1.297589 1 1 1
v 7.887543 0.2 1.175114 1 1 1
v 8.467098 0.2 1.019823 1 1 1
v 8.311807 0.2 0.4402673 1 1 1
v 8.589573 0 1.090533 1 1 1
v 8.085004 0 -0.9870078 1 1 1
v 6.925893 0 -1.297591 1 1 1
v 6.772713 0.05 1.33564 1 1 1
v 6.482935 0.05 1.413286 1 1 1
v 6.695067 0.05 1.045862 1 1 1
v 6.40529 0.05 1.123508 1 1 1
v 6.44758 0 1.474523 1 1 1
v 6.344052 0 1.088153 1 1 1
v 6.83395 0 1.370995 1 1 1
v 6.730422 0 0.984625 1 1 1
v 8.75988 0 -1.109953 1 1 1
v 8.90127 0 -0.735775 1 1 1
v 9.134058 0 -1.251343 1 1 1
v 9.275448 0 -0.8771649 1 1 1
v 9.385044 0 1.396791 1 1 1
v 9.578229 0 1.345027 1 1 1
v 9.415662 0.05 1.414469 1 1 1
v 9.560551 0.05 1.375646 1 1 1
v 9.599374 0.05 1.520535 1 1 1
v 9.454485 0.05 1.559358 1 1 1
v 8.382518 0 0.3177929 1 1 1
v 9.629992 0 1.538212 1 1 1
v 9.436808 0 1.589976 1 1 1
v 7.069483 0 -1.720208 1 1 1
v 7.262668 0 -1.771971 1 1 1
v 7.100101 0.05 -1.70253 1 1 1
v 7.24499 0.05 -1.741353 1 1 1
v 7.283813 0.05 -1.596464 1 1 1
v 7.138925 0.05 -1.557641 1 1 1
v 7.121247 0 -1.527022 1 1 1
v 7.314432 0 -1.578786 1 1 1
v 7.313485 0.1 0.5110608 1 1 1
v 7.313485 0.1 0.8110608 1 1 1
v 7.013485 0.1 0.5110608 1 1 1
v 7.013485 0.1 0.8110608 1 1 1
v 7.363485 0 0.4610608 1 1 1
v 7.363485 0 0.8610607 1 1 1
v 6.963485 0 0.4610608 1 1 1
v 6.963485 0 0.8610607 1 1 1
v 8.196238 0 -0.594767 1 1 1
v 8.221238 0.1 -0.569767 1 1 1
v 8.196238 0 -0.394767 1 1 1
v 8.221238 0.1 -0.419767 1 1 1
v 8.371238 0.1 -0.569767 1 1 1
v 8.371238 0.1 -0.419767 1 1 1
v 8.396237 0 -0.594767 1 1 1
v 8.396237 0 -0.394767 1 1 1
v 8.823903 0.05 0.0530683 1 1 1
v 8.534125 0.05 0.130714 1 1 1
v 8.746257 0.05 -0.2367094 1 1 1
v 8.45648 0.05 -0.1590637 1 1 1
v 8.49877 0 0.1919513 1 1 1
v 8.395243 0 -0.1944191 1 1 1
v 9.323453 0.1 0.4701748 1 1 1
v 9.245807 0.1 0.7599526 1 1 1
v 9.033675 0.1 0.3925292 1 1 1
v 8.956029 0.1 0.6823069 1 1 1
v 9.38469 0 0.4348195 1 1 1
v 9.281162 0 0.8211898 1 1 1
v 8.88514 0 0.08842362 1 1 1
v 8.781612 0 -0.2979467 1 1 1
v 8.894792 0 0.7176622 1 1 1
v 8.99832 0 0.3312919 1 1 1
v 1.296844 0 -2.432191 1 1 1
v 1.266226 0.05 -2.449869 1 1 1
v 1.245081 0 -2.625376 1 1 1
v 1.227403 0.05 -2.594758 1 1 1
v 1.051895 0 -2.573612 1 1 1
v 1.082514 0.05 -2.555935 1 1 1
v 1.547955 0 -2.714653 1 1 1
v 1.934325 0 -2.611125 1 1 1
v 1.58331 0.1 -2.653415 1 1 1
v 1.873088 0.1 -2.575769 1 1 1
v 1.830798 0 -2.224754 1 1 1
v 1.795442 0.1 -2.285992 1 1 1
v -1.071889 0 -2.006432 1 1 1
v -1.096889 0.1 -2.031432 1 1 1
v -1.071889 0 -2.206432 1 1 1
v -1.096889 0.1 -2.181432 1 1 1
v -1.246889 0.1 -2.031432 1 1 1
v -1.246889 0.1 -2.181432 1 1 1
v -1.271889 0 -2.206432 1 1 1
v -1.271889 0 -2.006432 1 1 1
v 1.444427 0 -2.328282 1 1 1
v 1.505665 0.1 -2.363637 1 1 1
v 1.103659 0 -2.380427 1 1 1
v 1.121337 0.05 -2.411046 1 1 1
v -1.74957 0.05 -2.49822 1 1 1
v -1.537438 0.05 -2.710352 1 1 1
v -1.537438 0.05 -2.286088 1 1 1
v -1.325306 0.05 -2.49822 1 1 1
v -1.537438 0 -2.215377 1 1 1
v -1.254596 0 -2.49822 1 1 1
v -0.8904107 -2.887646E-15 -2.097593 1 1 1
v -0.8550553 0.05 -2.15883 1 1 1
v -0.5040404 -2.887646E-15 -2.201121 1 1 1
v -0.5652776 0.05 -2.236476 1 1 1
v -1.820281 0 -2.49822 1 1 1
v -1.537438 0 -2.781063 1 1 1
v -0.9939382 -2.887646E-15 -2.483963 1 1 1
v -0.607568 -2.887646E-15 -2.587491 1 1 1
v -0.932701 0.05 -2.448608 1 1 1
v -0.6429233 0.05 -2.526254 1 1 1
v -1.296844 3.609557E-16 2.432191 1 1 1
v -1.266226 0.05 2.449869 1 1 1
v -1.245081 3.609557E-16 2.625376 1 1 1
v -1.227403 0.05 2.594758 1 1 1
v -1.051895 3.609557E-16 2.573612 1 1 1
v -1.082514 0.05 2.555935 1 1 1
v -1.547955 3.609557E-16 2.714653 1 1 1
v -1.934325 3.609557E-16 2.611125 1 1 1
v -1.58331 0.1 2.653415 1 1 1
v -1.873088 0.1 2.575769 1 1 1
v -1.830798 3.609557E-16 2.224754 1 1 1
v -1.795442 0.1 2.285992 1 1 1
v 1.071889 3.609557E-16 2.006432 1 1 1
v 1.096889 0.1 2.031432 1 1 1
v 1.071889 3.609557E-16 2.206432 1 1 1
v 1.096889 0.1 2.181432 1 1 1
v 1.246889 0.1 2.031432 1 1 1
v 1.246889 0.1 2.181432 1 1 1
v 1.271889 3.609557E-16 2.206432 1 1 1
v 1.271889 3.609557E-16 2.006432 1 1 1
v -1.444427 3.609557E-16 2.328282 1 1 1
v -1.505665 0.1 2.363637 1 1 1
v -1.103659 3.609557E-16 2.380427 1 1 1
v -1.121337 0.05 2.411046 1 1 1
v 1.74957 0.05 2.49822 1 1 1
v 1.537438 0.05 2.710352 1 1 1
v 1.537438 0.05 2.286088 1 1 1
v 1.325306 0.05 2.49822 1 1 1
v 1.537438 3.609557E-16 2.215377 1 1 1
v 1.254596 3.609557E-16 2.49822 1 1 1
v 0.8904107 -2.52669E-15 2.097593 1 1 1
v 0.8550553 0.05 2.15883 1 1 1
v 0.5040404 -2.52669E-15 2.201121 1 1 1
v 0.5652776 0.05 2.236476 1 1 1
v 1.820281 3.609557E-16 2.49822 1 1 1
v 1.537438 3.609557E-16 2.781063 1 1 1
v 0.9939382 -2.52669E-15 2.483963 1 1 1
v 0.607568 -2.52669E-15 2.587491 1 1 1
v 0.932701 0.05 2.448608 1 1 1
v 0.6429233 0.05 2.526254 1 1 1
v -6 0.9 6 1 1 1
v -7.530734 0.9 5.695518 1 1 1
v -6 0.9 5.399003 1 1 1
v -7.300742 0.9 5.140269 1 1 1
v -8.828427 0.9 4.828427 1 1 1
v -8.403458 0.9 4.403458 1 1 1
v -9.695518 0.9 3.530734 1 1 1
v -9.140268 0.9 3.300742 1 1 1
v -10 0.9 2 1 1 1
v -9.399002 0.9 2 1 1 1
v -6 0.2 5.399003 1 1 1
v -6 0.2 6 1 1 1
v -7.300742 0.2 5.140269 1 1 1
v -8.403458 0.2 4.403458 1 1 1
v -9.140268 0.2 3.300742 1 1 1
v -9.399002 0.2 2 1 1 1
v -10 0.2 2 1 1 1
v -9.695518 0.2 3.530734 1 1 1
v -8.828427 0.2 4.828427 1 1 1
v -7.530734 0.2 5.695518 1 1 1
v 10 0.9 2 1 1 1
v 9.695518 0.9 3.530734 1 1 1
v 9.399002 0.9 2 1 1 1
v 9.140268 0.9 3.300742 1 1 1
v 8.828427 0.9 4.828427 1 1 1
v 8.403458 0.9 4.403458 1 1 1
v 7.530734 0.9 5.695518 1 1 1
v 7.300742 0.9 5.140269 1 1 1
v 6 0.9 6 1 1 1
v 6 0.9 5.399003 1 1 1
v 9.399002 0.2 2 1 1 1
v 10 0.2 2 1 1 1
v 9.140268 0.2 3.300742 1 1 1
v 8.403458 0.2 4.403458 1 1 1
v 7.300742 0.2 5.140269 1 1 1
v 6 0.2 5.399003 1 1 1
v 6 0.2 6 1 1 1
v 7.530734 0.2 5.695518 1 1 1
v 8.828427 0.2 4.828427 1 1 1
v 9.695518 0.2 3.530734 1 1 1
v 6 0.9 -6 1 1 1
v 7.530734 0.9 -5.695518 1 1 1
v 6 0.9 -5.399002 1 1 1
v 7.300742 0.9 -5.140269 1 1 1
v 8.828427 0.9 -4.828427 1 1 1
v 8.403458 0.9 -4.403458 1 1 1
v 9.695518 0.9 -3.530734 1 1 1
v 9.140269 0.9 -3.300742 1 1 1
v 10 0.9 -2 1 1 1
v 9.399003 0.9 -2 1 1 1
v 6 0.2 -5.399002 1 1 1
v 6 0.2 -6 1 1 1
v 7.300742 0.2 -5.140269 1 1 1
v 8.403458 0.2 -4.403458 1 1 1
v 9.140269 0.2 -3.300742 1 1 1
v 9.399003 0.2 -2 1 1 1
v 10 0.2 -2 1 1 1
v 9.695518 0.2 -3.530734 1 1 1
v 8.828427 0.2 -4.828427 1 1 1
v 7.530734 0.2 -5.695518 1 1 1
v -10 0.9 -2 1 1 1
v -9.695518 0.9 -3.530734 1 1 1
v -9.399002 0.9 -2 1 1 1
v -9.140268 0.9 -3.300742 1 1 1
v -8.828427 0.9 -4.828427 1 1 1
v -8.403458 0.9 -4.403458 1 1 1
v -7.530734 0.9 -5.695518 1 1 1
v -7.300742 0.9 -5.140269 1 1 1
v -6 0.9 -6 1 1 1
v -6 0.9 -5.399003 1 1 1
v -9.399002 0.2 -2 1 1 1
v -10 0.2 -2 1 1 1
v -9.140268 0.2 -3.300742 1 1 1
v -8.403458 0.2 -4.403458 1 1 1
v -7.300742 0.2 -5.140269 1 1 1
v -6 0.2 -5.399003 1 1 1
v -6 0.2 -6 1 1 1
v -7.530734 0.2 -5.695518 1 1 1
v -8.828427 0.2 -4.828427 1 1 1
v -9.695518 0.2 -3.530734 1 1 1
v -2 0.2 -5.399002 1 1 1
v -4 0.2 -5.199002 1 1 1
v -2 0.9 -5.399002 1 1 1
v -4 0.9 -5.199002 1 1 1
v -6 0.9 -6 1 1 1
v -2 0.9 -6 1 1 1
v -6 0.9 -5.399002 1 1 1
v -6 0.2 -6 1 1 1
v -2 0.2 -6 1 1 1
v -6 0.2 -5.399002 1 1 1
v -6 0.2 5.399002 1 1 1
v -4 0.2 5.199002 1 1 1
v -6 0.9 5.399002 1 1 1
v -4 0.9 5.199002 1 1 1
v -2 0.9 6 1 1 1
v -6 0.9 6 1 1 1
v -2 0.9 5.399002 1 1 1
v -2 0.2 6 1 1 1
v -6 0.2 6 1 1 1
v -2 0.2 5.399002 1 1 1
v 6 0.2 -5.399002 1 1 1
v 4 0.2 -5.199002 1 1 1
v 6 0.9 -5.399002 1 1 1
v 4 0.9 -5.199002 1 1 1
v 2 0.9 -6 1 1 1
v 6 0.9 -6 1 1 1
v 2 0.9 -5.399002 1 1 1
v 2 0.2 -6 1 1 1
v 6 0.2 -6 1 1 1
v 2 0.2 -5.399002 1 1 1
v -2.800998 0.2 5 1 1 1
v -2.600998 0.2 4 1 1 1
v -2.800998 0.9 5 1 1 1
v -2.600998 0.9 4 1 1 1
v -2.000001 0.9 4 1 1 1
v -2 0.9 6 1 1 1
v -2.600998 0.9 6 1 1 1
v -2.600998 0.2 6 1 1 1
v -2 0.2 6 1 1 1
v -2.000001 0.2 4 1 1 1
v -2.800998 0.2 -5 1 1 1
v -2.600998 0.2 -6 1 1 1
v -2.800998 0.9 -5 1 1 1
v -2.600998 0.9 -6 1 1 1
v -2.000001 0.9 -6 1 1 1
v -2 0.9 -4 1 1 1
v -2.600998 0.9 -4 1 1 1
v -2.600998 0.2 -4 1 1 1
v -2 0.2 -4 1 1 1
v -2.000001 0.2 -6 1 1 1
v 2.800998 0.2 5 1 1 1
v 2.600998 0.2 6 1 1 1
v 2.800998 0.9 5 1 1 1
v 2.600998 0.9 6 1 1 1
v 2 0.9 6 1 1 1
v 2.000001 0.9 4 1 1 1
v 2.600998 0.9 4 1 1 1
v 2.600998 0.2 4 1 1 1
v 2.000001 0.2 4 1 1 1
v 2 0.2 6 1 1 1
v 2.800998 0.2 -5 1 1 1
v 2.600998 0.2 -4 1 1 1
v 2.800998 0.9 -5 1 1 1
v 2.600998 0.9 -4 1 1 1
v 2 0.9 -4 1 1 1
v 2.000001 0.9 -6 1 1 1
v 2.600998 0.9 -6 1 1 1
v 2.600998 0.2 -6 1 1 1
v 2.000001 0.2 -6 1 1 1
v 2 0.2 -4 1 1 1
v 2 0.2 5.399002 1 1 1
v 4 0.2 5.199002 1 1 1
v 2 0.9 5.399002 1 1 1
v 4 0.9 5.199002 1 1 1
v 6 0.9 6 1 1 1
v 2 0.9 6 1 1 1
v 6 0.9 5.399002 1 1 1
v 6 0.2 6 1 1 1
v 2 0.2 6 1 1 1
v 6 0.2 5.399002 1 1 1
v -2 0.9 3.399002 1 1 1
v -2 0.9 4 1 1 1
v -2.300499 0.9 3.479521 1 1 1
v -2.600998 0.9 4 1 1 1
v -2.520479 0.9 3.699501 1 1 1
v -2 0.2 3.399002 1 1 1
v -2 0.2 4 1 1 1
v -2.600998 0.2 4 1 1 1
v -2.520479 0.2 3.699501 1 1 1
v -2.300499 0.2 3.479521 1 1 1
v 2.600998 0.9 4 1 1 1
v 2 0.9 4 1 1 1
v 2.520479 0.9 3.699501 1 1 1
v 2 0.9 3.399002 1 1 1
v 2.300499 0.9 3.479521 1 1 1
v 2.600998 0.2 4 1 1 1
v 2 0.2 4 1 1 1
v 2 0.2 3.399002 1 1 1
v 2.300499 0.2 3.479521 1 1 1
v 2.520479 0.2 3.699501 1 1 1
v 2 0.2 -3.399002 1 1 1
v 9.641151E-13 0.2 -3.199002 1 1 1
v 2 0.9 -3.399002 1 1 1
v 9.641151E-13 0.9 -3.199002 1 1 1
v -2 0.9 -4 1 1 1
v 2 0.9 -4 1 1 1
v -2 0.9 -3.399002 1 1 1
v -2 0.2 -4 1 1 1
v 2 0.2 -4 1 1 1
v -2 0.2 -3.399002 1 1 1
v -2 0.2 3.399002 1 1 1
v -8.085408E-14 0.2 3.199002 1 1 1
v -2 0.9 3.399002 1 1 1
v -8.085408E-14 0.9 3.199002 1 1 1
v 2 0.9 4 1 1 1
v -2 0.9 4 1 1 1
v 2 0.9 3.399002 1 1 1
v 2 0.2 4 1 1 1
v -2 0.2 4 1 1 1
v 2 0.2 3.399002 1 1 1
v -10 0.9 -1.399002 1 1 1
v -10 0.9 -2 1 1 1
v -9.699501 0.9 -1.479521 1 1 1
v -9.399002 0.9 -2 1 1 1
v -9.479521 0.9 -1.699501 1 1 1
v -10 0.2 -1.399002 1 1 1
v -10 0.2 -2 1 1 1
v -9.399002 0.2 -2 1 1 1
v -9.479521 0.2 -1.699501 1 1 1
v -9.699501 0.2 -1.479521 1 1 1
v -9.399002 0.9 2 1 1 1
v -10 0.9 2 1 1 1
v -9.479521 0.9 1.699501 1 1 1
v -10 0.9 1.399002 1 1 1
v -9.699501 0.9 1.479521 1 1 1
v -9.399002 0.2 2 1 1 1
v -10 0.2 2 1 1 1
v -10 0.2 1.399002 1 1 1
v -9.699501 0.2 1.479521 1 1 1
v -9.479521 0.2 1.699501 1 1 1
v 10 0.9 1.399002 1 1 1
v 10 0.9 2 1 1 1
v 9.699501 0.9 1.479521 1 1 1
v 9.399002 0.9 2 1 1 1
v 9.479521 0.9 1.699501 1 1 1
v 10 0.2 1.399002 1 1 1
v 10 0.2 2 1 1 1
v 9.399002 0.2 2 1 1 1
v 9.479521 0.2 1.699501 1 1 1
v 9.699501 0.2 1.479521 1 1 1
v 9.399002 0.9 -2 1 1 1
v 10 0.9 -2 1 1 1
v 9.479521 0.9 -1.699501 1 1 1
v 10 0.9 -1.399002 1 1 1
v 9.699501 0.9 -1.479521 1 1 1
v 9.399002 0.2 -2 1 1 1
v 10 0.2 -2 1 1 1
v 10 0.2 -1.399002 1 1 1
v 9.699501 0.2 -1.479521 1 1 1
v 9.479521 0.2 -1.699501 1 1 1
v -2.600998 0.9 -4 1 1 1
v -2 0.9 -4 1 1 1
v -2.520479 0.9 -3.699501 1 1 1
v -2 0.9 -3.399002 1 1 1
v -2.300499 0.9 -3.479521 1 1 1
v -2.600998 0.2 -4 1 1 1
v -2 0.2 -4 1 1 1
v -2 0.2 -3.399002 1 1 1
v -2.300499 0.2 -3.479521 1 1 1
v -2.520479 0.2 -3.699501 1 1 1
v 2 0.9 -3.399002 1 1 1
v 2 0.9 -4 1 1 1
v 2.300499 0.9 -3.479521 1 1 1
v 2.600998 0.9 -4 1 1 1
v 2.520479 0.9 -3.699501 1 1 1
v 2 0.2 -3.399002 1 1 1
v 2 0.2 -4 1 1 1
v 2.600998 0.2 -4 1 1 1
v 2.520479 0.2 -3.699501 1 1 1
v 2.300499 0.2 -3.479521 1 1 1
v -6 0.9 5.6 1 1 1
v -6 4.05 5.6 1 1 1
v -7.377661 0.9 5.325967 1 1 1
v -7.377661 4.05 5.325967 1 1 1
v -8.545585 0.9 4.545585 1 1 1
v -8.545585 4.05 4.545585 1 1 1
v -9.6 0.9 2 1 1 1
v -9.325966 0.9 3.37766 1 1 1
v -9.6 4.05 2 1 1 1
v -9.325966 4.05 3.37766 1 1 1
v -6 4.05 6 1 1 1
v -7.530734 4.05 5.695518 1 1 1
v -8.828427 4.05 4.828427 1 1 1
v -9.695518 4.05 3.530734 1 1 1
v -10 4.05 2 1 1 1
v -6 0 4.998005 1 1 1
v -7.530734 0 5.695518 1 1 1
v -7.147287 0 4.769795 1 1 1
v -9.695518 0 3.530734 1 1 1
v -8.119909 0 4.11991 1 1 1
v -8.769795 0 3.147287 1 1 1
v -8.998005 0 2 1 1 1
v -6 0.2 4.998005 1 1 1
v -7.147287 0.2 4.769795 1 1 1
v -8.119909 0.2 4.11991 1 1 1
v -8.769795 0.2 3.147287 1 1 1
v -8.998005 0.2 2 1 1 1
v -7.539528 0.2 4.483708 1 1 1
v -7.539528 0 4.483708 1 1 1
v -7.91916 0.2 4.992029 1 1 1
v -7.91916 0 4.992029 1 1 1
v -8.298759 0 3.526625 1 1 1
v -7.838696 0 3.838695 1 1 1
v -8.298759 0.2 3.526625 1 1 1
v -7.838696 0.2 3.838695 1 1 1
v -7.526625 0 4.298758 1 1 1
v -7.526625 0.2 4.298758 1 1 1
v -8.483708 0 3.539528 1 1 1
v -8.483708 0.2 3.539528 1 1 1
v -8.992029 0 3.91916 1 1 1
v -8.992029 0.2 3.91916 1 1 1
v -9.458878 2.559764 2.709474 1 1 1
v -9.534067 2.559764 2.33147 1 1 1
v -9.449122 2.609764 2.758513 1 1 1
v -9.543821 2.609764 2.28243 1 1 1
v -9.449122 2.809764 2.758513 1 1 1
v -9.543821 2.809764 2.28243 1 1 1
v -9.458878 2.859764 2.709474 1 1 1
v -9.534067 2.859764 2.33147 1 1 1
v -9.485027 2.859764 2.321715 1 1 1
v -9.494782 2.809764 2.272676 1 1 1
v -9.409838 2.559764 2.699719 1 1 1
v -9.485027 2.559764 2.321715 1 1 1
v -9.400084 2.809764 2.748759 1 1 1
v -9.400084 2.609764 2.748759 1 1 1
v -9.494782 2.609764 2.272676 1 1 1
v -9.409838 2.859764 2.699719 1 1 1
v -9.397659 3.036932 3.01724 1 1 1
v -9.348619 3.036932 3.007485 1 1 1
v -9.472849 3.036932 2.639235 1 1 1
v -9.423809 3.036932 2.629481 1 1 1
v -9.387904 3.286932 3.066279 1 1 1
v -9.397659 3.336932 3.01724 1 1 1
v -9.338865 3.286932 3.056525 1 1 1
v -9.348619 3.336932 3.007485 1 1 1
v -9.433564 3.086932 2.580441 1 1 1
v -9.338865 3.086932 3.056525 1 1 1
v -9.433564 3.286932 2.580441 1 1 1
v -9.423809 3.336932 2.629481 1 1 1
v -9.387904 3.086932 3.066279 1 1 1
v -9.472849 3.336932 2.639235 1 1 1
v -9.482603 3.086932 2.590196 1 1 1
v -9.482603 3.286932 2.590196 1 1 1
v -9.022588 2.609087 3.831699 1 1 1
v -9.23671 2.609087 3.511242 1 1 1
v -8.981014 2.609087 3.803921 1 1 1
v -9.195136 2.609087 3.483464 1 1 1
v -9.022588 2.309087 3.831699 1 1 1
v -8.981014 2.309087 3.803921 1 1 1
v -9.23671 2.309087 3.511242 1 1 1
v -9.195136 2.309087 3.483464 1 1 1
v -8.994809 2.359087 3.873272 1 1 1
v -8.953236 2.359087 3.845494 1 1 1
v -9.264488 2.359087 3.469669 1 1 1
v -9.222915 2.359087 3.44189 1 1 1
v -9.222915 2.559087 3.44189 1 1 1
v -9.264488 2.559087 3.469669 1 1 1
v -8.953236 2.559087 3.845494 1 1 1
v -8.994809 2.559087 3.873272 1 1 1
v -6.925668 1.85972 5.415874 1 1 1
v -6.974708 1.80972 5.406119 1 1 1
v -6.915914 1.85972 5.366835 1 1 1
v -6.964953 1.80972 5.35708 1 1 1
v -6.547664 1.85972 5.491064 1 1 1
v -6.537909 1.85972 5.442025 1 1 1
v -6.48887 1.60972 5.451779 1 1 1
v -6.498624 1.60972 5.500818 1 1 1
v -6.48887 1.80972 5.451779 1 1 1
v -6.498624 1.80972 5.500818 1 1 1
v -6.974708 1.60972 5.406119 1 1 1
v -6.964953 1.60972 5.35708 1 1 1
v -6.537909 1.55972 5.442025 1 1 1
v -6.915914 1.55972 5.366835 1 1 1
v -6.547664 1.55972 5.491064 1 1 1
v -6.925668 1.55972 5.415874 1 1 1
v 9.6 0.9 2 1 1 1
v 9.6 4.05 2 1 1 1
v 9.325966 0.9 3.37766 1 1 1
v 9.325966 4.05 3.37766 1 1 1
v 8.545585 0.9 4.545585 1 1 1
v 8.545585 4.05 4.545585 1 1 1
v 6 0.9 5.6 1 1 1
v 7.37766 0.9 5.325966 1 1 1
v 6 4.05 5.6 1 1 1
v 7.37766 4.05 5.325966 1 1 1
v 10 4.05 2 1 1 1
v 9.695518 4.05 3.530734 1 1 1
v 8.828427 4.05 4.828427 1 1 1
v 7.530734 4.05 5.695518 1 1 1
v 6 4.05 6 1 1 1
v 8.998005 0 2 1 1 1
v 9.695518 0 3.530734 1 1 1
v 8.769795 0 3.147287 1 1 1
v 7.530734 0 5.695518 1 1 1
v 8.119909 0 4.11991 1 1 1
v 7.147287 0 4.769795 1 1 1
v 6 0 4.998005 1 1 1
v 8.998005 0.2 2 1 1 1
v 8.769795 0.2 3.147287 1 1 1
v 8.119909 0.2 4.11991 1 1 1
v 7.147287 0.2 4.769795 1 1 1
v 6 0.2 4.998005 1 1 1
v 8.483708 0.2 3.539528 1 1 1
v 8.483708 0 3.539528 1 1 1
v 8.992029 0.2 3.91916 1 1 1
v 8.992029 0 3.91916 1 1 1
v 7.526625 0 4.298758 1 1 1
v 7.838696 0 3.838696 1 1 1
v 7.526625 0.2 4.298758 1 1 1
v 7.838696 0.2 3.838696 1 1 1
v 8.298758 0 3.526625 1 1 1
v 8.298758 0.2 3.526625 1 1 1
v 7.539528 0 4.483708 1 1 1
v 7.539528 0.2 4.483708 1 1 1
v 7.91916 0 4.992029 1 1 1
v 7.91916 0.2 4.992029 1 1 1
v 6.709474 2.559764 5.458877 1 1 1
v 6.33147 2.559764 5.534067 1 1 1
v 6.758513 2.609764 5.449122 1 1 1
v 6.28243 2.609764 5.543821 1 1 1
v 6.758513 2.809764 5.449122 1 1 1
v 6.28243 2.809764 5.543821 1 1 1
v 6.709474 2.859764 5.458877 1 1 1
v 6.33147 2.859764 5.534067 1 1 1
v 6.321715 2.859764 5.485028 1 1 1
v 6.272676 2.809764 5.494782 1 1 1
v 6.699719 2.559764 5.409838 1 1 1
v 6.321715 2.559764 5.485028 1 1 1
v 6.748759 2.809764 5.400084 1 1 1
v 6.748759 2.609764 5.400084 1 1 1
v 6.272676 2.609764 5.494782 1 1 1
v 6.699719 2.859764 5.409838 1 1 1
v 7.01724 3.036932 5.397659 1 1 1
v 7.007485 3.036932 5.348619 1 1 1
v 6.639235 3.036932 5.472849 1 1 1
v 6.629481 3.036932 5.42381 1 1 1
v 7.066279 3.286932 5.387904 1 1 1
v 7.01724 3.336932 5.397659 1 1 1
v 7.056525 3.286932 5.338865 1 1 1
v 7.007485 3.336932 5.348619 1 1 1
v 6.580441 3.086932 5.433564 1 1 1
v 7.056525 3.086932 5.338865 1 1 1
v 6.580441 3.286932 5.433564 1 1 1
v 6.629481 3.336932 5.42381 1 1 1
v 7.066279 3.086932 5.387904 1 1 1
v 6.639235 3.336932 5.472849 1 1 1
v 6.590196 3.086932 5.482603 1 1 1
v 6.590196 3.286932 5.482603 1 1 1
v 7.831699 2.609087 5.022587 1 1 1
v 7.511242 2.609087 5.23671 1 1 1
v 7.803921 2.609087 4.981014 1 1 1
v 7.483464 2.609087 5.195137 1 1 1
v 7.831699 2.309087 5.022587 1 1 1
v 7.803921 2.309087 4.981014 1 1 1
v 7.511242 2.309087 5.23671 1 1 1
v 7.483464 2.309087 5.195137 1 1 1
v 7.873272 2.359087 4.994809 1 1 1
v 7.845494 2.359087 4.953236 1 1 1
v 7.469669 2.359087 5.264488 1 1 1
v 7.44189 2.359087 5.222915 1 1 1
v 7.44189 2.559087 5.222915 1 1 1
v 7.469669 2.559087 5.264488 1 1 1
v 7.845494 2.559087 4.953236 1 1 1
v 7.873272 2.559087 4.994809 1 1 1
v 9.415874 1.85972 2.925666 1 1 1
v 9.406119 1.80972 2.974706 1 1 1
v 9.366835 1.85972 2.915912 1 1 1
v 9.35708 1.80972 2.964951 1 1 1
v 9.491064 1.85972 2.547662 1 1 1
v 9.442024 1.85972 2.537907 1 1 1
v 9.451779 1.60972 2.488868 1 1 1
v 9.500818 1.60972 2.498622 1 1 1
v 9.451779 1.80972 2.488868 1 1 1
v 9.500818 1.80972 2.498622 1 1 1
v 9.406119 1.60972 2.974706 1 1 1
v 9.35708 1.60972 2.964951 1 1 1
v 9.442024 1.55972 2.537907 1 1 1
v 9.366835 1.55972 2.915912 1 1 1
v 9.491064 1.55972 2.547662 1 1 1
v 9.415874 1.55972 2.925666 1 1 1
v 6 0.9 -5.6 1 1 1
v 6 4.05 -5.6 1 1 1
v 7.37766 0.9 -5.325966 1 1 1
v 7.37766 4.05 -5.325966 1 1 1
v 8.545585 0.9 -4.545585 1 1 1
v 8.545585 4.05 -4.545585 1 1 1
v 9.6 0.9 -2 1 1 1
v 9.325967 0.9 -3.377661 1 1 1
v 9.6 4.05 -2 1 1 1
v 9.325967 4.05 -3.377661 1 1 1
v 6 4.05 -6 1 1 1
v 7.530734 4.05 -5.695518 1 1 1
v 8.828427 4.05 -4.828427 1 1 1
v 9.695518 4.05 -3.530734 1 1 1
v 10 4.05 -2 1 1 1
v 6 0 -4.998005 1 1 1
v 7.530734 0 -5.695518 1 1 1
v 7.147286 0 -4.769795 1 1 1
v 9.695518 0 -3.530734 1 1 1
v 8.119909 0 -4.11991 1 1 1
v 8.769795 0 -3.147287 1 1 1
v 8.998005 0 -2 1 1 1
v 6 0.2 -4.998005 1 1 1
v 7.147286 0.2 -4.769795 1 1 1
v 8.119909 0.2 -4.11991 1 1 1
v 8.769795 0.2 -3.147287 1 1 1
v 8.998005 0.2 -2 1 1 1
v 7.539528 0.2 -4.483708 1 1 1
v 7.539528 0 -4.483708 1 1 1
v 7.91916 0.2 -4.992029 1 1 1
v 7.91916 0 -4.992029 1 1 1
v 8.298759 0 -3.526625 1 1 1
v 7.838696 0 -3.838695 1 1 1
v 8.298759 0.2 -3.526625 1 1 1
v 7.838696 0.2 -3.838695 1 1 1
v 7.526625 0 -4.298758 1 1 1
v 7.526625 0.2 -4.298758 1 1 1
v 8.483708 0 -3.539528 1 1 1
v 8.483708 0.2 -3.539528 1 1 1
v 8.992029 0 -3.919161 1 1 1
v 8.992029 0.2 -3.919161 1 1 1
v 9.458878 2.559764 -2.709476 1 1 1
v 9.534067 2.559764 -2.331471 1 1 1
v 9.449122 2.609764 -2.758515 1 1 1
v 9.543821 2.609764 -2.282432 1 1 1
v 9.449122 2.809764 -2.758515 1 1 1
v 9.543821 2.809764 -2.282432 1 1 1
v 9.458878 2.859764 -2.709476 1 1 1
v 9.534067 2.859764 -2.331471 1 1 1
v 9.485027 2.859764 -2.321717 1 1 1
v 9.494782 2.809764 -2.272677 1 1 1
v 9.409838 2.559764 -2.699721 1 1 1
v 9.485027 2.559764 -2.321717 1 1 1
v 9.400084 2.809764 -2.748761 1 1 1
v 9.400084 2.609764 -2.748761 1 1 1
v 9.494782 2.609764 -2.272677 1 1 1
v 9.409838 2.859764 -2.699721 1 1 1
v 9.397659 3.036932 -3.01724 1 1 1
v 9.348619 3.036932 -3.007485 1 1 1
v 9.472849 3.036932 -2.639235 1 1 1
v 9.423809 3.036932 -2.629481 1 1 1
v 9.387904 3.286932 -3.066279 1 1 1
v 9.397659 3.336932 -3.01724 1 1 1
v 9.338865 3.286932 -3.056525 1 1 1
v 9.348619 3.336932 -3.007485 1 1 1
v 9.433564 3.086932 -2.580441 1 1 1
v 9.338865 3.086932 -3.056525 1 1 1
v 9.433564 3.286932 -2.580441 1 1 1
v 9.423809 3.336932 -2.629481 1 1 1
v 9.387904 3.086932 -3.066279 1 1 1
v 9.472849 3.336932 -2.639235 1 1 1
v 9.482603 3.086932 -2.590196 1 1 1
v 9.482603 3.286932 -2.590196 1 1 1
v 9.022588 2.609087 -3.831699 1 1 1
v 9.23671 2.609087 -3.511242 1 1 1
v 8.981014 2.609087 -3.803921 1 1 1
v 9.195136 2.609087 -3.483464 1 1 1
v 9.022588 2.309087 -3.831699 1 1 1
v 8.981014 2.309087 -3.803921 1 1 1
v 9.23671 2.309087 -3.511242 1 1 1
v 9.195136 2.309087 -3.483464 1 1 1
v 8.994809 2.359087 -3.873272 1 1 1
v 8.953236 2.359087 -3.845494 1 1 1
v 9.264488 2.359087 -3.469669 1 1 1
v 9.222915 2.359087 -3.44189 1 1 1
v 9.222915 2.559087 -3.44189 1 1 1
v 9.264488 2.559087 -3.469669 1 1 1
v 8.953236 2.559087 -3.845494 1 1 1
v 8.994809 2.559087 -3.873272 1 1 1
v 6.925666 1.85972 -5.415874 1 1 1
v 6.974706 1.80972 -5.406119 1 1 1
v 6.915912 1.85972 -5.366835 1 1 1
v 6.964951 1.80972 -5.35708 1 1 1
v 6.547662 1.85972 -5.491064 1 1 1
v 6.537907 1.85972 -5.442025 1 1 1
v 6.488868 1.60972 -5.451779 1 1 1
v 6.498622 1.60972 -5.500818 1 1 1
v 6.488868 1.80972 -5.451779 1 1 1
v 6.498622 1.80972 -5.500818 1 1 1
v 6.974706 1.60972 -5.406119 1 1 1
v 6.964951 1.60972 -5.35708 1 1 1
v 6.537907 1.55972 -5.442025 1 1 1
v 6.915912 1.55972 -5.366835 1 1 1
v 6.547662 1.55972 -5.491064 1 1 1
v 6.925666 1.55972 -5.415874 1 1 1
v -9.6 0.9 -2 1 1 1
v -9.6 4.05 -2 1 1 1
v -9.325966 0.9 -3.37766 1 1 1
v -9.325966 4.05 -3.37766 1 1 1
v -8.545585 0.9 -4.545585 1 1 1
v -8.545585 4.05 -4.545585 1 1 1
v -6 0.9 -5.6 1 1 1
v -7.37766 0.9 -5.325966 1 1 1
v -6 4.05 -5.6 1 1 1
v -7.37766 4.05 -5.325966 1 1 1
v -10 4.05 -2 1 1 1
v -9.695518 4.05 -3.530734 1 1 1
v -8.828427 4.05 -4.828427 1 1 1
v -7.530734 4.05 -5.695518 1 1 1
v -6 4.05 -6 1 1 1
v -8.998005 0 -2 1 1 1
v -9.695518 0 -3.530734 1 1 1
v -8.769795 0 -3.147287 1 1 1
v -7.530734 0 -5.695518 1 1 1
v -8.119909 0 -4.11991 1 1 1
v -7.147287 0 -4.769795 1 1 1
v -6 0 -4.998005 1 1 1
v -8.998005 0.2 -2 1 1 1
v -8.769795 0.2 -3.147287 1 1 1
v -8.119909 0.2 -4.11991 1 1 1
v -7.147287 0.2 -4.769795 1 1 1
v -6 0.2 -4.998005 1 1 1
v -8.483708 0.2 -3.539528 1 1 1
v -8.483708 0 -3.539528 1 1 1
v -8.992029 0.2 -3.91916 1 1 1
v -8.992029 0 -3.91916 1 1 1
v -7.526625 0 -4.298758 1 1 1
v -7.838696 0 -3.838696 1 1 1
v -7.526625 0.2 -4.298758 1 1 1
v -7.838696 0.2 -3.838696 1 1 1
v -8.298758 0 -3.526625 1 1 1
v -8.298758 0.2 -3.526625 1 1 1
v -7.539528 0 -4.483708 1 1 1
v -7.539528 0.2 -4.483708 1 1 1
v -7.91916 0 -4.992029 1 1 1
v -7.91916 0.2 -4.992029 1 1 1
v -6.709474 2.559764 -5.458877 1 1 1
v -6.33147 2.559764 -5.534067 1 1 1
v -6.758513 2.609764 -5.449122 1 1 1
v -6.28243 2.609764 -5.543821 1 1 1
v -6.758513 2.809764 -5.449122 1 1 1
v -6.28243 2.809764 -5.543821 1 1 1
v -6.709474 2.859764 -5.458877 1 1 1
v -6.33147 2.859764 -5.534067 1 1 1
v -6.321715 2.859764 -5.485028 1 1 1
v -6.272676 2.809764 -5.494782 1 1 1
v -6.699719 2.559764 -5.409838 1 1 1
v -6.321715 2.559764 -5.485028 1 1 1
v -6.748759 2.809764 -5.400084 1 1 1
v -6.748759 2.609764 -5.400084 1 1 1
v -6.272676 2.609764 -5.494782 1 1 1
v -6.699719 2.859764 -5.409838 1 1 1
v -7.01724 3.036932 -5.397659 1 1 1
v -7.007485 3.036932 -5.348619 1 1 1
v -6.639235 3.036932 -5.472849 1 1 1
v -6.629481 3.036932 -5.42381 1 1 1
v -7.066279 3.286932 -5.387904 1 1 1
v -7.01724 3.336932 -5.397659 1 1 1
v -7.056525 3.286932 -5.338865 1 1 1
v -7.007485 3.336932 -5.348619 1 1 1
v -6.580441 3.086932 -5.433564 1 1 1
v -7.056525 3.086932 -5.338865 1 1 1
v -6.580441 3.286932 -5.433564 1 1 1
v -6.629481 3.336932 -5.42381 1 1 1
v -7.066279 3.086932 -5.387904 1 1 1
v -6.639235 3.336932 -5.472849 1 1 1
v -6.590196 3.086932 -5.482603 1 1 1
v -6.590196 3.286932 -5.482603 1 1 1
v -7.831699 2.609087 -5.022587 1 1 1
v -7.511242 2.609087 -5.23671 1 1 1
v -7.803921 2.609087 -4.981014 1 1 1
v -7.483464 2.609087 -5.195137 1 1 1
v -7.831699 2.309087 -5.022587 1 1 1
v -7.803921 2.309087 -4.981014 1 1 1
v -7.511242 2.309087 -5.23671 1 1 1
v -7.483464 2.309087 -5.195137 1 1 1
v -7.873272 2.359087 -4.994809 1 1 1
v -7.845494 2.359087 -4.953236 1 1 1
v -7.469669 2.359087 -5.264488 1 1 1
v -7.44189 2.359087 -5.222915 1 1 1
v -7.44189 2.559087 -5.222915 1 1 1
v -7.469669 2.559087 -5.264488 1 1 1
v -7.845494 2.559087 -4.953236 1 1 1
v -7.873272 2.559087 -4.994809 1 1 1
v -9.415874 1.85972 -2.925666 1 1 1
v -9.406119 1.80972 -2.974706 1 1 1
v -9.366835 1.85972 -2.915912 1 1 1
v -9.35708 1.80972 -2.964951 1 1 1
v -9.491064 1.85972 -2.547662 1 1 1
v -9.442024 1.85972 -2.537907 1 1 1
v -9.451779 1.60972 -2.488868 1 1 1
v -9.500818 1.60972 -2.498622 1 1 1
v -9.451779 1.80972 -2.488868 1 1 1
v -9.500818 1.80972 -2.498622 1 1 1
v -9.406119 1.60972 -2.974706 1 1 1
v -9.35708 1.60972 -2.964951 1 1 1
v -9.442024 1.55972 -2.537907 1 1 1
v -9.366835 1.55972 -2.915912 1 1 1
v -9.491064 1.55972 -2.547662 1 1 1
v -9.415874 1.55972 -2.925666 1 1 1
v -6 0.9 -6.000001 1 1 1
v -2 0.9 -6.000001 1 1 1
v -6 4.05 -6.000001 1 1 1
v -2 4.05 -6.000001 1 1 1
v -6 4.05 -5.600001 1 1 1
v -6 0.9 -5.600001 1 1 1
v -2 0.9 -5.600001 1 1 1
v -2 4.05 -5.600001 1 1 1
v -4 4.05 -5.400001 1 1 1
v -4 0.9 -5.400001 1 1 1
v -4 3.609557E-16 -4.548004 1 1 1
v -4.545981 3.609557E-16 -4.639001 1 1 1
v -4 0.2 -4.548004 1 1 1
v -4.545981 0.2 -4.639001 1 1 1
v -4.667636 0.2 -4.760656 1 1 1
v -4.667636 3.609557E-16 -4.760656 1 1 1
v -4.758633 0.2 -5.306637 1 1 1
v -4.758633 3.609557E-16 -5.306637 1 1 1
v -3.454019 3.609557E-16 -4.639001 1 1 1
v -3.454019 0.2 -4.639001 1 1 1
v -3.241367 0.2 -5.306637 1 1 1
v -3.332364 0.2 -4.760656 1 1 1
v -3.332364 3.609557E-16 -4.760656 1 1 1
v -3.241367 3.609557E-16 -5.306637 1 1 1
v -6 0.2 -4.998004 1 1 1
v -6 6.411861E-31 -4.998004 1 1 1
v -6 6.411861E-31 -6 1 1 1
v -2 6.411861E-31 -4.998004 1 1 1
v -4 6.411861E-31 -4.798005 1 1 1
v -2 0.2 -4.998004 1 1 1
v -4 0.2 -4.798005 1 1 1
v -2 6.411861E-31 -6 1 1 1
v -2.927359 2.957801 -5.507264 1 1 1
v -2.922384 2.957801 -5.457512 1 1 1
v -2.877607 2.907801 -5.512239 1 1 1
v -2.872632 2.907801 -5.462488 1 1 1
v -2.927359 3.157801 -5.507264 1 1 1
v -2.877607 3.207801 -5.512239 1 1 1
v -2.922384 3.157801 -5.457512 1 1 1
v -2.872632 3.207801 -5.462488 1 1 1
v -2.489134 2.907801 -5.500837 1 1 1
v -2.439383 2.957801 -5.505813 1 1 1
v -2.439383 3.157801 -5.505813 1 1 1
v -2.489134 3.207801 -5.500837 1 1 1
v -2.494109 3.207801 -5.550589 1 1 1
v -2.494109 2.907801 -5.550589 1 1 1
v -2.444358 2.957801 -5.555564 1 1 1
v -2.444358 3.157801 -5.555564 1 1 1
v -2.871171 2.397031 -5.512883 1 1 1
v -2.866196 2.397031 -5.463131 1 1 1
v -2.821419 2.447031 -5.517858 1 1 1
v -2.816444 2.447031 -5.468106 1 1 1
v -3.254669 2.397031 -5.474533 1 1 1
v -3.30442 2.447031 -5.469558 1 1 1
v -3.30442 2.647031 -5.469558 1 1 1
v -2.821419 2.647031 -5.517858 1 1 1
v -3.254669 2.697031 -5.474533 1 1 1
v -2.871171 2.697031 -5.512883 1 1 1
v -3.249694 2.397031 -5.424781 1 1 1
v -3.299445 2.447031 -5.419806 1 1 1
v -3.249694 2.697031 -5.424781 1 1 1
v -2.866196 2.697031 -5.463131 1 1 1
v -3.299445 2.647031 -5.419806 1 1 1
v -2.816444 2.647031 -5.468106 1 1 1
v -5.471186 1.463198 -5.496869 1 1 1
v -5.421434 1.413198 -5.491894 1 1 1
v -5.46621 1.463198 -5.546621 1 1 1
v -5.416459 1.413198 -5.541646 1 1 1
v -4.988184 1.463198 -5.448569 1 1 1
v -4.988184 1.663198 -5.448569 1 1 1
v -4.98321 1.463198 -5.498321 1 1 1
v -4.98321 1.663198 -5.498321 1 1 1
v -5.037936 1.713198 -5.453544 1 1 1
v -5.032961 1.713198 -5.503296 1 1 1
v -5.037936 1.413198 -5.453544 1 1 1
v -5.471186 1.663198 -5.496869 1 1 1
v -5.421434 1.713198 -5.491894 1 1 1
v -5.032961 1.413198 -5.503296 1 1 1
v -5.46621 1.663198 -5.546621 1 1 1
v -5.416459 1.713198 -5.541646 1 1 1
v -2 0.9 6.000001 1 1 1
v -6 0.9 6.000001 1 1 1
v -2 4.05 6.000001 1 1 1
v -6 4.05 6.000001 1 1 1
v -2 4.05 5.600001 1 1 1
v -2 0.9 5.600001 1 1 1
v -6 0.9 5.600001 1 1 1
v -6 4.05 5.600001 1 1 1
v -4 4.05 5.400001 1 1 1
v -4 0.9 5.400001 1 1 1
v -4 7.219114E-16 4.548004 1 1 1
v -3.454019 7.219114E-16 4.639001 1 1 1
v -4 0.2 4.548004 1 1 1
v -3.454019 0.2 4.639001 1 1 1
v -3.332364 0.2 4.760656 1 1 1
v -3.332364 7.219114E-16 4.760656 1 1 1
v -3.241367 0.2 5.306637 1 1 1
v -3.241367 7.219114E-16 5.306637 1 1 1
v -4.545981 7.219114E-16 4.639001 1 1 1
v -4.545981 0.2 4.639001 1 1 1
v -4.758633 0.2 5.306637 1 1 1
v -4.667636 0.2 4.760656 1 1 1
v -4.667636 7.219114E-16 4.760656 1 1 1
v -4.758633 7.219114E-16 5.306637 1 1 1
v -2 0.2 4.998004 1 1 1
v -2 3.609557E-16 4.998004 1 1 1
v -2 3.609557E-16 6 1 1 1
v -6 3.609557E-16 4.998004 1 1 1
v -4 3.609557E-16 4.798005 1 1 1
v -6 0.2 4.998004 1 1 1
v -4 0.2 4.798005 1 1 1
v -6 3.609557E-16 6 1 1 1
v -5.072641 2.957801 5.507264 1 1 1
v -5.077617 2.957801 5.457512 1 1 1
v -5.122393 2.907801 5.512239 1 1 1
v -5.127368 2.907801 5.462488 1 1 1
v -5.072641 3.157801 5.507264 1 1 1
v -5.122393 3.207801 5.512239 1 1 1
v -5.077617 3.157801 5.457512 1 1 1
v -5.127368 3.207801 5.462488 1 1 1
v -5.510866 2.907801 5.500837 1 1 1
v -5.560617 2.957801 5.505813 1 1 1
v -5.560617 3.157801 5.505813 1 1 1
v -5.510866 3.207801 5.500837 1 1 1
v -5.505891 3.207801 5.550589 1 1 1
v -5.505891 2.907801 5.550589 1 1 1
v -5.555642 2.957801 5.555564 1 1 1
v -5.555642 3.157801 5.555564 1 1 1
v -5.128829 2.397031 5.512883 1 1 1
v -5.133804 2.397031 5.463131 1 1 1
v -5.17858 2.447031 5.517858 1 1 1
v -5.183556 2.447031 5.468106 1 1 1
v -4.745331 2.397031 5.474533 1 1 1
v -4.69558 2.447031 5.469558 1 1 1
v -4.69558 2.647031 5.469558 1 1 1
v -5.17858 2.647031 5.517858 1 1 1
v -4.745331 2.697031 5.474533 1 1 1
v -5.128829 2.697031 5.512883 1 1 1
v -4.750307 2.397031 5.424781 1 1 1
v -4.700554 2.447031 5.419806 1 1 1
v -4.750307 2.697031 5.424781 1 1 1
v -5.133804 2.697031 5.463131 1 1 1
v -4.700554 2.647031 5.419806 1 1 1
v -5.183556 2.647031 5.468106 1 1 1
v -2.528814 1.463198 5.496869 1 1 1
v -2.578566 1.413198 5.491894 1 1 1
v -2.533789 1.463198 5.546621 1 1 1
v -2.583541 1.413198 5.541646 1 1 1
v -3.011815 1.463198 5.448569 1 1 1
v -3.011815 1.663198 5.448569 1 1 1
v -3.01679 1.463198 5.498321 1 1 1
v -3.01679 1.663198 5.498321 1 1 1
v -2.962064 1.713198 5.453544 1 1 1
v -2.967039 1.713198 5.503296 1 1 1
v -2.962064 1.413198 5.453544 1 1 1
v -2.528814 1.663198 5.496869 1 1 1
v -2.578566 1.713198 5.491894 1 1 1
v -2.967039 1.413198 5.503296 1 1 1
v -2.533789 1.663198 5.546621 1 1 1
v -2.583541 1.713198 5.541646 1 1 1
v 2 0.9 -6.000001 1 1 1
v 6 0.9 -6.000001 1 1 1
v 2 4.05 -6.000001 1 1 1
v 6 4.05 -6.000001 1 1 1
v 2 4.05 -5.600001 1 1 1
v 2 0.9 -5.600001 1 1 1
v 6 0.9 -5.600001 1 1 1
v 6 4.05 -5.600001 1 1 1
v 4 4.05 -5.400001 1 1 1
v 4 0.9 -5.400001 1 1 1
v 4 7.219114E-16 -4.548004 1 1 1
v 3.454019 7.219114E-16 -4.639001 1 1 1
v 4 0.2 -4.548004 1 1 1
v 3.454019 0.2 -4.639001 1 1 1
v 3.332364 0.2 -4.760656 1 1 1
v 3.332364 7.219114E-16 -4.760656 1 1 1
v 3.241367 0.2 -5.306637 1 1 1
v 3.241367 7.219114E-16 -5.306637 1 1 1
v 4.545981 7.219114E-16 -4.639001 1 1 1
v 4.545981 0.2 -4.639001 1 1 1
v 4.758633 0.2 -5.306637 1 1 1
v 4.667636 0.2 -4.760656 1 1 1
v 4.667636 7.219114E-16 -4.760656 1 1 1
v 4.758633 7.219114E-16 -5.306637 1 1 1
v 2 0.2 -4.998004 1 1 1
v 2 3.609557E-16 -4.998004 1 1 1
v 2 3.609557E-16 -6 1 1 1
v 6 3.609557E-16 -4.998004 1 1 1
v 4 3.609557E-16 -4.798005 1 1 1
v 6 0.2 -4.998004 1 1 1
v 4 0.2 -4.798005 1 1 1
v 6 3.609557E-16 -6 1 1 1
v 5.072641 2.957801 -5.507264 1 1 1
v 5.077617 2.957801 -5.457512 1 1 1
v 5.122393 2.907801 -5.512239 1 1 1
v 5.127368 2.907801 -5.462488 1 1 1
v 5.072641 3.157801 -5.507264 1 1 1
v 5.122393 3.207801 -5.512239 1 1 1
v 5.077617 3.157801 -5.457512 1 1 1
v 5.127368 3.207801 -5.462488 1 1 1
v 5.510866 2.907801 -5.500837 1 1 1
v 5.560617 2.957801 -5.505813 1 1 1
v 5.560617 3.157801 -5.505813 1 1 1
v 5.510866 3.207801 -5.500837 1 1 1
v 5.505891 3.207801 -5.550589 1 1 1
v 5.505891 2.907801 -5.550589 1 1 1
v 5.555642 2.957801 -5.555564 1 1 1
v 5.555642 3.157801 -5.555564 1 1 1
v 5.128829 2.397031 -5.512883 1 1 1
v 5.133804 2.397031 -5.463131 1 1 1
v 5.17858 2.447031 -5.517858 1 1 1
v 5.183556 2.447031 -5.468106 1 1 1
v 4.745331 2.397031 -5.474533 1 1 1
v 4.69558 2.447031 -5.469558 1 1 1
v 4.69558 2.647031 -5.469558 1 1 1
v 5.17858 2.647031 -5.517858 1 1 1
v 4.745331 2.697031 -5.474533 1 1 1
v 5.128829 2.697031 -5.512883 1 1 1
v 4.750307 2.397031 -5.424781 1 1 1
v 4.700554 2.447031 -5.419806 1 1 1
v 4.750307 2.697031 -5.424781 1 1 1
v 5.133804 2.697031 -5.463131 1 1 1
v 4.700554 2.647031 -5.419806 1 1 1
v 5.183556 2.647031 -5.468106 1 1 1
v 2.528814 1.463198 -5.496869 1 1 1
v 2.578566 1.413198 -5.491894 1 1 1
v 2.533789 1.463198 -5.546621 1 1 1
v 2.583541 1.413198 -5.541646 1 1 1
v 3.011815 1.463198 -5.448569 1 1 1
v 3.011815 1.663198 -5.448569 1 1 1
v 3.01679 1.463198 -5.498321 1 1 1
v 3.01679 1.663198 -5.498321 1 1 1
v 2.962064 1.713198 -5.453544 1 1 1
v 2.967039 1.713198 -5.503296 1 1 1
v 2.962064 1.413198 -5.453544 1 1 1
v 2.528814 1.663198 -5.496869 1 1 1
v 2.578566 1.713198 -5.491894 1 1 1
v 2.967039 1.413198 -5.503296 1 1 1
v 2.533789 1.663198 -5.546621 1 1 1
v 2.583541 1.713198 -5.541646 1 1 1
v -1.999999 4.05 4 1 1 1
v -1.999999 4.05 6 1 1 1
v -2.399999 4.05 4 1 1 1
v -2.599999 4.05 5 1 1 1
v -2.399999 4.05 6 1 1 1
v -2.399999 0.9 6 1 1 1
v -1.999999 0.9 6 1 1 1
v -2.599999 0.9 5 1 1 1
v -1.999999 0.9 4 1 1 1
v -2.399999 0.9 4 1 1 1
v -2 3.609557E-16 4 1 1 1
v -2 3.609557E-16 6 1 1 1
v -2 0.2 4 1 1 1
v -2 0.2 6 1 1 1
v -3.001996 0.2 4 1 1 1
v -3.201995 0.2 5 1 1 1
v -3.001995 0.2 6 1 1 1
v -3.201995 3.609557E-16 5 1 1 1
v -3.001996 3.609557E-16 4 1 1 1
v -3.001995 3.609557E-16 6 1 1 1
v -2.533629 1.332707 5.331849 1 1 1
v -2.582659 1.332707 5.341655 1 1 1
v -2.458044 1.332707 5.709775 1 1 1
v -2.507073 1.332707 5.719581 1 1 1
v -2.543435 1.582707 5.28282 1 1 1
v -2.533629 1.632707 5.331849 1 1 1
v -2.592464 1.582707 5.292626 1 1 1
v -2.582659 1.632707 5.341655 1 1 1
v -2.592464 1.382707 5.292626 1 1 1
v -2.543435 1.382707 5.28282 1 1 1
v -2.448238 1.382707 5.758804 1 1 1
v -2.497267 1.382707 5.76861 1 1 1
v -2.458044 1.632707 5.709775 1 1 1
v -2.507073 1.632707 5.719581 1 1 1
v -2.497267 1.582707 5.76861 1 1 1
v -2.448238 1.582707 5.758804 1 1 1
v -1.999999 4.05 -6 1 1 1
v -1.999999 4.05 -4 1 1 1
v -2.399999 4.05 -6 1 1 1
v -2.599999 4.05 -5 1 1 1
v -2.399999 4.05 -4 1 1 1
v -2.399999 0.9 -4 1 1 1
v -1.999999 0.9 -4 1 1 1
v -2.599999 0.9 -5 1 1 1
v -1.999999 0.9 -6 1 1 1
v -2.399999 0.9 -6 1 1 1
v -2 0 -6 1 1 1
v -2 0 -4 1 1 1
v -2 0.2 -6 1 1 1
v -3.001996 0.2 -6 1 1 1
v -3.201995 0.2 -5 1 1 1
v -3.001995 0.2 -4 1 1 1
v -3.201995 0 -5 1 1 1
v -3.001996 0 -6 1 1 1
v -3.001995 0 -4 1 1 1
v -2.533629 1.332707 -4.668151 1 1 1
v -2.582659 1.332707 -4.658345 1 1 1
v -2.458044 1.332707 -4.290225 1 1 1
v -2.507073 1.332707 -4.280419 1 1 1
v -2.543435 1.582707 -4.71718 1 1 1
v -2.533629 1.632707 -4.668151 1 1 1
v -2.592464 1.582707 -4.707374 1 1 1
v -2.582659 1.632707 -4.658345 1 1 1
v -2.592464 1.382707 -4.707374 1 1 1
v -2.543435 1.382707 -4.71718 1 1 1
v -2.448238 1.382707 -4.241196 1 1 1
v -2.497267 1.382707 -4.23139 1 1 1
v -2.458044 1.632707 -4.290225 1 1 1
v -2.507073 1.632707 -4.280419 1 1 1
v -2.497267 1.582707 -4.23139 1 1 1
v -2.448238 1.582707 -4.241196 1 1 1
v 1.999999 4.05 6 1 1 1
v 1.999999 4.05 4 1 1 1
v 2.399999 4.05 6 1 1 1
v 2.599999 4.05 5 1 1 1
v 2.399999 4.05 4 1 1 1
v 2.399999 0.9 4 1 1 1
v 1.999999 0.9 4 1 1 1
v 2.599999 0.9 5 1 1 1
v 1.999999 0.9 6 1 1 1
v 2.399999 0.9 6 1 1 1
v 2 0 6 1 1 1
v 2 0 4 1 1 1
v 2 0.2 4 1 1 1
v 3.001996 0.2 6 1 1 1
v 3.201995 0.2 5 1 1 1
v 3.001996 0.2 4 1 1 1
v 3.201995 0 5 1 1 1
v 3.001996 0 6 1 1 1
v 3.001996 0 4 1 1 1
v 2.533629 1.332707 4.668151 1 1 1
v 2.582659 1.332707 4.658345 1 1 1
v 2.458044 1.332707 4.290225 1 1 1
v 2.507073 1.332707 4.280419 1 1 1
v 2.543435 1.582707 4.71718 1 1 1
v 2.533629 1.632707 4.668151 1 1 1
v 2.592464 1.582707 4.707374 1 1 1
v 2.582659 1.632707 4.658345 1 1 1
v 2.592464 1.382707 4.707374 1 1 1
v 2.543435 1.382707 4.71718 1 1 1
v 2.448239 1.382707 4.241196 1 1 1
v 2.497267 1.382707 4.23139 1 1 1
v 2.458044 1.632707 4.290225 1 1 1
v 2.507073 1.632707 4.280419 1 1 1
v 2.497267 1.582707 4.23139 1 1 1
v 2.448239 1.582707 4.241196 1 1 1
v 1.999999 4.05 -4 1 1 1
v 1.999999 4.05 -6 1 1 1
v 2.399999 4.05 -4 1 1 1
v 2.599999 4.05 -5 1 1 1
v 2.399999 4.05 -6 1 1 1
v 2.399999 0.9 -6 1 1 1
v 1.999999 0.9 -6 1 1 1
v 2.599999 0.9 -5 1 1 1
v 1.999999 0.9 -4 1 1 1
v 2.399999 0.9 -4 1 1 1
v 2 3.609557E-16 -4 1 1 1
v 2 3.609557E-16 -6 1 1 1
v 2 0.2 -6 1 1 1
v 3.001996 0.2 -4 1 1 1
v 3.201995 0.2 -5 1 1 1
v 3.001996 0.2 -6 1 1 1
v 3.201995 3.609557E-16 -5 1 1 1
v 3.001996 3.609557E-16 -4 1 1 1
v 3.001996 3.609557E-16 -6 1 1 1
v 2.533629 1.332707 -5.331849 1 1 1
v 2.582659 1.332707 -5.341655 1 1 1
v 2.458044 1.332707 -5.709775 1 1 1
v 2.507073 1.332707 -5.719581 1 1 1
v 2.543435 1.582707 -5.28282 1 1 1
v 2.533629 1.632707 -5.331849 1 1 1
v 2.592464 1.582707 -5.292626 1 1 1
v 2.582659 1.632707 -5.341655 1 1 1
v 2.592464 1.382707 -5.292626 1 1 1
v 2.543435 1.382707 -5.28282 1 1 1
v 2.448239 1.382707 -5.758804 1 1 1
v 2.497267 1.382707 -5.76861 1 1 1
v 2.458044 1.632707 -5.709775 1 1 1
v 2.507073 1.632707 -5.719581 1 1 1
v 2.497267 1.582707 -5.76861 1 1 1
v 2.448239 1.582707 -5.758804 1 1 1
v 6 0.9 6.000001 1 1 1
v 2 0.9 6.000001 1 1 1
v 6 4.05 6.000001 1 1 1
v 2 4.05 6.000001 1 1 1
v 6 4.05 5.600001 1 1 1
v 6 0.9 5.600001 1 1 1
v 2 0.9 5.600001 1 1 1
v 2 4.05 5.600001 1 1 1
v 4 4.05 5.400001 1 1 1
v 4 0.9 5.400001 1 1 1
v 4 3.609557E-16 4.548004 1 1 1
v 4.545981 3.609557E-16 4.639001 1 1 1
v 4 0.2 4.548004 1 1 1
v 4.545981 0.2 4.639001 1 1 1
v 4.667636 0.2 4.760656 1 1 1
v 4.667636 3.609557E-16 4.760656 1 1 1
v 4.758633 0.2 5.306637 1 1 1
v 4.758633 3.609557E-16 5.306637 1 1 1
v 3.454019 3.609557E-16 4.639001 1 1 1
v 3.454019 0.2 4.639001 1 1 1
v 3.241367 0.2 5.306637 1 1 1
v 3.332364 0.2 4.760656 1 1 1
v 3.332364 3.609557E-16 4.760656 1 1 1
v 3.241367 3.609557E-16 5.306637 1 1 1
v 6 0.2 4.998004 1 1 1
v 6 6.411861E-31 4.998004 1 1 1
v 6 6.411861E-31 6 1 1 1
v 2 6.411861E-31 4.998004 1 1 1
v 4 6.411861E-31 4.798005 1 1 1
v 2 0.2 4.998004 1 1 1
v 4 0.2 4.798005 1 1 1
v 2 6.411861E-31 6 1 1 1
v 2.927359 2.957801 5.507264 1 1 1
v 2.922384 2.957801 5.457512 1 1 1
v 2.877607 2.907801 5.512239 1 1 1
v 2.872632 2.907801 5.462488 1 1 1
v 2.927359 3.157801 5.507264 1 1 1
v 2.877607 3.207801 5.512239 1 1 1
v 2.922384 3.157801 5.457512 1 1 1
v 2.872632 3.207801 5.462488 1 1 1
v 2.489134 2.907801 5.500837 1 1 1
v 2.439383 2.957801 5.505813 1 1 1
v 2.439383 3.157801 5.505813 1 1 1
v 2.489134 3.207801 5.500837 1 1 1
v 2.494109 3.207801 5.550589 1 1 1
v 2.494109 2.907801 5.550589 1 1 1
v 2.444358 2.957801 5.555564 1 1 1
v 2.444358 3.157801 5.555564 1 1 1
v 2.871171 2.397031 5.512883 1 1 1
v 2.866196 2.397031 5.463131 1 1 1
v 2.821419 2.447031 5.517858 1 1 1
v 2.816444 2.447031 5.468106 1 1 1
v 3.254669 2.397031 5.474533 1 1 1
v 3.30442 2.447031 5.469558 1 1 1
v 3.30442 2.647031 5.469558 1 1 1
v 2.821419 2.647031 5.517858 1 1 1
v 3.254669 2.697031 5.474533 1 1 1
v 2.871171 2.697031 5.512883 1 1 1
v 3.249694 2.397031 5.424781 1 1 1
v 3.299445 2.447031 5.419806 1 1 1
v 3.249694 2.697031 5.424781 1 1 1
v 2.866196 2.697031 5.463131 1 1 1
v 3.299445 2.647031 5.419806 1 1 1
v 2.816444 2.647031 5.468106 1 1 1
v 5.471186 1.463198 5.496869 1 1 1
v 5.421434 1.413198 5.491894 1 1 1
v 5.46621 1.463198 5.546621 1 1 1
v 5.416459 1.413198 5.541646 1 1 1
v 4.988184 1.463198 5.448569 1 1 1
v 4.988184 1.663198 5.448569 1 1 1
v 4.98321 1.463198 5.498321 1 1 1
v 4.98321 1.663198 5.498321 1 1 1
v 5.037936 1.713198 5.453544 1 1 1
v 5.032961 1.713198 5.503296 1 1 1
v 5.037936 1.413198 5.453544 1 1 1
v 5.471186 1.663198 5.496869 1 1 1
v 5.421434 1.713198 5.491894 1 1 1
v 5.032961 1.413198 5.503296 1 1 1
v 5.46621 1.663198 5.546621 1 1 1
v 5.416459 1.713198 5.541646 1 1 1
v -2.000001 4.05 3.599999 1 1 1
v -2.000001 0.9 3.599999 1 1 1
v -2.000001 4.05 3.999999 1 1 1
v -2.000001 0.9 3.999999 1 1 1
v -2.400001 0.9 3.999999 1 1 1
v -2.400001 4.05 3.999999 1 1 1
v -2.200001 0.9 3.653589 1 1 1
v -2.200001 4.05 3.653589 1 1 1
v -2.346411 0.9 3.799999 1 1 1
v -2.346411 4.05 3.799999 1 1 1
v -2 -1.635581E-14 4 1 1 1
v -3.001995 -1.635581E-14 4 1 1 1
v -2 0.2 4 1 1 1
v -3.001995 0.2 4 1 1 1
v -2 0.2 2.998005 1 1 1
v -2 -1.635581E-14 2.998005 1 1 1
v -2.500998 0.2 3.132247 1 1 1
v -2.867753 0.2 3.499002 1 1 1
v -2.500998 -1.56339E-14 3.132247 1 1 1
v -2.867753 -1.56339E-14 3.499002 1 1 1
v 2.400001 4.05 3.999999 1 1 1
v 2.400001 0.9 3.999999 1 1 1
v 2.000001 4.05 3.999999 1 1 1
v 2.000001 0.9 3.999999 1 1 1
v 2.000001 0.9 3.599999 1 1 1
v 2.000001 4.05 3.599999 1 1 1
v 2.346411 0.9 3.799999 1 1 1
v 2.346411 4.05 3.799999 1 1 1
v 2.200001 0.9 3.653589 1 1 1
v 2.200001 4.05 3.653589 1 1 1
v 2 -1.671676E-14 4 1 1 1
v 2 -1.671676E-14 2.998005 1 1 1
v 2 0.2 4 1 1 1
v 2 0.2 2.998005 1 1 1
v 3.001995 0.2 4 1 1 1
v 3.001995 -1.671676E-14 4 1 1 1
v 2.867753 0.2 3.499002 1 1 1
v 2.500998 0.2 3.132247 1 1 1
v 2.867753 -1.599485E-14 3.499002 1 1 1
v 2.500998 -1.599485E-14 3.132247 1 1 1
v -2 0.2 -2.998004 1 1 1
v -2 0 -2.998004 1 1 1
v -2 0 -4 1 1 1
v 2 0 -2.998004 1 1 1
v 8.956018E-09 0 -2.798005 1 1 1
v 2 0.2 -2.998004 1 1 1
v 8.956018E-09 0.2 -2.798005 1 1 1
v 2 0 -4 1 1 1
v 2 0.9 -3.6 1 1 1
v 7.127288E-13 0.9 -3.4 1 1 1
v 2 4.05 -3.6 1 1 1
v 7.127288E-13 4.05 -3.4 1 1 1
v -2 0.9 -3.6 1 1 1
v -2 4.05 -3.6 1 1 1
v -2 4.05 -4 1 1 1
v -2 0.9 -4 1 1 1
v 2 4.05 -4 1 1 1
v 2 0.9 -4 1 1 1
v -0.9278579 1.285278 -3.442537 1 1 1
v -0.5443605 1.285278 -3.404188 1 1 1
v -0.9228827 1.285278 -3.492289 1 1 1
v -0.5393853 1.285278 -3.453939 1 1 1
v -0.9278579 1.585278 -3.442537 1 1 1
v -0.9228827 1.585278 -3.492289 1 1 1
v -0.5443605 1.585278 -3.404188 1 1 1
v -0.5393853 1.585278 -3.453939 1 1 1
v -0.9776098 1.535278 -3.447513 1 1 1
v -0.9776098 1.335278 -3.447513 1 1 1
v -0.9726346 1.535278 -3.497264 1 1 1
v -0.9726346 1.335278 -3.497264 1 1 1
v -0.4946086 1.335278 -3.399212 1 1 1
v -0.4946086 1.535278 -3.399212 1 1 1
v -0.4896334 1.335278 -3.448964 1 1 1
v -0.4896334 1.535278 -3.448964 1 1 1
v 1.132622 3.191752 -3.513262 1 1 1
v 1.51612 3.191752 -3.551611 1 1 1
v 1.137597 3.191752 -3.46351 1 1 1
v 1.521095 3.191752 -3.50186 1 1 1
v 1.132622 2.891752 -3.513262 1 1 1
v 1.137597 2.891752 -3.46351 1 1 1
v 1.51612 2.891752 -3.551611 1 1 1
v 1.521095 2.891752 -3.50186 1 1 1
v 1.08287 3.141752 -3.508286 1 1 1
v 1.087846 3.141752 -3.458535 1 1 1
v 1.565871 3.141752 -3.556587 1 1 1
v 1.570847 3.141752 -3.506835 1 1 1
v 1.087846 2.941752 -3.458535 1 1 1
v 1.08287 2.941752 -3.508286 1 1 1
v 1.565871 2.941752 -3.556587 1 1 1
v 1.570847 2.941752 -3.506835 1 1 1
v -1.637037 1.633671 -3.513454 1 1 1
v -1.253539 1.633671 -3.475105 1 1 1
v -1.632062 1.633671 -3.563206 1 1 1
v -1.248564 1.633671 -3.524857 1 1 1
v -1.637037 1.933671 -3.513454 1 1 1
v -1.632062 1.933671 -3.563206 1 1 1
v -1.253539 1.933671 -3.475105 1 1 1
v -1.248564 1.933671 -3.524857 1 1 1
v -1.686789 1.883671 -3.51843 1 1 1
v -1.681813 1.883671 -3.568182 1 1 1
v -1.686789 1.683671 -3.51843 1 1 1
v -1.681813 1.683671 -3.568182 1 1 1
v -1.203788 1.683671 -3.470129 1 1 1
v -1.203788 1.883671 -3.470129 1 1 1
v -1.198812 1.683671 -3.519881 1 1 1
v -1.198812 1.883671 -3.519881 1 1 1
v 2 0.2 2.998004 1 1 1
v 2 3.609557E-16 2.998004 1 1 1
v 2 3.609557E-16 4 1 1 1
v -2 3.609557E-16 2.998004 1 1 1
v -8.954693E-09 3.609557E-16 2.798005 1 1 1
v -2 0.2 2.998004 1 1 1
v -8.954693E-09 0.2 2.798005 1 1 1
v -2 3.609557E-16 4 1 1 1
v -2 0.9 3.6 1 1 1
v -5.197762E-14 0.9 3.4 1 1 1
v -2 4.05 3.6 1 1 1
v -5.197762E-14 4.05 3.4 1 1 1
v 2 0.9 3.6 1 1 1
v 2 4.05 3.6 1 1 1
v 2 4.05 4 1 1 1
v 2 0.9 4 1 1 1
v -2 4.05 4 1 1 1
v -2 0.9 4 1 1 1
v 0.9278579 1.285278 3.442537 1 1 1
v 0.5443605 1.285278 3.404188 1 1 1
v 0.9228827 1.285278 3.492289 1 1 1
v 0.5393853 1.285278 3.453939 1 1 1
v 0.9278579 1.585278 3.442537 1 1 1
v 0.9228827 1.585278 3.492289 1 1 1
v 0.5443605 1.585278 3.404188 1 1 1
v 0.5393853 1.585278 3.453939 1 1 1
v 0.9776098 1.535278 3.447513 1 1 1
v 0.9776098 1.335278 3.447513 1 1 1
v 0.9726346 1.535278 3.497264 1 1 1
v 0.9726346 1.335278 3.497264 1 1 1
v 0.4946086 1.335278 3.399212 1 1 1
v 0.4946086 1.535278 3.399212 1 1 1
v 0.4896334 1.335278 3.448964 1 1 1
v 0.4896334 1.535278 3.448964 1 1 1
v -1.132622 3.191752 3.513262 1 1 1
v -1.51612 3.191752 3.551611 1 1 1
v -1.137597 3.191752 3.46351 1 1 1
v -1.521095 3.191752 3.50186 1 1 1
v -1.132622 2.891752 3.513262 1 1 1
v -1.137597 2.891752 3.46351 1 1 1
v -1.51612 2.891752 3.551611 1 1 1
v -1.521095 2.891752 3.50186 1 1 1
v -1.08287 3.141752 3.508286 1 1 1
v -1.087846 3.141752 3.458535 1 1 1
v -1.565871 3.141752 3.556587 1 1 1
v -1.570847 3.141752 3.506835 1 1 1
v -1.087846 2.941752 3.458535 1 1 1
v -1.08287 2.941752 3.508286 1 1 1
v -1.565871 2.941752 3.556587 1 1 1
v -1.570847 2.941752 3.506835 1 1 1
v 1.637037 1.633671 3.513454 1 1 1
v 1.253539 1.633671 3.475105 1 1 1
v 1.632062 1.633671 3.563206 1 1 1
v 1.248564 1.633671 3.524857 1 1 1
v 1.637037 1.933671 3.513454 1 1 1
v 1.632062 1.933671 3.563206 1 1 1
v 1.253539 1.933671 3.475105 1 1 1
v 1.248564 1.933671 3.524857 1 1 1
v 1.686789 1.883671 3.51843 1 1 1
v 1.681813 1.883671 3.568182 1 1 1
v 1.686789 1.683671 3.51843 1 1 1
v 1.681813 1.683671 3.568182 1 1 1
v 1.203788 1.683671 3.470129 1 1 1
v 1.203788 1.883671 3.470129 1 1 1
v 1.198812 1.683671 3.519881 1 1 1
v 1.198812 1.883671 3.519881 1 1 1
v -9.999999 4.05 -1.599999 1 1 1
v -9.999999 0.9 -1.599999 1 1 1
v -9.999999 4.05 -1.999999 1 1 1
v -9.999999 0.9 -1.999999 1 1 1
v -9.599999 0.9 -1.999999 1 1 1
v -9.599999 4.05 -1.999999 1 1 1
v -9.799999 0.9 -1.653589 1 1 1
v -9.799999 4.05 -1.653589 1 1 1
v -9.653589 0.9 -1.799999 1 1 1
v -9.653589 4.05 -1.799999 1 1 1
v -10 -1.671676E-14 -2 1 1 1
v -8.998005 -1.671676E-14 -2 1 1 1
v -10 0.2 -0.9980049 1 1 1
v -10 -1.671676E-14 -0.9980049 1 1 1
v -9.499002 0.2 -1.132247 1 1 1
v -9.132247 0.2 -1.499002 1 1 1
v -9.499002 -1.599485E-14 -1.132247 1 1 1
v -9.132247 -1.599485E-14 -1.499002 1 1 1
v -9.599999 4.05 1.999999 1 1 1
v -9.599999 0.9 1.999999 1 1 1
v -9.999999 4.05 1.999999 1 1 1
v -9.999999 0.9 1.999999 1 1 1
v -9.999999 0.9 1.599999 1 1 1
v -9.999999 4.05 1.599999 1 1 1
v -9.653589 0.9 1.799999 1 1 1
v -9.653589 4.05 1.799999 1 1 1
v -9.799999 0.9 1.653589 1 1 1
v -9.799999 4.05 1.653589 1 1 1
v -10 -1.707772E-14 2 1 1 1
v -10 -1.707772E-14 0.9980048 1 1 1
v -10 0.2 2 1 1 1
v -10 0.2 0.9980048 1 1 1
v -8.998005 0.2 2 1 1 1
v -8.998005 -1.707772E-14 2 1 1 1
v -9.132247 0.2 1.499002 1 1 1
v -9.499002 0.2 1.132247 1 1 1
v -9.132247 -1.635581E-14 1.499002 1 1 1
v -9.499002 -1.635581E-14 1.132247 1 1 1
v 9.999999 4.05 1.599999 1 1 1
v 9.999999 0.9 1.599999 1 1 1
v 9.999999 4.05 1.999999 1 1 1
v 9.999999 0.9 1.999999 1 1 1
v 9.599999 0.9 1.999999 1 1 1
v 9.599999 4.05 1.999999 1 1 1
v 9.799999 0.9 1.653589 1 1 1
v 9.799999 4.05 1.653589 1 1 1
v 9.653589 0.9 1.799999 1 1 1
v 9.653589 4.05 1.799999 1 1 1
v 10 -1.671676E-14 2 1 1 1
v 8.998005 -1.671676E-14 2 1 1 1
v 10 0.2 0.9980049 1 1 1
v 10 -1.671676E-14 0.9980049 1 1 1
v 9.499002 0.2 1.132247 1 1 1
v 9.132247 0.2 1.499002 1 1 1
v 9.499002 -1.599485E-14 1.132247 1 1 1
v 9.132247 -1.599485E-14 1.499002 1 1 1
v 9.599999 4.05 -1.999999 1 1 1
v 9.599999 0.9 -1.999999 1 1 1
v 9.999999 4.05 -1.999999 1 1 1
v 9.999999 0.9 -1.999999 1 1 1
v 9.999999 0.9 -1.599999 1 1 1
v 9.999999 4.05 -1.599999 1 1 1
v 9.653589 0.9 -1.799999 1 1 1
v 9.653589 4.05 -1.799999 1 1 1
v 9.799999 0.9 -1.653589 1 1 1
v 9.799999 4.05 -1.653589 1 1 1
v 10 -1.707772E-14 -2 1 1 1
v 10 -1.707772E-14 -0.9980049 1 1 1
v 10 0.2 -0.9980049 1 1 1
v 8.998005 0.2 -2 1 1 1
v 8.998005 -1.707772E-14 -2 1 1 1
v 9.132247 0.2 -1.499002 1 1 1
v 9.499002 0.2 -1.132247 1 1 1
v 9.132247 -1.635581E-14 -1.499002 1 1 1
v 9.499002 -1.635581E-14 -1.132247 1 1 1
v -2.400001 4.05 -3.999999 1 1 1
v -2.400001 0.9 -3.999999 1 1 1
v -2.000001 4.05 -3.999999 1 1 1
v -2.000001 0.9 -3.999999 1 1 1
v -2.000001 0.9 -3.599999 1 1 1
v -2.000001 4.05 -3.599999 1 1 1
v -2.346411 0.9 -3.799999 1 1 1
v -2.346411 4.05 -3.799999 1 1 1
v -2.200001 0.9 -3.653589 1 1 1
v -2.200001 4.05 -3.653589 1 1 1
v -2 -1.707772E-14 -4 1 1 1
v -2 -1.707772E-14 -2.998005 1 1 1
v -2 0.2 -4 1 1 1
v -2 0.2 -2.998005 1 1 1
v -3.001995 0.2 -4 1 1 1
v -3.001995 -1.707772E-14 -4 1 1 1
v -2.867753 0.2 -3.499002 1 1 1
v -2.500998 0.2 -3.132247 1 1 1
v -2.867753 -1.635581E-14 -3.499002 1 1 1
v -2.500998 -1.635581E-14 -3.132247 1 1 1
v 2.000001 4.05 -3.599999 1 1 1
v 2.000001 0.9 -3.599999 1 1 1
v 2.000001 4.05 -3.999999 1 1 1
v 2.000001 0.9 -3.999999 1 1 1
v 2.400001 0.9 -3.999999 1 1 1
v 2.400001 4.05 -3.999999 1 1 1
v 2.200001 0.9 -3.653589 1 1 1
v 2.200001 4.05 -3.653589 1 1 1
v 2.346411 0.9 -3.799999 1 1 1
v 2.346411 4.05 -3.799999 1 1 1
v 2 -1.671676E-14 -4 1 1 1
v 3.001995 -1.671676E-14 -4 1 1 1
v 2 0.2 -4 1 1 1
v 3.001995 0.2 -4 1 1 1
v 2 0.2 -2.998005 1 1 1
v 2 -1.671676E-14 -2.998005 1 1 1
v 2.500998 0.2 -3.132247 1 1 1
v 2.867753 0.2 -3.499002 1 1 1
v 2.500998 -1.599485E-14 -3.132247 1 1 1
v 2.867753 -1.599485E-14 -3.499002 1 1 1
v -8.0904 3.857286 4.840658 1 1 1
v -7.82245 3.857286 4.465528 1 1 1
v -8.465528 3.857286 5.108607 1 1 1
v -8.0904 3.857286 4.0904 1 1 1
v -8.840657 3.857286 4.840657 1 1 1
v -8.465528 3.857286 3.82245 1 1 1
v -9.108606 3.857286 4.465528 1 1 1
v -8.840657 3.857286 4.090399 1 1 1
v -8.0904 4.233286 4.840658 1 1 1
v -8.465528 4.233286 5.108607 1 1 1
v -7.82245 4.233286 4.465528 1 1 1
v -8.0904 4.233286 4.0904 1 1 1
v -8.840657 4.233286 4.840657 1 1 1
v -8.465528 4.233286 3.82245 1 1 1
v -9.108606 4.233286 4.465528 1 1 1
v -8.840657 4.233286 4.090399 1 1 1
v -8.12041 0.576 4.810647 1 1 1
v -8.465528 0.576 5.05716 1 1 1
v -7.873897 0.576 4.465528 1 1 1
v -8.12041 0.576 4.12041 1 1 1
v -8.810647 0.576 4.810647 1 1 1
v -9.05716 0.576 4.465528 1 1 1
v -8.465528 0.576 3.873896 1 1 1
v -8.810647 0.576 4.120409 1 1 1
v -7.873897 0.2 4.465528 1 1 1
v -8.12041 0.2 4.810647 1 1 1
v -8.12041 0.2 4.12041 1 1 1
v -8.465528 0.2 3.873896 1 1 1
v -8.810647 0.2 4.120409 1 1 1
v -9.05716 0.2 4.465528 1 1 1
v -8.810647 0.2 4.810647 1 1 1
v -8.465528 0.2 5.05716 1 1 1
v -8.23289 0.576 4.23289 1 1 1
v -8.06672 0.576 4.465528 1 1 1
v -8.174731 3.857286 4.174731 1 1 1
v -7.967018 3.857286 4.465528 1 1 1
v -8.756326 3.857286 4.174731 1 1 1
v -8.964039 3.857286 4.465528 1 1 1
v -8.698167 0.576 4.23289 1 1 1
v -8.864337 0.576 4.465528 1 1 1
v -8.465528 0.576 4.06672 1 1 1
v -8.465528 3.857286 3.967018 1 1 1
v -8.23289 0.576 4.698167 1 1 1
v -8.465528 0.576 4.864337 1 1 1
v -8.174731 3.857286 4.756326 1 1 1
v -8.465528 3.857286 4.964039 1 1 1
v -8.698167 0.576 4.698167 1 1 1
v -8.756326 3.857286 4.756326 1 1 1
v 8.840657 3.857286 4.0904 1 1 1
v 8.465528 3.857286 3.82245 1 1 1
v 9.108606 3.857286 4.465528 1 1 1
v 8.0904 3.857286 4.090399 1 1 1
v 8.840657 3.857286 4.840657 1 1 1
v 7.82245 3.857286 4.465528 1 1 1
v 8.465528 3.857286 5.108607 1 1 1
v 8.0904 3.857286 4.840657 1 1 1
v 8.840657 4.233286 4.0904 1 1 1
v 9.108606 4.233286 4.465528 1 1 1
v 8.465528 4.233286 3.82245 1 1 1
v 8.0904 4.233286 4.090399 1 1 1
v 8.840657 4.233286 4.840657 1 1 1
v 7.82245 4.233286 4.465528 1 1 1
v 8.465528 4.233286 5.108607 1 1 1
v 8.0904 4.233286 4.840657 1 1 1
v 8.810647 0.576 4.12041 1 1 1
v 9.05716 0.576 4.465528 1 1 1
v 8.465528 0.576 3.873897 1 1 1
v 8.12041 0.576 4.12041 1 1 1
v 8.810647 0.576 4.810647 1 1 1
v 8.465528 0.576 5.05716 1 1 1
v 7.873897 0.576 4.465528 1 1 1
v 8.12041 0.576 4.810647 1 1 1
v 8.465528 0.2 3.873897 1 1 1
v 8.810647 0.2 4.12041 1 1 1
v 8.12041 0.2 4.12041 1 1 1
v 7.873897 0.2 4.465528 1 1 1
v 8.12041 0.2 4.810647 1 1 1
v 8.465528 0.2 5.05716 1 1 1
v 8.810647 0.2 4.810647 1 1 1
v 9.05716 0.2 4.465528 1 1 1
v 8.23289 0.576 4.232891 1 1 1
v 8.465528 0.576 4.06672 1 1 1
v 8.174731 3.857286 4.174731 1 1 1
v 8.465528 3.857286 3.967018 1 1 1
v 8.174731 3.857286 4.756326 1 1 1
v 8.465528 3.857286 4.964039 1 1 1
v 8.23289 0.576 4.698167 1 1 1
v 8.465528 0.576 4.864336 1 1 1
v 8.06672 0.576 4.465528 1 1 1
v 7.967018 3.857286 4.465528 1 1 1
v 8.698167 0.576 4.23289 1 1 1
v 8.864337 0.576 4.465528 1 1 1
v 8.756326 3.857286 4.174731 1 1 1
v 8.964039 3.857286 4.465528 1 1 1
v 8.698167 0.576 4.698166 1 1 1
v 8.756326 3.857286 4.756326 1 1 1
v 8.0904 3.857286 -4.840657 1 1 1
v 7.82245 3.857286 -4.465528 1 1 1
v 8.465528 3.857286 -5.108607 1 1 1
v 8.0904 3.857286 -4.090399 1 1 1
v 8.840657 3.857286 -4.840658 1 1 1
v 8.465528 3.857286 -3.82245 1 1 1
v 9.108606 3.857286 -4.465528 1 1 1
v 8.840657 3.857286 -4.090399 1 1 1
v 8.0904 4.233286 -4.840657 1 1 1
v 8.465528 4.233286 -5.108607 1 1 1
v 7.82245 4.233286 -4.465528 1 1 1
v 8.0904 4.233286 -4.090399 1 1 1
v 8.840657 4.233286 -4.840658 1 1 1
v 8.465528 4.233286 -3.82245 1 1 1
v 9.108606 4.233286 -4.465528 1 1 1
v 8.840657 4.233286 -4.090399 1 1 1
v 8.12041 0.576 -4.810647 1 1 1
v 8.465528 0.576 -5.05716 1 1 1
v 7.873897 0.576 -4.465528 1 1 1
v 8.12041 0.576 -4.12041 1 1 1
v 8.810647 0.576 -4.810647 1 1 1
v 9.05716 0.576 -4.465528 1 1 1
v 8.465528 0.576 -3.873896 1 1 1
v 8.810647 0.576 -4.12041 1 1 1
v 7.873897 0.2 -4.465528 1 1 1
v 8.12041 0.2 -4.810647 1 1 1
v 8.12041 0.2 -4.12041 1 1 1
v 8.465528 0.2 -3.873896 1 1 1
v 8.810647 0.2 -4.12041 1 1 1
v 9.05716 0.2 -4.465528 1 1 1
v 8.810647 0.2 -4.810647 1 1 1
v 8.465528 0.2 -5.05716 1 1 1
v 8.23289 0.576 -4.23289 1 1 1
v 8.06672 0.576 -4.465528 1 1 1
v 8.174731 3.857286 -4.174731 1 1 1
v 7.967018 3.857286 -4.465528 1 1 1
v 8.756327 3.857286 -4.174731 1 1 1
v 8.964039 3.857286 -4.465528 1 1 1
v 8.698167 0.576 -4.232891 1 1 1
v 8.864337 0.576 -4.465528 1 1 1
v 8.465528 0.576 -4.06672 1 1 1
v 8.465528 3.857286 -3.967018 1 1 1
v 8.23289 0.576 -4.698166 1 1 1
v 8.465528 0.576 -4.864337 1 1 1
v 8.17473 3.857286 -4.756326 1 1 1
v 8.465528 3.857286 -4.964039 1 1 1
v 8.698167 0.576 -4.698167 1 1 1
v 8.756326 3.857286 -4.756326 1 1 1
v -8.840657 3.857286 -4.0904 1 1 1
v -8.465528 3.857286 -3.82245 1 1 1
v -9.108606 3.857286 -4.465528 1 1 1
v -8.0904 3.857286 -4.090399 1 1 1
v -8.840657 3.857286 -4.840657 1 1 1
v -7.82245 3.857286 -4.465528 1 1 1
v -8.465528 3.857286 -5.108607 1 1 1
v -8.0904 3.857286 -4.840657 1 1 1
v -8.840657 4.233286 -4.0904 1 1 1
v -9.108606 4.233286 -4.465528 1 1 1
v -8.465528 4.233286 -3.82245 1 1 1
v -8.0904 4.233286 -4.090399 1 1 1
v -8.840657 4.233286 -4.840657 1 1 1
v -7.82245 4.233286 -4.465528 1 1 1
v -8.465528 4.233286 -5.108607 1 1 1
v -8.0904 4.233286 -4.840657 1 1 1
v -8.810647 0.576 -4.12041 1 1 1
v -9.05716 0.576 -4.465528 1 1 1
v -8.465528 0.576 -3.873897 1 1 1
v -8.12041 0.576 -4.12041 1 1 1
v -8.810647 0.576 -4.810647 1 1 1
v -8.465528 0.576 -5.05716 1 1 1
v -7.873897 0.576 -4.465528 1 1 1
v -8.12041 0.576 -4.810647 1 1 1
v -8.465528 0.2 -3.873897 1 1 1
v -8.810647 0.2 -4.12041 1 1 1
v -8.12041 0.2 -4.12041 1 1 1
v -7.873897 0.2 -4.465528 1 1 1
v -8.12041 0.2 -4.810647 1 1 1
v -8.465528 0.2 -5.05716 1 1 1
v -8.810647 0.2 -4.810647 1 1 1
v -9.05716 0.2 -4.465528 1 1 1
v -8.23289 0.576 -4.232891 1 1 1
v -8.465528 0.576 -4.06672 1 1 1
v -8.174731 3.857286 -4.174731 1 1 1
v -8.465528 3.857286 -3.967018 1 1 1
v -8.174731 3.857286 -4.756326 1 1 1
v -8.465528 3.857286 -4.964039 1 1 1
v -8.23289 0.576 -4.698167 1 1 1
v -8.465528 0.576 -4.864336 1 1 1
v -8.06672 0.576 -4.465528 1 1 1
v -7.967018 3.857286 -4.465528 1 1 1
v -8.698167 0.576 -4.23289 1 1 1
v -8.864337 0.576 -4.465528 1 1 1
v -8.756326 3.857286 -4.174731 1 1 1
v -8.964039 3.857286 -4.465528 1 1 1
v -8.698167 0.576 -4.698166 1 1 1
v -8.756326 3.857286 -4.756326 1 1 1
v -4 0.2 -5.937453 1 1 1
v -3.55495 0.2 -5.863278 1 1 1
v -4 0.6 -5.937453 1 1 1
v -3.55495 0.6 -5.863278 1 1 1
v -3.55495 0.2 -4.973178 1 1 1
v -4 0.2 -4.899003 1 1 1
v -3.55495 0.6 -4.973178 1 1 1
v -4 0.6 -4.899003 1 1 1
v -4.44505 0.2 -5.863278 1 1 1
v -4.44505 0.6 -5.863278 1 1 1
v -4.519225 0.6 -5.418228 1 1 1
v -4.519225 0.2 -5.418228 1 1 1
v -4.44505 0.6 -4.973178 1 1 1
v -3.480775 0.6 -5.418228 1 1 1
v -3.480775 0.2 -5.418228 1 1 1
v -4.44505 0.2 -4.973178 1 1 1
v -4.48375 4.233286 -4.934478 1 1 1
v -4.48375 3.833286 -4.934478 1 1 1
v -4.564375 4.233286 -5.418228 1 1 1
v -4.564375 3.833286 -5.418228 1 1 1
v -4 3.833286 -5.982603 1 1 1
v -3.51625 3.833286 -5.901978 1 1 1
v -4 4.233286 -5.982603 1 1 1
v -3.51625 4.233286 -5.901978 1 1 1
v -4.48375 3.833286 -5.901978 1 1 1
v -4.48375 4.233286 -5.901978 1 1 1
v -4 3.833286 -4.853853 1 1 1
v -4 4.233286 -4.853853 1 1 1
v -3.51625 3.833286 -4.934478 1 1 1
v -3.51625 4.233286 -4.934478 1 1 1
v -3.435625 3.833286 -5.418228 1 1 1
v -3.435625 4.233286 -5.418228 1 1 1
v -3.5625 3.833286 -5.418228 1 1 1
v -3.625 3.833286 -5.793228 1 1 1
v -3.65 0.6 -5.418228 1 1 1
v -3.7 0.6 -5.718228 1 1 1
v -3.625 3.833286 -5.043228 1 1 1
v -3.7 0.6 -5.118228 1 1 1
v -4 0.6 -5.068228 1 1 1
v -4.3 0.6 -5.118228 1 1 1
v -4 3.833286 -4.980728 1 1 1
v -4.375 3.833286 -5.043228 1 1 1
v -4.3 0.6 -5.718228 1 1 1
v -4 0.6 -5.768228 1 1 1
v -4.375 3.833286 -5.793228 1 1 1
v -4 3.833286 -5.855728 1 1 1
v -4.4375 3.833286 -5.418228 1 1 1
v -4.35 0.6 -5.418228 1 1 1
v -4 0.2 5.937453 1 1 1
v -4.44505 0.2 5.863278 1 1 1
v -4 0.6 5.937453 1 1 1
v -4.44505 0.6 5.863278 1 1 1
v -4.44505 0.2 4.973178 1 1 1
v -4 0.2 4.899003 1 1 1
v -4.44505 0.6 4.973178 1 1 1
v -4 0.6 4.899003 1 1 1
v -3.55495 0.2 5.863278 1 1 1
v -3.55495 0.6 5.863278 1 1 1
v -3.480775 0.6 5.418228 1 1 1
v -3.480775 0.2 5.418228 1 1 1
v -3.55495 0.6 4.973178 1 1 1
v -4.519225 0.6 5.418228 1 1 1
v -4.519225 0.2 5.418228 1 1 1
v -3.55495 0.2 4.973178 1 1 1
v -3.51625 4.233286 4.934478 1 1 1
v -3.51625 3.833286 4.934478 1 1 1
v -3.435625 4.233286 5.418228 1 1 1
v -3.435625 3.833286 5.418228 1 1 1
v -4 3.833286 5.982603 1 1 1
v -4.48375 3.833286 5.901978 1 1 1
v -4 4.233286 5.982603 1 1 1
v -4.48375 4.233286 5.901978 1 1 1
v -3.51625 3.833286 5.901978 1 1 1
v -3.51625 4.233286 5.901978 1 1 1
v -4 3.833286 4.853853 1 1 1
v -4 4.233286 4.853853 1 1 1
v -4.48375 3.833286 4.934478 1 1 1
v -4.48375 4.233286 4.934478 1 1 1
v -4.564375 3.833286 5.418228 1 1 1
v -4.564375 4.233286 5.418228 1 1 1
v -4.4375 3.833286 5.418228 1 1 1
v -4.375 3.833286 5.793228 1 1 1
v -4.35 0.6 5.418228 1 1 1
v -4.3 0.6 5.718228 1 1 1
v -4.375 3.833286 5.043228 1 1 1
v -4.3 0.6 5.118228 1 1 1
v -4 0.6 5.068228 1 1 1
v -3.7 0.6 5.118228 1 1 1
v -4 3.833286 4.980728 1 1 1
v -3.625 3.833286 5.043228 1 1 1
v -3.7 0.6 5.718228 1 1 1
v -4 0.6 5.768228 1 1 1
v -3.625 3.833286 5.793228 1 1 1
v -4 3.833286 5.855728 1 1 1
v -3.5625 3.833286 5.418228 1 1 1
v -3.65 0.6 5.418228 1 1 1
v 4 0.2 -5.937453 1 1 1
v 4.44505 0.2 -5.863278 1 1 1
v 4 0.6 -5.937453 1 1 1
v 4.44505 0.6 -5.863278 1 1 1
v 4.44505 0.2 -4.973178 1 1 1
v 4 0.2 -4.899003 1 1 1
v 4.44505 0.6 -4.973178 1 1 1
v 4 0.6 -4.899003 1 1 1
v 3.55495 0.2 -5.863278 1 1 1
v 3.55495 0.6 -5.863278 1 1 1
v 3.480775 0.6 -5.418228 1 1 1
v 3.480775 0.2 -5.418228 1 1 1
v 3.55495 0.6 -4.973178 1 1 1
v 4.519225 0.6 -5.418228 1 1 1
v 4.519225 0.2 -5.418228 1 1 1
v 3.55495 0.2 -4.973178 1 1 1
v 3.51625 4.233286 -4.934478 1 1 1
v 3.51625 3.833286 -4.934478 1 1 1
v 3.435625 4.233286 -5.418228 1 1 1
v 3.435625 3.833286 -5.418228 1 1 1
v 4 3.833286 -5.982603 1 1 1
v 4.48375 3.833286 -5.901978 1 1 1
v 4 4.233286 -5.982603 1 1 1
v 4.48375 4.233286 -5.901978 1 1 1
v 3.51625 3.833286 -5.901978 1 1 1
v 3.51625 4.233286 -5.901978 1 1 1
v 4 3.833286 -4.853853 1 1 1
v 4 4.233286 -4.853853 1 1 1
v 4.48375 3.833286 -4.934478 1 1 1
v 4.48375 4.233286 -4.934478 1 1 1
v 4.564375 3.833286 -5.418228 1 1 1
v 4.564375 4.233286 -5.418228 1 1 1
v 4.4375 3.833286 -5.418228 1 1 1
v 4.375 3.833286 -5.793228 1 1 1
v 4.35 0.6 -5.418228 1 1 1
v 4.3 0.6 -5.718228 1 1 1
v 4.375 3.833286 -5.043228 1 1 1
v 4.3 0.6 -5.118228 1 1 1
v 4 0.6 -5.068228 1 1 1
v 3.7 0.6 -5.118228 1 1 1
v 4 3.833286 -4.980728 1 1 1
v 3.625 3.833286 -5.043228 1 1 1
v 3.7 0.6 -5.718228 1 1 1
v 4 0.6 -5.768228 1 1 1
v 3.625 3.833286 -5.793228 1 1 1
v 4 3.833286 -5.855728 1 1 1
v 3.5625 3.833286 -5.418228 1 1 1
v 3.65 0.6 -5.418228 1 1 1
v 4 0.2 5.937453 1 1 1
v 3.55495 0.2 5.863278 1 1 1
v 4 0.6 5.937453 1 1 1
v 3.55495 0.6 5.863278 1 1 1
v 3.55495 0.2 4.973178 1 1 1
v 4 0.2 4.899003 1 1 1
v 3.55495 0.6 4.973178 1 1 1
v 4 0.6 4.899003 1 1 1
v 4.44505 0.2 5.863278 1 1 1
v 4.44505 0.6 5.863278 1 1 1
v 4.519225 0.6 5.418228 1 1 1
v 4.519225 0.2 5.418228 1 1 1
v 4.44505 0.6 4.973178 1 1 1
v 3.480775 0.6 5.418228 1 1 1
v 3.480775 0.2 5.418228 1 1 1
v 4.44505 0.2 4.973178 1 1 1
v 4.48375 4.233286 4.934478 1 1 1
v 4.48375 3.833286 4.934478 1 1 1
v 4.564375 4.233286 5.418228 1 1 1
v 4.564375 3.833286 5.418228 1 1 1
v 4 3.833286 5.982603 1 1 1
v 3.51625 3.833286 5.901978 1 1 1
v 4 4.233286 5.982603 1 1 1
v 3.51625 4.233286 5.901978 1 1 1
v 4.48375 3.833286 5.901978 1 1 1
v 4.48375 4.233286 5.901978 1 1 1
v 4 3.833286 4.853853 1 1 1
v 4 4.233286 4.853853 1 1 1
v 3.51625 3.833286 4.934478 1 1 1
v 3.51625 4.233286 4.934478 1 1 1
v 3.435625 3.833286 5.418228 1 1 1
v 3.435625 4.233286 5.418228 1 1 1
v 3.5625 3.833286 5.418228 1 1 1
v 3.625 3.833286 5.793228 1 1 1
v 3.65 0.6 5.418228 1 1 1
v 3.7 0.6 5.718228 1 1 1
v 3.625 3.833286 5.043228 1 1 1
v 3.7 0.6 5.118228 1 1 1
v 4 0.6 5.068228 1 1 1
v 4.3 0.6 5.118228 1 1 1
v 4 3.833286 4.980728 1 1 1
v 4.375 3.833286 5.043228 1 1 1
v 4.3 0.6 5.718228 1 1 1
v 4 0.6 5.768228 1 1 1
v 4.375 3.833286 5.793228 1 1 1
v 4 3.833286 5.855728 1 1 1
v 4.4375 3.833286 5.418228 1 1 1
v 4.35 0.6 5.418228 1 1 1

vn -0.7071069 0.5773503 0.4082482
vn -0.4082482 0.5773503 -0.7071069
vn -0.5202673 0.7994348 0.3003764
vn -0.3003764 0.7994348 -0.5202673
vn 0.5202673 -0.7994348 -0.3003764
vn 0.4082482 -0.5773503 0.7071069
vn 0.7071069 -0.5773503 -0.4082482
vn 0.3003764 -0.7994348 0.5202673
vn 0.7071068 0.5773503 0.4082484
vn -0.4082484 0.5773503 0.7071068
vn 0.5202672 0.7994348 0.3003765
vn -0.3003765 0.7994348 0.5202672
vn -0.5202672 -0.7994348 -0.3003765
vn 0.4082484 -0.5773503 -0.7071068
vn -0.7071068 -0.5773503 -0.4082484
vn 0.3003765 -0.7994348 -0.5202672
vn 0.7071069 0.5773503 -0.4082482
vn 0.4082482 0.5773503 0.7071069
vn 0.5202673 0.7994348 -0.3003764
vn 0.3003764 0.7994348 0.5202673
vn -0.5202673 -0.7994348 0.3003764
vn -0.4082482 -0.5773503 -0.7071069
vn -0.7071069 -0.5773503 0.4082482
vn -0.3003764 -0.7994348 -0.5202673
vn -0.5202672 0.7994348 -0.3003765
vn 0.3003765 0.7994348 -0.5202672
vn 0.5202672 -0.7994348 0.3003765
vn -0.3003765 -0.7994348 0.5202672
vn -0.7071068 0.5773503 -0.4082484
vn 0.7071068 -0.5773503 0.4082484
vn 0.4082484 0.5773503 -0.7071068
vn -0.4082484 -0.5773503 0.7071068
vn -5.06089E-08 0.9054101 0.4245383
vn -0.4245383 0.9054101 -5.06089E-08
vn 0.4245383 0.9054101 5.06089E-08
vn 5.06089E-08 0.9054101 -0.4245383
vn -0.4245383 -0.9054101 -5.06089E-08
vn 0.4245383 -0.9054101 5.06089E-08
vn 5.06089E-08 -0.9054101 -0.4245383
vn -5.06089E-08 -0.9054101 0.4245383
vn -0.5773503 0.8164966 -6.882551E-08
vn 6.882551E-08 0.8164966 -0.5773503
vn 0.5773503 -0.8164966 6.882551E-08
vn -6.882551E-08 -0.8164966 0.5773503
vn -6.882551E-08 0.8164966 0.5773503
vn 6.882551E-08 -0.8164966 -0.5773503
vn 0.5773503 0.8164966 6.882551E-08
vn -0.5773503 -0.8164966 -6.882551E-08
vn -0.2886752 0.8164966 0.5
vn -0.2122692 0.90541 0.3676609
vn 0.5 0.8164966 0.2886752
vn 0.3676609 0.90541 0.2122692
vn -0.5 -0.8164966 -0.2886752
vn 0.2122692 -0.90541 -0.3676609
vn 0.2886752 -0.8164966 -0.5
vn -0.3676609 -0.90541 -0.2122692
vn 0.2886752 0.8164966 -0.5
vn 0.2122692 0.90541 -0.3676609
vn -0.2886752 -0.8164966 0.5
vn -0.2122692 -0.90541 0.3676609
vn 0.6666668 0.3333333 -0.6666667
vn 0.6666667 0.3333333 0.6666668
vn 0.5033766 0.7022992 -0.5033765
vn 0.5033765 0.7022992 0.5033766
vn -0.5033766 -0.7022992 0.5033765
vn -0.6666667 -0.3333333 -0.6666668
vn -0.6666668 -0.3333333 0.6666667
vn -0.5033765 -0.7022992 -0.5033766
vn -0.5033766 0.7022992 0.5033765
vn -0.5033765 0.7022992 -0.5033766
vn 0.5033766 -0.7022992 -0.5033765
vn 0.5033765 -0.7022992 0.5033766
vn -0.3676609 0.90541 -0.2122692
vn -0.5 0.8164966 -0.2886752
vn 0.5 -0.8164966 0.2886752
vn 0.3676609 -0.90541 0.2122692
vn -0.6666668 0.3333333 0.6666667
vn 0.6666668 -0.3333333 -0.6666667
vn -0.6666667 0.3333333 -0.6666668
vn 0.6666667 -0.3333333 0.6666668
vn 0 1 0
vn 0 -1 0
vn 0.4082483 0.5773503 0.7071068
vn -0.7071068 0.5773503 0.4082483
vn 0.3003764 0.7994348 0.5202672
vn -0.5202672 0.7994348 0.3003764
vn -0.3003764 -0.7994348 -0.5202672
vn 0.7071068 -0.5773503 -0.4082483
vn -0.4082483 -0.5773503 -0.7071068
vn 0.5202672 -0.7994348 -0.3003764
vn 0.4082483 0.5773503 -0.7071068
vn 0.7071068 0.5773503 0.4082483
vn 0.3003764 0.7994348 -0.5202672
vn 0.5202672 0.7994348 0.3003764
vn -0.3003764 -0.7994348 0.5202672
vn -0.7071068 -0.5773503 -0.4082483
vn -0.4082483 -0.5773503 0.7071068
vn -0.5202672 -0.7994348 -0.3003764
vn -0.4082483 0.5773503 -0.7071068
vn 0.7071068 0.5773503 -0.4082483
vn -0.3003764 0.7994348 -0.5202672
vn 0.5202672 0.7994348 -0.3003764
vn 0.3003764 -0.7994348 0.5202672
vn -0.7071068 -0.5773503 0.4082483
vn 0.4082483 -0.5773503 0.7071068
vn -0.5202672 -0.7994348 0.3003764
vn -0.3003764 0.7994348 0.5202672
vn -0.5202672 0.7994348 -0.3003764
vn 0.3003764 -0.7994348 -0.5202672
vn 0.5202672 -0.7994348 0.3003764
vn -0.4082483 0.5773503 0.7071068
vn 0.4082483 -0.5773503 -0.7071068
vn -0.7071068 0.5773503 -0.4082483
vn 0.7071068 -0.5773503 0.4082483
vn 0.4245382 0.9054101 0
vn 0 0.9054101 0.4245382
vn 0 0.9054101 -0.4245382
vn -0.4245382 0.9054101 0
vn 0 -0.9054101 0.4245382
vn 0 -0.9054101 -0.4245382
vn -0.4245382 -0.9054101 0
vn 0.4245382 -0.9054101 0
vn 0 0.8164966 0.5773503
vn -0.5773503 0.8164966 0
vn 0 -0.8164966 -0.5773503
vn 0.5773503 -0.8164966 0
vn 0.5773503 0.8164966 0
vn -0.5773503 -0.8164966 0
vn 0 0.8164966 -0.5773503
vn 0 -0.8164966 0.5773503
vn 0.5 0.8164966 0.2886751
vn 0.3676609 0.90541 0.2122691
vn 0.2886751 0.8164966 -0.5
vn 0.2122691 0.90541 -0.3676609
vn -0.2886751 -0.8164966 0.5
vn -0.3676609 -0.90541 -0.2122691
vn -0.5 -0.8164966 -0.2886751
vn -0.2122691 -0.90541 0.3676609
vn -0.5 0.8164966 -0.2886751
vn -0.3676609 0.90541 -0.2122691
vn 0.5 -0.8164966 0.2886751
vn 0.3676609 -0.90541 0.2122691
vn -0.6666667 0.3333333 -0.6666667
vn 0.6666667 0.3333333 -0.6666667
vn -0.5033765 0.7022992 -0.5033765
vn 0.5033765 0.7022992 -0.5033765
vn 0.5033765 -0.7022992 0.5033765
vn -0.6666667 -0.3333333 0.6666667
vn 0.6666667 -0.3333333 0.6666667
vn -0.5033765 -0.7022992 0.5033765
vn 0.5033765 0.7022992 0.5033765
vn -0.5033765 0.7022992 0.5033765
vn -0.5033765 -0.7022992 -0.5033765
vn 0.5033765 -0.7022992 -0.5033765
vn -0.2122691 0.90541 0.3676609
vn -0.2886751 0.8164966 0.5
vn 0.2886751 -0.8164966 -0.5
vn 0.2122691 -0.90541 -0.3676609
vn 0.6666667 0.3333333 0.6666667
vn -0.6666667 -0.3333333 -0.6666667
vn -0.6666667 0.3333333 0.6666667
vn 0.6666667 -0.3333333 -0.6666667
vn 0.7071068 0.5773503 -0.4082484
vn 0.4082484 0.5773503 0.7071068
vn 0.5202672 0.7994348 -0.3003765
vn 0.3003765 0.7994348 0.5202672
vn -0.5202672 -0.7994348 0.3003765
vn -0.4082484 -0.5773503 -0.7071068
vn -0.7071068 -0.5773503 0.4082484
vn -0.3003765 -0.7994348 -0.5202672
vn -0.7071069 0.5773503 -0.4082482
vn 0.4082482 0.5773503 -0.7071069
vn -0.5202673 0.7994348 -0.3003764
vn 0.3003764 0.7994348 -0.5202673
vn 0.5202673 -0.7994348 0.3003764
vn -0.4082482 -0.5773503 0.7071069
vn 0.7071069 -0.5773503 0.4082482
vn -0.3003764 -0.7994348 0.5202673
vn -0.7071068 0.5773503 0.4082484
vn -0.4082484 0.5773503 -0.7071068
vn -0.5202672 0.7994348 0.3003765
vn -0.3003765 0.7994348 -0.5202672
vn 0.5202672 -0.7994348 -0.3003765
vn 0.4082484 -0.5773503 0.7071068
vn 0.7071068 -0.5773503 -0.4082484
vn 0.3003765 -0.7994348 0.5202672
vn 0.5202673 0.7994348 0.3003764
vn -0.3003764 0.7994348 0.5202673
vn -0.5202673 -0.7994348 -0.3003764
vn 0.3003764 -0.7994348 -0.5202673
vn 0.7071069 0.5773503 0.4082482
vn -0.7071069 -0.5773503 -0.4082482
vn -0.4082482 0.5773503 0.7071069
vn 0.4082482 -0.5773503 -0.7071069
vn -5.06089E-08 0.9054101 -0.4245383
vn 0.4245383 0.9054101 -5.06089E-08
vn -0.4245383 0.9054101 5.06089E-08
vn 5.06089E-08 0.9054101 0.4245383
vn 0.4245383 -0.9054101 -5.06089E-08
vn -0.4245383 -0.9054101 5.06089E-08
vn 5.06089E-08 -0.9054101 0.4245383
vn -5.06089E-08 -0.9054101 -0.4245383
vn 0.5773503 0.8164966 -6.882551E-08
vn 6.882551E-08 0.8164966 0.5773503
vn -0.5773503 -0.8164966 6.882551E-08
vn -6.882551E-08 -0.8164966 -0.5773503
vn -6.882551E-08 0.8164966 -0.5773503
vn 6.882551E-08 -0.8164966 0.5773503
vn -0.5773503 0.8164966 6.882551E-08
vn 0.5773503 -0.8164966 -6.882551E-08
vn 0.2886751 0.8164966 -0.5000001
vn 0.2122691 0.90541 -0.3676609
vn -0.5000001 0.8164966 -0.2886751
vn -0.3676609 0.90541 -0.2122691
vn 0.5000001 -0.8164966 0.2886751
vn -0.2122691 -0.90541 0.3676609
vn -0.2886751 -0.8164966 0.5000001
vn 0.3676609 -0.90541 0.2122691
vn -0.2886751 0.8164966 0.5000001
vn -0.2122691 0.90541 0.3676609
vn 0.2886751 -0.8164966 -0.5000001
vn 0.2122691 -0.90541 -0.3676609
vn -0.6666667 0.3333333 0.6666668
vn -0.6666668 0.3333333 -0.6666667
vn -0.5033765 0.7022992 0.5033766
vn -0.5033766 0.7022992 -0.5033765
vn 0.5033765 -0.7022992 -0.5033766
vn 0.6666668 -0.3333333 0.6666667
vn 0.6666667 -0.3333333 -0.6666668
vn 0.5033766 -0.7022992 0.5033765
vn 0.5033765 0.7022992 -0.5033766
vn 0.5033766 0.7022992 0.5033765
vn -0.5033765 -0.7022992 0.5033766
vn -0.5033766 -0.7022992 -0.5033765
vn 0.3676609 0.90541 0.2122691
vn 0.5000001 0.8164966 0.2886751
vn -0.5000001 -0.8164966 -0.2886751
vn -0.3676609 -0.90541 -0.2122691
vn 0.6666667 0.3333333 -0.6666668
vn -0.6666667 -0.3333333 0.6666668
vn 0.6666668 0.3333333 0.6666667
vn -0.6666668 -0.3333333 -0.6666667
vn -0.4245382 0.9054101 6.326142E-09
vn -6.326142E-09 0.9054101 -0.4245382
vn 6.326142E-09 0.9054101 0.4245382
vn 0.4245382 0.9054101 -6.326142E-09
vn -6.326142E-09 -0.9054101 -0.4245382
vn 6.326142E-09 -0.9054101 0.4245382
vn 0.4245382 -0.9054101 -6.326142E-09
vn -0.4245382 -0.9054101 6.326142E-09
vn -8.60323E-09 0.8164966 -0.5773503
vn 0.5773503 0.8164966 -8.60323E-09
vn 8.60323E-09 -0.8164966 0.5773503
vn -0.5773503 -0.8164966 8.60323E-09
vn -0.5773503 0.8164966 8.60323E-09
vn 0.5773503 -0.8164966 -8.60323E-09
vn 8.60323E-09 0.8164966 0.5773503
vn -8.60323E-09 -0.8164966 -0.5773503
vn -0.4245382 0.9054101 -3.707557E-13
vn 3.707557E-13 0.9054101 -0.4245382
vn -3.707557E-13 0.9054101 0.4245382
vn 0.4245382 0.9054101 3.707557E-13
vn 3.707557E-13 -0.9054101 -0.4245382
vn -3.707557E-13 -0.9054101 0.4245382
vn 0.4245382 -0.9054101 3.707557E-13
vn -0.4245382 -0.9054101 -3.707557E-13
vn -5.042088E-13 0.8164966 0.5773503
vn 0.5773503 0.8164966 5.042088E-13
vn 5.042088E-13 -0.8164966 -0.5773503
vn -0.5773503 -0.8164966 -5.042088E-13
vn -0.5773503 0.8164966 -5.042088E-13
vn 0.5773503 -0.8164966 5.042088E-13
vn 5.042088E-13 0.8164966 -0.5773503
vn -5.042088E-13 -0.8164966 0.5773503
vn -0.4082482 0.5773503 0.7071069
vn -0.7071069 0.5773503 -0.4082482
vn 0.7071069 -0.5773503 0.4082482
vn 0.4082482 -0.5773503 -0.7071069
vn 0.4082482 0.5773503 -0.7071069
vn -0.4082482 -0.5773503 0.7071069
vn 0.7071069 0.5773503 0.4082482
vn -0.7071069 -0.5773503 -0.4082482
vn 0.4082484 0.5773503 -0.7071068
vn 0.7071068 0.5773503 0.4082484
vn -0.7071068 -0.5773503 -0.4082484
vn -0.4082484 -0.5773503 0.7071068
vn -0.4082484 0.5773503 0.7071068
vn 0.4082484 -0.5773503 -0.7071068
vn -0.7071068 0.5773503 -0.4082484
vn 0.7071068 -0.5773503 0.4082484
vn 0.2132007 0.904534 0.3692745
vn -0.3692745 0.904534 0.2132007
vn 0.1578553 0.9488556 0.2734133
vn -0.2734133 0.9488556 0.1578553
vn -0.1578553 -0.9488556 -0.2734133
vn 0.3692745 -0.904534 -0.2132007
vn -0.2132007 -0.904534 -0.3692745
vn 0.2734133 -0.9488556 -0.1578553
vn 0.5475281 0.7994348 0.2472184
vn -0.2472184 0.7994348 0.5475281
vn 0.2472184 0.7994348 -0.5475281
vn -0.5475281 0.7994348 -0.2472184
vn -0.2472184 -0.7994348 0.5475281
vn 0.2472184 -0.7994348 -0.5475281
vn -0.5475281 -0.7994348 -0.2472184
vn 0.5475281 -0.7994348 0.2472184
vn 0.2734133 0.9488556 -0.1578553
vn -0.1578553 0.9488556 -0.2734133
vn 0.1578553 -0.9488556 0.2734133
vn -0.2734133 -0.9488556 0.1578553
vn 0.3692745 0.904534 -0.2132007
vn -0.3692745 -0.904534 0.2132007
vn -0.2132007 0.904534 -0.3692745
vn 0.2132007 -0.904534 0.3692745
vn -0.7441577 0.5773503 -0.3360001
vn -0.3360001 0.5773503 0.7441577
vn 0.3360001 -0.5773503 -0.7441577
vn 0.7441577 -0.5773503 0.3360001
vn 0.3360001 0.5773503 -0.7441577
vn -0.3360001 -0.5773503 0.7441577
vn 0.7441577 0.5773503 0.3360001
vn -0.7441577 -0.5773503 -0.3360001
vn 0.4247964 0.7994348 -0.4247964
vn 0.4247964 0.7994348 0.4247964
vn -0.4247964 0.7994348 -0.4247964
vn -0.4247964 0.7994348 0.4247964
vn 0.4247964 -0.7994348 0.4247964
vn -0.4247964 -0.7994348 -0.4247964
vn -0.4247964 -0.7994348 0.4247964
vn 0.4247964 -0.7994348 -0.4247964
vn 0.5773503 0.5773503 -0.5773503
vn 0.5773503 0.5773503 0.5773503
vn -0.5773503 -0.5773503 -0.5773503
vn -0.5773503 -0.5773503 0.5773503
vn -0.5773503 0.5773503 -0.5773503
vn 0.5773503 -0.5773503 0.5773503
vn -0.5773503 0.5773503 0.5773503
vn 0.5773503 -0.5773503 -0.5773503
vn -0.4245382 0.9054101 9.362776E-13
vn -9.362776E-13 0.9054101 -0.4245382
vn 9.362776E-13 0.9054101 0.4245382
vn 0.4245382 0.9054101 -9.362776E-13
vn -9.362776E-13 -0.9054101 -0.4245382
vn 9.362776E-13 -0.9054101 0.4245382
vn 0.4245382 -0.9054101 -9.362776E-13
vn -0.4245382 -0.9054101 9.362776E-13
vn 1.27329E-12 0.8164966 0.5773503
vn 0.5773503 0.8164966 -1.27329E-12
vn -1.27329E-12 -0.8164966 -0.5773503
vn -0.5773503 -0.8164966 1.27329E-12
vn -0.5773503 0.8164966 1.27329E-12
vn 0.5773503 -0.8164966 -1.27329E-12
vn -1.27329E-12 0.8164966 -0.5773503
vn 1.27329E-12 -0.8164966 0.5773503
vn 1 0 1.192093E-07
vn -1 0 -1.192093E-07
vn 0.1950905 0 -0.9807854
vn 0.3826836 0 -0.9238796
vn -0.3826836 0 0.9238796
vn -0.1950905 0 0.9807854
vn 0.7071069 0 -0.7071068
vn -0.7071069 0 0.7071068
vn 0.9238797 0 -0.3826834
vn -0.9238797 0 0.3826834
vn 0.9807854 0 -0.1950902
vn -0.9807854 0 0.1950902
vn 1.192093E-07 0 -1
vn -1.192093E-07 0 1
vn -0.9807854 0 0.1950902
vn 0.9807854 0 -0.1950902
vn 0 0 -1
vn 0 0 1
vn -0.9807853 0 -0.1950903
vn -0.9238795 0 -0.3826834
vn 0.9238795 0 0.3826834
vn 0.9807853 0 0.1950903
vn -0.7071068 0 -0.7071068
vn 0.7071068 0 0.7071068
vn -0.3826834 0 -0.9238795
vn 0.3826834 0 0.9238795
vn -0.1950903 0 -0.9807853
vn 0.1950903 0 0.9807853
vn -1 0 0
vn 1 0 0
vn 0.1950903 0 0.9807853
vn -0.1950903 0 -0.9807853
vn -1 0 1.192093E-07
vn 1 0 -1.192093E-07
vn -0.1950902 0 0.9807854
vn -0.3826834 0 0.9238797
vn 0.3826834 0 -0.9238797
vn 0.1950902 0 -0.9807854
vn -0.7071068 0 0.7071069
vn 0.7071068 0 -0.7071069
vn -0.9238796 0 0.3826836
vn 0.9238796 0 -0.3826836
vn -0.9807854 0 0.1950905
vn 0.9807854 0 -0.1950905
vn 1.192093E-07 0 1
vn -1.192093E-07 0 -1
vn 0.9807854 0 -0.1950905
vn -0.9807854 0 0.1950905
vn 1.490123E-08 0 1
vn -1.490123E-08 0 -1
vn 0.9807853 0 0.1950903
vn -0.9807853 0 -0.1950903
vn 1 0 -1.490123E-08
vn -1 0 1.490123E-08
vn -0.1950903 0 -0.9807853
vn 0.1950903 0 0.9807853
vn 0.09950371 0 0.9950371
vn -8.733153E-13 0 1
vn -0.09950371 0 -0.9950371
vn 8.733153E-13 0 -1
vn -0.09950371 0 0.9950371
vn 0.09950371 0 -0.9950371
vn -1 0 -8.733153E-13
vn 1 0 8.733153E-13
vn -0.9805808 0 -0.196116
vn 0.9805808 0 0.196116
vn -0.9805808 0 0.1961163
vn 0.9805808 0 -0.1961163
vn 0.9805808 0 0.1961163
vn -0.9805808 0 -0.1961163
vn 0.9805808 0 -0.1961161
vn -0.9805808 0 0.1961161
vn -0.8660254 0 -0.5
vn -0.9659258 0 -0.258819
vn 0.9659258 0 0.258819
vn 0.8660254 0 0.5
vn -0.5 0 -0.8660254
vn 0.5 0 0.8660254
vn -0.258819 0 -0.9659258
vn 0.258819 0 0.9659258
vn 0.5000002 0 -0.8660255
vn 0.2588192 0 -0.9659259
vn -0.2588192 0 0.9659259
vn -0.5000002 0 0.8660255
vn 0.8660256 0 -0.5
vn -0.8660256 0 0.5
vn 0.965926 0 -0.2588189
vn -0.965926 0 0.2588189
vn 2.205403E-12 0 1
vn -2.205403E-12 0 -1
vn -1 0 2.205403E-12
vn 1 0 -2.205403E-12
vn -1 0 -2.853273E-14
vn 1 0 2.853273E-14
vn 2.853273E-14 0 -1
vn -2.853273E-14 0 1
vn -0.5 0 0.8660256
vn -0.258819 0 0.965926
vn 0.258819 0 -0.965926
vn 0.5 0 -0.8660256
vn -0.8660255 0 0.5000002
vn 0.8660255 0 -0.5000002
vn -0.9659259 0 0.2588192
vn 0.9659259 0 -0.2588192
vn -1 0 1.490117E-08
vn 1 0 -1.490117E-08
vn -1.490117E-08 0 -1
vn 1.490117E-08 0 1
vn 0.9374504 0 0.3481188
vn 0.8012154 0 0.598376
vn -0.8012154 0 -0.598376
vn -0.9374504 0 -0.3481188
vn 0.2601589 0 -0.9655658
vn 0.7071068 0 -0.7071068
vn -0.2601589 0 0.9655658
vn -0.7071068 0 0.7071068
vn 0.9655658 0 -0.2601589
vn -0.9655658 0 0.2601589
vn -0.3481188 0 -0.9374504
vn -0.598376 0 -0.8012154
vn 0.598376 0 0.8012154
vn 0.3481188 0 0.9374504
vn -0.07465781 0.9238795 -0.3753304
vn -0.1802399 0.3826834 -0.9061276
vn 0.07465781 -0.9238795 0.3753304
vn 0.1802399 -0.3826834 0.9061276
vn -0.07465781 -0.9238795 -0.3753304
vn 0.07465781 0.9238795 0.3753304
vn 0.1802399 0.3826834 0.9061276
vn -0.1802399 -0.3826834 -0.9061276
vn 0.2126075 0.9238795 0.3181897
vn -0.2126075 0.9238795 -0.3181897
vn -0.2126075 -0.9238795 -0.3181897
vn 0.2126075 -0.9238795 0.3181897
vn 0.5132799 -0.3826834 0.7681779
vn -0.5132799 0.3826834 -0.7681779
vn -0.5132799 -0.3826834 -0.7681779
vn 0.5132799 0.3826834 0.7681779
vn 0.8314698 0 -0.5555702
vn -0.8314698 0 0.5555702
vn -0.3753303 0.9238795 -0.07465788
vn -0.9061276 0.3826834 -0.1802401
vn 0.3753303 -0.9238795 0.07465788
vn 0.9061276 -0.3826834 0.1802401
vn 0.3753303 0.9238795 0.07465788
vn -0.3753303 -0.9238795 -0.07465788
vn 0.9061276 0.3826834 0.1802401
vn -0.9061276 -0.3826834 -0.1802401
vn 0.3481187 0 -0.9374505
vn 0.5983759 0 -0.8012155
vn -0.5983759 0 0.8012155
vn -0.3481187 0 0.9374505
vn -0.9655658 0 -0.2601588
vn -0.7071069 0 -0.7071067
vn 0.9655658 0 0.2601588
vn 0.7071069 0 0.7071067
vn -0.260159 0 -0.9655658
vn 0.260159 0 0.9655658
vn -0.9374504 0 0.3481189
vn -0.8012154 0 0.5983762
vn 0.8012154 0 -0.5983762
vn 0.9374504 0 -0.3481189
vn -0.3753303 0.9238795 0.07465784
vn -0.9061275 0.3826834 0.18024
vn 0.3753303 -0.9238795 -0.07465784
vn 0.9061275 -0.3826834 -0.18024
vn -0.3753303 -0.9238795 0.07465784
vn 0.3753303 0.9238795 -0.07465784
vn 0.9061275 0.3826834 -0.18024
vn -0.9061275 -0.3826834 0.18024
vn 0.3181897 0.9238795 -0.2126075
vn -0.3181897 0.9238795 0.2126075
vn -0.3181897 -0.9238795 0.2126075
vn 0.3181897 -0.9238795 -0.2126075
vn 0.7681777 -0.3826834 -0.51328
vn -0.7681777 0.3826834 0.51328
vn -0.7681777 -0.3826834 0.51328
vn 0.7681777 0.3826834 -0.51328
vn -0.5555702 0 -0.8314696
vn 0.5555702 0 0.8314696
vn -0.07465783 0.9238795 0.3753302
vn -0.18024 0.3826834 0.9061275
vn 0.07465783 -0.9238795 -0.3753302
vn 0.18024 -0.3826834 -0.9061275
vn 0.07465783 0.9238795 -0.3753302
vn -0.07465783 -0.9238795 0.3753302
vn 0.18024 0.3826834 -0.9061275
vn -0.18024 -0.3826834 0.9061275
vn -0.9374505 0 -0.3481186
vn -0.8012155 0 -0.5983759
vn 0.8012155 0 0.5983759
vn 0.9374505 0 0.3481186
vn -0.2601586 0 0.9655659
vn -0.7071066 0 0.7071069
vn 0.2601586 0 -0.9655659
vn 0.7071066 0 -0.7071069
vn -0.9655658 0 0.2601591
vn 0.9655658 0 -0.2601591
vn 0.3481191 0 0.9374504
vn 0.5983763 0 0.8012152
vn -0.5983763 0 -0.8012152
vn -0.3481191 0 -0.9374504
vn 0.07465789 0.9238795 0.3753304
vn 0.1802401 0.3826834 0.9061276
vn -0.07465789 -0.9238795 -0.3753304
vn -0.1802401 -0.3826834 -0.9061276
vn 0.07465789 -0.9238795 0.3753304
vn -0.07465789 0.9238795 -0.3753304
vn -0.1802401 0.3826834 -0.9061276
vn 0.1802401 -0.3826834 0.9061276
vn -0.2126076 0.9238795 -0.3181897
vn 0.2126076 0.9238795 0.3181897
vn 0.2126076 -0.9238795 0.3181897
vn -0.2126076 -0.9238795 -0.3181897
vn -0.5132802 -0.3826834 -0.7681778
vn 0.5132802 0.3826834 0.7681778
vn 0.5132802 -0.3826834 0.7681778
vn -0.5132802 0.3826834 -0.7681778
vn -0.8314697 0 0.5555704
vn 0.8314697 0 -0.5555704
vn 0.3753303 0.9238795 0.07465779
vn 0.9061276 0.3826834 0.1802399
vn -0.3753303 -0.9238795 -0.07465779
vn -0.9061276 -0.3826834 -0.1802399
vn -0.3753303 0.9238795 -0.07465779
vn 0.3753303 -0.9238795 0.07465779
vn -0.9061276 0.3826834 -0.1802399
vn 0.9061276 -0.3826834 0.1802399
vn 0.3753303 0.9238795 -0.07465785
vn 0.9061275 0.3826834 -0.18024
vn -0.3753303 -0.9238795 0.07465785
vn -0.9061275 -0.3826834 0.18024
vn 0.3753303 -0.9238795 -0.07465785
vn -0.3753303 0.9238795 0.07465785
vn -0.9061275 0.3826834 0.18024
vn 0.9061275 -0.3826834 -0.18024
vn 0.07465782 0.9238795 -0.3753302
vn 0.18024 0.3826834 -0.9061275
vn -0.07465782 -0.9238795 0.3753302
vn -0.18024 -0.3826834 0.9061275
vn -0.07465782 0.9238795 0.3753302
vn 0.07465782 -0.9238795 -0.3753302
vn -0.18024 0.3826834 0.9061275
vn 0.18024 -0.3826834 -0.9061275
vn -0.4575815 0 0.8891677
vn 0.4575815 0 -0.8891677
vn -0.8891677 0 0.4575816
vn -0.986394 0 0.164399
vn 0.986394 0 -0.164399
vn 0.8891677 0 -0.4575816
vn 0.4575816 0 0.8891677
vn -0.4575816 0 -0.8891677
vn 0.8891677 0 0.4575815
vn 0.986394 0 0.164399
vn -0.986394 0 -0.164399
vn -0.8891677 0 -0.4575815
vn 0.09950373 0 0.9950371
vn -0.09950373 0 -0.9950371
vn -0.0995037 0 0.9950371
vn 0.0995037 0 -0.9950371
vn -0.9192945 -0.3826834 0.09192945
vn -0.3807842 -0.9238795 0.03807842
vn 0.3807842 0.9238795 -0.03807842
vn 0.9192945 0.3826834 -0.09192945
vn -0.9192945 0.3826834 0.09192945
vn -0.3807842 0.9238795 0.03807842
vn 0.9192945 -0.3826834 -0.09192945
vn 0.3807842 -0.9238795 -0.03807842
vn -0.9192945 -0.3826834 -0.09192945
vn -0.3807842 -0.9238795 -0.03807842
vn 0.9192945 0.3826834 0.09192945
vn 0.3807842 0.9238795 0.03807842
vn 0.9192945 -0.3826834 0.09192945
vn -0.9192945 0.3826834 -0.09192945
vn 0.3807842 -0.9238795 0.03807842
vn -0.3807842 0.9238795 -0.03807842
vn -0.9805808 0 -0.196116
vn 0.9805808 0 0.196116
vn -0.9805808 0 0.1961163
vn 0.9805808 0 -0.1961163
vn -0.07505044 -0.9238795 -0.375252
vn 0.07505044 -0.9238795 0.375252
vn -0.07505044 0.9238795 -0.375252
vn 0.07505044 0.9238795 0.375252
vn -0.1811878 0.3826834 -0.9059385
vn 0.1811878 -0.3826834 0.9059385
vn -0.1811878 -0.3826834 -0.9059385
vn 0.1811878 0.3826834 0.9059385
vn 0.9805808 0 0.1961162
vn -0.9805808 0 -0.1961162
vn 0.9805808 0 -0.1961161
vn -0.9805808 0 0.1961161
vn 0.07505035 -0.9238795 0.375252
vn -0.07505035 -0.9238795 -0.375252
vn 0.07505035 0.9238795 0.375252
vn -0.07505035 0.9238795 -0.375252
vn 0.1811876 0.3826834 0.9059385
vn -0.1811876 -0.3826834 -0.9059385
vn 0.1811876 -0.3826834 0.9059385
vn -0.1811876 0.3826834 -0.9059385
vn -0.5 0 -0.8660254
vn 0.5 0 0.8660254
vn 0.8660256 0 -0.4999999
vn -0.8660256 0 0.4999999
vn -0.8660255 0 0.5000001
vn 0.8660255 0 -0.5000001
vn 0 -0.9999999 0
vn 0 0.9999999 0
vn 0.8137335 0 0.5812384
vn 0.7071067 0 0.7071069
vn -0.7071067 0 -0.7071069
vn -0.8137335 0 -0.5812384
vn 0.7071069 0 -0.7071067
vn 0.8137337 0 -0.5812382
vn -0.7071069 0 0.7071067
vn -0.8137337 0 0.5812382
vn 0.5812384 0 -0.8137335
vn -0.5812384 0 0.8137335
vn -0.5812382 0 -0.8137337
vn 0.5812382 0 0.8137337
vn 0.7068848 -0.02505852 -0.7068848
vn 0.8134848 -0.02471778 -0.5810606
vn -0.7068848 0.02505852 0.7068848
vn -0.8134848 0.02471778 0.5810606
vn -0.7068848 -0.02505852 -0.7068848
vn -0.8134848 -0.02471778 -0.5810606
vn 0.7068848 0.02505852 0.7068848
vn 0.8134848 0.02471778 0.5810606
vn 0.5810606 -0.02471778 -0.8134848
vn -0.5810606 0.02471778 0.8134848
vn 0.7068848 -0.02505852 0.7068848
vn 0.5810606 -0.02471778 0.8134848
vn -0.7068848 0.02505852 -0.7068848
vn -0.5810606 0.02471778 -0.8134848
vn 0.8134848 -0.02471778 0.5810606
vn -0.8134848 0.02471778 -0.5810606
vn -0.7068848 -0.02505852 0.7068848
vn -0.8134848 -0.02471778 0.5810606
vn 0.7068848 0.02505852 -0.7068848
vn 0.8134848 0.02471778 -0.5810606
vn -0.5810606 -0.02471778 0.8134848
vn 0.5810606 0.02471778 -0.8134848
vn -0.5810606 -0.02471778 -0.8134848
vn 0.5810606 0.02471778 0.8134848
vn 0.5812383 0 -0.8137335
vn 0.7071068 0 -0.7071068
vn -0.7071068 0 0.7071068
vn -0.5812383 0 0.8137335
vn -0.7071068 0 -0.7071068
vn -0.5812382 0 -0.8137336
vn 0.7071068 0 0.7071068
vn 0.5812382 0 0.8137336
vn -0.8137335 0 -0.5812383
vn 0.8137335 0 0.5812383
vn -0.8137336 0 0.5812382
vn 0.8137336 0 -0.5812382
vn -0.7068848 -0.02505852 -0.7068847
vn -0.5810606 -0.02471778 -0.8134847
vn 0.7068848 0.02505852 0.7068847
vn 0.5810606 0.02471778 0.8134847
vn -0.7068847 -0.02505852 0.7068848
vn -0.5810605 -0.02471778 0.8134848
vn 0.7068847 0.02505852 -0.7068848
vn 0.5810605 0.02471778 -0.8134848
vn -0.8134848 -0.02471778 -0.5810605
vn 0.8134848 0.02471778 0.5810605
vn 0.7068847 -0.02505852 -0.7068848
vn 0.8134847 -0.02471778 -0.5810606
vn -0.7068847 0.02505852 0.7068848
vn -0.8134847 0.02471778 0.5810606
vn 0.5810605 -0.02471778 -0.8134848
vn -0.5810605 0.02471778 0.8134848
vn 0.7068848 -0.02505852 0.7068847
vn 0.5810606 -0.02471778 0.8134847
vn -0.7068848 0.02505852 -0.7068847
vn -0.5810606 0.02471778 -0.8134847
vn 0.8134848 -0.02471778 0.5810605
vn -0.8134848 0.02471778 -0.5810605
vn -0.8134847 -0.02471778 0.5810606
vn 0.8134847 0.02471778 -0.5810606
vn -0.8137336 0 -0.5812382
vn -0.7071069 0 -0.7071068
vn 0.7071069 0 0.7071068
vn 0.8137336 0 0.5812382
vn -0.8137335 0 0.5812383
vn 0.8137335 0 -0.5812383
vn -0.5812382 0 0.8137336
vn 0.5812382 0 -0.8137336
vn 0.5812383 0 0.8137335
vn -0.5812383 0 -0.8137335
vn -0.7068846 -0.02505852 0.7068849
vn -0.8134847 -0.02471778 0.5810607
vn 0.7068846 0.02505852 -0.7068849
vn 0.8134847 0.02471778 -0.5810607
vn 0.7068849 -0.02505852 0.7068846
vn 0.8134848 -0.02471778 0.5810605
vn -0.7068849 0.02505852 -0.7068846
vn -0.8134848 0.02471778 -0.5810605
vn -0.5810605 -0.02471778 0.8134848
vn 0.5810605 0.02471778 -0.8134848
vn -0.7068849 -0.02505852 -0.7068846
vn -0.5810607 -0.02471778 -0.8134847
vn 0.7068849 0.02505852 0.7068846
vn 0.5810607 0.02471778 0.8134847
vn -0.8134848 -0.02471778 -0.5810605
vn 0.8134848 0.02471778 0.5810605
vn 0.7068846 -0.02505852 -0.7068849
vn 0.8134847 -0.02471778 -0.5810607
vn -0.7068846 0.02505852 0.7068849
vn -0.8134847 0.02471778 0.5810607
vn 0.5810605 -0.02471778 -0.8134848
vn -0.5810605 0.02471778 0.8134848
vn 0.5810607 -0.02471778 0.8134847
vn -0.5810607 0.02471778 -0.8134847
vn 0.164399 0 -0.986394
vn -0.164399 0 0.986394
vn 0.164399 0 0.986394
vn -0.164399 0 -0.986394
vn -0.986394 0 -0.164399
vn 0.986394 0 0.164399
vn 0.986394 0 -0.164399
vn -0.986394 0 0.164399
vn 0.999634 -0.02705235 8.729957E-13
vn 0.9860427 -0.02668454 -0.1643405
vn -0.999634 0.02705235 -8.729957E-13
vn -0.9860427 0.02668454 0.1643405
vn 0.9860427 -0.02668454 0.1643405
vn -0.9860427 0.02668454 -0.1643405
vn -8.729957E-13 -0.02705235 0.999634
vn -0.1643405 -0.02668453 0.9860427
vn 8.729957E-13 0.02705235 -0.999634
vn 0.1643405 0.02668453 -0.9860427
vn -0.1643405 -0.02668453 -0.9860427
vn 8.729957E-13 -0.02705235 -0.999634
vn 0.1643405 0.02668453 0.9860427
vn -8.729957E-13 0.02705235 0.999634
vn -0.9860427 -0.02668454 0.1643405
vn -0.999634 -0.02705235 -8.729957E-13
vn 0.999634 0.02705235 8.729957E-13
vn 0.9860427 0.02668454 -0.1643405
vn -0.9860427 -0.02668454 -0.1643405
vn 0.9860427 0.02668454 0.1643405
vn 0.1643405 -0.02668453 0.9860427
vn -0.1643405 0.02668453 -0.9860427
vn 0.1643405 -0.02668453 -0.9860427
vn -0.1643405 0.02668453 0.9860427
vn -0.999634 -0.02705235 0
vn 0.999634 0.02705235 0
vn 0 -0.02705235 -0.999634
vn 0 0.02705235 0.999634
vn 0 -0.02705235 0.999634
vn 0 0.02705235 -0.999634
vn 0.999634 -0.02705235 0
vn -0.999634 0.02705235 0

vt 0.46875 0.025
vt 0.46875 0.105
vt 0.46875 0.065
vt 0.46875 0.045
vt 0.46875 0.145
vt 0.46875 0.185
vt 0.46875 0.225
vt 0.46875 0.165
vt 0.09375 0.225
vt 0.09375 0.025
vt 0.34375 0.025
vt 0.34375 0.225
vt 0.34375 0.105
vt 0.34375 0.1759351
vt 0.34375 0.1782973
vt 0.34375 0.1877463
vt 0.34375 0.1901085
vt 0.34375 0.1984787
vt 0.34375 0.2102899
vt 0.34375 0.2126521
vt 0.34375 0.2008409
vt 0.34375 0.1782653
vt 0.34375 0.164092
vt 0.34375 0.1664542
vt 0.34375 0.1759031
vt 0.34375 0.1428617
vt 0.34375 0.1404995
vt 0.34375 0.1310506
vt 0.34375 0.1286884
vt 0.34375 0.1947402
vt 0.34375 0.1923779
vt 0.34375 0.2041891
vt 0.34375 0.2065513
vt 0.34375 0.1682468
vt 0.34375 0.170609
vt 0.34375 0.1800579
vt 0.34375 0.1824202
vt 0.34375 0.1241282
vt 0.34375 0.121766
vt 0.34375 0.1335772
vt 0.34375 0.1359394
vt 0.34375 0.1208127
vt 0.34375 0.1331584
vt 0.34375 0.1356275
vt 0.34375 0.1232818
vt 0.34375 0.07946212
vt 0.34375 0.09850974
vt 0.34375 0.09533513
vt 0.34375 0.08263672
vt 0.34375 0.2005081
vt 0.34375 0.1814605
vt 0.34375 0.1973335
vt 0.34375 0.1846351
vt 0.34375 0.1015823
vt 0.34375 0.1206299
vt 0.34375 0.1174553
vt 0.34375 0.1047569
vt 0.21875 0.145
vt 0.21875 0.225
vt 0.21875 0.175
vt 0.21875 0.075

usemtl colormap

f 3/2/3 2/1/2 1/1/1
f 2/1/2 3/2/3 4/2/4
f 1/1/7 2/1/6 3/2/5
f 4/2/8 3/2/5 2/1/6
f 7/3/11 6/1/10 5/1/9
f 6/1/10 7/3/11 8/3/12
f 5/1/15 6/1/14 7/3/13
f 8/3/16 7/3/13 6/1/14
f 11/2/19 10/1/18 9/1/17
f 10/1/18 11/2/19 12/2/20
f 9/1/23 10/1/22 11/2/21
f 12/2/24 11/2/21 10/1/22
f 2/1/2 11/2/19 9/1/17
f 11/2/19 2/1/2 4/2/4
f 9/1/23 11/2/21 2/1/6
f 4/2/8 2/1/6 11/2/21
f 7/3/11 13/3/25 8/3/12
f 13/3/25 7/3/11 14/3/26
f 8/3/16 13/3/27 7/3/13
f 14/3/28 7/3/13 13/3/27
f 8/3/12 15/1/29 6/1/10
f 15/1/29 8/3/12 13/3/25
f 6/1/14 15/1/30 8/3/16
f 13/3/27 8/3/16 15/1/30
f 11/2/19 3/2/3 12/2/20
f 3/2/3 11/2/19 4/2/4
f 12/2/24 3/2/5 11/2/21
f 4/2/8 11/2/21 3/2/5
f 14/3/26 5/1/9 16/1/31
f 5/1/9 14/3/26 7/3/11
f 16/1/32 5/1/15 14/3/28
f 7/3/13 14/3/28 5/1/15
f 15/1/29 14/3/26 16/1/31
f 14/3/26 15/1/29 13/3/25
f 16/1/32 14/3/28 15/1/30
f 13/3/27 15/1/30 14/3/28
f 12/2/20 1/1/1 10/1/18
f 1/1/1 12/2/20 3/2/3
f 10/1/22 1/1/7 12/2/24
f 3/2/5 12/2/24 1/1/7
f 19/3/35 18/3/34 17/3/33
f 18/3/34 19/3/35 20/3/36
f 17/3/39 18/3/38 19/3/37
f 20/3/40 19/3/37 18/3/38
f 20/3/36 21/1/41 18/3/34
f 21/1/41 20/3/36 22/1/42
f 18/3/38 21/1/43 20/3/40
f 22/1/44 20/3/40 21/1/43
f 17/3/33 21/1/41 23/1/45
f 21/1/41 17/3/33 18/3/34
f 23/1/46 21/1/43 17/3/39
f 18/3/38 17/3/39 21/1/43
f 24/1/47 17/3/33 23/1/45
f 17/3/33 24/1/47 19/3/35
f 23/1/46 17/3/39 24/1/48
f 19/3/37 24/1/48 17/3/39
f 22/1/42 19/3/35 24/1/47
f 19/3/35 22/1/42 20/3/36
f 24/1/48 19/3/37 22/1/44
f 20/3/40 22/1/44 19/3/37
f 27/1/51 26/3/50 25/1/49
f 26/3/50 27/1/51 28/3/52
f 25/1/55 26/3/54 27/1/53
f 28/3/56 27/1/53 26/3/54
f 29/1/57 28/3/52 27/1/51
f 28/3/52 29/1/57 30/3/58
f 27/1/53 28/3/56 29/1/59
f 30/3/60 29/1/59 28/3/56
f 33/2/63 32/1/62 31/1/61
f 32/1/62 33/2/63 34/2/64
f 31/1/67 32/1/66 33/2/65
f 34/2/68 33/2/65 32/1/66
f 33/2/63 35/2/69 34/2/64
f 35/2/69 33/2/63 36/2/70
f 34/2/68 35/2/71 33/2/65
f 36/2/72 33/2/65 35/2/71
f 30/3/58 38/1/74 37/3/73
f 38/1/74 30/3/58 29/1/57
f 37/3/76 38/1/75 30/3/60
f 29/1/59 30/3/60 38/1/75
f 34/2/64 39/1/77 32/1/62
f 39/1/77 34/2/64 35/2/69
f 32/1/66 39/1/78 34/2/68
f 35/2/71 34/2/68 39/1/78
f 28/3/52 37/3/73 26/3/50
f 37/3/73 28/3/52 30/3/58
f 26/3/54 37/3/76 28/3/56
f 30/3/60 28/3/56 37/3/76
f 40/1/79 33/2/63 31/1/61
f 33/2/63 40/1/79 36/2/70
f 31/1/67 33/2/65 40/1/80
f 36/2/72 40/1/80 33/2/65
f 26/3/50 38/1/74 25/1/49
f 38/1/74 26/3/50 37/3/73
f 25/1/55 38/1/75 26/3/54
f 37/3/76 26/3/54 38/1/75
f 35/2/69 40/1/79 39/1/77
f 40/1/79 35/2/69 36/2/70
f 39/1/78 40/1/80 35/2/71
f 36/2/72 35/2/71 40/1/80
f 43/1/81 42/1/81 41/1/81
f 42/1/81 43/1/81 44/1/81
f 41/1/82 42/1/82 43/1/82
f 44/1/82 43/1/82 42/1/82
f 47/2/85 46/1/84 45/1/83
f 46/1/84 47/2/85 48/2/86
f 45/1/89 46/1/88 47/2/87
f 48/2/90 47/2/87 46/1/88
f 51/3/93 50/1/92 49/1/91
f 50/1/92 51/3/93 52/3/94
f 49/1/97 50/1/96 51/3/95
f 52/3/98 51/3/95 50/1/96
f 55/2/101 54/1/100 53/1/99
f 54/1/100 55/2/101 56/2/102
f 53/1/105 54/1/104 55/2/103
f 56/2/106 55/2/103 54/1/104
f 46/1/84 55/2/101 53/1/99
f 55/2/101 46/1/84 48/2/86
f 53/1/105 55/2/103 46/1/88
f 48/2/90 46/1/88 55/2/103
f 51/3/93 57/3/107 52/3/94
f 57/3/107 51/3/93 58/3/108
f 52/3/98 57/3/109 51/3/95
f 58/3/110 51/3/95 57/3/109
f 52/3/94 59/1/111 50/1/92
f 59/1/111 52/3/94 57/3/107
f 50/1/96 59/1/112 52/3/98
f 57/3/109 52/3/98 59/1/112
f 55/2/101 47/2/85 56/2/102
f 47/2/85 55/2/101 48/2/86
f 56/2/106 47/2/87 55/2/103
f 48/2/90 55/2/103 47/2/87
f 58/3/108 49/1/91 60/1/113
f 49/1/91 58/3/108 51/3/93
f 60/1/114 49/1/97 58/3/110
f 51/3/95 58/3/110 49/1/97
f 59/1/111 58/3/108 60/1/113
f 58/3/108 59/1/111 57/3/107
f 60/1/114 58/3/110 59/1/112
f 57/3/109 59/1/112 58/3/110
f 56/2/102 45/1/83 54/1/100
f 45/1/83 56/2/102 47/2/85
f 54/1/104 45/1/89 56/2/106
f 47/2/87 56/2/106 45/1/89
f 63/3/117 62/3/116 61/3/115
f 62/3/116 63/3/117 64/3/118
f 61/3/121 62/3/120 63/3/119
f 64/3/122 63/3/119 62/3/120
f 64/3/118 65/1/123 62/3/116
f 65/1/123 64/3/118 66/1/124
f 62/3/120 65/1/125 64/3/122
f 66/1/126 64/3/122 65/1/125
f 61/3/115 65/1/123 67/1/127
f 65/1/123 61/3/115 62/3/116
f 67/1/128 65/1/125 61/3/121
f 62/3/120 61/3/121 65/1/125
f 68/1/129 61/3/115 67/1/127
f 61/3/115 68/1/129 63/3/117
f 67/1/128 61/3/121 68/1/130
f 63/3/119 68/1/130 61/3/121
f 66/1/124 63/3/117 68/1/129
f 63/3/117 66/1/124 64/3/118
f 68/1/130 63/3/119 66/1/126
f 64/3/122 66/1/126 63/3/119
f 71/1/133 70/3/132 69/1/131
f 70/3/132 71/1/133 72/3/134
f 69/1/137 70/3/136 71/1/135
f 72/3/138 71/1/135 70/3/136
f 73/1/139 72/3/134 71/1/133
f 72/3/134 73/1/139 74/3/140
f 71/1/135 72/3/138 73/1/141
f 74/3/142 73/1/141 72/3/138
f 77/2/145 76/1/144 75/1/143
f 76/1/144 77/2/145 78/2/146
f 75/1/149 76/1/148 77/2/147
f 78/2/150 77/2/147 76/1/148
f 77/2/145 79/2/151 78/2/146
f 79/2/151 77/2/145 80/2/152
f 78/2/150 79/2/153 77/2/147
f 80/2/154 77/2/147 79/2/153
f 74/3/140 82/1/156 81/3/155
f 82/1/156 74/3/140 73/1/139
f 81/3/158 82/1/157 74/3/142
f 73/1/141 74/3/142 82/1/157
f 78/2/146 83/1/159 76/1/144
f 83/1/159 78/2/146 79/2/151
f 76/1/148 83/1/160 78/2/150
f 79/2/153 78/2/150 83/1/160
f 72/3/134 81/3/155 70/3/132
f 81/3/155 72/3/134 74/3/140
f 70/3/136 81/3/158 72/3/138
f 74/3/142 72/3/138 81/3/158
f 84/1/161 77/2/145 75/1/143
f 77/2/145 84/1/161 80/2/152
f 75/1/149 77/2/147 84/1/162
f 80/2/154 84/1/162 77/2/147
f 70/3/132 82/1/156 69/1/131
f 82/1/156 70/3/132 81/3/155
f 69/1/137 82/1/157 70/3/136
f 81/3/158 70/3/136 82/1/157
f 79/2/151 84/1/161 83/1/159
f 84/1/161 79/2/151 80/2/152
f 83/1/160 84/1/162 79/2/153
f 80/2/154 79/2/153 84/1/162
f 87/1/81 86/1/81 85/1/81
f 86/1/81 87/1/81 88/1/81
f 85/1/82 86/1/82 87/1/82
f 88/1/82 87/1/82 86/1/82
f 91/2/165 90/1/164 89/1/163
f 90/1/164 91/2/165 92/2/166
f 89/1/169 90/1/168 91/2/167
f 92/2/170 91/2/167 90/1/168
f 95/3/173 94/1/172 93/1/171
f 94/1/172 95/3/173 96/3/174
f 93/1/177 94/1/176 95/3/175
f 96/3/178 95/3/175 94/1/176
f 99/2/181 98/1/180 97/1/179
f 98/1/180 99/2/181 100/2/182
f 97/1/185 98/1/184 99/2/183
f 100/2/186 99/2/183 98/1/184
f 90/1/164 99/2/181 97/1/179
f 99/2/181 90/1/164 92/2/166
f 97/1/185 99/2/183 90/1/168
f 92/2/170 90/1/168 99/2/183
f 95/3/173 101/3/187 96/3/174
f 101/3/187 95/3/173 102/3/188
f 96/3/178 101/3/189 95/3/175
f 102/3/190 95/3/175 101/3/189
f 96/3/174 103/1/191 94/1/172
f 103/1/191 96/3/174 101/3/187
f 94/1/176 103/1/192 96/3/178
f 101/3/189 96/3/178 103/1/192
f 99/2/181 91/2/165 100/2/182
f 91/2/165 99/2/181 92/2/166
f 100/2/186 91/2/167 99/2/183
f 92/2/170 99/2/183 91/2/167
f 102/3/188 93/1/171 104/1/193
f 93/1/171 102/3/188 95/3/173
f 104/1/194 93/1/177 102/3/190
f 95/3/175 102/3/190 93/1/177
f 103/1/191 102/3/188 104/1/193
f 102/3/188 103/1/191 101/3/187
f 104/1/194 102/3/190 103/1/192
f 101/3/189 103/1/192 102/3/190
f 100/2/182 89/1/163 98/1/180
f 89/1/163 100/2/182 91/2/165
f 98/1/184 89/1/169 100/2/186
f 91/2/167 100/2/186 89/1/169
f 107/3/197 106/3/196 105/3/195
f 106/3/196 107/3/197 108/3/198
f 105/3/201 106/3/200 107/3/199
f 108/3/202 107/3/199 106/3/200
f 108/3/198 109/1/203 106/3/196
f 109/1/203 108/3/198 110/1/204
f 106/3/200 109/1/205 108/3/202
f 110/1/206 108/3/202 109/1/205
f 105/3/195 109/1/203 111/1/207
f 109/1/203 105/3/195 106/3/196
f 111/1/208 109/1/205 105/3/201
f 106/3/200 105/3/201 109/1/205
f 112/1/209 105/3/195 111/1/207
f 105/3/195 112/1/209 107/3/197
f 111/1/208 105/3/201 112/1/210
f 107/3/199 112/1/210 105/3/201
f 110/1/204 107/3/197 112/1/209
f 107/3/197 110/1/204 108/3/198
f 112/1/210 107/3/199 110/1/206
f 108/3/202 110/1/206 107/3/199
f 115/1/213 114/3/212 113/1/211
f 114/3/212 115/1/213 116/3/214
f 113/1/217 114/3/216 115/1/215
f 116/3/218 115/1/215 114/3/216
f 117/1/219 116/3/214 115/1/213
f 116/3/214 117/1/219 118/3/220
f 115/1/215 116/3/218 117/1/221
f 118/3/222 117/1/221 116/3/218
f 121/2/225 120/1/224 119/1/223
f 120/1/224 121/2/225 122/2/226
f 119/1/229 120/1/228 121/2/227
f 122/2/230 121/2/227 120/1/228
f 121/2/225 123/2/231 122/2/226
f 123/2/231 121/2/225 124/2/232
f 122/2/230 123/2/233 121/2/227
f 124/2/234 121/2/227 123/2/233
f 118/3/220 126/1/236 125/3/235
f 126/1/236 118/3/220 117/1/219
f 125/3/238 126/1/237 118/3/222
f 117/1/221 118/3/222 126/1/237
f 122/2/226 127/1/239 120/1/224
f 127/1/239 122/2/226 123/2/231
f 120/1/228 127/1/240 122/2/230
f 123/2/233 122/2/230 127/1/240
f 116/3/214 125/3/235 114/3/212
f 125/3/235 116/3/214 118/3/220
f 114/3/216 125/3/238 116/3/218
f 118/3/222 116/3/218 125/3/238
f 128/1/241 121/2/225 119/1/223
f 121/2/225 128/1/241 124/2/232
f 119/1/229 121/2/227 128/1/242
f 124/2/234 128/1/242 121/2/227
f 114/3/212 126/1/236 113/1/211
f 126/1/236 114/3/212 125/3/235
f 113/1/217 126/1/237 114/3/216
f 125/3/238 114/3/216 126/1/237
f 123/2/231 128/1/241 127/1/239
f 128/1/241 123/2/231 124/2/232
f 127/1/240 128/1/242 123/2/233
f 124/2/234 123/2/233 128/1/242
f 131/1/81 130/1/81 129/1/81
f 130/1/81 131/1/81 132/1/81
f 129/1/82 130/1/82 131/1/82
f 132/1/82 131/1/82 130/1/82
f 135/2/101 134/1/100 133/1/99
f 134/1/100 135/2/101 136/2/102
f 133/1/105 134/1/104 135/2/103
f 136/2/106 135/2/103 134/1/104
f 139/3/107 138/1/113 137/1/111
f 138/1/113 139/3/107 140/3/108
f 137/1/112 138/1/114 139/3/109
f 140/3/110 139/3/109 138/1/114
f 143/2/85 142/1/84 141/1/83
f 142/1/84 143/2/85 144/2/86
f 141/1/89 142/1/88 143/2/87
f 144/2/90 143/2/87 142/1/88
f 134/1/100 143/2/85 141/1/83
f 143/2/85 134/1/100 136/2/102
f 141/1/89 143/2/87 134/1/104
f 136/2/106 134/1/104 143/2/87
f 139/3/107 145/3/93 140/3/108
f 145/3/93 139/3/107 146/3/94
f 140/3/110 145/3/95 139/3/109
f 146/3/98 139/3/109 145/3/95
f 140/3/108 147/1/91 138/1/113
f 147/1/91 140/3/108 145/3/93
f 138/1/114 147/1/97 140/3/110
f 145/3/95 140/3/110 147/1/97
f 143/2/85 135/2/101 144/2/86
f 135/2/101 143/2/85 136/2/102
f 144/2/90 135/2/103 143/2/87
f 136/2/106 143/2/87 135/2/103
f 146/3/94 137/1/111 148/1/92
f 137/1/111 146/3/94 139/3/107
f 148/1/96 137/1/112 146/3/98
f 139/3/109 146/3/98 137/1/112
f 147/1/91 146/3/94 148/1/92
f 146/3/94 147/1/91 145/3/93
f 148/1/96 146/3/98 147/1/97
f 145/3/95 147/1/97 146/3/98
f 144/2/86 133/1/99 142/1/84
f 133/1/99 144/2/86 135/2/101
f 142/1/88 133/1/105 144/2/90
f 135/2/103 144/2/90 133/1/105
f 151/3/245 150/3/244 149/3/243
f 150/3/244 151/3/245 152/3/246
f 149/3/249 150/3/248 151/3/247
f 152/3/250 151/3/247 150/3/248
f 152/3/246 153/1/251 150/3/244
f 153/1/251 152/3/246 154/1/252
f 150/3/248 153/1/253 152/3/250
f 154/1/254 152/3/250 153/1/253
f 149/3/243 153/1/251 155/1/255
f 153/1/251 149/3/243 150/3/244
f 155/1/256 153/1/253 149/3/249
f 150/3/248 149/3/249 153/1/253
f 156/1/257 149/3/243 155/1/255
f 149/3/243 156/1/257 151/3/245
f 155/1/256 149/3/249 156/1/258
f 151/3/247 156/1/258 149/3/249
f 154/1/252 151/3/245 156/1/257
f 151/3/245 154/1/252 152/3/246
f 156/1/258 151/3/247 154/1/254
f 152/3/250 154/1/254 151/3/247
f 159/1/156 158/3/140 157/1/139
f 158/3/140 159/1/156 160/3/155
f 157/1/141 158/3/142 159/1/157
f 160/3/158 159/1/157 158/3/142
f 161/1/131 160/3/155 159/1/156
f 160/3/155 161/1/131 162/3/132
f 159/1/157 160/3/158 161/1/137
f 162/3/136 161/1/137 160/3/158
f 165/2/151 164/1/161 163/1/159
f 164/1/161 165/2/151 166/2/152
f 163/1/160 164/1/162 165/2/153
f 166/2/154 165/2/153 164/1/162
f 165/2/151 167/2/145 166/2/152
f 167/2/145 165/2/151 168/2/146
f 166/2/154 167/2/147 165/2/153
f 168/2/150 165/2/153 167/2/147
f 162/3/132 170/1/133 169/3/134
f 170/1/133 162/3/132 161/1/131
f 169/3/138 170/1/135 162/3/136
f 161/1/137 162/3/136 170/1/135
f 166/2/152 171/1/143 164/1/161
f 171/1/143 166/2/152 167/2/145
f 164/1/162 171/1/149 166/2/154
f 167/2/147 166/2/154 171/1/149
f 160/3/155 169/3/134 158/3/140
f 169/3/134 160/3/155 162/3/132
f 158/3/142 169/3/138 160/3/158
f 162/3/136 160/3/158 169/3/138
f 172/1/144 165/2/151 163/1/159
f 165/2/151 172/1/144 168/2/146
f 163/1/160 165/2/153 172/1/148
f 168/2/150 172/1/148 165/2/153
f 158/3/140 170/1/133 157/1/139
f 170/1/133 158/3/140 169/3/134
f 157/1/141 170/1/135 158/3/142
f 169/3/138 158/3/142 170/1/135
f 167/2/145 172/1/144 171/1/143
f 172/1/144 167/2/145 168/2/146
f 171/1/149 172/1/148 167/2/147
f 168/2/150 167/2/147 172/1/148
f 175/1/81 174/1/81 173/1/81
f 174/1/81 175/1/81 176/1/81
f 173/1/82 174/1/82 175/1/82
f 176/1/82 175/1/82 174/1/82
f 179/1/81 178/1/81 177/1/81
f 178/1/81 179/1/81 180/1/81
f 177/1/82 178/1/82 179/1/82
f 180/1/82 179/1/82 178/1/82
f 180/1/81 87/1/81 178/1/81
f 87/1/81 180/1/81 181/1/81
f 178/1/82 87/1/82 180/1/82
f 181/1/82 180/1/82 87/1/82
f 181/1/81 88/1/81 87/1/81
f 88/1/81 181/1/81 182/1/81
f 87/1/82 88/1/82 181/1/82
f 182/1/82 181/1/82 88/1/82
f 185/1/91 184/3/94 183/1/92
f 184/3/94 185/1/91 186/3/93
f 183/1/96 184/3/98 185/1/97
f 186/3/95 185/1/97 184/3/98
f 188/3/108 185/1/91 187/1/113
f 185/1/91 188/3/108 186/3/93
f 187/1/114 185/1/97 188/3/110
f 186/3/95 188/3/110 185/1/97
f 191/2/101 190/1/100 189/1/99
f 190/1/100 191/2/101 192/2/102
f 189/1/105 190/1/104 191/2/103
f 192/2/106 191/2/103 190/1/104
f 190/1/100 194/2/85 193/1/83
f 194/2/85 190/1/100 192/2/102
f 193/1/89 194/2/87 190/1/104
f 192/2/106 190/1/104 194/2/87
f 197/1/144 196/2/151 195/1/159
f 196/2/151 197/1/144 198/2/146
f 195/1/160 196/2/153 197/1/148
f 198/2/150 197/1/148 196/2/153
f 196/2/151 200/2/145 199/2/152
f 200/2/145 196/2/151 198/2/146
f 199/2/154 200/2/147 196/2/153
f 198/2/150 196/2/153 200/2/147
f 200/2/145 197/1/144 201/1/143
f 197/1/144 200/2/145 198/2/146
f 201/1/149 197/1/148 200/2/147
f 198/2/150 200/2/147 197/1/148
f 196/2/151 202/1/161 195/1/159
f 202/1/161 196/2/151 199/2/152
f 195/1/160 202/1/162 196/2/153
f 199/2/154 196/2/153 202/1/162
f 199/2/152 201/1/143 202/1/161
f 201/1/143 199/2/152 200/2/145
f 202/1/162 201/1/149 199/2/154
f 200/2/147 199/2/154 201/1/149
f 204/2/86 189/1/99 203/1/84
f 189/1/99 204/2/86 191/2/101
f 203/1/88 189/1/105 204/2/90
f 191/2/103 204/2/90 189/1/105
f 184/3/94 205/1/111 183/1/92
f 205/1/111 184/3/94 206/3/107
f 183/1/96 205/1/112 184/3/98
f 206/3/109 184/3/98 205/1/112
f 194/2/85 203/1/84 193/1/83
f 203/1/84 194/2/85 204/2/86
f 193/1/89 203/1/88 194/2/87
f 204/2/90 194/2/87 203/1/88
f 194/2/85 191/2/101 204/2/86
f 191/2/101 194/2/85 192/2/102
f 204/2/90 191/2/103 194/2/87
f 192/2/106 194/2/87 191/2/103
f 209/3/261 208/3/260 207/3/259
f 208/3/260 209/3/261 210/3/262
f 207/3/265 208/3/264 209/3/263
f 210/3/266 209/3/263 208/3/264
f 206/3/107 186/3/93 188/3/108
f 186/3/93 206/3/107 184/3/94
f 188/3/110 186/3/95 206/3/109
f 184/3/98 206/3/109 186/3/95
f 211/1/267 210/3/262 209/3/261
f 210/3/262 211/1/267 212/1/268
f 209/3/263 210/3/266 211/1/269
f 212/1/270 211/1/269 210/3/266
f 215/1/131 214/3/155 213/1/156
f 214/3/155 215/1/131 216/3/132
f 213/1/157 214/3/158 215/1/137
f 216/3/136 215/1/137 214/3/158
f 211/1/267 207/3/259 217/1/271
f 207/3/259 211/1/267 209/3/261
f 217/1/272 207/3/265 211/1/269
f 209/3/263 211/1/269 207/3/265
f 210/3/262 218/1/273 208/3/260
f 218/1/273 210/3/262 212/1/268
f 208/3/264 218/1/274 210/3/266
f 212/1/270 210/3/266 218/1/274
f 221/3/140 220/1/133 219/1/139
f 220/1/133 221/3/140 222/3/134
f 219/1/141 220/1/135 221/3/142
f 222/3/138 221/3/142 220/1/135
f 207/3/259 218/1/273 217/1/271
f 218/1/273 207/3/259 208/3/260
f 217/1/272 218/1/274 207/3/265
f 208/3/264 207/3/265 218/1/274
f 213/1/156 221/3/140 219/1/139
f 221/3/140 213/1/156 214/3/155
f 219/1/141 221/3/142 213/1/157
f 214/3/158 213/1/157 221/3/142
f 216/3/132 220/1/133 222/3/134
f 220/1/133 216/3/132 215/1/131
f 222/3/138 220/1/135 216/3/136
f 215/1/137 216/3/136 220/1/135
f 214/3/155 222/3/134 221/3/140
f 222/3/134 214/3/155 216/3/132
f 221/3/142 222/3/138 214/3/158
f 216/3/136 214/3/158 222/3/138
f 206/3/107 187/1/113 205/1/111
f 187/1/113 206/3/107 188/3/108
f 205/1/112 187/1/114 206/3/109
f 188/3/110 206/3/109 187/1/114
f 225/1/111 224/3/108 223/1/113
f 224/3/108 225/1/111 226/3/107
f 223/1/114 224/3/110 225/1/112
f 226/3/109 225/1/112 224/3/110
f 228/3/94 225/1/111 227/1/92
f 225/1/111 228/3/94 226/3/107
f 227/1/96 225/1/112 228/3/98
f 226/3/109 228/3/98 225/1/112
f 231/2/85 230/1/84 229/1/83
f 230/1/84 231/2/85 232/2/86
f 229/1/89 230/1/88 231/2/87
f 232/2/90 231/2/87 230/1/88
f 230/1/84 234/2/101 233/1/99
f 234/2/101 230/1/84 232/2/86
f 233/1/105 234/2/103 230/1/88
f 232/2/90 230/1/88 234/2/103
f 237/1/161 236/2/145 235/1/143
f 236/2/145 237/1/161 238/2/152
f 235/1/149 236/2/147 237/1/162
f 238/2/154 237/1/162 236/2/147
f 236/2/145 240/2/151 239/2/146
f 240/2/151 236/2/145 238/2/152
f 239/2/150 240/2/153 236/2/147
f 238/2/154 236/2/147 240/2/153
f 240/2/151 237/1/161 241/1/159
f 237/1/161 240/2/151 238/2/152
f 241/1/160 237/1/162 240/2/153
f 238/2/154 240/2/153 237/1/162
f 236/2/145 242/1/144 235/1/143
f 242/1/144 236/2/145 239/2/146
f 235/1/149 242/1/148 236/2/147
f 239/2/150 236/2/147 242/1/148
f 239/2/146 241/1/159 242/1/144
f 241/1/159 239/2/146 240/2/151
f 242/1/148 241/1/160 239/2/150
f 240/2/153 239/2/150 241/1/160
f 244/2/102 229/1/83 243/1/100
f 229/1/83 244/2/102 231/2/85
f 243/1/104 229/1/89 244/2/106
f 231/2/87 244/2/106 229/1/89
f 224/3/108 245/1/91 223/1/113
f 245/1/91 224/3/108 246/3/93
f 223/1/114 245/1/97 224/3/110
f 246/3/95 224/3/110 245/1/97
f 234/2/101 243/1/100 233/1/99
f 243/1/100 234/2/101 244/2/102
f 233/1/105 243/1/104 234/2/103
f 244/2/106 234/2/103 243/1/104
f 234/2/101 231/2/85 244/2/102
f 231/2/85 234/2/101 232/2/86
f 244/2/106 231/2/87 234/2/103
f 232/2/90 234/2/103 231/2/87
f 249/3/117 248/3/116 247/3/115
f 248/3/116 249/3/117 250/3/118
f 247/3/121 248/3/120 249/3/119
f 250/3/122 249/3/119 248/3/120
f 246/3/93 226/3/107 228/3/94
f 226/3/107 246/3/93 224/3/108
f 228/3/98 226/3/109 246/3/95
f 224/3/110 246/3/95 226/3/109
f 251/1/129 250/3/118 249/3/117
f 250/3/118 251/1/129 252/1/124
f 249/3/119 250/3/122 251/1/130
f 252/1/126 251/1/130 250/3/122
f 255/1/139 254/3/134 253/1/133
f 254/3/134 255/1/139 256/3/140
f 253/1/135 254/3/138 255/1/141
f 256/3/142 255/1/141 254/3/138
f 251/1/129 247/3/115 257/1/127
f 247/3/115 251/1/129 249/3/117
f 257/1/128 247/3/121 251/1/130
f 249/3/119 251/1/130 247/3/121
f 250/3/118 258/1/123 248/3/116
f 258/1/123 250/3/118 252/1/124
f 248/3/120 258/1/125 250/3/122
f 252/1/126 250/3/122 258/1/125
f 261/3/132 260/1/156 259/1/131
f 260/1/156 261/3/132 262/3/155
f 259/1/137 260/1/157 261/3/136
f 262/3/158 261/3/136 260/1/157
f 247/3/115 258/1/123 257/1/127
f 258/1/123 247/3/115 248/3/116
f 257/1/128 258/1/125 247/3/121
f 248/3/120 247/3/121 258/1/125
f 253/1/133 261/3/132 259/1/131
f 261/3/132 253/1/133 254/3/134
f 259/1/137 261/3/136 253/1/135
f 254/3/138 253/1/135 261/3/136
f 256/3/140 260/1/156 262/3/155
f 260/1/156 256/3/140 255/1/139
f 262/3/158 260/1/157 256/3/142
f 255/1/141 256/3/142 260/1/157
f 254/3/134 262/3/155 261/3/132
f 262/3/155 254/3/134 256/3/140
f 261/3/136 262/3/158 254/3/138
f 256/3/142 254/3/138 262/3/158
f 246/3/93 227/1/92 245/1/91
f 227/1/92 246/3/93 228/3/94
f 245/1/97 227/1/96 246/3/95
f 228/3/98 246/3/95 227/1/96
f 265/1/91 264/3/94 263/1/92
f 264/3/94 265/1/91 266/3/93
f 263/1/96 264/3/98 265/1/97
f 266/3/95 265/1/97 264/3/98
f 268/3/108 265/1/91 267/1/113
f 265/1/91 268/3/108 266/3/93
f 267/1/114 265/1/97 268/3/110
f 266/3/95 268/3/110 265/1/97
f 271/2/101 270/1/100 269/1/99
f 270/1/100 271/2/101 272/2/102
f 269/1/105 270/1/104 271/2/103
f 272/2/106 271/2/103 270/1/104
f 270/1/100 274/2/85 273/1/83
f 274/2/85 270/1/100 272/2/102
f 273/1/89 274/2/87 270/1/104
f 272/2/106 270/1/104 274/2/87
f 277/1/144 276/2/151 275/1/159
f 276/2/151 277/1/144 278/2/146
f 275/1/160 276/2/153 277/1/148
f 278/2/150 277/1/148 276/2/153
f 276/2/151 280/2/145 279/2/152
f 280/2/145 276/2/151 278/2/146
f 279/2/154 280/2/147 276/2/153
f 278/2/150 276/2/153 280/2/147
f 280/2/145 277/1/144 281/1/143
f 277/1/144 280/2/145 278/2/146
f 281/1/149 277/1/148 280/2/147
f 278/2/150 280/2/147 277/1/148
f 276/2/151 282/1/161 275/1/159
f 282/1/161 276/2/151 279/2/152
f 275/1/160 282/1/162 276/2/153
f 279/2/154 276/2/153 282/1/162
f 279/2/152 281/1/143 282/1/161
f 281/1/143 279/2/152 280/2/145
f 282/1/162 281/1/149 279/2/154
f 280/2/147 279/2/154 281/1/149
f 284/2/86 269/1/99 283/1/84
f 269/1/99 284/2/86 271/2/101
f 283/1/88 269/1/105 284/2/90
f 271/2/103 284/2/90 269/1/105
f 264/3/94 285/1/111 263/1/92
f 285/1/111 264/3/94 286/3/107
f 263/1/96 285/1/112 264/3/98
f 286/3/109 264/3/98 285/1/112
f 274/2/85 283/1/84 273/1/83
f 283/1/84 274/2/85 284/2/86
f 273/1/89 283/1/88 274/2/87
f 284/2/90 274/2/87 283/1/88
f 274/2/85 271/2/101 284/2/86
f 271/2/101 274/2/85 272/2/102
f 284/2/90 271/2/103 274/2/87
f 272/2/106 274/2/87 271/2/103
f 289/3/261 288/3/260 287/3/259
f 288/3/260 289/3/261 290/3/262
f 287/3/265 288/3/264 289/3/263
f 290/3/266 289/3/263 288/3/264
f 286/3/107 266/3/93 268/3/108
f 266/3/93 286/3/107 264/3/94
f 268/3/110 266/3/95 286/3/109
f 264/3/98 286/3/109 266/3/95
f 291/1/267 290/3/262 289/3/261
f 290/3/262 291/1/267 292/1/268
f 289/3/263 290/3/266 291/1/269
f 292/1/270 291/1/269 290/3/266
f 295/1/131 294/3/155 293/1/156
f 294/3/155 295/1/131 296/3/132
f 293/1/157 294/3/158 295/1/137
f 296/3/136 295/1/137 294/3/158
f 291/1/267 287/3/259 297/1/271
f 287/3/259 291/1/267 289/3/261
f 297/1/272 287/3/265 291/1/269
f 289/3/263 291/1/269 287/3/265
f 290/3/262 298/1/273 288/3/260
f 298/1/273 290/3/262 292/1/268
f 288/3/264 298/1/274 290/3/266
f 292/1/270 290/3/266 298/1/274
f 301/3/140 300/1/133 299/1/139
f 300/1/133 301/3/140 302/3/134
f 299/1/141 300/1/135 301/3/142
f 302/3/138 301/3/142 300/1/135
f 287/3/259 298/1/273 297/1/271
f 298/1/273 287/3/259 288/3/260
f 297/1/272 298/1/274 287/3/265
f 288/3/264 287/3/265 298/1/274
f 293/1/156 301/3/140 299/1/139
f 301/3/140 293/1/156 294/3/155
f 299/1/141 301/3/142 293/1/157
f 294/3/158 293/1/157 301/3/142
f 296/3/132 300/1/133 302/3/134
f 300/1/133 296/3/132 295/1/131
f 302/3/138 300/1/135 296/3/136
f 295/1/137 296/3/136 300/1/135
f 294/3/155 302/3/134 301/3/140
f 302/3/134 294/3/155 296/3/132
f 301/3/142 302/3/138 294/3/158
f 296/3/136 294/3/158 302/3/138
f 286/3/107 267/1/113 285/1/111
f 267/1/113 286/3/107 268/3/108
f 285/1/112 267/1/114 286/3/109
f 268/3/110 286/3/109 267/1/114
f 305/3/173 304/3/187 303/3/174
f 304/3/187 305/3/173 306/3/188
f 303/3/178 304/3/189 305/3/175
f 306/3/190 305/3/175 304/3/189
f 309/2/181 308/1/180 307/1/179
f 308/1/180 309/2/181 310/2/182
f 307/1/185 308/1/184 309/2/183
f 310/2/186 309/2/183 308/1/184
f 306/3/188 312/1/276 311/1/275
f 312/1/276 306/3/188 305/3/173
f 311/1/278 312/1/277 306/3/190
f 305/3/175 306/3/190 312/1/277
f 305/3/173 313/1/279 312/1/276
f 313/1/279 305/3/173 303/3/174
f 312/1/277 313/1/280 305/3/175
f 303/3/178 305/3/175 313/1/280
f 310/2/182 314/1/163 308/1/180
f 314/1/163 310/2/182 315/2/165
f 308/1/184 314/1/169 310/2/186
f 315/2/167 310/2/186 314/1/169
f 316/1/164 309/2/181 307/1/179
f 309/2/181 316/1/164 317/2/166
f 307/1/185 309/2/183 316/1/168
f 317/2/170 316/1/168 309/2/183
f 318/1/281 306/3/188 311/1/275
f 306/3/188 318/1/281 304/3/187
f 311/1/278 306/3/190 318/1/282
f 304/3/189 318/1/282 306/3/190
f 303/3/174 318/1/281 313/1/279
f 318/1/281 303/3/174 304/3/187
f 313/1/280 318/1/282 303/3/178
f 304/3/189 303/3/178 318/1/282
f 309/2/181 315/2/165 310/2/182
f 315/2/165 309/2/181 317/2/166
f 310/2/186 315/2/167 309/2/183
f 317/2/170 309/2/183 315/2/167
f 315/2/165 316/1/164 314/1/163
f 316/1/164 315/2/165 317/2/166
f 314/1/169 316/1/168 315/2/167
f 317/2/170 315/2/167 316/1/168
f 321/3/173 320/3/187 319/3/174
f 320/3/187 321/3/173 322/3/188
f 319/3/178 320/3/189 321/3/175
f 322/3/190 321/3/175 320/3/189
f 325/2/181 324/1/180 323/1/179
f 324/1/180 325/2/181 326/2/182
f 323/1/185 324/1/184 325/2/183
f 326/2/186 325/2/183 324/1/184
f 322/3/188 328/1/276 327/1/275
f 328/1/276 322/3/188 321/3/173
f 327/1/278 328/1/277 322/3/190
f 321/3/175 322/3/190 328/1/277
f 321/3/173 329/1/279 328/1/276
f 329/1/279 321/3/173 319/3/174
f 328/1/277 329/1/280 321/3/175
f 319/3/178 321/3/175 329/1/280
f 326/2/182 330/1/163 324/1/180
f 330/1/163 326/2/182 331/2/165
f 324/1/184 330/1/169 326/2/186
f 331/2/167 326/2/186 330/1/169
f 332/1/164 325/2/181 323/1/179
f 325/2/181 332/1/164 333/2/166
f 323/1/185 325/2/183 332/1/168
f 333/2/170 332/1/168 325/2/183
f 334/1/281 322/3/188 327/1/275
f 322/3/188 334/1/281 320/3/187
f 327/1/278 322/3/190 334/1/282
f 320/3/189 334/1/282 322/3/190
f 319/3/174 334/1/281 329/1/279
f 334/1/281 319/3/174 320/3/187
f 329/1/280 334/1/282 319/3/178
f 320/3/189 319/3/178 334/1/282
f 325/2/181 331/2/165 326/2/182
f 331/2/165 325/2/181 333/2/166
f 326/2/186 331/2/167 325/2/183
f 333/2/170 325/2/183 331/2/167
f 331/2/165 332/1/164 330/1/163
f 332/1/164 331/2/165 333/2/166
f 330/1/169 332/1/168 331/2/167
f 333/2/170 331/2/167 332/1/168
f 337/3/11 336/3/25 335/3/12
f 336/3/25 337/3/11 338/3/26
f 335/3/16 336/3/27 337/3/13
f 338/3/28 337/3/13 336/3/27
f 341/2/19 340/1/18 339/1/17
f 340/1/18 341/2/19 342/2/20
f 339/1/23 340/1/22 341/2/21
f 342/2/24 341/2/21 340/1/22
f 338/3/26 344/1/284 343/1/283
f 344/1/284 338/3/26 337/3/11
f 343/1/286 344/1/285 338/3/28
f 337/3/13 338/3/28 344/1/285
f 337/3/11 345/1/287 344/1/284
f 345/1/287 337/3/11 335/3/12
f 344/1/285 345/1/288 337/3/13
f 335/3/16 337/3/13 345/1/288
f 342/2/20 346/1/1 340/1/18
f 346/1/1 342/2/20 347/2/3
f 340/1/22 346/1/7 342/2/24
f 347/2/5 342/2/24 346/1/7
f 348/1/2 341/2/19 339/1/17
f 341/2/19 348/1/2 349/2/4
f 339/1/23 341/2/21 348/1/6
f 349/2/8 348/1/6 341/2/21
f 350/1/289 338/3/26 343/1/283
f 338/3/26 350/1/289 336/3/25
f 343/1/286 338/3/28 350/1/290
f 336/3/27 350/1/290 338/3/28
f 335/3/12 350/1/289 345/1/287
f 350/1/289 335/3/12 336/3/25
f 345/1/288 350/1/290 335/3/16
f 336/3/27 335/3/16 350/1/290
f 341/2/19 347/2/3 342/2/20
f 347/2/3 341/2/19 349/2/4
f 342/2/24 347/2/5 341/2/21
f 349/2/8 341/2/21 347/2/5
f 347/2/3 348/1/2 346/1/1
f 348/1/2 347/2/3 349/2/4
f 346/1/7 348/1/6 347/2/5
f 349/2/8 347/2/5 348/1/6
f 353/3/11 352/3/25 351/3/12
f 352/3/25 353/3/11 354/3/26
f 351/3/16 352/3/27 353/3/13
f 354/3/28 353/3/13 352/3/27
f 357/2/19 356/1/18 355/1/17
f 356/1/18 357/2/19 358/2/20
f 355/1/23 356/1/22 357/2/21
f 358/2/24 357/2/21 356/1/22
f 354/3/26 360/1/284 359/1/283
f 360/1/284 354/3/26 353/3/11
f 359/1/286 360/1/285 354/3/28
f 353/3/13 354/3/28 360/1/285
f 353/3/11 361/1/287 360/1/284
f 361/1/287 353/3/11 351/3/12
f 360/1/285 361/1/288 353/3/13
f 351/3/16 353/3/13 361/1/288
f 358/2/20 362/1/1 356/1/18
f 362/1/1 358/2/20 363/2/3
f 356/1/22 362/1/7 358/2/24
f 363/2/5 358/2/24 362/1/7
f 364/1/2 357/2/19 355/1/17
f 357/2/19 364/1/2 365/2/4
f 355/1/23 357/2/21 364/1/6
f 365/2/8 364/1/6 357/2/21
f 366/1/289 354/3/26 359/1/283
f 354/3/26 366/1/289 352/3/25
f 359/1/286 354/3/28 366/1/290
f 352/3/27 366/1/290 354/3/28
f 351/3/12 366/1/289 361/1/287
f 366/1/289 351/3/12 352/3/25
f 361/1/288 366/1/290 351/3/16
f 352/3/27 351/3/16 366/1/290
f 357/2/19 363/2/3 358/2/20
f 363/2/3 357/2/19 365/2/4
f 358/2/24 363/2/5 357/2/21
f 365/2/8 357/2/21 363/2/5
f 363/2/3 364/1/2 362/1/1
f 364/1/2 363/2/3 365/2/4
f 362/1/7 364/1/6 363/2/5
f 365/2/8 363/2/5 364/1/6
f 369/1/111 368/3/108 367/1/113
f 368/3/108 369/1/111 370/3/107
f 367/1/114 368/3/110 369/1/112
f 370/3/109 369/1/112 368/3/110
f 372/3/94 369/1/111 371/1/92
f 369/1/111 372/3/94 370/3/107
f 371/1/96 369/1/112 372/3/98
f 370/3/109 372/3/98 369/1/112
f 375/2/85 374/1/84 373/1/83
f 374/1/84 375/2/85 376/2/86
f 373/1/89 374/1/88 375/2/87
f 376/2/90 375/2/87 374/1/88
f 374/1/84 378/2/101 377/1/99
f 378/2/101 374/1/84 376/2/86
f 377/1/105 378/2/103 374/1/88
f 376/2/90 374/1/88 378/2/103
f 381/1/161 380/2/145 379/1/143
f 380/2/145 381/1/161 382/2/152
f 379/1/149 380/2/147 381/1/162
f 382/2/154 381/1/162 380/2/147
f 380/2/145 384/2/151 383/2/146
f 384/2/151 380/2/145 382/2/152
f 383/2/150 384/2/153 380/2/147
f 382/2/154 380/2/147 384/2/153
f 384/2/151 381/1/161 385/1/159
f 381/1/161 384/2/151 382/2/152
f 385/1/160 381/1/162 384/2/153
f 382/2/154 384/2/153 381/1/162
f 380/2/145 386/1/144 379/1/143
f 386/1/144 380/2/145 383/2/146
f 379/1/149 386/1/148 380/2/147
f 383/2/150 380/2/147 386/1/148
f 383/2/146 385/1/159 386/1/144
f 385/1/159 383/2/146 384/2/151
f 386/1/148 385/1/160 383/2/150
f 384/2/153 383/2/150 385/1/160
f 388/2/102 373/1/83 387/1/100
f 373/1/83 388/2/102 375/2/85
f 387/1/104 373/1/89 388/2/106
f 375/2/87 388/2/106 373/1/89
f 368/3/108 389/1/91 367/1/113
f 389/1/91 368/3/108 390/3/93
f 367/1/114 389/1/97 368/3/110
f 390/3/95 368/3/110 389/1/97
f 378/2/101 387/1/100 377/1/99
f 387/1/100 378/2/101 388/2/102
f 377/1/105 387/1/104 378/2/103
f 388/2/106 378/2/103 387/1/104
f 378/2/101 375/2/85 388/2/102
f 375/2/85 378/2/101 376/2/86
f 388/2/106 375/2/87 378/2/103
f 376/2/90 378/2/103 375/2/87
f 393/3/117 392/3/116 391/3/115
f 392/3/116 393/3/117 394/3/118
f 391/3/121 392/3/120 393/3/119
f 394/3/122 393/3/119 392/3/120
f 390/3/93 370/3/107 372/3/94
f 370/3/107 390/3/93 368/3/108
f 372/3/98 370/3/109 390/3/95
f 368/3/110 390/3/95 370/3/109
f 395/1/129 394/3/118 393/3/117
f 394/3/118 395/1/129 396/1/124
f 393/3/119 394/3/122 395/1/130
f 396/1/126 395/1/130 394/3/122
f 399/1/139 398/3/134 397/1/133
f 398/3/134 399/1/139 400/3/140
f 397/1/135 398/3/138 399/1/141
f 400/3/142 399/1/141 398/3/138
f 395/1/129 391/3/115 401/1/127
f 391/3/115 395/1/129 393/3/117
f 401/1/128 391/3/121 395/1/130
f 393/3/119 395/1/130 391/3/121
f 394/3/118 402/1/123 392/3/116
f 402/1/123 394/3/118 396/1/124
f 392/3/120 402/1/125 394/3/122
f 396/1/126 394/3/122 402/1/125
f 405/3/132 404/1/156 403/1/131
f 404/1/156 405/3/132 406/3/155
f 403/1/137 404/1/157 405/3/136
f 406/3/158 405/3/136 404/1/157
f 391/3/115 402/1/123 401/1/127
f 402/1/123 391/3/115 392/3/116
f 401/1/128 402/1/125 391/3/121
f 392/3/120 391/3/121 402/1/125
f 397/1/133 405/3/132 403/1/131
f 405/3/132 397/1/133 398/3/134
f 403/1/137 405/3/136 397/1/135
f 398/3/138 397/1/135 405/3/136
f 400/3/140 404/1/156 406/3/155
f 404/1/156 400/3/140 399/1/139
f 406/3/158 404/1/157 400/3/142
f 399/1/141 400/3/142 404/1/157
f 398/3/134 406/3/155 405/3/132
f 406/3/155 398/3/134 400/3/140
f 405/3/136 406/3/158 398/3/138
f 400/3/142 398/3/138 406/3/158
f 390/3/93 371/1/92 389/1/91
f 371/1/92 390/3/93 372/3/94
f 389/1/97 371/1/96 390/3/95
f 372/3/98 390/3/95 371/1/96
f 176/1/81 408/1/81 407/1/81
f 408/1/81 176/1/81 175/1/81
f 407/1/82 408/1/82 176/1/82
f 175/1/82 176/1/82 408/1/82
f 411/1/81 410/1/81 409/1/81
f 410/1/81 411/1/81 412/1/81
f 409/1/82 410/1/82 411/1/82
f 412/1/82 411/1/82 410/1/82
f 415/1/81 414/1/81 413/1/81
f 414/1/81 415/1/81 416/1/81
f 413/1/82 414/1/82 415/1/82
f 416/1/82 415/1/82 414/1/82
f 419/1/81 418/1/81 417/1/81
f 418/1/81 419/1/81 420/1/81
f 417/1/82 418/1/82 419/1/82
f 420/1/82 419/1/82 418/1/82
f 423/3/293 422/1/292 421/1/291
f 422/1/292 423/3/293 424/3/294
f 421/1/297 422/1/296 423/3/295
f 424/3/298 423/3/295 422/1/296
f 427/3/301 426/3/300 425/3/299
f 426/3/300 427/3/301 428/3/302
f 425/3/305 426/3/304 427/3/303
f 428/3/306 427/3/303 426/3/304
f 430/3/308 423/3/293 429/3/307
f 423/3/293 430/3/308 424/3/294
f 429/3/310 423/3/295 430/3/309
f 424/3/298 430/3/309 423/3/295
f 433/1/111 432/2/108 431/1/113
f 432/2/108 433/1/111 434/2/107
f 431/1/114 432/2/110 433/1/112
f 434/2/109 433/1/112 432/2/110
f 436/2/93 434/2/107 435/2/94
f 434/2/107 436/2/93 432/2/108
f 435/2/98 434/2/109 436/2/95
f 432/2/110 436/2/95 434/2/109
f 435/2/94 433/1/111 437/1/92
f 433/1/111 435/2/94 434/2/107
f 437/1/96 433/1/112 435/2/98
f 434/2/109 435/2/98 433/1/112
f 429/3/307 421/1/291 438/1/311
f 421/1/291 429/3/307 423/3/293
f 438/1/312 421/1/297 429/3/310
f 423/3/295 429/3/310 421/1/297
f 439/1/313 424/3/294 430/3/308
f 424/3/294 439/1/313 422/1/292
f 430/3/309 424/3/298 439/1/314
f 422/1/296 439/1/314 424/3/298
f 442/4/134 441/4/155 440/4/132
f 441/4/155 442/4/134 443/4/140
f 440/4/136 441/4/158 442/4/138
f 443/4/142 442/4/138 441/4/158
f 443/4/140 444/1/156 441/4/155
f 444/1/156 443/4/140 445/1/139
f 441/4/158 444/1/157 443/4/142
f 445/1/141 443/4/142 444/1/157
f 447/1/133 440/4/132 446/1/131
f 440/4/132 447/1/133 442/4/134
f 446/1/137 440/4/136 447/1/135
f 442/4/138 447/1/135 440/4/136
f 445/1/139 442/4/134 447/1/133
f 442/4/134 445/1/139 443/4/140
f 447/1/135 442/4/138 445/1/141
f 443/4/142 445/1/141 442/4/138
f 449/1/316 428/3/302 448/1/315
f 428/3/302 449/1/316 426/3/300
f 448/1/318 428/3/306 449/1/317
f 426/3/304 449/1/317 428/3/306
f 428/3/302 450/1/319 448/1/315
f 450/1/319 428/3/302 427/3/301
f 448/1/318 450/1/320 428/3/306
f 427/3/303 428/3/306 450/1/320
f 425/3/299 449/1/316 451/1/321
f 449/1/316 425/3/299 426/3/300
f 451/1/322 449/1/317 425/3/305
f 426/3/304 425/3/305 449/1/317
f 454/4/108 453/1/91 452/1/113
f 453/1/91 454/4/108 455/4/93
f 452/1/114 453/1/97 454/4/110
f 455/4/95 454/4/110 453/1/97
f 427/3/301 451/1/321 450/1/319
f 451/1/321 427/3/301 425/3/299
f 450/1/320 451/1/322 427/3/303
f 425/3/305 427/3/303 451/1/322
f 455/4/93 457/4/107 456/4/94
f 457/4/107 455/4/93 454/4/108
f 456/4/98 457/4/109 455/4/95
f 454/4/110 455/4/95 457/4/109
f 436/2/93 437/1/92 458/1/91
f 437/1/92 436/2/93 435/2/94
f 458/1/97 437/1/96 436/2/95
f 435/2/98 436/2/95 437/1/96
f 456/4/94 460/1/111 459/1/92
f 460/1/111 456/4/94 457/4/107
f 459/1/96 460/1/112 456/4/98
f 457/4/109 456/4/98 460/1/112
f 440/4/132 444/1/156 446/1/131
f 444/1/156 440/4/132 441/4/155
f 446/1/137 444/1/157 440/4/136
f 441/4/158 440/4/136 444/1/157
f 432/2/108 458/1/91 431/1/113
f 458/1/91 432/2/108 436/2/93
f 431/1/114 458/1/97 432/2/110
f 436/2/95 432/2/110 458/1/97
f 455/4/93 459/1/92 453/1/91
f 459/1/92 455/4/93 456/4/94
f 453/1/97 459/1/96 455/4/95
f 456/4/98 455/4/95 459/1/96
f 439/1/313 429/3/307 438/1/311
f 429/3/307 439/1/313 430/3/308
f 438/1/312 429/3/310 439/1/314
f 430/3/309 439/1/314 429/3/310
f 463/4/108 462/1/91 461/1/113
f 462/1/91 463/4/108 464/4/93
f 461/1/114 462/1/97 463/4/110
f 464/4/95 463/4/110 462/1/97
f 460/1/111 454/4/108 452/1/113
f 454/4/108 460/1/111 457/4/107
f 452/1/114 454/4/110 460/1/112
f 457/4/109 460/1/112 454/4/110
f 464/4/93 466/4/107 465/4/94
f 466/4/107 464/4/93 463/4/108
f 465/4/98 466/4/109 464/4/95
f 463/4/110 464/4/95 466/4/109
f 467/1/111 463/4/108 461/1/113
f 463/4/108 467/1/111 466/4/107
f 461/1/114 463/4/110 467/1/112
f 466/4/109 467/1/112 463/4/110
f 464/4/93 468/1/92 462/1/91
f 468/1/92 464/4/93 465/4/94
f 462/1/97 468/1/96 464/4/95
f 465/4/98 464/4/95 468/1/96
f 465/4/94 467/1/111 468/1/92
f 467/1/111 465/4/94 466/4/107
f 468/1/96 467/1/112 465/4/98
f 466/4/109 465/4/98 467/1/112
f 471/3/325 470/3/324 469/3/323
f 470/3/324 471/3/325 472/3/326
f 469/3/329 470/3/328 471/3/327
f 472/3/330 471/3/327 470/3/328
f 469/3/323 474/1/332 473/1/331
f 474/1/332 469/3/323 470/3/324
f 473/1/334 474/1/333 469/3/329
f 470/3/328 469/3/329 474/1/333
f 471/3/325 473/1/331 475/1/335
f 473/1/331 471/3/325 469/3/323
f 475/1/336 473/1/334 471/3/327
f 469/3/329 471/3/327 473/1/334
f 470/3/324 476/1/337 474/1/332
f 476/1/337 470/3/324 472/3/326
f 474/1/333 476/1/338 470/3/328
f 472/3/330 470/3/328 476/1/338
f 476/1/337 471/3/325 475/1/335
f 471/3/325 476/1/337 472/3/326
f 475/1/336 471/3/327 476/1/338
f 472/3/330 476/1/338 471/3/327
f 479/1/161 478/3/145 477/1/143
f 478/3/145 479/1/161 480/3/152
f 477/1/149 478/3/147 479/1/162
f 480/3/154 479/1/162 478/3/147
f 478/3/145 482/3/151 481/3/146
f 482/3/151 478/3/145 480/3/152
f 481/3/150 482/3/153 478/3/147
f 480/3/154 478/3/147 482/3/153
f 478/3/145 483/1/144 477/1/143
f 483/1/144 478/3/145 481/3/146
f 477/1/149 483/1/148 478/3/147
f 481/3/150 478/3/147 483/1/148
f 482/3/151 479/1/161 484/1/159
f 479/1/161 482/3/151 480/3/152
f 484/1/160 479/1/162 482/3/153
f 480/3/154 482/3/153 479/1/162
f 481/3/146 484/1/159 483/1/144
f 484/1/159 481/3/146 482/3/151
f 483/1/148 484/1/160 481/3/150
f 482/3/153 481/3/150 484/1/160
f 487/4/134 486/4/155 485/4/132
f 486/4/155 487/4/134 488/4/140
f 485/4/136 486/4/158 487/4/138
f 488/4/142 487/4/138 486/4/158
f 488/4/140 489/1/156 486/4/155
f 489/1/156 488/4/140 490/1/139
f 486/4/158 489/1/157 488/4/142
f 490/1/141 488/4/142 489/1/157
f 493/3/101 492/3/85 491/3/102
f 492/3/85 493/3/101 494/3/86
f 491/3/106 492/3/87 493/3/103
f 494/3/90 493/3/103 492/3/87
f 491/3/102 496/1/83 495/1/100
f 496/1/83 491/3/102 492/3/85
f 495/1/104 496/1/89 491/3/106
f 492/3/87 491/3/106 496/1/89
f 485/4/132 489/1/156 497/1/131
f 489/1/156 485/4/132 486/4/155
f 497/1/137 489/1/157 485/4/136
f 486/4/158 485/4/136 489/1/157
f 490/1/139 487/4/134 498/1/133
f 487/4/134 490/1/139 488/4/140
f 498/1/135 487/4/138 490/1/141
f 488/4/142 490/1/141 487/4/138
f 492/3/85 499/1/84 496/1/83
f 499/1/84 492/3/85 494/3/86
f 496/1/89 499/1/88 492/3/87
f 494/3/90 492/3/87 499/1/88
f 493/3/101 495/1/100 500/1/99
f 495/1/100 493/3/101 491/3/102
f 500/1/105 495/1/104 493/3/103
f 491/3/106 493/3/103 495/1/104
f 499/1/84 493/3/101 500/1/99
f 493/3/101 499/1/84 494/3/86
f 500/1/105 493/3/103 499/1/88
f 494/3/90 499/1/88 493/3/103
f 498/1/133 485/4/132 497/1/131
f 485/4/132 498/1/133 487/4/134
f 497/1/137 485/4/136 498/1/135
f 487/4/138 498/1/135 485/4/136
f 175/1/81 409/1/81 408/1/81
f 409/1/81 175/1/81 411/1/81
f 408/1/82 409/1/82 175/1/82
f 411/1/82 175/1/82 409/1/82
f 173/1/81 411/1/81 175/1/81
f 411/1/81 173/1/81 501/1/81
f 175/1/82 411/1/82 173/1/82
f 501/1/82 173/1/82 411/1/82
f 504/6/293 503/5/292 502/5/291
f 503/5/292 504/6/293 505/6/294
f 502/5/297 503/5/296 504/6/295
f 505/6/298 504/6/295 503/5/296
f 508/6/301 507/6/300 506/6/299
f 507/6/300 508/6/301 509/6/302
f 506/6/305 507/6/304 508/6/303
f 509/6/306 508/6/303 507/6/304
f 511/6/308 504/6/293 510/6/307
f 504/6/293 511/6/308 505/6/294
f 510/6/310 504/6/295 511/6/309
f 505/6/298 511/6/309 504/6/295
f 514/5/111 513/7/108 512/5/113
f 513/7/108 514/5/111 515/7/107
f 512/5/114 513/7/110 514/5/112
f 515/7/109 514/5/112 513/7/110
f 517/7/93 515/7/107 516/7/94
f 515/7/107 517/7/93 513/7/108
f 516/7/98 515/7/109 517/7/95
f 513/7/110 517/7/95 515/7/109
f 516/7/94 514/5/111 518/5/92
f 514/5/111 516/7/94 515/7/107
f 518/5/96 514/5/112 516/7/98
f 515/7/109 516/7/98 514/5/112
f 510/6/307 502/5/291 519/5/311
f 502/5/291 510/6/307 504/6/293
f 519/5/312 502/5/297 510/6/310
f 504/6/295 510/6/310 502/5/297
f 520/5/313 505/6/294 511/6/308
f 505/6/294 520/5/313 503/5/292
f 511/6/309 505/6/298 520/5/314
f 503/5/296 520/5/314 505/6/298
f 523/8/134 522/8/155 521/8/132
f 522/8/155 523/8/134 524/8/140
f 521/8/136 522/8/158 523/8/138
f 524/8/142 523/8/138 522/8/158
f 524/8/140 525/5/156 522/8/155
f 525/5/156 524/8/140 526/5/139
f 522/8/158 525/5/157 524/8/142
f 526/5/141 524/8/142 525/5/157
f 528/5/133 521/8/132 527/5/131
f 521/8/132 528/5/133 523/8/134
f 527/5/137 521/8/136 528/5/135
f 523/8/138 528/5/135 521/8/136
f 526/5/139 523/8/134 528/5/133
f 523/8/134 526/5/139 524/8/140
f 528/5/135 523/8/138 526/5/141
f 524/8/142 526/5/141 523/8/138
f 530/5/316 509/6/302 529/5/315
f 509/6/302 530/5/316 507/6/300
f 529/5/318 509/6/306 530/5/317
f 507/6/304 530/5/317 509/6/306
f 509/6/302 531/5/319 529/5/315
f 531/5/319 509/6/302 508/6/301
f 529/5/318 531/5/320 509/6/306
f 508/6/303 509/6/306 531/5/320
f 506/6/299 530/5/316 532/5/321
f 530/5/316 506/6/299 507/6/300
f 532/5/322 530/5/317 506/6/305
f 507/6/304 506/6/305 530/5/317
f 535/8/108 534/5/91 533/5/113
f 534/5/91 535/8/108 536/8/93
f 533/5/114 534/5/97 535/8/110
f 536/8/95 535/8/110 534/5/97
f 508/6/301 532/5/321 531/5/319
f 532/5/321 508/6/301 506/6/299
f 531/5/320 532/5/322 508/6/303
f 506/6/305 508/6/303 532/5/322
f 536/8/93 538/8/107 537/8/94
f 538/8/107 536/8/93 535/8/108
f 537/8/98 538/8/109 536/8/95
f 535/8/110 536/8/95 538/8/109
f 517/7/93 518/5/92 539/5/91
f 518/5/92 517/7/93 516/7/94
f 539/5/97 518/5/96 517/7/95
f 516/7/98 517/7/95 518/5/96
f 537/8/94 541/5/111 540/5/92
f 541/5/111 537/8/94 538/8/107
f 540/5/96 541/5/112 537/8/98
f 538/8/109 537/8/98 541/5/112
f 521/8/132 525/5/156 527/5/131
f 525/5/156 521/8/132 522/8/155
f 527/5/137 525/5/157 521/8/136
f 522/8/158 521/8/136 525/5/157
f 513/7/108 539/5/91 512/5/113
f 539/5/91 513/7/108 517/7/93
f 512/5/114 539/5/97 513/7/110
f 517/7/95 513/7/110 539/5/97
f 536/8/93 540/5/92 534/5/91
f 540/5/92 536/8/93 537/8/94
f 534/5/97 540/5/96 536/8/95
f 537/8/98 536/8/95 540/5/96
f 520/5/313 510/6/307 519/5/311
f 510/6/307 520/5/313 511/6/308
f 519/5/312 510/6/310 520/5/314
f 511/6/309 520/5/314 510/6/310
f 544/8/108 543/5/91 542/5/113
f 543/5/91 544/8/108 545/8/93
f 542/5/114 543/5/97 544/8/110
f 545/8/95 544/8/110 543/5/97
f 541/5/111 535/8/108 533/5/113
f 535/8/108 541/5/111 538/8/107
f 533/5/114 535/8/110 541/5/112
f 538/8/109 541/5/112 535/8/110
f 545/8/93 547/8/107 546/8/94
f 547/8/107 545/8/93 544/8/108
f 546/8/98 547/8/109 545/8/95
f 544/8/110 545/8/95 547/8/109
f 548/5/111 544/8/108 542/5/113
f 544/8/108 548/5/111 547/8/107
f 542/5/114 544/8/110 548/5/112
f 547/8/109 548/5/112 544/8/110
f 545/8/93 549/5/92 543/5/91
f 549/5/92 545/8/93 546/8/94
f 543/5/97 549/5/96 545/8/95
f 546/8/98 545/8/95 549/5/96
f 546/8/94 548/5/111 549/5/92
f 548/5/111 546/8/94 547/8/107
f 549/5/96 548/5/112 546/8/98
f 547/8/109 546/8/98 548/5/112
f 552/6/325 551/6/324 550/6/323
f 551/6/324 552/6/325 553/6/326
f 550/6/329 551/6/328 552/6/327
f 553/6/330 552/6/327 551/6/328
f 550/6/323 555/5/332 554/5/331
f 555/5/332 550/6/323 551/6/324
f 554/5/334 555/5/333 550/6/329
f 551/6/328 550/6/329 555/5/333
f 552/6/325 554/5/331 556/5/335
f 554/5/331 552/6/325 550/6/323
f 556/5/336 554/5/334 552/6/327
f 550/6/329 552/6/327 554/5/334
f 551/6/324 557/5/337 555/5/332
f 557/5/337 551/6/324 553/6/326
f 555/5/333 557/5/338 551/6/328
f 553/6/330 551/6/328 557/5/338
f 557/5/337 552/6/325 556/5/335
f 552/6/325 557/5/337 553/6/326
f 556/5/336 552/6/327 557/5/338
f 553/6/330 557/5/338 552/6/327
f 560/5/161 559/6/145 558/5/143
f 559/6/145 560/5/161 561/6/152
f 558/5/149 559/6/147 560/5/162
f 561/6/154 560/5/162 559/6/147
f 559/6/145 563/6/151 562/6/146
f 563/6/151 559/6/145 561/6/152
f 562/6/150 563/6/153 559/6/147
f 561/6/154 559/6/147 563/6/153
f 559/6/145 564/5/144 558/5/143
f 564/5/144 559/6/145 562/6/146
f 558/5/149 564/5/148 559/6/147
f 562/6/150 559/6/147 564/5/148
f 563/6/151 560/5/161 565/5/159
f 560/5/161 563/6/151 561/6/152
f 565/5/160 560/5/162 563/6/153
f 561/6/154 563/6/153 560/5/162
f 562/6/146 565/5/159 564/5/144
f 565/5/159 562/6/146 563/6/151
f 564/5/148 565/5/160 562/6/150
f 563/6/153 562/6/150 565/5/160
f 568/8/134 567/8/155 566/8/132
f 567/8/155 568/8/134 569/8/140
f 566/8/136 567/8/158 568/8/138
f 569/8/142 568/8/138 567/8/158
f 569/8/140 570/5/156 567/8/155
f 570/5/156 569/8/140 571/5/139
f 567/8/158 570/5/157 569/8/142
f 571/5/141 569/8/142 570/5/157
f 574/6/101 573/6/85 572/6/102
f 573/6/85 574/6/101 575/6/86
f 572/6/106 573/6/87 574/6/103
f 575/6/90 574/6/103 573/6/87
f 572/6/102 577/5/83 576/5/100
f 577/5/83 572/6/102 573/6/85
f 576/5/104 577/5/89 572/6/106
f 573/6/87 572/6/106 577/5/89
f 566/8/132 570/5/156 578/5/131
f 570/5/156 566/8/132 567/8/155
f 578/5/137 570/5/157 566/8/136
f 567/8/158 566/8/136 570/5/157
f 571/5/139 568/8/134 579/5/133
f 568/8/134 571/5/139 569/8/140
f 579/5/135 568/8/138 571/5/141
f 569/8/142 571/5/141 568/8/138
f 573/6/85 580/5/84 577/5/83
f 580/5/84 573/6/85 575/6/86
f 577/5/89 580/5/88 573/6/87
f 575/6/90 573/6/87 580/5/88
f 574/6/101 576/5/100 581/5/99
f 576/5/100 574/6/101 572/6/102
f 581/5/105 576/5/104 574/6/103
f 572/6/106 574/6/103 576/5/104
f 580/5/84 574/6/101 581/5/99
f 574/6/101 580/5/84 575/6/86
f 581/5/105 574/6/103 580/5/88
f 575/6/90 580/5/88 574/6/103
f 579/5/133 566/8/132 578/5/131
f 566/8/132 579/5/133 568/8/134
f 578/5/137 566/8/136 579/5/135
f 568/8/138 579/5/135 566/8/136
f 178/1/81 85/1/81 132/1/81
f 85/1/81 178/1/81 87/1/81
f 132/1/82 85/1/82 178/1/82
f 87/1/82 178/1/82 85/1/82
f 584/6/293 583/5/292 582/5/291
f 583/5/292 584/6/293 585/6/294
f 582/5/297 583/5/296 584/6/295
f 585/6/298 584/6/295 583/5/296
f 588/6/301 587/6/300 586/6/299
f 587/6/300 588/6/301 589/6/302
f 586/6/305 587/6/304 588/6/303
f 589/6/306 588/6/303 587/6/304
f 591/6/308 584/6/293 590/6/307
f 584/6/293 591/6/308 585/6/294
f 590/6/310 584/6/295 591/6/309
f 585/6/298 591/6/309 584/6/295
f 594/5/111 593/7/108 592/5/113
f 593/7/108 594/5/111 595/7/107
f 592/5/114 593/7/110 594/5/112
f 595/7/109 594/5/112 593/7/110
f 597/7/93 595/7/107 596/7/94
f 595/7/107 597/7/93 593/7/108
f 596/7/98 595/7/109 597/7/95
f 593/7/110 597/7/95 595/7/109
f 596/7/94 594/5/111 598/5/92
f 594/5/111 596/7/94 595/7/107
f 598/5/96 594/5/112 596/7/98
f 595/7/109 596/7/98 594/5/112
f 590/6/307 582/5/291 599/5/311
f 582/5/291 590/6/307 584/6/293
f 599/5/312 582/5/297 590/6/310
f 584/6/295 590/6/310 582/5/297
f 600/5/313 585/6/294 591/6/308
f 585/6/294 600/5/313 583/5/292
f 591/6/309 585/6/298 600/5/314
f 583/5/296 600/5/314 585/6/298
f 603/8/134 602/8/155 601/8/132
f 602/8/155 603/8/134 604/8/140
f 601/8/136 602/8/158 603/8/138
f 604/8/142 603/8/138 602/8/158
f 604/8/140 605/5/156 602/8/155
f 605/5/156 604/8/140 606/5/139
f 602/8/158 605/5/157 604/8/142
f 606/5/141 604/8/142 605/5/157
f 608/5/133 601/8/132 607/5/131
f 601/8/132 608/5/133 603/8/134
f 607/5/137 601/8/136 608/5/135
f 603/8/138 608/5/135 601/8/136
f 606/5/139 603/8/134 608/5/133
f 603/8/134 606/5/139 604/8/140
f 608/5/135 603/8/138 606/5/141
f 604/8/142 606/5/141 603/8/138
f 610/5/316 589/6/302 609/5/315
f 589/6/302 610/5/316 587/6/300
f 609/5/318 589/6/306 610/5/317
f 587/6/304 610/5/317 589/6/306
f 589/6/302 611/5/319 609/5/315
f 611/5/319 589/6/302 588/6/301
f 609/5/318 611/5/320 589/6/306
f 588/6/303 589/6/306 611/5/320
f 586/6/299 610/5/316 612/5/321
f 610/5/316 586/6/299 587/6/300
f 612/5/322 610/5/317 586/6/305
f 587/6/304 586/6/305 610/5/317
f 615/8/108 614/5/91 613/5/113
f 614/5/91 615/8/108 616/8/93
f 613/5/114 614/5/97 615/8/110
f 616/8/95 615/8/110 614/5/97
f 588/6/301 612/5/321 611/5/319
f 612/5/321 588/6/301 586/6/299
f 611/5/320 612/5/322 588/6/303
f 586/6/305 588/6/303 612/5/322
f 616/8/93 618/8/107 617/8/94
f 618/8/107 616/8/93 615/8/108
f 617/8/98 618/8/109 616/8/95
f 615/8/110 616/8/95 618/8/109
f 597/7/93 598/5/92 619/5/91
f 598/5/92 597/7/93 596/7/94
f 619/5/97 598/5/96 597/7/95
f 596/7/98 597/7/95 598/5/96
f 617/8/94 621/5/111 620/5/92
f 621/5/111 617/8/94 618/8/107
f 620/5/96 621/5/112 617/8/98
f 618/8/109 617/8/98 621/5/112
f 601/8/132 605/5/156 607/5/131
f 605/5/156 601/8/132 602/8/155
f 607/5/137 605/5/157 601/8/136
f 602/8/158 601/8/136 605/5/157
f 593/7/108 619/5/91 592/5/113
f 619/5/91 593/7/108 597/7/93
f 592/5/114 619/5/97 593/7/110
f 597/7/95 593/7/110 619/5/97
f 616/8/93 620/5/92 614/5/91
f 620/5/92 616/8/93 617/8/94
f 614/5/97 620/5/96 616/8/95
f 617/8/98 616/8/95 620/5/96
f 600/5/313 590/6/307 599/5/311
f 590/6/307 600/5/313 591/6/308
f 599/5/312 590/6/310 600/5/314
f 591/6/309 600/5/314 590/6/310
f 624/8/108 623/5/91 622/5/113
f 623/5/91 624/8/108 625/8/93
f 622/5/114 623/5/97 624/8/110
f 625/8/95 624/8/110 623/5/97
f 621/5/111 615/8/108 613/5/113
f 615/8/108 621/5/111 618/8/107
f 613/5/114 615/8/110 621/5/112
f 618/8/109 621/5/112 615/8/110
f 625/8/93 627/8/107 626/8/94
f 627/8/107 625/8/93 624/8/108
f 626/8/98 627/8/109 625/8/95
f 624/8/110 625/8/95 627/8/109
f 628/5/111 624/8/108 622/5/113
f 624/8/108 628/5/111 627/8/107
f 622/5/114 624/8/110 628/5/112
f 627/8/109 628/5/112 624/8/110
f 625/8/93 629/5/92 623/5/91
f 629/5/92 625/8/93 626/8/94
f 623/5/97 629/5/96 625/8/95
f 626/8/98 625/8/95 629/5/96
f 626/8/94 628/5/111 629/5/92
f 628/5/111 626/8/94 627/8/107
f 629/5/96 628/5/112 626/8/98
f 627/8/109 626/8/98 628/5/112
f 632/6/325 631/6/324 630/6/323
f 631/6/324 632/6/325 633/6/326
f 630/6/329 631/6/328 632/6/327
f 633/6/330 632/6/327 631/6/328
f 630/6/323 635/5/332 634/5/331
f 635/5/332 630/6/323 631/6/324
f 634/5/334 635/5/333 630/6/329
f 631/6/328 630/6/329 635/5/333
f 632/6/325 634/5/331 636/5/335
f 634/5/331 632/6/325 630/6/323
f 636/5/336 634/5/334 632/6/327
f 630/6/329 632/6/327 634/5/334
f 631/6/324 637/5/337 635/5/332
f 637/5/337 631/6/324 633/6/326
f 635/5/333 637/5/338 631/6/328
f 633/6/330 631/6/328 637/5/338
f 637/5/337 632/6/325 636/5/335
f 632/6/325 637/5/337 633/6/326
f 636/5/336 632/6/327 637/5/338
f 633/6/330 637/5/338 632/6/327
f 640/5/161 639/6/145 638/5/143
f 639/6/145 640/5/161 641/6/152
f 638/5/149 639/6/147 640/5/162
f 641/6/154 640/5/162 639/6/147
f 639/6/145 643/6/151 642/6/146
f 643/6/151 639/6/145 641/6/152
f 642/6/150 643/6/153 639/6/147
f 641/6/154 639/6/147 643/6/153
f 639/6/145 644/5/144 638/5/143
f 644/5/144 639/6/145 642/6/146
f 638/5/149 644/5/148 639/6/147
f 642/6/150 639/6/147 644/5/148
f 643/6/151 640/5/161 645/5/159
f 640/5/161 643/6/151 641/6/152
f 645/5/160 640/5/162 643/6/153
f 641/6/154 643/6/153 640/5/162
f 642/6/146 645/5/159 644/5/144
f 645/5/159 642/6/146 643/6/151
f 644/5/148 645/5/160 642/6/150
f 643/6/153 642/6/150 645/5/160
f 648/8/134 647/8/155 646/8/132
f 647/8/155 648/8/134 649/8/140
f 646/8/136 647/8/158 648/8/138
f 649/8/142 648/8/138 647/8/158
f 649/8/140 650/5/156 647/8/155
f 650/5/156 649/8/140 651/5/139
f 647/8/158 650/5/157 649/8/142
f 651/5/141 649/8/142 650/5/157
f 654/6/101 653/6/85 652/6/102
f 653/6/85 654/6/101 655/6/86
f 652/6/106 653/6/87 654/6/103
f 655/6/90 654/6/103 653/6/87
f 652/6/102 657/5/83 656/5/100
f 657/5/83 652/6/102 653/6/85
f 656/5/104 657/5/89 652/6/106
f 653/6/87 652/6/106 657/5/89
f 646/8/132 650/5/156 658/5/131
f 650/5/156 646/8/132 647/8/155
f 658/5/137 650/5/157 646/8/136
f 647/8/158 646/8/136 650/5/157
f 651/5/139 648/8/134 659/5/133
f 648/8/134 651/5/139 649/8/140
f 659/5/135 648/8/138 651/5/141
f 649/8/142 651/5/141 648/8/138
f 653/6/85 660/5/84 657/5/83
f 660/5/84 653/6/85 655/6/86
f 657/5/89 660/5/88 653/6/87
f 655/6/90 653/6/87 660/5/88
f 654/6/101 656/5/100 661/5/99
f 656/5/100 654/6/101 652/6/102
f 661/5/105 656/5/104 654/6/103
f 652/6/106 654/6/103 656/5/104
f 660/5/84 654/6/101 661/5/99
f 654/6/101 660/5/84 655/6/86
f 661/5/105 654/6/103 660/5/88
f 655/6/90 660/5/88 654/6/103
f 659/5/133 646/8/132 658/5/131
f 646/8/132 659/5/133 648/8/134
f 658/5/137 646/8/136 659/5/135
f 648/8/138 659/5/135 646/8/136
f 664/1/91 663/3/94 662/1/92
f 663/3/94 664/1/91 665/3/93
f 662/1/96 663/3/98 664/1/97
f 665/3/95 664/1/97 663/3/98
f 667/3/108 664/1/91 666/1/113
f 664/1/91 667/3/108 665/3/93
f 666/1/114 664/1/97 667/3/110
f 665/3/95 667/3/110 664/1/97
f 670/2/101 669/1/100 668/1/99
f 669/1/100 670/2/101 671/2/102
f 668/1/105 669/1/104 670/2/103
f 671/2/106 670/2/103 669/1/104
f 669/1/100 673/2/85 672/1/83
f 673/2/85 669/1/100 671/2/102
f 672/1/89 673/2/87 669/1/104
f 671/2/106 669/1/104 673/2/87
f 676/1/144 675/2/151 674/1/159
f 675/2/151 676/1/144 677/2/146
f 674/1/160 675/2/153 676/1/148
f 677/2/150 676/1/148 675/2/153
f 675/2/151 679/2/145 678/2/152
f 679/2/145 675/2/151 677/2/146
f 678/2/154 679/2/147 675/2/153
f 677/2/150 675/2/153 679/2/147
f 679/2/145 676/1/144 680/1/143
f 676/1/144 679/2/145 677/2/146
f 680/1/149 676/1/148 679/2/147
f 677/2/150 679/2/147 676/1/148
f 675/2/151 681/1/161 674/1/159
f 681/1/161 675/2/151 678/2/152
f 674/1/160 681/1/162 675/2/153
f 678/2/154 675/2/153 681/1/162
f 678/2/152 680/1/143 681/1/161
f 680/1/143 678/2/152 679/2/145
f 681/1/162 680/1/149 678/2/154
f 679/2/147 678/2/154 680/1/149
f 683/2/86 668/1/99 682/1/84
f 668/1/99 683/2/86 670/2/101
f 682/1/88 668/1/105 683/2/90
f 670/2/103 683/2/90 668/1/105
f 663/3/94 684/1/111 662/1/92
f 684/1/111 663/3/94 685/3/107
f 662/1/96 684/1/112 663/3/98
f 685/3/109 663/3/98 684/1/112
f 673/2/85 682/1/84 672/1/83
f 682/1/84 673/2/85 683/2/86
f 672/1/89 682/1/88 673/2/87
f 683/2/90 673/2/87 682/1/88
f 673/2/85 670/2/101 683/2/86
f 670/2/101 673/2/85 671/2/102
f 683/2/90 670/2/103 673/2/87
f 671/2/106 673/2/87 670/2/103
f 688/3/341 687/3/340 686/3/339
f 687/3/340 688/3/341 689/3/342
f 686/3/345 687/3/344 688/3/343
f 689/3/346 688/3/343 687/3/344
f 685/3/107 665/3/93 667/3/108
f 665/3/93 685/3/107 663/3/94
f 667/3/110 665/3/95 685/3/109
f 663/3/98 685/3/109 665/3/95
f 690/1/347 689/3/342 688/3/341
f 689/3/342 690/1/347 691/1/348
f 688/3/343 689/3/346 690/1/349
f 691/1/350 690/1/349 689/3/346
f 694/1/131 693/3/155 692/1/156
f 693/3/155 694/1/131 695/3/132
f 692/1/157 693/3/158 694/1/137
f 695/3/136 694/1/137 693/3/158
f 690/1/347 686/3/339 696/1/351
f 686/3/339 690/1/347 688/3/341
f 696/1/352 686/3/345 690/1/349
f 688/3/343 690/1/349 686/3/345
f 689/3/342 697/1/353 687/3/340
f 697/1/353 689/3/342 691/1/348
f 687/3/344 697/1/354 689/3/346
f 691/1/350 689/3/346 697/1/354
f 700/3/140 699/1/133 698/1/139
f 699/1/133 700/3/140 701/3/134
f 698/1/141 699/1/135 700/3/142
f 701/3/138 700/3/142 699/1/135
f 686/3/339 697/1/353 696/1/351
f 697/1/353 686/3/339 687/3/340
f 696/1/352 697/1/354 686/3/345
f 687/3/344 686/3/345 697/1/354
f 692/1/156 700/3/140 698/1/139
f 700/3/140 692/1/156 693/3/155
f 698/1/141 700/3/142 692/1/157
f 693/3/158 692/1/157 700/3/142
f 695/3/132 699/1/133 701/3/134
f 699/1/133 695/3/132 694/1/131
f 701/3/138 699/1/135 695/3/136
f 694/1/137 695/3/136 699/1/135
f 693/3/155 701/3/134 700/3/140
f 701/3/134 693/3/155 695/3/132
f 700/3/142 701/3/138 693/3/158
f 695/3/136 693/3/158 701/3/138
f 685/3/107 666/1/113 684/1/111
f 666/1/113 685/3/107 667/3/108
f 684/1/112 666/1/114 685/3/109
f 667/3/110 685/3/109 666/1/114
f 704/1/111 703/3/108 702/1/113
f 703/3/108 704/1/111 705/3/107
f 702/1/114 703/3/110 704/1/112
f 705/3/109 704/1/112 703/3/110
f 707/3/94 704/1/111 706/1/92
f 704/1/111 707/3/94 705/3/107
f 706/1/96 704/1/112 707/3/98
f 705/3/109 707/3/98 704/1/112
f 710/2/85 709/1/84 708/1/83
f 709/1/84 710/2/85 711/2/86
f 708/1/89 709/1/88 710/2/87
f 711/2/90 710/2/87 709/1/88
f 709/1/84 713/2/101 712/1/99
f 713/2/101 709/1/84 711/2/86
f 712/1/105 713/2/103 709/1/88
f 711/2/90 709/1/88 713/2/103
f 716/1/161 715/2/145 714/1/143
f 715/2/145 716/1/161 717/2/152
f 714/1/149 715/2/147 716/1/162
f 717/2/154 716/1/162 715/2/147
f 715/2/145 719/2/151 718/2/146
f 719/2/151 715/2/145 717/2/152
f 718/2/150 719/2/153 715/2/147
f 717/2/154 715/2/147 719/2/153
f 719/2/151 716/1/161 720/1/159
f 716/1/161 719/2/151 717/2/152
f 720/1/160 716/1/162 719/2/153
f 717/2/154 719/2/153 716/1/162
f 715/2/145 721/1/144 714/1/143
f 721/1/144 715/2/145 718/2/146
f 714/1/149 721/1/148 715/2/147
f 718/2/150 715/2/147 721/1/148
f 718/2/146 720/1/159 721/1/144
f 720/1/159 718/2/146 719/2/151
f 721/1/148 720/1/160 718/2/150
f 719/2/153 718/2/150 720/1/160
f 723/2/102 708/1/83 722/1/100
f 708/1/83 723/2/102 710/2/85
f 722/1/104 708/1/89 723/2/106
f 710/2/87 723/2/106 708/1/89
f 703/3/108 724/1/91 702/1/113
f 724/1/91 703/3/108 725/3/93
f 702/1/114 724/1/97 703/3/110
f 725/3/95 703/3/110 724/1/97
f 713/2/101 722/1/100 712/1/99
f 722/1/100 713/2/101 723/2/102
f 712/1/105 722/1/104 713/2/103
f 723/2/106 713/2/103 722/1/104
f 713/2/101 710/2/85 723/2/102
f 710/2/85 713/2/101 711/2/86
f 723/2/106 710/2/87 713/2/103
f 711/2/90 713/2/103 710/2/87
f 728/3/117 727/3/116 726/3/115
f 727/3/116 728/3/117 729/3/118
f 726/3/121 727/3/120 728/3/119
f 729/3/122 728/3/119 727/3/120
f 725/3/93 705/3/107 707/3/94
f 705/3/107 725/3/93 703/3/108
f 707/3/98 705/3/109 725/3/95
f 703/3/110 725/3/95 705/3/109
f 730/1/129 729/3/118 728/3/117
f 729/3/118 730/1/129 731/1/124
f 728/3/119 729/3/122 730/1/130
f 731/1/126 730/1/130 729/3/122
f 734/1/139 733/3/134 732/1/133
f 733/3/134 734/1/139 735/3/140
f 732/1/135 733/3/138 734/1/141
f 735/3/142 734/1/141 733/3/138
f 730/1/129 726/3/115 736/1/127
f 726/3/115 730/1/129 728/3/117
f 736/1/128 726/3/121 730/1/130
f 728/3/119 730/1/130 726/3/121
f 729/3/118 737/1/123 727/3/116
f 737/1/123 729/3/118 731/1/124
f 727/3/120 737/1/125 729/3/122
f 731/1/126 729/3/122 737/1/125
f 740/3/132 739/1/156 738/1/131
f 739/1/156 740/3/132 741/3/155
f 738/1/137 739/1/157 740/3/136
f 741/3/158 740/3/136 739/1/157
f 726/3/115 737/1/123 736/1/127
f 737/1/123 726/3/115 727/3/116
f 736/1/128 737/1/125 726/3/121
f 727/3/120 726/3/121 737/1/125
f 732/1/133 740/3/132 738/1/131
f 740/3/132 732/1/133 733/3/134
f 738/1/137 740/3/136 732/1/135
f 733/3/138 732/1/135 740/3/136
f 735/3/140 739/1/156 741/3/155
f 739/1/156 735/3/140 734/1/139
f 741/3/158 739/1/157 735/3/142
f 734/1/141 735/3/142 739/1/157
f 733/3/134 741/3/155 740/3/132
f 741/3/155 733/3/134 735/3/140
f 740/3/136 741/3/158 733/3/138
f 735/3/142 733/3/138 741/3/158
f 725/3/93 706/1/92 724/1/91
f 706/1/92 725/3/93 707/3/94
f 724/1/97 706/1/96 725/3/95
f 707/3/98 725/3/95 706/1/96
f 744/9/81 743/9/81 742/9/81
f 743/9/81 744/9/81 745/9/81
f 743/9/81 745/9/81 746/9/81
f 746/9/81 745/9/81 747/9/81
f 746/9/81 747/9/81 748/9/81
f 748/9/81 747/9/81 749/9/81
f 748/9/81 749/9/81 750/9/81
f 750/9/81 749/9/81 751/9/81
f 742/9/82 743/9/82 744/9/82
f 745/9/82 744/9/82 743/9/82
f 746/9/82 745/9/82 743/9/82
f 747/9/82 745/9/82 746/9/82
f 748/9/82 747/9/82 746/9/82
f 749/9/82 747/9/82 748/9/82
f 750/9/82 749/9/82 748/9/82
f 751/9/82 749/9/82 750/9/82
f 744/9/355 753/10/355 752/10/355
f 753/10/355 744/9/355 742/9/355
f 752/10/356 753/10/356 744/9/356
f 742/9/356 744/9/356 753/10/356
f 754/10/358 744/9/357 752/10/357
f 744/9/357 754/10/358 745/9/358
f 752/10/360 744/9/360 754/10/359
f 745/9/359 754/10/359 744/9/360
f 755/10/361 745/9/358 754/10/358
f 745/9/358 755/10/361 747/9/361
f 754/10/359 745/9/359 755/10/362
f 747/9/362 755/10/362 745/9/359
f 749/9/363 755/10/361 756/10/363
f 755/10/361 749/9/363 747/9/361
f 756/10/364 755/10/362 749/9/364
f 747/9/362 749/9/364 755/10/362
f 751/9/365 756/10/363 757/10/365
f 756/10/363 751/9/365 749/9/363
f 757/10/366 756/10/364 751/9/366
f 749/9/364 751/9/366 756/10/364
f 758/10/367 751/9/367 757/10/367
f 751/9/367 758/10/367 750/9/367
f 757/10/368 751/9/368 758/10/368
f 750/9/368 758/10/368 751/9/368
f 748/9/364 758/10/369 759/10/364
f 758/10/369 748/9/364 750/9/369
f 759/10/363 758/10/370 748/9/363
f 750/9/370 748/9/363 758/10/370
f 746/9/362 759/10/364 760/10/362
f 759/10/364 746/9/362 748/9/364
f 760/10/361 759/10/363 746/9/361
f 748/9/363 746/9/361 759/10/363
f 746/9/362 761/10/359 743/9/359
f 761/10/359 746/9/362 760/10/362
f 743/9/358 761/10/358 746/9/361
f 760/10/361 746/9/361 761/10/358
f 743/9/359 753/10/360 742/9/360
f 753/10/360 743/9/359 761/10/359
f 742/9/357 753/10/357 743/9/358
f 761/10/358 743/9/358 753/10/357
f 764/9/81 763/9/81 762/9/81
f 763/9/81 764/9/81 765/9/81
f 763/9/81 765/9/81 766/9/81
f 766/9/81 765/9/81 767/9/81
f 766/9/81 767/9/81 768/9/81
f 768/9/81 767/9/81 769/9/81
f 768/9/81 769/9/81 770/9/81
f 770/9/81 769/9/81 771/9/81
f 762/9/82 763/9/82 764/9/82
f 765/9/82 764/9/82 763/9/82
f 766/9/82 765/9/82 763/9/82
f 767/9/82 765/9/82 766/9/82
f 768/9/82 767/9/82 766/9/82
f 769/9/82 767/9/82 768/9/82
f 770/9/82 769/9/82 768/9/82
f 771/9/82 769/9/82 770/9/82
f 764/9/371 773/10/371 772/10/371
f 773/10/371 764/9/371 762/9/371
f 772/10/372 773/10/372 764/9/372
f 762/9/372 764/9/372 773/10/372
f 774/10/374 764/9/373 772/10/373
f 764/9/373 774/10/374 765/9/374
f 772/10/376 764/9/376 774/10/375
f 765/9/375 774/10/375 764/9/376
f 775/10/377 765/9/374 774/10/374
f 765/9/374 775/10/377 767/9/377
f 774/10/375 765/9/375 775/10/378
f 767/9/378 775/10/378 765/9/375
f 769/9/379 775/10/377 776/10/379
f 775/10/377 769/9/379 767/9/377
f 776/10/380 775/10/378 769/9/380
f 767/9/378 769/9/380 775/10/378
f 771/9/381 776/10/379 777/10/381
f 776/10/379 771/9/381 769/9/379
f 777/10/382 776/10/380 771/9/382
f 769/9/380 771/9/382 776/10/380
f 778/10/383 771/9/383 777/10/383
f 771/9/383 778/10/383 770/9/383
f 777/10/384 771/9/384 778/10/384
f 770/9/384 778/10/384 771/9/384
f 768/9/380 778/10/385 779/10/380
f 778/10/385 768/9/380 770/9/385
f 779/10/379 778/10/386 768/9/379
f 770/9/386 768/9/379 778/10/386
f 766/9/378 779/10/380 780/10/378
f 779/10/380 766/9/378 768/9/380
f 780/10/377 779/10/379 766/9/377
f 768/9/379 766/9/377 779/10/379
f 766/9/378 781/10/375 763/9/375
f 781/10/375 766/9/378 780/10/378
f 763/9/374 781/10/374 766/9/377
f 780/10/377 766/9/377 781/10/374
f 763/9/375 773/10/376 762/9/376
f 773/10/376 763/9/375 781/10/375
f 762/9/373 773/10/373 763/9/374
f 781/10/374 763/9/374 773/10/373
f 784/9/81 783/9/81 782/9/81
f 783/9/81 784/9/81 785/9/81
f 783/9/81 785/9/81 786/9/81
f 786/9/81 785/9/81 787/9/81
f 786/9/81 787/9/81 788/9/81
f 788/9/81 787/9/81 789/9/81
f 788/9/81 789/9/81 790/9/81
f 790/9/81 789/9/81 791/9/81
f 782/9/82 783/9/82 784/9/82
f 785/9/82 784/9/82 783/9/82
f 786/9/82 785/9/82 783/9/82
f 787/9/82 785/9/82 786/9/82
f 788/9/82 787/9/82 786/9/82
f 789/9/82 787/9/82 788/9/82
f 790/9/82 789/9/82 788/9/82
f 791/9/82 789/9/82 790/9/82
f 784/9/387 793/10/387 792/10/387
f 793/10/387 784/9/387 782/9/387
f 792/10/388 793/10/388 784/9/388
f 782/9/388 784/9/388 793/10/388
f 794/10/390 784/9/389 792/10/389
f 784/9/389 794/10/390 785/9/390
f 792/10/392 784/9/392 794/10/391
f 785/9/391 794/10/391 784/9/392
f 795/10/393 785/9/390 794/10/390
f 785/9/390 795/10/393 787/9/393
f 794/10/391 785/9/391 795/10/394
f 787/9/394 795/10/394 785/9/391
f 789/9/395 795/10/393 796/10/395
f 795/10/393 789/9/395 787/9/393
f 796/10/396 795/10/394 789/9/396
f 787/9/394 789/9/396 795/10/394
f 791/9/397 796/10/395 797/10/397
f 796/10/395 791/9/397 789/9/395
f 797/10/398 796/10/396 791/9/398
f 789/9/396 791/9/398 796/10/396
f 798/10/399 791/9/399 797/10/399
f 791/9/399 798/10/399 790/9/399
f 797/10/400 791/9/400 798/10/400
f 790/9/400 798/10/400 791/9/400
f 788/9/396 798/10/401 799/10/396
f 798/10/401 788/9/396 790/9/401
f 799/10/395 798/10/402 788/9/395
f 790/9/402 788/9/395 798/10/402
f 786/9/394 799/10/396 800/10/394
f 799/10/396 786/9/394 788/9/396
f 800/10/393 799/10/395 786/9/393
f 788/9/395 786/9/393 799/10/395
f 786/9/394 801/10/391 783/9/391
f 801/10/391 786/9/394 800/10/394
f 783/9/390 801/10/390 786/9/393
f 800/10/393 786/9/393 801/10/390
f 783/9/391 793/10/392 782/9/392
f 793/10/392 783/9/391 801/10/391
f 782/9/389 793/10/389 783/9/390
f 801/10/390 783/9/390 793/10/389
f 804/9/81 803/9/81 802/9/81
f 803/9/81 804/9/81 805/9/81
f 803/9/81 805/9/81 806/9/81
f 806/9/81 805/9/81 807/9/81
f 806/9/81 807/9/81 808/9/81
f 808/9/81 807/9/81 809/9/81
f 808/9/81 809/9/81 810/9/81
f 810/9/81 809/9/81 811/9/81
f 802/9/82 803/9/82 804/9/82
f 805/9/82 804/9/82 803/9/82
f 806/9/82 805/9/82 803/9/82
f 807/9/82 805/9/82 806/9/82
f 808/9/82 807/9/82 806/9/82
f 809/9/82 807/9/82 808/9/82
f 810/9/82 809/9/82 808/9/82
f 811/9/82 809/9/82 810/9/82
f 804/9/403 813/10/403 812/10/403
f 813/10/403 804/9/403 802/9/403
f 812/10/404 813/10/404 804/9/404
f 802/9/404 804/9/404 813/10/404
f 814/10/375 804/9/405 812/10/405
f 804/9/405 814/10/375 805/9/375
f 812/10/406 804/9/406 814/10/374
f 805/9/374 814/10/374 804/9/406
f 815/10/378 805/9/375 814/10/375
f 805/9/375 815/10/378 807/9/378
f 814/10/374 805/9/374 815/10/377
f 807/9/377 815/10/377 805/9/374
f 809/9/380 815/10/378 816/10/380
f 815/10/378 809/9/380 807/9/378
f 816/10/379 815/10/377 809/9/379
f 807/9/377 809/9/379 815/10/377
f 811/9/385 816/10/380 817/10/385
f 816/10/380 811/9/385 809/9/380
f 817/10/386 816/10/379 811/9/386
f 809/9/379 811/9/386 816/10/379
f 818/10/407 811/9/407 817/10/407
f 811/9/407 818/10/407 810/9/407
f 817/10/408 811/9/408 818/10/408
f 810/9/408 818/10/408 811/9/408
f 808/9/379 818/10/409 819/10/379
f 818/10/409 808/9/379 810/9/409
f 819/10/380 818/10/410 808/9/380
f 810/9/410 808/9/380 818/10/410
f 806/9/377 819/10/379 820/10/377
f 819/10/379 806/9/377 808/9/379
f 820/10/378 819/10/380 806/9/378
f 808/9/380 806/9/378 819/10/380
f 806/9/377 821/10/374 803/9/374
f 821/10/374 806/9/377 820/10/377
f 803/9/375 821/10/375 806/9/378
f 820/10/378 806/9/378 821/10/375
f 803/9/374 813/10/406 802/9/406
f 813/10/406 803/9/374 821/10/374
f 802/9/405 813/10/405 803/9/375
f 821/10/375 803/9/375 813/10/405
f 824/9/411 823/10/412 822/10/411
f 823/10/412 824/9/411 825/9/412
f 822/10/413 823/10/414 824/9/413
f 825/9/414 824/9/413 823/10/414
f 828/9/81 827/9/81 826/9/81
f 827/9/81 828/9/81 825/9/81
f 827/9/81 825/9/81 824/9/81
f 826/9/82 827/9/82 828/9/82
f 825/9/82 828/9/82 827/9/82
f 824/9/82 825/9/82 827/9/82
f 826/9/414 830/10/414 829/10/414
f 830/10/414 826/9/414 827/9/414
f 829/10/412 830/10/412 826/9/412
f 827/9/412 826/9/412 830/10/412
f 825/9/412 831/10/415 823/10/412
f 831/10/415 825/9/412 828/9/415
f 823/10/414 831/10/416 825/9/414
f 828/9/416 825/9/414 831/10/416
f 826/9/417 831/10/417 828/9/417
f 831/10/417 826/9/417 829/10/417
f 828/9/418 831/10/418 826/9/418
f 829/10/418 826/9/418 831/10/418
f 830/10/418 824/9/418 822/10/418
f 824/9/418 830/10/418 827/9/418
f 822/10/417 824/9/417 830/10/417
f 827/9/417 830/10/417 824/9/417
f 834/9/413 833/10/371 832/10/413
f 833/10/371 834/9/413 835/9/371
f 832/10/411 833/10/372 834/9/411
f 835/9/372 834/9/411 833/10/372
f 838/9/81 837/9/81 836/9/81
f 837/9/81 838/9/81 835/9/81
f 837/9/81 835/9/81 834/9/81
f 836/9/82 837/9/82 838/9/82
f 835/9/82 838/9/82 837/9/82
f 834/9/82 835/9/82 837/9/82
f 836/9/372 840/10/372 839/10/372
f 840/10/372 836/9/372 837/9/372
f 839/10/371 840/10/371 836/9/371
f 837/9/371 836/9/371 840/10/371
f 835/9/371 841/10/416 833/10/371
f 841/10/416 835/9/371 838/9/416
f 833/10/372 841/10/415 835/9/372
f 838/9/415 835/9/372 841/10/415
f 836/9/384 841/10/384 838/9/384
f 841/10/384 836/9/384 839/10/384
f 838/9/383 841/10/383 836/9/383
f 839/10/383 836/9/383 841/10/383
f 840/10/383 834/9/383 832/10/383
f 834/9/383 840/10/383 837/9/383
f 832/10/384 834/9/384 840/10/384
f 837/9/384 840/10/384 834/9/384
f 844/9/411 843/10/412 842/10/411
f 843/10/412 844/9/411 845/9/412
f 842/10/413 843/10/414 844/9/413
f 845/9/414 844/9/413 843/10/414
f 848/9/81 847/9/81 846/9/81
f 847/9/81 848/9/81 845/9/81
f 847/9/81 845/9/81 844/9/81
f 846/9/82 847/9/82 848/9/82
f 845/9/82 848/9/82 847/9/82
f 844/9/82 845/9/82 847/9/82
f 846/9/414 850/10/414 849/10/414
f 850/10/414 846/9/414 847/9/414
f 849/10/412 850/10/412 846/9/412
f 847/9/412 846/9/412 850/10/412
f 845/9/412 851/10/415 843/10/412
f 851/10/415 845/9/412 848/9/415
f 843/10/414 851/10/416 845/9/414
f 848/9/416 845/9/414 851/10/416
f 846/9/417 851/10/417 848/9/417
f 851/10/417 846/9/417 849/10/417
f 848/9/418 851/10/418 846/9/418
f 849/10/418 846/9/418 851/10/418
f 850/10/418 844/9/418 842/10/418
f 844/9/418 850/10/418 847/9/418
f 842/10/417 844/9/417 850/10/417
f 847/9/417 850/10/417 844/9/417
f 854/9/387 853/10/419 852/10/387
f 853/10/419 854/9/387 855/9/419
f 852/10/388 853/10/420 854/9/388
f 855/9/420 854/9/388 853/10/420
f 855/9/81 857/9/81 856/9/81
f 857/9/81 855/9/81 854/9/81
f 857/9/81 854/9/81 858/9/81
f 856/9/82 857/9/82 855/9/82
f 854/9/82 855/9/82 857/9/82
f 858/9/82 854/9/82 857/9/82
f 860/10/399 858/9/399 859/10/399
f 858/9/399 860/10/399 857/9/399
f 859/10/400 858/9/400 860/10/400
f 857/9/400 860/10/400 858/9/400
f 856/9/388 860/10/388 861/10/388
f 860/10/388 856/9/388 857/9/388
f 861/10/387 860/10/387 856/9/387
f 857/9/387 856/9/387 860/10/387
f 856/9/400 853/10/400 855/9/400
f 853/10/400 856/9/400 861/10/400
f 855/9/399 853/10/399 856/9/399
f 861/10/399 856/9/399 853/10/399
f 858/9/421 852/10/387 859/10/421
f 852/10/387 858/9/421 854/9/387
f 859/10/422 852/10/388 858/9/422
f 854/9/388 858/9/422 852/10/388
f 864/9/387 863/10/419 862/10/387
f 863/10/419 864/9/387 865/9/419
f 862/10/388 863/10/420 864/9/388
f 865/9/420 864/9/388 863/10/420
f 865/9/81 867/9/81 866/9/81
f 867/9/81 865/9/81 864/9/81
f 867/9/81 864/9/81 868/9/81
f 866/9/82 867/9/82 865/9/82
f 864/9/82 865/9/82 867/9/82
f 868/9/82 864/9/82 867/9/82
f 870/10/399 868/9/399 869/10/399
f 868/9/399 870/10/399 867/9/399
f 869/10/400 868/9/400 870/10/400
f 867/9/400 870/10/400 868/9/400
f 866/9/388 870/10/388 871/10/388
f 870/10/388 866/9/388 867/9/388
f 871/10/387 870/10/387 866/9/387
f 867/9/387 866/9/387 870/10/387
f 866/9/400 863/10/400 865/9/400
f 863/10/400 866/9/400 871/10/400
f 865/9/399 863/10/399 866/9/399
f 871/10/399 866/9/399 863/10/399
f 868/9/421 862/10/387 869/10/421
f 862/10/387 868/9/421 864/9/387
f 869/10/422 862/10/388 868/9/422
f 864/9/388 868/9/422 862/10/388
f 874/9/355 873/10/423 872/10/355
f 873/10/423 874/9/355 875/9/423
f 872/10/356 873/10/424 874/9/356
f 875/9/424 874/9/356 873/10/424
f 875/9/81 877/9/81 876/9/81
f 877/9/81 875/9/81 874/9/81
f 877/9/81 874/9/81 878/9/81
f 876/9/82 877/9/82 875/9/82
f 874/9/82 875/9/82 877/9/82
f 878/9/82 874/9/82 877/9/82
f 880/10/367 878/9/367 879/10/367
f 878/9/367 880/10/367 877/9/367
f 879/10/368 878/9/368 880/10/368
f 877/9/368 880/10/368 878/9/368
f 876/9/356 880/10/356 881/10/356
f 880/10/356 876/9/356 877/9/356
f 881/10/355 880/10/355 876/9/355
f 877/9/355 876/9/355 880/10/355
f 876/9/368 873/10/368 875/9/368
f 873/10/368 876/9/368 881/10/368
f 875/9/367 873/10/367 876/9/367
f 881/10/367 876/9/367 873/10/367
f 878/9/425 872/10/355 879/10/425
f 872/10/355 878/9/425 874/9/355
f 879/10/426 872/10/356 878/9/426
f 874/9/356 878/9/426 872/10/356
f 884/9/355 883/10/423 882/10/355
f 883/10/423 884/9/355 885/9/423
f 882/10/356 883/10/424 884/9/356
f 885/9/424 884/9/356 883/10/424
f 885/9/81 887/9/81 886/9/81
f 887/9/81 885/9/81 884/9/81
f 887/9/81 884/9/81 888/9/81
f 886/9/82 887/9/82 885/9/82
f 884/9/82 885/9/82 887/9/82
f 888/9/82 884/9/82 887/9/82
f 890/10/367 888/9/367 889/10/367
f 888/9/367 890/10/367 887/9/367
f 889/10/368 888/9/368 890/10/368
f 887/9/368 890/10/368 888/9/368
f 886/9/356 890/10/356 891/10/356
f 890/10/356 886/9/356 887/9/356
f 891/10/355 890/10/355 886/9/355
f 887/9/355 886/9/355 890/10/355
f 886/9/368 883/10/368 885/9/368
f 883/10/368 886/9/368 891/10/368
f 885/9/367 883/10/367 886/9/367
f 891/10/367 886/9/367 883/10/367
f 888/9/425 882/10/355 889/10/425
f 882/10/355 888/9/425 884/9/355
f 889/10/426 882/10/356 888/9/426
f 884/9/356 888/9/426 882/10/356
f 894/9/413 893/10/371 892/10/413
f 893/10/371 894/9/413 895/9/371
f 892/10/411 893/10/372 894/9/411
f 895/9/372 894/9/411 893/10/372
f 898/9/81 897/9/81 896/9/81
f 897/9/81 898/9/81 895/9/81
f 897/9/81 895/9/81 894/9/81
f 896/9/82 897/9/82 898/9/82
f 895/9/82 898/9/82 897/9/82
f 894/9/82 895/9/82 897/9/82
f 896/9/372 900/10/372 899/10/372
f 900/10/372 896/9/372 897/9/372
f 899/10/371 900/10/371 896/9/371
f 897/9/371 896/9/371 900/10/371
f 895/9/371 901/10/416 893/10/371
f 901/10/416 895/9/371 898/9/416
f 893/10/372 901/10/415 895/9/372
f 898/9/415 895/9/372 901/10/415
f 896/9/384 901/10/384 898/9/384
f 901/10/384 896/9/384 899/10/384
f 898/9/383 901/10/383 896/9/383
f 899/10/383 896/9/383 901/10/383
f 900/10/383 894/9/383 892/10/383
f 894/9/383 900/10/383 897/9/383
f 892/10/384 894/9/384 900/10/384
f 897/9/384 900/10/384 894/9/384
f 904/9/81 903/9/81 902/9/81
f 903/9/81 904/9/81 905/9/81
f 905/9/81 904/9/81 906/9/81
f 902/9/82 903/9/82 904/9/82
f 905/9/82 904/9/82 903/9/82
f 906/9/82 904/9/82 905/9/82
f 903/9/384 907/10/384 902/9/384
f 907/10/384 903/9/384 908/10/384
f 902/9/383 907/10/383 903/9/383
f 908/10/383 903/9/383 907/10/383
f 903/9/372 909/10/372 908/10/372
f 909/10/372 903/9/372 905/9/372
f 908/10/371 909/10/371 903/9/371
f 905/9/371 903/9/371 909/10/371
f 909/10/428 906/9/427 910/10/427
f 906/9/427 909/10/428 905/9/428
f 910/10/430 906/9/430 909/10/429
f 905/9/429 909/10/429 906/9/430
f 910/10/427 904/9/431 911/10/431
f 904/9/431 910/10/427 906/9/427
f 911/10/432 904/9/432 910/10/430
f 906/9/430 910/10/430 904/9/432
f 911/10/431 902/9/433 907/10/433
f 902/9/433 911/10/431 904/9/431
f 907/10/434 902/9/434 911/10/432
f 904/9/432 911/10/432 902/9/434
f 914/9/81 913/9/81 912/9/81
f 913/9/81 914/9/81 915/9/81
f 915/9/81 914/9/81 916/9/81
f 912/9/82 913/9/82 914/9/82
f 915/9/82 914/9/82 913/9/82
f 916/9/82 914/9/82 915/9/82
f 913/9/368 917/10/368 912/9/368
f 917/10/368 913/9/368 918/10/368
f 912/9/367 917/10/367 913/9/367
f 918/10/367 913/9/367 917/10/367
f 913/9/356 919/10/356 918/10/356
f 919/10/356 913/9/356 915/9/356
f 918/10/355 919/10/355 913/9/355
f 915/9/355 913/9/355 919/10/355
f 919/10/436 916/9/435 920/10/435
f 916/9/435 919/10/436 915/9/436
f 920/10/438 916/9/438 919/10/437
f 915/9/437 919/10/437 916/9/438
f 920/10/435 914/9/439 921/10/439
f 914/9/439 920/10/435 916/9/435
f 921/10/440 914/9/440 920/10/438
f 916/9/438 920/10/438 914/9/440
f 921/10/439 912/9/441 917/10/441
f 912/9/441 921/10/439 914/9/439
f 917/10/442 912/9/442 921/10/440
f 914/9/440 921/10/440 912/9/442
f 924/9/411 923/10/443 922/10/411
f 923/10/443 924/9/411 925/9/443
f 922/10/413 923/10/444 924/9/413
f 925/9/444 924/9/413 923/10/444
f 928/9/81 927/9/81 926/9/81
f 927/9/81 928/9/81 925/9/81
f 927/9/81 925/9/81 924/9/81
f 926/9/82 927/9/82 928/9/82
f 925/9/82 928/9/82 927/9/82
f 924/9/82 925/9/82 927/9/82
f 926/9/444 930/10/444 929/10/444
f 930/10/444 926/9/444 927/9/444
f 929/10/443 930/10/443 926/9/443
f 927/9/443 926/9/443 930/10/443
f 925/9/443 931/10/415 923/10/443
f 931/10/415 925/9/443 928/9/415
f 923/10/444 931/10/416 925/9/444
f 928/9/416 925/9/444 931/10/416
f 926/9/445 931/10/445 928/9/445
f 931/10/445 926/9/445 929/10/445
f 928/9/446 931/10/446 926/9/446
f 929/10/446 926/9/446 931/10/446
f 930/10/446 924/9/446 922/10/446
f 924/9/446 930/10/446 927/9/446
f 922/10/445 924/9/445 930/10/445
f 927/9/445 930/10/445 924/9/445
f 934/9/413 933/10/371 932/10/413
f 933/10/371 934/9/413 935/9/371
f 932/10/411 933/10/372 934/9/411
f 935/9/372 934/9/411 933/10/372
f 938/9/81 937/9/81 936/9/81
f 937/9/81 938/9/81 935/9/81
f 937/9/81 935/9/81 934/9/81
f 936/9/82 937/9/82 938/9/82
f 935/9/82 938/9/82 937/9/82
f 934/9/82 935/9/82 937/9/82
f 936/9/372 940/10/372 939/10/372
f 940/10/372 936/9/372 937/9/372
f 939/10/371 940/10/371 936/9/371
f 937/9/371 936/9/371 940/10/371
f 935/9/371 941/10/416 933/10/371
f 941/10/416 935/9/371 938/9/416
f 933/10/372 941/10/415 935/9/372
f 938/9/415 935/9/372 941/10/415
f 936/9/384 941/10/384 938/9/384
f 941/10/384 936/9/384 939/10/384
f 938/9/383 941/10/383 936/9/383
f 939/10/383 936/9/383 941/10/383
f 940/10/383 934/9/383 932/10/383
f 934/9/383 940/10/383 937/9/383
f 932/10/384 934/9/384 940/10/384
f 937/9/384 940/10/384 934/9/384
f 944/9/81 943/9/81 942/9/81
f 943/9/81 944/9/81 945/9/81
f 945/9/81 944/9/81 946/9/81
f 942/9/82 943/9/82 944/9/82
f 945/9/82 944/9/82 943/9/82
f 946/9/82 944/9/82 945/9/82
f 943/9/447 947/10/447 942/9/447
f 947/10/447 943/9/447 948/10/447
f 942/9/448 947/10/448 943/9/448
f 948/10/448 943/9/448 947/10/448
f 943/9/449 949/10/449 948/10/449
f 949/10/449 943/9/449 945/9/449
f 948/10/450 949/10/450 943/9/450
f 945/9/450 943/9/450 949/10/450
f 949/10/429 946/9/430 950/10/430
f 946/9/430 949/10/429 945/9/429
f 950/10/427 946/9/427 949/10/428
f 945/9/428 949/10/428 946/9/427
f 950/10/430 944/9/432 951/10/432
f 944/9/432 950/10/430 946/9/430
f 951/10/431 944/9/431 950/10/427
f 946/9/427 950/10/427 944/9/431
f 951/10/432 942/9/434 947/10/434
f 942/9/434 951/10/432 944/9/432
f 947/10/433 942/9/433 951/10/431
f 944/9/431 951/10/431 942/9/433
f 954/9/81 953/9/81 952/9/81
f 953/9/81 954/9/81 955/9/81
f 955/9/81 954/9/81 956/9/81
f 952/9/82 953/9/82 954/9/82
f 955/9/82 954/9/82 953/9/82
f 956/9/82 954/9/82 955/9/82
f 953/9/368 957/10/368 952/9/368
f 957/10/368 953/9/368 958/10/368
f 952/9/367 957/10/367 953/9/367
f 958/10/367 953/9/367 957/10/367
f 953/9/356 959/10/356 958/10/356
f 959/10/356 953/9/356 955/9/356
f 958/10/355 959/10/355 953/9/355
f 955/9/355 953/9/355 959/10/355
f 959/10/436 956/9/435 960/10/435
f 956/9/435 959/10/436 955/9/436
f 960/10/438 956/9/438 959/10/437
f 955/9/437 959/10/437 956/9/438
f 960/10/435 954/9/439 961/10/439
f 954/9/439 960/10/435 956/9/435
f 961/10/440 954/9/440 960/10/438
f 956/9/438 960/10/438 954/9/440
f 961/10/439 952/9/441 957/10/441
f 952/9/441 961/10/439 954/9/439
f 957/10/442 952/9/442 961/10/440
f 954/9/440 961/10/440 952/9/442
f 964/9/81 963/9/81 962/9/81
f 963/9/81 964/9/81 965/9/81
f 965/9/81 964/9/81 966/9/81
f 962/9/82 963/9/82 964/9/82
f 965/9/82 964/9/82 963/9/82
f 966/9/82 964/9/82 965/9/82
f 963/9/384 967/10/384 962/9/384
f 967/10/384 963/9/384 968/10/384
f 962/9/383 967/10/383 963/9/383
f 968/10/383 963/9/383 967/10/383
f 963/9/372 969/10/372 968/10/372
f 969/10/372 963/9/372 965/9/372
f 968/10/371 969/10/371 963/9/371
f 965/9/371 963/9/371 969/10/371
f 969/10/428 966/9/427 970/10/427
f 966/9/427 969/10/428 965/9/428
f 970/10/430 966/9/430 969/10/429
f 965/9/429 969/10/429 966/9/430
f 970/10/427 964/9/431 971/10/431
f 964/9/431 970/10/427 966/9/427
f 971/10/432 964/9/432 970/10/430
f 966/9/430 970/10/430 964/9/432
f 971/10/431 962/9/433 967/10/433
f 962/9/433 971/10/431 964/9/431
f 967/10/434 962/9/434 971/10/432
f 964/9/432 971/10/432 962/9/434
f 974/9/81 973/9/81 972/9/81
f 973/9/81 974/9/81 975/9/81
f 975/9/81 974/9/81 976/9/81
f 972/9/82 973/9/82 974/9/82
f 975/9/82 974/9/82 973/9/82
f 976/9/82 974/9/82 975/9/82
f 973/9/400 977/10/400 972/9/400
f 977/10/400 973/9/400 978/10/400
f 972/9/399 977/10/399 973/9/399
f 978/10/399 973/9/399 977/10/399
f 973/9/388 979/10/388 978/10/388
f 979/10/388 973/9/388 975/9/388
f 978/10/387 979/10/387 973/9/387
f 975/9/387 973/9/387 979/10/387
f 979/10/452 976/9/451 980/10/451
f 976/9/451 979/10/452 975/9/452
f 980/10/454 976/9/454 979/10/453
f 975/9/453 979/10/453 976/9/454
f 980/10/451 974/9/455 981/10/455
f 974/9/455 980/10/451 976/9/451
f 981/10/456 974/9/456 980/10/454
f 976/9/454 980/10/454 974/9/456
f 981/10/455 972/9/457 977/10/457
f 972/9/457 981/10/455 974/9/455
f 977/10/458 972/9/458 981/10/456
f 974/9/456 981/10/456 972/9/458
f 984/9/81 983/9/81 982/9/81
f 983/9/81 984/9/81 985/9/81
f 985/9/81 984/9/81 986/9/81
f 982/9/82 983/9/82 984/9/82
f 985/9/82 984/9/82 983/9/82
f 986/9/82 984/9/82 985/9/82
f 983/9/400 987/10/400 982/9/400
f 987/10/400 983/9/400 988/10/400
f 982/9/399 987/10/399 983/9/399
f 988/10/399 983/9/399 987/10/399
f 983/9/388 989/10/388 988/10/388
f 989/10/388 983/9/388 985/9/388
f 988/10/387 989/10/387 983/9/387
f 985/9/387 983/9/387 989/10/387
f 989/10/452 986/9/451 990/10/451
f 986/9/451 989/10/452 985/9/452
f 990/10/454 986/9/454 989/10/453
f 985/9/453 989/10/453 986/9/454
f 990/10/451 984/9/455 991/10/455
f 984/9/455 990/10/451 986/9/451
f 991/10/456 984/9/456 990/10/454
f 986/9/454 990/10/454 984/9/456
f 991/10/455 982/9/457 987/10/457
f 982/9/457 991/10/455 984/9/455
f 987/10/458 982/9/458 991/10/456
f 984/9/456 991/10/456 982/9/458
f 994/9/81 993/9/81 992/9/81
f 993/9/81 994/9/81 995/9/81
f 995/9/81 994/9/81 996/9/81
f 992/9/82 993/9/82 994/9/82
f 995/9/82 994/9/82 993/9/82
f 996/9/82 994/9/82 995/9/82
f 993/9/459 997/10/459 992/9/459
f 997/10/459 993/9/459 998/10/459
f 992/9/460 997/10/460 993/9/460
f 998/10/460 993/9/460 997/10/460
f 993/9/461 999/10/461 998/10/461
f 999/10/461 993/9/461 995/9/461
f 998/10/462 999/10/462 993/9/462
f 995/9/462 993/9/462 999/10/462
f 999/10/429 996/9/430 1000/10/430
f 996/9/430 999/10/429 995/9/429
f 1000/10/427 996/9/427 999/10/428
f 995/9/428 999/10/428 996/9/427
f 1000/10/430 994/9/432 1001/10/432
f 994/9/432 1000/10/430 996/9/430
f 1001/10/431 994/9/431 1000/10/427
f 996/9/427 1000/10/427 994/9/431
f 1001/10/432 992/9/434 997/10/434
f 992/9/434 1001/10/432 994/9/432
f 997/10/433 992/9/433 1001/10/431
f 994/9/431 1001/10/431 992/9/433
f 1004/11/358 1003/12/357 1002/11/357
f 1003/12/357 1004/11/358 1005/12/358
f 1002/11/360 1003/12/360 1004/11/359
f 1005/12/359 1004/11/359 1003/12/360
f 1006/11/361 1005/12/358 1004/11/358
f 1005/12/358 1006/11/361 1007/12/361
f 1004/11/359 1005/12/359 1006/11/362
f 1007/12/362 1006/11/362 1005/12/359
f 1010/12/370 1009/11/363 1008/11/370
f 1009/11/363 1010/12/370 1011/12/363
f 1008/11/369 1009/11/364 1010/12/369
f 1011/12/364 1010/12/369 1009/11/364
f 1011/12/363 1006/11/361 1009/11/363
f 1006/11/361 1011/12/363 1007/12/361
f 1009/11/364 1006/11/362 1011/12/364
f 1007/12/362 1011/12/364 1006/11/362
f 1003/12/81 1013/12/81 1012/12/81
f 1013/12/81 1003/12/81 1005/12/81
f 1013/12/81 1005/12/81 1014/12/81
f 1014/12/81 1005/12/81 1007/12/81
f 1014/12/81 1007/12/81 1015/12/81
f 1015/12/81 1007/12/81 1011/12/81
f 1015/12/81 1011/12/81 1016/12/81
f 1016/12/81 1011/12/81 1010/12/81
f 1012/12/82 1013/12/82 1003/12/82
f 1005/12/82 1003/12/82 1013/12/82
f 1014/12/82 1005/12/82 1013/12/82
f 1007/12/82 1005/12/82 1014/12/82
f 1015/12/82 1007/12/82 1014/12/82
f 1011/12/82 1007/12/82 1015/12/82
f 1016/12/82 1011/12/82 1015/12/82
f 1010/12/82 1011/12/82 1016/12/82
f 1003/12/355 742/11/355 1002/11/355
f 742/11/355 1003/12/355 1012/12/355
f 1002/11/356 742/11/356 1003/12/356
f 1012/12/356 1003/12/356 742/11/356
f 750/11/367 1010/12/367 1008/11/367
f 1010/12/367 750/11/367 1016/12/367
f 1008/11/368 1010/12/368 750/11/368
f 1016/12/368 750/11/368 1010/12/368
f 1015/12/364 750/11/369 748/11/364
f 750/11/369 1015/12/364 1016/12/369
f 748/11/363 750/11/370 1015/12/363
f 1016/12/370 1015/12/363 750/11/370
f 1014/12/362 748/11/364 746/11/362
f 748/11/364 1014/12/362 1015/12/364
f 746/11/361 748/11/363 1014/12/361
f 1015/12/363 1014/12/361 748/11/363
f 1014/12/362 743/11/359 1013/12/359
f 743/11/359 1014/12/362 746/11/362
f 1013/12/358 743/11/358 1014/12/361
f 746/11/361 1014/12/361 743/11/358
f 1013/12/359 742/11/360 1012/12/360
f 742/11/360 1013/12/359 743/11/359
f 1012/12/357 742/11/357 1013/12/358
f 743/11/358 1013/12/358 742/11/357
f 1018/11/82 1017/11/82 41/11/82
f 1017/11/82 1018/11/82 42/11/82
f 1017/11/82 42/11/82 1019/11/82
f 1019/11/82 42/11/82 1020/11/82
f 1019/11/82 1020/11/82 1021/11/82
f 1021/11/82 1020/11/82 1022/11/82
f 1022/11/82 1020/11/82 44/11/82
f 1022/11/82 44/11/82 1023/11/82
f 41/11/81 1017/11/81 1018/11/81
f 42/11/81 1018/11/81 1017/11/81
f 1019/11/81 42/11/81 1017/11/81
f 1020/11/81 42/11/81 1019/11/81
f 1021/11/81 1020/11/81 1019/11/81
f 1022/11/81 1020/11/81 1021/11/81
f 44/11/81 1020/11/81 1022/11/81
f 1023/11/81 44/11/81 1022/11/81
f 1024/13/81 761/13/81 753/13/81
f 761/13/81 1024/13/81 760/13/81
f 760/13/81 1024/13/81 1025/13/81
f 760/13/81 1025/13/81 759/13/81
f 759/13/81 1025/13/81 1026/13/81
f 759/13/81 1026/13/81 1027/13/81
f 759/13/81 1027/13/81 758/13/81
f 758/13/81 1027/13/81 1028/13/81
f 753/13/82 761/13/82 1024/13/82
f 760/13/82 1024/13/82 761/13/82
f 1025/13/82 1024/13/82 760/13/82
f 759/13/82 1025/13/82 760/13/82
f 1026/13/82 1025/13/82 759/13/82
f 1027/13/82 1026/13/82 759/13/82
f 758/13/82 1027/13/82 759/13/82
f 1028/13/82 1027/13/82 758/13/82
f 1024/13/355 41/11/355 1017/11/355
f 41/11/355 1024/13/355 753/13/355
f 1017/11/356 41/11/356 1024/13/356
f 753/13/356 1024/13/356 41/11/356
f 1019/11/358 1024/13/357 1017/11/357
f 1024/13/357 1019/11/358 1025/13/358
f 1017/11/360 1024/13/360 1019/11/359
f 1025/13/359 1019/11/359 1024/13/360
f 1021/11/361 1025/13/358 1019/11/358
f 1025/13/358 1021/11/361 1026/13/361
f 1019/11/359 1025/13/359 1021/11/362
f 1026/13/362 1021/11/362 1025/13/359
f 1027/13/363 1021/11/361 1022/11/363
f 1021/11/361 1027/13/363 1026/13/361
f 1022/11/364 1021/11/362 1027/13/364
f 1026/13/362 1027/13/364 1021/11/362
f 1028/13/365 1022/11/363 1023/11/365
f 1022/11/363 1028/13/365 1027/13/363
f 1023/11/366 1022/11/364 1028/13/366
f 1027/13/364 1028/13/366 1022/11/364
f 44/11/367 1028/13/367 1023/11/367
f 1028/13/367 44/11/367 758/13/367
f 1023/11/368 1028/13/368 44/11/368
f 758/13/368 44/11/368 1028/13/368
f 759/13/364 44/11/369 1020/11/364
f 44/11/369 759/13/364 758/13/369
f 1020/11/363 44/11/370 759/13/363
f 758/13/370 759/13/363 44/11/370
f 760/13/362 1020/11/364 42/11/362
f 1020/11/364 760/13/362 759/13/364
f 42/11/361 1020/11/363 760/13/361
f 759/13/363 760/13/361 1020/11/363
f 760/13/362 1018/11/359 761/13/359
f 1018/11/359 760/13/362 42/11/362
f 761/13/358 1018/11/358 760/13/361
f 42/11/361 760/13/361 1018/11/358
f 761/13/359 41/11/360 753/13/360
f 41/11/360 761/13/359 1018/11/359
f 753/13/357 41/11/357 761/13/358
f 1018/11/358 761/13/358 41/11/357
f 1031/13/464 1030/11/463 1029/13/463
f 1030/11/463 1031/13/464 1032/11/464
f 1029/13/466 1030/11/466 1031/13/465
f 1032/11/465 1031/13/465 1030/11/466
f 1035/13/467 1034/11/468 1033/11/467
f 1034/11/468 1035/13/467 1036/13/468
f 1033/11/469 1034/11/470 1035/13/469
f 1036/13/470 1035/13/469 1034/11/470
f 1036/13/468 1037/11/471 1034/11/468
f 1037/11/471 1036/13/468 1038/13/471
f 1034/11/470 1037/11/472 1036/13/470
f 1038/13/472 1036/13/470 1037/11/472
f 1041/11/474 1040/13/473 1039/11/473
f 1040/13/473 1041/11/474 1042/13/474
f 1039/11/476 1040/13/476 1041/11/475
f 1042/13/475 1041/11/475 1040/13/476
f 1039/11/473 1035/13/467 1033/11/467
f 1035/13/467 1039/11/473 1040/13/473
f 1033/11/469 1035/13/469 1039/11/476
f 1040/13/476 1039/11/476 1035/13/469
f 1029/13/463 1037/11/471 1038/13/471
f 1037/11/471 1029/13/463 1030/11/463
f 1038/13/472 1037/11/472 1029/13/466
f 1030/11/466 1029/13/466 1037/11/472
f 1029/13/81 1042/13/81 1031/13/81
f 1042/13/81 1029/13/81 1038/13/81
f 1042/13/81 1038/13/81 1036/13/81
f 1042/13/81 1036/13/81 1035/13/81
f 1042/13/81 1035/13/81 1040/13/81
f 1031/13/82 1042/13/82 1029/13/82
f 1038/13/82 1029/13/82 1042/13/82
f 1036/13/82 1038/13/82 1042/13/82
f 1035/13/82 1036/13/82 1042/13/82
f 1040/13/82 1035/13/82 1042/13/82
f 1045/15/369 1044/14/369 1043/14/369
f 1044/14/369 1045/15/369 1046/15/369
f 1046/15/369 1045/15/369 1047/16/369
f 1046/15/369 1047/16/369 1048/16/369
f 1048/16/369 1047/16/369 1049/17/369
f 1048/16/369 1049/17/369 1050/17/369
f 1043/14/370 1044/14/370 1045/15/370
f 1046/15/370 1045/15/370 1044/14/370
f 1047/16/370 1045/15/370 1046/15/370
f 1048/16/370 1047/16/370 1046/15/370
f 1049/17/370 1047/16/370 1048/16/370
f 1050/17/370 1049/17/370 1048/16/370
f 1051/17/477 1048/16/478 1050/17/477
f 1048/16/478 1051/17/477 1052/16/478
f 1050/17/479 1048/16/480 1051/17/479
f 1052/16/480 1051/17/479 1048/16/480
f 1044/14/481 1053/14/479 1043/14/479
f 1053/14/479 1044/14/481 1054/14/481
f 1043/14/477 1053/14/477 1044/14/482
f 1054/14/482 1044/14/482 1053/14/477
f 1047/16/483 1056/15/480 1055/16/483
f 1056/15/480 1047/16/483 1045/15/480
f 1055/16/484 1056/15/478 1047/16/484
f 1045/15/478 1047/16/484 1056/15/478
f 1057/15/370 1053/14/370 1054/14/370
f 1053/14/370 1057/15/370 1056/15/370
f 1056/15/370 1057/15/370 1052/16/370
f 1056/15/370 1052/16/370 1055/16/370
f 1055/16/370 1052/16/370 1051/17/370
f 1055/16/370 1051/17/370 1058/17/370
f 1054/14/369 1053/14/369 1057/15/369
f 1056/15/369 1057/15/369 1053/14/369
f 1052/16/369 1057/15/369 1056/15/369
f 1055/16/369 1052/16/369 1056/15/369
f 1051/17/369 1052/16/369 1055/16/369
f 1058/17/369 1051/17/369 1055/16/369
f 1046/15/484 1052/16/478 1057/15/484
f 1052/16/478 1046/15/484 1048/16/478
f 1057/15/483 1052/16/480 1046/15/483
f 1048/16/480 1046/15/483 1052/16/480
f 1043/14/479 1056/15/480 1045/15/480
f 1056/15/480 1043/14/479 1053/14/479
f 1045/15/478 1056/15/478 1043/14/477
f 1053/14/477 1043/14/477 1056/15/478
f 1055/16/483 1049/17/482 1047/16/483
f 1049/17/482 1055/16/483 1058/17/482
f 1047/16/484 1049/17/481 1055/16/484
f 1058/17/481 1055/16/484 1049/17/481
f 1058/17/482 1050/17/477 1049/17/482
f 1050/17/477 1058/17/482 1051/17/477
f 1049/17/481 1050/17/479 1058/17/481
f 1051/17/479 1058/17/481 1050/17/479
f 1046/15/484 1054/14/481 1044/14/481
f 1054/14/481 1046/15/484 1057/15/484
f 1044/14/482 1054/14/482 1046/15/483
f 1057/15/483 1046/15/483 1054/14/482
f 1061/18/481 1060/18/479 1059/18/479
f 1060/18/479 1061/18/481 1062/18/481
f 1059/18/477 1060/18/477 1061/18/482
f 1062/18/482 1061/18/482 1060/18/477
f 1065/19/483 1064/20/482 1063/19/483
f 1064/20/482 1065/19/483 1066/20/482
f 1063/19/484 1064/20/481 1065/19/484
f 1066/20/481 1065/19/484 1064/20/481
f 1067/21/370 1060/18/370 1062/18/370
f 1060/18/370 1067/21/370 1068/21/370
f 1068/21/370 1067/21/370 1069/19/370
f 1068/21/370 1069/19/370 1065/19/370
f 1065/19/370 1069/19/370 1070/20/370
f 1065/19/370 1070/20/370 1066/20/370
f 1062/18/369 1060/18/369 1067/21/369
f 1068/21/369 1067/21/369 1060/18/369
f 1069/19/369 1067/21/369 1068/21/369
f 1065/19/369 1069/19/369 1068/21/369
f 1070/20/369 1069/19/369 1065/19/369
f 1066/20/369 1070/20/369 1065/19/369
f 1063/19/483 1068/21/480 1065/19/483
f 1068/21/480 1063/19/483 1071/21/480
f 1065/19/484 1068/21/478 1063/19/484
f 1071/21/478 1063/19/484 1068/21/478
f 1066/20/482 1072/20/477 1064/20/482
f 1072/20/477 1066/20/482 1070/20/477
f 1064/20/481 1072/20/479 1066/20/481
f 1070/20/479 1066/20/481 1072/20/479
f 1073/21/484 1069/19/478 1067/21/484
f 1069/19/478 1073/21/484 1074/19/478
f 1067/21/483 1069/19/480 1073/21/483
f 1074/19/480 1073/21/483 1069/19/480
f 1070/20/477 1074/19/478 1072/20/477
f 1074/19/478 1070/20/477 1069/19/478
f 1072/20/479 1074/19/480 1070/20/479
f 1069/19/480 1070/20/479 1074/19/480
f 1059/18/479 1068/21/480 1071/21/480
f 1068/21/480 1059/18/479 1060/18/479
f 1071/21/478 1068/21/478 1059/18/477
f 1060/18/477 1059/18/477 1068/21/478
f 1071/21/369 1061/18/369 1059/18/369
f 1061/18/369 1071/21/369 1073/21/369
f 1073/21/369 1071/21/369 1063/19/369
f 1073/21/369 1063/19/369 1074/19/369
f 1074/19/369 1063/19/369 1064/20/369
f 1074/19/369 1064/20/369 1072/20/369
f 1059/18/370 1061/18/370 1071/21/370
f 1073/21/370 1071/21/370 1061/18/370
f 1063/19/370 1071/21/370 1073/21/370
f 1074/19/370 1063/19/370 1073/21/370
f 1064/20/370 1063/19/370 1074/19/370
f 1072/20/370 1064/20/370 1074/19/370
f 1073/21/484 1062/18/481 1061/18/481
f 1062/18/481 1073/21/484 1067/21/484
f 1061/18/482 1062/18/482 1073/21/483
f 1067/21/483 1073/21/483 1062/18/482
f 1077/22/485 1076/22/486 1075/22/485
f 1076/22/486 1077/22/485 1078/22/486
f 1075/22/487 1076/22/488 1077/22/487
f 1078/22/488 1077/22/487 1076/22/488
f 1081/23/487 1080/23/488 1079/23/488
f 1080/23/488 1081/23/487 1082/23/487
f 1079/23/486 1080/23/486 1081/23/485
f 1082/23/485 1081/23/485 1080/23/486
f 1079/23/488 1084/24/489 1083/24/489
f 1084/24/489 1079/23/488 1080/23/488
f 1083/24/490 1084/24/490 1079/23/486
f 1080/23/486 1079/23/486 1084/24/490
f 1085/24/491 1082/23/487 1081/23/487
f 1082/23/487 1085/24/491 1086/24/491
f 1081/23/485 1082/23/485 1085/24/492
f 1086/24/492 1085/24/492 1082/23/485
f 1085/24/491 1087/25/490 1086/24/491
f 1087/25/490 1085/24/491 1088/25/490
f 1086/24/492 1087/25/489 1085/24/492
f 1088/25/489 1085/24/492 1087/25/489
f 1086/24/493 1080/23/493 1082/23/493
f 1080/23/493 1086/24/493 1084/24/493
f 1084/24/493 1086/24/493 1087/25/493
f 1084/24/493 1087/25/493 1089/25/493
f 1089/25/493 1087/25/493 1078/22/493
f 1089/25/493 1078/22/493 1077/22/493
f 1082/23/494 1080/23/494 1086/24/494
f 1084/24/494 1086/24/494 1080/23/494
f 1087/25/494 1086/24/494 1084/24/494
f 1089/25/494 1087/25/494 1084/24/494
f 1078/22/494 1087/25/494 1089/25/494
f 1077/22/494 1078/22/494 1089/25/494
f 1078/22/486 1088/25/490 1076/22/486
f 1088/25/490 1078/22/486 1087/25/490
f 1076/22/488 1088/25/489 1078/22/488
f 1087/25/489 1078/22/488 1088/25/489
f 1090/25/492 1084/24/489 1089/25/492
f 1084/24/489 1090/25/492 1083/24/489
f 1089/25/491 1084/24/490 1090/25/491
f 1083/24/490 1090/25/491 1084/24/490
f 1089/25/492 1075/22/485 1090/25/492
f 1075/22/485 1089/25/492 1077/22/485
f 1090/25/491 1075/22/487 1089/25/491
f 1077/22/487 1089/25/491 1075/22/487
f 1083/24/494 1081/23/494 1079/23/494
f 1081/23/494 1083/24/494 1085/24/494
f 1085/24/494 1083/24/494 1090/25/494
f 1085/24/494 1090/25/494 1088/25/494
f 1088/25/494 1090/25/494 1075/22/494
f 1088/25/494 1075/22/494 1076/22/494
f 1079/23/493 1081/23/493 1083/24/493
f 1085/24/493 1083/24/493 1081/23/493
f 1090/25/493 1083/24/493 1085/24/493
f 1088/25/493 1090/25/493 1085/24/493
f 1075/22/493 1090/25/493 1088/25/493
f 1076/22/493 1075/22/493 1088/25/493
f 1093/26/495 1092/27/496 1091/26/495
f 1092/27/496 1093/26/495 1094/27/496
f 1091/26/497 1092/27/498 1093/26/497
f 1094/27/498 1093/26/497 1092/27/498
f 1096/26/499 1091/26/495 1095/26/499
f 1091/26/495 1096/26/499 1093/26/495
f 1095/26/500 1091/26/497 1096/26/500
f 1093/26/497 1096/26/500 1091/26/497
f 1099/27/501 1098/28/498 1097/28/498
f 1098/28/498 1099/27/501 1100/27/501
f 1097/28/496 1098/28/496 1099/27/502
f 1100/27/502 1099/27/502 1098/28/496
f 1092/27/496 1102/28/502 1101/28/502
f 1102/28/502 1092/27/496 1094/27/496
f 1101/28/501 1102/28/501 1092/27/498
f 1094/27/498 1092/27/498 1102/28/501
f 1103/29/357 1099/27/357 1097/28/357
f 1099/27/357 1103/29/357 1096/26/357
f 1096/26/357 1103/29/357 1104/29/357
f 1096/26/357 1104/29/357 1093/26/357
f 1093/26/357 1104/29/357 1102/28/357
f 1093/26/357 1102/28/357 1094/27/357
f 1097/28/360 1099/27/360 1103/29/360
f 1096/26/360 1103/29/360 1099/27/360
f 1104/29/360 1103/29/360 1096/26/360
f 1093/26/360 1104/29/360 1096/26/360
f 1102/28/360 1104/29/360 1093/26/360
f 1094/27/360 1102/28/360 1093/26/360
f 1105/29/497 1097/28/498 1098/28/498
f 1097/28/498 1105/29/497 1103/29/497
f 1098/28/496 1097/28/496 1105/29/495
f 1103/29/495 1105/29/495 1097/28/496
f 1099/27/501 1095/26/499 1100/27/501
f 1095/26/499 1099/27/501 1096/26/499
f 1100/27/502 1095/26/500 1099/27/502
f 1096/26/500 1099/27/502 1095/26/500
f 1095/26/360 1098/28/360 1100/27/360
f 1098/28/360 1095/26/360 1105/29/360
f 1105/29/360 1095/26/360 1091/26/360
f 1105/29/360 1091/26/360 1106/29/360
f 1106/29/360 1091/26/360 1092/27/360
f 1106/29/360 1092/27/360 1101/28/360
f 1100/27/357 1098/28/357 1095/26/357
f 1105/29/357 1095/26/357 1098/28/357
f 1091/26/357 1095/26/357 1105/29/357
f 1106/29/357 1091/26/357 1105/29/357
f 1092/27/357 1091/26/357 1106/29/357
f 1101/28/357 1092/27/357 1106/29/357
f 1101/28/502 1104/29/500 1106/29/500
f 1104/29/500 1101/28/502 1102/28/502
f 1106/29/499 1104/29/499 1101/28/501
f 1102/28/501 1101/28/501 1104/29/499
f 1106/29/500 1103/29/497 1105/29/497
f 1103/29/497 1106/29/500 1104/29/500
f 1105/29/495 1103/29/495 1106/29/499
f 1104/29/499 1106/29/499 1103/29/495
f 1109/11/374 1108/12/373 1107/11/373
f 1108/12/373 1109/11/374 1110/12/374
f 1107/11/376 1108/12/376 1109/11/375
f 1110/12/375 1109/11/375 1108/12/376
f 1111/11/377 1110/12/374 1109/11/374
f 1110/12/374 1111/11/377 1112/12/377
f 1109/11/375 1110/12/375 1111/11/378
f 1112/12/378 1111/11/378 1110/12/375
f 1115/12/386 1114/11/379 1113/11/386
f 1114/11/379 1115/12/386 1116/12/379
f 1113/11/385 1114/11/380 1115/12/385
f 1116/12/380 1115/12/385 1114/11/380
f 1116/12/379 1111/11/377 1114/11/379
f 1111/11/377 1116/12/379 1112/12/377
f 1114/11/380 1111/11/378 1116/12/380
f 1112/12/378 1116/12/380 1111/11/378
f 1108/12/81 1118/12/81 1117/12/81
f 1118/12/81 1108/12/81 1110/12/81
f 1118/12/81 1110/12/81 1119/12/81
f 1119/12/81 1110/12/81 1112/12/81
f 1119/12/81 1112/12/81 1120/12/81
f 1120/12/81 1112/12/81 1116/12/81
f 1120/12/81 1116/12/81 1121/12/81
f 1121/12/81 1116/12/81 1115/12/81
f 1117/12/82 1118/12/82 1108/12/82
f 1110/12/82 1108/12/82 1118/12/82
f 1119/12/82 1110/12/82 1118/12/82
f 1112/12/82 1110/12/82 1119/12/82
f 1120/12/82 1112/12/82 1119/12/82
f 1116/12/82 1112/12/82 1120/12/82
f 1121/12/82 1116/12/82 1120/12/82
f 1115/12/82 1116/12/82 1121/12/82
f 1108/12/371 762/11/371 1107/11/371
f 762/11/371 1108/12/371 1117/12/371
f 1107/11/372 762/11/372 1108/12/372
f 1117/12/372 1108/12/372 762/11/372
f 770/11/383 1115/12/383 1113/11/383
f 1115/12/383 770/11/383 1121/12/383
f 1113/11/384 1115/12/384 770/11/384
f 1121/12/384 770/11/384 1115/12/384
f 1120/12/380 770/11/385 768/11/380
f 770/11/385 1120/12/380 1121/12/385
f 768/11/379 770/11/386 1120/12/379
f 1121/12/386 1120/12/379 770/11/386
f 1119/12/378 768/11/380 766/11/378
f 768/11/380 1119/12/378 1120/12/380
f 766/11/377 768/11/379 1119/12/377
f 1120/12/379 1119/12/377 768/11/379
f 1119/12/378 763/11/375 1118/12/375
f 763/11/375 1119/12/378 766/11/378
f 1118/12/374 763/11/374 1119/12/377
f 766/11/377 1119/12/377 763/11/374
f 1118/12/375 762/11/376 1117/12/376
f 762/11/376 1118/12/375 763/11/375
f 1117/12/373 762/11/373 1118/12/374
f 763/11/374 1118/12/374 762/11/373
f 1123/11/82 1122/11/82 85/11/82
f 1122/11/82 1123/11/82 86/11/82
f 1122/11/82 86/11/82 1124/11/82
f 1124/11/82 86/11/82 1125/11/82
f 1124/11/82 1125/11/82 1126/11/82
f 1126/11/82 1125/11/82 1127/11/82
f 1127/11/82 1125/11/82 88/11/82
f 1127/11/82 88/11/82 1128/11/82
f 85/11/81 1122/11/81 1123/11/81
f 86/11/81 1123/11/81 1122/11/81
f 1124/11/81 86/11/81 1122/11/81
f 1125/11/81 86/11/81 1124/11/81
f 1126/11/81 1125/11/81 1124/11/81
f 1127/11/81 1125/11/81 1126/11/81
f 88/11/81 1125/11/81 1127/11/81
f 1128/11/81 88/11/81 1127/11/81
f 1129/13/81 781/13/81 773/13/81
f 781/13/81 1129/13/81 780/13/81
f 780/13/81 1129/13/81 1130/13/81
f 780/13/81 1130/13/81 779/13/81
f 779/13/81 1130/13/81 1131/13/81
f 779/13/81 1131/13/81 1132/13/81
f 779/13/81 1132/13/81 778/13/81
f 778/13/81 1132/13/81 1133/13/81
f 773/13/82 781/13/82 1129/13/82
f 780/13/82 1129/13/82 781/13/82
f 1130/13/82 1129/13/82 780/13/82
f 779/13/82 1130/13/82 780/13/82
f 1131/13/82 1130/13/82 779/13/82
f 1132/13/82 1131/13/82 779/13/82
f 778/13/82 1132/13/82 779/13/82
f 1133/13/82 1132/13/82 778/13/82
f 1129/13/371 85/11/371 1122/11/371
f 85/11/371 1129/13/371 773/13/371
f 1122/11/372 85/11/372 1129/13/372
f 773/13/372 1129/13/372 85/11/372
f 1124/11/374 1129/13/373 1122/11/373
f 1129/13/373 1124/11/374 1130/13/374
f 1122/11/376 1129/13/376 1124/11/375
f 1130/13/375 1124/11/375 1129/13/376
f 1126/11/377 1130/13/374 1124/11/374
f 1130/13/374 1126/11/377 1131/13/377
f 1124/11/375 1130/13/375 1126/11/378
f 1131/13/378 1126/11/378 1130/13/375
f 1132/13/379 1126/11/377 1127/11/379
f 1126/11/377 1132/13/379 1131/13/377
f 1127/11/380 1126/11/378 1132/13/380
f 1131/13/378 1132/13/380 1126/11/378
f 1133/13/381 1127/11/379 1128/11/381
f 1127/11/379 1133/13/381 1132/13/379
f 1128/11/382 1127/11/380 1133/13/382
f 1132/13/380 1133/13/382 1127/11/380
f 88/11/383 1133/13/383 1128/11/383
f 1133/13/383 88/11/383 778/13/383
f 1128/11/384 1133/13/384 88/11/384
f 778/13/384 88/11/384 1133/13/384
f 779/13/380 88/11/385 1125/11/380
f 88/11/385 779/13/380 778/13/385
f 1125/11/379 88/11/386 779/13/379
f 778/13/386 779/13/379 88/11/386
f 780/13/378 1125/11/380 86/11/378
f 1125/11/380 780/13/378 779/13/380
f 86/11/377 1125/11/379 780/13/377
f 779/13/379 780/13/377 1125/11/379
f 780/13/378 1123/11/375 781/13/375
f 1123/11/375 780/13/378 86/11/378
f 781/13/374 1123/11/374 780/13/377
f 86/11/377 780/13/377 1123/11/374
f 781/13/375 85/11/376 773/13/376
f 85/11/376 781/13/375 1123/11/375
f 773/13/373 85/11/373 781/13/374
f 1123/11/374 781/13/374 85/11/373
f 1136/13/504 1135/11/503 1134/13/503
f 1135/11/503 1136/13/504 1137/11/504
f 1134/13/506 1135/11/506 1136/13/505
f 1137/11/505 1136/13/505 1135/11/506
f 1140/13/507 1139/11/508 1138/11/507
f 1139/11/508 1140/13/507 1141/13/508
f 1138/11/509 1139/11/510 1140/13/509
f 1141/13/510 1140/13/509 1139/11/510
f 1141/13/508 1142/11/511 1139/11/508
f 1142/11/511 1141/13/508 1143/13/511
f 1139/11/510 1142/11/512 1141/13/510
f 1143/13/512 1141/13/510 1142/11/512
f 1146/11/514 1145/13/513 1144/11/513
f 1145/13/513 1146/11/514 1147/13/514
f 1144/11/516 1145/13/516 1146/11/515
f 1147/13/515 1146/11/515 1145/13/516
f 1144/11/513 1140/13/507 1138/11/507
f 1140/13/507 1144/11/513 1145/13/513
f 1138/11/509 1140/13/509 1144/11/516
f 1145/13/516 1144/11/516 1140/13/509
f 1134/13/503 1142/11/511 1143/13/511
f 1142/11/511 1134/13/503 1135/11/503
f 1143/13/512 1142/11/512 1134/13/506
f 1135/11/506 1134/13/506 1142/11/512
f 1134/13/81 1147/13/81 1136/13/81
f 1147/13/81 1134/13/81 1143/13/81
f 1147/13/81 1143/13/81 1141/13/81
f 1147/13/81 1141/13/81 1140/13/81
f 1147/13/81 1140/13/81 1145/13/81
f 1136/13/82 1147/13/82 1134/13/82
f 1143/13/82 1134/13/82 1147/13/82
f 1141/13/82 1143/13/82 1147/13/82
f 1140/13/82 1141/13/82 1147/13/82
f 1145/13/82 1140/13/82 1147/13/82
f 1150/15/385 1149/14/385 1148/14/385
f 1149/14/385 1150/15/385 1151/15/385
f 1151/15/385 1150/15/385 1152/16/385
f 1151/15/385 1152/16/385 1153/16/385
f 1153/16/385 1152/16/385 1154/17/385
f 1153/16/385 1154/17/385 1155/17/385
f 1148/14/386 1149/14/386 1150/15/386
f 1151/15/386 1150/15/386 1149/14/386
f 1152/16/386 1150/15/386 1151/15/386
f 1153/16/386 1152/16/386 1151/15/386
f 1154/17/386 1152/16/386 1153/16/386
f 1155/17/386 1154/17/386 1153/16/386
f 1156/17/517 1153/16/518 1155/17/517
f 1153/16/518 1156/17/517 1157/16/518
f 1155/17/519 1153/16/520 1156/17/519
f 1157/16/520 1156/17/519 1153/16/520
f 1149/14/521 1158/14/519 1148/14/519
f 1158/14/519 1149/14/521 1159/14/521
f 1148/14/517 1158/14/517 1149/14/522
f 1159/14/522 1149/14/522 1158/14/517
f 1152/16/523 1161/15/520 1160/16/523
f 1161/15/520 1152/16/523 1150/15/520
f 1160/16/524 1161/15/518 1152/16/524
f 1150/15/518 1152/16/524 1161/15/518
f 1162/15/386 1158/14/386 1159/14/386
f 1158/14/386 1162/15/386 1161/15/386
f 1161/15/386 1162/15/386 1157/16/386
f 1161/15/386 1157/16/386 1160/16/386
f 1160/16/386 1157/16/386 1156/17/386
f 1160/16/386 1156/17/386 1163/17/386
f 1159/14/385 1158/14/385 1162/15/385
f 1161/15/385 1162/15/385 1158/14/385
f 1157/16/385 1162/15/385 1161/15/385
f 1160/16/385 1157/16/385 1161/15/385
f 1156/17/385 1157/16/385 1160/16/385
f 1163/17/385 1156/17/385 1160/16/385
f 1151/15/524 1157/16/518 1162/15/524
f 1157/16/518 1151/15/524 1153/16/518
f 1162/15/523 1157/16/520 1151/15/523
f 1153/16/520 1151/15/523 1157/16/520
f 1148/14/519 1161/15/520 1150/15/520
f 1161/15/520 1148/14/519 1158/14/519
f 1150/15/518 1161/15/518 1148/14/517
f 1158/14/517 1148/14/517 1161/15/518
f 1160/16/523 1154/17/522 1152/16/523
f 1154/17/522 1160/16/523 1163/17/522
f 1152/16/524 1154/17/521 1160/16/524
f 1163/17/521 1160/16/524 1154/17/521
f 1163/17/522 1155/17/517 1154/17/522
f 1155/17/517 1163/17/522 1156/17/517
f 1154/17/521 1155/17/519 1163/17/521
f 1156/17/519 1163/17/521 1155/17/519
f 1151/15/524 1159/14/521 1149/14/521
f 1159/14/521 1151/15/524 1162/15/524
f 1149/14/522 1159/14/522 1151/15/523
f 1162/15/523 1151/15/523 1159/14/522
f 1166/18/521 1165/18/519 1164/18/519
f 1165/18/519 1166/18/521 1167/18/521
f 1164/18/517 1165/18/517 1166/18/522
f 1167/18/522 1166/18/522 1165/18/517
f 1170/19/523 1169/20/522 1168/19/523
f 1169/20/522 1170/19/523 1171/20/522
f 1168/19/524 1169/20/521 1170/19/524
f 1171/20/521 1170/19/524 1169/20/521
f 1172/21/386 1165/18/386 1167/18/386
f 1165/18/386 1172/21/386 1173/21/386
f 1173/21/386 1172/21/386 1174/19/386
f 1173/21/386 1174/19/386 1170/19/386
f 1170/19/386 1174/19/386 1175/20/386
f 1170/19/386 1175/20/386 1171/20/386
f 1167/18/385 1165/18/385 1172/21/385
f 1173/21/385 1172/21/385 1165/18/385
f 1174/19/385 1172/21/385 1173/21/385
f 1170/19/385 1174/19/385 1173/21/385
f 1175/20/385 1174/19/385 1170/19/385
f 1171/20/385 1175/20/385 1170/19/385
f 1168/19/523 1173/21/520 1170/19/523
f 1173/21/520 1168/19/523 1176/21/520
f 1170/19/524 1173/21/518 1168/19/524
f 1176/21/518 1168/19/524 1173/21/518
f 1171/20/522 1177/20/517 1169/20/522
f 1177/20/517 1171/20/522 1175/20/517
f 1169/20/521 1177/20/519 1171/20/521
f 1175/20/519 1171/20/521 1177/20/519
f 1178/21/524 1174/19/518 1172/21/524
f 1174/19/518 1178/21/524 1179/19/518
f 1172/21/523 1174/19/520 1178/21/523
f 1179/19/520 1178/21/523 1174/19/520
f 1175/20/517 1179/19/518 1177/20/517
f 1179/19/518 1175/20/517 1174/19/518
f 1177/20/519 1179/19/520 1175/20/519
f 1174/19/520 1175/20/519 1179/19/520
f 1164/18/519 1173/21/520 1176/21/520
f 1173/21/520 1164/18/519 1165/18/519
f 1176/21/518 1173/21/518 1164/18/517
f 1165/18/517 1164/18/517 1173/21/518
f 1176/21/385 1166/18/385 1164/18/385
f 1166/18/385 1176/21/385 1178/21/385
f 1178/21/385 1176/21/385 1168/19/385
f 1178/21/385 1168/19/385 1179/19/385
f 1179/19/385 1168/19/385 1169/20/385
f 1179/19/385 1169/20/385 1177/20/385
f 1164/18/386 1166/18/386 1176/21/386
f 1178/21/386 1176/21/386 1166/18/386
f 1168/19/386 1176/21/386 1178/21/386
f 1179/19/386 1168/19/386 1178/21/386
f 1169/20/386 1168/19/386 1179/19/386
f 1177/20/386 1169/20/386 1179/19/386
f 1178/21/524 1167/18/521 1166/18/521
f 1167/18/521 1178/21/524 1172/21/524
f 1166/18/522 1167/18/522 1178/21/523
f 1172/21/523 1178/21/523 1167/18/522
f 1182/22/525 1181/22/526 1180/22/525
f 1181/22/526 1182/22/525 1183/22/526
f 1180/22/527 1181/22/528 1182/22/527
f 1183/22/528 1182/22/527 1181/22/528
f 1186/23/527 1185/23/528 1184/23/528
f 1185/23/528 1186/23/527 1187/23/527
f 1184/23/526 1185/23/526 1186/23/525
f 1187/23/525 1186/23/525 1185/23/526
f 1184/23/528 1189/24/529 1188/24/529
f 1189/24/529 1184/23/528 1185/23/528
f 1188/24/530 1189/24/530 1184/23/526
f 1185/23/526 1184/23/526 1189/24/530
f 1190/24/531 1187/23/527 1186/23/527
f 1187/23/527 1190/24/531 1191/24/531
f 1186/23/525 1187/23/525 1190/24/532
f 1191/24/532 1190/24/532 1187/23/525
f 1190/24/531 1192/25/530 1191/24/531
f 1192/25/530 1190/24/531 1193/25/530
f 1191/24/532 1192/25/529 1190/24/532
f 1193/25/529 1190/24/532 1192/25/529
f 1191/24/533 1185/23/533 1187/23/533
f 1185/23/533 1191/24/533 1189/24/533
f 1189/24/533 1191/24/533 1192/25/533
f 1189/24/533 1192/25/533 1194/25/533
f 1194/25/533 1192/25/533 1183/22/533
f 1194/25/533 1183/22/533 1182/22/533
f 1187/23/534 1185/23/534 1191/24/534
f 1189/24/534 1191/24/534 1185/23/534
f 1192/25/534 1191/24/534 1189/24/534
f 1194/25/534 1192/25/534 1189/24/534
f 1183/22/534 1192/25/534 1194/25/534
f 1182/22/534 1183/22/534 1194/25/534
f 1183/22/526 1193/25/530 1181/22/526
f 1193/25/530 1183/22/526 1192/25/530
f 1181/22/528 1193/25/529 1183/22/528
f 1192/25/529 1183/22/528 1193/25/529
f 1195/25/532 1189/24/529 1194/25/532
f 1189/24/529 1195/25/532 1188/24/529
f 1194/25/531 1189/24/530 1195/25/531
f 1188/24/530 1195/25/531 1189/24/530
f 1194/25/532 1180/22/525 1195/25/532
f 1180/22/525 1194/25/532 1182/22/525
f 1195/25/531 1180/22/527 1194/25/531
f 1182/22/527 1194/25/531 1180/22/527
f 1188/24/534 1186/23/534 1184/23/534
f 1186/23/534 1188/24/534 1190/24/534
f 1190/24/534 1188/24/534 1195/25/534
f 1190/24/534 1195/25/534 1193/25/534
f 1193/25/534 1195/25/534 1180/22/534
f 1193/25/534 1180/22/534 1181/22/534
f 1184/23/533 1186/23/533 1188/24/533
f 1190/24/533 1188/24/533 1186/23/533
f 1195/25/533 1188/24/533 1190/24/533
f 1193/25/533 1195/25/533 1190/24/533
f 1180/22/533 1195/25/533 1193/25/533
f 1181/22/533 1180/22/533 1193/25/533
f 1198/26/535 1197/27/536 1196/26/535
f 1197/27/536 1198/26/535 1199/27/536
f 1196/26/537 1197/27/538 1198/26/537
f 1199/27/538 1198/26/537 1197/27/538
f 1201/26/539 1196/26/535 1200/26/539
f 1196/26/535 1201/26/539 1198/26/535
f 1200/26/540 1196/26/537 1201/26/540
f 1198/26/537 1201/26/540 1196/26/537
f 1204/27/541 1203/28/538 1202/28/538
f 1203/28/538 1204/27/541 1205/27/541
f 1202/28/536 1203/28/536 1204/27/542
f 1205/27/542 1204/27/542 1203/28/536
f 1197/27/536 1207/28/542 1206/28/542
f 1207/28/542 1197/27/536 1199/27/536
f 1206/28/541 1207/28/541 1197/27/538
f 1199/27/538 1197/27/538 1207/28/541
f 1208/29/373 1204/27/373 1202/28/373
f 1204/27/373 1208/29/373 1201/26/373
f 1201/26/373 1208/29/373 1209/29/373
f 1201/26/373 1209/29/373 1198/26/373
f 1198/26/373 1209/29/373 1207/28/373
f 1198/26/373 1207/28/373 1199/27/373
f 1202/28/376 1204/27/376 1208/29/376
f 1201/26/376 1208/29/376 1204/27/376
f 1209/29/376 1208/29/376 1201/26/376
f 1198/26/376 1209/29/376 1201/26/376
f 1207/28/376 1209/29/376 1198/26/376
f 1199/27/376 1207/28/376 1198/26/376
f 1210/29/537 1202/28/538 1203/28/538
f 1202/28/538 1210/29/537 1208/29/537
f 1203/28/536 1202/28/536 1210/29/535
f 1208/29/535 1210/29/535 1202/28/536
f 1204/27/541 1200/26/539 1205/27/541
f 1200/26/539 1204/27/541 1201/26/539
f 1205/27/542 1200/26/540 1204/27/542
f 1201/26/540 1204/27/542 1200/26/540
f 1200/26/376 1203/28/376 1205/27/376
f 1203/28/376 1200/26/376 1210/29/376
f 1210/29/376 1200/26/376 1196/26/376
f 1210/29/376 1196/26/376 1211/29/376
f 1211/29/376 1196/26/376 1197/27/376
f 1211/29/376 1197/27/376 1206/28/376
f 1205/27/373 1203/28/373 1200/26/373
f 1210/29/373 1200/26/373 1203/28/373
f 1196/26/373 1200/26/373 1210/29/373
f 1211/29/373 1196/26/373 1210/29/373
f 1197/27/373 1196/26/373 1211/29/373
f 1206/28/373 1197/27/373 1211/29/373
f 1206/28/542 1209/29/540 1211/29/540
f 1209/29/540 1206/28/542 1207/28/542
f 1211/29/539 1209/29/539 1206/28/541
f 1207/28/541 1206/28/541 1209/29/539
f 1211/29/540 1208/29/537 1210/29/537
f 1208/29/537 1211/29/540 1209/29/540
f 1210/29/535 1208/29/535 1211/29/539
f 1209/29/539 1211/29/539 1208/29/535
f 1214/11/390 1213/12/389 1212/11/389
f 1213/12/389 1214/11/390 1215/12/390
f 1212/11/392 1213/12/392 1214/11/391
f 1215/12/391 1214/11/391 1213/12/392
f 1216/11/393 1215/12/390 1214/11/390
f 1215/12/390 1216/11/393 1217/12/393
f 1214/11/391 1215/12/391 1216/11/394
f 1217/12/394 1216/11/394 1215/12/391
f 1220/12/402 1219/11/395 1218/11/402
f 1219/11/395 1220/12/402 1221/12/395
f 1218/11/401 1219/11/396 1220/12/401
f 1221/12/396 1220/12/401 1219/11/396
f 1221/12/395 1216/11/393 1219/11/395
f 1216/11/393 1221/12/395 1217/12/393
f 1219/11/396 1216/11/394 1221/12/396
f 1217/12/394 1221/12/396 1216/11/394
f 1213/12/81 1223/12/81 1222/12/81
f 1223/12/81 1213/12/81 1215/12/81
f 1223/12/81 1215/12/81 1224/12/81
f 1224/12/81 1215/12/81 1217/12/81
f 1224/12/81 1217/12/81 1225/12/81
f 1225/12/81 1217/12/81 1221/12/81
f 1225/12/81 1221/12/81 1226/12/81
f 1226/12/81 1221/12/81 1220/12/81
f 1222/12/82 1223/12/82 1213/12/82
f 1215/12/82 1213/12/82 1223/12/82
f 1224/12/82 1215/12/82 1223/12/82
f 1217/12/82 1215/12/82 1224/12/82
f 1225/12/82 1217/12/82 1224/12/82
f 1221/12/82 1217/12/82 1225/12/82
f 1226/12/82 1221/12/82 1225/12/82
f 1220/12/82 1221/12/82 1226/12/82
f 1213/12/387 782/11/387 1212/11/387
f 782/11/387 1213/12/387 1222/12/387
f 1212/11/388 782/11/388 1213/12/388
f 1222/12/388 1213/12/388 782/11/388
f 790/11/399 1220/12/399 1218/11/399
f 1220/12/399 790/11/399 1226/12/399
f 1218/11/400 1220/12/400 790/11/400
f 1226/12/400 790/11/400 1220/12/400
f 1225/12/396 790/11/401 788/11/396
f 790/11/401 1225/12/396 1226/12/401
f 788/11/395 790/11/402 1225/12/395
f 1226/12/402 1225/12/395 790/11/402
f 1224/12/394 788/11/396 786/11/394
f 788/11/396 1224/12/394 1225/12/396
f 786/11/393 788/11/395 1224/12/393
f 1225/12/395 1224/12/393 788/11/395
f 1224/12/394 783/11/391 1223/12/391
f 783/11/391 1224/12/394 786/11/394
f 1223/12/390 783/11/390 1224/12/393
f 786/11/393 1224/12/393 783/11/390
f 1223/12/391 782/11/392 1222/12/392
f 782/11/392 1223/12/391 783/11/391
f 1222/12/389 782/11/389 1223/12/390
f 783/11/390 1223/12/390 782/11/389
f 1228/11/82 1227/11/82 129/11/82
f 1227/11/82 1228/11/82 130/11/82
f 1227/11/82 130/11/82 1229/11/82
f 1229/11/82 130/11/82 1230/11/82
f 1229/11/82 1230/11/82 1231/11/82
f 1231/11/82 1230/11/82 1232/11/82
f 1232/11/82 1230/11/82 132/11/82
f 1232/11/82 132/11/82 1233/11/82
f 129/11/81 1227/11/81 1228/11/81
f 130/11/81 1228/11/81 1227/11/81
f 1229/11/81 130/11/81 1227/11/81
f 1230/11/81 130/11/81 1229/11/81
f 1231/11/81 1230/11/81 1229/11/81
f 1232/11/81 1230/11/81 1231/11/81
f 132/11/81 1230/11/81 1232/11/81
f 1233/11/81 132/11/81 1232/11/81
f 1234/13/81 801/13/81 793/13/81
f 801/13/81 1234/13/81 800/13/81
f 800/13/81 1234/13/81 1235/13/81
f 800/13/81 1235/13/81 799/13/81
f 799/13/81 1235/13/81 1236/13/81
f 799/13/81 1236/13/81 1237/13/81
f 799/13/81 1237/13/81 798/13/81
f 798/13/81 1237/13/81 1238/13/81
f 793/13/82 801/13/82 1234/13/82
f 800/13/82 1234/13/82 801/13/82
f 1235/13/82 1234/13/82 800/13/82
f 799/13/82 1235/13/82 800/13/82
f 1236/13/82 1235/13/82 799/13/82
f 1237/13/82 1236/13/82 799/13/82
f 798/13/82 1237/13/82 799/13/82
f 1238/13/82 1237/13/82 798/13/82
f 1234/13/387 129/11/387 1227/11/387
f 129/11/387 1234/13/387 793/13/387
f 1227/11/388 129/11/388 1234/13/388
f 793/13/388 1234/13/388 129/11/388
f 1229/11/390 1234/13/389 1227/11/389
f 1234/13/389 1229/11/390 1235/13/390
f 1227/11/392 1234/13/392 1229/11/391
f 1235/13/391 1229/11/391 1234/13/392
f 1231/11/393 1235/13/390 1229/11/390
f 1235/13/390 1231/11/393 1236/13/393
f 1229/11/391 1235/13/391 1231/11/394
f 1236/13/394 1231/11/394 1235/13/391
f 1237/13/395 1231/11/393 1232/11/395
f 1231/11/393 1237/13/395 1236/13/393
f 1232/11/396 1231/11/394 1237/13/396
f 1236/13/394 1237/13/396 1231/11/394
f 1238/13/397 1232/11/395 1233/11/397
f 1232/11/395 1238/13/397 1237/13/395
f 1233/11/398 1232/11/396 1238/13/398
f 1237/13/396 1238/13/398 1232/11/396
f 132/11/399 1238/13/399 1233/11/399
f 1238/13/399 132/11/399 798/13/399
f 1233/11/400 1238/13/400 132/11/400
f 798/13/400 132/11/400 1238/13/400
f 799/13/396 132/11/401 1230/11/396
f 132/11/401 799/13/396 798/13/401
f 1230/11/395 132/11/402 799/13/395
f 798/13/402 799/13/395 132/11/402
f 800/13/394 1230/11/396 130/11/394
f 1230/11/396 800/13/394 799/13/396
f 130/11/393 1230/11/395 800/13/393
f 799/13/395 800/13/393 1230/11/395
f 800/13/394 1228/11/391 801/13/391
f 1228/11/391 800/13/394 130/11/394
f 801/13/390 1228/11/390 800/13/393
f 130/11/393 800/13/393 1228/11/390
f 801/13/391 129/11/392 793/13/392
f 129/11/392 801/13/391 1228/11/391
f 793/13/389 129/11/389 801/13/390
f 1228/11/390 801/13/390 129/11/389
f 1241/13/544 1240/11/543 1239/13/543
f 1240/11/543 1241/13/544 1242/11/544
f 1239/13/546 1240/11/546 1241/13/545
f 1242/11/545 1241/13/545 1240/11/546
f 1245/13/547 1244/11/548 1243/11/547
f 1244/11/548 1245/13/547 1246/13/548
f 1243/11/549 1244/11/550 1245/13/549
f 1246/13/550 1245/13/549 1244/11/550
f 1246/13/548 1247/11/551 1244/11/548
f 1247/11/551 1246/13/548 1248/13/551
f 1244/11/550 1247/11/552 1246/13/550
f 1248/13/552 1246/13/550 1247/11/552
f 1251/11/554 1250/13/553 1249/11/553
f 1250/13/553 1251/11/554 1252/13/554
f 1249/11/556 1250/13/556 1251/11/555
f 1252/13/555 1251/11/555 1250/13/556
f 1249/11/553 1245/13/547 1243/11/547
f 1245/13/547 1249/11/553 1250/13/553
f 1243/11/549 1245/13/549 1249/11/556
f 1250/13/556 1249/11/556 1245/13/549
f 1239/13/543 1247/11/551 1248/13/551
f 1247/11/551 1239/13/543 1240/11/543
f 1248/13/552 1247/11/552 1239/13/546
f 1240/11/546 1239/13/546 1247/11/552
f 1239/13/81 1252/13/81 1241/13/81
f 1252/13/81 1239/13/81 1248/13/81
f 1252/13/81 1248/13/81 1246/13/81
f 1252/13/81 1246/13/81 1245/13/81
f 1252/13/81 1245/13/81 1250/13/81
f 1241/13/82 1252/13/82 1239/13/82
f 1248/13/82 1239/13/82 1252/13/82
f 1246/13/82 1248/13/82 1252/13/82
f 1245/13/82 1246/13/82 1252/13/82
f 1250/13/82 1245/13/82 1252/13/82
f 1255/15/401 1254/14/401 1253/14/401
f 1254/14/401 1255/15/401 1256/15/401
f 1256/15/401 1255/15/401 1257/16/401
f 1256/15/401 1257/16/401 1258/16/401
f 1258/16/401 1257/16/401 1259/17/401
f 1258/16/401 1259/17/401 1260/17/401
f 1253/14/402 1254/14/402 1255/15/402
f 1256/15/402 1255/15/402 1254/14/402
f 1257/16/402 1255/15/402 1256/15/402
f 1258/16/402 1257/16/402 1256/15/402
f 1259/17/402 1257/16/402 1258/16/402
f 1260/17/402 1259/17/402 1258/16/402
f 1261/17/557 1258/16/558 1260/17/557
f 1258/16/558 1261/17/557 1262/16/558
f 1260/17/559 1258/16/560 1261/17/559
f 1262/16/560 1261/17/559 1258/16/560
f 1254/14/561 1263/14/559 1253/14/559
f 1263/14/559 1254/14/561 1264/14/561
f 1253/14/557 1263/14/557 1254/14/562
f 1264/14/562 1254/14/562 1263/14/557
f 1257/16/563 1266/15/560 1265/16/563
f 1266/15/560 1257/16/563 1255/15/560
f 1265/16/564 1266/15/558 1257/16/564
f 1255/15/558 1257/16/564 1266/15/558
f 1267/15/402 1263/14/402 1264/14/402
f 1263/14/402 1267/15/402 1266/15/402
f 1266/15/402 1267/15/402 1262/16/402
f 1266/15/402 1262/16/402 1265/16/402
f 1265/16/402 1262/16/402 1261/17/402
f 1265/16/402 1261/17/402 1268/17/402
f 1264/14/401 1263/14/401 1267/15/401
f 1266/15/401 1267/15/401 1263/14/401
f 1262/16/401 1267/15/401 1266/15/401
f 1265/16/401 1262/16/401 1266/15/401
f 1261/17/401 1262/16/401 1265/16/401
f 1268/17/401 1261/17/401 1265/16/401
f 1256/15/564 1262/16/558 1267/15/564
f 1262/16/558 1256/15/564 1258/16/558
f 1267/15/563 1262/16/560 1256/15/563
f 1258/16/560 1256/15/563 1262/16/560
f 1253/14/559 1266/15/560 1255/15/560
f 1266/15/560 1253/14/559 1263/14/559
f 1255/15/558 1266/15/558 1253/14/557
f 1263/14/557 1253/14/557 1266/15/558
f 1265/16/563 1259/17/562 1257/16/563
f 1259/17/562 1265/16/563 1268/17/562
f 1257/16/564 1259/17/561 1265/16/564
f 1268/17/561 1265/16/564 1259/17/561
f 1268/17/562 1260/17/557 1259/17/562
f 1260/17/557 1268/17/562 1261/17/557
f 1259/17/561 1260/17/559 1268/17/561
f 1261/17/559 1268/17/561 1260/17/559
f 1256/15/564 1264/14/561 1254/14/561
f 1264/14/561 1256/15/564 1267/15/564
f 1254/14/562 1264/14/562 1256/15/563
f 1267/15/563 1256/15/563 1264/14/562
f 1271/18/561 1270/18/559 1269/18/559
f 1270/18/559 1271/18/561 1272/18/561
f 1269/18/557 1270/18/557 1271/18/562
f 1272/18/562 1271/18/562 1270/18/557
f 1275/19/563 1274/20/562 1273/19/563
f 1274/20/562 1275/19/563 1276/20/562
f 1273/19/564 1274/20/561 1275/19/564
f 1276/20/561 1275/19/564 1274/20/561
f 1277/21/402 1270/18/402 1272/18/402
f 1270/18/402 1277/21/402 1278/21/402
f 1278/21/402 1277/21/402 1279/19/402
f 1278/21/402 1279/19/402 1275/19/402
f 1275/19/402 1279/19/402 1280/20/402
f 1275/19/402 1280/20/402 1276/20/402
f 1272/18/401 1270/18/401 1277/21/401
f 1278/21/401 1277/21/401 1270/18/401
f 1279/19/401 1277/21/401 1278/21/401
f 1275/19/401 1279/19/401 1278/21/401
f 1280/20/401 1279/19/401 1275/19/401
f 1276/20/401 1280/20/401 1275/19/401
f 1273/19/563 1278/21/560 1275/19/563
f 1278/21/560 1273/19/563 1281/21/560
f 1275/19/564 1278/21/558 1273/19/564
f 1281/21/558 1273/19/564 1278/21/558
f 1276/20/562 1282/20/557 1274/20/562
f 1282/20/557 1276/20/562 1280/20/557
f 1274/20/561 1282/20/559 1276/20/561
f 1280/20/559 1276/20/561 1282/20/559
f 1283/21/564 1279/19/558 1277/21/564
f 1279/19/558 1283/21/564 1284/19/558
f 1277/21/563 1279/19/560 1283/21/563
f 1284/19/560 1283/21/563 1279/19/560
f 1280/20/557 1284/19/558 1282/20/557
f 1284/19/558 1280/20/557 1279/19/558
f 1282/20/559 1284/19/560 1280/20/559
f 1279/19/560 1280/20/559 1284/19/560
f 1269/18/559 1278/21/560 1281/21/560
f 1278/21/560 1269/18/559 1270/18/559
f 1281/21/558 1278/21/558 1269/18/557
f 1270/18/557 1269/18/557 1278/21/558
f 1281/21/401 1271/18/401 1269/18/401
f 1271/18/401 1281/21/401 1283/21/401
f 1283/21/401 1281/21/401 1273/19/401
f 1283/21/401 1273/19/401 1284/19/401
f 1284/19/401 1273/19/401 1274/20/401
f 1284/19/401 1274/20/401 1282/20/401
f 1269/18/402 1271/18/402 1281/21/402
f 1283/21/402 1281/21/402 1271/18/402
f 1273/19/402 1281/21/402 1283/21/402
f 1284/19/402 1273/19/402 1283/21/402
f 1274/20/402 1273/19/402 1284/19/402
f 1282/20/402 1274/20/402 1284/19/402
f 1283/21/564 1272/18/561 1271/18/561
f 1272/18/561 1283/21/564 1277/21/564
f 1271/18/562 1272/18/562 1283/21/563
f 1277/21/563 1283/21/563 1272/18/562
f 1287/22/565 1286/22/566 1285/22/565
f 1286/22/566 1287/22/565 1288/22/566
f 1285/22/567 1286/22/568 1287/22/567
f 1288/22/568 1287/22/567 1286/22/568
f 1291/23/567 1290/23/568 1289/23/568
f 1290/23/568 1291/23/567 1292/23/567
f 1289/23/566 1290/23/566 1291/23/565
f 1292/23/565 1291/23/565 1290/23/566
f 1289/23/568 1294/24/569 1293/24/569
f 1294/24/569 1289/23/568 1290/23/568
f 1293/24/570 1294/24/570 1289/23/566
f 1290/23/566 1289/23/566 1294/24/570
f 1295/24/571 1292/23/567 1291/23/567
f 1292/23/567 1295/24/571 1296/24/571
f 1291/23/565 1292/23/565 1295/24/572
f 1296/24/572 1295/24/572 1292/23/565
f 1295/24/571 1297/25/570 1296/24/571
f 1297/25/570 1295/24/571 1298/25/570
f 1296/24/572 1297/25/569 1295/24/572
f 1298/25/569 1295/24/572 1297/25/569
f 1296/24/573 1290/23/573 1292/23/573
f 1290/23/573 1296/24/573 1294/24/573
f 1294/24/573 1296/24/573 1297/25/573
f 1294/24/573 1297/25/573 1299/25/573
f 1299/25/573 1297/25/573 1288/22/573
f 1299/25/573 1288/22/573 1287/22/573
f 1292/23/574 1290/23/574 1296/24/574
f 1294/24/574 1296/24/574 1290/23/574
f 1297/25/574 1296/24/574 1294/24/574
f 1299/25/574 1297/25/574 1294/24/574
f 1288/22/574 1297/25/574 1299/25/574
f 1287/22/574 1288/22/574 1299/25/574
f 1288/22/566 1298/25/570 1286/22/566
f 1298/25/570 1288/22/566 1297/25/570
f 1286/22/568 1298/25/569 1288/22/568
f 1297/25/569 1288/22/568 1298/25/569
f 1300/25/572 1294/24/569 1299/25/572
f 1294/24/569 1300/25/572 1293/24/569
f 1299/25/571 1294/24/570 1300/25/571
f 1293/24/570 1300/25/571 1294/24/570
f 1299/25/572 1285/22/565 1300/25/572
f 1285/22/565 1299/25/572 1287/22/565
f 1300/25/571 1285/22/567 1299/25/571
f 1287/22/567 1299/25/571 1285/22/567
f 1293/24/574 1291/23/574 1289/23/574
f 1291/23/574 1293/24/574 1295/24/574
f 1295/24/574 1293/24/574 1300/25/574
f 1295/24/574 1300/25/574 1298/25/574
f 1298/25/574 1300/25/574 1285/22/574
f 1298/25/574 1285/22/574 1286/22/574
f 1289/23/573 1291/23/573 1293/24/573
f 1295/24/573 1293/24/573 1291/23/573
f 1300/25/573 1293/24/573 1295/24/573
f 1298/25/573 1300/25/573 1295/24/573
f 1285/22/573 1300/25/573 1298/25/573
f 1286/22/573 1285/22/573 1298/25/573
f 1303/26/575 1302/27/576 1301/26/575
f 1302/27/576 1303/26/575 1304/27/576
f 1301/26/577 1302/27/578 1303/26/577
f 1304/27/578 1303/26/577 1302/27/578
f 1306/26/579 1301/26/575 1305/26/579
f 1301/26/575 1306/26/579 1303/26/575
f 1305/26/580 1301/26/577 1306/26/580
f 1303/26/577 1306/26/580 1301/26/577
f 1309/27/581 1308/28/578 1307/28/578
f 1308/28/578 1309/27/581 1310/27/581
f 1307/28/576 1308/28/576 1309/27/582
f 1310/27/582 1309/27/582 1308/28/576
f 1302/27/576 1312/28/582 1311/28/582
f 1312/28/582 1302/27/576 1304/27/576
f 1311/28/581 1312/28/581 1302/27/578
f 1304/27/578 1302/27/578 1312/28/581
f 1313/29/389 1309/27/389 1307/28/389
f 1309/27/389 1313/29/389 1306/26/389
f 1306/26/389 1313/29/389 1314/29/389
f 1306/26/389 1314/29/389 1303/26/389
f 1303/26/389 1314/29/389 1312/28/389
f 1303/26/389 1312/28/389 1304/27/389
f 1307/28/392 1309/27/392 1313/29/392
f 1306/26/392 1313/29/392 1309/27/392
f 1314/29/392 1313/29/392 1306/26/392
f 1303/26/392 1314/29/392 1306/26/392
f 1312/28/392 1314/29/392 1303/26/392
f 1304/27/392 1312/28/392 1303/26/392
f 1315/29/577 1307/28/578 1308/28/578
f 1307/28/578 1315/29/577 1313/29/577
f 1308/28/576 1307/28/576 1315/29/575
f 1313/29/575 1315/29/575 1307/28/576
f 1309/27/581 1305/26/579 1310/27/581
f 1305/26/579 1309/27/581 1306/26/579
f 1310/27/582 1305/26/580 1309/27/582
f 1306/26/580 1309/27/582 1305/26/580
f 1305/26/392 1308/28/392 1310/27/392
f 1308/28/392 1305/26/392 1315/29/392
f 1315/29/392 1305/26/392 1301/26/392
f 1315/29/392 1301/26/392 1316/29/392
f 1316/29/392 1301/26/392 1302/27/392
f 1316/29/392 1302/27/392 1311/28/392
f 1310/27/389 1308/28/389 1305/26/389
f 1315/29/389 1305/26/389 1308/28/389
f 1301/26/389 1305/26/389 1315/29/389
f 1316/29/389 1301/26/389 1315/29/389
f 1302/27/389 1301/26/389 1316/29/389
f 1311/28/389 1302/27/389 1316/29/389
f 1311/28/582 1314/29/580 1316/29/580
f 1314/29/580 1311/28/582 1312/28/582
f 1316/29/579 1314/29/579 1311/28/581
f 1312/28/581 1311/28/581 1314/29/579
f 1316/29/580 1313/29/577 1315/29/577
f 1313/29/577 1316/29/580 1314/29/580
f 1315/29/575 1313/29/575 1316/29/579
f 1314/29/579 1316/29/579 1313/29/575
f 1319/11/375 1318/12/405 1317/11/405
f 1318/12/405 1319/11/375 1320/12/375
f 1317/11/406 1318/12/406 1319/11/374
f 1320/12/374 1319/11/374 1318/12/406
f 1321/11/378 1320/12/375 1319/11/375
f 1320/12/375 1321/11/378 1322/12/378
f 1319/11/374 1320/12/374 1321/11/377
f 1322/12/377 1321/11/377 1320/12/374
f 1325/12/410 1324/11/380 1323/11/410
f 1324/11/380 1325/12/410 1326/12/380
f 1323/11/409 1324/11/379 1325/12/409
f 1326/12/379 1325/12/409 1324/11/379
f 1326/12/380 1321/11/378 1324/11/380
f 1321/11/378 1326/12/380 1322/12/378
f 1324/11/379 1321/11/377 1326/12/379
f 1322/12/377 1326/12/379 1321/11/377
f 1318/12/81 1328/12/81 1327/12/81
f 1328/12/81 1318/12/81 1320/12/81
f 1328/12/81 1320/12/81 1329/12/81
f 1329/12/81 1320/12/81 1322/12/81
f 1329/12/81 1322/12/81 1330/12/81
f 1330/12/81 1322/12/81 1326/12/81
f 1330/12/81 1326/12/81 1331/12/81
f 1331/12/81 1326/12/81 1325/12/81
f 1327/12/82 1328/12/82 1318/12/82
f 1320/12/82 1318/12/82 1328/12/82
f 1329/12/82 1320/12/82 1328/12/82
f 1322/12/82 1320/12/82 1329/12/82
f 1330/12/82 1322/12/82 1329/12/82
f 1326/12/82 1322/12/82 1330/12/82
f 1331/12/82 1326/12/82 1330/12/82
f 1325/12/82 1326/12/82 1331/12/82
f 1318/12/403 802/11/403 1317/11/403
f 802/11/403 1318/12/403 1327/12/403
f 1317/11/404 802/11/404 1318/12/404
f 1327/12/404 1318/12/404 802/11/404
f 810/11/407 1325/12/407 1323/11/407
f 1325/12/407 810/11/407 1331/12/407
f 1323/11/408 1325/12/408 810/11/408
f 1331/12/408 810/11/408 1325/12/408
f 1330/12/379 810/11/409 808/11/379
f 810/11/409 1330/12/379 1331/12/409
f 808/11/380 810/11/410 1330/12/380
f 1331/12/410 1330/12/380 810/11/410
f 1329/12/377 808/11/379 806/11/377
f 808/11/379 1329/12/377 1330/12/379
f 806/11/378 808/11/380 1329/12/378
f 1330/12/380 1329/12/378 808/11/380
f 1329/12/377 803/11/374 1328/12/374
f 803/11/374 1329/12/377 806/11/377
f 1328/12/375 803/11/375 1329/12/378
f 806/11/378 1329/12/378 803/11/375
f 1328/12/374 802/11/406 1327/12/406
f 802/11/406 1328/12/374 803/11/374
f 1327/12/405 802/11/405 1328/12/375
f 803/11/375 1328/12/375 802/11/405
f 1333/11/82 1332/11/82 173/11/82
f 1332/11/82 1333/11/82 174/11/82
f 1332/11/82 174/11/82 1334/11/82
f 1334/11/82 174/11/82 1335/11/82
f 1334/11/82 1335/11/82 1336/11/82
f 1336/11/82 1335/11/82 1337/11/82
f 1337/11/82 1335/11/82 176/11/82
f 1337/11/82 176/11/82 1338/11/82
f 173/11/81 1332/11/81 1333/11/81
f 174/11/81 1333/11/81 1332/11/81
f 1334/11/81 174/11/81 1332/11/81
f 1335/11/81 174/11/81 1334/11/81
f 1336/11/81 1335/11/81 1334/11/81
f 1337/11/81 1335/11/81 1336/11/81
f 176/11/81 1335/11/81 1337/11/81
f 1338/11/81 176/11/81 1337/11/81
f 1339/13/81 821/13/81 813/13/81
f 821/13/81 1339/13/81 820/13/81
f 820/13/81 1339/13/81 1340/13/81
f 820/13/81 1340/13/81 819/13/81
f 819/13/81 1340/13/81 1341/13/81
f 819/13/81 1341/13/81 1342/13/81
f 819/13/81 1342/13/81 818/13/81
f 818/13/81 1342/13/81 1343/13/81
f 813/13/82 821/13/82 1339/13/82
f 820/13/82 1339/13/82 821/13/82
f 1340/13/82 1339/13/82 820/13/82
f 819/13/82 1340/13/82 820/13/82
f 1341/13/82 1340/13/82 819/13/82
f 1342/13/82 1341/13/82 819/13/82
f 818/13/82 1342/13/82 819/13/82
f 1343/13/82 1342/13/82 818/13/82
f 1339/13/403 173/11/403 1332/11/403
f 173/11/403 1339/13/403 813/13/403
f 1332/11/404 173/11/404 1339/13/404
f 813/13/404 1339/13/404 173/11/404
f 1334/11/375 1339/13/405 1332/11/405
f 1339/13/405 1334/11/375 1340/13/375
f 1332/11/406 1339/13/406 1334/11/374
f 1340/13/374 1334/11/374 1339/13/406
f 1336/11/378 1340/13/375 1334/11/375
f 1340/13/375 1336/11/378 1341/13/378
f 1334/11/374 1340/13/374 1336/11/377
f 1341/13/377 1336/11/377 1340/13/374
f 1342/13/380 1336/11/378 1337/11/380
f 1336/11/378 1342/13/380 1341/13/378
f 1337/11/379 1336/11/377 1342/13/379
f 1341/13/377 1342/13/379 1336/11/377
f 1343/13/385 1337/11/380 1338/11/385
f 1337/11/380 1343/13/385 1342/13/380
f 1338/11/386 1337/11/379 1343/13/386
f 1342/13/379 1343/13/386 1337/11/379
f 176/11/407 1343/13/407 1338/11/407
f 1343/13/407 176/11/407 818/13/407
f 1338/11/408 1343/13/408 176/11/408
f 818/13/408 176/11/408 1343/13/408
f 819/13/379 176/11/409 1335/11/379
f 176/11/409 819/13/379 818/13/409
f 1335/11/380 176/11/410 819/13/380
f 818/13/410 819/13/380 176/11/410
f 820/13/377 1335/11/379 174/11/377
f 1335/11/379 820/13/377 819/13/379
f 174/11/378 1335/11/380 820/13/378
f 819/13/380 820/13/378 1335/11/380
f 820/13/377 1333/11/374 821/13/374
f 1333/11/374 820/13/377 174/11/377
f 821/13/375 1333/11/375 820/13/378
f 174/11/378 820/13/378 1333/11/375
f 821/13/374 173/11/406 813/13/406
f 173/11/406 821/13/374 1333/11/374
f 813/13/405 173/11/405 821/13/375
f 1333/11/375 821/13/375 173/11/405
f 1346/13/505 1345/11/506 1344/13/506
f 1345/11/506 1346/13/505 1347/11/505
f 1344/13/503 1345/11/503 1346/13/504
f 1347/11/504 1346/13/504 1345/11/503
f 1350/13/509 1349/11/510 1348/11/509
f 1349/11/510 1350/13/509 1351/13/510
f 1348/11/507 1349/11/508 1350/13/507
f 1351/13/508 1350/13/507 1349/11/508
f 1351/13/510 1352/11/512 1349/11/510
f 1352/11/512 1351/13/510 1353/13/512
f 1349/11/508 1352/11/511 1351/13/508
f 1353/13/511 1351/13/508 1352/11/511
f 1356/11/515 1355/13/516 1354/11/516
f 1355/13/516 1356/11/515 1357/13/515
f 1354/11/513 1355/13/513 1356/11/514
f 1357/13/514 1356/11/514 1355/13/513
f 1354/11/516 1350/13/509 1348/11/509
f 1350/13/509 1354/11/516 1355/13/516
f 1348/11/507 1350/13/507 1354/11/513
f 1355/13/513 1354/11/513 1350/13/507
f 1344/13/506 1352/11/512 1353/13/512
f 1352/11/512 1344/13/506 1345/11/506
f 1353/13/511 1352/11/511 1344/13/503
f 1345/11/503 1344/13/503 1352/11/511
f 1344/13/81 1357/13/81 1346/13/81
f 1357/13/81 1344/13/81 1353/13/81
f 1357/13/81 1353/13/81 1351/13/81
f 1357/13/81 1351/13/81 1350/13/81
f 1357/13/81 1350/13/81 1355/13/81
f 1346/13/82 1357/13/82 1344/13/82
f 1353/13/82 1344/13/82 1357/13/82
f 1351/13/82 1353/13/82 1357/13/82
f 1350/13/82 1351/13/82 1357/13/82
f 1355/13/82 1350/13/82 1357/13/82
f 1360/15/409 1359/14/409 1358/14/409
f 1359/14/409 1360/15/409 1361/15/409
f 1361/15/409 1360/15/409 1362/16/409
f 1361/15/409 1362/16/409 1363/16/409
f 1363/16/409 1362/16/409 1364/17/409
f 1363/16/409 1364/17/409 1365/17/409
f 1358/14/410 1359/14/410 1360/15/410
f 1361/15/410 1360/15/410 1359/14/410
f 1362/16/410 1360/15/410 1361/15/410
f 1363/16/410 1362/16/410 1361/15/410
f 1364/17/410 1362/16/410 1363/16/410
f 1365/17/410 1364/17/410 1363/16/410
f 1366/17/583 1363/16/584 1365/17/583
f 1363/16/584 1366/17/583 1367/16/584
f 1365/17/585 1363/16/586 1366/17/585
f 1367/16/586 1366/17/585 1363/16/586
f 1359/14/587 1368/14/585 1358/14/585
f 1368/14/585 1359/14/587 1369/14/587
f 1358/14/583 1368/14/583 1359/14/588
f 1369/14/588 1359/14/588 1368/14/583
f 1362/16/589 1371/15/586 1370/16/589
f 1371/15/586 1362/16/589 1360/15/586
f 1370/16/590 1371/15/584 1362/16/590
f 1360/15/584 1362/16/590 1371/15/584
f 1372/15/410 1368/14/410 1369/14/410
f 1368/14/410 1372/15/410 1371/15/410
f 1371/15/410 1372/15/410 1367/16/410
f 1371/15/410 1367/16/410 1370/16/410
f 1370/16/410 1367/16/410 1366/17/410
f 1370/16/410 1366/17/410 1373/17/410
f 1369/14/409 1368/14/409 1372/15/409
f 1371/15/409 1372/15/409 1368/14/409
f 1367/16/409 1372/15/409 1371/15/409
f 1370/16/409 1367/16/409 1371/15/409
f 1366/17/409 1367/16/409 1370/16/409
f 1373/17/409 1366/17/409 1370/16/409
f 1361/15/590 1367/16/584 1372/15/590
f 1367/16/584 1361/15/590 1363/16/584
f 1372/15/589 1367/16/586 1361/15/589
f 1363/16/586 1361/15/589 1367/16/586
f 1358/14/585 1371/15/586 1360/15/586
f 1371/15/586 1358/14/585 1368/14/585
f 1360/15/584 1371/15/584 1358/14/583
f 1368/14/583 1358/14/583 1371/15/584
f 1370/16/589 1364/17/588 1362/16/589
f 1364/17/588 1370/16/589 1373/17/588
f 1362/16/590 1364/17/587 1370/16/590
f 1373/17/587 1370/16/590 1364/17/587
f 1373/17/588 1365/17/583 1364/17/588
f 1365/17/583 1373/17/588 1366/17/583
f 1364/17/587 1365/17/585 1373/17/587
f 1366/17/585 1373/17/587 1365/17/585
f 1361/15/590 1369/14/587 1359/14/587
f 1369/14/587 1361/15/590 1372/15/590
f 1359/14/588 1369/14/588 1361/15/589
f 1372/15/589 1361/15/589 1369/14/588
f 1376/18/587 1375/18/585 1374/18/585
f 1375/18/585 1376/18/587 1377/18/587
f 1374/18/583 1375/18/583 1376/18/588
f 1377/18/588 1376/18/588 1375/18/583
f 1380/19/589 1379/20/588 1378/19/589
f 1379/20/588 1380/19/589 1381/20/588
f 1378/19/590 1379/20/587 1380/19/590
f 1381/20/587 1380/19/590 1379/20/587
f 1382/21/410 1375/18/410 1377/18/410
f 1375/18/410 1382/21/410 1383/21/410
f 1383/21/410 1382/21/410 1384/19/410
f 1383/21/410 1384/19/410 1380/19/410
f 1380/19/410 1384/19/410 1385/20/410
f 1380/19/410 1385/20/410 1381/20/410
f 1377/18/409 1375/18/409 1382/21/409
f 1383/21/409 1382/21/409 1375/18/409
f 1384/19/409 1382/21/409 1383/21/409
f 1380/19/409 1384/19/409 1383/21/409
f 1385/20/409 1384/19/409 1380/19/409
f 1381/20/409 1385/20/409 1380/19/409
f 1378/19/589 1383/21/586 1380/19/589
f 1383/21/586 1378/19/589 1386/21/586
f 1380/19/590 1383/21/584 1378/19/590
f 1386/21/584 1378/19/590 1383/21/584
f 1381/20/588 1387/20/583 1379/20/588
f 1387/20/583 1381/20/588 1385/20/583
f 1379/20/587 1387/20/585 1381/20/587
f 1385/20/585 1381/20/587 1387/20/585
f 1388/21/590 1384/19/584 1382/21/590
f 1384/19/584 1388/21/590 1389/19/584
f 1382/21/589 1384/19/586 1388/21/589
f 1389/19/586 1388/21/589 1384/19/586
f 1385/20/583 1389/19/584 1387/20/583
f 1389/19/584 1385/20/583 1384/19/584
f 1387/20/585 1389/19/586 1385/20/585
f 1384/19/586 1385/20/585 1389/19/586
f 1374/18/585 1383/21/586 1386/21/586
f 1383/21/586 1374/18/585 1375/18/585
f 1386/21/584 1383/21/584 1374/18/583
f 1375/18/583 1374/18/583 1383/21/584
f 1386/21/409 1376/18/409 1374/18/409
f 1376/18/409 1386/21/409 1388/21/409
f 1388/21/409 1386/21/409 1378/19/409
f 1388/21/409 1378/19/409 1389/19/409
f 1389/19/409 1378/19/409 1379/20/409
f 1389/19/409 1379/20/409 1387/20/409
f 1374/18/410 1376/18/410 1386/21/410
f 1388/21/410 1386/21/410 1376/18/410
f 1378/19/410 1386/21/410 1388/21/410
f 1389/19/410 1378/19/410 1388/21/410
f 1379/20/410 1378/19/410 1389/19/410
f 1387/20/410 1379/20/410 1389/19/410
f 1388/21/590 1377/18/587 1376/18/587
f 1377/18/587 1388/21/590 1382/21/590
f 1376/18/588 1377/18/588 1388/21/589
f 1382/21/589 1388/21/589 1377/18/588
f 1392/22/526 1391/22/525 1390/22/526
f 1391/22/525 1392/22/526 1393/22/525
f 1390/22/528 1391/22/527 1392/22/528
f 1393/22/527 1392/22/528 1391/22/527
f 1396/23/528 1395/23/527 1394/23/527
f 1395/23/527 1396/23/528 1397/23/528
f 1394/23/525 1395/23/525 1396/23/526
f 1397/23/526 1396/23/526 1395/23/525
f 1394/23/527 1399/24/531 1398/24/531
f 1399/24/531 1394/23/527 1395/23/527
f 1398/24/532 1399/24/532 1394/23/525
f 1395/23/525 1394/23/525 1399/24/532
f 1400/24/529 1397/23/528 1396/23/528
f 1397/23/528 1400/24/529 1401/24/529
f 1396/23/526 1397/23/526 1400/24/530
f 1401/24/530 1400/24/530 1397/23/526
f 1400/24/529 1402/25/532 1401/24/529
f 1402/25/532 1400/24/529 1403/25/532
f 1401/24/530 1402/25/531 1400/24/530
f 1403/25/531 1400/24/530 1402/25/531
f 1401/24/534 1395/23/534 1397/23/534
f 1395/23/534 1401/24/534 1399/24/534
f 1399/24/534 1401/24/534 1402/25/534
f 1399/24/534 1402/25/534 1404/25/534
f 1404/25/534 1402/25/534 1393/22/534
f 1404/25/534 1393/22/534 1392/22/534
f 1397/23/533 1395/23/533 1401/24/533
f 1399/24/533 1401/24/533 1395/23/533
f 1402/25/533 1401/24/533 1399/24/533
f 1404/25/533 1402/25/533 1399/24/533
f 1393/22/533 1402/25/533 1404/25/533
f 1392/22/533 1393/22/533 1404/25/533
f 1393/22/525 1403/25/532 1391/22/525
f 1403/25/532 1393/22/525 1402/25/532
f 1391/22/527 1403/25/531 1393/22/527
f 1402/25/531 1393/22/527 1403/25/531
f 1405/25/530 1399/24/531 1404/25/530
f 1399/24/531 1405/25/530 1398/24/531
f 1404/25/529 1399/24/532 1405/25/529
f 1398/24/532 1405/25/529 1399/24/532
f 1404/25/530 1390/22/526 1405/25/530
f 1390/22/526 1404/25/530 1392/22/526
f 1405/25/529 1390/22/528 1404/25/529
f 1392/22/528 1404/25/529 1390/22/528
f 1398/24/533 1396/23/533 1394/23/533
f 1396/23/533 1398/24/533 1400/24/533
f 1400/24/533 1398/24/533 1405/25/533
f 1400/24/533 1405/25/533 1403/25/533
f 1403/25/533 1405/25/533 1390/22/533
f 1403/25/533 1390/22/533 1391/22/533
f 1394/23/534 1396/23/534 1398/24/534
f 1400/24/534 1398/24/534 1396/23/534
f 1405/25/534 1398/24/534 1400/24/534
f 1403/25/534 1405/25/534 1400/24/534
f 1390/22/534 1405/25/534 1403/25/534
f 1391/22/534 1390/22/534 1403/25/534
f 1408/26/591 1407/27/592 1406/26/591
f 1407/27/592 1408/26/591 1409/27/592
f 1406/26/593 1407/27/594 1408/26/593
f 1409/27/594 1408/26/593 1407/27/594
f 1411/26/595 1406/26/591 1410/26/595
f 1406/26/591 1411/26/595 1408/26/591
f 1410/26/596 1406/26/593 1411/26/596
f 1408/26/593 1411/26/596 1406/26/593
f 1414/27/597 1413/28/594 1412/28/594
f 1413/28/594 1414/27/597 1415/27/597
f 1412/28/592 1413/28/592 1414/27/598
f 1415/27/598 1414/27/598 1413/28/592
f 1407/27/592 1417/28/598 1416/28/598
f 1417/28/598 1407/27/592 1409/27/592
f 1416/28/597 1417/28/597 1407/27/594
f 1409/27/594 1407/27/594 1417/28/597
f 1418/29/405 1414/27/405 1412/28/405
f 1414/27/405 1418/29/405 1411/26/405
f 1411/26/405 1418/29/405 1419/29/405
f 1411/26/405 1419/29/405 1408/26/405
f 1408/26/405 1419/29/405 1417/28/405
f 1408/26/405 1417/28/405 1409/27/405
f 1412/28/406 1414/27/406 1418/29/406
f 1411/26/406 1418/29/406 1414/27/406
f 1419/29/406 1418/29/406 1411/26/406
f 1408/26/406 1419/29/406 1411/26/406
f 1417/28/406 1419/29/406 1408/26/406
f 1409/27/406 1417/28/406 1408/26/406
f 1420/29/593 1412/28/594 1413/28/594
f 1412/28/594 1420/29/593 1418/29/593
f 1413/28/592 1412/28/592 1420/29/591
f 1418/29/591 1420/29/591 1412/28/592
f 1414/27/597 1410/26/595 1415/27/597
f 1410/26/595 1414/27/597 1411/26/595
f 1415/27/598 1410/26/596 1414/27/598
f 1411/26/596 1414/27/598 1410/26/596
f 1410/26/406 1413/28/406 1415/27/406
f 1413/28/406 1410/26/406 1420/29/406
f 1420/29/406 1410/26/406 1406/26/406
f 1420/29/406 1406/26/406 1421/29/406
f 1421/29/406 1406/26/406 1407/27/406
f 1421/29/406 1407/27/406 1416/28/406
f 1415/27/405 1413/28/405 1410/26/405
f 1420/29/405 1410/26/405 1413/28/405
f 1406/26/405 1410/26/405 1420/29/405
f 1421/29/405 1406/26/405 1420/29/405
f 1407/27/405 1406/26/405 1421/29/405
f 1416/28/405 1407/27/405 1421/29/405
f 1416/28/598 1419/29/596 1421/29/596
f 1419/29/596 1416/28/598 1417/28/598
f 1421/29/595 1419/29/595 1416/28/597
f 1417/28/597 1416/28/597 1419/29/595
f 1421/29/596 1418/29/593 1420/29/593
f 1418/29/593 1421/29/596 1419/29/596
f 1420/29/591 1418/29/591 1421/29/595
f 1419/29/595 1421/29/595 1418/29/591
f 1424/12/414 1423/11/414 1422/11/414
f 1423/11/414 1424/12/414 1425/12/414
f 1422/11/412 1423/11/412 1424/12/412
f 1425/12/412 1424/12/412 1423/11/412
f 1424/12/417 1427/11/417 1426/12/417
f 1427/11/417 1424/12/417 1422/11/417
f 1426/12/418 1427/11/418 1424/12/418
f 1422/11/418 1424/12/418 1427/11/418
f 1423/11/418 1429/12/418 1428/11/418
f 1429/12/418 1423/11/418 1425/12/418
f 1428/11/417 1429/12/417 1423/11/417
f 1425/12/417 1423/11/417 1429/12/417
f 1426/12/81 1425/12/81 1424/12/81
f 1425/12/81 1426/12/81 1430/12/81
f 1425/12/81 1430/12/81 1429/12/81
f 1424/12/82 1425/12/82 1426/12/82
f 1430/12/82 1426/12/82 1425/12/82
f 1429/12/82 1430/12/82 1425/12/82
f 1429/12/411 1431/11/412 1428/11/411
f 1431/11/412 1429/12/411 1430/12/412
f 1428/11/413 1431/11/414 1429/12/413
f 1430/12/414 1429/12/413 1431/11/414
f 1430/12/412 1427/11/415 1431/11/412
f 1427/11/415 1430/12/412 1426/12/415
f 1431/11/414 1427/11/416 1430/12/414
f 1426/12/416 1430/12/414 1427/11/416
f 1434/13/412 1433/11/599 1432/11/412
f 1433/11/599 1434/13/412 1435/13/599
f 1432/11/414 1433/11/600 1434/13/414
f 1435/13/600 1434/13/414 1433/11/600
f 1438/13/602 1437/11/601 1436/13/601
f 1437/11/601 1438/13/602 1439/11/602
f 1436/13/604 1437/11/604 1438/13/603
f 1439/11/603 1438/13/603 1437/11/604
f 1435/13/599 1437/11/601 1433/11/599
f 1437/11/601 1435/13/599 1436/13/601
f 1433/11/600 1437/11/604 1435/13/600
f 1436/13/604 1435/13/600 1437/11/604
f 1441/13/605 1432/11/412 1440/11/605
f 1432/11/412 1441/13/605 1434/13/412
f 1440/11/606 1432/11/414 1441/13/606
f 1434/13/414 1441/13/606 1432/11/414
f 1436/13/81 1442/13/81 1438/13/81
f 1442/13/81 1436/13/81 1435/13/81
f 1442/13/81 1435/13/81 1434/13/81
f 1442/13/81 1434/13/81 1441/13/81
f 1442/13/81 1441/13/81 1443/13/81
f 1438/13/82 1442/13/82 1436/13/82
f 1435/13/82 1436/13/82 1442/13/82
f 1434/13/82 1435/13/82 1442/13/82
f 1441/13/82 1434/13/82 1442/13/82
f 1443/13/82 1441/13/82 1442/13/82
f 1445/11/608 1443/13/607 1444/11/607
f 1443/13/607 1445/11/608 1442/13/608
f 1444/11/610 1443/13/610 1445/11/609
f 1442/13/609 1445/11/609 1443/13/610
f 1444/11/607 1441/13/605 1440/11/605
f 1441/13/605 1444/11/607 1443/13/607
f 1440/11/606 1441/13/606 1444/11/610
f 1443/13/610 1444/11/610 1441/13/606
f 829/13/417 1447/11/417 1446/13/417
f 1447/11/417 829/13/417 1448/11/417
f 1446/13/418 1447/11/418 829/13/418
f 1448/11/418 829/13/418 1447/11/418
f 1451/13/611 1450/11/412 1449/11/611
f 1450/11/412 1451/13/611 1452/13/412
f 1449/11/612 1450/11/414 1451/13/612
f 1452/13/414 1451/13/612 1450/11/414
f 829/13/414 1453/11/414 1448/11/414
f 1453/11/414 829/13/414 830/13/414
f 1448/11/412 1453/11/412 829/13/412
f 830/13/412 829/13/412 1453/11/412
f 1452/13/412 1447/11/613 1450/11/412
f 1447/11/613 1452/13/412 1446/13/613
f 1450/11/414 1447/11/614 1452/13/414
f 1446/13/614 1452/13/414 1447/11/614
f 1453/11/82 1447/11/82 1448/11/82
f 1447/11/82 1453/11/82 1450/11/82
f 1450/11/82 1453/11/82 1449/11/82
f 1448/11/81 1447/11/81 1453/11/81
f 1450/11/81 1453/11/81 1447/11/81
f 1449/11/81 1453/11/81 1450/11/81
f 1446/13/81 830/13/81 829/13/81
f 830/13/81 1446/13/81 1452/13/81
f 830/13/81 1452/13/81 1451/13/81
f 829/13/82 830/13/82 1446/13/82
f 1452/13/82 1446/13/82 830/13/82
f 1451/13/82 1452/13/82 830/13/82
f 1453/11/418 1451/13/418 1449/11/418
f 1451/13/418 1453/11/418 830/13/418
f 1449/11/417 1451/13/417 1453/11/417
f 830/13/417 1453/11/417 1451/13/417
f 1456/31/616 1455/30/615 1454/30/615
f 1455/30/615 1456/31/616 1457/31/616
f 1454/30/618 1455/30/618 1456/31/617
f 1457/31/617 1456/31/617 1455/30/618
f 1460/32/619 1459/33/620 1458/32/619
f 1459/33/620 1460/32/619 1461/33/620
f 1458/32/621 1459/33/622 1460/32/621
f 1461/33/622 1460/32/621 1459/33/622
f 1463/30/411 1457/31/411 1462/31/411
f 1457/31/411 1463/30/411 1455/30/411
f 1455/30/411 1463/30/411 1464/32/411
f 1455/30/411 1464/32/411 1460/32/411
f 1460/32/411 1464/32/411 1465/33/411
f 1460/32/411 1465/33/411 1461/33/411
f 1462/31/413 1457/31/413 1463/30/413
f 1455/30/413 1463/30/413 1457/31/413
f 1464/32/413 1463/30/413 1455/30/413
f 1460/32/413 1464/32/413 1455/30/413
f 1465/33/413 1464/32/413 1460/32/413
f 1461/33/413 1465/33/413 1460/32/413
f 1461/33/620 1466/33/617 1459/33/620
f 1466/33/617 1461/33/620 1465/33/617
f 1459/33/622 1466/33/616 1461/33/622
f 1465/33/616 1461/33/622 1466/33/616
f 1468/30/621 1462/31/622 1467/31/622
f 1462/31/622 1468/30/621 1463/30/621
f 1467/31/620 1462/31/620 1468/30/619
f 1463/30/619 1468/30/619 1462/31/620
f 1454/30/413 1467/31/413 1456/31/413
f 1467/31/413 1454/30/413 1468/30/413
f 1468/30/413 1454/30/413 1458/32/413
f 1468/30/413 1458/32/413 1469/32/413
f 1469/32/413 1458/32/413 1459/33/413
f 1469/32/413 1459/33/413 1466/33/413
f 1456/31/411 1467/31/411 1454/30/411
f 1468/30/411 1454/30/411 1467/31/411
f 1458/32/411 1454/30/411 1468/30/411
f 1469/32/411 1458/32/411 1468/30/411
f 1459/33/411 1458/32/411 1469/32/411
f 1466/33/411 1459/33/411 1469/32/411
f 1465/33/617 1469/32/618 1466/33/617
f 1469/32/618 1465/33/617 1464/32/618
f 1466/33/616 1469/32/615 1465/33/616
f 1464/32/615 1465/33/616 1469/32/615
f 1467/31/622 1457/31/616 1456/31/616
f 1457/31/616 1467/31/622 1462/31/622
f 1456/31/617 1457/31/617 1467/31/620
f 1462/31/620 1467/31/620 1457/31/617
f 1458/32/619 1455/30/615 1460/32/619
f 1455/30/615 1458/32/619 1454/30/615
f 1460/32/621 1455/30/618 1458/32/621
f 1454/30/618 1458/32/621 1455/30/618
f 1468/30/621 1464/32/618 1463/30/621
f 1464/32/618 1468/30/621 1469/32/618
f 1463/30/619 1464/32/615 1468/30/619
f 1469/32/615 1468/30/619 1464/32/615
f 1472/35/621 1471/34/622 1470/34/622
f 1471/34/622 1472/35/621 1473/35/621
f 1470/34/620 1471/34/620 1472/35/619
f 1473/35/619 1472/35/619 1471/34/620
f 1475/35/413 1470/34/413 1474/34/413
f 1470/34/413 1475/35/413 1472/35/413
f 1472/35/413 1475/35/413 1476/36/413
f 1472/35/413 1476/36/413 1477/36/413
f 1477/36/413 1476/36/413 1478/37/413
f 1477/36/413 1478/37/413 1479/37/413
f 1474/34/411 1470/34/411 1475/35/411
f 1472/35/411 1475/35/411 1470/34/411
f 1476/36/411 1475/35/411 1472/35/411
f 1477/36/411 1476/36/411 1472/35/411
f 1478/37/411 1476/36/411 1477/36/411
f 1479/37/411 1478/37/411 1477/36/411
f 1470/34/622 1480/34/616 1474/34/616
f 1480/34/616 1470/34/622 1471/34/622
f 1474/34/617 1480/34/617 1470/34/620
f 1471/34/620 1470/34/620 1480/34/617
f 1474/34/616 1481/35/615 1475/35/615
f 1481/35/615 1474/34/616 1480/34/616
f 1475/35/618 1481/35/618 1474/34/617
f 1480/34/617 1474/34/617 1481/35/618
f 1482/37/620 1479/37/617 1478/37/620
f 1479/37/617 1482/37/620 1483/37/617
f 1478/37/622 1479/37/616 1482/37/622
f 1483/37/616 1482/37/622 1479/37/616
f 1476/36/619 1481/35/615 1484/36/619
f 1481/35/615 1476/36/619 1475/35/615
f 1484/36/621 1481/35/618 1476/36/621
f 1475/35/618 1476/36/621 1481/35/618
f 1483/37/617 1477/36/618 1479/37/617
f 1477/36/618 1483/37/617 1485/36/618
f 1479/37/616 1477/36/615 1483/37/616
f 1485/36/615 1483/37/616 1477/36/615
f 1472/35/621 1485/36/618 1473/35/621
f 1485/36/618 1472/35/621 1477/36/618
f 1473/35/619 1485/36/615 1472/35/619
f 1477/36/615 1472/35/619 1485/36/615
f 1484/36/619 1478/37/620 1476/36/619
f 1478/37/620 1484/36/619 1482/37/620
f 1476/36/621 1478/37/622 1484/36/621
f 1482/37/622 1484/36/621 1478/37/622
f 1473/35/411 1480/34/411 1471/34/411
f 1480/34/411 1473/35/411 1481/35/411
f 1481/35/411 1473/35/411 1485/36/411
f 1481/35/411 1485/36/411 1484/36/411
f 1484/36/411 1485/36/411 1483/37/411
f 1484/36/411 1483/37/411 1482/37/411
f 1471/34/413 1480/34/413 1473/35/413
f 1481/35/413 1473/35/413 1480/34/413
f 1485/36/413 1473/35/413 1481/35/413
f 1484/36/413 1485/36/413 1481/35/413
f 1483/37/413 1485/36/413 1484/36/413
f 1482/37/413 1483/37/413 1484/36/413
f 1488/38/623 1487/39/624 1486/38/623
f 1487/39/624 1488/38/623 1489/39/624
f 1486/38/625 1487/39/626 1488/38/625
f 1489/39/626 1488/38/625 1487/39/626
f 1492/38/627 1491/40/625 1490/38/627
f 1491/40/625 1492/38/627 1493/40/625
f 1490/38/628 1491/40/623 1492/38/628
f 1493/40/623 1492/38/628 1491/40/623
f 1491/40/625 1495/41/626 1494/41/626
f 1495/41/626 1491/40/625 1493/40/625
f 1494/41/624 1495/41/624 1491/40/623
f 1493/40/623 1491/40/623 1495/41/624
f 1490/38/415 1487/39/415 1496/39/415
f 1487/39/415 1490/38/415 1486/38/415
f 1486/38/415 1490/38/415 1491/40/415
f 1486/38/415 1491/40/415 1497/40/415
f 1497/40/415 1491/40/415 1494/41/415
f 1497/40/415 1494/41/415 1498/41/415
f 1496/39/416 1487/39/416 1490/38/416
f 1486/38/416 1490/38/416 1487/39/416
f 1491/40/416 1490/38/416 1486/38/416
f 1497/40/416 1491/40/416 1486/38/416
f 1494/41/416 1491/40/416 1497/40/416
f 1498/41/416 1494/41/416 1497/40/416
f 1489/39/624 1496/39/629 1487/39/624
f 1496/39/629 1489/39/624 1499/39/629
f 1487/39/626 1496/39/630 1489/39/626
f 1499/39/630 1489/39/626 1496/39/630
f 1488/38/416 1499/39/416 1489/39/416
f 1499/39/416 1488/38/416 1492/38/416
f 1492/38/416 1488/38/416 1500/40/416
f 1492/38/416 1500/40/416 1493/40/416
f 1493/40/416 1500/40/416 1501/41/416
f 1493/40/416 1501/41/416 1495/41/416
f 1489/39/415 1499/39/415 1488/38/415
f 1492/38/415 1488/38/415 1499/39/415
f 1500/40/415 1488/38/415 1492/38/415
f 1493/40/415 1500/40/415 1492/38/415
f 1501/41/415 1500/40/415 1493/40/415
f 1495/41/415 1501/41/415 1493/40/415
f 1494/41/626 1501/41/630 1498/41/630
f 1501/41/630 1494/41/626 1495/41/626
f 1498/41/629 1501/41/629 1494/41/624
f 1495/41/624 1494/41/624 1501/41/629
f 1499/39/629 1490/38/627 1496/39/629
f 1490/38/627 1499/39/629 1492/38/627
f 1496/39/630 1490/38/628 1499/39/630
f 1492/38/628 1499/39/630 1490/38/628
f 1498/41/630 1500/40/628 1497/40/628
f 1500/40/628 1498/41/630 1501/41/630
f 1497/40/627 1500/40/627 1498/41/629
f 1501/41/629 1498/41/629 1500/40/627
f 1500/40/628 1486/38/623 1497/40/628
f 1486/38/623 1500/40/628 1488/38/623
f 1497/40/627 1486/38/625 1500/40/627
f 1488/38/625 1500/40/627 1486/38/625
f 1504/12/372 1503/11/372 1502/11/372
f 1503/11/372 1504/12/372 1505/12/372
f 1502/11/371 1503/11/371 1504/12/371
f 1505/12/371 1504/12/371 1503/11/371
f 1504/12/384 1507/11/384 1506/12/384
f 1507/11/384 1504/12/384 1502/11/384
f 1506/12/383 1507/11/383 1504/12/383
f 1502/11/383 1504/12/383 1507/11/383
f 1503/11/383 1509/12/383 1508/11/383
f 1509/12/383 1503/11/383 1505/12/383
f 1508/11/384 1509/12/384 1503/11/384
f 1505/12/384 1503/11/384 1509/12/384
f 1506/12/81 1505/12/81 1504/12/81
f 1505/12/81 1506/12/81 1510/12/81
f 1505/12/81 1510/12/81 1509/12/81
f 1504/12/82 1505/12/82 1506/12/82
f 1510/12/82 1506/12/82 1505/12/82
f 1509/12/82 1510/12/82 1505/12/82
f 1509/12/413 1511/11/371 1508/11/413
f 1511/11/371 1509/12/413 1510/12/371
f 1508/11/411 1511/11/372 1509/12/411
f 1510/12/372 1509/12/411 1511/11/372
f 1510/12/371 1507/11/416 1511/11/371
f 1507/11/416 1510/12/371 1506/12/416
f 1511/11/372 1507/11/415 1510/12/372
f 1506/12/415 1510/12/372 1507/11/415
f 1514/13/371 1513/11/600 1512/11/371
f 1513/11/600 1514/13/371 1515/13/600
f 1512/11/372 1513/11/599 1514/13/372
f 1515/13/599 1514/13/372 1513/11/599
f 1518/13/603 1517/11/604 1516/13/604
f 1517/11/604 1518/13/603 1519/11/603
f 1516/13/601 1517/11/601 1518/13/602
f 1519/11/602 1518/13/602 1517/11/601
f 1515/13/600 1517/11/604 1513/11/600
f 1517/11/604 1515/13/600 1516/13/604
f 1513/11/599 1517/11/601 1515/13/599
f 1516/13/601 1515/13/599 1517/11/601
f 1521/13/606 1512/11/371 1520/11/606
f 1512/11/371 1521/13/606 1514/13/371
f 1520/11/605 1512/11/372 1521/13/605
f 1514/13/372 1521/13/605 1512/11/372
f 1516/13/81 1522/13/81 1518/13/81
f 1522/13/81 1516/13/81 1515/13/81
f 1522/13/81 1515/13/81 1514/13/81
f 1522/13/81 1514/13/81 1521/13/81
f 1522/13/81 1521/13/81 1523/13/81
f 1518/13/82 1522/13/82 1516/13/82
f 1515/13/82 1516/13/82 1522/13/82
f 1514/13/82 1515/13/82 1522/13/82
f 1521/13/82 1514/13/82 1522/13/82
f 1523/13/82 1521/13/82 1522/13/82
f 1525/11/609 1523/13/610 1524/11/610
f 1523/13/610 1525/11/609 1522/13/609
f 1524/11/607 1523/13/607 1525/11/608
f 1522/13/608 1525/11/608 1523/13/607
f 1524/11/610 1521/13/606 1520/11/606
f 1521/13/606 1524/11/610 1523/13/610
f 1520/11/605 1521/13/605 1524/11/607
f 1523/13/607 1524/11/607 1521/13/605
f 839/13/384 1527/11/384 1526/13/384
f 1527/11/384 839/13/384 1528/11/384
f 1526/13/383 1527/11/383 839/13/383
f 1528/11/383 839/13/383 1527/11/383
f 1531/13/612 1530/11/371 1529/11/612
f 1530/11/371 1531/13/612 1532/13/371
f 1529/11/611 1530/11/372 1531/13/611
f 1532/13/372 1531/13/611 1530/11/372
f 839/13/372 1533/11/372 1528/11/372
f 1533/11/372 839/13/372 840/13/372
f 1528/11/371 1533/11/371 839/13/371
f 840/13/371 839/13/371 1533/11/371
f 1532/13/371 1527/11/614 1530/11/371
f 1527/11/614 1532/13/371 1526/13/614
f 1530/11/372 1527/11/613 1532/13/372
f 1526/13/613 1532/13/372 1527/11/613
f 1533/11/82 1527/11/82 1528/11/82
f 1527/11/82 1533/11/82 1530/11/82
f 1530/11/82 1533/11/82 1529/11/82
f 1528/11/81 1527/11/81 1533/11/81
f 1530/11/81 1533/11/81 1527/11/81
f 1529/11/81 1533/11/81 1530/11/81
f 1526/13/81 840/13/81 839/13/81
f 840/13/81 1526/13/81 1532/13/81
f 840/13/81 1532/13/81 1531/13/81
f 839/13/82 840/13/82 1526/13/82
f 1532/13/82 1526/13/82 840/13/82
f 1531/13/82 1532/13/82 840/13/82
f 1533/11/383 1531/13/383 1529/11/383
f 1531/13/383 1533/11/383 840/13/383
f 1529/11/384 1531/13/384 1533/11/384
f 840/13/384 1533/11/384 1531/13/384
f 1536/31/622 1535/30/621 1534/30/621
f 1535/30/621 1536/31/622 1537/31/622
f 1534/30/619 1535/30/619 1536/31/620
f 1537/31/620 1536/31/620 1535/30/619
f 1540/32/618 1539/33/617 1538/32/618
f 1539/33/617 1540/32/618 1541/33/617
f 1538/32/615 1539/33/616 1540/32/615
f 1541/33/616 1540/32/615 1539/33/616
f 1543/30/413 1537/31/413 1542/31/413
f 1537/31/413 1543/30/413 1535/30/413
f 1535/30/413 1543/30/413 1544/32/413
f 1535/30/413 1544/32/413 1540/32/413
f 1540/32/413 1544/32/413 1545/33/413
f 1540/32/413 1545/33/413 1541/33/413
f 1542/31/411 1537/31/411 1543/30/411
f 1535/30/411 1543/30/411 1537/31/411
f 1544/32/411 1543/30/411 1535/30/411
f 1540/32/411 1544/32/411 1535/30/411
f 1545/33/411 1544/32/411 1540/32/411
f 1541/33/411 1545/33/411 1540/32/411
f 1541/33/617 1546/33/620 1539/33/617
f 1546/33/620 1541/33/617 1545/33/620
f 1539/33/616 1546/33/622 1541/33/616
f 1545/33/622 1541/33/616 1546/33/622
f 1548/30/615 1542/31/616 1547/31/616
f 1542/31/616 1548/30/615 1543/30/615
f 1547/31/617 1542/31/617 1548/30/618
f 1543/30/618 1548/30/618 1542/31/617
f 1534/30/411 1547/31/411 1536/31/411
f 1547/31/411 1534/30/411 1548/30/411
f 1548/30/411 1534/30/411 1538/32/411
f 1548/30/411 1538/32/411 1549/32/411
f 1549/32/411 1538/32/411 1539/33/411
f 1549/32/411 1539/33/411 1546/33/411
f 1536/31/413 1547/31/413 1534/30/413
f 1548/30/413 1534/30/413 1547/31/413
f 1538/32/413 1534/30/413 1548/30/413
f 1549/32/413 1538/32/413 1548/30/413
f 1539/33/413 1538/32/413 1549/32/413
f 1546/33/413 1539/33/413 1549/32/413
f 1545/33/620 1549/32/619 1546/33/620
f 1549/32/619 1545/33/620 1544/32/619
f 1546/33/622 1549/32/621 1545/33/622
f 1544/32/621 1545/33/622 1549/32/621
f 1547/31/616 1537/31/622 1536/31/622
f 1537/31/622 1547/31/616 1542/31/616
f 1536/31/620 1537/31/620 1547/31/617
f 1542/31/617 1547/31/617 1537/31/620
f 1538/32/618 1535/30/621 1540/32/618
f 1535/30/621 1538/32/618 1534/30/621
f 1540/32/615 1535/30/619 1538/32/615
f 1534/30/619 1538/32/615 1535/30/619
f 1548/30/615 1544/32/619 1543/30/615
f 1544/32/619 1548/30/615 1549/32/619
f 1543/30/618 1544/32/621 1548/30/618
f 1549/32/621 1548/30/618 1544/32/621
f 1552/35/615 1551/34/616 1550/34/616
f 1551/34/616 1552/35/615 1553/35/615
f 1550/34/617 1551/34/617 1552/35/618
f 1553/35/618 1552/35/618 1551/34/617
f 1555/35/411 1550/34/411 1554/34/411
f 1550/34/411 1555/35/411 1552/35/411
f 1552/35/411 1555/35/411 1556/36/411
f 1552/35/411 1556/36/411 1557/36/411
f 1557/36/411 1556/36/411 1558/37/411
f 1557/36/411 1558/37/411 1559/37/411
f 1554/34/413 1550/34/413 1555/35/413
f 1552/35/413 1555/35/413 1550/34/413
f 1556/36/413 1555/35/413 1552/35/413
f 1557/36/413 1556/36/413 1552/35/413
f 1558/37/413 1556/36/413 1557/36/413
f 1559/37/413 1558/37/413 1557/36/413
f 1550/34/616 1560/34/622 1554/34/622
f 1560/34/622 1550/34/616 1551/34/616
f 1554/34/620 1560/34/620 1550/34/617
f 1551/34/617 1550/34/617 1560/34/620
f 1554/34/622 1561/35/621 1555/35/621
f 1561/35/621 1554/34/622 1560/34/622
f 1555/35/619 1561/35/619 1554/34/620
f 1560/34/620 1554/34/620 1561/35/619
f 1562/37/617 1559/37/620 1558/37/617
f 1559/37/620 1562/37/617 1563/37/620
f 1558/37/616 1559/37/622 1562/37/616
f 1563/37/622 1562/37/616 1559/37/622
f 1556/36/618 1561/35/621 1564/36/618
f 1561/35/621 1556/36/618 1555/35/621
f 1564/36/615 1561/35/619 1556/36/615
f 1555/35/619 1556/36/615 1561/35/619
f 1563/37/620 1557/36/619 1559/37/620
f 1557/36/619 1563/37/620 1565/36/619
f 1559/37/622 1557/36/621 1563/37/622
f 1565/36/621 1563/37/622 1557/36/621
f 1552/35/615 1565/36/619 1553/35/615
f 1565/36/619 1552/35/615 1557/36/619
f 1553/35/618 1565/36/621 1552/35/618
f 1557/36/621 1552/35/618 1565/36/621
f 1564/36/618 1558/37/617 1556/36/618
f 1558/37/617 1564/36/618 1562/37/617
f 1556/36/615 1558/37/616 1564/36/615
f 1562/37/616 1564/36/615 1558/37/616
f 1553/35/413 1560/34/413 1551/34/413
f 1560/34/413 1553/35/413 1561/35/413
f 1561/35/413 1553/35/413 1565/36/413
f 1561/35/413 1565/36/413 1564/36/413
f 1564/36/413 1565/36/413 1563/37/413
f 1564/36/413 1563/37/413 1562/37/413
f 1551/34/411 1560/34/411 1553/35/411
f 1561/35/411 1553/35/411 1560/34/411
f 1565/36/411 1553/35/411 1561/35/411
f 1564/36/411 1565/36/411 1561/35/411
f 1563/37/411 1565/36/411 1564/36/411
f 1562/37/411 1563/37/411 1564/36/411
f 1568/38/627 1567/39/629 1566/38/627
f 1567/39/629 1568/38/627 1569/39/629
f 1566/38/628 1567/39/630 1568/38/628
f 1569/39/630 1568/38/628 1567/39/630
f 1572/38/623 1571/40/628 1570/38/623
f 1571/40/628 1572/38/623 1573/40/628
f 1570/38/625 1571/40/627 1572/38/625
f 1573/40/627 1572/38/625 1571/40/627
f 1571/40/628 1575/41/630 1574/41/630
f 1575/41/630 1571/40/628 1573/40/628
f 1574/41/629 1575/41/629 1571/40/627
f 1573/40/627 1571/40/627 1575/41/629
f 1570/38/416 1567/39/416 1576/39/416
f 1567/39/416 1570/38/416 1566/38/416
f 1566/38/416 1570/38/416 1571/40/416
f 1566/38/416 1571/40/416 1577/40/416
f 1577/40/416 1571/40/416 1574/41/416
f 1577/40/416 1574/41/416 1578/41/416
f 1576/39/415 1567/39/415 1570/38/415
f 1566/38/415 1570/38/415 1567/39/415
f 1571/40/415 1570/38/415 1566/38/415
f 1577/40/415 1571/40/415 1566/38/415
f 1574/41/415 1571/40/415 1577/40/415
f 1578/41/415 1574/41/415 1577/40/415
f 1569/39/629 1576/39/624 1567/39/629
f 1576/39/624 1569/39/629 1579/39/624
f 1567/39/630 1576/39/626 1569/39/630
f 1579/39/626 1569/39/630 1576/39/626
f 1568/38/415 1579/39/415 1569/39/415
f 1579/39/415 1568/38/415 1572/38/415
f 1572/38/415 1568/38/415 1580/40/415
f 1572/38/415 1580/40/415 1573/40/415
f 1573/40/415 1580/40/415 1581/41/415
f 1573/40/415 1581/41/415 1575/41/415
f 1569/39/416 1579/39/416 1568/38/416
f 1572/38/416 1568/38/416 1579/39/416
f 1580/40/416 1568/38/416 1572/38/416
f 1573/40/416 1580/40/416 1572/38/416
f 1581/41/416 1580/40/416 1573/40/416
f 1575/41/416 1581/41/416 1573/40/416
f 1574/41/630 1581/41/626 1578/41/626
f 1581/41/626 1574/41/630 1575/41/630
f 1578/41/624 1581/41/624 1574/41/629
f 1575/41/629 1574/41/629 1581/41/624
f 1579/39/624 1570/38/623 1576/39/624
f 1570/38/623 1579/39/624 1572/38/623
f 1576/39/626 1570/38/625 1579/39/626
f 1572/38/625 1579/39/626 1570/38/625
f 1578/41/626 1580/40/625 1577/40/625
f 1580/40/625 1578/41/626 1581/41/626
f 1577/40/623 1580/40/623 1578/41/624
f 1581/41/624 1578/41/624 1580/40/623
f 1580/40/625 1566/38/627 1577/40/625
f 1566/38/627 1580/40/625 1568/38/627
f 1577/40/623 1566/38/628 1580/40/623
f 1568/38/628 1580/40/623 1566/38/628
f 1584/12/414 1583/11/414 1582/11/414
f 1583/11/414 1584/12/414 1585/12/414
f 1582/11/412 1583/11/412 1584/12/412
f 1585/12/412 1584/12/412 1583/11/412
f 1584/12/417 1587/11/417 1586/12/417
f 1587/11/417 1584/12/417 1582/11/417
f 1586/12/418 1587/11/418 1584/12/418
f 1582/11/418 1584/12/418 1587/11/418
f 1583/11/418 1589/12/418 1588/11/418
f 1589/12/418 1583/11/418 1585/12/418
f 1588/11/417 1589/12/417 1583/11/417
f 1585/12/417 1583/11/417 1589/12/417
f 1586/12/81 1585/12/81 1584/12/81
f 1585/12/81 1586/12/81 1590/12/81
f 1585/12/81 1590/12/81 1589/12/81
f 1584/12/82 1585/12/82 1586/12/82
f 1590/12/82 1586/12/82 1585/12/82
f 1589/12/82 1590/12/82 1585/12/82
f 1589/12/411 1591/11/412 1588/11/411
f 1591/11/412 1589/12/411 1590/12/412
f 1588/11/413 1591/11/414 1589/12/413
f 1590/12/414 1589/12/413 1591/11/414
f 1590/12/412 1587/11/415 1591/11/412
f 1587/11/415 1590/12/412 1586/12/415
f 1591/11/414 1587/11/416 1590/12/414
f 1586/12/416 1590/12/414 1587/11/416
f 1594/13/412 1593/11/599 1592/11/412
f 1593/11/599 1594/13/412 1595/13/599
f 1592/11/414 1593/11/600 1594/13/414
f 1595/13/600 1594/13/414 1593/11/600
f 1598/13/602 1597/11/601 1596/13/601
f 1597/11/601 1598/13/602 1599/11/602
f 1596/13/604 1597/11/604 1598/13/603
f 1599/11/603 1598/13/603 1597/11/604
f 1595/13/599 1597/11/601 1593/11/599
f 1597/11/601 1595/13/599 1596/13/601
f 1593/11/600 1597/11/604 1595/13/600
f 1596/13/604 1595/13/600 1597/11/604
f 1601/13/605 1592/11/412 1600/11/605
f 1592/11/412 1601/13/605 1594/13/412
f 1600/11/606 1592/11/414 1601/13/606
f 1594/13/414 1601/13/606 1592/11/414
f 1596/13/81 1602/13/81 1598/13/81
f 1602/13/81 1596/13/81 1595/13/81
f 1602/13/81 1595/13/81 1594/13/81
f 1602/13/81 1594/13/81 1601/13/81
f 1602/13/81 1601/13/81 1603/13/81
f 1598/13/82 1602/13/82 1596/13/82
f 1595/13/82 1596/13/82 1602/13/82
f 1594/13/82 1595/13/82 1602/13/82
f 1601/13/82 1594/13/82 1602/13/82
f 1603/13/82 1601/13/82 1602/13/82
f 1605/11/608 1603/13/607 1604/11/607
f 1603/13/607 1605/11/608 1602/13/608
f 1604/11/610 1603/13/610 1605/11/609
f 1602/13/609 1605/11/609 1603/13/610
f 1604/11/607 1601/13/605 1600/11/605
f 1601/13/605 1604/11/607 1603/13/607
f 1600/11/606 1601/13/606 1604/11/610
f 1603/13/610 1604/11/610 1601/13/606
f 849/13/417 1607/11/417 1606/13/417
f 1607/11/417 849/13/417 1608/11/417
f 1606/13/418 1607/11/418 849/13/418
f 1608/11/418 849/13/418 1607/11/418
f 1611/13/611 1610/11/412 1609/11/611
f 1610/11/412 1611/13/611 1612/13/412
f 1609/11/612 1610/11/414 1611/13/612
f 1612/13/414 1611/13/612 1610/11/414
f 849/13/414 1613/11/414 1608/11/414
f 1613/11/414 849/13/414 850/13/414
f 1608/11/412 1613/11/412 849/13/412
f 850/13/412 849/13/412 1613/11/412
f 1612/13/412 1607/11/613 1610/11/412
f 1607/11/613 1612/13/412 1606/13/613
f 1610/11/414 1607/11/614 1612/13/414
f 1606/13/614 1612/13/414 1607/11/614
f 1613/11/82 1607/11/82 1608/11/82
f 1607/11/82 1613/11/82 1610/11/82
f 1610/11/82 1613/11/82 1609/11/82
f 1608/11/81 1607/11/81 1613/11/81
f 1610/11/81 1613/11/81 1607/11/81
f 1609/11/81 1613/11/81 1610/11/81
f 1606/13/81 850/13/81 849/13/81
f 850/13/81 1606/13/81 1612/13/81
f 850/13/81 1612/13/81 1611/13/81
f 849/13/82 850/13/82 1606/13/82
f 1612/13/82 1606/13/82 850/13/82
f 1611/13/82 1612/13/82 850/13/82
f 1613/11/418 1611/13/418 1609/11/418
f 1611/13/418 1613/11/418 850/13/418
f 1609/11/417 1611/13/417 1613/11/417
f 850/13/417 1613/11/417 1611/13/417
f 1616/31/616 1615/30/615 1614/30/615
f 1615/30/615 1616/31/616 1617/31/616
f 1614/30/618 1615/30/618 1616/31/617
f 1617/31/617 1616/31/617 1615/30/618
f 1620/32/619 1619/33/620 1618/32/619
f 1619/33/620 1620/32/619 1621/33/620
f 1618/32/621 1619/33/622 1620/32/621
f 1621/33/622 1620/32/621 1619/33/622
f 1623/30/411 1617/31/411 1622/31/411
f 1617/31/411 1623/30/411 1615/30/411
f 1615/30/411 1623/30/411 1624/32/411
f 1615/30/411 1624/32/411 1620/32/411
f 1620/32/411 1624/32/411 1625/33/411
f 1620/32/411 1625/33/411 1621/33/411
f 1622/31/413 1617/31/413 1623/30/413
f 1615/30/413 1623/30/413 1617/31/413
f 1624/32/413 1623/30/413 1615/30/413
f 1620/32/413 1624/32/413 1615/30/413
f 1625/33/413 1624/32/413 1620/32/413
f 1621/33/413 1625/33/413 1620/32/413
f 1621/33/620 1626/33/617 1619/33/620
f 1626/33/617 1621/33/620 1625/33/617
f 1619/33/622 1626/33/616 1621/33/622
f 1625/33/616 1621/33/622 1626/33/616
f 1628/30/621 1622/31/622 1627/31/622
f 1622/31/622 1628/30/621 1623/30/621
f 1627/31/620 1622/31/620 1628/30/619
f 1623/30/619 1628/30/619 1622/31/620
f 1614/30/413 1627/31/413 1616/31/413
f 1627/31/413 1614/30/413 1628/30/413
f 1628/30/413 1614/30/413 1618/32/413
f 1628/30/413 1618/32/413 1629/32/413
f 1629/32/413 1618/32/413 1619/33/413
f 1629/32/413 1619/33/413 1626/33/413
f 1616/31/411 1627/31/411 1614/30/411
f 1628/30/411 1614/30/411 1627/31/411
f 1618/32/411 1614/30/411 1628/30/411
f 1629/32/411 1618/32/411 1628/30/411
f 1619/33/411 1618/32/411 1629/32/411
f 1626/33/411 1619/33/411 1629/32/411
f 1625/33/617 1629/32/618 1626/33/617
f 1629/32/618 1625/33/617 1624/32/618
f 1626/33/616 1629/32/615 1625/33/616
f 1624/32/615 1625/33/616 1629/32/615
f 1627/31/622 1617/31/616 1616/31/616
f 1617/31/616 1627/31/622 1622/31/622
f 1616/31/617 1617/31/617 1627/31/620
f 1622/31/620 1627/31/620 1617/31/617
f 1618/32/619 1615/30/615 1620/32/619
f 1615/30/615 1618/32/619 1614/30/615
f 1620/32/621 1615/30/618 1618/32/621
f 1614/30/618 1618/32/621 1615/30/618
f 1628/30/621 1624/32/618 1623/30/621
f 1624/32/618 1628/30/621 1629/32/618
f 1623/30/619 1624/32/615 1628/30/619
f 1629/32/615 1628/30/619 1624/32/615
f 1632/35/621 1631/34/622 1630/34/622
f 1631/34/622 1632/35/621 1633/35/621
f 1630/34/620 1631/34/620 1632/35/619
f 1633/35/619 1632/35/619 1631/34/620
f 1635/35/413 1630/34/413 1634/34/413
f 1630/34/413 1635/35/413 1632/35/413
f 1632/35/413 1635/35/413 1636/36/413
f 1632/35/413 1636/36/413 1637/36/413
f 1637/36/413 1636/36/413 1638/37/413
f 1637/36/413 1638/37/413 1639/37/413
f 1634/34/411 1630/34/411 1635/35/411
f 1632/35/411 1635/35/411 1630/34/411
f 1636/36/411 1635/35/411 1632/35/411
f 1637/36/411 1636/36/411 1632/35/411
f 1638/37/411 1636/36/411 1637/36/411
f 1639/37/411 1638/37/411 1637/36/411
f 1630/34/622 1640/34/616 1634/34/616
f 1640/34/616 1630/34/622 1631/34/622
f 1634/34/617 1640/34/617 1630/34/620
f 1631/34/620 1630/34/620 1640/34/617
f 1634/34/616 1641/35/615 1635/35/615
f 1641/35/615 1634/34/616 1640/34/616
f 1635/35/618 1641/35/618 1634/34/617
f 1640/34/617 1634/34/617 1641/35/618
f 1642/37/620 1639/37/617 1638/37/620
f 1639/37/617 1642/37/620 1643/37/617
f 1638/37/622 1639/37/616 1642/37/622
f 1643/37/616 1642/37/622 1639/37/616
f 1636/36/619 1641/35/615 1644/36/619
f 1641/35/615 1636/36/619 1635/35/615
f 1644/36/621 1641/35/618 1636/36/621
f 1635/35/618 1636/36/621 1641/35/618
f 1643/37/617 1637/36/618 1639/37/617
f 1637/36/618 1643/37/617 1645/36/618
f 1639/37/616 1637/36/615 1643/37/616
f 1645/36/615 1643/37/616 1637/36/615
f 1632/35/621 1645/36/618 1633/35/621
f 1645/36/618 1632/35/621 1637/36/618
f 1633/35/619 1645/36/615 1632/35/619
f 1637/36/615 1632/35/619 1645/36/615
f 1644/36/619 1638/37/620 1636/36/619
f 1638/37/620 1644/36/619 1642/37/620
f 1636/36/621 1638/37/622 1644/36/621
f 1642/37/622 1644/36/621 1638/37/622
f 1633/35/411 1640/34/411 1631/34/411
f 1640/34/411 1633/35/411 1641/35/411
f 1641/35/411 1633/35/411 1645/36/411
f 1641/35/411 1645/36/411 1644/36/411
f 1644/36/411 1645/36/411 1643/37/411
f 1644/36/411 1643/37/411 1642/37/411
f 1631/34/413 1640/34/413 1633/35/413
f 1641/35/413 1633/35/413 1640/34/413
f 1645/36/413 1633/35/413 1641/35/413
f 1644/36/413 1645/36/413 1641/35/413
f 1643/37/413 1645/36/413 1644/36/413
f 1642/37/413 1643/37/413 1644/36/413
f 1648/38/623 1647/39/624 1646/38/623
f 1647/39/624 1648/38/623 1649/39/624
f 1646/38/625 1647/39/626 1648/38/625
f 1649/39/626 1648/38/625 1647/39/626
f 1652/38/627 1651/40/625 1650/38/627
f 1651/40/625 1652/38/627 1653/40/625
f 1650/38/628 1651/40/623 1652/38/628
f 1653/40/623 1652/38/628 1651/40/623
f 1651/40/625 1655/41/626 1654/41/626
f 1655/41/626 1651/40/625 1653/40/625
f 1654/41/624 1655/41/624 1651/40/623
f 1653/40/623 1651/40/623 1655/41/624
f 1650/38/415 1647/39/415 1656/39/415
f 1647/39/415 1650/38/415 1646/38/415
f 1646/38/415 1650/38/415 1651/40/415
f 1646/38/415 1651/40/415 1657/40/415
f 1657/40/415 1651/40/415 1654/41/415
f 1657/40/415 1654/41/415 1658/41/415
f 1656/39/416 1647/39/416 1650/38/416
f 1646/38/416 1650/38/416 1647/39/416
f 1651/40/416 1650/38/416 1646/38/416
f 1657/40/416 1651/40/416 1646/38/416
f 1654/41/416 1651/40/416 1657/40/416
f 1658/41/416 1654/41/416 1657/40/416
f 1649/39/624 1656/39/629 1647/39/624
f 1656/39/629 1649/39/624 1659/39/629
f 1647/39/626 1656/39/630 1649/39/626
f 1659/39/630 1649/39/626 1656/39/630
f 1648/38/416 1659/39/416 1649/39/416
f 1659/39/416 1648/38/416 1652/38/416
f 1652/38/416 1648/38/416 1660/40/416
f 1652/38/416 1660/40/416 1653/40/416
f 1653/40/416 1660/40/416 1661/41/416
f 1653/40/416 1661/41/416 1655/41/416
f 1649/39/415 1659/39/415 1648/38/415
f 1652/38/415 1648/38/415 1659/39/415
f 1660/40/415 1648/38/415 1652/38/415
f 1653/40/415 1660/40/415 1652/38/415
f 1661/41/415 1660/40/415 1653/40/415
f 1655/41/415 1661/41/415 1653/40/415
f 1654/41/626 1661/41/630 1658/41/630
f 1661/41/630 1654/41/626 1655/41/626
f 1658/41/629 1661/41/629 1654/41/624
f 1655/41/624 1654/41/624 1661/41/629
f 1659/39/629 1650/38/627 1656/39/629
f 1650/38/627 1659/39/629 1652/38/627
f 1656/39/630 1650/38/628 1659/39/630
f 1652/38/628 1659/39/630 1650/38/628
f 1658/41/630 1660/40/628 1657/40/628
f 1660/40/628 1658/41/630 1661/41/630
f 1657/40/627 1660/40/627 1658/41/629
f 1661/41/629 1658/41/629 1660/40/627
f 1660/40/628 1646/38/623 1657/40/628
f 1646/38/623 1660/40/628 1648/38/623
f 1657/40/627 1646/38/625 1660/40/627
f 1648/38/625 1660/40/627 1646/38/625
f 1664/12/81 1663/12/81 1662/12/81
f 1663/12/81 1664/12/81 1665/12/81
f 1663/12/81 1665/12/81 1666/12/81
f 1662/12/82 1663/12/82 1664/12/82
f 1665/12/82 1664/12/82 1663/12/82
f 1666/12/82 1665/12/82 1663/12/82
f 1668/11/399 1666/12/399 1667/11/399
f 1666/12/399 1668/11/399 1663/12/399
f 1667/11/400 1666/12/400 1668/11/400
f 1663/12/400 1668/11/400 1666/12/400
f 1666/12/421 1669/11/387 1667/11/421
f 1669/11/387 1666/12/421 1665/12/387
f 1667/11/422 1669/11/388 1666/12/422
f 1665/12/388 1666/12/422 1669/11/388
f 1662/12/388 1668/11/388 1670/11/388
f 1668/11/388 1662/12/388 1663/12/388
f 1670/11/387 1668/11/387 1662/12/387
f 1663/12/387 1662/12/387 1668/11/387
f 1662/12/400 1671/11/400 1664/12/400
f 1671/11/400 1662/12/400 1670/11/400
f 1664/12/399 1671/11/399 1662/12/399
f 1670/11/399 1662/12/399 1671/11/399
f 1665/12/387 1671/11/419 1669/11/387
f 1671/11/419 1665/12/387 1664/12/419
f 1669/11/388 1671/11/420 1665/12/388
f 1664/12/420 1665/12/388 1671/11/420
f 1674/13/388 1673/11/388 1672/11/388
f 1673/11/388 1674/13/388 1675/13/388
f 1672/11/387 1673/11/387 1674/13/387
f 1675/13/387 1674/13/387 1673/11/387
f 1676/13/81 1675/13/81 1674/13/81
f 1675/13/81 1676/13/81 1677/13/81
f 1675/13/81 1677/13/81 1678/13/81
f 1674/13/82 1675/13/82 1676/13/82
f 1677/13/82 1676/13/82 1675/13/82
f 1678/13/82 1677/13/82 1675/13/82
f 1677/13/387 1680/11/631 1679/11/387
f 1680/11/631 1677/13/387 1676/13/631
f 1679/11/388 1680/11/632 1677/13/388
f 1676/13/632 1677/13/388 1680/11/632
f 1674/13/400 1680/11/400 1676/13/400
f 1680/11/400 1674/13/400 1672/11/400
f 1676/13/399 1680/11/399 1674/13/399
f 1672/11/399 1674/13/399 1680/11/399
f 1673/11/399 1678/13/399 1681/11/399
f 1678/13/399 1673/11/399 1675/13/399
f 1681/11/400 1678/13/400 1673/11/400
f 1675/13/400 1673/11/400 1678/13/400
f 1673/11/82 1680/11/82 1672/11/82
f 1680/11/82 1673/11/82 1679/11/82
f 1679/11/82 1673/11/82 1681/11/82
f 1672/11/81 1680/11/81 1673/11/81
f 1679/11/81 1673/11/81 1680/11/81
f 1681/11/81 1673/11/81 1679/11/81
f 1678/13/633 1679/11/387 1681/11/633
f 1679/11/387 1678/13/633 1677/13/387
f 1681/11/634 1679/11/388 1678/13/634
f 1677/13/388 1678/13/634 1679/11/388
f 1684/42/636 1683/42/635 1682/42/635
f 1683/42/635 1684/42/636 1685/42/636
f 1682/42/638 1683/42/638 1684/42/637
f 1685/42/637 1684/42/637 1683/42/638
f 1688/43/639 1687/44/637 1686/43/639
f 1687/44/637 1688/43/639 1689/44/637
f 1686/43/640 1687/44/636 1688/43/640
f 1689/44/636 1688/43/640 1687/44/636
f 1686/43/639 1690/45/641 1688/43/639
f 1690/45/641 1686/43/639 1691/45/641
f 1688/43/640 1690/45/642 1686/43/640
f 1691/45/642 1686/43/640 1690/45/642
f 1692/45/640 1685/42/636 1684/42/636
f 1685/42/636 1692/45/640 1693/45/640
f 1684/42/637 1685/42/637 1692/45/639
f 1693/45/639 1692/45/639 1685/42/637
f 1689/44/637 1694/44/638 1687/44/637
f 1694/44/638 1689/44/637 1695/44/638
f 1687/44/636 1694/44/635 1689/44/636
f 1695/44/635 1689/44/636 1694/44/635
f 1693/45/421 1683/42/421 1685/42/421
f 1683/42/421 1693/45/421 1690/45/421
f 1690/45/421 1693/45/421 1696/43/421
f 1690/45/421 1696/43/421 1688/43/421
f 1688/43/421 1696/43/421 1695/44/421
f 1688/43/421 1695/44/421 1689/44/421
f 1685/42/422 1683/42/422 1693/45/422
f 1690/45/422 1693/45/422 1683/42/422
f 1696/43/422 1693/45/422 1690/45/422
f 1688/43/422 1696/43/422 1690/45/422
f 1695/44/422 1696/43/422 1688/43/422
f 1689/44/422 1695/44/422 1688/43/422
f 1691/45/422 1684/42/422 1682/42/422
f 1684/42/422 1691/45/422 1692/45/422
f 1692/45/422 1691/45/422 1686/43/422
f 1692/45/422 1686/43/422 1697/43/422
f 1697/43/422 1686/43/422 1687/44/422
f 1697/43/422 1687/44/422 1694/44/422
f 1682/42/421 1684/42/421 1691/45/421
f 1692/45/421 1691/45/421 1684/42/421
f 1686/43/421 1691/45/421 1692/45/421
f 1697/43/421 1686/43/421 1692/45/421
f 1687/44/421 1686/43/421 1697/43/421
f 1694/44/421 1687/44/421 1697/43/421
f 1692/45/640 1696/43/642 1693/45/640
f 1696/43/642 1692/45/640 1697/43/642
f 1693/45/639 1696/43/641 1692/45/639
f 1697/43/641 1692/45/639 1696/43/641
f 1695/44/638 1697/43/642 1694/44/638
f 1697/43/642 1695/44/638 1696/43/642
f 1694/44/635 1697/43/641 1695/44/635
f 1696/43/641 1695/44/635 1697/43/641
f 1682/42/635 1690/45/641 1691/45/641
f 1690/45/641 1682/42/635 1683/42/635
f 1691/45/642 1690/45/642 1682/42/638
f 1683/42/638 1682/42/638 1690/45/642
f 1700/12/81 1699/12/81 1698/12/81
f 1699/12/81 1700/12/81 1701/12/81
f 1699/12/81 1701/12/81 1702/12/81
f 1698/12/82 1699/12/82 1700/12/82
f 1701/12/82 1700/12/82 1699/12/82
f 1702/12/82 1701/12/82 1699/12/82
f 1704/11/399 1702/12/399 1703/11/399
f 1702/12/399 1704/11/399 1699/12/399
f 1703/11/400 1702/12/400 1704/11/400
f 1699/12/400 1704/11/400 1702/12/400
f 1702/12/421 1705/11/387 1703/11/421
f 1705/11/387 1702/12/421 1701/12/387
f 1703/11/422 1705/11/388 1702/12/422
f 1701/12/388 1702/12/422 1705/11/388
f 1698/12/388 1704/11/388 1706/11/388
f 1704/11/388 1698/12/388 1699/12/388
f 1706/11/387 1704/11/387 1698/12/387
f 1699/12/387 1698/12/387 1704/11/387
f 1698/12/400 1707/11/400 1700/12/400
f 1707/11/400 1698/12/400 1706/11/400
f 1700/12/399 1707/11/399 1698/12/399
f 1706/11/399 1698/12/399 1707/11/399
f 1701/12/387 1707/11/419 1705/11/387
f 1707/11/419 1701/12/387 1700/12/419
f 1705/11/388 1707/11/420 1701/12/388
f 1700/12/420 1701/12/388 1707/11/420
f 1710/13/388 1709/11/388 1708/11/388
f 1709/11/388 1710/13/388 988/13/388
f 1708/11/387 1709/11/387 1710/13/387
f 988/13/387 1710/13/387 1709/11/387
f 1711/13/81 988/13/81 1710/13/81
f 988/13/81 1711/13/81 1712/13/81
f 988/13/81 1712/13/81 1713/13/81
f 1710/13/82 988/13/82 1711/13/82
f 1712/13/82 1711/13/82 988/13/82
f 1713/13/82 1712/13/82 988/13/82
f 1712/13/387 1715/11/631 1714/11/387
f 1715/11/631 1712/13/387 1711/13/631
f 1714/11/388 1715/11/632 1712/13/388
f 1711/13/632 1712/13/388 1715/11/632
f 1710/13/400 1715/11/400 1711/13/400
f 1715/11/400 1710/13/400 1708/11/400
f 1711/13/399 1715/11/399 1710/13/399
f 1708/11/399 1710/13/399 1715/11/399
f 1709/11/399 1713/13/399 1716/11/399
f 1713/13/399 1709/11/399 988/13/399
f 1716/11/400 1713/13/400 1709/11/400
f 988/13/400 1709/11/400 1713/13/400
f 1709/11/82 1715/11/82 1708/11/82
f 1715/11/82 1709/11/82 1714/11/82
f 1714/11/82 1709/11/82 1716/11/82
f 1708/11/81 1715/11/81 1709/11/81
f 1714/11/81 1709/11/81 1715/11/81
f 1716/11/81 1709/11/81 1714/11/81
f 1713/13/633 1714/11/387 1716/11/633
f 1714/11/387 1713/13/633 1712/13/387
f 1716/11/634 1714/11/388 1713/13/634
f 1712/13/388 1713/13/634 1714/11/388
f 1719/42/636 1718/42/635 1717/42/635
f 1718/42/635 1719/42/636 1720/42/636
f 1717/42/638 1718/42/638 1719/42/637
f 1720/42/637 1719/42/637 1718/42/638
f 1723/43/639 1722/44/637 1721/43/639
f 1722/44/637 1723/43/639 1724/44/637
f 1721/43/640 1722/44/636 1723/43/640
f 1724/44/636 1723/43/640 1722/44/636
f 1721/43/639 1725/45/641 1723/43/639
f 1725/45/641 1721/43/639 1726/45/641
f 1723/43/640 1725/45/642 1721/43/640
f 1726/45/642 1721/43/640 1725/45/642
f 1727/45/640 1720/42/636 1719/42/636
f 1720/42/636 1727/45/640 1728/45/640
f 1719/42/637 1720/42/637 1727/45/639
f 1728/45/639 1727/45/639 1720/42/637
f 1724/44/637 1729/44/638 1722/44/637
f 1729/44/638 1724/44/637 1730/44/638
f 1722/44/636 1729/44/635 1724/44/636
f 1730/44/635 1724/44/636 1729/44/635
f 1728/45/421 1718/42/421 1720/42/421
f 1718/42/421 1728/45/421 1725/45/421
f 1725/45/421 1728/45/421 1731/43/421
f 1725/45/421 1731/43/421 1723/43/421
f 1723/43/421 1731/43/421 1730/44/421
f 1723/43/421 1730/44/421 1724/44/421
f 1720/42/422 1718/42/422 1728/45/422
f 1725/45/422 1728/45/422 1718/42/422
f 1731/43/422 1728/45/422 1725/45/422
f 1723/43/422 1731/43/422 1725/45/422
f 1730/44/422 1731/43/422 1723/43/422
f 1724/44/422 1730/44/422 1723/43/422
f 1726/45/422 1719/42/422 1717/42/422
f 1719/42/422 1726/45/422 1727/45/422
f 1727/45/422 1726/45/422 1721/43/422
f 1727/45/422 1721/43/422 1732/43/422
f 1732/43/422 1721/43/422 1722/44/422
f 1732/43/422 1722/44/422 1729/44/422
f 1717/42/421 1719/42/421 1726/45/421
f 1727/45/421 1726/45/421 1719/42/421
f 1721/43/421 1726/45/421 1727/45/421
f 1732/43/421 1721/43/421 1727/45/421
f 1722/44/421 1721/43/421 1732/43/421
f 1729/44/421 1722/44/421 1732/43/421
f 1727/45/640 1731/43/642 1728/45/640
f 1731/43/642 1727/45/640 1732/43/642
f 1728/45/639 1731/43/641 1727/45/639
f 1732/43/641 1727/45/639 1731/43/641
f 1730/44/638 1732/43/642 1729/44/638
f 1732/43/642 1730/44/638 1731/43/642
f 1729/44/635 1732/43/641 1730/44/635
f 1731/43/641 1730/44/635 1732/43/641
f 1717/42/635 1725/45/641 1726/45/641
f 1725/45/641 1717/42/635 1718/42/635
f 1726/45/642 1725/45/642 1717/42/638
f 1718/42/638 1717/42/638 1725/45/642
f 1735/12/81 1734/12/81 1733/12/81
f 1734/12/81 1735/12/81 1736/12/81
f 1734/12/81 1736/12/81 1737/12/81
f 1733/12/82 1734/12/82 1735/12/82
f 1736/12/82 1735/12/82 1734/12/82
f 1737/12/82 1736/12/82 1734/12/82
f 1739/11/367 1737/12/367 1738/11/367
f 1737/12/367 1739/11/367 1734/12/367
f 1738/11/368 1737/12/368 1739/11/368
f 1734/12/368 1739/11/368 1737/12/368
f 1737/12/425 1740/11/355 1738/11/425
f 1740/11/355 1737/12/425 1736/12/355
f 1738/11/426 1740/11/356 1737/12/426
f 1736/12/356 1737/12/426 1740/11/356
f 1733/12/356 1739/11/356 1741/11/356
f 1739/11/356 1733/12/356 1734/12/356
f 1741/11/355 1739/11/355 1733/12/355
f 1734/12/355 1733/12/355 1739/11/355
f 1733/12/368 1742/11/368 1735/12/368
f 1742/11/368 1733/12/368 1741/11/368
f 1735/12/367 1742/11/367 1733/12/367
f 1741/11/367 1733/12/367 1742/11/367
f 1736/12/355 1742/11/423 1740/11/355
f 1742/11/423 1736/12/355 1735/12/423
f 1740/11/356 1742/11/424 1736/12/356
f 1735/12/424 1736/12/356 1742/11/424
f 881/13/356 1744/11/356 1743/11/356
f 1744/11/356 881/13/356 1745/13/356
f 1743/11/355 1744/11/355 881/13/355
f 1745/13/355 881/13/355 1744/11/355
f 1746/13/81 1745/13/81 881/13/81
f 1745/13/81 1746/13/81 1747/13/81
f 1745/13/81 1747/13/81 1748/13/81
f 881/13/82 1745/13/82 1746/13/82
f 1747/13/82 1746/13/82 1745/13/82
f 1748/13/82 1747/13/82 1745/13/82
f 1747/13/355 1750/11/643 1749/11/355
f 1750/11/643 1747/13/355 1746/13/643
f 1749/11/356 1750/11/644 1747/13/356
f 1746/13/644 1747/13/356 1750/11/644
f 881/13/368 1750/11/368 1746/13/368
f 1750/11/368 881/13/368 1743/11/368
f 1746/13/367 1750/11/367 881/13/367
f 1743/11/367 881/13/367 1750/11/367
f 1744/11/367 1748/13/367 1751/11/367
f 1748/13/367 1744/11/367 1745/13/367
f 1751/11/368 1748/13/368 1744/11/368
f 1745/13/368 1744/11/368 1748/13/368
f 1744/11/82 1750/11/82 1743/11/82
f 1750/11/82 1744/11/82 1749/11/82
f 1749/11/82 1744/11/82 1751/11/82
f 1743/11/81 1750/11/81 1744/11/81
f 1749/11/81 1744/11/81 1750/11/81
f 1751/11/81 1744/11/81 1749/11/81
f 1748/13/645 1749/11/355 1751/11/645
f 1749/11/355 1748/13/645 1747/13/355
f 1751/11/646 1749/11/356 1748/13/646
f 1747/13/356 1748/13/646 1749/11/356
f 1754/42/648 1753/42/647 1752/42/647
f 1753/42/647 1754/42/648 1755/42/648
f 1752/42/650 1753/42/650 1754/42/649
f 1755/42/649 1754/42/649 1753/42/650
f 1758/43/651 1757/44/649 1756/43/651
f 1757/44/649 1758/43/651 1759/44/649
f 1756/43/652 1757/44/648 1758/43/652
f 1759/44/648 1758/43/652 1757/44/648
f 1756/43/651 1760/45/653 1758/43/651
f 1760/45/653 1756/43/651 1761/45/653
f 1758/43/652 1760/45/654 1756/43/652
f 1761/45/654 1756/43/652 1760/45/654
f 1762/45/652 1755/42/648 1754/42/648
f 1755/42/648 1762/45/652 1763/45/652
f 1754/42/649 1755/42/649 1762/45/651
f 1763/45/651 1762/45/651 1755/42/649
f 1759/44/649 1764/44/650 1757/44/649
f 1764/44/650 1759/44/649 1765/44/650
f 1757/44/648 1764/44/647 1759/44/648
f 1765/44/647 1759/44/648 1764/44/647
f 1763/45/425 1753/42/425 1755/42/425
f 1753/42/425 1763/45/425 1760/45/425
f 1760/45/425 1763/45/425 1766/43/425
f 1760/45/425 1766/43/425 1758/43/425
f 1758/43/425 1766/43/425 1765/44/425
f 1758/43/425 1765/44/425 1759/44/425
f 1755/42/426 1753/42/426 1763/45/426
f 1760/45/426 1763/45/426 1753/42/426
f 1766/43/426 1763/45/426 1760/45/426
f 1758/43/426 1766/43/426 1760/45/426
f 1765/44/426 1766/43/426 1758/43/426
f 1759/44/426 1765/44/426 1758/43/426
f 1761/45/426 1754/42/426 1752/42/426
f 1754/42/426 1761/45/426 1762/45/426
f 1762/45/426 1761/45/426 1756/43/426
f 1762/45/426 1756/43/426 1767/43/426
f 1767/43/426 1756/43/426 1757/44/426
f 1767/43/426 1757/44/426 1764/44/426
f 1752/42/425 1754/42/425 1761/45/425
f 1762/45/425 1761/45/425 1754/42/425
f 1756/43/425 1761/45/425 1762/45/425
f 1767/43/425 1756/43/425 1762/45/425
f 1757/44/425 1756/43/425 1767/43/425
f 1764/44/425 1757/44/425 1767/43/425
f 1762/45/652 1766/43/654 1763/45/652
f 1766/43/654 1762/45/652 1767/43/654
f 1763/45/651 1766/43/653 1762/45/651
f 1767/43/653 1762/45/651 1766/43/653
f 1765/44/650 1767/43/654 1764/44/650
f 1767/43/654 1765/44/650 1766/43/654
f 1764/44/647 1767/43/653 1765/44/647
f 1766/43/653 1765/44/647 1767/43/653
f 1752/42/647 1760/45/653 1761/45/653
f 1760/45/653 1752/42/647 1753/42/647
f 1761/45/654 1760/45/654 1752/42/650
f 1753/42/650 1752/42/650 1760/45/654
f 1770/12/81 1769/12/81 1768/12/81
f 1769/12/81 1770/12/81 1771/12/81
f 1769/12/81 1771/12/81 1772/12/81
f 1768/12/82 1769/12/82 1770/12/82
f 1771/12/82 1770/12/82 1769/12/82
f 1772/12/82 1771/12/82 1769/12/82
f 1774/11/367 1772/12/367 1773/11/367
f 1772/12/367 1774/11/367 1769/12/367
f 1773/11/368 1772/12/368 1774/11/368
f 1769/12/368 1774/11/368 1772/12/368
f 1772/12/425 1775/11/355 1773/11/425
f 1775/11/355 1772/12/425 1771/12/355
f 1773/11/426 1775/11/356 1772/12/426
f 1771/12/356 1772/12/426 1775/11/356
f 1768/12/356 1774/11/356 1776/11/356
f 1774/11/356 1768/12/356 1769/12/356
f 1776/11/355 1774/11/355 1768/12/355
f 1769/12/355 1768/12/355 1774/11/355
f 1768/12/368 1777/11/368 1770/12/368
f 1777/11/368 1768/12/368 1776/11/368
f 1770/12/367 1777/11/367 1768/12/367
f 1776/11/367 1768/12/367 1777/11/367
f 1771/12/355 1777/11/423 1775/11/355
f 1777/11/423 1771/12/355 1770/12/423
f 1775/11/356 1777/11/424 1771/12/356
f 1770/12/424 1771/12/356 1777/11/424
f 891/13/356 1779/11/356 1778/11/356
f 1779/11/356 891/13/356 1780/13/356
f 1778/11/355 1779/11/355 891/13/355
f 1780/13/355 891/13/355 1779/11/355
f 1781/13/81 1780/13/81 891/13/81
f 1780/13/81 1781/13/81 1782/13/81
f 1780/13/81 1782/13/81 1783/13/81
f 891/13/82 1780/13/82 1781/13/82
f 1782/13/82 1781/13/82 1780/13/82
f 1783/13/82 1782/13/82 1780/13/82
f 1782/13/355 1785/11/643 1784/11/355
f 1785/11/643 1782/13/355 1781/13/643
f 1784/11/356 1785/11/644 1782/13/356
f 1781/13/644 1782/13/356 1785/11/644
f 891/13/368 1785/11/368 1781/13/368
f 1785/11/368 891/13/368 1778/11/368
f 1781/13/367 1785/11/367 891/13/367
f 1778/11/367 891/13/367 1785/11/367
f 1779/11/367 1783/13/367 1786/11/367
f 1783/13/367 1779/11/367 1780/13/367
f 1786/11/368 1783/13/368 1779/11/368
f 1780/13/368 1779/11/368 1783/13/368
f 1779/11/82 1785/11/82 1778/11/82
f 1785/11/82 1779/11/82 1784/11/82
f 1784/11/82 1779/11/82 1786/11/82
f 1778/11/81 1785/11/81 1779/11/81
f 1784/11/81 1779/11/81 1785/11/81
f 1786/11/81 1779/11/81 1784/11/81
f 1783/13/645 1784/11/355 1786/11/645
f 1784/11/355 1783/13/645 1782/13/355
f 1786/11/646 1784/11/356 1783/13/646
f 1782/13/356 1783/13/646 1784/11/356
f 1789/42/648 1788/42/647 1787/42/647
f 1788/42/647 1789/42/648 1790/42/648
f 1787/42/650 1788/42/650 1789/42/649
f 1790/42/649 1789/42/649 1788/42/650
f 1793/43/651 1792/44/649 1791/43/651
f 1792/44/649 1793/43/651 1794/44/649
f 1791/43/652 1792/44/648 1793/43/652
f 1794/44/648 1793/43/652 1792/44/648
f 1791/43/651 1795/45/653 1793/43/651
f 1795/45/653 1791/43/651 1796/45/653
f 1793/43/652 1795/45/654 1791/43/652
f 1796/45/654 1791/43/652 1795/45/654
f 1797/45/652 1790/42/648 1789/42/648
f 1790/42/648 1797/45/652 1798/45/652
f 1789/42/649 1790/42/649 1797/45/651
f 1798/45/651 1797/45/651 1790/42/649
f 1794/44/649 1799/44/650 1792/44/649
f 1799/44/650 1794/44/649 1800/44/650
f 1792/44/648 1799/44/647 1794/44/648
f 1800/44/647 1794/44/648 1799/44/647
f 1798/45/425 1788/42/425 1790/42/425
f 1788/42/425 1798/45/425 1795/45/425
f 1795/45/425 1798/45/425 1801/43/425
f 1795/45/425 1801/43/425 1793/43/425
f 1793/43/425 1801/43/425 1800/44/425
f 1793/43/425 1800/44/425 1794/44/425
f 1790/42/426 1788/42/426 1798/45/426
f 1795/45/426 1798/45/426 1788/42/426
f 1801/43/426 1798/45/426 1795/45/426
f 1793/43/426 1801/43/426 1795/45/426
f 1800/44/426 1801/43/426 1793/43/426
f 1794/44/426 1800/44/426 1793/43/426
f 1796/45/426 1789/42/426 1787/42/426
f 1789/42/426 1796/45/426 1797/45/426
f 1797/45/426 1796/45/426 1791/43/426
f 1797/45/426 1791/43/426 1802/43/426
f 1802/43/426 1791/43/426 1792/44/426
f 1802/43/426 1792/44/426 1799/44/426
f 1787/42/425 1789/42/425 1796/45/425
f 1797/45/425 1796/45/425 1789/42/425
f 1791/43/425 1796/45/425 1797/45/425
f 1802/43/425 1791/43/425 1797/45/425
f 1792/44/425 1791/43/425 1802/43/425
f 1799/44/425 1792/44/425 1802/43/425
f 1797/45/652 1801/43/654 1798/45/652
f 1801/43/654 1797/45/652 1802/43/654
f 1798/45/651 1801/43/653 1797/45/651
f 1802/43/653 1797/45/651 1801/43/653
f 1800/44/650 1802/43/654 1799/44/650
f 1802/43/654 1800/44/650 1801/43/654
f 1799/44/647 1802/43/653 1800/44/647
f 1801/43/653 1800/44/647 1802/43/653
f 1787/42/647 1795/45/653 1796/45/653
f 1795/45/653 1787/42/647 1788/42/647
f 1796/45/654 1795/45/654 1787/42/650
f 1788/42/650 1787/42/650 1795/45/654
f 1805/12/372 1804/11/372 1803/11/372
f 1804/11/372 1805/12/372 1806/12/372
f 1803/11/371 1804/11/371 1805/12/371
f 1806/12/371 1805/12/371 1804/11/371
f 1805/12/384 1808/11/384 1807/12/384
f 1808/11/384 1805/12/384 1803/11/384
f 1807/12/383 1808/11/383 1805/12/383
f 1803/11/383 1805/12/383 1808/11/383
f 1804/11/383 1810/12/383 1809/11/383
f 1810/12/383 1804/11/383 1806/12/383
f 1809/11/384 1810/12/384 1804/11/384
f 1806/12/384 1804/11/384 1810/12/384
f 1807/12/81 1806/12/81 1805/12/81
f 1806/12/81 1807/12/81 1811/12/81
f 1806/12/81 1811/12/81 1810/12/81
f 1805/12/82 1806/12/82 1807/12/82
f 1811/12/82 1807/12/82 1806/12/82
f 1810/12/82 1811/12/82 1806/12/82
f 1810/12/413 1812/11/371 1809/11/413
f 1812/11/371 1810/12/413 1811/12/371
f 1809/11/411 1812/11/372 1810/12/411
f 1811/12/372 1810/12/411 1812/11/372
f 1811/12/371 1808/11/416 1812/11/371
f 1808/11/416 1811/12/371 1807/12/416
f 1812/11/372 1808/11/415 1811/12/372
f 1807/12/415 1811/12/372 1808/11/415
f 1815/13/371 1814/11/600 1813/11/371
f 1814/11/600 1815/13/371 1816/13/600
f 1813/11/372 1814/11/599 1815/13/372
f 1816/13/599 1815/13/372 1814/11/599
f 1819/13/603 1818/11/604 1817/13/604
f 1818/11/604 1819/13/603 1820/11/603
f 1817/13/601 1818/11/601 1819/13/602
f 1820/11/602 1819/13/602 1818/11/601
f 1816/13/600 1818/11/604 1814/11/600
f 1818/11/604 1816/13/600 1817/13/604
f 1814/11/599 1818/11/601 1816/13/599
f 1817/13/601 1816/13/599 1818/11/601
f 1822/13/606 1813/11/371 1821/11/606
f 1813/11/371 1822/13/606 1815/13/371
f 1821/11/605 1813/11/372 1822/13/605
f 1815/13/372 1822/13/605 1813/11/372
f 1817/13/81 1823/13/81 1819/13/81
f 1823/13/81 1817/13/81 1816/13/81
f 1823/13/81 1816/13/81 1815/13/81
f 1823/13/81 1815/13/81 1822/13/81
f 1823/13/81 1822/13/81 1824/13/81
f 1819/13/82 1823/13/82 1817/13/82
f 1816/13/82 1817/13/82 1823/13/82
f 1815/13/82 1816/13/82 1823/13/82
f 1822/13/82 1815/13/82 1823/13/82
f 1824/13/82 1822/13/82 1823/13/82
f 1826/11/609 1824/13/610 1825/11/610
f 1824/13/610 1826/11/609 1823/13/609
f 1825/11/607 1824/13/607 1826/11/608
f 1823/13/608 1826/11/608 1824/13/607
f 1825/11/610 1822/13/606 1821/11/606
f 1822/13/606 1825/11/610 1824/13/610
f 1821/11/605 1822/13/605 1825/11/607
f 1824/13/607 1825/11/607 1822/13/605
f 899/13/384 1828/11/384 1827/13/384
f 1828/11/384 899/13/384 1829/11/384
f 1827/13/383 1828/11/383 899/13/383
f 1829/11/383 899/13/383 1828/11/383
f 1832/13/612 1831/11/371 1830/11/612
f 1831/11/371 1832/13/612 1833/13/371
f 1830/11/611 1831/11/372 1832/13/611
f 1833/13/372 1832/13/611 1831/11/372
f 899/13/372 1834/11/372 1829/11/372
f 1834/11/372 899/13/372 900/13/372
f 1829/11/371 1834/11/371 899/13/371
f 900/13/371 899/13/371 1834/11/371
f 1833/13/371 1828/11/614 1831/11/371
f 1828/11/614 1833/13/371 1827/13/614
f 1831/11/372 1828/11/613 1833/13/372
f 1827/13/613 1833/13/372 1828/11/613
f 1834/11/82 1828/11/82 1829/11/82
f 1828/11/82 1834/11/82 1831/11/82
f 1831/11/82 1834/11/82 1830/11/82
f 1829/11/81 1828/11/81 1834/11/81
f 1831/11/81 1834/11/81 1828/11/81
f 1830/11/81 1834/11/81 1831/11/81
f 1827/13/81 900/13/81 899/13/81
f 900/13/81 1827/13/81 1833/13/81
f 900/13/81 1833/13/81 1832/13/81
f 899/13/82 900/13/82 1827/13/82
f 1833/13/82 1827/13/82 900/13/82
f 1832/13/82 1833/13/82 900/13/82
f 1834/11/383 1832/13/383 1830/11/383
f 1832/13/383 1834/11/383 900/13/383
f 1830/11/384 1832/13/384 1834/11/384
f 900/13/384 1834/11/384 1832/13/384
f 1837/31/622 1836/30/621 1835/30/621
f 1836/30/621 1837/31/622 1838/31/622
f 1835/30/619 1836/30/619 1837/31/620
f 1838/31/620 1837/31/620 1836/30/619
f 1841/32/618 1840/33/617 1839/32/618
f 1840/33/617 1841/32/618 1842/33/617
f 1839/32/615 1840/33/616 1841/32/615
f 1842/33/616 1841/32/615 1840/33/616
f 1844/30/413 1838/31/413 1843/31/413
f 1838/31/413 1844/30/413 1836/30/413
f 1836/30/413 1844/30/413 1845/32/413
f 1836/30/413 1845/32/413 1841/32/413
f 1841/32/413 1845/32/413 1846/33/413
f 1841/32/413 1846/33/413 1842/33/413
f 1843/31/411 1838/31/411 1844/30/411
f 1836/30/411 1844/30/411 1838/31/411
f 1845/32/411 1844/30/411 1836/30/411
f 1841/32/411 1845/32/411 1836/30/411
f 1846/33/411 1845/32/411 1841/32/411
f 1842/33/411 1846/33/411 1841/32/411
f 1842/33/617 1847/33/620 1840/33/617
f 1847/33/620 1842/33/617 1846/33/620
f 1840/33/616 1847/33/622 1842/33/616
f 1846/33/622 1842/33/616 1847/33/622
f 1849/30/615 1843/31/616 1848/31/616
f 1843/31/616 1849/30/615 1844/30/615
f 1848/31/617 1843/31/617 1849/30/618
f 1844/30/618 1849/30/618 1843/31/617
f 1835/30/411 1848/31/411 1837/31/411
f 1848/31/411 1835/30/411 1849/30/411
f 1849/30/411 1835/30/411 1839/32/411
f 1849/30/411 1839/32/411 1850/32/411
f 1850/32/411 1839/32/411 1840/33/411
f 1850/32/411 1840/33/411 1847/33/411
f 1837/31/413 1848/31/413 1835/30/413
f 1849/30/413 1835/30/413 1848/31/413
f 1839/32/413 1835/30/413 1849/30/413
f 1850/32/413 1839/32/413 1849/30/413
f 1840/33/413 1839/32/413 1850/32/413
f 1847/33/413 1840/33/413 1850/32/413
f 1846/33/620 1850/32/619 1847/33/620
f 1850/32/619 1846/33/620 1845/32/619
f 1847/33/622 1850/32/621 1846/33/622
f 1845/32/621 1846/33/622 1850/32/621
f 1848/31/616 1838/31/622 1837/31/622
f 1838/31/622 1848/31/616 1843/31/616
f 1837/31/620 1838/31/620 1848/31/617
f 1843/31/617 1848/31/617 1838/31/620
f 1839/32/618 1836/30/621 1841/32/618
f 1836/30/621 1839/32/618 1835/30/621
f 1841/32/615 1836/30/619 1839/32/615
f 1835/30/619 1839/32/615 1836/30/619
f 1849/30/615 1845/32/619 1844/30/615
f 1845/32/619 1849/30/615 1850/32/619
f 1844/30/618 1845/32/621 1849/30/618
f 1850/32/621 1849/30/618 1845/32/621
f 1853/35/615 1852/34/616 1851/34/616
f 1852/34/616 1853/35/615 1854/35/615
f 1851/34/617 1852/34/617 1853/35/618
f 1854/35/618 1853/35/618 1852/34/617
f 1856/35/411 1851/34/411 1855/34/411
f 1851/34/411 1856/35/411 1853/35/411
f 1853/35/411 1856/35/411 1857/36/411
f 1853/35/411 1857/36/411 1858/36/411
f 1858/36/411 1857/36/411 1859/37/411
f 1858/36/411 1859/37/411 1860/37/411
f 1855/34/413 1851/34/413 1856/35/413
f 1853/35/413 1856/35/413 1851/34/413
f 1857/36/413 1856/35/413 1853/35/413
f 1858/36/413 1857/36/413 1853/35/413
f 1859/37/413 1857/36/413 1858/36/413
f 1860/37/413 1859/37/413 1858/36/413
f 1851/34/616 1861/34/622 1855/34/622
f 1861/34/622 1851/34/616 1852/34/616
f 1855/34/620 1861/34/620 1851/34/617
f 1852/34/617 1851/34/617 1861/34/620
f 1855/34/622 1862/35/621 1856/35/621
f 1862/35/621 1855/34/622 1861/34/622
f 1856/35/619 1862/35/619 1855/34/620
f 1861/34/620 1855/34/620 1862/35/619
f 1863/37/617 1860/37/620 1859/37/617
f 1860/37/620 1863/37/617 1864/37/620
f 1859/37/616 1860/37/622 1863/37/616
f 1864/37/622 1863/37/616 1860/37/622
f 1857/36/618 1862/35/621 1865/36/618
f 1862/35/621 1857/36/618 1856/35/621
f 1865/36/615 1862/35/619 1857/36/615
f 1856/35/619 1857/36/615 1862/35/619
f 1864/37/620 1858/36/619 1860/37/620
f 1858/36/619 1864/37/620 1866/36/619
f 1860/37/622 1858/36/621 1864/37/622
f 1866/36/621 1864/37/622 1858/36/621
f 1853/35/615 1866/36/619 1854/35/615
f 1866/36/619 1853/35/615 1858/36/619
f 1854/35/618 1866/36/621 1853/35/618
f 1858/36/621 1853/35/618 1866/36/621
f 1865/36/618 1859/37/617 1857/36/618
f 1859/37/617 1865/36/618 1863/37/617
f 1857/36/615 1859/37/616 1865/36/615
f 1863/37/616 1865/36/615 1859/37/616
f 1854/35/413 1861/34/413 1852/34/413
f 1861/34/413 1854/35/413 1862/35/413
f 1862/35/413 1854/35/413 1866/36/413
f 1862/35/413 1866/36/413 1865/36/413
f 1865/36/413 1866/36/413 1864/37/413
f 1865/36/413 1864/37/413 1863/37/413
f 1852/34/411 1861/34/411 1854/35/411
f 1862/35/411 1854/35/411 1861/34/411
f 1866/36/411 1854/35/411 1862/35/411
f 1865/36/411 1866/36/411 1862/35/411
f 1864/37/411 1866/36/411 1865/36/411
f 1863/37/411 1864/37/411 1865/36/411
f 1869/38/627 1868/39/629 1867/38/627
f 1868/39/629 1869/38/627 1870/39/629
f 1867/38/628 1868/39/630 1869/38/628
f 1870/39/630 1869/38/628 1868/39/630
f 1873/38/623 1872/40/628 1871/38/623
f 1872/40/628 1873/38/623 1874/40/628
f 1871/38/625 1872/40/627 1873/38/625
f 1874/40/627 1873/38/625 1872/40/627
f 1872/40/628 1876/41/630 1875/41/630
f 1876/41/630 1872/40/628 1874/40/628
f 1875/41/629 1876/41/629 1872/40/627
f 1874/40/627 1872/40/627 1876/41/629
f 1871/38/416 1868/39/416 1877/39/416
f 1868/39/416 1871/38/416 1867/38/416
f 1867/38/416 1871/38/416 1872/40/416
f 1867/38/416 1872/40/416 1878/40/416
f 1878/40/416 1872/40/416 1875/41/416
f 1878/40/416 1875/41/416 1879/41/416
f 1877/39/415 1868/39/415 1871/38/415
f 1867/38/415 1871/38/415 1868/39/415
f 1872/40/415 1871/38/415 1867/38/415
f 1878/40/415 1872/40/415 1867/38/415
f 1875/41/415 1872/40/415 1878/40/415
f 1879/41/415 1875/41/415 1878/40/415
f 1870/39/629 1877/39/624 1868/39/629
f 1877/39/624 1870/39/629 1880/39/624
f 1868/39/630 1877/39/626 1870/39/630
f 1880/39/626 1870/39/630 1877/39/626
f 1869/38/415 1880/39/415 1870/39/415
f 1880/39/415 1869/38/415 1873/38/415
f 1873/38/415 1869/38/415 1881/40/415
f 1873/38/415 1881/40/415 1874/40/415
f 1874/40/415 1881/40/415 1882/41/415
f 1874/40/415 1882/41/415 1876/41/415
f 1870/39/416 1880/39/416 1869/38/416
f 1873/38/416 1869/38/416 1880/39/416
f 1881/40/416 1869/38/416 1873/38/416
f 1874/40/416 1881/40/416 1873/38/416
f 1882/41/416 1881/40/416 1874/40/416
f 1876/41/416 1882/41/416 1874/40/416
f 1875/41/630 1882/41/626 1879/41/626
f 1882/41/626 1875/41/630 1876/41/630
f 1879/41/624 1882/41/624 1875/41/629
f 1876/41/629 1875/41/629 1882/41/624
f 1880/39/624 1871/38/623 1877/39/624
f 1871/38/623 1880/39/624 1873/38/623
f 1877/39/626 1871/38/625 1880/39/626
f 1873/38/625 1880/39/626 1871/38/625
f 1879/41/626 1881/40/625 1878/40/625
f 1881/40/625 1879/41/626 1882/41/626
f 1878/40/623 1881/40/623 1879/41/624
f 1882/41/624 1879/41/624 1881/40/623
f 1881/40/625 1867/38/627 1878/40/625
f 1867/38/627 1881/40/625 1869/38/627
f 1878/40/623 1867/38/628 1881/40/623
f 1869/38/628 1881/40/623 1867/38/628
f 1885/12/384 1884/11/384 1883/12/384
f 1884/11/384 1885/12/384 1886/11/384
f 1883/12/383 1884/11/383 1885/12/383
f 1886/11/383 1885/12/383 1884/11/383
f 1885/12/372 1887/11/372 1886/11/372
f 1887/11/372 1885/12/372 1888/12/372
f 1886/11/371 1887/11/371 1885/12/371
f 1888/12/371 1885/12/371 1887/11/371
f 1889/11/431 1883/12/433 1884/11/433
f 1883/12/433 1889/11/431 1890/12/431
f 1884/11/434 1883/12/434 1889/11/432
f 1890/12/432 1889/11/432 1883/12/434
f 1887/11/428 1892/12/427 1891/11/427
f 1892/12/427 1887/11/428 1888/12/428
f 1891/11/430 1892/12/430 1887/11/429
f 1888/12/429 1887/11/429 1892/12/430
f 1890/12/81 1885/12/81 1883/12/81
f 1885/12/81 1890/12/81 1888/12/81
f 1888/12/81 1890/12/81 1892/12/81
f 1883/12/82 1885/12/82 1890/12/82
f 1888/12/82 1890/12/82 1885/12/82
f 1892/12/82 1890/12/82 1888/12/82
f 1892/12/427 1889/11/431 1891/11/427
f 1889/11/431 1892/12/427 1890/12/431
f 1891/11/430 1889/11/432 1892/12/430
f 1890/12/432 1892/12/430 1889/11/432
f 1895/13/372 1894/11/372 1893/11/372
f 1894/11/372 1895/13/372 1896/13/372
f 1893/11/371 1894/11/371 1895/13/371
f 1896/13/371 1895/13/371 1894/11/371
f 1895/13/384 1898/11/384 1897/13/384
f 1898/11/384 1895/13/384 1893/11/384
f 1897/13/383 1898/11/383 1895/13/383
f 1893/11/383 1895/13/383 1898/11/383
f 1899/13/81 1895/13/81 1897/13/81
f 1895/13/81 1899/13/81 1896/13/81
f 1896/13/81 1899/13/81 1900/13/81
f 1897/13/82 1895/13/82 1899/13/82
f 1896/13/82 1899/13/82 1895/13/82
f 1900/13/82 1899/13/82 1896/13/82
f 1894/11/82 1898/11/82 1893/11/82
f 1898/11/82 1894/11/82 1901/11/82
f 1901/11/82 1894/11/82 1902/11/82
f 1893/11/81 1898/11/81 1894/11/81
f 1901/11/81 1894/11/81 1898/11/81
f 1902/11/81 1894/11/81 1901/11/81
f 1894/11/428 1900/13/427 1902/11/427
f 1900/13/427 1894/11/428 1896/13/428
f 1902/11/430 1900/13/430 1894/11/429
f 1896/13/429 1894/11/429 1900/13/430
f 1900/13/427 1901/11/655 1902/11/427
f 1901/11/655 1900/13/427 1899/13/655
f 1902/11/430 1901/11/656 1900/13/430
f 1899/13/656 1900/13/430 1901/11/656
f 1901/11/655 1897/13/433 1898/11/433
f 1897/13/433 1901/11/655 1899/13/655
f 1898/11/434 1897/13/434 1901/11/656
f 1899/13/656 1901/11/656 1897/13/434
f 1905/12/368 1904/11/368 1903/12/368
f 1904/11/368 1905/12/368 1906/11/368
f 1903/12/367 1904/11/367 1905/12/367
f 1906/11/367 1905/12/367 1904/11/367
f 1905/12/356 1907/11/356 1906/11/356
f 1907/11/356 1905/12/356 1908/12/356
f 1906/11/355 1907/11/355 1905/12/355
f 1908/12/355 1905/12/355 1907/11/355
f 1909/11/439 1903/12/441 1904/11/441
f 1903/12/441 1909/11/439 1910/12/439
f 1904/11/442 1903/12/442 1909/11/440
f 1910/12/440 1909/11/440 1903/12/442
f 1907/11/436 1912/12/435 1911/11/435
f 1912/12/435 1907/11/436 1908/12/436
f 1911/11/438 1912/12/438 1907/11/437
f 1908/12/437 1907/11/437 1912/12/438
f 1910/12/81 1905/12/81 1903/12/81
f 1905/12/81 1910/12/81 1908/12/81
f 1908/12/81 1910/12/81 1912/12/81
f 1903/12/82 1905/12/82 1910/12/82
f 1908/12/82 1910/12/82 1905/12/82
f 1912/12/82 1910/12/82 1908/12/82
f 1912/12/435 1909/11/439 1911/11/435
f 1909/11/439 1912/12/435 1910/12/439
f 1911/11/438 1909/11/440 1912/12/438
f 1910/12/440 1912/12/438 1909/11/440
f 1915/13/356 1914/11/356 1913/11/356
f 1914/11/356 1915/13/356 1916/13/356
f 1913/11/355 1914/11/355 1915/13/355
f 1916/13/355 1915/13/355 1914/11/355
f 1915/13/368 1918/11/368 1917/13/368
f 1918/11/368 1915/13/368 1913/11/368
f 1917/13/367 1918/11/367 1915/13/367
f 1913/11/367 1915/13/367 1918/11/367
f 1919/13/81 1915/13/81 1917/13/81
f 1915/13/81 1919/13/81 1916/13/81
f 1916/13/81 1919/13/81 1920/13/81
f 1917/13/82 1915/13/82 1919/13/82
f 1916/13/82 1919/13/82 1915/13/82
f 1920/13/82 1919/13/82 1916/13/82
f 1914/11/82 1918/11/82 1913/11/82
f 1918/11/82 1914/11/82 1921/11/82
f 1921/11/82 1914/11/82 1922/11/82
f 1913/11/81 1918/11/81 1914/11/81
f 1921/11/81 1914/11/81 1918/11/81
f 1922/11/81 1914/11/81 1921/11/81
f 1914/11/436 1920/13/435 1922/11/435
f 1920/13/435 1914/11/436 1916/13/436
f 1922/11/438 1920/13/438 1914/11/437
f 1916/13/437 1914/11/437 1920/13/438
f 1920/13/435 1921/11/657 1922/11/435
f 1921/11/657 1920/13/435 1919/13/657
f 1922/11/438 1921/11/658 1920/13/438
f 1919/13/658 1920/13/438 1921/11/658
f 1921/11/657 1917/13/441 1918/11/441
f 1917/13/441 1921/11/657 1919/13/657
f 1918/11/442 1917/13/442 1921/11/658
f 1919/13/658 1921/11/658 1917/13/442
f 929/13/445 1924/11/445 1923/13/445
f 1924/11/445 929/13/445 1925/11/445
f 1923/13/446 1924/11/446 929/13/446
f 1925/11/446 929/13/446 1924/11/446
f 1928/13/611 1927/11/443 1926/11/611
f 1927/11/443 1928/13/611 1929/13/443
f 1926/11/612 1927/11/444 1928/13/612
f 1929/13/444 1928/13/612 1927/11/444
f 929/13/444 1930/11/444 1925/11/444
f 1930/11/444 929/13/444 930/13/444
f 1925/11/443 1930/11/443 929/13/443
f 930/13/443 929/13/443 1930/11/443
f 1929/13/443 1924/11/613 1927/11/443
f 1924/11/613 1929/13/443 1923/13/613
f 1927/11/444 1924/11/614 1929/13/444
f 1923/13/614 1929/13/444 1924/11/614
f 1930/11/82 1924/11/82 1925/11/82
f 1924/11/82 1930/11/82 1927/11/82
f 1927/11/82 1930/11/82 1926/11/82
f 1925/11/81 1924/11/81 1930/11/81
f 1927/11/81 1930/11/81 1924/11/81
f 1926/11/81 1930/11/81 1927/11/81
f 1923/13/81 930/13/81 929/13/81
f 930/13/81 1923/13/81 1929/13/81
f 930/13/81 1929/13/81 1928/13/81
f 929/13/82 930/13/82 1923/13/82
f 1929/13/82 1923/13/82 930/13/82
f 1928/13/82 1929/13/82 930/13/82
f 1930/11/446 1928/13/446 1926/11/446
f 1928/13/446 1930/11/446 930/13/446
f 1926/11/445 1928/13/445 1930/11/445
f 930/13/445 1930/11/445 1928/13/445
f 1933/12/411 1932/11/443 1931/11/411
f 1932/11/443 1933/12/411 1934/12/443
f 1931/11/413 1932/11/444 1933/12/413
f 1934/12/444 1933/12/413 1932/11/444
f 1934/12/443 1935/11/415 1932/11/443
f 1935/11/415 1934/12/443 1936/12/415
f 1932/11/444 1935/11/416 1934/12/444
f 1936/12/416 1934/12/444 1935/11/416
f 1937/12/445 1935/11/445 1936/12/445
f 1935/11/445 1937/12/445 1938/11/445
f 1936/12/446 1935/11/446 1937/12/446
f 1938/11/446 1937/12/446 1935/11/446
f 1936/12/81 1939/12/81 1937/12/81
f 1939/12/81 1936/12/81 1934/12/81
f 1939/12/81 1934/12/81 1933/12/81
f 1937/12/82 1939/12/82 1936/12/82
f 1934/12/82 1936/12/82 1939/12/82
f 1933/12/82 1934/12/82 1939/12/82
f 1937/12/444 1940/11/444 1938/11/444
f 1940/11/444 1937/12/444 1939/12/444
f 1938/11/443 1940/11/443 1937/12/443
f 1939/12/443 1937/12/443 1940/11/443
f 1940/11/446 1933/12/446 1931/11/446
f 1933/12/446 1940/11/446 1939/12/446
f 1931/11/445 1933/12/445 1940/11/445
f 1939/12/445 1940/11/445 1933/12/445
f 1943/46/624 1942/46/629 1941/46/624
f 1942/46/629 1943/46/624 1944/46/629
f 1941/46/626 1942/46/630 1943/46/626
f 1944/46/630 1943/46/626 1942/46/630
f 1947/47/626 1946/47/630 1945/47/630
f 1946/47/630 1947/47/626 1948/47/626
f 1945/47/629 1946/47/629 1947/47/624
f 1948/47/624 1947/47/624 1946/47/629
f 1951/48/628 1950/49/623 1949/48/628
f 1950/49/623 1951/48/628 1952/49/623
f 1949/48/627 1950/49/625 1951/48/627
f 1952/49/625 1951/48/627 1950/49/625
f 1955/49/627 1954/48/625 1953/49/627
f 1954/48/625 1955/49/627 1956/48/625
f 1953/49/628 1954/48/623 1955/49/628
f 1956/48/623 1955/49/628 1954/48/623
f 1945/47/630 1951/48/628 1949/48/628
f 1951/48/628 1945/47/630 1946/47/630
f 1949/48/627 1951/48/627 1945/47/629
f 1946/47/629 1945/47/629 1951/48/627
f 1952/49/623 1941/46/624 1950/49/623
f 1941/46/624 1952/49/623 1943/46/624
f 1950/49/625 1941/46/626 1952/49/625
f 1943/46/626 1952/49/625 1941/46/626
f 1953/49/415 1941/46/415 1942/46/415
f 1941/46/415 1953/49/415 1950/49/415
f 1950/49/415 1953/49/415 1954/48/415
f 1950/49/415 1954/48/415 1949/48/415
f 1949/48/415 1954/48/415 1947/47/415
f 1949/48/415 1947/47/415 1945/47/415
f 1942/46/416 1941/46/416 1953/49/416
f 1950/49/416 1953/49/416 1941/46/416
f 1954/48/416 1953/49/416 1950/49/416
f 1949/48/416 1954/48/416 1950/49/416
f 1947/47/416 1954/48/416 1949/48/416
f 1945/47/416 1947/47/416 1949/48/416
f 1952/49/416 1944/46/416 1943/46/416
f 1944/46/416 1952/49/416 1955/49/416
f 1955/49/416 1952/49/416 1951/48/416
f 1955/49/416 1951/48/416 1956/48/416
f 1956/48/416 1951/48/416 1946/47/416
f 1956/48/416 1946/47/416 1948/47/416
f 1943/46/415 1944/46/415 1952/49/415
f 1955/49/415 1952/49/415 1944/46/415
f 1951/48/415 1952/49/415 1955/49/415
f 1956/48/415 1951/48/415 1955/49/415
f 1946/47/415 1951/48/415 1956/48/415
f 1948/47/415 1946/47/415 1956/48/415
f 1944/46/629 1953/49/627 1942/46/629
f 1953/49/627 1944/46/629 1955/49/627
f 1942/46/630 1953/49/628 1944/46/630
f 1955/49/628 1944/46/630 1953/49/628
f 1954/48/625 1948/47/626 1947/47/626
f 1948/47/626 1954/48/625 1956/48/625
f 1947/47/624 1948/47/624 1954/48/623
f 1956/48/623 1954/48/623 1948/47/624
f 1959/50/620 1958/50/617 1957/50/620
f 1958/50/617 1959/50/620 1960/50/617
f 1957/50/622 1958/50/616 1959/50/622
f 1960/50/616 1959/50/622 1958/50/616
f 1963/51/622 1962/51/616 1961/51/616
f 1962/51/616 1963/51/622 1964/51/622
f 1961/51/617 1962/51/617 1963/51/620
f 1964/51/620 1963/51/620 1962/51/617
f 1966/52/619 1957/50/620 1965/52/619
f 1957/50/620 1966/52/619 1959/50/620
f 1965/52/621 1957/50/622 1966/52/621
f 1959/50/622 1966/52/621 1957/50/622
f 1960/50/617 1967/52/618 1958/50/617
f 1967/52/618 1960/50/617 1968/52/618
f 1958/50/616 1967/52/615 1960/50/616
f 1968/52/615 1960/50/616 1967/52/615
f 1965/52/619 1969/53/615 1966/52/619
f 1969/53/615 1965/52/619 1970/53/615
f 1966/52/621 1969/53/618 1965/52/621
f 1970/53/618 1965/52/621 1969/53/618
f 1961/51/616 1969/53/615 1970/53/615
f 1969/53/615 1961/51/616 1962/51/616
f 1970/53/618 1969/53/618 1961/51/617
f 1962/51/617 1961/51/617 1969/53/618
f 1970/53/413 1963/51/413 1961/51/413
f 1963/51/413 1970/53/413 1971/53/413
f 1971/53/413 1970/53/413 1965/52/413
f 1971/53/413 1965/52/413 1967/52/413
f 1967/52/413 1965/52/413 1957/50/413
f 1967/52/413 1957/50/413 1958/50/413
f 1961/51/411 1963/51/411 1970/53/411
f 1971/53/411 1970/53/411 1963/51/411
f 1965/52/411 1970/53/411 1971/53/411
f 1967/52/411 1965/52/411 1971/53/411
f 1957/50/411 1965/52/411 1967/52/411
f 1958/50/411 1957/50/411 1967/52/411
f 1972/53/411 1962/51/411 1964/51/411
f 1962/51/411 1972/53/411 1969/53/411
f 1969/53/411 1972/53/411 1968/52/411
f 1969/53/411 1968/52/411 1966/52/411
f 1966/52/411 1968/52/411 1960/50/411
f 1966/52/411 1960/50/411 1959/50/411
f 1964/51/413 1962/51/413 1972/53/413
f 1969/53/413 1972/53/413 1962/51/413
f 1968/52/413 1972/53/413 1969/53/413
f 1966/52/413 1968/52/413 1969/53/413
f 1960/50/413 1968/52/413 1966/52/413
f 1959/50/413 1960/50/413 1966/52/413
f 1971/53/621 1964/51/622 1963/51/622
f 1964/51/622 1971/53/621 1972/53/621
f 1963/51/620 1964/51/620 1971/53/619
f 1972/53/619 1971/53/619 1964/51/620
f 1971/53/621 1968/52/618 1972/53/621
f 1968/52/618 1971/53/621 1967/52/618
f 1972/53/619 1968/52/615 1971/53/619
f 1967/52/615 1971/53/619 1968/52/615
f 1975/54/624 1974/54/629 1973/54/624
f 1974/54/629 1975/54/624 1976/54/629
f 1973/54/626 1974/54/630 1975/54/626
f 1976/54/630 1975/54/626 1974/54/630
f 1979/55/626 1978/55/630 1977/55/630
f 1978/55/630 1979/55/626 1980/55/626
f 1977/55/629 1978/55/629 1979/55/624
f 1980/55/624 1979/55/624 1978/55/629
f 1977/55/630 1982/56/628 1981/56/628
f 1982/56/628 1977/55/630 1978/55/630
f 1981/56/627 1982/56/627 1977/55/629
f 1978/55/629 1977/55/629 1982/56/627
f 1984/57/623 1973/54/624 1983/57/623
f 1973/54/624 1984/57/623 1975/54/624
f 1983/57/625 1973/54/626 1984/57/625
f 1975/54/626 1984/57/625 1973/54/626
f 1987/57/627 1986/56/625 1985/57/627
f 1986/56/625 1987/57/627 1988/56/625
f 1985/57/628 1986/56/623 1987/57/628
f 1988/56/623 1987/57/628 1986/56/623
f 1982/56/628 1983/57/623 1981/56/628
f 1983/57/623 1982/56/628 1984/57/623
f 1981/56/627 1983/57/625 1982/56/627
f 1984/57/625 1982/56/627 1983/57/625
f 1985/57/415 1973/54/415 1974/54/415
f 1973/54/415 1985/57/415 1983/57/415
f 1983/57/415 1985/57/415 1986/56/415
f 1983/57/415 1986/56/415 1981/56/415
f 1981/56/415 1986/56/415 1979/55/415
f 1981/56/415 1979/55/415 1977/55/415
f 1974/54/416 1973/54/416 1985/57/416
f 1983/57/416 1985/57/416 1973/54/416
f 1986/56/416 1985/57/416 1983/57/416
f 1981/56/416 1986/56/416 1983/57/416
f 1979/55/416 1986/56/416 1981/56/416
f 1977/55/416 1979/55/416 1981/56/416
f 1976/54/629 1985/57/627 1974/54/629
f 1985/57/627 1976/54/629 1987/57/627
f 1974/54/630 1985/57/628 1976/54/630
f 1987/57/628 1976/54/630 1985/57/628
f 1984/57/416 1976/54/416 1975/54/416
f 1976/54/416 1984/57/416 1987/57/416
f 1987/57/416 1984/57/416 1982/56/416
f 1987/57/416 1982/56/416 1988/56/416
f 1988/56/416 1982/56/416 1978/55/416
f 1988/56/416 1978/55/416 1980/55/416
f 1975/54/415 1976/54/415 1984/57/415
f 1987/57/415 1984/57/415 1976/54/415
f 1982/56/415 1984/57/415 1987/57/415
f 1988/56/415 1982/56/415 1987/57/415
f 1978/55/415 1982/56/415 1988/56/415
f 1980/55/415 1978/55/415 1988/56/415
f 1986/56/625 1980/55/626 1979/55/626
f 1980/55/626 1986/56/625 1988/56/625
f 1979/55/624 1980/55/624 1986/56/623
f 1988/56/623 1986/56/623 1980/55/624
f 939/13/384 1990/11/384 1989/13/384
f 1990/11/384 939/13/384 1991/11/384
f 1989/13/383 1990/11/383 939/13/383
f 1991/11/383 939/13/383 1990/11/383
f 1994/13/612 1993/11/371 1992/11/612
f 1993/11/371 1994/13/612 1995/13/371
f 1992/11/611 1993/11/372 1994/13/611
f 1995/13/372 1994/13/611 1993/11/372
f 939/13/372 1996/11/372 1991/11/372
f 1996/11/372 939/13/372 940/13/372
f 1991/11/371 1996/11/371 939/13/371
f 940/13/371 939/13/371 1996/11/371
f 1995/13/371 1990/11/614 1993/11/371
f 1990/11/614 1995/13/371 1989/13/614
f 1993/11/372 1990/11/613 1995/13/372
f 1989/13/613 1995/13/372 1990/11/613
f 1996/11/82 1990/11/82 1991/11/82
f 1990/11/82 1996/11/82 1993/11/82
f 1993/11/82 1996/11/82 1992/11/82
f 1991/11/81 1990/11/81 1996/11/81
f 1993/11/81 1996/11/81 1990/11/81
f 1992/11/81 1996/11/81 1993/11/81
f 1989/13/81 940/13/81 939/13/81
f 940/13/81 1989/13/81 1995/13/81
f 940/13/81 1995/13/81 1994/13/81
f 939/13/82 940/13/82 1989/13/82
f 1995/13/82 1989/13/82 940/13/82
f 1994/13/82 1995/13/82 940/13/82
f 1996/11/383 1994/13/383 1992/11/383
f 1994/13/383 1996/11/383 940/13/383
f 1992/11/384 1994/13/384 1996/11/384
f 940/13/384 1996/11/384 1994/13/384
f 1999/12/413 1998/11/371 1997/11/413
f 1998/11/371 1999/12/413 2000/12/371
f 1997/11/411 1998/11/372 1999/12/411
f 2000/12/372 1999/12/411 1998/11/372
f 2000/12/371 2001/11/416 1998/11/371
f 2001/11/416 2000/12/371 2002/12/416
f 1998/11/372 2001/11/415 2000/12/372
f 2002/12/415 2000/12/372 2001/11/415
f 2003/12/384 2001/11/384 2002/12/384
f 2001/11/384 2003/12/384 2004/11/384
f 2002/12/383 2001/11/383 2003/12/383
f 2004/11/383 2003/12/383 2001/11/383
f 2002/12/81 2005/12/81 2003/12/81
f 2005/12/81 2002/12/81 2000/12/81
f 2005/12/81 2000/12/81 1999/12/81
f 2003/12/82 2005/12/82 2002/12/82
f 2000/12/82 2002/12/82 2005/12/82
f 1999/12/82 2000/12/82 2005/12/82
f 2003/12/372 2006/11/372 2004/11/372
f 2006/11/372 2003/12/372 2005/12/372
f 2004/11/371 2006/11/371 2003/12/371
f 2005/12/371 2003/12/371 2006/11/371
f 2006/11/383 1999/12/383 1997/11/383
f 1999/12/383 2006/11/383 2005/12/383
f 1997/11/384 1999/12/384 2006/11/384
f 2005/12/384 2006/11/384 1999/12/384
f 2009/46/629 2008/46/624 2007/46/629
f 2008/46/624 2009/46/629 2010/46/624
f 2007/46/630 2008/46/626 2009/46/630
f 2010/46/626 2009/46/630 2008/46/626
f 2013/47/630 2012/47/626 2011/47/626
f 2012/47/626 2013/47/630 2014/47/630
f 2011/47/624 2012/47/624 2013/47/629
f 2014/47/629 2013/47/629 2012/47/624
f 2017/48/625 2016/49/627 2015/48/625
f 2016/49/627 2017/48/625 2018/49/627
f 2015/48/623 2016/49/628 2017/48/623
f 2018/49/628 2017/48/623 2016/49/628
f 2021/49/623 2020/48/628 2019/49/623
f 2020/48/628 2021/49/623 2022/48/628
f 2019/49/625 2020/48/627 2021/49/625
f 2022/48/627 2021/49/625 2020/48/627
f 2011/47/626 2017/48/625 2015/48/625
f 2017/48/625 2011/47/626 2012/47/626
f 2015/48/623 2017/48/623 2011/47/624
f 2012/47/624 2011/47/624 2017/48/623
f 2018/49/627 2007/46/629 2016/49/627
f 2007/46/629 2018/49/627 2009/46/629
f 2016/49/628 2007/46/630 2018/49/628
f 2009/46/630 2018/49/628 2007/46/630
f 2019/49/416 2007/46/416 2008/46/416
f 2007/46/416 2019/49/416 2016/49/416
f 2016/49/416 2019/49/416 2020/48/416
f 2016/49/416 2020/48/416 2015/48/416
f 2015/48/416 2020/48/416 2013/47/416
f 2015/48/416 2013/47/416 2011/47/416
f 2008/46/415 2007/46/415 2019/49/415
f 2016/49/415 2019/49/415 2007/46/415
f 2020/48/415 2019/49/415 2016/49/415
f 2015/48/415 2020/48/415 2016/49/415
f 2013/47/415 2020/48/415 2015/48/415
f 2011/47/415 2013/47/415 2015/48/415
f 2018/49/415 2010/46/415 2009/46/415
f 2010/46/415 2018/49/415 2021/49/415
f 2021/49/415 2018/49/415 2017/48/415
f 2021/49/415 2017/48/415 2022/48/415
f 2022/48/415 2017/48/415 2012/47/415
f 2022/48/415 2012/47/415 2014/47/415
f 2009/46/416 2010/46/416 2018/49/416
f 2021/49/416 2018/49/416 2010/46/416
f 2017/48/416 2018/49/416 2021/49/416
f 2022/48/416 2017/48/416 2021/49/416
f 2012/47/416 2017/48/416 2022/48/416
f 2014/47/416 2012/47/416 2022/48/416
f 2010/46/624 2019/49/623 2008/46/624
f 2019/49/623 2010/46/624 2021/49/623
f 2008/46/626 2019/49/625 2010/46/626
f 2021/49/625 2010/46/626 2019/49/625
f 2020/48/628 2014/47/630 2013/47/630
f 2014/47/630 2020/48/628 2022/48/628
f 2013/47/629 2014/47/629 2020/48/627
f 2022/48/627 2020/48/627 2014/47/629
f 2025/50/617 2024/50/620 2023/50/617
f 2024/50/620 2025/50/617 2026/50/620
f 2023/50/616 2024/50/622 2025/50/616
f 2026/50/622 2025/50/616 2024/50/622
f 2029/51/616 2028/51/622 2027/51/622
f 2028/51/622 2029/51/616 2030/51/616
f 2027/51/620 2028/51/620 2029/51/617
f 2030/51/617 2029/51/617 2028/51/620
f 2032/52/618 2023/50/617 2031/52/618
f 2023/50/617 2032/52/618 2025/50/617
f 2031/52/615 2023/50/616 2032/52/615
f 2025/50/616 2032/52/615 2023/50/616
f 2026/50/620 2033/52/619 2024/50/620
f 2033/52/619 2026/50/620 2034/52/619
f 2024/50/622 2033/52/621 2026/50/622
f 2034/52/621 2026/50/622 2033/52/621
f 2031/52/618 2035/53/621 2032/52/618
f 2035/53/621 2031/52/618 2036/53/621
f 2032/52/615 2035/53/619 2031/52/615
f 2036/53/619 2031/52/615 2035/53/619
f 2027/51/622 2035/53/621 2036/53/621
f 2035/53/621 2027/51/622 2028/51/622
f 2036/53/619 2035/53/619 2027/51/620
f 2028/51/620 2027/51/620 2035/53/619
f 2036/53/411 2029/51/411 2027/51/411
f 2029/51/411 2036/53/411 2037/53/411
f 2037/53/411 2036/53/411 2031/52/411
f 2037/53/411 2031/52/411 2033/52/411
f 2033/52/411 2031/52/411 2023/50/411
f 2033/52/411 2023/50/411 2024/50/411
f 2027/51/413 2029/51/413 2036/53/413
f 2037/53/413 2036/53/413 2029/51/413
f 2031/52/413 2036/53/413 2037/53/413
f 2033/52/413 2031/52/413 2037/53/413
f 2023/50/413 2031/52/413 2033/52/413
f 2024/50/413 2023/50/413 2033/52/413
f 2038/53/413 2028/51/413 2030/51/413
f 2028/51/413 2038/53/413 2035/53/413
f 2035/53/413 2038/53/413 2034/52/413
f 2035/53/413 2034/52/413 2032/52/413
f 2032/52/413 2034/52/413 2026/50/413
f 2032/52/413 2026/50/413 2025/50/413
f 2030/51/411 2028/51/411 2038/53/411
f 2035/53/411 2038/53/411 2028/51/411
f 2034/52/411 2038/53/411 2035/53/411
f 2032/52/411 2034/52/411 2035/53/411
f 2026/50/411 2034/52/411 2032/52/411
f 2025/50/411 2026/50/411 2032/52/411
f 2037/53/615 2030/51/616 2029/51/616
f 2030/51/616 2037/53/615 2038/53/615
f 2029/51/617 2030/51/617 2037/53/618
f 2038/53/618 2037/53/618 2030/51/617
f 2037/53/615 2034/52/619 2038/53/615
f 2034/52/619 2037/53/615 2033/52/619
f 2038/53/618 2034/52/621 2037/53/618
f 2033/52/621 2037/53/618 2034/52/621
f 2041/54/629 2040/54/624 2039/54/629
f 2040/54/624 2041/54/629 2042/54/624
f 2039/54/630 2040/54/626 2041/54/630
f 2042/54/626 2041/54/630 2040/54/626
f 2045/55/630 2044/55/626 2043/55/626
f 2044/55/626 2045/55/630 2046/55/630
f 2043/55/624 2044/55/624 2045/55/629
f 2046/55/629 2045/55/629 2044/55/624
f 2043/55/626 2048/56/625 2047/56/625
f 2048/56/625 2043/55/626 2044/55/626
f 2047/56/623 2048/56/623 2043/55/624
f 2044/55/624 2043/55/624 2048/56/623
f 2050/57/627 2039/54/629 2049/57/627
f 2039/54/629 2050/57/627 2041/54/629
f 2049/57/628 2039/54/630 2050/57/628
f 2041/54/630 2050/57/628 2039/54/630
f 2053/57/623 2052/56/628 2051/57/623
f 2052/56/628 2053/57/623 2054/56/628
f 2051/57/625 2052/56/627 2053/57/625
f 2054/56/627 2053/57/625 2052/56/627
f 2048/56/625 2049/57/627 2047/56/625
f 2049/57/627 2048/56/625 2050/57/627
f 2047/56/623 2049/57/628 2048/56/623
f 2050/57/628 2048/56/623 2049/57/628
f 2051/57/416 2039/54/416 2040/54/416
f 2039/54/416 2051/57/416 2049/57/416
f 2049/57/416 2051/57/416 2052/56/416
f 2049/57/416 2052/56/416 2047/56/416
f 2047/56/416 2052/56/416 2045/55/416
f 2047/56/416 2045/55/416 2043/55/416
f 2040/54/415 2039/54/415 2051/57/415
f 2049/57/415 2051/57/415 2039/54/415
f 2052/56/415 2051/57/415 2049/57/415
f 2047/56/415 2052/56/415 2049/57/415
f 2045/55/415 2052/56/415 2047/56/415
f 2043/55/415 2045/55/415 2047/56/415
f 2042/54/624 2051/57/623 2040/54/624
f 2051/57/623 2042/54/624 2053/57/623
f 2040/54/626 2051/57/625 2042/54/626
f 2053/57/625 2042/54/626 2051/57/625
f 2050/57/415 2042/54/415 2041/54/415
f 2042/54/415 2050/57/415 2053/57/415
f 2053/57/415 2050/57/415 2048/56/415
f 2053/57/415 2048/56/415 2054/56/415
f 2054/56/415 2048/56/415 2044/55/415
f 2054/56/415 2044/55/415 2046/55/415
f 2041/54/416 2042/54/416 2050/57/416
f 2053/57/416 2050/57/416 2042/54/416
f 2048/56/416 2050/57/416 2053/57/416
f 2054/56/416 2048/56/416 2053/57/416
f 2044/55/416 2048/56/416 2054/56/416
f 2046/55/416 2044/55/416 2054/56/416
f 2052/56/628 2046/55/630 2045/55/630
f 2046/55/630 2052/56/628 2054/56/628
f 2045/55/629 2046/55/629 2052/56/627
f 2054/56/627 2052/56/627 2046/55/629
f 2057/12/447 2056/11/447 2055/12/447
f 2056/11/447 2057/12/447 2058/11/447
f 2055/12/448 2056/11/448 2057/12/448
f 2058/11/448 2057/12/448 2056/11/448
f 2057/12/449 2059/11/449 2058/11/449
f 2059/11/449 2057/12/449 2060/12/449
f 2058/11/450 2059/11/450 2057/12/450
f 2060/12/450 2057/12/450 2059/11/450
f 2061/11/432 2055/12/434 2056/11/434
f 2055/12/434 2061/11/432 2062/12/432
f 2056/11/433 2055/12/433 2061/11/431
f 2062/12/431 2061/11/431 2055/12/433
f 2059/11/429 2064/12/430 2063/11/430
f 2064/12/430 2059/11/429 2060/12/429
f 2063/11/427 2064/12/427 2059/11/428
f 2060/12/428 2059/11/428 2064/12/427
f 2062/12/81 2057/12/81 2055/12/81
f 2057/12/81 2062/12/81 2060/12/81
f 2060/12/81 2062/12/81 2064/12/81
f 2055/12/82 2057/12/82 2062/12/82
f 2060/12/82 2062/12/82 2057/12/82
f 2064/12/82 2062/12/82 2060/12/82
f 2064/12/430 2061/11/432 2063/11/430
f 2061/11/432 2064/12/430 2062/12/432
f 2063/11/427 2061/11/431 2064/12/427
f 2062/12/431 2064/12/427 2061/11/431
f 813/13/449 2066/11/449 2065/11/449
f 2066/11/449 813/13/449 1339/13/449
f 2065/11/450 2066/11/450 813/13/450
f 1339/13/450 813/13/450 2066/11/450
f 813/13/447 2068/11/447 2067/13/447
f 2068/11/447 813/13/447 2065/11/447
f 2067/13/448 2068/11/448 813/13/448
f 2065/11/448 813/13/448 2068/11/448
f 2069/13/81 813/13/81 2067/13/81
f 813/13/81 2069/13/81 1339/13/81
f 1339/13/81 2069/13/81 2070/13/81
f 2067/13/82 813/13/82 2069/13/82
f 1339/13/82 2069/13/82 813/13/82
f 2070/13/82 2069/13/82 1339/13/82
f 2066/11/82 2068/11/82 2065/11/82
f 2068/11/82 2066/11/82 2071/11/82
f 2071/11/82 2066/11/82 2072/11/82
f 2065/11/81 2068/11/81 2066/11/81
f 2071/11/81 2066/11/81 2068/11/81
f 2072/11/81 2066/11/81 2071/11/81
f 2066/11/429 2070/13/430 2072/11/430
f 2070/13/430 2066/11/429 1339/13/429
f 2072/11/427 2070/13/427 2066/11/428
f 1339/13/428 2066/11/428 2070/13/427
f 2070/13/430 2071/11/656 2072/11/430
f 2071/11/656 2070/13/430 2069/13/656
f 2072/11/427 2071/11/655 2070/13/427
f 2069/13/655 2070/13/427 2071/11/655
f 2071/11/656 2067/13/434 2068/11/434
f 2067/13/434 2071/11/656 2069/13/656
f 2068/11/433 2067/13/433 2071/11/655
f 2069/13/655 2071/11/655 2067/13/433
f 2075/12/368 2074/11/368 2073/12/368
f 2074/11/368 2075/12/368 2076/11/368
f 2073/12/367 2074/11/367 2075/12/367
f 2076/11/367 2075/12/367 2074/11/367
f 2075/12/356 2077/11/356 2076/11/356
f 2077/11/356 2075/12/356 2078/12/356
f 2076/11/355 2077/11/355 2075/12/355
f 2078/12/355 2075/12/355 2077/11/355
f 2079/11/439 2073/12/441 2074/11/441
f 2073/12/441 2079/11/439 2080/12/439
f 2074/11/442 2073/12/442 2079/11/440
f 2080/12/440 2079/11/440 2073/12/442
f 2077/11/436 2082/12/435 2081/11/435
f 2082/12/435 2077/11/436 2078/12/436
f 2081/11/438 2082/12/438 2077/11/437
f 2078/12/437 2077/11/437 2082/12/438
f 2080/12/81 2075/12/81 2073/12/81
f 2075/12/81 2080/12/81 2078/12/81
f 2078/12/81 2080/12/81 2082/12/81
f 2073/12/82 2075/12/82 2080/12/82
f 2078/12/82 2080/12/82 2075/12/82
f 2082/12/82 2080/12/82 2078/12/82
f 2082/12/435 2079/11/439 2081/11/435
f 2079/11/439 2082/12/435 2080/12/439
f 2081/11/438 2079/11/440 2082/12/438
f 2080/12/440 2082/12/438 2079/11/440
f 2085/13/356 2084/11/356 2083/11/356
f 2084/11/356 2085/13/356 2086/13/356
f 2083/11/355 2084/11/355 2085/13/355
f 2086/13/355 2085/13/355 2084/11/355
f 2085/13/368 2088/11/368 2087/13/368
f 2088/11/368 2085/13/368 2083/11/368
f 2087/13/367 2088/11/367 2085/13/367
f 2083/11/367 2085/13/367 2088/11/367
f 2089/13/81 2085/13/81 2087/13/81
f 2085/13/81 2089/13/81 2086/13/81
f 2086/13/81 2089/13/81 2090/13/81
f 2087/13/82 2085/13/82 2089/13/82
f 2086/13/82 2089/13/82 2085/13/82
f 2090/13/82 2089/13/82 2086/13/82
f 2084/11/82 2088/11/82 2083/11/82
f 2088/11/82 2084/11/82 2091/11/82
f 2091/11/82 2084/11/82 2092/11/82
f 2083/11/81 2088/11/81 2084/11/81
f 2091/11/81 2084/11/81 2088/11/81
f 2092/11/81 2084/11/81 2091/11/81
f 2084/11/436 2090/13/435 2092/11/435
f 2090/13/435 2084/11/436 2086/13/436
f 2092/11/438 2090/13/438 2084/11/437
f 2086/13/437 2084/11/437 2090/13/438
f 2090/13/435 2091/11/657 2092/11/435
f 2091/11/657 2090/13/435 2089/13/657
f 2092/11/438 2091/11/658 2090/13/438
f 2089/13/658 2090/13/438 2091/11/658
f 2091/11/657 2087/13/441 2088/11/441
f 2087/13/441 2091/11/657 2089/13/657
f 2088/11/442 2087/13/442 2091/11/658
f 2089/13/658 2091/11/658 2087/13/442
f 2095/12/384 2094/11/384 2093/12/384
f 2094/11/384 2095/12/384 2096/11/384
f 2093/12/383 2094/11/383 2095/12/383
f 2096/11/383 2095/12/383 2094/11/383
f 2095/12/372 2097/11/372 2096/11/372
f 2097/11/372 2095/12/372 2098/12/372
f 2096/11/371 2097/11/371 2095/12/371
f 2098/12/371 2095/12/371 2097/11/371
f 2099/11/431 2093/12/433 2094/11/433
f 2093/12/433 2099/11/431 2100/12/431
f 2094/11/434 2093/12/434 2099/11/432
f 2100/12/432 2099/11/432 2093/12/434
f 2097/11/428 2102/12/427 2101/11/427
f 2102/12/427 2097/11/428 2098/12/428
f 2101/11/430 2102/12/430 2097/11/429
f 2098/12/429 2097/11/429 2102/12/430
f 2100/12/81 2095/12/81 2093/12/81
f 2095/12/81 2100/12/81 2098/12/81
f 2098/12/81 2100/12/81 2102/12/81
f 2093/12/82 2095/12/82 2100/12/82
f 2098/12/82 2100/12/82 2095/12/82
f 2102/12/82 2100/12/82 2098/12/82
f 2102/12/427 2099/11/431 2101/11/427
f 2099/11/431 2102/12/427 2100/12/431
f 2101/11/430 2099/11/432 2102/12/430
f 2100/12/432 2102/12/430 2099/11/432
f 773/13/372 2104/11/372 2103/11/372
f 2104/11/372 773/13/372 1129/13/372
f 2103/11/371 2104/11/371 773/13/371
f 1129/13/371 773/13/371 2104/11/371
f 773/13/384 2106/11/384 2105/13/384
f 2106/11/384 773/13/384 2103/11/384
f 2105/13/383 2106/11/383 773/13/383
f 2103/11/383 773/13/383 2106/11/383
f 2107/13/81 773/13/81 2105/13/81
f 773/13/81 2107/13/81 1129/13/81
f 1129/13/81 2107/13/81 2108/13/81
f 2105/13/82 773/13/82 2107/13/82
f 1129/13/82 2107/13/82 773/13/82
f 2108/13/82 2107/13/82 1129/13/82
f 2104/11/82 2106/11/82 2103/11/82
f 2106/11/82 2104/11/82 2109/11/82
f 2109/11/82 2104/11/82 2110/11/82
f 2103/11/81 2106/11/81 2104/11/81
f 2109/11/81 2104/11/81 2106/11/81
f 2110/11/81 2104/11/81 2109/11/81
f 2104/11/428 2108/13/427 2110/11/427
f 2108/13/427 2104/11/428 1129/13/428
f 2110/11/430 2108/13/430 2104/11/429
f 1129/13/429 2104/11/429 2108/13/430
f 2108/13/427 2109/11/655 2110/11/427
f 2109/11/655 2108/13/427 2107/13/655
f 2110/11/430 2109/11/656 2108/13/430
f 2107/13/656 2108/13/430 2109/11/656
f 2109/11/655 2105/13/433 2106/11/433
f 2105/13/433 2109/11/655 2107/13/655
f 2106/11/434 2105/13/434 2109/11/656
f 2107/13/656 2109/11/656 2105/13/434
f 2113/12/400 2112/11/400 2111/12/400
f 2112/11/400 2113/12/400 2114/11/400
f 2111/12/399 2112/11/399 2113/12/399
f 2114/11/399 2113/12/399 2112/11/399
f 2113/12/388 2115/11/388 2114/11/388
f 2115/11/388 2113/12/388 2116/12/388
f 2114/11/387 2115/11/387 2113/12/387
f 2116/12/387 2113/12/387 2115/11/387
f 2117/11/455 2111/12/457 2112/11/457
f 2111/12/457 2117/11/455 2118/12/455
f 2112/11/458 2111/12/458 2117/11/456
f 2118/12/456 2117/11/456 2111/12/458
f 2115/11/452 2120/12/451 2119/11/451
f 2120/12/451 2115/11/452 2116/12/452
f 2119/11/454 2120/12/454 2115/11/453
f 2116/12/453 2115/11/453 2120/12/454
f 2118/12/81 2113/12/81 2111/12/81
f 2113/12/81 2118/12/81 2116/12/81
f 2116/12/81 2118/12/81 2120/12/81
f 2111/12/82 2113/12/82 2118/12/82
f 2116/12/82 2118/12/82 2113/12/82
f 2120/12/82 2118/12/82 2116/12/82
f 2120/12/451 2117/11/455 2119/11/451
f 2117/11/455 2120/12/451 2118/12/455
f 2119/11/454 2117/11/456 2120/12/454
f 2118/12/456 2120/12/454 2117/11/456
f 798/13/388 2122/11/388 2121/11/388
f 2122/11/388 798/13/388 2123/13/388
f 2121/11/387 2122/11/387 798/13/387
f 2123/13/387 798/13/387 2122/11/387
f 798/13/400 2125/11/400 2124/13/400
f 2125/11/400 798/13/400 2121/11/400
f 2124/13/399 2125/11/399 798/13/399
f 2121/11/399 798/13/399 2125/11/399
f 2126/13/81 798/13/81 2124/13/81
f 798/13/81 2126/13/81 2123/13/81
f 2123/13/81 2126/13/81 2127/13/81
f 2124/13/82 798/13/82 2126/13/82
f 2123/13/82 2126/13/82 798/13/82
f 2127/13/82 2126/13/82 2123/13/82
f 2122/11/82 2125/11/82 2121/11/82
f 2125/11/82 2122/11/82 2128/11/82
f 2128/11/82 2122/11/82 2129/11/82
f 2121/11/81 2125/11/81 2122/11/81
f 2128/11/81 2122/11/81 2125/11/81
f 2129/11/81 2122/11/81 2128/11/81
f 2122/11/452 2127/13/451 2129/11/451
f 2127/13/451 2122/11/452 2123/13/452
f 2129/11/454 2127/13/454 2122/11/453
f 2123/13/453 2122/11/453 2127/13/454
f 2127/13/451 2128/11/659 2129/11/451
f 2128/11/659 2127/13/451 2126/13/659
f 2129/11/454 2128/11/660 2127/13/454
f 2126/13/660 2127/13/454 2128/11/660
f 2128/11/659 2124/13/457 2125/11/457
f 2124/13/457 2128/11/659 2126/13/659
f 2125/11/458 2124/13/458 2128/11/660
f 2126/13/660 2128/11/660 2124/13/458
f 2132/12/400 2131/11/400 2130/12/400
f 2131/11/400 2132/12/400 2133/11/400
f 2130/12/399 2131/11/399 2132/12/399
f 2133/11/399 2132/12/399 2131/11/399
f 2132/12/388 2134/11/388 2133/11/388
f 2134/11/388 2132/12/388 2135/12/388
f 2133/11/387 2134/11/387 2132/12/387
f 2135/12/387 2132/12/387 2134/11/387
f 2136/11/455 2130/12/457 2131/11/457
f 2130/12/457 2136/11/455 2137/12/455
f 2131/11/458 2130/12/458 2136/11/456
f 2137/12/456 2136/11/456 2130/12/458
f 2134/11/452 2139/12/451 2138/11/451
f 2139/12/451 2134/11/452 2135/12/452
f 2138/11/454 2139/12/454 2134/11/453
f 2135/12/453 2134/11/453 2139/12/454
f 2137/12/81 2132/12/81 2130/12/81
f 2132/12/81 2137/12/81 2135/12/81
f 2135/12/81 2137/12/81 2139/12/81
f 2130/12/82 2132/12/82 2137/12/82
f 2135/12/82 2137/12/82 2132/12/82
f 2139/12/82 2137/12/82 2135/12/82
f 2139/12/451 2136/11/455 2138/11/451
f 2136/11/455 2139/12/451 2137/12/455
f 2138/11/454 2136/11/456 2139/12/454
f 2137/12/456 2139/12/454 2136/11/456
f 2142/13/388 2141/11/388 2140/11/388
f 2141/11/388 2142/13/388 2143/13/388
f 2140/11/387 2141/11/387 2142/13/387
f 2143/13/387 2142/13/387 2141/11/387
f 2142/13/400 2145/11/400 2144/13/400
f 2145/11/400 2142/13/400 2140/11/400
f 2144/13/399 2145/11/399 2142/13/399
f 2140/11/399 2142/13/399 2145/11/399
f 2146/13/81 2142/13/81 2144/13/81
f 2142/13/81 2146/13/81 2143/13/81
f 2143/13/81 2146/13/81 2147/13/81
f 2144/13/82 2142/13/82 2146/13/82
f 2143/13/82 2146/13/82 2142/13/82
f 2147/13/82 2146/13/82 2143/13/82
f 2141/11/82 2145/11/82 2140/11/82
f 2145/11/82 2141/11/82 2148/11/82
f 2148/11/82 2141/11/82 2149/11/82
f 2140/11/81 2145/11/81 2141/11/81
f 2148/11/81 2141/11/81 2145/11/81
f 2149/11/81 2141/11/81 2148/11/81
f 2141/11/452 2147/13/451 2149/11/451
f 2147/13/451 2141/11/452 2143/13/452
f 2149/11/454 2147/13/454 2141/11/453
f 2143/13/453 2141/11/453 2147/13/454
f 2147/13/451 2148/11/659 2149/11/451
f 2148/11/659 2147/13/451 2146/13/659
f 2149/11/454 2148/11/660 2147/13/454
f 2146/13/660 2147/13/454 2148/11/660
f 2148/11/659 2144/13/457 2145/11/457
f 2144/13/457 2148/11/659 2146/13/659
f 2145/11/458 2144/13/458 2148/11/660
f 2146/13/660 2148/11/660 2144/13/458
f 2152/12/459 2151/11/459 2150/12/459
f 2151/11/459 2152/12/459 2153/11/459
f 2150/12/460 2151/11/460 2152/12/460
f 2153/11/460 2152/12/460 2151/11/460
f 2152/12/461 2154/11/461 2153/11/461
f 2154/11/461 2152/12/461 2155/12/461
f 2153/11/462 2154/11/462 2152/12/462
f 2155/12/462 2152/12/462 2154/11/462
f 2156/11/432 2150/12/434 2151/11/434
f 2150/12/434 2156/11/432 2157/12/432
f 2151/11/433 2150/12/433 2156/11/431
f 2157/12/431 2156/11/431 2150/12/433
f 2154/11/429 2159/12/430 2158/11/430
f 2159/12/430 2154/11/429 2155/12/429
f 2158/11/427 2159/12/427 2154/11/428
f 2155/12/428 2154/11/428 2159/12/427
f 2157/12/81 2152/12/81 2150/12/81
f 2152/12/81 2157/12/81 2155/12/81
f 2155/12/81 2157/12/81 2159/12/81
f 2150/12/82 2152/12/82 2157/12/82
f 2155/12/82 2157/12/82 2152/12/82
f 2159/12/82 2157/12/82 2155/12/82
f 2159/12/430 2156/11/432 2158/11/430
f 2156/11/432 2159/12/430 2157/12/432
f 2158/11/427 2156/11/431 2159/12/427
f 2157/12/431 2159/12/427 2156/11/431
f 2162/13/461 2161/11/461 2160/11/461
f 2161/11/461 2162/13/461 2163/13/461
f 2160/11/462 2161/11/462 2162/13/462
f 2163/13/462 2162/13/462 2161/11/462
f 2162/13/459 2165/11/459 2164/13/459
f 2165/11/459 2162/13/459 2160/11/459
f 2164/13/460 2165/11/460 2162/13/460
f 2160/11/460 2162/13/460 2165/11/460
f 2166/13/81 2162/13/81 2164/13/81
f 2162/13/81 2166/13/81 2163/13/81
f 2163/13/81 2166/13/81 2167/13/81
f 2164/13/82 2162/13/82 2166/13/82
f 2163/13/82 2166/13/82 2162/13/82
f 2167/13/82 2166/13/82 2163/13/82
f 2161/11/82 2165/11/82 2160/11/82
f 2165/11/82 2161/11/82 2168/11/82
f 2168/11/82 2161/11/82 2169/11/82
f 2160/11/81 2165/11/81 2161/11/81
f 2168/11/81 2161/11/81 2165/11/81
f 2169/11/81 2161/11/81 2168/11/81
f 2161/11/429 2167/13/430 2169/11/430
f 2167/13/430 2161/11/429 2163/13/429
f 2169/11/427 2167/13/427 2161/11/428
f 2163/13/428 2161/11/428 2167/13/427
f 2167/13/430 2168/11/656 2169/11/430
f 2168/11/656 2167/13/430 2166/13/656
f 2169/11/427 2168/11/655 2167/13/427
f 2166/13/655 2167/13/427 2168/11/655
f 2168/11/656 2164/13/434 2165/11/434
f 2164/13/434 2168/11/656 2166/13/656
f 2165/11/433 2164/13/433 2168/11/655
f 2166/13/655 2168/11/655 2164/13/433
f 2172/58/661 2171/58/661 2170/58/661
f 2171/58/661 2172/58/661 2173/58/661
f 2173/58/661 2172/58/661 2174/58/661
f 2173/58/661 2174/58/661 2175/58/661
f 2175/58/661 2174/58/661 2176/58/661
f 2175/58/661 2176/58/661 2177/58/661
f 2170/58/662 2171/58/662 2172/58/662
f 2173/58/662 2172/58/662 2171/58/662
f 2174/58/662 2172/58/662 2173/58/662
f 2175/58/662 2174/58/662 2173/58/662
f 2176/58/662 2174/58/662 2175/58/662
f 2177/58/662 2176/58/662 2175/58/662
f 2180/59/662 2179/59/662 2178/59/662
f 2179/59/662 2180/59/662 2181/59/662
f 2179/59/662 2181/59/662 2182/59/662
f 2182/59/662 2181/59/662 2183/59/662
f 2182/59/662 2183/59/662 2184/59/662
f 2184/59/662 2183/59/662 2185/59/662
f 2178/59/661 2179/59/661 2180/59/661
f 2181/59/661 2180/59/661 2179/59/661
f 2182/59/661 2181/59/661 2179/59/661
f 2183/59/661 2181/59/661 2182/59/661
f 2184/59/661 2183/59/661 2182/59/661
f 2185/59/661 2183/59/661 2184/59/661
f 2178/59/664 2171/58/663 2180/59/663
f 2171/58/663 2178/59/664 2170/58/664
f 2180/59/666 2171/58/666 2178/59/665
f 2170/58/665 2178/59/665 2171/58/666
f 2181/59/667 2171/58/668 2173/58/667
f 2171/58/668 2181/59/667 2180/59/668
f 2173/58/669 2171/58/670 2181/59/669
f 2180/59/670 2181/59/669 2171/58/670
f 2183/59/671 2173/58/667 2175/58/671
f 2173/58/667 2183/59/671 2181/59/667
f 2175/58/672 2173/58/669 2183/59/672
f 2181/59/669 2183/59/672 2173/58/669
f 2177/58/665 2183/59/673 2175/58/673
f 2183/59/673 2177/58/665 2185/59/665
f 2175/58/674 2183/59/674 2177/58/664
f 2185/59/664 2177/58/664 2183/59/674
f 2176/58/666 2185/59/665 2177/58/665
f 2185/59/665 2176/58/666 2184/59/666
f 2177/58/664 2185/59/664 2176/58/663
f 2184/59/663 2176/58/663 2185/59/664
f 2182/59/669 2176/58/670 2174/58/669
f 2176/58/670 2182/59/669 2184/59/670
f 2174/58/667 2176/58/668 2182/59/667
f 2184/59/668 2182/59/667 2176/58/668
f 2179/59/672 2174/58/669 2172/58/672
f 2174/58/669 2179/59/672 2182/59/669
f 2172/58/671 2174/58/667 2179/59/671
f 2182/59/667 2179/59/671 2174/58/667
f 2179/59/674 2170/58/664 2178/59/664
f 2170/58/664 2179/59/674 2172/58/674
f 2178/59/665 2170/58/665 2179/59/673
f 2172/58/673 2179/59/673 2170/58/665
f 2188/59/662 2187/59/662 2186/59/662
f 2187/59/662 2188/59/662 2189/59/662
f 2187/59/662 2189/59/662 2190/59/662
f 2190/59/662 2189/59/662 2191/59/662
f 2191/59/662 2189/59/662 2192/59/662
f 2191/59/662 2192/59/662 2193/59/662
f 2186/59/661 2187/59/661 2188/59/661
f 2189/59/661 2188/59/661 2187/59/661
f 2190/59/661 2189/59/661 2187/59/661
f 2191/59/661 2189/59/661 2190/59/661
f 2192/59/661 2189/59/661 2191/59/661
f 2193/59/661 2192/59/661 2191/59/661
f 2186/59/664 2194/58/663 2188/59/663
f 2194/58/663 2186/59/664 2195/58/664
f 2188/59/666 2194/58/666 2186/59/665
f 2195/58/665 2186/59/665 2194/58/666
f 2189/59/667 2194/58/668 2196/58/667
f 2194/58/668 2189/59/667 2188/59/668
f 2196/58/669 2194/58/670 2189/59/669
f 2188/59/670 2189/59/669 2194/58/670
f 2192/59/671 2196/58/667 2197/58/671
f 2196/58/667 2192/59/671 2189/59/667
f 2197/58/672 2196/58/669 2192/59/672
f 2189/59/669 2192/59/672 2196/58/669
f 2198/58/665 2192/59/673 2197/58/673
f 2192/59/673 2198/58/665 2193/59/665
f 2197/58/674 2192/59/674 2198/58/664
f 2193/59/664 2198/58/664 2192/59/674
f 2199/58/666 2193/59/665 2198/58/665
f 2193/59/665 2199/58/666 2191/59/666
f 2198/58/664 2193/59/664 2199/58/663
f 2191/59/663 2199/58/663 2193/59/664
f 2190/59/669 2199/58/670 2200/58/669
f 2199/58/670 2190/59/669 2191/59/670
f 2200/58/667 2199/58/668 2190/59/667
f 2191/59/668 2190/59/667 2199/58/668
f 2187/59/672 2200/58/669 2201/58/672
f 2200/58/669 2187/59/672 2190/59/669
f 2201/58/671 2200/58/667 2187/59/671
f 2190/59/667 2187/59/671 2200/58/667
f 2187/59/674 2195/58/664 2186/59/664
f 2195/58/664 2187/59/674 2201/58/674
f 2186/59/665 2195/58/665 2187/59/673
f 2201/58/673 2187/59/673 2195/58/665
f 2204/61/675 2203/60/676 2202/60/675
f 2203/60/676 2204/61/675 2205/61/676
f 2202/60/677 2203/60/678 2204/61/677
f 2205/61/678 2204/61/677 2203/60/678
f 2208/60/679 2207/61/680 2206/61/679
f 2207/61/680 2208/60/679 2209/60/680
f 2206/61/681 2207/61/682 2208/60/681
f 2209/60/682 2208/60/681 2207/61/682
f 2211/61/683 2202/60/675 2210/60/683
f 2202/60/675 2211/61/683 2204/61/675
f 2210/60/684 2202/60/677 2211/61/684
f 2204/61/677 2211/61/684 2202/60/677
f 2214/61/685 2213/60/686 2212/60/685
f 2213/60/686 2214/61/685 2215/61/686
f 2212/60/687 2213/60/688 2214/61/687
f 2215/61/688 2214/61/687 2213/60/688
f 2214/61/685 2203/60/689 2205/61/689
f 2203/60/689 2214/61/685 2212/60/685
f 2205/61/690 2203/60/690 2214/61/687
f 2212/60/687 2214/61/687 2203/60/690
f 2217/61/691 2209/60/692 2216/60/691
f 2209/60/692 2217/61/691 2207/61/692
f 2216/60/693 2209/60/694 2217/61/693
f 2207/61/694 2217/61/693 2209/60/694
f 2215/61/695 2216/60/691 2213/60/695
f 2216/60/691 2215/61/695 2217/61/691
f 2213/60/696 2216/60/693 2215/61/696
f 2217/61/693 2215/61/696 2216/60/693
f 2210/60/697 2206/61/679 2211/61/697
f 2206/61/679 2210/60/697 2208/60/679
f 2211/61/698 2206/61/681 2210/60/698
f 2208/60/681 2210/60/698 2206/61/681
f 2220/58/82 2219/58/82 2218/58/82
f 2219/58/82 2220/58/82 2221/58/82
f 2221/58/82 2220/58/82 2222/58/82
f 2221/58/82 2222/58/82 2223/58/82
f 2223/58/82 2222/58/82 2224/58/82
f 2223/58/82 2224/58/82 2225/58/82
f 2218/58/81 2219/58/81 2220/58/81
f 2221/58/81 2220/58/81 2219/58/81
f 2222/58/81 2220/58/81 2221/58/81
f 2223/58/81 2222/58/81 2221/58/81
f 2224/58/81 2222/58/81 2223/58/81
f 2225/58/81 2224/58/81 2223/58/81
f 2228/59/81 2227/59/81 2226/59/81
f 2227/59/81 2228/59/81 2229/59/81
f 2227/59/81 2229/59/81 2230/59/81
f 2230/59/81 2229/59/81 2231/59/81
f 2230/59/81 2231/59/81 2232/59/81
f 2232/59/81 2231/59/81 2233/59/81
f 2226/59/82 2227/59/82 2228/59/82
f 2229/59/82 2228/59/82 2227/59/82
f 2230/59/82 2229/59/82 2227/59/82
f 2231/59/82 2229/59/82 2230/59/82
f 2232/59/82 2231/59/82 2230/59/82
f 2233/59/82 2231/59/82 2232/59/82
f 2226/59/700 2219/58/699 2228/59/699
f 2219/58/699 2226/59/700 2218/58/700
f 2228/59/702 2219/58/702 2226/59/701
f 2218/58/701 2226/59/701 2219/58/702
f 2229/59/703 2219/58/704 2221/58/703
f 2219/58/704 2229/59/703 2228/59/704
f 2221/58/705 2219/58/706 2229/59/705
f 2228/59/706 2229/59/705 2219/58/706
f 2231/59/707 2221/58/703 2223/58/707
f 2221/58/703 2231/59/707 2229/59/703
f 2223/58/708 2221/58/705 2231/59/708
f 2229/59/705 2231/59/708 2221/58/705
f 2225/58/701 2231/59/709 2223/58/709
f 2231/59/709 2225/58/701 2233/59/701
f 2223/58/710 2231/59/710 2225/58/700
f 2233/59/700 2225/58/700 2231/59/710
f 2224/58/702 2233/59/701 2225/58/701
f 2233/59/701 2224/58/702 2232/59/702
f 2225/58/700 2233/59/700 2224/58/699
f 2232/59/699 2224/58/699 2233/59/700
f 2230/59/705 2224/58/706 2222/58/705
f 2224/58/706 2230/59/705 2232/59/706
f 2222/58/703 2224/58/704 2230/59/703
f 2232/59/704 2230/59/703 2224/58/704
f 2227/59/708 2222/58/705 2220/58/708
f 2222/58/705 2227/59/708 2230/59/705
f 2220/58/707 2222/58/703 2227/59/707
f 2230/59/703 2227/59/707 2222/58/703
f 2227/59/710 2218/58/700 2226/59/700
f 2218/58/700 2227/59/710 2220/58/710
f 2226/59/701 2218/58/701 2227/59/709
f 2220/58/709 2227/59/709 2218/58/701
f 2236/59/81 2235/59/81 2234/59/81
f 2235/59/81 2236/59/81 2237/59/81
f 2235/59/81 2237/59/81 2238/59/81
f 2238/59/81 2237/59/81 2239/59/81
f 2239/59/81 2237/59/81 2240/59/81
f 2239/59/81 2240/59/81 2241/59/81
f 2234/59/82 2235/59/82 2236/59/82
f 2237/59/82 2236/59/82 2235/59/82
f 2238/59/82 2237/59/82 2235/59/82
f 2239/59/82 2237/59/82 2238/59/82
f 2240/59/82 2237/59/82 2239/59/82
f 2241/59/82 2240/59/82 2239/59/82
f 2234/59/700 2242/58/699 2236/59/699
f 2242/58/699 2234/59/700 2243/58/700
f 2236/59/702 2242/58/702 2234/59/701
f 2243/58/701 2234/59/701 2242/58/702
f 2237/59/703 2242/58/704 2244/58/703
f 2242/58/704 2237/59/703 2236/59/704
f 2244/58/705 2242/58/706 2237/59/705
f 2236/59/706 2237/59/705 2242/58/706
f 2240/59/707 2244/58/703 2245/58/707
f 2244/58/703 2240/59/707 2237/59/703
f 2245/58/708 2244/58/705 2240/59/708
f 2237/59/705 2240/59/708 2244/58/705
f 2246/58/701 2240/59/709 2245/58/709
f 2240/59/709 2246/58/701 2241/59/701
f 2245/58/710 2240/59/710 2246/58/700
f 2241/59/700 2246/58/700 2240/59/710
f 2247/58/702 2241/59/701 2246/58/701
f 2241/59/701 2247/58/702 2239/59/702
f 2246/58/700 2241/59/700 2247/58/699
f 2239/59/699 2247/58/699 2241/59/700
f 2238/59/705 2247/58/706 2248/58/705
f 2247/58/706 2238/59/705 2239/59/706
f 2248/58/703 2247/58/704 2238/59/703
f 2239/59/704 2238/59/703 2247/58/704
f 2235/59/708 2248/58/705 2249/58/708
f 2248/58/705 2235/59/708 2238/59/705
f 2249/58/707 2248/58/703 2235/59/707
f 2238/59/703 2235/59/707 2248/58/703
f 2235/59/710 2243/58/700 2234/59/700
f 2243/58/700 2235/59/710 2249/58/710
f 2234/59/701 2243/58/701 2235/59/709
f 2249/58/709 2235/59/709 2243/58/701
f 2252/61/711 2251/60/712 2250/60/711
f 2251/60/712 2252/61/711 2253/61/712
f 2250/60/713 2251/60/714 2252/61/713
f 2253/61/714 2252/61/713 2251/60/714
f 2256/60/715 2255/61/716 2254/61/715
f 2255/61/716 2256/60/715 2257/60/716
f 2254/61/717 2255/61/718 2256/60/717
f 2257/60/718 2256/60/717 2255/61/718
f 2259/61/719 2250/60/711 2258/60/719
f 2250/60/711 2259/61/719 2252/61/711
f 2258/60/720 2250/60/713 2259/61/720
f 2252/61/713 2259/61/720 2250/60/713
f 2262/61/721 2261/60/722 2260/60/721
f 2261/60/722 2262/61/721 2263/61/722
f 2260/60/723 2261/60/724 2262/61/723
f 2263/61/724 2262/61/723 2261/60/724
f 2262/61/721 2251/60/725 2253/61/725
f 2251/60/725 2262/61/721 2260/60/721
f 2253/61/726 2251/60/726 2262/61/723
f 2260/60/723 2262/61/723 2251/60/726
f 2265/61/727 2257/60/728 2264/60/727
f 2257/60/728 2265/61/727 2255/61/728
f 2264/60/729 2257/60/730 2265/61/729
f 2255/61/730 2265/61/729 2257/60/730
f 2263/61/731 2264/60/727 2261/60/731
f 2264/60/727 2263/61/731 2265/61/727
f 2261/60/732 2264/60/729 2263/61/732
f 2265/61/729 2263/61/732 2264/60/729
f 2258/60/733 2254/61/715 2259/61/733
f 2254/61/715 2258/60/733 2256/60/715
f 2259/61/734 2254/61/717 2258/60/734
f 2256/60/717 2258/60/734 2254/61/717
f 2268/58/661 2267/58/661 2266/58/661
f 2267/58/661 2268/58/661 2269/58/661
f 2269/58/661 2268/58/661 2270/58/661
f 2269/58/661 2270/58/661 2271/58/661
f 2271/58/661 2270/58/661 2272/58/661
f 2271/58/661 2272/58/661 2273/58/661
f 2266/58/662 2267/58/662 2268/58/662
f 2269/58/662 2268/58/662 2267/58/662
f 2270/58/662 2268/58/662 2269/58/662
f 2271/58/662 2270/58/662 2269/58/662
f 2272/58/662 2270/58/662 2271/58/662
f 2273/58/662 2272/58/662 2271/58/662
f 2276/59/662 2275/59/662 2274/59/662
f 2275/59/662 2276/59/662 2277/59/662
f 2275/59/662 2277/59/662 2278/59/662
f 2278/59/662 2277/59/662 2279/59/662
f 2278/59/662 2279/59/662 2280/59/662
f 2280/59/662 2279/59/662 2281/59/662
f 2274/59/661 2275/59/661 2276/59/661
f 2277/59/661 2276/59/661 2275/59/661
f 2278/59/661 2277/59/661 2275/59/661
f 2279/59/661 2277/59/661 2278/59/661
f 2280/59/661 2279/59/661 2278/59/661
f 2281/59/661 2279/59/661 2280/59/661
f 2274/59/736 2267/58/735 2276/59/735
f 2267/58/735 2274/59/736 2266/58/736
f 2276/59/738 2267/58/738 2274/59/737
f 2266/58/737 2274/59/737 2267/58/738
f 2277/59/393 2267/58/739 2269/58/393
f 2267/58/739 2277/59/393 2276/59/739
f 2269/58/394 2267/58/740 2277/59/394
f 2276/59/740 2277/59/394 2267/58/740
f 2279/59/741 2269/58/393 2271/58/741
f 2269/58/393 2279/59/741 2277/59/393
f 2271/58/742 2269/58/394 2279/59/742
f 2277/59/394 2279/59/742 2269/58/394
f 2273/58/737 2279/59/743 2271/58/743
f 2279/59/743 2273/58/737 2281/59/737
f 2271/58/744 2279/59/744 2273/58/736
f 2281/59/736 2273/58/736 2279/59/744
f 2272/58/738 2281/59/737 2273/58/737
f 2281/59/737 2272/58/738 2280/59/738
f 2273/58/736 2281/59/736 2272/58/735
f 2280/59/735 2272/58/735 2281/59/736
f 2278/59/394 2272/58/740 2270/58/394
f 2272/58/740 2278/59/394 2280/59/740
f 2270/58/393 2272/58/739 2278/59/393
f 2280/59/739 2278/59/393 2272/58/739
f 2275/59/742 2270/58/394 2268/58/742
f 2270/58/394 2275/59/742 2278/59/394
f 2268/58/741 2270/58/393 2275/59/741
f 2278/59/393 2275/59/741 2270/58/393
f 2275/59/744 2266/58/736 2274/59/736
f 2266/58/736 2275/59/744 2268/58/744
f 2274/59/737 2266/58/737 2275/59/743
f 2268/58/743 2275/59/743 2266/58/737
f 2284/59/662 2283/59/662 2282/59/662
f 2283/59/662 2284/59/662 2285/59/662
f 2283/59/662 2285/59/662 2286/59/662
f 2286/59/662 2285/59/662 2287/59/662
f 2287/59/662 2285/59/662 2288/59/662
f 2287/59/662 2288/59/662 2289/59/662
f 2282/59/661 2283/59/661 2284/59/661
f 2285/59/661 2284/59/661 2283/59/661
f 2286/59/661 2285/59/661 2283/59/661
f 2287/59/661 2285/59/661 2286/59/661
f 2288/59/661 2285/59/661 2287/59/661
f 2289/59/661 2288/59/661 2287/59/661
f 2282/59/736 2290/58/735 2284/59/735
f 2290/58/735 2282/59/736 2291/58/736
f 2284/59/738 2290/58/738 2282/59/737
f 2291/58/737 2282/59/737 2290/58/738
f 2285/59/393 2290/58/739 2292/58/393
f 2290/58/739 2285/59/393 2284/59/739
f 2292/58/394 2290/58/740 2285/59/394
f 2284/59/740 2285/59/394 2290/58/740
f 2288/59/741 2292/58/393 2293/58/741
f 2292/58/393 2288/59/741 2285/59/393
f 2293/58/742 2292/58/394 2288/59/742
f 2285/59/394 2288/59/742 2292/58/394
f 2294/58/737 2288/59/743 2293/58/743
f 2288/59/743 2294/58/737 2289/59/737
f 2293/58/744 2288/59/744 2294/58/736
f 2289/59/736 2294/58/736 2288/59/744
f 2295/58/738 2289/59/737 2294/58/737
f 2289/59/737 2295/58/738 2287/59/738
f 2294/58/736 2289/59/736 2295/58/735
f 2287/59/735 2295/58/735 2289/59/736
f 2286/59/394 2295/58/740 2296/58/394
f 2295/58/740 2286/59/394 2287/59/740
f 2296/58/393 2295/58/739 2286/59/393
f 2287/59/739 2286/59/393 2295/58/739
f 2283/59/742 2296/58/394 2297/58/742
f 2296/58/394 2283/59/742 2286/59/394
f 2297/58/741 2296/58/393 2283/59/741
f 2286/59/393 2283/59/741 2296/58/393
f 2283/59/744 2291/58/736 2282/59/736
f 2291/58/736 2283/59/744 2297/58/744
f 2282/59/737 2291/58/737 2283/59/743
f 2297/58/743 2283/59/743 2291/58/737
f 2300/61/745 2299/60/746 2298/60/745
f 2299/60/746 2300/61/745 2301/61/746
f 2298/60/747 2299/60/748 2300/61/747
f 2301/61/748 2300/61/747 2299/60/748
f 2304/60/749 2303/61/750 2302/61/749
f 2303/61/750 2304/60/749 2305/60/750
f 2302/61/751 2303/61/752 2304/60/751
f 2305/60/752 2304/60/751 2303/61/752
f 2307/61/753 2298/60/745 2306/60/753
f 2298/60/745 2307/61/753 2300/61/745
f 2306/60/754 2298/60/747 2307/61/754
f 2300/61/747 2307/61/754 2298/60/747
f 2310/61/755 2309/60/756 2308/60/755
f 2309/60/756 2310/61/755 2311/61/756
f 2308/60/757 2309/60/758 2310/61/757
f 2311/61/758 2310/61/757 2309/60/758
f 2310/61/755 2299/60/759 2301/61/759
f 2299/60/759 2310/61/755 2308/60/755
f 2301/61/760 2299/60/760 2310/61/757
f 2308/60/757 2310/61/757 2299/60/760
f 2313/61/761 2305/60/762 2312/60/761
f 2305/60/762 2313/61/761 2303/61/762
f 2312/60/763 2305/60/764 2313/61/763
f 2303/61/764 2313/61/763 2305/60/764
f 2311/61/765 2312/60/761 2309/60/765
f 2312/60/761 2311/61/765 2313/61/761
f 2309/60/766 2312/60/763 2311/61/766
f 2313/61/763 2311/61/766 2312/60/763
f 2306/60/767 2302/61/749 2307/61/767
f 2302/61/749 2306/60/767 2304/60/749
f 2307/61/768 2302/61/751 2306/60/768
f 2304/60/751 2306/60/768 2302/61/751
f 2316/58/82 2315/58/82 2314/58/82
f 2315/58/82 2316/58/82 2317/58/82
f 2317/58/82 2316/58/82 2318/58/82
f 2317/58/82 2318/58/82 2319/58/82
f 2319/58/82 2318/58/82 2320/58/82
f 2319/58/82 2320/58/82 2321/58/82
f 2314/58/81 2315/58/81 2316/58/81
f 2317/58/81 2316/58/81 2315/58/81
f 2318/58/81 2316/58/81 2317/58/81
f 2319/58/81 2318/58/81 2317/58/81
f 2320/58/81 2318/58/81 2319/58/81
f 2321/58/81 2320/58/81 2319/58/81
f 2324/59/81 2323/59/81 2322/59/81
f 2323/59/81 2324/59/81 2325/59/81
f 2323/59/81 2325/59/81 2326/59/81
f 2326/59/81 2325/59/81 2327/59/81
f 2326/59/81 2327/59/81 2328/59/81
f 2328/59/81 2327/59/81 2329/59/81
f 2322/59/82 2323/59/82 2324/59/82
f 2325/59/82 2324/59/82 2323/59/82
f 2326/59/82 2325/59/82 2323/59/82
f 2327/59/82 2325/59/82 2326/59/82
f 2328/59/82 2327/59/82 2326/59/82
f 2329/59/82 2327/59/82 2328/59/82
f 2322/59/701 2315/58/702 2324/59/702
f 2315/58/702 2322/59/701 2314/58/701
f 2324/59/699 2315/58/699 2322/59/700
f 2314/58/700 2322/59/700 2315/58/699
f 2325/59/705 2315/58/706 2317/58/705
f 2315/58/706 2325/59/705 2324/59/706
f 2317/58/703 2315/58/704 2325/59/703
f 2324/59/704 2325/59/703 2315/58/704
f 2327/59/708 2317/58/705 2319/58/708
f 2317/58/705 2327/59/708 2325/59/705
f 2319/58/707 2317/58/703 2327/59/707
f 2325/59/703 2327/59/707 2317/58/703
f 2321/58/700 2327/59/710 2319/58/710
f 2327/59/710 2321/58/700 2329/59/700
f 2319/58/709 2327/59/709 2321/58/701
f 2329/59/701 2321/58/701 2327/59/709
f 2320/58/699 2329/59/700 2321/58/700
f 2329/59/700 2320/58/699 2328/59/699
f 2321/58/701 2329/59/701 2320/58/702
f 2328/59/702 2320/58/702 2329/59/701
f 2326/59/703 2320/58/704 2318/58/703
f 2320/58/704 2326/59/703 2328/59/704
f 2318/58/705 2320/58/706 2326/59/705
f 2328/59/706 2326/59/705 2320/58/706
f 2323/59/707 2318/58/703 2316/58/707
f 2318/58/703 2323/59/707 2326/59/703
f 2316/58/708 2318/58/705 2323/59/708
f 2326/59/705 2323/59/708 2318/58/705
f 2323/59/709 2314/58/701 2322/59/701
f 2314/58/701 2323/59/709 2316/58/709
f 2322/59/700 2314/58/700 2323/59/710
f 2316/58/710 2323/59/710 2314/58/700
f 2332/59/81 2331/59/81 2330/59/81
f 2331/59/81 2332/59/81 2333/59/81
f 2331/59/81 2333/59/81 2334/59/81
f 2334/59/81 2333/59/81 2335/59/81
f 2335/59/81 2333/59/81 2336/59/81
f 2335/59/81 2336/59/81 2337/59/81
f 2330/59/82 2331/59/82 2332/59/82
f 2333/59/82 2332/59/82 2331/59/82
f 2334/59/82 2333/59/82 2331/59/82
f 2335/59/82 2333/59/82 2334/59/82
f 2336/59/82 2333/59/82 2335/59/82
f 2337/59/82 2336/59/82 2335/59/82
f 2330/59/701 2338/58/702 2332/59/702
f 2338/58/702 2330/59/701 2339/58/701
f 2332/59/699 2338/58/699 2330/59/700
f 2339/58/700 2330/59/700 2338/58/699
f 2333/59/705 2338/58/706 2340/58/705
f 2338/58/706 2333/59/705 2332/59/706
f 2340/58/703 2338/58/704 2333/59/703
f 2332/59/704 2333/59/703 2338/58/704
f 2336/59/708 2340/58/705 2341/58/708
f 2340/58/705 2336/59/708 2333/59/705
f 2341/58/707 2340/58/703 2336/59/707
f 2333/59/703 2336/59/707 2340/58/703
f 2342/58/700 2336/59/710 2341/58/710
f 2336/59/710 2342/58/700 2337/59/700
f 2341/58/709 2336/59/709 2342/58/701
f 2337/59/701 2342/58/701 2336/59/709
f 2343/58/699 2337/59/700 2342/58/700
f 2337/59/700 2343/58/699 2335/59/699
f 2342/58/701 2337/59/701 2343/58/702
f 2335/59/702 2343/58/702 2337/59/701
f 2334/59/703 2343/58/704 2344/58/703
f 2343/58/704 2334/59/703 2335/59/704
f 2344/58/705 2343/58/706 2334/59/705
f 2335/59/706 2334/59/705 2343/58/706
f 2331/59/707 2344/58/703 2345/58/707
f 2344/58/703 2331/59/707 2334/59/703
f 2345/58/708 2344/58/705 2331/59/708
f 2334/59/705 2331/59/708 2344/58/705
f 2331/59/709 2339/58/701 2330/59/701
f 2339/58/701 2331/59/709 2345/58/709
f 2330/59/700 2339/58/700 2331/59/710
f 2345/58/710 2331/59/710 2339/58/700
f 2348/61/727 2347/60/728 2346/60/727
f 2347/60/728 2348/61/727 2349/61/728
f 2346/60/729 2347/60/730 2348/61/729
f 2349/61/730 2348/61/729 2347/60/730
f 2352/60/721 2351/61/725 2350/61/721
f 2351/61/725 2352/60/721 2353/60/725
f 2350/61/723 2351/61/726 2352/60/723
f 2353/60/726 2352/60/723 2351/61/726
f 2355/61/731 2346/60/727 2354/60/731
f 2346/60/727 2355/61/731 2348/61/727
f 2354/60/732 2346/60/729 2355/61/732
f 2348/61/729 2355/61/732 2346/60/729
f 2358/61/715 2357/60/733 2356/60/715
f 2357/60/733 2358/61/715 2359/61/733
f 2356/60/717 2357/60/734 2358/61/717
f 2359/61/734 2358/61/717 2357/60/734
f 2358/61/715 2347/60/716 2349/61/716
f 2347/60/716 2358/61/715 2356/60/715
f 2349/61/718 2347/60/718 2358/61/717
f 2356/60/717 2358/61/717 2347/60/718
f 2361/61/711 2353/60/712 2360/60/711
f 2353/60/712 2361/61/711 2351/61/712
f 2360/60/713 2353/60/714 2361/61/713
f 2351/61/714 2361/61/713 2353/60/714
f 2359/61/719 2360/60/711 2357/60/719
f 2360/60/711 2359/61/719 2361/61/711
f 2357/60/720 2360/60/713 2359/61/720
f 2361/61/713 2359/61/720 2360/60/713
f 2354/60/722 2350/61/721 2355/61/722
f 2350/61/721 2354/60/722 2352/60/721
f 2355/61/724 2350/61/723 2354/60/724
f 2352/60/723 2354/60/724 2350/61/723
f 2364/59/414 2363/58/769 2362/58/414
f 2363/58/769 2364/59/414 2365/59/769
f 2362/58/412 2363/58/770 2364/59/412
f 2365/59/770 2364/59/412 2363/58/770
f 2368/59/771 2367/58/412 2366/58/771
f 2367/58/412 2368/59/771 2369/59/412
f 2366/58/772 2367/58/414 2368/59/772
f 2369/59/414 2368/59/772 2367/58/414
f 2371/59/772 2362/58/414 2370/58/772
f 2362/58/414 2371/59/772 2364/59/414
f 2370/58/771 2362/58/412 2371/59/771
f 2364/59/412 2371/59/771 2362/58/412
f 2371/59/773 2373/58/417 2372/59/417
f 2373/58/417 2371/59/773 2370/58/773
f 2372/59/418 2373/58/418 2371/59/774
f 2370/58/774 2371/59/774 2373/58/418
f 2374/59/81 2371/59/81 2372/59/81
f 2371/59/81 2374/59/81 2369/59/81
f 2371/59/81 2369/59/81 2364/59/81
f 2364/59/81 2369/59/81 2368/59/81
f 2364/59/81 2368/59/81 2365/59/81
f 2365/59/81 2368/59/81 2375/59/81
f 2372/59/82 2371/59/82 2374/59/82
f 2369/59/82 2374/59/82 2371/59/82
f 2364/59/82 2369/59/82 2371/59/82
f 2368/59/82 2369/59/82 2364/59/82
f 2365/59/82 2368/59/82 2364/59/82
f 2375/59/82 2368/59/82 2365/59/82
f 2376/58/418 2368/59/774 2366/58/774
f 2368/59/774 2376/58/418 2375/59/418
f 2366/58/773 2368/59/773 2376/58/417
f 2375/59/417 2376/58/417 2368/59/773
f 2363/58/775 2375/59/418 2376/58/418
f 2375/59/418 2363/58/775 2365/59/775
f 2376/58/417 2375/59/417 2363/58/776
f 2365/59/776 2363/58/776 2375/59/417
f 2372/59/417 2377/58/776 2374/59/776
f 2377/58/776 2372/59/417 2373/58/417
f 2374/59/775 2377/58/775 2372/59/418
f 2373/58/418 2372/59/418 2377/58/775
f 2369/59/412 2377/58/770 2367/58/412
f 2377/58/770 2369/59/412 2374/59/770
f 2367/58/414 2377/58/769 2369/59/414
f 2374/59/769 2369/59/414 2377/58/769
f 2380/59/417 2379/58/776 2378/59/776
f 2379/58/776 2380/59/417 2381/58/417
f 2378/59/775 2379/58/775 2380/59/418
f 2381/58/418 2380/59/418 2379/58/775
f 2384/59/414 2383/58/769 2382/58/414
f 2383/58/769 2384/59/414 2385/59/769
f 2382/58/412 2383/58/770 2384/59/412
f 2385/59/770 2384/59/412 2383/58/770
f 2387/59/772 2382/58/414 2386/58/772
f 2382/58/414 2387/59/772 2384/59/414
f 2386/58/771 2382/58/412 2387/59/771
f 2384/59/412 2387/59/771 2382/58/412
f 2389/59/412 2379/58/770 2388/58/412
f 2379/58/770 2389/59/412 2378/59/770
f 2388/58/414 2379/58/769 2389/59/414
f 2378/59/769 2389/59/414 2379/58/769
f 2391/59/771 2388/58/412 2390/58/771
f 2388/58/412 2391/59/771 2389/59/412
f 2390/58/772 2388/58/414 2391/59/772
f 2389/59/414 2391/59/772 2388/58/414
f 2392/58/418 2391/59/774 2390/58/774
f 2391/59/774 2392/58/418 2393/59/418
f 2390/58/773 2391/59/773 2392/58/417
f 2393/59/417 2392/58/417 2391/59/773
f 2383/58/775 2393/59/418 2392/58/418
f 2393/59/418 2383/58/775 2385/59/775
f 2392/58/417 2393/59/417 2383/58/776
f 2385/59/776 2383/58/776 2393/59/417
f 2378/59/81 2387/59/81 2380/59/81
f 2387/59/81 2378/59/81 2384/59/81
f 2384/59/81 2378/59/81 2389/59/81
f 2384/59/81 2389/59/81 2385/59/81
f 2385/59/81 2389/59/81 2391/59/81
f 2385/59/81 2391/59/81 2393/59/81
f 2380/59/82 2387/59/82 2378/59/82
f 2384/59/82 2378/59/82 2387/59/82
f 2389/59/82 2378/59/82 2384/59/82
f 2385/59/82 2389/59/82 2384/59/82
f 2391/59/82 2389/59/82 2385/59/82
f 2393/59/82 2391/59/82 2385/59/82
f 2386/58/82 2379/58/82 2381/58/82
f 2379/58/82 2386/58/82 2382/58/82
f 2379/58/82 2382/58/82 2388/58/82
f 2388/58/82 2382/58/82 2383/58/82
f 2388/58/82 2383/58/82 2390/58/82
f 2390/58/82 2383/58/82 2392/58/82
f 2381/58/81 2379/58/81 2386/58/81
f 2382/58/81 2386/58/81 2379/58/81
f 2388/58/81 2382/58/81 2379/58/81
f 2383/58/81 2382/58/81 2388/58/81
f 2390/58/81 2383/58/81 2388/58/81
f 2392/58/81 2383/58/81 2390/58/81
f 2387/59/773 2381/58/417 2380/59/417
f 2381/58/417 2387/59/773 2386/58/773
f 2380/59/418 2381/58/418 2387/59/774
f 2386/58/774 2387/59/774 2381/58/418
f 2396/60/777 2395/61/778 2394/61/777
f 2395/61/778 2396/60/777 2397/60/778
f 2394/61/779 2395/61/780 2396/60/779
f 2397/60/780 2396/60/779 2395/61/780
f 2399/60/781 2394/61/777 2398/61/781
f 2394/61/777 2399/60/781 2396/60/777
f 2398/61/782 2394/61/779 2399/60/782
f 2396/60/779 2399/60/782 2394/61/779
f 2402/61/783 2401/60/784 2400/60/783
f 2401/60/784 2402/61/783 2403/61/784
f 2400/60/785 2401/60/786 2402/61/785
f 2403/61/786 2402/61/785 2401/60/786
f 2406/61/787 2405/60/788 2404/60/787
f 2405/60/788 2406/61/787 2407/61/788
f 2404/60/789 2405/60/790 2406/61/789
f 2407/61/790 2406/61/789 2405/60/790
f 2408/61/792 2401/60/791 2403/61/791
f 2401/60/791 2408/61/792 2409/60/792
f 2403/61/794 2401/60/794 2408/61/793
f 2409/60/793 2408/61/793 2401/60/794
f 2406/61/795 2409/60/792 2408/61/792
f 2409/60/792 2406/61/795 2404/60/795
f 2408/61/793 2409/60/793 2406/61/796
f 2404/60/796 2406/61/796 2409/60/793
f 2398/61/797 2400/60/783 2399/60/797
f 2400/60/783 2398/61/797 2402/61/783
f 2399/60/798 2400/60/785 2398/61/798
f 2402/61/785 2398/61/798 2400/60/785
f 2407/61/788 2397/60/799 2405/60/788
f 2397/60/799 2407/61/788 2395/61/799
f 2405/60/790 2397/60/800 2407/61/790
f 2395/61/800 2407/61/790 2397/60/800
f 2412/59/372 2411/58/770 2410/58/372
f 2411/58/770 2412/59/372 2413/59/770
f 2410/58/371 2411/58/769 2412/59/371
f 2413/59/769 2412/59/371 2411/58/769
f 2416/59/772 2415/58/371 2414/58/772
f 2415/58/371 2416/59/772 2417/59/371
f 2414/58/771 2415/58/372 2416/59/771
f 2417/59/372 2416/59/771 2415/58/372
f 2419/59/771 2410/58/372 2418/58/771
f 2410/58/372 2419/59/771 2412/59/372
f 2418/58/772 2410/58/371 2419/59/772
f 2412/59/371 2419/59/772 2410/58/371
f 2419/59/774 2421/58/384 2420/59/384
f 2421/58/384 2419/59/774 2418/58/774
f 2420/59/383 2421/58/383 2419/59/773
f 2418/58/773 2419/59/773 2421/58/383
f 2422/59/81 2419/59/81 2420/59/81
f 2419/59/81 2422/59/81 2417/59/81
f 2419/59/81 2417/59/81 2412/59/81
f 2412/59/81 2417/59/81 2416/59/81
f 2412/59/81 2416/59/81 2413/59/81
f 2413/59/81 2416/59/81 2423/59/81
f 2420/59/82 2419/59/82 2422/59/82
f 2417/59/82 2422/59/82 2419/59/82
f 2412/59/82 2417/59/82 2419/59/82
f 2416/59/82 2417/59/82 2412/59/82
f 2413/59/82 2416/59/82 2412/59/82
f 2423/59/82 2416/59/82 2413/59/82
f 2424/58/383 2416/59/773 2414/58/773
f 2416/59/773 2424/58/383 2423/59/383
f 2414/58/774 2416/59/774 2424/58/384
f 2423/59/384 2424/58/384 2416/59/774
f 2411/58/776 2423/59/383 2424/58/383
f 2423/59/383 2411/58/776 2413/59/776
f 2424/58/384 2423/59/384 2411/58/775
f 2413/59/775 2411/58/775 2423/59/384
f 2420/59/384 2425/58/775 2422/59/775
f 2425/58/775 2420/59/384 2421/58/384
f 2422/59/776 2425/58/776 2420/59/383
f 2421/58/383 2420/59/383 2425/58/776
f 2417/59/371 2425/58/769 2415/58/371
f 2425/58/769 2417/59/371 2422/59/769
f 2415/58/372 2425/58/770 2417/59/372
f 2422/59/770 2417/59/372 2425/58/770
f 2428/59/384 2427/58/775 2426/59/775
f 2427/58/775 2428/59/384 2429/58/384
f 2426/59/776 2427/58/776 2428/59/383
f 2429/58/383 2428/59/383 2427/58/776
f 2432/59/372 2431/58/770 2430/58/372
f 2431/58/770 2432/59/372 2433/59/770
f 2430/58/371 2431/58/769 2432/59/371
f 2433/59/769 2432/59/371 2431/58/769
f 2435/59/771 2430/58/372 2434/58/771
f 2430/58/372 2435/59/771 2432/59/372
f 2434/58/772 2430/58/371 2435/59/772
f 2432/59/371 2435/59/772 2430/58/371
f 2437/59/371 2427/58/769 2436/58/371
f 2427/58/769 2437/59/371 2426/59/769
f 2436/58/372 2427/58/770 2437/59/372
f 2426/59/770 2437/59/372 2427/58/770
f 2439/59/772 2436/58/371 2438/58/772
f 2436/58/371 2439/59/772 2437/59/371
f 2438/58/771 2436/58/372 2439/59/771
f 2437/59/372 2439/59/771 2436/58/372
f 2440/58/383 2439/59/773 2438/58/773
f 2439/59/773 2440/58/383 2441/59/383
f 2438/58/774 2439/59/774 2440/58/384
f 2441/59/384 2440/58/384 2439/59/774
f 2431/58/776 2441/59/383 2440/58/383
f 2441/59/383 2431/58/776 2433/59/776
f 2440/58/384 2441/59/384 2431/58/775
f 2433/59/775 2431/58/775 2441/59/384
f 2426/59/81 2435/59/81 2428/59/81
f 2435/59/81 2426/59/81 2432/59/81
f 2432/59/81 2426/59/81 2437/59/81
f 2432/59/81 2437/59/81 2433/59/81
f 2433/59/81 2437/59/81 2439/59/81
f 2433/59/81 2439/59/81 2441/59/81
f 2428/59/82 2435/59/82 2426/59/82
f 2432/59/82 2426/59/82 2435/59/82
f 2437/59/82 2426/59/82 2432/59/82
f 2433/59/82 2437/59/82 2432/59/82
f 2439/59/82 2437/59/82 2433/59/82
f 2441/59/82 2439/59/82 2433/59/82
f 2434/58/82 2427/58/82 2429/58/82
f 2427/58/82 2434/58/82 2430/58/82
f 2427/58/82 2430/58/82 2436/58/82
f 2436/58/82 2430/58/82 2431/58/82
f 2436/58/82 2431/58/82 2438/58/82
f 2438/58/82 2431/58/82 2440/58/82
f 2429/58/81 2427/58/81 2434/58/81
f 2430/58/81 2434/58/81 2427/58/81
f 2436/58/81 2430/58/81 2427/58/81
f 2431/58/81 2430/58/81 2436/58/81
f 2438/58/81 2431/58/81 2436/58/81
f 2440/58/81 2431/58/81 2438/58/81
f 2435/59/774 2429/58/384 2428/59/384
f 2429/58/384 2435/59/774 2434/58/774
f 2428/59/383 2429/58/383 2435/59/773
f 2434/58/773 2435/59/773 2429/58/383
f 2444/60/801 2443/61/791 2442/61/801
f 2443/61/791 2444/60/801 2445/60/791
f 2442/61/802 2443/61/794 2444/60/802
f 2445/60/794 2444/60/802 2443/61/794
f 2447/60/795 2442/61/801 2446/61/795
f 2442/61/801 2447/60/795 2444/60/801
f 2446/61/796 2442/61/802 2447/60/796
f 2444/60/802 2447/60/796 2442/61/802
f 2450/61/803 2449/60/799 2448/60/803
f 2449/60/799 2450/61/803 2451/61/799
f 2448/60/804 2449/60/800 2450/61/804
f 2451/61/800 2450/61/804 2449/60/800
f 2454/61/797 2453/60/805 2452/60/797
f 2453/60/805 2454/61/797 2455/61/805
f 2452/60/798 2453/60/806 2454/61/798
f 2455/61/806 2454/61/798 2453/60/806
f 2456/61/807 2449/60/778 2451/61/778
f 2449/60/778 2456/61/807 2457/60/807
f 2451/61/780 2449/60/780 2456/61/808
f 2457/60/808 2456/61/808 2449/60/780
f 2454/61/781 2457/60/807 2456/61/807
f 2457/60/807 2454/61/781 2452/60/781
f 2456/61/808 2457/60/808 2454/61/782
f 2452/60/782 2454/61/782 2457/60/808
f 2446/61/787 2448/60/803 2447/60/787
f 2448/60/803 2446/61/787 2450/61/803
f 2447/60/789 2448/60/804 2446/61/789
f 2450/61/804 2446/61/789 2448/60/804
f 2455/61/805 2445/60/784 2453/60/805
f 2445/60/784 2455/61/805 2443/61/784
f 2453/60/806 2445/60/786 2455/61/806
f 2443/61/786 2455/61/806 2445/60/786
f 2460/59/414 2459/58/769 2458/58/414
f 2459/58/769 2460/59/414 2461/59/769
f 2458/58/412 2459/58/770 2460/59/412
f 2461/59/770 2460/59/412 2459/58/770
f 2464/59/771 2463/58/412 2462/58/771
f 2463/58/412 2464/59/771 2465/59/412
f 2462/58/772 2463/58/414 2464/59/772
f 2465/59/414 2464/59/772 2463/58/414
f 2467/59/772 2458/58/414 2466/58/772
f 2458/58/414 2467/59/772 2460/59/414
f 2466/58/771 2458/58/412 2467/59/771
f 2460/59/412 2467/59/771 2458/58/412
f 2467/59/773 2469/58/417 2468/59/417
f 2469/58/417 2467/59/773 2466/58/773
f 2468/59/418 2469/58/418 2467/59/774
f 2466/58/774 2467/59/774 2469/58/418
f 2470/59/81 2467/59/81 2468/59/81
f 2467/59/81 2470/59/81 2465/59/81
f 2467/59/81 2465/59/81 2460/59/81
f 2460/59/81 2465/59/81 2464/59/81
f 2460/59/81 2464/59/81 2461/59/81
f 2461/59/81 2464/59/81 2471/59/81
f 2468/59/82 2467/59/82 2470/59/82
f 2465/59/82 2470/59/82 2467/59/82
f 2460/59/82 2465/59/82 2467/59/82
f 2464/59/82 2465/59/82 2460/59/82
f 2461/59/82 2464/59/82 2460/59/82
f 2471/59/82 2464/59/82 2461/59/82
f 2472/58/418 2464/59/774 2462/58/774
f 2464/59/774 2472/58/418 2471/59/418
f 2462/58/773 2464/59/773 2472/58/417
f 2471/59/417 2472/58/417 2464/59/773
f 2459/58/775 2471/59/418 2472/58/418
f 2471/59/418 2459/58/775 2461/59/775
f 2472/58/417 2471/59/417 2459/58/776
f 2461/59/776 2459/58/776 2471/59/417
f 2468/59/417 2473/58/776 2470/59/776
f 2473/58/776 2468/59/417 2469/58/417
f 2470/59/775 2473/58/775 2468/59/418
f 2469/58/418 2468/59/418 2473/58/775
f 2465/59/412 2473/58/770 2463/58/412
f 2473/58/770 2465/59/412 2470/59/770
f 2463/58/414 2473/58/769 2465/59/414
f 2470/59/769 2465/59/414 2473/58/769
f 2476/59/417 2475/58/776 2474/59/776
f 2475/58/776 2476/59/417 2477/58/417
f 2474/59/775 2475/58/775 2476/59/418
f 2477/58/418 2476/59/418 2475/58/775
f 2480/59/414 2479/58/769 2478/58/414
f 2479/58/769 2480/59/414 2481/59/769
f 2478/58/412 2479/58/770 2480/59/412
f 2481/59/770 2480/59/412 2479/58/770
f 2483/59/772 2478/58/414 2482/58/772
f 2478/58/414 2483/59/772 2480/59/414
f 2482/58/771 2478/58/412 2483/59/771
f 2480/59/412 2483/59/771 2478/58/412
f 2485/59/412 2475/58/770 2484/58/412
f 2475/58/770 2485/59/412 2474/59/770
f 2484/58/414 2475/58/769 2485/59/414
f 2474/59/769 2485/59/414 2475/58/769
f 2487/59/771 2484/58/412 2486/58/771
f 2484/58/412 2487/59/771 2485/59/412
f 2486/58/772 2484/58/414 2487/59/772
f 2485/59/414 2487/59/772 2484/58/414
f 2488/58/418 2487/59/774 2486/58/774
f 2487/59/774 2488/58/418 2489/59/418
f 2486/58/773 2487/59/773 2488/58/417
f 2489/59/417 2488/58/417 2487/59/773
f 2479/58/775 2489/59/418 2488/58/418
f 2489/59/418 2479/58/775 2481/59/775
f 2488/58/417 2489/59/417 2479/58/776
f 2481/59/776 2479/58/776 2489/59/417
f 2474/59/81 2483/59/81 2476/59/81
f 2483/59/81 2474/59/81 2480/59/81
f 2480/59/81 2474/59/81 2485/59/81
f 2480/59/81 2485/59/81 2481/59/81
f 2481/59/81 2485/59/81 2487/59/81
f 2481/59/81 2487/59/81 2489/59/81
f 2476/59/82 2483/59/82 2474/59/82
f 2480/59/82 2474/59/82 2483/59/82
f 2485/59/82 2474/59/82 2480/59/82
f 2481/59/82 2485/59/82 2480/59/82
f 2487/59/82 2485/59/82 2481/59/82
f 2489/59/82 2487/59/82 2481/59/82
f 2482/58/82 2475/58/82 2477/58/82
f 2475/58/82 2482/58/82 2478/58/82
f 2475/58/82 2478/58/82 2484/58/82
f 2484/58/82 2478/58/82 2479/58/82
f 2484/58/82 2479/58/82 2486/58/82
f 2486/58/82 2479/58/82 2488/58/82
f 2477/58/81 2475/58/81 2482/58/81
f 2478/58/81 2482/58/81 2475/58/81
f 2484/58/81 2478/58/81 2475/58/81
f 2479/58/81 2478/58/81 2484/58/81
f 2486/58/81 2479/58/81 2484/58/81
f 2488/58/81 2479/58/81 2486/58/81
f 2483/59/773 2477/58/417 2476/59/417
f 2477/58/417 2483/59/773 2482/58/773
f 2476/59/418 2477/58/418 2483/59/774
f 2482/58/774 2483/59/774 2477/58/418
f 2492/60/777 2491/61/778 2490/61/777
f 2491/61/778 2492/60/777 2493/60/778
f 2490/61/779 2491/61/780 2492/60/779
f 2493/60/780 2492/60/779 2491/61/780
f 2495/60/781 2490/61/777 2494/61/781
f 2490/61/777 2495/60/781 2492/60/777
f 2494/61/782 2490/61/779 2495/60/782
f 2492/60/779 2495/60/782 2490/61/779
f 2498/61/783 2497/60/784 2496/60/783
f 2497/60/784 2498/61/783 2499/61/784
f 2496/60/785 2497/60/786 2498/61/785
f 2499/61/786 2498/61/785 2497/60/786
f 2502/61/787 2501/60/788 2500/60/787
f 2501/60/788 2502/61/787 2503/61/788
f 2500/60/789 2501/60/790 2502/61/789
f 2503/61/790 2502/61/789 2501/60/790
f 2504/61/792 2497/60/791 2499/61/791
f 2497/60/791 2504/61/792 2505/60/792
f 2499/61/794 2497/60/794 2504/61/793
f 2505/60/793 2504/61/793 2497/60/794
f 2502/61/795 2505/60/792 2504/61/792
f 2505/60/792 2502/61/795 2500/60/795
f 2504/61/793 2505/60/793 2502/61/796
f 2500/60/796 2502/61/796 2505/60/793
f 2494/61/797 2496/60/783 2495/60/797
f 2496/60/783 2494/61/797 2498/61/783
f 2495/60/798 2496/60/785 2494/61/798
f 2498/61/785 2494/61/798 2496/60/785
f 2503/61/788 2493/60/799 2501/60/788
f 2493/60/799 2503/61/788 2491/61/799
f 2501/60/790 2493/60/800 2503/61/790
f 2491/61/800 2503/61/790 2493/60/800
f 2508/59/372 2507/58/770 2506/58/372
f 2507/58/770 2508/59/372 2509/59/770
f 2506/58/371 2507/58/769 2508/59/371
f 2509/59/769 2508/59/371 2507/58/769
f 2512/59/772 2511/58/371 2510/58/772
f 2511/58/371 2512/59/772 2513/59/371
f 2510/58/771 2511/58/372 2512/59/771
f 2513/59/372 2512/59/771 2511/58/372
f 2515/59/771 2506/58/372 2514/58/771
f 2506/58/372 2515/59/771 2508/59/372
f 2514/58/772 2506/58/371 2515/59/772
f 2508/59/371 2515/59/772 2506/58/371
f 2515/59/774 2517/58/384 2516/59/384
f 2517/58/384 2515/59/774 2514/58/774
f 2516/59/383 2517/58/383 2515/59/773
f 2514/58/773 2515/59/773 2517/58/383
f 2518/59/81 2515/59/81 2516/59/81
f 2515/59/81 2518/59/81 2513/59/81
f 2515/59/81 2513/59/81 2508/59/81
f 2508/59/81 2513/59/81 2512/59/81
f 2508/59/81 2512/59/81 2509/59/81
f 2509/59/81 2512/59/81 2519/59/81
f 2516/59/82 2515/59/82 2518/59/82
f 2513/59/82 2518/59/82 2515/59/82
f 2508/59/82 2513/59/82 2515/59/82
f 2512/59/82 2513/59/82 2508/59/82
f 2509/59/82 2512/59/82 2508/59/82
f 2519/59/82 2512/59/82 2509/59/82
f 2520/58/383 2512/59/773 2510/58/773
f 2512/59/773 2520/58/383 2519/59/383
f 2510/58/774 2512/59/774 2520/58/384
f 2519/59/384 2520/58/384 2512/59/774
f 2507/58/776 2519/59/383 2520/58/383
f 2519/59/383 2507/58/776 2509/59/776
f 2520/58/384 2519/59/384 2507/58/775
f 2509/59/775 2507/58/775 2519/59/384
f 2516/59/384 2521/58/775 2518/59/775
f 2521/58/775 2516/59/384 2517/58/384
f 2518/59/776 2521/58/776 2516/59/383
f 2517/58/383 2516/59/383 2521/58/776
f 2513/59/371 2521/58/769 2511/58/371
f 2521/58/769 2513/59/371 2518/59/769
f 2511/58/372 2521/58/770 2513/59/372
f 2518/59/770 2513/59/372 2521/58/770
f 2524/59/384 2523/58/775 2522/59/775
f 2523/58/775 2524/59/384 2525/58/384
f 2522/59/776 2523/58/776 2524/59/383
f 2525/58/383 2524/59/383 2523/58/776
f 2528/59/372 2527/58/770 2526/58/372
f 2527/58/770 2528/59/372 2529/59/770
f 2526/58/371 2527/58/769 2528/59/371
f 2529/59/769 2528/59/371 2527/58/769
f 2531/59/771 2526/58/372 2530/58/771
f 2526/58/372 2531/59/771 2528/59/372
f 2530/58/772 2526/58/371 2531/59/772
f 2528/59/371 2531/59/772 2526/58/371
f 2533/59/371 2523/58/769 2532/58/371
f 2523/58/769 2533/59/371 2522/59/769
f 2532/58/372 2523/58/770 2533/59/372
f 2522/59/770 2533/59/372 2523/58/770
f 2535/59/772 2532/58/371 2534/58/772
f 2532/58/371 2535/59/772 2533/59/371
f 2534/58/771 2532/58/372 2535/59/771
f 2533/59/372 2535/59/771 2532/58/372
f 2536/58/383 2535/59/773 2534/58/773
f 2535/59/773 2536/58/383 2537/59/383
f 2534/58/774 2535/59/774 2536/58/384
f 2537/59/384 2536/58/384 2535/59/774
f 2527/58/776 2537/59/383 2536/58/383
f 2537/59/383 2527/58/776 2529/59/776
f 2536/58/384 2537/59/384 2527/58/775
f 2529/59/775 2527/58/775 2537/59/384
f 2522/59/81 2531/59/81 2524/59/81
f 2531/59/81 2522/59/81 2528/59/81
f 2528/59/81 2522/59/81 2533/59/81
f 2528/59/81 2533/59/81 2529/59/81
f 2529/59/81 2533/59/81 2535/59/81
f 2529/59/81 2535/59/81 2537/59/81
f 2524/59/82 2531/59/82 2522/59/82
f 2528/59/82 2522/59/82 2531/59/82
f 2533/59/82 2522/59/82 2528/59/82
f 2529/59/82 2533/59/82 2528/59/82
f 2535/59/82 2533/59/82 2529/59/82
f 2537/59/82 2535/59/82 2529/59/82
f 2530/58/82 2523/58/82 2525/58/82
f 2523/58/82 2530/58/82 2526/58/82
f 2523/58/82 2526/58/82 2532/58/82
f 2532/58/82 2526/58/82 2527/58/82
f 2532/58/82 2527/58/82 2534/58/82
f 2534/58/82 2527/58/82 2536/58/82
f 2525/58/81 2523/58/81 2530/58/81
f 2526/58/81 2530/58/81 2523/58/81
f 2532/58/81 2526/58/81 2523/58/81
f 2527/58/81 2526/58/81 2532/58/81
f 2534/58/81 2527/58/81 2532/58/81
f 2536/58/81 2527/58/81 2534/58/81
f 2531/59/774 2525/58/384 2524/59/384
f 2525/58/384 2531/59/774 2530/58/774
f 2524/59/383 2525/58/383 2531/59/773
f 2530/58/773 2531/59/773 2525/58/383
f 2540/60/801 2539/61/791 2538/61/801
f 2539/61/791 2540/60/801 2541/60/791
f 2538/61/802 2539/61/794 2540/60/802
f 2541/60/794 2540/60/802 2539/61/794
f 2543/60/795 2538/61/801 2542/61/795
f 2538/61/801 2543/60/795 2540/60/801
f 2542/61/796 2538/61/802 2543/60/796
f 2540/60/802 2543/60/796 2538/61/802
f 2546/61/803 2545/60/799 2544/60/803
f 2545/60/799 2546/61/803 2547/61/799
f 2544/60/804 2545/60/800 2546/61/804
f 2547/61/800 2546/61/804 2545/60/800
f 2550/61/797 2549/60/805 2548/60/797
f 2549/60/805 2550/61/797 2551/61/805
f 2548/60/798 2549/60/806 2550/61/798
f 2551/61/806 2550/61/798 2549/60/806
f 2552/61/807 2545/60/778 2547/61/778
f 2545/60/778 2552/61/807 2553/60/807
f 2547/61/780 2545/60/780 2552/61/808
f 2553/60/808 2552/61/808 2545/60/780
f 2550/61/781 2553/60/807 2552/61/807
f 2553/60/807 2550/61/781 2548/60/781
f 2552/61/808 2553/60/808 2550/61/782
f 2548/60/782 2550/61/782 2553/60/808
f 2542/61/787 2544/60/803 2543/60/787
f 2544/60/803 2542/61/787 2546/61/803
f 2543/60/789 2544/60/804 2542/61/789
f 2546/61/804 2542/61/789 2544/60/804
f 2551/61/805 2541/60/784 2549/60/805
f 2541/60/784 2551/61/805 2539/61/784
f 2549/60/806 2541/60/786 2551/61/806
f 2539/61/786 2551/61/806 2541/60/786

g room-wide-variation




usemtl colormap

f 3/2/3 2/1/2 1/1/1
f 2/1/2 3/2/3 4/2/4
f 1/1/7 2/1/6 3/2/5
f 4/2/8 3/2/5 2/1/6
f 7/3/11 6/1/10 5/1/9
f 6/1/10 7/3/11 8/3/12
f 5/1/15 6/1/14 7/3/13
f 8/3/16 7/3/13 6/1/14
f 11/2/19 10/1/18 9/1/17
f 10/1/18 11/2/19 12/2/20
f 9/1/23 10/1/22 11/2/21
f 12/2/24 11/2/21 10/1/22
f 2/1/2 11/2/19 9/1/17
f 11/2/19 2/1/2 4/2/4
f 9/1/23 11/2/21 2/1/6
f 4/2/8 2/1/6 11/2/21
f 7/3/11 13/3/25 8/3/12
f 13/3/25 7/3/11 14/3/26
f 8/3/16 13/3/27 7/3/13
f 14/3/28 7/3/13 13/3/27
f 8/3/12 15/1/29 6/1/10
f 15/1/29 8/3/12 13/3/25
f 6/1/14 15/1/30 8/3/16
f 13/3/27 8/3/16 15/1/30
f 11/2/19 3/2/3 12/2/20
f 3/2/3 11/2/19 4/2/4
f 12/2/24 3/2/5 11/2/21
f 4/2/8 11/2/21 3/2/5
f 14/3/26 5/1/9 16/1/31
f 5/1/9 14/3/26 7/3/11
f 16/1/32 5/1/15 14/3/28
f 7/3/13 14/3/28 5/1/15
f 15/1/29 14/3/26 16/1/31
f 14/3/26 15/1/29 13/3/25
f 16/1/32 14/3/28 15/1/30
f 13/3/27 15/1/30 14/3/28
f 12/2/20 1/1/1 10/1/18
f 1/1/1 12/2/20 3/2/3
f 10/1/22 1/1/7 12/2/24
f 3/2/5 12/2/24 1/1/7
f 19/3/35 18/3/34 17/3/33
f 18/3/34 19/3/35 20/3/36
f 17/3/39 18/3/38 19/3/37
f 20/3/40 19/3/37 18/3/38
f 20/3/36 21/1/41 18/3/34
f 21/1/41 20/3/36 22/1/42
f 18/3/38 21/1/43 20/3/40
f 22/1/44 20/3/40 21/1/43
f 17/3/33 21/1/41 23/1/45
f 21/1/41 17/3/33 18/3/34
f 23/1/46 21/1/43 17/3/39
f 18/3/38 17/3/39 21/1/43
f 24/1/47 17/3/33 23/1/45
f 17/3/33 24/1/47 19/3/35
f 23/1/46 17/3/39 24/1/48
f 19/3/37 24/1/48 17/3/39
f 22/1/42 19/3/35 24/1/47
f 19/3/35 22/1/42 20/3/36
f 24/1/48 19/3/37 22/1/44
f 20/3/40 22/1/44 19/3/37
f 27/1/51 26/3/50 25/1/49
f 26/3/50 27/1/51 28/3/52
f 25/1/55 26/3/54 27/1/53
f 28/3/56 27/1/53 26/3/54
f 29/1/57 28/3/52 27/1/51
f 28/3/52 29/1/57 30/3/58
f 27/1/53 28/3/56 29/1/59
f 30/3/60 29/1/59 28/3/56
f 33/2/63 32/1/62 31/1/61
f 32/1/62 33/2/63 34/2/64
f 31/1/67 32/1/66 33/2/65
f 34/2/68 33/2/65 32/1/66
f 33/2/63 35/2/69 34/2/64
f 35/2/69 33/2/63 36/2/70
f 34/2/68 35/2/71 33/2/65
f 36/2/72 33/2/65 35/2/71
f 30/3/58 38/1/74 37/3/73
f 38/1/74 30/3/58 29/1/57
f 37/3/76 38/1/75 30/3/60
f 29/1/59 30/3/60 38/1/75
f 34/2/64 39/1/77 32/1/62
f 39/1/77 34/2/64 35/2/69
f 32/1/66 39/1/78 34/2/68
f 35/2/71 34/2/68 39/1/78
f 28/3/52 37/3/73 26/3/50
f 37/3/73 28/3/52 30/3/58
f 26/3/54 37/3/76 28/3/56
f 30/3/60 28/3/56 37/3/76
f 40/1/79 33/2/63 31/1/61
f 33/2/63 40/1/79 36/2/70
f 31/1/67 33/2/65 40/1/80
f 36/2/72 40/1/80 33/2/65
f 26/3/50 38/1/74 25/1/49
f 38/1/74 26/3/50 37/3/73
f 25/1/55 38/1/75 26/3/54
f 37/3/76 26/3/54 38/1/75
f 35/2/69 40/1/79 39/1/77
f 40/1/79 35/2/69 36/2/70
f 39/1/78 40/1/80 35/2/71
f 36/2/72 35/2/71 40/1/80
f 43/1/81 42/1/81 41/1/81
f 42/1/81 43/1/81 44/1/81
f 41/1/82 42/1/82 43/1/82
f 44/1/82 43/1/82 42/1/82
f 47/2/85 46/1/84 45/1/83
f 46/1/84 47/2/85 48/2/86
f 45/1/89 46/1/88 47/2/87
f 48/2/90 47/2/87 46/1/88
f 51/3/93 50/1/92 49/1/91
f 50/1/92 51/3/93 52/3/94
f 49/1/97 50/1/96 51/3/95
f 52/3/98 51/3/95 50/1/96
f 55/2/101 54/1/100 53/1/99
f 54/1/100 55/2/101 56/2/102
f 53/1/105 54/1/104 55/2/103
f 56/2/106 55/2/103 54/1/104
f 46/1/84 55/2/101 53/1/99
f 55/2/101 46/1/84 48/2/86
f 53/1/105 55/2/103 46/1/88
f 48/2/90 46/1/88 55/2/103
f 51/3/93 57/3/107 52/3/94
f 57/3/107 51/3/93 58/3/108
f 52/3/98 57/3/109 51/3/95
f 58/3/110 51/3/95 57/3/109
f 52/3/94 59/1/111 50/1/92
f 59/1/111 52/3/94 57/3/107
f 50/1/96 59/1/112 52/3/98
f 57/3/109 52/3/98 59/1/112
f 55/2/101 47/2/85 56/2/102
f 47/2/85 55/2/101 48/2/86
f 56/2/106 47/2/87 55/2/103
f 48/2/90 55/2/103 47/2/87
f 58/3/108 49/1/91 60/1/113
f 49/1/91 58/3/108 51/3/93
f 60/1/114 49/1/97 58/3/110
f 51/3/95 58/3/110 49/1/97
f 59/1/111 58/3/108 60/1/113
f 58/3/108 59/1/111 57/3/107
f 60/1/114 58/3/110 59/1/112
f 57/3/109 59/1/112 58/3/110
f 56/2/102 45/1/83 54/1/100
f 45/1/83 56/2/102 47/2/85
f 54/1/104 45/1/89 56/2/106
f 47/2/87 56/2/106 45/1/89
f 63/3/117 62/3/116 61/3/115
f 62/3/116 63/3/117 64/3/118
f 61/3/121 62/3/120 63/3/119
f 64/3/122 63/3/119 62/3/120
f 64/3/118 65/1/123 62/3/116
f 65/1/123 64/3/118 66/1/124
f 62/3/120 65/1/125 64/3/122
f 66/1/126 64/3/122 65/1/125
f 61/3/115 65/1/123 67/1/127
f 65/1/123 61/3/115 62/3/116
f 67/1/128 65/1/125 61/3/121
f 62/3/120 61/3/121 65/1/125
f 68/1/129 61/3/115 67/1/127
f 61/3/115 68/1/129 63/3/117
f 67/1/128 61/3/121 68/1/130
f 63/3/119 68/1/130 61/3/121
f 66/1/124 63/3/117 68/1/129
f 63/3/117 66/1/124 64/3/118
f 68/1/130 63/3/119 66/1/126
f 64/3/122 66/1/126 63/3/119
f 71/1/133 70/3/132 69/1/131
f 70/3/132 71/1/133 72/3/134
f 69/1/137 70/3/136 71/1/135
f 72/3/138 71/1/135 70/3/136
f 73/1/139 72/3/134 71/1/133
f 72/3/134 73/1/139 74/3/140
f 71/1/135 72/3/138 73/1/141
f 74/3/142 73/1/141 72/3/138
f 77/2/145 76/1/144 75/1/143
f 76/1/144 77/2/145 78/2/146
f 75/1/149 76/1/148 77/2/147
f 78/2/150 77/2/147 76/1/148
f 77/2/145 79/2/151 78/2/146
f 79/2/151 77/2/145 80/2/152
f 78/2/150 79/2/153 77/2/147
f 80/2/154 77/2/147 79/2/153
f 74/3/140 82/1/156 81/3/155
f 82/1/156 74/3/140 73/1/139
f 81/3/158 82/1/157 74/3/142
f 73/1/141 74/3/142 82/1/157
f 78/2/146 83/1/159 76/1/144
f 83/1/159 78/2/146 79/2/151
f 76/1/148 83/1/160 78/2/150
f 79/2/153 78/2/150 83/1/160
f 72/3/134 81/3/155 70/3/132
f 81/3/155 72/3/134 74/3/140
f 70/3/136 81/3/158 72/3/138
f 74/3/142 72/3/138 81/3/158
f 84/1/161 77/2/145 75/1/143
f 77/2/145 84/1/161 80/2/152
f 75/1/149 77/2/147 84/1/162
f 80/2/154 84/1/162 77/2/147
f 70/3/132 82/1/156 69/1/131
f 82/1/156 70/3/132 81/3/155
f 69/1/137 82/1/157 70/3/136
f 81/3/158 70/3/136 82/1/157
f 79/2/151 84/1/161 83/1/159
f 84/1/161 79/2/151 80/2/152
f 83/1/160 84/1/162 79/2/153
f 80/2/154 79/2/153 84/1/162
f 87/1/81 86/1/81 85/1/81
f 86/1/81 87/1/81 88/1/81
f 85/1/82 86/1/82 87/1/82
f 88/1/82 87/1/82 86/1/82
f 91/2/165 90/1/164 89/1/163
f 90/1/164 91/2/165 92/2/166
f 89/1/169 90/1/168 91/2/167
f 92/2/170 91/2/167 90/1/168
f 95/3/173 94/1/172 93/1/171
f 94/1/172 95/3/173 96/3/174
f 93/1/177 94/1/176 95/3/175
f 96/3/178 95/3/175 94/1/176
f 99/2/181 98/1/180 97/1/179
f 98/1/180 99/2/181 100/2/182
f 97/1/185 98/1/184 99/2/183
f 100/2/186 99/2/183 98/1/184
f 90/1/164 99/2/181 97/1/179
f 99/2/181 90/1/164 92/2/166
f 97/1/185 99/2/183 90/1/168
f 92/2/170 90/1/168 99/2/183
f 95/3/173 101/3/187 96/3/174
f 101/3/187 95/3/173 102/3/188
f 96/3/178 101/3/189 95/3/175
f 102/3/190 95/3/175 101/3/189
f 96/3/174 103/1/191 94/1/172
f 103/1/191 96/3/174 101/3/187
f 94/1/176 103/1/192 96/3/178
f 101/3/189 96/3/178 103/1/192
f 99/2/181 91/2/165 100/2/182
f 91/2/165 99/2/181 92/2/166
f 100/2/186 91/2/167 99/2/183
f 92/2/170 99/2/183 91/2/167
f 102/3/188 93/1/171 104/1/193
f 93/1/171 102/3/188 95/3/173
f 104/1/194 93/1/177 102/3/190
f 95/3/175 102/3/190 93/1/177
f 103/1/191 102/3/188 104/1/193
f 102/3/188 103/1/191 101/3/187
f 104/1/194 102/3/190 103/1/192
f 101/3/189 103/1/192 102/3/190
f 100/2/182 89/1/163 98/1/180
f 89/1/163 100/2/182 91/2/165
f 98/1/184 89/1/169 100/2/186
f 91/2/167 100/2/186 89/1/169
f 107/3/197 106/3/196 105/3/195
f 106/3/196 107/3/197 108/3/198
f 105/3/201 106/3/200 107/3/199
f 108/3/202 107/3/199 106/3/200
f 108/3/198 109/1/203 106/3/196
f 109/1/203 108/3/198 110/1/204
f 106/3/200 109/1/205 108/3/202
f 110/1/206 108/3/202 109/1/205
f 105/3/195 109/1/203 111/1/207
f 109/1/203 105/3/195 106/3/196
f 111/1/208 109/1/205 105/3/201
f 106/3/200 105/3/201 109/1/205
f 112/1/209 105/3/195 111/1/207
f 105/3/195 112/1/209 107/3/197
f 111/1/208 105/3/201 112/1/210
f 107/3/199 112/1/210 105/3/201
f 110/1/204 107/3/197 112/1/209
f 107/3/197 110/1/204 108/3/198
f 112/1/210 107/3/199 110/1/206
f 108/3/202 110/1/206 107/3/199
f 115/1/213 114/3/212 113/1/211
f 114/3/212 115/1/213 116/3/214
f 113/1/217 114/3/216 115/1/215
f 116/3/218 115/1/215 114/3/216
f 117/1/219 116/3/214 115/1/213
f 116/3/214 117/1/219 118/3/220
f 115/1/215 116/3/218 117/1/221
f 118/3/222 117/1/221 116/3/218
f 121/2/225 120/1/224 119/1/223
f 120/1/224 121/2/225 122/2/226
f 119/1/229 120/1/228 121/2/227
f 122/2/230 121/2/227 120/1/228
f 121/2/225 123/2/231 122/2/226
f 123/2/231 121/2/225 124/2/232
f 122/2/230 123/2/233 121/2/227
f 124/2/234 121/2/227 123/2/233
f 118/3/220 126/1/236 125/3/235
f 126/1/236 118/3/220 117/1/219
f 125/3/238 126/1/237 118/3/222
f 117/1/221 118/3/222 126/1/237
f 122/2/226 127/1/239 120/1/224
f 127/1/239 122/2/226 123/2/231
f 120/1/228 127/1/240 122/2/230
f 123/2/233 122/2/230 127/1/240
f 116/3/214 125/3/235 114/3/212
f 125/3/235 116/3/214 118/3/220
f 114/3/216 125/3/238 116/3/218
f 118/3/222 116/3/218 125/3/238
f 128/1/241 121/2/225 119/1/223
f 121/2/225 128/1/241 124/2/232
f 119/1/229 121/2/227 128/1/242
f 124/2/234 128/1/242 121/2/227
f 114/3/212 126/1/236 113/1/211
f 126/1/236 114/3/212 125/3/235
f 113/1/217 126/1/237 114/3/216
f 125/3/238 114/3/216 126/1/237
f 123/2/231 128/1/241 127/1/239
f 128/1/241 123/2/231 124/2/232
f 127/1/240 128/1/242 123/2/233
f 124/2/234 123/2/233 128/1/242
f 131/1/81 130/1/81 129/1/81
f 130/1/81 131/1/81 132/1/81
f 129/1/82 130/1/82 131/1/82
f 132/1/82 131/1/82 130/1/82
f 135/2/101 134/1/100 133/1/99
f 134/1/100 135/2/101 136/2/102
f 133/1/105 134/1/104 135/2/103
f 136/2/106 135/2/103 134/1/104
f 139/3/107 138/1/113 137/1/111
f 138/1/113 139/3/107 140/3/108
f 137/1/112 138/1/114 139/3/109
f 140/3/110 139/3/109 138/1/114
f 143/2/85 142/1/84 141/1/83
f 142/1/84 143/2/85 144/2/86
f 141/1/89 142/1/88 143/2/87
f 144/2/90 143/2/87 142/1/88
f 134/1/100 143/2/85 141/1/83
f 143/2/85 134/1/100 136/2/102
f 141/1/89 143/2/87 134/1/104
f 136/2/106 134/1/104 143/2/87
f 139/3/107 145/3/93 140/3/108
f 145/3/93 139/3/107 146/3/94
f 140/3/110 145/3/95 139/3/109
f 146/3/98 139/3/109 145/3/95
f 140/3/108 147/1/91 138/1/113
f 147/1/91 140/3/108 145/3/93
f 138/1/114 147/1/97 140/3/110
f 145/3/95 140/3/110 147/1/97
f 143/2/85 135/2/101 144/2/86
f 135/2/101 143/2/85 136/2/102
f 144/2/90 135/2/103 143/2/87
f 136/2/106 143/2/87 135/2/103
f 146/3/94 137/1/111 148/1/92
f 137/1/111 146/3/94 139/3/107
f 148/1/96 137/1/112 146/3/98
f 139/3/109 146/3/98 137/1/112
f 147/1/91 146/3/94 148/1/92
f 146/3/94 147/1/91 145/3/93
f 148/1/96 146/3/98 147/1/97
f 145/3/95 147/1/97 146/3/98
f 144/2/86 133/1/99 142/1/84
f 133/1/99 144/2/86 135/2/101
f 142/1/88 133/1/105 144/2/90
f 135/2/103 144/2/90 133/1/105
f 151/3/245 150/3/244 149/3/243
f 150/3/244 151/3/245 152/3/246
f 149/3/249 150/3/248 151/3/247
f 152/3/250 151/3/247 150/3/248
f 152/3/246 153/1/251 150/3/244
f 153/1/251 152/3/246 154/1/252
f 150/3/248 153/1/253 152/3/250
f 154/1/254 152/3/250 153/1/253
f 149/3/243 153/1/251 155/1/255
f 153/1/251 149/3/243 150/3/244
f 155/1/256 153/1/253 149/3/249
f 150/3/248 149/3/249 153/1/253
f 156/1/257 149/3/243 155/1/255
f 149/3/243 156/1/257 151/3/245
f 155/1/256 149/3/249 156/1/258
f 151/3/247 156/1/258 149/3/249
f 154/1/252 151/3/245 156/1/257
f 151/3/245 154/1/252 152/3/246
f 156/1/258 151/3/247 154/1/254
f 152/3/250 154/1/254 151/3/247
f 159/1/156 158/3/140 157/1/139
f 158/3/140 159/1/156 160/3/155
f 157/1/141 158/3/142 159/1/157
f 160/3/158 159/1/157 158/3/142
f 161/1/131 160/3/155 159/1/156
f 160/3/155 161/1/131 162/3/132
f 159/1/157 160/3/158 161/1/137
f 162/3/136 161/1/137 160/3/158
f 165/2/151 164/1/161 163/1/159
f 164/1/161 165/2/151 166/2/152
f 163/1/160 164/1/162 165/2/153
f 166/2/154 165/2/153 164/1/162
f 165/2/151 167/2/145 166/2/152
f 167/2/145 165/2/151 168/2/146
f 166/2/154 167/2/147 165/2/153
f 168/2/150 165/2/153 167/2/147
f 162/3/132 170/1/133 169/3/134
f 170/1/133 162/3/132 161/1/131
f 169/3/138 170/1/135 162/3/136
f 161/1/137 162/3/136 170/1/135
f 166/2/152 171/1/143 164/1/161
f 171/1/143 166/2/152 167/2/145
f 164/1/162 171/1/149 166/2/154
f 167/2/147 166/2/154 171/1/149
f 160/3/155 169/3/134 158/3/140
f 169/3/134 160/3/155 162/3/132
f 158/3/142 169/3/138 160/3/158
f 162/3/136 160/3/158 169/3/138
f 172/1/144 165/2/151 163/1/159
f 165/2/151 172/1/144 168/2/146
f 163/1/160 165/2/153 172/1/148
f 168/2/150 172/1/148 165/2/153
f 158/3/140 170/1/133 157/1/139
f 170/1/133 158/3/140 169/3/134
f 157/1/141 170/1/135 158/3/142
f 169/3/138 158/3/142 170/1/135
f 167/2/145 172/1/144 171/1/143
f 172/1/144 167/2/145 168/2/146
f 171/1/149 172/1/148 167/2/147
f 168/2/150 167/2/147 172/1/148
f 175/1/81 174/1/81 173/1/81
f 174/1/81 175/1/81 176/1/81
f 173/1/82 174/1/82 175/1/82
f 176/1/82 175/1/82 174/1/82
f 179/1/81 178/1/81 177/1/81
f 178/1/81 179/1/81 180/1/81
f 177/1/82 178/1/82 179/1/82
f 180/1/82 179/1/82 178/1/82
f 180/1/81 87/1/81 178/1/81
f 87/1/81 180/1/81 181/1/81
f 178/1/82 87/1/82 180/1/82
f 181/1/82 180/1/82 87/1/82
f 181/1/81 88/1/81 87/1/81
f 88/1/81 181/1/81 182/1/81
f 87/1/82 88/1/82 181/1/82
f 182/1/82 181/1/82 88/1/82
f 185/1/91 184/3/94 183/1/92
f 184/3/94 185/1/91 186/3/93
f 183/1/96 184/3/98 185/1/97
f 186/3/95 185/1/97 184/3/98
f 188/3/108 185/1/91 187/1/113
f 185/1/91 188/3/108 186/3/93
f 187/1/114 185/1/97 188/3/110
f 186/3/95 188/3/110 185/1/97
f 191/2/101 190/1/100 189/1/99
f 190/1/100 191/2/101 192/2/102
f 189/1/105 190/1/104 191/2/103
f 192/2/106 191/2/103 190/1/104
f 190/1/100 194/2/85 193/1/83
f 194/2/85 190/1/100 192/2/102
f 193/1/89 194/2/87 190/1/104
f 192/2/106 190/1/104 194/2/87
f 197/1/144 196/2/151 195/1/159
f 196/2/151 197/1/144 198/2/146
f 195/1/160 196/2/153 197/1/148
f 198/2/150 197/1/148 196/2/153
f 196/2/151 200/2/145 199/2/152
f 200/2/145 196/2/151 198/2/146
f 199/2/154 200/2/147 196/2/153
f 198/2/150 196/2/153 200/2/147
f 200/2/145 197/1/144 201/1/143
f 197/1/144 200/2/145 198/2/146
f 201/1/149 197/1/148 200/2/147
f 198/2/150 200/2/147 197/1/148
f 196/2/151 202/1/161 195/1/159
f 202/1/161 196/2/151 199/2/152
f 195/1/160 202/1/162 196/2/153
f 199/2/154 196/2/153 202/1/162
f 199/2/152 201/1/143 202/1/161
f 201/1/143 199/2/152 200/2/145
f 202/1/162 201/1/149 199/2/154
f 200/2/147 199/2/154 201/1/149
f 204/2/86 189/1/99 203/1/84
f 189/1/99 204/2/86 191/2/101
f 203/1/88 189/1/105 204/2/90
f 191/2/103 204/2/90 189/1/105
f 184/3/94 205/1/111 183/1/92
f 205/1/111 184/3/94 206/3/107
f 183/1/96 205/1/112 184/3/98
f 206/3/109 184/3/98 205/1/112
f 194/2/85 203/1/84 193/1/83
f 203/1/84 194/2/85 204/2/86
f 193/1/89 203/1/88 194/2/87
f 204/2/90 194/2/87 203/1/88
f 194/2/85 191/2/101 204/2/86
f 191/2/101 194/2/85 192/2/102
f 204/2/90 191/2/103 194/2/87
f 192/2/106 194/2/87 191/2/103
f 209/3/261 208/3/260 207/3/259
f 208/3/260 209/3/261 210/3/262
f 207/3/265 208/3/264 209/3/263
f 210/3/266 209/3/263 208/3/264
f 206/3/107 186/3/93 188/3/108
f 186/3/93 206/3/107 184/3/94
f 188/3/110 186/3/95 206/3/109
f 184/3/98 206/3/109 186/3/95
f 211/1/267 210/3/262 209/3/261
f 210/3/262 211/1/267 212/1/268
f 209/3/263 210/3/266 211/1/269
f 212/1/270 211/1/269 210/3/266
f 215/1/131 214/3/155 213/1/156
f 214/3/155 215/1/131 216/3/132
f 213/1/157 214/3/158 215/1/137
f 216/3/136 215/1/137 214/3/158
f 211/1/267 207/3/259 217/1/271
f 207/3/259 211/1/267 209/3/261
f 217/1/272 207/3/265 211/1/269
f 209/3/263 211/1/269 207/3/265
f 210/3/262 218/1/273 208/3/260
f 218/1/273 210/3/262 212/1/268
f 208/3/264 218/1/274 210/3/266
f 212/1/270 210/3/266 218/1/274
f 221/3/140 220/1/133 219/1/139
f 220/1/133 221/3/140 222/3/134
f 219/1/141 220/1/135 221/3/142
f 222/3/138 221/3/142 220/1/135
f 207/3/259 218/1/273 217/1/271
f 218/1/273 207/3/259 208/3/260
f 217/1/272 218/1/274 207/3/265
f 208/3/264 207/3/265 218/1/274
f 213/1/156 221/3/140 219/1/139
f 221/3/140 213/1/156 214/3/155
f 219/1/141 221/3/142 213/1/157
f 214/3/158 213/1/157 221/3/142
f 216/3/132 220/1/133 222/3/134
f 220/1/133 216/3/132 215/1/131
f 222/3/138 220/1/135 216/3/136
f 215/1/137 216/3/136 220/1/135
f 214/3/155 222/3/134 221/3/140
f 222/3/134 214/3/155 216/3/132
f 221/3/142 222/3/138 214/3/158
f 216/3/136 214/3/158 222/3/138
f 206/3/107 187/1/113 205/1/111
f 187/1/113 206/3/107 188/3/108
f 205/1/112 187/1/114 206/3/109
f 188/3/110 206/3/109 187/1/114
f 225/1/111 224/3/108 223/1/113
f 224/3/108 225/1/111 226/3/107
f 223/1/114 224/3/110 225/1/112
f 226/3/109 225/1/112 224/3/110
f 228/3/94 225/1/111 227/1/92
f 225/1/111 228/3/94 226/3/107
f 227/1/96 225/1/112 228/3/98
f 226/3/109 228/3/98 225/1/112
f 231/2/85 230/1/84 229/1/83
f 230/1/84 231/2/85 232/2/86
f 229/1/89 230/1/88 231/2/87
f 232/2/90 231/2/87 230/1/88
f 230/1/84 234/2/101 233/1/99
f 234/2/101 230/1/84 232/2/86
f 233/1/105 234/2/103 230/1/88
f 232/2/90 230/1/88 234/2/103
f 237/1/161 236/2/145 235/1/143
f 236/2/145 237/1/161 238/2/152
f 235/1/149 236/2/147 237/1/162
f 238/2/154 237/1/162 236/2/147
f 236/2/145 240/2/151 239/2/146
f 240/2/151 236/2/145 238/2/152
f 239/2/150 240/2/153 236/2/147
f 238/2/154 236/2/147 240/2/153
f 240/2/151 237/1/161 241/1/159
f 237/1/161 240/2/151 238/2/152
f 241/1/160 237/1/162 240/2/153
f 238/2/154 240/2/153 237/1/162
f 236/2/145 242/1/144 235/1/143
f 242/1/144 236/2/145 239/2/146
f 235/1/149 242/1/148 236/2/147
f 239/2/150 236/2/147 242/1/148
f 239/2/146 241/1/159 242/1/144
f 241/1/159 239/2/146 240/2/151
f 242/1/148 241/1/160 239/2/150
f 240/2/153 239/2/150 241/1/160
f 244/2/102 229/1/83 243/1/100
f 229/1/83 244/2/102 231/2/85
f 243/1/104 229/1/89 244/2/106
f 231/2/87 244/2/106 229/1/89
f 224/3/108 245/1/91 223/1/113
f 245/1/91 224/3/108 246/3/93
f 223/1/114 245/1/97 224/3/110
f 246/3/95 224/3/110 245/1/97
f 234/2/101 243/1/100 233/1/99
f 243/1/100 234/2/101 244/2/102
f 233/1/105 243/1/104 234/2/103
f 244/2/106 234/2/103 243/1/104
f 234/2/101 231/2/85 244/2/102
f 231/2/85 234/2/101 232/2/86
f 244/2/106 231/2/87 234/2/103
f 232/2/90 234/2/103 231/2/87
f 249/3/117 248/3/116 247/3/115
f 248/3/116 249/3/117 250/3/118
f 247/3/121 248/3/120 249/3/119
f 250/3/122 249/3/119 248/3/120
f 246/3/93 226/3/107 228/3/94
f 226/3/107 246/3/93 224/3/108
f 228/3/98 226/3/109 246/3/95
f 224/3/110 246/3/95 226/3/109
f 251/1/129 250/3/118 249/3/117
f 250/3/118 251/1/129 252/1/124
f 249/3/119 250/3/122 251/1/130
f 252/1/126 251/1/130 250/3/122
f 255/1/139 254/3/134 253/1/133
f 254/3/134 255/1/139 256/3/140
f 253/1/135 254/3/138 255/1/141
f 256/3/142 255/1/141 254/3/138
f 251/1/129 247/3/115 257/1/127
f 247/3/115 251/1/129 249/3/117
f 257/1/128 247/3/121 251/1/130
f 249/3/119 251/1/130 247/3/121
f 250/3/118 258/1/123 248/3/116
f 258/1/123 250/3/118 252/1/124
f 248/3/120 258/1/125 250/3/122
f 252/1/126 250/3/122 258/1/125
f 261/3/132 260/1/156 259/1/131
f 260/1/156 261/3/132 262/3/155
f 259/1/137 260/1/157 261/3/136
f 262/3/158 261/3/136 260/1/157
f 247/3/115 258/1/123 257/1/127
f 258/1/123 247/3/115 248/3/116
f 257/1/128 258/1/125 247/3/121
f 248/3/120 247/3/121 258/1/125
f 253/1/133 261/3/132 259/1/131
f 261/3/132 253/1/133 254/3/134
f 259/1/137 261/3/136 253/1/135
f 254/3/138 253/1/135 261/3/136
f 256/3/140 260/1/156 262/3/155
f 260/1/156 256/3/140 255/1/139
f 262/3/158 260/1/157 256/3/142
f 255/1/141 256/3/142 260/1/157
f 254/3/134 262/3/155 261/3/132
f 262/3/155 254/3/134 256/3/140
f 261/3/136 262/3/158 254/3/138
f 256/3/142 254/3/138 262/3/158
f 246/3/93 227/1/92 245/1/91
f 227/1/92 246/3/93 228/3/94
f 245/1/97 227/1/96 246/3/95
f 228/3/98 246/3/95 227/1/96
f 265/1/91 264/3/94 263/1/92
f 264/3/94 265/1/91 266/3/93
f 263/1/96 264/3/98 265/1/97
f 266/3/95 265/1/97 264/3/98
f 268/3/108 265/1/91 267/1/113
f 265/1/91 268/3/108 266/3/93
f 267/1/114 265/1/97 268/3/110
f 266/3/95 268/3/110 265/1/97
f 271/2/101 270/1/100 269/1/99
f 270/1/100 271/2/101 272/2/102
f 269/1/105 270/1/104 271/2/103
f 272/2/106 271/2/103 270/1/104
f 270/1/100 274/2/85 273/1/83
f 274/2/85 270/1/100 272/2/102
f 273/1/89 274/2/87 270/1/104
f 272/2/106 270/1/104 274/2/87
f 277/1/144 276/2/151 275/1/159
f 276/2/151 277/1/144 278/2/146
f 275/1/160 276/2/153 277/1/148
f 278/2/150 277/1/148 276/2/153
f 276/2/151 280/2/145 279/2/152
f 280/2/145 276/2/151 278/2/146
f 279/2/154 280/2/147 276/2/153
f 278/2/150 276/2/153 280/2/147
f 280/2/145 277/1/144 281/1/143
f 277/1/144 280/2/145 278/2/146
f 281/1/149 277/1/148 280/2/147
f 278/2/150 280/2/147 277/1/148
f 276/2/151 282/1/161 275/1/159
f 282/1/161 276/2/151 279/2/152
f 275/1/160 282/1/162 276/2/153
f 279/2/154 276/2/153 282/1/162
f 279/2/152 281/1/143 282/1/161
f 281/1/143 279/2/152 280/2/145
f 282/1/162 281/1/149 279/2/154
f 280/2/147 279/2/154 281/1/149
f 284/2/86 269/1/99 283/1/84
f 269/1/99 284/2/86 271/2/101
f 283/1/88 269/1/105 284/2/90
f 271/2/103 284/2/90 269/1/105
f 264/3/94 285/1/111 263/1/92
f 285/1/111 264/3/94 286/3/107
f 263/1/96 285/1/112 264/3/98
f 286/3/109 264/3/98 285/1/112
f 274/2/85 283/1/84 273/1/83
f 283/1/84 274/2/85 284/2/86
f 273/1/89 283/1/88 274/2/87
f 284/2/90 274/2/87 283/1/88
f 274/2/85 271/2/101 284/2/86
f 271/2/101 274/2/85 272/2/102
f 284/2/90 271/2/103 274/2/87
f 272/2/106 274/2/87 271/2/103
f 289/3/261 288/3/260 287/3/259
f 288/3/260 289/3/261 290/3/262
f 287/3/265 288/3/264 289/3/263
f 290/3/266 289/3/263 288/3/264
f 286/3/107 266/3/93 268/3/108
f 266/3/93 286/3/107 264/3/94
f 268/3/110 266/3/95 286/3/109
f 264/3/98 286/3/109 266/3/95
f 291/1/267 290/3/262 289/3/261
f 290/3/262 291/1/267 292/1/268
f 289/3/263 290/3/266 291/1/269
f 292/1/270 291/1/269 290/3/266
f 295/1/131 294/3/155 293/1/156
f 294/3/155 295/1/131 296/3/132
f 293/1/157 294/3/158 295/1/137
f 296/3/136 295/1/137 294/3/158
f 291/1/267 287/3/259 297/1/271
f 287/3/259 291/1/267 289/3/261
f 297/1/272 287/3/265 291/1/269
f 289/3/263 291/1/269 287/3/265
f 290/3/262 298/1/273 288/3/260
f 298/1/273 290/3/262 292/1/268
f 288/3/264 298/1/274 290/3/266
f 292/1/270 290/3/266 298/1/274
f 301/3/140 300/1/133 299/1/139
f 300/1/133 301/3/140 302/3/134
f 299/1/141 300/1/135 301/3/142
f 302/3/138 301/3/142 300/1/135
f 287/3/259 298/1/273 297/1/271
f 298/1/273 287/3/259 288/3/260
f 297/1/272 298/1/274 287/3/265
f 288/3/264 287/3/265 298/1/274
f 293/1/156 301/3/140 299/1/139
f 301/3/140 293/1/156 294/3/155
f 299/1/141 301/3/142 293/1/157
f 294/3/158 293/1/157 301/3/142
f 296/3/132 300/1/133 302/3/134
f 300/1/133 296/3/132 295/1/131
f 302/3/138 300/1/135 296/3/136
f 295/1/137 296/3/136 300/1/135
f 294/3/155 302/3/134 301/3/140
f 302/3/134 294/3/155 296/3/132
f 301/3/142 302/3/138 294/3/158
f 296/3/136 294/3/158 302/3/138
f 286/3/107 267/1/113 285/1/111
f 267/1/113 286/3/107 268/3/108
f 285/1/112 267/1/114 286/3/109
f 268/3/110 286/3/109 267/1/114
f 305/3/173 304/3/187 303/3/174
f 304/3/187 305/3/173 306/3/188
f 303/3/178 304/3/189 305/3/175
f 306/3/190 305/3/175 304/3/189
f 309/2/181 308/1/180 307/1/179
f 308/1/180 309/2/181 310/2/182
f 307/1/185 308/1/184 309/2/183
f 310/2/186 309/2/183 308/1/184
f 306/3/188 312/1/276 311/1/275
f 312/1/276 306/3/188 305/3/173
f 311/1/278 312/1/277 306/3/190
f 305/3/175 306/3/190 312/1/277
f 305/3/173 313/1/279 312/1/276
f 313/1/279 305/3/173 303/3/174
f 312/1/277 313/1/280 305/3/175
f 303/3/178 305/3/175 313/1/280
f 310/2/182 314/1/163 308/1/180
f 314/1/163 310/2/182 315/2/165
f 308/1/184 314/1/169 310/2/186
f 315/2/167 310/2/186 314/1/169
f 316/1/164 309/2/181 307/1/179
f 309/2/181 316/1/164 317/2/166
f 307/1/185 309/2/183 316/1/168
f 317/2/170 316/1/168 309/2/183
f 318/1/281 306/3/188 311/1/275
f 306/3/188 318/1/281 304/3/187
f 311/1/278 306/3/190 318/1/282
f 304/3/189 318/1/282 306/3/190
f 303/3/174 318/1/281 313/1/279
f 318/1/281 303/3/174 304/3/187
f 313/1/280 318/1/282 303/3/178
f 304/3/189 303/3/178 318/1/282
f 309/2/181 315/2/165 310/2/182
f 315/2/165 309/2/181 317/2/166
f 310/2/186 315/2/167 309/2/183
f 317/2/170 309/2/183 315/2/167
f 315/2/165 316/1/164 314/1/163
f 316/1/164 315/2/165 317/2/166
f 314/1/169 316/1/168 315/2/167
f 317/2/170 315/2/167 316/1/168
f 321/3/173 320/3/187 319/3/174
f 320/3/187 321/3/173 322/3/188
f 319/3/178 320/3/189 321/3/175
f 322/3/190 321/3/175 320/3/189
f 325/2/181 324/1/180 323/1/179
f 324/1/180 325/2/181 326/2/182
f 323/1/185 324/1/184 325/2/183
f 326/2/186 325/2/183 324/1/184
f 322/3/188 328/1/276 327/1/275
f 328/1/276 322/3/188 321/3/173
f 327/1/278 328/1/277 322/3/190
f 321/3/175 322/3/190 328/1/277
f 321/3/173 329/1/279 328/1/276
f 329/1/279 321/3/173 319/3/174
f 328/1/277 329/1/280 321/3/175
f 319/3/178 321/3/175 329/1/280
f 326/2/182 330/1/163 324/1/180
f 330/1/163 326/2/182 331/2/165
f 324/1/184 330/1/169 326/2/186
f 331/2/167 326/2/186 330/1/169
f 332/1/164 325/2/181 323/1/179
f 325/2/181 332/1/164 333/2/166
f 323/1/185 325/2/183 332/1/168
f 333/2/170 332/1/168 325/2/183
f 334/1/281 322/3/188 327/1/275
f 322/3/188 334/1/281 320/3/187
f 327/1/278 322/3/190 334/1/282
f 320/3/189 334/1/282 322/3/190
f 319/3/174 334/1/281 329/1/279
f 334/1/281 319/3/174 320/3/187
f 329/1/280 334/1/282 319/3/178
f 320/3/189 319/3/178 334/1/282
f 325/2/181 331/2/165 326/2/182
f 331/2/165 325/2/181 333/2/166
f 326/2/186 331/2/167 325/2/183
f 333/2/170 325/2/183 331/2/167
f 331/2/165 332/1/164 330/1/163
f 332/1/164 331/2/165 333/2/166
f 330/1/169 332/1/168 331/2/167
f 333/2/170 331/2/167 332/1/168
f 337/3/11 336/3/25 335/3/12
f 336/3/25 337/3/11 338/3/26
f 335/3/16 336/3/27 337/3/13
f 338/3/28 337/3/13 336/3/27
f 341/2/19 340/1/18 339/1/17
f 340/1/18 341/2/19 342/2/20
f 339/1/23 340/1/22 341/2/21
f 342/2/24 341/2/21 340/1/22
f 338/3/26 344/1/284 343/1/283
f 344/1/284 338/3/26 337/3/11
f 343/1/286 344/1/285 338/3/28
f 337/3/13 338/3/28 344/1/285
f 337/3/11 345/1/287 344/1/284
f 345/1/287 337/3/11 335/3/12
f 344/1/285 345/1/288 337/3/13
f 335/3/16 337/3/13 345/1/288
f 342/2/20 346/1/1 340/1/18
f 346/1/1 342/2/20 347/2/3
f 340/1/22 346/1/7 342/2/24
f 347/2/5 342/2/24 346/1/7
f 348/1/2 341/2/19 339/1/17
f 341/2/19 348/1/2 349/2/4
f 339/1/23 341/2/21 348/1/6
f 349/2/8 348/1/6 341/2/21
f 350/1/289 338/3/26 343/1/283
f 338/3/26 350/1/289 336/3/25
f 343/1/286 338/3/28 350/1/290
f 336/3/27 350/1/290 338/3/28
f 335/3/12 350/1/289 345/1/287
f 350/1/289 335/3/12 336/3/25
f 345/1/288 350/1/290 335/3/16
f 336/3/27 335/3/16 350/1/290
f 341/2/19 347/2/3 342/2/20
f 347/2/3 341/2/19 349/2/4
f 342/2/24 347/2/5 341/2/21
f 349/2/8 341/2/21 347/2/5
f 347/2/3 348/1/2 346/1/1
f 348/1/2 347/2/3 349/2/4
f 346/1/7 348/1/6 347/2/5
f 349/2/8 347/2/5 348/1/6
f 353/3/11 352/3/25 351/3/12
f 352/3/25 353/3/11 354/3/26
f 351/3/16 352/3/27 353/3/13
f 354/3/28 353/3/13 352/3/27
f 357/2/19 356/1/18 355/1/17
f 356/1/18 357/2/19 358/2/20
f 355/1/23 356/1/22 357/2/21
f 358/2/24 357/2/21 356/1/22
f 354/3/26 360/1/284 359/1/283
f 360/1/284 354/3/26 353/3/11
f 359/1/286 360/1/285 354/3/28
f 353/3/13 354/3/28 360/1/285
f 353/3/11 361/1/287 360/1/284
f 361/1/287 353/3/11 351/3/12
f 360/1/285 361/1/288 353/3/13
f 351/3/16 353/3/13 361/1/288
f 358/2/20 362/1/1 356/1/18
f 362/1/1 358/2/20 363/2/3
f 356/1/22 362/1/7 358/2/24
f 363/2/5 358/2/24 362/1/7
f 364/1/2 357/2/19 355/1/17
f 357/2/19 364/1/2 365/2/4
f 355/1/23 357/2/21 364/1/6
f 365/2/8 364/1/6 357/2/21
f 366/1/289 354/3/26 359/1/283
f 354/3/26 366/1/289 352/3/25
f 359/1/286 354/3/28 366/1/290
f 352/3/27 366/1/290 354/3/28
f 351/3/12 366/1/289 361/1/287
f 366/1/289 351/3/12 352/3/25
f 361/1/288 366/1/290 351/3/16
f 352/3/27 351/3/16 366/1/290
f 357/2/19 363/2/3 358/2/20
f 363/2/3 357/2/19 365/2/4
f 358/2/24 363/2/5 357/2/21
f 365/2/8 357/2/21 363/2/5
f 363/2/3 364/1/2 362/1/1
f 364/1/2 363/2/3 365/2/4
f 362/1/7 364/1/6 363/2/5
f 365/2/8 363/2/5 364/1/6
f 369/1/111 368/3/108 367/1/113
f 368/3/108 369/1/111 370/3/107
f 367/1/114 368/3/110 369/1/112
f 370/3/109 369/1/112 368/3/110
f 372/3/94 369/1/111 371/1/92
f 369/1/111 372/3/94 370/3/107
f 371/1/96 369/1/112 372/3/98
f 370/3/109 372/3/98 369/1/112
f 375/2/85 374/1/84 373/1/83
f 374/1/84 375/2/85 376/2/86
f 373/1/89 374/1/88 375/2/87
f 376/2/90 375/2/87 374/1/88
f 374/1/84 378/2/101 377/1/99
f 378/2/101 374/1/84 376/2/86
f 377/1/105 378/2/103 374/1/88
f 376/2/90 374/1/88 378/2/103
f 381/1/161 380/2/145 379/1/143
f 380/2/145 381/1/161 382/2/152
f 379/1/149 380/2/147 381/1/162
f 382/2/154 381/1/162 380/2/147
f 380/2/145 384/2/151 383/2/146
f 384/2/151 380/2/145 382/2/152
f 383/2/150 384/2/153 380/2/147
f 382/2/154 380/2/147 384/2/153
f 384/2/151 381/1/161 385/1/159
f 381/1/161 384/2/151 382/2/152
f 385/1/160 381/1/162 384/2/153
f 382/2/154 384/2/153 381/1/162
f 380/2/145 386/1/144 379/1/143
f 386/1/144 380/2/145 383/2/146
f 379/1/149 386/1/148 380/2/147
f 383/2/150 380/2/147 386/1/148
f 383/2/146 385/1/159 386/1/144
f 385/1/159 383/2/146 384/2/151
f 386/1/148 385/1/160 383/2/150
f 384/2/153 383/2/150 385/1/160
f 388/2/102 373/1/83 387/1/100
f 373/1/83 388/2/102 375/2/85
f 387/1/104 373/1/89 388/2/106
f 375/2/87 388/2/106 373/1/89
f 368/3/108 389/1/91 367/1/113
f 389/1/91 368/3/108 390/3/93
f 367/1/114 389/1/97 368/3/110
f 390/3/95 368/3/110 389/1/97
f 378/2/101 387/1/100 377/1/99
f 387/1/100 378/2/101 388/2/102
f 377/1/105 387/1/104 378/2/103
f 388/2/106 378/2/103 387/1/104
f 378/2/101 375/2/85 388/2/102
f 375/2/85 378/2/101 376/2/86
f 388/2/106 375/2/87 378/2/103
f 376/2/90 378/2/103 375/2/87
f 393/3/117 392/3/116 391/3/115
f 392/3/116 393/3/117 394/3/118
f 391/3/121 392/3/120 393/3/119
f 394/3/122 393/3/119 392/3/120
f 390/3/93 370/3/107 372/3/94
f 370/3/107 390/3/93 368/3/108
f 372/3/98 370/3/109 390/3/95
f 368/3/110 390/3/95 370/3/109
f 395/1/129 394/3/118 393/3/117
f 394/3/118 395/1/129 396/1/124
f 393/3/119 394/3/122 395/1/130
f 396/1/126 395/1/130 394/3/122
f 399/1/139 398/3/134 397/1/133
f 398/3/134 399/1/139 400/3/140
f 397/1/135 398/3/138 399/1/141
f 400/3/142 399/1/141 398/3/138
f 395/1/129 391/3/115 401/1/127
f 391/3/115 395/1/129 393/3/117
f 401/1/128 391/3/121 395/1/130
f 393/3/119 395/1/130 391/3/121
f 394/3/118 402/1/123 392/3/116
f 402/1/123 394/3/118 396/1/124
f 392/3/120 402/1/125 394/3/122
f 396/1/126 394/3/122 402/1/125
f 405/3/132 404/1/156 403/1/131
f 404/1/156 405/3/132 406/3/155
f 403/1/137 404/1/157 405/3/136
f 406/3/158 405/3/136 404/1/157
f 391/3/115 402/1/123 401/1/127
f 402/1/123 391/3/115 392/3/116
f 401/1/128 402/1/125 391/3/121
f 392/3/120 391/3/121 402/1/125
f 397/1/133 405/3/132 403/1/131
f 405/3/132 397/1/133 398/3/134
f 403/1/137 405/3/136 397/1/135
f 398/3/138 397/1/135 405/3/136
f 400/3/140 404/1/156 406/3/155
f 404/1/156 400/3/140 399/1/139
f 406/3/158 404/1/157 400/3/142
f 399/1/141 400/3/142 404/1/157
f 398/3/134 406/3/155 405/3/132
f 406/3/155 398/3/134 400/3/140
f 405/3/136 406/3/158 398/3/138
f 400/3/142 398/3/138 406/3/158
f 390/3/93 371/1/92 389/1/91
f 371/1/92 390/3/93 372/3/94
f 389/1/97 371/1/96 390/3/95
f 372/3/98 390/3/95 371/1/96
f 176/1/81 408/1/81 407/1/81
f 408/1/81 176/1/81 175/1/81
f 407/1/82 408/1/82 176/1/82
f 175/1/82 176/1/82 408/1/82
f 411/1/81 410/1/81 409/1/81
f 410/1/81 411/1/81 412/1/81
f 409/1/82 410/1/82 411/1/82
f 412/1/82 411/1/82 410/1/82
f 415/1/81 414/1/81 413/1/81
f 414/1/81 415/1/81 416/1/81
f 413/1/82 414/1/82 415/1/82
f 416/1/82 415/1/82 414/1/82
f 419/1/81 418/1/81 417/1/81
f 418/1/81 419/1/81 420/1/81
f 417/1/82 418/1/82 419/1/82
f 420/1/82 419/1/82 418/1/82
f 423/3/293 422/1/292 421/1/291
f 422/1/292 423/3/293 424/3/294
f 421/1/297 422/1/296 423/3/295
f 424/3/298 423/3/295 422/1/296
f 427/3/301 426/3/300 425/3/299
f 426/3/300 427/3/301 428/3/302
f 425/3/305 426/3/304 427/3/303
f 428/3/306 427/3/303 426/3/304
f 430/3/308 423/3/293 429/3/307
f 423/3/293 430/3/308 424/3/294
f 429/3/310 423/3/295 430/3/309
f 424/3/298 430/3/309 423/3/295
f 433/1/111 432/2/108 431/1/113
f 432/2/108 433/1/111 434/2/107
f 431/1/114 432/2/110 433/1/112
f 434/2/109 433/1/112 432/2/110
f 436/2/93 434/2/107 435/2/94
f 434/2/107 436/2/93 432/2/108
f 435/2/98 434/2/109 436/2/95
f 432/2/110 436/2/95 434/2/109
f 435/2/94 433/1/111 437/1/92
f 433/1/111 435/2/94 434/2/107
f 437/1/96 433/1/112 435/2/98
f 434/2/109 435/2/98 433/1/112
f 429/3/307 421/1/291 438/1/311
f 421/1/291 429/3/307 423/3/293
f 438/1/312 421/1/297 429/3/310
f 423/3/295 429/3/310 421/1/297
f 439/1/313 424/3/294 430/3/308
f 424/3/294 439/1/313 422/1/292
f 430/3/309 424/3/298 439/1/314
f 422/1/296 439/1/314 424/3/298
f 442/4/134 441/4/155 440/4/132
f 441/4/155 442/4/134 443/4/140
f 440/4/136 441/4/158 442/4/138
f 443/4/142 442/4/138 441/4/158
f 443/4/140 444/1/156 441/4/155
f 444/1/156 443/4/140 445/1/139
f 441/4/158 444/1/157 443/4/142
f 445/1/141 443/4/142 444/1/157
f 447/1/133 440/4/132 446/1/131
f 440/4/132 447/1/133 442/4/134
f 446/1/137 440/4/136 447/1/135
f 442/4/138 447/1/135 440/4/136
f 445/1/139 442/4/134 447/1/133
f 442/4/134 445/1/139 443/4/140
f 447/1/135 442/4/138 445/1/141
f 443/4/142 445/1/141 442/4/138
f 449/1/316 428/3/302 448/1/315
f 428/3/302 449/1/316 426/3/300
f 448/1/318 428/3/306 449/1/317
f 426/3/304 449/1/317 428/3/306
f 428/3/302 450/1/319 448/1/315
f 450/1/319 428/3/302 427/3/301
f 448/1/318 450/1/320 428/3/306
f 427/3/303 428/3/306 450/1/320
f 425/3/299 449/1/316 451/1/321
f 449/1/316 425/3/299 426/3/300
f 451/1/322 449/1/317 425/3/305
f 426/3/304 425/3/305 449/1/317
f 454/4/108 453/1/91 452/1/113
f 453/1/91 454/4/108 455/4/93
f 452/1/114 453/1/97 454/4/110
f 455/4/95 454/4/110 453/1/97
f 427/3/301 451/1/321 450/1/319
f 451/1/321 427/3/301 425/3/299
f 450/1/320 451/1/322 427/3/303
f 425/3/305 427/3/303 451/1/322
f 455/4/93 457/4/107 456/4/94
f 457/4/107 455/4/93 454/4/108
f 456/4/98 457/4/109 455/4/95
f 454/4/110 455/4/95 457/4/109
f 436/2/93 437/1/92 458/1/91
f 437/1/92 436/2/93 435/2/94
f 458/1/97 437/1/96 436/2/95
f 435/2/98 436/2/95 437/1/96
f 456/4/94 460/1/111 459/1/92
f 460/1/111 456/4/94 457/4/107
f 459/1/96 460/1/112 456/4/98
f 457/4/109 456/4/98 460/1/112
f 440/4/132 444/1/156 446/1/131
f 444/1/156 440/4/132 441/4/155
f 446/1/137 444/1/157 440/4/136
f 441/4/158 440/4/136 444/1/157
f 432/2/108 458/1/91 431/1/113
f 458/1/91 432/2/108 436/2/93
f 431/1/114 458/1/97 432/2/110
f 436/2/95 432/2/110 458/1/97
f 455/4/93 459/1/92 453/1/91
f 459/1/92 455/4/93 456/4/94
f 453/1/97 459/1/96 455/4/95
f 456/4/98 455/4/95 459/1/96
f 439/1/313 429/3/307 438/1/311
f 429/3/307 439/1/313 430/3/308
f 438/1/312 429/3/310 439/1/314
f 430/3/309 439/1/314 429/3/310
f 463/4/108 462/1/91 461/1/113
f 462/1/91 463/4/108 464/4/93
f 461/1/114 462/1/97 463/4/110
f 464/4/95 463/4/110 462/1/97
f 460/1/111 454/4/108 452/1/113
f 454/4/108 460/1/111 457/4/107
f 452/1/114 454/4/110 460/1/112
f 457/4/109 460/1/112 454/4/110
f 464/4/93 466/4/107 465/4/94
f 466/4/107 464/4/93 463/4/108
f 465/4/98 466/4/109 464/4/95
f 463/4/110 464/4/95 466/4/109
f 467/1/111 463/4/108 461/1/113
f 463/4/108 467/1/111 466/4/107
f 461/1/114 463/4/110 467/1/112
f 466/4/109 467/1/112 463/4/110
f 464/4/93 468/1/92 462/1/91
f 468/1/92 464/4/93 465/4/94
f 462/1/97 468/1/96 464/4/95
f 465/4/98 464/4/95 468/1/96
f 465/4/94 467/1/111 468/1/92
f 467/1/111 465/4/94 466/4/107
f 468/1/96 467/1/112 465/4/98
f 466/4/109 465/4/98 467/1/112
f 471/3/325 470/3/324 469/3/323
f 470/3/324 471/3/325 472/3/326
f 469/3/329 470/3/328 471/3/327
f 472/3/330 471/3/327 470/3/328
f 469/3/323 474/1/332 473/1/331
f 474/1/332 469/3/323 470/3/324
f 473/1/334 474/1/333 469/3/329
f 470/3/328 469/3/329 474/1/333
f 471/3/325 473/1/331 475/1/335
f 473/1/331 471/3/325 469/3/323
f 475/1/336 473/1/334 471/3/327
f 469/3/329 471/3/327 473/1/334
f 470/3/324 476/1/337 474/1/332
f 476/1/337 470/3/324 472/3/326
f 474/1/333 476/1/338 470/3/328
f 472/3/330 470/3/328 476/1/338
f 476/1/337 471/3/325 475/1/335
f 471/3/325 476/1/337 472/3/326
f 475/1/336 471/3/327 476/1/338
f 472/3/330 476/1/338 471/3/327
f 479/1/161 478/3/145 477/1/143
f 478/3/145 479/1/161 480/3/152
f 477/1/149 478/3/147 479/1/162
f 480/3/154 479/1/162 478/3/147
f 478/3/145 482/3/151 481/3/146
f 482/3/151 478/3/145 480/3/152
f 481/3/150 482/3/153 478/3/147
f 480/3/154 478/3/147 482/3/153
f 478/3/145 483/1/144 477/1/143
f 483/1/144 478/3/145 481/3/146
f 477/1/149 483/1/148 478/3/147
f 481/3/150 478/3/147 483/1/148
f 482/3/151 479/1/161 484/1/159
f 479/1/161 482/3/151 480/3/152
f 484/1/160 479/1/162 482/3/153
f 480/3/154 482/3/153 479/1/162
f 481/3/146 484/1/159 483/1/144
f 484/1/159 481/3/146 482/3/151
f 483/1/148 484/1/160 481/3/150
f 482/3/153 481/3/150 484/1/160
f 487/4/134 486/4/155 485/4/132
f 486/4/155 487/4/134 488/4/140
f 485/4/136 486/4/158 487/4/138
f 488/4/142 487/4/138 486/4/158
f 488/4/140 489/1/156 486/4/155
f 489/1/156 488/4/140 490/1/139
f 486/4/158 489/1/157 488/4/142
f 490/1/141 488/4/142 489/1/157
f 493/3/101 492/3/85 491/3/102
f 492/3/85 493/3/101 494/3/86
f 491/3/106 492/3/87 493/3/103
f 494/3/90 493/3/103 492/3/87
f 491/3/102 496/1/83 495/1/100
f 496/1/83 491/3/102 492/3/85
f 495/1/104 496/1/89 491/3/106
f 492/3/87 491/3/106 496/1/89
f 485/4/132 489/1/156 497/1/131
f 489/1/156 485/4/132 486/4/155
f 497/1/137 489/1/157 485/4/136
f 486/4/158 485/4/136 489/1/157
f 490/1/139 487/4/134 498/1/133
f 487/4/134 490/1/139 488/4/140
f 498/1/135 487/4/138 490/1/141
f 488/4/142 490/1/141 487/4/138
f 492/3/85 499/1/84 496/1/83
f 499/1/84 492/3/85 494/3/86
f 496/1/89 499/1/88 492/3/87
f 494/3/90 492/3/87 499/1/88
f 493/3/101 495/1/100 500/1/99
f 495/1/100 493/3/101 491/3/102
f 500/1/105 495/1/104 493/3/103
f 491/3/106 493/3/103 495/1/104
f 499/1/84 493/3/101 500/1/99
f 493/3/101 499/1/84 494/3/86
f 500/1/105 493/3/103 499/1/88
f 494/3/90 499/1/88 493/3/103
f 498/1/133 485/4/132 497/1/131
f 485/4/132 498/1/133 487/4/134
f 497/1/137 485/4/136 498/1/135
f 487/4/138 498/1/135 485/4/136
f 175/1/81 409/1/81 408/1/81
f 409/1/81 175/1/81 411/1/81
f 408/1/82 409/1/82 175/1/82
f 411/1/82 175/1/82 409/1/82
f 173/1/81 411/1/81 175/1/81
f 411/1/81 173/1/81 501/1/81
f 175/1/82 411/1/82 173/1/82
f 501/1/82 173/1/82 411/1/82
f 504/6/293 503/5/292 502/5/291
f 503/5/292 504/6/293 505/6/294
f 502/5/297 503/5/296 504/6/295
f 505/6/298 504/6/295 503/5/296
f 508/6/301 507/6/300 506/6/299
f 507/6/300 508/6/301 509/6/302
f 506/6/305 507/6/304 508/6/303
f 509/6/306 508/6/303 507/6/304
f 511/6/308 504/6/293 510/6/307
f 504/6/293 511/6/308 505/6/294
f 510/6/310 504/6/295 511/6/309
f 505/6/298 511/6/309 504/6/295
f 514/5/111 513/7/108 512/5/113
f 513/7/108 514/5/111 515/7/107
f 512/5/114 513/7/110 514/5/112
f 515/7/109 514/5/112 513/7/110
f 517/7/93 515/7/107 516/7/94
f 515/7/107 517/7/93 513/7/108
f 516/7/98 515/7/109 517/7/95
f 513/7/110 517/7/95 515/7/109
f 516/7/94 514/5/111 518/5/92
f 514/5/111 516/7/94 515/7/107
f 518/5/96 514/5/112 516/7/98
f 515/7/109 516/7/98 514/5/112
f 510/6/307 502/5/291 519/5/311
f 502/5/291 510/6/307 504/6/293
f 519/5/312 502/5/297 510/6/310
f 504/6/295 510/6/310 502/5/297
f 520/5/313 505/6/294 511/6/308
f 505/6/294 520/5/313 503/5/292
f 511/6/309 505/6/298 520/5/314
f 503/5/296 520/5/314 505/6/298
f 523/8/134 522/8/155 521/8/132
f 522/8/155 523/8/134 524/8/140
f 521/8/136 522/8/158 523/8/138
f 524/8/142 523/8/138 522/8/158
f 524/8/140 525/5/156 522/8/155
f 525/5/156 524/8/140 526/5/139
f 522/8/158 525/5/157 524/8/142
f 526/5/141 524/8/142 525/5/157
f 528/5/133 521/8/132 527/5/131
f 521/8/132 528/5/133 523/8/134
f 527/5/137 521/8/136 528/5/135
f 523/8/138 528/5/135 521/8/136
f 526/5/139 523/8/134 528/5/133
f 523/8/134 526/5/139 524/8/140
f 528/5/135 523/8/138 526/5/141
f 524/8/142 526/5/141 523/8/138
f 530/5/316 509/6/302 529/5/315
f 509/6/302 530/5/316 507/6/300
f 529/5/318 509/6/306 530/5/317
f 507/6/304 530/5/317 509/6/306
f 509/6/302 531/5/319 529/5/315
f 531/5/319 509/6/302 508/6/301
f 529/5/318 531/5/320 509/6/306
f 508/6/303 509/6/306 531/5/320
f 506/6/299 530/5/316 532/5/321
f 530/5/316 506/6/299 507/6/300
f 532/5/322 530/5/317 506/6/305
f 507/6/304 506/6/305 530/5/317
f 535/8/108 534/5/91 533/5/113
f 534/5/91 535/8/108 536/8/93
f 533/5/114 534/5/97 535/8/110
f 536/8/95 535/8/110 534/5/97
f 508/6/301 532/5/321 531/5/319
f 532/5/321 508/6/301 506/6/299
f 531/5/320 532/5/322 508/6/303
f 506/6/305 508/6/303 532/5/322
f 536/8/93 538/8/107 537/8/94
f 538/8/107 536/8/93 535/8/108
f 537/8/98 538/8/109 536/8/95
f 535/8/110 536/8/95 538/8/109
f 517/7/93 518/5/92 539/5/91
f 518/5/92 517/7/93 516/7/94
f 539/5/97 518/5/96 517/7/95
f 516/7/98 517/7/95 518/5/96
f 537/8/94 541/5/111 540/5/92
f 541/5/111 537/8/94 538/8/107
f 540/5/96 541/5/112 537/8/98
f 538/8/109 537/8/98 541/5/112
f 521/8/132 525/5/156 527/5/131
f 525/5/156 521/8/132 522/8/155
f 527/5/137 525/5/157 521/8/136
f 522/8/158 521/8/136 525/5/157
f 513/7/108 539/5/91 512/5/113
f 539/5/91 513/7/108 517/7/93
f 512/5/114 539/5/97 513/7/110
f 517/7/95 513/7/110 539/5/97
f 536/8/93 540/5/92 534/5/91
f 540/5/92 536/8/93 537/8/94
f 534/5/97 540/5/96 536/8/95
f 537/8/98 536/8/95 540/5/96
f 520/5/313 510/6/307 519/5/311
f 510/6/307 520/5/313 511/6/308
f 519/5/312 510/6/310 520/5/314
f 511/6/309 520/5/314 510/6/310
f 544/8/108 543/5/91 542/5/113
f 543/5/91 544/8/108 545/8/93
f 542/5/114 543/5/97 544/8/110
f 545/8/95 544/8/110 543/5/97
f 541/5/111 535/8/108 533/5/113
f 535/8/108 541/5/111 538/8/107
f 533/5/114 535/8/110 541/5/112
f 538/8/109 541/5/112 535/8/110
f 545/8/93 547/8/107 546/8/94
f 547/8/107 545/8/93 544/8/108
f 546/8/98 547/8/109 545/8/95
f 544/8/110 545/8/95 547/8/109
f 548/5/111 544/8/108 542/5/113
f 544/8/108 548/5/111 547/8/107
f 542/5/114 544/8/110 548/5/112
f 547/8/109 548/5/112 544/8/110
f 545/8/93 549/5/92 543/5/91
f 549/5/92 545/8/93 546/8/94
f 543/5/97 549/5/96 545/8/95
f 546/8/98 545/8/95 549/5/96
f 546/8/94 548/5/111 549/5/92
f 548/5/111 546/8/94 547/8/107
f 549/5/96 548/5/112 546/8/98
f 547/8/109 546/8/98 548/5/112
f 552/6/325 551/6/324 550/6/323
f 551/6/324 552/6/325 553/6/326
f 550/6/329 551/6/328 552/6/327
f 553/6/330 552/6/327 551/6/328
f 550/6/323 555/5/332 554/5/331
f 555/5/332 550/6/323 551/6/324
f 554/5/334 555/5/333 550/6/329
f 551/6/328 550/6/329 555/5/333
f 552/6/325 554/5/331 556/5/335
f 554/5/331 552/6/325 550/6/323
f 556/5/336 554/5/334 552/6/327
f 550/6/329 552/6/327 554/5/334
f 551/6/324 557/5/337 555/5/332
f 557/5/337 551/6/324 553/6/326
f 555/5/333 557/5/338 551/6/328
f 553/6/330 551/6/328 557/5/338
f 557/5/337 552/6/325 556/5/335
f 552/6/325 557/5/337 553/6/326
f 556/5/336 552/6/327 557/5/338
f 553/6/330 557/5/338 552/6/327
f 560/5/161 559/6/145 558/5/143
f 559/6/145 560/5/161 561/6/152
f 558/5/149 559/6/147 560/5/162
f 561/6/154 560/5/162 559/6/147
f 559/6/145 563/6/151 562/6/146
f 563/6/151 559/6/145 561/6/152
f 562/6/150 563/6/153 559/6/147
f 561/6/154 559/6/147 563/6/153
f 559/6/145 564/5/144 558/5/143
f 564/5/144 559/6/145 562/6/146
f 558/5/149 564/5/148 559/6/147
f 562/6/150 559/6/147 564/5/148
f 563/6/151 560/5/161 565/5/159
f 560/5/161 563/6/151 561/6/152
f 565/5/160 560/5/162 563/6/153
f 561/6/154 563/6/153 560/5/162
f 562/6/146 565/5/159 564/5/144
f 565/5/159 562/6/146 563/6/151
f 564/5/148 565/5/160 562/6/150
f 563/6/153 562/6/150 565/5/160
f 568/8/134 567/8/155 566/8/132
f 567/8/155 568/8/134 569/8/140
f 566/8/136 567/8/158 568/8/138
f 569/8/142 568/8/138 567/8/158
f 569/8/140 570/5/156 567/8/155
f 570/5/156 569/8/140 571/5/139
f 567/8/158 570/5/157 569/8/142
f 571/5/141 569/8/142 570/5/157
f 574/6/101 573/6/85 572/6/102
f 573/6/85 574/6/101 575/6/86
f 572/6/106 573/6/87 574/6/103
f 575/6/90 574/6/103 573/6/87
f 572/6/102 577/5/83 576/5/100
f 577/5/83 572/6/102 573/6/85
f 576/5/104 577/5/89 572/6/106
f 573/6/87 572/6/106 577/5/89
f 566/8/132 570/5/156 578/5/131
f 570/5/156 566/8/132 567/8/155
f 578/5/137 570/5/157 566/8/136
f 567/8/158 566/8/136 570/5/157
f 571/5/139 568/8/134 579/5/133
f 568/8/134 571/5/139 569/8/140
f 579/5/135 568/8/138 571/5/141
f 569/8/142 571/5/141 568/8/138
f 573/6/85 580/5/84 577/5/83
f 580/5/84 573/6/85 575/6/86
f 577/5/89 580/5/88 573/6/87
f 575/6/90 573/6/87 580/5/88
f 574/6/101 576/5/100 581/5/99
f 576/5/100 574/6/101 572/6/102
f 581/5/105 576/5/104 574/6/103
f 572/6/106 574/6/103 576/5/104
f 580/5/84 574/6/101 581/5/99
f 574/6/101 580/5/84 575/6/86
f 581/5/105 574/6/103 580/5/88
f 575/6/90 580/5/88 574/6/103
f 579/5/133 566/8/132 578/5/131
f 566/8/132 579/5/133 568/8/134
f 578/5/137 566/8/136 579/5/135
f 568/8/138 579/5/135 566/8/136
f 178/1/81 85/1/81 132/1/81
f 85/1/81 178/1/81 87/1/81
f 132/1/82 85/1/82 178/1/82
f 87/1/82 178/1/82 85/1/82
f 584/6/293 583/5/292 582/5/291
f 583/5/292 584/6/293 585/6/294
f 582/5/297 583/5/296 584/6/295
f 585/6/298 584/6/295 583/5/296
f 588/6/301 587/6/300 586/6/299
f 587/6/300 588/6/301 589/6/302
f 586/6/305 587/6/304 588/6/303
f 589/6/306 588/6/303 587/6/304
f 591/6/308 584/6/293 590/6/307
f 584/6/293 591/6/308 585/6/294
f 590/6/310 584/6/295 591/6/309
f 585/6/298 591/6/309 584/6/295
f 594/5/111 593/7/108 592/5/113
f 593/7/108 594/5/111 595/7/107
f 592/5/114 593/7/110 594/5/112
f 595/7/109 594/5/112 593/7/110
f 597/7/93 595/7/107 596/7/94
f 595/7/107 597/7/93 593/7/108
f 596/7/98 595/7/109 597/7/95
f 593/7/110 597/7/95 595/7/109
f 596/7/94 594/5/111 598/5/92
f 594/5/111 596/7/94 595/7/107
f 598/5/96 594/5/112 596/7/98
f 595/7/109 596/7/98 594/5/112
f 590/6/307 582/5/291 599/5/311
f 582/5/291 590/6/307 584/6/293
f 599/5/312 582/5/297 590/6/310
f 584/6/295 590/6/310 582/5/297
f 600/5/313 585/6/294 591/6/308
f 585/6/294 600/5/313 583/5/292
f 591/6/309 585/6/298 600/5/314
f 583/5/296 600/5/314 585/6/298
f 603/8/134 602/8/155 601/8/132
f 602/8/155 603/8/134 604/8/140
f 601/8/136 602/8/158 603/8/138
f 604/8/142 603/8/138 602/8/158
f 604/8/140 605/5/156 602/8/155
f 605/5/156 604/8/140 606/5/139
f 602/8/158 605/5/157 604/8/142
f 606/5/141 604/8/142 605/5/157
f 608/5/133 601/8/132 607/5/131
f 601/8/132 608/5/133 603/8/134
f 607/5/137 601/8/136 608/5/135
f 603/8/138 608/5/135 601/8/136
f 606/5/139 603/8/134 608/5/133
f 603/8/134 606/5/139 604/8/140
f 608/5/135 603/8/138 606/5/141
f 604/8/142 606/5/141 603/8/138
f 610/5/316 589/6/302 609/5/315
f 589/6/302 610/5/316 587/6/300
f 609/5/318 589/6/306 610/5/317
f 587/6/304 610/5/317 589/6/306
f 589/6/302 611/5/319 609/5/315
f 611/5/319 589/6/302 588/6/301
f 609/5/318 611/5/320 589/6/306
f 588/6/303 589/6/306 611/5/320
f 586/6/299 610/5/316 612/5/321
f 610/5/316 586/6/299 587/6/300
f 612/5/322 610/5/317 586/6/305
f 587/6/304 586/6/305 610/5/317
f 615/8/108 614/5/91 613/5/113
f 614/5/91 615/8/108 616/8/93
f 613/5/114 614/5/97 615/8/110
f 616/8/95 615/8/110 614/5/97
f 588/6/301 612/5/321 611/5/319
f 612/5/321 588/6/301 586/6/299
f 611/5/320 612/5/322 588/6/303
f 586/6/305 588/6/303 612/5/322
f 616/8/93 618/8/107 617/8/94
f 618/8/107 616/8/93 615/8/108
f 617/8/98 618/8/109 616/8/95
f 615/8/110 616/8/95 618/8/109
f 597/7/93 598/5/92 619/5/91
f 598/5/92 597/7/93 596/7/94
f 619/5/97 598/5/96 597/7/95
f 596/7/98 597/7/95 598/5/96
f 617/8/94 621/5/111 620/5/92
f 621/5/111 617/8/94 618/8/107
f 620/5/96 621/5/112 617/8/98
f 618/8/109 617/8/98 621/5/112
f 601/8/132 605/5/156 607/5/131
f 605/5/156 601/8/132 602/8/155
f 607/5/137 605/5/157 601/8/136
f 602/8/158 601/8/136 605/5/157
f 593/7/108 619/5/91 592/5/113
f 619/5/91 593/7/108 597/7/93
f 592/5/114 619/5/97 593/7/110
f 597/7/95 593/7/110 619/5/97
f 616/8/93 620/5/92 614/5/91
f 620/5/92 616/8/93 617/8/94
f 614/5/97 620/5/96 616/8/95
f 617/8/98 616/8/95 620/5/96
f 600/5/313 590/6/307 599/5/311
f 590/6/307 600/5/313 591/6/308
f 599/5/312 590/6/310 600/5/314
f 591/6/309 600/5/314 590/6/310
f 624/8/108 623/5/91 622/5/113
f 623/5/91 624/8/108 625/8/93
f 622/5/114 623/5/97 624/8/110
f 625/8/95 624/8/110 623/5/97
f 621/5/111 615/8/108 613/5/113
f 615/8/108 621/5/111 618/8/107
f 613/5/114 615/8/110 621/5/112
f 618/8/109 621/5/112 615/8/110
f 625/8/93 627/8/107 626/8/94
f 627/8/107 625/8/93 624/8/108
f 626/8/98 627/8/109 625/8/95
f 624/8/110 625/8/95 627/8/109
f 628/5/111 624/8/108 622/5/113
f 624/8/108 628/5/111 627/8/107
f 622/5/114 624/8/110 628/5/112
f 627/8/109 628/5/112 624/8/110
f 625/8/93 629/5/92 623/5/91
f 629/5/92 625/8/93 626/8/94
f 623/5/97 629/5/96 625/8/95
f 626/8/98 625/8/95 629/5/96
f 626/8/94 628/5/111 629/5/92
f 628/5/111 626/8/94 627/8/107
f 629/5/96 628/5/112 626/8/98
f 627/8/109 626/8/98 628/5/112
f 632/6/325 631/6/324 630/6/323
f 631/6/324 632/6/325 633/6/326
f 630/6/329 631/6/328 632/6/327
f 633/6/330 632/6/327 631/6/328
f 630/6/323 635/5/332 634/5/331
f 635/5/332 630/6/323 631/6/324
f 634/5/334 635/5/333 630/6/329
f 631/6/328 630/6/329 635/5/333
f 632/6/325 634/5/331 636/5/335
f 634/5/331 632/6/325 630/6/323
f 636/5/336 634/5/334 632/6/327
f 630/6/329 632/6/327 634/5/334
f 631/6/324 637/5/337 635/5/332
f 637/5/337 631/6/324 633/6/326
f 635/5/333 637/5/338 631/6/328
f 633/6/330 631/6/328 637/5/338
f 637/5/337 632/6/325 636/5/335
f 632/6/325 637/5/337 633/6/326
f 636/5/336 632/6/327 637/5/338
f 633/6/330 637/5/338 632/6/327
f 640/5/161 639/6/145 638/5/143
f 639/6/145 640/5/161 641/6/152
f 638/5/149 639/6/147 640/5/162
f 641/6/154 640/5/162 639/6/147
f 639/6/145 643/6/151 642/6/146
f 643/6/151 639/6/145 641/6/152
f 642/6/150 643/6/153 639/6/147
f 641/6/154 639/6/147 643/6/153
f 639/6/145 644/5/144 638/5/143
f 644/5/144 639/6/145 642/6/146
f 638/5/149 644/5/148 639/6/147
f 642/6/150 639/6/147 644/5/148
f 643/6/151 640/5/161 645/5/159
f 640/5/161 643/6/151 641/6/152
f 645/5/160 640/5/162 643/6/153
f 641/6/154 643/6/153 640/5/162
f 642/6/146 645/5/159 644/5/144
f 645/5/159 642/6/146 643/6/151
f 644/5/148 645/5/160 642/6/150
f 643/6/153 642/6/150 645/5/160
f 648/8/134 647/8/155 646/8/132
f 647/8/155 648/8/134 649/8/140
f 646/8/136 647/8/158 648/8/138
f 649/8/142 648/8/138 647/8/158
f 649/8/140 650/5/156 647/8/155
f 650/5/156 649/8/140 651/5/139
f 647/8/158 650/5/157 649/8/142
f 651/5/141 649/8/142 650/5/157
f 654/6/101 653/6/85 652/6/102
f 653/6/85 654/6/101 655/6/86
f 652/6/106 653/6/87 654/6/103
f 655/6/90 654/6/103 653/6/87
f 652/6/102 657/5/83 656/5/100
f 657/5/83 652/6/102 653/6/85
f 656/5/104 657/5/89 652/6/106
f 653/6/87 652/6/106 657/5/89
f 646/8/132 650/5/156 658/5/131
f 650/5/156 646/8/132 647/8/155
f 658/5/137 650/5/157 646/8/136
f 647/8/158 646/8/136 650/5/157
f 651/5/139 648/8/134 659/5/133
f 648/8/134 651/5/139 649/8/140
f 659/5/135 648/8/138 651/5/141
f 649/8/142 651/5/141 648/8/138
f 653/6/85 660/5/84 657/5/83
f 660/5/84 653/6/85 655/6/86
f 657/5/89 660/5/88 653/6/87
f 655/6/90 653/6/87 660/5/88
f 654/6/101 656/5/100 661/5/99
f 656/5/100 654/6/101 652/6/102
f 661/5/105 656/5/104 654/6/103
f 652/6/106 654/6/103 656/5/104
f 660/5/84 654/6/101 661/5/99
f 654/6/101 660/5/84 655/6/86
f 661/5/105 654/6/103 660/5/88
f 655/6/90 660/5/88 654/6/103
f 659/5/133 646/8/132 658/5/131
f 646/8/132 659/5/133 648/8/134
f 658/5/137 646/8/136 659/5/135
f 648/8/138 659/5/135 646/8/136
f 664/1/91 663/3/94 662/1/92
f 663/3/94 664/1/91 665/3/93
f 662/1/96 663/3/98 664/1/97
f 665/3/95 664/1/97 663/3/98
f 667/3/108 664/1/91 666/1/113
f 664/1/91 667/3/108 665/3/93
f 666/1/114 664/1/97 667/3/110
f 665/3/95 667/3/110 664/1/97
f 670/2/101 669/1/100 668/1/99
f 669/1/100 670/2/101 671/2/102
f 668/1/105 669/1/104 670/2/103
f 671/2/106 670/2/103 669/1/104
f 669/1/100 673/2/85 672/1/83
f 673/2/85 669/1/100 671/2/102
f 672/1/89 673/2/87 669/1/104
f 671/2/106 669/1/104 673/2/87
f 676/1/144 675/2/151 674/1/159
f 675/2/151 676/1/144 677/2/146
f 674/1/160 675/2/153 676/1/148
f 677/2/150 676/1/148 675/2/153
f 675/2/151 679/2/145 678/2/152
f 679/2/145 675/2/151 677/2/146
f 678/2/154 679/2/147 675/2/153
f 677/2/150 675/2/153 679/2/147
f 679/2/145 676/1/144 680/1/143
f 676/1/144 679/2/145 677/2/146
f 680/1/149 676/1/148 679/2/147
f 677/2/150 679/2/147 676/1/148
f 675/2/151 681/1/161 674/1/159
f 681/1/161 675/2/151 678/2/152
f 674/1/160 681/1/162 675/2/153
f 678/2/154 675/2/153 681/1/162
f 678/2/152 680/1/143 681/1/161
f 680/1/143 678/2/152 679/2/145
f 681/1/162 680/1/149 678/2/154
f 679/2/147 678/2/154 680/1/149
f 683/2/86 668/1/99 682/1/84
f 668/1/99 683/2/86 670/2/101
f 682/1/88 668/1/105 683/2/90
f 670/2/103 683/2/90 668/1/105
f 663/3/94 684/1/111 662/1/92
f 684/1/111 663/3/94 685/3/107
f 662/1/96 684/1/112 663/3/98
f 685/3/109 663/3/98 684/1/112
f 673/2/85 682/1/84 672/1/83
f 682/1/84 673/2/85 683/2/86
f 672/1/89 682/1/88 673/2/87
f 683/2/90 673/2/87 682/1/88
f 673/2/85 670/2/101 683/2/86
f 670/2/101 673/2/85 671/2/102
f 683/2/90 670/2/103 673/2/87
f 671/2/106 673/2/87 670/2/103
f 688/3/341 687/3/340 686/3/339
f 687/3/340 688/3/341 689/3/342
f 686/3/345 687/3/344 688/3/343
f 689/3/346 688/3/343 687/3/344
f 685/3/107 665/3/93 667/3/108
f 665/3/93 685/3/107 663/3/94
f 667/3/110 665/3/95 685/3/109
f 663/3/98 685/3/109 665/3/95
f 690/1/347 689/3/342 688/3/341
f 689/3/342 690/1/347 691/1/348
f 688/3/343 689/3/346 690/1/349
f 691/1/350 690/1/349 689/3/346
f 694/1/131 693/3/155 692/1/156
f 693/3/155 694/1/131 695/3/132
f 692/1/157 693/3/158 694/1/137
f 695/3/136 694/1/137 693/3/158
f 690/1/347 686/3/339 696/1/351
f 686/3/339 690/1/347 688/3/341
f 696/1/352 686/3/345 690/1/349
f 688/3/343 690/1/349 686/3/345
f 689/3/342 697/1/353 687/3/340
f 697/1/353 689/3/342 691/1/348
f 687/3/344 697/1/354 689/3/346
f 691/1/350 689/3/346 697/1/354
f 700/3/140 699/1/133 698/1/139
f 699/1/133 700/3/140 701/3/134
f 698/1/141 699/1/135 700/3/142
f 701/3/138 700/3/142 699/1/135
f 686/3/339 697/1/353 696/1/351
f 697/1/353 686/3/339 687/3/340
f 696/1/352 697/1/354 686/3/345
f 687/3/344 686/3/345 697/1/354
f 692/1/156 700/3/140 698/1/139
f 700/3/140 692/1/156 693/3/155
f 698/1/141 700/3/142 692/1/157
f 693/3/158 692/1/157 700/3/142
f 695/3/132 699/1/133 701/3/134
f 699/1/133 695/3/132 694/1/131
f 701/3/138 699/1/135 695/3/136
f 694/1/137 695/3/136 699/1/135
f 693/3/155 701/3/134 700/3/140
f 701/3/134 693/3/155 695/3/132
f 700/3/142 701/3/138 693/3/158
f 695/3/136 693/3/158 701/3/138
f 685/3/107 666/1/113 684/1/111
f 666/1/113 685/3/107 667/3/108
f 684/1/112 666/1/114 685/3/109
f 667/3/110 685/3/109 666/1/114
f 704/1/111 703/3/108 702/1/113
f 703/3/108 704/1/111 705/3/107
f 702/1/114 703/3/110 704/1/112
f 705/3/109 704/1/112 703/3/110
f 707/3/94 704/1/111 706/1/92
f 704/1/111 707/3/94 705/3/107
f 706/1/96 704/1/112 707/3/98
f 705/3/109 707/3/98 704/1/112
f 710/2/85 709/1/84 708/1/83
f 709/1/84 710/2/85 711/2/86
f 708/1/89 709/1/88 710/2/87
f 711/2/90 710/2/87 709/1/88
f 709/1/84 713/2/101 712/1/99
f 713/2/101 709/1/84 711/2/86
f 712/1/105 713/2/103 709/1/88
f 711/2/90 709/1/88 713/2/103
f 716/1/161 715/2/145 714/1/143
f 715/2/145 716/1/161 717/2/152
f 714/1/149 715/2/147 716/1/162
f 717/2/154 716/1/162 715/2/147
f 715/2/145 719/2/151 718/2/146
f 719/2/151 715/2/145 717/2/152
f 718/2/150 719/2/153 715/2/147
f 717/2/154 715/2/147 719/2/153
f 719/2/151 716/1/161 720/1/159
f 716/1/161 719/2/151 717/2/152
f 720/1/160 716/1/162 719/2/153
f 717/2/154 719/2/153 716/1/162
f 715/2/145 721/1/144 714/1/143
f 721/1/144 715/2/145 718/2/146
f 714/1/149 721/1/148 715/2/147
f 718/2/150 715/2/147 721/1/148
f 718/2/146 720/1/159 721/1/144
f 720/1/159 718/2/146 719/2/151
f 721/1/148 720/1/160 718/2/150
f 719/2/153 718/2/150 720/1/160
f 723/2/102 708/1/83 722/1/100
f 708/1/83 723/2/102 710/2/85
f 722/1/104 708/1/89 723/2/106
f 710/2/87 723/2/106 708/1/89
f 703/3/108 724/1/91 702/1/113
f 724/1/91 703/3/108 725/3/93
f 702/1/114 724/1/97 703/3/110
f 725/3/95 703/3/110 724/1/97
f 713/2/101 722/1/100 712/1/99
f 722/1/100 713/2/101 723/2/102
f 712/1/105 722/1/104 713/2/103
f 723/2/106 713/2/103 722/1/104
f 713/2/101 710/2/85 723/2/102
f 710/2/85 713/2/101 711/2/86
f 723/2/106 710/2/87 713/2/103
f 711/2/90 713/2/103 710/2/87
f 728/3/117 727/3/116 726/3/115
f 727/3/116 728/3/117 729/3/118
f 726/3/121 727/3/120 728/3/119
f 729/3/122 728/3/119 727/3/120
f 725/3/93 705/3/107 707/3/94
f 705/3/107 725/3/93 703/3/108
f 707/3/98 705/3/109 725/3/95
f 703/3/110 725/3/95 705/3/109
f 730/1/129 729/3/118 728/3/117
f 729/3/118 730/1/129 731/1/124
f 728/3/119 729/3/122 730/1/130
f 731/1/126 730/1/130 729/3/122
f 734/1/139 733/3/134 732/1/133
f 733/3/134 734/1/139 735/3/140
f 732/1/135 733/3/138 734/1/141
f 735/3/142 734/1/141 733/3/138
f 730/1/129 726/3/115 736/1/127
f 726/3/115 730/1/129 728/3/117
f 736/1/128 726/3/121 730/1/130
f 728/3/119 730/1/130 726/3/121
f 729/3/118 737/1/123 727/3/116
f 737/1/123 729/3/118 731/1/124
f 727/3/120 737/1/125 729/3/122
f 731/1/126 729/3/122 737/1/125
f 740/3/132 739/1/156 738/1/131
f 739/1/156 740/3/132 741/3/155
f 738/1/137 739/1/157 740/3/136
f 741/3/158 740/3/136 739/1/157
f 726/3/115 737/1/123 736/1/127
f 737/1/123 726/3/115 727/3/116
f 736/1/128 737/1/125 726/3/121
f 727/3/120 726/3/121 737/1/125
f 732/1/133 740/3/132 738/1/131
f 740/3/132 732/1/133 733/3/134
f 738/1/137 740/3/136 732/1/135
f 733/3/138 732/1/135 740/3/136
f 735/3/140 739/1/156 741/3/155
f 739/1/156 735/3/140 734/1/139
f 741/3/158 739/1/157 735/3/142
f 734/1/141 735/3/142 739/1/157
f 733/3/134 741/3/155 740/3/132
f 741/3/155 733/3/134 735/3/140
f 740/3/136 741/3/158 733/3/138
f 735/3/142 733/3/138 741/3/158
f 725/3/93 706/1/92 724/1/91
f 706/1/92 725/3/93 707/3/94
f 724/1/97 706/1/96 725/3/95
f 707/3/98 725/3/95 706/1/96
f 744/9/81 743/9/81 742/9/81
f 743/9/81 744/9/81 745/9/81
f 743/9/81 745/9/81 746/9/81
f 746/9/81 745/9/81 747/9/81
f 746/9/81 747/9/81 748/9/81
f 748/9/81 747/9/81 749/9/81
f 748/9/81 749/9/81 750/9/81
f 750/9/81 749/9/81 751/9/81
f 742/9/82 743/9/82 744/9/82
f 745/9/82 744/9/82 743/9/82
f 746/9/82 745/9/82 743/9/82
f 747/9/82 745/9/82 746/9/82
f 748/9/82 747/9/82 746/9/82
f 749/9/82 747/9/82 748/9/82
f 750/9/82 749/9/82 748/9/82
f 751/9/82 749/9/82 750/9/82
f 744/9/355 753/10/355 752/10/355
f 753/10/355 744/9/355 742/9/355
f 752/10/356 753/10/356 744/9/356
f 742/9/356 744/9/356 753/10/356
f 754/10/358 744/9/357 752/10/357
f 744/9/357 754/10/358 745/9/358
f 752/10/360 744/9/360 754/10/359
f 745/9/359 754/10/359 744/9/360
f 755/10/361 745/9/358 754/10/358
f 745/9/358 755/10/361 747/9/361
f 754/10/359 745/9/359 755/10/362
f 747/9/362 755/10/362 745/9/359
f 749/9/363 755/10/361 756/10/363
f 755/10/361 749/9/363 747/9/361
f 756/10/364 755/10/362 749/9/364
f 747/9/362 749/9/364 755/10/362
f 751/9/365 756/10/363 757/10/365
f 756/10/363 751/9/365 749/9/363
f 757/10/366 756/10/364 751/9/366
f 749/9/364 751/9/366 756/10/364
f 758/10/367 751/9/367 757/10/367
f 751/9/367 758/10/367 750/9/367
f 757/10/368 751/9/368 758/10/368
f 750/9/368 758/10/368 751/9/368
f 748/9/364 758/10/369 759/10/364
f 758/10/369 748/9/364 750/9/369
f 759/10/363 758/10/370 748/9/363
f 750/9/370 748/9/363 758/10/370
f 746/9/362 759/10/364 760/10/362
f 759/10/364 746/9/362 748/9/364
f 760/10/361 759/10/363 746/9/361
f 748/9/363 746/9/361 759/10/363
f 746/9/362 761/10/359 743/9/359
f 761/10/359 746/9/362 760/10/362
f 743/9/358 761/10/358 746/9/361
f 760/10/361 746/9/361 761/10/358
f 743/9/359 753/10/360 742/9/360
f 753/10/360 743/9/359 761/10/359
f 742/9/357 753/10/357 743/9/358
f 761/10/358 743/9/358 753/10/357
f 764/9/81 763/9/81 762/9/81
f 763/9/81 764/9/81 765/9/81
f 763/9/81 765/9/81 766/9/81
f 766/9/81 765/9/81 767/9/81
f 766/9/81 767/9/81 768/9/81
f 768/9/81 767/9/81 769/9/81
f 768/9/81 769/9/81 770/9/81
f 770/9/81 769/9/81 771/9/81
f 762/9/82 763/9/82 764/9/82
f 765/9/82 764/9/82 763/9/82
f 766/9/82 765/9/82 763/9/82
f 767/9/82 765/9/82 766/9/82
f 768/9/82 767/9/82 766/9/82
f 769/9/82 767/9/82 768/9/82
f 770/9/82 769/9/82 768/9/82
f 771/9/82 769/9/82 770/9/82
f 764/9/371 773/10/371 772/10/371
f 773/10/371 764/9/371 762/9/371
f 772/10/372 773/10/372 764/9/372
f 762/9/372 764/9/372 773/10/372
f 774/10/374 764/9/373 772/10/373
f 764/9/373 774/10/374 765/9/374
f 772/10/376 764/9/376 774/10/375
f 765/9/375 774/10/375 764/9/376
f 775/10/377 765/9/374 774/10/374
f 765/9/374 775/10/377 767/9/377
f 774/10/375 765/9/375 775/10/378
f 767/9/378 775/10/378 765/9/375
f 769/9/379 775/10/377 776/10/379
f 775/10/377 769/9/379 767/9/377
f 776/10/380 775/10/378 769/9/380
f 767/9/378 769/9/380 775/10/378
f 771/9/381 776/10/379 777/10/381
f 776/10/379 771/9/381 769/9/379
f 777/10/382 776/10/380 771/9/382
f 769/9/380 771/9/382 776/10/380
f 778/10/383 771/9/383 777/10/383
f 771/9/383 778/10/383 770/9/383
f 777/10/384 771/9/384 778/10/384
f 770/9/384 778/10/384 771/9/384
f 768/9/380 778/10/385 779/10/380
f 778/10/385 768/9/380 770/9/385
f 779/10/379 778/10/386 768/9/379
f 770/9/386 768/9/379 778/10/386
f 766/9/378 779/10/380 780/10/378
f 779/10/380 766/9/378 768/9/380
f 780/10/377 779/10/379 766/9/377
f 768/9/379 766/9/377 779/10/379
f 766/9/378 781/10/375 763/9/375
f 781/10/375 766/9/378 780/10/378
f 763/9/374 781/10/374 766/9/377
f 780/10/377 766/9/377 781/10/374
f 763/9/375 773/10/376 762/9/376
f 773/10/376 763/9/375 781/10/375
f 762/9/373 773/10/373 763/9/374
f 781/10/374 763/9/374 773/10/373
f 784/9/81 783/9/81 782/9/81
f 783/9/81 784/9/81 785/9/81
f 783/9/81 785/9/81 786/9/81
f 786/9/81 785/9/81 787/9/81
f 786/9/81 787/9/81 788/9/81
f 788/9/81 787/9/81 789/9/81
f 788/9/81 789/9/81 790/9/81
f 790/9/81 789/9/81 791/9/81
f 782/9/82 783/9/82 784/9/82
f 785/9/82 784/9/82 783/9/82
f 786/9/82 785/9/82 783/9/82
f 787/9/82 785/9/82 786/9/82
f 788/9/82 787/9/82 786/9/82
f 789/9/82 787/9/82 788/9/82
f 790/9/82 789/9/82 788/9/82
f 791/9/82 789/9/82 790/9/82
f 784/9/387 793/10/387 792/10/387
f 793/10/387 784/9/387 782/9/387
f 792/10/388 793/10/388 784/9/388
f 782/9/388 784/9/388 793/10/388
f 794/10/390 784/9/389 792/10/389
f 784/9/389 794/10/390 785/9/390
f 792/10/392 784/9/392 794/10/391
f 785/9/391 794/10/391 784/9/392
f 795/10/393 785/9/390 794/10/390
f 785/9/390 795/10/393 787/9/393
f 794/10/391 785/9/391 795/10/394
f 787/9/394 795/10/394 785/9/391
f 789/9/395 795/10/393 796/10/395
f 795/10/393 789/9/395 787/9/393
f 796/10/396 795/10/394 789/9/396
f 787/9/394 789/9/396 795/10/394
f 791/9/397 796/10/395 797/10/397
f 796/10/395 791/9/397 789/9/395
f 797/10/398 796/10/396 791/9/398
f 789/9/396 791/9/398 796/10/396
f 798/10/399 791/9/399 797/10/399
f 791/9/399 798/10/399 790/9/399
f 797/10/400 791/9/400 798/10/400
f 790/9/400 798/10/400 791/9/400
f 788/9/396 798/10/401 799/10/396
f 798/10/401 788/9/396 790/9/401
f 799/10/395 798/10/402 788/9/395
f 790/9/402 788/9/395 798/10/402
f 786/9/394 799/10/396 800/10/394
f 799/10/396 786/9/394 788/9/396
f 800/10/393 799/10/395 786/9/393
f 788/9/395 786/9/393 799/10/395
f 786/9/394 801/10/391 783/9/391
f 801/10/391 786/9/394 800/10/394
f 783/9/390 801/10/390 786/9/393
f 800/10/393 786/9/393 801/10/390
f 783/9/391 793/10/392 782/9/392
f 793/10/392 783/9/391 801/10/391
f 782/9/389 793/10/389 783/9/390
f 801/10/390 783/9/390 793/10/389
f 804/9/81 803/9/81 802/9/81
f 803/9/81 804/9/81 805/9/81
f 803/9/81 805/9/81 806/9/81
f 806/9/81 805/9/81 807/9/81
f 806/9/81 807/9/81 808/9/81
f 808/9/81 807/9/81 809/9/81
f 808/9/81 809/9/81 810/9/81
f 810/9/81 809/9/81 811/9/81
f 802/9/82 803/9/82 804/9/82
f 805/9/82 804/9/82 803/9/82
f 806/9/82 805/9/82 803/9/82
f 807/9/82 805/9/82 806/9/82
f 808/9/82 807/9/82 806/9/82
f 809/9/82 807/9/82 808/9/82
f 810/9/82 809/9/82 808/9/82
f 811/9/82 809/9/82 810/9/82
f 804/9/403 813/10/403 812/10/403
f 813/10/403 804/9/403 802/9/403
f 812/10/404 813/10/404 804/9/404
f 802/9/404 804/9/404 813/10/404
f 814/10/375 804/9/405 812/10/405
f 804/9/405 814/10/375 805/9/375
f 812/10/406 804/9/406 814/10/374
f 805/9/374 814/10/374 804/9/406
f 815/10/378 805/9/375 814/10/375
f 805/9/375 815/10/378 807/9/378
f 814/10/374 805/9/374 815/10/377
f 807/9/377 815/10/377 805/9/374
f 809/9/380 815/10/378 816/10/380
f 815/10/378 809/9/380 807/9/378
f 816/10/379 815/10/377 809/9/379
f 807/9/377 809/9/379 815/10/377
f 811/9/385 816/10/380 817/10/385
f 816/10/380 811/9/385 809/9/380
f 817/10/386 816/10/379 811/9/386
f 809/9/379 811/9/386 816/10/379
f 818/10/407 811/9/407 817/10/407
f 811/9/407 818/10/407 810/9/407
f 817/10/408 811/9/408 818/10/408
f 810/9/408 818/10/408 811/9/408
f 808/9/379 818/10/409 819/10/379
f 818/10/409 808/9/379 810/9/409
f 819/10/380 818/10/410 808/9/380
f 810/9/410 808/9/380 818/10/410
f 806/9/377 819/10/379 820/10/377
f 819/10/379 806/9/377 808/9/379
f 820/10/378 819/10/380 806/9/378
f 808/9/380 806/9/378 819/10/380
f 806/9/377 821/10/374 803/9/374
f 821/10/374 806/9/377 820/10/377
f 803/9/375 821/10/375 806/9/378
f 820/10/378 806/9/378 821/10/375
f 803/9/374 813/10/406 802/9/406
f 813/10/406 803/9/374 821/10/374
f 802/9/405 813/10/405 803/9/375
f 821/10/375 803/9/375 813/10/405
f 824/9/411 823/10/412 822/10/411
f 823/10/412 824/9/411 825/9/412
f 822/10/413 823/10/414 824/9/413
f 825/9/414 824/9/413 823/10/414
f 828/9/81 827/9/81 826/9/81
f 827/9/81 828/9/81 825/9/81
f 827/9/81 825/9/81 824/9/81
f 826/9/82 827/9/82 828/9/82
f 825/9/82 828/9/82 827/9/82
f 824/9/82 825/9/82 827/9/82
f 826/9/414 830/10/414 829/10/414
f 830/10/414 826/9/414 827/9/414
f 829/10/412 830/10/412 826/9/412
f 827/9/412 826/9/412 830/10/412
f 825/9/412 831/10/415 823/10/412
f 831/10/415 825/9/412 828/9/415
f 823/10/414 831/10/416 825/9/414
f 828/9/416 825/9/414 831/10/416
f 826/9/417 831/10/417 828/9/417
f 831/10/417 826/9/417 829/10/417
f 828/9/418 831/10/418 826/9/418
f 829/10/418 826/9/418 831/10/418
f 830/10/418 824/9/418 822/10/418
f 824/9/418 830/10/418 827/9/418
f 822/10/417 824/9/417 830/10/417
f 827/9/417 830/10/417 824/9/417
f 834/9/413 833/10/371 832/10/413
f 833/10/371 834/9/413 835/9/371
f 832/10/411 833/10/372 834/9/411
f 835/9/372 834/9/411 833/10/372
f 838/9/81 837/9/81 836/9/81
f 837/9/81 838/9/81 835/9/81
f 837/9/81 835/9/81 834/9/81
f 836/9/82 837/9/82 838/9/82
f 835/9/82 838/9/82 837/9/82
f 834/9/82 835/9/82 837/9/82
f 836/9/372 840/10/372 839/10/372
f 840/10/372 836/9/372 837/9/372
f 839/10/371 840/10/371 836/9/371
f 837/9/371 836/9/371 840/10/371
f 835/9/371 841/10/416 833/10/371
f 841/10/416 835/9/371 838/9/416
f 833/10/372 841/10/415 835/9/372
f 838/9/415 835/9/372 841/10/415
f 836/9/384 841/10/384 838/9/384
f 841/10/384 836/9/384 839/10/384
f 838/9/383 841/10/383 836/9/383
f 839/10/383 836/9/383 841/10/383
f 840/10/383 834/9/383 832/10/383
f 834/9/383 840/10/383 837/9/383
f 832/10/384 834/9/384 840/10/384
f 837/9/384 840/10/384 834/9/384
f 844/9/411 843/10/412 842/10/411
f 843/10/412 844/9/411 845/9/412
f 842/10/413 843/10/414 844/9/413
f 845/9/414 844/9/413 843/10/414
f 848/9/81 847/9/81 846/9/81
f 847/9/81 848/9/81 845/9/81
f 847/9/81 845/9/81 844/9/81
f 846/9/82 847/9/82 848/9/82
f 845/9/82 848/9/82 847/9/82
f 844/9/82 845/9/82 847/9/82
f 846/9/414 850/10/414 849/10/414
f 850/10/414 846/9/414 847/9/414
f 849/10/412 850/10/412 846/9/412
f 847/9/412 846/9/412 850/10/412
f 845/9/412 851/10/415 843/10/412
f 851/10/415 845/9/412 848/9/415
f 843/10/414 851/10/416 845/9/414
f 848/9/416 845/9/414 851/10/416
f 846/9/417 851/10/417 848/9/417
f 851/10/417 846/9/417 849/10/417
f 848/9/418 851/10/418 846/9/418
f 849/10/418 846/9/418 851/10/418
f 850/10/418 844/9/418 842/10/418
f 844/9/418 850/10/418 847/9/418
f 842/10/417 844/9/417 850/10/417
f 847/9/417 850/10/417 844/9/417
f 854/9/387 853/10/419 852/10/387
f 853/10/419 854/9/387 855/9/419
f 852/10/388 853/10/420 854/9/388
f 855/9/420 854/9/388 853/10/420
f 855/9/81 857/9/81 856/9/81
f 857/9/81 855/9/81 854/9/81
f 857/9/81 854/9/81 858/9/81
f 856/9/82 857/9/82 855/9/82
f 854/9/82 855/9/82 857/9/82
f 858/9/82 854/9/82 857/9/82
f 860/10/399 858/9/399 859/10/399
f 858/9/399 860/10/399 857/9/399
f 859/10/400 858/9/400 860/10/400
f 857/9/400 860/10/400 858/9/400
f 856/9/388 860/10/388 861/10/388
f 860/10/388 856/9/388 857/9/388
f 861/10/387 860/10/387 856/9/387
f 857/9/387 856/9/387 860/10/387
f 856/9/400 853/10/400 855/9/400
f 853/10/400 856/9/400 861/10/400
f 855/9/399 853/10/399 856/9/399
f 861/10/399 856/9/399 853/10/399
f 858/9/421 852/10/387 859/10/421
f 852/10/387 858/9/421 854/9/387
f 859/10/422 852/10/388 858/9/422
f 854/9/388 858/9/422 852/10/388
f 864/9/387 863/10/419 862/10/387
f 863/10/419 864/9/387 865/9/419
f 862/10/388 863/10/420 864/9/388
f 865/9/420 864/9/388 863/10/420
f 865/9/81 867/9/81 866/9/81
f 867/9/81 865/9/81 864/9/81
f 867/9/81 864/9/81 868/9/81
f 866/9/82 867/9/82 865/9/82
f 864/9/82 865/9/82 867/9/82
f 868/9/82 864/9/82 867/9/82
f 870/10/399 868/9/399 869/10/399
f 868/9/399 870/10/399 867/9/399
f 869/10/400 868/9/400 870/10/400
f 867/9/400 870/10/400 868/9/400
f 866/9/388 870/10/388 871/10/388
f 870/10/388 866/9/388 867/9/388
f 871/10/387 870/10/387 866/9/387
f 867/9/387 866/9/387 870/10/387
f 866/9/400 863/10/400 865/9/400
f 863/10/400 866/9/400 871/10/400
f 865/9/399 863/10/399 866/9/399
f 871/10/399 866/9/399 863/10/399
f 868/9/421 862/10/387 869/10/421
f 862/10/387 868/9/421 864/9/387
f 869/10/422 862/10/388 868/9/422
f 864/9/388 868/9/422 862/10/388
f 874/9/355 873/10/423 872/10/355
f 873/10/423 874/9/355 875/9/423
f 872/10/356 873/10/424 874/9/356
f 875/9/424 874/9/356 873/10/424
f 875/9/81 877/9/81 876/9/81
f 877/9/81 875/9/81 874/9/81
f 877/9/81 874/9/81 878/9/81
f 876/9/82 877/9/82 875/9/82
f 874/9/82 875/9/82 877/9/82
f 878/9/82 874/9/82 877/9/82
f 880/10/367 878/9/367 879/10/367
f 878/9/367 880/10/367 877/9/367
f 879/10/368 878/9/368 880/10/368
f 877/9/368 880/10/368 878/9/368
f 876/9/356 880/10/356 881/10/356
f 880/10/356 876/9/356 877/9/356
f 881/10/355 880/10/355 876/9/355
f 877/9/355 876/9/355 880/10/355
f 876/9/368 873/10/368 875/9/368
f 873/10/368 876/9/368 881/10/368
f 875/9/367 873/10/367 876/9/367
f 881/10/367 876/9/367 873/10/367
f 878/9/425 872/10/355 879/10/425
f 872/10/355 878/9/425 874/9/355
f 879/10/426 872/10/356 878/9/426
f 874/9/356 878/9/426 872/10/356
f 884/9/355 883/10/423 882/10/355
f 883/10/423 884/9/355 885/9/423
f 882/10/356 883/10/424 884/9/356
f 885/9/424 884/9/356 883/10/424
f 885/9/81 887/9/81 886/9/81
f 887/9/81 885/9/81 884/9/81
f 887/9/81 884/9/81 888/9/81
f 886/9/82 887/9/82 885/9/82
f 884/9/82 885/9/82 887/9/82
f 888/9/82 884/9/82 887/9/82
f 890/10/367 888/9/367 889/10/367
f 888/9/367 890/10/367 887/9/367
f 889/10/368 888/9/368 890/10/368
f 887/9/368 890/10/368 888/9/368
f 886/9/356 890/10/356 891/10/356
f 890/10/356 886/9/356 887/9/356
f 891/10/355 890/10/355 886/9/355
f 887/9/355 886/9/355 890/10/355
f 886/9/368 883/10/368 885/9/368
f 883/10/368 886/9/368 891/10/368
f 885/9/367 883/10/367 886/9/367
f 891/10/367 886/9/367 883/10/367
f 888/9/425 882/10/355 889/10/425
f 882/10/355 888/9/425 884/9/355
f 889/10/426 882/10/356 888/9/426
f 884/9/356 888/9/426 882/10/356
f 894/9/413 893/10/371 892/10/413
f 893/10/371 894/9/413 895/9/371
f 892/10/411 893/10/372 894/9/411
f 895/9/372 894/9/411 893/10/372
f 898/9/81 897/9/81 896/9/81
f 897/9/81 898/9/81 895/9/81
f 897/9/81 895/9/81 894/9/81
f 896/9/82 897/9/82 898/9/82
f 895/9/82 898/9/82 897/9/82
f 894/9/82 895/9/82 897/9/82
f 896/9/372 900/10/372 899/10/372
f 900/10/372 896/9/372 897/9/372
f 899/10/371 900/10/371 896/9/371
f 897/9/371 896/9/371 900/10/371
f 895/9/371 901/10/416 893/10/371
f 901/10/416 895/9/371 898/9/416
f 893/10/372 901/10/415 895/9/372
f 898/9/415 895/9/372 901/10/415
f 896/9/384 901/10/384 898/9/384
f 901/10/384 896/9/384 899/10/384
f 898/9/383 901/10/383 896/9/383
f 899/10/383 896/9/383 901/10/383
f 900/10/383 894/9/383 892/10/383
f 894/9/383 900/10/383 897/9/383
f 892/10/384 894/9/384 900/10/384
f 897/9/384 900/10/384 894/9/384
f 904/9/81 903/9/81 902/9/81
f 903/9/81 904/9/81 905/9/81
f 905/9/81 904/9/81 906/9/81
f 902/9/82 903/9/82 904/9/82
f 905/9/82 904/9/82 903/9/82
f 906/9/82 904/9/82 905/9/82
f 903/9/384 907/10/384 902/9/384
f 907/10/384 903/9/384 908/10/384
f 902/9/383 907/10/383 903/9/383
f 908/10/383 903/9/383 907/10/383
f 903/9/372 909/10/372 908/10/372
f 909/10/372 903/9/372 905/9/372
f 908/10/371 909/10/371 903/9/371
f 905/9/371 903/9/371 909/10/371
f 909/10/428 906/9/427 910/10/427
f 906/9/427 909/10/428 905/9/428
f 910/10/430 906/9/430 909/10/429
f 905/9/429 909/10/429 906/9/430
f 910/10/427 904/9/431 911/10/431
f 904/9/431 910/10/427 906/9/427
f 911/10/432 904/9/432 910/10/430
f 906/9/430 910/10/430 904/9/432
f 911/10/431 902/9/433 907/10/433
f 902/9/433 911/10/431 904/9/431
f 907/10/434 902/9/434 911/10/432
f 904/9/432 911/10/432 902/9/434
f 914/9/81 913/9/81 912/9/81
f 913/9/81 914/9/81 915/9/81
f 915/9/81 914/9/81 916/9/81
f 912/9/82 913/9/82 914/9/82
f 915/9/82 914/9/82 913/9/82
f 916/9/82 914/9/82 915/9/82
f 913/9/368 917/10/368 912/9/368
f 917/10/368 913/9/368 918/10/368
f 912/9/367 917/10/367 913/9/367
f 918/10/367 913/9/367 917/10/367
f 913/9/356 919/10/356 918/10/356
f 919/10/356 913/9/356 915/9/356
f 918/10/355 919/10/355 913/9/355
f 915/9/355 913/9/355 919/10/355
f 919/10/436 916/9/435 920/10/435
f 916/9/435 919/10/436 915/9/436
f 920/10/438 916/9/438 919/10/437
f 915/9/437 919/10/437 916/9/438
f 920/10/435 914/9/439 921/10/439
f 914/9/439 920/10/435 916/9/435
f 921/10/440 914/9/440 920/10/438
f 916/9/438 920/10/438 914/9/440
f 921/10/439 912/9/441 917/10/441
f 912/9/441 921/10/439 914/9/439
f 917/10/442 912/9/442 921/10/440
f 914/9/440 921/10/440 912/9/442
f 924/9/411 923/10/443 922/10/411
f 923/10/443 924/9/411 925/9/443
f 922/10/413 923/10/444 924/9/413
f 925/9/444 924/9/413 923/10/444
f 928/9/81 927/9/81 926/9/81
f 927/9/81 928/9/81 925/9/81
f 927/9/81 925/9/81 924/9/81
f 926/9/82 927/9/82 928/9/82
f 925/9/82 928/9/82 927/9/82
f 924/9/82 925/9/82 927/9/82
f 926/9/444 930/10/444 929/10/444
f 930/10/444 926/9/444 927/9/444
f 929/10/443 930/10/443 926/9/443
f 927/9/443 926/9/443 930/10/443
f 925/9/443 931/10/415 923/10/443
f 931/10/415 925/9/443 928/9/415
f 923/10/444 931/10/416 925/9/444
f 928/9/416 925/9/444 931/10/416
f 926/9/445 931/10/445 928/9/445
f 931/10/445 926/9/445 929/10/445
f 928/9/446 931/10/446 926/9/446
f 929/10/446 926/9/446 931/10/446
f 930/10/446 924/9/446 922/10/446
f 924/9/446 930/10/446 927/9/446
f 922/10/445 924/9/445 930/10/445
f 927/9/445 930/10/445 924/9/445
f 934/9/413 933/10/371 932/10/413
f 933/10/371 934/9/413 935/9/371
f 932/10/411 933/10/372 934/9/411
f 935/9/372 934/9/411 933/10/372
f 938/9/81 937/9/81 936/9/81
f 937/9/81 938/9/81 935/9/81
f 937/9/81 935/9/81 934/9/81
f 936/9/82 937/9/82 938/9/82
f 935/9/82 938/9/82 937/9/82
f 934/9/82 935/9/82 937/9/82
f 936/9/372 940/10/372 939/10/372
f 940/10/372 936/9/372 937/9/372
f 939/10/371 940/10/371 936/9/371
f 937/9/371 936/9/371 940/10/371
f 935/9/371 941/10/416 933/10/371
f 941/10/416 935/9/371 938/9/416
f 933/10/372 941/10/415 935/9/372
f 938/9/415 935/9/372 941/10/415
f 936/9/384 941/10/384 938/9/384
f 941/10/384 936/9/384 939/10/384
f 938/9/383 941/10/383 936/9/383
f 939/10/383 936/9/383 941/10/383
f 940/10/383 934/9/383 932/10/383
f 934/9/383 940/10/383 937/9/383
f 932/10/384 934/9/384 940/10/384
f 937/9/384 940/10/384 934/9/384
f 944/9/81 943/9/81 942/9/81
f 943/9/81 944/9/81 945/9/81
f 945/9/81 944/9/81 946/9/81
f 942/9/82 943/9/82 944/9/82
f 945/9/82 944/9/82 943/9/82
f 946/9/82 944/9/82 945/9/82
f 943/9/447 947/10/447 942/9/447
f 947/10/447 943/9/447 948/10/447
f 942/9/448 947/10/448 943/9/448
f 948/10/448 943/9/448 947/10/448
f 943/9/449 949/10/449 948/10/449
f 949/10/449 943/9/449 945/9/449
f 948/10/450 949/10/450 943/9/450
f 945/9/450 943/9/450 949/10/450
f 949/10/429 946/9/430 950/10/430
f 946/9/430 949/10/429 945/9/429
f 950/10/427 946/9/427 949/10/428
f 945/9/428 949/10/428 946/9/427
f 950/10/430 944/9/432 951/10/432
f 944/9/432 950/10/430 946/9/430
f 951/10/431 944/9/431 950/10/427
f 946/9/427 950/10/427 944/9/431
f 951/10/432 942/9/434 947/10/434
f 942/9/434 951/10/432 944/9/432
f 947/10/433 942/9/433 951/10/431
f 944/9/431 951/10/431 942/9/433
f 954/9/81 953/9/81 952/9/81
f 953/9/81 954/9/81 955/9/81
f 955/9/81 954/9/81 956/9/81
f 952/9/82 953/9/82 954/9/82
f 955/9/82 954/9/82 953/9/82
f 956/9/82 954/9/82 955/9/82
f 953/9/368 957/10/368 952/9/368
f 957/10/368 953/9/368 958/10/368
f 952/9/367 957/10/367 953/9/367
f 958/10/367 953/9/367 957/10/367
f 953/9/356 959/10/356 958/10/356
f 959/10/356 953/9/356 955/9/356
f 958/10/355 959/10/355 953/9/355
f 955/9/355 953/9/355 959/10/355
f 959/10/436 956/9/435 960/10/435
f 956/9/435 959/10/436 955/9/436
f 960/10/438 956/9/438 959/10/437
f 955/9/437 959/10/437 956/9/438
f 960/10/435 954/9/439 961/10/439
f 954/9/439 960/10/435 956/9/435
f 961/10/440 954/9/440 960/10/438
f 956/9/438 960/10/438 954/9/440
f 961/10/439 952/9/441 957/10/441
f 952/9/441 961/10/439 954/9/439
f 957/10/442 952/9/442 961/10/440
f 954/9/440 961/10/440 952/9/442
f 964/9/81 963/9/81 962/9/81
f 963/9/81 964/9/81 965/9/81
f 965/9/81 964/9/81 966/9/81
f 962/9/82 963/9/82 964/9/82
f 965/9/82 964/9/82 963/9/82
f 966/9/82 964/9/82 965/9/82
f 963/9/384 967/10/384 962/9/384
f 967/10/384 963/9/384 968/10/384
f 962/9/383 967/10/383 963/9/383
f 968/10/383 963/9/383 967/10/383
f 963/9/372 969/10/372 968/10/372
f 969/10/372 963/9/372 965/9/372
f 968/10/371 969/10/371 963/9/371
f 965/9/371 963/9/371 969/10/371
f 969/10/428 966/9/427 970/10/427
f 966/9/427 969/10/428 965/9/428
f 970/10/430 966/9/430 969/10/429
f 965/9/429 969/10/429 966/9/430
f 970/10/427 964/9/431 971/10/431
f 964/9/431 970/10/427 966/9/427
f 971/10/432 964/9/432 970/10/430
f 966/9/430 970/10/430 964/9/432
f 971/10/431 962/9/433 967/10/433
f 962/9/433 971/10/431 964/9/431
f 967/10/434 962/9/434 971/10/432
f 964/9/432 971/10/432 962/9/434
f 974/9/81 973/9/81 972/9/81
f 973/9/81 974/9/81 975/9/81
f 975/9/81 974/9/81 976/9/81
f 972/9/82 973/9/82 974/9/82
f 975/9/82 974/9/82 973/9/82
f 976/9/82 974/9/82 975/9/82
f 973/9/400 977/10/400 972/9/400
f 977/10/400 973/9/400 978/10/400
f 972/9/399 977/10/399 973/9/399
f 978/10/399 973/9/399 977/10/399
f 973/9/388 979/10/388 978/10/388
f 979/10/388 973/9/388 975/9/388
f 978/10/387 979/10/387 973/9/387
f 975/9/387 973/9/387 979/10/387
f 979/10/452 976/9/451 980/10/451
f 976/9/451 979/10/452 975/9/452
f 980/10/454 976/9/454 979/10/453
f 975/9/453 979/10/453 976/9/454
f 980/10/451 974/9/455 981/10/455
f 974/9/455 980/10/451 976/9/451
f 981/10/456 974/9/456 980/10/454
f 976/9/454 980/10/454 974/9/456
f 981/10/455 972/9/457 977/10/457
f 972/9/457 981/10/455 974/9/455
f 977/10/458 972/9/458 981/10/456
f 974/9/456 981/10/456 972/9/458
f 984/9/81 983/9/81 982/9/81
f 983/9/81 984/9/81 985/9/81
f 985/9/81 984/9/81 986/9/81
f 982/9/82 983/9/82 984/9/82
f 985/9/82 984/9/82 983/9/82
f 986/9/82 984/9/82 985/9/82
f 983/9/400 987/10/400 982/9/400
f 987/10/400 983/9/400 988/10/400
f 982/9/399 987/10/399 983/9/399
f 988/10/399 983/9/399 987/10/399
f 983/9/388 989/10/388 988/10/388
f 989/10/388 983/9/388 985/9/388
f 988/10/387 989/10/387 983/9/387
f 985/9/387 983/9/387 989/10/387
f 989/10/452 986/9/451 990/10/451
f 986/9/451 989/10/452 985/9/452
f 990/10/454 986/9/454 989/10/453
f 985/9/453 989/10/453 986/9/454
f 990/10/451 984/9/455 991/10/455
f 984/9/455 990/10/451 986/9/451
f 991/10/456 984/9/456 990/10/454
f 986/9/454 990/10/454 984/9/456
f 991/10/455 982/9/457 987/10/457
f 982/9/457 991/10/455 984/9/455
f 987/10/458 982/9/458 991/10/456
f 984/9/456 991/10/456 982/9/458
f 994/9/81 993/9/81 992/9/81
f 993/9/81 994/9/81 995/9/81
f 995/9/81 994/9/81 996/9/81
f 992/9/82 993/9/82 994/9/82
f 995/9/82 994/9/82 993/9/82
f 996/9/82 994/9/82 995/9/82
f 993/9/459 997/10/459 992/9/459
f 997/10/459 993/9/459 998/10/459
f 992/9/460 997/10/460 993/9/460
f 998/10/460 993/9/460 997/10/460
f 993/9/461 999/10/461 998/10/461
f 999/10/461 993/9/461 995/9/461
f 998/10/462 999/10/462 993/9/462
f 995/9/462 993/9/462 999/10/462
f 999/10/429 996/9/430 1000/10/430
f 996/9/430 999/10/429 995/9/429
f 1000/10/427 996/9/427 999/10/428
f 995/9/428 999/10/428 996/9/427
f 1000/10/430 994/9/432 1001/10/432
f 994/9/432 1000/10/430 996/9/430
f 1001/10/431 994/9/431 1000/10/427
f 996/9/427 1000/10/427 994/9/431
f 1001/10/432 992/9/434 997/10/434
f 992/9/434 1001/10/432 994/9/432
f 997/10/433 992/9/433 1001/10/431
f 994/9/431 1001/10/431 992/9/433
f 1004/11/358 1003/12/357 1002/11/357
f 1003/12/357 1004/11/358 1005/12/358
f 1002/11/360 1003/12/360 1004/11/359
f 1005/12/359 1004/11/359 1003/12/360
f 1006/11/361 1005/12/358 1004/11/358
f 1005/12/358 1006/11/361 1007/12/361
f 1004/11/359 1005/12/359 1006/11/362
f 1007/12/362 1006/11/362 1005/12/359
f 1010/12/370 1009/11/363 1008/11/370
f 1009/11/363 1010/12/370 1011/12/363
f 1008/11/369 1009/11/364 1010/12/369
f 1011/12/364 1010/12/369 1009/11/364
f 1011/12/363 1006/11/361 1009/11/363
f 1006/11/361 1011/12/363 1007/12/361
f 1009/11/364 1006/11/362 1011/12/364
f 1007/12/362 1011/12/364 1006/11/362
f 1003/12/81 1013/12/81 1012/12/81
f 1013/12/81 1003/12/81 1005/12/81
f 1013/12/81 1005/12/81 1014/12/81
f 1014/12/81 1005/12/81 1007/12/81
f 1014/12/81 1007/12/81 1015/12/81
f 1015/12/81 1007/12/81 1011/12/81
f 1015/12/81 1011/12/81 1016/12/81
f 1016/12/81 1011/12/81 1010/12/81
f 1012/12/82 1013/12/82 1003/12/82
f 1005/12/82 1003/12/82 1013/12/82
f 1014/12/82 1005/12/82 1013/12/82
f 1007/12/82 1005/12/82 1014/12/82
f 1015/12/82 1007/12/82 1014/12/82
f 1011/12/82 1007/12/82 1015/12/82
f 1016/12/82 1011/12/82 1015/12/82
f 1010/12/82 1011/12/82 1016/12/82
f 1003/12/355 742/11/355 1002/11/355
f 742/11/355 1003/12/355 1012/12/355
f 1002/11/356 742/11/356 1003/12/356
f 1012/12/356 1003/12/356 742/11/356
f 750/11/367 1010/12/367 1008/11/367
f 1010/12/367 750/11/367 1016/12/367
f 1008/11/368 1010/12/368 750/11/368
f 1016/12/368 750/11/368 1010/12/368
f 1015/12/364 750/11/369 748/11/364
f 750/11/369 1015/12/364 1016/12/369
f 748/11/363 750/11/370 1015/12/363
f 1016/12/370 1015/12/363 750/11/370
f 1014/12/362 748/11/364 746/11/362
f 748/11/364 1014/12/362 1015/12/364
f 746/11/361 748/11/363 1014/12/361
f 1015/12/363 1014/12/361 748/11/363
f 1014/12/362 743/11/359 1013/12/359
f 743/11/359 1014/12/362 746/11/362
f 1013/12/358 743/11/358 1014/12/361
f 746/11/361 1014/12/361 743/11/358
f 1013/12/359 742/11/360 1012/12/360
f 742/11/360 1013/12/359 743/11/359
f 1012/12/357 742/11/357 1013/12/358
f 743/11/358 1013/12/358 742/11/357
f 1018/11/82 1017/11/82 41/11/82
f 1017/11/82 1018/11/82 42/11/82
f 1017/11/82 42/11/82 1019/11/82
f 1019/11/82 42/11/82 1020/11/82
f 1019/11/82 1020/11/82 1021/11/82
f 1021/11/82 1020/11/82 1022/11/82
f 1022/11/82 1020/11/82 44/11/82
f 1022/11/82 44/11/82 1023/11/82
f 41/11/81 1017/11/81 1018/11/81
f 42/11/81 1018/11/81 1017/11/81
f 1019/11/81 42/11/81 1017/11/81
f 1020/11/81 42/11/81 1019/11/81
f 1021/11/81 1020/11/81 1019/11/81
f 1022/11/81 1020/11/81 1021/11/81
f 44/11/81 1020/11/81 1022/11/81
f 1023/11/81 44/11/81 1022/11/81
f 1024/13/81 761/13/81 753/13/81
f 761/13/81 1024/13/81 760/13/81
f 760/13/81 1024/13/81 1025/13/81
f 760/13/81 1025/13/81 759/13/81
f 759/13/81 1025/13/81 1026/13/81
f 759/13/81 1026/13/81 1027/13/81
f 759/13/81 1027/13/81 758/13/81
f 758/13/81 1027/13/81 1028/13/81
f 753/13/82 761/13/82 1024/13/82
f 760/13/82 1024/13/82 761/13/82
f 1025/13/82 1024/13/82 760/13/82
f 759/13/82 1025/13/82 760/13/82
f 1026/13/82 1025/13/82 759/13/82
f 1027/13/82 1026/13/82 759/13/82
f 758/13/82 1027/13/82 759/13/82
f 1028/13/82 1027/13/82 758/13/82
f 1024/13/355 41/11/355 1017/11/355
f 41/11/355 1024/13/355 753/13/355
f 1017/11/356 41/11/356 1024/13/356
f 753/13/356 1024/13/356 41/11/356
f 1019/11/358 1024/13/357 1017/11/357
f 1024/13/357 1019/11/358 1025/13/358
f 1017/11/360 1024/13/360 1019/11/359
f 1025/13/359 1019/11/359 1024/13/360
f 1021/11/361 1025/13/358 1019/11/358
f 1025/13/358 1021/11/361 1026/13/361
f 1019/11/359 1025/13/359 1021/11/362
f 1026/13/362 1021/11/362 1025/13/359
f 1027/13/363 1021/11/361 1022/11/363
f 1021/11/361 1027/13/363 1026/13/361
f 1022/11/364 1021/11/362 1027/13/364
f 1026/13/362 1027/13/364 1021/11/362
f 1028/13/365 1022/11/363 1023/11/365
f 1022/11/363 1028/13/365 1027/13/363
f 1023/11/366 1022/11/364 1028/13/366
f 1027/13/364 1028/13/366 1022/11/364
f 44/11/367 1028/13/367 1023/11/367
f 1028/13/367 44/11/367 758/13/367
f 1023/11/368 1028/13/368 44/11/368
f 758/13/368 44/11/368 1028/13/368
f 759/13/364 44/11/369 1020/11/364
f 44/11/369 759/13/364 758/13/369
f 1020/11/363 44/11/370 759/13/363
f 758/13/370 759/13/363 44/11/370
f 760/13/362 1020/11/364 42/11/362
f 1020/11/364 760/13/362 759/13/364
f 42/11/361 1020/11/363 760/13/361
f 759/13/363 760/13/361 1020/11/363
f 760/13/362 1018/11/359 761/13/359
f 1018/11/359 760/13/362 42/11/362
f 761/13/358 1018/11/358 760/13/361
f 42/11/361 760/13/361 1018/11/358
f 761/13/359 41/11/360 753/13/360
f 41/11/360 761/13/359 1018/11/359
f 753/13/357 41/11/357 761/13/358
f 1018/11/358 761/13/358 41/11/357
f 1031/13/464 1030/11/463 1029/13/463
f 1030/11/463 1031/13/464 1032/11/464
f 1029/13/466 1030/11/466 1031/13/465
f 1032/11/465 1031/13/465 1030/11/466
f 1035/13/467 1034/11/468 1033/11/467
f 1034/11/468 1035/13/467 1036/13/468
f 1033/11/469 1034/11/470 1035/13/469
f 1036/13/470 1035/13/469 1034/11/470
f 1036/13/468 1037/11/471 1034/11/468
f 1037/11/471 1036/13/468 1038/13/471
f 1034/11/470 1037/11/472 1036/13/470
f 1038/13/472 1036/13/470 1037/11/472
f 1041/11/474 1040/13/473 1039/11/473
f 1040/13/473 1041/11/474 1042/13/474
f 1039/11/476 1040/13/476 1041/11/475
f 1042/13/475 1041/11/475 1040/13/476
f 1039/11/473 1035/13/467 1033/11/467
f 1035/13/467 1039/11/473 1040/13/473
f 1033/11/469 1035/13/469 1039/11/476
f 1040/13/476 1039/11/476 1035/13/469
f 1029/13/463 1037/11/471 1038/13/471
f 1037/11/471 1029/13/463 1030/11/463
f 1038/13/472 1037/11/472 1029/13/466
f 1030/11/466 1029/13/466 1037/11/472
f 1029/13/81 1042/13/81 1031/13/81
f 1042/13/81 1029/13/81 1038/13/81
f 1042/13/81 1038/13/81 1036/13/81
f 1042/13/81 1036/13/81 1035/13/81
f 1042/13/81 1035/13/81 1040/13/81
f 1031/13/82 1042/13/82 1029/13/82
f 1038/13/82 1029/13/82 1042/13/82
f 1036/13/82 1038/13/82 1042/13/82
f 1035/13/82 1036/13/82 1042/13/82
f 1040/13/82 1035/13/82 1042/13/82
f 1045/15/369 1044/14/369 1043/14/369
f 1044/14/369 1045/15/369 1046/15/369
f 1046/15/369 1045/15/369 1047/16/369
f 1046/15/369 1047/16/369 1048/16/369
f 1048/16/369 1047/16/369 1049/17/369
f 1048/16/369 1049/17/369 1050/17/369
f 1043/14/370 1044/14/370 1045/15/370
f 1046/15/370 1045/15/370 1044/14/370
f 1047/16/370 1045/15/370 1046/15/370
f 1048/16/370 1047/16/370 1046/15/370
f 1049/17/370 1047/16/370 1048/16/370
f 1050/17/370 1049/17/370 1048/16/370
f 1051/17/477 1048/16/478 1050/17/477
f 1048/16/478 1051/17/477 1052/16/478
f 1050/17/479 1048/16/480 1051/17/479
f 1052/16/480 1051/17/479 1048/16/480
f 1044/14/481 1053/14/479 1043/14/479
f 1053/14/479 1044/14/481 1054/14/481
f 1043/14/477 1053/14/477 1044/14/482
f 1054/14/482 1044/14/482 1053/14/477
f 1047/16/483 1056/15/480 1055/16/483
f 1056/15/480 1047/16/483 1045/15/480
f 1055/16/484 1056/15/478 1047/16/484
f 1045/15/478 1047/16/484 1056/15/478
f 1057/15/370 1053/14/370 1054/14/370
f 1053/14/370 1057/15/370 1056/15/370
f 1056/15/370 1057/15/370 1052/16/370
f 1056/15/370 1052/16/370 1055/16/370
f 1055/16/370 1052/16/370 1051/17/370
f 1055/16/370 1051/17/370 1058/17/370
f 1054/14/369 1053/14/369 1057/15/369
f 1056/15/369 1057/15/369 1053/14/369
f 1052/16/369 1057/15/369 1056/15/369
f 1055/16/369 1052/16/369 1056/15/369
f 1051/17/369 1052/16/369 1055/16/369
f 1058/17/369 1051/17/369 1055/16/369
f 1046/15/484 1052/16/478 1057/15/484
f 1052/16/478 1046/15/484 1048/16/478
f 1057/15/483 1052/16/480 1046/15/483
f 1048/16/480 1046/15/483 1052/16/480
f 1043/14/479 1056/15/480 1045/15/480
f 1056/15/480 1043/14/479 1053/14/479
f 1045/15/478 1056/15/478 1043/14/477
f 1053/14/477 1043/14/477 1056/15/478
f 1055/16/483 1049/17/482 1047/16/483
f 1049/17/482 1055/16/483 1058/17/482
f 1047/16/484 1049/17/481 1055/16/484
f 1058/17/481 1055/16/484 1049/17/481
f 1058/17/482 1050/17/477 1049/17/482
f 1050/17/477 1058/17/482 1051/17/477
f 1049/17/481 1050/17/479 1058/17/481
f 1051/17/479 1058/17/481 1050/17/479
f 1046/15/484 1054/14/481 1044/14/481
f 1054/14/481 1046/15/484 1057/15/484
f 1044/14/482 1054/14/482 1046/15/483
f 1057/15/483 1046/15/483 1054/14/482
f 1061/18/481 1060/18/479 1059/18/479
f 1060/18/479 1061/18/481 1062/18/481
f 1059/18/477 1060/18/477 1061/18/482
f 1062/18/482 1061/18/482 1060/18/477
f 1065/19/483 1064/20/482 1063/19/483
f 1064/20/482 1065/19/483 1066/20/482
f 1063/19/484 1064/20/481 1065/19/484
f 1066/20/481 1065/19/484 1064/20/481
f 1067/21/370 1060/18/370 1062/18/370
f 1060/18/370 1067/21/370 1068/21/370
f 1068/21/370 1067/21/370 1069/19/370
f 1068/21/370 1069/19/370 1065/19/370
f 1065/19/370 1069/19/370 1070/20/370
f 1065/19/370 1070/20/370 1066/20/370
f 1062/18/369 1060/18/369 1067/21/369
f 1068/21/369 1067/21/369 1060/18/369
f 1069/19/369 1067/21/369 1068/21/369
f 1065/19/369 1069/19/369 1068/21/369
f 1070/20/369 1069/19/369 1065/19/369
f 1066/20/369 1070/20/369 1065/19/369
f 1063/19/483 1068/21/480 1065/19/483
f 1068/21/480 1063/19/483 1071/21/480
f 1065/19/484 1068/21/478 1063/19/484
f 1071/21/478 1063/19/484 1068/21/478
f 1066/20/482 1072/20/477 1064/20/482
f 1072/20/477 1066/20/482 1070/20/477
f 1064/20/481 1072/20/479 1066/20/481
f 1070/20/479 1066/20/481 1072/20/479
f 1073/21/484 1069/19/478 1067/21/484
f 1069/19/478 1073/21/484 1074/19/478
f 1067/21/483 1069/19/480 1073/21/483
f 1074/19/480 1073/21/483 1069/19/480
f 1070/20/477 1074/19/478 1072/20/477
f 1074/19/478 1070/20/477 1069/19/478
f 1072/20/479 1074/19/480 1070/20/479
f 1069/19/480 1070/20/479 1074/19/480
f 1059/18/479 1068/21/480 1071/21/480
f 1068/21/480 1059/18/479 1060/18/479
f 1071/21/478 1068/21/478 1059/18/477
f 1060/18/477 1059/18/477 1068/21/478
f 1071/21/369 1061/18/369 1059/18/369
f 1061/18/369 1071/21/369 1073/21/369
f 1073/21/369 1071/21/369 1063/19/369
f 1073/21/369 1063/19/369 1074/19/369
f 1074/19/369 1063/19/369 1064/20/369
f 1074/19/369 1064/20/369 1072/20/369
f 1059/18/370 1061/18/370 1071/21/370
f 1073/21/370 1071/21/370 1061/18/370
f 1063/19/370 1071/21/370 1073/21/370
f 1074/19/370 1063/19/370 1073/21/370
f 1064/20/370 1063/19/370 1074/19/370
f 1072/20/370 1064/20/370 1074/19/370
f 1073/21/484 1062/18/481 1061/18/481
f 1062/18/481 1073/21/484 1067/21/484
f 1061/18/482 1062/18/482 1073/21/483
f 1067/21/483 1073/21/483 1062/18/482
f 1077/22/485 1076/22/486 1075/22/485
f 1076/22/486 1077/22/485 1078/22/486
f 1075/22/487 1076/22/488 1077/22/487
f 1078/22/488 1077/22/487 1076/22/488
f 1081/23/487 1080/23/488 1079/23/488
f 1080/23/488 1081/23/487 1082/23/487
f 1079/23/486 1080/23/486 1081/23/485
f 1082/23/485 1081/23/485 1080/23/486
f 1079/23/488 1084/24/489 1083/24/489
f 1084/24/489 1079/23/488 1080/23/488
f 1083/24/490 1084/24/490 1079/23/486
f 1080/23/486 1079/23/486 1084/24/490
f 1085/24/491 1082/23/487 1081/23/487
f 1082/23/487 1085/24/491 1086/24/491
f 1081/23/485 1082/23/485 1085/24/492
f 1086/24/492 1085/24/492 1082/23/485
f 1085/24/491 1087/25/490 1086/24/491
f 1087/25/490 1085/24/491 1088/25/490
f 1086/24/492 1087/25/489 1085/24/492
f 1088/25/489 1085/24/492 1087/25/489
f 1086/24/493 1080/23/493 1082/23/493
f 1080/23/493 1086/24/493 1084/24/493
f 1084/24/493 1086/24/493 1087/25/493
f 1084/24/493 1087/25/493 1089/25/493
f 1089/25/493 1087/25/493 1078/22/493
f 1089/25/493 1078/22/493 1077/22/493
f 1082/23/494 1080/23/494 1086/24/494
f 1084/24/494 1086/24/494 1080/23/494
f 1087/25/494 1086/24/494 1084/24/494
f 1089/25/494 1087/25/494 1084/24/494
f 1078/22/494 1087/25/494 1089/25/494
f 1077/22/494 1078/22/494 1089/25/494
f 1078/22/486 1088/25/490 1076/22/486
f 1088/25/490 1078/22/486 1087/25/490
f 1076/22/488 1088/25/489 1078/22/488
f 1087/25/489 1078/22/488 1088/25/489
f 1090/25/492 1084/24/489 1089/25/492
f 1084/24/489 1090/25/492 1083/24/489
f 1089/25/491 1084/24/490 1090/25/491
f 1083/24/490 1090/25/491 1084/24/490
f 1089/25/492 1075/22/485 1090/25/492
f 1075/22/485 1089/25/492 1077/22/485
f 1090/25/491 1075/22/487 1089/25/491
f 1077/22/487 1089/25/491 1075/22/487
f 1083/24/494 1081/23/494 1079/23/494
f 1081/23/494 1083/24/494 1085/24/494
f 1085/24/494 1083/24/494 1090/25/494
f 1085/24/494 1090/25/494 1088/25/494
f 1088/25/494 1090/25/494 1075/22/494
f 1088/25/494 1075/22/494 1076/22/494
f 1079/23/493 1081/23/493 1083/24/493
f 1085/24/493 1083/24/493 1081/23/493
f 1090/25/493 1083/24/493 1085/24/493
f 1088/25/493 1090/25/493 1085/24/493
f 1075/22/493 1090/25/493 1088/25/493
f 1076/22/493 1075/22/493 1088/25/493
f 1093/26/495 1092/27/496 1091/26/495
f 1092/27/496 1093/26/495 1094/27/496
f 1091/26/497 1092/27/498 1093/26/497
f 1094/27/498 1093/26/497 1092/27/498
f 1096/26/499 1091/26/495 1095/26/499
f 1091/26/495 1096/26/499 1093/26/495
f 1095/26/500 1091/26/497 1096/26/500
f 1093/26/497 1096/26/500 1091/26/497
f 1099/27/501 1098/28/498 1097/28/498
f 1098/28/498 1099/27/501 1100/27/501
f 1097/28/496 1098/28/496 1099/27/502
f 1100/27/502 1099/27/502 1098/28/496
f 1092/27/496 1102/28/502 1101/28/502
f 1102/28/502 1092/27/496 1094/27/496
f 1101/28/501 1102/28/501 1092/27/498
f 1094/27/498 1092/27/498 1102/28/501
f 1103/29/357 1099/27/357 1097/28/357
f 1099/27/357 1103/29/357 1096/26/357
f 1096/26/357 1103/29/357 1104/29/357
f 1096/26/357 1104/29/357 1093/26/357
f 1093/26/357 1104/29/357 1102/28/357
f 1093/26/357 1102/28/357 1094/27/357
f 1097/28/360 1099/27/360 1103/29/360
f 1096/26/360 1103/29/360 1099/27/360
f 1104/29/360 1103/29/360 1096/26/360
f 1093/26/360 1104/29/360 1096/26/360
f 1102/28/360 1104/29/360 1093/26/360
f 1094/27/360 1102/28/360 1093/26/360
f 1105/29/497 1097/28/498 1098/28/498
f 1097/28/498 1105/29/497 1103/29/497
f 1098/28/496 1097/28/496 1105/29/495
f 1103/29/495 1105/29/495 1097/28/496
f 1099/27/501 1095/26/499 1100/27/501
f 1095/26/499 1099/27/501 1096/26/499
f 1100/27/502 1095/26/500 1099/27/502
f 1096/26/500 1099/27/502 1095/26/500
f 1095/26/360 1098/28/360 1100/27/360
f 1098/28/360 1095/26/360 1105/29/360
f 1105/29/360 1095/26/360 1091/26/360
f 1105/29/360 1091/26/360 1106/29/360
f 1106/29/360 1091/26/360 1092/27/360
f 1106/29/360 1092/27/360 1101/28/360
f 1100/27/357 1098/28/357 1095/26/357
f 1105/29/357 1095/26/357 1098/28/357
f 1091/26/357 1095/26/357 1105/29/357
f 1106/29/357 1091/26/357 1105/29/357
f 1092/27/357 1091/26/357 1106/29/357
f 1101/28/357 1092/27/357 1106/29/357
f 1101/28/502 1104/29/500 1106/29/500
f 1104/29/500 1101/28/502 1102/28/502
f 1106/29/499 1104/29/499 1101/28/501
f 1102/28/501 1101/28/501 1104/29/499
f 1106/29/500 1103/29/497 1105/29/497
f 1103/29/497 1106/29/500 1104/29/500
f 1105/29/495 1103/29/495 1106/29/499
f 1104/29/499 1106/29/499 1103/29/495
f 1109/11/374 1108/12/373 1107/11/373
f 1108/12/373 1109/11/374 1110/12/374
f 1107/11/376 1108/12/376 1109/11/375
f 1110/12/375 1109/11/375 1108/12/376
f 1111/11/377 1110/12/374 1109/11/374
f 1110/12/374 1111/11/377 1112/12/377
f 1109/11/375 1110/12/375 1111/11/378
f 1112/12/378 1111/11/378 1110/12/375
f 1115/12/386 1114/11/379 1113/11/386
f 1114/11/379 1115/12/386 1116/12/379
f 1113/11/385 1114/11/380 1115/12/385
f 1116/12/380 1115/12/385 1114/11/380
f 1116/12/379 1111/11/377 1114/11/379
f 1111/11/377 1116/12/379 1112/12/377
f 1114/11/380 1111/11/378 1116/12/380
f 1112/12/378 1116/12/380 1111/11/378
f 1108/12/81 1118/12/81 1117/12/81
f 1118/12/81 1108/12/81 1110/12/81
f 1118/12/81 1110/12/81 1119/12/81
f 1119/12/81 1110/12/81 1112/12/81
f 1119/12/81 1112/12/81 1120/12/81
f 1120/12/81 1112/12/81 1116/12/81
f 1120/12/81 1116/12/81 1121/12/81
f 1121/12/81 1116/12/81 1115/12/81
f 1117/12/82 1118/12/82 1108/12/82
f 1110/12/82 1108/12/82 1118/12/82
f 1119/12/82 1110/12/82 1118/12/82
f 1112/12/82 1110/12/82 1119/12/82
f 1120/12/82 1112/12/82 1119/12/82
f 1116/12/82 1112/12/82 1120/12/82
f 1121/12/82 1116/12/82 1120/12/82
f 1115/12/82 1116/12/82 1121/12/82
f 1108/12/371 762/11/371 1107/11/371
f 762/11/371 1108/12/371 1117/12/371
f 1107/11/372 762/11/372 1108/12/372
f 1117/12/372 1108/12/372 762/11/372
f 770/11/383 1115/12/383 1113/11/383
f 1115/12/383 770/11/383 1121/12/383
f 1113/11/384 1115/12/384 770/11/384
f 1121/12/384 770/11/384 1115/12/384
f 1120/12/380 770/11/385 768/11/380
f 770/11/385 1120/12/380 1121/12/385
f 768/11/379 770/11/386 1120/12/379
f 1121/12/386 1120/12/379 770/11/386
f 1119/12/378 768/11/380 766/11/378
f 768/11/380 1119/12/378 1120/12/380
f 766/11/377 768/11/379 1119/12/377
f 1120/12/379 1119/12/377 768/11/379
f 1119/12/378 763/11/375 1118/12/375
f 763/11/375 1119/12/378 766/11/378
f 1118/12/374 763/11/374 1119/12/377
f 766/11/377 1119/12/377 763/11/374
f 1118/12/375 762/11/376 1117/12/376
f 762/11/376 1118/12/375 763/11/375
f 1117/12/373 762/11/373 1118/12/374
f 763/11/374 1118/12/374 762/11/373
f 1123/11/82 1122/11/82 85/11/82
f 1122/11/82 1123/11/82 86/11/82
f 1122/11/82 86/11/82 1124/11/82
f 1124/11/82 86/11/82 1125/11/82
f 1124/11/82 1125/11/82 1126/11/82
f 1126/11/82 1125/11/82 1127/11/82
f 1127/11/82 1125/11/82 88/11/82
f 1127/11/82 88/11/82 1128/11/82
f 85/11/81 1122/11/81 1123/11/81
f 86/11/81 1123/11/81 1122/11/81
f 1124/11/81 86/11/81 1122/11/81
f 1125/11/81 86/11/81 1124/11/81
f 1126/11/81 1125/11/81 1124/11/81
f 1127/11/81 1125/11/81 1126/11/81
f 88/11/81 1125/11/81 1127/11/81
f 1128/11/81 88/11/81 1127/11/81
f 1129/13/81 781/13/81 773/13/81
f 781/13/81 1129/13/81 780/13/81
f 780/13/81 1129/13/81 1130/13/81
f 780/13/81 1130/13/81 779/13/81
f 779/13/81 1130/13/81 1131/13/81
f 779/13/81 1131/13/81 1132/13/81
f 779/13/81 1132/13/81 778/13/81
f 778/13/81 1132/13/81 1133/13/81
f 773/13/82 781/13/82 1129/13/82
f 780/13/82 1129/13/82 781/13/82
f 1130/13/82 1129/13/82 780/13/82
f 779/13/82 1130/13/82 780/13/82
f 1131/13/82 1130/13/82 779/13/82
f 1132/13/82 1131/13/82 779/13/82
f 778/13/82 1132/13/82 779/13/82
f 1133/13/82 1132/13/82 778/13/82
f 1129/13/371 85/11/371 1122/11/371
f 85/11/371 1129/13/371 773/13/371
f 1122/11/372 85/11/372 1129/13/372
f 773/13/372 1129/13/372 85/11/372
f 1124/11/374 1129/13/373 1122/11/373
f 1129/13/373 1124/11/374 1130/13/374
f 1122/11/376 1129/13/376 1124/11/375
f 1130/13/375 1124/11/375 1129/13/376
f 1126/11/377 1130/13/374 1124/11/374
f 1130/13/374 1126/11/377 1131/13/377
f 1124/11/375 1130/13/375 1126/11/378
f 1131/13/378 1126/11/378 1130/13/375
f 1132/13/379 1126/11/377 1127/11/379
f 1126/11/377 1132/13/379 1131/13/377
f 1127/11/380 1126/11/378 1132/13/380
f 1131/13/378 1132/13/380 1126/11/378
f 1133/13/381 1127/11/379 1128/11/381
f 1127/11/379 1133/13/381 1132/13/379
f 1128/11/382 1127/11/380 1133/13/382
f 1132/13/380 1133/13/382 1127/11/380
f 88/11/383 1133/13/383 1128/11/383
f 1133/13/383 88/11/383 778/13/383
f 1128/11/384 1133/13/384 88/11/384
f 778/13/384 88/11/384 1133/13/384
f 779/13/380 88/11/385 1125/11/380
f 88/11/385 779/13/380 778/13/385
f 1125/11/379 88/11/386 779/13/379
f 778/13/386 779/13/379 88/11/386
f 780/13/378 1125/11/380 86/11/378
f 1125/11/380 780/13/378 779/13/380
f 86/11/377 1125/11/379 780/13/377
f 779/13/379 780/13/377 1125/11/379
f 780/13/378 1123/11/375 781/13/375
f 1123/11/375 780/13/378 86/11/378
f 781/13/374 1123/11/374 780/13/377
f 86/11/377 780/13/377 1123/11/374
f 781/13/375 85/11/376 773/13/376
f 85/11/376 781/13/375 1123/11/375
f 773/13/373 85/11/373 781/13/374
f 1123/11/374 781/13/374 85/11/373
f 1136/13/504 1135/11/503 1134/13/503
f 1135/11/503 1136/13/504 1137/11/504
f 1134/13/506 1135/11/506 1136/13/505
f 1137/11/505 1136/13/505 1135/11/506
f 1140/13/507 1139/11/508 1138/11/507
f 1139/11/508 1140/13/507 1141/13/508
f 1138/11/509 1139/11/510 1140/13/509
f 1141/13/510 1140/13/509 1139/11/510
f 1141/13/508 1142/11/511 1139/11/508
f 1142/11/511 1141/13/508 1143/13/511
f 1139/11/510 1142/11/512 1141/13/510
f 1143/13/512 1141/13/510 1142/11/512
f 1146/11/514 1145/13/513 1144/11/513
f 1145/13/513 1146/11/514 1147/13/514
f 1144/11/516 1145/13/516 1146/11/515
f 1147/13/515 1146/11/515 1145/13/516
f 1144/11/513 1140/13/507 1138/11/507
f 1140/13/507 1144/11/513 1145/13/513
f 1138/11/509 1140/13/509 1144/11/516
f 1145/13/516 1144/11/516 1140/13/509
f 1134/13/503 1142/11/511 1143/13/511
f 1142/11/511 1134/13/503 1135/11/503
f 1143/13/512 1142/11/512 1134/13/506
f 1135/11/506 1134/13/506 1142/11/512
f 1134/13/81 1147/13/81 1136/13/81
f 1147/13/81 1134/13/81 1143/13/81
f 1147/13/81 1143/13/81 1141/13/81
f 1147/13/81 1141/13/81 1140/13/81
f 1147/13/81 1140/13/81 1145/13/81
f 1136/13/82 1147/13/82 1134/13/82
f 1143/13/82 1134/13/82 1147/13/82
f 1141/13/82 1143/13/82 1147/13/82
f 1140/13/82 1141/13/82 1147/13/82
f 1145/13/82 1140/13/82 1147/13/82
f 1150/15/385 1149/14/385 1148/14/385
f 1149/14/385 1150/15/385 1151/15/385
f 1151/15/385 1150/15/385 1152/16/385
f 1151/15/385 1152/16/385 1153/16/385
f 1153/16/385 1152/16/385 1154/17/385
f 1153/16/385 1154/17/385 1155/17/385
f 1148/14/386 1149/14/386 1150/15/386
f 1151/15/386 1150/15/386 1149/14/386
f 1152/16/386 1150/15/386 1151/15/386
f 1153/16/386 1152/16/386 1151/15/386
f 1154/17/386 1152/16/386 1153/16/386
f 1155/17/386 1154/17/386 1153/16/386
f 1156/17/517 1153/16/518 1155/17/517
f 1153/16/518 1156/17/517 1157/16/518
f 1155/17/519 1153/16/520 1156/17/519
f 1157/16/520 1156/17/519 1153/16/520
f 1149/14/521 1158/14/519 1148/14/519
f 1158/14/519 1149/14/521 1159/14/521
f 1148/14/517 1158/14/517 1149/14/522
f 1159/14/522 1149/14/522 1158/14/517
f 1152/16/523 1161/15/520 1160/16/523
f 1161/15/520 1152/16/523 1150/15/520
f 1160/16/524 1161/15/518 1152/16/524
f 1150/15/518 1152/16/524 1161/15/518
f 1162/15/386 1158/14/386 1159/14/386
f 1158/14/386 1162/15/386 1161/15/386
f 1161/15/386 1162/15/386 1157/16/386
f 1161/15/386 1157/16/386 1160/16/386
f 1160/16/386 1157/16/386 1156/17/386
f 1160/16/386 1156/17/386 1163/17/386
f 1159/14/385 1158/14/385 1162/15/385
f 1161/15/385 1162/15/385 1158/14/385
f 1157/16/385 1162/15/385 1161/15/385
f 1160/16/385 1157/16/385 1161/15/385
f 1156/17/385 1157/16/385 1160/16/385
f 1163/17/385 1156/17/385 1160/16/385
f 1151/15/524 1157/16/518 1162/15/524
f 1157/16/518 1151/15/524 1153/16/518
f 1162/15/523 1157/16/520 1151/15/523
f 1153/16/520 1151/15/523 1157/16/520
f 1148/14/519 1161/15/520 1150/15/520
f 1161/15/520 1148/14/519 1158/14/519
f 1150/15/518 1161/15/518 1148/14/517
f 1158/14/517 1148/14/517 1161/15/518
f 1160/16/523 1154/17/522 1152/16/523
f 1154/17/522 1160/16/523 1163/17/522
f 1152/16/524 1154/17/521 1160/16/524
f 1163/17/521 1160/16/524 1154/17/521
f 1163/17/522 1155/17/517 1154/17/522
f 1155/17/517 1163/17/522 1156/17/517
f 1154/17/521 1155/17/519 1163/17/521
f 1156/17/519 1163/17/521 1155/17/519
f 1151/15/524 1159/14/521 1149/14/521
f 1159/14/521 1151/15/524 1162/15/524
f 1149/14/522 1159/14/522 1151/15/523
f 1162/15/523 1151/15/523 1159/14/522
f 1166/18/521 1165/18/519 1164/18/519
f 1165/18/519 1166/18/521 1167/18/521
f 1164/18/517 1165/18/517 1166/18/522
f 1167/18/522 1166/18/522 1165/18/517
f 1170/19/523 1169/20/522 1168/19/523
f 1169/20/522 1170/19/523 1171/20/522
f 1168/19/524 1169/20/521 1170/19/524
f 1171/20/521 1170/19/524 1169/20/521
f 1172/21/386 1165/18/386 1167/18/386
f 1165/18/386 1172/21/386 1173/21/386
f 1173/21/386 1172/21/386 1174/19/386
f 1173/21/386 1174/19/386 1170/19/386
f 1170/19/386 1174/19/386 1175/20/386
f 1170/19/386 1175/20/386 1171/20/386
f 1167/18/385 1165/18/385 1172/21/385
f 1173/21/385 1172/21/385 1165/18/385
f 1174/19/385 1172/21/385 1173/21/385
f 1170/19/385 1174/19/385 1173/21/385
f 1175/20/385 1174/19/385 1170/19/385
f 1171/20/385 1175/20/385 1170/19/385
f 1168/19/523 1173/21/520 1170/19/523
f 1173/21/520 1168/19/523 1176/21/520
f 1170/19/524 1173/21/518 1168/19/524
f 1176/21/518 1168/19/524 1173/21/518
f 1171/20/522 1177/20/517 1169/20/522
f 1177/20/517 1171/20/522 1175/20/517
f 1169/20/521 1177/20/519 1171/20/521
f 1175/20/519 1171/20/521 1177/20/519
f 1178/21/524 1174/19/518 1172/21/524
f 1174/19/518 1178/21/524 1179/19/518
f 1172/21/523 1174/19/520 1178/21/523
f 1179/19/520 1178/21/523 1174/19/520
f 1175/20/517 1179/19/518 1177/20/517
f 1179/19/518 1175/20/517 1174/19/518
f 1177/20/519 1179/19/520 1175/20/519
f 1174/19/520 1175/20/519 1179/19/520
f 1164/18/519 1173/21/520 1176/21/520
f 1173/21/520 1164/18/519 1165/18/519
f 1176/21/518 1173/21/518 1164/18/517
f 1165/18/517 1164/18/517 1173/21/518
f 1176/21/385 1166/18/385 1164/18/385
f 1166/18/385 1176/21/385 1178/21/385
f 1178/21/385 1176/21/385 1168/19/385
f 1178/21/385 1168/19/385 1179/19/385
f 1179/19/385 1168/19/385 1169/20/385
f 1179/19/385 1169/20/385 1177/20/385
f 1164/18/386 1166/18/386 1176/21/386
f 1178/21/386 1176/21/386 1166/18/386
f 1168/19/386 1176/21/386 1178/21/386
f 1179/19/386 1168/19/386 1178/21/386
f 1169/20/386 1168/19/386 1179/19/386
f 1177/20/386 1169/20/386 1179/19/386
f 1178/21/524 1167/18/521 1166/18/521
f 1167/18/521 1178/21/524 1172/21/524
f 1166/18/522 1167/18/522 1178/21/523
f 1172/21/523 1178/21/523 1167/18/522
f 1182/22/525 1181/22/526 1180/22/525
f 1181/22/526 1182/22/525 1183/22/526
f 1180/22/527 1181/22/528 1182/22/527
f 1183/22/528 1182/22/527 1181/22/528
f 1186/23/527 1185/23/528 1184/23/528
f 1185/23/528 1186/23/527 1187/23/527
f 1184/23/526 1185/23/526 1186/23/525
f 1187/23/525 1186/23/525 1185/23/526
f 1184/23/528 1189/24/529 1188/24/529
f 1189/24/529 1184/23/528 1185/23/528
f 1188/24/530 1189/24/530 1184/23/526
f 1185/23/526 1184/23/526 1189/24/530
f 1190/24/531 1187/23/527 1186/23/527
f 1187/23/527 1190/24/531 1191/24/531
f 1186/23/525 1187/23/525 1190/24/532
f 1191/24/532 1190/24/532 1187/23/525
f 1190/24/531 1192/25/530 1191/24/531
f 1192/25/530 1190/24/531 1193/25/530
f 1191/24/532 1192/25/529 1190/24/532
f 1193/25/529 1190/24/532 1192/25/529
f 1191/24/533 1185/23/533 1187/23/533
f 1185/23/533 1191/24/533 1189/24/533
f 1189/24/533 1191/24/533 1192/25/533
f 1189/24/533 1192/25/533 1194/25/533
f 1194/25/533 1192/25/533 1183/22/533
f 1194/25/533 1183/22/533 1182/22/533
f 1187/23/534 1185/23/534 1191/24/534
f 1189/24/534 1191/24/534 1185/23/534
f 1192/25/534 1191/24/534 1189/24/534
f 1194/25/534 1192/25/534 1189/24/534
f 1183/22/534 1192/25/534 1194/25/534
f 1182/22/534 1183/22/534 1194/25/534
f 1183/22/526 1193/25/530 1181/22/526
f 1193/25/530 1183/22/526 1192/25/530
f 1181/22/528 1193/25/529 1183/22/528
f 1192/25/529 1183/22/528 1193/25/529
f 1195/25/532 1189/24/529 1194/25/532
f 1189/24/529 1195/25/532 1188/24/529
f 1194/25/531 1189/24/530 1195/25/531
f 1188/24/530 1195/25/531 1189/24/530
f 1194/25/532 1180/22/525 1195/25/532
f 1180/22/525 1194/25/532 1182/22/525
f 1195/25/531 1180/22/527 1194/25/531
f 1182/22/527 1194/25/531 1180/22/527
f 1188/24/534 1186/23/534 1184/23/534
f 1186/23/534 1188/24/534 1190/24/534
f 1190/24/534 1188/24/534 1195/25/534
f 1190/24/534 1195/25/534 1193/25/534
f 1193/25/534 1195/25/534 1180/22/534
f 1193/25/534 1180/22/534 1181/22/534
f 1184/23/533 1186/23/533 1188/24/533
f 1190/24/533 1188/24/533 1186/23/533
f 1195/25/533 1188/24/533 1190/24/533
f 1193/25/533 1195/25/533 1190/24/533
f 1180/22/533 1195/25/533 1193/25/533
f 1181/22/533 1180/22/533 1193/25/533
f 1198/26/535 1197/27/536 1196/26/535
f 1197/27/536 1198/26/535 1199/27/536
f 1196/26/537 1197/27/538 1198/26/537
f 1199/27/538 1198/26/537 1197/27/538
f 1201/26/539 1196/26/535 1200/26/539
f 1196/26/535 1201/26/539 1198/26/535
f 1200/26/540 1196/26/537 1201/26/540
f 1198/26/537 1201/26/540 1196/26/537
f 1204/27/541 1203/28/538 1202/28/538
f 1203/28/538 1204/27/541 1205/27/541
f 1202/28/536 1203/28/536 1204/27/542
f 1205/27/542 1204/27/542 1203/28/536
f 1197/27/536 1207/28/542 1206/28/542
f 1207/28/542 1197/27/536 1199/27/536
f 1206/28/541 1207/28/541 1197/27/538
f 1199/27/538 1197/27/538 1207/28/541
f 1208/29/373 1204/27/373 1202/28/373
f 1204/27/373 1208/29/373 1201/26/373
f 1201/26/373 1208/29/373 1209/29/373
f 1201/26/373 1209/29/373 1198/26/373
f 1198/26/373 1209/29/373 1207/28/373
f 1198/26/373 1207/28/373 1199/27/373
f 1202/28/376 1204/27/376 1208/29/376
f 1201/26/376 1208/29/376 1204/27/376
f 1209/29/376 1208/29/376 1201/26/376
f 1198/26/376 1209/29/376 1201/26/376
f 1207/28/376 1209/29/376 1198/26/376
f 1199/27/376 1207/28/376 1198/26/376
f 1210/29/537 1202/28/538 1203/28/538
f 1202/28/538 1210/29/537 1208/29/537
f 1203/28/536 1202/28/536 1210/29/535
f 1208/29/535 1210/29/535 1202/28/536
f 1204/27/541 1200/26/539 1205/27/541
f 1200/26/539 1204/27/541 1201/26/539
f 1205/27/542 1200/26/540 1204/27/542
f 1201/26/540 1204/27/542 1200/26/540
f 1200/26/376 1203/28/376 1205/27/376
f 1203/28/376 1200/26/376 1210/29/376
f 1210/29/376 1200/26/376 1196/26/376
f 1210/29/376 1196/26/376 1211/29/376
f 1211/29/376 1196/26/376 1197/27/376
f 1211/29/376 1197/27/376 1206/28/376
f 1205/27/373 1203/28/373 1200/26/373
f 1210/29/373 1200/26/373 1203/28/373
f 1196/26/373 1200/26/373 1210/29/373
f 1211/29/373 1196/26/373 1210/29/373
f 1197/27/373 1196/26/373 1211/29/373
f 1206/28/373 1197/27/373 1211/29/373
f 1206/28/542 1209/29/540 1211/29/540
f 1209/29/540 1206/28/542 1207/28/542
f 1211/29/539 1209/29/539 1206/28/541
f 1207/28/541 1206/28/541 1209/29/539
f 1211/29/540 1208/29/537 1210/29/537
f 1208/29/537 1211/29/540 1209/29/540
f 1210/29/535 1208/29/535 1211/29/539
f 1209/29/539 1211/29/539 1208/29/535
f 1214/11/390 1213/12/389 1212/11/389
f 1213/12/389 1214/11/390 1215/12/390
f 1212/11/392 1213/12/392 1214/11/391
f 1215/12/391 1214/11/391 1213/12/392
f 1216/11/393 1215/12/390 1214/11/390
f 1215/12/390 1216/11/393 1217/12/393
f 1214/11/391 1215/12/391 1216/11/394
f 1217/12/394 1216/11/394 1215/12/391
f 1220/12/402 1219/11/395 1218/11/402
f 1219/11/395 1220/12/402 1221/12/395
f 1218/11/401 1219/11/396 1220/12/401
f 1221/12/396 1220/12/401 1219/11/396
f 1221/12/395 1216/11/393 1219/11/395
f 1216/11/393 1221/12/395 1217/12/393
f 1219/11/396 1216/11/394 1221/12/396
f 1217/12/394 1221/12/396 1216/11/394
f 1213/12/81 1223/12/81 1222/12/81
f 1223/12/81 1213/12/81 1215/12/81
f 1223/12/81 1215/12/81 1224/12/81
f 1224/12/81 1215/12/81 1217/12/81
f 1224/12/81 1217/12/81 1225/12/81
f 1225/12/81 1217/12/81 1221/12/81
f 1225/12/81 1221/12/81 1226/12/81
f 1226/12/81 1221/12/81 1220/12/81
f 1222/12/82 1223/12/82 1213/12/82
f 1215/12/82 1213/12/82 1223/12/82
f 1224/12/82 1215/12/82 1223/12/82
f 1217/12/82 1215/12/82 1224/12/82
f 1225/12/82 1217/12/82 1224/12/82
f 1221/12/82 1217/12/82 1225/12/82
f 1226/12/82 1221/12/82 1225/12/82
f 1220/12/82 1221/12/82 1226/12/82
f 1213/12/387 782/11/387 1212/11/387
f 782/11/387 1213/12/387 1222/12/387
f 1212/11/388 782/11/388 1213/12/388
f 1222/12/388 1213/12/388 782/11/388
f 790/11/399 1220/12/399 1218/11/399
f 1220/12/399 790/11/399 1226/12/399
f 1218/11/400 1220/12/400 790/11/400
f 1226/12/400 790/11/400 1220/12/400
f 1225/12/396 790/11/401 788/11/396
f 790/11/401 1225/12/396 1226/12/401
f 788/11/395 790/11/402 1225/12/395
f 1226/12/402 1225/12/395 790/11/402
f 1224/12/394 788/11/396 786/11/394
f 788/11/396 1224/12/394 1225/12/396
f 786/11/393 788/11/395 1224/12/393
f 1225/12/395 1224/12/393 788/11/395
f 1224/12/394 783/11/391 1223/12/391
f 783/11/391 1224/12/394 786/11/394
f 1223/12/390 783/11/390 1224/12/393
f 786/11/393 1224/12/393 783/11/390
f 1223/12/391 782/11/392 1222/12/392
f 782/11/392 1223/12/391 783/11/391
f 1222/12/389 782/11/389 1223/12/390
f 783/11/390 1223/12/390 782/11/389
f 1228/11/82 1227/11/82 129/11/82
f 1227/11/82 1228/11/82 130/11/82
f 1227/11/82 130/11/82 1229/11/82
f 1229/11/82 130/11/82 1230/11/82
f 1229/11/82 1230/11/82 1231/11/82
f 1231/11/82 1230/11/82 1232/11/82
f 1232/11/82 1230/11/82 132/11/82
f 1232/11/82 132/11/82 1233/11/82
f 129/11/81 1227/11/81 1228/11/81
f 130/11/81 1228/11/81 1227/11/81
f 1229/11/81 130/11/81 1227/11/81
f 1230/11/81 130/11/81 1229/11/81
f 1231/11/81 1230/11/81 1229/11/81
f 1232/11/81 1230/11/81 1231/11/81
f 132/11/81 1230/11/81 1232/11/81
f 1233/11/81 132/11/81 1232/11/81
f 1234/13/81 801/13/81 793/13/81
f 801/13/81 1234/13/81 800/13/81
f 800/13/81 1234/13/81 1235/13/81
f 800/13/81 1235/13/81 799/13/81
f 799/13/81 1235/13/81 1236/13/81
f 799/13/81 1236/13/81 1237/13/81
f 799/13/81 1237/13/81 798/13/81
f 798/13/81 1237/13/81 1238/13/81
f 793/13/82 801/13/82 1234/13/82
f 800/13/82 1234/13/82 801/13/82
f 1235/13/82 1234/13/82 800/13/82
f 799/13/82 1235/13/82 800/13/82
f 1236/13/82 1235/13/82 799/13/82
f 1237/13/82 1236/13/82 799/13/82
f 798/13/82 1237/13/82 799/13/82
f 1238/13/82 1237/13/82 798/13/82
f 1234/13/387 129/11/387 1227/11/387
f 129/11/387 1234/13/387 793/13/387
f 1227/11/388 129/11/388 1234/13/388
f 793/13/388 1234/13/388 129/11/388
f 1229/11/390 1234/13/389 1227/11/389
f 1234/13/389 1229/11/390 1235/13/390
f 1227/11/392 1234/13/392 1229/11/391
f 1235/13/391 1229/11/391 1234/13/392
f 1231/11/393 1235/13/390 1229/11/390
f 1235/13/390 1231/11/393 1236/13/393
f 1229/11/391 1235/13/391 1231/11/394
f 1236/13/394 1231/11/394 1235/13/391
f 1237/13/395 1231/11/393 1232/11/395
f 1231/11/393 1237/13/395 1236/13/393
f 1232/11/396 1231/11/394 1237/13/396
f 1236/13/394 1237/13/396 1231/11/394
f 1238/13/397 1232/11/395 1233/11/397
f 1232/11/395 1238/13/397 1237/13/395
f 1233/11/398 1232/11/396 1238/13/398
f 1237/13/396 1238/13/398 1232/11/396
f 132/11/399 1238/13/399 1233/11/399
f 1238/13/399 132/11/399 798/13/399
f 1233/11/400 1238/13/400 132/11/400
f 798/13/400 132/11/400 1238/13/400
f 799/13/396 132/11/401 1230/11/396
f 132/11/401 799/13/396 798/13/401
f 1230/11/395 132/11/402 799/13/395
f 798/13/402 799/13/395 132/11/402
f 800/13/394 1230/11/396 130/11/394
f 1230/11/396 800/13/394 799/13/396
f 130/11/393 1230/11/395 800/13/393
f 799/13/395 800/13/393 1230/11/395
f 800/13/394 1228/11/391 801/13/391
f 1228/11/391 800/13/394 130/11/394
f 801/13/390 1228/11/390 800/13/393
f 130/11/393 800/13/393 1228/11/390
f 801/13/391 129/11/392 793/13/392
f 129/11/392 801/13/391 1228/11/391
f 793/13/389 129/11/389 801/13/390
f 1228/11/390 801/13/390 129/11/389
f 1241/13/544 1240/11/543 1239/13/543
f 1240/11/543 1241/13/544 1242/11/544
f 1239/13/546 1240/11/546 1241/13/545
f 1242/11/545 1241/13/545 1240/11/546
f 1245/13/547 1244/11/548 1243/11/547
f 1244/11/548 1245/13/547 1246/13/548
f 1243/11/549 1244/11/550 1245/13/549
f 1246/13/550 1245/13/549 1244/11/550
f 1246/13/548 1247/11/551 1244/11/548
f 1247/11/551 1246/13/548 1248/13/551
f 1244/11/550 1247/11/552 1246/13/550
f 1248/13/552 1246/13/550 1247/11/552
f 1251/11/554 1250/13/553 1249/11/553
f 1250/13/553 1251/11/554 1252/13/554
f 1249/11/556 1250/13/556 1251/11/555
f 1252/13/555 1251/11/555 1250/13/556
f 1249/11/553 1245/13/547 1243/11/547
f 1245/13/547 1249/11/553 1250/13/553
f 1243/11/549 1245/13/549 1249/11/556
f 1250/13/556 1249/11/556 1245/13/549
f 1239/13/543 1247/11/551 1248/13/551
f 1247/11/551 1239/13/543 1240/11/543
f 1248/13/552 1247/11/552 1239/13/546
f 1240/11/546 1239/13/546 1247/11/552
f 1239/13/81 1252/13/81 1241/13/81
f 1252/13/81 1239/13/81 1248/13/81
f 1252/13/81 1248/13/81 1246/13/81
f 1252/13/81 1246/13/81 1245/13/81
f 1252/13/81 1245/13/81 1250/13/81
f 1241/13/82 1252/13/82 1239/13/82
f 1248/13/82 1239/13/82 1252/13/82
f 1246/13/82 1248/13/82 1252/13/82
f 1245/13/82 1246/13/82 1252/13/82
f 1250/13/82 1245/13/82 1252/13/82
f 1255/15/401 1254/14/401 1253/14/401
f 1254/14/401 1255/15/401 1256/15/401
f 1256/15/401 1255/15/401 1257/16/401
f 1256/15/401 1257/16/401 1258/16/401
f 1258/16/401 1257/16/401 1259/17/401
f 1258/16/401 1259/17/401 1260/17/401
f 1253/14/402 1254/14/402 1255/15/402
f 1256/15/402 1255/15/402 1254/14/402
f 1257/16/402 1255/15/402 1256/15/402
f 1258/16/402 1257/16/402 1256/15/402
f 1259/17/402 1257/16/402 1258/16/402
f 1260/17/402 1259/17/402 1258/16/402
f 1261/17/557 1258/16/558 1260/17/557
f 1258/16/558 1261/17/557 1262/16/558
f 1260/17/559 1258/16/560 1261/17/559
f 1262/16/560 1261/17/559 1258/16/560
f 1254/14/561 1263/14/559 1253/14/559
f 1263/14/559 1254/14/561 1264/14/561
f 1253/14/557 1263/14/557 1254/14/562
f 1264/14/562 1254/14/562 1263/14/557
f 1257/16/563 1266/15/560 1265/16/563
f 1266/15/560 1257/16/563 1255/15/560
f 1265/16/564 1266/15/558 1257/16/564
f 1255/15/558 1257/16/564 1266/15/558
f 1267/15/402 1263/14/402 1264/14/402
f 1263/14/402 1267/15/402 1266/15/402
f 1266/15/402 1267/15/402 1262/16/402
f 1266/15/402 1262/16/402 1265/16/402
f 1265/16/402 1262/16/402 1261/17/402
f 1265/16/402 1261/17/402 1268/17/402
f 1264/14/401 1263/14/401 1267/15/401
f 1266/15/401 1267/15/401 1263/14/401
f 1262/16/401 1267/15/401 1266/15/401
f 1265/16/401 1262/16/401 1266/15/401
f 1261/17/401 1262/16/401 1265/16/401
f 1268/17/401 1261/17/401 1265/16/401
f 1256/15/564 1262/16/558 1267/15/564
f 1262/16/558 1256/15/564 1258/16/558
f 1267/15/563 1262/16/560 1256/15/563
f 1258/16/560 1256/15/563 1262/16/560
f 1253/14/559 1266/15/560 1255/15/560
f 1266/15/560 1253/14/559 1263/14/559
f 1255/15/558 1266/15/558 1253/14/557
f 1263/14/557 1253/14/557 1266/15/558
f 1265/16/563 1259/17/562 1257/16/563
f 1259/17/562 1265/16/563 1268/17/562
f 1257/16/564 1259/17/561 1265/16/564
f 1268/17/561 1265/16/564 1259/17/561
f 1268/17/562 1260/17/557 1259/17/562
f 1260/17/557 1268/17/562 1261/17/557
f 1259/17/561 1260/17/559 1268/17/561
f 1261/17/559 1268/17/561 1260/17/559
f 1256/15/564 1264/14/561 1254/14/561
f 1264/14/561 1256/15/564 1267/15/564
f 1254/14/562 1264/14/562 1256/15/563
f 1267/15/563 1256/15/563 1264/14/562
f 1271/18/561 1270/18/559 1269/18/559
f 1270/18/559 1271/18/561 1272/18/561
f 1269/18/557 1270/18/557 1271/18/562
f 1272/18/562 1271/18/562 1270/18/557
f 1275/19/563 1274/20/562 1273/19/563
f 1274/20/562 1275/19/563 1276/20/562
f 1273/19/564 1274/20/561 1275/19/564
f 1276/20/561 1275/19/564 1274/20/561
f 1277/21/402 1270/18/402 1272/18/402
f 1270/18/402 1277/21/402 1278/21/402
f 1278/21/402 1277/21/402 1279/19/402
f 1278/21/402 1279/19/402 1275/19/402
f 1275/19/402 1279/19/402 1280/20/402
f 1275/19/402 1280/20/402 1276/20/402
f 1272/18/401 1270/18/401 1277/21/401
f 1278/21/401 1277/21/401 1270/18/401
f 1279/19/401 1277/21/401 1278/21/401
f 1275/19/401 1279/19/401 1278/21/401
f 1280/20/401 1279/19/401 1275/19/401
f 1276/20/401 1280/20/401 1275/19/401
f 1273/19/563 1278/21/560 1275/19/563
f 1278/21/560 1273/19/563 1281/21/560
f 1275/19/564 1278/21/558 1273/19/564
f 1281/21/558 1273/19/564 1278/21/558
f 1276/20/562 1282/20/557 1274/20/562
f 1282/20/557 1276/20/562 1280/20/557
f 1274/20/561 1282/20/559 1276/20/561
f 1280/20/559 1276/20/561 1282/20/559
f 1283/21/564 1279/19/558 1277/21/564
f 1279/19/558 1283/21/564 1284/19/558
f 1277/21/563 1279/19/560 1283/21/563
f 1284/19/560 1283/21/563 1279/19/560
f 1280/20/557 1284/19/558 1282/20/557
f 1284/19/558 1280/20/557 1279/19/558
f 1282/20/559 1284/19/560 1280/20/559
f 1279/19/560 1280/20/559 1284/19/560
f 1269/18/559 1278/21/560 1281/21/560
f 1278/21/560 1269/18/559 1270/18/559
f 1281/21/558 1278/21/558 1269/18/557
f 1270/18/557 1269/18/557 1278/21/558
f 1281/21/401 1271/18/401 1269/18/401
f 1271/18/401 1281/21/401 1283/21/401
f 1283/21/401 1281/21/401 1273/19/401
f 1283/21/401 1273/19/401 1284/19/401
f 1284/19/401 1273/19/401 1274/20/401
f 1284/19/401 1274/20/401 1282/20/401
f 1269/18/402 1271/18/402 1281/21/402
f 1283/21/402 1281/21/402 1271/18/402
f 1273/19/402 1281/21/402 1283/21/402
f 1284/19/402 1273/19/402 1283/21/402
f 1274/20/402 1273/19/402 1284/19/402
f 1282/20/402 1274/20/402 1284/19/402
f 1283/21/564 1272/18/561 1271/18/561
f 1272/18/561 1283/21/564 1277/21/564
f 1271/18/562 1272/18/562 1283/21/563
f 1277/21/563 1283/21/563 1272/18/562
f 1287/22/565 1286/22/566 1285/22/565
f 1286/22/566 1287/22/565 1288/22/566
f 1285/22/567 1286/22/568 1287/22/567
f 1288/22/568 1287/22/567 1286/22/568
f 1291/23/567 1290/23/568 1289/23/568
f 1290/23/568 1291/23/567 1292/23/567
f 1289/23/566 1290/23/566 1291/23/565
f 1292/23/565 1291/23/565 1290/23/566
f 1289/23/568 1294/24/569 1293/24/569
f 1294/24/569 1289/23/568 1290/23/568
f 1293/24/570 1294/24/570 1289/23/566
f 1290/23/566 1289/23/566 1294/24/570
f 1295/24/571 1292/23/567 1291/23/567
f 1292/23/567 1295/24/571 1296/24/571
f 1291/23/565 1292/23/565 1295/24/572
f 1296/24/572 1295/24/572 1292/23/565
f 1295/24/571 1297/25/570 1296/24/571
f 1297/25/570 1295/24/571 1298/25/570
f 1296/24/572 1297/25/569 1295/24/572
f 1298/25/569 1295/24/572 1297/25/569
f 1296/24/573 1290/23/573 1292/23/573
f 1290/23/573 1296/24/573 1294/24/573
f 1294/24/573 1296/24/573 1297/25/573
f 1294/24/573 1297/25/573 1299/25/573
f 1299/25/573 1297/25/573 1288/22/573
f 1299/25/573 1288/22/573 1287/22/573
f 1292/23/574 1290/23/574 1296/24/574
f 1294/24/574 1296/24/574 1290/23/574
f 1297/25/574 1296/24/574 1294/24/574
f 1299/25/574 1297/25/574 1294/24/574
f 1288/22/574 1297/25/574 1299/25/574
f 1287/22/574 1288/22/574 1299/25/574
f 1288/22/566 1298/25/570 1286/22/566
f 1298/25/570 1288/22/566 1297/25/570
f 1286/22/568 1298/25/569 1288/22/568
f 1297/25/569 1288/22/568 1298/25/569
f 1300/25/572 1294/24/569 1299/25/572
f 1294/24/569 1300/25/572 1293/24/569
f 1299/25/571 1294/24/570 1300/25/571
f 1293/24/570 1300/25/571 1294/24/570
f 1299/25/572 1285/22/565 1300/25/572
f 1285/22/565 1299/25/572 1287/22/565
f 1300/25/571 1285/22/567 1299/25/571
f 1287/22/567 1299/25/571 1285/22/567
f 1293/24/574 1291/23/574 1289/23/574
f 1291/23/574 1293/24/574 1295/24/574
f 1295/24/574 1293/24/574 1300/25/574
f 1295/24/574 1300/25/574 1298/25/574
f 1298/25/574 1300/25/574 1285/22/574
f 1298/25/574 1285/22/574 1286/22/574
f 1289/23/573 1291/23/573 1293/24/573
f 1295/24/573 1293/24/573 1291/23/573
f 1300/25/573 1293/24/573 1295/24/573
f 1298/25/573 1300/25/573 1295/24/573
f 1285/22/573 1300/25/573 1298/25/573
f 1286/22/573 1285/22/573 1298/25/573
f 1303/26/575 1302/27/576 1301/26/575
f 1302/27/576 1303/26/575 1304/27/576
f 1301/26/577 1302/27/578 1303/26/577
f 1304/27/578 1303/26/577 1302/27/578
f 1306/26/579 1301/26/575 1305/26/579
f 1301/26/575 1306/26/579 1303/26/575
f 1305/26/580 1301/26/577 1306/26/580
f 1303/26/577 1306/26/580 1301/26/577
f 1309/27/581 1308/28/578 1307/28/578
f 1308/28/578 1309/27/581 1310/27/581
f 1307/28/576 1308/28/576 1309/27/582
f 1310/27/582 1309/27/582 1308/28/576
f 1302/27/576 1312/28/582 1311/28/582
f 1312/28/582 1302/27/576 1304/27/576
f 1311/28/581 1312/28/581 1302/27/578
f 1304/27/578 1302/27/578 1312/28/581
f 1313/29/389 1309/27/389 1307/28/389
f 1309/27/389 1313/29/389 1306/26/389
f 1306/26/389 1313/29/389 1314/29/389
f 1306/26/389 1314/29/389 1303/26/389
f 1303/26/389 1314/29/389 1312/28/389
f 1303/26/389 1312/28/389 1304/27/389
f 1307/28/392 1309/27/392 1313/29/392
f 1306/26/392 1313/29/392 1309/27/392
f 1314/29/392 1313/29/392 1306/26/392
f 1303/26/392 1314/29/392 1306/26/392
f 1312/28/392 1314/29/392 1303/26/392
f 1304/27/392 1312/28/392 1303/26/392
f 1315/29/577 1307/28/578 1308/28/578
f 1307/28/578 1315/29/577 1313/29/577
f 1308/28/576 1307/28/576 1315/29/575
f 1313/29/575 1315/29/575 1307/28/576
f 1309/27/581 1305/26/579 1310/27/581
f 1305/26/579 1309/27/581 1306/26/579
f 1310/27/582 1305/26/580 1309/27/582
f 1306/26/580 1309/27/582 1305/26/580
f 1305/26/392 1308/28/392 1310/27/392
f 1308/28/392 1305/26/392 1315/29/392
f 1315/29/392 1305/26/392 1301/26/392
f 1315/29/392 1301/26/392 1316/29/392
f 1316/29/392 1301/26/392 1302/27/392
f 1316/29/392 1302/27/392 1311/28/392
f 1310/27/389 1308/28/389 1305/26/389
f 1315/29/389 1305/26/389 1308/28/389
f 1301/26/389 1305/26/389 1315/29/389
f 1316/29/389 1301/26/389 1315/29/389
f 1302/27/389 1301/26/389 1316/29/389
f 1311/28/389 1302/27/389 1316/29/389
f 1311/28/582 1314/29/580 1316/29/580
f 1314/29/580 1311/28/582 1312/28/582
f 1316/29/579 1314/29/579 1311/28/581
f 1312/28/581 1311/28/581 1314/29/579
f 1316/29/580 1313/29/577 1315/29/577
f 1313/29/577 1316/29/580 1314/29/580
f 1315/29/575 1313/29/575 1316/29/579
f 1314/29/579 1316/29/579 1313/29/575
f 1319/11/375 1318/12/405 1317/11/405
f 1318/12/405 1319/11/375 1320/12/375
f 1317/11/406 1318/12/406 1319/11/374
f 1320/12/374 1319/11/374 1318/12/406
f 1321/11/378 1320/12/375 1319/11/375
f 1320/12/375 1321/11/378 1322/12/378
f 1319/11/374 1320/12/374 1321/11/377
f 1322/12/377 1321/11/377 1320/12/374
f 1325/12/410 1324/11/380 1323/11/410
f 1324/11/380 1325/12/410 1326/12/380
f 1323/11/409 1324/11/379 1325/12/409
f 1326/12/379 1325/12/409 1324/11/379
f 1326/12/380 1321/11/378 1324/11/380
f 1321/11/378 1326/12/380 1322/12/378
f 1324/11/379 1321/11/377 1326/12/379
f 1322/12/377 1326/12/379 1321/11/377
f 1318/12/81 1328/12/81 1327/12/81
f 1328/12/81 1318/12/81 1320/12/81
f 1328/12/81 1320/12/81 1329/12/81
f 1329/12/81 1320/12/81 1322/12/81
f 1329/12/81 1322/12/81 1330/12/81
f 1330/12/81 1322/12/81 1326/12/81
f 1330/12/81 1326/12/81 1331/12/81
f 1331/12/81 1326/12/81 1325/12/81
f 1327/12/82 1328/12/82 1318/12/82
f 1320/12/82 1318/12/82 1328/12/82
f 1329/12/82 1320/12/82 1328/12/82
f 1322/12/82 1320/12/82 1329/12/82
f 1330/12/82 1322/12/82 1329/12/82
f 1326/12/82 1322/12/82 1330/12/82
f 1331/12/82 1326/12/82 1330/12/82
f 1325/12/82 1326/12/82 1331/12/82
f 1318/12/403 802/11/403 1317/11/403
f 802/11/403 1318/12/403 1327/12/403
f 1317/11/404 802/11/404 1318/12/404
f 1327/12/404 1318/12/404 802/11/404
f 810/11/407 1325/12/407 1323/11/407
f 1325/12/407 810/11/407 1331/12/407
f 1323/11/408 1325/12/408 810/11/408
f 1331/12/408 810/11/408 1325/12/408
f 1330/12/379 810/11/409 808/11/379
f 810/11/409 1330/12/379 1331/12/409
f 808/11/380 810/11/410 1330/12/380
f 1331/12/410 1330/12/380 810/11/410
f 1329/12/377 808/11/379 806/11/377
f 808/11/379 1329/12/377 1330/12/379
f 806/11/378 808/11/380 1329/12/378
f 1330/12/380 1329/12/378 808/11/380
f 1329/12/377 803/11/374 1328/12/374
f 803/11/374 1329/12/377 806/11/377
f 1328/12/375 803/11/375 1329/12/378
f 806/11/378 1329/12/378 803/11/375
f 1328/12/374 802/11/406 1327/12/406
f 802/11/406 1328/12/374 803/11/374
f 1327/12/405 802/11/405 1328/12/375
f 803/11/375 1328/12/375 802/11/405
f 1333/11/82 1332/11/82 173/11/82
f 1332/11/82 1333/11/82 174/11/82
f 1332/11/82 174/11/82 1334/11/82
f 1334/11/82 174/11/82 1335/11/82
f 1334/11/82 1335/11/82 1336/11/82
f 1336/11/82 1335/11/82 1337/11/82
f 1337/11/82 1335/11/82 176/11/82
f 1337/11/82 176/11/82 1338/11/82
f 173/11/81 1332/11/81 1333/11/81
f 174/11/81 1333/11/81 1332/11/81
f 1334/11/81 174/11/81 1332/11/81
f 1335/11/81 174/11/81 1334/11/81
f 1336/11/81 1335/11/81 1334/11/81
f 1337/11/81 1335/11/81 1336/11/81
f 176/11/81 1335/11/81 1337/11/81
f 1338/11/81 176/11/81 1337/11/81
f 1339/13/81 821/13/81 813/13/81
f 821/13/81 1339/13/81 820/13/81
f 820/13/81 1339/13/81 1340/13/81
f 820/13/81 1340/13/81 819/13/81
f 819/13/81 1340/13/81 1341/13/81
f 819/13/81 1341/13/81 1342/13/81
f 819/13/81 1342/13/81 818/13/81
f 818/13/81 1342/13/81 1343/13/81
f 813/13/82 821/13/82 1339/13/82
f 820/13/82 1339/13/82 821/13/82
f 1340/13/82 1339/13/82 820/13/82
f 819/13/82 1340/13/82 820/13/82
f 1341/13/82 1340/13/82 819/13/82
f 1342/13/82 1341/13/82 819/13/82
f 818/13/82 1342/13/82 819/13/82
f 1343/13/82 1342/13/82 818/13/82
f 1339/13/403 173/11/403 1332/11/403
f 173/11/403 1339/13/403 813/13/403
f 1332/11/404 173/11/404 1339/13/404
f 813/13/404 1339/13/404 173/11/404
f 1334/11/375 1339/13/405 1332/11/405
f 1339/13/405 1334/11/375 1340/13/375
f 1332/11/406 1339/13/406 1334/11/374
f 1340/13/374 1334/11/374 1339/13/406
f 1336/11/378 1340/13/375 1334/11/375
f 1340/13/375 1336/11/378 1341/13/378
f 1334/11/374 1340/13/374 1336/11/377
f 1341/13/377 1336/11/377 1340/13/374
f 1342/13/380 1336/11/378 1337/11/380
f 1336/11/378 1342/13/380 1341/13/378
f 1337/11/379 1336/11/377 1342/13/379
f 1341/13/377 1342/13/379 1336/11/377
f 1343/13/385 1337/11/380 1338/11/385
f 1337/11/380 1343/13/385 1342/13/380
f 1338/11/386 1337/11/379 1343/13/386
f 1342/13/379 1343/13/386 1337/11/379
f 176/11/407 1343/13/407 1338/11/407
f 1343/13/407 176/11/407 818/13/407
f 1338/11/408 1343/13/408 176/11/408
f 818/13/408 176/11/408 1343/13/408
f 819/13/379 176/11/409 1335/11/379
f 176/11/409 819/13/379 818/13/409
f 1335/11/380 176/11/410 819/13/380
f 818/13/410 819/13/380 176/11/410
f 820/13/377 1335/11/379 174/11/377
f 1335/11/379 820/13/377 819/13/379
f 174/11/378 1335/11/380 820/13/378
f 819/13/380 820/13/378 1335/11/380
f 820/13/377 1333/11/374 821/13/374
f 1333/11/374 820/13/377 174/11/377
f 821/13/375 1333/11/375 820/13/378
f 174/11/378 820/13/378 1333/11/375
f 821/13/374 173/11/406 813/13/406
f 173/11/406 821/13/374 1333/11/374
f 813/13/405 173/11/405 821/13/375
f 1333/11/375 821/13/375 173/11/405
f 1346/13/505 1345/11/506 1344/13/506
f 1345/11/506 1346/13/505 1347/11/505
f 1344/13/503 1345/11/503 1346/13/504
f 1347/11/504 1346/13/504 1345/11/503
f 1350/13/509 1349/11/510 1348/11/509
f 1349/11/510 1350/13/509 1351/13/510
f 1348/11/507 1349/11/508 1350/13/507
f 1351/13/508 1350/13/507 1349/11/508
f 1351/13/510 1352/11/512 1349/11/510
f 1352/11/512 1351/13/510 1353/13/512
f 1349/11/508 1352/11/511 1351/13/508
f 1353/13/511 1351/13/508 1352/11/511
f 1356/11/515 1355/13/516 1354/11/516
f 1355/13/516 1356/11/515 1357/13/515
f 1354/11/513 1355/13/513 1356/11/514
f 1357/13/514 1356/11/514 1355/13/513
f 1354/11/516 1350/13/509 1348/11/509
f 1350/13/509 1354/11/516 1355/13/516
f 1348/11/507 1350/13/507 1354/11/513
f 1355/13/513 1354/11/513 1350/13/507
f 1344/13/506 1352/11/512 1353/13/512
f 1352/11/512 1344/13/506 1345/11/506
f 1353/13/511 1352/11/511 1344/13/503
f 1345/11/503 1344/13/503 1352/11/511
f 1344/13/81 1357/13/81 1346/13/81
f 1357/13/81 1344/13/81 1353/13/81
f 1357/13/81 1353/13/81 1351/13/81
f 1357/13/81 1351/13/81 1350/13/81
f 1357/13/81 1350/13/81 1355/13/81
f 1346/13/82 1357/13/82 1344/13/82
f 1353/13/82 1344/13/82 1357/13/82
f 1351/13/82 1353/13/82 1357/13/82
f 1350/13/82 1351/13/82 1357/13/82
f 1355/13/82 1350/13/82 1357/13/82
f 1360/15/409 1359/14/409 1358/14/409
f 1359/14/409 1360/15/409 1361/15/409
f 1361/15/409 1360/15/409 1362/16/409
f 1361/15/409 1362/16/409 1363/16/409
f 1363/16/409 1362/16/409 1364/17/409
f 1363/16/409 1364/17/409 1365/17/409
f 1358/14/410 1359/14/410 1360/15/410
f 1361/15/410 1360/15/410 1359/14/410
f 1362/16/410 1360/15/410 1361/15/410
f 1363/16/410 1362/16/410 1361/15/410
f 1364/17/410 1362/16/410 1363/16/410
f 1365/17/410 1364/17/410 1363/16/410
f 1366/17/583 1363/16/584 1365/17/583
f 1363/16/584 1366/17/583 1367/16/584
f 1365/17/585 1363/16/586 1366/17/585
f 1367/16/586 1366/17/585 1363/16/586
f 1359/14/587 1368/14/585 1358/14/585
f 1368/14/585 1359/14/587 1369/14/587
f 1358/14/583 1368/14/583 1359/14/588
f 1369/14/588 1359/14/588 1368/14/583
f 1362/16/589 1371/15/586 1370/16/589
f 1371/15/586 1362/16/589 1360/15/586
f 1370/16/590 1371/15/584 1362/16/590
f 1360/15/584 1362/16/590 1371/15/584
f 1372/15/410 1368/14/410 1369/14/410
f 1368/14/410 1372/15/410 1371/15/410
f 1371/15/410 1372/15/410 1367/16/410
f 1371/15/410 1367/16/410 1370/16/410
f 1370/16/410 1367/16/410 1366/17/410
f 1370/16/410 1366/17/410 1373/17/410
f 1369/14/409 1368/14/409 1372/15/409
f 1371/15/409 1372/15/409 1368/14/409
f 1367/16/409 1372/15/409 1371/15/409
f 1370/16/409 1367/16/409 1371/15/409
f 1366/17/409 1367/16/409 1370/16/409
f 1373/17/409 1366/17/409 1370/16/409
f 1361/15/590 1367/16/584 1372/15/590
f 1367/16/584 1361/15/590 1363/16/584
f 1372/15/589 1367/16/586 1361/15/589
f 1363/16/586 1361/15/589 1367/16/586
f 1358/14/585 1371/15/586 1360/15/586
f 1371/15/586 1358/14/585 1368/14/585
f 1360/15/584 1371/15/584 1358/14/583
f 1368/14/583 1358/14/583 1371/15/584
f 1370/16/589 1364/17/588 1362/16/589
f 1364/17/588 1370/16/589 1373/17/588
f 1362/16/590 1364/17/587 1370/16/590
f 1373/17/587 1370/16/590 1364/17/587
f 1373/17/588 1365/17/583 1364/17/588
f 1365/17/583 1373/17/588 1366/17/583
f 1364/17/587 1365/17/585 1373/17/587
f 1366/17/585 1373/17/587 1365/17/585
f 1361/15/590 1369/14/587 1359/14/587
f 1369/14/587 1361/15/590 1372/15/590
f 1359/14/588 1369/14/588 1361/15/589
f 1372/15/589 1361/15/589 1369/14/588
f 1376/18/587 1375/18/585 1374/18/585
f 1375/18/585 1376/18/587 1377/18/587
f 1374/18/583 1375/18/583 1376/18/588
f 1377/18/588 1376/18/588 1375/18/583
f 1380/19/589 1379/20/588 1378/19/589
f 1379/20/588 1380/19/589 1381/20/588
f 1378/19/590 1379/20/587 1380/19/590
f 1381/20/587 1380/19/590 1379/20/587
f 1382/21/410 1375/18/410 1377/18/410
f 1375/18/410 1382/21/410 1383/21/410
f 1383/21/410 1382/21/410 1384/19/410
f 1383/21/410 1384/19/410 1380/19/410
f 1380/19/410 1384/19/410 1385/20/410
f 1380/19/410 1385/20/410 1381/20/410
f 1377/18/409 1375/18/409 1382/21/409
f 1383/21/409 1382/21/409 1375/18/409
f 1384/19/409 1382/21/409 1383/21/409
f 1380/19/409 1384/19/409 1383/21/409
f 1385/20/409 1384/19/409 1380/19/409
f 1381/20/409 1385/20/409 1380/19/409
f 1378/19/589 1383/21/586 1380/19/589
f 1383/21/586 1378/19/589 1386/21/586
f 1380/19/590 1383/21/584 1378/19/590
f 1386/21/584 1378/19/590 1383/21/584
f 1381/20/588 1387/20/583 1379/20/588
f 1387/20/583 1381/20/588 1385/20/583
f 1379/20/587 1387/20/585 1381/20/587
f 1385/20/585 1381/20/587 1387/20/585
f 1388/21/590 1384/19/584 1382/21/590
f 1384/19/584 1388/21/590 1389/19/584
f 1382/21/589 1384/19/586 1388/21/589
f 1389/19/586 1388/21/589 1384/19/586
f 1385/20/583 1389/19/584 1387/20/583
f 1389/19/584 1385/20/583 1384/19/584
f 1387/20/585 1389/19/586 1385/20/585
f 1384/19/586 1385/20/585 1389/19/586
f 1374/18/585 1383/21/586 1386/21/586
f 1383/21/586 1374/18/585 1375/18/585
f 1386/21/584 1383/21/584 1374/18/583
f 1375/18/583 1374/18/583 1383/21/584
f 1386/21/409 1376/18/409 1374/18/409
f 1376/18/409 1386/21/409 1388/21/409
f 1388/21/409 1386/21/409 1378/19/409
f 1388/21/409 1378/19/409 1389/19/409
f 1389/19/409 1378/19/409 1379/20/409
f 1389/19/409 1379/20/409 1387/20/409
f 1374/18/410 1376/18/410 1386/21/410
f 1388/21/410 1386/21/410 1376/18/410
f 1378/19/410 1386/21/410 1388/21/410
f 1389/19/410 1378/19/410 1388/21/410
f 1379/20/410 1378/19/410 1389/19/410
f 1387/20/410 1379/20/410 1389/19/410
f 1388/21/590 1377/18/587 1376/18/587
f 1377/18/587 1388/21/590 1382/21/590
f 1376/18/588 1377/18/588 1388/21/589
f 1382/21/589 1388/21/589 1377/18/588
f 1392/22/526 1391/22/525 1390/22/526
f 1391/22/525 1392/22/526 1393/22/525
f 1390/22/528 1391/22/527 1392/22/528
f 1393/22/527 1392/22/528 1391/22/527
f 1396/23/528 1395/23/527 1394/23/527
f 1395/23/527 1396/23/528 1397/23/528
f 1394/23/525 1395/23/525 1396/23/526
f 1397/23/526 1396/23/526 1395/23/525
f 1394/23/527 1399/24/531 1398/24/531
f 1399/24/531 1394/23/527 1395/23/527
f 1398/24/532 1399/24/532 1394/23/525
f 1395/23/525 1394/23/525 1399/24/532
f 1400/24/529 1397/23/528 1396/23/528
f 1397/23/528 1400/24/529 1401/24/529
f 1396/23/526 1397/23/526 1400/24/530
f 1401/24/530 1400/24/530 1397/23/526
f 1400/24/529 1402/25/532 1401/24/529
f 1402/25/532 1400/24/529 1403/25/532
f 1401/24/530 1402/25/531 1400/24/530
f 1403/25/531 1400/24/530 1402/25/531
f 1401/24/534 1395/23/534 1397/23/534
f 1395/23/534 1401/24/534 1399/24/534
f 1399/24/534 1401/24/534 1402/25/534
f 1399/24/534 1402/25/534 1404/25/534
f 1404/25/534 1402/25/534 1393/22/534
f 1404/25/534 1393/22/534 1392/22/534
f 1397/23/533 1395/23/533 1401/24/533
f 1399/24/533 1401/24/533 1395/23/533
f 1402/25/533 1401/24/533 1399/24/533
f 1404/25/533 1402/25/533 1399/24/533
f 1393/22/533 1402/25/533 1404/25/533
f 1392/22/533 1393/22/533 1404/25/533
f 1393/22/525 1403/25/532 1391/22/525
f 1403/25/532 1393/22/525 1402/25/532
f 1391/22/527 1403/25/531 1393/22/527
f 1402/25/531 1393/22/527 1403/25/531
f 1405/25/530 1399/24/531 1404/25/530
f 1399/24/531 1405/25/530 1398/24/531
f 1404/25/529 1399/24/532 1405/25/529
f 1398/24/532 1405/25/529 1399/24/532
f 1404/25/530 1390/22/526 1405/25/530
f 1390/22/526 1404/25/530 1392/22/526
f 1405/25/529 1390/22/528 1404/25/529
f 1392/22/528 1404/25/529 1390/22/528
f 1398/24/533 1396/23/533 1394/23/533
f 1396/23/533 1398/24/533 1400/24/533
f 1400/24/533 1398/24/533 1405/25/533
f 1400/24/533 1405/25/533 1403/25/533
f 1403/25/533 1405/25/533 1390/22/533
f 1403/25/533 1390/22/533 1391/22/533
f 1394/23/534 1396/23/534 1398/24/534
f 1400/24/534 1398/24/534 1396/23/534
f 1405/25/534 1398/24/534 1400/24/534
f 1403/25/534 1405/25/534 1400/24/534
f 1390/22/534 1405/25/534 1403/25/534
f 1391/22/534 1390/22/534 1403/25/534
f 1408/26/591 1407/27/592 1406/26/591
f 1407/27/592 1408/26/591 1409/27/592
f 1406/26/593 1407/27/594 1408/26/593
f 1409/27/594 1408/26/593 1407/27/594
f 1411/26/595 1406/26/591 1410/26/595
f 1406/26/591 1411/26/595 1408/26/591
f 1410/26/596 1406/26/593 1411/26/596
f 1408/26/593 1411/26/596 1406/26/593
f 1414/27/597 1413/28/594 1412/28/594
f 1413/28/594 1414/27/597 1415/27/597
f 1412/28/592 1413/28/592 1414/27/598
f 1415/27/598 1414/27/598 1413/28/592
f 1407/27/592 1417/28/598 1416/28/598
f 1417/28/598 1407/27/592 1409/27/592
f 1416/28/597 1417/28/597 1407/27/594
f 1409/27/594 1407/27/594 1417/28/597
f 1418/29/405 1414/27/405 1412/28/405
f 1414/27/405 1418/29/405 1411/26/405
f 1411/26/405 1418/29/405 1419/29/405
f 1411/26/405 1419/29/405 1408/26/405
f 1408/26/405 1419/29/405 1417/28/405
f 1408/26/405 1417/28/405 1409/27/405
f 1412/28/406 1414/27/406 1418/29/406
f 1411/26/406 1418/29/406 1414/27/406
f 1419/29/406 1418/29/406 1411/26/406
f 1408/26/406 1419/29/406 1411/26/406
f 1417/28/406 1419/29/406 1408/26/406
f 1409/27/406 1417/28/406 1408/26/406
f 1420/29/593 1412/28/594 1413/28/594
f 1412/28/594 1420/29/593 1418/29/593
f 1413/28/592 1412/28/592 1420/29/591
f 1418/29/591 1420/29/591 1412/28/592
f 1414/27/597 1410/26/595 1415/27/597
f 1410/26/595 1414/27/597 1411/26/595
f 1415/27/598 1410/26/596 1414/27/598
f 1411/26/596 1414/27/598 1410/26/596
f 1410/26/406 1413/28/406 1415/27/406
f 1413/28/406 1410/26/406 1420/29/406
f 1420/29/406 1410/26/406 1406/26/406
f 1420/29/406 1406/26/406 1421/29/406
f 1421/29/406 1406/26/406 1407/27/406
f 1421/29/406 1407/27/406 1416/28/406
f 1415/27/405 1413/28/405 1410/26/405
f 1420/29/405 1410/26/405 1413/28/405
f 1406/26/405 1410/26/405 1420/29/405
f 1421/29/405 1406/26/405 1420/29/405
f 1407/27/405 1406/26/405 1421/29/405
f 1416/28/405 1407/27/405 1421/29/405
f 1416/28/598 1419/29/596 1421/29/596
f 1419/29/596 1416/28/598 1417/28/598
f 1421/29/595 1419/29/595 1416/28/597
f 1417/28/597 1416/28/597 1419/29/595
f 1421/29/596 1418/29/593 1420/29/593
f 1418/29/593 1421/29/596 1419/29/596
f 1420/29/591 1418/29/591 1421/29/595
f 1419/29/595 1421/29/595 1418/29/591
f 1424/12/414 1423/11/414 1422/11/414
f 1423/11/414 1424/12/414 1425/12/414
f 1422/11/412 1423/11/412 1424/12/412
f 1425/12/412 1424/12/412 1423/11/412
f 1424/12/417 1427/11/417 1426/12/417
f 1427/11/417 1424/12/417 1422/11/417
f 1426/12/418 1427/11/418 1424/12/418
f 1422/11/418 1424/12/418 1427/11/418
f 1423/11/418 1429/12/418 1428/11/418
f 1429/12/418 1423/11/418 1425/12/418
f 1428/11/417 1429/12/417 1423/11/417
f 1425/12/417 1423/11/417 1429/12/417
f 1426/12/81 1425/12/81 1424/12/81
f 1425/12/81 1426/12/81 1430/12/81
f 1425/12/81 1430/12/81 1429/12/81
f 1424/12/82 1425/12/82 1426/12/82
f 1430/12/82 1426/12/82 1425/12/82
f 1429/12/82 1430/12/82 1425/12/82
f 1429/12/411 1431/11/412 1428/11/411
f 1431/11/412 1429/12/411 1430/12/412
f 1428/11/413 1431/11/414 1429/12/413
f 1430/12/414 1429/12/413 1431/11/414
f 1430/12/412 1427/11/415 1431/11/412
f 1427/11/415 1430/12/412 1426/12/415
f 1431/11/414 1427/11/416 1430/12/414
f 1426/12/416 1430/12/414 1427/11/416
f 1434/13/412 1433/11/599 1432/11/412
f 1433/11/599 1434/13/412 1435/13/599
f 1432/11/414 1433/11/600 1434/13/414
f 1435/13/600 1434/13/414 1433/11/600
f 1438/13/602 1437/11/601 1436/13/601
f 1437/11/601 1438/13/602 1439/11/602
f 1436/13/604 1437/11/604 1438/13/603
f 1439/11/603 1438/13/603 1437/11/604
f 1435/13/599 1437/11/601 1433/11/599
f 1437/11/601 1435/13/599 1436/13/601
f 1433/11/600 1437/11/604 1435/13/600
f 1436/13/604 1435/13/600 1437/11/604
f 1441/13/605 1432/11/412 1440/11/605
f 1432/11/412 1441/13/605 1434/13/412
f 1440/11/606 1432/11/414 1441/13/606
f 1434/13/414 1441/13/606 1432/11/414
f 1436/13/81 1442/13/81 1438/13/81
f 1442/13/81 1436/13/81 1435/13/81
f 1442/13/81 1435/13/81 1434/13/81
f 1442/13/81 1434/13/81 1441/13/81
f 1442/13/81 1441/13/81 1443/13/81
f 1438/13/82 1442/13/82 1436/13/82
f 1435/13/82 1436/13/82 1442/13/82
f 1434/13/82 1435/13/82 1442/13/82
f 1441/13/82 1434/13/82 1442/13/82
f 1443/13/82 1441/13/82 1442/13/82
f 1445/11/608 1443/13/607 1444/11/607
f 1443/13/607 1445/11/608 1442/13/608
f 1444/11/610 1443/13/610 1445/11/609
f 1442/13/609 1445/11/609 1443/13/610
f 1444/11/607 1441/13/605 1440/11/605
f 1441/13/605 1444/11/607 1443/13/607
f 1440/11/606 1441/13/606 1444/11/610
f 1443/13/610 1444/11/610 1441/13/606
f 829/13/417 1447/11/417 1446/13/417
f 1447/11/417 829/13/417 1448/11/417
f 1446/13/418 1447/11/418 829/13/418
f 1448/11/418 829/13/418 1447/11/418
f 1451/13/611 1450/11/412 1449/11/611
f 1450/11/412 1451/13/611 1452/13/412
f 1449/11/612 1450/11/414 1451/13/612
f 1452/13/414 1451/13/612 1450/11/414
f 829/13/414 1453/11/414 1448/11/414
f 1453/11/414 829/13/414 830/13/414
f 1448/11/412 1453/11/412 829/13/412
f 830/13/412 829/13/412 1453/11/412
f 1452/13/412 1447/11/613 1450/11/412
f 1447/11/613 1452/13/412 1446/13/613
f 1450/11/414 1447/11/614 1452/13/414
f 1446/13/614 1452/13/414 1447/11/614
f 1453/11/82 1447/11/82 1448/11/82
f 1447/11/82 1453/11/82 1450/11/82
f 1450/11/82 1453/11/82 1449/11/82
f 1448/11/81 1447/11/81 1453/11/81
f 1450/11/81 1453/11/81 1447/11/81
f 1449/11/81 1453/11/81 1450/11/81
f 1446/13/81 830/13/81 829/13/81
f 830/13/81 1446/13/81 1452/13/81
f 830/13/81 1452/13/81 1451/13/81
f 829/13/82 830/13/82 1446/13/82
f 1452/13/82 1446/13/82 830/13/82
f 1451/13/82 1452/13/82 830/13/82
f 1453/11/418 1451/13/418 1449/11/418
f 1451/13/418 1453/11/418 830/13/418
f 1449/11/417 1451/13/417 1453/11/417
f 830/13/417 1453/11/417 1451/13/417
f 1456/31/616 1455/30/615 1454/30/615
f 1455/30/615 1456/31/616 1457/31/616
f 1454/30/618 1455/30/618 1456/31/617
f 1457/31/617 1456/31/617 1455/30/618
f 1460/32/619 1459/33/620 1458/32/619
f 1459/33/620 1460/32/619 1461/33/620
f 1458/32/621 1459/33/622 1460/32/621
f 1461/33/622 1460/32/621 1459/33/622
f 1463/30/411 1457/31/411 1462/31/411
f 1457/31/411 1463/30/411 1455/30/411
f 1455/30/411 1463/30/411 1464/32/411
f 1455/30/411 1464/32/411 1460/32/411
f 1460/32/411 1464/32/411 1465/33/411
f 1460/32/411 1465/33/411 1461/33/411
f 1462/31/413 1457/31/413 1463/30/413
f 1455/30/413 1463/30/413 1457/31/413
f 1464/32/413 1463/30/413 1455/30/413
f 1460/32/413 1464/32/413 1455/30/413
f 1465/33/413 1464/32/413 1460/32/413
f 1461/33/413 1465/33/413 1460/32/413
f 1461/33/620 1466/33/617 1459/33/620
f 1466/33/617 1461/33/620 1465/33/617
f 1459/33/622 1466/33/616 1461/33/622
f 1465/33/616 1461/33/622 1466/33/616
f 1468/30/621 1462/31/622 1467/31/622
f 1462/31/622 1468/30/621 1463/30/621
f 1467/31/620 1462/31/620 1468/30/619
f 1463/30/619 1468/30/619 1462/31/620
f 1454/30/413 1467/31/413 1456/31/413
f 1467/31/413 1454/30/413 1468/30/413
f 1468/30/413 1454/30/413 1458/32/413
f 1468/30/413 1458/32/413 1469/32/413
f 1469/32/413 1458/32/413 1459/33/413
f 1469/32/413 1459/33/413 1466/33/413
f 1456/31/411 1467/31/411 1454/30/411
f 1468/30/411 1454/30/411 1467/31/411
f 1458/32/411 1454/30/411 1468/30/411
f 1469/32/411 1458/32/411 1468/30/411
f 1459/33/411 1458/32/411 1469/32/411
f 1466/33/411 1459/33/411 1469/32/411
f 1465/33/617 1469/32/618 1466/33/617
f 1469/32/618 1465/33/617 1464/32/618
f 1466/33/616 1469/32/615 1465/33/616
f 1464/32/615 1465/33/616 1469/32/615
f 1467/31/622 1457/31/616 1456/31/616
f 1457/31/616 1467/31/622 1462/31/622
f 1456/31/617 1457/31/617 1467/31/620
f 1462/31/620 1467/31/620 1457/31/617
f 1458/32/619 1455/30/615 1460/32/619
f 1455/30/615 1458/32/619 1454/30/615
f 1460/32/621 1455/30/618 1458/32/621
f 1454/30/618 1458/32/621 1455/30/618
f 1468/30/621 1464/32/618 1463/30/621
f 1464/32/618 1468/30/621 1469/32/618
f 1463/30/619 1464/32/615 1468/30/619
f 1469/32/615 1468/30/619 1464/32/615
f 1472/35/621 1471/34/622 1470/34/622
f 1471/34/622 1472/35/621 1473/35/621
f 1470/34/620 1471/34/620 1472/35/619
f 1473/35/619 1472/35/619 1471/34/620
f 1475/35/413 1470/34/413 1474/34/413
f 1470/34/413 1475/35/413 1472/35/413
f 1472/35/413 1475/35/413 1476/36/413
f 1472/35/413 1476/36/413 1477/36/413
f 1477/36/413 1476/36/413 1478/37/413
f 1477/36/413 1478/37/413 1479/37/413
f 1474/34/411 1470/34/411 1475/35/411
f 1472/35/411 1475/35/411 1470/34/411
f 1476/36/411 1475/35/411 1472/35/411
f 1477/36/411 1476/36/411 1472/35/411
f 1478/37/411 1476/36/411 1477/36/411
f 1479/37/411 1478/37/411 1477/36/411
f 1470/34/622 1480/34/616 1474/34/616
f 1480/34/616 1470/34/622 1471/34/622
f 1474/34/617 1480/34/617 1470/34/620
f 1471/34/620 1470/34/620 1480/34/617
f 1474/34/616 1481/35/615 1475/35/615
f 1481/35/615 1474/34/616 1480/34/616
f 1475/35/618 1481/35/618 1474/34/617
f 1480/34/617 1474/34/617 1481/35/618
f 1482/37/620 1479/37/617 1478/37/620
f 1479/37/617 1482/37/620 1483/37/617
f 1478/37/622 1479/37/616 1482/37/622
f 1483/37/616 1482/37/622 1479/37/616
f 1476/36/619 1481/35/615 1484/36/619
f 1481/35/615 1476/36/619 1475/35/615
f 1484/36/621 1481/35/618 1476/36/621
f 1475/35/618 1476/36/621 1481/35/618
f 1483/37/617 1477/36/618 1479/37/617
f 1477/36/618 1483/37/617 1485/36/618
f 1479/37/616 1477/36/615 1483/37/616
f 1485/36/615 1483/37/616 1477/36/615
f 1472/35/621 1485/36/618 1473/35/621
f 1485/36/618 1472/35/621 1477/36/618
f 1473/35/619 1485/36/615 1472/35/619
f 1477/36/615 1472/35/619 1485/36/615
f 1484/36/619 1478/37/620 1476/36/619
f 1478/37/620 1484/36/619 1482/37/620
f 1476/36/621 1478/37/622 1484/36/621
f 1482/37/622 1484/36/621 1478/37/622
f 1473/35/411 1480/34/411 1471/34/411
f 1480/34/411 1473/35/411 1481/35/411
f 1481/35/411 1473/35/411 1485/36/411
f 1481/35/411 1485/36/411 1484/36/411
f 1484/36/411 1485/36/411 1483/37/411
f 1484/36/411 1483/37/411 1482/37/411
f 1471/34/413 1480/34/413 1473/35/413
f 1481/35/413 1473/35/413 1480/34/413
f 1485/36/413 1473/35/413 1481/35/413
f 1484/36/413 1485/36/413 1481/35/413
f 1483/37/413 1485/36/413 1484/36/413
f 1482/37/413 1483/37/413 1484/36/413
f 1488/38/623 1487/39/624 1486/38/623
f 1487/39/624 1488/38/623 1489/39/624
f 1486/38/625 1487/39/626 1488/38/625
f 1489/39/626 1488/38/625 1487/39/626
f 1492/38/627 1491/40/625 1490/38/627
f 1491/40/625 1492/38/627 1493/40/625
f 1490/38/628 1491/40/623 1492/38/628
f 1493/40/623 1492/38/628 1491/40/623
f 1491/40/625 1495/41/626 1494/41/626
f 1495/41/626 1491/40/625 1493/40/625
f 1494/41/624 1495/41/624 1491/40/623
f 1493/40/623 1491/40/623 1495/41/624
f 1490/38/415 1487/39/415 1496/39/415
f 1487/39/415 1490/38/415 1486/38/415
f 1486/38/415 1490/38/415 1491/40/415
f 1486/38/415 1491/40/415 1497/40/415
f 1497/40/415 1491/40/415 1494/41/415
f 1497/40/415 1494/41/415 1498/41/415
f 1496/39/416 1487/39/416 1490/38/416
f 1486/38/416 1490/38/416 1487/39/416
f 1491/40/416 1490/38/416 1486/38/416
f 1497/40/416 1491/40/416 1486/38/416
f 1494/41/416 1491/40/416 1497/40/416
f 1498/41/416 1494/41/416 1497/40/416
f 1489/39/624 1496/39/629 1487/39/624
f 1496/39/629 1489/39/624 1499/39/629
f 1487/39/626 1496/39/630 1489/39/626
f 1499/39/630 1489/39/626 1496/39/630
f 1488/38/416 1499/39/416 1489/39/416
f 1499/39/416 1488/38/416 1492/38/416
f 1492/38/416 1488/38/416 1500/40/416
f 1492/38/416 1500/40/416 1493/40/416
f 1493/40/416 1500/40/416 1501/41/416
f 1493/40/416 1501/41/416 1495/41/416
f 1489/39/415 1499/39/415 1488/38/415
f 1492/38/415 1488/38/415 1499/39/415
f 1500/40/415 1488/38/415 1492/38/415
f 1493/40/415 1500/40/415 1492/38/415
f 1501/41/415 1500/40/415 1493/40/415
f 1495/41/415 1501/41/415 1493/40/415
f 1494/41/626 1501/41/630 1498/41/630
f 1501/41/630 1494/41/626 1495/41/626
f 1498/41/629 1501/41/629 1494/41/624
f 1495/41/624 1494/41/624 1501/41/629
f 1499/39/629 1490/38/627 1496/39/629
f 1490/38/627 1499/39/629 1492/38/627
f 1496/39/630 1490/38/628 1499/39/630
f 1492/38/628 1499/39/630 1490/38/628
f 1498/41/630 1500/40/628 1497/40/628
f 1500/40/628 1498/41/630 1501/41/630
f 1497/40/627 1500/40/627 1498/41/629
f 1501/41/629 1498/41/629 1500/40/627
f 1500/40/628 1486/38/623 1497/40/628
f 1486/38/623 1500/40/628 1488/38/623
f 1497/40/627 1486/38/625 1500/40/627
f 1488/38/625 1500/40/627 1486/38/625
f 1504/12/372 1503/11/372 1502/11/372
f 1503/11/372 1504/12/372 1505/12/372
f 1502/11/371 1503/11/371 1504/12/371
f 1505/12/371 1504/12/371 1503/11/371
f 1504/12/384 1507/11/384 1506/12/384
f 1507/11/384 1504/12/384 1502/11/384
f 1506/12/383 1507/11/383 1504/12/383
f 1502/11/383 1504/12/383 1507/11/383
f 1503/11/383 1509/12/383 1508/11/383
f 1509/12/383 1503/11/383 1505/12/383
f 1508/11/384 1509/12/384 1503/11/384
f 1505/12/384 1503/11/384 1509/12/384
f 1506/12/81 1505/12/81 1504/12/81
f 1505/12/81 1506/12/81 1510/12/81
f 1505/12/81 1510/12/81 1509/12/81
f 1504/12/82 1505/12/82 1506/12/82
f 1510/12/82 1506/12/82 1505/12/82
f 1509/12/82 1510/12/82 1505/12/82
f 1509/12/413 1511/11/371 1508/11/413
f 1511/11/371 1509/12/413 1510/12/371
f 1508/11/411 1511/11/372 1509/12/411
f 1510/12/372 1509/12/411 1511/11/372
f 1510/12/371 1507/11/416 1511/11/371
f 1507/11/416 1510/12/371 1506/12/416
f 1511/11/372 1507/11/415 1510/12/372
f 1506/12/415 1510/12/372 1507/11/415
f 1514/13/371 1513/11/600 1512/11/371
f 1513/11/600 1514/13/371 1515/13/600
f 1512/11/372 1513/11/599 1514/13/372
f 1515/13/599 1514/13/372 1513/11/599
f 1518/13/603 1517/11/604 1516/13/604
f 1517/11/604 1518/13/603 1519/11/603
f 1516/13/601 1517/11/601 1518/13/602
f 1519/11/602 1518/13/602 1517/11/601
f 1515/13/600 1517/11/604 1513/11/600
f 1517/11/604 1515/13/600 1516/13/604
f 1513/11/599 1517/11/601 1515/13/599
f 1516/13/601 1515/13/599 1517/11/601
f 1521/13/606 1512/11/371 1520/11/606
f 1512/11/371 1521/13/606 1514/13/371
f 1520/11/605 1512/11/372 1521/13/605
f 1514/13/372 1521/13/605 1512/11/372
f 1516/13/81 1522/13/81 1518/13/81
f 1522/13/81 1516/13/81 1515/13/81
f 1522/13/81 1515/13/81 1514/13/81
f 1522/13/81 1514/13/81 1521/13/81
f 1522/13/81 1521/13/81 1523/13/81
f 1518/13/82 1522/13/82 1516/13/82
f 1515/13/82 1516/13/82 1522/13/82
f 1514/13/82 1515/13/82 1522/13/82
f 1521/13/82 1514/13/82 1522/13/82
f 1523/13/82 1521/13/82 1522/13/82
f 1525/11/609 1523/13/610 1524/11/610
f 1523/13/610 1525/11/609 1522/13/609
f 1524/11/607 1523/13/607 1525/11/608
f 1522/13/608 1525/11/608 1523/13/607
f 1524/11/610 1521/13/606 1520/11/606
f 1521/13/606 1524/11/610 1523/13/610
f 1520/11/605 1521/13/605 1524/11/607
f 1523/13/607 1524/11/607 1521/13/605
f 839/13/384 1527/11/384 1526/13/384
f 1527/11/384 839/13/384 1528/11/384
f 1526/13/383 1527/11/383 839/13/383
f 1528/11/383 839/13/383 1527/11/383
f 1531/13/612 1530/11/371 1529/11/612
f 1530/11/371 1531/13/612 1532/13/371
f 1529/11/611 1530/11/372 1531/13/611
f 1532/13/372 1531/13/611 1530/11/372
f 839/13/372 1533/11/372 1528/11/372
f 1533/11/372 839/13/372 840/13/372
f 1528/11/371 1533/11/371 839/13/371
f 840/13/371 839/13/371 1533/11/371
f 1532/13/371 1527/11/614 1530/11/371
f 1527/11/614 1532/13/371 1526/13/614
f 1530/11/372 1527/11/613 1532/13/372
f 1526/13/613 1532/13/372 1527/11/613
f 1533/11/82 1527/11/82 1528/11/82
f 1527/11/82 1533/11/82 1530/11/82
f 1530/11/82 1533/11/82 1529/11/82
f 1528/11/81 1527/11/81 1533/11/81
f 1530/11/81 1533/11/81 1527/11/81
f 1529/11/81 1533/11/81 1530/11/81
f 1526/13/81 840/13/81 839/13/81
f 840/13/81 1526/13/81 1532/13/81
f 840/13/81 1532/13/81 1531/13/81
f 839/13/82 840/13/82 1526/13/82
f 1532/13/82 1526/13/82 840/13/82
f 1531/13/82 1532/13/82 840/13/82
f 1533/11/383 1531/13/383 1529/11/383
f 1531/13/383 1533/11/383 840/13/383
f 1529/11/384 1531/13/384 1533/11/384
f 840/13/384 1533/11/384 1531/13/384
f 1536/31/622 1535/30/621 1534/30/621
f 1535/30/621 1536/31/622 1537/31/622
f 1534/30/619 1535/30/619 1536/31/620
f 1537/31/620 1536/31/620 1535/30/619
f 1540/32/618 1539/33/617 1538/32/618
f 1539/33/617 1540/32/618 1541/33/617
f 1538/32/615 1539/33/616 1540/32/615
f 1541/33/616 1540/32/615 1539/33/616
f 1543/30/413 1537/31/413 1542/31/413
f 1537/31/413 1543/30/413 1535/30/413
f 1535/30/413 1543/30/413 1544/32/413
f 1535/30/413 1544/32/413 1540/32/413
f 1540/32/413 1544/32/413 1545/33/413
f 1540/32/413 1545/33/413 1541/33/413
f 1542/31/411 1537/31/411 1543/30/411
f 1535/30/411 1543/30/411 1537/31/411
f 1544/32/411 1543/30/411 1535/30/411
f 1540/32/411 1544/32/411 1535/30/411
f 1545/33/411 1544/32/411 1540/32/411
f 1541/33/411 1545/33/411 1540/32/411
f 1541/33/617 1546/33/620 1539/33/617
f 1546/33/620 1541/33/617 1545/33/620
f 1539/33/616 1546/33/622 1541/33/616
f 1545/33/622 1541/33/616 1546/33/622
f 1548/30/615 1542/31/616 1547/31/616
f 1542/31/616 1548/30/615 1543/30/615
f 1547/31/617 1542/31/617 1548/30/618
f 1543/30/618 1548/30/618 1542/31/617
f 1534/30/411 1547/31/411 1536/31/411
f 1547/31/411 1534/30/411 1548/30/411
f 1548/30/411 1534/30/411 1538/32/411
f 1548/30/411 1538/32/411 1549/32/411
f 1549/32/411 1538/32/411 1539/33/411
f 1549/32/411 1539/33/411 1546/33/411
f 1536/31/413 1547/31/413 1534/30/413
f 1548/30/413 1534/30/413 1547/31/413
f 1538/32/413 1534/30/413 1548/30/413
f 1549/32/413 1538/32/413 1548/30/413
f 1539/33/413 1538/32/413 1549/32/413
f 1546/33/413 1539/33/413 1549/32/413
f 1545/33/620 1549/32/619 1546/33/620
f 1549/32/619 1545/33/620 1544/32/619
f 1546/33/622 1549/32/621 1545/33/622
f 1544/32/621 1545/33/622 1549/32/621
f 1547/31/616 1537/31/622 1536/31/622
f 1537/31/622 1547/31/616 1542/31/616
f 1536/31/620 1537/31/620 1547/31/617
f 1542/31/617 1547/31/617 1537/31/620
f 1538/32/618 1535/30/621 1540/32/618
f 1535/30/621 1538/32/618 1534/30/621
f 1540/32/615 1535/30/619 1538/32/615
f 1534/30/619 1538/32/615 1535/30/619
f 1548/30/615 1544/32/619 1543/30/615
f 1544/32/619 1548/30/615 1549/32/619
f 1543/30/618 1544/32/621 1548/30/618
f 1549/32/621 1548/30/618 1544/32/621
f 1552/35/615 1551/34/616 1550/34/616
f 1551/34/616 1552/35/615 1553/35/615
f 1550/34/617 1551/34/617 1552/35/618
f 1553/35/618 1552/35/618 1551/34/617
f 1555/35/411 1550/34/411 1554/34/411
f 1550/34/411 1555/35/411 1552/35/411
f 1552/35/411 1555/35/411 1556/36/411
f 1552/35/411 1556/36/411 1557/36/411
f 1557/36/411 1556/36/411 1558/37/411
f 1557/36/411 1558/37/411 1559/37/411
f 1554/34/413 1550/34/413 1555/35/413
f 1552/35/413 1555/35/413 1550/34/413
f 1556/36/413 1555/35/413 1552/35/413
f 1557/36/413 1556/36/413 1552/35/413
f 1558/37/413 1556/36/413 1557/36/413
f 1559/37/413 1558/37/413 1557/36/413
f 1550/34/616 1560/34/622 1554/34/622
f 1560/34/622 1550/34/616 1551/34/616
f 1554/34/620 1560/34/620 1550/34/617
f 1551/34/617 1550/34/617 1560/34/620
f 1554/34/622 1561/35/621 1555/35/621
f 1561/35/621 1554/34/622 1560/34/622
f 1555/35/619 1561/35/619 1554/34/620
f 1560/34/620 1554/34/620 1561/35/619
f 1562/37/617 1559/37/620 1558/37/617
f 1559/37/620 1562/37/617 1563/37/620
f 1558/37/616 1559/37/622 1562/37/616
f 1563/37/622 1562/37/616 1559/37/622
f 1556/36/618 1561/35/621 1564/36/618
f 1561/35/621 1556/36/618 1555/35/621
f 1564/36/615 1561/35/619 1556/36/615
f 1555/35/619 1556/36/615 1561/35/619
f 1563/37/620 1557/36/619 1559/37/620
f 1557/36/619 1563/37/620 1565/36/619
f 1559/37/622 1557/36/621 1563/37/622
f 1565/36/621 1563/37/622 1557/36/621
f 1552/35/615 1565/36/619 1553/35/615
f 1565/36/619 1552/35/615 1557/36/619
f 1553/35/618 1565/36/621 1552/35/618
f 1557/36/621 1552/35/618 1565/36/621
f 1564/36/618 1558/37/617 1556/36/618
f 1558/37/617 1564/36/618 1562/37/617
f 1556/36/615 1558/37/616 1564/36/615
f 1562/37/616 1564/36/615 1558/37/616
f 1553/35/413 1560/34/413 1551/34/413
f 1560/34/413 1553/35/413 1561/35/413
f 1561/35/413 1553/35/413 1565/36/413
f 1561/35/413 1565/36/413 1564/36/413
f 1564/36/413 1565/36/413 1563/37/413
f 1564/36/413 1563/37/413 1562/37/413
f 1551/34/411 1560/34/411 1553/35/411
f 1561/35/411 1553/35/411 1560/34/411
f 1565/36/411 1553/35/411 1561/35/411
f 1564/36/411 1565/36/411 1561/35/411
f 1563/37/411 1565/36/411 1564/36/411
f 1562/37/411 1563/37/411 1564/36/411
f 1568/38/627 1567/39/629 1566/38/627
f 1567/39/629 1568/38/627 1569/39/629
f 1566/38/628 1567/39/630 1568/38/628
f 1569/39/630 1568/38/628 1567/39/630
f 1572/38/623 1571/40/628 1570/38/623
f 1571/40/628 1572/38/623 1573/40/628
f 1570/38/625 1571/40/627 1572/38/625
f 1573/40/627 1572/38/625 1571/40/627
f 1571/40/628 1575/41/630 1574/41/630
f 1575/41/630 1571/40/628 1573/40/628
f 1574/41/629 1575/41/629 1571/40/627
f 1573/40/627 1571/40/627 1575/41/629
f 1570/38/416 1567/39/416 1576/39/416
f 1567/39/416 1570/38/416 1566/38/416
f 1566/38/416 1570/38/416 1571/40/416
f 1566/38/416 1571/40/416 1577/40/416
f 1577/40/416 1571/40/416 1574/41/416
f 1577/40/416 1574/41/416 1578/41/416
f 1576/39/415 1567/39/415 1570/38/415
f 1566/38/415 1570/38/415 1567/39/415
f 1571/40/415 1570/38/415 1566/38/415
f 1577/40/415 1571/40/415 1566/38/415
f 1574/41/415 1571/40/415 1577/40/415
f 1578/41/415 1574/41/415 1577/40/415
f 1569/39/629 1576/39/624 1567/39/629
f 1576/39/624 1569/39/629 1579/39/624
f 1567/39/630 1576/39/626 1569/39/630
f 1579/39/626 1569/39/630 1576/39/626
f 1568/38/415 1579/39/415 1569/39/415
f 1579/39/415 1568/38/415 1572/38/415
f 1572/38/415 1568/38/415 1580/40/415
f 1572/38/415 1580/40/415 1573/40/415
f 1573/40/415 1580/40/415 1581/41/415
f 1573/40/415 1581/41/415 1575/41/415
f 1569/39/416 1579/39/416 1568/38/416
f 1572/38/416 1568/38/416 1579/39/416
f 1580/40/416 1568/38/416 1572/38/416
f 1573/40/416 1580/40/416 1572/38/416
f 1581/41/416 1580/40/416 1573/40/416
f 1575/41/416 1581/41/416 1573/40/416
f 1574/41/630 1581/41/626 1578/41/626
f 1581/41/626 1574/41/630 1575/41/630
f 1578/41/624 1581/41/624 1574/41/629
f 1575/41/629 1574/41/629 1581/41/624
f 1579/39/624 1570/38/623 1576/39/624
f 1570/38/623 1579/39/624 1572/38/623
f 1576/39/626 1570/38/625 1579/39/626
f 1572/38/625 1579/39/626 1570/38/625
f 1578/41/626 1580/40/625 1577/40/625
f 1580/40/625 1578/41/626 1581/41/626
f 1577/40/623 1580/40/623 1578/41/624
f 1581/41/624 1578/41/624 1580/40/623
f 1580/40/625 1566/38/627 1577/40/625
f 1566/38/627 1580/40/625 1568/38/627
f 1577/40/623 1566/38/628 1580/40/623
f 1568/38/628 1580/40/623 1566/38/628
f 1584/12/414 1583/11/414 1582/11/414
f 1583/11/414 1584/12/414 1585/12/414
f 1582/11/412 1583/11/412 1584/12/412
f 1585/12/412 1584/12/412 1583/11/412
f 1584/12/417 1587/11/417 1586/12/417
f 1587/11/417 1584/12/417 1582/11/417
f 1586/12/418 1587/11/418 1584/12/418
f 1582/11/418 1584/12/418 1587/11/418
f 1583/11/418 1589/12/418 1588/11/418
f 1589/12/418 1583/11/418 1585/12/418
f 1588/11/417 1589/12/417 1583/11/417
f 1585/12/417 1583/11/417 1589/12/417
f 1586/12/81 1585/12/81 1584/12/81
f 1585/12/81 1586/12/81 1590/12/81
f 1585/12/81 1590/12/81 1589/12/81
f 1584/12/82 1585/12/82 1586/12/82
f 1590/12/82 1586/12/82 1585/12/82
f 1589/12/82 1590/12/82 1585/12/82
f 1589/12/411 1591/11/412 1588/11/411
f 1591/11/412 1589/12/411 1590/12/412
f 1588/11/413 1591/11/414 1589/12/413
f 1590/12/414 1589/12/413 1591/11/414
f 1590/12/412 1587/11/415 1591/11/412
f 1587/11/415 1590/12/412 1586/12/415
f 1591/11/414 1587/11/416 1590/12/414
f 1586/12/416 1590/12/414 1587/11/416
f 1594/13/412 1593/11/599 1592/11/412
f 1593/11/599 1594/13/412 1595/13/599
f 1592/11/414 1593/11/600 1594/13/414
f 1595/13/600 1594/13/414 1593/11/600
f 1598/13/602 1597/11/601 1596/13/601
f 1597/11/601 1598/13/602 1599/11/602
f 1596/13/604 1597/11/604 1598/13/603
f 1599/11/603 1598/13/603 1597/11/604
f 1595/13/599 1597/11/601 1593/11/599
f 1597/11/601 1595/13/599 1596/13/601
f 1593/11/600 1597/11/604 1595/13/600
f 1596/13/604 1595/13/600 1597/11/604
f 1601/13/605 1592/11/412 1600/11/605
f 1592/11/412 1601/13/605 1594/13/412
f 1600/11/606 1592/11/414 1601/13/606
f 1594/13/414 1601/13/606 1592/11/414
f 1596/13/81 1602/13/81 1598/13/81
f 1602/13/81 1596/13/81 1595/13/81
f 1602/13/81 1595/13/81 1594/13/81
f 1602/13/81 1594/13/81 1601/13/81
f 1602/13/81 1601/13/81 1603/13/81
f 1598/13/82 1602/13/82 1596/13/82
f 1595/13/82 1596/13/82 1602/13/82
f 1594/13/82 1595/13/82 1602/13/82
f 1601/13/82 1594/13/82 1602/13/82
f 1603/13/82 1601/13/82 1602/13/82
f 1605/11/608 1603/13/607 1604/11/607
f 1603/13/607 1605/11/608 1602/13/608
f 1604/11/610 1603/13/610 1605/11/609
f 1602/13/609 1605/11/609 1603/13/610
f 1604/11/607 1601/13/605 1600/11/605
f 1601/13/605 1604/11/607 1603/13/607
f 1600/11/606 1601/13/606 1604/11/610
f 1603/13/610 1604/11/610 1601/13/606
f 849/13/417 1607/11/417 1606/13/417
f 1607/11/417 849/13/417 1608/11/417
f 1606/13/418 1607/11/418 849/13/418
f 1608/11/418 849/13/418 1607/11/418
f 1611/13/611 1610/11/412 1609/11/611
f 1610/11/412 1611/13/611 1612/13/412
f 1609/11/612 1610/11/414 1611/13/612
f 1612/13/414 1611/13/612 1610/11/414
f 849/13/414 1613/11/414 1608/11/414
f 1613/11/414 849/13/414 850/13/414
f 1608/11/412 1613/11/412 849/13/412
f 850/13/412 849/13/412 1613/11/412
f 1612/13/412 1607/11/613 1610/11/412
f 1607/11/613 1612/13/412 1606/13/613
f 1610/11/414 1607/11/614 1612/13/414
f 1606/13/614 1612/13/414 1607/11/614
f 1613/11/82 1607/11/82 1608/11/82
f 1607/11/82 1613/11/82 1610/11/82
f 1610/11/82 1613/11/82 1609/11/82
f 1608/11/81 1607/11/81 1613/11/81
f 1610/11/81 1613/11/81 1607/11/81
f 1609/11/81 1613/11/81 1610/11/81
f 1606/13/81 850/13/81 849/13/81
f 850/13/81 1606/13/81 1612/13/81
f 850/13/81 1612/13/81 1611/13/81
f 849/13/82 850/13/82 1606/13/82
f 1612/13/82 1606/13/82 850/13/82
f 1611/13/82 1612/13/82 850/13/82
f 1613/11/418 1611/13/418 1609/11/418
f 1611/13/418 1613/11/418 850/13/418
f 1609/11/417 1611/13/417 1613/11/417
f 850/13/417 1613/11/417 1611/13/417
f 1616/31/616 1615/30/615 1614/30/615
f 1615/30/615 1616/31/616 1617/31/616
f 1614/30/618 1615/30/618 1616/31/617
f 1617/31/617 1616/31/617 1615/30/618
f 1620/32/619 1619/33/620 1618/32/619
f 1619/33/620 1620/32/619 1621/33/620
f 1618/32/621 1619/33/622 1620/32/621
f 1621/33/622 1620/32/621 1619/33/622
f 1623/30/411 1617/31/411 1622/31/411
f 1617/31/411 1623/30/411 1615/30/411
f 1615/30/411 1623/30/411 1624/32/411
f 1615/30/411 1624/32/411 1620/32/411
f 1620/32/411 1624/32/411 1625/33/411
f 1620/32/411 1625/33/411 1621/33/411
f 1622/31/413 1617/31/413 1623/30/413
f 1615/30/413 1623/30/413 1617/31/413
f 1624/32/413 1623/30/413 1615/30/413
f 1620/32/413 1624/32/413 1615/30/413
f 1625/33/413 1624/32/413 1620/32/413
f 1621/33/413 1625/33/413 1620/32/413
f 1621/33/620 1626/33/617 1619/33/620
f 1626/33/617 1621/33/620 1625/33/617
f 1619/33/622 1626/33/616 1621/33/622
f 1625/33/616 1621/33/622 1626/33/616
f 1628/30/621 1622/31/622 1627/31/622
f 1622/31/622 1628/30/621 1623/30/621
f 1627/31/620 1622/31/620 1628/30/619
f 1623/30/619 1628/30/619 1622/31/620
f 1614/30/413 1627/31/413 1616/31/413
f 1627/31/413 1614/30/413 1628/30/413
f 1628/30/413 1614/30/413 1618/32/413
f 1628/30/413 1618/32/413 1629/32/413
f 1629/32/413 1618/32/413 1619/33/413
f 1629/32/413 1619/33/413 1626/33/413
f 1616/31/411 1627/31/411 1614/30/411
f 1628/30/411 1614/30/411 1627/31/411
f 1618/32/411 1614/30/411 1628/30/411
f 1629/32/411 1618/32/411 1628/30/411
f 1619/33/411 1618/32/411 1629/32/411
f 1626/33/411 1619/33/411 1629/32/411
f 1625/33/617 1629/32/618 1626/33/617
f 1629/32/618 1625/33/617 1624/32/618
f 1626/33/616 1629/32/615 1625/33/616
f 1624/32/615 1625/33/616 1629/32/615
f 1627/31/622 1617/31/616 1616/31/616
f 1617/31/616 1627/31/622 1622/31/622
f 1616/31/617 1617/31/617 1627/31/620
f 1622/31/620 1627/31/620 1617/31/617
f 1618/32/619 1615/30/615 1620/32/619
f 1615/30/615 1618/32/619 1614/30/615
f 1620/32/621 1615/30/618 1618/32/621
f 1614/30/618 1618/32/621 1615/30/618
f 1628/30/621 1624/32/618 1623/30/621
f 1624/32/618 1628/30/621 1629/32/618
f 1623/30/619 1624/32/615 1628/30/619
f 1629/32/615 1628/30/619 1624/32/615
f 1632/35/621 1631/34/622 1630/34/622
f 1631/34/622 1632/35/621 1633/35/621
f 1630/34/620 1631/34/620 1632/35/619
f 1633/35/619 1632/35/619 1631/34/620
f 1635/35/413 1630/34/413 1634/34/413
f 1630/34/413 1635/35/413 1632/35/413
f 1632/35/413 1635/35/413 1636/36/413
f 1632/35/413 1636/36/413 1637/36/413
f 1637/36/413 1636/36/413 1638/37/413
f 1637/36/413 1638/37/413 1639/37/413
f 1634/34/411 1630/34/411 1635/35/411
f 1632/35/411 1635/35/411 1630/34/411
f 1636/36/411 1635/35/411 1632/35/411
f 1637/36/411 1636/36/411 1632/35/411
f 1638/37/411 1636/36/411 1637/36/411
f 1639/37/411 1638/37/411 1637/36/411
f 1630/34/622 1640/34/616 1634/34/616
f 1640/34/616 1630/34/622 1631/34/622
f 1634/34/617 1640/34/617 1630/34/620
f 1631/34/620 1630/34/620 1640/34/617
f 1634/34/616 1641/35/615 1635/35/615
f 1641/35/615 1634/34/616 1640/34/616
f 1635/35/618 1641/35/618 1634/34/617
f 1640/34/617 1634/34/617 1641/35/618
f 1642/37/620 1639/37/617 1638/37/620
f 1639/37/617 1642/37/620 1643/37/617
f 1638/37/622 1639/37/616 1642/37/622
f 1643/37/616 1642/37/622 1639/37/616
f 1636/36/619 1641/35/615 1644/36/619
f 1641/35/615 1636/36/619 1635/35/615
f 1644/36/621 1641/35/618 1636/36/621
f 1635/35/618 1636/36/621 1641/35/618
f 1643/37/617 1637/36/618 1639/37/617
f 1637/36/618 1643/37/617 1645/36/618
f 1639/37/616 1637/36/615 1643/37/616
f 1645/36/615 1643/37/616 1637/36/615
f 1632/35/621 1645/36/618 1633/35/621
f 1645/36/618 1632/35/621 1637/36/618
f 1633/35/619 1645/36/615 1632/35/619
f 1637/36/615 1632/35/619 1645/36/615
f 1644/36/619 1638/37/620 1636/36/619
f 1638/37/620 1644/36/619 1642/37/620
f 1636/36/621 1638/37/622 1644/36/621
f 1642/37/622 1644/36/621 1638/37/622
f 1633/35/411 1640/34/411 1631/34/411
f 1640/34/411 1633/35/411 1641/35/411
f 1641/35/411 1633/35/411 1645/36/411
f 1641/35/411 1645/36/411 1644/36/411
f 1644/36/411 1645/36/411 1643/37/411
f 1644/36/411 1643/37/411 1642/37/411
f 1631/34/413 1640/34/413 1633/35/413
f 1641/35/413 1633/35/413 1640/34/413
f 1645/36/413 1633/35/413 1641/35/413
f 1644/36/413 1645/36/413 1641/35/413
f 1643/37/413 1645/36/413 1644/36/413
f 1642/37/413 1643/37/413 1644/36/413
f 1648/38/623 1647/39/624 1646/38/623
f 1647/39/624 1648/38/623 1649/39/624
f 1646/38/625 1647/39/626 1648/38/625
f 1649/39/626 1648/38/625 1647/39/626
f 1652/38/627 1651/40/625 1650/38/627
f 1651/40/625 1652/38/627 1653/40/625
f 1650/38/628 1651/40/623 1652/38/628
f 1653/40/623 1652/38/628 1651/40/623
f 1651/40/625 1655/41/626 1654/41/626
f 1655/41/626 1651/40/625 1653/40/625
f 1654/41/624 1655/41/624 1651/40/623
f 1653/40/623 1651/40/623 1655/41/624
f 1650/38/415 1647/39/415 1656/39/415
f 1647/39/415 1650/38/415 1646/38/415
f 1646/38/415 1650/38/415 1651/40/415
f 1646/38/415 1651/40/415 1657/40/415
f 1657/40/415 1651/40/415 1654/41/415
f 1657/40/415 1654/41/415 1658/41/415
f 1656/39/416 1647/39/416 1650/38/416
f 1646/38/416 1650/38/416 1647/39/416
f 1651/40/416 1650/38/416 1646/38/416
f 1657/40/416 1651/40/416 1646/38/416
f 1654/41/416 1651/40/416 1657/40/416
f 1658/41/416 1654/41/416 1657/40/416
f 1649/39/624 1656/39/629 1647/39/624
f 1656/39/629 1649/39/624 1659/39/629
f 1647/39/626 1656/39/630 1649/39/626
f 1659/39/630 1649/39/626 1656/39/630
f 1648/38/416 1659/39/416 1649/39/416
f 1659/39/416 1648/38/416 1652/38/416
f 1652/38/416 1648/38/416 1660/40/416
f 1652/38/416 1660/40/416 1653/40/416
f 1653/40/416 1660/40/416 1661/41/416
f 1653/40/416 1661/41/416 1655/41/416
f 1649/39/415 1659/39/415 1648/38/415
f 1652/38/415 1648/38/415 1659/39/415
f 1660/40/415 1648/38/415 1652/38/415
f 1653/40/415 1660/40/415 1652/38/415
f 1661/41/415 1660/40/415 1653/40/415
f 1655/41/415 1661/41/415 1653/40/415
f 1654/41/626 1661/41/630 1658/41/630
f 1661/41/630 1654/41/626 1655/41/626
f 1658/41/629 1661/41/629 1654/41/624
f 1655/41/624 1654/41/624 1661/41/629
f 1659/39/629 1650/38/627 1656/39/629
f 1650/38/627 1659/39/629 1652/38/627
f 1656/39/630 1650/38/628 1659/39/630
f 1652/38/628 1659/39/630 1650/38/628
f 1658/41/630 1660/40/628 1657/40/628
f 1660/40/628 1658/41/630 1661/41/630
f 1657/40/627 1660/40/627 1658/41/629
f 1661/41/629 1658/41/629 1660/40/627
f 1660/40/628 1646/38/623 1657/40/628
f 1646/38/623 1660/40/628 1648/38/623
f 1657/40/627 1646/38/625 1660/40/627
f 1648/38/625 1660/40/627 1646/38/625
f 1664/12/81 1663/12/81 1662/12/81
f 1663/12/81 1664/12/81 1665/12/81
f 1663/12/81 1665/12/81 1666/12/81
f 1662/12/82 1663/12/82 1664/12/82
f 1665/12/82 1664/12/82 1663/12/82
f 1666/12/82 1665/12/82 1663/12/82
f 1668/11/399 1666/12/399 1667/11/399
f 1666/12/399 1668/11/399 1663/12/399
f 1667/11/400 1666/12/400 1668/11/400
f 1663/12/400 1668/11/400 1666/12/400
f 1666/12/421 1669/11/387 1667/11/421
f 1669/11/387 1666/12/421 1665/12/387
f 1667/11/422 1669/11/388 1666/12/422
f 1665/12/388 1666/12/422 1669/11/388
f 1662/12/388 1668/11/388 1670/11/388
f 1668/11/388 1662/12/388 1663/12/388
f 1670/11/387 1668/11/387 1662/12/387
f 1663/12/387 1662/12/387 1668/11/387
f 1662/12/400 1671/11/400 1664/12/400
f 1671/11/400 1662/12/400 1670/11/400
f 1664/12/399 1671/11/399 1662/12/399
f 1670/11/399 1662/12/399 1671/11/399
f 1665/12/387 1671/11/419 1669/11/387
f 1671/11/419 1665/12/387 1664/12/419
f 1669/11/388 1671/11/420 1665/12/388
f 1664/12/420 1665/12/388 1671/11/420
f 1674/13/388 1673/11/388 1672/11/388
f 1673/11/388 1674/13/388 1675/13/388
f 1672/11/387 1673/11/387 1674/13/387
f 1675/13/387 1674/13/387 1673/11/387
f 1676/13/81 1675/13/81 1674/13/81
f 1675/13/81 1676/13/81 1677/13/81
f 1675/13/81 1677/13/81 1678/13/81
f 1674/13/82 1675/13/82 1676/13/82
f 1677/13/82 1676/13/82 1675/13/82
f 1678/13/82 1677/13/82 1675/13/82
f 1677/13/387 1680/11/631 1679/11/387
f 1680/11/631 1677/13/387 1676/13/631
f 1679/11/388 1680/11/632 1677/13/388
f 1676/13/632 1677/13/388 1680/11/632
f 1674/13/400 1680/11/400 1676/13/400
f 1680/11/400 1674/13/400 1672/11/400
f 1676/13/399 1680/11/399 1674/13/399
f 1672/11/399 1674/13/399 1680/11/399
f 1673/11/399 1678/13/399 1681/11/399
f 1678/13/399 1673/11/399 1675/13/399
f 1681/11/400 1678/13/400 1673/11/400
f 1675/13/400 1673/11/400 1678/13/400
f 1673/11/82 1680/11/82 1672/11/82
f 1680/11/82 1673/11/82 1679/11/82
f 1679/11/82 1673/11/82 1681/11/82
f 1672/11/81 1680/11/81 1673/11/81
f 1679/11/81 1673/11/81 1680/11/81
f 1681/11/81 1673/11/81 1679/11/81
f 1678/13/633 1679/11/387 1681/11/633
f 1679/11/387 1678/13/633 1677/13/387
f 1681/11/634 1679/11/388 1678/13/634
f 1677/13/388 1678/13/634 1679/11/388
f 1684/42/636 1683/42/635 1682/42/635
f 1683/42/635 1684/42/636 1685/42/636
f 1682/42/638 1683/42/638 1684/42/637
f 1685/42/637 1684/42/637 1683/42/638
f 1688/43/639 1687/44/637 1686/43/639
f 1687/44/637 1688/43/639 1689/44/637
f 1686/43/640 1687/44/636 1688/43/640
f 1689/44/636 1688/43/640 1687/44/636
f 1686/43/639 1690/45/641 1688/43/639
f 1690/45/641 1686/43/639 1691/45/641
f 1688/43/640 1690/45/642 1686/43/640
f 1691/45/642 1686/43/640 1690/45/642
f 1692/45/640 1685/42/636 1684/42/636
f 1685/42/636 1692/45/640 1693/45/640
f 1684/42/637 1685/42/637 1692/45/639
f 1693/45/639 1692/45/639 1685/42/637
f 1689/44/637 1694/44/638 1687/44/637
f 1694/44/638 1689/44/637 1695/44/638
f 1687/44/636 1694/44/635 1689/44/636
f 1695/44/635 1689/44/636 1694/44/635
f 1693/45/421 1683/42/421 1685/42/421
f 1683/42/421 1693/45/421 1690/45/421
f 1690/45/421 1693/45/421 1696/43/421
f 1690/45/421 1696/43/421 1688/43/421
f 1688/43/421 1696/43/421 1695/44/421
f 1688/43/421 1695/44/421 1689/44/421
f 1685/42/422 1683/42/422 1693/45/422
f 1690/45/422 1693/45/422 1683/42/422
f 1696/43/422 1693/45/422 1690/45/422
f 1688/43/422 1696/43/422 1690/45/422
f 1695/44/422 1696/43/422 1688/43/422
f 1689/44/422 1695/44/422 1688/43/422
f 1691/45/422 1684/42/422 1682/42/422
f 1684/42/422 1691/45/422 1692/45/422
f 1692/45/422 1691/45/422 1686/43/422
f 1692/45/422 1686/43/422 1697/43/422
f 1697/43/422 1686/43/422 1687/44/422
f 1697/43/422 1687/44/422 1694/44/422
f 1682/42/421 1684/42/421 1691/45/421
f 1692/45/421 1691/45/421 1684/42/421
f 1686/43/421 1691/45/421 1692/45/421
f 1697/43/421 1686/43/421 1692/45/421
f 1687/44/421 1686/43/421 1697/43/421
f 1694/44/421 1687/44/421 1697/43/421
f 1692/45/640 1696/43/642 1693/45/640
f 1696/43/642 1692/45/640 1697/43/642
f 1693/45/639 1696/43/641 1692/45/639
f 1697/43/641 1692/45/639 1696/43/641
f 1695/44/638 1697/43/642 1694/44/638
f 1697/43/642 1695/44/638 1696/43/642
f 1694/44/635 1697/43/641 1695/44/635
f 1696/43/641 1695/44/635 1697/43/641
f 1682/42/635 1690/45/641 1691/45/641
f 1690/45/641 1682/42/635 1683/42/635
f 1691/45/642 1690/45/642 1682/42/638
f 1683/42/638 1682/42/638 1690/45/642
f 1700/12/81 1699/12/81 1698/12/81
f 1699/12/81 1700/12/81 1701/12/81
f 1699/12/81 1701/12/81 1702/12/81
f 1698/12/82 1699/12/82 1700/12/82
f 1701/12/82 1700/12/82 1699/12/82
f 1702/12/82 1701/12/82 1699/12/82
f 1704/11/399 1702/12/399 1703/11/399
f 1702/12/399 1704/11/399 1699/12/399
f 1703/11/400 1702/12/400 1704/11/400
f 1699/12/400 1704/11/400 1702/12/400
f 1702/12/421 1705/11/387 1703/11/421
f 1705/11/387 1702/12/421 1701/12/387
f 1703/11/422 1705/11/388 1702/12/422
f 1701/12/388 1702/12/422 1705/11/388
f 1698/12/388 1704/11/388 1706/11/388
f 1704/11/388 1698/12/388 1699/12/388
f 1706/11/387 1704/11/387 1698/12/387
f 1699/12/387 1698/12/387 1704/11/387
f 1698/12/400 1707/11/400 1700/12/400
f 1707/11/400 1698/12/400 1706/11/400
f 1700/12/399 1707/11/399 1698/12/399
f 1706/11/399 1698/12/399 1707/11/399
f 1701/12/387 1707/11/419 1705/11/387
f 1707/11/419 1701/12/387 1700/12/419
f 1705/11/388 1707/11/420 1701/12/388
f 1700/12/420 1701/12/388 1707/11/420
f 1710/13/388 1709/11/388 1708/11/388
f 1709/11/388 1710/13/388 988/13/388
f 1708/11/387 1709/11/387 1710/13/387
f 988/13/387 1710/13/387 1709/11/387
f 1711/13/81 988/13/81 1710/13/81
f 988/13/81 1711/13/81 1712/13/81
f 988/13/81 1712/13/81 1713/13/81
f 1710/13/82 988/13/82 1711/13/82
f 1712/13/82 1711/13/82 988/13/82
f 1713/13/82 1712/13/82 988/13/82
f 1712/13/387 1715/11/631 1714/11/387
f 1715/11/631 1712/13/387 1711/13/631
f 1714/11/388 1715/11/632 1712/13/388
f 1711/13/632 1712/13/388 1715/11/632
f 1710/13/400 1715/11/400 1711/13/400
f 1715/11/400 1710/13/400 1708/11/400
f 1711/13/399 1715/11/399 1710/13/399
f 1708/11/399 1710/13/399 1715/11/399
f 1709/11/399 1713/13/399 1716/11/399
f 1713/13/399 1709/11/399 988/13/399
f 1716/11/400 1713/13/400 1709/11/400
f 988/13/400 1709/11/400 1713/13/400
f 1709/11/82 1715/11/82 1708/11/82
f 1715/11/82 1709/11/82 1714/11/82
f 1714/11/82 1709/11/82 1716/11/82
f 1708/11/81 1715/11/81 1709/11/81
f 1714/11/81 1709/11/81 1715/11/81
f 1716/11/81 1709/11/81 1714/11/81
f 1713/13/633 1714/11/387 1716/11/633
f 1714/11/387 1713/13/633 1712/13/387
f 1716/11/634 1714/11/388 1713/13/634
f 1712/13/388 1713/13/634 1714/11/388
f 1719/42/636 1718/42/635 1717/42/635
f 1718/42/635 1719/42/636 1720/42/636
f 1717/42/638 1718/42/638 1719/42/637
f 1720/42/637 1719/42/637 1718/42/638
f 1723/43/639 1722/44/637 1721/43/639
f 1722/44/637 1723/43/639 1724/44/637
f 1721/43/640 1722/44/636 1723/43/640
f 1724/44/636 1723/43/640 1722/44/636
f 1721/43/639 1725/45/641 1723/43/639
f 1725/45/641 1721/43/639 1726/45/641
f 1723/43/640 1725/45/642 1721/43/640
f 1726/45/642 1721/43/640 1725/45/642
f 1727/45/640 1720/42/636 1719/42/636
f 1720/42/636 1727/45/640 1728/45/640
f 1719/42/637 1720/42/637 1727/45/639
f 1728/45/639 1727/45/639 1720/42/637
f 1724/44/637 1729/44/638 1722/44/637
f 1729/44/638 1724/44/637 1730/44/638
f 1722/44/636 1729/44/635 1724/44/636
f 1730/44/635 1724/44/636 1729/44/635
f 1728/45/421 1718/42/421 1720/42/421
f 1718/42/421 1728/45/421 1725/45/421
f 1725/45/421 1728/45/421 1731/43/421
f 1725/45/421 1731/43/421 1723/43/421
f 1723/43/421 1731/43/421 1730/44/421
f 1723/43/421 1730/44/421 1724/44/421
f 1720/42/422 1718/42/422 1728/45/422
f 1725/45/422 1728/45/422 1718/42/422
f 1731/43/422 1728/45/422 1725/45/422
f 1723/43/422 1731/43/422 1725/45/422
f 1730/44/422 1731/43/422 1723/43/422
f 1724/44/422 1730/44/422 1723/43/422
f 1726/45/422 1719/42/422 1717/42/422
f 1719/42/422 1726/45/422 1727/45/422
f 1727/45/422 1726/45/422 1721/43/422
f 1727/45/422 1721/43/422 1732/43/422
f 1732/43/422 1721/43/422 1722/44/422
f 1732/43/422 1722/44/422 1729/44/422
f 1717/42/421 1719/42/421 1726/45/421
f 1727/45/421 1726/45/421 1719/42/421
f 1721/43/421 1726/45/421 1727/45/421
f 1732/43/421 1721/43/421 1727/45/421
f 1722/44/421 1721/43/421 1732/43/421
f 1729/44/421 1722/44/421 1732/43/421
f 1727/45/640 1731/43/642 1728/45/640
f 1731/43/642 1727/45/640 1732/43/642
f 1728/45/639 1731/43/641 1727/45/639
f 1732/43/641 1727/45/639 1731/43/641
f 1730/44/638 1732/43/642 1729/44/638
f 1732/43/642 1730/44/638 1731/43/642
f 1729/44/635 1732/43/641 1730/44/635
f 1731/43/641 1730/44/635 1732/43/641
f 1717/42/635 1725/45/641 1726/45/641
f 1725/45/641 1717/42/635 1718/42/635
f 1726/45/642 1725/45/642 1717/42/638
f 1718/42/638 1717/42/638 1725/45/642
f 1735/12/81 1734/12/81 1733/12/81
f 1734/12/81 1735/12/81 1736/12/81
f 1734/12/81 1736/12/81 1737/12/81
f 1733/12/82 1734/12/82 1735/12/82
f 1736/12/82 1735/12/82 1734/12/82
f 1737/12/82 1736/12/82 1734/12/82
f 1739/11/367 1737/12/367 1738/11/367
f 1737/12/367 1739/11/367 1734/12/367
f 1738/11/368 1737/12/368 1739/11/368
f 1734/12/368 1739/11/368 1737/12/368
f 1737/12/425 1740/11/355 1738/11/425
f 1740/11/355 1737/12/425 1736/12/355
f 1738/11/426 1740/11/356 1737/12/426
f 1736/12/356 1737/12/426 1740/11/356
f 1733/12/356 1739/11/356 1741/11/356
f 1739/11/356 1733/12/356 1734/12/356
f 1741/11/355 1739/11/355 1733/12/355
f 1734/12/355 1733/12/355 1739/11/355
f 1733/12/368 1742/11/368 1735/12/368
f 1742/11/368 1733/12/368 1741/11/368
f 1735/12/367 1742/11/367 1733/12/367
f 1741/11/367 1733/12/367 1742/11/367
f 1736/12/355 1742/11/423 1740/11/355
f 1742/11/423 1736/12/355 1735/12/423
f 1740/11/356 1742/11/424 1736/12/356
f 1735/12/424 1736/12/356 1742/11/424
f 881/13/356 1744/11/356 1743/11/356
f 1744/11/356 881/13/356 1745/13/356
f 1743/11/355 1744/11/355 881/13/355
f 1745/13/355 881/13/355 1744/11/355
f 1746/13/81 1745/13/81 881/13/81
f 1745/13/81 1746/13/81 1747/13/81
f 1745/13/81 1747/13/81 1748/13/81
f 881/13/82 1745/13/82 1746/13/82
f 1747/13/82 1746/13/82 1745/13/82
f 1748/13/82 1747/13/82 1745/13/82
f 1747/13/355 1750/11/643 1749/11/355
f 1750/11/643 1747/13/355 1746/13/643
f 1749/11/356 1750/11/644 1747/13/356
f 1746/13/644 1747/13/356 1750/11/644
f 881/13/368 1750/11/368 1746/13/368
f 1750/11/368 881/13/368 1743/11/368
f 1746/13/367 1750/11/367 881/13/367
f 1743/11/367 881/13/367 1750/11/367
f 1744/11/367 1748/13/367 1751/11/367
f 1748/13/367 1744/11/367 1745/13/367
f 1751/11/368 1748/13/368 1744/11/368
f 1745/13/368 1744/11/368 1748/13/368
f 1744/11/82 1750/11/82 1743/11/82
f 1750/11/82 1744/11/82 1749/11/82
f 1749/11/82 1744/11/82 1751/11/82
f 1743/11/81 1750/11/81 1744/11/81
f 1749/11/81 1744/11/81 1750/11/81
f 1751/11/81 1744/11/81 1749/11/81
f 1748/13/645 1749/11/355 1751/11/645
f 1749/11/355 1748/13/645 1747/13/355
f 1751/11/646 1749/11/356 1748/13/646
f 1747/13/356 1748/13/646 1749/11/356
f 1754/42/648 1753/42/647 1752/42/647
f 1753/42/647 1754/42/648 1755/42/648
f 1752/42/650 1753/42/650 1754/42/649
f 1755/42/649 1754/42/649 1753/42/650
f 1758/43/651 1757/44/649 1756/43/651
f 1757/44/649 1758/43/651 1759/44/649
f 1756/43/652 1757/44/648 1758/43/652
f 1759/44/648 1758/43/652 1757/44/648
f 1756/43/651 1760/45/653 1758/43/651
f 1760/45/653 1756/43/651 1761/45/653
f 1758/43/652 1760/45/654 1756/43/652
f 1761/45/654 1756/43/652 1760/45/654
f 1762/45/652 1755/42/648 1754/42/648
f 1755/42/648 1762/45/652 1763/45/652
f 1754/42/649 1755/42/649 1762/45/651
f 1763/45/651 1762/45/651 1755/42/649
f 1759/44/649 1764/44/650 1757/44/649
f 1764/44/650 1759/44/649 1765/44/650
f 1757/44/648 1764/44/647 1759/44/648
f 1765/44/647 1759/44/648 1764/44/647
f 1763/45/425 1753/42/425 1755/42/425
f 1753/42/425 1763/45/425 1760/45/425
f 1760/45/425 1763/45/425 1766/43/425
f 1760/45/425 1766/43/425 1758/43/425
f 1758/43/425 1766/43/425 1765/44/425
f 1758/43/425 1765/44/425 1759/44/425
f 1755/42/426 1753/42/426 1763/45/426
f 1760/45/426 1763/45/426 1753/42/426
f 1766/43/426 1763/45/426 1760/45/426
f 1758/43/426 1766/43/426 1760/45/426
f 1765/44/426 1766/43/426 1758/43/426
f 1759/44/426 1765/44/426 1758/43/426
f 1761/45/426 1754/42/426 1752/42/426
f 1754/42/426 1761/45/426 1762/45/426
f 1762/45/426 1761/45/426 1756/43/426
f 1762/45/426 1756/43/426 1767/43/426
f 1767/43/426 1756/43/426 1757/44/426
f 1767/43/426 1757/44/426 1764/44/426
f 1752/42/425 1754/42/425 1761/45/425
f 1762/45/425 1761/45/425 1754/42/425
f 1756/43/425 1761/45/425 1762/45/425
f 1767/43/425 1756/43/425 1762/45/425
f 1757/44/425 1756/43/425 1767/43/425
f 1764/44/425 1757/44/425 1767/43/425
f 1762/45/652 1766/43/654 1763/45/652
f 1766/43/654 1762/45/652 1767/43/654
f 1763/45/651 1766/43/653 1762/45/651
f 1767/43/653 1762/45/651 1766/43/653
f 1765/44/650 1767/43/654 1764/44/650
f 1767/43/654 1765/44/650 1766/43/654
f 1764/44/647 1767/43/653 1765/44/647
f 1766/43/653 1765/44/647 1767/43/653
f 1752/42/647 1760/45/653 1761/45/653
f 1760/45/653 1752/42/647 1753/42/647
f 1761/45/654 1760/45/654 1752/42/650
f 1753/42/650 1752/42/650 1760/45/654
f 1770/12/81 1769/12/81 1768/12/81
f 1769/12/81 1770/12/81 1771/12/81
f 1769/12/81 1771/12/81 1772/12/81
f 1768/12/82 1769/12/82 1770/12/82
f 1771/12/82 1770/12/82 1769/12/82
f 1772/12/82 1771/12/82 1769/12/82
f 1774/11/367 1772/12/367 1773/11/367
f 1772/12/367 1774/11/367 1769/12/367
f 1773/11/368 1772/12/368 1774/11/368
f 1769/12/368 1774/11/368 1772/12/368
f 1772/12/425 1775/11/355 1773/11/425
f 1775/11/355 1772/12/425 1771/12/355
f 1773/11/426 1775/11/356 1772/12/426
f 1771/12/356 1772/12/426 1775/11/356
f 1768/12/356 1774/11/356 1776/11/356
f 1774/11/356 1768/12/356 1769/12/356
f 1776/11/355 1774/11/355 1768/12/355
f 1769/12/355 1768/12/355 1774/11/355
f 1768/12/368 1777/11/368 1770/12/368
f 1777/11/368 1768/12/368 1776/11/368
f 1770/12/367 1777/11/367 1768/12/367
f 1776/11/367 1768/12/367 1777/11/367
f 1771/12/355 1777/11/423 1775/11/355
f 1777/11/423 1771/12/355 1770/12/423
f 1775/11/356 1777/11/424 1771/12/356
f 1770/12/424 1771/12/356 1777/11/424
f 891/13/356 1779/11/356 1778/11/356
f 1779/11/356 891/13/356 1780/13/356
f 1778/11/355 1779/11/355 891/13/355
f 1780/13/355 891/13/355 1779/11/355
f 1781/13/81 1780/13/81 891/13/81
f 1780/13/81 1781/13/81 1782/13/81
f 1780/13/81 1782/13/81 1783/13/81
f 891/13/82 1780/13/82 1781/13/82
f 1782/13/82 1781/13/82 1780/13/82
f 1783/13/82 1782/13/82 1780/13/82
f 1782/13/355 1785/11/643 1784/11/355
f 1785/11/643 1782/13/355 1781/13/643
f 1784/11/356 1785/11/644 1782/13/356
f 1781/13/644 1782/13/356 1785/11/644
f 891/13/368 1785/11/368 1781/13/368
f 1785/11/368 891/13/368 1778/11/368
f 1781/13/367 1785/11/367 891/13/367
f 1778/11/367 891/13/367 1785/11/367
f 1779/11/367 1783/13/367 1786/11/367
f 1783/13/367 1779/11/367 1780/13/367
f 1786/11/368 1783/13/368 1779/11/368
f 1780/13/368 1779/11/368 1783/13/368
f 1779/11/82 1785/11/82 1778/11/82
f 1785/11/82 1779/11/82 1784/11/82
f 1784/11/82 1779/11/82 1786/11/82
f 1778/11/81 1785/11/81 1779/11/81
f 1784/11/81 1779/11/81 1785/11/81
f 1786/11/81 1779/11/81 1784/11/81
f 1783/13/645 1784/11/355 1786/11/645
f 1784/11/355 1783/13/645 1782/13/355
f 1786/11/646 1784/11/356 1783/13/646
f 1782/13/356 1783/13/646 1784/11/356
f 1789/42/648 1788/42/647 1787/42/647
f 1788/42/647 1789/42/648 1790/42/648
f 1787/42/650 1788/42/650 1789/42/649
f 1790/42/649 1789/42/649 1788/42/650
f 1793/43/651 1792/44/649 1791/43/651
f 1792/44/649 1793/43/651 1794/44/649
f 1791/43/652 1792/44/648 1793/43/652
f 1794/44/648 1793/43/652 1792/44/648
f 1791/43/651 1795/45/653 1793/43/651
f 1795/45/653 1791/43/651 1796/45/653
f 1793/43/652 1795/45/654 1791/43/652
f 1796/45/654 1791/43/652 1795/45/654
f 1797/45/652 1790/42/648 1789/42/648
f 1790/42/648 1797/45/652 1798/45/652
f 1789/42/649 1790/42/649 1797/45/651
f 1798/45/651 1797/45/651 1790/42/649
f 1794/44/649 1799/44/650 1792/44/649
f 1799/44/650 1794/44/649 1800/44/650
f 1792/44/648 1799/44/647 1794/44/648
f 1800/44/647 1794/44/648 1799/44/647
f 1798/45/425 1788/42/425 1790/42/425
f 1788/42/425 1798/45/425 1795/45/425
f 1795/45/425 1798/45/425 1801/43/425
f 1795/45/425 1801/43/425 1793/43/425
f 1793/43/425 1801/43/425 1800/44/425
f 1793/43/425 1800/44/425 1794/44/425
f 1790/42/426 1788/42/426 1798/45/426
f 1795/45/426 1798/45/426 1788/42/426
f 1801/43/426 1798/45/426 1795/45/426
f 1793/43/426 1801/43/426 1795/45/426
f 1800/44/426 1801/43/426 1793/43/426
f 1794/44/426 1800/44/426 1793/43/426
f 1796/45/426 1789/42/426 1787/42/426
f 1789/42/426 1796/45/426 1797/45/426
f 1797/45/426 1796/45/426 1791/43/426
f 1797/45/426 1791/43/426 1802/43/426
f 1802/43/426 1791/43/426 1792/44/426
f 1802/43/426 1792/44/426 1799/44/426
f 1787/42/425 1789/42/425 1796/45/425
f 1797/45/425 1796/45/425 1789/42/425
f 1791/43/425 1796/45/425 1797/45/425
f 1802/43/425 1791/43/425 1797/45/425
f 1792/44/425 1791/43/425 1802/43/425
f 1799/44/425 1792/44/425 1802/43/425
f 1797/45/652 1801/43/654 1798/45/652
f 1801/43/654 1797/45/652 1802/43/654
f 1798/45/651 1801/43/653 1797/45/651
f 1802/43/653 1797/45/651 1801/43/653
f 1800/44/650 1802/43/654 1799/44/650
f 1802/43/654 1800/44/650 1801/43/654
f 1799/44/647 1802/43/653 1800/44/647
f 1801/43/653 1800/44/647 1802/43/653
f 1787/42/647 1795/45/653 1796/45/653
f 1795/45/653 1787/42/647 1788/42/647
f 1796/45/654 1795/45/654 1787/42/650
f 1788/42/650 1787/42/650 1795/45/654
f 1805/12/372 1804/11/372 1803/11/372
f 1804/11/372 1805/12/372 1806/12/372
f 1803/11/371 1804/11/371 1805/12/371
f 1806/12/371 1805/12/371 1804/11/371
f 1805/12/384 1808/11/384 1807/12/384
f 1808/11/384 1805/12/384 1803/11/384
f 1807/12/383 1808/11/383 1805/12/383
f 1803/11/383 1805/12/383 1808/11/383
f 1804/11/383 1810/12/383 1809/11/383
f 1810/12/383 1804/11/383 1806/12/383
f 1809/11/384 1810/12/384 1804/11/384
f 1806/12/384 1804/11/384 1810/12/384
f 1807/12/81 1806/12/81 1805/12/81
f 1806/12/81 1807/12/81 1811/12/81
f 1806/12/81 1811/12/81 1810/12/81
f 1805/12/82 1806/12/82 1807/12/82
f 1811/12/82 1807/12/82 1806/12/82
f 1810/12/82 1811/12/82 1806/12/82
f 1810/12/413 1812/11/371 1809/11/413
f 1812/11/371 1810/12/413 1811/12/371
f 1809/11/411 1812/11/372 1810/12/411
f 1811/12/372 1810/12/411 1812/11/372
f 1811/12/371 1808/11/416 1812/11/371
f 1808/11/416 1811/12/371 1807/12/416
f 1812/11/372 1808/11/415 1811/12/372
f 1807/12/415 1811/12/372 1808/11/415
f 1815/13/371 1814/11/600 1813/11/371
f 1814/11/600 1815/13/371 1816/13/600
f 1813/11/372 1814/11/599 1815/13/372
f 1816/13/599 1815/13/372 1814/11/599
f 1819/13/603 1818/11/604 1817/13/604
f 1818/11/604 1819/13/603 1820/11/603
f 1817/13/601 1818/11/601 1819/13/602
f 1820/11/602 1819/13/602 1818/11/601
f 1816/13/600 1818/11/604 1814/11/600
f 1818/11/604 1816/13/600 1817/13/604
f 1814/11/599 1818/11/601 1816/13/599
f 1817/13/601 1816/13/599 1818/11/601
f 1822/13/606 1813/11/371 1821/11/606
f 1813/11/371 1822/13/606 1815/13/371
f 1821/11/605 1813/11/372 1822/13/605
f 1815/13/372 1822/13/605 1813/11/372
f 1817/13/81 1823/13/81 1819/13/81
f 1823/13/81 1817/13/81 1816/13/81
f 1823/13/81 1816/13/81 1815/13/81
f 1823/13/81 1815/13/81 1822/13/81
f 1823/13/81 1822/13/81 1824/13/81
f 1819/13/82 1823/13/82 1817/13/82
f 1816/13/82 1817/13/82 1823/13/82
f 1815/13/82 1816/13/82 1823/13/82
f 1822/13/82 1815/13/82 1823/13/82
f 1824/13/82 1822/13/82 1823/13/82
f 1826/11/609 1824/13/610 1825/11/610
f 1824/13/610 1826/11/609 1823/13/609
f 1825/11/607 1824/13/607 1826/11/608
f 1823/13/608 1826/11/608 1824/13/607
f 1825/11/610 1822/13/606 1821/11/606
f 1822/13/606 1825/11/610 1824/13/610
f 1821/11/605 1822/13/605 1825/11/607
f 1824/13/607 1825/11/607 1822/13/605
f 899/13/384 1828/11/384 1827/13/384
f 1828/11/384 899/13/384 1829/11/384
f 1827/13/383 1828/11/383 899/13/383
f 1829/11/383 899/13/383 1828/11/383
f 1832/13/612 1831/11/371 1830/11/612
f 1831/11/371 1832/13/612 1833/13/371
f 1830/11/611 1831/11/372 1832/13/611
f 1833/13/372 1832/13/611 1831/11/372
f 899/13/372 1834/11/372 1829/11/372
f 1834/11/372 899/13/372 900/13/372
f 1829/11/371 1834/11/371 899/13/371
f 900/13/371 899/13/371 1834/11/371
f 1833/13/371 1828/11/614 1831/11/371
f 1828/11/614 1833/13/371 1827/13/614
f 1831/11/372 1828/11/613 1833/13/372
f 1827/13/613 1833/13/372 1828/11/613
f 1834/11/82 1828/11/82 1829/11/82
f 1828/11/82 1834/11/82 1831/11/82
f 1831/11/82 1834/11/82 1830/11/82
f 1829/11/81 1828/11/81 1834/11/81
f 1831/11/81 1834/11/81 1828/11/81
f 1830/11/81 1834/11/81 1831/11/81
f 1827/13/81 900/13/81 899/13/81
f 900/13/81 1827/13/81 1833/13/81
f 900/13/81 1833/13/81 1832/13/81
f 899/13/82 900/13/82 1827/13/82
f 1833/13/82 1827/13/82 900/13/82
f 1832/13/82 1833/13/82 900/13/82
f 1834/11/383 1832/13/383 1830/11/383
f 1832/13/383 1834/11/383 900/13/383
f 1830/11/384 1832/13/384 1834/11/384
f 900/13/384 1834/11/384 1832/13/384
f 1837/31/622 1836/30/621 1835/30/621
f 1836/30/621 1837/31/622 1838/31/622
f 1835/30/619 1836/30/619 1837/31/620
f 1838/31/620 1837/31/620 1836/30/619
f 1841/32/618 1840/33/617 1839/32/618
f 1840/33/617 1841/32/618 1842/33/617
f 1839/32/615 1840/33/616 1841/32/615
f 1842/33/616 1841/32/615 1840/33/616
f 1844/30/413 1838/31/413 1843/31/413
f 1838/31/413 1844/30/413 1836/30/413
f 1836/30/413 1844/30/413 1845/32/413
f 1836/30/413 1845/32/413 1841/32/413
f 1841/32/413 1845/32/413 1846/33/413
f 1841/32/413 1846/33/413 1842/33/413
f 1843/31/411 1838/31/411 1844/30/411
f 1836/30/411 1844/30/411 1838/31/411
f 1845/32/411 1844/30/411 1836/30/411
f 1841/32/411 1845/32/411 1836/30/411
f 1846/33/411 1845/32/411 1841/32/411
f 1842/33/411 1846/33/411 1841/32/411
f 1842/33/617 1847/33/620 1840/33/617
f 1847/33/620 1842/33/617 1846/33/620
f 1840/33/616 1847/33/622 1842/33/616
f 1846/33/622 1842/33/616 1847/33/622
f 1849/30/615 1843/31/616 1848/31/616
f 1843/31/616 1849/30/615 1844/30/615
f 1848/31/617 1843/31/617 1849/30/618
f 1844/30/618 1849/30/618 1843/31/617
f 1835/30/411 1848/31/411 1837/31/411
f 1848/31/411 1835/30/411 1849/30/411
f 1849/30/411 1835/30/411 1839/32/411
f 1849/30/411 1839/32/411 1850/32/411
f 1850/32/411 1839/32/411 1840/33/411
f 1850/32/411 1840/33/411 1847/33/411
f 1837/31/413 1848/31/413 1835/30/413
f 1849/30/413 1835/30/413 1848/31/413
f 1839/32/413 1835/30/413 1849/30/413
f 1850/32/413 1839/32/413 1849/30/413
f 1840/33/413 1839/32/413 1850/32/413
f 1847/33/413 1840/33/413 1850/32/413
f 1846/33/620 1850/32/619 1847/33/620
f 1850/32/619 1846/33/620 1845/32/619
f 1847/33/622 1850/32/621 1846/33/622
f 1845/32/621 1846/33/622 1850/32/621
f 1848/31/616 1838/31/622 1837/31/622
f 1838/31/622 1848/31/616 1843/31/616
f 1837/31/620 1838/31/620 1848/31/617
f 1843/31/617 1848/31/617 1838/31/620
f 1839/32/618 1836/30/621 1841/32/618
f 1836/30/621 1839/32/618 1835/30/621
f 1841/32/615 1836/30/619 1839/32/615
f 1835/30/619 1839/32/615 1836/30/619
f 1849/30/615 1845/32/619 1844/30/615
f 1845/32/619 1849/30/615 1850/32/619
f 1844/30/618 1845/32/621 1849/30/618
f 1850/32/621 1849/30/618 1845/32/621
f 1853/35/615 1852/34/616 1851/34/616
f 1852/34/616 1853/35/615 1854/35/615
f 1851/34/617 1852/34/617 1853/35/618
f 1854/35/618 1853/35/618 1852/34/617
f 1856/35/411 1851/34/411 1855/34/411
f 1851/34/411 1856/35/411 1853/35/411
f 1853/35/411 1856/35/411 1857/36/411
f 1853/35/411 1857/36/411 1858/36/411
f 1858/36/411 1857/36/411 1859/37/411
f 1858/36/411 1859/37/411 1860/37/411
f 1855/34/413 1851/34/413 1856/35/413
f 1853/35/413 1856/35/413 1851/34/413
f 1857/36/413 1856/35/413 1853/35/413
f 1858/36/413 1857/36/413 1853/35/413
f 1859/37/413 1857/36/413 1858/36/413
f 1860/37/413 1859/37/413 1858/36/413
f 1851/34/616 1861/34/622 1855/34/622
f 1861/34/622 1851/34/616 1852/34/616
f 1855/34/620 1861/34/620 1851/34/617
f 1852/34/617 1851/34/617 1861/34/620
f 1855/34/622 1862/35/621 1856/35/621
f 1862/35/621 1855/34/622 1861/34/622
f 1856/35/619 1862/35/619 1855/34/620
f 1861/34/620 1855/34/620 1862/35/619
f 1863/37/617 1860/37/620 1859/37/617
f 1860/37/620 1863/37/617 1864/37/620
f 1859/37/616 1860/37/622 1863/37/616
f 1864/37/622 1863/37/616 1860/37/622
f 1857/36/618 1862/35/621 1865/36/618
f 1862/35/621 1857/36/618 1856/35/621
f 1865/36/615 1862/35/619 1857/36/615
f 1856/35/619 1857/36/615 1862/35/619
f 1864/37/620 1858/36/619 1860/37/620
f 1858/36/619 1864/37/620 1866/36/619
f 1860/37/622 1858/36/621 1864/37/622
f 1866/36/621 1864/37/622 1858/36/621
f 1853/35/615 1866/36/619 1854/35/615
f 1866/36/619 1853/35/615 1858/36/619
f 1854/35/618 1866/36/621 1853/35/618
f 1858/36/621 1853/35/618 1866/36/621
f 1865/36/618 1859/37/617 1857/36/618
f 1859/37/617 1865/36/618 1863/37/617
f 1857/36/615 1859/37/616 1865/36/615
f 1863/37/616 1865/36/615 1859/37/616
f 1854/35/413 1861/34/413 1852/34/413
f 1861/34/413 1854/35/413 1862/35/413
f 1862/35/413 1854/35/413 1866/36/413
f 1862/35/413 1866/36/413 1865/36/413
f 1865/36/413 1866/36/413 1864/37/413
f 1865/36/413 1864/37/413 1863/37/413
f 1852/34/411 1861/34/411 1854/35/411
f 1862/35/411 1854/35/411 1861/34/411
f 1866/36/411 1854/35/411 1862/35/411
f 1865/36/411 1866/36/411 1862/35/411
f 1864/37/411 1866/36/411 1865/36/411
f 1863/37/411 1864/37/411 1865/36/411
f 1869/38/627 1868/39/629 1867/38/627
f 1868/39/629 1869/38/627 1870/39/629
f 1867/38/628 1868/39/630 1869/38/628
f 1870/39/630 1869/38/628 1868/39/630
f 1873/38/623 1872/40/628 1871/38/623
f 1872/40/628 1873/38/623 1874/40/628
f 1871/38/625 1872/40/627 1873/38/625
f 1874/40/627 1873/38/625 1872/40/627
f 1872/40/628 1876/41/630 1875/41/630
f 1876/41/630 1872/40/628 1874/40/628
f 1875/41/629 1876/41/629 1872/40/627
f 1874/40/627 1872/40/627 1876/41/629
f 1871/38/416 1868/39/416 1877/39/416
f 1868/39/416 1871/38/416 1867/38/416
f 1867/38/416 1871/38/416 1872/40/416
f 1867/38/416 1872/40/416 1878/40/416
f 1878/40/416 1872/40/416 1875/41/416
f 1878/40/416 1875/41/416 1879/41/416
f 1877/39/415 1868/39/415 1871/38/415
f 1867/38/415 1871/38/415 1868/39/415
f 1872/40/415 1871/38/415 1867/38/415
f 1878/40/415 1872/40/415 1867/38/415
f 1875/41/415 1872/40/415 1878/40/415
f 1879/41/415 1875/41/415 1878/40/415
f 1870/39/629 1877/39/624 1868/39/629
f 1877/39/624 1870/39/629 1880/39/624
f 1868/39/630 1877/39/626 1870/39/630
f 1880/39/626 1870/39/630 1877/39/626
f 1869/38/415 1880/39/415 1870/39/415
f 1880/39/415 1869/38/415 1873/38/415
f 1873/38/415 1869/38/415 1881/40/415
f 1873/38/415 1881/40/415 1874/40/415
f 1874/40/415 1881/40/415 1882/41/415
f 1874/40/415 1882/41/415 1876/41/415
f 1870/39/416 1880/39/416 1869/38/416
f 1873/38/416 1869/38/416 1880/39/416
f 1881/40/416 1869/38/416 1873/38/416
f 1874/40/416 1881/40/416 1873/38/416
f 1882/41/416 1881/40/416 1874/40/416
f 1876/41/416 1882/41/416 1874/40/416
f 1875/41/630 1882/41/626 1879/41/626
f 1882/41/626 1875/41/630 1876/41/630
f 1879/41/624 1882/41/624 1875/41/629
f 1876/41/629 1875/41/629 1882/41/624
f 1880/39/624 1871/38/623 1877/39/624
f 1871/38/623 1880/39/624 1873/38/623
f 1877/39/626 1871/38/625 1880/39/626
f 1873/38/625 1880/39/626 1871/38/625
f 1879/41/626 1881/40/625 1878/40/625
f 1881/40/625 1879/41/626 1882/41/626
f 1878/40/623 1881/40/623 1879/41/624
f 1882/41/624 1879/41/624 1881/40/623
f 1881/40/625 1867/38/627 1878/40/625
f 1867/38/627 1881/40/625 1869/38/627
f 1878/40/623 1867/38/628 1881/40/623
f 1869/38/628 1881/40/623 1867/38/628
f 1885/12/384 1884/11/384 1883/12/384
f 1884/11/384 1885/12/384 1886/11/384
f 1883/12/383 1884/11/383 1885/12/383
f 1886/11/383 1885/12/383 1884/11/383
f 1885/12/372 1887/11/372 1886/11/372
f 1887/11/372 1885/12/372 1888/12/372
f 1886/11/371 1887/11/371 1885/12/371
f 1888/12/371 1885/12/371 1887/11/371
f 1889/11/431 1883/12/433 1884/11/433
f 1883/12/433 1889/11/431 1890/12/431
f 1884/11/434 1883/12/434 1889/11/432
f 1890/12/432 1889/11/432 1883/12/434
f 1887/11/428 1892/12/427 1891/11/427
f 1892/12/427 1887/11/428 1888/12/428
f 1891/11/430 1892/12/430 1887/11/429
f 1888/12/429 1887/11/429 1892/12/430
f 1890/12/81 1885/12/81 1883/12/81
f 1885/12/81 1890/12/81 1888/12/81
f 1888/12/81 1890/12/81 1892/12/81
f 1883/12/82 1885/12/82 1890/12/82
f 1888/12/82 1890/12/82 1885/12/82
f 1892/12/82 1890/12/82 1888/12/82
f 1892/12/427 1889/11/431 1891/11/427
f 1889/11/431 1892/12/427 1890/12/431
f 1891/11/430 1889/11/432 1892/12/430
f 1890/12/432 1892/12/430 1889/11/432
f 1895/13/372 1894/11/372 1893/11/372
f 1894/11/372 1895/13/372 1896/13/372
f 1893/11/371 1894/11/371 1895/13/371
f 1896/13/371 1895/13/371 1894/11/371
f 1895/13/384 1898/11/384 1897/13/384
f 1898/11/384 1895/13/384 1893/11/384
f 1897/13/383 1898/11/383 1895/13/383
f 1893/11/383 1895/13/383 1898/11/383
f 1899/13/81 1895/13/81 1897/13/81
f 1895/13/81 1899/13/81 1896/13/81
f 1896/13/81 1899/13/81 1900/13/81
f 1897/13/82 1895/13/82 1899/13/82
f 1896/13/82 1899/13/82 1895/13/82
f 1900/13/82 1899/13/82 1896/13/82
f 1894/11/82 1898/11/82 1893/11/82
f 1898/11/82 1894/11/82 1901/11/82
f 1901/11/82 1894/11/82 1902/11/82
f 1893/11/81 1898/11/81 1894/11/81
f 1901/11/81 1894/11/81 1898/11/81
f 1902/11/81 1894/11/81 1901/11/81
f 1894/11/428 1900/13/427 1902/11/427
f 1900/13/427 1894/11/428 1896/13/428
f 1902/11/430 1900/13/430 1894/11/429
f 1896/13/429 1894/11/429 1900/13/430
f 1900/13/427 1901/11/655 1902/11/427
f 1901/11/655 1900/13/427 1899/13/655
f 1902/11/430 1901/11/656 1900/13/430
f 1899/13/656 1900/13/430 1901/11/656
f 1901/11/655 1897/13/433 1898/11/433
f 1897/13/433 1901/11/655 1899/13/655
f 1898/11/434 1897/13/434 1901/11/656
f 1899/13/656 1901/11/656 1897/13/434
f 1905/12/368 1904/11/368 1903/12/368
f 1904/11/368 1905/12/368 1906/11/368
f 1903/12/367 1904/11/367 1905/12/367
f 1906/11/367 1905/12/367 1904/11/367
f 1905/12/356 1907/11/356 1906/11/356
f 1907/11/356 1905/12/356 1908/12/356
f 1906/11/355 1907/11/355 1905/12/355
f 1908/12/355 1905/12/355 1907/11/355
f 1909/11/439 1903/12/441 1904/11/441
f 1903/12/441 1909/11/439 1910/12/439
f 1904/11/442 1903/12/442 1909/11/440
f 1910/12/440 1909/11/440 1903/12/442
f 1907/11/436 1912/12/435 1911/11/435
f 1912/12/435 1907/11/436 1908/12/436
f 1911/11/438 1912/12/438 1907/11/437
f 1908/12/437 1907/11/437 1912/12/438
f 1910/12/81 1905/12/81 1903/12/81
f 1905/12/81 1910/12/81 1908/12/81
f 1908/12/81 1910/12/81 1912/12/81
f 1903/12/82 1905/12/82 1910/12/82
f 1908/12/82 1910/12/82 1905/12/82
f 1912/12/82 1910/12/82 1908/12/82
f 1912/12/435 1909/11/439 1911/11/435
f 1909/11/439 1912/12/435 1910/12/439
f 1911/11/438 1909/11/440 1912/12/438
f 1910/12/440 1912/12/438 1909/11/440
f 1915/13/356 1914/11/356 1913/11/356
f 1914/11/356 1915/13/356 1916/13/356
f 1913/11/355 1914/11/355 1915/13/355
f 1916/13/355 1915/13/355 1914/11/355
f 1915/13/368 1918/11/368 1917/13/368
f 1918/11/368 1915/13/368 1913/11/368
f 1917/13/367 1918/11/367 1915/13/367
f 1913/11/367 1915/13/367 1918/11/367
f 1919/13/81 1915/13/81 1917/13/81
f 1915/13/81 1919/13/81 1916/13/81
f 1916/13/81 1919/13/81 1920/13/81
f 1917/13/82 1915/13/82 1919/13/82
f 1916/13/82 1919/13/82 1915/13/82
f 1920/13/82 1919/13/82 1916/13/82
f 1914/11/82 1918/11/82 1913/11/82
f 1918/11/82 1914/11/82 1921/11/82
f 1921/11/82 1914/11/82 1922/11/82
f 1913/11/81 1918/11/81 1914/11/81
f 1921/11/81 1914/11/81 1918/11/81
f 1922/11/81 1914/11/81 1921/11/81
f 1914/11/436 1920/13/435 1922/11/435
f 1920/13/435 1914/11/436 1916/13/436
f 1922/11/438 1920/13/438 1914/11/437
f 1916/13/437 1914/11/437 1920/13/438
f 1920/13/435 1921/11/657 1922/11/435
f 1921/11/657 1920/13/435 1919/13/657
f 1922/11/438 1921/11/658 1920/13/438
f 1919/13/658 1920/13/438 1921/11/658
f 1921/11/657 1917/13/441 1918/11/441
f 1917/13/441 1921/11/657 1919/13/657
f 1918/11/442 1917/13/442 1921/11/658
f 1919/13/658 1921/11/658 1917/13/442
f 929/13/445 1924/11/445 1923/13/445
f 1924/11/445 929/13/445 1925/11/445
f 1923/13/446 1924/11/446 929/13/446
f 1925/11/446 929/13/446 1924/11/446
f 1928/13/611 1927/11/443 1926/11/611
f 1927/11/443 1928/13/611 1929/13/443
f 1926/11/612 1927/11/444 1928/13/612
f 1929/13/444 1928/13/612 1927/11/444
f 929/13/444 1930/11/444 1925/11/444
f 1930/11/444 929/13/444 930/13/444
f 1925/11/443 1930/11/443 929/13/443
f 930/13/443 929/13/443 1930/11/443
f 1929/13/443 1924/11/613 1927/11/443
f 1924/11/613 1929/13/443 1923/13/613
f 1927/11/444 1924/11/614 1929/13/444
f 1923/13/614 1929/13/444 1924/11/614
f 1930/11/82 1924/11/82 1925/11/82
f 1924/11/82 1930/11/82 1927/11/82
f 1927/11/82 1930/11/82 1926/11/82
f 1925/11/81 1924/11/81 1930/11/81
f 1927/11/81 1930/11/81 1924/11/81
f 1926/11/81 1930/11/81 1927/11/81
f 1923/13/81 930/13/81 929/13/81
f 930/13/81 1923/13/81 1929/13/81
f 930/13/81 1929/13/81 1928/13/81
f 929/13/82 930/13/82 1923/13/82
f 1929/13/82 1923/13/82 930/13/82
f 1928/13/82 1929/13/82 930/13/82
f 1930/11/446 1928/13/446 1926/11/446
f 1928/13/446 1930/11/446 930/13/446
f 1926/11/445 1928/13/445 1930/11/445
f 930/13/445 1930/11/445 1928/13/445
f 1933/12/411 1932/11/443 1931/11/411
f 1932/11/443 1933/12/411 1934/12/443
f 1931/11/413 1932/11/444 1933/12/413
f 1934/12/444 1933/12/413 1932/11/444
f 1934/12/443 1935/11/415 1932/11/443
f 1935/11/415 1934/12/443 1936/12/415
f 1932/11/444 1935/11/416 1934/12/444
f 1936/12/416 1934/12/444 1935/11/416
f 1937/12/445 1935/11/445 1936/12/445
f 1935/11/445 1937/12/445 1938/11/445
f 1936/12/446 1935/11/446 1937/12/446
f 1938/11/446 1937/12/446 1935/11/446
f 1936/12/81 1939/12/81 1937/12/81
f 1939/12/81 1936/12/81 1934/12/81
f 1939/12/81 1934/12/81 1933/12/81
f 1937/12/82 1939/12/82 1936/12/82
f 1934/12/82 1936/12/82 1939/12/82
f 1933/12/82 1934/12/82 1939/12/82
f 1937/12/444 1940/11/444 1938/11/444
f 1940/11/444 1937/12/444 1939/12/444
f 1938/11/443 1940/11/443 1937/12/443
f 1939/12/443 1937/12/443 1940/11/443
f 1940/11/446 1933/12/446 1931/11/446
f 1933/12/446 1940/11/446 1939/12/446
f 1931/11/445 1933/12/445 1940/11/445
f 1939/12/445 1940/11/445 1933/12/445
f 1943/46/624 1942/46/629 1941/46/624
f 1942/46/629 1943/46/624 1944/46/629
f 1941/46/626 1942/46/630 1943/46/626
f 1944/46/630 1943/46/626 1942/46/630
f 1947/47/626 1946/47/630 1945/47/630
f 1946/47/630 1947/47/626 1948/47/626
f 1945/47/629 1946/47/629 1947/47/624
f 1948/47/624 1947/47/624 1946/47/629
f 1951/48/628 1950/49/623 1949/48/628
f 1950/49/623 1951/48/628 1952/49/623
f 1949/48/627 1950/49/625 1951/48/627
f 1952/49/625 1951/48/627 1950/49/625
f 1955/49/627 1954/48/625 1953/49/627
f 1954/48/625 1955/49/627 1956/48/625
f 1953/49/628 1954/48/623 1955/49/628
f 1956/48/623 1955/49/628 1954/48/623
f 1945/47/630 1951/48/628 1949/48/628
f 1951/48/628 1945/47/630 1946/47/630
f 1949/48/627 1951/48/627 1945/47/629
f 1946/47/629 1945/47/629 1951/48/627
f 1952/49/623 1941/46/624 1950/49/623
f 1941/46/624 1952/49/623 1943/46/624
f 1950/49/625 1941/46/626 1952/49/625
f 1943/46/626 1952/49/625 1941/46/626
f 1953/49/415 1941/46/415 1942/46/415
f 1941/46/415 1953/49/415 1950/49/415
f 1950/49/415 1953/49/415 1954/48/415
f 1950/49/415 1954/48/415 1949/48/415
f 1949/48/415 1954/48/415 1947/47/415
f 1949/48/415 1947/47/415 1945/47/415
f 1942/46/416 1941/46/416 1953/49/416
f 1950/49/416 1953/49/416 1941/46/416
f 1954/48/416 1953/49/416 1950/49/416
f 1949/48/416 1954/48/416 1950/49/416
f 1947/47/416 1954/48/416 1949/48/416
f 1945/47/416 1947/47/416 1949/48/416
f 1952/49/416 1944/46/416 1943/46/416
f 1944/46/416 1952/49/416 1955/49/416
f 1955/49/416 1952/49/416 1951/48/416
f 1955/49/416 1951/48/416 1956/48/416
f 1956/48/416 1951/48/416 1946/47/416
f 1956/48/416 1946/47/416 1948/47/416
f 1943/46/415 1944/46/415 1952/49/415
f 1955/49/415 1952/49/415 1944/46/415
f 1951/48/415 1952/49/415 1955/49/415
f 1956/48/415 1951/48/415 1955/49/415
f 1946/47/415 1951/48/415 1956/48/415
f 1948/47/415 1946/47/415 1956/48/415
f 1944/46/629 1953/49/627 1942/46/629
f 1953/49/627 1944/46/629 1955/49/627
f 1942/46/630 1953/49/628 1944/46/630
f 1955/49/628 1944/46/630 1953/49/628
f 1954/48/625 1948/47/626 1947/47/626
f 1948/47/626 1954/48/625 1956/48/625
f 1947/47/624 1948/47/624 1954/48/623
f 1956/48/623 1954/48/623 1948/47/624
f 1959/50/620 1958/50/617 1957/50/620
f 1958/50/617 1959/50/620 1960/50/617
f 1957/50/622 1958/50/616 1959/50/622
f 1960/50/616 1959/50/622 1958/50/616
f 1963/51/622 1962/51/616 1961/51/616
f 1962/51/616 1963/51/622 1964/51/622
f 1961/51/617 1962/51/617 1963/51/620
f 1964/51/620 1963/51/620 1962/51/617
f 1966/52/619 1957/50/620 1965/52/619
f 1957/50/620 1966/52/619 1959/50/620
f 1965/52/621 1957/50/622 1966/52/621
f 1959/50/622 1966/52/621 1957/50/622
f 1960/50/617 1967/52/618 1958/50/617
f 1967/52/618 1960/50/617 1968/52/618
f 1958/50/616 1967/52/615 1960/50/616
f 1968/52/615 1960/50/616 1967/52/615
f 1965/52/619 1969/53/615 1966/52/619
f 1969/53/615 1965/52/619 1970/53/615
f 1966/52/621 1969/53/618 1965/52/621
f 1970/53/618 1965/52/621 1969/53/618
f 1961/51/616 1969/53/615 1970/53/615
f 1969/53/615 1961/51/616 1962/51/616
f 1970/53/618 1969/53/618 1961/51/617
f 1962/51/617 1961/51/617 1969/53/618
f 1970/53/413 1963/51/413 1961/51/413
f 1963/51/413 1970/53/413 1971/53/413
f 1971/53/413 1970/53/413 1965/52/413
f 1971/53/413 1965/52/413 1967/52/413
f 1967/52/413 1965/52/413 1957/50/413
f 1967/52/413 1957/50/413 1958/50/413
f 1961/51/411 1963/51/411 1970/53/411
f 1971/53/411 1970/53/411 1963/51/411
f 1965/52/411 1970/53/411 1971/53/411
f 1967/52/411 1965/52/411 1971/53/411
f 1957/50/411 1965/52/411 1967/52/411
f 1958/50/411 1957/50/411 1967/52/411
f 1972/53/411 1962/51/411 1964/51/411
f 1962/51/411 1972/53/411 1969/53/411
f 1969/53/411 1972/53/411 1968/52/411
f 1969/53/411 1968/52/411 1966/52/411
f 1966/52/411 1968/52/411 1960/50/411
f 1966/52/411 1960/50/411 1959/50/411
f 1964/51/413 1962/51/413 1972/53/413
f 1969/53/413 1972/53/413 1962/51/413
f 1968/52/413 1972/53/413 1969/53/413
f 1966/52/413 1968/52/413 1969/53/413
f 1960/50/413 1968/52/413 1966/52/413
f 1959/50/413 1960/50/413 1966/52/413
f 1971/53/621 1964/51/622 1963/51/622
f 1964/51/622 1971/53/621 1972/53/621
f 1963/51/620 1964/51/620 1971/53/619
f 1972/53/619 1971/53/619 1964/51/620
f 1971/53/621 1968/52/618 1972/53/621
f 1968/52/618 1971/53/621 1967/52/618
f 1972/53/619 1968/52/615 1971/53/619
f 1967/52/615 1971/53/619 1968/52/615
f 1975/54/624 1974/54/629 1973/54/624
f 1974/54/629 1975/54/624 1976/54/629
f 1973/54/626 1974/54/630 1975/54/626
f 1976/54/630 1975/54/626 1974/54/630
f 1979/55/626 1978/55/630 1977/55/630
f 1978/55/630 1979/55/626 1980/55/626
f 1977/55/629 1978/55/629 1979/55/624
f 1980/55/624 1979/55/624 1978/55/629
f 1977/55/630 1982/56/628 1981/56/628
f 1982/56/628 1977/55/630 1978/55/630
f 1981/56/627 1982/56/627 1977/55/629
f 1978/55/629 1977/55/629 1982/56/627
f 1984/57/623 1973/54/624 1983/57/623
f 1973/54/624 1984/57/623 1975/54/624
f 1983/57/625 1973/54/626 1984/57/625
f 1975/54/626 1984/57/625 1973/54/626
f 1987/57/627 1986/56/625 1985/57/627
f 1986/56/625 1987/57/627 1988/56/625
f 1985/57/628 1986/56/623 1987/57/628
f 1988/56/623 1987/57/628 1986/56/623
f 1982/56/628 1983/57/623 1981/56/628
f 1983/57/623 1982/56/628 1984/57/623
f 1981/56/627 1983/57/625 1982/56/627
f 1984/57/625 1982/56/627 1983/57/625
f 1985/57/415 1973/54/415 1974/54/415
f 1973/54/415 1985/57/415 1983/57/415
f 1983/57/415 1985/57/415 1986/56/415
f 1983/57/415 1986/56/415 1981/56/415
f 1981/56/415 1986/56/415 1979/55/415
f 1981/56/415 1979/55/415 1977/55/415
f 1974/54/416 1973/54/416 1985/57/416
f 1983/57/416 1985/57/416 1973/54/416
f 1986/56/416 1985/57/416 1983/57/416
f 1981/56/416 1986/56/416 1983/57/416
f 1979/55/416 1986/56/416 1981/56/416
f 1977/55/416 1979/55/416 1981/56/416
f 1976/54/629 1985/57/627 1974/54/629
f 1985/57/627 1976/54/629 1987/57/627
f 1974/54/630 1985/57/628 1976/54/630
f 1987/57/628 1976/54/630 1985/57/628
f 1984/57/416 1976/54/416 1975/54/416
f 1976/54/416 1984/57/416 1987/57/416
f 1987/57/416 1984/57/416 1982/56/416
f 1987/57/416 1982/56/416 1988/56/416
f 1988/56/416 1982/56/416 1978/55/416
f 1988/56/416 1978/55/416 1980/55/416
f 1975/54/415 1976/54/415 1984/57/415
f 1987/57/415 1984/57/415 1976/54/415
f 1982/56/415 1984/57/415 1987/57/415
f 1988/56/415 1982/56/415 1987/57/415
f 1978/55/415 1982/56/415 1988/56/415
f 1980/55/415 1978/55/415 1988/56/415
f 1986/56/625 1980/55/626 1979/55/626
f 1980/55/626 1986/56/625 1988/56/625
f 1979/55/624 1980/55/624 1986/56/623
f 1988/56/623 1986/56/623 1980/55/624
f 939/13/384 1990/11/384 1989/13/384
f 1990/11/384 939/13/384 1991/11/384
f 1989/13/383 1990/11/383 939/13/383
f 1991/11/383 939/13/383 1990/11/383
f 1994/13/612 1993/11/371 1992/11/612
f 1993/11/371 1994/13/612 1995/13/371
f 1992/11/611 1993/11/372 1994/13/611
f 1995/13/372 1994/13/611 1993/11/372
f 939/13/372 1996/11/372 1991/11/372
f 1996/11/372 939/13/372 940/13/372
f 1991/11/371 1996/11/371 939/13/371
f 940/13/371 939/13/371 1996/11/371
f 1995/13/371 1990/11/614 1993/11/371
f 1990/11/614 1995/13/371 1989/13/614
f 1993/11/372 1990/11/613 1995/13/372
f 1989/13/613 1995/13/372 1990/11/613
f 1996/11/82 1990/11/82 1991/11/82
f 1990/11/82 1996/11/82 1993/11/82
f 1993/11/82 1996/11/82 1992/11/82
f 1991/11/81 1990/11/81 1996/11/81
f 1993/11/81 1996/11/81 1990/11/81
f 1992/11/81 1996/11/81 1993/11/81
f 1989/13/81 940/13/81 939/13/81
f 940/13/81 1989/13/81 1995/13/81
f 940/13/81 1995/13/81 1994/13/81
f 939/13/82 940/13/82 1989/13/82
f 1995/13/82 1989/13/82 940/13/82
f 1994/13/82 1995/13/82 940/13/82
f 1996/11/383 1994/13/383 1992/11/383
f 1994/13/383 1996/11/383 940/13/383
f 1992/11/384 1994/13/384 1996/11/384
f 940/13/384 1996/11/384 1994/13/384
f 1999/12/413 1998/11/371 1997/11/413
f 1998/11/371 1999/12/413 2000/12/371
f 1997/11/411 1998/11/372 1999/12/411
f 2000/12/372 1999/12/411 1998/11/372
f 2000/12/371 2001/11/416 1998/11/371
f 2001/11/416 2000/12/371 2002/12/416
f 1998/11/372 2001/11/415 2000/12/372
f 2002/12/415 2000/12/372 2001/11/415
f 2003/12/384 2001/11/384 2002/12/384
f 2001/11/384 2003/12/384 2004/11/384
f 2002/12/383 2001/11/383 2003/12/383
f 2004/11/383 2003/12/383 2001/11/383
f 2002/12/81 2005/12/81 2003/12/81
f 2005/12/81 2002/12/81 2000/12/81
f 2005/12/81 2000/12/81 1999/12/81
f 2003/12/82 2005/12/82 2002/12/82
f 2000/12/82 2002/12/82 2005/12/82
f 1999/12/82 2000/12/82 2005/12/82
f 2003/12/372 2006/11/372 2004/11/372
f 2006/11/372 2003/12/372 2005/12/372
f 2004/11/371 2006/11/371 2003/12/371
f 2005/12/371 2003/12/371 2006/11/371
f 2006/11/383 1999/12/383 1997/11/383
f 1999/12/383 2006/11/383 2005/12/383
f 1997/11/384 1999/12/384 2006/11/384
f 2005/12/384 2006/11/384 1999/12/384
f 2009/46/629 2008/46/624 2007/46/629
f 2008/46/624 2009/46/629 2010/46/624
f 2007/46/630 2008/46/626 2009/46/630
f 2010/46/626 2009/46/630 2008/46/626
f 2013/47/630 2012/47/626 2011/47/626
f 2012/47/626 2013/47/630 2014/47/630
f 2011/47/624 2012/47/624 2013/47/629
f 2014/47/629 2013/47/629 2012/47/624
f 2017/48/625 2016/49/627 2015/48/625
f 2016/49/627 2017/48/625 2018/49/627
f 2015/48/623 2016/49/628 2017/48/623
f 2018/49/628 2017/48/623 2016/49/628
f 2021/49/623 2020/48/628 2019/49/623
f 2020/48/628 2021/49/623 2022/48/628
f 2019/49/625 2020/48/627 2021/49/625
f 2022/48/627 2021/49/625 2020/48/627
f 2011/47/626 2017/48/625 2015/48/625
f 2017/48/625 2011/47/626 2012/47/626
f 2015/48/623 2017/48/623 2011/47/624
f 2012/47/624 2011/47/624 2017/48/623
f 2018/49/627 2007/46/629 2016/49/627
f 2007/46/629 2018/49/627 2009/46/629
f 2016/49/628 2007/46/630 2018/49/628
f 2009/46/630 2018/49/628 2007/46/630
f 2019/49/416 2007/46/416 2008/46/416
f 2007/46/416 2019/49/416 2016/49/416
f 2016/49/416 2019/49/416 2020/48/416
f 2016/49/416 2020/48/416 2015/48/416
f 2015/48/416 2020/48/416 2013/47/416
f 2015/48/416 2013/47/416 2011/47/416
f 2008/46/415 2007/46/415 2019/49/415
f 2016/49/415 2019/49/415 2007/46/415
f 2020/48/415 2019/49/415 2016/49/415
f 2015/48/415 2020/48/415 2016/49/415
f 2013/47/415 2020/48/415 2015/48/415
f 2011/47/415 2013/47/415 2015/48/415
f 2018/49/415 2010/46/415 2009/46/415
f 2010/46/415 2018/49/415 2021/49/415
f 2021/49/415 2018/49/415 2017/48/415
f 2021/49/415 2017/48/415 2022/48/415
f 2022/48/415 2017/48/415 2012/47/415
f 2022/48/415 2012/47/415 2014/47/415
f 2009/46/416 2010/46/416 2018/49/416
f 2021/49/416 2018/49/416 2010/46/416
f 2017/48/416 2018/49/416 2021/49/416
f 2022/48/416 2017/48/416 2021/49/416
f 2012/47/416 2017/48/416 2022/48/416
f 2014/47/416 2012/47/416 2022/48/416
f 2010/46/624 2019/49/623 2008/46/624
f 2019/49/623 2010/46/624 2021/49/623
f 2008/46/626 2019/49/625 2010/46/626
f 2021/49/625 2010/46/626 2019/49/625
f 2020/48/628 2014/47/630 2013/47/630
f 2014/47/630 2020/48/628 2022/48/628
f 2013/47/629 2014/47/629 2020/48/627
f 2022/48/627 2020/48/627 2014/47/629
f 2025/50/617 2024/50/620 2023/50/617
f 2024/50/620 2025/50/617 2026/50/620
f 2023/50/616 2024/50/622 2025/50/616
f 2026/50/622 2025/50/616 2024/50/622
f 2029/51/616 2028/51/622 2027/51/622
f 2028/51/622 2029/51/616 2030/51/616
f 2027/51/620 2028/51/620 2029/51/617
f 2030/51/617 2029/51/617 2028/51/620
f 2032/52/618 2023/50/617 2031/52/618
f 2023/50/617 2032/52/618 2025/50/617
f 2031/52/615 2023/50/616 2032/52/615
f 2025/50/616 2032/52/615 2023/50/616
f 2026/50/620 2033/52/619 2024/50/620
f 2033/52/619 2026/50/620 2034/52/619
f 2024/50/622 2033/52/621 2026/50/622
f 2034/52/621 2026/50/622 2033/52/621
f 2031/52/618 2035/53/621 2032/52/618
f 2035/53/621 2031/52/618 2036/53/621
f 2032/52/615 2035/53/619 2031/52/615
f 2036/53/619 2031/52/615 2035/53/619
f 2027/51/622 2035/53/621 2036/53/621
f 2035/53/621 2027/51/622 2028/51/622
f 2036/53/619 2035/53/619 2027/51/620
f 2028/51/620 2027/51/620 2035/53/619
f 2036/53/411 2029/51/411 2027/51/411
f 2029/51/411 2036/53/411 2037/53/411
f 2037/53/411 2036/53/411 2031/52/411
f 2037/53/411 2031/52/411 2033/52/411
f 2033/52/411 2031/52/411 2023/50/411
f 2033/52/411 2023/50/411 2024/50/411
f 2027/51/413 2029/51/413 2036/53/413
f 2037/53/413 2036/53/413 2029/51/413
f 2031/52/413 2036/53/413 2037/53/413
f 2033/52/413 2031/52/413 2037/53/413
f 2023/50/413 2031/52/413 2033/52/413
f 2024/50/413 2023/50/413 2033/52/413
f 2038/53/413 2028/51/413 2030/51/413
f 2028/51/413 2038/53/413 2035/53/413
f 2035/53/413 2038/53/413 2034/52/413
f 2035/53/413 2034/52/413 2032/52/413
f 2032/52/413 2034/52/413 2026/50/413
f 2032/52/413 2026/50/413 2025/50/413
f 2030/51/411 2028/51/411 2038/53/411
f 2035/53/411 2038/53/411 2028/51/411
f 2034/52/411 2038/53/411 2035/53/411
f 2032/52/411 2034/52/411 2035/53/411
f 2026/50/411 2034/52/411 2032/52/411
f 2025/50/411 2026/50/411 2032/52/411
f 2037/53/615 2030/51/616 2029/51/616
f 2030/51/616 2037/53/615 2038/53/615
f 2029/51/617 2030/51/617 2037/53/618
f 2038/53/618 2037/53/618 2030/51/617
f 2037/53/615 2034/52/619 2038/53/615
f 2034/52/619 2037/53/615 2033/52/619
f 2038/53/618 2034/52/621 2037/53/618
f 2033/52/621 2037/53/618 2034/52/621
f 2041/54/629 2040/54/624 2039/54/629
f 2040/54/624 2041/54/629 2042/54/624
f 2039/54/630 2040/54/626 2041/54/630
f 2042/54/626 2041/54/630 2040/54/626
f 2045/55/630 2044/55/626 2043/55/626
f 2044/55/626 2045/55/630 2046/55/630
f 2043/55/624 2044/55/624 2045/55/629
f 2046/55/629 2045/55/629 2044/55/624
f 2043/55/626 2048/56/625 2047/56/625
f 2048/56/625 2043/55/626 2044/55/626
f 2047/56/623 2048/56/623 2043/55/624
f 2044/55/624 2043/55/624 2048/56/623
f 2050/57/627 2039/54/629 2049/57/627
f 2039/54/629 2050/57/627 2041/54/629
f 2049/57/628 2039/54/630 2050/57/628
f 2041/54/630 2050/57/628 2039/54/630
f 2053/57/623 2052/56/628 2051/57/623
f 2052/56/628 2053/57/623 2054/56/628
f 2051/57/625 2052/56/627 2053/57/625
f 2054/56/627 2053/57/625 2052/56/627
f 2048/56/625 2049/57/627 2047/56/625
f 2049/57/627 2048/56/625 2050/57/627
f 2047/56/623 2049/57/628 2048/56/623
f 2050/57/628 2048/56/623 2049/57/628
f 2051/57/416 2039/54/416 2040/54/416
f 2039/54/416 2051/57/416 2049/57/416
f 2049/57/416 2051/57/416 2052/56/416
f 2049/57/416 2052/56/416 2047/56/416
f 2047/56/416 2052/56/416 2045/55/416
f 2047/56/416 2045/55/416 2043/55/416
f 2040/54/415 2039/54/415 2051/57/415
f 2049/57/415 2051/57/415 2039/54/415
f 2052/56/415 2051/57/415 2049/57/415
f 2047/56/415 2052/56/415 2049/57/415
f 2045/55/415 2052/56/415 2047/56/415
f 2043/55/415 2045/55/415 2047/56/415
f 2042/54/624 2051/57/623 2040/54/624
f 2051/57/623 2042/54/624 2053/57/623
f 2040/54/626 2051/57/625 2042/54/626
f 2053/57/625 2042/54/626 2051/57/625
f 2050/57/415 2042/54/415 2041/54/415
f 2042/54/415 2050/57/415 2053/57/415
f 2053/57/415 2050/57/415 2048/56/415
f 2053/57/415 2048/56/415 2054/56/415
f 2054/56/415 2048/56/415 2044/55/415
f 2054/56/415 2044/55/415 2046/55/415
f 2041/54/416 2042/54/416 2050/57/416
f 2053/57/416 2050/57/416 2042/54/416
f 2048/56/416 2050/57/416 2053/57/416
f 2054/56/416 2048/56/416 2053/57/416
f 2044/55/416 2048/56/416 2054/56/416
f 2046/55/416 2044/55/416 2054/56/416
f 2052/56/628 2046/55/630 2045/55/630
f 2046/55/630 2052/56/628 2054/56/628
f 2045/55/629 2046/55/629 2052/56/627
f 2054/56/627 2052/56/627 2046/55/629
f 2057/12/447 2056/11/447 2055/12/447
f 2056/11/447 2057/12/447 2058/11/447
f 2055/12/448 2056/11/448 2057/12/448
f 2058/11/448 2057/12/448 2056/11/448
f 2057/12/449 2059/11/449 2058/11/449
f 2059/11/449 2057/12/449 2060/12/449
f 2058/11/450 2059/11/450 2057/12/450
f 2060/12/450 2057/12/450 2059/11/450
f 2061/11/432 2055/12/434 2056/11/434
f 2055/12/434 2061/11/432 2062/12/432
f 2056/11/433 2055/12/433 2061/11/431
f 2062/12/431 2061/11/431 2055/12/433
f 2059/11/429 2064/12/430 2063/11/430
f 2064/12/430 2059/11/429 2060/12/429
f 2063/11/427 2064/12/427 2059/11/428
f 2060/12/428 2059/11/428 2064/12/427
f 2062/12/81 2057/12/81 2055/12/81
f 2057/12/81 2062/12/81 2060/12/81
f 2060/12/81 2062/12/81 2064/12/81
f 2055/12/82 2057/12/82 2062/12/82
f 2060/12/82 2062/12/82 2057/12/82
f 2064/12/82 2062/12/82 2060/12/82
f 2064/12/430 2061/11/432 2063/11/430
f 2061/11/432 2064/12/430 2062/12/432
f 2063/11/427 2061/11/431 2064/12/427
f 2062/12/431 2064/12/427 2061/11/431
f 813/13/449 2066/11/449 2065/11/449
f 2066/11/449 813/13/449 1339/13/449
f 2065/11/450 2066/11/450 813/13/450
f 1339/13/450 813/13/450 2066/11/450
f 813/13/447 2068/11/447 2067/13/447
f 2068/11/447 813/13/447 2065/11/447
f 2067/13/448 2068/11/448 813/13/448
f 2065/11/448 813/13/448 2068/11/448
f 2069/13/81 813/13/81 2067/13/81
f 813/13/81 2069/13/81 1339/13/81
f 1339/13/81 2069/13/81 2070/13/81
f 2067/13/82 813/13/82 2069/13/82
f 1339/13/82 2069/13/82 813/13/82
f 2070/13/82 2069/13/82 1339/13/82
f 2066/11/82 2068/11/82 2065/11/82
f 2068/11/82 2066/11/82 2071/11/82
f 2071/11/82 2066/11/82 2072/11/82
f 2065/11/81 2068/11/81 2066/11/81
f 2071/11/81 2066/11/81 2068/11/81
f 2072/11/81 2066/11/81 2071/11/81
f 2066/11/429 2070/13/430 2072/11/430
f 2070/13/430 2066/11/429 1339/13/429
f 2072/11/427 2070/13/427 2066/11/428
f 1339/13/428 2066/11/428 2070/13/427
f 2070/13/430 2071/11/656 2072/11/430
f 2071/11/656 2070/13/430 2069/13/656
f 2072/11/427 2071/11/655 2070/13/427
f 2069/13/655 2070/13/427 2071/11/655
f 2071/11/656 2067/13/434 2068/11/434
f 2067/13/434 2071/11/656 2069/13/656
f 2068/11/433 2067/13/433 2071/11/655
f 2069/13/655 2071/11/655 2067/13/433
f 2075/12/368 2074/11/368 2073/12/368
f 2074/11/368 2075/12/368 2076/11/368
f 2073/12/367 2074/11/367 2075/12/367
f 2076/11/367 2075/12/367 2074/11/367
f 2075/12/356 2077/11/356 2076/11/356
f 2077/11/356 2075/12/356 2078/12/356
f 2076/11/355 2077/11/355 2075/12/355
f 2078/12/355 2075/12/355 2077/11/355
f 2079/11/439 2073/12/441 2074/11/441
f 2073/12/441 2079/11/439 2080/12/439
f 2074/11/442 2073/12/442 2079/11/440
f 2080/12/440 2079/11/440 2073/12/442
f 2077/11/436 2082/12/435 2081/11/435
f 2082/12/435 2077/11/436 2078/12/436
f 2081/11/438 2082/12/438 2077/11/437
f 2078/12/437 2077/11/437 2082/12/438
f 2080/12/81 2075/12/81 2073/12/81
f 2075/12/81 2080/12/81 2078/12/81
f 2078/12/81 2080/12/81 2082/12/81
f 2073/12/82 2075/12/82 2080/12/82
f 2078/12/82 2080/12/82 2075/12/82
f 2082/12/82 2080/12/82 2078/12/82
f 2082/12/435 2079/11/439 2081/11/435
f 2079/11/439 2082/12/435 2080/12/439
f 2081/11/438 2079/11/440 2082/12/438
f 2080/12/440 2082/12/438 2079/11/440
f 2085/13/356 2084/11/356 2083/11/356
f 2084/11/356 2085/13/356 2086/13/356
f 2083/11/355 2084/11/355 2085/13/355
f 2086/13/355 2085/13/355 2084/11/355
f 2085/13/368 2088/11/368 2087/13/368
f 2088/11/368 2085/13/368 2083/11/368
f 2087/13/367 2088/11/367 2085/13/367
f 2083/11/367 2085/13/367 2088/11/367
f 2089/13/81 2085/13/81 2087/13/81
f 2085/13/81 2089/13/81 2086/13/81
f 2086/13/81 2089/13/81 2090/13/81
f 2087/13/82 2085/13/82 2089/13/82
f 2086/13/82 2089/13/82 2085/13/82
f 2090/13/82 2089/13/82 2086/13/82
f 2084/11/82 2088/11/82 2083/11/82
f 2088/11/82 2084/11/82 2091/11/82
f 2091/11/82 2084/11/82 2092/11/82
f 2083/11/81 2088/11/81 2084/11/81
f 2091/11/81 2084/11/81 2088/11/81
f 2092/11/81 2084/11/81 2091/11/81
f 2084/11/436 2090/13/435 2092/11/435
f 2090/13/435 2084/11/436 2086/13/436
f 2092/11/438 2090/13/438 2084/11/437
f 2086/13/437 2084/11/437 2090/13/438
f 2090/13/435 2091/11/657 2092/11/435
f 2091/11/657 2090/13/435 2089/13/657
f 2092/11/438 2091/11/658 2090/13/438
f 2089/13/658 2090/13/438 2091/11/658
f 2091/11/657 2087/13/441 2088/11/441
f 2087/13/441 2091/11/657 2089/13/657
f 2088/11/442 2087/13/442 2091/11/658
f 2089/13/658 2091/11/658 2087/13/442
f 2095/12/384 2094/11/384 2093/12/384
f 2094/11/384 2095/12/384 2096/11/384
f 2093/12/383 2094/11/383 2095/12/383
f 2096/11/383 2095/12/383 2094/11/383
f 2095/12/372 2097/11/372 2096/11/372
f 2097/11/372 2095/12/372 2098/12/372
f 2096/11/371 2097/11/371 2095/12/371
f 2098/12/371 2095/12/371 2097/11/371
f 2099/11/431 2093/12/433 2094/11/433
f 2093/12/433 2099/11/431 2100/12/431
f 2094/11/434 2093/12/434 2099/11/432
f 2100/12/432 2099/11/432 2093/12/434
f 2097/11/428 2102/12/427 2101/11/427
f 2102/12/427 2097/11/428 2098/12/428
f 2101/11/430 2102/12/430 2097/11/429
f 2098/12/429 2097/11/429 2102/12/430
f 2100/12/81 2095/12/81 2093/12/81
f 2095/12/81 2100/12/81 2098/12/81
f 2098/12/81 2100/12/81 2102/12/81
f 2093/12/82 2095/12/82 2100/12/82
f 2098/12/82 2100/12/82 2095/12/82
f 2102/12/82 2100/12/82 2098/12/82
f 2102/12/427 2099/11/431 2101/11/427
f 2099/11/431 2102/12/427 2100/12/431
f 2101/11/430 2099/11/432 2102/12/430
f 2100/12/432 2102/12/430 2099/11/432
f 773/13/372 2104/11/372 2103/11/372
f 2104/11/372 773/13/372 1129/13/372
f 2103/11/371 2104/11/371 773/13/371
f 1129/13/371 773/13/371 2104/11/371
f 773/13/384 2106/11/384 2105/13/384
f 2106/11/384 773/13/384 2103/11/384
f 2105/13/383 2106/11/383 773/13/383
f 2103/11/383 773/13/383 2106/11/383
f 2107/13/81 773/13/81 2105/13/81
f 773/13/81 2107/13/81 1129/13/81
f 1129/13/81 2107/13/81 2108/13/81
f 2105/13/82 773/13/82 2107/13/82
f 1129/13/82 2107/13/82 773/13/82
f 2108/13/82 2107/13/82 1129/13/82
f 2104/11/82 2106/11/82 2103/11/82
f 2106/11/82 2104/11/82 2109/11/82
f 2109/11/82 2104/11/82 2110/11/82
f 2103/11/81 2106/11/81 2104/11/81
f 2109/11/81 2104/11/81 2106/11/81
f 2110/11/81 2104/11/81 2109/11/81
f 2104/11/428 2108/13/427 2110/11/427
f 2108/13/427 2104/11/428 1129/13/428
f 2110/11/430 2108/13/430 2104/11/429
f 1129/13/429 2104/11/429 2108/13/430
f 2108/13/427 2109/11/655 2110/11/427
f 2109/11/655 2108/13/427 2107/13/655
f 2110/11/430 2109/11/656 2108/13/430
f 2107/13/656 2108/13/430 2109/11/656
f 2109/11/655 2105/13/433 2106/11/433
f 2105/13/433 2109/11/655 2107/13/655
f 2106/11/434 2105/13/434 2109/11/656
f 2107/13/656 2109/11/656 2105/13/434
f 2113/12/400 2112/11/400 2111/12/400
f 2112/11/400 2113/12/400 2114/11/400
f 2111/12/399 2112/11/399 2113/12/399
f 2114/11/399 2113/12/399 2112/11/399
f 2113/12/388 2115/11/388 2114/11/388
f 2115/11/388 2113/12/388 2116/12/388
f 2114/11/387 2115/11/387 2113/12/387
f 2116/12/387 2113/12/387 2115/11/387
f 2117/11/455 2111/12/457 2112/11/457
f 2111/12/457 2117/11/455 2118/12/455
f 2112/11/458 2111/12/458 2117/11/456
f 2118/12/456 2117/11/456 2111/12/458
f 2115/11/452 2120/12/451 2119/11/451
f 2120/12/451 2115/11/452 2116/12/452
f 2119/11/454 2120/12/454 2115/11/453
f 2116/12/453 2115/11/453 2120/12/454
f 2118/12/81 2113/12/81 2111/12/81
f 2113/12/81 2118/12/81 2116/12/81
f 2116/12/81 2118/12/81 2120/12/81
f 2111/12/82 2113/12/82 2118/12/82
f 2116/12/82 2118/12/82 2113/12/82
f 2120/12/82 2118/12/82 2116/12/82
f 2120/12/451 2117/11/455 2119/11/451
f 2117/11/455 2120/12/451 2118/12/455
f 2119/11/454 2117/11/456 2120/12/454
f 2118/12/456 2120/12/454 2117/11/456
f 798/13/388 2122/11/388 2121/11/388
f 2122/11/388 798/13/388 2123/13/388
f 2121/11/387 2122/11/387 798/13/387
f 2123/13/387 798/13/387 2122/11/387
f 798/13/400 2125/11/400 2124/13/400
f 2125/11/400 798/13/400 2121/11/400
f 2124/13/399 2125/11/399 798/13/399
f 2121/11/399 798/13/399 2125/11/399
f 2126/13/81 798/13/81 2124/13/81
f 798/13/81 2126/13/81 2123/13/81
f 2123/13/81 2126/13/81 2127/13/81
f 2124/13/82 798/13/82 2126/13/82
f 2123/13/82 2126/13/82 798/13/82
f 2127/13/82 2126/13/82 2123/13/82
f 2122/11/82 2125/11/82 2121/11/82
f 2125/11/82 2122/11/82 2128/11/82
f 2128/11/82 2122/11/82 2129/11/82
f 2121/11/81 2125/11/81 2122/11/81
f 2128/11/81 2122/11/81 2125/11/81
f 2129/11/81 2122/11/81 2128/11/81
f 2122/11/452 2127/13/451 2129/11/451
f 2127/13/451 2122/11/452 2123/13/452
f 2129/11/454 2127/13/454 2122/11/453
f 2123/13/453 2122/11/453 2127/13/454
f 2127/13/451 2128/11/659 2129/11/451
f 2128/11/659 2127/13/451 2126/13/659
f 2129/11/454 2128/11/660 2127/13/454
f 2126/13/660 2127/13/454 2128/11/660
f 2128/11/659 2124/13/457 2125/11/457
f 2124/13/457 2128/11/659 2126/13/659
f 2125/11/458 2124/13/458 2128/11/660
f 2126/13/660 2128/11/660 2124/13/458
f 2132/12/400 2131/11/400 2130/12/400
f 2131/11/400 2132/12/400 2133/11/400
f 2130/12/399 2131/11/399 2132/12/399
f 2133/11/399 2132/12/399 2131/11/399
f 2132/12/388 2134/11/388 2133/11/388
f 2134/11/388 2132/12/388 2135/12/388
f 2133/11/387 2134/11/387 2132/12/387
f 2135/12/387 2132/12/387 2134/11/387
f 2136/11/455 2130/12/457 2131/11/457
f 2130/12/457 2136/11/455 2137/12/455
f 2131/11/458 2130/12/458 2136/11/456
f 2137/12/456 2136/11/456 2130/12/458
f 2134/11/452 2139/12/451 2138/11/451
f 2139/12/451 2134/11/452 2135/12/452
f 2138/11/454 2139/12/454 2134/11/453
f 2135/12/453 2134/11/453 2139/12/454
f 2137/12/81 2132/12/81 2130/12/81
f 2132/12/81 2137/12/81 2135/12/81
f 2135/12/81 2137/12/81 2139/12/81
f 2130/12/82 2132/12/82 2137/12/82
f 2135/12/82 2137/12/82 2132/12/82
f 2139/12/82 2137/12/82 2135/12/82
f 2139/12/451 2136/11/455 2138/11/451
f 2136/11/455 2139/12/451 2137/12/455
f 2138/11/454 2136/11/456 2139/12/454
f 2137/12/456 2139/12/454 2136/11/456
f 2142/13/388 2141/11/388 2140/11/388
f 2141/11/388 2142/13/388 2143/13/388
f 2140/11/387 2141/11/387 2142/13/387
f 2143/13/387 2142/13/387 2141/11/387
f 2142/13/400 2145/11/400 2144/13/400
f 2145/11/400 2142/13/400 2140/11/400
f 2144/13/399 2145/11/399 2142/13/399
f 2140/11/399 2142/13/399 2145/11/399
f 2146/13/81 2142/13/81 2144/13/81
f 2142/13/81 2146/13/81 2143/13/81
f 2143/13/81 2146/13/81 2147/13/81
f 2144/13/82 2142/13/82 2146/13/82
f 2143/13/82 2146/13/82 2142/13/82
f 2147/13/82 2146/13/82 2143/13/82
f 2141/11/82 2145/11/82 2140/11/82
f 2145/11/82 2141/11/82 2148/11/82
f 2148/11/82 2141/11/82 2149/11/82
f 2140/11/81 2145/11/81 2141/11/81
f 2148/11/81 2141/11/81 2145/11/81
f 2149/11/81 2141/11/81 2148/11/81
f 2141/11/452 2147/13/451 2149/11/451
f 2147/13/451 2141/11/452 2143/13/452
f 2149/11/454 2147/13/454 2141/11/453
f 2143/13/453 2141/11/453 2147/13/454
f 2147/13/451 2148/11/659 2149/11/451
f 2148/11/659 2147/13/451 2146/13/659
f 2149/11/454 2148/11/660 2147/13/454
f 2146/13/660 2147/13/454 2148/11/660
f 2148/11/659 2144/13/457 2145/11/457
f 2144/13/457 2148/11/659 2146/13/659
f 2145/11/458 2144/13/458 2148/11/660
f 2146/13/660 2148/11/660 2144/13/458
f 2152/12/459 2151/11/459 2150/12/459
f 2151/11/459 2152/12/459 2153/11/459
f 2150/12/460 2151/11/460 2152/12/460
f 2153/11/460 2152/12/460 2151/11/460
f 2152/12/461 2154/11/461 2153/11/461
f 2154/11/461 2152/12/461 2155/12/461
f 2153/11/462 2154/11/462 2152/12/462
f 2155/12/462 2152/12/462 2154/11/462
f 2156/11/432 2150/12/434 2151/11/434
f 2150/12/434 2156/11/432 2157/12/432
f 2151/11/433 2150/12/433 2156/11/431
f 2157/12/431 2156/11/431 2150/12/433
f 2154/11/429 2159/12/430 2158/11/430
f 2159/12/430 2154/11/429 2155/12/429
f 2158/11/427 2159/12/427 2154/11/428
f 2155/12/428 2154/11/428 2159/12/427
f 2157/12/81 2152/12/81 2150/12/81
f 2152/12/81 2157/12/81 2155/12/81
f 2155/12/81 2157/12/81 2159/12/81
f 2150/12/82 2152/12/82 2157/12/82
f 2155/12/82 2157/12/82 2152/12/82
f 2159/12/82 2157/12/82 2155/12/82
f 2159/12/430 2156/11/432 2158/11/430
f 2156/11/432 2159/12/430 2157/12/432
f 2158/11/427 2156/11/431 2159/12/427
f 2157/12/431 2159/12/427 2156/11/431
f 2162/13/461 2161/11/461 2160/11/461
f 2161/11/461 2162/13/461 2163/13/461
f 2160/11/462 2161/11/462 2162/13/462
f 2163/13/462 2162/13/462 2161/11/462
f 2162/13/459 2165/11/459 2164/13/459
f 2165/11/459 2162/13/459 2160/11/459
f 2164/13/460 2165/11/460 2162/13/460
f 2160/11/460 2162/13/460 2165/11/460
f 2166/13/81 2162/13/81 2164/13/81
f 2162/13/81 2166/13/81 2163/13/81
f 2163/13/81 2166/13/81 2167/13/81
f 2164/13/82 2162/13/82 2166/13/82
f 2163/13/82 2166/13/82 2162/13/82
f 2167/13/82 2166/13/82 2163/13/82
f 2161/11/82 2165/11/82 2160/11/82
f 2165/11/82 2161/11/82 2168/11/82
f 2168/11/82 2161/11/82 2169/11/82
f 2160/11/81 2165/11/81 2161/11/81
f 2168/11/81 2161/11/81 2165/11/81
f 2169/11/81 2161/11/81 2168/11/81
f 2161/11/429 2167/13/430 2169/11/430
f 2167/13/430 2161/11/429 2163/13/429
f 2169/11/427 2167/13/427 2161/11/428
f 2163/13/428 2161/11/428 2167/13/427
f 2167/13/430 2168/11/656 2169/11/430
f 2168/11/656 2167/13/430 2166/13/656
f 2169/11/427 2168/11/655 2167/13/427
f 2166/13/655 2167/13/427 2168/11/655
f 2168/11/656 2164/13/434 2165/11/434
f 2164/13/434 2168/11/656 2166/13/656
f 2165/11/433 2164/13/433 2168/11/655
f 2166/13/655 2168/11/655 2164/13/433
f 2172/58/661 2171/58/661 2170/58/661
f 2171/58/661 2172/58/661 2173/58/661
f 2173/58/661 2172/58/661 2174/58/661
f 2173/58/661 2174/58/661 2175/58/661
f 2175/58/661 2174/58/661 2176/58/661
f 2175/58/661 2176/58/661 2177/58/661
f 2170/58/662 2171/58/662 2172/58/662
f 2173/58/662 2172/58/662 2171/58/662
f 2174/58/662 2172/58/662 2173/58/662
f 2175/58/662 2174/58/662 2173/58/662
f 2176/58/662 2174/58/662 2175/58/662
f 2177/58/662 2176/58/662 2175/58/662
f 2180/59/662 2179/59/662 2178/59/662
f 2179/59/662 2180/59/662 2181/59/662
f 2179/59/662 2181/59/662 2182/59/662
f 2182/59/662 2181/59/662 2183/59/662
f 2182/59/662 2183/59/662 2184/59/662
f 2184/59/662 2183/59/662 2185/59/662
f 2178/59/661 2179/59/661 2180/59/661
f 2181/59/661 2180/59/661 2179/59/661
f 2182/59/661 2181/59/661 2179/59/661
f 2183/59/661 2181/59/661 2182/59/661
f 2184/59/661 2183/59/661 2182/59/661
f 2185/59/661 2183/59/661 2184/59/661
f 2178/59/664 2171/58/663 2180/59/663
f 2171/58/663 2178/59/664 2170/58/664
f 2180/59/666 2171/58/666 2178/59/665
f 2170/58/665 2178/59/665 2171/58/666
f 2181/59/667 2171/58/668 2173/58/667
f 2171/58/668 2181/59/667 2180/59/668
f 2173/58/669 2171/58/670 2181/59/669
f 2180/59/670 2181/59/669 2171/58/670
f 2183/59/671 2173/58/667 2175/58/671
f 2173/58/667 2183/59/671 2181/59/667
f 2175/58/672 2173/58/669 2183/59/672
f 2181/59/669 2183/59/672 2173/58/669
f 2177/58/665 2183/59/673 2175/58/673
f 2183/59/673 2177/58/665 2185/59/665
f 2175/58/674 2183/59/674 2177/58/664
f 2185/59/664 2177/58/664 2183/59/674
f 2176/58/666 2185/59/665 2177/58/665
f 2185/59/665 2176/58/666 2184/59/666
f 2177/58/664 2185/59/664 2176/58/663
f 2184/59/663 2176/58/663 2185/59/664
f 2182/59/669 2176/58/670 2174/58/669
f 2176/58/670 2182/59/669 2184/59/670
f 2174/58/667 2176/58/668 2182/59/667
f 2184/59/668 2182/59/667 2176/58/668
f 2179/59/672 2174/58/669 2172/58/672
f 2174/58/669 2179/59/672 2182/59/669
f 2172/58/671 2174/58/667 2179/59/671
f 2182/59/667 2179/59/671 2174/58/667
f 2179/59/674 2170/58/664 2178/59/664
f 2170/58/664 2179/59/674 2172/58/674
f 2178/59/665 2170/58/665 2179/59/673
f 2172/58/673 2179/59/673 2170/58/665
f 2188/59/662 2187/59/662 2186/59/662
f 2187/59/662 2188/59/662 2189/59/662
f 2187/59/662 2189/59/662 2190/59/662
f 2190/59/662 2189/59/662 2191/59/662
f 2191/59/662 2189/59/662 2192/59/662
f 2191/59/662 2192/59/662 2193/59/662
f 2186/59/661 2187/59/661 2188/59/661
f 2189/59/661 2188/59/661 2187/59/661
f 2190/59/661 2189/59/661 2187/59/661
f 2191/59/661 2189/59/661 2190/59/661
f 2192/59/661 2189/59/661 2191/59/661
f 2193/59/661 2192/59/661 2191/59/661
f 2186/59/664 2194/58/663 2188/59/663
f 2194/58/663 2186/59/664 2195/58/664
f 2188/59/666 2194/58/666 2186/59/665
f 2195/58/665 2186/59/665 2194/58/666
f 2189/59/667 2194/58/668 2196/58/667
f 2194/58/668 2189/59/667 2188/59/668
f 2196/58/669 2194/58/670 2189/59/669
f 2188/59/670 2189/59/669 2194/58/670
f 2192/59/671 2196/58/667 2197/58/671
f 2196/58/667 2192/59/671 2189/59/667
f 2197/58/672 2196/58/669 2192/59/672
f 2189/59/669 2192/59/672 2196/58/669
f 2198/58/665 2192/59/673 2197/58/673
f 2192/59/673 2198/58/665 2193/59/665
f 2197/58/674 2192/59/674 2198/58/664
f 2193/59/664 2198/58/664 2192/59/674
f 2199/58/666 2193/59/665 2198/58/665
f 2193/59/665 2199/58/666 2191/59/666
f 2198/58/664 2193/59/664 2199/58/663
f 2191/59/663 2199/58/663 2193/59/664
f 2190/59/669 2199/58/670 2200/58/669
f 2199/58/670 2190/59/669 2191/59/670
f 2200/58/667 2199/58/668 2190/59/667
f 2191/59/668 2190/59/667 2199/58/668
f 2187/59/672 2200/58/669 2201/58/672
f 2200/58/669 2187/59/672 2190/59/669
f 2201/58/671 2200/58/667 2187/59/671
f 2190/59/667 2187/59/671 2200/58/667
f 2187/59/674 2195/58/664 2186/59/664
f 2195/58/664 2187/59/674 2201/58/674
f 2186/59/665 2195/58/665 2187/59/673
f 2201/58/673 2187/59/673 2195/58/665
f 2204/61/675 2203/60/676 2202/60/675
f 2203/60/676 2204/61/675 2205/61/676
f 2202/60/677 2203/60/678 2204/61/677
f 2205/61/678 2204/61/677 2203/60/678
f 2208/60/679 2207/61/680 2206/61/679
f 2207/61/680 2208/60/679 2209/60/680
f 2206/61/681 2207/61/682 2208/60/681
f 2209/60/682 2208/60/681 2207/61/682
f 2211/61/683 2202/60/675 2210/60/683
f 2202/60/675 2211/61/683 2204/61/675
f 2210/60/684 2202/60/677 2211/61/684
f 2204/61/677 2211/61/684 2202/60/677
f 2214/61/685 2213/60/686 2212/60/685
f 2213/60/686 2214/61/685 2215/61/686
f 2212/60/687 2213/60/688 2214/61/687
f 2215/61/688 2214/61/687 2213/60/688
f 2214/61/685 2203/60/689 2205/61/689
f 2203/60/689 2214/61/685 2212/60/685
f 2205/61/690 2203/60/690 2214/61/687
f 2212/60/687 2214/61/687 2203/60/690
f 2217/61/691 2209/60/692 2216/60/691
f 2209/60/692 2217/61/691 2207/61/692
f 2216/60/693 2209/60/694 2217/61/693
f 2207/61/694 2217/61/693 2209/60/694
f 2215/61/695 2216/60/691 2213/60/695
f 2216/60/691 2215/61/695 2217/61/691
f 2213/60/696 2216/60/693 2215/61/696
f 2217/61/693 2215/61/696 2216/60/693
f 2210/60/697 2206/61/679 2211/61/697
f 2206/61/679 2210/60/697 2208/60/679
f 2211/61/698 2206/61/681 2210/60/698
f 2208/60/681 2210/60/698 2206/61/681
f 2220/58/82 2219/58/82 2218/58/82
f 2219/58/82 2220/58/82 2221/58/82
f 2221/58/82 2220/58/82 2222/58/82
f 2221/58/82 2222/58/82 2223/58/82
f 2223/58/82 2222/58/82 2224/58/82
f 2223/58/82 2224/58/82 2225/58/82
f 2218/58/81 2219/58/81 2220/58/81
f 2221/58/81 2220/58/81 2219/58/81
f 2222/58/81 2220/58/81 2221/58/81
f 2223/58/81 2222/58/81 2221/58/81
f 2224/58/81 2222/58/81 2223/58/81
f 2225/58/81 2224/58/81 2223/58/81
f 2228/59/81 2227/59/81 2226/59/81
f 2227/59/81 2228/59/81 2229/59/81
f 2227/59/81 2229/59/81 2230/59/81
f 2230/59/81 2229/59/81 2231/59/81
f 2230/59/81 2231/59/81 2232/59/81
f 2232/59/81 2231/59/81 2233/59/81
f 2226/59/82 2227/59/82 2228/59/82
f 2229/59/82 2228/59/82 2227/59/82
f 2230/59/82 2229/59/82 2227/59/82
f 2231/59/82 2229/59/82 2230/59/82
f 2232/59/82 2231/59/82 2230/59/82
f 2233/59/82 2231/59/82 2232/59/82
f 2226/59/700 2219/58/699 2228/59/699
f 2219/58/699 2226/59/700 2218/58/700
f 2228/59/702 2219/58/702 2226/59/701
f 2218/58/701 2226/59/701 2219/58/702
f 2229/59/703 2219/58/704 2221/58/703
f 2219/58/704 2229/59/703 2228/59/704
f 2221/58/705 2219/58/706 2229/59/705
f 2228/59/706 2229/59/705 2219/58/706
f 2231/59/707 2221/58/703 2223/58/707
f 2221/58/703 2231/59/707 2229/59/703
f 2223/58/708 2221/58/705 2231/59/708
f 2229/59/705 2231/59/708 2221/58/705
f 2225/58/701 2231/59/709 2223/58/709
f 2231/59/709 2225/58/701 2233/59/701
f 2223/58/710 2231/59/710 2225/58/700
f 2233/59/700 2225/58/700 2231/59/710
f 2224/58/702 2233/59/701 2225/58/701
f 2233/59/701 2224/58/702 2232/59/702
f 2225/58/700 2233/59/700 2224/58/699
f 2232/59/699 2224/58/699 2233/59/700
f 2230/59/705 2224/58/706 2222/58/705
f 2224/58/706 2230/59/705 2232/59/706
f 2222/58/703 2224/58/704 2230/59/703
f 2232/59/704 2230/59/703 2224/58/704
f 2227/59/708 2222/58/705 2220/58/708
f 2222/58/705 2227/59/708 2230/59/705
f 2220/58/707 2222/58/703 2227/59/707
f 2230/59/703 2227/59/707 2222/58/703
f 2227/59/710 2218/58/700 2226/59/700
f 2218/58/700 2227/59/710 2220/58/710
f 2226/59/701 2218/58/701 2227/59/709
f 2220/58/709 2227/59/709 2218/58/701
f 2236/59/81 2235/59/81 2234/59/81
f 2235/59/81 2236/59/81 2237/59/81
f 2235/59/81 2237/59/81 2238/59/81
f 2238/59/81 2237/59/81 2239/59/81
f 2239/59/81 2237/59/81 2240/59/81
f 2239/59/81 2240/59/81 2241/59/81
f 2234/59/82 2235/59/82 2236/59/82
f 2237/59/82 2236/59/82 2235/59/82
f 2238/59/82 2237/59/82 2235/59/82
f 2239/59/82 2237/59/82 2238/59/82
f 2240/59/82 2237/59/82 2239/59/82
f 2241/59/82 2240/59/82 2239/59/82
f 2234/59/700 2242/58/699 2236/59/699
f 2242/58/699 2234/59/700 2243/58/700
f 2236/59/702 2242/58/702 2234/59/701
f 2243/58/701 2234/59/701 2242/58/702
f 2237/59/703 2242/58/704 2244/58/703
f 2242/58/704 2237/59/703 2236/59/704
f 2244/58/705 2242/58/706 2237/59/705
f 2236/59/706 2237/59/705 2242/58/706
f 2240/59/707 2244/58/703 2245/58/707
f 2244/58/703 2240/59/707 2237/59/703
f 2245/58/708 2244/58/705 2240/59/708
f 2237/59/705 2240/59/708 2244/58/705
f 2246/58/701 2240/59/709 2245/58/709
f 2240/59/709 2246/58/701 2241/59/701
f 2245/58/710 2240/59/710 2246/58/700
f 2241/59/700 2246/58/700 2240/59/710
f 2247/58/702 2241/59/701 2246/58/701
f 2241/59/701 2247/58/702 2239/59/702
f 2246/58/700 2241/59/700 2247/58/699
f 2239/59/699 2247/58/699 2241/59/700
f 2238/59/705 2247/58/706 2248/58/705
f 2247/58/706 2238/59/705 2239/59/706
f 2248/58/703 2247/58/704 2238/59/703
f 2239/59/704 2238/59/703 2247/58/704
f 2235/59/708 2248/58/705 2249/58/708
f 2248/58/705 2235/59/708 2238/59/705
f 2249/58/707 2248/58/703 2235/59/707
f 2238/59/703 2235/59/707 2248/58/703
f 2235/59/710 2243/58/700 2234/59/700
f 2243/58/700 2235/59/710 2249/58/710
f 2234/59/701 2243/58/701 2235/59/709
f 2249/58/709 2235/59/709 2243/58/701
f 2252/61/711 2251/60/712 2250/60/711
f 2251/60/712 2252/61/711 2253/61/712
f 2250/60/713 2251/60/714 2252/61/713
f 2253/61/714 2252/61/713 2251/60/714
f 2256/60/715 2255/61/716 2254/61/715
f 2255/61/716 2256/60/715 2257/60/716
f 2254/61/717 2255/61/718 2256/60/717
f 2257/60/718 2256/60/717 2255/61/718
f 2259/61/719 2250/60/711 2258/60/719
f 2250/60/711 2259/61/719 2252/61/711
f 2258/60/720 2250/60/713 2259/61/720
f 2252/61/713 2259/61/720 2250/60/713
f 2262/61/721 2261/60/722 2260/60/721
f 2261/60/722 2262/61/721 2263/61/722
f 2260/60/723 2261/60/724 2262/61/723
f 2263/61/724 2262/61/723 2261/60/724
f 2262/61/721 2251/60/725 2253/61/725
f 2251/60/725 2262/61/721 2260/60/721
f 2253/61/726 2251/60/726 2262/61/723
f 2260/60/723 2262/61/723 2251/60/726
f 2265/61/727 2257/60/728 2264/60/727
f 2257/60/728 2265/61/727 2255/61/728
f 2264/60/729 2257/60/730 2265/61/729
f 2255/61/730 2265/61/729 2257/60/730
f 2263/61/731 2264/60/727 2261/60/731
f 2264/60/727 2263/61/731 2265/61/727
f 2261/60/732 2264/60/729 2263/61/732
f 2265/61/729 2263/61/732 2264/60/729
f 2258/60/733 2254/61/715 2259/61/733
f 2254/61/715 2258/60/733 2256/60/715
f 2259/61/734 2254/61/717 2258/60/734
f 2256/60/717 2258/60/734 2254/61/717
f 2268/58/661 2267/58/661 2266/58/661
f 2267/58/661 2268/58/661 2269/58/661
f 2269/58/661 2268/58/661 2270/58/661
f 2269/58/661 2270/58/661 2271/58/661
f 2271/58/661 2270/58/661 2272/58/661
f 2271/58/661 2272/58/661 2273/58/661
f 2266/58/662 2267/58/662 2268/58/662
f 2269/58/662 2268/58/662 2267/58/662
f 2270/58/662 2268/58/662 2269/58/662
f 2271/58/662 2270/58/662 2269/58/662
f 2272/58/662 2270/58/662 2271/58/662
f 2273/58/662 2272/58/662 2271/58/662
f 2276/59/662 2275/59/662 2274/59/662
f 2275/59/662 2276/59/662 2277/59/662
f 2275/59/662 2277/59/662 2278/59/662
f 2278/59/662 2277/59/662 2279/59/662
f 2278/59/662 2279/59/662 2280/59/662
f 2280/59/662 2279/59/662 2281/59/662
f 2274/59/661 2275/59/661 2276/59/661
f 2277/59/661 2276/59/661 2275/59/661
f 2278/59/661 2277/59/661 2275/59/661
f 2279/59/661 2277/59/661 2278/59/661
f 2280/59/661 2279/59/661 2278/59/661
f 2281/59/661 2279/59/661 2280/59/661
f 2274/59/736 2267/58/735 2276/59/735
f 2267/58/735 2274/59/736 2266/58/736
f 2276/59/738 2267/58/738 2274/59/737
f 2266/58/737 2274/59/737 2267/58/738
f 2277/59/393 2267/58/739 2269/58/393
f 2267/58/739 2277/59/393 2276/59/739
f 2269/58/394 2267/58/740 2277/59/394
f 2276/59/740 2277/59/394 2267/58/740
f 2279/59/741 2269/58/393 2271/58/741
f 2269/58/393 2279/59/741 2277/59/393
f 2271/58/742 2269/58/394 2279/59/742
f 2277/59/394 2279/59/742 2269/58/394
f 2273/58/737 2279/59/743 2271/58/743
f 2279/59/743 2273/58/737 2281/59/737
f 2271/58/744 2279/59/744 2273/58/736
f 2281/59/736 2273/58/736 2279/59/744
f 2272/58/738 2281/59/737 2273/58/737
f 2281/59/737 2272/58/738 2280/59/738
f 2273/58/736 2281/59/736 2272/58/735
f 2280/59/735 2272/58/735 2281/59/736
f 2278/59/394 2272/58/740 2270/58/394
f 2272/58/740 2278/59/394 2280/59/740
f 2270/58/393 2272/58/739 2278/59/393
f 2280/59/739 2278/59/393 2272/58/739
f 2275/59/742 2270/58/394 2268/58/742
f 2270/58/394 2275/59/742 2278/59/394
f 2268/58/741 2270/58/393 2275/59/741
f 2278/59/393 2275/59/741 2270/58/393
f 2275/59/744 2266/58/736 2274/59/736
f 2266/58/736 2275/59/744 2268/58/744
f 2274/59/737 2266/58/737 2275/59/743
f 2268/58/743 2275/59/743 2266/58/737
f 2284/59/662 2283/59/662 2282/59/662
f 2283/59/662 2284/59/662 2285/59/662
f 2283/59/662 2285/59/662 2286/59/662
f 2286/59/662 2285/59/662 2287/59/662
f 2287/59/662 2285/59/662 2288/59/662
f 2287/59/662 2288/59/662 2289/59/662
f 2282/59/661 2283/59/661 2284/59/661
f 2285/59/661 2284/59/661 2283/59/661
f 2286/59/661 2285/59/661 2283/59/661
f 2287/59/661 2285/59/661 2286/59/661
f 2288/59/661 2285/59/661 2287/59/661
f 2289/59/661 2288/59/661 2287/59/661
f 2282/59/736 2290/58/735 2284/59/735
f 2290/58/735 2282/59/736 2291/58/736
f 2284/59/738 2290/58/738 2282/59/737
f 2291/58/737 2282/59/737 2290/58/738
f 2285/59/393 2290/58/739 2292/58/393
f 2290/58/739 2285/59/393 2284/59/739
f 2292/58/394 2290/58/740 2285/59/394
f 2284/59/740 2285/59/394 2290/58/740
f 2288/59/741 2292/58/393 2293/58/741
f 2292/58/393 2288/59/741 2285/59/393
f 2293/58/742 2292/58/394 2288/59/742
f 2285/59/394 2288/59/742 2292/58/394
f 2294/58/737 2288/59/743 2293/58/743
f 2288/59/743 2294/58/737 2289/59/737
f 2293/58/744 2288/59/744 2294/58/736
f 2289/59/736 2294/58/736 2288/59/744
f 2295/58/738 2289/59/737 2294/58/737
f 2289/59/737 2295/58/738 2287/59/738
f 2294/58/736 2289/59/736 2295/58/735
f 2287/59/735 2295/58/735 2289/59/736
f 2286/59/394 2295/58/740 2296/58/394
f 2295/58/740 2286/59/394 2287/59/740
f 2296/58/393 2295/58/739 2286/59/393
f 2287/59/739 2286/59/393 2295/58/739
f 2283/59/742 2296/58/394 2297/58/742
f 2296/58/394 2283/59/742 2286/59/394
f 2297/58/741 2296/58/393 2283/59/741
f 2286/59/393 2283/59/741 2296/58/393
f 2283/59/744 2291/58/736 2282/59/736
f 2291/58/736 2283/59/744 2297/58/744
f 2282/59/737 2291/58/737 2283/59/743
f 2297/58/743 2283/59/743 2291/58/737
f 2300/61/745 2299/60/746 2298/60/745
f 2299/60/746 2300/61/745 2301/61/746
f 2298/60/747 2299/60/748 2300/61/747
f 2301/61/748 2300/61/747 2299/60/748
f 2304/60/749 2303/61/750 2302/61/749
f 2303/61/750 2304/60/749 2305/60/750
f 2302/61/751 2303/61/752 2304/60/751
f 2305/60/752 2304/60/751 2303/61/752
f 2307/61/753 2298/60/745 2306/60/753
f 2298/60/745 2307/61/753 2300/61/745
f 2306/60/754 2298/60/747 2307/61/754
f 2300/61/747 2307/61/754 2298/60/747
f 2310/61/755 2309/60/756 2308/60/755
f 2309/60/756 2310/61/755 2311/61/756
f 2308/60/757 2309/60/758 2310/61/757
f 2311/61/758 2310/61/757 2309/60/758
f 2310/61/755 2299/60/759 2301/61/759
f 2299/60/759 2310/61/755 2308/60/755
f 2301/61/760 2299/60/760 2310/61/757
f 2308/60/757 2310/61/757 2299/60/760
f 2313/61/761 2305/60/762 2312/60/761
f 2305/60/762 2313/61/761 2303/61/762
f 2312/60/763 2305/60/764 2313/61/763
f 2303/61/764 2313/61/763 2305/60/764
f 2311/61/765 2312/60/761 2309/60/765
f 2312/60/761 2311/61/765 2313/61/761
f 2309/60/766 2312/60/763 2311/61/766
f 2313/61/763 2311/61/766 2312/60/763
f 2306/60/767 2302/61/749 2307/61/767
f 2302/61/749 2306/60/767 2304/60/749
f 2307/61/768 2302/61/751 2306/60/768
f 2304/60/751 2306/60/768 2302/61/751
f 2316/58/82 2315/58/82 2314/58/82
f 2315/58/82 2316/58/82 2317/58/82
f 2317/58/82 2316/58/82 2318/58/82
f 2317/58/82 2318/58/82 2319/58/82
f 2319/58/82 2318/58/82 2320/58/82
f 2319/58/82 2320/58/82 2321/58/82
f 2314/58/81 2315/58/81 2316/58/81
f 2317/58/81 2316/58/81 2315/58/81
f 2318/58/81 2316/58/81 2317/58/81
f 2319/58/81 2318/58/81 2317/58/81
f 2320/58/81 2318/58/81 2319/58/81
f 2321/58/81 2320/58/81 2319/58/81
f 2324/59/81 2323/59/81 2322/59/81
f 2323/59/81 2324/59/81 2325/59/81
f 2323/59/81 2325/59/81 2326/59/81
f 2326/59/81 2325/59/81 2327/59/81
f 2326/59/81 2327/59/81 2328/59/81
f 2328/59/81 2327/59/81 2329/59/81
f 2322/59/82 2323/59/82 2324/59/82
f 2325/59/82 2324/59/82 2323/59/82
f 2326/59/82 2325/59/82 2323/59/82
f 2327/59/82 2325/59/82 2326/59/82
f 2328/59/82 2327/59/82 2326/59/82
f 2329/59/82 2327/59/82 2328/59/82
f 2322/59/701 2315/58/702 2324/59/702
f 2315/58/702 2322/59/701 2314/58/701
f 2324/59/699 2315/58/699 2322/59/700
f 2314/58/700 2322/59/700 2315/58/699
f 2325/59/705 2315/58/706 2317/58/705
f 2315/58/706 2325/59/705 2324/59/706
f 2317/58/703 2315/58/704 2325/59/703
f 2324/59/704 2325/59/703 2315/58/704
f 2327/59/708 2317/58/705 2319/58/708
f 2317/58/705 2327/59/708 2325/59/705
f 2319/58/707 2317/58/703 2327/59/707
f 2325/59/703 2327/59/707 2317/58/703
f 2321/58/700 2327/59/710 2319/58/710
f 2327/59/710 2321/58/700 2329/59/700
f 2319/58/709 2327/59/709 2321/58/701
f 2329/59/701 2321/58/701 2327/59/709
f 2320/58/699 2329/59/700 2321/58/700
f 2329/59/700 2320/58/699 2328/59/699
f 2321/58/701 2329/59/701 2320/58/702
f 2328/59/702 2320/58/702 2329/59/701
f 2326/59/703 2320/58/704 2318/58/703
f 2320/58/704 2326/59/703 2328/59/704
f 2318/58/705 2320/58/706 2326/59/705
f 2328/59/706 2326/59/705 2320/58/706
f 2323/59/707 2318/58/703 2316/58/707
f 2318/58/703 2323/59/707 2326/59/703
f 2316/58/708 2318/58/705 2323/59/708
f 2326/59/705 2323/59/708 2318/58/705
f 2323/59/709 2314/58/701 2322/59/701
f 2314/58/701 2323/59/709 2316/58/709
f 2322/59/700 2314/58/700 2323/59/710
f 2316/58/710 2323/59/710 2314/58/700
f 2332/59/81 2331/59/81 2330/59/81
f 2331/59/81 2332/59/81 2333/59/81
f 2331/59/81 2333/59/81 2334/59/81
f 2334/59/81 2333/59/81 2335/59/81
f 2335/59/81 2333/59/81 2336/59/81
f 2335/59/81 2336/59/81 2337/59/81
f 2330/59/82 2331/59/82 2332/59/82
f 2333/59/82 2332/59/82 2331/59/82
f 2334/59/82 2333/59/82 2331/59/82
f 2335/59/82 2333/59/82 2334/59/82
f 2336/59/82 2333/59/82 2335/59/82
f 2337/59/82 2336/59/82 2335/59/82
f 2330/59/701 2338/58/702 2332/59/702
f 2338/58/702 2330/59/701 2339/58/701
f 2332/59/699 2338/58/699 2330/59/700
f 2339/58/700 2330/59/700 2338/58/699
f 2333/59/705 2338/58/706 2340/58/705
f 2338/58/706 2333/59/705 2332/59/706
f 2340/58/703 2338/58/704 2333/59/703
f 2332/59/704 2333/59/703 2338/58/704
f 2336/59/708 2340/58/705 2341/58/708
f 2340/58/705 2336/59/708 2333/59/705
f 2341/58/707 2340/58/703 2336/59/707
f 2333/59/703 2336/59/707 2340/58/703
f 2342/58/700 2336/59/710 2341/58/710
f 2336/59/710 2342/58/700 2337/59/700
f 2341/58/709 2336/59/709 2342/58/701
f 2337/59/701 2342/58/701 2336/59/709
f 2343/58/699 2337/59/700 2342/58/700
f 2337/59/700 2343/58/699 2335/59/699
f 2342/58/701 2337/59/701 2343/58/702
f 2335/59/702 2343/58/702 2337/59/701
f 2334/59/703 2343/58/704 2344/58/703
f 2343/58/704 2334/59/703 2335/59/704
f 2344/58/705 2343/58/706 2334/59/705
f 2335/59/706 2334/59/705 2343/58/706
f 2331/59/707 2344/58/703 2345/58/707
f 2344/58/703 2331/59/707 2334/59/703
f 2345/58/708 2344/58/705 2331/59/708
f 2334/59/705 2331/59/708 2344/58/705
f 2331/59/709 2339/58/701 2330/59/701
f 2339/58/701 2331/59/709 2345/58/709
f 2330/59/700 2339/58/700 2331/59/710
f 2345/58/710 2331/59/710 2339/58/700
f 2348/61/727 2347/60/728 2346/60/727
f 2347/60/728 2348/61/727 2349/61/728
f 2346/60/729 2347/60/730 2348/61/729
f 2349/61/730 2348/61/729 2347/60/730
f 2352/60/721 2351/61/725 2350/61/721
f 2351/61/725 2352/60/721 2353/60/725
f 2350/61/723 2351/61/726 2352/60/723
f 2353/60/726 2352/60/723 2351/61/726
f 2355/61/731 2346/60/727 2354/60/731
f 2346/60/727 2355/61/731 2348/61/727
f 2354/60/732 2346/60/729 2355/61/732
f 2348/61/729 2355/61/732 2346/60/729
f 2358/61/715 2357/60/733 2356/60/715
f 2357/60/733 2358/61/715 2359/61/733
f 2356/60/717 2357/60/734 2358/61/717
f 2359/61/734 2358/61/717 2357/60/734
f 2358/61/715 2347/60/716 2349/61/716
f 2347/60/716 2358/61/715 2356/60/715
f 2349/61/718 2347/60/718 2358/61/717
f 2356/60/717 2358/61/717 2347/60/718
f 2361/61/711 2353/60/712 2360/60/711
f 2353/60/712 2361/61/711 2351/61/712
f 2360/60/713 2353/60/714 2361/61/713
f 2351/61/714 2361/61/713 2353/60/714
f 2359/61/719 2360/60/711 2357/60/719
f 2360/60/711 2359/61/719 2361/61/711
f 2357/60/720 2360/60/713 2359/61/720
f 2361/61/713 2359/61/720 2360/60/713
f 2354/60/722 2350/61/721 2355/61/722
f 2350/61/721 2354/60/722 2352/60/721
f 2355/61/724 2350/61/723 2354/60/724
f 2352/60/723 2354/60/724 2350/61/723
f 2364/59/414 2363/58/769 2362/58/414
f 2363/58/769 2364/59/414 2365/59/769
f 2362/58/412 2363/58/770 2364/59/412
f 2365/59/770 2364/59/412 2363/58/770
f 2368/59/771 2367/58/412 2366/58/771
f 2367/58/412 2368/59/771 2369/59/412
f 2366/58/772 2367/58/414 2368/59/772
f 2369/59/414 2368/59/772 2367/58/414
f 2371/59/772 2362/58/414 2370/58/772
f 2362/58/414 2371/59/772 2364/59/414
f 2370/58/771 2362/58/412 2371/59/771
f 2364/59/412 2371/59/771 2362/58/412
f 2371/59/773 2373/58/417 2372/59/417
f 2373/58/417 2371/59/773 2370/58/773
f 2372/59/418 2373/58/418 2371/59/774
f 2370/58/774 2371/59/774 2373/58/418
f 2374/59/81 2371/59/81 2372/59/81
f 2371/59/81 2374/59/81 2369/59/81
f 2371/59/81 2369/59/81 2364/59/81
f 2364/59/81 2369/59/81 2368/59/81
f 2364/59/81 2368/59/81 2365/59/81
f 2365/59/81 2368/59/81 2375/59/81
f 2372/59/82 2371/59/82 2374/59/82
f 2369/59/82 2374/59/82 2371/59/82
f 2364/59/82 2369/59/82 2371/59/82
f 2368/59/82 2369/59/82 2364/59/82
f 2365/59/82 2368/59/82 2364/59/82
f 2375/59/82 2368/59/82 2365/59/82
f 2376/58/418 2368/59/774 2366/58/774
f 2368/59/774 2376/58/418 2375/59/418
f 2366/58/773 2368/59/773 2376/58/417
f 2375/59/417 2376/58/417 2368/59/773
f 2363/58/775 2375/59/418 2376/58/418
f 2375/59/418 2363/58/775 2365/59/775
f 2376/58/417 2375/59/417 2363/58/776
f 2365/59/776 2363/58/776 2375/59/417
f 2372/59/417 2377/58/776 2374/59/776
f 2377/58/776 2372/59/417 2373/58/417
f 2374/59/775 2377/58/775 2372/59/418
f 2373/58/418 2372/59/418 2377/58/775
f 2369/59/412 2377/58/770 2367/58/412
f 2377/58/770 2369/59/412 2374/59/770
f 2367/58/414 2377/58/769 2369/59/414
f 2374/59/769 2369/59/414 2377/58/769
f 2380/59/417 2379/58/776 2378/59/776
f 2379/58/776 2380/59/417 2381/58/417
f 2378/59/775 2379/58/775 2380/59/418
f 2381/58/418 2380/59/418 2379/58/775
f 2384/59/414 2383/58/769 2382/58/414
f 2383/58/769 2384/59/414 2385/59/769
f 2382/58/412 2383/58/770 2384/59/412
f 2385/59/770 2384/59/412 2383/58/770
f 2387/59/772 2382/58/414 2386/58/772
f 2382/58/414 2387/59/772 2384/59/414
f 2386/58/771 2382/58/412 2387/59/771
f 2384/59/412 2387/59/771 2382/58/412
f 2389/59/412 2379/58/770 2388/58/412
f 2379/58/770 2389/59/412 2378/59/770
f 2388/58/414 2379/58/769 2389/59/414
f 2378/59/769 2389/59/414 2379/58/769
f 2391/59/771 2388/58/412 2390/58/771
f 2388/58/412 2391/59/771 2389/59/412
f 2390/58/772 2388/58/414 2391/59/772
f 2389/59/414 2391/59/772 2388/58/414
f 2392/58/418 2391/59/774 2390/58/774
f 2391/59/774 2392/58/418 2393/59/418
f 2390/58/773 2391/59/773 2392/58/417
f 2393/59/417 2392/58/417 2391/59/773
f 2383/58/775 2393/59/418 2392/58/418
f 2393/59/418 2383/58/775 2385/59/775
f 2392/58/417 2393/59/417 2383/58/776
f 2385/59/776 2383/58/776 2393/59/417
f 2378/59/81 2387/59/81 2380/59/81
f 2387/59/81 2378/59/81 2384/59/81
f 2384/59/81 2378/59/81 2389/59/81
f 2384/59/81 2389/59/81 2385/59/81
f 2385/59/81 2389/59/81 2391/59/81
f 2385/59/81 2391/59/81 2393/59/81
f 2380/59/82 2387/59/82 2378/59/82
f 2384/59/82 2378/59/82 2387/59/82
f 2389/59/82 2378/59/82 2384/59/82
f 2385/59/82 2389/59/82 2384/59/82
f 2391/59/82 2389/59/82 2385/59/82
f 2393/59/82 2391/59/82 2385/59/82
f 2386/58/82 2379/58/82 2381/58/82
f 2379/58/82 2386/58/82 2382/58/82
f 2379/58/82 2382/58/82 2388/58/82
f 2388/58/82 2382/58/82 2383/58/82
f 2388/58/82 2383/58/82 2390/58/82
f 2390/58/82 2383/58/82 2392/58/82
f 2381/58/81 2379/58/81 2386/58/81
f 2382/58/81 2386/58/81 2379/58/81
f 2388/58/81 2382/58/81 2379/58/81
f 2383/58/81 2382/58/81 2388/58/81
f 2390/58/81 2383/58/81 2388/58/81
f 2392/58/81 2383/58/81 2390/58/81
f 2387/59/773 2381/58/417 2380/59/417
f 2381/58/417 2387/59/773 2386/58/773
f 2380/59/418 2381/58/418 2387/59/774
f 2386/58/774 2387/59/774 2381/58/418
f 2396/60/777 2395/61/778 2394/61/777
f 2395/61/778 2396/60/777 2397/60/778
f 2394/61/779 2395/61/780 2396/60/779
f 2397/60/780 2396/60/779 2395/61/780
f 2399/60/781 2394/61/777 2398/61/781
f 2394/61/777 2399/60/781 2396/60/777
f 2398/61/782 2394/61/779 2399/60/782
f 2396/60/779 2399/60/782 2394/61/779
f 2402/61/783 2401/60/784 2400/60/783
f 2401/60/784 2402/61/783 2403/61/784
f 2400/60/785 2401/60/786 2402/61/785
f 2403/61/786 2402/61/785 2401/60/786
f 2406/61/787 2405/60/788 2404/60/787
f 2405/60/788 2406/61/787 2407/61/788
f 2404/60/789 2405/60/790 2406/61/789
f 2407/61/790 2406/61/789 2405/60/790
f 2408/61/792 2401/60/791 2403/61/791
f 2401/60/791 2408/61/792 2409/60/792
f 2403/61/794 2401/60/794 2408/61/793
f 2409/60/793 2408/61/793 2401/60/794
f 2406/61/795 2409/60/792 2408/61/792
f 2409/60/792 2406/61/795 2404/60/795
f 2408/61/793 2409/60/793 2406/61/796
f 2404/60/796 2406/61/796 2409/60/793
f 2398/61/797 2400/60/783 2399/60/797
f 2400/60/783 2398/61/797 2402/61/783
f 2399/60/798 2400/60/785 2398/61/798
f 2402/61/785 2398/61/798 2400/60/785
f 2407/61/788 2397/60/799 2405/60/788
f 2397/60/799 2407/61/788 2395/61/799
f 2405/60/790 2397/60/800 2407/61/790
f 2395/61/800 2407/61/790 2397/60/800
f 2412/59/372 2411/58/770 2410/58/372
f 2411/58/770 2412/59/372 2413/59/770
f 2410/58/371 2411/58/769 2412/59/371
f 2413/59/769 2412/59/371 2411/58/769
f 2416/59/772 2415/58/371 2414/58/772
f 2415/58/371 2416/59/772 2417/59/371
f 2414/58/771 2415/58/372 2416/59/771
f 2417/59/372 2416/59/771 2415/58/372
f 2419/59/771 2410/58/372 2418/58/771
f 2410/58/372 2419/59/771 2412/59/372
f 2418/58/772 2410/58/371 2419/59/772
f 2412/59/371 2419/59/772 2410/58/371
f 2419/59/774 2421/58/384 2420/59/384
f 2421/58/384 2419/59/774 2418/58/774
f 2420/59/383 2421/58/383 2419/59/773
f 2418/58/773 2419/59/773 2421/58/383
f 2422/59/81 2419/59/81 2420/59/81
f 2419/59/81 2422/59/81 2417/59/81
f 2419/59/81 2417/59/81 2412/59/81
f 2412/59/81 2417/59/81 2416/59/81
f 2412/59/81 2416/59/81 2413/59/81
f 2413/59/81 2416/59/81 2423/59/81
f 2420/59/82 2419/59/82 2422/59/82
f 2417/59/82 2422/59/82 2419/59/82
f 2412/59/82 2417/59/82 2419/59/82
f 2416/59/82 2417/59/82 2412/59/82
f 2413/59/82 2416/59/82 2412/59/82
f 2423/59/82 2416/59/82 2413/59/82
f 2424/58/383 2416/59/773 2414/58/773
f 2416/59/773 2424/58/383 2423/59/383
f 2414/58/774 2416/59/774 2424/58/384
f 2423/59/384 2424/58/384 2416/59/774
f 2411/58/776 2423/59/383 2424/58/383
f 2423/59/383 2411/58/776 2413/59/776
f 2424/58/384 2423/59/384 2411/58/775
f 2413/59/775 2411/58/775 2423/59/384
f 2420/59/384 2425/58/775 2422/59/775
f 2425/58/775 2420/59/384 2421/58/384
f 2422/59/776 2425/58/776 2420/59/383
f 2421/58/383 2420/59/383 2425/58/776
f 2417/59/371 2425/58/769 2415/58/371
f 2425/58/769 2417/59/371 2422/59/769
f 2415/58/372 2425/58/770 2417/59/372
f 2422/59/770 2417/59/372 2425/58/770
f 2428/59/384 2427/58/775 2426/59/775
f 2427/58/775 2428/59/384 2429/58/384
f 2426/59/776 2427/58/776 2428/59/383
f 2429/58/383 2428/59/383 2427/58/776
f 2432/59/372 2431/58/770 2430/58/372
f 2431/58/770 2432/59/372 2433/59/770
f 2430/58/371 2431/58/769 2432/59/371
f 2433/59/769 2432/59/371 2431/58/769
f 2435/59/771 2430/58/372 2434/58/771
f 2430/58/372 2435/59/771 2432/59/372
f 2434/58/772 2430/58/371 2435/59/772
f 2432/59/371 2435/59/772 2430/58/371
f 2437/59/371 2427/58/769 2436/58/371
f 2427/58/769 2437/59/371 2426/59/769
f 2436/58/372 2427/58/770 2437/59/372
f 2426/59/770 2437/59/372 2427/58/770
f 2439/59/772 2436/58/371 2438/58/772
f 2436/58/371 2439/59/772 2437/59/371
f 2438/58/771 2436/58/372 2439/59/771
f 2437/59/372 2439/59/771 2436/58/372
f 2440/58/383 2439/59/773 2438/58/773
f 2439/59/773 2440/58/383 2441/59/383
f 2438/58/774 2439/59/774 2440/58/384
f 2441/59/384 2440/58/384 2439/59/774
f 2431/58/776 2441/59/383 2440/58/383
f 2441/59/383 2431/58/776 2433/59/776
f 2440/58/384 2441/59/384 2431/58/775
f 2433/59/775 2431/58/775 2441/59/384
f 2426/59/81 2435/59/81 2428/59/81
f 2435/59/81 2426/59/81 2432/59/81
f 2432/59/81 2426/59/81 2437/59/81
f 2432/59/81 2437/59/81 2433/59/81
f 2433/59/81 2437/59/81 2439/59/81
f 2433/59/81 2439/59/81 2441/59/81
f 2428/59/82 2435/59/82 2426/59/82
f 2432/59/82 2426/59/82 2435/59/82
f 2437/59/82 2426/59/82 2432/59/82
f 2433/59/82 2437/59/82 2432/59/82
f 2439/59/82 2437/59/82 2433/59/82
f 2441/59/82 2439/59/82 2433/59/82
f 2434/58/82 2427/58/82 2429/58/82
f 2427/58/82 2434/58/82 2430/58/82
f 2427/58/82 2430/58/82 2436/58/82
f 2436/58/82 2430/58/82 2431/58/82
f 2436/58/82 2431/58/82 2438/58/82
f 2438/58/82 2431/58/82 2440/58/82
f 2429/58/81 2427/58/81 2434/58/81
f 2430/58/81 2434/58/81 2427/58/81
f 2436/58/81 2430/58/81 2427/58/81
f 2431/58/81 2430/58/81 2436/58/81
f 2438/58/81 2431/58/81 2436/58/81
f 2440/58/81 2431/58/81 2438/58/81
f 2435/59/774 2429/58/384 2428/59/384
f 2429/58/384 2435/59/774 2434/58/774
f 2428/59/383 2429/58/383 2435/59/773
f 2434/58/773 2435/59/773 2429/58/383
f 2444/60/801 2443/61/791 2442/61/801
f 2443/61/791 2444/60/801 2445/60/791
f 2442/61/802 2443/61/794 2444/60/802
f 2445/60/794 2444/60/802 2443/61/794
f 2447/60/795 2442/61/801 2446/61/795
f 2442/61/801 2447/60/795 2444/60/801
f 2446/61/796 2442/61/802 2447/60/796
f 2444/60/802 2447/60/796 2442/61/802
f 2450/61/803 2449/60/799 2448/60/803
f 2449/60/799 2450/61/803 2451/61/799
f 2448/60/804 2449/60/800 2450/61/804
f 2451/61/800 2450/61/804 2449/60/800
f 2454/61/797 2453/60/805 2452/60/797
f 2453/60/805 2454/61/797 2455/61/805
f 2452/60/798 2453/60/806 2454/61/798
f 2455/61/806 2454/61/798 2453/60/806
f 2456/61/807 2449/60/778 2451/61/778
f 2449/60/778 2456/61/807 2457/60/807
f 2451/61/780 2449/60/780 2456/61/808
f 2457/60/808 2456/61/808 2449/60/780
f 2454/61/781 2457/60/807 2456/61/807
f 2457/60/807 2454/61/781 2452/60/781
f 2456/61/808 2457/60/808 2454/61/782
f 2452/60/782 2454/61/782 2457/60/808
f 2446/61/787 2448/60/803 2447/60/787
f 2448/60/803 2446/61/787 2450/61/803
f 2447/60/789 2448/60/804 2446/61/789
f 2450/61/804 2446/61/789 2448/60/804
f 2455/61/805 2445/60/784 2453/60/805
f 2445/60/784 2455/61/805 2443/61/784
f 2453/60/806 2445/60/786 2455/61/806
f 2443/61/786 2455/61/806 2445/60/786
f 2460/59/414 2459/58/769 2458/58/414
f 2459/58/769 2460/59/414 2461/59/769
f 2458/58/412 2459/58/770 2460/59/412
f 2461/59/770 2460/59/412 2459/58/770
f 2464/59/771 2463/58/412 2462/58/771
f 2463/58/412 2464/59/771 2465/59/412
f 2462/58/772 2463/58/414 2464/59/772
f 2465/59/414 2464/59/772 2463/58/414
f 2467/59/772 2458/58/414 2466/58/772
f 2458/58/414 2467/59/772 2460/59/414
f 2466/58/771 2458/58/412 2467/59/771
f 2460/59/412 2467/59/771 2458/58/412
f 2467/59/773 2469/58/417 2468/59/417
f 2469/58/417 2467/59/773 2466/58/773
f 2468/59/418 2469/58/418 2467/59/774
f 2466/58/774 2467/59/774 2469/58/418
f 2470/59/81 2467/59/81 2468/59/81
f 2467/59/81 2470/59/81 2465/59/81
f 2467/59/81 2465/59/81 2460/59/81
f 2460/59/81 2465/59/81 2464/59/81
f 2460/59/81 2464/59/81 2461/59/81
f 2461/59/81 2464/59/81 2471/59/81
f 2468/59/82 2467/59/82 2470/59/82
f 2465/59/82 2470/59/82 2467/59/82
f 2460/59/82 2465/59/82 2467/59/82
f 2464/59/82 2465/59/82 2460/59/82
f 2461/59/82 2464/59/82 2460/59/82
f 2471/59/82 2464/59/82 2461/59/82
f 2472/58/418 2464/59/774 2462/58/774
f 2464/59/774 2472/58/418 2471/59/418
f 2462/58/773 2464/59/773 2472/58/417
f 2471/59/417 2472/58/417 2464/59/773
f 2459/58/775 2471/59/418 2472/58/418
f 2471/59/418 2459/58/775 2461/59/775
f 2472/58/417 2471/59/417 2459/58/776
f 2461/59/776 2459/58/776 2471/59/417
f 2468/59/417 2473/58/776 2470/59/776
f 2473/58/776 2468/59/417 2469/58/417
f 2470/59/775 2473/58/775 2468/59/418
f 2469/58/418 2468/59/418 2473/58/775
f 2465/59/412 2473/58/770 2463/58/412
f 2473/58/770 2465/59/412 2470/59/770
f 2463/58/414 2473/58/769 2465/59/414
f 2470/59/769 2465/59/414 2473/58/769
f 2476/59/417 2475/58/776 2474/59/776
f 2475/58/776 2476/59/417 2477/58/417
f 2474/59/775 2475/58/775 2476/59/418
f 2477/58/418 2476/59/418 2475/58/775
f 2480/59/414 2479/58/769 2478/58/414
f 2479/58/769 2480/59/414 2481/59/769
f 2478/58/412 2479/58/770 2480/59/412
f 2481/59/770 2480/59/412 2479/58/770
f 2483/59/772 2478/58/414 2482/58/772
f 2478/58/414 2483/59/772 2480/59/414
f 2482/58/771 2478/58/412 2483/59/771
f 2480/59/412 2483/59/771 2478/58/412
f 2485/59/412 2475/58/770 2484/58/412
f 2475/58/770 2485/59/412 2474/59/770
f 2484/58/414 2475/58/769 2485/59/414
f 2474/59/769 2485/59/414 2475/58/769
f 2487/59/771 2484/58/412 2486/58/771
f 2484/58/412 2487/59/771 2485/59/412
f 2486/58/772 2484/58/414 2487/59/772
f 2485/59/414 2487/59/772 2484/58/414
f 2488/58/418 2487/59/774 2486/58/774
f 2487/59/774 2488/58/418 2489/59/418
f 2486/58/773 2487/59/773 2488/58/417
f 2489/59/417 2488/58/417 2487/59/773
f 2479/58/775 2489/59/418 2488/58/418
f 2489/59/418 2479/58/775 2481/59/775
f 2488/58/417 2489/59/417 2479/58/776
f 2481/59/776 2479/58/776 2489/59/417
f 2474/59/81 2483/59/81 2476/59/81
f 2483/59/81 2474/59/81 2480/59/81
f 2480/59/81 2474/59/81 2485/59/81
f 2480/59/81 2485/59/81 2481/59/81
f 2481/59/81 2485/59/81 2487/59/81
f 2481/59/81 2487/59/81 2489/59/81
f 2476/59/82 2483/59/82 2474/59/82
f 2480/59/82 2474/59/82 2483/59/82
f 2485/59/82 2474/59/82 2480/59/82
f 2481/59/82 2485/59/82 2480/59/82
f 2487/59/82 2485/59/82 2481/59/82
f 2489/59/82 2487/59/82 2481/59/82
f 2482/58/82 2475/58/82 2477/58/82
f 2475/58/82 2482/58/82 2478/58/82
f 2475/58/82 2478/58/82 2484/58/82
f 2484/58/82 2478/58/82 2479/58/82
f 2484/58/82 2479/58/82 2486/58/82
f 2486/58/82 2479/58/82 2488/58/82
f 2477/58/81 2475/58/81 2482/58/81
f 2478/58/81 2482/58/81 2475/58/81
f 2484/58/81 2478/58/81 2475/58/81
f 2479/58/81 2478/58/81 2484/58/81
f 2486/58/81 2479/58/81 2484/58/81
f 2488/58/81 2479/58/81 2486/58/81
f 2483/59/773 2477/58/417 2476/59/417
f 2477/58/417 2483/59/773 2482/58/773
f 2476/59/418 2477/58/418 2483/59/774
f 2482/58/774 2483/59/774 2477/58/418
f 2492/60/777 2491/61/778 2490/61/777
f 2491/61/778 2492/60/777 2493/60/778
f 2490/61/779 2491/61/780 2492/60/779
f 2493/60/780 2492/60/779 2491/61/780
f 2495/60/781 2490/61/777 2494/61/781
f 2490/61/777 2495/60/781 2492/60/777
f 2494/61/782 2490/61/779 2495/60/782
f 2492/60/779 2495/60/782 2490/61/779
f 2498/61/783 2497/60/784 2496/60/783
f 2497/60/784 2498/61/783 2499/61/784
f 2496/60/785 2497/60/786 2498/61/785
f 2499/61/786 2498/61/785 2497/60/786
f 2502/61/787 2501/60/788 2500/60/787
f 2501/60/788 2502/61/787 2503/61/788
f 2500/60/789 2501/60/790 2502/61/789
f 2503/61/790 2502/61/789 2501/60/790
f 2504/61/792 2497/60/791 2499/61/791
f 2497/60/791 2504/61/792 2505/60/792
f 2499/61/794 2497/60/794 2504/61/793
f 2505/60/793 2504/61/793 2497/60/794
f 2502/61/795 2505/60/792 2504/61/792
f 2505/60/792 2502/61/795 2500/60/795
f 2504/61/793 2505/60/793 2502/61/796
f 2500/60/796 2502/61/796 2505/60/793
f 2494/61/797 2496/60/783 2495/60/797
f 2496/60/783 2494/61/797 2498/61/783
f 2495/60/798 2496/60/785 2494/61/798
f 2498/61/785 2494/61/798 2496/60/785
f 2503/61/788 2493/60/799 2501/60/788
f 2493/60/799 2503/61/788 2491/61/799
f 2501/60/790 2493/60/800 2503/61/790
f 2491/61/800 2503/61/790 2493/60/800
f 2508/59/372 2507/58/770 2506/58/372
f 2507/58/770 2508/59/372 2509/59/770
f 2506/58/371 2507/58/769 2508/59/371
f 2509/59/769 2508/59/371 2507/58/769
f 2512/59/772 2511/58/371 2510/58/772
f 2511/58/371 2512/59/772 2513/59/371
f 2510/58/771 2511/58/372 2512/59/771
f 2513/59/372 2512/59/771 2511/58/372
f 2515/59/771 2506/58/372 2514/58/771
f 2506/58/372 2515/59/771 2508/59/372
f 2514/58/772 2506/58/371 2515/59/772
f 2508/59/371 2515/59/772 2506/58/371
f 2515/59/774 2517/58/384 2516/59/384
f 2517/58/384 2515/59/774 2514/58/774
f 2516/59/383 2517/58/383 2515/59/773
f 2514/58/773 2515/59/773 2517/58/383
f 2518/59/81 2515/59/81 2516/59/81
f 2515/59/81 2518/59/81 2513/59/81
f 2515/59/81 2513/59/81 2508/59/81
f 2508/59/81 2513/59/81 2512/59/81
f 2508/59/81 2512/59/81 2509/59/81
f 2509/59/81 2512/59/81 2519/59/81
f 2516/59/82 2515/59/82 2518/59/82
f 2513/59/82 2518/59/82 2515/59/82
f 2508/59/82 2513/59/82 2515/59/82
f 2512/59/82 2513/59/82 2508/59/82
f 2509/59/82 2512/59/82 2508/59/82
f 2519/59/82 2512/59/82 2509/59/82
f 2520/58/383 2512/59/773 2510/58/773
f 2512/59/773 2520/58/383 2519/59/383
f 2510/58/774 2512/59/774 2520/58/384
f 2519/59/384 2520/58/384 2512/59/774
f 2507/58/776 2519/59/383 2520/58/383
f 2519/59/383 2507/58/776 2509/59/776
f 2520/58/384 2519/59/384 2507/58/775
f 2509/59/775 2507/58/775 2519/59/384
f 2516/59/384 2521/58/775 2518/59/775
f 2521/58/775 2516/59/384 2517/58/384
f 2518/59/776 2521/58/776 2516/59/383
f 2517/58/383 2516/59/383 2521/58/776
f 2513/59/371 2521/58/769 2511/58/371
f 2521/58/769 2513/59/371 2518/59/769
f 2511/58/372 2521/58/770 2513/59/372
f 2518/59/770 2513/59/372 2521/58/770
f 2524/59/384 2523/58/775 2522/59/775
f 2523/58/775 2524/59/384 2525/58/384
f 2522/59/776 2523/58/776 2524/59/383
f 2525/58/383 2524/59/383 2523/58/776
f 2528/59/372 2527/58/770 2526/58/372
f 2527/58/770 2528/59/372 2529/59/770
f 2526/58/371 2527/58/769 2528/59/371
f 2529/59/769 2528/59/371 2527/58/769
f 2531/59/771 2526/58/372 2530/58/771
f 2526/58/372 2531/59/771 2528/59/372
f 2530/58/772 2526/58/371 2531/59/772
f 2528/59/371 2531/59/772 2526/58/371
f 2533/59/371 2523/58/769 2532/58/371
f 2523/58/769 2533/59/371 2522/59/769
f 2532/58/372 2523/58/770 2533/59/372
f 2522/59/770 2533/59/372 2523/58/770
f 2535/59/772 2532/58/371 2534/58/772
f 2532/58/371 2535/59/772 2533/59/371
f 2534/58/771 2532/58/372 2535/59/771
f 2533/59/372 2535/59/771 2532/58/372
f 2536/58/383 2535/59/773 2534/58/773
f 2535/59/773 2536/58/383 2537/59/383
f 2534/58/774 2535/59/774 2536/58/384
f 2537/59/384 2536/58/384 2535/59/774
f 2527/58/776 2537/59/383 2536/58/383
f 2537/59/383 2527/58/776 2529/59/776
f 2536/58/384 2537/59/384 2527/58/775
f 2529/59/775 2527/58/775 2537/59/384
f 2522/59/81 2531/59/81 2524/59/81
f 2531/59/81 2522/59/81 2528/59/81
f 2528/59/81 2522/59/81 2533/59/81
f 2528/59/81 2533/59/81 2529/59/81
f 2529/59/81 2533/59/81 2535/59/81
f 2529/59/81 2535/59/81 2537/59/81
f 2524/59/82 2531/59/82 2522/59/82
f 2528/59/82 2522/59/82 2531/59/82
f 2533/59/82 2522/59/82 2528/59/82
f 2529/59/82 2533/59/82 2528/59/82
f 2535/59/82 2533/59/82 2529/59/82
f 2537/59/82 2535/59/82 2529/59/82
f 2530/58/82 2523/58/82 2525/58/82
f 2523/58/82 2530/58/82 2526/58/82
f 2523/58/82 2526/58/82 2532/58/82
f 2532/58/82 2526/58/82 2527/58/82
f 2532/58/82 2527/58/82 2534/58/82
f 2534/58/82 2527/58/82 2536/58/82
f 2525/58/81 2523/58/81 2530/58/81
f 2526/58/81 2530/58/81 2523/58/81
f 2532/58/81 2526/58/81 2523/58/81
f 2527/58/81 2526/58/81 2532/58/81
f 2534/58/81 2527/58/81 2532/58/81
f 2536/58/81 2527/58/81 2534/58/81
f 2531/59/774 2525/58/384 2524/59/384
f 2525/58/384 2531/59/774 2530/58/774
f 2524/59/383 2525/58/383 2531/59/773
f 2530/58/773 2531/59/773 2525/58/383
f 2540/60/801 2539/61/791 2538/61/801
f 2539/61/791 2540/60/801 2541/60/791
f 2538/61/802 2539/61/794 2540/60/802
f 2541/60/794 2540/60/802 2539/61/794
f 2543/60/795 2538/61/801 2542/61/795
f 2538/61/801 2543/60/795 2540/60/801
f 2542/61/796 2538/61/802 2543/60/796
f 2540/60/802 2543/60/796 2538/61/802
f 2546/61/803 2545/60/799 2544/60/803
f 2545/60/799 2546/61/803 2547/61/799
f 2544/60/804 2545/60/800 2546/61/804
f 2547/61/800 2546/61/804 2545/60/800
f 2550/61/797 2549/60/805 2548/60/797
f 2549/60/805 2550/61/797 2551/61/805
f 2548/60/798 2549/60/806 2550/61/798
f 2551/61/806 2550/61/798 2549/60/806
f 2552/61/807 2545/60/778 2547/61/778
f 2545/60/778 2552/61/807 2553/60/807
f 2547/61/780 2545/60/780 2552/61/808
f 2553/60/808 2552/61/808 2545/60/780
f 2550/61/781 2553/60/807 2552/61/807
f 2553/60/807 2550/61/781 2548/60/781
f 2552/61/808 2553/60/808 2550/61/782
f 2548/60/782 2550/61/782 2553/60/808
f 2542/61/787 2544/60/803 2543/60/787
f 2544/60/803 2542/61/787 2546/61/803
f 2543/60/789 2544/60/804 2542/61/789
f 2546/61/804 2542/61/789 2544/60/804
f 2551/61/805 2541/60/784 2549/60/805
f 2541/60/784 2551/61/805 2539/61/784
f 2549/60/806 2541/60/786 2551/61/806
f 2539/61/786 2551/61/806 2541/60/786

