# Created by Kenney (www.kenney.nl)

mtllib stairs-wide.mtl

g stairs-wide

v 3.6 2.892857 -0.3142857 1 1 1
v 3.6 2.892857 0.4571429 1 1 1
v 1.8 2.892857 -0.1142856 1 1 1
v 1.8 2.892857 0.4571429 1 1 1
v 3.312129E-12 2.892857 -0.3142857 1 1 1
v 3.312129E-12 2.892857 0.6571429 1 1 1
v -1.8 2.892857 -0.1142856 1 1 1
v -1.8 2.892857 0.4571429 1 1 1
v -3.6 2.892857 -0.3142857 1 1 1
v -3.6 2.892857 0.4571429 1 1 1
v 3.6 0.5785714 -2.628572 1 1 1
v 1.8 0.5785714 -2.628572 1 1 1
v 3.6 0.5785714 -3.4 1 1 1
v 1.8 0.5785714 -3.2 1 1 1
v 3.27459E-12 0.5785714 -2.428571 1 1 1
v 3.251489E-12 0.5785714 -3.4 1 1 1
v -1.8 0.5785714 -2.628572 1 1 1
v -1.8 0.5785714 -3.2 1 1 1
v -3.6 0.5785714 -2.628572 1 1 1
v -3.6 0.5785714 -3.4 1 1 1
v 3.6 2.314286 -1.085714 1 1 1
v 3.6 2.314286 -0.3142857 1 1 1
v 1.8 2.314286 -1.085714 1 1 1
v 1.8 2.314286 -0.1142856 1 1 1
v 3.317905E-12 2.314286 -0.8857142 1 1 1
v 3.312129E-12 2.314286 -0.3142857 1 1 1
v -1.8 2.314286 -1.085714 1 1 1
v -1.8 2.314286 -0.1142856 1 1 1
v -3.6 2.314286 -1.085714 1 1 1
v -3.6 2.314286 -0.3142857 1 1 1
v 3.6 1.735714 -1.085714 1 1 1
v 1.8 1.735714 -1.085714 1 1 1
v 3.6 1.735714 -1.857143 1 1 1
v 1.8 1.735714 -1.657143 1 1 1
v 3.317905E-12 1.735714 -0.8857142 1 1 1
v 3.294804E-12 1.735714 -1.857143 1 1 1
v -1.8 1.735714 -1.085714 1 1 1
v -1.8 1.735714 -1.657143 1 1 1
v -3.6 1.735714 -1.085714 1 1 1
v -3.6 1.735714 -1.857143 1 1 1
v 3.6 4.05 1.228572 1 1 1
v 3.6 4.05 2 1 1 1
v 1.8 4.05 1.428572 1 1 1
v -3.6 4.05 2 1 1 1
v 3.332343E-12 4.05 1.228572 1 1 1
v -1.8 4.05 1.428572 1 1 1
v -3.6 4.05 1.228572 1 1 1
v 3.6 3.471428 1.228572 1 1 1
v 1.8 3.471428 1.428572 1 1 1
v 3.6 3.471428 0.4571429 1 1 1
v 1.8 3.471428 0.4571429 1 1 1
v 3.332343E-12 3.471428 1.228572 1 1 1
v 3.312129E-12 3.471428 0.6571429 1 1 1
v -1.8 3.471428 1.428572 1 1 1
v -1.8 3.471428 0.4571429 1 1 1
v -3.6 3.471428 1.228572 1 1 1
v -3.6 3.471428 0.4571429 1 1 1
v 3.6 1.157143 -1.857143 1 1 1
v 1.8 1.157143 -1.657143 1 1 1
v 3.6 1.157143 -2.628572 1 1 1
v 1.8 1.157143 -2.628572 1 1 1
v 3.294804E-12 1.157143 -1.857143 1 1 1
v 3.27459E-12 1.157143 -2.428571 1 1 1
v -1.8 1.157143 -1.657143 1 1 1
v -1.8 1.157143 -2.628572 1 1 1
v -3.6 1.157143 -1.857143 1 1 1
v -3.6 1.157143 -2.628572 1 1 1
v 1.8 7.250351E-16 -3.2 1 1 1
v 3.6 7.250351E-16 -3.4 1 1 1
v 3.6 8.533089E-13 2 1 1 1
v -3.6 8.533089E-13 2 1 1 1
v -1.8 7.250351E-16 -3.2 1 1 1
v 3.251489E-12 7.250351E-16 -3.4 1 1 1
v -3.6 7.250351E-16 -3.4 1 1 1
v 3.5 4.05 -6.125 1 1 1
v 3.8 4.05 -6.2 1 1 1
v 3.5 4.35 -6.125 1 1 1
v 3.8 4.35 -6.2 1 1 1
v 4.1 4.05 2.125 1 1 1
v 3.8 4.05 2.2 1 1 1
v 4.1 4.35 2.125 1 1 1
v 3.8 4.35 2.2 1 1 1
v 4.1 4.05 -6.125 1 1 1
v 4.1 4.35 -6.125 1 1 1
v 4.2 4.35 -5.996922 1 1 1
v 4.2 4.05 -5.996922 1 1 1
v 4.2 4.35 1.996922 1 1 1
v 4.2 4.05 1.996922 1 1 1
v 3.4 4.05 -5.996922 1 1 1
v 3.4 4.35 -5.996922 1 1 1
v 3.4 4.05 1.996922 1 1 1
v 3.4 4.35 1.996922 1 1 1
v 3.5 4.05 2.125 1 1 1
v 3.5 4.35 2.125 1 1 1
v -4.1 4.05 -6.125 1 1 1
v -3.8 4.05 -6.2 1 1 1
v -4.1 4.35 -6.125 1 1 1
v -3.8 4.35 -6.2 1 1 1
v -3.5 4.05 2.125 1 1 1
v -3.8 4.05 2.2 1 1 1
v -3.5 4.35 2.125 1 1 1
v -3.8 4.35 2.2 1 1 1
v -3.5 4.05 -6.125 1 1 1
v -3.5 4.35 -6.125 1 1 1
v -3.4 4.35 -5.996922 1 1 1
v -3.4 4.05 -5.996922 1 1 1
v -3.4 4.35 1.996922 1 1 1
v -3.4 4.05 1.996922 1 1 1
v -4.2 4.05 -5.996922 1 1 1
v -4.2 4.35 -5.996922 1 1 1
v -4.2 4.05 1.996922 1 1 1
v -4.2 4.35 1.996922 1 1 1
v -4.1 4.05 2.125 1 1 1
v -4.1 4.35 2.125 1 1 1
v 2.998004 0.2 -6 1 1 1
v 2.998004 3.123673E-18 -6 1 1 1
v 3.999999 0.2 -6 1 1 1
v 3.999999 3.123673E-18 -6 1 1 1
v 2.998005 3.123673E-18 -2 1 1 1
v 2.798005 3.123673E-18 -4 1 1 1
v 2.998005 0.2 -2 1 1 1
v 2.798005 0.2 -4 1 1 1
v 4 3.123673E-18 -2 1 1 1
v 4 0.2 -2 1 1 1
v 3.599993 0.9 -1.999992 1 1 1
v 3.399992 0.9 -3.999992 1 1 1
v 3.599993 4.05 -1.999992 1 1 1
v 3.399992 4.05 -3.999992 1 1 1
v 3.599992 0.9 -5.999992 1 1 1
v 3.599992 4.05 -5.999992 1 1 1
v 3.999992 4.05 -5.999992 1 1 1
v 3.999992 0.9 -5.999992 1 1 1
v 3.999993 4.05 -1.999992 1 1 1
v 3.999993 0.9 -1.999992 1 1 1
v 3.44253 1.285278 -4.92785 1 1 1
v 3.40418 1.285278 -4.544353 1 1 1
v 3.492281 1.285278 -4.922875 1 1 1
v 3.453932 1.285278 -4.539378 1 1 1
v 3.44253 1.585278 -4.92785 1 1 1
v 3.492281 1.585278 -4.922875 1 1 1
v 3.40418 1.585278 -4.544353 1 1 1
v 3.453932 1.585278 -4.539378 1 1 1
v 3.447505 1.535278 -4.977602 1 1 1
v 3.447505 1.335278 -4.977602 1 1 1
v 3.497257 1.535278 -4.972627 1 1 1
v 3.497257 1.335278 -4.972627 1 1 1
v 3.399205 1.335278 -4.494601 1 1 1
v 3.399205 1.535278 -4.494601 1 1 1
v 3.448956 1.335278 -4.489626 1 1 1
v 3.448956 1.535278 -4.489626 1 1 1
v 3.513254 3.191752 -2.86737 1 1 1
v 3.551604 3.191752 -2.483873 1 1 1
v 3.463502 3.191752 -2.862395 1 1 1
v 3.501852 3.191752 -2.478898 1 1 1
v 3.513254 2.891752 -2.86737 1 1 1
v 3.463502 2.891752 -2.862395 1 1 1
v 3.551604 2.891752 -2.483873 1 1 1
v 3.501852 2.891752 -2.478898 1 1 1
v 3.508279 3.141752 -2.917122 1 1 1
v 3.458527 3.141752 -2.912147 1 1 1
v 3.556579 3.141752 -2.434121 1 1 1
v 3.506827 3.141752 -2.429146 1 1 1
v 3.458527 2.941752 -2.912147 1 1 1
v 3.508279 2.941752 -2.917122 1 1 1
v 3.556579 2.941752 -2.434121 1 1 1
v 3.506827 2.941752 -2.429146 1 1 1
v 3.513447 1.633671 -5.637029 1 1 1
v 3.475097 1.633671 -5.253531 1 1 1
v 3.563199 1.633671 -5.632054 1 1 1
v 3.524849 1.633671 -5.248557 1 1 1
v 3.513447 1.933671 -5.637029 1 1 1
v 3.563199 1.933671 -5.632054 1 1 1
v 3.475097 1.933671 -5.253531 1 1 1
v 3.524849 1.933671 -5.248557 1 1 1
v 3.518422 1.883671 -5.686781 1 1 1
v 3.568174 1.883671 -5.681806 1 1 1
v 3.518422 1.683671 -5.686781 1 1 1
v 3.568174 1.683671 -5.681806 1 1 1
v 3.470122 1.683671 -5.20378 1 1 1
v 3.470122 1.883671 -5.20378 1 1 1
v 3.519874 1.683671 -5.198805 1 1 1
v 3.519874 1.883671 -5.198805 1 1 1
v -4.000005 4.05 -1.999992 1 1 1
v -4.000004 4.05 -5.999992 1 1 1
v -4.000005 8.55 -1.999992 1 1 1
v -3.400004 6.3 -3.999992 1 1 1
v -3.600005 8.55 -1.999992 1 1 1
v -3.600004 4.05 -5.999992 1 1 1
v -3.600005 4.05 -1.999992 1 1 1
v -3.400004 4.05 -3.999992 1 1 1
v -3.516706 5.301609 -2.832979 1 1 1
v -3.555056 5.301609 -2.449481 1 1 1
v -3.560031 5.351608 -2.39973 1 1 1
v -3.511731 5.351608 -2.882731 1 1 1
v -3.560031 5.551609 -2.39973 1 1 1
v -3.555056 5.601608 -2.449481 1 1 1
v -3.511731 5.551609 -2.882731 1 1 1
v -3.516706 5.601608 -2.832979 1 1 1
v -3.423678 4.557814 -4.236727 1 1 1
v -3.423678 4.757813 -4.236727 1 1 1
v -3.428653 4.807814 -4.286479 1 1 1
v -3.467003 4.807814 -4.669977 1 1 1
v -3.471978 4.757813 -4.719728 1 1 1
v -3.428653 4.507813 -4.286479 1 1 1
v -3.471978 4.557814 -4.719728 1 1 1
v -3.467003 4.507813 -4.669977 1 1 1
v -3.510279 5.351608 -2.394754 1 1 1
v -3.560031 5.351608 -2.399729 1 1 1
v -3.510279 5.551609 -2.394754 1 1 1
v -3.560031 5.551609 -2.399729 1 1 1
v -3.505304 5.601608 -2.444506 1 1 1
v -3.505304 5.301609 -2.444506 1 1 1
v -3.466954 5.601608 -2.828003 1 1 1
v -3.466954 5.301609 -2.828003 1 1 1
v -3.461979 5.351608 -2.877755 1 1 1
v -3.461979 5.551609 -2.877755 1 1 1
v -3.516706 5.601608 -2.832978 1 1 1
v -3.511731 5.551609 -2.88273 1 1 1
v -3.555056 5.601608 -2.449481 1 1 1
v -3.555056 5.301609 -2.449481 1 1 1
v -3.516706 5.301609 -2.832978 1 1 1
v -3.511731 5.351608 -2.88273 1 1 1
v -3.423678 4.757813 -4.236727 1 1 1
v -3.428653 4.807814 -4.286479 1 1 1
v -3.373926 4.757813 -4.241702 1 1 1
v -3.378901 4.807814 -4.291454 1 1 1
v -3.422226 4.757813 -4.724703 1 1 1
v -3.467003 4.807814 -4.669976 1 1 1
v -3.417251 4.807814 -4.674952 1 1 1
v -3.373926 4.557814 -4.241702 1 1 1
v -3.378901 4.507813 -4.291454 1 1 1
v -3.417251 4.507813 -4.674952 1 1 1
v -3.422226 4.557814 -4.724703 1 1 1
v -3.428653 4.507813 -4.286479 1 1 1
v -3.423678 4.557814 -4.236727 1 1 1
v -3.467003 4.507813 -4.669976 1 1 1
v -2.998005 0.2 -2 1 1 1
v -2.998005 0 -2 1 1 1
v -4 0.2 -2 1 1 1
v -4 0 -2 1 1 1
v -2.998004 0 -6 1 1 1
v -2.798005 0 -4 1 1 1
v -2.998004 0.2 -6 1 1 1
v -2.798005 0.2 -4 1 1 1
v -4 0 -6 1 1 1
v -4 0.2 -6 1 1 1
v -3.600004 0.9 -5.999992 1 1 1
v -3.400004 0.9 -3.999992 1 1 1
v -3.600004 4.05 -5.999992 1 1 1
v -3.400004 4.05 -3.999992 1 1 1
v -3.600004 0.9 -1.999992 1 1 1
v -3.600004 4.05 -1.999992 1 1 1
v -4.000004 4.05 -1.999992 1 1 1
v -4.000004 0.9 -1.999992 1 1 1
v -4.000004 4.05 -5.999992 1 1 1
v -4.000004 0.9 -5.999992 1 1 1
v -3.442541 1.285278 -3.072134 1 1 1
v -3.404191 1.285278 -3.455632 1 1 1
v -3.492293 1.285278 -3.07711 1 1 1
v -3.453943 1.285278 -3.460607 1 1 1
v -3.442541 1.585278 -3.072134 1 1 1
v -3.492293 1.585278 -3.07711 1 1 1
v -3.404191 1.585278 -3.455632 1 1 1
v -3.453943 1.585278 -3.460607 1 1 1
v -3.447516 1.535278 -3.022382 1 1 1
v -3.447516 1.335278 -3.022382 1 1 1
v -3.497268 1.535278 -3.027358 1 1 1
v -3.497268 1.335278 -3.027358 1 1 1
v -3.399216 1.335278 -3.505384 1 1 1
v -3.399216 1.535278 -3.505384 1 1 1
v -3.448968 1.335278 -3.510359 1 1 1
v -3.448968 1.535278 -3.510359 1 1 1
v -3.513266 3.191752 -5.132615 1 1 1
v -3.551615 3.191752 -5.516112 1 1 1
v -3.463514 3.191752 -5.137589 1 1 1
v -3.501863 3.191752 -5.521087 1 1 1
v -3.513266 2.891752 -5.132615 1 1 1
v -3.463514 2.891752 -5.137589 1 1 1
v -3.551615 2.891752 -5.516112 1 1 1
v -3.501863 2.891752 -5.521087 1 1 1
v -3.508291 3.141752 -5.082863 1 1 1
v -3.458539 3.141752 -5.087838 1 1 1
v -3.556591 3.141752 -5.565864 1 1 1
v -3.506839 3.141752 -5.570839 1 1 1
v -3.458539 2.941752 -5.087838 1 1 1
v -3.508291 2.941752 -5.082863 1 1 1
v -3.556591 2.941752 -5.565864 1 1 1
v -3.506839 2.941752 -5.570839 1 1 1
v -3.513458 1.633671 -2.362956 1 1 1
v -3.475109 1.633671 -2.746453 1 1 1
v -3.56321 1.633671 -2.367931 1 1 1
v -3.52486 1.633671 -2.751428 1 1 1
v -3.513458 1.933671 -2.362956 1 1 1
v -3.56321 1.933671 -2.367931 1 1 1
v -3.475109 1.933671 -2.746453 1 1 1
v -3.52486 1.933671 -2.751428 1 1 1
v -3.518434 1.883671 -2.313204 1 1 1
v -3.568185 1.883671 -2.318179 1 1 1
v -3.518434 1.683671 -2.313204 1 1 1
v -3.568185 1.683671 -2.318179 1 1 1
v -3.470133 1.683671 -2.796205 1 1 1
v -3.470133 1.883671 -2.796205 1 1 1
v -3.519885 1.683671 -2.80118 1 1 1
v -3.519885 1.883671 -2.80118 1 1 1
v -2.998004 0.2 -2 1 1 1
v -2.998004 -3.123673E-18 -2 1 1 1
v -3.999999 0.2 -2 1 1 1
v -3.999999 -3.123673E-18 -2 1 1 1
v -2.998005 -3.123673E-18 2 1 1 1
v -2.798005 -3.123673E-18 8.059918E-08 1 1 1
v -2.998005 0.2 2 1 1 1
v -2.798005 0.2 8.059918E-08 1 1 1
v -4 -3.123673E-18 2 1 1 1
v -4 0.2 2 1 1 1
v -3.600004 0.9 2.000004 1 1 1
v -3.400004 0.9 3.850413E-06 1 1 1
v -3.600004 4.05 2.000004 1 1 1
v -3.400004 4.05 3.850413E-06 1 1 1
v -3.600004 0.9 -1.999996 1 1 1
v -3.600004 4.05 -1.999996 1 1 1
v -4.000004 4.05 -1.999996 1 1 1
v -4.000004 0.9 -1.999996 1 1 1
v -4.000004 4.05 2.000004 1 1 1
v -4.000004 0.9 2.000004 1 1 1
v -3.442541 1.285278 -0.9278541 1 1 1
v -3.404191 1.285278 -0.5443566 1 1 1
v -3.492293 1.285278 -0.922879 1 1 1
v -3.453943 1.285278 -0.5393814 1 1 1
v -3.442541 1.585278 -0.9278541 1 1 1
v -3.492293 1.585278 -0.922879 1 1 1
v -3.404191 1.585278 -0.5443566 1 1 1
v -3.453943 1.585278 -0.5393814 1 1 1
v -3.447516 1.535278 -0.977606 1 1 1
v -3.447516 1.335278 -0.977606 1 1 1
v -3.497268 1.535278 -0.9726308 1 1 1
v -3.497268 1.335278 -0.9726308 1 1 1
v -3.399216 1.335278 -0.4946048 1 1 1
v -3.399216 1.535278 -0.4946048 1 1 1
v -3.448968 1.335278 -0.4896296 1 1 1
v -3.448968 1.535278 -0.4896296 1 1 1
v -3.513268 3.191752 1.132628 1 1 1
v -3.551617 3.191752 1.516125 1 1 1
v -3.463516 3.191752 1.137603 1 1 1
v -3.501865 3.191752 1.521101 1 1 1
v -3.513268 2.891752 1.132628 1 1 1
v -3.463516 2.891752 1.137603 1 1 1
v -3.551617 2.891752 1.516125 1 1 1
v -3.501865 2.891752 1.521101 1 1 1
v -3.508292 3.141752 1.082876 1 1 1
v -3.45854 3.141752 1.087851 1 1 1
v -3.556592 3.141752 1.565877 1 1 1
v -3.506841 3.141752 1.570853 1 1 1
v -3.45854 2.941752 1.087851 1 1 1
v -3.508292 2.941752 1.082876 1 1 1
v -3.556592 2.941752 1.565877 1 1 1
v -3.506841 2.941752 1.570853 1 1 1
v -3.513458 1.633671 -1.637033 1 1 1
v -3.475109 1.633671 -1.253536 1 1 1
v -3.56321 1.633671 -1.632058 1 1 1
v -3.52486 1.633671 -1.24856 1 1 1
v -3.513458 1.933671 -1.637033 1 1 1
v -3.56321 1.933671 -1.632058 1 1 1
v -3.475109 1.933671 -1.253536 1 1 1
v -3.52486 1.933671 -1.24856 1 1 1
v -3.518433 1.883671 -1.686785 1 1 1
v -3.568185 1.883671 -1.68181 1 1 1
v -3.518433 1.683671 -1.686785 1 1 1
v -3.568185 1.683671 -1.68181 1 1 1
v -3.470133 1.683671 -1.203784 1 1 1
v -3.470133 1.883671 -1.203784 1 1 1
v -3.519885 1.683671 -1.198808 1 1 1
v -3.519885 1.883671 -1.198808 1 1 1
v 2.998004 0.2 -2 1 1 1
v 2.998004 0 -2 1 1 1
v 3.999999 0.2 -2 1 1 1
v 3.999999 0 -2 1 1 1
v 2.998005 0 2 1 1 1
v 2.798005 0 8.059918E-08 1 1 1
v 2.998005 0.2 2 1 1 1
v 2.798005 0.2 8.059918E-08 1 1 1
v 4 0 2 1 1 1
v 4 0.2 2 1 1 1
v 3.599993 0.9 2.000004 1 1 1
v 3.399992 0.9 3.850413E-06 1 1 1
v 3.599993 4.05 2.000004 1 1 1
v 3.399992 4.05 3.850413E-06 1 1 1
v 3.599992 0.9 -1.999996 1 1 1
v 3.599992 4.05 -1.999996 1 1 1
v 3.999992 4.05 -1.999996 1 1 1
v 3.999992 0.9 -1.999996 1 1 1
v 3.999993 4.05 2.000004 1 1 1
v 3.999993 0.9 2.000004 1 1 1
v 3.44253 1.285278 -0.9278541 1 1 1
v 3.40418 1.285278 -0.5443566 1 1 1
v 3.492281 1.285278 -0.922879 1 1 1
v 3.453932 1.285278 -0.5393814 1 1 1
v 3.44253 1.585278 -0.9278541 1 1 1
v 3.492281 1.585278 -0.922879 1 1 1
v 3.40418 1.585278 -0.5443566 1 1 1
v 3.453932 1.585278 -0.5393814 1 1 1
v 3.447505 1.535278 -0.977606 1 1 1
v 3.447505 1.335278 -0.977606 1 1 1
v 3.497257 1.535278 -0.9726308 1 1 1
v 3.497257 1.335278 -0.9726308 1 1 1
v 3.399205 1.335278 -0.4946048 1 1 1
v 3.399205 1.535278 -0.4946048 1 1 1
v 3.448956 1.335278 -0.4896296 1 1 1
v 3.448956 1.535278 -0.4896296 1 1 1
v 3.513256 3.191752 1.132628 1 1 1
v 3.551606 3.191752 1.516125 1 1 1
v 3.463504 3.191752 1.137603 1 1 1
v 3.501854 3.191752 1.521101 1 1 1
v 3.513256 2.891752 1.132628 1 1 1
v 3.463504 2.891752 1.137603 1 1 1
v 3.551606 2.891752 1.516125 1 1 1
v 3.501854 2.891752 1.521101 1 1 1
v 3.508281 3.141752 1.082876 1 1 1
v 3.458529 3.141752 1.087851 1 1 1
v 3.556581 3.141752 1.565877 1 1 1
v 3.506829 3.141752 1.570853 1 1 1
v 3.458529 2.941752 1.087851 1 1 1
v 3.508281 2.941752 1.082876 1 1 1
v 3.556581 2.941752 1.565877 1 1 1
v 3.506829 2.941752 1.570853 1 1 1
v 3.513447 1.633671 -1.637033 1 1 1
v 3.475097 1.633671 -1.253536 1 1 1
v 3.563199 1.633671 -1.632058 1 1 1
v 3.524849 1.633671 -1.24856 1 1 1
v 3.513447 1.933671 -1.637033 1 1 1
v 3.563199 1.933671 -1.632058 1 1 1
v 3.475097 1.933671 -1.253536 1 1 1
v 3.524849 1.933671 -1.24856 1 1 1
v 3.518422 1.883671 -1.686785 1 1 1
v 3.568174 1.883671 -1.68181 1 1 1
v 3.518422 1.683671 -1.686785 1 1 1
v 3.568174 1.683671 -1.68181 1 1 1
v 3.470122 1.683671 -1.203784 1 1 1
v 3.470122 1.883671 -1.203784 1 1 1
v 3.519874 1.683671 -1.198808 1 1 1
v 3.519874 1.883671 -1.198808 1 1 1
v 3.999993 4.05 -1.999992 1 1 1
v 3.999993 4.05 -5.999992 1 1 1
v 3.999993 8.55 -1.999992 1 1 1
v 3.399993 6.3 -3.999992 1 1 1
v 3.599993 8.55 -1.999992 1 1 1
v 3.599993 4.05 -5.999992 1 1 1
v 3.599993 4.05 -1.999992 1 1 1
v 3.399993 4.05 -3.999992 1 1 1
v 3.516695 5.301609 -2.832979 1 1 1
v 3.555044 5.301609 -2.449481 1 1 1
v 3.560019 5.351608 -2.39973 1 1 1
v 3.511719 5.351608 -2.882731 1 1 1
v 3.560019 5.551609 -2.39973 1 1 1
v 3.555044 5.601608 -2.449481 1 1 1
v 3.511719 5.551609 -2.882731 1 1 1
v 3.516695 5.601608 -2.832979 1 1 1
v 3.423666 4.557814 -4.236727 1 1 1
v 3.423666 4.757813 -4.236727 1 1 1
v 3.428642 4.807814 -4.286479 1 1 1
v 3.466991 4.807814 -4.669977 1 1 1
v 3.471967 4.757813 -4.719728 1 1 1
v 3.428642 4.507813 -4.286479 1 1 1
v 3.471967 4.557814 -4.719728 1 1 1
v 3.466991 4.507813 -4.669977 1 1 1
v 3.510268 5.351608 -2.394754 1 1 1
v 3.56002 5.351608 -2.399729 1 1 1
v 3.510268 5.551609 -2.394754 1 1 1
v 3.56002 5.551609 -2.399729 1 1 1
v 3.505293 5.601608 -2.444506 1 1 1
v 3.505293 5.301609 -2.444506 1 1 1
v 3.466943 5.601608 -2.828003 1 1 1
v 3.466943 5.301609 -2.828003 1 1 1
v 3.461968 5.351608 -2.877755 1 1 1
v 3.461967 5.551609 -2.877755 1 1 1
v 3.516695 5.601608 -2.832978 1 1 1
v 3.511719 5.551609 -2.88273 1 1 1
v 3.555044 5.601608 -2.449481 1 1 1
v 3.555045 5.301609 -2.449481 1 1 1
v 3.516695 5.301609 -2.832978 1 1 1
v 3.511719 5.351608 -2.88273 1 1 1
v 3.423667 4.757813 -4.236727 1 1 1
v 3.428642 4.807814 -4.286479 1 1 1
v 3.373915 4.757813 -4.241702 1 1 1
v 3.37889 4.807814 -4.291454 1 1 1
v 3.422215 4.757813 -4.724703 1 1 1
v 3.466992 4.807814 -4.669976 1 1 1
v 3.41724 4.807814 -4.674952 1 1 1
v 3.373915 4.557814 -4.241702 1 1 1
v 3.37889 4.507813 -4.291454 1 1 1
v 3.41724 4.507813 -4.674952 1 1 1
v 3.422215 4.557814 -4.724703 1 1 1
v 3.428642 4.507813 -4.286479 1 1 1
v 3.423667 4.557814 -4.236727 1 1 1
v 3.466992 4.507813 -4.669976 1 1 1
v 3.599993 4.05 2.000004 1 1 1
v 3.599993 8.55 2.000004 1 1 1
v 3.999993 4.05 2.000004 1 1 1
v 3.999993 8.55 2.000004 1 1 1
v 3.599993 8.55 -1.999996 1 1 1
v 3.599993 4.05 -1.999996 1 1 1
v 3.999993 8.55 -1.999996 1 1 1
v 3.999993 4.05 -1.999996 1 1 1
v 3.399993 8.55 3.856421E-06 1 1 1
v 3.548419 5.510278 -1.484262 1 1 1
v 3.548419 5.710278 -1.484262 1 1 1
v 3.543444 5.760278 -1.43451 1 1 1
v 3.543444 5.460278 -1.43451 1 1 1
v 3.505095 5.460278 -1.051012 1 1 1
v 3.505095 5.760278 -1.051012 1 1 1
v 3.500119 5.710278 -1.001261 1 1 1
v 3.500119 5.510278 -1.001261 1 1 1
v 3.399993 4.05 3.856421E-06 1 1 1
v 3.503646 7.34453 1.036534 1 1 1
v 3.503646 7.544531 1.036534 1 1 1
v 3.508621 7.594531 1.086286 1 1 1
v 3.546971 7.594531 1.469784 1 1 1
v 3.551946 7.544531 1.519536 1 1 1
v 3.551946 7.34453 1.519536 1 1 1
v 3.453651 7.103556 0.5365877 1 1 1
v 3.508621 7.294531 1.086286 1 1 1
v 3.546971 7.294531 1.469784 1 1 1
v 3.448676 7.053556 0.4868359 1 1 1
v 3.492001 7.103556 0.9200853 1 1 1
v 3.496977 7.053556 0.9698372 1 1 1
v 3.496977 6.853556 0.9698372 1 1 1
v 3.492001 6.803556 0.9200853 1 1 1
v 3.448676 6.853556 0.4868359 1 1 1
v 3.51323 4.857028 1.132368 1 1 1
v 3.453651 6.803556 0.5365877 1 1 1
v 3.508255 4.807028 1.082616 1 1 1
v 3.551579 4.857028 1.515865 1 1 1
v 3.556555 4.807028 1.565617 1 1 1
v 3.556555 4.607028 1.565617 1 1 1
v 3.551579 4.557028 1.515865 1 1 1
v 3.508255 4.607028 1.082616 1 1 1
v 3.51323 4.557028 1.132368 1 1 1
v 3.498668 5.510278 -1.489238 1 1 1
v 3.54842 5.510278 -1.484262 1 1 1
v 3.498668 5.710278 -1.489238 1 1 1
v 3.54842 5.710278 -1.484262 1 1 1
v 3.50012 5.710278 -1.001261 1 1 1
v 3.450368 5.710278 -1.006236 1 1 1
v 3.505095 5.760278 -1.051013 1 1 1
v 3.455343 5.760278 -1.055988 1 1 1
v 3.493693 5.460278 -1.439486 1 1 1
v 3.493693 5.760278 -1.439486 1 1 1
v 3.455343 5.460278 -1.055988 1 1 1
v 3.450368 5.510278 -1.006236 1 1 1
v 3.543445 5.760278 -1.434511 1 1 1
v 3.543445 5.460278 -1.434511 1 1 1
v 3.505095 5.460278 -1.051013 1 1 1
v 3.50012 5.510278 -1.001261 1 1 1
v 3.556557 4.607028 1.56562 1 1 1
v 3.506805 4.607028 1.570595 1 1 1
v 3.556557 4.807028 1.56562 1 1 1
v 3.506805 4.807028 1.570595 1 1 1
v 3.551582 4.857028 1.515868 1 1 1
v 3.50183 4.857028 1.520843 1 1 1
v 3.458505 4.607028 1.087594 1 1 1
v 3.458505 4.807028 1.087594 1 1 1
v 3.46348 4.557028 1.137346 1 1 1
v 3.46348 4.857028 1.137346 1 1 1
v 3.50183 4.557028 1.520843 1 1 1
v 3.508257 4.607028 1.082619 1 1 1
v 3.513232 4.557028 1.132371 1 1 1
v 3.513232 4.857028 1.132371 1 1 1
v 3.508257 4.807028 1.082619 1 1 1
v 3.551582 4.557028 1.515868 1 1 1
v 3.496977 6.853556 0.9698367 1 1 1
v 3.447225 6.853556 0.9748119 1 1 1
v 3.496977 7.053556 0.9698367 1 1 1
v 3.447225 7.053556 0.9748119 1 1 1
v 3.453652 7.103556 0.5365874 1 1 1
v 3.492002 7.103556 0.9200848 1 1 1
v 3.4039 7.103556 0.5415626 1 1 1
v 3.44225 7.103556 0.92506 1 1 1
v 3.492002 6.803556 0.9200848 1 1 1
v 3.44225 6.803556 0.92506 1 1 1
v 3.398925 6.853556 0.4918107 1 1 1
v 3.448677 6.853556 0.4868355 1 1 1
v 3.398925 7.053556 0.4918107 1 1 1
v 3.448677 7.053556 0.4868355 1 1 1
v 3.4039 6.803556 0.5415626 1 1 1
v 3.453652 6.803556 0.5365874 1 1 1
v 3.503649 7.344531 1.036535 1 1 1
v 3.503649 7.544531 1.036535 1 1 1
v 3.508624 7.294531 1.086287 1 1 1
v 3.508624 7.594531 1.086287 1 1 1
v 3.546974 7.294531 1.469785 1 1 1
v 3.546974 7.594531 1.469785 1 1 1
v 3.551949 7.344531 1.519536 1 1 1
v 3.551949 7.544531 1.519536 1 1 1
v 3.453897 7.344531 1.04151 1 1 1
v 3.453897 7.544531 1.04151 1 1 1
v 3.458872 7.294531 1.091262 1 1 1
v 3.458872 7.594531 1.091262 1 1 1
v 3.497222 7.294531 1.47476 1 1 1
v 3.497222 7.594531 1.47476 1 1 1
v 3.502197 7.344531 1.524512 1 1 1
v 3.502197 7.544531 1.524512 1 1 1
v -3.600005 4.05 2.000004 1 1 1
v -3.600005 8.55 2.000004 1 1 1
v -4.000005 4.05 2.000004 1 1 1
v -4.000005 8.55 2.000004 1 1 1
v -3.600004 8.55 -1.999996 1 1 1
v -3.600004 4.05 -1.999996 1 1 1
v -4.000004 8.55 -1.999996 1 1 1
v -4.000004 4.05 -1.999996 1 1 1
v -3.400004 8.55 3.856421E-06 1 1 1
v -3.548431 5.510278 -1.484262 1 1 1
v -3.548431 5.710278 -1.484262 1 1 1
v -3.543456 5.760278 -1.43451 1 1 1
v -3.543456 5.460278 -1.43451 1 1 1
v -3.505106 5.460278 -1.051012 1 1 1
v -3.505106 5.760278 -1.051012 1 1 1
v -3.500131 5.710278 -1.001261 1 1 1
v -3.500131 5.510278 -1.001261 1 1 1
v -3.400004 4.05 3.856421E-06 1 1 1
v -3.503658 7.34453 1.036534 1 1 1
v -3.503658 7.544531 1.036534 1 1 1
v -3.508633 7.594531 1.086286 1 1 1
v -3.546983 7.594531 1.469784 1 1 1
v -3.551958 7.544531 1.519536 1 1 1
v -3.551958 7.34453 1.519536 1 1 1
v -3.453663 7.103556 0.5365877 1 1 1
v -3.508633 7.294531 1.086286 1 1 1
v -3.546983 7.294531 1.469784 1 1 1
v -3.448688 7.053556 0.4868359 1 1 1
v -3.492013 7.103556 0.9200853 1 1 1
v -3.496988 7.053556 0.9698372 1 1 1
v -3.496988 6.853556 0.9698372 1 1 1
v -3.492013 6.803556 0.9200853 1 1 1
v -3.448688 6.853556 0.4868359 1 1 1
v -3.513241 4.857028 1.132368 1 1 1
v -3.453663 6.803556 0.5365877 1 1 1
v -3.508266 4.807028 1.082616 1 1 1
v -3.551591 4.857028 1.515865 1 1 1
v -3.556566 4.807028 1.565617 1 1 1
v -3.556566 4.607028 1.565617 1 1 1
v -3.551591 4.557028 1.515865 1 1 1
v -3.508266 4.607028 1.082616 1 1 1
v -3.513241 4.557028 1.132368 1 1 1
v -3.49868 5.510278 -1.489238 1 1 1
v -3.548431 5.510278 -1.484262 1 1 1
v -3.49868 5.710278 -1.489238 1 1 1
v -3.548431 5.710278 -1.484262 1 1 1
v -3.500131 5.710278 -1.001261 1 1 1
v -3.450379 5.710278 -1.006236 1 1 1
v -3.505106 5.760278 -1.051013 1 1 1
v -3.455355 5.760278 -1.055988 1 1 1
v -3.493704 5.460278 -1.439486 1 1 1
v -3.493704 5.760278 -1.439486 1 1 1
v -3.455355 5.460278 -1.055988 1 1 1
v -3.450379 5.510278 -1.006236 1 1 1
v -3.543456 5.760278 -1.434511 1 1 1
v -3.543456 5.460278 -1.434511 1 1 1
v -3.505106 5.460278 -1.051013 1 1 1
v -3.500131 5.510278 -1.001261 1 1 1
v -3.556569 4.607028 1.56562 1 1 1
v -3.506817 4.607028 1.570595 1 1 1
v -3.556569 4.807028 1.56562 1 1 1
v -3.506817 4.807028 1.570595 1 1 1
v -3.551593 4.857028 1.515868 1 1 1
v -3.501842 4.857028 1.520843 1 1 1
v -3.458517 4.607028 1.087594 1 1 1
v -3.458517 4.807028 1.087594 1 1 1
v -3.463492 4.557028 1.137346 1 1 1
v -3.463492 4.857028 1.137346 1 1 1
v -3.501842 4.557028 1.520843 1 1 1
v -3.508268 4.607028 1.082619 1 1 1
v -3.513244 4.557028 1.132371 1 1 1
v -3.513243 4.857028 1.132371 1 1 1
v -3.508268 4.807028 1.082619 1 1 1
v -3.551593 4.557028 1.515868 1 1 1
v -3.496989 6.853556 0.9698367 1 1 1
v -3.447237 6.853556 0.9748119 1 1 1
v -3.496989 7.053556 0.9698367 1 1 1
v -3.447237 7.053556 0.9748119 1 1 1
v -3.453664 7.103556 0.5365874 1 1 1
v -3.492013 7.103556 0.9200848 1 1 1
v -3.403912 7.103556 0.5415626 1 1 1
v -3.442262 7.103556 0.92506 1 1 1
v -3.492013 6.803556 0.9200848 1 1 1
v -3.442262 6.803556 0.92506 1 1 1
v -3.398937 6.853556 0.4918107 1 1 1
v -3.448689 6.853556 0.4868355 1 1 1
v -3.398937 7.053556 0.4918107 1 1 1
v -3.448689 7.053556 0.4868355 1 1 1
v -3.403912 6.803556 0.5415626 1 1 1
v -3.453664 6.803556 0.5365874 1 1 1
v -3.50366 7.344531 1.036535 1 1 1
v -3.50366 7.544531 1.036535 1 1 1
v -3.508636 7.294531 1.086287 1 1 1
v -3.508635 7.594531 1.086287 1 1 1
v -3.546985 7.294531 1.469785 1 1 1
v -3.546985 7.594531 1.469785 1 1 1
v -3.55196 7.344531 1.519536 1 1 1
v -3.55196 7.544531 1.519536 1 1 1
v -3.453908 7.344531 1.04151 1 1 1
v -3.453908 7.544531 1.04151 1 1 1
v -3.458884 7.294531 1.091262 1 1 1
v -3.458884 7.594531 1.091262 1 1 1
v -3.497233 7.294531 1.47476 1 1 1
v -3.497233 7.594531 1.47476 1 1 1
v -3.502208 7.344531 1.524512 1 1 1
v -3.502208 7.544531 1.524512 1 1 1
v 2.432191 3.123673E-18 -2.703156 1 1 1
v 2.449869 0.05 -2.733774 1 1 1
v 2.625376 3.123673E-18 -2.754919 1 1 1
v 2.594758 0.05 -2.772597 1 1 1
v 2.573612 3.123673E-18 -2.948104 1 1 1
v 2.555935 0.05 -2.917486 1 1 1
v 2.714653 3.123673E-18 -2.452045 1 1 1
v 2.611125 3.123673E-18 -2.065674 1 1 1
v 2.653415 0.1 -2.416689 1 1 1
v 2.57577 0.1 -2.126912 1 1 1
v 2.224755 3.123673E-18 -2.169202 1 1 1
v 2.285992 0.1 -2.204557 1 1 1
v 2.006432 3.123673E-18 -5.071889 1 1 1
v 2.031432 0.1 -5.096889 1 1 1
v 2.206432 3.123673E-18 -5.071889 1 1 1
v 2.181432 0.1 -5.096889 1 1 1
v 2.031432 0.1 -5.246889 1 1 1
v 2.181432 0.1 -5.246889 1 1 1
v 2.206432 3.123673E-18 -5.271889 1 1 1
v 2.006432 3.123673E-18 -5.271889 1 1 1
v 2.328282 3.123673E-18 -2.555573 1 1 1
v 2.363637 0.1 -2.494335 1 1 1
v 2.380427 3.123673E-18 -2.896341 1 1 1
v 2.411046 0.05 -2.878663 1 1 1
v 2.498219 0.05 -5.749571 1 1 1
v 2.710351 0.05 -5.537438 1 1 1
v 2.286088 0.05 -5.537438 1 1 1
v 2.498219 0.05 -5.325306 1 1 1
v 2.215377 3.123673E-18 -5.537438 1 1 1
v 2.498219 3.123673E-18 -5.254596 1 1 1
v 2.097593 -2.884522E-15 -4.890411 1 1 1
v 2.15883 0.05 -4.855055 1 1 1
v 2.201121 -2.884522E-15 -4.50404 1 1 1
v 2.236476 0.05 -4.565278 1 1 1
v 2.498219 3.123673E-18 -5.820282 1 1 1
v 2.781062 3.123673E-18 -5.537438 1 1 1
v 2.483963 -2.884522E-15 -4.993938 1 1 1
v 2.587491 -2.884522E-15 -4.607568 1 1 1
v 2.448608 0.05 -4.932701 1 1 1
v 2.526254 0.05 -4.642923 1 1 1
v 4 0 -6 1 1 1
v 4 0 -2 1 1 1
v 0 0 -6 1 1 1
v 0 0 -2 1 1 1
v -2.432191 0 -5.296844 1 1 1
v -2.449868 0.05 -5.266226 1 1 1
v -2.625376 0 -5.245081 1 1 1
v -2.594758 0.05 -5.227403 1 1 1
v -2.573612 0 -5.051896 1 1 1
v -2.555934 0.05 -5.082514 1 1 1
v -2.714652 0 -5.547955 1 1 1
v -2.611125 0 -5.934326 1 1 1
v -2.653415 0.1 -5.583311 1 1 1
v -2.575769 0.1 -5.873088 1 1 1
v -2.224754 0 -5.830798 1 1 1
v -2.285991 0.1 -5.795443 1 1 1
v -2.006432 0 -2.928111 1 1 1
v -2.031432 0.1 -2.903111 1 1 1
v -2.206432 0 -2.928111 1 1 1
v -2.181432 0.1 -2.903111 1 1 1
v -2.031432 0.1 -2.753111 1 1 1
v -2.181432 0.1 -2.753111 1 1 1
v -2.206432 0 -2.728111 1 1 1
v -2.006432 0 -2.728111 1 1 1
v -2.328282 0 -5.444427 1 1 1
v -2.363637 0.1 -5.505665 1 1 1
v -2.380427 0 -5.103659 1 1 1
v -2.411046 0.05 -5.121337 1 1 1
v -2.49822 0.05 -2.250429 1 1 1
v -2.710352 0.05 -2.462561 1 1 1
v -2.286088 0.05 -2.462561 1 1 1
v -2.49822 0.05 -2.674694 1 1 1
v -2.215377 0 -2.462561 1 1 1
v -2.49822 0 -2.745404 1 1 1
v -2.097593 -2.887646E-15 -3.109589 1 1 1
v -2.158831 0.05 -3.144945 1 1 1
v -2.201121 -2.887646E-15 -3.49596 1 1 1
v -2.236476 0.05 -3.434722 1 1 1
v -2.49822 0 -2.179718 1 1 1
v -2.781063 0 -2.462561 1 1 1
v -2.483963 -2.887646E-15 -3.006062 1 1 1
v -2.587491 -2.887646E-15 -3.392432 1 1 1
v -2.448608 0.05 -3.067299 1 1 1
v -2.526254 0.05 -3.357077 1 1 1
v -2.432191 -3.123673E-18 1.296844 1 1 1
v -2.449869 0.05 1.266226 1 1 1
v -2.625376 -3.123673E-18 1.245081 1 1 1
v -2.594758 0.05 1.227403 1 1 1
v -2.573612 -3.123673E-18 1.051895 1 1 1
v -2.555935 0.05 1.082514 1 1 1
v -2.714653 -3.123673E-18 1.547955 1 1 1
v -2.611125 -3.123673E-18 1.934326 1 1 1
v -2.653415 0.1 1.583311 1 1 1
v -2.57577 0.1 1.873088 1 1 1
v -2.224755 -3.123673E-18 1.830798 1 1 1
v -2.285992 0.1 1.795443 1 1 1
v -2.006432 -3.123673E-18 -1.071889 1 1 1
v -2.031432 0.1 -1.096889 1 1 1
v -2.206432 -3.123673E-18 -1.071889 1 1 1
v -2.181432 0.1 -1.096889 1 1 1
v -2.031432 0.1 -1.246889 1 1 1
v -2.181432 0.1 -1.246889 1 1 1
v -2.206432 -3.123673E-18 -1.271889 1 1 1
v -2.006432 -3.123673E-18 -1.271889 1 1 1
v -2.328282 -3.123673E-18 1.444427 1 1 1
v -2.363637 0.1 1.505665 1 1 1
v -2.380427 -3.123673E-18 1.103659 1 1 1
v -2.411046 0.05 1.121337 1 1 1
v -2.498219 0.05 -1.749571 1 1 1
v -2.710351 0.05 -1.537439 1 1 1
v -2.286088 0.05 -1.537439 1 1 1
v -2.498219 0.05 -1.325306 1 1 1
v -2.215377 -3.123673E-18 -1.537439 1 1 1
v -2.498219 -3.123673E-18 -1.254596 1 1 1
v -2.097593 -2.890769E-15 -0.8904107 1 1 1
v -2.15883 0.05 -0.8550555 1 1 1
v -2.201121 -2.890769E-15 -0.5040404 1 1 1
v -2.236476 0.05 -0.5652776 1 1 1
v -2.498219 -3.123673E-18 -1.820281 1 1 1
v -2.781062 -3.123673E-18 -1.537439 1 1 1
v -2.483963 -2.890769E-15 -0.9939383 1 1 1
v -2.587491 -2.890769E-15 -0.607568 1 1 1
v -2.448608 0.05 -0.9327011 1 1 1
v -2.526254 0.05 -0.6429234 1 1 1
v 2.432191 0 1.296844 1 1 1
v 2.449869 0.05 1.266226 1 1 1
v 2.625376 0 1.245081 1 1 1
v 2.594758 0.05 1.227403 1 1 1
v 2.573612 0 1.051895 1 1 1
v 2.555935 0.05 1.082514 1 1 1
v 2.714653 0 1.547955 1 1 1
v 2.611125 0 1.934326 1 1 1
v 2.653415 0.1 1.583311 1 1 1
v 2.57577 0.1 1.873088 1 1 1
v 2.224755 0 1.830798 1 1 1
v 2.285992 0.1 1.795443 1 1 1
v 2.006432 0 -1.071889 1 1 1
v 2.031432 0.1 -1.096889 1 1 1
v 2.206432 0 -1.071889 1 1 1
v 2.181432 0.1 -1.096889 1 1 1
v 2.031432 0.1 -1.246889 1 1 1
v 2.181432 0.1 -1.246889 1 1 1
v 2.206432 0 -1.271889 1 1 1
v 2.006432 0 -1.271889 1 1 1
v 2.328282 0 1.444427 1 1 1
v 2.363637 0.1 1.505665 1 1 1
v 2.380427 0 1.103659 1 1 1
v 2.411046 0.05 1.121337 1 1 1
v 2.498219 0.05 -1.749571 1 1 1
v 2.710351 0.05 -1.537439 1 1 1
v 2.286088 0.05 -1.537439 1 1 1
v 2.498219 0.05 -1.325306 1 1 1
v 2.215377 0 -1.537439 1 1 1
v 2.498219 0 -1.254596 1 1 1
v 2.097593 -2.887646E-15 -0.8904107 1 1 1
v 2.15883 0.05 -0.8550555 1 1 1
v 2.201121 -2.887646E-15 -0.5040404 1 1 1
v 2.236476 0.05 -0.5652776 1 1 1
v 2.498219 0 -1.820281 1 1 1
v 2.781062 0 -1.537439 1 1 1
v 2.483963 -2.887646E-15 -0.9939383 1 1 1
v 2.587491 -2.887646E-15 -0.607568 1 1 1
v 2.448608 0.05 -0.9327011 1 1 1
v 2.526254 0.05 -0.6429234 1 1 1
v 4 0 2 1 1 1
v 0 0 2 1 1 1
v -4 0 -2 1 1 1
v -4 0 2 1 1 1
v -4 0 -6 1 1 1
v 3.399002 0.2 -2 1 1 1
v 3.199002 0.2 -4 1 1 1
v 3.399002 0.9 -2 1 1 1
v 3.199002 0.9 -4 1 1 1
v 3.999999 0.9 -6 1 1 1
v 4 0.9 -2 1 1 1
v 3.399002 0.9 -6 1 1 1
v 4 0.2 -2 1 1 1
v 3.399002 0.2 -6 1 1 1
v -3.399002 0.2 -6 1 1 1
v -3.199002 0.2 -4 1 1 1
v -3.399002 0.9 -6 1 1 1
v -3.199002 0.9 -4 1 1 1
v -4 0.9 -2 1 1 1
v -3.999999 0.9 -6 1 1 1
v -3.399002 0.9 -2 1 1 1
v -3.999999 0.2 -6 1 1 1
v -3.399002 0.2 -2 1 1 1
v -3.399002 0.2 2 1 1 1
v -3.199002 0.2 4.774325E-08 1 1 1
v -3.399002 0.9 2 1 1 1
v -3.199002 0.9 4.774325E-08 1 1 1
v -3.999999 0.9 -2 1 1 1
v -4 0.9 2 1 1 1
v -3.399002 0.9 -2 1 1 1
v -4 0.2 2 1 1 1
v -3.399002 0.2 -2 1 1 1
v 3.399002 0.2 2 1 1 1
v 3.199002 0.2 4.774325E-08 1 1 1
v 3.399002 0.9 2 1 1 1
v 3.199002 0.9 4.774325E-08 1 1 1
v 3.999999 0.9 -2 1 1 1
v 4 0.9 2 1 1 1
v 3.399002 0.9 -2 1 1 1
v 4 0.2 2 1 1 1
v 3.399002 0.2 -2 1 1 1

vn 0 1 0
vn 0 -1 0
vn 0 0 -1
vn -0.1104315 0 -0.9938837
vn 0 0 1
vn 0.1104315 0 0.9938837
vn 0.1104315 0 -0.9938837
vn -0.1104315 0 0.9938837
vn -0.05530039 0 -0.9984698
vn 0.05530039 0 0.9984698
vn 0.05530039 0 -0.9984698
vn -0.05530039 0 0.9984698
vn -0.5450369 0 -0.8384121
vn 0.5450369 0 0.8384121
vn 0.5450369 0 -0.8384121
vn -0.5450369 0 0.8384121
vn 0.9455701 0 -0.3254187
vn 0.9455701 0 0.3254187
vn -0.9455701 0 -0.3254187
vn -0.9455701 0 0.3254187
vn -1.192093E-07 0 -1
vn 1.192093E-07 0 1
vn -0.9950373 0 0.09950386
vn -1 0 1.192093E-07
vn 0.9950373 0 -0.09950386
vn 1 0 -1.192093E-07
vn -0.9950373 0 -0.0995036
vn 0.9950373 0 0.0995036
vn -0.9950373 0 0.09950384
vn 0.9950373 0 -0.09950384
vn -0.9950373 0 -0.09950361
vn 0.9950373 0 0.09950361
vn 0.03807838 -0.9238795 -0.3807843
vn -0.03807838 -0.9238795 0.3807843
vn -0.03807838 0.9238795 0.3807843
vn 0.03807838 0.9238795 -0.3807843
vn 0.09192935 0.3826834 -0.9192946
vn 0.09192935 -0.3826834 -0.9192946
vn -0.09192935 -0.3826834 0.9192946
vn -0.09192935 0.3826834 0.9192946
vn -0.03807847 0.9238795 -0.3807843
vn 0.03807847 0.9238795 0.3807843
vn 0.03807847 -0.9238795 0.3807843
vn -0.03807847 -0.9238795 -0.3807843
vn -0.09192957 0.3826834 -0.9192946
vn 0.09192957 -0.3826834 0.9192946
vn 0.09192957 0.3826834 0.9192946
vn -0.09192957 -0.3826834 -0.9192946
vn -1 0 -1.192093E-07
vn 1 0 1.192093E-07
vn 8.909814E-08 0.6643638 -0.7474094
vn -8.909814E-08 -0.6643638 0.7474094
vn -1.192093E-07 0 1
vn 1.192093E-07 0 -1
vn 0.9950373 0 0.09950384
vn 0.9985676 0 0.05350656
vn -0.9985676 0 -0.05350656
vn -0.9950373 0 -0.09950384
vn -0.9950373 0 0.09950361
vn 0.9950373 0 -0.09950361
vn -0.09192962 -0.3826835 0.9192946
vn -0.09192953 0.3826835 0.9192946
vn 0.09192953 -0.3826835 -0.9192946
vn 0.09192962 0.3826835 -0.9192946
vn 0.9950374 -1.192093E-07 0.09950386
vn -0.9950374 1.192093E-07 -0.09950386
vn 0.03807859 0.9238796 -0.3807843
vn -0.03807859 -0.9238796 0.3807843
vn -0.03807837 0.9238796 0.3807843
vn 0.03807837 -0.9238796 -0.3807843
vn 0.0919294 0.3826835 0.9192946
vn 0.0380785 0.9238796 0.3807843
vn -0.0919294 -0.3826835 -0.9192946
vn -0.0380785 -0.9238796 -0.3807843
vn -0.09192931 0.3826835 -0.9192946
vn -0.03807827 0.9238796 -0.3807843
vn 0.03807827 -0.9238796 0.3807843
vn 0.09192931 -0.3826835 0.9192946
vn 0.9950374 -1.192093E-07 -0.09950362
vn -0.9950374 1.192093E-07 0.09950362
vn 0.9950373 0 -0.09950362
vn -0.9950373 0 0.09950362
vn 0.9950373 0 0.09950384
vn -0.9950373 0 -0.09950384
vn -0.03807847 -0.9238795 0.3807843
vn 0.03807847 -0.9238795 -0.3807843
vn 0.03807847 0.9238795 -0.3807843
vn -0.03807847 0.9238795 0.3807843
vn -0.09192957 0.3826834 0.9192946
vn -0.09192957 -0.3826834 0.9192946
vn 0.09192957 -0.3826834 -0.9192946
vn 0.09192957 0.3826834 -0.9192946
vn 0.03807838 0.9238795 0.3807843
vn -0.03807838 0.9238795 -0.3807843
vn -0.03807838 -0.9238795 -0.3807843
vn 0.03807838 -0.9238795 0.3807843
vn 0.09192935 0.3826834 0.9192946
vn -0.09192935 -0.3826834 -0.9192946
vn -0.09192935 0.3826834 -0.9192946
vn 0.09192935 -0.3826834 0.9192946
vn 0.9950373 0 0.09950386
vn -0.9950373 0 -0.09950386
vn 0.9950373 0 -0.0995036
vn -0.9950373 0 0.0995036
vn -8.909814E-08 0.6643638 -0.7474094
vn 8.909814E-08 -0.6643638 0.7474094
vn -0.9985676 0 0.05350656
vn 0.9985676 0 -0.05350656
vn 0.09192962 -0.3826835 0.9192946
vn 0.09192953 0.3826835 0.9192946
vn -0.09192953 -0.3826835 -0.9192946
vn -0.09192962 0.3826835 -0.9192946
vn -0.9950374 -1.192093E-07 0.09950386
vn 0.9950374 1.192093E-07 -0.09950386
vn -0.03807859 0.9238796 -0.3807843
vn 0.03807859 -0.9238796 0.3807843
vn 0.03807837 0.9238796 0.3807843
vn -0.03807837 -0.9238796 -0.3807843
vn -0.0919294 0.3826835 0.9192946
vn -0.0380785 0.9238796 0.3807843
vn 0.0919294 -0.3826835 -0.9192946
vn 0.0380785 -0.9238796 -0.3807843
vn 0.09192931 0.3826835 -0.9192946
vn 0.03807827 0.9238796 -0.3807843
vn -0.03807827 -0.9238796 0.3807843
vn -0.09192931 -0.3826835 0.9192946
vn -0.9950374 -1.192093E-07 -0.09950362
vn 0.9950374 1.192093E-07 0.09950362
vn 0.09192939 -0.3826835 -0.9192946
vn 0.0919293 0.3826835 -0.9192946
vn -0.0919293 -0.3826835 0.9192946
vn -0.09192939 0.3826835 0.9192946
vn -0.03807849 0.9238796 0.3807843
vn 0.03807849 -0.9238796 -0.3807843
vn -0.9950374 -1.192093E-07 -0.09950361
vn 0.9950374 1.192093E-07 0.09950361
vn 0.03807827 0.9238796 -0.3807843
vn -0.03807827 -0.9238796 0.3807843
vn 0.09192964 -0.3826835 0.9192946
vn 0.09192955 0.3826835 0.9192946
vn -0.09192955 -0.3826835 -0.9192946
vn -0.09192964 0.3826835 -0.9192946
vn 0.03807837 0.9238796 0.3807843
vn -0.03807837 -0.9238796 -0.3807843
vn -0.9950374 -1.192093E-07 0.09950387
vn 0.9950374 1.192093E-07 -0.09950387
vn -0.03807859 0.9238796 -0.3807843
vn 0.03807859 -0.9238796 0.3807843
vn -0.09192939 -0.3826835 -0.9192946
vn -0.0919293 0.3826835 -0.9192946
vn 0.0919293 -0.3826835 0.9192946
vn 0.09192939 0.3826835 0.9192946
vn 0.03807849 0.9238796 0.3807843
vn -0.03807849 -0.9238796 -0.3807843
vn 0.9950374 -1.192093E-07 -0.09950361
vn -0.9950374 1.192093E-07 0.09950361
vn -0.03807827 0.9238796 -0.3807843
vn 0.03807827 -0.9238796 0.3807843
vn -0.09192964 -0.3826835 0.9192946
vn -0.09192955 0.3826835 0.9192946
vn 0.09192955 -0.3826835 -0.9192946
vn 0.09192964 0.3826835 -0.9192946
vn -0.03807837 0.9238796 0.3807843
vn 0.03807837 -0.9238796 -0.3807843
vn 0.9950374 -1.192093E-07 0.09950387
vn -0.9950374 1.192093E-07 -0.09950387
vn 0.03807859 0.9238796 -0.3807843
vn -0.03807859 -0.9238796 0.3807843
vn -0.4082482 0.5773503 0.7071069
vn -0.3003764 0.7994348 0.5202673
vn 0.7071069 0.5773503 0.4082482
vn 0.5202673 0.7994348 0.3003764
vn -0.7071069 -0.5773503 -0.4082482
vn 0.3003764 -0.7994348 -0.5202673
vn 0.4082482 -0.5773503 -0.7071069
vn -0.5202673 -0.7994348 -0.3003764
vn 0.4082482 0.5773503 -0.7071069
vn 0.3003764 0.7994348 -0.5202673
vn -0.3003764 -0.7994348 0.5202673
vn -0.4082482 -0.5773503 0.7071069
vn 0.7071068 0.5773503 -0.4082484
vn 0.4082484 0.5773503 0.7071068
vn 0.5202672 0.7994348 -0.3003765
vn 0.3003765 0.7994348 0.5202672
vn -0.5202672 -0.7994348 0.3003765
vn -0.4082484 -0.5773503 -0.7071068
vn -0.7071068 -0.5773503 0.4082484
vn -0.3003765 -0.7994348 -0.5202672
vn -0.7071068 0.5773503 0.4082484
vn -0.5202672 0.7994348 0.3003765
vn 0.5202672 -0.7994348 -0.3003765
vn 0.7071068 -0.5773503 -0.4082484
vn -0.6666667 0.3333333 0.6666668
vn -0.5033765 0.7022992 0.5033766
vn 0.6666668 0.3333333 0.6666667
vn 0.5033766 0.7022992 0.5033765
vn -0.6666668 -0.3333333 -0.6666667
vn 0.5033765 -0.7022992 -0.5033766
vn 0.6666667 -0.3333333 -0.6666668
vn -0.5033766 -0.7022992 -0.5033765
vn -0.5033766 0.7022992 -0.5033765
vn 0.5033765 0.7022992 -0.5033766
vn -0.5033765 -0.7022992 0.5033766
vn 0.5033766 -0.7022992 0.5033765
vn 0.6666667 0.3333333 -0.6666668
vn -0.6666667 -0.3333333 0.6666668
vn -0.6666668 0.3333333 -0.6666667
vn 0.6666668 -0.3333333 0.6666667
vn -0.4082484 0.5773503 -0.7071068
vn -0.3003765 0.7994348 -0.5202672
vn 0.3003765 -0.7994348 0.5202672
vn 0.4082484 -0.5773503 0.7071068
vn -0.7071069 0.5773503 -0.4082482
vn -0.5202673 0.7994348 -0.3003764
vn 0.7071069 -0.5773503 0.4082482
vn 0.5202673 -0.7994348 0.3003764
vn -5.06089E-08 0.9054101 -0.4245383
vn 0.4245383 0.9054101 -5.06089E-08
vn -0.4245383 0.9054101 5.06089E-08
vn 5.06089E-08 0.9054101 0.4245383
vn 0.4245383 -0.9054101 -5.06089E-08
vn -0.4245383 -0.9054101 5.06089E-08
vn 5.06089E-08 -0.9054101 0.4245383
vn -5.06089E-08 -0.9054101 -0.4245383
vn -0.5773503 0.8164966 6.882551E-08
vn 6.882551E-08 0.8164966 0.5773503
vn 0.5773503 -0.8164966 -6.882551E-08
vn -6.882551E-08 -0.8164966 -0.5773503
vn -0.5000001 0.8164966 -0.2886751
vn -0.3676609 0.90541 -0.2122691
vn -0.2886751 0.8164966 0.5000001
vn -0.2122691 0.90541 0.3676609
vn 0.2886751 -0.8164966 -0.5000001
vn 0.3676609 -0.90541 0.2122691
vn 0.5000001 -0.8164966 0.2886751
vn 0.2122691 -0.90541 -0.3676609
vn -6.882551E-08 0.8164966 -0.5773503
vn 6.882551E-08 -0.8164966 0.5773503
vn 0.5773503 0.8164966 -6.882551E-08
vn -0.5773503 -0.8164966 6.882551E-08
vn 0.2886751 0.8164966 -0.5000001
vn 0.5000001 0.8164966 0.2886751
vn 0.2122691 0.90541 -0.3676609
vn 0.3676609 0.90541 0.2122691
vn -0.2122691 -0.90541 0.3676609
vn -0.5000001 -0.8164966 -0.2886751
vn -0.2886751 -0.8164966 0.5000001
vn -0.3676609 -0.90541 -0.2122691
vn 0.4082484 0.5773503 -0.7071068
vn 0.3003765 0.7994348 -0.5202672
vn -0.7071068 0.5773503 -0.4082484
vn -0.5202672 0.7994348 -0.3003765
vn 0.7071068 -0.5773503 0.4082484
vn -0.3003765 -0.7994348 0.5202672
vn -0.4082484 -0.5773503 0.7071068
vn 0.5202672 -0.7994348 0.3003765
vn -0.4082484 0.5773503 0.7071068
vn -0.3003765 0.7994348 0.5202672
vn 0.3003765 -0.7994348 -0.5202672
vn 0.4082484 -0.5773503 -0.7071068
vn -0.7071069 0.5773503 0.4082482
vn -0.4082482 0.5773503 -0.7071069
vn -0.5202673 0.7994348 0.3003764
vn -0.3003764 0.7994348 -0.5202673
vn 0.5202673 -0.7994348 -0.3003764
vn 0.4082482 -0.5773503 0.7071069
vn 0.7071069 -0.5773503 -0.4082482
vn 0.3003764 -0.7994348 0.5202673
vn 0.7071069 0.5773503 -0.4082482
vn 0.5202673 0.7994348 -0.3003764
vn -0.5202673 -0.7994348 0.3003764
vn -0.7071069 -0.5773503 0.4082482
vn 0.6666668 0.3333333 -0.6666667
vn 0.5033766 0.7022992 -0.5033765
vn -0.6666667 0.3333333 -0.6666668
vn -0.5033765 0.7022992 -0.5033766
vn 0.6666667 -0.3333333 0.6666668
vn -0.5033766 -0.7022992 0.5033765
vn -0.6666668 -0.3333333 0.6666667
vn 0.5033765 -0.7022992 0.5033766
vn 0.5033765 0.7022992 0.5033766
vn -0.5033766 0.7022992 0.5033765
vn 0.5033766 -0.7022992 -0.5033765
vn -0.5033765 -0.7022992 -0.5033766
vn -0.6666668 0.3333333 0.6666667
vn 0.6666668 -0.3333333 -0.6666667
vn 0.6666667 0.3333333 0.6666668
vn -0.6666667 -0.3333333 -0.6666668
vn 0.4082482 0.5773503 0.7071069
vn 0.3003764 0.7994348 0.5202673
vn -0.3003764 -0.7994348 -0.5202673
vn -0.4082482 -0.5773503 -0.7071069
vn 0.7071068 0.5773503 0.4082484
vn 0.5202672 0.7994348 0.3003765
vn -0.7071068 -0.5773503 -0.4082484
vn -0.5202672 -0.7994348 -0.3003765
vn -5.06089E-08 0.9054101 0.4245383
vn -0.4245383 0.9054101 -5.06089E-08
vn 0.4245383 0.9054101 5.06089E-08
vn 5.06089E-08 0.9054101 -0.4245383
vn -0.4245383 -0.9054101 -5.06089E-08
vn 0.4245383 -0.9054101 5.06089E-08
vn 5.06089E-08 -0.9054101 -0.4245383
vn -5.06089E-08 -0.9054101 0.4245383
vn 0.5773503 0.8164966 6.882551E-08
vn 6.882551E-08 0.8164966 -0.5773503
vn -0.5773503 -0.8164966 -6.882551E-08
vn -6.882551E-08 -0.8164966 0.5773503
vn 0.5 0.8164966 0.2886752
vn 0.3676609 0.90541 0.2122692
vn 0.2886752 0.8164966 -0.5
vn 0.2122692 0.90541 -0.3676609
vn -0.2886752 -0.8164966 0.5
vn -0.3676609 -0.90541 -0.2122692
vn -0.5 -0.8164966 -0.2886752
vn -0.2122692 -0.90541 0.3676609
vn -6.882551E-08 0.8164966 0.5773503
vn 6.882551E-08 -0.8164966 -0.5773503
vn -0.5773503 0.8164966 -6.882551E-08
vn 0.5773503 -0.8164966 6.882551E-08
vn -0.2886752 0.8164966 0.5
vn -0.5 0.8164966 -0.2886752
vn -0.2122692 0.90541 0.3676609
vn -0.3676609 0.90541 -0.2122692
vn 0.2122692 -0.90541 -0.3676609
vn 0.5 -0.8164966 0.2886752
vn 0.2886752 -0.8164966 -0.5
vn 0.3676609 -0.90541 0.2122692
vn 0.5000001 0.8164966 -0.2886751
vn 0.3676609 0.90541 -0.2122691
vn 0.2886751 0.8164966 0.5000001
vn 0.2122691 0.90541 0.3676609
vn -0.2886751 -0.8164966 -0.5000001
vn -0.3676609 -0.90541 0.2122691
vn -0.5000001 -0.8164966 0.2886751
vn -0.2122691 -0.90541 -0.3676609
vn -0.2886751 0.8164966 -0.5000001
vn -0.5000001 0.8164966 0.2886751
vn -0.2122691 0.90541 -0.3676609
vn -0.3676609 0.90541 0.2122691
vn 0.2122691 -0.90541 0.3676609
vn 0.5000001 -0.8164966 -0.2886751
vn 0.2886751 -0.8164966 0.5000001
vn 0.3676609 -0.90541 -0.2122691

vt 0.34375 0.1464286
vt 0.34375 0.08928571
vt 0.34375 0.1321429
vt 0.34375 0.1178571
vt 0.34375 0.175
vt 0.34375 0.1607143
vt 0.34375 0.1035714
vt 0.34375 0.075
vt 0.34375 0.105
vt 0.34375 0.025
vt 0.34375 0.225
vt 0.34375 0.07946212
vt 0.34375 0.09850974
vt 0.34375 0.09533513
vt 0.34375 0.08263672
vt 0.34375 0.2005081
vt 0.34375 0.1814605
vt 0.34375 0.1973335
vt 0.34375 0.1846351
vt 0.34375 0.1015823
vt 0.34375 0.1206299
vt 0.34375 0.1174553
vt 0.34375 0.1047569
vt 0.34375 0.145
vt 0.34375 0.185
vt 0.34375 0.1672508
vt 0.34375 0.1681397
vt 0.34375 0.1716952
vt 0.34375 0.1725841
vt 0.34375 0.1540278
vt 0.34375 0.1575834
vt 0.34375 0.1584722
vt 0.34375 0.1531389
vt 0.34375 0.1128492
vt 0.34375 0.1217382
vt 0.34375 0.1239604
vt 0.34375 0.110627
vt 0.34375 0.110627
vt 0.34375 0.08645836
vt 0.34375 0.0886806
vt 0.34375 0.07756948
vt 0.34375 0.07534725
vt 0.34375 0.1709605
vt 0.34375 0.174516
vt 0.34375 0.1754049
vt 0.34375 0.1700716
vt 0.34375 0.2035694
vt 0.34375 0.207125
vt 0.34375 0.2080139
vt 0.34375 0.1992854
vt 0.34375 0.2026805
vt 0.34375 0.1983965
vt 0.34375 0.194841
vt 0.34375 0.1939521
vt 0.34375 0.1593472
vt 0.34375 0.1584583
vt 0.34375 0.1549027
vt 0.34375 0.1540138
vt 0.34375 0.1199012
vt 0.34375 0.1287901
vt 0.34375 0.1310123
vt 0.34375 0.117679
vt 0.34375 0.0797568
vt 0.34375 0.08864567
vt 0.34375 0.0908679
vt 0.34375 0.07753456
vt 0.34375 0.1796024
vt 0.34375 0.1884913
vt 0.34375 0.1907136
vt 0.34375 0.1773802
vt 0.34375 0.2014236
vt 0.34375 0.2103125
vt 0.34375 0.1992014
vt 0.34375 0.2125347
vt 0.46875 0.025
vt 0.46875 0.065
vt 0.46875 0.105
vt 0.09375 0.025
vt 0.09375 0.225

usemtl colormap

f 3/1/1 2/1/1 1/1/1
f 2/1/1 3/1/1 4/1/1
f 4/1/1 3/1/1 5/1/1
f 4/1/1 5/1/1 6/1/1
f 6/1/1 5/1/1 7/1/1
f 6/1/1 7/1/1 8/1/1
f 8/1/1 7/1/1 9/1/1
f 8/1/1 9/1/1 10/1/1
f 1/1/2 2/1/2 3/1/2
f 4/1/2 3/1/2 2/1/2
f 5/1/2 3/1/2 4/1/2
f 6/1/2 5/1/2 4/1/2
f 7/1/2 5/1/2 6/1/2
f 8/1/2 7/1/2 6/1/2
f 9/1/2 7/1/2 8/1/2
f 10/1/2 9/1/2 8/1/2
f 13/2/1 12/2/1 11/2/1
f 12/2/1 13/2/1 14/2/1
f 12/2/1 14/2/1 15/2/1
f 15/2/1 14/2/1 16/2/1
f 15/2/1 16/2/1 17/2/1
f 17/2/1 16/2/1 18/2/1
f 17/2/1 18/2/1 19/2/1
f 19/2/1 18/2/1 20/2/1
f 11/2/2 12/2/2 13/2/2
f 14/2/2 13/2/2 12/2/2
f 15/2/2 14/2/2 12/2/2
f 16/2/2 14/2/2 15/2/2
f 17/2/2 16/2/2 15/2/2
f 18/2/2 16/2/2 17/2/2
f 19/2/2 18/2/2 17/2/2
f 20/2/2 18/2/2 19/2/2
f 23/3/1 22/3/1 21/3/1
f 22/3/1 23/3/1 24/3/1
f 24/3/1 23/3/1 25/3/1
f 24/3/1 25/3/1 26/3/1
f 26/3/1 25/3/1 27/3/1
f 26/3/1 27/3/1 28/3/1
f 28/3/1 27/3/1 29/3/1
f 28/3/1 29/3/1 30/3/1
f 21/3/2 22/3/2 23/3/2
f 24/3/2 23/3/2 22/3/2
f 25/3/2 23/3/2 24/3/2
f 26/3/2 25/3/2 24/3/2
f 27/3/2 25/3/2 26/3/2
f 28/3/2 27/3/2 26/3/2
f 29/3/2 27/3/2 28/3/2
f 30/3/2 29/3/2 28/3/2
f 33/4/1 32/4/1 31/4/1
f 32/4/1 33/4/1 34/4/1
f 32/4/1 34/4/1 35/4/1
f 35/4/1 34/4/1 36/4/1
f 35/4/1 36/4/1 37/4/1
f 37/4/1 36/4/1 38/4/1
f 37/4/1 38/4/1 39/4/1
f 39/4/1 38/4/1 40/4/1
f 31/4/2 32/4/2 33/4/2
f 34/4/2 33/4/2 32/4/2
f 35/4/2 34/4/2 32/4/2
f 36/4/2 34/4/2 35/4/2
f 37/4/2 36/4/2 35/4/2
f 38/4/2 36/4/2 37/4/2
f 39/4/2 38/4/2 37/4/2
f 40/4/2 38/4/2 39/4/2
f 43/5/1 42/5/1 41/5/1
f 42/5/1 43/5/1 44/5/1
f 44/5/1 43/5/1 45/5/1
f 44/5/1 45/5/1 46/5/1
f 44/5/1 46/5/1 47/5/1
f 41/5/2 42/5/2 43/5/2
f 44/5/2 43/5/2 42/5/2
f 45/5/2 43/5/2 44/5/2
f 46/5/2 45/5/2 44/5/2
f 47/5/2 46/5/2 44/5/2
f 50/6/1 49/6/1 48/6/1
f 49/6/1 50/6/1 51/6/1
f 49/6/1 51/6/1 52/6/1
f 52/6/1 51/6/1 53/6/1
f 52/6/1 53/6/1 54/6/1
f 54/6/1 53/6/1 55/6/1
f 54/6/1 55/6/1 56/6/1
f 56/6/1 55/6/1 57/6/1
f 48/6/2 49/6/2 50/6/2
f 51/6/2 50/6/2 49/6/2
f 52/6/2 51/6/2 49/6/2
f 53/6/2 51/6/2 52/6/2
f 54/6/2 53/6/2 52/6/2
f 55/6/2 53/6/2 54/6/2
f 56/6/2 55/6/2 54/6/2
f 57/6/2 55/6/2 56/6/2
f 60/7/1 59/7/1 58/7/1
f 59/7/1 60/7/1 61/7/1
f 59/7/1 61/7/1 62/7/1
f 62/7/1 61/7/1 63/7/1
f 62/7/1 63/7/1 64/7/1
f 64/7/1 63/7/1 65/7/1
f 64/7/1 65/7/1 66/7/1
f 66/7/1 65/7/1 67/7/1
f 58/7/2 59/7/2 60/7/2
f 61/7/2 60/7/2 59/7/2
f 62/7/2 61/7/2 59/7/2
f 63/7/2 61/7/2 62/7/2
f 64/7/2 63/7/2 62/7/2
f 65/7/2 63/7/2 64/7/2
f 66/7/2 65/7/2 64/7/2
f 67/7/2 65/7/2 66/7/2
f 14/2/3 69/8/4 68/8/3
f 69/8/4 14/2/3 13/2/4
f 68/8/5 69/8/6 14/2/5
f 13/2/6 14/2/5 69/8/6
f 42/5/5 71/8/5 70/8/5
f 71/8/5 42/5/5 44/5/5
f 70/8/3 71/8/3 42/5/3
f 44/5/3 42/5/3 71/8/3
f 18/2/3 73/8/3 72/8/3
f 73/8/3 18/2/3 16/2/3
f 72/8/5 73/8/5 18/2/5
f 16/2/5 18/2/5 73/8/5
f 16/2/3 68/8/3 73/8/3
f 68/8/3 16/2/3 14/2/3
f 73/8/5 68/8/5 16/2/5
f 14/2/5 16/2/5 68/8/5
f 20/2/7 72/8/3 74/8/7
f 72/8/3 20/2/7 18/2/3
f 74/8/8 72/8/5 20/2/8
f 18/2/5 20/2/8 72/8/5
f 63/7/3 12/2/9 15/2/3
f 12/2/9 63/7/3 61/7/9
f 15/2/5 12/2/10 63/7/5
f 61/7/10 63/7/5 12/2/10
f 67/7/3 17/2/11 19/2/3
f 17/2/11 67/7/3 65/7/11
f 19/2/5 17/2/12 67/7/5
f 65/7/12 67/7/5 17/2/12
f 65/7/11 15/2/3 17/2/11
f 15/2/3 65/7/11 63/7/3
f 17/2/12 15/2/5 65/7/12
f 63/7/5 65/7/12 15/2/5
f 61/7/9 11/2/3 12/2/9
f 11/2/3 61/7/9 60/7/3
f 12/2/10 11/2/5 61/7/10
f 60/7/5 61/7/10 11/2/5
f 36/4/3 59/7/3 62/7/3
f 59/7/3 36/4/3 34/4/3
f 62/7/5 59/7/5 36/4/5
f 34/4/5 36/4/5 59/7/5
f 40/4/7 64/7/3 66/7/7
f 64/7/3 40/4/7 38/4/3
f 66/7/8 64/7/5 40/4/8
f 38/4/5 40/4/8 64/7/5
f 34/4/3 58/7/4 59/7/3
f 58/7/4 34/4/3 33/4/4
f 59/7/5 58/7/6 34/4/5
f 33/4/6 34/4/5 58/7/6
f 38/4/3 62/7/3 64/7/3
f 62/7/3 38/4/3 36/4/3
f 64/7/5 62/7/5 38/4/5
f 36/4/5 38/4/5 62/7/5
f 29/3/3 37/4/11 39/4/3
f 37/4/11 29/3/3 27/3/11
f 39/4/5 37/4/12 29/3/5
f 27/3/12 29/3/5 37/4/12
f 23/3/9 31/4/3 32/4/9
f 31/4/3 23/3/9 21/3/3
f 32/4/10 31/4/5 23/3/10
f 21/3/5 23/3/10 31/4/5
f 25/3/3 32/4/9 35/4/3
f 32/4/9 25/3/3 23/3/9
f 35/4/5 32/4/10 25/3/5
f 23/3/10 25/3/5 32/4/10
f 27/3/11 35/4/3 37/4/11
f 35/4/3 27/3/11 25/3/3
f 37/4/12 35/4/5 27/3/12
f 25/3/5 27/3/12 35/4/5
f 5/1/3 24/3/3 26/3/3
f 24/3/3 5/1/3 3/1/3
f 26/3/5 24/3/5 5/1/5
f 3/1/5 5/1/5 24/3/5
f 3/1/3 22/3/4 24/3/3
f 22/3/4 3/1/3 1/1/4
f 24/3/5 22/3/6 3/1/5
f 1/1/6 3/1/5 22/3/6
f 9/1/7 28/3/3 30/3/7
f 28/3/3 9/1/7 7/1/3
f 30/3/8 28/3/5 9/1/8
f 7/1/5 9/1/8 28/3/5
f 7/1/3 26/3/3 28/3/3
f 26/3/3 7/1/3 5/1/3
f 28/3/5 26/3/5 7/1/5
f 5/1/5 7/1/5 26/3/5
f 51/6/9 2/1/3 4/1/9
f 2/1/3 51/6/9 50/6/3
f 4/1/10 2/1/5 51/6/10
f 50/6/5 51/6/10 2/1/5
f 57/6/3 8/1/11 10/1/3
f 8/1/11 57/6/3 55/6/11
f 10/1/5 8/1/12 57/6/5
f 55/6/12 57/6/5 8/1/12
f 55/6/11 6/1/3 8/1/11
f 6/1/3 55/6/11 53/6/3
f 8/1/12 6/1/5 55/6/12
f 53/6/5 55/6/12 6/1/5
f 53/6/3 4/1/9 6/1/3
f 4/1/9 53/6/3 51/6/9
f 6/1/5 4/1/10 53/6/5
f 51/6/10 53/6/5 4/1/10
f 43/5/3 48/6/4 49/6/3
f 48/6/4 43/5/3 41/5/4
f 49/6/5 48/6/6 43/5/5
f 41/5/6 43/5/5 48/6/6
f 45/5/3 49/6/3 52/6/3
f 49/6/3 45/5/3 43/5/3
f 52/6/5 49/6/5 45/5/5
f 43/5/5 45/5/5 49/6/5
f 46/5/3 52/6/3 54/6/3
f 52/6/3 46/5/3 45/5/3
f 54/6/5 52/6/5 46/5/5
f 45/5/5 46/5/5 52/6/5
f 47/5/7 54/6/3 56/6/7
f 54/6/3 47/5/7 46/5/3
f 56/6/8 54/6/5 47/5/8
f 46/5/5 47/5/8 54/6/5
f 77/5/13 76/8/3 75/8/13
f 76/8/3 77/5/13 78/5/3
f 75/8/14 76/8/5 77/5/14
f 78/5/5 77/5/14 76/8/5
f 81/5/14 80/8/5 79/8/14
f 80/8/5 81/5/14 82/5/5
f 79/8/13 80/8/3 81/5/13
f 82/5/3 81/5/13 80/8/3
f 78/5/3 83/8/15 76/8/3
f 83/8/15 78/5/3 84/5/15
f 76/8/5 83/8/16 78/5/5
f 84/5/16 78/5/5 83/8/16
f 87/5/18 86/8/17 85/5/17
f 86/8/17 87/5/18 88/8/18
f 85/5/20 86/8/20 87/5/19
f 88/8/19 87/5/19 86/8/20
f 91/8/20 90/5/19 89/8/19
f 90/5/19 91/8/20 92/5/20
f 89/8/18 90/5/18 91/8/17
f 92/5/17 91/8/17 90/5/18
f 82/5/5 93/8/16 80/8/5
f 93/8/16 82/5/5 94/5/16
f 80/8/3 93/8/15 82/5/3
f 94/5/15 82/5/3 93/8/15
f 81/5/14 88/8/18 87/5/18
f 88/8/18 81/5/14 79/8/14
f 87/5/19 88/8/19 81/5/13
f 79/8/13 81/5/13 88/8/19
f 93/8/16 92/5/20 91/8/20
f 92/5/20 93/8/16 94/5/16
f 91/8/17 92/5/17 93/8/15
f 94/5/15 93/8/15 92/5/17
f 85/5/17 83/8/15 84/5/15
f 83/8/15 85/5/17 86/8/17
f 84/5/16 83/8/16 85/5/20
f 86/8/20 85/5/20 83/8/16
f 89/8/19 77/5/13 75/8/13
f 77/5/13 89/8/19 90/5/19
f 75/8/14 77/5/14 89/8/18
f 90/5/18 89/8/18 77/5/14
f 79/8/2 86/8/2 88/8/2
f 86/8/2 79/8/2 83/8/2
f 83/8/2 79/8/2 80/8/2
f 83/8/2 80/8/2 76/8/2
f 76/8/2 80/8/2 93/8/2
f 76/8/2 93/8/2 75/8/2
f 75/8/2 93/8/2 91/8/2
f 75/8/2 91/8/2 89/8/2
f 88/8/1 86/8/1 79/8/1
f 83/8/1 79/8/1 86/8/1
f 80/8/1 79/8/1 83/8/1
f 76/8/1 80/8/1 83/8/1
f 93/8/1 80/8/1 76/8/1
f 75/8/1 93/8/1 76/8/1
f 91/8/1 93/8/1 75/8/1
f 89/8/1 91/8/1 75/8/1
f 84/5/1 87/5/1 85/5/1
f 87/5/1 84/5/1 81/5/1
f 81/5/1 84/5/1 78/5/1
f 81/5/1 78/5/1 82/5/1
f 82/5/1 78/5/1 77/5/1
f 82/5/1 77/5/1 94/5/1
f 94/5/1 77/5/1 90/5/1
f 94/5/1 90/5/1 92/5/1
f 85/5/2 87/5/2 84/5/2
f 81/5/2 84/5/2 87/5/2
f 78/5/2 84/5/2 81/5/2
f 82/5/2 78/5/2 81/5/2
f 77/5/2 78/5/2 82/5/2
f 94/5/2 77/5/2 82/5/2
f 90/5/2 77/5/2 94/5/2
f 92/5/2 90/5/2 94/5/2
f 97/5/13 96/8/3 95/8/13
f 96/8/3 97/5/13 98/5/3
f 95/8/14 96/8/5 97/5/14
f 98/5/5 97/5/14 96/8/5
f 101/5/14 100/8/5 99/8/14
f 100/8/5 101/5/14 102/5/5
f 99/8/13 100/8/3 101/5/13
f 102/5/3 101/5/13 100/8/3
f 98/5/3 103/8/15 96/8/3
f 103/8/15 98/5/3 104/5/15
f 96/8/5 103/8/16 98/5/5
f 104/5/16 98/5/5 103/8/16
f 107/5/18 106/8/17 105/5/17
f 106/8/17 107/5/18 108/8/18
f 105/5/20 106/8/20 107/5/19
f 108/8/19 107/5/19 106/8/20
f 111/8/20 110/5/19 109/8/19
f 110/5/19 111/8/20 112/5/20
f 109/8/18 110/5/18 111/8/17
f 112/5/17 111/8/17 110/5/18
f 102/5/5 113/8/16 100/8/5
f 113/8/16 102/5/5 114/5/16
f 100/8/3 113/8/15 102/5/3
f 114/5/15 102/5/3 113/8/15
f 101/5/14 108/8/18 107/5/18
f 108/8/18 101/5/14 99/8/14
f 107/5/19 108/8/19 101/5/13
f 99/8/13 101/5/13 108/8/19
f 113/8/16 112/5/20 111/8/20
f 112/5/20 113/8/16 114/5/16
f 111/8/17 112/5/17 113/8/15
f 114/5/15 113/8/15 112/5/17
f 105/5/17 103/8/15 104/5/15
f 103/8/15 105/5/17 106/8/17
f 104/5/16 103/8/16 105/5/20
f 106/8/20 105/5/20 103/8/16
f 109/8/19 97/5/13 95/8/13
f 97/5/13 109/8/19 110/5/19
f 95/8/14 97/5/14 109/8/18
f 110/5/18 109/8/18 97/5/14
f 99/8/2 106/8/2 108/8/2
f 106/8/2 99/8/2 103/8/2
f 103/8/2 99/8/2 100/8/2
f 103/8/2 100/8/2 96/8/2
f 96/8/2 100/8/2 113/8/2
f 96/8/2 113/8/2 95/8/2
f 95/8/2 113/8/2 111/8/2
f 95/8/2 111/8/2 109/8/2
f 108/8/1 106/8/1 99/8/1
f 103/8/1 99/8/1 106/8/1
f 100/8/1 99/8/1 103/8/1
f 96/8/1 100/8/1 103/8/1
f 113/8/1 100/8/1 96/8/1
f 95/8/1 113/8/1 96/8/1
f 111/8/1 113/8/1 95/8/1
f 109/8/1 111/8/1 95/8/1
f 104/5/1 107/5/1 105/5/1
f 107/5/1 104/5/1 101/5/1
f 101/5/1 104/5/1 98/5/1
f 101/5/1 98/5/1 102/5/1
f 102/5/1 98/5/1 97/5/1
f 102/5/1 97/5/1 114/5/1
f 114/5/1 97/5/1 110/5/1
f 114/5/1 110/5/1 112/5/1
f 105/5/2 107/5/2 104/5/2
f 101/5/2 104/5/2 107/5/2
f 98/5/2 104/5/2 101/5/2
f 102/5/2 98/5/2 101/5/2
f 97/5/2 98/5/2 102/5/2
f 114/5/2 97/5/2 102/5/2
f 110/5/2 97/5/2 114/5/2
f 112/5/2 110/5/2 114/5/2
f 117/9/21 116/10/21 115/9/21
f 116/10/21 117/9/21 118/10/21
f 115/9/22 116/10/22 117/9/22
f 118/10/22 117/9/22 116/10/22
f 121/9/23 120/10/24 119/10/23
f 120/10/24 121/9/23 122/9/24
f 119/10/25 120/10/26 121/9/25
f 122/9/26 121/9/25 120/10/26
f 117/9/26 123/10/26 118/10/26
f 123/10/26 117/9/26 124/9/26
f 118/10/24 123/10/24 117/9/24
f 124/9/24 117/9/24 123/10/24
f 122/9/24 116/10/27 120/10/24
f 116/10/27 122/9/24 115/9/27
f 120/10/26 116/10/28 122/9/26
f 115/9/28 122/9/26 116/10/28
f 123/10/2 116/10/2 118/10/2
f 116/10/2 123/10/2 120/10/2
f 120/10/2 123/10/2 119/10/2
f 118/10/1 116/10/1 123/10/1
f 120/10/1 123/10/1 116/10/1
f 119/10/1 123/10/1 120/10/1
f 115/9/1 124/9/1 117/9/1
f 124/9/1 115/9/1 122/9/1
f 124/9/1 122/9/1 121/9/1
f 117/9/2 124/9/2 115/9/2
f 122/9/2 115/9/2 124/9/2
f 121/9/2 122/9/2 124/9/2
f 123/10/22 121/9/22 119/10/22
f 121/9/22 123/10/22 124/9/22
f 119/10/21 121/9/21 123/10/21
f 124/9/21 123/10/21 121/9/21
f 127/11/29 126/10/24 125/10/29
f 126/10/24 127/11/29 128/11/24
f 125/10/30 126/10/26 127/11/30
f 128/11/26 127/11/30 126/10/26
f 128/11/24 129/10/31 126/10/24
f 129/10/31 128/11/24 130/11/31
f 126/10/26 129/10/32 128/11/26
f 130/11/32 128/11/26 129/10/32
f 131/11/21 129/10/21 130/11/21
f 129/10/21 131/11/21 132/10/21
f 130/11/22 129/10/22 131/11/22
f 132/10/22 131/11/22 129/10/22
f 130/11/1 133/11/1 131/11/1
f 133/11/1 130/11/1 128/11/1
f 133/11/1 128/11/1 127/11/1
f 131/11/2 133/11/2 130/11/2
f 128/11/2 130/11/2 133/11/2
f 127/11/2 128/11/2 133/11/2
f 131/11/26 134/10/26 132/10/26
f 134/10/26 131/11/26 133/11/26
f 132/10/24 134/10/24 131/11/24
f 133/11/24 131/11/24 134/10/24
f 134/10/22 127/11/22 125/10/22
f 127/11/22 134/10/22 133/11/22
f 125/10/21 127/11/21 134/10/21
f 133/11/21 134/10/21 127/11/21
f 137/12/33 136/12/34 135/12/33
f 136/12/34 137/12/33 138/12/34
f 135/12/35 136/12/36 137/12/35
f 138/12/36 137/12/35 136/12/36
f 141/13/35 140/13/36 139/13/36
f 140/13/36 141/13/35 142/13/35
f 139/13/34 140/13/34 141/13/33
f 142/13/33 141/13/33 140/13/34
f 145/14/37 144/15/38 143/14/37
f 144/15/38 145/14/37 146/15/38
f 143/14/39 144/15/40 145/14/39
f 146/15/40 145/14/39 144/15/40
f 149/15/39 148/14/40 147/15/39
f 148/14/40 149/15/39 150/14/40
f 147/15/37 148/14/38 149/15/37
f 150/14/38 149/15/37 148/14/38
f 139/13/36 145/14/37 143/14/37
f 145/14/37 139/13/36 140/13/36
f 143/14/39 145/14/39 139/13/34
f 140/13/34 139/13/34 145/14/39
f 146/15/38 135/12/33 144/15/38
f 135/12/33 146/15/38 137/12/33
f 144/15/40 135/12/35 146/15/40
f 137/12/35 146/15/40 135/12/35
f 147/15/31 135/12/31 136/12/31
f 135/12/31 147/15/31 144/15/31
f 144/15/31 147/15/31 148/14/31
f 144/15/31 148/14/31 143/14/31
f 143/14/31 148/14/31 141/13/31
f 143/14/31 141/13/31 139/13/31
f 136/12/32 135/12/32 147/15/32
f 144/15/32 147/15/32 135/12/32
f 148/14/32 147/15/32 144/15/32
f 143/14/32 148/14/32 144/15/32
f 141/13/32 148/14/32 143/14/32
f 139/13/32 141/13/32 143/14/32
f 146/15/32 138/12/32 137/12/32
f 138/12/32 146/15/32 149/15/32
f 149/15/32 146/15/32 145/14/32
f 149/15/32 145/14/32 150/14/32
f 150/14/32 145/14/32 140/13/32
f 150/14/32 140/13/32 142/13/32
f 137/12/31 138/12/31 146/15/31
f 149/15/31 146/15/31 138/12/31
f 145/14/31 146/15/31 149/15/31
f 150/14/31 145/14/31 149/15/31
f 140/13/31 145/14/31 150/14/31
f 142/13/31 140/13/31 150/14/31
f 138/12/34 147/15/39 136/12/34
f 147/15/39 138/12/34 149/15/39
f 136/12/36 147/15/37 138/12/36
f 149/15/37 138/12/36 147/15/37
f 148/14/40 142/13/35 141/13/35
f 142/13/35 148/14/40 150/14/40
f 141/13/33 142/13/33 148/14/38
f 150/14/38 148/14/38 142/13/33
f 153/16/41 152/16/42 151/16/41
f 152/16/42 153/16/41 154/16/42
f 151/16/43 152/16/44 153/16/43
f 154/16/44 153/16/43 152/16/44
f 157/17/43 156/17/44 155/17/44
f 156/17/44 157/17/43 158/17/43
f 155/17/42 156/17/42 157/17/41
f 158/17/41 157/17/41 156/17/42
f 160/18/45 151/16/41 159/18/45
f 151/16/41 160/18/45 153/16/41
f 159/18/46 151/16/43 160/18/46
f 153/16/43 160/18/46 151/16/43
f 154/16/42 161/18/47 152/16/42
f 161/18/47 154/16/42 162/18/47
f 152/16/44 161/18/48 154/16/44
f 162/18/48 154/16/44 161/18/48
f 159/18/45 163/19/48 160/18/45
f 163/19/48 159/18/45 164/19/48
f 160/18/46 163/19/47 159/18/46
f 164/19/47 159/18/46 163/19/47
f 155/17/44 163/19/48 164/19/48
f 163/19/48 155/17/44 156/17/44
f 164/19/47 163/19/47 155/17/42
f 156/17/42 155/17/42 163/19/47
f 164/19/30 157/17/30 155/17/30
f 157/17/30 164/19/30 165/19/30
f 165/19/30 164/19/30 159/18/30
f 165/19/30 159/18/30 161/18/30
f 161/18/30 159/18/30 151/16/30
f 161/18/30 151/16/30 152/16/30
f 155/17/29 157/17/29 164/19/29
f 165/19/29 164/19/29 157/17/29
f 159/18/29 164/19/29 165/19/29
f 161/18/29 159/18/29 165/19/29
f 151/16/29 159/18/29 161/18/29
f 152/16/29 151/16/29 161/18/29
f 166/19/29 156/17/29 158/17/29
f 156/17/29 166/19/29 163/19/29
f 163/19/29 166/19/29 162/18/29
f 163/19/29 162/18/29 160/18/29
f 160/18/29 162/18/29 154/16/29
f 160/18/29 154/16/29 153/16/29
f 158/17/30 156/17/30 166/19/30
f 163/19/30 166/19/30 156/17/30
f 162/18/30 166/19/30 163/19/30
f 160/18/30 162/18/30 163/19/30
f 154/16/30 162/18/30 160/18/30
f 153/16/30 154/16/30 160/18/30
f 165/19/46 158/17/43 157/17/43
f 158/17/43 165/19/46 166/19/46
f 157/17/41 158/17/41 165/19/45
f 166/19/45 165/19/45 158/17/41
f 165/19/46 162/18/47 166/19/46
f 162/18/47 165/19/46 161/18/47
f 166/19/45 162/18/48 165/19/45
f 161/18/48 165/19/45 162/18/48
f 169/20/33 168/20/34 167/20/33
f 168/20/34 169/20/33 170/20/34
f 167/20/35 168/20/36 169/20/35
f 170/20/36 169/20/35 168/20/36
f 173/21/35 172/21/36 171/21/36
f 172/21/36 173/21/35 174/21/35
f 171/21/34 172/21/34 173/21/33
f 174/21/33 173/21/33 172/21/34
f 171/21/36 176/22/37 175/22/37
f 176/22/37 171/21/36 172/21/36
f 175/22/39 176/22/39 171/21/34
f 172/21/34 171/21/34 176/22/39
f 178/23/38 167/20/33 177/23/38
f 167/20/33 178/23/38 169/20/33
f 177/23/40 167/20/35 178/23/40
f 169/20/35 178/23/40 167/20/35
f 181/23/39 180/22/40 179/23/39
f 180/22/40 181/23/39 182/22/40
f 179/23/37 180/22/38 181/23/37
f 182/22/38 181/23/37 180/22/38
f 176/22/37 177/23/38 175/22/37
f 177/23/38 176/22/37 178/23/38
f 175/22/39 177/23/40 176/22/39
f 178/23/40 176/22/39 177/23/40
f 179/23/31 167/20/31 168/20/31
f 167/20/31 179/23/31 177/23/31
f 177/23/31 179/23/31 180/22/31
f 177/23/31 180/22/31 175/22/31
f 175/22/31 180/22/31 173/21/31
f 175/22/31 173/21/31 171/21/31
f 168/20/32 167/20/32 179/23/32
f 177/23/32 179/23/32 167/20/32
f 180/22/32 179/23/32 177/23/32
f 175/22/32 180/22/32 177/23/32
f 173/21/32 180/22/32 175/22/32
f 171/21/32 173/21/32 175/22/32
f 170/20/34 179/23/39 168/20/34
f 179/23/39 170/20/34 181/23/39
f 168/20/36 179/23/37 170/20/36
f 181/23/37 170/20/36 179/23/37
f 178/23/32 170/20/32 169/20/32
f 170/20/32 178/23/32 181/23/32
f 181/23/32 178/23/32 176/22/32
f 181/23/32 176/22/32 182/22/32
f 182/22/32 176/22/32 172/21/32
f 182/22/32 172/21/32 174/21/32
f 169/20/31 170/20/31 178/23/31
f 181/23/31 178/23/31 170/20/31
f 176/22/31 178/23/31 181/23/31
f 182/22/31 176/22/31 181/23/31
f 172/21/31 176/22/31 182/22/31
f 174/21/31 172/21/31 182/22/31
f 180/22/40 174/21/35 173/21/35
f 174/21/35 180/22/40 182/22/40
f 173/21/33 174/21/33 180/22/38
f 182/22/38 180/22/38 174/21/33
f 185/11/49 184/24/49 183/24/49
f 183/24/50 184/24/50 185/11/50
f 188/24/51 187/11/51 186/25/51
f 187/11/51 188/24/51 184/24/51
f 187/11/51 184/24/51 185/11/51
f 186/25/52 187/11/52 188/24/52
f 184/24/52 188/24/52 187/11/52
f 185/11/52 184/24/52 187/11/52
f 185/11/53 189/24/53 187/11/53
f 189/24/53 185/11/53 183/24/53
f 187/11/54 189/24/54 185/11/54
f 183/24/54 185/11/54 189/24/54
f 186/25/56 189/24/55 190/24/50
f 189/24/55 186/25/56 191/26/55
f 192/26/55 189/24/55 191/26/55
f 193/27/55 189/24/55 192/26/55
f 191/26/55 186/25/56 194/27/55
f 189/24/55 193/27/55 187/11/55
f 187/11/55 193/27/55 195/28/55
f 187/11/55 195/28/55 196/29/55
f 187/11/55 196/29/55 186/25/56
f 194/27/55 186/25/56 197/28/55
f 198/29/55 186/25/56 196/29/55
f 197/28/55 186/25/56 198/29/55
f 190/24/49 189/24/58 186/25/57
f 191/26/58 186/25/57 189/24/58
f 191/26/58 189/24/58 192/26/58
f 192/26/58 189/24/58 193/27/58
f 194/27/58 186/25/57 191/26/58
f 187/11/58 193/27/58 189/24/58
f 195/28/58 193/27/58 187/11/58
f 196/29/58 195/28/58 187/11/58
f 186/25/57 196/29/58 187/11/58
f 197/28/58 186/25/57 194/27/58
f 196/29/58 186/25/57 198/29/58
f 198/29/58 186/25/57 197/28/58
f 200/31/59 199/30/59 186/25/57
f 201/32/59 200/31/59 186/25/57
f 201/32/59 186/25/57 202/32/59
f 202/32/59 186/25/57 203/31/59
f 186/25/57 199/30/59 190/24/49
f 204/33/59 190/24/49 199/30/59
f 186/25/57 188/24/59 203/31/59
f 188/24/59 190/24/49 204/33/59
f 203/31/59 188/24/59 205/30/59
f 206/33/59 188/24/59 204/33/59
f 206/33/59 205/30/59 188/24/59
f 186/25/56 199/30/60 200/31/60
f 186/25/56 200/31/60 201/32/60
f 202/32/60 186/25/56 201/32/60
f 203/31/60 186/25/56 202/32/60
f 190/24/50 199/30/60 186/25/56
f 199/30/60 190/24/50 204/33/60
f 203/31/60 188/24/60 186/25/56
f 204/33/60 190/24/50 188/24/60
f 205/30/60 188/24/60 203/31/60
f 204/33/60 188/24/60 206/33/60
f 188/24/60 205/30/60 206/33/60
f 209/35/62 208/34/61 207/34/61
f 208/34/61 209/35/62 210/35/62
f 207/34/64 208/34/64 209/35/63
f 210/35/63 209/35/63 208/34/64
f 207/34/65 211/36/65 209/35/65
f 211/36/65 207/34/65 212/37/65
f 211/36/65 212/37/65 213/36/65
f 213/36/65 212/37/65 214/37/65
f 213/36/65 214/37/65 215/34/65
f 213/36/65 215/34/65 216/35/65
f 209/35/66 211/36/66 207/34/66
f 212/37/66 207/34/66 211/36/66
f 213/36/66 212/37/66 211/36/66
f 214/37/66 212/37/66 213/36/66
f 215/34/66 214/37/66 213/36/66
f 216/35/66 215/34/66 213/36/66
f 213/36/67 218/35/64 217/36/67
f 218/35/64 213/36/67 216/35/64
f 217/36/68 218/35/61 213/36/68
f 216/35/61 213/36/68 218/35/61
f 209/35/62 219/36/69 210/35/62
f 219/36/69 209/35/62 211/36/69
f 210/35/63 219/36/70 209/35/63
f 211/36/70 209/35/63 219/36/70
f 212/37/68 208/34/61 220/38/68
f 208/34/61 212/37/68 207/34/61
f 220/38/67 208/34/64 212/37/67
f 207/34/64 212/37/67 208/34/64
f 219/36/69 213/36/67 217/36/67
f 213/36/67 219/36/69 211/36/69
f 217/36/68 213/36/68 219/36/70
f 211/36/70 219/36/70 213/36/68
f 214/37/70 220/38/68 221/38/70
f 220/38/68 214/37/70 212/37/68
f 221/38/69 220/38/67 214/37/69
f 212/37/67 214/37/69 220/38/67
f 222/34/63 214/37/70 221/38/70
f 214/37/70 222/34/63 215/34/63
f 221/38/69 214/37/69 222/34/62
f 215/34/62 222/34/62 214/37/69
f 220/38/65 210/35/65 208/34/65
f 210/35/65 220/38/65 219/36/65
f 219/36/65 220/38/65 221/38/65
f 219/36/65 221/38/65 217/36/65
f 217/36/65 221/38/65 222/34/65
f 217/36/65 222/34/65 218/35/65
f 208/34/66 210/35/66 220/38/66
f 219/36/66 220/38/66 210/35/66
f 221/38/66 220/38/66 219/36/66
f 217/36/66 221/38/66 219/36/66
f 222/34/66 221/38/66 217/36/66
f 218/35/66 222/34/66 217/36/66
f 218/35/64 215/34/63 222/34/63
f 215/34/63 218/35/64 216/35/64
f 222/34/62 215/34/62 218/35/61
f 216/35/61 218/35/61 215/34/62
f 225/39/71 224/40/72 223/39/71
f 224/40/72 225/39/71 226/40/72
f 223/39/73 224/40/74 225/39/73
f 226/40/74 225/39/73 224/40/74
f 228/40/76 227/39/75 203/39/75
f 227/39/75 228/40/76 229/40/76
f 203/39/78 227/39/78 228/40/77
f 229/40/77 228/40/77 227/39/78
f 231/42/79 225/39/79 230/41/79
f 225/39/79 231/42/79 226/40/79
f 226/40/79 231/42/79 232/42/79
f 226/40/79 232/42/79 229/40/79
f 229/40/79 232/42/79 233/41/79
f 229/40/79 233/41/79 227/39/79
f 230/41/80 225/39/80 231/42/80
f 226/40/80 231/42/80 225/39/80
f 232/42/80 231/42/80 226/40/80
f 229/40/80 232/42/80 226/40/80
f 233/41/80 232/42/80 229/40/80
f 227/39/80 233/41/80 229/40/80
f 231/42/77 235/41/78 234/42/77
f 235/41/78 231/42/77 230/41/78
f 234/42/76 235/41/75 231/42/76
f 230/41/75 231/42/76 235/41/75
f 226/40/72 228/40/76 224/40/72
f 228/40/76 226/40/72 229/40/76
f 224/40/74 228/40/77 226/40/74
f 229/40/77 226/40/74 228/40/77
f 205/41/73 232/42/74 236/42/74
f 232/42/74 205/41/73 233/41/73
f 236/42/72 232/42/72 205/41/71
f 233/41/71 205/41/71 232/42/72
f 225/39/71 235/41/78 230/41/78
f 235/41/78 225/39/71 223/39/71
f 230/41/75 235/41/75 225/39/73
f 223/39/73 225/39/73 235/41/75
f 236/42/74 231/42/77 234/42/77
f 231/42/77 236/42/74 232/42/74
f 234/42/76 231/42/76 236/42/72
f 232/42/72 236/42/72 231/42/76
f 234/42/79 223/39/79 235/41/79
f 223/39/79 234/42/79 224/40/79
f 224/40/79 234/42/79 236/42/79
f 224/40/79 236/42/79 228/40/79
f 228/40/79 236/42/79 205/41/79
f 228/40/79 205/41/79 203/39/79
f 235/41/80 223/39/80 234/42/80
f 224/40/80 234/42/80 223/39/80
f 236/42/80 234/42/80 224/40/80
f 228/40/80 236/42/80 224/40/80
f 205/41/80 236/42/80 228/40/80
f 203/39/80 205/41/80 228/40/80
f 203/39/75 233/41/73 205/41/73
f 233/41/73 203/39/75 227/39/75
f 205/41/71 233/41/71 203/39/78
f 227/39/78 203/39/78 233/41/71
f 239/9/53 238/10/53 237/9/53
f 238/10/53 239/9/53 240/10/53
f 237/9/54 238/10/54 239/9/54
f 240/10/54 239/9/54 238/10/54
f 243/9/81 242/10/50 241/10/81
f 242/10/50 243/9/81 244/9/50
f 241/10/82 242/10/49 243/9/82
f 244/9/49 243/9/82 242/10/49
f 239/9/49 245/10/49 240/10/49
f 245/10/49 239/9/49 246/9/49
f 240/10/50 245/10/50 239/9/50
f 246/9/50 239/9/50 245/10/50
f 244/9/50 238/10/83 242/10/50
f 238/10/83 244/9/50 237/9/83
f 242/10/49 238/10/84 244/9/49
f 237/9/84 244/9/49 238/10/84
f 245/10/2 238/10/2 240/10/2
f 238/10/2 245/10/2 242/10/2
f 242/10/2 245/10/2 241/10/2
f 240/10/1 238/10/1 245/10/1
f 242/10/1 245/10/1 238/10/1
f 241/10/1 245/10/1 242/10/1
f 237/9/1 246/9/1 239/9/1
f 246/9/1 237/9/1 244/9/1
f 246/9/1 244/9/1 243/9/1
f 239/9/2 246/9/2 237/9/2
f 244/9/2 237/9/2 246/9/2
f 243/9/2 244/9/2 246/9/2
f 245/10/54 243/9/54 241/10/54
f 243/9/54 245/10/54 246/9/54
f 241/10/53 243/9/53 245/10/53
f 246/9/53 245/10/53 243/9/53
f 249/11/60 248/10/50 247/10/60
f 248/10/50 249/11/60 250/11/50
f 247/10/59 248/10/49 249/11/59
f 250/11/49 249/11/59 248/10/49
f 250/11/50 251/10/55 248/10/50
f 251/10/55 250/11/50 252/11/55
f 248/10/49 251/10/58 250/11/49
f 252/11/58 250/11/49 251/10/58
f 253/11/53 251/10/53 252/11/53
f 251/10/53 253/11/53 254/10/53
f 252/11/54 251/10/54 253/11/54
f 254/10/54 253/11/54 251/10/54
f 252/11/1 255/11/1 253/11/1
f 255/11/1 252/11/1 250/11/1
f 255/11/1 250/11/1 249/11/1
f 253/11/2 255/11/2 252/11/2
f 250/11/2 252/11/2 255/11/2
f 249/11/2 250/11/2 255/11/2
f 253/11/49 256/10/49 254/10/49
f 256/10/49 253/11/49 255/11/49
f 254/10/50 256/10/50 253/11/50
f 255/11/50 253/11/50 256/10/50
f 256/10/54 249/11/54 247/10/54
f 249/11/54 256/10/54 255/11/54
f 247/10/53 249/11/53 256/10/53
f 255/11/53 256/10/53 249/11/53
f 259/12/85 258/12/86 257/12/85
f 258/12/86 259/12/85 260/12/86
f 257/12/87 258/12/88 259/12/87
f 260/12/88 259/12/87 258/12/88
f 263/13/87 262/13/88 261/13/88
f 262/13/88 263/13/87 264/13/87
f 261/13/86 262/13/86 263/13/85
f 264/13/85 263/13/85 262/13/86
f 267/14/89 266/15/90 265/14/89
f 266/15/90 267/14/89 268/15/90
f 265/14/91 266/15/92 267/14/91
f 268/15/92 267/14/91 266/15/92
f 271/15/91 270/14/92 269/15/91
f 270/14/92 271/15/91 272/14/92
f 269/15/89 270/14/90 271/15/89
f 272/14/90 271/15/89 270/14/90
f 261/13/88 267/14/89 265/14/89
f 267/14/89 261/13/88 262/13/88
f 265/14/91 267/14/91 261/13/86
f 262/13/86 261/13/86 267/14/91
f 268/15/90 257/12/85 266/15/90
f 257/12/85 268/15/90 259/12/85
f 266/15/92 257/12/87 268/15/92
f 259/12/87 268/15/92 257/12/87
f 269/15/55 257/12/55 258/12/55
f 257/12/55 269/15/55 266/15/55
f 266/15/55 269/15/55 270/14/55
f 266/15/55 270/14/55 265/14/55
f 265/14/55 270/14/55 263/13/55
f 265/14/55 263/13/55 261/13/55
f 258/12/58 257/12/58 269/15/58
f 266/15/58 269/15/58 257/12/58
f 270/14/58 269/15/58 266/15/58
f 265/14/58 270/14/58 266/15/58
f 263/13/58 270/14/58 265/14/58
f 261/13/58 263/13/58 265/14/58
f 268/15/58 260/12/58 259/12/58
f 260/12/58 268/15/58 271/15/58
f 271/15/58 268/15/58 267/14/58
f 271/15/58 267/14/58 272/14/58
f 272/14/58 267/14/58 262/13/58
f 272/14/58 262/13/58 264/13/58
f 259/12/55 260/12/55 268/15/55
f 271/15/55 268/15/55 260/12/55
f 267/14/55 268/15/55 271/15/55
f 272/14/55 267/14/55 271/15/55
f 262/13/55 267/14/55 272/14/55
f 264/13/55 262/13/55 272/14/55
f 260/12/86 269/15/91 258/12/86
f 269/15/91 260/12/86 271/15/91
f 258/12/88 269/15/89 260/12/88
f 271/15/89 260/12/88 269/15/89
f 270/14/92 264/13/87 263/13/87
f 264/13/87 270/14/92 272/14/92
f 263/13/85 264/13/85 270/14/90
f 272/14/90 270/14/90 264/13/85
f 275/16/93 274/16/94 273/16/93
f 274/16/94 275/16/93 276/16/94
f 273/16/95 274/16/96 275/16/95
f 276/16/96 275/16/95 274/16/96
f 279/17/95 278/17/96 277/17/96
f 278/17/96 279/17/95 280/17/95
f 277/17/94 278/17/94 279/17/93
f 280/17/93 279/17/93 278/17/94
f 282/18/97 273/16/93 281/18/97
f 273/16/93 282/18/97 275/16/93
f 281/18/98 273/16/95 282/18/98
f 275/16/95 282/18/98 273/16/95
f 276/16/94 283/18/99 274/16/94
f 283/18/99 276/16/94 284/18/99
f 274/16/96 283/18/100 276/16/96
f 284/18/100 276/16/96 283/18/100
f 281/18/97 285/19/100 282/18/97
f 285/19/100 281/18/97 286/19/100
f 282/18/98 285/19/99 281/18/98
f 286/19/99 281/18/98 285/19/99
f 277/17/96 285/19/100 286/19/100
f 285/19/100 277/17/96 278/17/96
f 286/19/99 285/19/99 277/17/94
f 278/17/94 277/17/94 285/19/99
f 286/19/59 279/17/59 277/17/59
f 279/17/59 286/19/59 287/19/59
f 287/19/59 286/19/59 281/18/59
f 287/19/59 281/18/59 283/18/59
f 283/18/59 281/18/59 273/16/59
f 283/18/59 273/16/59 274/16/59
f 277/17/60 279/17/60 286/19/60
f 287/19/60 286/19/60 279/17/60
f 281/18/60 286/19/60 287/19/60
f 283/18/60 281/18/60 287/19/60
f 273/16/60 281/18/60 283/18/60
f 274/16/60 273/16/60 283/18/60
f 288/19/60 278/17/60 280/17/60
f 278/17/60 288/19/60 285/19/60
f 285/19/60 288/19/60 284/18/60
f 285/19/60 284/18/60 282/18/60
f 282/18/60 284/18/60 276/16/60
f 282/18/60 276/16/60 275/16/60
f 280/17/59 278/17/59 288/19/59
f 285/19/59 288/19/59 278/17/59
f 284/18/59 288/19/59 285/19/59
f 282/18/59 284/18/59 285/19/59
f 276/16/59 284/18/59 282/18/59
f 275/16/59 276/16/59 282/18/59
f 287/19/98 280/17/95 279/17/95
f 280/17/95 287/19/98 288/19/98
f 279/17/93 280/17/93 287/19/97
f 288/19/97 287/19/97 280/17/93
f 287/19/98 284/18/99 288/19/98
f 284/18/99 287/19/98 283/18/99
f 288/19/97 284/18/100 287/19/97
f 283/18/100 287/19/97 284/18/100
f 291/20/85 290/20/86 289/20/85
f 290/20/86 291/20/85 292/20/86
f 289/20/87 290/20/88 291/20/87
f 292/20/88 291/20/87 290/20/88
f 295/21/87 294/21/88 293/21/88
f 294/21/88 295/21/87 296/21/87
f 293/21/86 294/21/86 295/21/85
f 296/21/85 295/21/85 294/21/86
f 293/21/88 298/22/89 297/22/89
f 298/22/89 293/21/88 294/21/88
f 297/22/91 298/22/91 293/21/86
f 294/21/86 293/21/86 298/22/91
f 300/23/90 289/20/85 299/23/90
f 289/20/85 300/23/90 291/20/85
f 299/23/92 289/20/87 300/23/92
f 291/20/87 300/23/92 289/20/87
f 303/23/91 302/22/92 301/23/91
f 302/22/92 303/23/91 304/22/92
f 301/23/89 302/22/90 303/23/89
f 304/22/90 303/23/89 302/22/90
f 298/22/89 299/23/90 297/22/89
f 299/23/90 298/22/89 300/23/90
f 297/22/91 299/23/92 298/22/91
f 300/23/92 298/22/91 299/23/92
f 301/23/55 289/20/55 290/20/55
f 289/20/55 301/23/55 299/23/55
f 299/23/55 301/23/55 302/22/55
f 299/23/55 302/22/55 297/22/55
f 297/22/55 302/22/55 295/21/55
f 297/22/55 295/21/55 293/21/55
f 290/20/58 289/20/58 301/23/58
f 299/23/58 301/23/58 289/20/58
f 302/22/58 301/23/58 299/23/58
f 297/22/58 302/22/58 299/23/58
f 295/21/58 302/22/58 297/22/58
f 293/21/58 295/21/58 297/22/58
f 292/20/86 301/23/91 290/20/86
f 301/23/91 292/20/86 303/23/91
f 290/20/88 301/23/89 292/20/88
f 303/23/89 292/20/88 301/23/89
f 300/23/58 292/20/58 291/20/58
f 292/20/58 300/23/58 303/23/58
f 303/23/58 300/23/58 298/22/58
f 303/23/58 298/22/58 304/22/58
f 304/22/58 298/22/58 294/21/58
f 304/22/58 294/21/58 296/21/58
f 291/20/55 292/20/55 300/23/55
f 303/23/55 300/23/55 292/20/55
f 298/22/55 300/23/55 303/23/55
f 304/22/55 298/22/55 303/23/55
f 294/21/55 298/22/55 304/22/55
f 296/21/55 294/21/55 304/22/55
f 302/22/92 296/21/87 295/21/87
f 296/21/87 302/22/92 304/22/92
f 295/21/85 296/21/85 302/22/90
f 304/22/90 302/22/90 296/21/85
f 311/9/54 313/10/54 314/9/54
f 313/10/54 311/9/54 309/10/54
f 314/9/53 313/10/53 311/9/53
f 309/10/53 311/9/53 313/10/53
f 314/9/2 312/9/2 311/9/2
f 314/9/2 305/9/2 312/9/2
f 305/9/2 314/9/2 307/9/2
f 311/9/1 312/9/1 314/9/1
f 312/9/1 305/9/1 314/9/1
f 307/9/1 314/9/1 305/9/1
f 310/10/1 313/10/1 309/10/1
f 306/10/1 313/10/1 310/10/1
f 313/10/1 306/10/1 308/10/1
f 309/10/2 313/10/2 310/10/2
f 310/10/2 313/10/2 306/10/2
f 308/10/2 306/10/2 313/10/2
f 306/10/104 312/9/49 305/9/104
f 312/9/49 306/10/104 310/10/49
f 305/9/103 312/9/50 306/10/103
f 310/10/50 306/10/103 312/9/50
f 313/10/50 307/9/50 314/9/50
f 307/9/50 313/10/50 308/10/50
f 314/9/49 307/9/49 313/10/49
f 308/10/49 313/10/49 307/9/49
f 310/10/49 311/9/102 312/9/49
f 311/9/102 310/10/49 309/10/102
f 312/9/50 311/9/101 310/10/50
f 309/10/101 310/10/50 311/9/101
f 306/10/53 307/9/53 308/10/53
f 307/9/53 306/10/53 305/9/53
f 308/10/54 307/9/54 306/10/54
f 305/9/54 306/10/54 307/9/54
f 317/11/54 324/10/54 323/11/54
f 324/10/54 317/11/54 315/10/54
f 323/11/53 324/10/53 317/11/53
f 315/10/53 317/11/53 324/10/53
f 324/10/50 321/11/50 323/11/50
f 321/11/50 324/10/50 322/10/50
f 323/11/49 321/11/49 324/10/49
f 322/10/49 324/10/49 321/11/49
f 323/11/2 318/11/2 317/11/2
f 323/11/2 320/11/2 318/11/2
f 320/11/2 323/11/2 321/11/2
f 317/11/1 318/11/1 323/11/1
f 318/11/1 320/11/1 323/11/1
f 321/11/1 323/11/1 320/11/1
f 319/10/53 321/11/53 322/10/53
f 321/11/53 319/10/53 320/11/53
f 322/10/54 321/11/54 319/10/54
f 320/11/54 319/10/54 321/11/54
f 319/10/59 318/11/49 320/11/59
f 318/11/49 319/10/59 316/10/49
f 320/11/60 318/11/50 319/10/60
f 316/10/50 319/10/60 318/11/50
f 316/10/49 317/11/58 318/11/49
f 317/11/58 316/10/49 315/10/58
f 318/11/50 317/11/55 316/10/50
f 315/10/55 316/10/50 317/11/55
f 332/13/95 338/14/98 340/14/98
f 338/14/98 332/13/95 331/13/95
f 340/14/97 338/14/97 332/13/93
f 331/13/93 332/13/93 338/14/97
f 337/15/99 328/12/94 339/15/99
f 328/12/94 337/15/99 326/12/94
f 339/15/100 328/12/96 337/15/100
f 326/12/96 337/15/100 328/12/96
f 340/14/60 330/13/60 332/13/60
f 340/14/60 335/14/60 330/13/60
f 339/15/60 335/14/60 340/14/60
f 339/15/60 336/15/60 335/14/60
f 328/12/60 336/15/60 339/15/60
f 336/15/60 328/12/60 327/12/60
f 332/13/59 330/13/59 340/14/59
f 330/13/59 335/14/59 340/14/59
f 340/14/59 335/14/59 339/15/59
f 335/14/59 336/15/59 339/15/59
f 339/15/59 336/15/59 328/12/59
f 327/12/59 328/12/59 336/15/59
f 333/14/59 331/13/59 329/13/59
f 333/14/59 338/14/59 331/13/59
f 334/15/59 338/14/59 333/14/59
f 334/15/59 337/15/59 338/14/59
f 325/12/59 337/15/59 334/15/59
f 337/15/59 325/12/59 326/12/59
f 329/13/60 331/13/60 333/14/60
f 331/13/60 338/14/60 333/14/60
f 333/14/60 338/14/60 334/15/60
f 338/14/60 337/15/60 334/15/60
f 334/15/60 337/15/60 325/12/60
f 326/12/60 325/12/60 337/15/60
f 325/12/93 336/15/97 327/12/93
f 336/15/97 325/12/93 334/15/97
f 327/12/95 336/15/98 325/12/95
f 334/15/98 325/12/95 336/15/98
f 335/14/100 329/13/96 330/13/96
f 329/13/96 335/14/100 333/14/100
f 330/13/94 329/13/94 335/14/99
f 333/14/99 335/14/99 329/13/94
f 338/14/98 339/15/99 340/14/98
f 339/15/99 338/14/98 337/15/99
f 340/14/97 339/15/100 338/14/97
f 337/15/100 338/14/97 339/15/100
f 334/15/97 335/14/100 336/15/97
f 335/14/100 334/15/97 333/14/100
f 336/15/98 335/14/99 334/15/98
f 333/14/99 334/15/98 335/14/99
f 330/13/96 331/13/95 332/13/95
f 331/13/95 330/13/96 329/13/96
f 332/13/93 331/13/93 330/13/94
f 329/13/94 330/13/94 331/13/93
f 326/12/94 327/12/93 328/12/94
f 327/12/93 326/12/94 325/12/93
f 328/12/96 327/12/95 326/12/96
f 325/12/95 326/12/96 327/12/95
f 352/18/91 355/19/92 351/18/91
f 355/19/92 352/18/91 356/19/92
f 351/18/89 355/19/90 352/18/89
f 356/19/90 352/18/89 355/19/90
f 348/17/87 355/19/92 356/19/92
f 355/19/92 348/17/87 347/17/87
f 356/19/90 355/19/90 348/17/85
f 347/17/85 348/17/85 355/19/90
f 350/18/58 344/16/58 343/16/58
f 350/18/58 352/18/58 344/16/58
f 353/19/58 352/18/58 350/18/58
f 353/19/58 356/19/58 352/18/58
f 346/17/58 356/19/58 353/19/58
f 356/19/58 346/17/58 348/17/58
f 343/16/55 344/16/55 350/18/55
f 344/16/55 352/18/55 350/18/55
f 350/18/55 352/18/55 353/19/55
f 352/18/55 356/19/55 353/19/55
f 353/19/55 356/19/55 346/17/55
f 348/17/55 346/17/55 356/19/55
f 351/18/55 341/16/55 342/16/55
f 351/18/55 349/18/55 341/16/55
f 355/19/55 349/18/55 351/18/55
f 355/19/55 354/19/55 349/18/55
f 347/17/55 354/19/55 355/19/55
f 354/19/55 347/17/55 345/17/55
f 342/16/58 341/16/58 351/18/58
f 341/16/58 349/18/58 351/18/58
f 351/18/58 349/18/58 355/19/58
f 349/18/58 354/19/58 355/19/58
f 355/19/58 354/19/58 347/17/58
f 345/17/58 347/17/58 354/19/58
f 353/19/89 345/17/88 346/17/88
f 345/17/88 353/19/89 354/19/89
f 346/17/86 345/17/86 353/19/91
f 354/19/91 353/19/91 345/17/86
f 353/19/89 349/18/90 354/19/89
f 349/18/90 353/19/89 350/18/90
f 354/19/91 349/18/92 353/19/91
f 350/18/92 353/19/91 349/18/92
f 351/18/91 344/16/86 352/18/91
f 344/16/86 351/18/91 342/16/86
f 352/18/89 344/16/88 351/18/89
f 342/16/88 351/18/89 344/16/88
f 341/16/85 350/18/90 343/16/85
f 350/18/90 341/16/85 349/18/90
f 343/16/87 350/18/92 341/16/87
f 349/18/92 341/16/87 350/18/92
f 346/17/88 347/17/87 348/17/87
f 347/17/87 346/17/88 345/17/88
f 348/17/85 347/17/85 346/17/86
f 345/17/86 346/17/86 347/17/85
f 342/16/86 343/16/85 344/16/86
f 343/16/85 342/16/86 341/16/85
f 344/16/88 343/16/87 342/16/88
f 341/16/87 342/16/88 343/16/87
f 364/21/95 370/22/98 372/22/98
f 370/22/98 364/21/95 363/21/95
f 372/22/97 370/22/97 364/21/93
f 363/21/93 364/21/93 370/22/97
f 372/22/60 362/21/60 364/21/60
f 372/22/60 366/22/60 362/21/60
f 371/23/60 366/22/60 372/22/60
f 371/23/60 368/23/60 366/22/60
f 360/20/60 368/23/60 371/23/60
f 368/23/60 360/20/60 359/20/60
f 364/21/59 362/21/59 372/22/59
f 362/21/59 366/22/59 372/22/59
f 372/22/59 366/22/59 371/23/59
f 366/22/59 368/23/59 371/23/59
f 371/23/59 368/23/59 360/20/59
f 359/20/59 360/20/59 368/23/59
f 369/23/99 360/20/94 371/23/99
f 360/20/94 369/23/99 358/20/94
f 371/23/100 360/20/96 369/23/100
f 358/20/96 369/23/100 360/20/96
f 365/22/59 363/21/59 361/21/59
f 365/22/59 370/22/59 363/21/59
f 367/23/59 370/22/59 365/22/59
f 367/23/59 369/23/59 370/22/59
f 357/20/59 369/23/59 367/23/59
f 369/23/59 357/20/59 358/20/59
f 361/21/60 363/21/60 365/22/60
f 363/21/60 370/22/60 365/22/60
f 365/22/60 370/22/60 367/23/60
f 370/22/60 369/23/60 367/23/60
f 367/23/60 369/23/60 357/20/60
f 358/20/60 357/20/60 369/23/60
f 367/23/97 366/22/100 368/23/97
f 366/22/100 367/23/97 365/22/100
f 368/23/98 366/22/99 367/23/98
f 365/22/99 367/23/98 366/22/99
f 370/22/98 371/23/99 372/22/98
f 371/23/99 370/22/98 369/23/99
f 372/22/97 371/23/100 370/22/97
f 369/23/100 370/22/97 371/23/100
f 357/20/93 368/23/97 359/20/93
f 368/23/97 357/20/93 367/23/97
f 359/20/95 368/23/98 357/20/95
f 367/23/98 357/20/95 368/23/98
f 366/22/100 361/21/96 362/21/96
f 361/21/96 366/22/100 365/22/100
f 362/21/94 361/21/94 366/22/99
f 365/22/99 366/22/99 361/21/94
f 362/21/96 363/21/95 364/21/95
f 363/21/95 362/21/96 361/21/96
f 364/21/93 363/21/93 362/21/94
f 361/21/94 362/21/94 363/21/93
f 358/20/94 359/20/93 360/20/94
f 359/20/93 358/20/94 357/20/93
f 360/20/96 359/20/95 358/20/96
f 357/20/95 358/20/96 359/20/95
f 375/9/21 374/10/21 373/9/21
f 374/10/21 375/9/21 376/10/21
f 373/9/22 374/10/22 375/9/22
f 376/10/22 375/9/22 374/10/22
f 379/9/23 378/10/24 377/10/23
f 378/10/24 379/9/23 380/9/24
f 377/10/25 378/10/26 379/9/25
f 380/9/26 379/9/25 378/10/26
f 375/9/26 381/10/26 376/10/26
f 381/10/26 375/9/26 382/9/26
f 376/10/24 381/10/24 375/9/24
f 382/9/24 375/9/24 381/10/24
f 380/9/24 374/10/27 378/10/24
f 374/10/27 380/9/24 373/9/27
f 378/10/26 374/10/28 380/9/26
f 373/9/28 380/9/26 374/10/28
f 381/10/2 374/10/2 376/10/2
f 374/10/2 381/10/2 378/10/2
f 378/10/2 381/10/2 377/10/2
f 376/10/1 374/10/1 381/10/1
f 378/10/1 381/10/1 374/10/1
f 377/10/1 381/10/1 378/10/1
f 373/9/1 382/9/1 375/9/1
f 382/9/1 373/9/1 380/9/1
f 382/9/1 380/9/1 379/9/1
f 375/9/2 382/9/2 373/9/2
f 380/9/2 373/9/2 382/9/2
f 379/9/2 380/9/2 382/9/2
f 381/10/22 379/9/22 377/10/22
f 379/9/22 381/10/22 382/9/22
f 377/10/21 379/9/21 381/10/21
f 382/9/21 381/10/21 379/9/21
f 385/11/29 384/10/24 383/10/29
f 384/10/24 385/11/29 386/11/24
f 383/10/30 384/10/26 385/11/30
f 386/11/26 385/11/30 384/10/26
f 386/11/24 387/10/31 384/10/24
f 387/10/31 386/11/24 388/11/31
f 384/10/26 387/10/32 386/11/26
f 388/11/32 386/11/26 387/10/32
f 389/11/21 387/10/21 388/11/21
f 387/10/21 389/11/21 390/10/21
f 388/11/22 387/10/22 389/11/22
f 390/10/22 389/11/22 387/10/22
f 388/11/1 391/11/1 389/11/1
f 391/11/1 388/11/1 386/11/1
f 391/11/1 386/11/1 385/11/1
f 389/11/2 391/11/2 388/11/2
f 386/11/2 388/11/2 391/11/2
f 385/11/2 386/11/2 391/11/2
f 389/11/26 392/10/26 390/10/26
f 392/10/26 389/11/26 391/11/26
f 390/10/24 392/10/24 389/11/24
f 391/11/24 389/11/24 392/10/24
f 392/10/22 385/11/22 383/10/22
f 385/11/22 392/10/22 391/11/22
f 383/10/21 385/11/21 392/10/21
f 391/11/21 392/10/21 385/11/21
f 395/12/33 394/12/34 393/12/33
f 394/12/34 395/12/33 396/12/34
f 393/12/35 394/12/36 395/12/35
f 396/12/36 395/12/35 394/12/36
f 399/13/35 398/13/36 397/13/36
f 398/13/36 399/13/35 400/13/35
f 397/13/34 398/13/34 399/13/33
f 400/13/33 399/13/33 398/13/34
f 403/14/37 402/15/38 401/14/37
f 402/15/38 403/14/37 404/15/38
f 401/14/39 402/15/40 403/14/39
f 404/15/40 403/14/39 402/15/40
f 407/15/39 406/14/40 405/15/39
f 406/14/40 407/15/39 408/14/40
f 405/15/37 406/14/38 407/15/37
f 408/14/38 407/15/37 406/14/38
f 397/13/36 403/14/37 401/14/37
f 403/14/37 397/13/36 398/13/36
f 401/14/39 403/14/39 397/13/34
f 398/13/34 397/13/34 403/14/39
f 404/15/38 393/12/33 402/15/38
f 393/12/33 404/15/38 395/12/33
f 402/15/40 393/12/35 404/15/40
f 395/12/35 404/15/40 393/12/35
f 405/15/31 393/12/31 394/12/31
f 393/12/31 405/15/31 402/15/31
f 402/15/31 405/15/31 406/14/31
f 402/15/31 406/14/31 401/14/31
f 401/14/31 406/14/31 399/13/31
f 401/14/31 399/13/31 397/13/31
f 394/12/32 393/12/32 405/15/32
f 402/15/32 405/15/32 393/12/32
f 406/14/32 405/15/32 402/15/32
f 401/14/32 406/14/32 402/15/32
f 399/13/32 406/14/32 401/14/32
f 397/13/32 399/13/32 401/14/32
f 404/15/32 396/12/32 395/12/32
f 396/12/32 404/15/32 407/15/32
f 407/15/32 404/15/32 403/14/32
f 407/15/32 403/14/32 408/14/32
f 408/14/32 403/14/32 398/13/32
f 408/14/32 398/13/32 400/13/32
f 395/12/31 396/12/31 404/15/31
f 407/15/31 404/15/31 396/12/31
f 403/14/31 404/15/31 407/15/31
f 408/14/31 403/14/31 407/15/31
f 398/13/31 403/14/31 408/14/31
f 400/13/31 398/13/31 408/14/31
f 396/12/34 405/15/39 394/12/34
f 405/15/39 396/12/34 407/15/39
f 394/12/36 405/15/37 396/12/36
f 407/15/37 396/12/36 405/15/37
f 406/14/40 400/13/35 399/13/35
f 400/13/35 406/14/40 408/14/40
f 399/13/33 400/13/33 406/14/38
f 408/14/38 406/14/38 400/13/33
f 411/16/41 410/16/42 409/16/41
f 410/16/42 411/16/41 412/16/42
f 409/16/43 410/16/44 411/16/43
f 412/16/44 411/16/43 410/16/44
f 415/17/43 414/17/44 413/17/44
f 414/17/44 415/17/43 416/17/43
f 413/17/42 414/17/42 415/17/41
f 416/17/41 415/17/41 414/17/42
f 418/18/45 409/16/41 417/18/45
f 409/16/41 418/18/45 411/16/41
f 417/18/46 409/16/43 418/18/46
f 411/16/43 418/18/46 409/16/43
f 412/16/42 419/18/47 410/16/42
f 419/18/47 412/16/42 420/18/47
f 410/16/44 419/18/48 412/16/44
f 420/18/48 412/16/44 419/18/48
f 417/18/45 421/19/48 418/18/45
f 421/19/48 417/18/45 422/19/48
f 418/18/46 421/19/47 417/18/46
f 422/19/47 417/18/46 421/19/47
f 413/17/44 421/19/48 422/19/48
f 421/19/48 413/17/44 414/17/44
f 422/19/47 421/19/47 413/17/42
f 414/17/42 413/17/42 421/19/47
f 422/19/30 415/17/30 413/17/30
f 415/17/30 422/19/30 423/19/30
f 423/19/30 422/19/30 417/18/30
f 423/19/30 417/18/30 419/18/30
f 419/18/30 417/18/30 409/16/30
f 419/18/30 409/16/30 410/16/30
f 413/17/29 415/17/29 422/19/29
f 423/19/29 422/19/29 415/17/29
f 417/18/29 422/19/29 423/19/29
f 419/18/29 417/18/29 423/19/29
f 409/16/29 417/18/29 419/18/29
f 410/16/29 409/16/29 419/18/29
f 424/19/29 414/17/29 416/17/29
f 414/17/29 424/19/29 421/19/29
f 421/19/29 424/19/29 420/18/29
f 421/19/29 420/18/29 418/18/29
f 418/18/29 420/18/29 412/16/29
f 418/18/29 412/16/29 411/16/29
f 416/17/30 414/17/30 424/19/30
f 421/19/30 424/19/30 414/17/30
f 420/18/30 424/19/30 421/19/30
f 418/18/30 420/18/30 421/19/30
f 412/16/30 420/18/30 418/18/30
f 411/16/30 412/16/30 418/18/30
f 423/19/46 416/17/43 415/17/43
f 416/17/43 423/19/46 424/19/46
f 415/17/41 416/17/41 423/19/45
f 424/19/45 423/19/45 416/17/41
f 423/19/46 420/18/47 424/19/46
f 420/18/47 423/19/46 419/18/47
f 424/19/45 420/18/48 423/19/45
f 419/18/48 423/19/45 420/18/48
f 427/20/33 426/20/34 425/20/33
f 426/20/34 427/20/33 428/20/34
f 425/20/35 426/20/36 427/20/35
f 428/20/36 427/20/35 426/20/36
f 431/21/35 430/21/36 429/21/36
f 430/21/36 431/21/35 432/21/35
f 429/21/34 430/21/34 431/21/33
f 432/21/33 431/21/33 430/21/34
f 429/21/36 434/22/37 433/22/37
f 434/22/37 429/21/36 430/21/36
f 433/22/39 434/22/39 429/21/34
f 430/21/34 429/21/34 434/22/39
f 436/23/38 425/20/33 435/23/38
f 425/20/33 436/23/38 427/20/33
f 435/23/40 425/20/35 436/23/40
f 427/20/35 436/23/40 425/20/35
f 439/23/39 438/22/40 437/23/39
f 438/22/40 439/23/39 440/22/40
f 437/23/37 438/22/38 439/23/37
f 440/22/38 439/23/37 438/22/38
f 434/22/37 435/23/38 433/22/37
f 435/23/38 434/22/37 436/23/38
f 433/22/39 435/23/40 434/22/39
f 436/23/40 434/22/39 435/23/40
f 437/23/31 425/20/31 426/20/31
f 425/20/31 437/23/31 435/23/31
f 435/23/31 437/23/31 438/22/31
f 435/23/31 438/22/31 433/22/31
f 433/22/31 438/22/31 431/21/31
f 433/22/31 431/21/31 429/21/31
f 426/20/32 425/20/32 437/23/32
f 435/23/32 437/23/32 425/20/32
f 438/22/32 437/23/32 435/23/32
f 433/22/32 438/22/32 435/23/32
f 431/21/32 438/22/32 433/22/32
f 429/21/32 431/21/32 433/22/32
f 428/20/34 437/23/39 426/20/34
f 437/23/39 428/20/34 439/23/39
f 426/20/36 437/23/37 428/20/36
f 439/23/37 428/20/36 437/23/37
f 436/23/32 428/20/32 427/20/32
f 428/20/32 436/23/32 439/23/32
f 439/23/32 436/23/32 434/22/32
f 439/23/32 434/22/32 440/22/32
f 440/22/32 434/22/32 430/21/32
f 440/22/32 430/21/32 432/21/32
f 427/20/31 428/20/31 436/23/31
f 439/23/31 436/23/31 428/20/31
f 434/22/31 436/23/31 439/23/31
f 440/22/31 434/22/31 439/23/31
f 430/21/31 434/22/31 440/22/31
f 432/21/31 430/21/31 440/22/31
f 438/22/40 432/21/35 431/21/35
f 432/21/35 438/22/40 440/22/40
f 431/21/33 432/21/33 438/22/38
f 440/22/38 438/22/38 432/21/33
f 464/33/31 463/30/31 446/24/31
f 464/33/31 446/24/31 462/33/31
f 461/31/31 446/24/31 463/30/31
f 446/24/31 448/24/24 462/33/31
f 444/25/107 446/24/31 461/31/31
f 462/33/31 448/24/24 457/30/31
f 444/25/107 457/30/31 448/24/24
f 460/32/31 444/25/107 461/31/31
f 459/32/31 444/25/107 460/32/31
f 459/32/31 458/31/31 444/25/107
f 458/31/31 457/30/31 444/25/107
f 446/24/32 463/30/32 464/33/32
f 462/33/32 446/24/32 464/33/32
f 463/30/32 446/24/32 461/31/32
f 462/33/32 448/24/26 446/24/32
f 461/31/32 446/24/32 444/25/108
f 457/30/32 448/24/26 462/33/32
f 448/24/26 457/30/32 444/25/108
f 461/31/32 444/25/108 460/32/32
f 460/32/32 444/25/108 459/32/32
f 444/25/108 458/31/32 459/32/32
f 444/25/108 457/30/32 458/31/32
f 455/28/30 444/25/108 456/29/30
f 456/29/30 444/25/108 454/29/30
f 452/27/30 444/25/108 455/28/30
f 445/11/30 454/29/30 444/25/108
f 445/11/30 453/28/30 454/29/30
f 445/11/30 451/27/30 453/28/30
f 447/24/30 451/27/30 445/11/30
f 449/26/30 444/25/108 452/27/30
f 451/27/30 447/24/30 450/26/30
f 450/26/30 447/24/30 449/26/30
f 447/24/30 444/25/108 449/26/30
f 444/25/108 447/24/30 448/24/26
f 456/29/29 444/25/107 455/28/29
f 454/29/29 444/25/107 456/29/29
f 455/28/29 444/25/107 452/27/29
f 444/25/107 454/29/29 445/11/29
f 454/29/29 453/28/29 445/11/29
f 453/28/29 451/27/29 445/11/29
f 445/11/29 451/27/29 447/24/29
f 452/27/29 444/25/107 449/26/29
f 450/26/29 447/24/29 451/27/29
f 449/26/29 447/24/29 450/26/29
f 449/26/29 444/25/107 447/24/29
f 448/24/24 447/24/29 444/25/107
f 447/24/21 443/11/21 441/24/21
f 443/11/21 447/24/21 445/11/21
f 441/24/22 443/11/22 447/24/22
f 445/11/22 447/24/22 443/11/22
f 445/11/106 442/24/106 443/11/106
f 445/11/106 446/24/106 442/24/106
f 446/24/106 445/11/106 444/25/106
f 443/11/105 442/24/105 445/11/105
f 442/24/105 446/24/105 445/11/105
f 444/25/105 445/11/105 446/24/105
f 443/11/24 442/24/24 441/24/24
f 441/24/26 442/24/26 443/11/26
f 473/34/110 476/35/109 474/35/109
f 476/35/109 473/34/110 480/34/110
f 474/35/112 476/35/112 473/34/111
f 480/34/111 473/34/111 476/35/112
f 475/36/114 480/34/114 476/35/114
f 475/36/114 479/38/114 480/34/114
f 477/36/114 479/38/114 475/36/114
f 477/36/114 478/38/114 479/38/114
f 468/35/114 478/38/114 477/36/114
f 478/38/114 468/35/114 466/34/114
f 476/35/113 480/34/113 475/36/113
f 480/34/113 479/38/113 475/36/113
f 475/36/113 479/38/113 477/36/113
f 479/38/113 478/38/113 477/36/113
f 477/36/113 478/38/113 468/35/113
f 466/34/113 468/35/113 478/38/113
f 472/37/117 480/34/110 473/34/110
f 480/34/110 472/37/117 479/38/117
f 473/34/111 480/34/111 472/37/118
f 479/38/118 472/37/118 480/34/111
f 478/38/115 472/37/117 470/37/115
f 472/37/117 478/38/115 479/38/117
f 470/37/116 472/37/118 478/38/116
f 479/38/118 478/38/116 472/37/118
f 471/36/116 477/36/118 469/36/118
f 477/36/118 471/36/116 475/36/116
f 469/36/117 477/36/117 471/36/115
f 475/36/115 471/36/115 477/36/117
f 466/34/112 470/37/115 465/34/112
f 470/37/115 466/34/112 478/38/115
f 465/34/109 470/37/116 466/34/109
f 478/38/116 466/34/109 470/37/116
f 477/36/118 467/35/111 469/36/118
f 467/35/111 477/36/118 468/35/111
f 469/36/117 467/35/110 477/36/117
f 468/35/110 477/36/117 467/35/110
f 476/35/109 471/36/116 474/35/109
f 471/36/116 476/35/109 475/36/116
f 474/35/112 471/36/115 476/35/112
f 475/36/115 476/35/112 471/36/115
f 471/36/114 473/34/114 474/35/114
f 471/36/114 472/37/114 473/34/114
f 471/36/114 470/37/114 472/37/114
f 469/36/114 470/37/114 471/36/114
f 469/36/114 465/34/114 470/37/114
f 465/34/114 469/36/114 467/35/114
f 474/35/113 473/34/113 471/36/113
f 473/34/113 472/37/113 471/36/113
f 472/37/113 470/37/113 471/36/113
f 471/36/113 470/37/113 469/36/113
f 470/37/113 465/34/113 469/36/113
f 467/35/113 469/36/113 465/34/113
f 466/34/112 467/35/111 468/35/111
f 467/35/111 466/34/112 465/34/112
f 468/35/110 467/35/110 466/34/109
f 465/34/109 466/34/109 467/35/110
f 491/41/119 461/39/126 485/39/126
f 461/39/126 491/41/119 463/41/119
f 485/39/123 461/39/123 491/41/121
f 463/41/121 491/41/121 461/39/123
f 486/40/128 463/41/128 461/39/128
f 486/40/128 494/42/128 463/41/128
f 482/40/128 494/42/128 486/40/128
f 482/40/128 492/42/128 494/42/128
f 481/39/128 492/42/128 482/40/128
f 492/42/128 481/39/128 493/41/128
f 461/39/127 463/41/127 486/40/127
f 463/41/127 494/42/127 486/40/127
f 486/40/127 494/42/127 482/40/127
f 494/42/127 492/42/127 482/40/127
f 482/40/127 492/42/127 481/39/127
f 493/41/127 481/39/127 492/42/127
f 489/42/124 494/42/120 490/42/120
f 494/42/120 489/42/124 492/42/124
f 490/42/122 494/42/122 489/42/125
f 492/42/125 489/42/125 494/42/122
f 493/41/123 483/39/121 481/39/121
f 483/39/121 493/41/123 488/41/123
f 481/39/119 483/39/119 493/41/126
f 488/41/126 493/41/126 483/39/119
f 490/42/120 463/41/119 491/41/119
f 463/41/119 490/42/120 494/42/120
f 491/41/121 463/41/121 490/42/122
f 494/42/122 490/42/122 463/41/121
f 486/40/125 484/40/122 487/40/125
f 484/40/122 486/40/125 482/40/122
f 487/40/124 484/40/120 486/40/124
f 482/40/120 486/40/124 484/40/120
f 493/41/123 489/42/124 488/41/123
f 489/42/124 493/41/123 492/42/124
f 488/41/126 489/42/125 493/41/126
f 492/42/125 493/41/126 489/42/125
f 487/40/128 491/41/128 485/39/128
f 487/40/128 490/42/128 491/41/128
f 484/40/128 490/42/128 487/40/128
f 484/40/128 489/42/128 490/42/128
f 483/39/128 489/42/128 484/40/128
f 489/42/128 483/39/128 488/41/128
f 485/39/127 491/41/127 487/40/127
f 491/41/127 490/42/127 487/40/127
f 487/40/127 490/42/127 484/40/127
f 490/42/127 489/42/127 484/40/127
f 484/40/127 489/42/127 483/39/127
f 488/41/127 483/39/127 489/42/127
f 485/39/126 486/40/125 487/40/125
f 486/40/125 485/39/126 461/39/126
f 487/40/124 486/40/124 485/39/123
f 461/39/123 485/39/123 486/40/124
f 482/40/122 483/39/121 484/40/122
f 483/39/121 482/40/122 481/39/121
f 484/40/120 483/39/119 482/40/120
f 481/39/119 482/40/120 483/39/119
f 497/24/22 496/11/22 495/24/22
f 496/11/22 497/24/22 498/11/22
f 495/24/21 496/11/21 497/24/21
f 498/11/21 497/24/21 496/11/21
f 501/11/21 500/24/21 499/11/21
f 500/24/21 501/11/21 502/24/21
f 499/11/22 500/24/22 501/11/22
f 502/24/22 501/11/22 500/24/22
f 501/11/26 497/24/26 502/24/26
f 497/24/26 501/11/26 498/11/26
f 502/24/24 497/24/24 501/11/24
f 498/11/24 501/11/24 497/24/24
f 499/11/1 498/11/1 501/11/1
f 498/11/1 499/11/1 503/11/1
f 498/11/1 503/11/1 496/11/1
f 501/11/2 498/11/2 499/11/2
f 503/11/2 499/11/2 498/11/2
f 496/11/2 503/11/2 498/11/2
f 505/44/28 504/43/28 499/11/28
f 506/45/28 505/44/28 499/11/28
f 499/11/28 504/43/28 500/24/28
f 503/11/26 506/45/28 499/11/28
f 507/46/28 500/24/28 504/43/28
f 508/46/28 500/24/28 507/46/28
f 506/45/28 503/11/26 509/45/28
f 509/45/28 503/11/26 510/44/28
f 508/46/28 511/43/28 500/24/28
f 510/44/28 503/11/26 511/43/28
f 500/24/28 511/43/28 512/24/26
f 503/11/26 512/24/26 511/43/28
f 512/24/24 511/43/27 500/24/27
f 511/43/27 512/24/24 503/11/24
f 500/24/27 511/43/27 508/46/27
f 507/46/27 500/24/27 508/46/27
f 504/43/27 500/24/27 507/46/27
f 511/43/27 503/11/24 510/44/27
f 510/44/27 503/11/24 509/45/27
f 509/45/27 503/11/24 506/45/27
f 500/24/27 504/43/27 499/11/27
f 499/11/27 506/45/27 503/11/24
f 499/11/27 504/43/27 505/44/27
f 499/11/27 505/44/27 506/45/27
f 514/48/25 513/47/25 503/11/26
f 515/49/25 514/48/25 503/11/26
f 496/11/25 515/49/25 503/11/26
f 515/49/25 496/11/25 516/49/25
f 516/49/25 496/11/25 517/48/25
f 517/48/25 496/11/25 518/47/25
f 513/47/25 519/50/25 503/11/26
f 520/51/25 519/50/25 513/47/25
f 521/51/25 519/50/25 520/51/25
f 519/50/25 522/52/25 503/11/26
f 519/50/25 521/51/25 523/50/25
f 523/50/25 521/51/25 524/52/25
f 524/52/25 521/51/25 525/53/25
f 525/53/25 521/51/25 526/54/25
f 522/52/25 527/53/25 503/11/26
f 521/51/25 518/47/25 528/55/25
f 526/54/25 521/51/25 528/55/25
f 518/47/25 496/11/25 528/55/25
f 526/54/25 528/55/25 529/54/25
f 529/54/25 528/55/25 527/53/25
f 528/55/25 530/56/25 527/53/25
f 528/55/25 496/11/25 531/55/25
f 531/55/25 496/11/25 532/56/25
f 532/56/25 496/11/25 533/57/25
f 496/11/25 495/24/25 533/57/25
f 533/57/25 495/24/25 534/58/25
f 530/56/25 535/57/25 527/53/25
f 527/53/25 535/57/25 503/11/26
f 512/24/26 534/58/25 495/24/25
f 503/11/26 535/57/25 512/24/26
f 534/58/25 512/24/26 536/58/25
f 536/58/25 512/24/26 535/57/25
f 503/11/24 513/47/23 514/48/23
f 503/11/24 514/48/23 515/49/23
f 503/11/24 515/49/23 496/11/23
f 516/49/23 496/11/23 515/49/23
f 517/48/23 496/11/23 516/49/23
f 518/47/23 496/11/23 517/48/23
f 503/11/24 519/50/23 513/47/23
f 513/47/23 519/50/23 520/51/23
f 520/51/23 519/50/23 521/51/23
f 503/11/24 522/52/23 519/50/23
f 523/50/23 521/51/23 519/50/23
f 524/52/23 521/51/23 523/50/23
f 525/53/23 521/51/23 524/52/23
f 526/54/23 521/51/23 525/53/23
f 503/11/24 527/53/23 522/52/23
f 528/55/23 518/47/23 521/51/23
f 528/55/23 521/51/23 526/54/23
f 528/55/23 496/11/23 518/47/23
f 529/54/23 528/55/23 526/54/23
f 527/53/23 528/55/23 529/54/23
f 527/53/23 530/56/23 528/55/23
f 531/55/23 496/11/23 528/55/23
f 532/56/23 496/11/23 531/55/23
f 533/57/23 496/11/23 532/56/23
f 533/57/23 495/24/23 496/11/23
f 534/58/23 495/24/23 533/57/23
f 527/53/23 535/57/23 530/56/23
f 503/11/24 535/57/23 527/53/23
f 495/24/23 534/58/23 512/24/24
f 512/24/24 535/57/23 503/11/24
f 536/58/23 512/24/24 534/58/23
f 535/57/23 512/24/24 536/58/23
f 539/60/130 538/59/129 537/59/129
f 538/59/129 539/60/130 540/60/130
f 537/59/132 538/59/132 539/60/131
f 540/60/131 539/60/131 538/59/132
f 543/61/133 542/60/132 541/60/132
f 542/60/132 543/61/133 544/61/133
f 541/60/129 542/60/129 543/61/134
f 544/61/134 543/61/134 542/60/129
f 545/62/135 539/60/135 537/59/135
f 539/60/135 545/62/135 546/61/135
f 546/61/135 545/62/135 547/62/135
f 546/61/135 547/62/135 544/61/135
f 544/61/135 547/62/135 548/59/135
f 544/61/135 548/59/135 542/60/135
f 537/59/136 539/60/136 545/62/136
f 546/61/136 545/62/136 539/60/136
f 547/62/136 545/62/136 546/61/136
f 544/61/136 547/62/136 546/61/136
f 548/59/136 547/62/136 544/61/136
f 542/60/136 548/59/136 544/61/136
f 549/61/137 544/61/133 543/61/133
f 544/61/133 549/61/137 546/61/137
f 543/61/134 544/61/134 549/61/138
f 546/61/138 549/61/138 544/61/134
f 539/60/130 549/61/137 540/60/130
f 549/61/137 539/60/130 546/61/137
f 540/60/131 549/61/138 539/60/131
f 546/61/138 539/60/131 549/61/138
f 550/62/135 540/60/135 538/59/135
f 540/60/135 550/62/135 549/61/135
f 549/61/135 550/62/135 551/62/135
f 549/61/135 551/62/135 543/61/135
f 543/61/135 551/62/135 552/59/135
f 543/61/135 552/59/135 541/60/135
f 538/59/136 540/60/136 550/62/136
f 549/61/136 550/62/136 540/60/136
f 551/62/136 550/62/136 549/61/136
f 543/61/136 551/62/136 549/61/136
f 552/59/136 551/62/136 543/61/136
f 541/60/136 552/59/136 543/61/136
f 547/62/138 550/62/134 551/62/138
f 550/62/134 547/62/138 545/62/134
f 551/62/137 550/62/133 547/62/137
f 545/62/133 547/62/137 550/62/133
f 541/60/132 548/59/131 552/59/131
f 548/59/131 541/60/132 542/60/132
f 552/59/130 548/59/130 541/60/129
f 542/60/129 541/60/129 548/59/130
f 548/59/131 551/62/138 552/59/131
f 551/62/138 548/59/131 547/62/138
f 552/59/130 551/62/137 548/59/130
f 547/62/137 548/59/130 551/62/137
f 550/62/134 537/59/129 538/59/129
f 537/59/129 550/62/134 545/62/134
f 538/59/132 537/59/132 550/62/133
f 545/62/133 550/62/133 537/59/132
f 555/64/140 554/63/139 553/63/139
f 554/63/139 555/64/140 556/64/140
f 553/63/142 554/63/142 555/64/141
f 556/64/141 555/64/141 554/63/142
f 558/65/143 555/64/140 557/65/143
f 555/64/140 558/65/143 556/64/140
f 557/65/144 555/64/141 558/65/144
f 556/64/141 558/65/144 555/64/141
f 561/66/145 560/64/145 559/63/145
f 560/64/145 561/66/145 562/65/145
f 562/65/145 561/66/145 563/66/145
f 562/65/145 563/66/145 558/65/145
f 558/65/145 563/66/145 554/63/145
f 558/65/145 554/63/145 556/64/145
f 559/63/146 560/64/146 561/66/146
f 562/65/146 561/66/146 560/64/146
f 563/66/146 561/66/146 562/65/146
f 558/65/146 563/66/146 562/65/146
f 554/63/146 563/66/146 558/65/146
f 556/64/146 554/63/146 558/65/146
f 565/66/144 559/63/141 564/63/141
f 559/63/141 565/66/144 561/66/144
f 564/63/140 559/63/140 565/66/143
f 561/66/143 565/66/143 559/63/140
f 566/65/147 558/65/143 557/65/143
f 558/65/143 566/65/147 562/65/147
f 557/65/144 558/65/144 566/65/148
f 562/65/148 566/65/148 558/65/144
f 560/64/142 564/63/141 559/63/141
f 564/63/141 560/64/142 567/64/142
f 559/63/140 564/63/140 560/64/139
f 567/64/139 560/64/139 564/63/140
f 560/64/142 566/65/147 567/64/142
f 566/65/147 560/64/142 562/65/147
f 567/64/139 566/65/148 560/64/139
f 562/65/148 560/64/139 566/65/148
f 565/66/145 567/64/145 564/63/145
f 567/64/145 565/66/145 566/65/145
f 566/65/145 565/66/145 568/66/145
f 566/65/145 568/66/145 557/65/145
f 557/65/145 568/66/145 553/63/145
f 557/65/145 553/63/145 555/64/145
f 564/63/146 567/64/146 565/66/146
f 566/65/146 565/66/146 567/64/146
f 568/66/146 565/66/146 566/65/146
f 557/65/146 568/66/146 566/65/146
f 553/63/146 568/66/146 557/65/146
f 555/64/146 553/63/146 557/65/146
f 563/66/148 565/66/144 568/66/148
f 565/66/144 563/66/148 561/66/144
f 568/66/147 565/66/143 563/66/147
f 561/66/143 563/66/147 565/66/143
f 553/63/139 563/66/148 568/66/148
f 563/66/148 553/63/139 554/63/139
f 568/66/147 563/66/147 553/63/142
f 554/63/142 553/63/142 563/66/147
f 571/68/140 570/67/139 569/67/139
f 570/67/139 571/68/140 572/68/140
f 569/67/142 570/67/142 571/68/141
f 572/68/141 571/68/141 570/67/142
f 575/69/147 574/69/143 573/69/147
f 574/69/143 575/69/147 576/69/143
f 573/69/148 574/69/144 575/69/148
f 576/69/144 575/69/148 574/69/144
f 569/67/139 578/70/148 577/70/148
f 578/70/148 569/67/139 570/67/139
f 577/70/147 578/70/147 569/67/142
f 570/67/142 569/67/142 578/70/147
f 576/69/143 571/68/140 574/69/143
f 571/68/140 576/69/143 572/68/140
f 574/69/144 571/68/141 576/69/144
f 572/68/141 576/69/144 571/68/141
f 581/68/142 580/67/141 579/67/141
f 580/67/141 581/68/142 582/68/142
f 579/67/140 580/67/140 581/68/139
f 582/68/139 581/68/139 580/67/140
f 583/70/145 581/68/145 579/67/145
f 581/68/145 583/70/145 575/69/145
f 575/69/145 583/70/145 578/70/145
f 575/69/145 578/70/145 576/69/145
f 576/69/145 578/70/145 570/67/145
f 576/69/145 570/67/145 572/68/145
f 579/67/146 581/68/146 583/70/146
f 575/69/146 583/70/146 581/68/146
f 578/70/146 583/70/146 575/69/146
f 576/69/146 578/70/146 575/69/146
f 570/67/146 578/70/146 576/69/146
f 572/68/146 570/67/146 576/69/146
f 584/70/145 582/68/145 580/67/145
f 582/68/145 584/70/145 573/69/145
f 573/69/145 584/70/145 577/70/145
f 573/69/145 577/70/145 574/69/145
f 574/69/145 577/70/145 569/67/145
f 574/69/145 569/67/145 571/68/145
f 580/67/146 582/68/146 584/70/146
f 573/69/146 584/70/146 582/68/146
f 577/70/146 584/70/146 573/69/146
f 574/69/146 577/70/146 573/69/146
f 569/67/146 577/70/146 574/69/146
f 571/68/146 569/67/146 574/69/146
f 583/70/144 580/67/141 584/70/144
f 580/67/141 583/70/144 579/67/141
f 584/70/143 580/67/140 583/70/143
f 579/67/140 583/70/143 580/67/140
f 578/70/148 584/70/144 577/70/148
f 584/70/144 578/70/148 583/70/144
f 577/70/147 584/70/143 578/70/147
f 583/70/143 578/70/147 584/70/143
f 581/68/142 573/69/147 582/68/142
f 573/69/147 581/68/142 575/69/147
f 582/68/139 573/69/148 581/68/139
f 575/69/148 581/68/139 573/69/148
f 587/73/145 586/72/145 585/71/145
f 586/72/145 587/73/145 588/74/145
f 588/74/145 587/73/145 589/73/145
f 588/74/145 589/73/145 590/74/145
f 590/74/145 589/73/145 591/71/145
f 590/74/145 591/71/145 592/72/145
f 585/71/146 586/72/146 587/73/146
f 588/74/146 587/73/146 586/72/146
f 589/73/146 587/73/146 588/74/146
f 590/74/146 589/73/146 588/74/146
f 591/71/146 589/73/146 590/74/146
f 592/72/146 591/71/146 590/74/146
f 595/73/145 594/72/145 593/71/145
f 594/72/145 595/73/145 596/74/145
f 596/74/145 595/73/145 597/73/145
f 596/74/145 597/73/145 598/74/145
f 598/74/145 597/73/145 599/71/145
f 598/74/145 599/71/145 600/72/145
f 593/71/146 594/72/146 595/73/146
f 596/74/146 595/73/146 594/72/146
f 597/73/146 595/73/146 596/74/146
f 598/74/146 597/73/146 596/74/146
f 599/71/146 597/73/146 598/74/146
f 600/72/146 599/71/146 598/74/146
f 595/73/144 585/71/141 587/73/144
f 585/71/141 595/73/144 593/71/141
f 587/73/143 585/71/140 595/73/143
f 593/71/140 595/73/143 585/71/140
f 596/74/147 590/74/143 588/74/147
f 590/74/143 596/74/147 598/74/143
f 588/74/148 590/74/144 596/74/148
f 598/74/144 596/74/148 590/74/144
f 591/71/139 597/73/148 589/73/148
f 597/73/148 591/71/139 599/71/139
f 589/73/147 597/73/147 591/71/142
f 599/71/142 591/71/142 597/73/147
f 598/74/143 592/72/140 590/74/143
f 592/72/140 598/74/143 600/72/140
f 590/74/144 592/72/141 598/74/144
f 600/72/141 598/74/144 592/72/141
f 597/73/148 587/73/144 589/73/148
f 587/73/144 597/73/148 595/73/144
f 589/73/147 587/73/143 597/73/147
f 595/73/143 597/73/147 587/73/143
f 594/72/142 585/71/141 593/71/141
f 585/71/141 594/72/142 586/72/142
f 593/71/140 585/71/140 594/72/139
f 586/72/139 594/72/139 585/71/140
f 592/72/140 599/71/139 591/71/139
f 599/71/139 592/72/140 600/72/140
f 591/71/142 599/71/142 592/72/141
f 600/72/141 592/72/141 599/71/142
f 594/72/142 588/74/147 586/72/142
f 588/74/147 594/72/142 596/74/147
f 586/72/139 588/74/148 594/72/139
f 596/74/148 594/72/139 588/74/148
f 642/58/101 618/24/50 641/57/101
f 640/58/101 618/24/50 642/58/101
f 609/11/50 641/57/101 618/24/50
f 618/24/50 640/58/101 601/24/101
f 633/53/101 641/57/101 609/11/50
f 636/56/101 641/57/101 633/53/101
f 639/57/101 601/24/101 640/58/101
f 602/11/101 601/24/101 639/57/101
f 638/56/101 602/11/101 639/57/101
f 637/55/101 602/11/101 638/56/101
f 634/55/101 602/11/101 637/55/101
f 634/55/101 636/56/101 633/53/101
f 635/54/101 634/55/101 633/53/101
f 632/54/101 634/55/101 635/54/101
f 624/47/101 602/11/101 634/55/101
f 632/54/101 627/51/101 634/55/101
f 627/51/101 624/47/101 634/55/101
f 628/52/101 633/53/101 609/11/50
f 631/53/101 627/51/101 632/54/101
f 630/52/101 627/51/101 631/53/101
f 629/50/101 627/51/101 630/52/101
f 625/50/101 627/51/101 629/50/101
f 625/50/101 628/52/101 609/11/50
f 627/51/101 625/50/101 626/51/101
f 626/51/101 625/50/101 619/47/101
f 619/47/101 625/50/101 609/11/50
f 623/48/101 602/11/101 624/47/101
f 622/49/101 602/11/101 623/48/101
f 621/49/101 602/11/101 622/49/101
f 602/11/101 621/49/101 609/11/50
f 621/49/101 620/48/101 609/11/50
f 620/48/101 619/47/101 609/11/50
f 641/57/102 618/24/49 642/58/102
f 642/58/102 618/24/49 640/58/102
f 618/24/49 641/57/102 609/11/49
f 601/24/102 640/58/102 618/24/49
f 609/11/49 641/57/102 633/53/102
f 633/53/102 641/57/102 636/56/102
f 640/58/102 601/24/102 639/57/102
f 639/57/102 601/24/102 602/11/102
f 639/57/102 602/11/102 638/56/102
f 638/56/102 602/11/102 637/55/102
f 637/55/102 602/11/102 634/55/102
f 633/53/102 636/56/102 634/55/102
f 633/53/102 634/55/102 635/54/102
f 635/54/102 634/55/102 632/54/102
f 634/55/102 602/11/102 624/47/102
f 634/55/102 627/51/102 632/54/102
f 634/55/102 624/47/102 627/51/102
f 609/11/49 633/53/102 628/52/102
f 632/54/102 627/51/102 631/53/102
f 631/53/102 627/51/102 630/52/102
f 630/52/102 627/51/102 629/50/102
f 629/50/102 627/51/102 625/50/102
f 609/11/49 628/52/102 625/50/102
f 626/51/102 625/50/102 627/51/102
f 619/47/102 625/50/102 626/51/102
f 609/11/49 625/50/102 619/47/102
f 624/47/102 602/11/102 623/48/102
f 623/48/102 602/11/102 622/49/102
f 622/49/102 602/11/102 621/49/102
f 609/11/49 621/49/102 602/11/102
f 609/11/49 620/48/102 621/49/102
f 609/11/49 619/47/102 620/48/102
f 612/45/103 611/44/103 605/11/103
f 611/44/103 610/43/103 605/11/103
f 609/11/50 612/45/103 605/11/103
f 605/11/103 610/43/103 606/24/103
f 612/45/103 609/11/50 615/45/103
f 615/45/103 609/11/50 616/44/103
f 616/44/103 609/11/50 617/43/103
f 613/46/103 606/24/103 610/43/103
f 614/46/103 606/24/103 613/46/103
f 614/46/103 617/43/103 606/24/103
f 609/11/50 618/24/50 617/43/103
f 606/24/103 617/43/103 618/24/50
f 617/43/104 618/24/49 609/11/49
f 618/24/49 617/43/104 606/24/104
f 617/43/104 609/11/49 616/44/104
f 606/24/104 617/43/104 614/46/104
f 616/44/104 609/11/49 615/45/104
f 615/45/104 609/11/49 612/45/104
f 613/46/104 606/24/104 614/46/104
f 610/43/104 606/24/104 613/46/104
f 605/11/104 612/45/104 609/11/49
f 606/24/104 610/43/104 605/11/104
f 605/11/104 611/44/104 612/45/104
f 605/11/104 610/43/104 611/44/104
f 604/11/2 609/11/2 602/11/2
f 604/11/2 605/11/2 609/11/2
f 605/11/2 604/11/2 607/11/2
f 602/11/1 609/11/1 604/11/1
f 609/11/1 605/11/1 604/11/1
f 607/11/1 604/11/1 605/11/1
f 603/24/50 607/11/50 604/11/50
f 607/11/50 603/24/50 608/24/50
f 604/11/49 607/11/49 603/24/49
f 608/24/49 603/24/49 607/11/49
f 606/24/53 607/11/53 608/24/53
f 607/11/53 606/24/53 605/11/53
f 608/24/54 607/11/54 606/24/54
f 605/11/54 606/24/54 607/11/54
f 602/11/54 603/24/54 604/11/54
f 603/24/54 602/11/54 601/24/54
f 604/11/53 603/24/53 602/11/53
f 601/24/53 602/11/53 603/24/53
f 643/59/152 656/62/153 651/62/153
f 656/62/153 643/59/152 644/59/152
f 651/62/154 656/62/154 643/59/149
f 644/59/149 643/59/149 656/62/154
f 657/62/157 654/59/150 653/62/157
f 654/59/150 657/62/157 658/59/150
f 653/62/158 654/59/151 657/62/158
f 658/59/151 657/62/158 654/59/151
f 654/59/150 647/60/149 648/60/149
f 647/60/149 654/59/150 658/59/150
f 648/60/152 647/60/152 654/59/151
f 658/59/151 654/59/151 647/60/152
f 656/62/153 653/62/157 651/62/153
f 653/62/157 656/62/153 657/62/157
f 651/62/154 653/62/158 656/62/154
f 657/62/158 656/62/154 653/62/158
f 649/61/156 658/59/156 647/60/156
f 649/61/156 657/62/156 658/59/156
f 655/61/156 657/62/156 649/61/156
f 655/61/156 656/62/156 657/62/156
f 646/60/156 656/62/156 655/61/156
f 656/62/156 646/60/156 644/59/156
f 647/60/155 658/59/155 649/61/155
f 658/59/155 657/62/155 649/61/155
f 649/61/155 657/62/155 655/61/155
f 657/62/155 656/62/155 655/61/155
f 655/61/155 656/62/155 646/60/155
f 644/59/155 646/60/155 656/62/155
f 655/61/158 645/60/151 652/61/158
f 645/60/151 655/61/158 646/60/151
f 652/61/157 645/60/150 655/61/157
f 646/60/150 655/61/157 645/60/150
f 650/61/154 655/61/158 652/61/158
f 655/61/158 650/61/154 649/61/154
f 652/61/157 655/61/157 650/61/153
f 649/61/153 650/61/153 655/61/157
f 650/61/156 654/59/156 648/60/156
f 650/61/156 653/62/156 654/59/156
f 652/61/156 653/62/156 650/61/156
f 652/61/156 651/62/156 653/62/156
f 645/60/156 651/62/156 652/61/156
f 651/62/156 645/60/156 643/59/156
f 648/60/155 654/59/155 650/61/155
f 654/59/155 653/62/155 650/61/155
f 650/61/155 653/62/155 652/61/155
f 653/62/155 651/62/155 652/61/155
f 652/61/155 651/62/155 645/60/155
f 643/59/155 645/60/155 651/62/155
f 648/60/149 649/61/154 650/61/154
f 649/61/154 648/60/149 647/60/149
f 650/61/153 649/61/153 648/60/152
f 647/60/152 648/60/152 649/61/153
f 644/59/152 645/60/151 646/60/151
f 645/60/151 644/59/152 643/59/152
f 646/60/150 645/60/150 644/59/149
f 643/59/149 644/59/149 645/60/150
f 669/66/167 659/63/162 660/63/162
f 659/63/162 669/66/167 674/66/167
f 660/63/159 659/63/159 669/66/168
f 674/66/168 669/66/168 659/63/159
f 671/66/163 669/66/167 667/66/163
f 669/66/167 671/66/163 674/66/167
f 667/66/164 669/66/168 671/66/164
f 674/66/168 671/66/164 669/66/168
f 663/65/166 659/63/166 661/64/166
f 663/65/166 674/66/166 659/63/166
f 672/65/166 674/66/166 663/65/166
f 672/65/166 671/66/166 674/66/166
f 673/64/166 671/66/166 672/65/166
f 671/66/166 673/64/166 670/63/166
f 661/64/165 659/63/165 663/65/165
f 659/63/165 674/66/165 663/65/165
f 663/65/165 674/66/165 672/65/165
f 674/66/165 671/66/165 672/65/165
f 672/65/165 671/66/165 673/64/165
f 670/63/165 673/64/165 671/66/165
f 672/65/168 666/64/159 668/65/168
f 666/64/159 672/65/168 673/64/159
f 668/65/167 666/64/162 672/65/167
f 673/64/162 672/65/167 666/64/162
f 670/63/160 666/64/159 673/64/159
f 666/64/159 670/63/160 665/63/160
f 673/64/162 666/64/162 670/63/161
f 665/63/161 670/63/161 666/64/162
f 664/65/164 672/65/168 668/65/168
f 672/65/168 664/65/164 663/65/164
f 668/65/167 672/65/167 664/65/163
f 663/65/163 664/65/163 672/65/167
f 665/63/160 671/66/163 667/66/163
f 671/66/163 665/63/160 670/63/160
f 667/66/164 671/66/164 665/63/161
f 670/63/161 665/63/161 671/66/164
f 664/65/166 660/63/166 662/64/166
f 664/65/166 669/66/166 660/63/166
f 668/65/166 669/66/166 664/65/166
f 668/65/166 667/66/166 669/66/166
f 666/64/166 667/66/166 668/65/166
f 667/66/166 666/64/166 665/63/166
f 662/64/165 660/63/165 664/65/165
f 660/63/165 669/66/165 664/65/165
f 664/65/165 669/66/165 668/65/165
f 669/66/165 667/66/165 668/65/165
f 668/65/165 667/66/165 666/64/165
f 665/63/165 666/64/165 667/66/165
f 661/64/161 664/65/164 662/64/161
f 664/65/164 661/64/161 663/65/164
f 662/64/160 664/65/163 661/64/160
f 663/65/163 661/64/160 664/65/163
f 660/63/162 661/64/161 662/64/161
f 661/64/161 660/63/162 659/63/162
f 662/64/160 661/64/160 660/63/159
f 659/63/159 660/63/159 661/64/160
f 679/69/168 687/68/159 681/69/168
f 687/68/159 679/69/168 688/68/159
f 681/69/167 687/68/162 679/69/167
f 688/68/162 679/69/167 687/68/162
f 690/70/163 684/70/167 689/70/163
f 684/70/167 690/70/163 683/70/167
f 689/70/164 684/70/168 690/70/164
f 683/70/168 690/70/164 684/70/168
f 686/67/160 689/70/163 685/67/160
f 689/70/163 686/67/160 690/70/163
f 685/67/161 689/70/164 686/67/161
f 690/70/164 686/67/161 689/70/164
f 680/69/166 675/67/166 677/68/166
f 680/69/166 683/70/166 675/67/166
f 679/69/166 683/70/166 680/69/166
f 679/69/166 690/70/166 683/70/166
f 688/68/166 690/70/166 679/69/166
f 690/70/166 688/68/166 686/67/166
f 677/68/165 675/67/165 680/69/165
f 675/67/165 683/70/165 680/69/165
f 680/69/165 683/70/165 679/69/165
f 683/70/165 690/70/165 679/69/165
f 679/69/165 690/70/165 688/68/165
f 686/67/165 688/68/165 690/70/165
f 682/69/166 676/67/166 678/68/166
f 682/69/166 684/70/166 676/67/166
f 681/69/166 684/70/166 682/69/166
f 681/69/166 689/70/166 684/70/166
f 687/68/166 689/70/166 681/69/166
f 689/70/166 687/68/166 685/67/166
f 678/68/165 676/67/165 682/69/165
f 676/67/165 684/70/165 682/69/165
f 682/69/165 684/70/165 681/69/165
f 684/70/165 689/70/165 681/69/165
f 681/69/165 689/70/165 687/68/165
f 685/67/165 687/68/165 689/70/165
f 686/67/160 687/68/159 688/68/159
f 687/68/159 686/67/160 685/67/160
f 688/68/162 687/68/162 686/67/161
f 685/67/161 686/67/161 687/68/162
f 677/68/161 682/69/164 678/68/161
f 682/69/164 677/68/161 680/69/164
f 678/68/160 682/69/163 677/68/160
f 680/69/163 677/68/160 682/69/163
f 684/70/167 675/67/162 676/67/162
f 675/67/162 684/70/167 683/70/167
f 676/67/159 675/67/159 684/70/168
f 683/70/168 684/70/168 675/67/159
f 680/69/164 681/69/168 682/69/164
f 681/69/168 680/69/164 679/69/168
f 682/69/163 681/69/167 680/69/163
f 679/69/167 680/69/163 681/69/167
f 676/67/162 677/68/161 678/68/161
f 677/68/161 676/67/162 675/67/162
f 678/68/160 677/68/160 676/67/159
f 675/67/159 676/67/159 677/68/160
f 694/74/168 700/72/159 702/74/168
f 700/72/159 694/74/168 692/72/159
f 702/74/167 700/72/162 694/74/167
f 692/72/162 694/74/167 700/72/162
f 705/71/162 698/72/161 706/72/161
f 698/72/161 705/71/162 697/71/162
f 706/72/160 698/72/160 705/71/159
f 697/71/159 705/71/159 698/72/160
f 691/71/160 700/72/159 692/72/159
f 700/72/159 691/71/160 699/71/160
f 692/72/162 700/72/162 691/71/161
f 699/71/161 691/71/161 700/72/162
f 693/73/163 703/73/167 701/73/163
f 703/73/167 693/73/163 695/73/167
f 701/73/164 703/73/168 693/73/164
f 695/73/168 693/73/164 703/73/168
f 698/72/161 704/74/164 706/72/161
f 704/74/164 698/72/161 696/74/164
f 706/72/160 704/74/163 698/72/160
f 696/74/163 698/72/160 704/74/163
f 703/73/167 697/71/162 705/71/162
f 697/71/162 703/73/167 695/73/167
f 705/71/159 697/71/159 703/73/168
f 695/73/168 703/73/168 697/71/159
f 696/74/164 702/74/168 704/74/164
f 702/74/168 696/74/164 694/74/168
f 704/74/163 702/74/167 696/74/163
f 694/74/167 696/74/163 702/74/167
f 691/71/160 701/73/163 699/71/160
f 701/73/163 691/71/160 693/73/163
f 699/71/161 701/73/164 691/71/161
f 693/73/164 691/71/161 701/73/164
f 704/74/166 705/71/166 706/72/166
f 704/74/166 703/73/166 705/71/166
f 702/74/166 703/73/166 704/74/166
f 702/74/166 701/73/166 703/73/166
f 700/72/166 701/73/166 702/74/166
f 701/73/166 700/72/166 699/71/166
f 706/72/165 705/71/165 704/74/165
f 705/71/165 703/73/165 704/74/165
f 704/74/165 703/73/165 702/74/165
f 703/73/165 701/73/165 702/74/165
f 702/74/165 701/73/165 700/72/165
f 699/71/165 700/72/165 701/73/165
f 696/74/166 697/71/166 698/72/166
f 696/74/166 695/73/166 697/71/166
f 694/74/166 695/73/166 696/74/166
f 694/74/166 693/73/166 695/73/166
f 692/72/166 693/73/166 694/74/166
f 693/73/166 692/72/166 691/71/166
f 698/72/165 697/71/165 696/74/165
f 697/71/165 695/73/165 696/74/165
f 696/74/165 695/73/165 694/74/165
f 695/73/165 693/73/165 694/74/165
f 694/74/165 693/73/165 692/72/165
f 691/71/165 692/72/165 693/73/165
f 709/75/171 708/76/170 707/75/169
f 708/76/170 709/75/171 710/76/172
f 707/75/175 708/76/174 709/75/173
f 710/76/176 709/75/173 708/76/174
f 712/76/178 709/75/171 711/75/177
f 709/75/171 712/76/178 710/76/172
f 711/75/180 709/75/173 712/76/179
f 710/76/176 712/76/179 709/75/173
f 715/77/183 714/75/182 713/75/181
f 714/75/182 715/77/183 716/77/184
f 713/75/187 714/75/186 715/77/185
f 716/77/188 715/77/185 714/75/186
f 714/75/182 718/77/190 717/75/189
f 718/77/190 714/75/182 716/77/184
f 717/75/192 718/77/191 714/75/186
f 716/77/188 714/75/186 718/77/191
f 721/75/195 720/77/194 719/75/193
f 720/77/194 721/75/195 722/77/196
f 719/75/199 720/77/198 721/75/197
f 722/77/200 721/75/197 720/77/198
f 720/77/194 724/77/202 723/77/201
f 724/77/202 720/77/194 722/77/196
f 723/77/204 724/77/203 720/77/198
f 722/77/200 720/77/198 724/77/203
f 724/77/202 721/75/195 725/75/205
f 721/75/195 724/77/202 722/77/196
f 725/75/206 721/75/197 724/77/203
f 722/77/200 724/77/203 721/75/197
f 720/77/194 726/75/207 719/75/193
f 726/75/207 720/77/194 723/77/201
f 719/75/199 726/75/208 720/77/198
f 723/77/204 720/77/198 726/75/208
f 723/77/201 725/75/205 726/75/207
f 725/75/205 723/77/201 724/77/202
f 726/75/208 725/75/206 723/77/204
f 724/77/203 723/77/204 725/75/206
f 728/77/210 713/75/181 727/75/209
f 713/75/181 728/77/210 715/77/183
f 727/75/212 713/75/187 728/77/211
f 715/77/185 728/77/211 713/75/187
f 708/76/170 729/75/213 707/75/169
f 729/75/213 708/76/170 730/76/214
f 707/75/175 729/75/215 708/76/174
f 730/76/216 708/76/174 729/75/215
f 718/77/190 727/75/209 717/75/189
f 727/75/209 718/77/190 728/77/210
f 717/75/192 727/75/212 718/77/191
f 728/77/211 718/77/191 727/75/212
f 718/77/190 715/77/183 728/77/210
f 715/77/183 718/77/190 716/77/184
f 728/77/211 715/77/185 718/77/191
f 716/77/188 718/77/191 715/77/185
f 733/76/219 732/76/218 731/76/217
f 732/76/218 733/76/219 734/76/220
f 731/76/223 732/76/222 733/76/221
f 734/76/224 733/76/221 732/76/222
f 730/76/214 710/76/172 712/76/178
f 710/76/172 730/76/214 708/76/170
f 712/76/179 710/76/176 730/76/216
f 708/76/174 730/76/216 710/76/176
f 735/75/225 734/76/220 733/76/219
f 734/76/220 735/75/225 736/75/226
f 733/76/221 734/76/224 735/75/227
f 736/75/228 735/75/227 734/76/224
f 739/75/231 738/76/230 737/75/229
f 738/76/230 739/75/231 740/76/232
f 737/75/235 738/76/234 739/75/233
f 740/76/236 739/75/233 738/76/234
f 735/75/225 731/76/217 741/75/237
f 731/76/217 735/75/225 733/76/219
f 741/75/238 731/76/223 735/75/227
f 733/76/221 735/75/227 731/76/223
f 734/76/220 742/75/239 732/76/218
f 742/75/239 734/76/220 736/75/226
f 732/76/222 742/75/240 734/76/224
f 736/75/228 734/76/224 742/75/240
f 745/76/243 744/75/242 743/75/241
f 744/75/242 745/76/243 746/76/244
f 743/75/247 744/75/246 745/76/245
f 746/76/248 745/76/245 744/75/246
f 731/76/217 742/75/239 741/75/237
f 742/75/239 731/76/217 732/76/218
f 741/75/238 742/75/240 731/76/223
f 732/76/222 731/76/223 742/75/240
f 737/75/229 745/76/243 743/75/241
f 745/76/243 737/75/229 738/76/230
f 743/75/247 745/76/245 737/75/235
f 738/76/234 737/75/235 745/76/245
f 740/76/232 744/75/242 746/76/244
f 744/75/242 740/76/232 739/75/231
f 746/76/248 744/75/246 740/76/236
f 739/75/233 740/76/236 744/75/246
f 738/76/230 746/76/244 745/76/243
f 746/76/244 738/76/230 740/76/232
f 745/76/245 746/76/248 738/76/234
f 740/76/236 738/76/234 746/76/248
f 730/76/214 711/75/177 729/75/213
f 711/75/177 730/76/214 712/76/178
f 729/75/215 711/75/180 730/76/216
f 712/76/179 730/76/216 711/75/180
f 749/75/1 748/75/1 747/75/1
f 748/75/1 749/75/1 750/75/1
f 747/75/2 748/75/2 749/75/2
f 750/75/2 749/75/2 748/75/2
f 753/75/251 752/76/250 751/75/249
f 752/76/250 753/75/251 754/76/252
f 751/75/255 752/76/254 753/75/253
f 754/76/256 753/75/253 752/76/254
f 756/76/258 753/75/251 755/75/257
f 753/75/251 756/76/258 754/76/252
f 755/75/260 753/75/253 756/76/259
f 754/76/256 756/76/259 753/75/253
f 759/77/263 758/75/262 757/75/261
f 758/75/262 759/77/263 760/77/264
f 757/75/267 758/75/266 759/77/265
f 760/77/268 759/77/265 758/75/266
f 758/75/262 762/77/270 761/75/269
f 762/77/270 758/75/262 760/77/264
f 761/75/272 762/77/271 758/75/266
f 760/77/268 758/75/266 762/77/271
f 765/75/275 764/77/274 763/75/273
f 764/77/274 765/75/275 766/77/276
f 763/75/279 764/77/278 765/75/277
f 766/77/280 765/75/277 764/77/278
f 764/77/274 768/77/282 767/77/281
f 768/77/282 764/77/274 766/77/276
f 767/77/284 768/77/283 764/77/278
f 766/77/280 764/77/278 768/77/283
f 768/77/282 765/75/275 769/75/285
f 765/75/275 768/77/282 766/77/276
f 769/75/286 765/75/277 768/77/283
f 766/77/280 768/77/283 765/75/277
f 764/77/274 770/75/287 763/75/273
f 770/75/287 764/77/274 767/77/281
f 763/75/279 770/75/288 764/77/278
f 767/77/284 764/77/278 770/75/288
f 767/77/281 769/75/285 770/75/287
f 769/75/285 767/77/281 768/77/282
f 770/75/288 769/75/286 767/77/284
f 768/77/283 767/77/284 769/75/286
f 772/77/290 757/75/261 771/75/289
f 757/75/261 772/77/290 759/77/263
f 771/75/292 757/75/267 772/77/291
f 759/77/265 772/77/291 757/75/267
f 752/76/250 773/75/293 751/75/249
f 773/75/293 752/76/250 774/76/294
f 751/75/255 773/75/295 752/76/254
f 774/76/296 752/76/254 773/75/295
f 762/77/270 771/75/289 761/75/269
f 771/75/289 762/77/270 772/77/290
f 761/75/272 771/75/292 762/77/271
f 772/77/291 762/77/271 771/75/292
f 762/77/270 759/77/263 772/77/290
f 759/77/263 762/77/270 760/77/264
f 772/77/291 759/77/265 762/77/271
f 760/77/268 762/77/271 759/77/265
f 777/76/299 776/76/298 775/76/297
f 776/76/298 777/76/299 778/76/300
f 775/76/303 776/76/302 777/76/301
f 778/76/304 777/76/301 776/76/302
f 774/76/294 754/76/252 756/76/258
f 754/76/252 774/76/294 752/76/250
f 756/76/259 754/76/256 774/76/296
f 752/76/254 774/76/296 754/76/256
f 779/75/305 778/76/300 777/76/299
f 778/76/300 779/75/305 780/75/306
f 777/76/301 778/76/304 779/75/307
f 780/75/308 779/75/307 778/76/304
f 783/75/311 782/76/310 781/75/309
f 782/76/310 783/75/311 784/76/312
f 781/75/315 782/76/314 783/75/313
f 784/76/316 783/75/313 782/76/314
f 779/75/305 775/76/297 785/75/317
f 775/76/297 779/75/305 777/76/299
f 785/75/318 775/76/303 779/75/307
f 777/76/301 779/75/307 775/76/303
f 778/76/300 786/75/319 776/76/298
f 786/75/319 778/76/300 780/75/306
f 776/76/302 786/75/320 778/76/304
f 780/75/308 778/76/304 786/75/320
f 789/76/323 788/75/322 787/75/321
f 788/75/322 789/76/323 790/76/324
f 787/75/327 788/75/326 789/76/325
f 790/76/328 789/76/325 788/75/326
f 775/76/297 786/75/319 785/75/317
f 786/75/319 775/76/297 776/76/298
f 785/75/318 786/75/320 775/76/303
f 776/76/302 775/76/303 786/75/320
f 781/75/309 789/76/323 787/75/321
f 789/76/323 781/75/309 782/76/310
f 787/75/327 789/76/325 781/75/315
f 782/76/314 781/75/315 789/76/325
f 784/76/312 788/75/322 790/76/324
f 788/75/322 784/76/312 783/75/311
f 790/76/328 788/75/326 784/76/316
f 783/75/313 784/76/316 788/75/326
f 782/76/310 790/76/324 789/76/323
f 790/76/324 782/76/310 784/76/312
f 789/76/325 790/76/328 782/76/314
f 784/76/316 782/76/314 790/76/328
f 774/76/294 755/75/257 773/75/293
f 755/75/257 774/76/294 756/76/258
f 773/75/295 755/75/260 774/76/296
f 756/76/259 774/76/296 755/75/260
f 795/75/266 814/76/271 796/76/268
f 814/76/271 795/75/266 813/75/272
f 796/76/264 814/76/270 795/75/262
f 813/75/269 795/75/262 814/76/270
f 830/76/344 822/76/334 824/76/336
f 822/76/334 830/76/344 829/76/341
f 824/76/332 822/76/330 830/76/340
f 829/76/339 830/76/340 822/76/330
f 828/75/342 824/76/336 823/75/333
f 824/76/336 828/75/342 830/76/344
f 823/75/331 824/76/332 828/75/338
f 830/76/340 828/75/338 824/76/332
f 829/76/341 821/75/335 822/76/334
f 821/75/335 829/76/341 827/75/343
f 822/76/330 821/75/329 829/76/339
f 827/75/337 829/76/339 821/75/329
f 826/75/320 815/76/304 816/76/302
f 815/76/304 826/75/320 825/75/308
f 816/76/298 815/76/300 826/75/319
f 825/75/306 826/75/319 815/76/300
f 828/75/342 829/76/341 830/76/344
f 829/76/341 828/75/342 827/75/343
f 830/76/340 829/76/339 828/75/338
f 827/75/337 828/75/338 829/76/339
f 826/75/320 818/76/303 820/75/318
f 818/76/303 826/75/320 816/76/302
f 820/75/317 818/76/297 826/75/319
f 816/76/298 826/75/319 818/76/297
f 815/76/304 819/75/307 817/76/301
f 819/75/307 815/76/304 825/75/308
f 817/76/299 819/75/305 815/76/300
f 825/75/306 815/76/300 819/75/305
f 822/76/334 823/75/333 824/76/336
f 823/75/333 822/76/334 821/75/335
f 824/76/332 823/75/331 822/76/330
f 821/75/329 822/76/330 823/75/331
f 818/76/303 819/75/307 820/75/318
f 819/75/307 818/76/303 817/76/301
f 820/75/317 819/75/305 818/76/297
f 817/76/299 818/76/297 819/75/305
f 794/76/265 814/76/271 792/76/291
f 814/76/271 794/76/265 796/76/268
f 792/76/290 814/76/270 794/76/263
f 796/76/264 794/76/263 814/76/270
f 816/76/302 817/76/301 818/76/303
f 817/76/301 816/76/302 815/76/304
f 818/76/297 817/76/299 816/76/298
f 815/76/300 816/76/298 817/76/299
f 799/77/256 802/77/296 800/77/259
f 802/77/296 799/77/256 812/77/254
f 800/77/258 802/77/294 799/77/252
f 812/77/250 799/77/252 802/77/294
f 811/75/255 802/77/296 812/77/254
f 802/77/296 811/75/255 801/75/295
f 812/77/250 802/77/294 811/75/249
f 801/75/293 811/75/249 802/77/294
f 813/75/272 792/76/291 814/76/271
f 792/76/291 813/75/272 791/75/292
f 814/76/270 792/76/290 813/75/269
f 791/75/289 813/75/269 792/76/290
f 797/75/253 812/77/254 799/77/256
f 812/77/254 797/75/253 811/75/255
f 799/77/252 812/77/250 797/75/251
f 811/75/249 797/75/251 812/77/250
f 809/75/277 807/77/278 808/77/280
f 807/77/278 809/75/277 810/75/279
f 808/77/276 807/77/274 809/75/275
f 810/75/273 809/75/275 807/77/274
f 810/75/279 804/77/284 807/77/278
f 804/77/284 810/75/279 803/75/288
f 807/77/274 804/77/281 810/75/273
f 803/75/287 810/75/273 804/77/281
f 805/75/286 808/77/280 806/77/283
f 808/77/280 805/75/286 809/75/277
f 806/77/282 808/77/276 805/75/285
f 809/75/275 805/75/285 808/77/276
f 808/77/280 804/77/284 806/77/283
f 804/77/284 808/77/280 807/77/278
f 806/77/282 804/77/281 808/77/276
f 807/77/274 808/77/276 804/77/281
f 804/77/284 805/75/286 806/77/283
f 805/75/286 804/77/284 803/75/288
f 806/77/282 805/75/285 804/77/281
f 803/75/287 804/77/281 805/75/285
f 802/77/296 798/75/260 800/77/259
f 798/75/260 802/77/296 801/75/295
f 800/77/258 798/75/257 802/77/294
f 801/75/293 802/77/294 798/75/257
f 798/75/260 799/77/256 800/77/259
f 799/77/256 798/75/260 797/75/253
f 800/77/258 799/77/252 798/75/257
f 797/75/251 798/75/257 799/77/252
f 793/75/267 796/76/268 794/76/265
f 796/76/268 793/75/267 795/75/266
f 794/76/263 796/76/264 793/75/261
f 795/75/262 793/75/261 796/76/264
f 792/76/291 793/75/267 794/76/265
f 793/75/267 792/76/291 791/75/292
f 794/76/263 793/75/261 792/76/290
f 791/75/289 792/76/290 793/75/261
f 833/75/171 832/76/170 831/75/169
f 832/76/170 833/75/171 834/76/172
f 831/75/175 832/76/174 833/75/173
f 834/76/176 833/75/173 832/76/174
f 836/76/178 833/75/171 835/75/177
f 833/75/171 836/76/178 834/76/172
f 835/75/180 833/75/173 836/76/179
f 834/76/176 836/76/179 833/75/173
f 839/77/183 838/75/182 837/75/181
f 838/75/182 839/77/183 840/77/184
f 837/75/187 838/75/186 839/77/185
f 840/77/188 839/77/185 838/75/186
f 838/75/182 842/77/190 841/75/189
f 842/77/190 838/75/182 840/77/184
f 841/75/192 842/77/191 838/75/186
f 840/77/188 838/75/186 842/77/191
f 845/75/195 844/77/194 843/75/193
f 844/77/194 845/75/195 846/77/196
f 843/75/199 844/77/198 845/75/197
f 846/77/200 845/75/197 844/77/198
f 844/77/194 848/77/202 847/77/201
f 848/77/202 844/77/194 846/77/196
f 847/77/204 848/77/203 844/77/198
f 846/77/200 844/77/198 848/77/203
f 848/77/202 845/75/195 849/75/205
f 845/75/195 848/77/202 846/77/196
f 849/75/206 845/75/197 848/77/203
f 846/77/200 848/77/203 845/75/197
f 844/77/194 850/75/207 843/75/193
f 850/75/207 844/77/194 847/77/201
f 843/75/199 850/75/208 844/77/198
f 847/77/204 844/77/198 850/75/208
f 847/77/201 849/75/205 850/75/207
f 849/75/205 847/77/201 848/77/202
f 850/75/208 849/75/206 847/77/204
f 848/77/203 847/77/204 849/75/206
f 852/77/210 837/75/181 851/75/209
f 837/75/181 852/77/210 839/77/183
f 851/75/212 837/75/187 852/77/211
f 839/77/185 852/77/211 837/75/187
f 832/76/170 853/75/213 831/75/169
f 853/75/213 832/76/170 854/76/214
f 831/75/175 853/75/215 832/76/174
f 854/76/216 832/76/174 853/75/215
f 842/77/190 851/75/209 841/75/189
f 851/75/209 842/77/190 852/77/210
f 841/75/192 851/75/212 842/77/191
f 852/77/211 842/77/191 851/75/212
f 842/77/190 839/77/183 852/77/210
f 839/77/183 842/77/190 840/77/184
f 852/77/211 839/77/185 842/77/191
f 840/77/188 842/77/191 839/77/185
f 857/76/219 856/76/218 855/76/217
f 856/76/218 857/76/219 858/76/220
f 855/76/223 856/76/222 857/76/221
f 858/76/224 857/76/221 856/76/222
f 854/76/214 834/76/172 836/76/178
f 834/76/172 854/76/214 832/76/170
f 836/76/179 834/76/176 854/76/216
f 832/76/174 854/76/216 834/76/176
f 859/75/225 858/76/220 857/76/219
f 858/76/220 859/75/225 860/75/226
f 857/76/221 858/76/224 859/75/227
f 860/75/228 859/75/227 858/76/224
f 863/75/231 862/76/230 861/75/229
f 862/76/230 863/75/231 864/76/232
f 861/75/235 862/76/234 863/75/233
f 864/76/236 863/75/233 862/76/234
f 859/75/225 855/76/217 865/75/237
f 855/76/217 859/75/225 857/76/219
f 865/75/238 855/76/223 859/75/227
f 857/76/221 859/75/227 855/76/223
f 858/76/220 866/75/239 856/76/218
f 866/75/239 858/76/220 860/75/226
f 856/76/222 866/75/240 858/76/224
f 860/75/228 858/76/224 866/75/240
f 869/76/243 868/75/242 867/75/241
f 868/75/242 869/76/243 870/76/244
f 867/75/247 868/75/246 869/76/245
f 870/76/248 869/76/245 868/75/246
f 855/76/217 866/75/239 865/75/237
f 866/75/239 855/76/217 856/76/218
f 865/75/238 866/75/240 855/76/223
f 856/76/222 855/76/223 866/75/240
f 861/75/229 869/76/243 867/75/241
f 869/76/243 861/75/229 862/76/230
f 867/75/247 869/76/245 861/75/235
f 862/76/234 861/75/235 869/76/245
f 864/76/232 868/75/242 870/76/244
f 868/75/242 864/76/232 863/75/231
f 870/76/248 868/75/246 864/76/236
f 863/75/233 864/76/236 868/75/246
f 862/76/230 870/76/244 869/76/243
f 870/76/244 862/76/230 864/76/232
f 869/76/245 870/76/248 862/76/234
f 864/76/236 862/76/234 870/76/248
f 854/76/214 835/75/177 853/75/213
f 835/75/177 854/76/214 836/76/178
f 853/75/215 835/75/180 854/76/216
f 836/76/179 854/76/216 835/75/180
f 750/75/1 871/75/1 748/75/1
f 871/75/1 750/75/1 872/75/1
f 748/75/2 871/75/2 750/75/2
f 872/75/2 750/75/2 871/75/2
f 873/75/1 872/75/1 750/75/1
f 872/75/1 873/75/1 874/75/1
f 750/75/2 872/75/2 873/75/2
f 874/75/2 873/75/2 872/75/2
f 875/75/1 750/75/1 749/75/1
f 750/75/1 875/75/1 873/75/1
f 749/75/2 750/75/2 875/75/2
f 873/75/2 875/75/2 750/75/2
f 878/79/29 877/78/24 876/78/29
f 877/78/24 878/79/29 879/79/24
f 876/78/30 877/78/26 878/79/30
f 879/79/26 878/79/30 877/78/26
f 882/79/1 881/79/1 880/79/1
f 881/79/1 882/79/1 879/79/1
f 881/79/1 879/79/1 878/79/1
f 880/79/2 881/79/2 882/79/2
f 879/79/2 882/79/2 881/79/2
f 878/79/2 879/79/2 881/79/2
f 880/79/26 883/78/26 117/78/26
f 883/78/26 880/79/26 881/79/26
f 117/78/24 883/78/24 880/79/24
f 881/79/24 880/79/24 883/78/24
f 879/79/24 884/78/31 877/78/24
f 884/78/31 879/79/24 882/79/31
f 877/78/26 884/78/32 879/79/26
f 882/79/32 879/79/26 884/78/32
f 880/79/21 884/78/21 882/79/21
f 884/78/21 880/79/21 117/78/21
f 882/79/22 884/78/22 880/79/22
f 117/78/22 880/79/22 884/78/22
f 883/78/22 878/79/22 876/78/22
f 878/79/22 883/78/22 881/79/22
f 876/78/21 878/79/21 883/78/21
f 881/79/21 883/78/21 878/79/21
f 887/79/60 886/78/50 885/78/60
f 886/78/50 887/79/60 888/79/50
f 885/78/59 886/78/49 887/79/59
f 888/79/49 887/79/59 886/78/49
f 891/79/1 890/79/1 889/79/1
f 890/79/1 891/79/1 888/79/1
f 890/79/1 888/79/1 887/79/1
f 889/79/2 890/79/2 891/79/2
f 888/79/2 891/79/2 890/79/2
f 887/79/2 888/79/2 890/79/2
f 889/79/49 892/78/49 239/78/49
f 892/78/49 889/79/49 890/79/49
f 239/78/50 892/78/50 889/79/50
f 890/79/50 889/79/50 892/78/50
f 888/79/50 893/78/55 886/78/50
f 893/78/55 888/79/50 891/79/55
f 886/78/49 893/78/58 888/79/49
f 891/79/58 888/79/49 893/78/58
f 889/79/53 893/78/53 891/79/53
f 893/78/53 889/79/53 239/78/53
f 891/79/54 893/78/54 889/79/54
f 239/78/54 889/79/54 893/78/54
f 892/78/54 887/79/54 885/78/54
f 887/79/54 892/78/54 890/79/54
f 885/78/53 887/79/53 892/78/53
f 890/79/53 892/78/53 887/79/53
f 896/79/54 901/78/54 899/79/54
f 901/78/54 896/79/54 894/78/54
f 899/79/53 901/78/53 896/79/53
f 894/78/53 896/79/53 901/78/53
f 902/78/53 898/79/53 307/78/53
f 898/79/53 902/78/53 900/79/53
f 307/78/54 898/79/54 902/78/54
f 900/79/54 902/78/54 898/79/54
f 902/78/59 897/79/49 900/79/59
f 897/79/49 902/78/59 895/78/49
f 900/79/60 897/79/50 902/78/60
f 895/78/50 902/78/60 897/79/50
f 901/78/50 898/79/50 899/79/50
f 898/79/50 901/78/50 307/78/50
f 899/79/49 898/79/49 901/78/49
f 307/78/49 901/78/49 898/79/49
f 899/79/2 897/79/2 896/79/2
f 899/79/2 900/79/2 897/79/2
f 900/79/2 899/79/2 898/79/2
f 896/79/1 897/79/1 899/79/1
f 897/79/1 900/79/1 899/79/1
f 898/79/1 899/79/1 900/79/1
f 895/78/49 896/79/58 897/79/49
f 896/79/58 895/78/49 894/78/58
f 897/79/50 896/79/55 895/78/50
f 894/78/55 895/78/50 896/79/55
f 905/79/29 904/78/24 903/78/29
f 904/78/24 905/79/29 906/79/24
f 903/78/30 904/78/26 905/79/30
f 906/79/26 905/79/30 904/78/26
f 909/79/1 908/79/1 907/79/1
f 908/79/1 909/79/1 906/79/1
f 908/79/1 906/79/1 905/79/1
f 907/79/2 908/79/2 909/79/2
f 906/79/2 909/79/2 908/79/2
f 905/79/2 906/79/2 908/79/2
f 907/79/26 910/78/26 375/78/26
f 910/78/26 907/79/26 908/79/26
f 375/78/24 910/78/24 907/79/24
f 908/79/24 907/79/24 910/78/24
f 906/79/24 911/78/31 904/78/24
f 911/78/31 906/79/24 909/79/31
f 904/78/26 911/78/32 906/79/26
f 909/79/32 906/79/26 911/78/32
f 907/79/21 911/78/21 909/79/21
f 911/78/21 907/79/21 375/78/21
f 909/79/22 911/78/22 907/79/22
f 375/78/22 907/79/22 911/78/22
f 910/78/22 905/79/22 903/78/22
f 905/79/22 910/78/22 908/79/22
f 903/78/21 905/79/21 910/78/21
f 908/79/21 910/78/21 905/79/21

g stairs-wide




usemtl colormap

f 3/1/1 2/1/1 1/1/1
f 2/1/1 3/1/1 4/1/1
f 4/1/1 3/1/1 5/1/1
f 4/1/1 5/1/1 6/1/1
f 6/1/1 5/1/1 7/1/1
f 6/1/1 7/1/1 8/1/1
f 8/1/1 7/1/1 9/1/1
f 8/1/1 9/1/1 10/1/1
f 1/1/2 2/1/2 3/1/2
f 4/1/2 3/1/2 2/1/2
f 5/1/2 3/1/2 4/1/2
f 6/1/2 5/1/2 4/1/2
f 7/1/2 5/1/2 6/1/2
f 8/1/2 7/1/2 6/1/2
f 9/1/2 7/1/2 8/1/2
f 10/1/2 9/1/2 8/1/2
f 13/2/1 12/2/1 11/2/1
f 12/2/1 13/2/1 14/2/1
f 12/2/1 14/2/1 15/2/1
f 15/2/1 14/2/1 16/2/1
f 15/2/1 16/2/1 17/2/1
f 17/2/1 16/2/1 18/2/1
f 17/2/1 18/2/1 19/2/1
f 19/2/1 18/2/1 20/2/1
f 11/2/2 12/2/2 13/2/2
f 14/2/2 13/2/2 12/2/2
f 15/2/2 14/2/2 12/2/2
f 16/2/2 14/2/2 15/2/2
f 17/2/2 16/2/2 15/2/2
f 18/2/2 16/2/2 17/2/2
f 19/2/2 18/2/2 17/2/2
f 20/2/2 18/2/2 19/2/2
f 23/3/1 22/3/1 21/3/1
f 22/3/1 23/3/1 24/3/1
f 24/3/1 23/3/1 25/3/1
f 24/3/1 25/3/1 26/3/1
f 26/3/1 25/3/1 27/3/1
f 26/3/1 27/3/1 28/3/1
f 28/3/1 27/3/1 29/3/1
f 28/3/1 29/3/1 30/3/1
f 21/3/2 22/3/2 23/3/2
f 24/3/2 23/3/2 22/3/2
f 25/3/2 23/3/2 24/3/2
f 26/3/2 25/3/2 24/3/2
f 27/3/2 25/3/2 26/3/2
f 28/3/2 27/3/2 26/3/2
f 29/3/2 27/3/2 28/3/2
f 30/3/2 29/3/2 28/3/2
f 33/4/1 32/4/1 31/4/1
f 32/4/1 33/4/1 34/4/1
f 32/4/1 34/4/1 35/4/1
f 35/4/1 34/4/1 36/4/1
f 35/4/1 36/4/1 37/4/1
f 37/4/1 36/4/1 38/4/1
f 37/4/1 38/4/1 39/4/1
f 39/4/1 38/4/1 40/4/1
f 31/4/2 32/4/2 33/4/2
f 34/4/2 33/4/2 32/4/2
f 35/4/2 34/4/2 32/4/2
f 36/4/2 34/4/2 35/4/2
f 37/4/2 36/4/2 35/4/2
f 38/4/2 36/4/2 37/4/2
f 39/4/2 38/4/2 37/4/2
f 40/4/2 38/4/2 39/4/2
f 43/5/1 42/5/1 41/5/1
f 42/5/1 43/5/1 44/5/1
f 44/5/1 43/5/1 45/5/1
f 44/5/1 45/5/1 46/5/1
f 44/5/1 46/5/1 47/5/1
f 41/5/2 42/5/2 43/5/2
f 44/5/2 43/5/2 42/5/2
f 45/5/2 43/5/2 44/5/2
f 46/5/2 45/5/2 44/5/2
f 47/5/2 46/5/2 44/5/2
f 50/6/1 49/6/1 48/6/1
f 49/6/1 50/6/1 51/6/1
f 49/6/1 51/6/1 52/6/1
f 52/6/1 51/6/1 53/6/1
f 52/6/1 53/6/1 54/6/1
f 54/6/1 53/6/1 55/6/1
f 54/6/1 55/6/1 56/6/1
f 56/6/1 55/6/1 57/6/1
f 48/6/2 49/6/2 50/6/2
f 51/6/2 50/6/2 49/6/2
f 52/6/2 51/6/2 49/6/2
f 53/6/2 51/6/2 52/6/2
f 54/6/2 53/6/2 52/6/2
f 55/6/2 53/6/2 54/6/2
f 56/6/2 55/6/2 54/6/2
f 57/6/2 55/6/2 56/6/2
f 60/7/1 59/7/1 58/7/1
f 59/7/1 60/7/1 61/7/1
f 59/7/1 61/7/1 62/7/1
f 62/7/1 61/7/1 63/7/1
f 62/7/1 63/7/1 64/7/1
f 64/7/1 63/7/1 65/7/1
f 64/7/1 65/7/1 66/7/1
f 66/7/1 65/7/1 67/7/1
f 58/7/2 59/7/2 60/7/2
f 61/7/2 60/7/2 59/7/2
f 62/7/2 61/7/2 59/7/2
f 63/7/2 61/7/2 62/7/2
f 64/7/2 63/7/2 62/7/2
f 65/7/2 63/7/2 64/7/2
f 66/7/2 65/7/2 64/7/2
f 67/7/2 65/7/2 66/7/2
f 14/2/3 69/8/4 68/8/3
f 69/8/4 14/2/3 13/2/4
f 68/8/5 69/8/6 14/2/5
f 13/2/6 14/2/5 69/8/6
f 42/5/5 71/8/5 70/8/5
f 71/8/5 42/5/5 44/5/5
f 70/8/3 71/8/3 42/5/3
f 44/5/3 42/5/3 71/8/3
f 18/2/3 73/8/3 72/8/3
f 73/8/3 18/2/3 16/2/3
f 72/8/5 73/8/5 18/2/5
f 16/2/5 18/2/5 73/8/5
f 16/2/3 68/8/3 73/8/3
f 68/8/3 16/2/3 14/2/3
f 73/8/5 68/8/5 16/2/5
f 14/2/5 16/2/5 68/8/5
f 20/2/7 72/8/3 74/8/7
f 72/8/3 20/2/7 18/2/3
f 74/8/8 72/8/5 20/2/8
f 18/2/5 20/2/8 72/8/5
f 63/7/3 12/2/9 15/2/3
f 12/2/9 63/7/3 61/7/9
f 15/2/5 12/2/10 63/7/5
f 61/7/10 63/7/5 12/2/10
f 67/7/3 17/2/11 19/2/3
f 17/2/11 67/7/3 65/7/11
f 19/2/5 17/2/12 67/7/5
f 65/7/12 67/7/5 17/2/12
f 65/7/11 15/2/3 17/2/11
f 15/2/3 65/7/11 63/7/3
f 17/2/12 15/2/5 65/7/12
f 63/7/5 65/7/12 15/2/5
f 61/7/9 11/2/3 12/2/9
f 11/2/3 61/7/9 60/7/3
f 12/2/10 11/2/5 61/7/10
f 60/7/5 61/7/10 11/2/5
f 36/4/3 59/7/3 62/7/3
f 59/7/3 36/4/3 34/4/3
f 62/7/5 59/7/5 36/4/5
f 34/4/5 36/4/5 59/7/5
f 40/4/7 64/7/3 66/7/7
f 64/7/3 40/4/7 38/4/3
f 66/7/8 64/7/5 40/4/8
f 38/4/5 40/4/8 64/7/5
f 34/4/3 58/7/4 59/7/3
f 58/7/4 34/4/3 33/4/4
f 59/7/5 58/7/6 34/4/5
f 33/4/6 34/4/5 58/7/6
f 38/4/3 62/7/3 64/7/3
f 62/7/3 38/4/3 36/4/3
f 64/7/5 62/7/5 38/4/5
f 36/4/5 38/4/5 62/7/5
f 29/3/3 37/4/11 39/4/3
f 37/4/11 29/3/3 27/3/11
f 39/4/5 37/4/12 29/3/5
f 27/3/12 29/3/5 37/4/12
f 23/3/9 31/4/3 32/4/9
f 31/4/3 23/3/9 21/3/3
f 32/4/10 31/4/5 23/3/10
f 21/3/5 23/3/10 31/4/5
f 25/3/3 32/4/9 35/4/3
f 32/4/9 25/3/3 23/3/9
f 35/4/5 32/4/10 25/3/5
f 23/3/10 25/3/5 32/4/10
f 27/3/11 35/4/3 37/4/11
f 35/4/3 27/3/11 25/3/3
f 37/4/12 35/4/5 27/3/12
f 25/3/5 27/3/12 35/4/5
f 5/1/3 24/3/3 26/3/3
f 24/3/3 5/1/3 3/1/3
f 26/3/5 24/3/5 5/1/5
f 3/1/5 5/1/5 24/3/5
f 3/1/3 22/3/4 24/3/3
f 22/3/4 3/1/3 1/1/4
f 24/3/5 22/3/6 3/1/5
f 1/1/6 3/1/5 22/3/6
f 9/1/7 28/3/3 30/3/7
f 28/3/3 9/1/7 7/1/3
f 30/3/8 28/3/5 9/1/8
f 7/1/5 9/1/8 28/3/5
f 7/1/3 26/3/3 28/3/3
f 26/3/3 7/1/3 5/1/3
f 28/3/5 26/3/5 7/1/5
f 5/1/5 7/1/5 26/3/5
f 51/6/9 2/1/3 4/1/9
f 2/1/3 51/6/9 50/6/3
f 4/1/10 2/1/5 51/6/10
f 50/6/5 51/6/10 2/1/5
f 57/6/3 8/1/11 10/1/3
f 8/1/11 57/6/3 55/6/11
f 10/1/5 8/1/12 57/6/5
f 55/6/12 57/6/5 8/1/12
f 55/6/11 6/1/3 8/1/11
f 6/1/3 55/6/11 53/6/3
f 8/1/12 6/1/5 55/6/12
f 53/6/5 55/6/12 6/1/5
f 53/6/3 4/1/9 6/1/3
f 4/1/9 53/6/3 51/6/9
f 6/1/5 4/1/10 53/6/5
f 51/6/10 53/6/5 4/1/10
f 43/5/3 48/6/4 49/6/3
f 48/6/4 43/5/3 41/5/4
f 49/6/5 48/6/6 43/5/5
f 41/5/6 43/5/5 48/6/6
f 45/5/3 49/6/3 52/6/3
f 49/6/3 45/5/3 43/5/3
f 52/6/5 49/6/5 45/5/5
f 43/5/5 45/5/5 49/6/5
f 46/5/3 52/6/3 54/6/3
f 52/6/3 46/5/3 45/5/3
f 54/6/5 52/6/5 46/5/5
f 45/5/5 46/5/5 52/6/5
f 47/5/7 54/6/3 56/6/7
f 54/6/3 47/5/7 46/5/3
f 56/6/8 54/6/5 47/5/8
f 46/5/5 47/5/8 54/6/5
f 77/5/13 76/8/3 75/8/13
f 76/8/3 77/5/13 78/5/3
f 75/8/14 76/8/5 77/5/14
f 78/5/5 77/5/14 76/8/5
f 81/5/14 80/8/5 79/8/14
f 80/8/5 81/5/14 82/5/5
f 79/8/13 80/8/3 81/5/13
f 82/5/3 81/5/13 80/8/3
f 78/5/3 83/8/15 76/8/3
f 83/8/15 78/5/3 84/5/15
f 76/8/5 83/8/16 78/5/5
f 84/5/16 78/5/5 83/8/16
f 87/5/18 86/8/17 85/5/17
f 86/8/17 87/5/18 88/8/18
f 85/5/20 86/8/20 87/5/19
f 88/8/19 87/5/19 86/8/20
f 91/8/20 90/5/19 89/8/19
f 90/5/19 91/8/20 92/5/20
f 89/8/18 90/5/18 91/8/17
f 92/5/17 91/8/17 90/5/18
f 82/5/5 93/8/16 80/8/5
f 93/8/16 82/5/5 94/5/16
f 80/8/3 93/8/15 82/5/3
f 94/5/15 82/5/3 93/8/15
f 81/5/14 88/8/18 87/5/18
f 88/8/18 81/5/14 79/8/14
f 87/5/19 88/8/19 81/5/13
f 79/8/13 81/5/13 88/8/19
f 93/8/16 92/5/20 91/8/20
f 92/5/20 93/8/16 94/5/16
f 91/8/17 92/5/17 93/8/15
f 94/5/15 93/8/15 92/5/17
f 85/5/17 83/8/15 84/5/15
f 83/8/15 85/5/17 86/8/17
f 84/5/16 83/8/16 85/5/20
f 86/8/20 85/5/20 83/8/16
f 89/8/19 77/5/13 75/8/13
f 77/5/13 89/8/19 90/5/19
f 75/8/14 77/5/14 89/8/18
f 90/5/18 89/8/18 77/5/14
f 79/8/2 86/8/2 88/8/2
f 86/8/2 79/8/2 83/8/2
f 83/8/2 79/8/2 80/8/2
f 83/8/2 80/8/2 76/8/2
f 76/8/2 80/8/2 93/8/2
f 76/8/2 93/8/2 75/8/2
f 75/8/2 93/8/2 91/8/2
f 75/8/2 91/8/2 89/8/2
f 88/8/1 86/8/1 79/8/1
f 83/8/1 79/8/1 86/8/1
f 80/8/1 79/8/1 83/8/1
f 76/8/1 80/8/1 83/8/1
f 93/8/1 80/8/1 76/8/1
f 75/8/1 93/8/1 76/8/1
f 91/8/1 93/8/1 75/8/1
f 89/8/1 91/8/1 75/8/1
f 84/5/1 87/5/1 85/5/1
f 87/5/1 84/5/1 81/5/1
f 81/5/1 84/5/1 78/5/1
f 81/5/1 78/5/1 82/5/1
f 82/5/1 78/5/1 77/5/1
f 82/5/1 77/5/1 94/5/1
f 94/5/1 77/5/1 90/5/1
f 94/5/1 90/5/1 92/5/1
f 85/5/2 87/5/2 84/5/2
f 81/5/2 84/5/2 87/5/2
f 78/5/2 84/5/2 81/5/2
f 82/5/2 78/5/2 81/5/2
f 77/5/2 78/5/2 82/5/2
f 94/5/2 77/5/2 82/5/2
f 90/5/2 77/5/2 94/5/2
f 92/5/2 90/5/2 94/5/2
f 97/5/13 96/8/3 95/8/13
f 96/8/3 97/5/13 98/5/3
f 95/8/14 96/8/5 97/5/14
f 98/5/5 97/5/14 96/8/5
f 101/5/14 100/8/5 99/8/14
f 100/8/5 101/5/14 102/5/5
f 99/8/13 100/8/3 101/5/13
f 102/5/3 101/5/13 100/8/3
f 98/5/3 103/8/15 96/8/3
f 103/8/15 98/5/3 104/5/15
f 96/8/5 103/8/16 98/5/5
f 104/5/16 98/5/5 103/8/16
f 107/5/18 106/8/17 105/5/17
f 106/8/17 107/5/18 108/8/18
f 105/5/20 106/8/20 107/5/19
f 108/8/19 107/5/19 106/8/20
f 111/8/20 110/5/19 109/8/19
f 110/5/19 111/8/20 112/5/20
f 109/8/18 110/5/18 111/8/17
f 112/5/17 111/8/17 110/5/18
f 102/5/5 113/8/16 100/8/5
f 113/8/16 102/5/5 114/5/16
f 100/8/3 113/8/15 102/5/3
f 114/5/15 102/5/3 113/8/15
f 101/5/14 108/8/18 107/5/18
f 108/8/18 101/5/14 99/8/14
f 107/5/19 108/8/19 101/5/13
f 99/8/13 101/5/13 108/8/19
f 113/8/16 112/5/20 111/8/20
f 112/5/20 113/8/16 114/5/16
f 111/8/17 112/5/17 113/8/15
f 114/5/15 113/8/15 112/5/17
f 105/5/17 103/8/15 104/5/15
f 103/8/15 105/5/17 106/8/17
f 104/5/16 103/8/16 105/5/20
f 106/8/20 105/5/20 103/8/16
f 109/8/19 97/5/13 95/8/13
f 97/5/13 109/8/19 110/5/19
f 95/8/14 97/5/14 109/8/18
f 110/5/18 109/8/18 97/5/14
f 99/8/2 106/8/2 108/8/2
f 106/8/2 99/8/2 103/8/2
f 103/8/2 99/8/2 100/8/2
f 103/8/2 100/8/2 96/8/2
f 96/8/2 100/8/2 113/8/2
f 96/8/2 113/8/2 95/8/2
f 95/8/2 113/8/2 111/8/2
f 95/8/2 111/8/2 109/8/2
f 108/8/1 106/8/1 99/8/1
f 103/8/1 99/8/1 106/8/1
f 100/8/1 99/8/1 103/8/1
f 96/8/1 100/8/1 103/8/1
f 113/8/1 100/8/1 96/8/1
f 95/8/1 113/8/1 96/8/1
f 111/8/1 113/8/1 95/8/1
f 109/8/1 111/8/1 95/8/1
f 104/5/1 107/5/1 105/5/1
f 107/5/1 104/5/1 101/5/1
f 101/5/1 104/5/1 98/5/1
f 101/5/1 98/5/1 102/5/1
f 102/5/1 98/5/1 97/5/1
f 102/5/1 97/5/1 114/5/1
f 114/5/1 97/5/1 110/5/1
f 114/5/1 110/5/1 112/5/1
f 105/5/2 107/5/2 104/5/2
f 101/5/2 104/5/2 107/5/2
f 98/5/2 104/5/2 101/5/2
f 102/5/2 98/5/2 101/5/2
f 97/5/2 98/5/2 102/5/2
f 114/5/2 97/5/2 102/5/2
f 110/5/2 97/5/2 114/5/2
f 112/5/2 110/5/2 114/5/2
f 117/9/21 116/10/21 115/9/21
f 116/10/21 117/9/21 118/10/21
f 115/9/22 116/10/22 117/9/22
f 118/10/22 117/9/22 116/10/22
f 121/9/23 120/10/24 119/10/23
f 120/10/24 121/9/23 122/9/24
f 119/10/25 120/10/26 121/9/25
f 122/9/26 121/9/25 120/10/26
f 117/9/26 123/10/26 118/10/26
f 123/10/26 117/9/26 124/9/26
f 118/10/24 123/10/24 117/9/24
f 124/9/24 117/9/24 123/10/24
f 122/9/24 116/10/27 120/10/24
f 116/10/27 122/9/24 115/9/27
f 120/10/26 116/10/28 122/9/26
f 115/9/28 122/9/26 116/10/28
f 123/10/2 116/10/2 118/10/2
f 116/10/2 123/10/2 120/10/2
f 120/10/2 123/10/2 119/10/2
f 118/10/1 116/10/1 123/10/1
f 120/10/1 123/10/1 116/10/1
f 119/10/1 123/10/1 120/10/1
f 115/9/1 124/9/1 117/9/1
f 124/9/1 115/9/1 122/9/1
f 124/9/1 122/9/1 121/9/1
f 117/9/2 124/9/2 115/9/2
f 122/9/2 115/9/2 124/9/2
f 121/9/2 122/9/2 124/9/2
f 123/10/22 121/9/22 119/10/22
f 121/9/22 123/10/22 124/9/22
f 119/10/21 121/9/21 123/10/21
f 124/9/21 123/10/21 121/9/21
f 127/11/29 126/10/24 125/10/29
f 126/10/24 127/11/29 128/11/24
f 125/10/30 126/10/26 127/11/30
f 128/11/26 127/11/30 126/10/26
f 128/11/24 129/10/31 126/10/24
f 129/10/31 128/11/24 130/11/31
f 126/10/26 129/10/32 128/11/26
f 130/11/32 128/11/26 129/10/32
f 131/11/21 129/10/21 130/11/21
f 129/10/21 131/11/21 132/10/21
f 130/11/22 129/10/22 131/11/22
f 132/10/22 131/11/22 129/10/22
f 130/11/1 133/11/1 131/11/1
f 133/11/1 130/11/1 128/11/1
f 133/11/1 128/11/1 127/11/1
f 131/11/2 133/11/2 130/11/2
f 128/11/2 130/11/2 133/11/2
f 127/11/2 128/11/2 133/11/2
f 131/11/26 134/10/26 132/10/26
f 134/10/26 131/11/26 133/11/26
f 132/10/24 134/10/24 131/11/24
f 133/11/24 131/11/24 134/10/24
f 134/10/22 127/11/22 125/10/22
f 127/11/22 134/10/22 133/11/22
f 125/10/21 127/11/21 134/10/21
f 133/11/21 134/10/21 127/11/21
f 137/12/33 136/12/34 135/12/33
f 136/12/34 137/12/33 138/12/34
f 135/12/35 136/12/36 137/12/35
f 138/12/36 137/12/35 136/12/36
f 141/13/35 140/13/36 139/13/36
f 140/13/36 141/13/35 142/13/35
f 139/13/34 140/13/34 141/13/33
f 142/13/33 141/13/33 140/13/34
f 145/14/37 144/15/38 143/14/37
f 144/15/38 145/14/37 146/15/38
f 143/14/39 144/15/40 145/14/39
f 146/15/40 145/14/39 144/15/40
f 149/15/39 148/14/40 147/15/39
f 148/14/40 149/15/39 150/14/40
f 147/15/37 148/14/38 149/15/37
f 150/14/38 149/15/37 148/14/38
f 139/13/36 145/14/37 143/14/37
f 145/14/37 139/13/36 140/13/36
f 143/14/39 145/14/39 139/13/34
f 140/13/34 139/13/34 145/14/39
f 146/15/38 135/12/33 144/15/38
f 135/12/33 146/15/38 137/12/33
f 144/15/40 135/12/35 146/15/40
f 137/12/35 146/15/40 135/12/35
f 147/15/31 135/12/31 136/12/31
f 135/12/31 147/15/31 144/15/31
f 144/15/31 147/15/31 148/14/31
f 144/15/31 148/14/31 143/14/31
f 143/14/31 148/14/31 141/13/31
f 143/14/31 141/13/31 139/13/31
f 136/12/32 135/12/32 147/15/32
f 144/15/32 147/15/32 135/12/32
f 148/14/32 147/15/32 144/15/32
f 143/14/32 148/14/32 144/15/32
f 141/13/32 148/14/32 143/14/32
f 139/13/32 141/13/32 143/14/32
f 146/15/32 138/12/32 137/12/32
f 138/12/32 146/15/32 149/15/32
f 149/15/32 146/15/32 145/14/32
f 149/15/32 145/14/32 150/14/32
f 150/14/32 145/14/32 140/13/32
f 150/14/32 140/13/32 142/13/32
f 137/12/31 138/12/31 146/15/31
f 149/15/31 146/15/31 138/12/31
f 145/14/31 146/15/31 149/15/31
f 150/14/31 145/14/31 149/15/31
f 140/13/31 145/14/31 150/14/31
f 142/13/31 140/13/31 150/14/31
f 138/12/34 147/15/39 136/12/34
f 147/15/39 138/12/34 149/15/39
f 136/12/36 147/15/37 138/12/36
f 149/15/37 138/12/36 147/15/37
f 148/14/40 142/13/35 141/13/35
f 142/13/35 148/14/40 150/14/40
f 141/13/33 142/13/33 148/14/38
f 150/14/38 148/14/38 142/13/33
f 153/16/41 152/16/42 151/16/41
f 152/16/42 153/16/41 154/16/42
f 151/16/43 152/16/44 153/16/43
f 154/16/44 153/16/43 152/16/44
f 157/17/43 156/17/44 155/17/44
f 156/17/44 157/17/43 158/17/43
f 155/17/42 156/17/42 157/17/41
f 158/17/41 157/17/41 156/17/42
f 160/18/45 151/16/41 159/18/45
f 151/16/41 160/18/45 153/16/41
f 159/18/46 151/16/43 160/18/46
f 153/16/43 160/18/46 151/16/43
f 154/16/42 161/18/47 152/16/42
f 161/18/47 154/16/42 162/18/47
f 152/16/44 161/18/48 154/16/44
f 162/18/48 154/16/44 161/18/48
f 159/18/45 163/19/48 160/18/45
f 163/19/48 159/18/45 164/19/48
f 160/18/46 163/19/47 159/18/46
f 164/19/47 159/18/46 163/19/47
f 155/17/44 163/19/48 164/19/48
f 163/19/48 155/17/44 156/17/44
f 164/19/47 163/19/47 155/17/42
f 156/17/42 155/17/42 163/19/47
f 164/19/30 157/17/30 155/17/30
f 157/17/30 164/19/30 165/19/30
f 165/19/30 164/19/30 159/18/30
f 165/19/30 159/18/30 161/18/30
f 161/18/30 159/18/30 151/16/30
f 161/18/30 151/16/30 152/16/30
f 155/17/29 157/17/29 164/19/29
f 165/19/29 164/19/29 157/17/29
f 159/18/29 164/19/29 165/19/29
f 161/18/29 159/18/29 165/19/29
f 151/16/29 159/18/29 161/18/29
f 152/16/29 151/16/29 161/18/29
f 166/19/29 156/17/29 158/17/29
f 156/17/29 166/19/29 163/19/29
f 163/19/29 166/19/29 162/18/29
f 163/19/29 162/18/29 160/18/29
f 160/18/29 162/18/29 154/16/29
f 160/18/29 154/16/29 153/16/29
f 158/17/30 156/17/30 166/19/30
f 163/19/30 166/19/30 156/17/30
f 162/18/30 166/19/30 163/19/30
f 160/18/30 162/18/30 163/19/30
f 154/16/30 162/18/30 160/18/30
f 153/16/30 154/16/30 160/18/30
f 165/19/46 158/17/43 157/17/43
f 158/17/43 165/19/46 166/19/46
f 157/17/41 158/17/41 165/19/45
f 166/19/45 165/19/45 158/17/41
f 165/19/46 162/18/47 166/19/46
f 162/18/47 165/19/46 161/18/47
f 166/19/45 162/18/48 165/19/45
f 161/18/48 165/19/45 162/18/48
f 169/20/33 168/20/34 167/20/33
f 168/20/34 169/20/33 170/20/34
f 167/20/35 168/20/36 169/20/35
f 170/20/36 169/20/35 168/20/36
f 173/21/35 172/21/36 171/21/36
f 172/21/36 173/21/35 174/21/35
f 171/21/34 172/21/34 173/21/33
f 174/21/33 173/21/33 172/21/34
f 171/21/36 176/22/37 175/22/37
f 176/22/37 171/21/36 172/21/36
f 175/22/39 176/22/39 171/21/34
f 172/21/34 171/21/34 176/22/39
f 178/23/38 167/20/33 177/23/38
f 167/20/33 178/23/38 169/20/33
f 177/23/40 167/20/35 178/23/40
f 169/20/35 178/23/40 167/20/35
f 181/23/39 180/22/40 179/23/39
f 180/22/40 181/23/39 182/22/40
f 179/23/37 180/22/38 181/23/37
f 182/22/38 181/23/37 180/22/38
f 176/22/37 177/23/38 175/22/37
f 177/23/38 176/22/37 178/23/38
f 175/22/39 177/23/40 176/22/39
f 178/23/40 176/22/39 177/23/40
f 179/23/31 167/20/31 168/20/31
f 167/20/31 179/23/31 177/23/31
f 177/23/31 179/23/31 180/22/31
f 177/23/31 180/22/31 175/22/31
f 175/22/31 180/22/31 173/21/31
f 175/22/31 173/21/31 171/21/31
f 168/20/32 167/20/32 179/23/32
f 177/23/32 179/23/32 167/20/32
f 180/22/32 179/23/32 177/23/32
f 175/22/32 180/22/32 177/23/32
f 173/21/32 180/22/32 175/22/32
f 171/21/32 173/21/32 175/22/32
f 170/20/34 179/23/39 168/20/34
f 179/23/39 170/20/34 181/23/39
f 168/20/36 179/23/37 170/20/36
f 181/23/37 170/20/36 179/23/37
f 178/23/32 170/20/32 169/20/32
f 170/20/32 178/23/32 181/23/32
f 181/23/32 178/23/32 176/22/32
f 181/23/32 176/22/32 182/22/32
f 182/22/32 176/22/32 172/21/32
f 182/22/32 172/21/32 174/21/32
f 169/20/31 170/20/31 178/23/31
f 181/23/31 178/23/31 170/20/31
f 176/22/31 178/23/31 181/23/31
f 182/22/31 176/22/31 181/23/31
f 172/21/31 176/22/31 182/22/31
f 174/21/31 172/21/31 182/22/31
f 180/22/40 174/21/35 173/21/35
f 174/21/35 180/22/40 182/22/40
f 173/21/33 174/21/33 180/22/38
f 182/22/38 180/22/38 174/21/33
f 185/11/49 184/24/49 183/24/49
f 183/24/50 184/24/50 185/11/50
f 188/24/51 187/11/51 186/25/51
f 187/11/51 188/24/51 184/24/51
f 187/11/51 184/24/51 185/11/51
f 186/25/52 187/11/52 188/24/52
f 184/24/52 188/24/52 187/11/52
f 185/11/52 184/24/52 187/11/52
f 185/11/53 189/24/53 187/11/53
f 189/24/53 185/11/53 183/24/53
f 187/11/54 189/24/54 185/11/54
f 183/24/54 185/11/54 189/24/54
f 186/25/56 189/24/55 190/24/50
f 189/24/55 186/25/56 191/26/55
f 192/26/55 189/24/55 191/26/55
f 193/27/55 189/24/55 192/26/55
f 191/26/55 186/25/56 194/27/55
f 189/24/55 193/27/55 187/11/55
f 187/11/55 193/27/55 195/28/55
f 187/11/55 195/28/55 196/29/55
f 187/11/55 196/29/55 186/25/56
f 194/27/55 186/25/56 197/28/55
f 198/29/55 186/25/56 196/29/55
f 197/28/55 186/25/56 198/29/55
f 190/24/49 189/24/58 186/25/57
f 191/26/58 186/25/57 189/24/58
f 191/26/58 189/24/58 192/26/58
f 192/26/58 189/24/58 193/27/58
f 194/27/58 186/25/57 191/26/58
f 187/11/58 193/27/58 189/24/58
f 195/28/58 193/27/58 187/11/58
f 196/29/58 195/28/58 187/11/58
f 186/25/57 196/29/58 187/11/58
f 197/28/58 186/25/57 194/27/58
f 196/29/58 186/25/57 198/29/58
f 198/29/58 186/25/57 197/28/58
f 200/31/59 199/30/59 186/25/57
f 201/32/59 200/31/59 186/25/57
f 201/32/59 186/25/57 202/32/59
f 202/32/59 186/25/57 203/31/59
f 186/25/57 199/30/59 190/24/49
f 204/33/59 190/24/49 199/30/59
f 186/25/57 188/24/59 203/31/59
f 188/24/59 190/24/49 204/33/59
f 203/31/59 188/24/59 205/30/59
f 206/33/59 188/24/59 204/33/59
f 206/33/59 205/30/59 188/24/59
f 186/25/56 199/30/60 200/31/60
f 186/25/56 200/31/60 201/32/60
f 202/32/60 186/25/56 201/32/60
f 203/31/60 186/25/56 202/32/60
f 190/24/50 199/30/60 186/25/56
f 199/30/60 190/24/50 204/33/60
f 203/31/60 188/24/60 186/25/56
f 204/33/60 190/24/50 188/24/60
f 205/30/60 188/24/60 203/31/60
f 204/33/60 188/24/60 206/33/60
f 188/24/60 205/30/60 206/33/60
f 209/35/62 208/34/61 207/34/61
f 208/34/61 209/35/62 210/35/62
f 207/34/64 208/34/64 209/35/63
f 210/35/63 209/35/63 208/34/64
f 207/34/65 211/36/65 209/35/65
f 211/36/65 207/34/65 212/37/65
f 211/36/65 212/37/65 213/36/65
f 213/36/65 212/37/65 214/37/65
f 213/36/65 214/37/65 215/34/65
f 213/36/65 215/34/65 216/35/65
f 209/35/66 211/36/66 207/34/66
f 212/37/66 207/34/66 211/36/66
f 213/36/66 212/37/66 211/36/66
f 214/37/66 212/37/66 213/36/66
f 215/34/66 214/37/66 213/36/66
f 216/35/66 215/34/66 213/36/66
f 213/36/67 218/35/64 217/36/67
f 218/35/64 213/36/67 216/35/64
f 217/36/68 218/35/61 213/36/68
f 216/35/61 213/36/68 218/35/61
f 209/35/62 219/36/69 210/35/62
f 219/36/69 209/35/62 211/36/69
f 210/35/63 219/36/70 209/35/63
f 211/36/70 209/35/63 219/36/70
f 212/37/68 208/34/61 220/38/68
f 208/34/61 212/37/68 207/34/61
f 220/38/67 208/34/64 212/37/67
f 207/34/64 212/37/67 208/34/64
f 219/36/69 213/36/67 217/36/67
f 213/36/67 219/36/69 211/36/69
f 217/36/68 213/36/68 219/36/70
f 211/36/70 219/36/70 213/36/68
f 214/37/70 220/38/68 221/38/70
f 220/38/68 214/37/70 212/37/68
f 221/38/69 220/38/67 214/37/69
f 212/37/67 214/37/69 220/38/67
f 222/34/63 214/37/70 221/38/70
f 214/37/70 222/34/63 215/34/63
f 221/38/69 214/37/69 222/34/62
f 215/34/62 222/34/62 214/37/69
f 220/38/65 210/35/65 208/34/65
f 210/35/65 220/38/65 219/36/65
f 219/36/65 220/38/65 221/38/65
f 219/36/65 221/38/65 217/36/65
f 217/36/65 221/38/65 222/34/65
f 217/36/65 222/34/65 218/35/65
f 208/34/66 210/35/66 220/38/66
f 219/36/66 220/38/66 210/35/66
f 221/38/66 220/38/66 219/36/66
f 217/36/66 221/38/66 219/36/66
f 222/34/66 221/38/66 217/36/66
f 218/35/66 222/34/66 217/36/66
f 218/35/64 215/34/63 222/34/63
f 215/34/63 218/35/64 216/35/64
f 222/34/62 215/34/62 218/35/61
f 216/35/61 218/35/61 215/34/62
f 225/39/71 224/40/72 223/39/71
f 224/40/72 225/39/71 226/40/72
f 223/39/73 224/40/74 225/39/73
f 226/40/74 225/39/73 224/40/74
f 228/40/76 227/39/75 203/39/75
f 227/39/75 228/40/76 229/40/76
f 203/39/78 227/39/78 228/40/77
f 229/40/77 228/40/77 227/39/78
f 231/42/79 225/39/79 230/41/79
f 225/39/79 231/42/79 226/40/79
f 226/40/79 231/42/79 232/42/79
f 226/40/79 232/42/79 229/40/79
f 229/40/79 232/42/79 233/41/79
f 229/40/79 233/41/79 227/39/79
f 230/41/80 225/39/80 231/42/80
f 226/40/80 231/42/80 225/39/80
f 232/42/80 231/42/80 226/40/80
f 229/40/80 232/42/80 226/40/80
f 233/41/80 232/42/80 229/40/80
f 227/39/80 233/41/80 229/40/80
f 231/42/77 235/41/78 234/42/77
f 235/41/78 231/42/77 230/41/78
f 234/42/76 235/41/75 231/42/76
f 230/41/75 231/42/76 235/41/75
f 226/40/72 228/40/76 224/40/72
f 228/40/76 226/40/72 229/40/76
f 224/40/74 228/40/77 226/40/74
f 229/40/77 226/40/74 228/40/77
f 205/41/73 232/42/74 236/42/74
f 232/42/74 205/41/73 233/41/73
f 236/42/72 232/42/72 205/41/71
f 233/41/71 205/41/71 232/42/72
f 225/39/71 235/41/78 230/41/78
f 235/41/78 225/39/71 223/39/71
f 230/41/75 235/41/75 225/39/73
f 223/39/73 225/39/73 235/41/75
f 236/42/74 231/42/77 234/42/77
f 231/42/77 236/42/74 232/42/74
f 234/42/76 231/42/76 236/42/72
f 232/42/72 236/42/72 231/42/76
f 234/42/79 223/39/79 235/41/79
f 223/39/79 234/42/79 224/40/79
f 224/40/79 234/42/79 236/42/79
f 224/40/79 236/42/79 228/40/79
f 228/40/79 236/42/79 205/41/79
f 228/40/79 205/41/79 203/39/79
f 235/41/80 223/39/80 234/42/80
f 224/40/80 234/42/80 223/39/80
f 236/42/80 234/42/80 224/40/80
f 228/40/80 236/42/80 224/40/80
f 205/41/80 236/42/80 228/40/80
f 203/39/80 205/41/80 228/40/80
f 203/39/75 233/41/73 205/41/73
f 233/41/73 203/39/75 227/39/75
f 205/41/71 233/41/71 203/39/78
f 227/39/78 203/39/78 233/41/71
f 239/9/53 238/10/53 237/9/53
f 238/10/53 239/9/53 240/10/53
f 237/9/54 238/10/54 239/9/54
f 240/10/54 239/9/54 238/10/54
f 243/9/81 242/10/50 241/10/81
f 242/10/50 243/9/81 244/9/50
f 241/10/82 242/10/49 243/9/82
f 244/9/49 243/9/82 242/10/49
f 239/9/49 245/10/49 240/10/49
f 245/10/49 239/9/49 246/9/49
f 240/10/50 245/10/50 239/9/50
f 246/9/50 239/9/50 245/10/50
f 244/9/50 238/10/83 242/10/50
f 238/10/83 244/9/50 237/9/83
f 242/10/49 238/10/84 244/9/49
f 237/9/84 244/9/49 238/10/84
f 245/10/2 238/10/2 240/10/2
f 238/10/2 245/10/2 242/10/2
f 242/10/2 245/10/2 241/10/2
f 240/10/1 238/10/1 245/10/1
f 242/10/1 245/10/1 238/10/1
f 241/10/1 245/10/1 242/10/1
f 237/9/1 246/9/1 239/9/1
f 246/9/1 237/9/1 244/9/1
f 246/9/1 244/9/1 243/9/1
f 239/9/2 246/9/2 237/9/2
f 244/9/2 237/9/2 246/9/2
f 243/9/2 244/9/2 246/9/2
f 245/10/54 243/9/54 241/10/54
f 243/9/54 245/10/54 246/9/54
f 241/10/53 243/9/53 245/10/53
f 246/9/53 245/10/53 243/9/53
f 249/11/60 248/10/50 247/10/60
f 248/10/50 249/11/60 250/11/50
f 247/10/59 248/10/49 249/11/59
f 250/11/49 249/11/59 248/10/49
f 250/11/50 251/10/55 248/10/50
f 251/10/55 250/11/50 252/11/55
f 248/10/49 251/10/58 250/11/49
f 252/11/58 250/11/49 251/10/58
f 253/11/53 251/10/53 252/11/53
f 251/10/53 253/11/53 254/10/53
f 252/11/54 251/10/54 253/11/54
f 254/10/54 253/11/54 251/10/54
f 252/11/1 255/11/1 253/11/1
f 255/11/1 252/11/1 250/11/1
f 255/11/1 250/11/1 249/11/1
f 253/11/2 255/11/2 252/11/2
f 250/11/2 252/11/2 255/11/2
f 249/11/2 250/11/2 255/11/2
f 253/11/49 256/10/49 254/10/49
f 256/10/49 253/11/49 255/11/49
f 254/10/50 256/10/50 253/11/50
f 255/11/50 253/11/50 256/10/50
f 256/10/54 249/11/54 247/10/54
f 249/11/54 256/10/54 255/11/54
f 247/10/53 249/11/53 256/10/53
f 255/11/53 256/10/53 249/11/53
f 259/12/85 258/12/86 257/12/85
f 258/12/86 259/12/85 260/12/86
f 257/12/87 258/12/88 259/12/87
f 260/12/88 259/12/87 258/12/88
f 263/13/87 262/13/88 261/13/88
f 262/13/88 263/13/87 264/13/87
f 261/13/86 262/13/86 263/13/85
f 264/13/85 263/13/85 262/13/86
f 267/14/89 266/15/90 265/14/89
f 266/15/90 267/14/89 268/15/90
f 265/14/91 266/15/92 267/14/91
f 268/15/92 267/14/91 266/15/92
f 271/15/91 270/14/92 269/15/91
f 270/14/92 271/15/91 272/14/92
f 269/15/89 270/14/90 271/15/89
f 272/14/90 271/15/89 270/14/90
f 261/13/88 267/14/89 265/14/89
f 267/14/89 261/13/88 262/13/88
f 265/14/91 267/14/91 261/13/86
f 262/13/86 261/13/86 267/14/91
f 268/15/90 257/12/85 266/15/90
f 257/12/85 268/15/90 259/12/85
f 266/15/92 257/12/87 268/15/92
f 259/12/87 268/15/92 257/12/87
f 269/15/55 257/12/55 258/12/55
f 257/12/55 269/15/55 266/15/55
f 266/15/55 269/15/55 270/14/55
f 266/15/55 270/14/55 265/14/55
f 265/14/55 270/14/55 263/13/55
f 265/14/55 263/13/55 261/13/55
f 258/12/58 257/12/58 269/15/58
f 266/15/58 269/15/58 257/12/58
f 270/14/58 269/15/58 266/15/58
f 265/14/58 270/14/58 266/15/58
f 263/13/58 270/14/58 265/14/58
f 261/13/58 263/13/58 265/14/58
f 268/15/58 260/12/58 259/12/58
f 260/12/58 268/15/58 271/15/58
f 271/15/58 268/15/58 267/14/58
f 271/15/58 267/14/58 272/14/58
f 272/14/58 267/14/58 262/13/58
f 272/14/58 262/13/58 264/13/58
f 259/12/55 260/12/55 268/15/55
f 271/15/55 268/15/55 260/12/55
f 267/14/55 268/15/55 271/15/55
f 272/14/55 267/14/55 271/15/55
f 262/13/55 267/14/55 272/14/55
f 264/13/55 262/13/55 272/14/55
f 260/12/86 269/15/91 258/12/86
f 269/15/91 260/12/86 271/15/91
f 258/12/88 269/15/89 260/12/88
f 271/15/89 260/12/88 269/15/89
f 270/14/92 264/13/87 263/13/87
f 264/13/87 270/14/92 272/14/92
f 263/13/85 264/13/85 270/14/90
f 272/14/90 270/14/90 264/13/85
f 275/16/93 274/16/94 273/16/93
f 274/16/94 275/16/93 276/16/94
f 273/16/95 274/16/96 275/16/95
f 276/16/96 275/16/95 274/16/96
f 279/17/95 278/17/96 277/17/96
f 278/17/96 279/17/95 280/17/95
f 277/17/94 278/17/94 279/17/93
f 280/17/93 279/17/93 278/17/94
f 282/18/97 273/16/93 281/18/97
f 273/16/93 282/18/97 275/16/93
f 281/18/98 273/16/95 282/18/98
f 275/16/95 282/18/98 273/16/95
f 276/16/94 283/18/99 274/16/94
f 283/18/99 276/16/94 284/18/99
f 274/16/96 283/18/100 276/16/96
f 284/18/100 276/16/96 283/18/100
f 281/18/97 285/19/100 282/18/97
f 285/19/100 281/18/97 286/19/100
f 282/18/98 285/19/99 281/18/98
f 286/19/99 281/18/98 285/19/99
f 277/17/96 285/19/100 286/19/100
f 285/19/100 277/17/96 278/17/96
f 286/19/99 285/19/99 277/17/94
f 278/17/94 277/17/94 285/19/99
f 286/19/59 279/17/59 277/17/59
f 279/17/59 286/19/59 287/19/59
f 287/19/59 286/19/59 281/18/59
f 287/19/59 281/18/59 283/18/59
f 283/18/59 281/18/59 273/16/59
f 283/18/59 273/16/59 274/16/59
f 277/17/60 279/17/60 286/19/60
f 287/19/60 286/19/60 279/17/60
f 281/18/60 286/19/60 287/19/60
f 283/18/60 281/18/60 287/19/60
f 273/16/60 281/18/60 283/18/60
f 274/16/60 273/16/60 283/18/60
f 288/19/60 278/17/60 280/17/60
f 278/17/60 288/19/60 285/19/60
f 285/19/60 288/19/60 284/18/60
f 285/19/60 284/18/60 282/18/60
f 282/18/60 284/18/60 276/16/60
f 282/18/60 276/16/60 275/16/60
f 280/17/59 278/17/59 288/19/59
f 285/19/59 288/19/59 278/17/59
f 284/18/59 288/19/59 285/19/59
f 282/18/59 284/18/59 285/19/59
f 276/16/59 284/18/59 282/18/59
f 275/16/59 276/16/59 282/18/59
f 287/19/98 280/17/95 279/17/95
f 280/17/95 287/19/98 288/19/98
f 279/17/93 280/17/93 287/19/97
f 288/19/97 287/19/97 280/17/93
f 287/19/98 284/18/99 288/19/98
f 284/18/99 287/19/98 283/18/99
f 288/19/97 284/18/100 287/19/97
f 283/18/100 287/19/97 284/18/100
f 291/20/85 290/20/86 289/20/85
f 290/20/86 291/20/85 292/20/86
f 289/20/87 290/20/88 291/20/87
f 292/20/88 291/20/87 290/20/88
f 295/21/87 294/21/88 293/21/88
f 294/21/88 295/21/87 296/21/87
f 293/21/86 294/21/86 295/21/85
f 296/21/85 295/21/85 294/21/86
f 293/21/88 298/22/89 297/22/89
f 298/22/89 293/21/88 294/21/88
f 297/22/91 298/22/91 293/21/86
f 294/21/86 293/21/86 298/22/91
f 300/23/90 289/20/85 299/23/90
f 289/20/85 300/23/90 291/20/85
f 299/23/92 289/20/87 300/23/92
f 291/20/87 300/23/92 289/20/87
f 303/23/91 302/22/92 301/23/91
f 302/22/92 303/23/91 304/22/92
f 301/23/89 302/22/90 303/23/89
f 304/22/90 303/23/89 302/22/90
f 298/22/89 299/23/90 297/22/89
f 299/23/90 298/22/89 300/23/90
f 297/22/91 299/23/92 298/22/91
f 300/23/92 298/22/91 299/23/92
f 301/23/55 289/20/55 290/20/55
f 289/20/55 301/23/55 299/23/55
f 299/23/55 301/23/55 302/22/55
f 299/23/55 302/22/55 297/22/55
f 297/22/55 302/22/55 295/21/55
f 297/22/55 295/21/55 293/21/55
f 290/20/58 289/20/58 301/23/58
f 299/23/58 301/23/58 289/20/58
f 302/22/58 301/23/58 299/23/58
f 297/22/58 302/22/58 299/23/58
f 295/21/58 302/22/58 297/22/58
f 293/21/58 295/21/58 297/22/58
f 292/20/86 301/23/91 290/20/86
f 301/23/91 292/20/86 303/23/91
f 290/20/88 301/23/89 292/20/88
f 303/23/89 292/20/88 301/23/89
f 300/23/58 292/20/58 291/20/58
f 292/20/58 300/23/58 303/23/58
f 303/23/58 300/23/58 298/22/58
f 303/23/58 298/22/58 304/22/58
f 304/22/58 298/22/58 294/21/58
f 304/22/58 294/21/58 296/21/58
f 291/20/55 292/20/55 300/23/55
f 303/23/55 300/23/55 292/20/55
f 298/22/55 300/23/55 303/23/55
f 304/22/55 298/22/55 303/23/55
f 294/21/55 298/22/55 304/22/55
f 296/21/55 294/21/55 304/22/55
f 302/22/92 296/21/87 295/21/87
f 296/21/87 302/22/92 304/22/92
f 295/21/85 296/21/85 302/22/90
f 304/22/90 302/22/90 296/21/85
f 311/9/54 313/10/54 314/9/54
f 313/10/54 311/9/54 309/10/54
f 314/9/53 313/10/53 311/9/53
f 309/10/53 311/9/53 313/10/53
f 314/9/2 312/9/2 311/9/2
f 314/9/2 305/9/2 312/9/2
f 305/9/2 314/9/2 307/9/2
f 311/9/1 312/9/1 314/9/1
f 312/9/1 305/9/1 314/9/1
f 307/9/1 314/9/1 305/9/1
f 310/10/1 313/10/1 309/10/1
f 306/10/1 313/10/1 310/10/1
f 313/10/1 306/10/1 308/10/1
f 309/10/2 313/10/2 310/10/2
f 310/10/2 313/10/2 306/10/2
f 308/10/2 306/10/2 313/10/2
f 306/10/104 312/9/49 305/9/104
f 312/9/49 306/10/104 310/10/49
f 305/9/103 312/9/50 306/10/103
f 310/10/50 306/10/103 312/9/50
f 313/10/50 307/9/50 314/9/50
f 307/9/50 313/10/50 308/10/50
f 314/9/49 307/9/49 313/10/49
f 308/10/49 313/10/49 307/9/49
f 310/10/49 311/9/102 312/9/49
f 311/9/102 310/10/49 309/10/102
f 312/9/50 311/9/101 310/10/50
f 309/10/101 310/10/50 311/9/101
f 306/10/53 307/9/53 308/10/53
f 307/9/53 306/10/53 305/9/53
f 308/10/54 307/9/54 306/10/54
f 305/9/54 306/10/54 307/9/54
f 317/11/54 324/10/54 323/11/54
f 324/10/54 317/11/54 315/10/54
f 323/11/53 324/10/53 317/11/53
f 315/10/53 317/11/53 324/10/53
f 324/10/50 321/11/50 323/11/50
f 321/11/50 324/10/50 322/10/50
f 323/11/49 321/11/49 324/10/49
f 322/10/49 324/10/49 321/11/49
f 323/11/2 318/11/2 317/11/2
f 323/11/2 320/11/2 318/11/2
f 320/11/2 323/11/2 321/11/2
f 317/11/1 318/11/1 323/11/1
f 318/11/1 320/11/1 323/11/1
f 321/11/1 323/11/1 320/11/1
f 319/10/53 321/11/53 322/10/53
f 321/11/53 319/10/53 320/11/53
f 322/10/54 321/11/54 319/10/54
f 320/11/54 319/10/54 321/11/54
f 319/10/59 318/11/49 320/11/59
f 318/11/49 319/10/59 316/10/49
f 320/11/60 318/11/50 319/10/60
f 316/10/50 319/10/60 318/11/50
f 316/10/49 317/11/58 318/11/49
f 317/11/58 316/10/49 315/10/58
f 318/11/50 317/11/55 316/10/50
f 315/10/55 316/10/50 317/11/55
f 332/13/95 338/14/98 340/14/98
f 338/14/98 332/13/95 331/13/95
f 340/14/97 338/14/97 332/13/93
f 331/13/93 332/13/93 338/14/97
f 337/15/99 328/12/94 339/15/99
f 328/12/94 337/15/99 326/12/94
f 339/15/100 328/12/96 337/15/100
f 326/12/96 337/15/100 328/12/96
f 340/14/60 330/13/60 332/13/60
f 340/14/60 335/14/60 330/13/60
f 339/15/60 335/14/60 340/14/60
f 339/15/60 336/15/60 335/14/60
f 328/12/60 336/15/60 339/15/60
f 336/15/60 328/12/60 327/12/60
f 332/13/59 330/13/59 340/14/59
f 330/13/59 335/14/59 340/14/59
f 340/14/59 335/14/59 339/15/59
f 335/14/59 336/15/59 339/15/59
f 339/15/59 336/15/59 328/12/59
f 327/12/59 328/12/59 336/15/59
f 333/14/59 331/13/59 329/13/59
f 333/14/59 338/14/59 331/13/59
f 334/15/59 338/14/59 333/14/59
f 334/15/59 337/15/59 338/14/59
f 325/12/59 337/15/59 334/15/59
f 337/15/59 325/12/59 326/12/59
f 329/13/60 331/13/60 333/14/60
f 331/13/60 338/14/60 333/14/60
f 333/14/60 338/14/60 334/15/60
f 338/14/60 337/15/60 334/15/60
f 334/15/60 337/15/60 325/12/60
f 326/12/60 325/12/60 337/15/60
f 325/12/93 336/15/97 327/12/93
f 336/15/97 325/12/93 334/15/97
f 327/12/95 336/15/98 325/12/95
f 334/15/98 325/12/95 336/15/98
f 335/14/100 329/13/96 330/13/96
f 329/13/96 335/14/100 333/14/100
f 330/13/94 329/13/94 335/14/99
f 333/14/99 335/14/99 329/13/94
f 338/14/98 339/15/99 340/14/98
f 339/15/99 338/14/98 337/15/99
f 340/14/97 339/15/100 338/14/97
f 337/15/100 338/14/97 339/15/100
f 334/15/97 335/14/100 336/15/97
f 335/14/100 334/15/97 333/14/100
f 336/15/98 335/14/99 334/15/98
f 333/14/99 334/15/98 335/14/99
f 330/13/96 331/13/95 332/13/95
f 331/13/95 330/13/96 329/13/96
f 332/13/93 331/13/93 330/13/94
f 329/13/94 330/13/94 331/13/93
f 326/12/94 327/12/93 328/12/94
f 327/12/93 326/12/94 325/12/93
f 328/12/96 327/12/95 326/12/96
f 325/12/95 326/12/96 327/12/95
f 352/18/91 355/19/92 351/18/91
f 355/19/92 352/18/91 356/19/92
f 351/18/89 355/19/90 352/18/89
f 356/19/90 352/18/89 355/19/90
f 348/17/87 355/19/92 356/19/92
f 355/19/92 348/17/87 347/17/87
f 356/19/90 355/19/90 348/17/85
f 347/17/85 348/17/85 355/19/90
f 350/18/58 344/16/58 343/16/58
f 350/18/58 352/18/58 344/16/58
f 353/19/58 352/18/58 350/18/58
f 353/19/58 356/19/58 352/18/58
f 346/17/58 356/19/58 353/19/58
f 356/19/58 346/17/58 348/17/58
f 343/16/55 344/16/55 350/18/55
f 344/16/55 352/18/55 350/18/55
f 350/18/55 352/18/55 353/19/55
f 352/18/55 356/19/55 353/19/55
f 353/19/55 356/19/55 346/17/55
f 348/17/55 346/17/55 356/19/55
f 351/18/55 341/16/55 342/16/55
f 351/18/55 349/18/55 341/16/55
f 355/19/55 349/18/55 351/18/55
f 355/19/55 354/19/55 349/18/55
f 347/17/55 354/19/55 355/19/55
f 354/19/55 347/17/55 345/17/55
f 342/16/58 341/16/58 351/18/58
f 341/16/58 349/18/58 351/18/58
f 351/18/58 349/18/58 355/19/58
f 349/18/58 354/19/58 355/19/58
f 355/19/58 354/19/58 347/17/58
f 345/17/58 347/17/58 354/19/58
f 353/19/89 345/17/88 346/17/88
f 345/17/88 353/19/89 354/19/89
f 346/17/86 345/17/86 353/19/91
f 354/19/91 353/19/91 345/17/86
f 353/19/89 349/18/90 354/19/89
f 349/18/90 353/19/89 350/18/90
f 354/19/91 349/18/92 353/19/91
f 350/18/92 353/19/91 349/18/92
f 351/18/91 344/16/86 352/18/91
f 344/16/86 351/18/91 342/16/86
f 352/18/89 344/16/88 351/18/89
f 342/16/88 351/18/89 344/16/88
f 341/16/85 350/18/90 343/16/85
f 350/18/90 341/16/85 349/18/90
f 343/16/87 350/18/92 341/16/87
f 349/18/92 341/16/87 350/18/92
f 346/17/88 347/17/87 348/17/87
f 347/17/87 346/17/88 345/17/88
f 348/17/85 347/17/85 346/17/86
f 345/17/86 346/17/86 347/17/85
f 342/16/86 343/16/85 344/16/86
f 343/16/85 342/16/86 341/16/85
f 344/16/88 343/16/87 342/16/88
f 341/16/87 342/16/88 343/16/87
f 364/21/95 370/22/98 372/22/98
f 370/22/98 364/21/95 363/21/95
f 372/22/97 370/22/97 364/21/93
f 363/21/93 364/21/93 370/22/97
f 372/22/60 362/21/60 364/21/60
f 372/22/60 366/22/60 362/21/60
f 371/23/60 366/22/60 372/22/60
f 371/23/60 368/23/60 366/22/60
f 360/20/60 368/23/60 371/23/60
f 368/23/60 360/20/60 359/20/60
f 364/21/59 362/21/59 372/22/59
f 362/21/59 366/22/59 372/22/59
f 372/22/59 366/22/59 371/23/59
f 366/22/59 368/23/59 371/23/59
f 371/23/59 368/23/59 360/20/59
f 359/20/59 360/20/59 368/23/59
f 369/23/99 360/20/94 371/23/99
f 360/20/94 369/23/99 358/20/94
f 371/23/100 360/20/96 369/23/100
f 358/20/96 369/23/100 360/20/96
f 365/22/59 363/21/59 361/21/59
f 365/22/59 370/22/59 363/21/59
f 367/23/59 370/22/59 365/22/59
f 367/23/59 369/23/59 370/22/59
f 357/20/59 369/23/59 367/23/59
f 369/23/59 357/20/59 358/20/59
f 361/21/60 363/21/60 365/22/60
f 363/21/60 370/22/60 365/22/60
f 365/22/60 370/22/60 367/23/60
f 370/22/60 369/23/60 367/23/60
f 367/23/60 369/23/60 357/20/60
f 358/20/60 357/20/60 369/23/60
f 367/23/97 366/22/100 368/23/97
f 366/22/100 367/23/97 365/22/100
f 368/23/98 366/22/99 367/23/98
f 365/22/99 367/23/98 366/22/99
f 370/22/98 371/23/99 372/22/98
f 371/23/99 370/22/98 369/23/99
f 372/22/97 371/23/100 370/22/97
f 369/23/100 370/22/97 371/23/100
f 357/20/93 368/23/97 359/20/93
f 368/23/97 357/20/93 367/23/97
f 359/20/95 368/23/98 357/20/95
f 367/23/98 357/20/95 368/23/98
f 366/22/100 361/21/96 362/21/96
f 361/21/96 366/22/100 365/22/100
f 362/21/94 361/21/94 366/22/99
f 365/22/99 366/22/99 361/21/94
f 362/21/96 363/21/95 364/21/95
f 363/21/95 362/21/96 361/21/96
f 364/21/93 363/21/93 362/21/94
f 361/21/94 362/21/94 363/21/93
f 358/20/94 359/20/93 360/20/94
f 359/20/93 358/20/94 357/20/93
f 360/20/96 359/20/95 358/20/96
f 357/20/95 358/20/96 359/20/95
f 375/9/21 374/10/21 373/9/21
f 374/10/21 375/9/21 376/10/21
f 373/9/22 374/10/22 375/9/22
f 376/10/22 375/9/22 374/10/22
f 379/9/23 378/10/24 377/10/23
f 378/10/24 379/9/23 380/9/24
f 377/10/25 378/10/26 379/9/25
f 380/9/26 379/9/25 378/10/26
f 375/9/26 381/10/26 376/10/26
f 381/10/26 375/9/26 382/9/26
f 376/10/24 381/10/24 375/9/24
f 382/9/24 375/9/24 381/10/24
f 380/9/24 374/10/27 378/10/24
f 374/10/27 380/9/24 373/9/27
f 378/10/26 374/10/28 380/9/26
f 373/9/28 380/9/26 374/10/28
f 381/10/2 374/10/2 376/10/2
f 374/10/2 381/10/2 378/10/2
f 378/10/2 381/10/2 377/10/2
f 376/10/1 374/10/1 381/10/1
f 378/10/1 381/10/1 374/10/1
f 377/10/1 381/10/1 378/10/1
f 373/9/1 382/9/1 375/9/1
f 382/9/1 373/9/1 380/9/1
f 382/9/1 380/9/1 379/9/1
f 375/9/2 382/9/2 373/9/2
f 380/9/2 373/9/2 382/9/2
f 379/9/2 380/9/2 382/9/2
f 381/10/22 379/9/22 377/10/22
f 379/9/22 381/10/22 382/9/22
f 377/10/21 379/9/21 381/10/21
f 382/9/21 381/10/21 379/9/21
f 385/11/29 384/10/24 383/10/29
f 384/10/24 385/11/29 386/11/24
f 383/10/30 384/10/26 385/11/30
f 386/11/26 385/11/30 384/10/26
f 386/11/24 387/10/31 384/10/24
f 387/10/31 386/11/24 388/11/31
f 384/10/26 387/10/32 386/11/26
f 388/11/32 386/11/26 387/10/32
f 389/11/21 387/10/21 388/11/21
f 387/10/21 389/11/21 390/10/21
f 388/11/22 387/10/22 389/11/22
f 390/10/22 389/11/22 387/10/22
f 388/11/1 391/11/1 389/11/1
f 391/11/1 388/11/1 386/11/1
f 391/11/1 386/11/1 385/11/1
f 389/11/2 391/11/2 388/11/2
f 386/11/2 388/11/2 391/11/2
f 385/11/2 386/11/2 391/11/2
f 389/11/26 392/10/26 390/10/26
f 392/10/26 389/11/26 391/11/26
f 390/10/24 392/10/24 389/11/24
f 391/11/24 389/11/24 392/10/24
f 392/10/22 385/11/22 383/10/22
f 385/11/22 392/10/22 391/11/22
f 383/10/21 385/11/21 392/10/21
f 391/11/21 392/10/21 385/11/21
f 395/12/33 394/12/34 393/12/33
f 394/12/34 395/12/33 396/12/34
f 393/12/35 394/12/36 395/12/35
f 396/12/36 395/12/35 394/12/36
f 399/13/35 398/13/36 397/13/36
f 398/13/36 399/13/35 400/13/35
f 397/13/34 398/13/34 399/13/33
f 400/13/33 399/13/33 398/13/34
f 403/14/37 402/15/38 401/14/37
f 402/15/38 403/14/37 404/15/38
f 401/14/39 402/15/40 403/14/39
f 404/15/40 403/14/39 402/15/40
f 407/15/39 406/14/40 405/15/39
f 406/14/40 407/15/39 408/14/40
f 405/15/37 406/14/38 407/15/37
f 408/14/38 407/15/37 406/14/38
f 397/13/36 403/14/37 401/14/37
f 403/14/37 397/13/36 398/13/36
f 401/14/39 403/14/39 397/13/34
f 398/13/34 397/13/34 403/14/39
f 404/15/38 393/12/33 402/15/38
f 393/12/33 404/15/38 395/12/33
f 402/15/40 393/12/35 404/15/40
f 395/12/35 404/15/40 393/12/35
f 405/15/31 393/12/31 394/12/31
f 393/12/31 405/15/31 402/15/31
f 402/15/31 405/15/31 406/14/31
f 402/15/31 406/14/31 401/14/31
f 401/14/31 406/14/31 399/13/31
f 401/14/31 399/13/31 397/13/31
f 394/12/32 393/12/32 405/15/32
f 402/15/32 405/15/32 393/12/32
f 406/14/32 405/15/32 402/15/32
f 401/14/32 406/14/32 402/15/32
f 399/13/32 406/14/32 401/14/32
f 397/13/32 399/13/32 401/14/32
f 404/15/32 396/12/32 395/12/32
f 396/12/32 404/15/32 407/15/32
f 407/15/32 404/15/32 403/14/32
f 407/15/32 403/14/32 408/14/32
f 408/14/32 403/14/32 398/13/32
f 408/14/32 398/13/32 400/13/32
f 395/12/31 396/12/31 404/15/31
f 407/15/31 404/15/31 396/12/31
f 403/14/31 404/15/31 407/15/31
f 408/14/31 403/14/31 407/15/31
f 398/13/31 403/14/31 408/14/31
f 400/13/31 398/13/31 408/14/31
f 396/12/34 405/15/39 394/12/34
f 405/15/39 396/12/34 407/15/39
f 394/12/36 405/15/37 396/12/36
f 407/15/37 396/12/36 405/15/37
f 406/14/40 400/13/35 399/13/35
f 400/13/35 406/14/40 408/14/40
f 399/13/33 400/13/33 406/14/38
f 408/14/38 406/14/38 400/13/33
f 411/16/41 410/16/42 409/16/41
f 410/16/42 411/16/41 412/16/42
f 409/16/43 410/16/44 411/16/43
f 412/16/44 411/16/43 410/16/44
f 415/17/43 414/17/44 413/17/44
f 414/17/44 415/17/43 416/17/43
f 413/17/42 414/17/42 415/17/41
f 416/17/41 415/17/41 414/17/42
f 418/18/45 409/16/41 417/18/45
f 409/16/41 418/18/45 411/16/41
f 417/18/46 409/16/43 418/18/46
f 411/16/43 418/18/46 409/16/43
f 412/16/42 419/18/47 410/16/42
f 419/18/47 412/16/42 420/18/47
f 410/16/44 419/18/48 412/16/44
f 420/18/48 412/16/44 419/18/48
f 417/18/45 421/19/48 418/18/45
f 421/19/48 417/18/45 422/19/48
f 418/18/46 421/19/47 417/18/46
f 422/19/47 417/18/46 421/19/47
f 413/17/44 421/19/48 422/19/48
f 421/19/48 413/17/44 414/17/44
f 422/19/47 421/19/47 413/17/42
f 414/17/42 413/17/42 421/19/47
f 422/19/30 415/17/30 413/17/30
f 415/17/30 422/19/30 423/19/30
f 423/19/30 422/19/30 417/18/30
f 423/19/30 417/18/30 419/18/30
f 419/18/30 417/18/30 409/16/30
f 419/18/30 409/16/30 410/16/30
f 413/17/29 415/17/29 422/19/29
f 423/19/29 422/19/29 415/17/29
f 417/18/29 422/19/29 423/19/29
f 419/18/29 417/18/29 423/19/29
f 409/16/29 417/18/29 419/18/29
f 410/16/29 409/16/29 419/18/29
f 424/19/29 414/17/29 416/17/29
f 414/17/29 424/19/29 421/19/29
f 421/19/29 424/19/29 420/18/29
f 421/19/29 420/18/29 418/18/29
f 418/18/29 420/18/29 412/16/29
f 418/18/29 412/16/29 411/16/29
f 416/17/30 414/17/30 424/19/30
f 421/19/30 424/19/30 414/17/30
f 420/18/30 424/19/30 421/19/30
f 418/18/30 420/18/30 421/19/30
f 412/16/30 420/18/30 418/18/30
f 411/16/30 412/16/30 418/18/30
f 423/19/46 416/17/43 415/17/43
f 416/17/43 423/19/46 424/19/46
f 415/17/41 416/17/41 423/19/45
f 424/19/45 423/19/45 416/17/41
f 423/19/46 420/18/47 424/19/46
f 420/18/47 423/19/46 419/18/47
f 424/19/45 420/18/48 423/19/45
f 419/18/48 423/19/45 420/18/48
f 427/20/33 426/20/34 425/20/33
f 426/20/34 427/20/33 428/20/34
f 425/20/35 426/20/36 427/20/35
f 428/20/36 427/20/35 426/20/36
f 431/21/35 430/21/36 429/21/36
f 430/21/36 431/21/35 432/21/35
f 429/21/34 430/21/34 431/21/33
f 432/21/33 431/21/33 430/21/34
f 429/21/36 434/22/37 433/22/37
f 434/22/37 429/21/36 430/21/36
f 433/22/39 434/22/39 429/21/34
f 430/21/34 429/21/34 434/22/39
f 436/23/38 425/20/33 435/23/38
f 425/20/33 436/23/38 427/20/33
f 435/23/40 425/20/35 436/23/40
f 427/20/35 436/23/40 425/20/35
f 439/23/39 438/22/40 437/23/39
f 438/22/40 439/23/39 440/22/40
f 437/23/37 438/22/38 439/23/37
f 440/22/38 439/23/37 438/22/38
f 434/22/37 435/23/38 433/22/37
f 435/23/38 434/22/37 436/23/38
f 433/22/39 435/23/40 434/22/39
f 436/23/40 434/22/39 435/23/40
f 437/23/31 425/20/31 426/20/31
f 425/20/31 437/23/31 435/23/31
f 435/23/31 437/23/31 438/22/31
f 435/23/31 438/22/31 433/22/31
f 433/22/31 438/22/31 431/21/31
f 433/22/31 431/21/31 429/21/31
f 426/20/32 425/20/32 437/23/32
f 435/23/32 437/23/32 425/20/32
f 438/22/32 437/23/32 435/23/32
f 433/22/32 438/22/32 435/23/32
f 431/21/32 438/22/32 433/22/32
f 429/21/32 431/21/32 433/22/32
f 428/20/34 437/23/39 426/20/34
f 437/23/39 428/20/34 439/23/39
f 426/20/36 437/23/37 428/20/36
f 439/23/37 428/20/36 437/23/37
f 436/23/32 428/20/32 427/20/32
f 428/20/32 436/23/32 439/23/32
f 439/23/32 436/23/32 434/22/32
f 439/23/32 434/22/32 440/22/32
f 440/22/32 434/22/32 430/21/32
f 440/22/32 430/21/32 432/21/32
f 427/20/31 428/20/31 436/23/31
f 439/23/31 436/23/31 428/20/31
f 434/22/31 436/23/31 439/23/31
f 440/22/31 434/22/31 439/23/31
f 430/21/31 434/22/31 440/22/31
f 432/21/31 430/21/31 440/22/31
f 438/22/40 432/21/35 431/21/35
f 432/21/35 438/22/40 440/22/40
f 431/21/33 432/21/33 438/22/38
f 440/22/38 438/22/38 432/21/33
f 464/33/31 463/30/31 446/24/31
f 464/33/31 446/24/31 462/33/31
f 461/31/31 446/24/31 463/30/31
f 446/24/31 448/24/24 462/33/31
f 444/25/107 446/24/31 461/31/31
f 462/33/31 448/24/24 457/30/31
f 444/25/107 457/30/31 448/24/24
f 460/32/31 444/25/107 461/31/31
f 459/32/31 444/25/107 460/32/31
f 459/32/31 458/31/31 444/25/107
f 458/31/31 457/30/31 444/25/107
f 446/24/32 463/30/32 464/33/32
f 462/33/32 446/24/32 464/33/32
f 463/30/32 446/24/32 461/31/32
f 462/33/32 448/24/26 446/24/32
f 461/31/32 446/24/32 444/25/108
f 457/30/32 448/24/26 462/33/32
f 448/24/26 457/30/32 444/25/108
f 461/31/32 444/25/108 460/32/32
f 460/32/32 444/25/108 459/32/32
f 444/25/108 458/31/32 459/32/32
f 444/25/108 457/30/32 458/31/32
f 455/28/30 444/25/108 456/29/30
f 456/29/30 444/25/108 454/29/30
f 452/27/30 444/25/108 455/28/30
f 445/11/30 454/29/30 444/25/108
f 445/11/30 453/28/30 454/29/30
f 445/11/30 451/27/30 453/28/30
f 447/24/30 451/27/30 445/11/30
f 449/26/30 444/25/108 452/27/30
f 451/27/30 447/24/30 450/26/30
f 450/26/30 447/24/30 449/26/30
f 447/24/30 444/25/108 449/26/30
f 444/25/108 447/24/30 448/24/26
f 456/29/29 444/25/107 455/28/29
f 454/29/29 444/25/107 456/29/29
f 455/28/29 444/25/107 452/27/29
f 444/25/107 454/29/29 445/11/29
f 454/29/29 453/28/29 445/11/29
f 453/28/29 451/27/29 445/11/29
f 445/11/29 451/27/29 447/24/29
f 452/27/29 444/25/107 449/26/29
f 450/26/29 447/24/29 451/27/29
f 449/26/29 447/24/29 450/26/29
f 449/26/29 444/25/107 447/24/29
f 448/24/24 447/24/29 444/25/107
f 447/24/21 443/11/21 441/24/21
f 443/11/21 447/24/21 445/11/21
f 441/24/22 443/11/22 447/24/22
f 445/11/22 447/24/22 443/11/22
f 445/11/106 442/24/106 443/11/106
f 445/11/106 446/24/106 442/24/106
f 446/24/106 445/11/106 444/25/106
f 443/11/105 442/24/105 445/11/105
f 442/24/105 446/24/105 445/11/105
f 444/25/105 445/11/105 446/24/105
f 443/11/24 442/24/24 441/24/24
f 441/24/26 442/24/26 443/11/26
f 473/34/110 476/35/109 474/35/109
f 476/35/109 473/34/110 480/34/110
f 474/35/112 476/35/112 473/34/111
f 480/34/111 473/34/111 476/35/112
f 475/36/114 480/34/114 476/35/114
f 475/36/114 479/38/114 480/34/114
f 477/36/114 479/38/114 475/36/114
f 477/36/114 478/38/114 479/38/114
f 468/35/114 478/38/114 477/36/114
f 478/38/114 468/35/114 466/34/114
f 476/35/113 480/34/113 475/36/113
f 480/34/113 479/38/113 475/36/113
f 475/36/113 479/38/113 477/36/113
f 479/38/113 478/38/113 477/36/113
f 477/36/113 478/38/113 468/35/113
f 466/34/113 468/35/113 478/38/113
f 472/37/117 480/34/110 473/34/110
f 480/34/110 472/37/117 479/38/117
f 473/34/111 480/34/111 472/37/118
f 479/38/118 472/37/118 480/34/111
f 478/38/115 472/37/117 470/37/115
f 472/37/117 478/38/115 479/38/117
f 470/37/116 472/37/118 478/38/116
f 479/38/118 478/38/116 472/37/118
f 471/36/116 477/36/118 469/36/118
f 477/36/118 471/36/116 475/36/116
f 469/36/117 477/36/117 471/36/115
f 475/36/115 471/36/115 477/36/117
f 466/34/112 470/37/115 465/34/112
f 470/37/115 466/34/112 478/38/115
f 465/34/109 470/37/116 466/34/109
f 478/38/116 466/34/109 470/37/116
f 477/36/118 467/35/111 469/36/118
f 467/35/111 477/36/118 468/35/111
f 469/36/117 467/35/110 477/36/117
f 468/35/110 477/36/117 467/35/110
f 476/35/109 471/36/116 474/35/109
f 471/36/116 476/35/109 475/36/116
f 474/35/112 471/36/115 476/35/112
f 475/36/115 476/35/112 471/36/115
f 471/36/114 473/34/114 474/35/114
f 471/36/114 472/37/114 473/34/114
f 471/36/114 470/37/114 472/37/114
f 469/36/114 470/37/114 471/36/114
f 469/36/114 465/34/114 470/37/114
f 465/34/114 469/36/114 467/35/114
f 474/35/113 473/34/113 471/36/113
f 473/34/113 472/37/113 471/36/113
f 472/37/113 470/37/113 471/36/113
f 471/36/113 470/37/113 469/36/113
f 470/37/113 465/34/113 469/36/113
f 467/35/113 469/36/113 465/34/113
f 466/34/112 467/35/111 468/35/111
f 467/35/111 466/34/112 465/34/112
f 468/35/110 467/35/110 466/34/109
f 465/34/109 466/34/109 467/35/110
f 491/41/119 461/39/126 485/39/126
f 461/39/126 491/41/119 463/41/119
f 485/39/123 461/39/123 491/41/121
f 463/41/121 491/41/121 461/39/123
f 486/40/128 463/41/128 461/39/128
f 486/40/128 494/42/128 463/41/128
f 482/40/128 494/42/128 486/40/128
f 482/40/128 492/42/128 494/42/128
f 481/39/128 492/42/128 482/40/128
f 492/42/128 481/39/128 493/41/128
f 461/39/127 463/41/127 486/40/127
f 463/41/127 494/42/127 486/40/127
f 486/40/127 494/42/127 482/40/127
f 494/42/127 492/42/127 482/40/127
f 482/40/127 492/42/127 481/39/127
f 493/41/127 481/39/127 492/42/127
f 489/42/124 494/42/120 490/42/120
f 494/42/120 489/42/124 492/42/124
f 490/42/122 494/42/122 489/42/125
f 492/42/125 489/42/125 494/42/122
f 493/41/123 483/39/121 481/39/121
f 483/39/121 493/41/123 488/41/123
f 481/39/119 483/39/119 493/41/126
f 488/41/126 493/41/126 483/39/119
f 490/42/120 463/41/119 491/41/119
f 463/41/119 490/42/120 494/42/120
f 491/41/121 463/41/121 490/42/122
f 494/42/122 490/42/122 463/41/121
f 486/40/125 484/40/122 487/40/125
f 484/40/122 486/40/125 482/40/122
f 487/40/124 484/40/120 486/40/124
f 482/40/120 486/40/124 484/40/120
f 493/41/123 489/42/124 488/41/123
f 489/42/124 493/41/123 492/42/124
f 488/41/126 489/42/125 493/41/126
f 492/42/125 493/41/126 489/42/125
f 487/40/128 491/41/128 485/39/128
f 487/40/128 490/42/128 491/41/128
f 484/40/128 490/42/128 487/40/128
f 484/40/128 489/42/128 490/42/128
f 483/39/128 489/42/128 484/40/128
f 489/42/128 483/39/128 488/41/128
f 485/39/127 491/41/127 487/40/127
f 491/41/127 490/42/127 487/40/127
f 487/40/127 490/42/127 484/40/127
f 490/42/127 489/42/127 484/40/127
f 484/40/127 489/42/127 483/39/127
f 488/41/127 483/39/127 489/42/127
f 485/39/126 486/40/125 487/40/125
f 486/40/125 485/39/126 461/39/126
f 487/40/124 486/40/124 485/39/123
f 461/39/123 485/39/123 486/40/124
f 482/40/122 483/39/121 484/40/122
f 483/39/121 482/40/122 481/39/121
f 484/40/120 483/39/119 482/40/120
f 481/39/119 482/40/120 483/39/119
f 497/24/22 496/11/22 495/24/22
f 496/11/22 497/24/22 498/11/22
f 495/24/21 496/11/21 497/24/21
f 498/11/21 497/24/21 496/11/21
f 501/11/21 500/24/21 499/11/21
f 500/24/21 501/11/21 502/24/21
f 499/11/22 500/24/22 501/11/22
f 502/24/22 501/11/22 500/24/22
f 501/11/26 497/24/26 502/24/26
f 497/24/26 501/11/26 498/11/26
f 502/24/24 497/24/24 501/11/24
f 498/11/24 501/11/24 497/24/24
f 499/11/1 498/11/1 501/11/1
f 498/11/1 499/11/1 503/11/1
f 498/11/1 503/11/1 496/11/1
f 501/11/2 498/11/2 499/11/2
f 503/11/2 499/11/2 498/11/2
f 496/11/2 503/11/2 498/11/2
f 505/44/28 504/43/28 499/11/28
f 506/45/28 505/44/28 499/11/28
f 499/11/28 504/43/28 500/24/28
f 503/11/26 506/45/28 499/11/28
f 507/46/28 500/24/28 504/43/28
f 508/46/28 500/24/28 507/46/28
f 506/45/28 503/11/26 509/45/28
f 509/45/28 503/11/26 510/44/28
f 508/46/28 511/43/28 500/24/28
f 510/44/28 503/11/26 511/43/28
f 500/24/28 511/43/28 512/24/26
f 503/11/26 512/24/26 511/43/28
f 512/24/24 511/43/27 500/24/27
f 511/43/27 512/24/24 503/11/24
f 500/24/27 511/43/27 508/46/27
f 507/46/27 500/24/27 508/46/27
f 504/43/27 500/24/27 507/46/27
f 511/43/27 503/11/24 510/44/27
f 510/44/27 503/11/24 509/45/27
f 509/45/27 503/11/24 506/45/27
f 500/24/27 504/43/27 499/11/27
f 499/11/27 506/45/27 503/11/24
f 499/11/27 504/43/27 505/44/27
f 499/11/27 505/44/27 506/45/27
f 514/48/25 513/47/25 503/11/26
f 515/49/25 514/48/25 503/11/26
f 496/11/25 515/49/25 503/11/26
f 515/49/25 496/11/25 516/49/25
f 516/49/25 496/11/25 517/48/25
f 517/48/25 496/11/25 518/47/25
f 513/47/25 519/50/25 503/11/26
f 520/51/25 519/50/25 513/47/25
f 521/51/25 519/50/25 520/51/25
f 519/50/25 522/52/25 503/11/26
f 519/50/25 521/51/25 523/50/25
f 523/50/25 521/51/25 524/52/25
f 524/52/25 521/51/25 525/53/25
f 525/53/25 521/51/25 526/54/25
f 522/52/25 527/53/25 503/11/26
f 521/51/25 518/47/25 528/55/25
f 526/54/25 521/51/25 528/55/25
f 518/47/25 496/11/25 528/55/25
f 526/54/25 528/55/25 529/54/25
f 529/54/25 528/55/25 527/53/25
f 528/55/25 530/56/25 527/53/25
f 528/55/25 496/11/25 531/55/25
f 531/55/25 496/11/25 532/56/25
f 532/56/25 496/11/25 533/57/25
f 496/11/25 495/24/25 533/57/25
f 533/57/25 495/24/25 534/58/25
f 530/56/25 535/57/25 527/53/25
f 527/53/25 535/57/25 503/11/26
f 512/24/26 534/58/25 495/24/25
f 503/11/26 535/57/25 512/24/26
f 534/58/25 512/24/26 536/58/25
f 536/58/25 512/24/26 535/57/25
f 503/11/24 513/47/23 514/48/23
f 503/11/24 514/48/23 515/49/23
f 503/11/24 515/49/23 496/11/23
f 516/49/23 496/11/23 515/49/23
f 517/48/23 496/11/23 516/49/23
f 518/47/23 496/11/23 517/48/23
f 503/11/24 519/50/23 513/47/23
f 513/47/23 519/50/23 520/51/23
f 520/51/23 519/50/23 521/51/23
f 503/11/24 522/52/23 519/50/23
f 523/50/23 521/51/23 519/50/23
f 524/52/23 521/51/23 523/50/23
f 525/53/23 521/51/23 524/52/23
f 526/54/23 521/51/23 525/53/23
f 503/11/24 527/53/23 522/52/23
f 528/55/23 518/47/23 521/51/23
f 528/55/23 521/51/23 526/54/23
f 528/55/23 496/11/23 518/47/23
f 529/54/23 528/55/23 526/54/23
f 527/53/23 528/55/23 529/54/23
f 527/53/23 530/56/23 528/55/23
f 531/55/23 496/11/23 528/55/23
f 532/56/23 496/11/23 531/55/23
f 533/57/23 496/11/23 532/56/23
f 533/57/23 495/24/23 496/11/23
f 534/58/23 495/24/23 533/57/23
f 527/53/23 535/57/23 530/56/23
f 503/11/24 535/57/23 527/53/23
f 495/24/23 534/58/23 512/24/24
f 512/24/24 535/57/23 503/11/24
f 536/58/23 512/24/24 534/58/23
f 535/57/23 512/24/24 536/58/23
f 539/60/130 538/59/129 537/59/129
f 538/59/129 539/60/130 540/60/130
f 537/59/132 538/59/132 539/60/131
f 540/60/131 539/60/131 538/59/132
f 543/61/133 542/60/132 541/60/132
f 542/60/132 543/61/133 544/61/133
f 541/60/129 542/60/129 543/61/134
f 544/61/134 543/61/134 542/60/129
f 545/62/135 539/60/135 537/59/135
f 539/60/135 545/62/135 546/61/135
f 546/61/135 545/62/135 547/62/135
f 546/61/135 547/62/135 544/61/135
f 544/61/135 547/62/135 548/59/135
f 544/61/135 548/59/135 542/60/135
f 537/59/136 539/60/136 545/62/136
f 546/61/136 545/62/136 539/60/136
f 547/62/136 545/62/136 546/61/136
f 544/61/136 547/62/136 546/61/136
f 548/59/136 547/62/136 544/61/136
f 542/60/136 548/59/136 544/61/136
f 549/61/137 544/61/133 543/61/133
f 544/61/133 549/61/137 546/61/137
f 543/61/134 544/61/134 549/61/138
f 546/61/138 549/61/138 544/61/134
f 539/60/130 549/61/137 540/60/130
f 549/61/137 539/60/130 546/61/137
f 540/60/131 549/61/138 539/60/131
f 546/61/138 539/60/131 549/61/138
f 550/62/135 540/60/135 538/59/135
f 540/60/135 550/62/135 549/61/135
f 549/61/135 550/62/135 551/62/135
f 549/61/135 551/62/135 543/61/135
f 543/61/135 551/62/135 552/59/135
f 543/61/135 552/59/135 541/60/135
f 538/59/136 540/60/136 550/62/136
f 549/61/136 550/62/136 540/60/136
f 551/62/136 550/62/136 549/61/136
f 543/61/136 551/62/136 549/61/136
f 552/59/136 551/62/136 543/61/136
f 541/60/136 552/59/136 543/61/136
f 547/62/138 550/62/134 551/62/138
f 550/62/134 547/62/138 545/62/134
f 551/62/137 550/62/133 547/62/137
f 545/62/133 547/62/137 550/62/133
f 541/60/132 548/59/131 552/59/131
f 548/59/131 541/60/132 542/60/132
f 552/59/130 548/59/130 541/60/129
f 542/60/129 541/60/129 548/59/130
f 548/59/131 551/62/138 552/59/131
f 551/62/138 548/59/131 547/62/138
f 552/59/130 551/62/137 548/59/130
f 547/62/137 548/59/130 551/62/137
f 550/62/134 537/59/129 538/59/129
f 537/59/129 550/62/134 545/62/134
f 538/59/132 537/59/132 550/62/133
f 545/62/133 550/62/133 537/59/132
f 555/64/140 554/63/139 553/63/139
f 554/63/139 555/64/140 556/64/140
f 553/63/142 554/63/142 555/64/141
f 556/64/141 555/64/141 554/63/142
f 558/65/143 555/64/140 557/65/143
f 555/64/140 558/65/143 556/64/140
f 557/65/144 555/64/141 558/65/144
f 556/64/141 558/65/144 555/64/141
f 561/66/145 560/64/145 559/63/145
f 560/64/145 561/66/145 562/65/145
f 562/65/145 561/66/145 563/66/145
f 562/65/145 563/66/145 558/65/145
f 558/65/145 563/66/145 554/63/145
f 558/65/145 554/63/145 556/64/145
f 559/63/146 560/64/146 561/66/146
f 562/65/146 561/66/146 560/64/146
f 563/66/146 561/66/146 562/65/146
f 558/65/146 563/66/146 562/65/146
f 554/63/146 563/66/146 558/65/146
f 556/64/146 554/63/146 558/65/146
f 565/66/144 559/63/141 564/63/141
f 559/63/141 565/66/144 561/66/144
f 564/63/140 559/63/140 565/66/143
f 561/66/143 565/66/143 559/63/140
f 566/65/147 558/65/143 557/65/143
f 558/65/143 566/65/147 562/65/147
f 557/65/144 558/65/144 566/65/148
f 562/65/148 566/65/148 558/65/144
f 560/64/142 564/63/141 559/63/141
f 564/63/141 560/64/142 567/64/142
f 559/63/140 564/63/140 560/64/139
f 567/64/139 560/64/139 564/63/140
f 560/64/142 566/65/147 567/64/142
f 566/65/147 560/64/142 562/65/147
f 567/64/139 566/65/148 560/64/139
f 562/65/148 560/64/139 566/65/148
f 565/66/145 567/64/145 564/63/145
f 567/64/145 565/66/145 566/65/145
f 566/65/145 565/66/145 568/66/145
f 566/65/145 568/66/145 557/65/145
f 557/65/145 568/66/145 553/63/145
f 557/65/145 553/63/145 555/64/145
f 564/63/146 567/64/146 565/66/146
f 566/65/146 565/66/146 567/64/146
f 568/66/146 565/66/146 566/65/146
f 557/65/146 568/66/146 566/65/146
f 553/63/146 568/66/146 557/65/146
f 555/64/146 553/63/146 557/65/146
f 563/66/148 565/66/144 568/66/148
f 565/66/144 563/66/148 561/66/144
f 568/66/147 565/66/143 563/66/147
f 561/66/143 563/66/147 565/66/143
f 553/63/139 563/66/148 568/66/148
f 563/66/148 553/63/139 554/63/139
f 568/66/147 563/66/147 553/63/142
f 554/63/142 553/63/142 563/66/147
f 571/68/140 570/67/139 569/67/139
f 570/67/139 571/68/140 572/68/140
f 569/67/142 570/67/142 571/68/141
f 572/68/141 571/68/141 570/67/142
f 575/69/147 574/69/143 573/69/147
f 574/69/143 575/69/147 576/69/143
f 573/69/148 574/69/144 575/69/148
f 576/69/144 575/69/148 574/69/144
f 569/67/139 578/70/148 577/70/148
f 578/70/148 569/67/139 570/67/139
f 577/70/147 578/70/147 569/67/142
f 570/67/142 569/67/142 578/70/147
f 576/69/143 571/68/140 574/69/143
f 571/68/140 576/69/143 572/68/140
f 574/69/144 571/68/141 576/69/144
f 572/68/141 576/69/144 571/68/141
f 581/68/142 580/67/141 579/67/141
f 580/67/141 581/68/142 582/68/142
f 579/67/140 580/67/140 581/68/139
f 582/68/139 581/68/139 580/67/140
f 583/70/145 581/68/145 579/67/145
f 581/68/145 583/70/145 575/69/145
f 575/69/145 583/70/145 578/70/145
f 575/69/145 578/70/145 576/69/145
f 576/69/145 578/70/145 570/67/145
f 576/69/145 570/67/145 572/68/145
f 579/67/146 581/68/146 583/70/146
f 575/69/146 583/70/146 581/68/146
f 578/70/146 583/70/146 575/69/146
f 576/69/146 578/70/146 575/69/146
f 570/67/146 578/70/146 576/69/146
f 572/68/146 570/67/146 576/69/146
f 584/70/145 582/68/145 580/67/145
f 582/68/145 584/70/145 573/69/145
f 573/69/145 584/70/145 577/70/145
f 573/69/145 577/70/145 574/69/145
f 574/69/145 577/70/145 569/67/145
f 574/69/145 569/67/145 571/68/145
f 580/67/146 582/68/146 584/70/146
f 573/69/146 584/70/146 582/68/146
f 577/70/146 584/70/146 573/69/146
f 574/69/146 577/70/146 573/69/146
f 569/67/146 577/70/146 574/69/146
f 571/68/146 569/67/146 574/69/146
f 583/70/144 580/67/141 584/70/144
f 580/67/141 583/70/144 579/67/141
f 584/70/143 580/67/140 583/70/143
f 579/67/140 583/70/143 580/67/140
f 578/70/148 584/70/144 577/70/148
f 584/70/144 578/70/148 583/70/144
f 577/70/147 584/70/143 578/70/147
f 583/70/143 578/70/147 584/70/143
f 581/68/142 573/69/147 582/68/142
f 573/69/147 581/68/142 575/69/147
f 582/68/139 573/69/148 581/68/139
f 575/69/148 581/68/139 573/69/148
f 587/73/145 586/72/145 585/71/145
f 586/72/145 587/73/145 588/74/145
f 588/74/145 587/73/145 589/73/145
f 588/74/145 589/73/145 590/74/145
f 590/74/145 589/73/145 591/71/145
f 590/74/145 591/71/145 592/72/145
f 585/71/146 586/72/146 587/73/146
f 588/74/146 587/73/146 586/72/146
f 589/73/146 587/73/146 588/74/146
f 590/74/146 589/73/146 588/74/146
f 591/71/146 589/73/146 590/74/146
f 592/72/146 591/71/146 590/74/146
f 595/73/145 594/72/145 593/71/145
f 594/72/145 595/73/145 596/74/145
f 596/74/145 595/73/145 597/73/145
f 596/74/145 597/73/145 598/74/145
f 598/74/145 597/73/145 599/71/145
f 598/74/145 599/71/145 600/72/145
f 593/71/146 594/72/146 595/73/146
f 596/74/146 595/73/146 594/72/146
f 597/73/146 595/73/146 596/74/146
f 598/74/146 597/73/146 596/74/146
f 599/71/146 597/73/146 598/74/146
f 600/72/146 599/71/146 598/74/146
f 595/73/144 585/71/141 587/73/144
f 585/71/141 595/73/144 593/71/141
f 587/73/143 585/71/140 595/73/143
f 593/71/140 595/73/143 585/71/140
f 596/74/147 590/74/143 588/74/147
f 590/74/143 596/74/147 598/74/143
f 588/74/148 590/74/144 596/74/148
f 598/74/144 596/74/148 590/74/144
f 591/71/139 597/73/148 589/73/148
f 597/73/148 591/71/139 599/71/139
f 589/73/147 597/73/147 591/71/142
f 599/71/142 591/71/142 597/73/147
f 598/74/143 592/72/140 590/74/143
f 592/72/140 598/74/143 600/72/140
f 590/74/144 592/72/141 598/74/144
f 600/72/141 598/74/144 592/72/141
f 597/73/148 587/73/144 589/73/148
f 587/73/144 597/73/148 595/73/144
f 589/73/147 587/73/143 597/73/147
f 595/73/143 597/73/147 587/73/143
f 594/72/142 585/71/141 593/71/141
f 585/71/141 594/72/142 586/72/142
f 593/71/140 585/71/140 594/72/139
f 586/72/139 594/72/139 585/71/140
f 592/72/140 599/71/139 591/71/139
f 599/71/139 592/72/140 600/72/140
f 591/71/142 599/71/142 592/72/141
f 600/72/141 592/72/141 599/71/142
f 594/72/142 588/74/147 586/72/142
f 588/74/147 594/72/142 596/74/147
f 586/72/139 588/74/148 594/72/139
f 596/74/148 594/72/139 588/74/148
f 642/58/101 618/24/50 641/57/101
f 640/58/101 618/24/50 642/58/101
f 609/11/50 641/57/101 618/24/50
f 618/24/50 640/58/101 601/24/101
f 633/53/101 641/57/101 609/11/50
f 636/56/101 641/57/101 633/53/101
f 639/57/101 601/24/101 640/58/101
f 602/11/101 601/24/101 639/57/101
f 638/56/101 602/11/101 639/57/101
f 637/55/101 602/11/101 638/56/101
f 634/55/101 602/11/101 637/55/101
f 634/55/101 636/56/101 633/53/101
f 635/54/101 634/55/101 633/53/101
f 632/54/101 634/55/101 635/54/101
f 624/47/101 602/11/101 634/55/101
f 632/54/101 627/51/101 634/55/101
f 627/51/101 624/47/101 634/55/101
f 628/52/101 633/53/101 609/11/50
f 631/53/101 627/51/101 632/54/101
f 630/52/101 627/51/101 631/53/101
f 629/50/101 627/51/101 630/52/101
f 625/50/101 627/51/101 629/50/101
f 625/50/101 628/52/101 609/11/50
f 627/51/101 625/50/101 626/51/101
f 626/51/101 625/50/101 619/47/101
f 619/47/101 625/50/101 609/11/50
f 623/48/101 602/11/101 624/47/101
f 622/49/101 602/11/101 623/48/101
f 621/49/101 602/11/101 622/49/101
f 602/11/101 621/49/101 609/11/50
f 621/49/101 620/48/101 609/11/50
f 620/48/101 619/47/101 609/11/50
f 641/57/102 618/24/49 642/58/102
f 642/58/102 618/24/49 640/58/102
f 618/24/49 641/57/102 609/11/49
f 601/24/102 640/58/102 618/24/49
f 609/11/49 641/57/102 633/53/102
f 633/53/102 641/57/102 636/56/102
f 640/58/102 601/24/102 639/57/102
f 639/57/102 601/24/102 602/11/102
f 639/57/102 602/11/102 638/56/102
f 638/56/102 602/11/102 637/55/102
f 637/55/102 602/11/102 634/55/102
f 633/53/102 636/56/102 634/55/102
f 633/53/102 634/55/102 635/54/102
f 635/54/102 634/55/102 632/54/102
f 634/55/102 602/11/102 624/47/102
f 634/55/102 627/51/102 632/54/102
f 634/55/102 624/47/102 627/51/102
f 609/11/49 633/53/102 628/52/102
f 632/54/102 627/51/102 631/53/102
f 631/53/102 627/51/102 630/52/102
f 630/52/102 627/51/102 629/50/102
f 629/50/102 627/51/102 625/50/102
f 609/11/49 628/52/102 625/50/102
f 626/51/102 625/50/102 627/51/102
f 619/47/102 625/50/102 626/51/102
f 609/11/49 625/50/102 619/47/102
f 624/47/102 602/11/102 623/48/102
f 623/48/102 602/11/102 622/49/102
f 622/49/102 602/11/102 621/49/102
f 609/11/49 621/49/102 602/11/102
f 609/11/49 620/48/102 621/49/102
f 609/11/49 619/47/102 620/48/102
f 612/45/103 611/44/103 605/11/103
f 611/44/103 610/43/103 605/11/103
f 609/11/50 612/45/103 605/11/103
f 605/11/103 610/43/103 606/24/103
f 612/45/103 609/11/50 615/45/103
f 615/45/103 609/11/50 616/44/103
f 616/44/103 609/11/50 617/43/103
f 613/46/103 606/24/103 610/43/103
f 614/46/103 606/24/103 613/46/103
f 614/46/103 617/43/103 606/24/103
f 609/11/50 618/24/50 617/43/103
f 606/24/103 617/43/103 618/24/50
f 617/43/104 618/24/49 609/11/49
f 618/24/49 617/43/104 606/24/104
f 617/43/104 609/11/49 616/44/104
f 606/24/104 617/43/104 614/46/104
f 616/44/104 609/11/49 615/45/104
f 615/45/104 609/11/49 612/45/104
f 613/46/104 606/24/104 614/46/104
f 610/43/104 606/24/104 613/46/104
f 605/11/104 612/45/104 609/11/49
f 606/24/104 610/43/104 605/11/104
f 605/11/104 611/44/104 612/45/104
f 605/11/104 610/43/104 611/44/104
f 604/11/2 609/11/2 602/11/2
f 604/11/2 605/11/2 609/11/2
f 605/11/2 604/11/2 607/11/2
f 602/11/1 609/11/1 604/11/1
f 609/11/1 605/11/1 604/11/1
f 607/11/1 604/11/1 605/11/1
f 603/24/50 607/11/50 604/11/50
f 607/11/50 603/24/50 608/24/50
f 604/11/49 607/11/49 603/24/49
f 608/24/49 603/24/49 607/11/49
f 606/24/53 607/11/53 608/24/53
f 607/11/53 606/24/53 605/11/53
f 608/24/54 607/11/54 606/24/54
f 605/11/54 606/24/54 607/11/54
f 602/11/54 603/24/54 604/11/54
f 603/24/54 602/11/54 601/24/54
f 604/11/53 603/24/53 602/11/53
f 601/24/53 602/11/53 603/24/53
f 643/59/152 656/62/153 651/62/153
f 656/62/153 643/59/152 644/59/152
f 651/62/154 656/62/154 643/59/149
f 644/59/149 643/59/149 656/62/154
f 657/62/157 654/59/150 653/62/157
f 654/59/150 657/62/157 658/59/150
f 653/62/158 654/59/151 657/62/158
f 658/59/151 657/62/158 654/59/151
f 654/59/150 647/60/149 648/60/149
f 647/60/149 654/59/150 658/59/150
f 648/60/152 647/60/152 654/59/151
f 658/59/151 654/59/151 647/60/152
f 656/62/153 653/62/157 651/62/153
f 653/62/157 656/62/153 657/62/157
f 651/62/154 653/62/158 656/62/154
f 657/62/158 656/62/154 653/62/158
f 649/61/156 658/59/156 647/60/156
f 649/61/156 657/62/156 658/59/156
f 655/61/156 657/62/156 649/61/156
f 655/61/156 656/62/156 657/62/156
f 646/60/156 656/62/156 655/61/156
f 656/62/156 646/60/156 644/59/156
f 647/60/155 658/59/155 649/61/155
f 658/59/155 657/62/155 649/61/155
f 649/61/155 657/62/155 655/61/155
f 657/62/155 656/62/155 655/61/155
f 655/61/155 656/62/155 646/60/155
f 644/59/155 646/60/155 656/62/155
f 655/61/158 645/60/151 652/61/158
f 645/60/151 655/61/158 646/60/151
f 652/61/157 645/60/150 655/61/157
f 646/60/150 655/61/157 645/60/150
f 650/61/154 655/61/158 652/61/158
f 655/61/158 650/61/154 649/61/154
f 652/61/157 655/61/157 650/61/153
f 649/61/153 650/61/153 655/61/157
f 650/61/156 654/59/156 648/60/156
f 650/61/156 653/62/156 654/59/156
f 652/61/156 653/62/156 650/61/156
f 652/61/156 651/62/156 653/62/156
f 645/60/156 651/62/156 652/61/156
f 651/62/156 645/60/156 643/59/156
f 648/60/155 654/59/155 650/61/155
f 654/59/155 653/62/155 650/61/155
f 650/61/155 653/62/155 652/61/155
f 653/62/155 651/62/155 652/61/155
f 652/61/155 651/62/155 645/60/155
f 643/59/155 645/60/155 651/62/155
f 648/60/149 649/61/154 650/61/154
f 649/61/154 648/60/149 647/60/149
f 650/61/153 649/61/153 648/60/152
f 647/60/152 648/60/152 649/61/153
f 644/59/152 645/60/151 646/60/151
f 645/60/151 644/59/152 643/59/152
f 646/60/150 645/60/150 644/59/149
f 643/59/149 644/59/149 645/60/150
f 669/66/167 659/63/162 660/63/162
f 659/63/162 669/66/167 674/66/167
f 660/63/159 659/63/159 669/66/168
f 674/66/168 669/66/168 659/63/159
f 671/66/163 669/66/167 667/66/163
f 669/66/167 671/66/163 674/66/167
f 667/66/164 669/66/168 671/66/164
f 674/66/168 671/66/164 669/66/168
f 663/65/166 659/63/166 661/64/166
f 663/65/166 674/66/166 659/63/166
f 672/65/166 674/66/166 663/65/166
f 672/65/166 671/66/166 674/66/166
f 673/64/166 671/66/166 672/65/166
f 671/66/166 673/64/166 670/63/166
f 661/64/165 659/63/165 663/65/165
f 659/63/165 674/66/165 663/65/165
f 663/65/165 674/66/165 672/65/165
f 674/66/165 671/66/165 672/65/165
f 672/65/165 671/66/165 673/64/165
f 670/63/165 673/64/165 671/66/165
f 672/65/168 666/64/159 668/65/168
f 666/64/159 672/65/168 673/64/159
f 668/65/167 666/64/162 672/65/167
f 673/64/162 672/65/167 666/64/162
f 670/63/160 666/64/159 673/64/159
f 666/64/159 670/63/160 665/63/160
f 673/64/162 666/64/162 670/63/161
f 665/63/161 670/63/161 666/64/162
f 664/65/164 672/65/168 668/65/168
f 672/65/168 664/65/164 663/65/164
f 668/65/167 672/65/167 664/65/163
f 663/65/163 664/65/163 672/65/167
f 665/63/160 671/66/163 667/66/163
f 671/66/163 665/63/160 670/63/160
f 667/66/164 671/66/164 665/63/161
f 670/63/161 665/63/161 671/66/164
f 664/65/166 660/63/166 662/64/166
f 664/65/166 669/66/166 660/63/166
f 668/65/166 669/66/166 664/65/166
f 668/65/166 667/66/166 669/66/166
f 666/64/166 667/66/166 668/65/166
f 667/66/166 666/64/166 665/63/166
f 662/64/165 660/63/165 664/65/165
f 660/63/165 669/66/165 664/65/165
f 664/65/165 669/66/165 668/65/165
f 669/66/165 667/66/165 668/65/165
f 668/65/165 667/66/165 666/64/165
f 665/63/165 666/64/165 667/66/165
f 661/64/161 664/65/164 662/64/161
f 664/65/164 661/64/161 663/65/164
f 662/64/160 664/65/163 661/64/160
f 663/65/163 661/64/160 664/65/163
f 660/63/162 661/64/161 662/64/161
f 661/64/161 660/63/162 659/63/162
f 662/64/160 661/64/160 660/63/159
f 659/63/159 660/63/159 661/64/160
f 679/69/168 687/68/159 681/69/168
f 687/68/159 679/69/168 688/68/159
f 681/69/167 687/68/162 679/69/167
f 688/68/162 679/69/167 687/68/162
f 690/70/163 684/70/167 689/70/163
f 684/70/167 690/70/163 683/70/167
f 689/70/164 684/70/168 690/70/164
f 683/70/168 690/70/164 684/70/168
f 686/67/160 689/70/163 685/67/160
f 689/70/163 686/67/160 690/70/163
f 685/67/161 689/70/164 686/67/161
f 690/70/164 686/67/161 689/70/164
f 680/69/166 675/67/166 677/68/166
f 680/69/166 683/70/166 675/67/166
f 679/69/166 683/70/166 680/69/166
f 679/69/166 690/70/166 683/70/166
f 688/68/166 690/70/166 679/69/166
f 690/70/166 688/68/166 686/67/166
f 677/68/165 675/67/165 680/69/165
f 675/67/165 683/70/165 680/69/165
f 680/69/165 683/70/165 679/69/165
f 683/70/165 690/70/165 679/69/165
f 679/69/165 690/70/165 688/68/165
f 686/67/165 688/68/165 690/70/165
f 682/69/166 676/67/166 678/68/166
f 682/69/166 684/70/166 676/67/166
f 681/69/166 684/70/166 682/69/166
f 681/69/166 689/70/166 684/70/166
f 687/68/166 689/70/166 681/69/166
f 689/70/166 687/68/166 685/67/166
f 678/68/165 676/67/165 682/69/165
f 676/67/165 684/70/165 682/69/165
f 682/69/165 684/70/165 681/69/165
f 684/70/165 689/70/165 681/69/165
f 681/69/165 689/70/165 687/68/165
f 685/67/165 687/68/165 689/70/165
f 686/67/160 687/68/159 688/68/159
f 687/68/159 686/67/160 685/67/160
f 688/68/162 687/68/162 686/67/161
f 685/67/161 686/67/161 687/68/162
f 677/68/161 682/69/164 678/68/161
f 682/69/164 677/68/161 680/69/164
f 678/68/160 682/69/163 677/68/160
f 680/69/163 677/68/160 682/69/163
f 684/70/167 675/67/162 676/67/162
f 675/67/162 684/70/167 683/70/167
f 676/67/159 675/67/159 684/70/168
f 683/70/168 684/70/168 675/67/159
f 680/69/164 681/69/168 682/69/164
f 681/69/168 680/69/164 679/69/168
f 682/69/163 681/69/167 680/69/163
f 679/69/167 680/69/163 681/69/167
f 676/67/162 677/68/161 678/68/161
f 677/68/161 676/67/162 675/67/162
f 678/68/160 677/68/160 676/67/159
f 675/67/159 676/67/159 677/68/160
f 694/74/168 700/72/159 702/74/168
f 700/72/159 694/74/168 692/72/159
f 702/74/167 700/72/162 694/74/167
f 692/72/162 694/74/167 700/72/162
f 705/71/162 698/72/161 706/72/161
f 698/72/161 705/71/162 697/71/162
f 706/72/160 698/72/160 705/71/159
f 697/71/159 705/71/159 698/72/160
f 691/71/160 700/72/159 692/72/159
f 700/72/159 691/71/160 699/71/160
f 692/72/162 700/72/162 691/71/161
f 699/71/161 691/71/161 700/72/162
f 693/73/163 703/73/167 701/73/163
f 703/73/167 693/73/163 695/73/167
f 701/73/164 703/73/168 693/73/164
f 695/73/168 693/73/164 703/73/168
f 698/72/161 704/74/164 706/72/161
f 704/74/164 698/72/161 696/74/164
f 706/72/160 704/74/163 698/72/160
f 696/74/163 698/72/160 704/74/163
f 703/73/167 697/71/162 705/71/162
f 697/71/162 703/73/167 695/73/167
f 705/71/159 697/71/159 703/73/168
f 695/73/168 703/73/168 697/71/159
f 696/74/164 702/74/168 704/74/164
f 702/74/168 696/74/164 694/74/168
f 704/74/163 702/74/167 696/74/163
f 694/74/167 696/74/163 702/74/167
f 691/71/160 701/73/163 699/71/160
f 701/73/163 691/71/160 693/73/163
f 699/71/161 701/73/164 691/71/161
f 693/73/164 691/71/161 701/73/164
f 704/74/166 705/71/166 706/72/166
f 704/74/166 703/73/166 705/71/166
f 702/74/166 703/73/166 704/74/166
f 702/74/166 701/73/166 703/73/166
f 700/72/166 701/73/166 702/74/166
f 701/73/166 700/72/166 699/71/166
f 706/72/165 705/71/165 704/74/165
f 705/71/165 703/73/165 704/74/165
f 704/74/165 703/73/165 702/74/165
f 703/73/165 701/73/165 702/74/165
f 702/74/165 701/73/165 700/72/165
f 699/71/165 700/72/165 701/73/165
f 696/74/166 697/71/166 698/72/166
f 696/74/166 695/73/166 697/71/166
f 694/74/166 695/73/166 696/74/166
f 694/74/166 693/73/166 695/73/166
f 692/72/166 693/73/166 694/74/166
f 693/73/166 692/72/166 691/71/166
f 698/72/165 697/71/165 696/74/165
f 697/71/165 695/73/165 696/74/165
f 696/74/165 695/73/165 694/74/165
f 695/73/165 693/73/165 694/74/165
f 694/74/165 693/73/165 692/72/165
f 691/71/165 692/72/165 693/73/165
f 709/75/171 708/76/170 707/75/169
f 708/76/170 709/75/171 710/76/172
f 707/75/175 708/76/174 709/75/173
f 710/76/176 709/75/173 708/76/174
f 712/76/178 709/75/171 711/75/177
f 709/75/171 712/76/178 710/76/172
f 711/75/180 709/75/173 712/76/179
f 710/76/176 712/76/179 709/75/173
f 715/77/183 714/75/182 713/75/181
f 714/75/182 715/77/183 716/77/184
f 713/75/187 714/75/186 715/77/185
f 716/77/188 715/77/185 714/75/186
f 714/75/182 718/77/190 717/75/189
f 718/77/190 714/75/182 716/77/184
f 717/75/192 718/77/191 714/75/186
f 716/77/188 714/75/186 718/77/191
f 721/75/195 720/77/194 719/75/193
f 720/77/194 721/75/195 722/77/196
f 719/75/199 720/77/198 721/75/197
f 722/77/200 721/75/197 720/77/198
f 720/77/194 724/77/202 723/77/201
f 724/77/202 720/77/194 722/77/196
f 723/77/204 724/77/203 720/77/198
f 722/77/200 720/77/198 724/77/203
f 724/77/202 721/75/195 725/75/205
f 721/75/195 724/77/202 722/77/196
f 725/75/206 721/75/197 724/77/203
f 722/77/200 724/77/203 721/75/197
f 720/77/194 726/75/207 719/75/193
f 726/75/207 720/77/194 723/77/201
f 719/75/199 726/75/208 720/77/198
f 723/77/204 720/77/198 726/75/208
f 723/77/201 725/75/205 726/75/207
f 725/75/205 723/77/201 724/77/202
f 726/75/208 725/75/206 723/77/204
f 724/77/203 723/77/204 725/75/206
f 728/77/210 713/75/181 727/75/209
f 713/75/181 728/77/210 715/77/183
f 727/75/212 713/75/187 728/77/211
f 715/77/185 728/77/211 713/75/187
f 708/76/170 729/75/213 707/75/169
f 729/75/213 708/76/170 730/76/214
f 707/75/175 729/75/215 708/76/174
f 730/76/216 708/76/174 729/75/215
f 718/77/190 727/75/209 717/75/189
f 727/75/209 718/77/190 728/77/210
f 717/75/192 727/75/212 718/77/191
f 728/77/211 718/77/191 727/75/212
f 718/77/190 715/77/183 728/77/210
f 715/77/183 718/77/190 716/77/184
f 728/77/211 715/77/185 718/77/191
f 716/77/188 718/77/191 715/77/185
f 733/76/219 732/76/218 731/76/217
f 732/76/218 733/76/219 734/76/220
f 731/76/223 732/76/222 733/76/221
f 734/76/224 733/76/221 732/76/222
f 730/76/214 710/76/172 712/76/178
f 710/76/172 730/76/214 708/76/170
f 712/76/179 710/76/176 730/76/216
f 708/76/174 730/76/216 710/76/176
f 735/75/225 734/76/220 733/76/219
f 734/76/220 735/75/225 736/75/226
f 733/76/221 734/76/224 735/75/227
f 736/75/228 735/75/227 734/76/224
f 739/75/231 738/76/230 737/75/229
f 738/76/230 739/75/231 740/76/232
f 737/75/235 738/76/234 739/75/233
f 740/76/236 739/75/233 738/76/234
f 735/75/225 731/76/217 741/75/237
f 731/76/217 735/75/225 733/76/219
f 741/75/238 731/76/223 735/75/227
f 733/76/221 735/75/227 731/76/223
f 734/76/220 742/75/239 732/76/218
f 742/75/239 734/76/220 736/75/226
f 732/76/222 742/75/240 734/76/224
f 736/75/228 734/76/224 742/75/240
f 745/76/243 744/75/242 743/75/241
f 744/75/242 745/76/243 746/76/244
f 743/75/247 744/75/246 745/76/245
f 746/76/248 745/76/245 744/75/246
f 731/76/217 742/75/239 741/75/237
f 742/75/239 731/76/217 732/76/218
f 741/75/238 742/75/240 731/76/223
f 732/76/222 731/76/223 742/75/240
f 737/75/229 745/76/243 743/75/241
f 745/76/243 737/75/229 738/76/230
f 743/75/247 745/76/245 737/75/235
f 738/76/234 737/75/235 745/76/245
f 740/76/232 744/75/242 746/76/244
f 744/75/242 740/76/232 739/75/231
f 746/76/248 744/75/246 740/76/236
f 739/75/233 740/76/236 744/75/246
f 738/76/230 746/76/244 745/76/243
f 746/76/244 738/76/230 740/76/232
f 745/76/245 746/76/248 738/76/234
f 740/76/236 738/76/234 746/76/248
f 730/76/214 711/75/177 729/75/213
f 711/75/177 730/76/214 712/76/178
f 729/75/215 711/75/180 730/76/216
f 712/76/179 730/76/216 711/75/180
f 749/75/1 748/75/1 747/75/1
f 748/75/1 749/75/1 750/75/1
f 747/75/2 748/75/2 749/75/2
f 750/75/2 749/75/2 748/75/2
f 753/75/251 752/76/250 751/75/249
f 752/76/250 753/75/251 754/76/252
f 751/75/255 752/76/254 753/75/253
f 754/76/256 753/75/253 752/76/254
f 756/76/258 753/75/251 755/75/257
f 753/75/251 756/76/258 754/76/252
f 755/75/260 753/75/253 756/76/259
f 754/76/256 756/76/259 753/75/253
f 759/77/263 758/75/262 757/75/261
f 758/75/262 759/77/263 760/77/264
f 757/75/267 758/75/266 759/77/265
f 760/77/268 759/77/265 758/75/266
f 758/75/262 762/77/270 761/75/269
f 762/77/270 758/75/262 760/77/264
f 761/75/272 762/77/271 758/75/266
f 760/77/268 758/75/266 762/77/271
f 765/75/275 764/77/274 763/75/273
f 764/77/274 765/75/275 766/77/276
f 763/75/279 764/77/278 765/75/277
f 766/77/280 765/75/277 764/77/278
f 764/77/274 768/77/282 767/77/281
f 768/77/282 764/77/274 766/77/276
f 767/77/284 768/77/283 764/77/278
f 766/77/280 764/77/278 768/77/283
f 768/77/282 765/75/275 769/75/285
f 765/75/275 768/77/282 766/77/276
f 769/75/286 765/75/277 768/77/283
f 766/77/280 768/77/283 765/75/277
f 764/77/274 770/75/287 763/75/273
f 770/75/287 764/77/274 767/77/281
f 763/75/279 770/75/288 764/77/278
f 767/77/284 764/77/278 770/75/288
f 767/77/281 769/75/285 770/75/287
f 769/75/285 767/77/281 768/77/282
f 770/75/288 769/75/286 767/77/284
f 768/77/283 767/77/284 769/75/286
f 772/77/290 757/75/261 771/75/289
f 757/75/261 772/77/290 759/77/263
f 771/75/292 757/75/267 772/77/291
f 759/77/265 772/77/291 757/75/267
f 752/76/250 773/75/293 751/75/249
f 773/75/293 752/76/250 774/76/294
f 751/75/255 773/75/295 752/76/254
f 774/76/296 752/76/254 773/75/295
f 762/77/270 771/75/289 761/75/269
f 771/75/289 762/77/270 772/77/290
f 761/75/272 771/75/292 762/77/271
f 772/77/291 762/77/271 771/75/292
f 762/77/270 759/77/263 772/77/290
f 759/77/263 762/77/270 760/77/264
f 772/77/291 759/77/265 762/77/271
f 760/77/268 762/77/271 759/77/265
f 777/76/299 776/76/298 775/76/297
f 776/76/298 777/76/299 778/76/300
f 775/76/303 776/76/302 777/76/301
f 778/76/304 777/76/301 776/76/302
f 774/76/294 754/76/252 756/76/258
f 754/76/252 774/76/294 752/76/250
f 756/76/259 754/76/256 774/76/296
f 752/76/254 774/76/296 754/76/256
f 779/75/305 778/76/300 777/76/299
f 778/76/300 779/75/305 780/75/306
f 777/76/301 778/76/304 779/75/307
f 780/75/308 779/75/307 778/76/304
f 783/75/311 782/76/310 781/75/309
f 782/76/310 783/75/311 784/76/312
f 781/75/315 782/76/314 783/75/313
f 784/76/316 783/75/313 782/76/314
f 779/75/305 775/76/297 785/75/317
f 775/76/297 779/75/305 777/76/299
f 785/75/318 775/76/303 779/75/307
f 777/76/301 779/75/307 775/76/303
f 778/76/300 786/75/319 776/76/298
f 786/75/319 778/76/300 780/75/306
f 776/76/302 786/75/320 778/76/304
f 780/75/308 778/76/304 786/75/320
f 789/76/323 788/75/322 787/75/321
f 788/75/322 789/76/323 790/76/324
f 787/75/327 788/75/326 789/76/325
f 790/76/328 789/76/325 788/75/326
f 775/76/297 786/75/319 785/75/317
f 786/75/319 775/76/297 776/76/298
f 785/75/318 786/75/320 775/76/303
f 776/76/302 775/76/303 786/75/320
f 781/75/309 789/76/323 787/75/321
f 789/76/323 781/75/309 782/76/310
f 787/75/327 789/76/325 781/75/315
f 782/76/314 781/75/315 789/76/325
f 784/76/312 788/75/322 790/76/324
f 788/75/322 784/76/312 783/75/311
f 790/76/328 788/75/326 784/76/316
f 783/75/313 784/76/316 788/75/326
f 782/76/310 790/76/324 789/76/323
f 790/76/324 782/76/310 784/76/312
f 789/76/325 790/76/328 782/76/314
f 784/76/316 782/76/314 790/76/328
f 774/76/294 755/75/257 773/75/293
f 755/75/257 774/76/294 756/76/258
f 773/75/295 755/75/260 774/76/296
f 756/76/259 774/76/296 755/75/260
f 795/75/266 814/76/271 796/76/268
f 814/76/271 795/75/266 813/75/272
f 796/76/264 814/76/270 795/75/262
f 813/75/269 795/75/262 814/76/270
f 830/76/344 822/76/334 824/76/336
f 822/76/334 830/76/344 829/76/341
f 824/76/332 822/76/330 830/76/340
f 829/76/339 830/76/340 822/76/330
f 828/75/342 824/76/336 823/75/333
f 824/76/336 828/75/342 830/76/344
f 823/75/331 824/76/332 828/75/338
f 830/76/340 828/75/338 824/76/332
f 829/76/341 821/75/335 822/76/334
f 821/75/335 829/76/341 827/75/343
f 822/76/330 821/75/329 829/76/339
f 827/75/337 829/76/339 821/75/329
f 826/75/320 815/76/304 816/76/302
f 815/76/304 826/75/320 825/75/308
f 816/76/298 815/76/300 826/75/319
f 825/75/306 826/75/319 815/76/300
f 828/75/342 829/76/341 830/76/344
f 829/76/341 828/75/342 827/75/343
f 830/76/340 829/76/339 828/75/338
f 827/75/337 828/75/338 829/76/339
f 826/75/320 818/76/303 820/75/318
f 818/76/303 826/75/320 816/76/302
f 820/75/317 818/76/297 826/75/319
f 816/76/298 826/75/319 818/76/297
f 815/76/304 819/75/307 817/76/301
f 819/75/307 815/76/304 825/75/308
f 817/76/299 819/75/305 815/76/300
f 825/75/306 815/76/300 819/75/305
f 822/76/334 823/75/333 824/76/336
f 823/75/333 822/76/334 821/75/335
f 824/76/332 823/75/331 822/76/330
f 821/75/329 822/76/330 823/75/331
f 818/76/303 819/75/307 820/75/318
f 819/75/307 818/76/303 817/76/301
f 820/75/317 819/75/305 818/76/297
f 817/76/299 818/76/297 819/75/305
f 794/76/265 814/76/271 792/76/291
f 814/76/271 794/76/265 796/76/268
f 792/76/290 814/76/270 794/76/263
f 796/76/264 794/76/263 814/76/270
f 816/76/302 817/76/301 818/76/303
f 817/76/301 816/76/302 815/76/304
f 818/76/297 817/76/299 816/76/298
f 815/76/300 816/76/298 817/76/299
f 799/77/256 802/77/296 800/77/259
f 802/77/296 799/77/256 812/77/254
f 800/77/258 802/77/294 799/77/252
f 812/77/250 799/77/252 802/77/294
f 811/75/255 802/77/296 812/77/254
f 802/77/296 811/75/255 801/75/295
f 812/77/250 802/77/294 811/75/249
f 801/75/293 811/75/249 802/77/294
f 813/75/272 792/76/291 814/76/271
f 792/76/291 813/75/272 791/75/292
f 814/76/270 792/76/290 813/75/269
f 791/75/289 813/75/269 792/76/290
f 797/75/253 812/77/254 799/77/256
f 812/77/254 797/75/253 811/75/255
f 799/77/252 812/77/250 797/75/251
f 811/75/249 797/75/251 812/77/250
f 809/75/277 807/77/278 808/77/280
f 807/77/278 809/75/277 810/75/279
f 808/77/276 807/77/274 809/75/275
f 810/75/273 809/75/275 807/77/274
f 810/75/279 804/77/284 807/77/278
f 804/77/284 810/75/279 803/75/288
f 807/77/274 804/77/281 810/75/273
f 803/75/287 810/75/273 804/77/281
f 805/75/286 808/77/280 806/77/283
f 808/77/280 805/75/286 809/75/277
f 806/77/282 808/77/276 805/75/285
f 809/75/275 805/75/285 808/77/276
f 808/77/280 804/77/284 806/77/283
f 804/77/284 808/77/280 807/77/278
f 806/77/282 804/77/281 808/77/276
f 807/77/274 808/77/276 804/77/281
f 804/77/284 805/75/286 806/77/283
f 805/75/286 804/77/284 803/75/288
f 806/77/282 805/75/285 804/77/281
f 803/75/287 804/77/281 805/75/285
f 802/77/296 798/75/260 800/77/259
f 798/75/260 802/77/296 801/75/295
f 800/77/258 798/75/257 802/77/294
f 801/75/293 802/77/294 798/75/257
f 798/75/260 799/77/256 800/77/259
f 799/77/256 798/75/260 797/75/253
f 800/77/258 799/77/252 798/75/257
f 797/75/251 798/75/257 799/77/252
f 793/75/267 796/76/268 794/76/265
f 796/76/268 793/75/267 795/75/266
f 794/76/263 796/76/264 793/75/261
f 795/75/262 793/75/261 796/76/264
f 792/76/291 793/75/267 794/76/265
f 793/75/267 792/76/291 791/75/292
f 794/76/263 793/75/261 792/76/290
f 791/75/289 792/76/290 793/75/261
f 833/75/171 832/76/170 831/75/169
f 832/76/170 833/75/171 834/76/172
f 831/75/175 832/76/174 833/75/173
f 834/76/176 833/75/173 832/76/174
f 836/76/178 833/75/171 835/75/177
f 833/75/171 836/76/178 834/76/172
f 835/75/180 833/75/173 836/76/179
f 834/76/176 836/76/179 833/75/173
f 839/77/183 838/75/182 837/75/181
f 838/75/182 839/77/183 840/77/184
f 837/75/187 838/75/186 839/77/185
f 840/77/188 839/77/185 838/75/186
f 838/75/182 842/77/190 841/75/189
f 842/77/190 838/75/182 840/77/184
f 841/75/192 842/77/191 838/75/186
f 840/77/188 838/75/186 842/77/191
f 845/75/195 844/77/194 843/75/193
f 844/77/194 845/75/195 846/77/196
f 843/75/199 844/77/198 845/75/197
f 846/77/200 845/75/197 844/77/198
f 844/77/194 848/77/202 847/77/201
f 848/77/202 844/77/194 846/77/196
f 847/77/204 848/77/203 844/77/198
f 846/77/200 844/77/198 848/77/203
f 848/77/202 845/75/195 849/75/205
f 845/75/195 848/77/202 846/77/196
f 849/75/206 845/75/197 848/77/203
f 846/77/200 848/77/203 845/75/197
f 844/77/194 850/75/207 843/75/193
f 850/75/207 844/77/194 847/77/201
f 843/75/199 850/75/208 844/77/198
f 847/77/204 844/77/198 850/75/208
f 847/77/201 849/75/205 850/75/207
f 849/75/205 847/77/201 848/77/202
f 850/75/208 849/75/206 847/77/204
f 848/77/203 847/77/204 849/75/206
f 852/77/210 837/75/181 851/75/209
f 837/75/181 852/77/210 839/77/183
f 851/75/212 837/75/187 852/77/211
f 839/77/185 852/77/211 837/75/187
f 832/76/170 853/75/213 831/75/169
f 853/75/213 832/76/170 854/76/214
f 831/75/175 853/75/215 832/76/174
f 854/76/216 832/76/174 853/75/215
f 842/77/190 851/75/209 841/75/189
f 851/75/209 842/77/190 852/77/210
f 841/75/192 851/75/212 842/77/191
f 852/77/211 842/77/191 851/75/212
f 842/77/190 839/77/183 852/77/210
f 839/77/183 842/77/190 840/77/184
f 852/77/211 839/77/185 842/77/191
f 840/77/188 842/77/191 839/77/185
f 857/76/219 856/76/218 855/76/217
f 856/76/218 857/76/219 858/76/220
f 855/76/223 856/76/222 857/76/221
f 858/76/224 857/76/221 856/76/222
f 854/76/214 834/76/172 836/76/178
f 834/76/172 854/76/214 832/76/170
f 836/76/179 834/76/176 854/76/216
f 832/76/174 854/76/216 834/76/176
f 859/75/225 858/76/220 857/76/219
f 858/76/220 859/75/225 860/75/226
f 857/76/221 858/76/224 859/75/227
f 860/75/228 859/75/227 858/76/224
f 863/75/231 862/76/230 861/75/229
f 862/76/230 863/75/231 864/76/232
f 861/75/235 862/76/234 863/75/233
f 864/76/236 863/75/233 862/76/234
f 859/75/225 855/76/217 865/75/237
f 855/76/217 859/75/225 857/76/219
f 865/75/238 855/76/223 859/75/227
f 857/76/221 859/75/227 855/76/223
f 858/76/220 866/75/239 856/76/218
f 866/75/239 858/76/220 860/75/226
f 856/76/222 866/75/240 858/76/224
f 860/75/228 858/76/224 866/75/240
f 869/76/243 868/75/242 867/75/241
f 868/75/242 869/76/243 870/76/244
f 867/75/247 868/75/246 869/76/245
f 870/76/248 869/76/245 868/75/246
f 855/76/217 866/75/239 865/75/237
f 866/75/239 855/76/217 856/76/218
f 865/75/238 866/75/240 855/76/223
f 856/76/222 855/76/223 866/75/240
f 861/75/229 869/76/243 867/75/241
f 869/76/243 861/75/229 862/76/230
f 867/75/247 869/76/245 861/75/235
f 862/76/234 861/75/235 869/76/245
f 864/76/232 868/75/242 870/76/244
f 868/75/242 864/76/232 863/75/231
f 870/76/248 868/75/246 864/76/236
f 863/75/233 864/76/236 868/75/246
f 862/76/230 870/76/244 869/76/243
f 870/76/244 862/76/230 864/76/232
f 869/76/245 870/76/248 862/76/234
f 864/76/236 862/76/234 870/76/248
f 854/76/214 835/75/177 853/75/213
f 835/75/177 854/76/214 836/76/178
f 853/75/215 835/75/180 854/76/216
f 836/76/179 854/76/216 835/75/180
f 750/75/1 871/75/1 748/75/1
f 871/75/1 750/75/1 872/75/1
f 748/75/2 871/75/2 750/75/2
f 872/75/2 750/75/2 871/75/2
f 873/75/1 872/75/1 750/75/1
f 872/75/1 873/75/1 874/75/1
f 750/75/2 872/75/2 873/75/2
f 874/75/2 873/75/2 872/75/2
f 875/75/1 750/75/1 749/75/1
f 750/75/1 875/75/1 873/75/1
f 749/75/2 750/75/2 875/75/2
f 873/75/2 875/75/2 750/75/2
f 878/79/29 877/78/24 876/78/29
f 877/78/24 878/79/29 879/79/24
f 876/78/30 877/78/26 878/79/30
f 879/79/26 878/79/30 877/78/26
f 882/79/1 881/79/1 880/79/1
f 881/79/1 882/79/1 879/79/1
f 881/79/1 879/79/1 878/79/1
f 880/79/2 881/79/2 882/79/2
f 879/79/2 882/79/2 881/79/2
f 878/79/2 879/79/2 881/79/2
f 880/79/26 883/78/26 117/78/26
f 883/78/26 880/79/26 881/79/26
f 117/78/24 883/78/24 880/79/24
f 881/79/24 880/79/24 883/78/24
f 879/79/24 884/78/31 877/78/24
f 884/78/31 879/79/24 882/79/31
f 877/78/26 884/78/32 879/79/26
f 882/79/32 879/79/26 884/78/32
f 880/79/21 884/78/21 882/79/21
f 884/78/21 880/79/21 117/78/21
f 882/79/22 884/78/22 880/79/22
f 117/78/22 880/79/22 884/78/22
f 883/78/22 878/79/22 876/78/22
f 878/79/22 883/78/22 881/79/22
f 876/78/21 878/79/21 883/78/21
f 881/79/21 883/78/21 878/79/21
f 887/79/60 886/78/50 885/78/60
f 886/78/50 887/79/60 888/79/50
f 885/78/59 886/78/49 887/79/59
f 888/79/49 887/79/59 886/78/49
f 891/79/1 890/79/1 889/79/1
f 890/79/1 891/79/1 888/79/1
f 890/79/1 888/79/1 887/79/1
f 889/79/2 890/79/2 891/79/2
f 888/79/2 891/79/2 890/79/2
f 887/79/2 888/79/2 890/79/2
f 889/79/49 892/78/49 239/78/49
f 892/78/49 889/79/49 890/79/49
f 239/78/50 892/78/50 889/79/50
f 890/79/50 889/79/50 892/78/50
f 888/79/50 893/78/55 886/78/50
f 893/78/55 888/79/50 891/79/55
f 886/78/49 893/78/58 888/79/49
f 891/79/58 888/79/49 893/78/58
f 889/79/53 893/78/53 891/79/53
f 893/78/53 889/79/53 239/78/53
f 891/79/54 893/78/54 889/79/54
f 239/78/54 889/79/54 893/78/54
f 892/78/54 887/79/54 885/78/54
f 887/79/54 892/78/54 890/79/54
f 885/78/53 887/79/53 892/78/53
f 890/79/53 892/78/53 887/79/53
f 896/79/54 901/78/54 899/79/54
f 901/78/54 896/79/54 894/78/54
f 899/79/53 901/78/53 896/79/53
f 894/78/53 896/79/53 901/78/53
f 902/78/53 898/79/53 307/78/53
f 898/79/53 902/78/53 900/79/53
f 307/78/54 898/79/54 902/78/54
f 900/79/54 902/78/54 898/79/54
f 902/78/59 897/79/49 900/79/59
f 897/79/49 902/78/59 895/78/49
f 900/79/60 897/79/50 902/78/60
f 895/78/50 902/78/60 897/79/50
f 901/78/50 898/79/50 899/79/50
f 898/79/50 901/78/50 307/78/50
f 899/79/49 898/79/49 901/78/49
f 307/78/49 901/78/49 898/79/49
f 899/79/2 897/79/2 896/79/2
f 899/79/2 900/79/2 897/79/2
f 900/79/2 899/79/2 898/79/2
f 896/79/1 897/79/1 899/79/1
f 897/79/1 900/79/1 899/79/1
f 898/79/1 899/79/1 900/79/1
f 895/78/49 896/79/58 897/79/49
f 896/79/58 895/78/49 894/78/58
f 897/79/50 896/79/55 895/78/50
f 894/78/55 895/78/50 896/79/55
f 905/79/29 904/78/24 903/78/29
f 904/78/24 905/79/29 906/79/24
f 903/78/30 904/78/26 905/79/30
f 906/79/26 905/79/30 904/78/26
f 909/79/1 908/79/1 907/79/1
f 908/79/1 909/79/1 906/79/1
f 908/79/1 906/79/1 905/79/1
f 907/79/2 908/79/2 909/79/2
f 906/79/2 909/79/2 908/79/2
f 905/79/2 906/79/2 908/79/2
f 907/79/26 910/78/26 375/78/26
f 910/78/26 907/79/26 908/79/26
f 375/78/24 910/78/24 907/79/24
f 908/79/24 907/79/24 910/78/24
f 906/79/24 911/78/31 904/78/24
f 911/78/31 906/79/24 909/79/31
f 904/78/26 911/78/32 906/79/26
f 909/79/32 906/79/26 911/78/32
f 907/79/21 911/78/21 909/79/21
f 911/78/21 907/79/21 375/78/21
f 909/79/22 911/78/22 907/79/22
f 375/78/22 907/79/22 911/78/22
f 910/78/22 905/79/22 903/78/22
f 905/79/22 910/78/22 908/79/22
f 903/78/21 905/79/21 910/78/21
f 908/79/21 910/78/21 905/79/21

