# Created by Kenney (www.kenney.nl)

mtllib stairs.mtl

g stairs

v 1.6 4.05 2 1 1 1
v -1.6 4.05 2 1 1 1
v 1.6 4.05 1.228572 1 1 1
v -2.284449E-13 4.05 1.428572 1 1 1
v -1.6 4.05 1.228572 1 1 1
v 1.6 3.471428 1.228572 1 1 1
v -2.284449E-13 3.471428 1.428572 1 1 1
v 1.6 3.471428 0.4571429 1 1 1
v -2.464124E-13 3.471428 0.4571429 1 1 1
v -1.6 3.471428 1.228572 1 1 1
v -1.6 3.471428 0.6571429 1 1 1
v -3.003151E-13 -8.525774E-13 -3.2 1 1 1
v 1.6 -8.525774E-13 -3.4 1 1 1
v -3.003151E-13 0.5785714 -3.2 1 1 1
v 1.6 0.5785714 -3.4 1 1 1
v -1.6 -8.525774E-13 -3.4 1 1 1
v -1.6 0.5785714 -3.4 1 1 1
v -1.6 0.5785714 -2.428571 1 1 1
v -2.797808E-13 0.5785714 -2.628572 1 1 1
v -1.6 1.157143 -2.428571 1 1 1
v -2.797808E-13 1.157143 -2.628572 1 1 1
v 1.6 0.5785714 -2.628572 1 1 1
v 1.6 1.157143 -2.628572 1 1 1
v -1.6 1.157143 -1.857143 1 1 1
v -2.618132E-13 1.157143 -1.657143 1 1 1
v -1.6 1.735714 -1.857143 1 1 1
v -2.618132E-13 1.735714 -1.657143 1 1 1
v 1.6 1.157143 -1.857143 1 1 1
v 1.6 1.735714 -1.857143 1 1 1
v -2.412788E-13 1.735714 -1.085714 1 1 1
v 1.6 1.735714 -1.085714 1 1 1
v -2.412788E-13 2.314286 -1.085714 1 1 1
v 1.6 2.314286 -1.085714 1 1 1
v -1.6 1.735714 -0.8857142 1 1 1
v -1.6 2.314286 -0.8857142 1 1 1
v -1.6 2.314286 -0.3142857 1 1 1
v -2.464124E-13 2.314286 -0.1142856 1 1 1
v -1.6 2.892857 -0.3142857 1 1 1
v -2.464124E-13 2.892857 -0.1142856 1 1 1
v 1.6 2.314286 -0.3142857 1 1 1
v 1.6 2.892857 -0.3142857 1 1 1
v -2.464124E-13 2.892857 0.4571429 1 1 1
v 1.6 2.892857 0.4571429 1 1 1
v -1.6 2.892857 0.6571429 1 1 1
v 1.6 6.396793E-18 2 1 1 1
v -1.6 6.396793E-18 2 1 1 1
v 1.5 4.05 -6.125 1 1 1
v 1.8 4.05 -6.2 1 1 1
v 1.5 4.35 -6.125 1 1 1
v 1.8 4.35 -6.2 1 1 1
v 2.1 4.05 2.125 1 1 1
v 1.8 4.05 2.2 1 1 1
v 2.1 4.35 2.125 1 1 1
v 1.8 4.35 2.2 1 1 1
v 2.1 4.05 -6.125 1 1 1
v 2.1 4.35 -6.125 1 1 1
v 2.2 4.35 -5.996922 1 1 1
v 2.2 4.05 -5.996922 1 1 1
v 2.2 4.35 1.996922 1 1 1
v 2.2 4.05 1.996922 1 1 1
v 1.4 4.05 -5.996922 1 1 1
v 1.4 4.35 -5.996922 1 1 1
v 1.4 4.05 1.996922 1 1 1
v 1.4 4.35 1.996922 1 1 1
v 1.5 4.05 2.125 1 1 1
v 1.5 4.35 2.125 1 1 1
v -2.1 4.05 -6.125 1 1 1
v -1.8 4.05 -6.2 1 1 1
v -2.1 4.35 -6.125 1 1 1
v -1.8 4.35 -6.2 1 1 1
v -1.5 4.05 2.125 1 1 1
v -1.8 4.05 2.2 1 1 1
v -1.5 4.35 2.125 1 1 1
v -1.8 4.35 2.2 1 1 1
v -1.5 4.05 -6.125 1 1 1
v -1.5 4.35 -6.125 1 1 1
v -1.4 4.35 -5.996922 1 1 1
v -1.4 4.05 -5.996922 1 1 1
v -1.4 4.35 1.996922 1 1 1
v -1.4 4.05 1.996922 1 1 1
v -2.2 4.05 -5.996922 1 1 1
v -2.2 4.35 -5.996922 1 1 1
v -2.2 4.05 1.996922 1 1 1
v -2.2 4.35 1.996922 1 1 1
v -2.1 4.05 2.125 1 1 1
v -2.1 4.35 2.125 1 1 1
v 1.599997 4.05 2.000004 1 1 1
v 1.599997 8.55 2.000004 1 1 1
v 1.999997 4.05 2.000004 1 1 1
v 1.999997 8.55 2.000004 1 1 1
v 1.599997 8.55 -1.999996 1 1 1
v 1.599997 4.05 -1.999996 1 1 1
v 1.999997 8.55 -1.999996 1 1 1
v 1.999997 4.05 -1.999996 1 1 1
v 1.399997 8.55 3.856421E-06 1 1 1
v 1.548423 5.510278 -1.484262 1 1 1
v 1.548423 5.710278 -1.484262 1 1 1
v 1.543448 5.760278 -1.43451 1 1 1
v 1.543448 5.460278 -1.43451 1 1 1
v 1.505098 5.460278 -1.051012 1 1 1
v 1.505098 5.760278 -1.051012 1 1 1
v 1.500123 5.710278 -1.001261 1 1 1
v 1.500123 5.510278 -1.001261 1 1 1
v 1.399997 4.05 3.856421E-06 1 1 1
v 1.50365 7.34453 1.036534 1 1 1
v 1.50365 7.544531 1.036534 1 1 1
v 1.508625 7.594531 1.086286 1 1 1
v 1.546975 7.594531 1.469784 1 1 1
v 1.55195 7.544531 1.519536 1 1 1
v 1.55195 7.34453 1.519536 1 1 1
v 1.453655 7.103556 0.5365877 1 1 1
v 1.508625 7.294531 1.086286 1 1 1
v 1.546975 7.294531 1.469784 1 1 1
v 1.44868 7.053556 0.4868359 1 1 1
v 1.492005 7.103556 0.9200853 1 1 1
v 1.49698 7.053556 0.9698372 1 1 1
v 1.49698 6.853556 0.9698372 1 1 1
v 1.492005 6.803556 0.9200853 1 1 1
v 1.44868 6.853556 0.4868359 1 1 1
v 1.513233 4.857028 1.132368 1 1 1
v 1.453655 6.803556 0.5365877 1 1 1
v 1.508258 4.807028 1.082616 1 1 1
v 1.551583 4.857028 1.515865 1 1 1
v 1.556558 4.807028 1.565617 1 1 1
v 1.556558 4.607028 1.565617 1 1 1
v 1.551583 4.557028 1.515865 1 1 1
v 1.508258 4.607028 1.082616 1 1 1
v 1.513233 4.557028 1.132368 1 1 1
v 1.498672 5.510278 -1.489238 1 1 1
v 1.548424 5.510278 -1.484262 1 1 1
v 1.498672 5.710278 -1.489238 1 1 1
v 1.548424 5.710278 -1.484262 1 1 1
v 1.500124 5.710278 -1.001261 1 1 1
v 1.450372 5.710278 -1.006236 1 1 1
v 1.505099 5.760278 -1.051013 1 1 1
v 1.455347 5.760278 -1.055988 1 1 1
v 1.493697 5.460278 -1.439486 1 1 1
v 1.493697 5.760278 -1.439486 1 1 1
v 1.455347 5.460278 -1.055988 1 1 1
v 1.450372 5.510278 -1.006236 1 1 1
v 1.543449 5.760278 -1.434511 1 1 1
v 1.543449 5.460278 -1.434511 1 1 1
v 1.505099 5.460278 -1.051013 1 1 1
v 1.500124 5.510278 -1.001261 1 1 1
v 1.556561 4.607028 1.56562 1 1 1
v 1.506809 4.607028 1.570595 1 1 1
v 1.556561 4.807028 1.56562 1 1 1
v 1.506809 4.807028 1.570595 1 1 1
v 1.551586 4.857028 1.515868 1 1 1
v 1.501834 4.857028 1.520843 1 1 1
v 1.458509 4.607028 1.087594 1 1 1
v 1.458509 4.807028 1.087594 1 1 1
v 1.463484 4.557028 1.137346 1 1 1
v 1.463484 4.857028 1.137346 1 1 1
v 1.501834 4.557028 1.520843 1 1 1
v 1.508261 4.607028 1.082619 1 1 1
v 1.513236 4.557028 1.132371 1 1 1
v 1.513236 4.857028 1.132371 1 1 1
v 1.508261 4.807028 1.082619 1 1 1
v 1.551586 4.557028 1.515868 1 1 1
v 1.496981 6.853556 0.9698367 1 1 1
v 1.447229 6.853556 0.9748119 1 1 1
v 1.496981 7.053556 0.9698367 1 1 1
v 1.447229 7.053556 0.9748119 1 1 1
v 1.453656 7.103556 0.5365874 1 1 1
v 1.492006 7.103556 0.9200848 1 1 1
v 1.403904 7.103556 0.5415626 1 1 1
v 1.442254 7.103556 0.92506 1 1 1
v 1.492006 6.803556 0.9200848 1 1 1
v 1.442254 6.803556 0.92506 1 1 1
v 1.398929 6.853556 0.4918107 1 1 1
v 1.448681 6.853556 0.4868355 1 1 1
v 1.398929 7.053556 0.4918107 1 1 1
v 1.448681 7.053556 0.4868355 1 1 1
v 1.403904 6.803556 0.5415626 1 1 1
v 1.453656 6.803556 0.5365874 1 1 1
v 1.503653 7.344531 1.036535 1 1 1
v 1.503653 7.544531 1.036535 1 1 1
v 1.508628 7.294531 1.086287 1 1 1
v 1.508628 7.594531 1.086287 1 1 1
v 1.546978 7.294531 1.469785 1 1 1
v 1.546978 7.594531 1.469785 1 1 1
v 1.551953 7.344531 1.519536 1 1 1
v 1.551953 7.544531 1.519536 1 1 1
v 1.453901 7.344531 1.04151 1 1 1
v 1.453901 7.544531 1.04151 1 1 1
v 1.458876 7.294531 1.091262 1 1 1
v 1.458876 7.594531 1.091262 1 1 1
v 1.497226 7.294531 1.47476 1 1 1
v 1.497226 7.594531 1.47476 1 1 1
v 1.502201 7.344531 1.524512 1 1 1
v 1.502201 7.544531 1.524512 1 1 1
v -0.9980047 0.2 2 1 1 1
v -0.9980047 3.123673E-18 2 1 1 1
v -2 0.2 2 1 1 1
v -2 3.123673E-18 2 1 1 1
v -0.9980043 3.123673E-18 -2 1 1 1
v -0.7980045 3.123673E-18 6.268979E-08 1 1 1
v -0.9980043 0.2 -2 1 1 1
v -0.7980045 0.2 6.268979E-08 1 1 1
v -1.999999 3.123673E-18 -2 1 1 1
v -1.999999 0.2 -2 1 1 1
v -1.600006 0.9 -1.999996 1 1 1
v -1.400006 0.9 3.850413E-06 1 1 1
v -1.600006 4.05 -1.999996 1 1 1
v -1.400006 4.05 3.850413E-06 1 1 1
v -1.600006 0.9 2.000004 1 1 1
v -1.600006 4.05 2.000004 1 1 1
v -2.000006 4.05 2.000004 1 1 1
v -2.000006 0.9 2.000004 1 1 1
v -2.000006 4.05 -1.999996 1 1 1
v -2.000006 0.9 -1.999996 1 1 1
v -1.442543 1.285278 0.9278618 1 1 1
v -1.404193 1.285278 0.5443642 1 1 1
v -1.492295 1.285278 0.9228866 1 1 1
v -1.453945 1.285278 0.5393891 1 1 1
v -1.442543 1.585278 0.9278618 1 1 1
v -1.492295 1.585278 0.9228866 1 1 1
v -1.404193 1.585278 0.5443642 1 1 1
v -1.453945 1.585278 0.5393891 1 1 1
v -1.447518 1.535278 0.9776136 1 1 1
v -1.447518 1.335278 0.9776136 1 1 1
v -1.49727 1.535278 0.9726384 1 1 1
v -1.49727 1.335278 0.9726384 1 1 1
v -1.399218 1.335278 0.4946124 1 1 1
v -1.399218 1.535278 0.4946124 1 1 1
v -1.44897 1.335278 0.4896372 1 1 1
v -1.44897 1.535278 0.4896372 1 1 1
v -1.513269 3.191752 -1.132618 1 1 1
v -1.551619 3.191752 -1.516116 1 1 1
v -1.463518 3.191752 -1.137594 1 1 1
v -1.501867 3.191752 -1.521091 1 1 1
v -1.513269 2.891752 -1.132618 1 1 1
v -1.463518 2.891752 -1.137594 1 1 1
v -1.551619 2.891752 -1.516116 1 1 1
v -1.501867 2.891752 -1.521091 1 1 1
v -1.508294 3.141752 -1.082866 1 1 1
v -1.458542 3.141752 -1.087842 1 1 1
v -1.556594 3.141752 -1.565868 1 1 1
v -1.506842 3.141752 -1.570843 1 1 1
v -1.458542 2.941752 -1.087842 1 1 1
v -1.508294 2.941752 -1.082866 1 1 1
v -1.556594 2.941752 -1.565868 1 1 1
v -1.506842 2.941752 -1.570843 1 1 1
v -1.51346 1.633671 1.637043 1 1 1
v -1.47511 1.633671 1.253545 1 1 1
v -1.563212 1.633671 1.632067 1 1 1
v -1.524862 1.633671 1.24857 1 1 1
v -1.51346 1.933671 1.637043 1 1 1
v -1.563212 1.933671 1.632067 1 1 1
v -1.47511 1.933671 1.253545 1 1 1
v -1.524862 1.933671 1.24857 1 1 1
v -1.518435 1.883671 1.686795 1 1 1
v -1.568187 1.883671 1.681819 1 1 1
v -1.518435 1.683671 1.686795 1 1 1
v -1.568187 1.683671 1.681819 1 1 1
v -1.470135 1.683671 1.203793 1 1 1
v -1.470135 1.883671 1.203793 1 1 1
v -1.519887 1.683671 1.198818 1 1 1
v -1.519887 1.883671 1.198818 1 1 1
v -0.9980047 0.2 -2 1 1 1
v -0.9980047 0 -2 1 1 1
v -2 0.2 -2 1 1 1
v -2 0 -2 1 1 1
v -0.9980043 0 -6 1 1 1
v -0.7980045 0 -4 1 1 1
v -0.9980043 0.2 -6 1 1 1
v -0.7980045 0.2 -4 1 1 1
v -1.999999 0 -6 1 1 1
v -1.999999 0.2 -6 1 1 1
v -1.600006 0.9 -5.999992 1 1 1
v -1.400006 0.9 -3.999992 1 1 1
v -1.600006 4.05 -5.999992 1 1 1
v -1.400006 4.05 -3.999992 1 1 1
v -1.600006 0.9 -1.999992 1 1 1
v -1.600006 4.05 -1.999992 1 1 1
v -2.000006 4.05 -1.999992 1 1 1
v -2.000006 0.9 -1.999992 1 1 1
v -2.000006 4.05 -5.999992 1 1 1
v -2.000006 0.9 -5.999992 1 1 1
v -1.442541 1.285278 -3.072134 1 1 1
v -1.404191 1.285278 -3.455632 1 1 1
v -1.492293 1.285278 -3.07711 1 1 1
v -1.453943 1.285278 -3.460607 1 1 1
v -1.442541 1.585278 -3.072134 1 1 1
v -1.492293 1.585278 -3.07711 1 1 1
v -1.404191 1.585278 -3.455632 1 1 1
v -1.453943 1.585278 -3.460607 1 1 1
v -1.447516 1.535278 -3.022382 1 1 1
v -1.447516 1.335278 -3.022382 1 1 1
v -1.497268 1.535278 -3.027358 1 1 1
v -1.497268 1.335278 -3.027358 1 1 1
v -1.399216 1.335278 -3.505384 1 1 1
v -1.399216 1.535278 -3.505384 1 1 1
v -1.448968 1.335278 -3.510359 1 1 1
v -1.448968 1.535278 -3.510359 1 1 1
v -1.513268 3.191752 -5.132615 1 1 1
v -1.551617 3.191752 -5.516112 1 1 1
v -1.463516 3.191752 -5.137589 1 1 1
v -1.501865 3.191752 -5.521087 1 1 1
v -1.513268 2.891752 -5.132615 1 1 1
v -1.463516 2.891752 -5.137589 1 1 1
v -1.551617 2.891752 -5.516112 1 1 1
v -1.501865 2.891752 -5.521087 1 1 1
v -1.508292 3.141752 -5.082863 1 1 1
v -1.45854 3.141752 -5.087838 1 1 1
v -1.556592 3.141752 -5.565864 1 1 1
v -1.506841 3.141752 -5.570839 1 1 1
v -1.45854 2.941752 -5.087838 1 1 1
v -1.508292 2.941752 -5.082863 1 1 1
v -1.556592 2.941752 -5.565864 1 1 1
v -1.506841 2.941752 -5.570839 1 1 1
v -1.51346 1.633671 -2.362956 1 1 1
v -1.47511 1.633671 -2.746453 1 1 1
v -1.563212 1.633671 -2.367931 1 1 1
v -1.524862 1.633671 -2.751428 1 1 1
v -1.51346 1.933671 -2.362956 1 1 1
v -1.563212 1.933671 -2.367931 1 1 1
v -1.47511 1.933671 -2.746453 1 1 1
v -1.524862 1.933671 -2.751428 1 1 1
v -1.518435 1.883671 -2.313204 1 1 1
v -1.568187 1.883671 -2.318179 1 1 1
v -1.518435 1.683671 -2.313204 1 1 1
v -1.568187 1.683671 -2.318179 1 1 1
v -1.470135 1.683671 -2.796205 1 1 1
v -1.470135 1.883671 -2.796205 1 1 1
v -1.519887 1.683671 -2.80118 1 1 1
v -1.519887 1.883671 -2.80118 1 1 1
v 0.9980042 0.2 -2 1 1 1
v 0.9980042 0 -2 1 1 1
v 1.999999 0.2 -2 1 1 1
v 1.999999 0 -2 1 1 1
v 0.9980048 0 2 1 1 1
v 0.7980045 0 8.059918E-08 1 1 1
v 0.9980048 0.2 2 1 1 1
v 0.7980045 0.2 8.059918E-08 1 1 1
v 2 0 2 1 1 1
v 2 0.2 2 1 1 1
v 1.599997 0.9 2.000004 1 1 1
v 1.399996 0.9 3.850413E-06 1 1 1
v 1.599997 4.05 2.000004 1 1 1
v 1.399996 4.05 3.850413E-06 1 1 1
v 1.599996 0.9 -1.999996 1 1 1
v 1.599996 4.05 -1.999996 1 1 1
v 1.999996 4.05 -1.999996 1 1 1
v 1.999996 0.9 -1.999996 1 1 1
v 1.999997 4.05 2.000004 1 1 1
v 1.999997 0.9 2.000004 1 1 1
v 1.442533 1.285278 -0.9278541 1 1 1
v 1.404184 1.285278 -0.5443566 1 1 1
v 1.492285 1.285278 -0.922879 1 1 1
v 1.453936 1.285278 -0.5393814 1 1 1
v 1.442533 1.585278 -0.9278541 1 1 1
v 1.492285 1.585278 -0.922879 1 1 1
v 1.404184 1.585278 -0.5443566 1 1 1
v 1.453936 1.585278 -0.5393814 1 1 1
v 1.447509 1.535278 -0.977606 1 1 1
v 1.447509 1.335278 -0.977606 1 1 1
v 1.497261 1.535278 -0.9726308 1 1 1
v 1.497261 1.335278 -0.9726308 1 1 1
v 1.399209 1.335278 -0.4946048 1 1 1
v 1.399209 1.535278 -0.4946048 1 1 1
v 1.44896 1.335278 -0.4896296 1 1 1
v 1.44896 1.535278 -0.4896296 1 1 1
v 1.51326 3.191752 1.132628 1 1 1
v 1.55161 3.191752 1.516125 1 1 1
v 1.463508 3.191752 1.137603 1 1 1
v 1.501858 3.191752 1.521101 1 1 1
v 1.51326 2.891752 1.132628 1 1 1
v 1.463508 2.891752 1.137603 1 1 1
v 1.55161 2.891752 1.516125 1 1 1
v 1.501858 2.891752 1.521101 1 1 1
v 1.508285 3.141752 1.082876 1 1 1
v 1.458533 3.141752 1.087851 1 1 1
v 1.556585 3.141752 1.565877 1 1 1
v 1.506833 3.141752 1.570853 1 1 1
v 1.458533 2.941752 1.087851 1 1 1
v 1.508285 2.941752 1.082876 1 1 1
v 1.556585 2.941752 1.565877 1 1 1
v 1.506833 2.941752 1.570853 1 1 1
v 1.513451 1.633671 -1.637033 1 1 1
v 1.475101 1.633671 -1.253536 1 1 1
v 1.563203 1.633671 -1.632058 1 1 1
v 1.524853 1.633671 -1.24856 1 1 1
v 1.513451 1.933671 -1.637033 1 1 1
v 1.563203 1.933671 -1.632058 1 1 1
v 1.475101 1.933671 -1.253536 1 1 1
v 1.524853 1.933671 -1.24856 1 1 1
v 1.518426 1.883671 -1.686785 1 1 1
v 1.568178 1.883671 -1.68181 1 1 1
v 1.518426 1.683671 -1.686785 1 1 1
v 1.568178 1.683671 -1.68181 1 1 1
v 1.470126 1.683671 -1.203784 1 1 1
v 1.470126 1.883671 -1.203784 1 1 1
v 1.519878 1.683671 -1.198808 1 1 1
v 1.519878 1.883671 -1.198808 1 1 1
v 0.9980042 0.2 -6 1 1 1
v 0.9980042 3.123673E-18 -6 1 1 1
v 1.999999 0.2 -6 1 1 1
v 1.999999 3.123673E-18 -6 1 1 1
v 0.9980048 3.123673E-18 -2 1 1 1
v 0.7980045 3.123673E-18 -4 1 1 1
v 0.9980048 0.2 -2 1 1 1
v 0.7980045 0.2 -4 1 1 1
v 2 3.123673E-18 -2 1 1 1
v 2 0.2 -2 1 1 1
v 1.599997 0.9 -1.999992 1 1 1
v 1.399996 0.9 -3.999992 1 1 1
v 1.599997 4.05 -1.999992 1 1 1
v 1.399996 4.05 -3.999992 1 1 1
v 1.599996 0.9 -5.999992 1 1 1
v 1.599996 4.05 -5.999992 1 1 1
v 1.999996 4.05 -5.999992 1 1 1
v 1.999996 0.9 -5.999992 1 1 1
v 1.999997 4.05 -1.999992 1 1 1
v 1.999997 0.9 -1.999992 1 1 1
v 1.442533 1.285278 -4.92785 1 1 1
v 1.404184 1.285278 -4.544353 1 1 1
v 1.492285 1.285278 -4.922875 1 1 1
v 1.453936 1.285278 -4.539378 1 1 1
v 1.442533 1.585278 -4.92785 1 1 1
v 1.492285 1.585278 -4.922875 1 1 1
v 1.404184 1.585278 -4.544353 1 1 1
v 1.453936 1.585278 -4.539378 1 1 1
v 1.447509 1.535278 -4.977602 1 1 1
v 1.447509 1.335278 -4.977602 1 1 1
v 1.497261 1.535278 -4.972627 1 1 1
v 1.497261 1.335278 -4.972627 1 1 1
v 1.399209 1.335278 -4.494601 1 1 1
v 1.399209 1.535278 -4.494601 1 1 1
v 1.44896 1.335278 -4.489626 1 1 1
v 1.44896 1.535278 -4.489626 1 1 1
v 1.513258 3.191752 -2.86737 1 1 1
v 1.551608 3.191752 -2.483873 1 1 1
v 1.463506 3.191752 -2.862395 1 1 1
v 1.501856 3.191752 -2.478898 1 1 1
v 1.513258 2.891752 -2.86737 1 1 1
v 1.463506 2.891752 -2.862395 1 1 1
v 1.551608 2.891752 -2.483873 1 1 1
v 1.501856 2.891752 -2.478898 1 1 1
v 1.508283 3.141752 -2.917122 1 1 1
v 1.458531 3.141752 -2.912147 1 1 1
v 1.556583 3.141752 -2.434121 1 1 1
v 1.506831 3.141752 -2.429146 1 1 1
v 1.458531 2.941752 -2.912147 1 1 1
v 1.508283 2.941752 -2.917122 1 1 1
v 1.556583 2.941752 -2.434121 1 1 1
v 1.506831 2.941752 -2.429146 1 1 1
v 1.513451 1.633671 -5.637029 1 1 1
v 1.475101 1.633671 -5.253531 1 1 1
v 1.563203 1.633671 -5.632054 1 1 1
v 1.524853 1.633671 -5.248557 1 1 1
v 1.513451 1.933671 -5.637029 1 1 1
v 1.563203 1.933671 -5.632054 1 1 1
v 1.475101 1.933671 -5.253531 1 1 1
v 1.524853 1.933671 -5.248557 1 1 1
v 1.518426 1.883671 -5.686781 1 1 1
v 1.568178 1.883671 -5.681806 1 1 1
v 1.518426 1.683671 -5.686781 1 1 1
v 1.568178 1.683671 -5.681806 1 1 1
v 1.470126 1.683671 -5.20378 1 1 1
v 1.470126 1.883671 -5.20378 1 1 1
v 1.519878 1.683671 -5.198805 1 1 1
v 1.519878 1.883671 -5.198805 1 1 1
v 1.999997 4.05 -1.999992 1 1 1
v 1.999997 4.05 -5.999992 1 1 1
v 1.999997 8.55 -1.999992 1 1 1
v 1.399997 6.3 -3.999992 1 1 1
v 1.599997 8.55 -1.999992 1 1 1
v 1.599997 4.05 -5.999992 1 1 1
v 1.599997 4.05 -1.999992 1 1 1
v 1.399997 4.05 -3.999992 1 1 1
v 1.516698 5.301609 -2.832979 1 1 1
v 1.555048 5.301609 -2.449481 1 1 1
v 1.560023 5.351608 -2.39973 1 1 1
v 1.511723 5.351608 -2.882731 1 1 1
v 1.560023 5.551609 -2.39973 1 1 1
v 1.555048 5.601608 -2.449481 1 1 1
v 1.511723 5.551609 -2.882731 1 1 1
v 1.516698 5.601608 -2.832979 1 1 1
v 1.42367 4.557814 -4.236727 1 1 1
v 1.42367 4.757813 -4.236727 1 1 1
v 1.428646 4.807814 -4.286479 1 1 1
v 1.466995 4.807814 -4.669977 1 1 1
v 1.47197 4.757813 -4.719728 1 1 1
v 1.428646 4.507813 -4.286479 1 1 1
v 1.47197 4.557814 -4.719728 1 1 1
v 1.466995 4.507813 -4.669977 1 1 1
v 1.510272 5.351608 -2.394754 1 1 1
v 1.560024 5.351608 -2.399729 1 1 1
v 1.510272 5.551609 -2.394754 1 1 1
v 1.560024 5.551609 -2.399729 1 1 1
v 1.505296 5.601608 -2.444506 1 1 1
v 1.505296 5.301609 -2.444506 1 1 1
v 1.466947 5.601608 -2.828003 1 1 1
v 1.466947 5.301609 -2.828003 1 1 1
v 1.461972 5.351608 -2.877755 1 1 1
v 1.461971 5.551609 -2.877755 1 1 1
v 1.516698 5.601608 -2.832978 1 1 1
v 1.511723 5.551609 -2.88273 1 1 1
v 1.555048 5.601608 -2.449481 1 1 1
v 1.555048 5.301609 -2.449481 1 1 1
v 1.516699 5.301609 -2.832978 1 1 1
v 1.511723 5.351608 -2.88273 1 1 1
v 1.423671 4.757813 -4.236727 1 1 1
v 1.428646 4.807814 -4.286479 1 1 1
v 1.373919 4.757813 -4.241702 1 1 1
v 1.378894 4.807814 -4.291454 1 1 1
v 1.471971 4.757813 -4.719728 1 1 1
v 1.422219 4.757813 -4.724703 1 1 1
v 1.466995 4.807814 -4.669976 1 1 1
v 1.417244 4.807814 -4.674952 1 1 1
v 1.373919 4.557814 -4.241702 1 1 1
v 1.378894 4.507813 -4.291454 1 1 1
v 1.417244 4.507813 -4.674952 1 1 1
v 1.422219 4.557814 -4.724703 1 1 1
v 1.428646 4.507813 -4.286479 1 1 1
v 1.423671 4.557814 -4.236727 1 1 1
v 1.466995 4.507813 -4.669976 1 1 1
v 1.471971 4.557814 -4.719728 1 1 1
v -2.000007 4.05 -1.999992 1 1 1
v -2.000006 4.05 -5.999992 1 1 1
v -2.000007 8.55 -1.999992 1 1 1
v -1.400006 6.3 -3.999992 1 1 1
v -1.600007 8.55 -1.999992 1 1 1
v -1.600006 4.05 -5.999992 1 1 1
v -1.600007 4.05 -1.999992 1 1 1
v -1.400006 4.05 -3.999992 1 1 1
v -1.516708 5.301609 -2.832979 1 1 1
v -1.555058 5.301609 -2.449481 1 1 1
v -1.560033 5.351608 -2.39973 1 1 1
v -1.511733 5.351608 -2.882731 1 1 1
v -1.560033 5.551609 -2.39973 1 1 1
v -1.555058 5.601608 -2.449481 1 1 1
v -1.511733 5.551609 -2.882731 1 1 1
v -1.516708 5.601608 -2.832979 1 1 1
v -1.42368 4.557814 -4.236727 1 1 1
v -1.42368 4.757813 -4.236727 1 1 1
v -1.428655 4.807814 -4.286479 1 1 1
v -1.467005 4.807814 -4.669977 1 1 1
v -1.47198 4.757813 -4.719728 1 1 1
v -1.428655 4.507813 -4.286479 1 1 1
v -1.47198 4.557814 -4.719728 1 1 1
v -1.467005 4.507813 -4.669977 1 1 1
v -1.510281 5.351608 -2.394754 1 1 1
v -1.560033 5.351608 -2.399729 1 1 1
v -1.510281 5.551609 -2.394754 1 1 1
v -1.560033 5.551609 -2.399729 1 1 1
v -1.505306 5.601608 -2.444506 1 1 1
v -1.505306 5.301609 -2.444506 1 1 1
v -1.466956 5.601608 -2.828003 1 1 1
v -1.466956 5.301609 -2.828003 1 1 1
v -1.461981 5.351608 -2.877755 1 1 1
v -1.461981 5.551609 -2.877755 1 1 1
v -1.516708 5.601608 -2.832978 1 1 1
v -1.511733 5.551609 -2.88273 1 1 1
v -1.555058 5.601608 -2.449481 1 1 1
v -1.555058 5.301609 -2.449481 1 1 1
v -1.516708 5.301609 -2.832978 1 1 1
v -1.511733 5.351608 -2.88273 1 1 1
v -1.423678 4.757813 -4.236727 1 1 1
v -1.428653 4.807814 -4.286479 1 1 1
v -1.373926 4.757813 -4.241702 1 1 1
v -1.378901 4.807814 -4.291454 1 1 1
v -1.471978 4.757813 -4.719728 1 1 1
v -1.422226 4.757813 -4.724703 1 1 1
v -1.467003 4.807814 -4.669976 1 1 1
v -1.417251 4.807814 -4.674952 1 1 1
v -1.373926 4.557814 -4.241702 1 1 1
v -1.378902 4.507813 -4.291454 1 1 1
v -1.417251 4.507813 -4.674952 1 1 1
v -1.422226 4.557814 -4.724703 1 1 1
v -1.428653 4.507813 -4.286479 1 1 1
v -1.423678 4.557814 -4.236727 1 1 1
v -1.467003 4.507813 -4.669976 1 1 1
v -1.471978 4.557814 -4.719728 1 1 1
v -1.600007 4.05 2.000004 1 1 1
v -1.600007 8.55 2.000004 1 1 1
v -2.000007 4.05 2.000004 1 1 1
v -2.000007 8.55 2.000004 1 1 1
v -1.600006 8.55 -1.999996 1 1 1
v -1.600006 4.05 -1.999996 1 1 1
v -2.000006 8.55 -1.999996 1 1 1
v -2.000006 4.05 -1.999996 1 1 1
v -1.400006 8.55 3.856421E-06 1 1 1
v -1.548433 5.510278 -1.484262 1 1 1
v -1.548433 5.710278 -1.484262 1 1 1
v -1.543458 5.760278 -1.43451 1 1 1
v -1.543458 5.460278 -1.43451 1 1 1
v -1.505108 5.460278 -1.051012 1 1 1
v -1.505108 5.760278 -1.051012 1 1 1
v -1.500133 5.710278 -1.001261 1 1 1
v -1.500133 5.510278 -1.001261 1 1 1
v -1.400006 4.05 3.856421E-06 1 1 1
v -1.50366 7.34453 1.036534 1 1 1
v -1.50366 7.544531 1.036534 1 1 1
v -1.508635 7.594531 1.086286 1 1 1
v -1.546985 7.594531 1.469784 1 1 1
v -1.55196 7.544531 1.519536 1 1 1
v -1.55196 7.34453 1.519536 1 1 1
v -1.453665 7.103556 0.5365877 1 1 1
v -1.508635 7.294531 1.086286 1 1 1
v -1.546985 7.294531 1.469784 1 1 1
v -1.44869 7.053556 0.4868359 1 1 1
v -1.492015 7.103556 0.9200853 1 1 1
v -1.49699 7.053556 0.9698372 1 1 1
v -1.49699 6.853556 0.9698372 1 1 1
v -1.492015 6.803556 0.9200853 1 1 1
v -1.44869 6.853556 0.4868359 1 1 1
v -1.513243 4.857028 1.132368 1 1 1
v -1.453665 6.803556 0.5365877 1 1 1
v -1.508268 4.807028 1.082616 1 1 1
v -1.551593 4.857028 1.515865 1 1 1
v -1.556568 4.807028 1.565617 1 1 1
v -1.556568 4.607028 1.565617 1 1 1
v -1.551593 4.557028 1.515865 1 1 1
v -1.508268 4.607028 1.082616 1 1 1
v -1.513243 4.557028 1.132368 1 1 1
v -1.498681 5.510278 -1.489238 1 1 1
v -1.548433 5.510278 -1.484262 1 1 1
v -1.498681 5.710278 -1.489238 1 1 1
v -1.548433 5.710278 -1.484262 1 1 1
v -1.500133 5.710278 -1.001261 1 1 1
v -1.450381 5.710278 -1.006236 1 1 1
v -1.505108 5.760278 -1.051013 1 1 1
v -1.455356 5.760278 -1.055988 1 1 1
v -1.493706 5.460278 -1.439486 1 1 1
v -1.493706 5.760278 -1.439486 1 1 1
v -1.455357 5.460278 -1.055988 1 1 1
v -1.450381 5.510278 -1.006236 1 1 1
v -1.543458 5.760278 -1.434511 1 1 1
v -1.543458 5.460278 -1.434511 1 1 1
v -1.505108 5.460278 -1.051013 1 1 1
v -1.500133 5.510278 -1.001261 1 1 1
v -1.556569 4.607028 1.56562 1 1 1
v -1.506817 4.607028 1.570595 1 1 1
v -1.556569 4.807028 1.56562 1 1 1
v -1.506817 4.807028 1.570595 1 1 1
v -1.551593 4.857028 1.515868 1 1 1
v -1.501841 4.857028 1.520843 1 1 1
v -1.458516 4.607028 1.087594 1 1 1
v -1.458516 4.807028 1.087594 1 1 1
v -1.463492 4.557028 1.137346 1 1 1
v -1.463492 4.857028 1.137346 1 1 1
v -1.501842 4.557028 1.520843 1 1 1
v -1.508268 4.607028 1.082619 1 1 1
v -1.513244 4.557028 1.132371 1 1 1
v -1.513243 4.857028 1.132371 1 1 1
v -1.508268 4.807028 1.082619 1 1 1
v -1.551593 4.557028 1.515868 1 1 1
v -1.496991 6.853556 0.9698367 1 1 1
v -1.447239 6.853556 0.9748119 1 1 1
v -1.496991 7.053556 0.9698367 1 1 1
v -1.447239 7.053556 0.9748119 1 1 1
v -1.453665 7.103556 0.5365874 1 1 1
v -1.492015 7.103556 0.9200848 1 1 1
v -1.403914 7.103556 0.5415626 1 1 1
v -1.442263 7.103556 0.92506 1 1 1
v -1.492015 6.803556 0.9200848 1 1 1
v -1.442264 6.803556 0.92506 1 1 1
v -1.398939 6.853556 0.4918107 1 1 1
v -1.44869 6.853556 0.4868355 1 1 1
v -1.398939 7.053556 0.4918107 1 1 1
v -1.44869 7.053556 0.4868355 1 1 1
v -1.403914 6.803556 0.5415626 1 1 1
v -1.453666 6.803556 0.5365874 1 1 1
v -1.50366 7.344531 1.036535 1 1 1
v -1.50366 7.544531 1.036535 1 1 1
v -1.508635 7.294531 1.086287 1 1 1
v -1.508635 7.594531 1.086287 1 1 1
v -1.546985 7.294531 1.469785 1 1 1
v -1.546985 7.594531 1.469785 1 1 1
v -1.55196 7.344531 1.519536 1 1 1
v -1.55196 7.544531 1.519536 1 1 1
v -1.453908 7.344531 1.04151 1 1 1
v -1.453908 7.544531 1.04151 1 1 1
v -1.458884 7.294531 1.091262 1 1 1
v -1.458884 7.594531 1.091262 1 1 1
v -1.497233 7.294531 1.47476 1 1 1
v -1.497233 7.594531 1.47476 1 1 1
v -1.502208 7.344531 1.524512 1 1 1
v -1.502208 7.544531 1.524512 1 1 1
v 2 0 -2 1 1 1
v 2 0 2 1 1 1
v -2 0 -2 1 1 1
v -2 0 2 1 1 1
v 2 0 -6 1 1 1
v -2 0 -6 1 1 1
v -0.4321917 3.123673E-18 -1.296844 1 1 1
v -0.4498694 0.05 -1.266226 1 1 1
v -0.6253769 3.123673E-18 -1.245081 1 1 1
v -0.5947584 0.05 -1.227403 1 1 1
v -0.5736132 3.123673E-18 -1.051895 1 1 1
v -0.5559355 0.05 -1.082514 1 1 1
v -0.7146533 3.123673E-18 -1.547955 1 1 1
v -0.6111255 3.123673E-18 -1.934326 1 1 1
v -0.6534159 0.1 -1.583311 1 1 1
v -0.5757701 0.1 -1.873088 1 1 1
v -0.2247552 3.123673E-18 -1.830798 1 1 1
v -0.2859924 0.1 -1.795443 1 1 1
v -0.006433249 3.123673E-18 1.071889 1 1 1
v -0.03143334 0.1 1.096889 1 1 1
v -0.2064333 3.123673E-18 1.071889 1 1 1
v -0.1814333 0.1 1.096889 1 1 1
v -0.03143334 0.1 1.246889 1 1 1
v -0.1814333 0.1 1.246889 1 1 1
v -0.2064333 3.123673E-18 1.271889 1 1 1
v -0.006433249 3.123673E-18 1.271889 1 1 1
v -0.3282828 3.123673E-18 -1.444427 1 1 1
v -0.3636382 0.1 -1.505665 1 1 1
v -0.380428 3.123673E-18 -1.103659 1 1 1
v -0.4110466 0.05 -1.121337 1 1 1
v -0.4982209 0.05 1.749571 1 1 1
v -0.7103529 0.05 1.537439 1 1 1
v -0.2860888 0.05 1.537439 1 1 1
v -0.4982209 0.05 1.325306 1 1 1
v -0.2153782 3.123673E-18 1.537439 1 1 1
v -0.4982209 3.123673E-18 1.254596 1 1 1
v -0.09759426 -2.884522E-15 0.8904108 1 1 1
v -0.1588315 0.05 0.8550555 1 1 1
v -0.2011218 -2.884522E-15 0.5040404 1 1 1
v -0.2364771 0.05 0.5652776 1 1 1
v -0.4982209 3.123673E-18 1.820281 1 1 1
v -0.7810637 3.123673E-18 1.537439 1 1 1
v -0.4839646 -2.884522E-15 0.9939383 1 1 1
v -0.5874922 -2.884522E-15 0.607568 1 1 1
v -0.4486092 0.05 0.9327011 1 1 1
v -0.5262549 0.05 0.6429234 1 1 1
v -0.4321917 0 -5.296844 1 1 1
v -0.4498694 0.05 -5.266226 1 1 1
v -0.6253769 0 -5.245081 1 1 1
v -0.5947584 0.05 -5.227403 1 1 1
v -0.5736132 0 -5.051896 1 1 1
v -0.5559355 0.05 -5.082514 1 1 1
v -0.7146533 0 -5.547955 1 1 1
v -0.6111255 0 -5.934326 1 1 1
v -0.6534159 0.1 -5.583311 1 1 1
v -0.5757701 0.1 -5.873088 1 1 1
v -0.2247552 0 -5.830798 1 1 1
v -0.2859924 0.1 -5.795443 1 1 1
v -0.006433249 0 -2.928111 1 1 1
v -0.03143334 0.1 -2.903111 1 1 1
v -0.2064333 0 -2.928111 1 1 1
v -0.1814333 0.1 -2.903111 1 1 1
v -0.03143334 0.1 -2.753111 1 1 1
v -0.1814333 0.1 -2.753111 1 1 1
v -0.2064333 0 -2.728111 1 1 1
v -0.006433249 0 -2.728111 1 1 1
v -0.3282828 0 -5.444427 1 1 1
v -0.3636382 0.1 -5.505665 1 1 1
v -0.380428 0 -5.103659 1 1 1
v -0.4110466 0.05 -5.121337 1 1 1
v -0.4982209 0.05 -2.250429 1 1 1
v -0.7103529 0.05 -2.462561 1 1 1
v -0.2860888 0.05 -2.462561 1 1 1
v -0.4982209 0.05 -2.674694 1 1 1
v -0.2153782 0 -2.462561 1 1 1
v -0.4982209 0 -2.745404 1 1 1
v -0.09759426 -2.887646E-15 -3.109589 1 1 1
v -0.1588315 0.05 -3.144945 1 1 1
v -0.2011218 -2.887646E-15 -3.49596 1 1 1
v -0.2364771 0.05 -3.434722 1 1 1
v -0.4982209 0 -2.179718 1 1 1
v -0.7810637 0 -2.462561 1 1 1
v -0.4839646 -2.887646E-15 -3.006062 1 1 1
v -0.5874922 -2.887646E-15 -3.392432 1 1 1
v -0.4486092 0.05 -3.067299 1 1 1
v -0.5262549 0.05 -3.357077 1 1 1
v 0.4321911 0 1.296844 1 1 1
v 0.4498688 0.05 1.266226 1 1 1
v 0.6253763 0 1.245081 1 1 1
v 0.5947577 0.05 1.227403 1 1 1
v 0.5736125 0 1.051895 1 1 1
v 0.5559348 0.05 1.082514 1 1 1
v 0.7146525 0 1.547955 1 1 1
v 0.611125 0 1.934326 1 1 1
v 0.6534153 0.1 1.583311 1 1 1
v 0.5757697 0.1 1.873088 1 1 1
v 0.2247546 0 1.830798 1 1 1
v 0.2859919 0.1 1.795443 1 1 1
v 0.006432056 0 -1.071889 1 1 1
v 0.03143203 0.1 -1.096889 1 1 1
v 0.2064321 0 -1.071889 1 1 1
v 0.181432 0.1 -1.096889 1 1 1
v 0.03143203 0.1 -1.246889 1 1 1
v 0.181432 0.1 -1.246889 1 1 1
v 0.206432 0 -1.271889 1 1 1
v 0.006432056 0 -1.271889 1 1 1
v 0.3282822 0 1.444427 1 1 1
v 0.3636376 0.1 1.505665 1 1 1
v 0.3804272 0 1.103659 1 1 1
v 0.4110459 0.05 1.121337 1 1 1
v 0.4982195 0.05 -1.749571 1 1 1
v 0.7103516 0.05 -1.537439 1 1 1
v 0.2860875 0.05 -1.537439 1 1 1
v 0.4982196 0.05 -1.325306 1 1 1
v 0.2153769 0 -1.537439 1 1 1
v 0.4982196 0 -1.254596 1 1 1
v 0.09759307 -2.887646E-15 -0.8904107 1 1 1
v 0.1588303 0.05 -0.8550555 1 1 1
v 0.2011207 -2.887646E-15 -0.5040404 1 1 1
v 0.2364761 0.05 -0.5652776 1 1 1
v 0.4982195 0 -1.820281 1 1 1
v 0.7810624 0 -1.537439 1 1 1
v 0.4839634 -2.887646E-15 -0.9939383 1 1 1
v 0.587491 -2.887646E-15 -0.607568 1 1 1
v 0.448608 0.05 -0.9327011 1 1 1
v 0.5262538 0.05 -0.6429234 1 1 1
v 0.4321911 3.123673E-18 -2.703156 1 1 1
v 0.4498688 0.05 -2.733774 1 1 1
v 0.6253763 3.123673E-18 -2.754919 1 1 1
v 0.5947577 0.05 -2.772597 1 1 1
v 0.5736125 3.123673E-18 -2.948104 1 1 1
v 0.5559348 0.05 -2.917486 1 1 1
v 0.7146525 3.123673E-18 -2.452045 1 1 1
v 0.611125 3.123673E-18 -2.065674 1 1 1
v 0.6534153 0.1 -2.416689 1 1 1
v 0.5757697 0.1 -2.126912 1 1 1
v 0.2247546 3.123673E-18 -2.169202 1 1 1
v 0.2859919 0.1 -2.204557 1 1 1
v 0.006432056 3.123673E-18 -5.071889 1 1 1
v 0.03143203 0.1 -5.096889 1 1 1
v 0.2064321 3.123673E-18 -5.071889 1 1 1
v 0.181432 0.1 -5.096889 1 1 1
v 0.03143203 0.1 -5.246889 1 1 1
v 0.181432 0.1 -5.246889 1 1 1
v 0.206432 3.123673E-18 -5.271889 1 1 1
v 0.006432056 3.123673E-18 -5.271889 1 1 1
v 0.3282822 3.123673E-18 -2.555573 1 1 1
v 0.3636376 0.1 -2.494335 1 1 1
v 0.3804272 3.123673E-18 -2.896341 1 1 1
v 0.4110459 0.05 -2.878663 1 1 1
v 0.4982195 0.05 -5.749571 1 1 1
v 0.7103516 0.05 -5.537438 1 1 1
v 0.2860875 0.05 -5.537438 1 1 1
v 0.4982196 0.05 -5.325306 1 1 1
v 0.2153769 3.123673E-18 -5.537438 1 1 1
v 0.4982196 3.123673E-18 -5.254596 1 1 1
v 0.09759307 -2.884522E-15 -4.890411 1 1 1
v 0.1588303 0.05 -4.855055 1 1 1
v 0.2011207 -2.884522E-15 -4.50404 1 1 1
v 0.2364761 0.05 -4.565278 1 1 1
v 0.4982195 3.123673E-18 -5.820282 1 1 1
v 0.7810624 3.123673E-18 -5.537438 1 1 1
v 0.4839634 -2.884522E-15 -4.993938 1 1 1
v 0.587491 -2.884522E-15 -4.607568 1 1 1
v 0.448608 0.05 -4.932701 1 1 1
v 0.5262538 0.05 -4.642923 1 1 1
v -1.399002 0.2 -2 1 1 1
v -1.199002 0.2 4.774309E-08 1 1 1
v -1.399002 0.9 -2 1 1 1
v -1.199002 0.9 4.774309E-08 1 1 1
v -2 0.9 2 1 1 1
v -1.999999 0.9 -2 1 1 1
v -1.399002 0.9 2 1 1 1
v -1.999999 0.2 -2 1 1 1
v -1.399002 0.2 2 1 1 1
v -1.399002 0.2 -6 1 1 1
v -1.199002 0.2 -4 1 1 1
v -1.399002 0.9 -6 1 1 1
v -1.199002 0.9 -4 1 1 1
v -2 0.9 -2 1 1 1
v -1.999999 0.9 -6 1 1 1
v -1.399002 0.9 -2 1 1 1
v -1.999999 0.2 -6 1 1 1
v -1.399002 0.2 -2 1 1 1
v 1.399002 0.2 2 1 1 1
v 1.199002 0.2 4.774325E-08 1 1 1
v 1.399002 0.9 2 1 1 1
v 1.199002 0.9 4.774325E-08 1 1 1
v 1.999999 0.9 -2 1 1 1
v 2 0.9 2 1 1 1
v 1.399002 0.9 -2 1 1 1
v 2 0.2 2 1 1 1
v 1.399002 0.2 -2 1 1 1
v 1.399002 0.2 -2 1 1 1
v 1.199002 0.2 -4 1 1 1
v 1.399002 0.9 -2 1 1 1
v 1.199002 0.9 -4 1 1 1
v 1.999999 0.9 -6 1 1 1
v 2 0.9 -2 1 1 1
v 1.399002 0.9 -6 1 1 1
v 2 0.2 -2 1 1 1
v 1.399002 0.2 -6 1 1 1

vn 0 1 0
vn 0 -1 0
vn 0 0 -1
vn -0.1240347 0 -0.9922778
vn 0 0 1
vn 0.1240347 0 0.9922778
vn 0.1240347 0 -0.9922778
vn -0.1240347 0 0.9922778
vn -0.06218769 0 -0.9980645
vn 0.06218769 0 0.9980645
vn -0.5450369 0 -0.8384121
vn 0.5450369 0 0.8384121
vn 0.5450369 0 -0.8384121
vn -0.5450369 0 0.8384121
vn 0.9455701 0 -0.3254187
vn 0.9455701 0 0.3254187
vn -0.9455701 0 -0.3254187
vn -0.9455701 0 0.3254187
vn 1.192093E-07 0 1
vn -1.192093E-07 0 -1
vn 1 0 -1.192093E-07
vn -1 0 1.192093E-07
vn 0.9950373 0 0.0995036
vn -0.9950373 0 -0.0995036
vn 0.9950373 0 -0.09950386
vn -0.9950373 0 0.09950386
vn 0.09192939 -0.3826835 -0.9192946
vn 0.0919293 0.3826835 -0.9192946
vn -0.0919293 -0.3826835 0.9192946
vn -0.09192939 0.3826835 0.9192946
vn -0.03807849 0.9238796 0.3807843
vn 0.03807849 -0.9238796 -0.3807843
vn -0.9950374 -1.192093E-07 -0.09950361
vn 0.9950374 1.192093E-07 0.09950361
vn 0.03807827 0.9238796 -0.3807843
vn -0.03807827 -0.9238796 0.3807843
vn 0.09192964 -0.3826835 0.9192946
vn 0.09192955 0.3826835 0.9192946
vn -0.09192955 -0.3826835 -0.9192946
vn -0.09192964 0.3826835 -0.9192946
vn 0.03807837 0.9238796 0.3807843
vn -0.03807837 -0.9238796 -0.3807843
vn -0.9950374 -1.192093E-07 0.09950387
vn 0.9950374 1.192093E-07 -0.09950387
vn -0.03807859 0.9238796 -0.3807843
vn 0.03807859 -0.9238796 0.3807843
vn -1.192093E-07 0 1
vn 1.192093E-07 0 -1
vn 0.9950373 0 -0.09950362
vn 1 0 1.192093E-07
vn -0.9950373 0 0.09950362
vn -1 0 -1.192093E-07
vn 0.9950373 0 0.09950384
vn -0.9950373 0 -0.09950384
vn 0.9950373 0 -0.09950361
vn -0.9950373 0 0.09950361
vn 0.9950373 0 0.09950384
vn -0.9950373 0 -0.09950384
vn -0.03807847 -0.9238795 0.3807843
vn 0.03807847 -0.9238795 -0.3807843
vn 0.03807847 0.9238795 -0.3807843
vn -0.03807847 0.9238795 0.3807843
vn -0.09192957 0.3826834 0.9192946
vn -0.09192957 -0.3826834 0.9192946
vn 0.09192957 -0.3826834 -0.9192946
vn 0.09192957 0.3826834 -0.9192946
vn 0.03807838 0.9238795 0.3807843
vn -0.03807838 0.9238795 -0.3807843
vn -0.03807838 -0.9238795 -0.3807843
vn 0.03807838 -0.9238795 0.3807843
vn 0.09192935 0.3826834 0.9192946
vn -0.09192935 -0.3826834 -0.9192946
vn -0.09192935 0.3826834 -0.9192946
vn 0.09192935 -0.3826834 0.9192946
vn -0.9950373 0 0.09950384
vn 0.9950373 0 -0.09950384
vn -0.9950373 0 -0.09950361
vn 0.9950373 0 0.09950361
vn 0.03807838 -0.9238795 -0.3807843
vn -0.03807838 -0.9238795 0.3807843
vn -0.03807838 0.9238795 0.3807843
vn 0.03807838 0.9238795 -0.3807843
vn 0.09192935 0.3826834 -0.9192946
vn 0.09192935 -0.3826834 -0.9192946
vn -0.09192935 -0.3826834 0.9192946
vn -0.09192935 0.3826834 0.9192946
vn -0.03807847 0.9238795 -0.3807843
vn 0.03807847 0.9238795 0.3807843
vn 0.03807847 -0.9238795 0.3807843
vn -0.03807847 -0.9238795 -0.3807843
vn -0.09192957 0.3826834 -0.9192946
vn 0.09192957 -0.3826834 0.9192946
vn 0.09192957 0.3826834 0.9192946
vn -0.09192957 -0.3826834 -0.9192946
vn -8.909814E-08 0.6643638 -0.7474094
vn 8.909814E-08 -0.6643638 0.7474094
vn -0.9985676 0 0.05350656
vn 0.9985676 0 -0.05350656
vn 0.09192962 -0.3826835 0.9192946
vn 0.09192953 0.3826835 0.9192946
vn -0.09192953 -0.3826835 -0.9192946
vn -0.09192962 0.3826835 -0.9192946
vn -0.9950374 -1.192093E-07 0.09950386
vn 0.9950374 1.192093E-07 -0.09950386
vn -0.03807859 0.9238796 -0.3807843
vn 0.03807859 -0.9238796 0.3807843
vn 0.03807837 0.9238796 0.3807843
vn -0.03807837 -0.9238796 -0.3807843
vn -0.0919294 0.3826835 0.9192946
vn -0.0380785 0.9238796 0.3807843
vn 0.0919294 -0.3826835 -0.9192946
vn 0.0380785 -0.9238796 -0.3807843
vn 0.09192931 0.3826835 -0.9192946
vn 0.03807827 0.9238796 -0.3807843
vn -0.03807827 -0.9238796 0.3807843
vn -0.09192931 -0.3826835 0.9192946
vn -0.9950374 -1.192093E-07 -0.09950362
vn 0.9950374 1.192093E-07 0.09950362
vn 8.909814E-08 0.6643638 -0.7474094
vn -8.909814E-08 -0.6643638 0.7474094
vn 0.9985676 0 0.05350656
vn -0.9985676 0 -0.05350656
vn -0.09192962 -0.3826835 0.9192946
vn -0.09192953 0.3826835 0.9192946
vn 0.09192953 -0.3826835 -0.9192946
vn 0.09192962 0.3826835 -0.9192946
vn 0.9950374 -1.192093E-07 0.09950386
vn -0.9950374 1.192093E-07 -0.09950386
vn 0.03807859 0.9238796 -0.3807843
vn -0.03807859 -0.9238796 0.3807843
vn -0.03807837 0.9238796 0.3807843
vn 0.03807837 -0.9238796 -0.3807843
vn 0.0919294 0.3826835 0.9192946
vn 0.0380785 0.9238796 0.3807843
vn -0.0919294 -0.3826835 -0.9192946
vn -0.0380785 -0.9238796 -0.3807843
vn -0.09192931 0.3826835 -0.9192946
vn -0.03807827 0.9238796 -0.3807843
vn 0.03807827 -0.9238796 0.3807843
vn 0.09192931 -0.3826835 0.9192946
vn 0.9950374 -1.192093E-07 -0.09950362
vn -0.9950374 1.192093E-07 0.09950362
vn -0.9950373 0 0.0995036
vn 0.9950373 0 -0.0995036
vn -0.9950373 0 -0.09950386
vn 0.9950373 0 0.09950386
vn -0.09192939 -0.3826835 -0.9192946
vn -0.0919293 0.3826835 -0.9192946
vn 0.0919293 -0.3826835 0.9192946
vn 0.09192939 0.3826835 0.9192946
vn 0.03807849 0.9238796 0.3807843
vn -0.03807849 -0.9238796 -0.3807843
vn 0.9950374 -1.192093E-07 -0.09950361
vn -0.9950374 1.192093E-07 0.09950361
vn -0.03807827 0.9238796 -0.3807843
vn 0.03807827 -0.9238796 0.3807843
vn -0.09192964 -0.3826835 0.9192946
vn -0.09192955 0.3826835 0.9192946
vn 0.09192955 -0.3826835 -0.9192946
vn 0.09192964 0.3826835 -0.9192946
vn -0.03807837 0.9238796 0.3807843
vn 0.03807837 -0.9238796 -0.3807843
vn 0.9950374 -1.192093E-07 0.09950387
vn -0.9950374 1.192093E-07 -0.09950387
vn 0.03807859 0.9238796 -0.3807843
vn -0.03807859 -0.9238796 0.3807843
vn 0.4082484 0.5773503 -0.7071068
vn 0.3003765 0.7994348 -0.5202672
vn -0.7071068 0.5773503 -0.4082484
vn -0.5202672 0.7994348 -0.3003765
vn 0.7071068 -0.5773503 0.4082484
vn -0.3003765 -0.7994348 0.5202672
vn -0.4082484 -0.5773503 0.7071068
vn 0.5202672 -0.7994348 0.3003765
vn -0.4082484 0.5773503 0.7071068
vn -0.3003765 0.7994348 0.5202672
vn 0.3003765 -0.7994348 -0.5202672
vn 0.4082484 -0.5773503 -0.7071068
vn -0.7071069 0.5773503 0.4082482
vn -0.4082482 0.5773503 -0.7071069
vn -0.5202673 0.7994348 0.3003764
vn -0.3003764 0.7994348 -0.5202673
vn 0.5202673 -0.7994348 -0.3003764
vn 0.4082482 -0.5773503 0.7071069
vn 0.7071069 -0.5773503 -0.4082482
vn 0.3003764 -0.7994348 0.5202673
vn 0.7071069 0.5773503 -0.4082482
vn 0.5202673 0.7994348 -0.3003764
vn -0.5202673 -0.7994348 0.3003764
vn -0.7071069 -0.5773503 0.4082482
vn 0.6666668 0.3333333 -0.6666667
vn 0.5033766 0.7022992 -0.5033765
vn -0.6666667 0.3333333 -0.6666668
vn -0.5033765 0.7022992 -0.5033766
vn 0.6666667 -0.3333333 0.6666668
vn -0.5033766 -0.7022992 0.5033765
vn -0.6666668 -0.3333333 0.6666667
vn 0.5033765 -0.7022992 0.5033766
vn 0.5033765 0.7022992 0.5033766
vn -0.5033766 0.7022992 0.5033765
vn 0.5033766 -0.7022992 -0.5033765
vn -0.5033765 -0.7022992 -0.5033766
vn -0.6666668 0.3333333 0.6666667
vn 0.6666668 -0.3333333 -0.6666667
vn 0.6666667 0.3333333 0.6666668
vn -0.6666667 -0.3333333 -0.6666668
vn 0.4082482 0.5773503 0.7071069
vn 0.3003764 0.7994348 0.5202673
vn -0.3003764 -0.7994348 -0.5202673
vn -0.4082482 -0.5773503 -0.7071069
vn 0.7071068 0.5773503 0.4082484
vn 0.5202672 0.7994348 0.3003765
vn -0.7071068 -0.5773503 -0.4082484
vn -0.5202672 -0.7994348 -0.3003765
vn -5.06089E-08 0.9054101 0.4245383
vn -0.4245383 0.9054101 -5.06089E-08
vn 0.4245383 0.9054101 5.06089E-08
vn 5.06089E-08 0.9054101 -0.4245383
vn -0.4245383 -0.9054101 -5.06089E-08
vn 0.4245383 -0.9054101 5.06089E-08
vn 5.06089E-08 -0.9054101 -0.4245383
vn -5.06089E-08 -0.9054101 0.4245383
vn 0.5773503 0.8164966 6.882551E-08
vn 6.882551E-08 0.8164966 -0.5773503
vn -0.5773503 -0.8164966 -6.882551E-08
vn -6.882551E-08 -0.8164966 0.5773503
vn 0.5 0.8164966 0.2886752
vn 0.3676609 0.90541 0.2122692
vn 0.2886752 0.8164966 -0.5
vn 0.2122692 0.90541 -0.3676609
vn -0.2886752 -0.8164966 0.5
vn -0.3676609 -0.90541 -0.2122692
vn -0.5 -0.8164966 -0.2886752
vn -0.2122692 -0.90541 0.3676609
vn -6.882551E-08 0.8164966 0.5773503
vn 6.882551E-08 -0.8164966 -0.5773503
vn -0.5773503 0.8164966 -6.882551E-08
vn 0.5773503 -0.8164966 6.882551E-08
vn -0.2886752 0.8164966 0.5
vn -0.5 0.8164966 -0.2886752
vn -0.2122692 0.90541 0.3676609
vn -0.3676609 0.90541 -0.2122692
vn 0.2122692 -0.90541 -0.3676609
vn 0.5 -0.8164966 0.2886752
vn 0.2886752 -0.8164966 -0.5
vn 0.3676609 -0.90541 0.2122692
vn -0.4082482 0.5773503 0.7071069
vn -0.3003764 0.7994348 0.5202673
vn 0.7071069 0.5773503 0.4082482
vn 0.5202673 0.7994348 0.3003764
vn -0.7071069 -0.5773503 -0.4082482
vn 0.3003764 -0.7994348 -0.5202673
vn 0.4082482 -0.5773503 -0.7071069
vn -0.5202673 -0.7994348 -0.3003764
vn 0.4082482 0.5773503 -0.7071069
vn 0.3003764 0.7994348 -0.5202673
vn -0.3003764 -0.7994348 0.5202673
vn -0.4082482 -0.5773503 0.7071069
vn 0.7071068 0.5773503 -0.4082484
vn 0.4082484 0.5773503 0.7071068
vn 0.5202672 0.7994348 -0.3003765
vn 0.3003765 0.7994348 0.5202672
vn -0.5202672 -0.7994348 0.3003765
vn -0.4082484 -0.5773503 -0.7071068
vn -0.7071068 -0.5773503 0.4082484
vn -0.3003765 -0.7994348 -0.5202672
vn -0.7071068 0.5773503 0.4082484
vn -0.5202672 0.7994348 0.3003765
vn 0.5202672 -0.7994348 -0.3003765
vn 0.7071068 -0.5773503 -0.4082484
vn -0.6666667 0.3333333 0.6666668
vn -0.5033765 0.7022992 0.5033766
vn 0.6666668 0.3333333 0.6666667
vn 0.5033766 0.7022992 0.5033765
vn -0.6666668 -0.3333333 -0.6666667
vn 0.5033765 -0.7022992 -0.5033766
vn 0.6666667 -0.3333333 -0.6666668
vn -0.5033766 -0.7022992 -0.5033765
vn -0.5033766 0.7022992 -0.5033765
vn 0.5033765 0.7022992 -0.5033766
vn -0.5033765 -0.7022992 0.5033766
vn 0.5033766 -0.7022992 0.5033765
vn 0.6666667 0.3333333 -0.6666668
vn -0.6666667 -0.3333333 0.6666668
vn -0.6666668 0.3333333 -0.6666667
vn 0.6666668 -0.3333333 0.6666667
vn -0.4082484 0.5773503 -0.7071068
vn -0.3003765 0.7994348 -0.5202672
vn 0.3003765 -0.7994348 0.5202672
vn 0.4082484 -0.5773503 0.7071068
vn -0.7071069 0.5773503 -0.4082482
vn -0.5202673 0.7994348 -0.3003764
vn 0.7071069 -0.5773503 0.4082482
vn 0.5202673 -0.7994348 0.3003764
vn -5.06089E-08 0.9054101 -0.4245383
vn 0.4245383 0.9054101 -5.06089E-08
vn -0.4245383 0.9054101 5.06089E-08
vn 5.06089E-08 0.9054101 0.4245383
vn 0.4245383 -0.9054101 -5.06089E-08
vn -0.4245383 -0.9054101 5.06089E-08
vn 5.06089E-08 -0.9054101 0.4245383
vn -5.06089E-08 -0.9054101 -0.4245383
vn -0.5773503 0.8164966 6.882551E-08
vn 6.882551E-08 0.8164966 0.5773503
vn 0.5773503 -0.8164966 -6.882551E-08
vn -6.882551E-08 -0.8164966 -0.5773503
vn -0.5000001 0.8164966 -0.2886751
vn -0.3676609 0.90541 -0.2122691
vn -0.2886751 0.8164966 0.5000001
vn -0.2122691 0.90541 0.3676609
vn 0.2886751 -0.8164966 -0.5000001
vn 0.3676609 -0.90541 0.2122691
vn 0.5000001 -0.8164966 0.2886751
vn 0.2122691 -0.90541 -0.3676609
vn -6.882551E-08 0.8164966 -0.5773503
vn 6.882551E-08 -0.8164966 0.5773503
vn 0.5773503 0.8164966 -6.882551E-08
vn -0.5773503 -0.8164966 6.882551E-08
vn 0.2886751 0.8164966 -0.5000001
vn 0.5000001 0.8164966 0.2886751
vn 0.2122691 0.90541 -0.3676609
vn 0.3676609 0.90541 0.2122691
vn -0.2122691 -0.90541 0.3676609
vn -0.5000001 -0.8164966 -0.2886751
vn -0.2886751 -0.8164966 0.5000001
vn -0.3676609 -0.90541 -0.2122691

vt 0.34375 0.175
vt 0.34375 0.1607143
vt 0.34375 0.075
vt 0.34375 0.08928571
vt 0.34375 0.1035714
vt 0.34375 0.1178571
vt 0.34375 0.1321429
vt 0.34375 0.1464286
vt 0.34375 0.145
vt 0.34375 0.225
vt 0.34375 0.1709605
vt 0.34375 0.174516
vt 0.34375 0.1754049
vt 0.34375 0.1700716
vt 0.34375 0.2035694
vt 0.34375 0.207125
vt 0.34375 0.2080139
vt 0.34375 0.1992854
vt 0.34375 0.2026805
vt 0.34375 0.1983965
vt 0.34375 0.194841
vt 0.34375 0.1939521
vt 0.34375 0.1593472
vt 0.34375 0.1584583
vt 0.34375 0.1549027
vt 0.34375 0.1540138
vt 0.34375 0.1199012
vt 0.34375 0.1287901
vt 0.34375 0.1310123
vt 0.34375 0.117679
vt 0.34375 0.0797568
vt 0.34375 0.08864567
vt 0.34375 0.0908679
vt 0.34375 0.07753456
vt 0.34375 0.1796024
vt 0.34375 0.1884913
vt 0.34375 0.1907136
vt 0.34375 0.1773802
vt 0.34375 0.2014236
vt 0.34375 0.2103125
vt 0.34375 0.1992014
vt 0.34375 0.2125347
vt 0.34375 0.105
vt 0.34375 0.025
vt 0.34375 0.07946212
vt 0.34375 0.09850974
vt 0.34375 0.09533513
vt 0.34375 0.08263672
vt 0.34375 0.2005081
vt 0.34375 0.1814605
vt 0.34375 0.1973335
vt 0.34375 0.1846351
vt 0.34375 0.1015823
vt 0.34375 0.1206299
vt 0.34375 0.1174553
vt 0.34375 0.1047569
vt 0.34375 0.185
vt 0.34375 0.1672508
vt 0.34375 0.1681397
vt 0.34375 0.1716952
vt 0.34375 0.1725841
vt 0.34375 0.1540278
vt 0.34375 0.1575834
vt 0.34375 0.1584722
vt 0.34375 0.1531389
vt 0.34375 0.1128492
vt 0.34375 0.1217382
vt 0.34375 0.1239604
vt 0.34375 0.110627
vt 0.34375 0.110627
vt 0.34375 0.08645836
vt 0.34375 0.0886806
vt 0.34375 0.07756948
vt 0.34375 0.07534725
vt 0.46875 0.025
vt 0.46875 0.065
vt 0.46875 0.105
vt 0.09375 0.025
vt 0.09375 0.225

usemtl colormap

f 3/1/1 2/1/1 1/1/1
f 2/1/1 3/1/1 4/1/1
f 2/1/1 4/1/1 5/1/1
f 1/1/2 2/1/2 3/1/2
f 4/1/2 3/1/2 2/1/2
f 5/1/2 4/1/2 2/1/2
f 8/2/1 7/2/1 6/2/1
f 7/2/1 8/2/1 9/2/1
f 7/2/1 9/2/1 10/2/1
f 10/2/1 9/2/1 11/2/1
f 6/2/2 7/2/2 8/2/2
f 9/2/2 8/2/2 7/2/2
f 10/2/2 9/2/2 7/2/2
f 11/2/2 9/2/2 10/2/2
f 14/4/3 13/3/4 12/3/3
f 13/3/4 14/4/3 15/4/4
f 12/3/5 13/3/6 14/4/5
f 15/4/6 14/4/5 13/3/6
f 17/4/7 12/3/3 16/3/7
f 12/3/3 17/4/7 14/4/3
f 16/3/8 12/3/5 17/4/8
f 14/4/5 17/4/8 12/3/5
f 20/5/4 19/4/9 18/4/4
f 19/4/9 20/5/4 21/5/9
f 18/4/6 19/4/10 20/5/6
f 21/5/10 20/5/6 19/4/10
f 21/5/9 22/4/3 19/4/9
f 22/4/3 21/5/9 23/5/3
f 19/4/10 22/4/5 21/5/10
f 23/5/5 21/5/10 22/4/5
f 26/6/7 25/5/3 24/5/7
f 25/5/3 26/6/7 27/6/3
f 24/5/8 25/5/5 26/6/8
f 27/6/5 26/6/8 25/5/5
f 27/6/3 28/5/4 25/5/3
f 28/5/4 27/6/3 29/6/4
f 25/5/5 28/5/6 27/6/5
f 29/6/6 27/6/5 28/5/6
f 32/7/9 31/6/3 30/6/9
f 31/6/3 32/7/9 33/7/3
f 30/6/10 31/6/5 32/7/10
f 33/7/5 32/7/10 31/6/5
f 35/7/4 30/6/9 34/6/4
f 30/6/9 35/7/4 32/7/9
f 34/6/6 30/6/10 35/7/6
f 32/7/10 35/7/6 30/6/10
f 38/8/7 37/7/3 36/7/7
f 37/7/3 38/8/7 39/8/3
f 36/7/8 37/7/5 38/8/8
f 39/8/5 38/8/8 37/7/5
f 39/8/3 40/7/4 37/7/3
f 40/7/4 39/8/3 41/8/4
f 37/7/5 40/7/6 39/8/5
f 41/8/6 39/8/5 40/7/6
f 9/2/9 43/8/3 42/8/9
f 43/8/3 9/2/9 8/2/3
f 42/8/10 43/8/5 9/2/10
f 8/2/5 9/2/10 43/8/5
f 11/2/4 42/8/9 44/8/4
f 42/8/9 11/2/4 9/2/9
f 44/8/6 42/8/10 11/2/6
f 9/2/10 11/2/6 42/8/10
f 4/1/3 6/2/4 7/2/3
f 6/2/4 4/1/3 3/1/4
f 7/2/5 6/2/6 4/1/5
f 3/1/6 4/1/5 6/2/6
f 5/1/7 7/2/3 10/2/7
f 7/2/3 5/1/7 4/1/3
f 10/2/8 7/2/5 5/1/8
f 4/1/5 5/1/8 7/2/5
f 39/8/1 43/8/1 41/8/1
f 43/8/1 39/8/1 42/8/1
f 42/8/1 39/8/1 38/8/1
f 42/8/1 38/8/1 44/8/1
f 41/8/2 43/8/2 39/8/2
f 42/8/2 39/8/2 43/8/2
f 38/8/2 39/8/2 42/8/2
f 44/8/2 38/8/2 42/8/2
f 32/7/1 40/7/1 33/7/1
f 40/7/1 32/7/1 37/7/1
f 37/7/1 32/7/1 35/7/1
f 37/7/1 35/7/1 36/7/1
f 33/7/2 40/7/2 32/7/2
f 37/7/2 32/7/2 40/7/2
f 35/7/2 32/7/2 37/7/2
f 36/7/2 35/7/2 37/7/2
f 29/6/1 30/6/1 31/6/1
f 30/6/1 29/6/1 27/6/1
f 30/6/1 27/6/1 34/6/1
f 34/6/1 27/6/1 26/6/1
f 31/6/2 30/6/2 29/6/2
f 27/6/2 29/6/2 30/6/2
f 34/6/2 27/6/2 30/6/2
f 26/6/2 27/6/2 34/6/2
f 23/5/1 25/5/1 28/5/1
f 25/5/1 23/5/1 21/5/1
f 25/5/1 21/5/1 24/5/1
f 24/5/1 21/5/1 20/5/1
f 28/5/2 25/5/2 23/5/2
f 21/5/2 23/5/2 25/5/2
f 24/5/2 21/5/2 25/5/2
f 20/5/2 21/5/2 24/5/2
f 15/4/1 19/4/1 22/4/1
f 19/4/1 15/4/1 14/4/1
f 19/4/1 14/4/1 18/4/1
f 18/4/1 14/4/1 17/4/1
f 22/4/2 19/4/2 15/4/2
f 14/4/2 15/4/2 19/4/2
f 18/4/2 14/4/2 19/4/2
f 17/4/2 14/4/2 18/4/2
f 1/1/5 46/3/5 45/3/5
f 46/3/5 1/1/5 2/1/5
f 45/3/3 46/3/3 1/1/3
f 2/1/3 1/1/3 46/3/3
f 49/1/11 48/3/3 47/3/11
f 48/3/3 49/1/11 50/1/3
f 47/3/12 48/3/5 49/1/12
f 50/1/5 49/1/12 48/3/5
f 53/1/12 52/3/5 51/3/12
f 52/3/5 53/1/12 54/1/5
f 51/3/11 52/3/3 53/1/11
f 54/1/3 53/1/11 52/3/3
f 50/1/3 55/3/13 48/3/3
f 55/3/13 50/1/3 56/1/13
f 48/3/5 55/3/14 50/1/5
f 56/1/14 50/1/5 55/3/14
f 59/1/16 58/3/15 57/1/15
f 58/3/15 59/1/16 60/3/16
f 57/1/18 58/3/18 59/1/17
f 60/3/17 59/1/17 58/3/18
f 63/3/18 62/1/17 61/3/17
f 62/1/17 63/3/18 64/1/18
f 61/3/16 62/1/16 63/3/15
f 64/1/15 63/3/15 62/1/16
f 54/1/5 65/3/14 52/3/5
f 65/3/14 54/1/5 66/1/14
f 52/3/3 65/3/13 54/1/3
f 66/1/13 54/1/3 65/3/13
f 53/1/12 60/3/16 59/1/16
f 60/3/16 53/1/12 51/3/12
f 59/1/17 60/3/17 53/1/11
f 51/3/11 53/1/11 60/3/17
f 65/3/14 64/1/18 63/3/18
f 64/1/18 65/3/14 66/1/14
f 63/3/15 64/1/15 65/3/13
f 66/1/13 65/3/13 64/1/15
f 57/1/15 55/3/13 56/1/13
f 55/3/13 57/1/15 58/3/15
f 56/1/14 55/3/14 57/1/18
f 58/3/18 57/1/18 55/3/14
f 61/3/17 49/1/11 47/3/11
f 49/1/11 61/3/17 62/1/17
f 47/3/12 49/1/12 61/3/16
f 62/1/16 61/3/16 49/1/12
f 51/3/2 58/3/2 60/3/2
f 58/3/2 51/3/2 55/3/2
f 55/3/2 51/3/2 52/3/2
f 55/3/2 52/3/2 48/3/2
f 48/3/2 52/3/2 65/3/2
f 48/3/2 65/3/2 47/3/2
f 47/3/2 65/3/2 63/3/2
f 47/3/2 63/3/2 61/3/2
f 60/3/1 58/3/1 51/3/1
f 55/3/1 51/3/1 58/3/1
f 52/3/1 51/3/1 55/3/1
f 48/3/1 52/3/1 55/3/1
f 65/3/1 52/3/1 48/3/1
f 47/3/1 65/3/1 48/3/1
f 63/3/1 65/3/1 47/3/1
f 61/3/1 63/3/1 47/3/1
f 56/1/1 59/1/1 57/1/1
f 59/1/1 56/1/1 53/1/1
f 53/1/1 56/1/1 50/1/1
f 53/1/1 50/1/1 54/1/1
f 54/1/1 50/1/1 49/1/1
f 54/1/1 49/1/1 66/1/1
f 66/1/1 49/1/1 62/1/1
f 66/1/1 62/1/1 64/1/1
f 57/1/2 59/1/2 56/1/2
f 53/1/2 56/1/2 59/1/2
f 50/1/2 56/1/2 53/1/2
f 54/1/2 50/1/2 53/1/2
f 49/1/2 50/1/2 54/1/2
f 66/1/2 49/1/2 54/1/2
f 62/1/2 49/1/2 66/1/2
f 64/1/2 62/1/2 66/1/2
f 69/1/11 68/3/3 67/3/11
f 68/3/3 69/1/11 70/1/3
f 67/3/12 68/3/5 69/1/12
f 70/1/5 69/1/12 68/3/5
f 73/1/12 72/3/5 71/3/12
f 72/3/5 73/1/12 74/1/5
f 71/3/11 72/3/3 73/1/11
f 74/1/3 73/1/11 72/3/3
f 70/1/3 75/3/13 68/3/3
f 75/3/13 70/1/3 76/1/13
f 68/3/5 75/3/14 70/1/5
f 76/1/14 70/1/5 75/3/14
f 79/1/16 78/3/15 77/1/15
f 78/3/15 79/1/16 80/3/16
f 77/1/18 78/3/18 79/1/17
f 80/3/17 79/1/17 78/3/18
f 83/3/18 82/1/17 81/3/17
f 82/1/17 83/3/18 84/1/18
f 81/3/16 82/1/16 83/3/15
f 84/1/15 83/3/15 82/1/16
f 74/1/5 85/3/14 72/3/5
f 85/3/14 74/1/5 86/1/14
f 72/3/3 85/3/13 74/1/3
f 86/1/13 74/1/3 85/3/13
f 73/1/12 80/3/16 79/1/16
f 80/3/16 73/1/12 71/3/12
f 79/1/17 80/3/17 73/1/11
f 71/3/11 73/1/11 80/3/17
f 85/3/14 84/1/18 83/3/18
f 84/1/18 85/3/14 86/1/14
f 83/3/15 84/1/15 85/3/13
f 86/1/13 85/3/13 84/1/15
f 77/1/15 75/3/13 76/1/13
f 75/3/13 77/1/15 78/3/15
f 76/1/14 75/3/14 77/1/18
f 78/3/18 77/1/18 75/3/14
f 81/3/17 69/1/11 67/3/11
f 69/1/11 81/3/17 82/1/17
f 67/3/12 69/1/12 81/3/16
f 82/1/16 81/3/16 69/1/12
f 71/3/2 78/3/2 80/3/2
f 78/3/2 71/3/2 75/3/2
f 75/3/2 71/3/2 72/3/2
f 75/3/2 72/3/2 68/3/2
f 68/3/2 72/3/2 85/3/2
f 68/3/2 85/3/2 67/3/2
f 67/3/2 85/3/2 83/3/2
f 67/3/2 83/3/2 81/3/2
f 80/3/1 78/3/1 71/3/1
f 75/3/1 71/3/1 78/3/1
f 72/3/1 71/3/1 75/3/1
f 68/3/1 72/3/1 75/3/1
f 85/3/1 72/3/1 68/3/1
f 67/3/1 85/3/1 68/3/1
f 83/3/1 85/3/1 67/3/1
f 81/3/1 83/3/1 67/3/1
f 76/1/1 79/1/1 77/1/1
f 79/1/1 76/1/1 73/1/1
f 73/1/1 76/1/1 70/1/1
f 73/1/1 70/1/1 74/1/1
f 74/1/1 70/1/1 69/1/1
f 74/1/1 69/1/1 86/1/1
f 86/1/1 69/1/1 82/1/1
f 86/1/1 82/1/1 84/1/1
f 77/1/2 79/1/2 76/1/2
f 73/1/2 76/1/2 79/1/2
f 70/1/2 76/1/2 73/1/2
f 74/1/2 70/1/2 73/1/2
f 69/1/2 70/1/2 74/1/2
f 86/1/2 69/1/2 74/1/2
f 82/1/2 69/1/2 86/1/2
f 84/1/2 82/1/2 86/1/2
f 89/9/19 88/10/19 87/9/19
f 88/10/19 89/9/19 90/10/19
f 87/9/20 88/10/20 89/9/20
f 90/10/20 89/9/20 88/10/20
f 93/10/20 92/9/20 91/10/20
f 92/9/20 93/10/20 94/9/20
f 91/10/19 92/9/19 93/10/19
f 94/9/19 93/10/19 92/9/19
f 93/10/21 89/9/21 94/9/21
f 89/9/21 93/10/21 90/10/21
f 94/9/22 89/9/22 93/10/22
f 90/10/22 93/10/22 89/9/22
f 91/10/1 90/10/1 93/10/1
f 90/10/1 91/10/1 95/10/1
f 90/10/1 95/10/1 88/10/1
f 93/10/2 90/10/2 91/10/2
f 95/10/2 91/10/2 90/10/2
f 88/10/2 95/10/2 90/10/2
f 97/12/23 96/11/23 91/10/23
f 98/13/23 97/12/23 91/10/23
f 91/10/23 96/11/23 92/9/23
f 95/10/21 98/13/23 91/10/23
f 99/14/23 92/9/23 96/11/23
f 100/14/23 92/9/23 99/14/23
f 98/13/23 95/10/21 101/13/23
f 101/13/23 95/10/21 102/12/23
f 100/14/23 103/11/23 92/9/23
f 102/12/23 95/10/21 103/11/23
f 92/9/23 103/11/23 104/9/21
f 95/10/21 104/9/21 103/11/23
f 104/9/22 103/11/24 92/9/24
f 103/11/24 104/9/22 95/10/22
f 92/9/24 103/11/24 100/14/24
f 99/14/24 92/9/24 100/14/24
f 96/11/24 92/9/24 99/14/24
f 103/11/24 95/10/22 102/12/24
f 102/12/24 95/10/22 101/13/24
f 101/13/24 95/10/22 98/13/24
f 92/9/24 96/11/24 91/10/24
f 91/10/24 98/13/24 95/10/22
f 91/10/24 96/11/24 97/12/24
f 91/10/24 97/12/24 98/13/24
f 106/16/25 105/15/25 95/10/21
f 107/17/25 106/16/25 95/10/21
f 88/10/25 107/17/25 95/10/21
f 107/17/25 88/10/25 108/17/25
f 108/17/25 88/10/25 109/16/25
f 109/16/25 88/10/25 110/15/25
f 105/15/25 111/18/25 95/10/21
f 112/19/25 111/18/25 105/15/25
f 113/19/25 111/18/25 112/19/25
f 111/18/25 114/20/25 95/10/21
f 111/18/25 113/19/25 115/18/25
f 115/18/25 113/19/25 116/20/25
f 116/20/25 113/19/25 117/21/25
f 117/21/25 113/19/25 118/22/25
f 114/20/25 119/21/25 95/10/21
f 113/19/25 110/15/25 120/23/25
f 118/22/25 113/19/25 120/23/25
f 110/15/25 88/10/25 120/23/25
f 118/22/25 120/23/25 121/22/25
f 121/22/25 120/23/25 119/21/25
f 120/23/25 122/24/25 119/21/25
f 120/23/25 88/10/25 123/23/25
f 123/23/25 88/10/25 124/24/25
f 124/24/25 88/10/25 125/25/25
f 88/10/25 87/9/25 125/25/25
f 125/25/25 87/9/25 126/26/25
f 122/24/25 127/25/25 119/21/25
f 119/21/25 127/25/25 95/10/21
f 104/9/21 126/26/25 87/9/25
f 95/10/21 127/25/25 104/9/21
f 126/26/25 104/9/21 128/26/25
f 128/26/25 104/9/21 127/25/25
f 95/10/22 105/15/26 106/16/26
f 95/10/22 106/16/26 107/17/26
f 95/10/22 107/17/26 88/10/26
f 108/17/26 88/10/26 107/17/26
f 109/16/26 88/10/26 108/17/26
f 110/15/26 88/10/26 109/16/26
f 95/10/22 111/18/26 105/15/26
f 105/15/26 111/18/26 112/19/26
f 112/19/26 111/18/26 113/19/26
f 95/10/22 114/20/26 111/18/26
f 115/18/26 113/19/26 111/18/26
f 116/20/26 113/19/26 115/18/26
f 117/21/26 113/19/26 116/20/26
f 118/22/26 113/19/26 117/21/26
f 95/10/22 119/21/26 114/20/26
f 120/23/26 110/15/26 113/19/26
f 120/23/26 113/19/26 118/22/26
f 120/23/26 88/10/26 110/15/26
f 121/22/26 120/23/26 118/22/26
f 119/21/26 120/23/26 121/22/26
f 119/21/26 122/24/26 120/23/26
f 123/23/26 88/10/26 120/23/26
f 124/24/26 88/10/26 123/23/26
f 125/25/26 88/10/26 124/24/26
f 125/25/26 87/9/26 88/10/26
f 126/26/26 87/9/26 125/25/26
f 119/21/26 127/25/26 122/24/26
f 95/10/22 127/25/26 119/21/26
f 87/9/26 126/26/26 104/9/22
f 104/9/22 127/25/26 95/10/22
f 128/26/26 104/9/22 126/26/26
f 127/25/26 104/9/22 128/26/26
f 131/28/28 130/27/27 129/27/27
f 130/27/27 131/28/28 132/28/28
f 129/27/30 130/27/30 131/28/29
f 132/28/29 131/28/29 130/27/30
f 135/29/31 134/28/30 133/28/30
f 134/28/30 135/29/31 136/29/31
f 133/28/27 134/28/27 135/29/32
f 136/29/32 135/29/32 134/28/27
f 137/30/33 131/28/33 129/27/33
f 131/28/33 137/30/33 138/29/33
f 138/29/33 137/30/33 139/30/33
f 138/29/33 139/30/33 136/29/33
f 136/29/33 139/30/33 140/27/33
f 136/29/33 140/27/33 134/28/33
f 129/27/34 131/28/34 137/30/34
f 138/29/34 137/30/34 131/28/34
f 139/30/34 137/30/34 138/29/34
f 136/29/34 139/30/34 138/29/34
f 140/27/34 139/30/34 136/29/34
f 134/28/34 140/27/34 136/29/34
f 141/29/35 136/29/31 135/29/31
f 136/29/31 141/29/35 138/29/35
f 135/29/32 136/29/32 141/29/36
f 138/29/36 141/29/36 136/29/32
f 131/28/28 141/29/35 132/28/28
f 141/29/35 131/28/28 138/29/35
f 132/28/29 141/29/36 131/28/29
f 138/29/36 131/28/29 141/29/36
f 142/30/33 132/28/33 130/27/33
f 132/28/33 142/30/33 141/29/33
f 141/29/33 142/30/33 143/30/33
f 141/29/33 143/30/33 135/29/33
f 135/29/33 143/30/33 144/27/33
f 135/29/33 144/27/33 133/28/33
f 130/27/34 132/28/34 142/30/34
f 141/29/34 142/30/34 132/28/34
f 143/30/34 142/30/34 141/29/34
f 135/29/34 143/30/34 141/29/34
f 144/27/34 143/30/34 135/29/34
f 133/28/34 144/27/34 135/29/34
f 139/30/36 142/30/32 143/30/36
f 142/30/32 139/30/36 137/30/32
f 143/30/35 142/30/31 139/30/35
f 137/30/31 139/30/35 142/30/31
f 133/28/30 140/27/29 144/27/29
f 140/27/29 133/28/30 134/28/30
f 144/27/28 140/27/28 133/28/27
f 134/28/27 133/28/27 140/27/28
f 140/27/29 143/30/36 144/27/29
f 143/30/36 140/27/29 139/30/36
f 144/27/28 143/30/35 140/27/28
f 139/30/35 140/27/28 143/30/35
f 142/30/32 129/27/27 130/27/27
f 129/27/27 142/30/32 137/30/32
f 130/27/30 129/27/30 142/30/31
f 137/30/31 142/30/31 129/27/30
f 147/32/38 146/31/37 145/31/37
f 146/31/37 147/32/38 148/32/38
f 145/31/40 146/31/40 147/32/39
f 148/32/39 147/32/39 146/31/40
f 150/33/41 147/32/38 149/33/41
f 147/32/38 150/33/41 148/32/38
f 149/33/42 147/32/39 150/33/42
f 148/32/39 150/33/42 147/32/39
f 153/34/43 152/32/43 151/31/43
f 152/32/43 153/34/43 154/33/43
f 154/33/43 153/34/43 155/34/43
f 154/33/43 155/34/43 150/33/43
f 150/33/43 155/34/43 146/31/43
f 150/33/43 146/31/43 148/32/43
f 151/31/44 152/32/44 153/34/44
f 154/33/44 153/34/44 152/32/44
f 155/34/44 153/34/44 154/33/44
f 150/33/44 155/34/44 154/33/44
f 146/31/44 155/34/44 150/33/44
f 148/32/44 146/31/44 150/33/44
f 157/34/42 151/31/39 156/31/39
f 151/31/39 157/34/42 153/34/42
f 156/31/38 151/31/38 157/34/41
f 153/34/41 157/34/41 151/31/38
f 158/33/45 150/33/41 149/33/41
f 150/33/41 158/33/45 154/33/45
f 149/33/42 150/33/42 158/33/46
f 154/33/46 158/33/46 150/33/42
f 152/32/40 156/31/39 151/31/39
f 156/31/39 152/32/40 159/32/40
f 151/31/38 156/31/38 152/32/37
f 159/32/37 152/32/37 156/31/38
f 152/32/40 158/33/45 159/32/40
f 158/33/45 152/32/40 154/33/45
f 159/32/37 158/33/46 152/32/37
f 154/33/46 152/32/37 158/33/46
f 157/34/43 159/32/43 156/31/43
f 159/32/43 157/34/43 158/33/43
f 158/33/43 157/34/43 160/34/43
f 158/33/43 160/34/43 149/33/43
f 149/33/43 160/34/43 145/31/43
f 149/33/43 145/31/43 147/32/43
f 156/31/44 159/32/44 157/34/44
f 158/33/44 157/34/44 159/32/44
f 160/34/44 157/34/44 158/33/44
f 149/33/44 160/34/44 158/33/44
f 145/31/44 160/34/44 149/33/44
f 147/32/44 145/31/44 149/33/44
f 155/34/46 157/34/42 160/34/46
f 157/34/42 155/34/46 153/34/42
f 160/34/45 157/34/41 155/34/45
f 153/34/41 155/34/45 157/34/41
f 145/31/37 155/34/46 160/34/46
f 155/34/46 145/31/37 146/31/37
f 160/34/45 155/34/45 145/31/40
f 146/31/40 145/31/40 155/34/45
f 163/36/38 162/35/37 161/35/37
f 162/35/37 163/36/38 164/36/38
f 161/35/40 162/35/40 163/36/39
f 164/36/39 163/36/39 162/35/40
f 167/37/45 166/37/41 165/37/45
f 166/37/41 167/37/45 168/37/41
f 165/37/46 166/37/42 167/37/46
f 168/37/42 167/37/46 166/37/42
f 161/35/37 170/38/46 169/38/46
f 170/38/46 161/35/37 162/35/37
f 169/38/45 170/38/45 161/35/40
f 162/35/40 161/35/40 170/38/45
f 168/37/41 163/36/38 166/37/41
f 163/36/38 168/37/41 164/36/38
f 166/37/42 163/36/39 168/37/42
f 164/36/39 168/37/42 163/36/39
f 173/36/40 172/35/39 171/35/39
f 172/35/39 173/36/40 174/36/40
f 171/35/38 172/35/38 173/36/37
f 174/36/37 173/36/37 172/35/38
f 175/38/43 173/36/43 171/35/43
f 173/36/43 175/38/43 167/37/43
f 167/37/43 175/38/43 170/38/43
f 167/37/43 170/38/43 168/37/43
f 168/37/43 170/38/43 162/35/43
f 168/37/43 162/35/43 164/36/43
f 171/35/44 173/36/44 175/38/44
f 167/37/44 175/38/44 173/36/44
f 170/38/44 175/38/44 167/37/44
f 168/37/44 170/38/44 167/37/44
f 162/35/44 170/38/44 168/37/44
f 164/36/44 162/35/44 168/37/44
f 176/38/43 174/36/43 172/35/43
f 174/36/43 176/38/43 165/37/43
f 165/37/43 176/38/43 169/38/43
f 165/37/43 169/38/43 166/37/43
f 166/37/43 169/38/43 161/35/43
f 166/37/43 161/35/43 163/36/43
f 172/35/44 174/36/44 176/38/44
f 165/37/44 176/38/44 174/36/44
f 169/38/44 176/38/44 165/37/44
f 166/37/44 169/38/44 165/37/44
f 161/35/44 169/38/44 166/37/44
f 163/36/44 161/35/44 166/37/44
f 175/38/42 172/35/39 176/38/42
f 172/35/39 175/38/42 171/35/39
f 176/38/41 172/35/38 175/38/41
f 171/35/38 175/38/41 172/35/38
f 170/38/46 176/38/42 169/38/46
f 176/38/42 170/38/46 175/38/42
f 169/38/45 176/38/41 170/38/45
f 175/38/41 170/38/45 176/38/41
f 173/36/40 165/37/45 174/36/40
f 165/37/45 173/36/40 167/37/45
f 174/36/37 165/37/46 173/36/37
f 167/37/46 173/36/37 165/37/46
f 179/41/43 178/40/43 177/39/43
f 178/40/43 179/41/43 180/42/43
f 180/42/43 179/41/43 181/41/43
f 180/42/43 181/41/43 182/42/43
f 182/42/43 181/41/43 183/39/43
f 182/42/43 183/39/43 184/40/43
f 177/39/44 178/40/44 179/41/44
f 180/42/44 179/41/44 178/40/44
f 181/41/44 179/41/44 180/42/44
f 182/42/44 181/41/44 180/42/44
f 183/39/44 181/41/44 182/42/44
f 184/40/44 183/39/44 182/42/44
f 187/41/43 186/40/43 185/39/43
f 186/40/43 187/41/43 188/42/43
f 188/42/43 187/41/43 189/41/43
f 188/42/43 189/41/43 190/42/43
f 190/42/43 189/41/43 191/39/43
f 190/42/43 191/39/43 192/40/43
f 185/39/44 186/40/44 187/41/44
f 188/42/44 187/41/44 186/40/44
f 189/41/44 187/41/44 188/42/44
f 190/42/44 189/41/44 188/42/44
f 191/39/44 189/41/44 190/42/44
f 192/40/44 191/39/44 190/42/44
f 187/41/42 177/39/39 179/41/42
f 177/39/39 187/41/42 185/39/39
f 179/41/41 177/39/38 187/41/41
f 185/39/38 187/41/41 177/39/38
f 188/42/45 182/42/41 180/42/45
f 182/42/41 188/42/45 190/42/41
f 180/42/46 182/42/42 188/42/46
f 190/42/42 188/42/46 182/42/42
f 183/39/37 189/41/46 181/41/46
f 189/41/46 183/39/37 191/39/37
f 181/41/45 189/41/45 183/39/40
f 191/39/40 183/39/40 189/41/45
f 190/42/41 184/40/38 182/42/41
f 184/40/38 190/42/41 192/40/38
f 182/42/42 184/40/39 190/42/42
f 192/40/39 190/42/42 184/40/39
f 189/41/46 179/41/42 181/41/46
f 179/41/42 189/41/46 187/41/42
f 181/41/45 179/41/41 189/41/45
f 187/41/41 189/41/45 179/41/41
f 186/40/40 177/39/39 185/39/39
f 177/39/39 186/40/40 178/40/40
f 185/39/38 177/39/38 186/40/37
f 178/40/37 186/40/37 177/39/38
f 184/40/38 191/39/37 183/39/37
f 191/39/37 184/40/38 192/40/38
f 183/39/40 191/39/40 184/40/39
f 192/40/39 184/40/39 191/39/40
f 186/40/40 180/42/45 178/40/40
f 180/42/45 186/40/40 188/42/45
f 178/40/37 180/42/46 186/40/37
f 188/42/46 186/40/37 180/42/46
f 195/43/47 194/44/47 193/43/47
f 194/44/47 195/43/47 196/44/47
f 193/43/48 194/44/48 195/43/48
f 196/44/48 195/43/48 194/44/48
f 199/43/49 198/44/50 197/44/49
f 198/44/50 199/43/49 200/43/50
f 197/44/51 198/44/52 199/43/51
f 200/43/52 199/43/51 198/44/52
f 195/43/52 201/44/52 196/44/52
f 201/44/52 195/43/52 202/43/52
f 196/44/50 201/44/50 195/43/50
f 202/43/50 195/43/50 201/44/50
f 200/43/50 194/44/53 198/44/50
f 194/44/53 200/43/50 193/43/53
f 198/44/52 194/44/54 200/43/52
f 193/43/54 200/43/52 194/44/54
f 201/44/2 194/44/2 196/44/2
f 194/44/2 201/44/2 198/44/2
f 198/44/2 201/44/2 197/44/2
f 196/44/1 194/44/1 201/44/1
f 198/44/1 201/44/1 194/44/1
f 197/44/1 201/44/1 198/44/1
f 193/43/1 202/43/1 195/43/1
f 202/43/1 193/43/1 200/43/1
f 202/43/1 200/43/1 199/43/1
f 195/43/2 202/43/2 193/43/2
f 200/43/2 193/43/2 202/43/2
f 199/43/2 200/43/2 202/43/2
f 201/44/48 199/43/48 197/44/48
f 199/43/48 201/44/48 202/43/48
f 197/44/47 199/43/47 201/44/47
f 202/43/47 201/44/47 199/43/47
f 205/10/55 204/44/50 203/44/55
f 204/44/50 205/10/55 206/10/50
f 203/44/56 204/44/52 205/10/56
f 206/10/52 205/10/56 204/44/52
f 206/10/50 207/44/57 204/44/50
f 207/44/57 206/10/50 208/10/57
f 204/44/52 207/44/58 206/10/52
f 208/10/58 206/10/52 207/44/58
f 209/10/47 207/44/47 208/10/47
f 207/44/47 209/10/47 210/44/47
f 208/10/48 207/44/48 209/10/48
f 210/44/48 209/10/48 207/44/48
f 208/10/1 211/10/1 209/10/1
f 211/10/1 208/10/1 206/10/1
f 211/10/1 206/10/1 205/10/1
f 209/10/2 211/10/2 208/10/2
f 206/10/2 208/10/2 211/10/2
f 205/10/2 206/10/2 211/10/2
f 209/10/52 212/44/52 210/44/52
f 212/44/52 209/10/52 211/10/52
f 210/44/50 212/44/50 209/10/50
f 211/10/50 209/10/50 212/44/50
f 212/44/48 205/10/48 203/44/48
f 205/10/48 212/44/48 211/10/48
f 203/44/47 205/10/47 212/44/47
f 211/10/47 212/44/47 205/10/47
f 215/45/59 214/45/60 213/45/59
f 214/45/60 215/45/59 216/45/60
f 213/45/61 214/45/62 215/45/61
f 216/45/62 215/45/61 214/45/62
f 219/46/61 218/46/62 217/46/62
f 218/46/62 219/46/61 220/46/61
f 217/46/60 218/46/60 219/46/59
f 220/46/59 219/46/59 218/46/60
f 223/47/63 222/48/64 221/47/63
f 222/48/64 223/47/63 224/48/64
f 221/47/65 222/48/66 223/47/65
f 224/48/66 223/47/65 222/48/66
f 227/48/65 226/47/66 225/48/65
f 226/47/66 227/48/65 228/47/66
f 225/48/63 226/47/64 227/48/63
f 228/47/64 227/48/63 226/47/64
f 217/46/62 223/47/63 221/47/63
f 223/47/63 217/46/62 218/46/62
f 221/47/65 223/47/65 217/46/60
f 218/46/60 217/46/60 223/47/65
f 224/48/64 213/45/59 222/48/64
f 213/45/59 224/48/64 215/45/59
f 222/48/66 213/45/61 224/48/66
f 215/45/61 224/48/66 213/45/61
f 225/48/57 213/45/57 214/45/57
f 213/45/57 225/48/57 222/48/57
f 222/48/57 225/48/57 226/47/57
f 222/48/57 226/47/57 221/47/57
f 221/47/57 226/47/57 219/46/57
f 221/47/57 219/46/57 217/46/57
f 214/45/58 213/45/58 225/48/58
f 222/48/58 225/48/58 213/45/58
f 226/47/58 225/48/58 222/48/58
f 221/47/58 226/47/58 222/48/58
f 219/46/58 226/47/58 221/47/58
f 217/46/58 219/46/58 221/47/58
f 224/48/58 216/45/58 215/45/58
f 216/45/58 224/48/58 227/48/58
f 227/48/58 224/48/58 223/47/58
f 227/48/58 223/47/58 228/47/58
f 228/47/58 223/47/58 218/46/58
f 228/47/58 218/46/58 220/46/58
f 215/45/57 216/45/57 224/48/57
f 227/48/57 224/48/57 216/45/57
f 223/47/57 224/48/57 227/48/57
f 228/47/57 223/47/57 227/48/57
f 218/46/57 223/47/57 228/47/57
f 220/46/57 218/46/57 228/47/57
f 216/45/60 225/48/65 214/45/60
f 225/48/65 216/45/60 227/48/65
f 214/45/62 225/48/63 216/45/62
f 227/48/63 216/45/62 225/48/63
f 226/47/66 220/46/61 219/46/61
f 220/46/61 226/47/66 228/47/66
f 219/46/59 220/46/59 226/47/64
f 228/47/64 226/47/64 220/46/59
f 231/49/67 230/49/68 229/49/67
f 230/49/68 231/49/67 232/49/68
f 229/49/69 230/49/70 231/49/69
f 232/49/70 231/49/69 230/49/70
f 235/50/69 234/50/70 233/50/70
f 234/50/70 235/50/69 236/50/69
f 233/50/68 234/50/68 235/50/67
f 236/50/67 235/50/67 234/50/68
f 238/51/71 229/49/67 237/51/71
f 229/49/67 238/51/71 231/49/67
f 237/51/72 229/49/69 238/51/72
f 231/49/69 238/51/72 229/49/69
f 232/49/68 239/51/73 230/49/68
f 239/51/73 232/49/68 240/51/73
f 230/49/70 239/51/74 232/49/70
f 240/51/74 232/49/70 239/51/74
f 237/51/71 241/52/74 238/51/71
f 241/52/74 237/51/71 242/52/74
f 238/51/72 241/52/73 237/51/72
f 242/52/73 237/51/72 241/52/73
f 233/50/70 241/52/74 242/52/74
f 241/52/74 233/50/70 234/50/70
f 242/52/73 241/52/73 233/50/68
f 234/50/68 233/50/68 241/52/73
f 242/52/56 235/50/56 233/50/56
f 235/50/56 242/52/56 243/52/56
f 243/52/56 242/52/56 237/51/56
f 243/52/56 237/51/56 239/51/56
f 239/51/56 237/51/56 229/49/56
f 239/51/56 229/49/56 230/49/56
f 233/50/55 235/50/55 242/52/55
f 243/52/55 242/52/55 235/50/55
f 237/51/55 242/52/55 243/52/55
f 239/51/55 237/51/55 243/52/55
f 229/49/55 237/51/55 239/51/55
f 230/49/55 229/49/55 239/51/55
f 244/52/55 234/50/55 236/50/55
f 234/50/55 244/52/55 241/52/55
f 241/52/55 244/52/55 240/51/55
f 241/52/55 240/51/55 238/51/55
f 238/51/55 240/51/55 232/49/55
f 238/51/55 232/49/55 231/49/55
f 236/50/56 234/50/56 244/52/56
f 241/52/56 244/52/56 234/50/56
f 240/51/56 244/52/56 241/52/56
f 238/51/56 240/51/56 241/52/56
f 232/49/56 240/51/56 238/51/56
f 231/49/56 232/49/56 238/51/56
f 243/52/72 236/50/69 235/50/69
f 236/50/69 243/52/72 244/52/72
f 235/50/67 236/50/67 243/52/71
f 244/52/71 243/52/71 236/50/67
f 243/52/72 240/51/73 244/52/72
f 240/51/73 243/52/72 239/51/73
f 244/52/71 240/51/74 243/52/71
f 239/51/74 243/52/71 240/51/74
f 247/53/59 246/53/60 245/53/59
f 246/53/60 247/53/59 248/53/60
f 245/53/61 246/53/62 247/53/61
f 248/53/62 247/53/61 246/53/62
f 251/54/61 250/54/62 249/54/62
f 250/54/62 251/54/61 252/54/61
f 249/54/60 250/54/60 251/54/59
f 252/54/59 251/54/59 250/54/60
f 249/54/62 254/55/63 253/55/63
f 254/55/63 249/54/62 250/54/62
f 253/55/65 254/55/65 249/54/60
f 250/54/60 249/54/60 254/55/65
f 256/56/64 245/53/59 255/56/64
f 245/53/59 256/56/64 247/53/59
f 255/56/66 245/53/61 256/56/66
f 247/53/61 256/56/66 245/53/61
f 259/56/65 258/55/66 257/56/65
f 258/55/66 259/56/65 260/55/66
f 257/56/63 258/55/64 259/56/63
f 260/55/64 259/56/63 258/55/64
f 254/55/63 255/56/64 253/55/63
f 255/56/64 254/55/63 256/56/64
f 253/55/65 255/56/66 254/55/65
f 256/56/66 254/55/65 255/56/66
f 257/56/57 245/53/57 246/53/57
f 245/53/57 257/56/57 255/56/57
f 255/56/57 257/56/57 258/55/57
f 255/56/57 258/55/57 253/55/57
f 253/55/57 258/55/57 251/54/57
f 253/55/57 251/54/57 249/54/57
f 246/53/58 245/53/58 257/56/58
f 255/56/58 257/56/58 245/53/58
f 258/55/58 257/56/58 255/56/58
f 253/55/58 258/55/58 255/56/58
f 251/54/58 258/55/58 253/55/58
f 249/54/58 251/54/58 253/55/58
f 248/53/60 257/56/65 246/53/60
f 257/56/65 248/53/60 259/56/65
f 246/53/62 257/56/63 248/53/62
f 259/56/63 248/53/62 257/56/63
f 256/56/58 248/53/58 247/53/58
f 248/53/58 256/56/58 259/56/58
f 259/56/58 256/56/58 254/55/58
f 259/56/58 254/55/58 260/55/58
f 260/55/58 254/55/58 250/54/58
f 260/55/58 250/54/58 252/54/58
f 247/53/57 248/53/57 256/56/57
f 259/56/57 256/56/57 248/53/57
f 254/55/57 256/56/57 259/56/57
f 260/55/57 254/55/57 259/56/57
f 250/54/57 254/55/57 260/55/57
f 252/54/57 250/54/57 260/55/57
f 258/55/66 252/54/61 251/54/61
f 252/54/61 258/55/66 260/55/66
f 251/54/59 252/54/59 258/55/64
f 260/55/64 258/55/64 252/54/59
f 263/43/47 262/44/47 261/43/47
f 262/44/47 263/43/47 264/44/47
f 261/43/48 262/44/48 263/43/48
f 264/44/48 263/43/48 262/44/48
f 267/43/49 266/44/50 265/44/49
f 266/44/50 267/43/49 268/43/50
f 265/44/51 266/44/52 267/43/51
f 268/43/52 267/43/51 266/44/52
f 263/43/52 269/44/52 264/44/52
f 269/44/52 263/43/52 270/43/52
f 264/44/50 269/44/50 263/43/50
f 270/43/50 263/43/50 269/44/50
f 268/43/50 262/44/53 266/44/50
f 262/44/53 268/43/50 261/43/53
f 266/44/52 262/44/54 268/43/52
f 261/43/54 268/43/52 262/44/54
f 269/44/2 262/44/2 264/44/2
f 262/44/2 269/44/2 266/44/2
f 266/44/2 269/44/2 265/44/2
f 264/44/1 262/44/1 269/44/1
f 266/44/1 269/44/1 262/44/1
f 265/44/1 269/44/1 266/44/1
f 261/43/1 270/43/1 263/43/1
f 270/43/1 261/43/1 268/43/1
f 270/43/1 268/43/1 267/43/1
f 263/43/2 270/43/2 261/43/2
f 268/43/2 261/43/2 270/43/2
f 267/43/2 268/43/2 270/43/2
f 269/44/48 267/43/48 265/44/48
f 267/43/48 269/44/48 270/43/48
f 265/44/47 267/43/47 269/44/47
f 270/43/47 269/44/47 267/43/47
f 273/10/55 272/44/50 271/44/55
f 272/44/50 273/10/55 274/10/50
f 271/44/56 272/44/52 273/10/56
f 274/10/52 273/10/56 272/44/52
f 274/10/50 275/44/57 272/44/50
f 275/44/57 274/10/50 276/10/57
f 272/44/52 275/44/58 274/10/52
f 276/10/58 274/10/52 275/44/58
f 277/10/47 275/44/47 276/10/47
f 275/44/47 277/10/47 278/44/47
f 276/10/48 275/44/48 277/10/48
f 278/44/48 277/10/48 275/44/48
f 276/10/1 279/10/1 277/10/1
f 279/10/1 276/10/1 274/10/1
f 279/10/1 274/10/1 273/10/1
f 277/10/2 279/10/2 276/10/2
f 274/10/2 276/10/2 279/10/2
f 273/10/2 274/10/2 279/10/2
f 277/10/52 280/44/52 278/44/52
f 280/44/52 277/10/52 279/10/52
f 278/44/50 280/44/50 277/10/50
f 279/10/50 277/10/50 280/44/50
f 280/44/48 273/10/48 271/44/48
f 273/10/48 280/44/48 279/10/48
f 271/44/47 273/10/47 280/44/47
f 279/10/47 280/44/47 273/10/47
f 283/45/59 282/45/60 281/45/59
f 282/45/60 283/45/59 284/45/60
f 281/45/61 282/45/62 283/45/61
f 284/45/62 283/45/61 282/45/62
f 287/46/61 286/46/62 285/46/62
f 286/46/62 287/46/61 288/46/61
f 285/46/60 286/46/60 287/46/59
f 288/46/59 287/46/59 286/46/60
f 291/47/63 290/48/64 289/47/63
f 290/48/64 291/47/63 292/48/64
f 289/47/65 290/48/66 291/47/65
f 292/48/66 291/47/65 290/48/66
f 295/48/65 294/47/66 293/48/65
f 294/47/66 295/48/65 296/47/66
f 293/48/63 294/47/64 295/48/63
f 296/47/64 295/48/63 294/47/64
f 285/46/62 291/47/63 289/47/63
f 291/47/63 285/46/62 286/46/62
f 289/47/65 291/47/65 285/46/60
f 286/46/60 285/46/60 291/47/65
f 292/48/64 281/45/59 290/48/64
f 281/45/59 292/48/64 283/45/59
f 290/48/66 281/45/61 292/48/66
f 283/45/61 292/48/66 281/45/61
f 293/48/57 281/45/57 282/45/57
f 281/45/57 293/48/57 290/48/57
f 290/48/57 293/48/57 294/47/57
f 290/48/57 294/47/57 289/47/57
f 289/47/57 294/47/57 287/46/57
f 289/47/57 287/46/57 285/46/57
f 282/45/58 281/45/58 293/48/58
f 290/48/58 293/48/58 281/45/58
f 294/47/58 293/48/58 290/48/58
f 289/47/58 294/47/58 290/48/58
f 287/46/58 294/47/58 289/47/58
f 285/46/58 287/46/58 289/47/58
f 292/48/58 284/45/58 283/45/58
f 284/45/58 292/48/58 295/48/58
f 295/48/58 292/48/58 291/47/58
f 295/48/58 291/47/58 296/47/58
f 296/47/58 291/47/58 286/46/58
f 296/47/58 286/46/58 288/46/58
f 283/45/57 284/45/57 292/48/57
f 295/48/57 292/48/57 284/45/57
f 291/47/57 292/48/57 295/48/57
f 296/47/57 291/47/57 295/48/57
f 286/46/57 291/47/57 296/47/57
f 288/46/57 286/46/57 296/47/57
f 284/45/60 293/48/65 282/45/60
f 293/48/65 284/45/60 295/48/65
f 282/45/62 293/48/63 284/45/62
f 295/48/63 284/45/62 293/48/63
f 294/47/66 288/46/61 287/46/61
f 288/46/61 294/47/66 296/47/66
f 287/46/59 288/46/59 294/47/64
f 296/47/64 294/47/64 288/46/59
f 299/49/67 298/49/68 297/49/67
f 298/49/68 299/49/67 300/49/68
f 297/49/69 298/49/70 299/49/69
f 300/49/70 299/49/69 298/49/70
f 303/50/69 302/50/70 301/50/70
f 302/50/70 303/50/69 304/50/69
f 301/50/68 302/50/68 303/50/67
f 304/50/67 303/50/67 302/50/68
f 306/51/71 297/49/67 305/51/71
f 297/49/67 306/51/71 299/49/67
f 305/51/72 297/49/69 306/51/72
f 299/49/69 306/51/72 297/49/69
f 300/49/68 307/51/73 298/49/68
f 307/51/73 300/49/68 308/51/73
f 298/49/70 307/51/74 300/49/70
f 308/51/74 300/49/70 307/51/74
f 305/51/71 309/52/74 306/51/71
f 309/52/74 305/51/71 310/52/74
f 306/51/72 309/52/73 305/51/72
f 310/52/73 305/51/72 309/52/73
f 301/50/70 309/52/74 310/52/74
f 309/52/74 301/50/70 302/50/70
f 310/52/73 309/52/73 301/50/68
f 302/50/68 301/50/68 309/52/73
f 310/52/56 303/50/56 301/50/56
f 303/50/56 310/52/56 311/52/56
f 311/52/56 310/52/56 305/51/56
f 311/52/56 305/51/56 307/51/56
f 307/51/56 305/51/56 297/49/56
f 307/51/56 297/49/56 298/49/56
f 301/50/55 303/50/55 310/52/55
f 311/52/55 310/52/55 303/50/55
f 305/51/55 310/52/55 311/52/55
f 307/51/55 305/51/55 311/52/55
f 297/49/55 305/51/55 307/51/55
f 298/49/55 297/49/55 307/51/55
f 312/52/55 302/50/55 304/50/55
f 302/50/55 312/52/55 309/52/55
f 309/52/55 312/52/55 308/51/55
f 309/52/55 308/51/55 306/51/55
f 306/51/55 308/51/55 300/49/55
f 306/51/55 300/49/55 299/49/55
f 304/50/56 302/50/56 312/52/56
f 309/52/56 312/52/56 302/50/56
f 308/51/56 312/52/56 309/52/56
f 306/51/56 308/51/56 309/52/56
f 300/49/56 308/51/56 306/51/56
f 299/49/56 300/49/56 306/51/56
f 311/52/72 304/50/69 303/50/69
f 304/50/69 311/52/72 312/52/72
f 303/50/67 304/50/67 311/52/71
f 312/52/71 311/52/71 304/50/67
f 311/52/72 308/51/73 312/52/72
f 308/51/73 311/52/72 307/51/73
f 312/52/71 308/51/74 311/52/71
f 307/51/74 311/52/71 308/51/74
f 315/53/59 314/53/60 313/53/59
f 314/53/60 315/53/59 316/53/60
f 313/53/61 314/53/62 315/53/61
f 316/53/62 315/53/61 314/53/62
f 319/54/61 318/54/62 317/54/62
f 318/54/62 319/54/61 320/54/61
f 317/54/60 318/54/60 319/54/59
f 320/54/59 319/54/59 318/54/60
f 317/54/62 322/55/63 321/55/63
f 322/55/63 317/54/62 318/54/62
f 321/55/65 322/55/65 317/54/60
f 318/54/60 317/54/60 322/55/65
f 324/56/64 313/53/59 323/56/64
f 313/53/59 324/56/64 315/53/59
f 323/56/66 313/53/61 324/56/66
f 315/53/61 324/56/66 313/53/61
f 327/56/65 326/55/66 325/56/65
f 326/55/66 327/56/65 328/55/66
f 325/56/63 326/55/64 327/56/63
f 328/55/64 327/56/63 326/55/64
f 322/55/63 323/56/64 321/55/63
f 323/56/64 322/55/63 324/56/64
f 321/55/65 323/56/66 322/55/65
f 324/56/66 322/55/65 323/56/66
f 325/56/57 313/53/57 314/53/57
f 313/53/57 325/56/57 323/56/57
f 323/56/57 325/56/57 326/55/57
f 323/56/57 326/55/57 321/55/57
f 321/55/57 326/55/57 319/54/57
f 321/55/57 319/54/57 317/54/57
f 314/53/58 313/53/58 325/56/58
f 323/56/58 325/56/58 313/53/58
f 326/55/58 325/56/58 323/56/58
f 321/55/58 326/55/58 323/56/58
f 319/54/58 326/55/58 321/55/58
f 317/54/58 319/54/58 321/55/58
f 316/53/60 325/56/65 314/53/60
f 325/56/65 316/53/60 327/56/65
f 314/53/62 325/56/63 316/53/62
f 327/56/63 316/53/62 325/56/63
f 324/56/58 316/53/58 315/53/58
f 316/53/58 324/56/58 327/56/58
f 327/56/58 324/56/58 322/55/58
f 327/56/58 322/55/58 328/55/58
f 328/55/58 322/55/58 318/54/58
f 328/55/58 318/54/58 320/54/58
f 315/53/57 316/53/57 324/56/57
f 327/56/57 324/56/57 316/53/57
f 322/55/57 324/56/57 327/56/57
f 328/55/57 322/55/57 327/56/57
f 318/54/57 322/55/57 328/55/57
f 320/54/57 318/54/57 328/55/57
f 326/55/66 320/54/61 319/54/61
f 320/54/61 326/55/66 328/55/66
f 319/54/59 320/54/59 326/55/64
f 328/55/64 326/55/64 320/54/59
f 331/43/20 330/44/20 329/43/20
f 330/44/20 331/43/20 332/44/20
f 329/43/19 330/44/19 331/43/19
f 332/44/19 331/43/19 330/44/19
f 335/43/26 334/44/22 333/44/26
f 334/44/22 335/43/26 336/43/22
f 333/44/25 334/44/21 335/43/25
f 336/43/21 335/43/25 334/44/21
f 331/43/21 337/44/21 332/44/21
f 337/44/21 331/43/21 338/43/21
f 332/44/22 337/44/22 331/43/22
f 338/43/22 331/43/22 337/44/22
f 336/43/22 330/44/24 334/44/22
f 330/44/24 336/43/22 329/43/24
f 334/44/21 330/44/23 336/43/21
f 329/43/23 336/43/21 330/44/23
f 337/44/2 330/44/2 332/44/2
f 330/44/2 337/44/2 334/44/2
f 334/44/2 337/44/2 333/44/2
f 332/44/1 330/44/1 337/44/1
f 334/44/1 337/44/1 330/44/1
f 333/44/1 337/44/1 334/44/1
f 329/43/1 338/43/1 331/43/1
f 338/43/1 329/43/1 336/43/1
f 338/43/1 336/43/1 335/43/1
f 331/43/2 338/43/2 329/43/2
f 336/43/2 329/43/2 338/43/2
f 335/43/2 336/43/2 338/43/2
f 337/44/19 335/43/19 333/44/19
f 335/43/19 337/44/19 338/43/19
f 333/44/20 335/43/20 337/44/20
f 338/43/20 337/44/20 335/43/20
f 341/10/75 340/44/22 339/44/75
f 340/44/22 341/10/75 342/10/22
f 339/44/76 340/44/21 341/10/76
f 342/10/21 341/10/76 340/44/21
f 342/10/22 343/44/77 340/44/22
f 343/44/77 342/10/22 344/10/77
f 340/44/21 343/44/78 342/10/21
f 344/10/78 342/10/21 343/44/78
f 345/10/20 343/44/20 344/10/20
f 343/44/20 345/10/20 346/44/20
f 344/10/19 343/44/19 345/10/19
f 346/44/19 345/10/19 343/44/19
f 344/10/1 347/10/1 345/10/1
f 347/10/1 344/10/1 342/10/1
f 347/10/1 342/10/1 341/10/1
f 345/10/2 347/10/2 344/10/2
f 342/10/2 344/10/2 347/10/2
f 341/10/2 342/10/2 347/10/2
f 345/10/21 348/44/21 346/44/21
f 348/44/21 345/10/21 347/10/21
f 346/44/22 348/44/22 345/10/22
f 347/10/22 345/10/22 348/44/22
f 348/44/19 341/10/19 339/44/19
f 341/10/19 348/44/19 347/10/19
f 339/44/20 341/10/20 348/44/20
f 347/10/20 348/44/20 341/10/20
f 351/45/79 350/45/80 349/45/79
f 350/45/80 351/45/79 352/45/80
f 349/45/81 350/45/82 351/45/81
f 352/45/82 351/45/81 350/45/82
f 355/46/81 354/46/82 353/46/82
f 354/46/82 355/46/81 356/46/81
f 353/46/80 354/46/80 355/46/79
f 356/46/79 355/46/79 354/46/80
f 359/47/83 358/48/84 357/47/83
f 358/48/84 359/47/83 360/48/84
f 357/47/85 358/48/86 359/47/85
f 360/48/86 359/47/85 358/48/86
f 363/48/85 362/47/86 361/48/85
f 362/47/86 363/48/85 364/47/86
f 361/48/83 362/47/84 363/48/83
f 364/47/84 363/48/83 362/47/84
f 353/46/82 359/47/83 357/47/83
f 359/47/83 353/46/82 354/46/82
f 357/47/85 359/47/85 353/46/80
f 354/46/80 353/46/80 359/47/85
f 360/48/84 349/45/79 358/48/84
f 349/45/79 360/48/84 351/45/79
f 358/48/86 349/45/81 360/48/86
f 351/45/81 360/48/86 349/45/81
f 361/48/77 349/45/77 350/45/77
f 349/45/77 361/48/77 358/48/77
f 358/48/77 361/48/77 362/47/77
f 358/48/77 362/47/77 357/47/77
f 357/47/77 362/47/77 355/46/77
f 357/47/77 355/46/77 353/46/77
f 350/45/78 349/45/78 361/48/78
f 358/48/78 361/48/78 349/45/78
f 362/47/78 361/48/78 358/48/78
f 357/47/78 362/47/78 358/48/78
f 355/46/78 362/47/78 357/47/78
f 353/46/78 355/46/78 357/47/78
f 360/48/78 352/45/78 351/45/78
f 352/45/78 360/48/78 363/48/78
f 363/48/78 360/48/78 359/47/78
f 363/48/78 359/47/78 364/47/78
f 364/47/78 359/47/78 354/46/78
f 364/47/78 354/46/78 356/46/78
f 351/45/77 352/45/77 360/48/77
f 363/48/77 360/48/77 352/45/77
f 359/47/77 360/48/77 363/48/77
f 364/47/77 359/47/77 363/48/77
f 354/46/77 359/47/77 364/47/77
f 356/46/77 354/46/77 364/47/77
f 352/45/80 361/48/85 350/45/80
f 361/48/85 352/45/80 363/48/85
f 350/45/82 361/48/83 352/45/82
f 363/48/83 352/45/82 361/48/83
f 362/47/86 356/46/81 355/46/81
f 356/46/81 362/47/86 364/47/86
f 355/46/79 356/46/79 362/47/84
f 364/47/84 362/47/84 356/46/79
f 367/49/87 366/49/88 365/49/87
f 366/49/88 367/49/87 368/49/88
f 365/49/89 366/49/90 367/49/89
f 368/49/90 367/49/89 366/49/90
f 371/50/89 370/50/90 369/50/90
f 370/50/90 371/50/89 372/50/89
f 369/50/88 370/50/88 371/50/87
f 372/50/87 371/50/87 370/50/88
f 374/51/91 365/49/87 373/51/91
f 365/49/87 374/51/91 367/49/87
f 373/51/92 365/49/89 374/51/92
f 367/49/89 374/51/92 365/49/89
f 368/49/88 375/51/93 366/49/88
f 375/51/93 368/49/88 376/51/93
f 366/49/90 375/51/94 368/49/90
f 376/51/94 368/49/90 375/51/94
f 373/51/91 377/52/94 374/51/91
f 377/52/94 373/51/91 378/52/94
f 374/51/92 377/52/93 373/51/92
f 378/52/93 373/51/92 377/52/93
f 369/50/90 377/52/94 378/52/94
f 377/52/94 369/50/90 370/50/90
f 378/52/93 377/52/93 369/50/88
f 370/50/88 369/50/88 377/52/93
f 378/52/76 371/50/76 369/50/76
f 371/50/76 378/52/76 379/52/76
f 379/52/76 378/52/76 373/51/76
f 379/52/76 373/51/76 375/51/76
f 375/51/76 373/51/76 365/49/76
f 375/51/76 365/49/76 366/49/76
f 369/50/75 371/50/75 378/52/75
f 379/52/75 378/52/75 371/50/75
f 373/51/75 378/52/75 379/52/75
f 375/51/75 373/51/75 379/52/75
f 365/49/75 373/51/75 375/51/75
f 366/49/75 365/49/75 375/51/75
f 380/52/75 370/50/75 372/50/75
f 370/50/75 380/52/75 377/52/75
f 377/52/75 380/52/75 376/51/75
f 377/52/75 376/51/75 374/51/75
f 374/51/75 376/51/75 368/49/75
f 374/51/75 368/49/75 367/49/75
f 372/50/76 370/50/76 380/52/76
f 377/52/76 380/52/76 370/50/76
f 376/51/76 380/52/76 377/52/76
f 374/51/76 376/51/76 377/52/76
f 368/49/76 376/51/76 374/51/76
f 367/49/76 368/49/76 374/51/76
f 379/52/92 372/50/89 371/50/89
f 372/50/89 379/52/92 380/52/92
f 371/50/87 372/50/87 379/52/91
f 380/52/91 379/52/91 372/50/87
f 379/52/92 376/51/93 380/52/92
f 376/51/93 379/52/92 375/51/93
f 380/52/91 376/51/94 379/52/91
f 375/51/94 379/52/91 376/51/94
f 383/53/79 382/53/80 381/53/79
f 382/53/80 383/53/79 384/53/80
f 381/53/81 382/53/82 383/53/81
f 384/53/82 383/53/81 382/53/82
f 387/54/81 386/54/82 385/54/82
f 386/54/82 387/54/81 388/54/81
f 385/54/80 386/54/80 387/54/79
f 388/54/79 387/54/79 386/54/80
f 385/54/82 390/55/83 389/55/83
f 390/55/83 385/54/82 386/54/82
f 389/55/85 390/55/85 385/54/80
f 386/54/80 385/54/80 390/55/85
f 392/56/84 381/53/79 391/56/84
f 381/53/79 392/56/84 383/53/79
f 391/56/86 381/53/81 392/56/86
f 383/53/81 392/56/86 381/53/81
f 395/56/85 394/55/86 393/56/85
f 394/55/86 395/56/85 396/55/86
f 393/56/83 394/55/84 395/56/83
f 396/55/84 395/56/83 394/55/84
f 390/55/83 391/56/84 389/55/83
f 391/56/84 390/55/83 392/56/84
f 389/55/85 391/56/86 390/55/85
f 392/56/86 390/55/85 391/56/86
f 393/56/77 381/53/77 382/53/77
f 381/53/77 393/56/77 391/56/77
f 391/56/77 393/56/77 394/55/77
f 391/56/77 394/55/77 389/55/77
f 389/55/77 394/55/77 387/54/77
f 389/55/77 387/54/77 385/54/77
f 382/53/78 381/53/78 393/56/78
f 391/56/78 393/56/78 381/53/78
f 394/55/78 393/56/78 391/56/78
f 389/55/78 394/55/78 391/56/78
f 387/54/78 394/55/78 389/55/78
f 385/54/78 387/54/78 389/55/78
f 384/53/80 393/56/85 382/53/80
f 393/56/85 384/53/80 395/56/85
f 382/53/82 393/56/83 384/53/82
f 395/56/83 384/53/82 393/56/83
f 392/56/78 384/53/78 383/53/78
f 384/53/78 392/56/78 395/56/78
f 395/56/78 392/56/78 390/55/78
f 395/56/78 390/55/78 396/55/78
f 396/55/78 390/55/78 386/54/78
f 396/55/78 386/54/78 388/54/78
f 383/53/77 384/53/77 392/56/77
f 395/56/77 392/56/77 384/53/77
f 390/55/77 392/56/77 395/56/77
f 396/55/77 390/55/77 395/56/77
f 386/54/77 390/55/77 396/55/77
f 388/54/77 386/54/77 396/55/77
f 394/55/86 388/54/81 387/54/81
f 388/54/81 394/55/86 396/55/86
f 387/54/79 388/54/79 394/55/84
f 396/55/84 394/55/84 388/54/79
f 399/43/20 398/44/20 397/43/20
f 398/44/20 399/43/20 400/44/20
f 397/43/19 398/44/19 399/43/19
f 400/44/19 399/43/19 398/44/19
f 403/43/26 402/44/22 401/44/26
f 402/44/22 403/43/26 404/43/22
f 401/44/25 402/44/21 403/43/25
f 404/43/21 403/43/25 402/44/21
f 399/43/21 405/44/21 400/44/21
f 405/44/21 399/43/21 406/43/21
f 400/44/22 405/44/22 399/43/22
f 406/43/22 399/43/22 405/44/22
f 404/43/22 398/44/24 402/44/22
f 398/44/24 404/43/22 397/43/24
f 402/44/21 398/44/23 404/43/21
f 397/43/23 404/43/21 398/44/23
f 405/44/2 398/44/2 400/44/2
f 398/44/2 405/44/2 402/44/2
f 402/44/2 405/44/2 401/44/2
f 400/44/1 398/44/1 405/44/1
f 402/44/1 405/44/1 398/44/1
f 401/44/1 405/44/1 402/44/1
f 397/43/1 406/43/1 399/43/1
f 406/43/1 397/43/1 404/43/1
f 406/43/1 404/43/1 403/43/1
f 399/43/2 406/43/2 397/43/2
f 404/43/2 397/43/2 406/43/2
f 403/43/2 404/43/2 406/43/2
f 405/44/19 403/43/19 401/44/19
f 403/43/19 405/44/19 406/43/19
f 401/44/20 403/43/20 405/44/20
f 406/43/20 405/44/20 403/43/20
f 409/10/75 408/44/22 407/44/75
f 408/44/22 409/10/75 410/10/22
f 407/44/76 408/44/21 409/10/76
f 410/10/21 409/10/76 408/44/21
f 410/10/22 411/44/77 408/44/22
f 411/44/77 410/10/22 412/10/77
f 408/44/21 411/44/78 410/10/21
f 412/10/78 410/10/21 411/44/78
f 413/10/20 411/44/20 412/10/20
f 411/44/20 413/10/20 414/44/20
f 412/10/19 411/44/19 413/10/19
f 414/44/19 413/10/19 411/44/19
f 412/10/1 415/10/1 413/10/1
f 415/10/1 412/10/1 410/10/1
f 415/10/1 410/10/1 409/10/1
f 413/10/2 415/10/2 412/10/2
f 410/10/2 412/10/2 415/10/2
f 409/10/2 410/10/2 415/10/2
f 413/10/21 416/44/21 414/44/21
f 416/44/21 413/10/21 415/10/21
f 414/44/22 416/44/22 413/10/22
f 415/10/22 413/10/22 416/44/22
f 416/44/19 409/10/19 407/44/19
f 409/10/19 416/44/19 415/10/19
f 407/44/20 409/10/20 416/44/20
f 415/10/20 416/44/20 409/10/20
f 419/45/79 418/45/80 417/45/79
f 418/45/80 419/45/79 420/45/80
f 417/45/81 418/45/82 419/45/81
f 420/45/82 419/45/81 418/45/82
f 423/46/81 422/46/82 421/46/82
f 422/46/82 423/46/81 424/46/81
f 421/46/80 422/46/80 423/46/79
f 424/46/79 423/46/79 422/46/80
f 427/47/83 426/48/84 425/47/83
f 426/48/84 427/47/83 428/48/84
f 425/47/85 426/48/86 427/47/85
f 428/48/86 427/47/85 426/48/86
f 431/48/85 430/47/86 429/48/85
f 430/47/86 431/48/85 432/47/86
f 429/48/83 430/47/84 431/48/83
f 432/47/84 431/48/83 430/47/84
f 421/46/82 427/47/83 425/47/83
f 427/47/83 421/46/82 422/46/82
f 425/47/85 427/47/85 421/46/80
f 422/46/80 421/46/80 427/47/85
f 428/48/84 417/45/79 426/48/84
f 417/45/79 428/48/84 419/45/79
f 426/48/86 417/45/81 428/48/86
f 419/45/81 428/48/86 417/45/81
f 429/48/77 417/45/77 418/45/77
f 417/45/77 429/48/77 426/48/77
f 426/48/77 429/48/77 430/47/77
f 426/48/77 430/47/77 425/47/77
f 425/47/77 430/47/77 423/46/77
f 425/47/77 423/46/77 421/46/77
f 418/45/78 417/45/78 429/48/78
f 426/48/78 429/48/78 417/45/78
f 430/47/78 429/48/78 426/48/78
f 425/47/78 430/47/78 426/48/78
f 423/46/78 430/47/78 425/47/78
f 421/46/78 423/46/78 425/47/78
f 428/48/78 420/45/78 419/45/78
f 420/45/78 428/48/78 431/48/78
f 431/48/78 428/48/78 427/47/78
f 431/48/78 427/47/78 432/47/78
f 432/47/78 427/47/78 422/46/78
f 432/47/78 422/46/78 424/46/78
f 419/45/77 420/45/77 428/48/77
f 431/48/77 428/48/77 420/45/77
f 427/47/77 428/48/77 431/48/77
f 432/47/77 427/47/77 431/48/77
f 422/46/77 427/47/77 432/47/77
f 424/46/77 422/46/77 432/47/77
f 420/45/80 429/48/85 418/45/80
f 429/48/85 420/45/80 431/48/85
f 418/45/82 429/48/83 420/45/82
f 431/48/83 420/45/82 429/48/83
f 430/47/86 424/46/81 423/46/81
f 424/46/81 430/47/86 432/47/86
f 423/46/79 424/46/79 430/47/84
f 432/47/84 430/47/84 424/46/79
f 435/49/87 434/49/88 433/49/87
f 434/49/88 435/49/87 436/49/88
f 433/49/89 434/49/90 435/49/89
f 436/49/90 435/49/89 434/49/90
f 439/50/89 438/50/90 437/50/90
f 438/50/90 439/50/89 440/50/89
f 437/50/88 438/50/88 439/50/87
f 440/50/87 439/50/87 438/50/88
f 442/51/91 433/49/87 441/51/91
f 433/49/87 442/51/91 435/49/87
f 441/51/92 433/49/89 442/51/92
f 435/49/89 442/51/92 433/49/89
f 436/49/88 443/51/93 434/49/88
f 443/51/93 436/49/88 444/51/93
f 434/49/90 443/51/94 436/49/90
f 444/51/94 436/49/90 443/51/94
f 441/51/91 445/52/94 442/51/91
f 445/52/94 441/51/91 446/52/94
f 442/51/92 445/52/93 441/51/92
f 446/52/93 441/51/92 445/52/93
f 437/50/90 445/52/94 446/52/94
f 445/52/94 437/50/90 438/50/90
f 446/52/93 445/52/93 437/50/88
f 438/50/88 437/50/88 445/52/93
f 446/52/76 439/50/76 437/50/76
f 439/50/76 446/52/76 447/52/76
f 447/52/76 446/52/76 441/51/76
f 447/52/76 441/51/76 443/51/76
f 443/51/76 441/51/76 433/49/76
f 443/51/76 433/49/76 434/49/76
f 437/50/75 439/50/75 446/52/75
f 447/52/75 446/52/75 439/50/75
f 441/51/75 446/52/75 447/52/75
f 443/51/75 441/51/75 447/52/75
f 433/49/75 441/51/75 443/51/75
f 434/49/75 433/49/75 443/51/75
f 448/52/75 438/50/75 440/50/75
f 438/50/75 448/52/75 445/52/75
f 445/52/75 448/52/75 444/51/75
f 445/52/75 444/51/75 442/51/75
f 442/51/75 444/51/75 436/49/75
f 442/51/75 436/49/75 435/49/75
f 440/50/76 438/50/76 448/52/76
f 445/52/76 448/52/76 438/50/76
f 444/51/76 448/52/76 445/52/76
f 442/51/76 444/51/76 445/52/76
f 436/49/76 444/51/76 442/51/76
f 435/49/76 436/49/76 442/51/76
f 447/52/92 440/50/89 439/50/89
f 440/50/89 447/52/92 448/52/92
f 439/50/87 440/50/87 447/52/91
f 448/52/91 447/52/91 440/50/87
f 447/52/92 444/51/93 448/52/92
f 444/51/93 447/52/92 443/51/93
f 448/52/91 444/51/94 447/52/91
f 443/51/94 447/52/91 444/51/94
f 451/53/79 450/53/80 449/53/79
f 450/53/80 451/53/79 452/53/80
f 449/53/81 450/53/82 451/53/81
f 452/53/82 451/53/81 450/53/82
f 455/54/81 454/54/82 453/54/82
f 454/54/82 455/54/81 456/54/81
f 453/54/80 454/54/80 455/54/79
f 456/54/79 455/54/79 454/54/80
f 453/54/82 458/55/83 457/55/83
f 458/55/83 453/54/82 454/54/82
f 457/55/85 458/55/85 453/54/80
f 454/54/80 453/54/80 458/55/85
f 460/56/84 449/53/79 459/56/84
f 449/53/79 460/56/84 451/53/79
f 459/56/86 449/53/81 460/56/86
f 451/53/81 460/56/86 449/53/81
f 463/56/85 462/55/86 461/56/85
f 462/55/86 463/56/85 464/55/86
f 461/56/83 462/55/84 463/56/83
f 464/55/84 463/56/83 462/55/84
f 458/55/83 459/56/84 457/55/83
f 459/56/84 458/55/83 460/56/84
f 457/55/85 459/56/86 458/55/85
f 460/56/86 458/55/85 459/56/86
f 461/56/77 449/53/77 450/53/77
f 449/53/77 461/56/77 459/56/77
f 459/56/77 461/56/77 462/55/77
f 459/56/77 462/55/77 457/55/77
f 457/55/77 462/55/77 455/54/77
f 457/55/77 455/54/77 453/54/77
f 450/53/78 449/53/78 461/56/78
f 459/56/78 461/56/78 449/53/78
f 462/55/78 461/56/78 459/56/78
f 457/55/78 462/55/78 459/56/78
f 455/54/78 462/55/78 457/55/78
f 453/54/78 455/54/78 457/55/78
f 452/53/80 461/56/85 450/53/80
f 461/56/85 452/53/80 463/56/85
f 450/53/82 461/56/83 452/53/82
f 463/56/83 452/53/82 461/56/83
f 460/56/78 452/53/78 451/53/78
f 452/53/78 460/56/78 463/56/78
f 463/56/78 460/56/78 458/55/78
f 463/56/78 458/55/78 464/55/78
f 464/55/78 458/55/78 454/54/78
f 464/55/78 454/54/78 456/54/78
f 451/53/77 452/53/77 460/56/77
f 463/56/77 460/56/77 452/53/77
f 458/55/77 460/56/77 463/56/77
f 464/55/77 458/55/77 463/56/77
f 454/54/77 458/55/77 464/55/77
f 456/54/77 454/54/77 464/55/77
f 462/55/86 456/54/81 455/54/81
f 456/54/81 462/55/86 464/55/86
f 455/54/79 456/54/79 462/55/84
f 464/55/84 462/55/84 456/54/79
f 488/65/77 487/62/77 470/9/77
f 488/65/77 470/9/77 486/65/77
f 485/63/77 470/9/77 487/62/77
f 470/9/77 472/9/22 486/65/77
f 468/57/97 470/9/77 485/63/77
f 486/65/77 472/9/22 481/62/77
f 468/57/97 481/62/77 472/9/22
f 484/64/77 468/57/97 485/63/77
f 483/64/77 468/57/97 484/64/77
f 483/64/77 482/63/77 468/57/97
f 482/63/77 481/62/77 468/57/97
f 470/9/78 487/62/78 488/65/78
f 486/65/78 470/9/78 488/65/78
f 487/62/78 470/9/78 485/63/78
f 486/65/78 472/9/21 470/9/78
f 485/63/78 470/9/78 468/57/98
f 481/62/78 472/9/21 486/65/78
f 472/9/21 481/62/78 468/57/98
f 485/63/78 468/57/98 484/64/78
f 484/64/78 468/57/98 483/64/78
f 468/57/98 482/63/78 483/64/78
f 468/57/98 481/62/78 482/63/78
f 479/60/76 468/57/98 480/61/76
f 480/61/76 468/57/98 478/61/76
f 476/59/76 468/57/98 479/60/76
f 469/10/76 478/61/76 468/57/98
f 469/10/76 477/60/76 478/61/76
f 469/10/76 475/59/76 477/60/76
f 471/9/76 475/59/76 469/10/76
f 473/58/76 468/57/98 476/59/76
f 475/59/76 471/9/76 474/58/76
f 474/58/76 471/9/76 473/58/76
f 471/9/76 468/57/98 473/58/76
f 468/57/98 471/9/76 472/9/21
f 480/61/75 468/57/97 479/60/75
f 478/61/75 468/57/97 480/61/75
f 479/60/75 468/57/97 476/59/75
f 468/57/97 478/61/75 469/10/75
f 478/61/75 477/60/75 469/10/75
f 477/60/75 475/59/75 469/10/75
f 469/10/75 475/59/75 471/9/75
f 476/59/75 468/57/97 473/58/75
f 474/58/75 471/9/75 475/59/75
f 473/58/75 471/9/75 474/58/75
f 473/58/75 468/57/97 471/9/75
f 472/9/22 471/9/75 468/57/97
f 471/9/20 467/10/20 465/9/20
f 467/10/20 471/9/20 469/10/20
f 465/9/19 467/10/19 471/9/19
f 469/10/19 471/9/19 467/10/19
f 469/10/96 466/9/96 467/10/96
f 469/10/96 470/9/96 466/9/96
f 470/9/96 469/10/96 468/57/96
f 467/10/95 466/9/95 469/10/95
f 466/9/95 470/9/95 469/10/95
f 468/57/95 469/10/95 470/9/95
f 467/10/22 466/9/22 465/9/22
f 465/9/21 466/9/21 467/10/21
f 497/66/100 500/67/99 498/67/99
f 500/67/99 497/66/100 504/66/100
f 498/67/102 500/67/102 497/66/101
f 504/66/101 497/66/101 500/67/102
f 499/68/104 504/66/104 500/67/104
f 499/68/104 503/70/104 504/66/104
f 501/68/104 503/70/104 499/68/104
f 501/68/104 502/70/104 503/70/104
f 492/67/104 502/70/104 501/68/104
f 502/70/104 492/67/104 490/66/104
f 500/67/103 504/66/103 499/68/103
f 504/66/103 503/70/103 499/68/103
f 499/68/103 503/70/103 501/68/103
f 503/70/103 502/70/103 501/68/103
f 501/68/103 502/70/103 492/67/103
f 490/66/103 492/67/103 502/70/103
f 496/69/107 504/66/100 497/66/100
f 504/66/100 496/69/107 503/70/107
f 497/66/101 504/66/101 496/69/108
f 503/70/108 496/69/108 504/66/101
f 502/70/105 496/69/107 494/69/105
f 496/69/107 502/70/105 503/70/107
f 494/69/106 496/69/108 502/70/106
f 503/70/108 502/70/106 496/69/108
f 495/68/106 501/68/108 493/68/108
f 501/68/108 495/68/106 499/68/106
f 493/68/107 501/68/107 495/68/105
f 499/68/105 495/68/105 501/68/107
f 490/66/102 494/69/105 489/66/102
f 494/69/105 490/66/102 502/70/105
f 489/66/99 494/69/106 490/66/99
f 502/70/106 490/66/99 494/69/106
f 501/68/108 491/67/101 493/68/108
f 491/67/101 501/68/108 492/67/101
f 493/68/107 491/67/100 501/68/107
f 492/67/100 501/68/107 491/67/100
f 500/67/99 495/68/106 498/67/99
f 495/68/106 500/67/99 499/68/106
f 498/67/102 495/68/105 500/67/102
f 499/68/105 500/67/102 495/68/105
f 495/68/104 497/66/104 498/67/104
f 495/68/104 496/69/104 497/66/104
f 495/68/104 494/69/104 496/69/104
f 493/68/104 494/69/104 495/68/104
f 493/68/104 489/66/104 494/69/104
f 489/66/104 493/68/104 491/67/104
f 498/67/103 497/66/103 495/68/103
f 497/66/103 496/69/103 495/68/103
f 496/69/103 494/69/103 495/68/103
f 495/68/103 494/69/103 493/68/103
f 494/69/103 489/66/103 493/68/103
f 491/67/103 493/68/103 489/66/103
f 490/66/102 491/67/101 492/67/101
f 491/67/101 490/66/102 489/66/102
f 492/67/100 491/67/100 490/66/99
f 489/66/99 490/66/99 491/67/100
f 516/73/109 509/71/116 510/71/116
f 509/71/116 516/73/109 520/73/109
f 510/71/113 509/71/113 516/73/111
f 520/73/111 516/73/111 509/71/113
f 511/72/118 520/73/118 509/71/118
f 511/72/118 519/74/118 520/73/118
f 506/72/118 519/74/118 511/72/118
f 506/72/118 517/74/118 519/74/118
f 505/71/118 517/74/118 506/72/118
f 517/74/118 505/71/118 518/73/118
f 509/71/117 520/73/117 511/72/117
f 520/73/117 519/74/117 511/72/117
f 511/72/117 519/74/117 506/72/117
f 519/74/117 517/74/117 506/72/117
f 506/72/117 517/74/117 505/71/117
f 518/73/117 505/71/117 517/74/117
f 514/74/114 519/74/110 515/74/110
f 519/74/110 514/74/114 517/74/114
f 515/74/112 519/74/112 514/74/115
f 517/74/115 514/74/115 519/74/112
f 518/73/113 507/71/111 505/71/111
f 507/71/111 518/73/113 513/73/113
f 505/71/109 507/71/109 518/73/116
f 513/73/116 518/73/116 507/71/109
f 515/74/110 520/73/109 516/73/109
f 520/73/109 515/74/110 519/74/110
f 516/73/111 520/73/111 515/74/112
f 519/74/112 515/74/112 520/73/111
f 511/72/115 508/72/112 512/72/115
f 508/72/112 511/72/115 506/72/112
f 512/72/114 508/72/110 511/72/114
f 506/72/110 511/72/114 508/72/110
f 518/73/113 514/74/114 513/73/113
f 514/74/114 518/73/113 517/74/114
f 513/73/116 514/74/115 518/73/116
f 517/74/115 518/73/116 514/74/115
f 512/72/118 516/73/118 510/71/118
f 512/72/118 515/74/118 516/73/118
f 508/72/118 515/74/118 512/72/118
f 508/72/118 514/74/118 515/74/118
f 507/71/118 514/74/118 508/72/118
f 514/74/118 507/71/118 513/73/118
f 510/71/117 516/73/117 512/72/117
f 516/73/117 515/74/117 512/72/117
f 512/72/117 515/74/117 508/72/117
f 515/74/117 514/74/117 508/72/117
f 508/72/117 514/74/117 507/71/117
f 513/73/117 507/71/117 514/74/117
f 510/71/116 511/72/115 512/72/115
f 511/72/115 510/71/116 509/71/116
f 512/72/114 511/72/114 510/71/113
f 509/71/113 510/71/113 511/72/114
f 506/72/112 507/71/111 508/72/112
f 507/71/111 506/72/112 505/71/111
f 508/72/110 507/71/109 506/72/110
f 505/71/109 506/72/110 507/71/109
f 523/10/52 522/9/52 521/9/52
f 521/9/50 522/9/50 523/10/50
f 526/9/119 525/10/119 524/57/119
f 525/10/119 526/9/119 522/9/119
f 525/10/119 522/9/119 523/10/119
f 524/57/120 525/10/120 526/9/120
f 522/9/120 526/9/120 525/10/120
f 523/10/120 522/9/120 525/10/120
f 523/10/47 527/9/47 525/10/47
f 527/9/47 523/10/47 521/9/47
f 525/10/48 527/9/48 523/10/48
f 521/9/48 523/10/48 527/9/48
f 524/57/121 527/9/57 528/9/50
f 527/9/57 524/57/121 529/58/57
f 530/58/57 527/9/57 529/58/57
f 531/59/57 527/9/57 530/58/57
f 529/58/57 524/57/121 532/59/57
f 527/9/57 531/59/57 525/10/57
f 525/10/57 531/59/57 533/60/57
f 525/10/57 533/60/57 534/61/57
f 525/10/57 534/61/57 524/57/121
f 532/59/57 524/57/121 535/60/57
f 536/61/57 524/57/121 534/61/57
f 535/60/57 524/57/121 536/61/57
f 528/9/52 527/9/58 524/57/122
f 529/58/58 524/57/122 527/9/58
f 529/58/58 527/9/58 530/58/58
f 530/58/58 527/9/58 531/59/58
f 532/59/58 524/57/122 529/58/58
f 525/10/58 531/59/58 527/9/58
f 533/60/58 531/59/58 525/10/58
f 534/61/58 533/60/58 525/10/58
f 524/57/122 534/61/58 525/10/58
f 535/60/58 524/57/122 532/59/58
f 534/61/58 524/57/122 536/61/58
f 536/61/58 524/57/122 535/60/58
f 538/63/56 537/62/56 524/57/122
f 539/64/56 538/63/56 524/57/122
f 539/64/56 524/57/122 540/64/56
f 540/64/56 524/57/122 541/63/56
f 524/57/122 537/62/56 528/9/52
f 542/65/56 528/9/52 537/62/56
f 524/57/122 526/9/56 541/63/56
f 526/9/56 528/9/52 542/65/56
f 541/63/56 526/9/56 543/62/56
f 544/65/56 526/9/56 542/65/56
f 544/65/56 543/62/56 526/9/56
f 524/57/121 537/62/55 538/63/55
f 524/57/121 538/63/55 539/64/55
f 540/64/55 524/57/121 539/64/55
f 541/63/55 524/57/121 540/64/55
f 528/9/50 537/62/55 524/57/121
f 537/62/55 528/9/50 542/65/55
f 541/63/55 526/9/55 524/57/121
f 542/65/55 528/9/50 526/9/55
f 543/62/55 526/9/55 541/63/55
f 542/65/55 526/9/55 544/65/55
f 526/9/55 543/62/55 544/65/55
f 547/67/124 546/66/123 545/66/123
f 546/66/123 547/67/124 548/67/124
f 545/66/126 546/66/126 547/67/125
f 548/67/125 547/67/125 546/66/126
f 545/66/127 549/68/127 547/67/127
f 549/68/127 545/66/127 550/69/127
f 549/68/127 550/69/127 551/68/127
f 551/68/127 550/69/127 552/69/127
f 551/68/127 552/69/127 553/66/127
f 551/68/127 553/66/127 554/67/127
f 547/67/128 549/68/128 545/66/128
f 550/69/128 545/66/128 549/68/128
f 551/68/128 550/69/128 549/68/128
f 552/69/128 550/69/128 551/68/128
f 553/66/128 552/69/128 551/68/128
f 554/67/128 553/66/128 551/68/128
f 551/68/129 556/67/126 555/68/129
f 556/67/126 551/68/129 554/67/126
f 555/68/130 556/67/123 551/68/130
f 554/67/123 551/68/130 556/67/123
f 547/67/124 557/68/131 548/67/124
f 557/68/131 547/67/124 549/68/131
f 548/67/125 557/68/132 547/67/125
f 549/68/132 547/67/125 557/68/132
f 550/69/130 546/66/123 558/70/130
f 546/66/123 550/69/130 545/66/123
f 558/70/129 546/66/126 550/69/129
f 545/66/126 550/69/129 546/66/126
f 557/68/131 551/68/129 555/68/129
f 551/68/129 557/68/131 549/68/131
f 555/68/130 551/68/130 557/68/132
f 549/68/132 557/68/132 551/68/130
f 552/69/132 558/70/130 559/70/132
f 558/70/130 552/69/132 550/69/130
f 559/70/131 558/70/129 552/69/131
f 550/69/129 552/69/131 558/70/129
f 560/66/125 552/69/132 559/70/132
f 552/69/132 560/66/125 553/66/125
f 559/70/131 552/69/131 560/66/124
f 553/66/124 560/66/124 552/69/131
f 558/70/127 548/67/127 546/66/127
f 548/67/127 558/70/127 557/68/127
f 557/68/127 558/70/127 559/70/127
f 557/68/127 559/70/127 555/68/127
f 555/68/127 559/70/127 560/66/127
f 555/68/127 560/66/127 556/67/127
f 546/66/128 548/67/128 558/70/128
f 557/68/128 558/70/128 548/67/128
f 559/70/128 558/70/128 557/68/128
f 555/68/128 559/70/128 557/68/128
f 560/66/128 559/70/128 555/68/128
f 556/67/128 560/66/128 555/68/128
f 556/67/126 553/66/125 560/66/125
f 553/66/125 556/67/126 554/67/126
f 560/66/124 553/66/124 556/67/123
f 554/67/123 556/67/123 553/66/124
f 563/71/133 562/72/134 561/71/133
f 562/72/134 563/71/133 564/72/134
f 561/71/135 562/72/136 563/71/135
f 564/72/136 563/71/135 562/72/136
f 567/72/138 566/71/137 565/71/137
f 566/71/137 567/72/138 568/72/138
f 565/71/140 566/71/140 567/72/139
f 568/72/139 567/72/139 566/71/140
f 570/74/141 563/71/141 569/73/141
f 563/71/141 570/74/141 564/72/141
f 564/72/141 570/74/141 571/74/141
f 564/72/141 571/74/141 568/72/141
f 568/72/141 571/74/141 572/73/141
f 568/72/141 572/73/141 566/71/141
f 569/73/142 563/71/142 570/74/142
f 564/72/142 570/74/142 563/71/142
f 571/74/142 570/74/142 564/72/142
f 568/72/142 571/74/142 564/72/142
f 572/73/142 571/74/142 568/72/142
f 566/71/142 572/73/142 568/72/142
f 570/74/139 574/73/140 573/74/139
f 574/73/140 570/74/139 569/73/140
f 573/74/138 574/73/137 570/74/138
f 569/73/137 570/74/138 574/73/137
f 564/72/134 567/72/138 562/72/134
f 567/72/138 564/72/134 568/72/138
f 562/72/136 567/72/139 564/72/136
f 568/72/139 564/72/136 567/72/139
f 576/73/135 571/74/136 575/74/136
f 571/74/136 576/73/135 572/73/135
f 575/74/134 571/74/134 576/73/133
f 572/73/133 576/73/133 571/74/134
f 563/71/133 574/73/140 569/73/140
f 574/73/140 563/71/133 561/71/133
f 569/73/137 574/73/137 563/71/135
f 561/71/135 563/71/135 574/73/137
f 575/74/136 570/74/139 573/74/139
f 570/74/139 575/74/136 571/74/136
f 573/74/138 570/74/138 575/74/134
f 571/74/134 575/74/134 570/74/138
f 573/74/141 561/71/141 574/73/141
f 561/71/141 573/74/141 562/72/141
f 562/72/141 573/74/141 575/74/141
f 562/72/141 575/74/141 567/72/141
f 567/72/141 575/74/141 576/73/141
f 567/72/141 576/73/141 565/71/141
f 574/73/142 561/71/142 573/74/142
f 562/72/142 573/74/142 561/71/142
f 575/74/142 573/74/142 562/72/142
f 567/72/142 575/74/142 562/72/142
f 576/73/142 575/74/142 567/72/142
f 565/71/142 576/73/142 567/72/142
f 565/71/137 572/73/135 576/73/135
f 572/73/135 565/71/137 566/71/137
f 576/73/133 572/73/133 565/71/140
f 566/71/140 565/71/140 572/73/133
f 618/26/146 594/9/50 617/25/146
f 616/26/146 594/9/50 618/26/146
f 585/10/50 617/25/146 594/9/50
f 594/9/50 616/26/146 577/9/146
f 609/21/146 617/25/146 585/10/50
f 612/24/146 617/25/146 609/21/146
f 615/25/146 577/9/146 616/26/146
f 578/10/146 577/9/146 615/25/146
f 614/24/146 578/10/146 615/25/146
f 613/23/146 578/10/146 614/24/146
f 610/23/146 578/10/146 613/23/146
f 610/23/146 612/24/146 609/21/146
f 611/22/146 610/23/146 609/21/146
f 608/22/146 610/23/146 611/22/146
f 600/15/146 578/10/146 610/23/146
f 608/22/146 603/19/146 610/23/146
f 603/19/146 600/15/146 610/23/146
f 604/20/146 609/21/146 585/10/50
f 607/21/146 603/19/146 608/22/146
f 606/20/146 603/19/146 607/21/146
f 605/18/146 603/19/146 606/20/146
f 601/18/146 603/19/146 605/18/146
f 601/18/146 604/20/146 585/10/50
f 603/19/146 601/18/146 602/19/146
f 602/19/146 601/18/146 595/15/146
f 595/15/146 601/18/146 585/10/50
f 599/16/146 578/10/146 600/15/146
f 598/17/146 578/10/146 599/16/146
f 597/17/146 578/10/146 598/17/146
f 578/10/146 597/17/146 585/10/50
f 597/17/146 596/16/146 585/10/50
f 596/16/146 595/15/146 585/10/50
f 617/25/145 594/9/52 618/26/145
f 618/26/145 594/9/52 616/26/145
f 594/9/52 617/25/145 585/10/52
f 577/9/145 616/26/145 594/9/52
f 585/10/52 617/25/145 609/21/145
f 609/21/145 617/25/145 612/24/145
f 616/26/145 577/9/145 615/25/145
f 615/25/145 577/9/145 578/10/145
f 615/25/145 578/10/145 614/24/145
f 614/24/145 578/10/145 613/23/145
f 613/23/145 578/10/145 610/23/145
f 609/21/145 612/24/145 610/23/145
f 609/21/145 610/23/145 611/22/145
f 611/22/145 610/23/145 608/22/145
f 610/23/145 578/10/145 600/15/145
f 610/23/145 603/19/145 608/22/145
f 610/23/145 600/15/145 603/19/145
f 585/10/52 609/21/145 604/20/145
f 608/22/145 603/19/145 607/21/145
f 607/21/145 603/19/145 606/20/145
f 606/20/145 603/19/145 605/18/145
f 605/18/145 603/19/145 601/18/145
f 585/10/52 604/20/145 601/18/145
f 602/19/145 601/18/145 603/19/145
f 595/15/145 601/18/145 602/19/145
f 585/10/52 601/18/145 595/15/145
f 600/15/145 578/10/145 599/16/145
f 599/16/145 578/10/145 598/17/145
f 598/17/145 578/10/145 597/17/145
f 585/10/52 597/17/145 578/10/145
f 585/10/52 596/16/145 597/17/145
f 585/10/52 595/15/145 596/16/145
f 588/13/144 587/12/144 581/10/144
f 587/12/144 586/11/144 581/10/144
f 585/10/50 588/13/144 581/10/144
f 581/10/144 586/11/144 582/9/144
f 588/13/144 585/10/50 591/13/144
f 591/13/144 585/10/50 592/12/144
f 592/12/144 585/10/50 593/11/144
f 589/14/144 582/9/144 586/11/144
f 590/14/144 582/9/144 589/14/144
f 590/14/144 593/11/144 582/9/144
f 585/10/50 594/9/50 593/11/144
f 582/9/144 593/11/144 594/9/50
f 593/11/143 594/9/52 585/10/52
f 594/9/52 593/11/143 582/9/143
f 593/11/143 585/10/52 592/12/143
f 582/9/143 593/11/143 590/14/143
f 592/12/143 585/10/52 591/13/143
f 591/13/143 585/10/52 588/13/143
f 589/14/143 582/9/143 590/14/143
f 586/11/143 582/9/143 589/14/143
f 581/10/143 588/13/143 585/10/52
f 582/9/143 586/11/143 581/10/143
f 581/10/143 587/12/143 588/13/143
f 581/10/143 586/11/143 587/12/143
f 580/10/2 585/10/2 578/10/2
f 580/10/2 581/10/2 585/10/2
f 581/10/2 580/10/2 583/10/2
f 578/10/1 585/10/1 580/10/1
f 585/10/1 581/10/1 580/10/1
f 583/10/1 580/10/1 581/10/1
f 579/9/50 583/10/50 580/10/50
f 583/10/50 579/9/50 584/9/50
f 580/10/52 583/10/52 579/9/52
f 584/9/52 579/9/52 583/10/52
f 582/9/47 583/10/47 584/9/47
f 583/10/47 582/9/47 581/10/47
f 584/9/48 583/10/48 582/9/48
f 581/10/48 582/9/48 583/10/48
f 578/10/48 579/9/48 580/10/48
f 579/9/48 578/10/48 577/9/48
f 580/10/47 579/9/47 578/10/47
f 577/9/47 578/10/47 579/9/47
f 619/27/150 632/30/151 627/30/151
f 632/30/151 619/27/150 620/27/150
f 627/30/152 632/30/152 619/27/147
f 620/27/147 619/27/147 632/30/152
f 633/30/155 630/27/148 629/30/155
f 630/27/148 633/30/155 634/27/148
f 629/30/156 630/27/149 633/30/156
f 634/27/149 633/30/156 630/27/149
f 630/27/148 623/28/147 624/28/147
f 623/28/147 630/27/148 634/27/148
f 624/28/150 623/28/150 630/27/149
f 634/27/149 630/27/149 623/28/150
f 632/30/151 629/30/155 627/30/151
f 629/30/155 632/30/151 633/30/155
f 627/30/152 629/30/156 632/30/152
f 633/30/156 632/30/152 629/30/156
f 625/29/154 634/27/154 623/28/154
f 625/29/154 633/30/154 634/27/154
f 631/29/154 633/30/154 625/29/154
f 631/29/154 632/30/154 633/30/154
f 622/28/154 632/30/154 631/29/154
f 632/30/154 622/28/154 620/27/154
f 623/28/153 634/27/153 625/29/153
f 634/27/153 633/30/153 625/29/153
f 625/29/153 633/30/153 631/29/153
f 633/30/153 632/30/153 631/29/153
f 631/29/153 632/30/153 622/28/153
f 620/27/153 622/28/153 632/30/153
f 631/29/156 621/28/149 628/29/156
f 621/28/149 631/29/156 622/28/149
f 628/29/155 621/28/148 631/29/155
f 622/28/148 631/29/155 621/28/148
f 626/29/152 631/29/156 628/29/156
f 631/29/156 626/29/152 625/29/152
f 628/29/155 631/29/155 626/29/151
f 625/29/151 626/29/151 631/29/155
f 626/29/154 630/27/154 624/28/154
f 626/29/154 629/30/154 630/27/154
f 628/29/154 629/30/154 626/29/154
f 628/29/154 627/30/154 629/30/154
f 621/28/154 627/30/154 628/29/154
f 627/30/154 621/28/154 619/27/154
f 624/28/153 630/27/153 626/29/153
f 630/27/153 629/30/153 626/29/153
f 626/29/153 629/30/153 628/29/153
f 629/30/153 627/30/153 628/29/153
f 628/29/153 627/30/153 621/28/153
f 619/27/153 621/28/153 627/30/153
f 624/28/147 625/29/152 626/29/152
f 625/29/152 624/28/147 623/28/147
f 626/29/151 625/29/151 624/28/150
f 623/28/150 624/28/150 625/29/151
f 620/27/150 621/28/149 622/28/149
f 621/28/149 620/27/150 619/27/150
f 622/28/148 621/28/148 620/27/147
f 619/27/147 620/27/147 621/28/148
f 645/34/165 635/31/160 636/31/160
f 635/31/160 645/34/165 650/34/165
f 636/31/157 635/31/157 645/34/166
f 650/34/166 645/34/166 635/31/157
f 647/34/161 645/34/165 643/34/161
f 645/34/165 647/34/161 650/34/165
f 643/34/162 645/34/166 647/34/162
f 650/34/166 647/34/162 645/34/166
f 639/33/164 635/31/164 637/32/164
f 639/33/164 650/34/164 635/31/164
f 648/33/164 650/34/164 639/33/164
f 648/33/164 647/34/164 650/34/164
f 649/32/164 647/34/164 648/33/164
f 647/34/164 649/32/164 646/31/164
f 637/32/163 635/31/163 639/33/163
f 635/31/163 650/34/163 639/33/163
f 639/33/163 650/34/163 648/33/163
f 650/34/163 647/34/163 648/33/163
f 648/33/163 647/34/163 649/32/163
f 646/31/163 649/32/163 647/34/163
f 648/33/166 642/32/157 644/33/166
f 642/32/157 648/33/166 649/32/157
f 644/33/165 642/32/160 648/33/165
f 649/32/160 648/33/165 642/32/160
f 646/31/158 642/32/157 649/32/157
f 642/32/157 646/31/158 641/31/158
f 649/32/160 642/32/160 646/31/159
f 641/31/159 646/31/159 642/32/160
f 640/33/162 648/33/166 644/33/166
f 648/33/166 640/33/162 639/33/162
f 644/33/165 648/33/165 640/33/161
f 639/33/161 640/33/161 648/33/165
f 641/31/158 647/34/161 643/34/161
f 647/34/161 641/31/158 646/31/158
f 643/34/162 647/34/162 641/31/159
f 646/31/159 641/31/159 647/34/162
f 640/33/164 636/31/164 638/32/164
f 640/33/164 645/34/164 636/31/164
f 644/33/164 645/34/164 640/33/164
f 644/33/164 643/34/164 645/34/164
f 642/32/164 643/34/164 644/33/164
f 643/34/164 642/32/164 641/31/164
f 638/32/163 636/31/163 640/33/163
f 636/31/163 645/34/163 640/33/163
f 640/33/163 645/34/163 644/33/163
f 645/34/163 643/34/163 644/33/163
f 644/33/163 643/34/163 642/32/163
f 641/31/163 642/32/163 643/34/163
f 637/32/159 640/33/162 638/32/159
f 640/33/162 637/32/159 639/33/162
f 638/32/158 640/33/161 637/32/158
f 639/33/161 637/32/158 640/33/161
f 636/31/160 637/32/159 638/32/159
f 637/32/159 636/31/160 635/31/160
f 638/32/158 637/32/158 636/31/157
f 635/31/157 636/31/157 637/32/158
f 655/37/166 663/36/157 657/37/166
f 663/36/157 655/37/166 664/36/157
f 657/37/165 663/36/160 655/37/165
f 664/36/160 655/37/165 663/36/160
f 666/38/161 660/38/165 665/38/161
f 660/38/165 666/38/161 659/38/165
f 665/38/162 660/38/166 666/38/162
f 659/38/166 666/38/162 660/38/166
f 662/35/158 665/38/161 661/35/158
f 665/38/161 662/35/158 666/38/161
f 661/35/159 665/38/162 662/35/159
f 666/38/162 662/35/159 665/38/162
f 656/37/164 651/35/164 653/36/164
f 656/37/164 659/38/164 651/35/164
f 655/37/164 659/38/164 656/37/164
f 655/37/164 666/38/164 659/38/164
f 664/36/164 666/38/164 655/37/164
f 666/38/164 664/36/164 662/35/164
f 653/36/163 651/35/163 656/37/163
f 651/35/163 659/38/163 656/37/163
f 656/37/163 659/38/163 655/37/163
f 659/38/163 666/38/163 655/37/163
f 655/37/163 666/38/163 664/36/163
f 662/35/163 664/36/163 666/38/163
f 658/37/164 652/35/164 654/36/164
f 658/37/164 660/38/164 652/35/164
f 657/37/164 660/38/164 658/37/164
f 657/37/164 665/38/164 660/38/164
f 663/36/164 665/38/164 657/37/164
f 665/38/164 663/36/164 661/35/164
f 654/36/163 652/35/163 658/37/163
f 652/35/163 660/38/163 658/37/163
f 658/37/163 660/38/163 657/37/163
f 660/38/163 665/38/163 657/37/163
f 657/37/163 665/38/163 663/36/163
f 661/35/163 663/36/163 665/38/163
f 662/35/158 663/36/157 664/36/157
f 663/36/157 662/35/158 661/35/158
f 664/36/160 663/36/160 662/35/159
f 661/35/159 662/35/159 663/36/160
f 653/36/159 658/37/162 654/36/159
f 658/37/162 653/36/159 656/37/162
f 654/36/158 658/37/161 653/36/158
f 656/37/161 653/36/158 658/37/161
f 660/38/165 651/35/160 652/35/160
f 651/35/160 660/38/165 659/38/165
f 652/35/157 651/35/157 660/38/166
f 659/38/166 660/38/166 651/35/157
f 656/37/162 657/37/166 658/37/162
f 657/37/166 656/37/162 655/37/166
f 658/37/161 657/37/165 656/37/161
f 655/37/165 656/37/161 657/37/165
f 652/35/160 653/36/159 654/36/159
f 653/36/159 652/35/160 651/35/160
f 654/36/158 653/36/158 652/35/157
f 651/35/157 652/35/157 653/36/158
f 670/42/166 676/40/157 678/42/166
f 676/40/157 670/42/166 668/40/157
f 678/42/165 676/40/160 670/42/165
f 668/40/160 670/42/165 676/40/160
f 681/39/160 674/40/159 682/40/159
f 674/40/159 681/39/160 673/39/160
f 682/40/158 674/40/158 681/39/157
f 673/39/157 681/39/157 674/40/158
f 667/39/158 676/40/157 668/40/157
f 676/40/157 667/39/158 675/39/158
f 668/40/160 676/40/160 667/39/159
f 675/39/159 667/39/159 676/40/160
f 669/41/161 679/41/165 677/41/161
f 679/41/165 669/41/161 671/41/165
f 677/41/162 679/41/166 669/41/162
f 671/41/166 669/41/162 679/41/166
f 674/40/159 680/42/162 682/40/159
f 680/42/162 674/40/159 672/42/162
f 682/40/158 680/42/161 674/40/158
f 672/42/161 674/40/158 680/42/161
f 679/41/165 673/39/160 681/39/160
f 673/39/160 679/41/165 671/41/165
f 681/39/157 673/39/157 679/41/166
f 671/41/166 679/41/166 673/39/157
f 672/42/162 678/42/166 680/42/162
f 678/42/166 672/42/162 670/42/166
f 680/42/161 678/42/165 672/42/161
f 670/42/165 672/42/161 678/42/165
f 667/39/158 677/41/161 675/39/158
f 677/41/161 667/39/158 669/41/161
f 675/39/159 677/41/162 667/39/159
f 669/41/162 667/39/159 677/41/162
f 680/42/164 681/39/164 682/40/164
f 680/42/164 679/41/164 681/39/164
f 678/42/164 679/41/164 680/42/164
f 678/42/164 677/41/164 679/41/164
f 676/40/164 677/41/164 678/42/164
f 677/41/164 676/40/164 675/39/164
f 682/40/163 681/39/163 680/42/163
f 681/39/163 679/41/163 680/42/163
f 680/42/163 679/41/163 678/42/163
f 679/41/163 677/41/163 678/42/163
f 678/42/163 677/41/163 676/40/163
f 675/39/163 676/40/163 677/41/163
f 672/42/164 673/39/164 674/40/164
f 672/42/164 671/41/164 673/39/164
f 670/42/164 671/41/164 672/42/164
f 670/42/164 669/41/164 671/41/164
f 668/40/164 669/41/164 670/42/164
f 669/41/164 668/40/164 667/39/164
f 674/40/163 673/39/163 672/42/163
f 673/39/163 671/41/163 672/42/163
f 672/42/163 671/41/163 670/42/163
f 671/41/163 669/41/163 670/42/163
f 670/42/163 669/41/163 668/40/163
f 667/39/163 668/40/163 669/41/163
f 685/75/1 684/75/1 683/75/1
f 684/75/1 685/75/1 686/75/1
f 683/75/2 684/75/2 685/75/2
f 686/75/2 685/75/2 684/75/2
f 688/75/1 683/75/1 687/75/1
f 683/75/1 688/75/1 685/75/1
f 687/75/2 683/75/2 688/75/2
f 685/75/2 688/75/2 683/75/2
f 691/75/169 690/76/168 689/75/167
f 690/76/168 691/75/169 692/76/170
f 689/75/173 690/76/172 691/75/171
f 692/76/174 691/75/171 690/76/172
f 694/76/176 691/75/169 693/75/175
f 691/75/169 694/76/176 692/76/170
f 693/75/178 691/75/171 694/76/177
f 692/76/174 694/76/177 691/75/171
f 697/77/181 696/75/180 695/75/179
f 696/75/180 697/77/181 698/77/182
f 695/75/185 696/75/184 697/77/183
f 698/77/186 697/77/183 696/75/184
f 696/75/180 700/77/188 699/75/187
f 700/77/188 696/75/180 698/77/182
f 699/75/190 700/77/189 696/75/184
f 698/77/186 696/75/184 700/77/189
f 703/75/193 702/77/192 701/75/191
f 702/77/192 703/75/193 704/77/194
f 701/75/197 702/77/196 703/75/195
f 704/77/198 703/75/195 702/77/196
f 702/77/192 706/77/200 705/77/199
f 706/77/200 702/77/192 704/77/194
f 705/77/202 706/77/201 702/77/196
f 704/77/198 702/77/196 706/77/201
f 706/77/200 703/75/193 707/75/203
f 703/75/193 706/77/200 704/77/194
f 707/75/204 703/75/195 706/77/201
f 704/77/198 706/77/201 703/75/195
f 702/77/192 708/75/205 701/75/191
f 708/75/205 702/77/192 705/77/199
f 701/75/197 708/75/206 702/77/196
f 705/77/202 702/77/196 708/75/206
f 705/77/199 707/75/203 708/75/205
f 707/75/203 705/77/199 706/77/200
f 708/75/206 707/75/204 705/77/202
f 706/77/201 705/77/202 707/75/204
f 710/77/208 695/75/179 709/75/207
f 695/75/179 710/77/208 697/77/181
f 709/75/210 695/75/185 710/77/209
f 697/77/183 710/77/209 695/75/185
f 690/76/168 711/75/211 689/75/167
f 711/75/211 690/76/168 712/76/212
f 689/75/173 711/75/213 690/76/172
f 712/76/214 690/76/172 711/75/213
f 700/77/188 709/75/207 699/75/187
f 709/75/207 700/77/188 710/77/208
f 699/75/190 709/75/210 700/77/189
f 710/77/209 700/77/189 709/75/210
f 700/77/188 697/77/181 710/77/208
f 697/77/181 700/77/188 698/77/182
f 710/77/209 697/77/183 700/77/189
f 698/77/186 700/77/189 697/77/183
f 715/76/217 714/76/216 713/76/215
f 714/76/216 715/76/217 716/76/218
f 713/76/221 714/76/220 715/76/219
f 716/76/222 715/76/219 714/76/220
f 712/76/212 692/76/170 694/76/176
f 692/76/170 712/76/212 690/76/168
f 694/76/177 692/76/174 712/76/214
f 690/76/172 712/76/214 692/76/174
f 717/75/223 716/76/218 715/76/217
f 716/76/218 717/75/223 718/75/224
f 715/76/219 716/76/222 717/75/225
f 718/75/226 717/75/225 716/76/222
f 721/75/229 720/76/228 719/75/227
f 720/76/228 721/75/229 722/76/230
f 719/75/233 720/76/232 721/75/231
f 722/76/234 721/75/231 720/76/232
f 717/75/223 713/76/215 723/75/235
f 713/76/215 717/75/223 715/76/217
f 723/75/236 713/76/221 717/75/225
f 715/76/219 717/75/225 713/76/221
f 716/76/218 724/75/237 714/76/216
f 724/75/237 716/76/218 718/75/224
f 714/76/220 724/75/238 716/76/222
f 718/75/226 716/76/222 724/75/238
f 727/76/241 726/75/240 725/75/239
f 726/75/240 727/76/241 728/76/242
f 725/75/245 726/75/244 727/76/243
f 728/76/246 727/76/243 726/75/244
f 713/76/215 724/75/237 723/75/235
f 724/75/237 713/76/215 714/76/216
f 723/75/236 724/75/238 713/76/221
f 714/76/220 713/76/221 724/75/238
f 719/75/227 727/76/241 725/75/239
f 727/76/241 719/75/227 720/76/228
f 725/75/245 727/76/243 719/75/233
f 720/76/232 719/75/233 727/76/243
f 722/76/230 726/75/240 728/76/242
f 726/75/240 722/76/230 721/75/229
f 728/76/246 726/75/244 722/76/234
f 721/75/231 722/76/234 726/75/244
f 720/76/228 728/76/242 727/76/241
f 728/76/242 720/76/228 722/76/230
f 727/76/243 728/76/246 720/76/232
f 722/76/234 720/76/232 728/76/246
f 712/76/212 693/75/175 711/75/211
f 693/75/175 712/76/212 694/76/176
f 711/75/213 693/75/178 712/76/214
f 694/76/177 712/76/214 693/75/178
f 731/75/169 730/76/168 729/75/167
f 730/76/168 731/75/169 732/76/170
f 729/75/173 730/76/172 731/75/171
f 732/76/174 731/75/171 730/76/172
f 734/76/176 731/75/169 733/75/175
f 731/75/169 734/76/176 732/76/170
f 733/75/178 731/75/171 734/76/177
f 732/76/174 734/76/177 731/75/171
f 737/77/181 736/75/180 735/75/179
f 736/75/180 737/77/181 738/77/182
f 735/75/185 736/75/184 737/77/183
f 738/77/186 737/77/183 736/75/184
f 736/75/180 740/77/188 739/75/187
f 740/77/188 736/75/180 738/77/182
f 739/75/190 740/77/189 736/75/184
f 738/77/186 736/75/184 740/77/189
f 743/75/193 742/77/192 741/75/191
f 742/77/192 743/75/193 744/77/194
f 741/75/197 742/77/196 743/75/195
f 744/77/198 743/75/195 742/77/196
f 742/77/192 746/77/200 745/77/199
f 746/77/200 742/77/192 744/77/194
f 745/77/202 746/77/201 742/77/196
f 744/77/198 742/77/196 746/77/201
f 746/77/200 743/75/193 747/75/203
f 743/75/193 746/77/200 744/77/194
f 747/75/204 743/75/195 746/77/201
f 744/77/198 746/77/201 743/75/195
f 742/77/192 748/75/205 741/75/191
f 748/75/205 742/77/192 745/77/199
f 741/75/197 748/75/206 742/77/196
f 745/77/202 742/77/196 748/75/206
f 745/77/199 747/75/203 748/75/205
f 747/75/203 745/77/199 746/77/200
f 748/75/206 747/75/204 745/77/202
f 746/77/201 745/77/202 747/75/204
f 750/77/208 735/75/179 749/75/207
f 735/75/179 750/77/208 737/77/181
f 749/75/210 735/75/185 750/77/209
f 737/77/183 750/77/209 735/75/185
f 730/76/168 751/75/211 729/75/167
f 751/75/211 730/76/168 752/76/212
f 729/75/173 751/75/213 730/76/172
f 752/76/214 730/76/172 751/75/213
f 740/77/188 749/75/207 739/75/187
f 749/75/207 740/77/188 750/77/208
f 739/75/190 749/75/210 740/77/189
f 750/77/209 740/77/189 749/75/210
f 740/77/188 737/77/181 750/77/208
f 737/77/181 740/77/188 738/77/182
f 750/77/209 737/77/183 740/77/189
f 738/77/186 740/77/189 737/77/183
f 755/76/217 754/76/216 753/76/215
f 754/76/216 755/76/217 756/76/218
f 753/76/221 754/76/220 755/76/219
f 756/76/222 755/76/219 754/76/220
f 752/76/212 732/76/170 734/76/176
f 732/76/170 752/76/212 730/76/168
f 734/76/177 732/76/174 752/76/214
f 730/76/172 752/76/214 732/76/174
f 757/75/223 756/76/218 755/76/217
f 756/76/218 757/75/223 758/75/224
f 755/76/219 756/76/222 757/75/225
f 758/75/226 757/75/225 756/76/222
f 761/75/229 760/76/228 759/75/227
f 760/76/228 761/75/229 762/76/230
f 759/75/233 760/76/232 761/75/231
f 762/76/234 761/75/231 760/76/232
f 757/75/223 753/76/215 763/75/235
f 753/76/215 757/75/223 755/76/217
f 763/75/236 753/76/221 757/75/225
f 755/76/219 757/75/225 753/76/221
f 756/76/218 764/75/237 754/76/216
f 764/75/237 756/76/218 758/75/224
f 754/76/220 764/75/238 756/76/222
f 758/75/226 756/76/222 764/75/238
f 767/76/241 766/75/240 765/75/239
f 766/75/240 767/76/241 768/76/242
f 765/75/245 766/75/244 767/76/243
f 768/76/246 767/76/243 766/75/244
f 753/76/215 764/75/237 763/75/235
f 764/75/237 753/76/215 754/76/216
f 763/75/236 764/75/238 753/76/221
f 754/76/220 753/76/221 764/75/238
f 759/75/227 767/76/241 765/75/239
f 767/76/241 759/75/227 760/76/228
f 765/75/245 767/76/243 759/75/233
f 760/76/232 759/75/233 767/76/243
f 762/76/230 766/75/240 768/76/242
f 766/75/240 762/76/230 761/75/229
f 768/76/246 766/75/244 762/76/234
f 761/75/231 762/76/234 766/75/244
f 760/76/228 768/76/242 767/76/241
f 768/76/242 760/76/228 762/76/230
f 767/76/243 768/76/246 760/76/232
f 762/76/234 760/76/232 768/76/246
f 752/76/212 733/75/175 751/75/211
f 733/75/175 752/76/212 734/76/176
f 751/75/213 733/75/178 752/76/214
f 734/76/177 752/76/214 733/75/178
f 771/75/249 770/76/248 769/75/247
f 770/76/248 771/75/249 772/76/250
f 769/75/253 770/76/252 771/75/251
f 772/76/254 771/75/251 770/76/252
f 774/76/256 771/75/249 773/75/255
f 771/75/249 774/76/256 772/76/250
f 773/75/258 771/75/251 774/76/257
f 772/76/254 774/76/257 771/75/251
f 777/77/261 776/75/260 775/75/259
f 776/75/260 777/77/261 778/77/262
f 775/75/265 776/75/264 777/77/263
f 778/77/266 777/77/263 776/75/264
f 776/75/260 780/77/268 779/75/267
f 780/77/268 776/75/260 778/77/262
f 779/75/270 780/77/269 776/75/264
f 778/77/266 776/75/264 780/77/269
f 783/75/273 782/77/272 781/75/271
f 782/77/272 783/75/273 784/77/274
f 781/75/277 782/77/276 783/75/275
f 784/77/278 783/75/275 782/77/276
f 782/77/272 786/77/280 785/77/279
f 786/77/280 782/77/272 784/77/274
f 785/77/282 786/77/281 782/77/276
f 784/77/278 782/77/276 786/77/281
f 786/77/280 783/75/273 787/75/283
f 783/75/273 786/77/280 784/77/274
f 787/75/284 783/75/275 786/77/281
f 784/77/278 786/77/281 783/75/275
f 782/77/272 788/75/285 781/75/271
f 788/75/285 782/77/272 785/77/279
f 781/75/277 788/75/286 782/77/276
f 785/77/282 782/77/276 788/75/286
f 785/77/279 787/75/283 788/75/285
f 787/75/283 785/77/279 786/77/280
f 788/75/286 787/75/284 785/77/282
f 786/77/281 785/77/282 787/75/284
f 790/77/288 775/75/259 789/75/287
f 775/75/259 790/77/288 777/77/261
f 789/75/290 775/75/265 790/77/289
f 777/77/263 790/77/289 775/75/265
f 770/76/248 791/75/291 769/75/247
f 791/75/291 770/76/248 792/76/292
f 769/75/253 791/75/293 770/76/252
f 792/76/294 770/76/252 791/75/293
f 780/77/268 789/75/287 779/75/267
f 789/75/287 780/77/268 790/77/288
f 779/75/270 789/75/290 780/77/269
f 790/77/289 780/77/269 789/75/290
f 780/77/268 777/77/261 790/77/288
f 777/77/261 780/77/268 778/77/262
f 790/77/289 777/77/263 780/77/269
f 778/77/266 780/77/269 777/77/263
f 795/76/297 794/76/296 793/76/295
f 794/76/296 795/76/297 796/76/298
f 793/76/301 794/76/300 795/76/299
f 796/76/302 795/76/299 794/76/300
f 792/76/292 772/76/250 774/76/256
f 772/76/250 792/76/292 770/76/248
f 774/76/257 772/76/254 792/76/294
f 770/76/252 792/76/294 772/76/254
f 797/75/303 796/76/298 795/76/297
f 796/76/298 797/75/303 798/75/304
f 795/76/299 796/76/302 797/75/305
f 798/75/306 797/75/305 796/76/302
f 801/75/309 800/76/308 799/75/307
f 800/76/308 801/75/309 802/76/310
f 799/75/313 800/76/312 801/75/311
f 802/76/314 801/75/311 800/76/312
f 797/75/303 793/76/295 803/75/315
f 793/76/295 797/75/303 795/76/297
f 803/75/316 793/76/301 797/75/305
f 795/76/299 797/75/305 793/76/301
f 796/76/298 804/75/317 794/76/296
f 804/75/317 796/76/298 798/75/304
f 794/76/300 804/75/318 796/76/302
f 798/75/306 796/76/302 804/75/318
f 807/76/321 806/75/320 805/75/319
f 806/75/320 807/76/321 808/76/322
f 805/75/325 806/75/324 807/76/323
f 808/76/326 807/76/323 806/75/324
f 793/76/295 804/75/317 803/75/315
f 804/75/317 793/76/295 794/76/296
f 803/75/316 804/75/318 793/76/301
f 794/76/300 793/76/301 804/75/318
f 799/75/307 807/76/321 805/75/319
f 807/76/321 799/75/307 800/76/308
f 805/75/325 807/76/323 799/75/313
f 800/76/312 799/75/313 807/76/323
f 802/76/310 806/75/320 808/76/322
f 806/75/320 802/76/310 801/75/309
f 808/76/326 806/75/324 802/76/314
f 801/75/311 802/76/314 806/75/324
f 800/76/308 808/76/322 807/76/321
f 808/76/322 800/76/308 802/76/310
f 807/76/323 808/76/326 800/76/312
f 802/76/314 800/76/312 808/76/326
f 792/76/292 773/75/255 791/75/291
f 773/75/255 792/76/292 774/76/256
f 791/75/293 773/75/258 792/76/294
f 774/76/257 792/76/294 773/75/258
f 811/75/249 810/76/248 809/75/247
f 810/76/248 811/75/249 812/76/250
f 809/75/253 810/76/252 811/75/251
f 812/76/254 811/75/251 810/76/252
f 814/76/256 811/75/249 813/75/255
f 811/75/249 814/76/256 812/76/250
f 813/75/258 811/75/251 814/76/257
f 812/76/254 814/76/257 811/75/251
f 817/77/261 816/75/260 815/75/259
f 816/75/260 817/77/261 818/77/262
f 815/75/265 816/75/264 817/77/263
f 818/77/266 817/77/263 816/75/264
f 816/75/260 820/77/268 819/75/267
f 820/77/268 816/75/260 818/77/262
f 819/75/270 820/77/269 816/75/264
f 818/77/266 816/75/264 820/77/269
f 823/75/273 822/77/272 821/75/271
f 822/77/272 823/75/273 824/77/274
f 821/75/277 822/77/276 823/75/275
f 824/77/278 823/75/275 822/77/276
f 822/77/272 826/77/280 825/77/279
f 826/77/280 822/77/272 824/77/274
f 825/77/282 826/77/281 822/77/276
f 824/77/278 822/77/276 826/77/281
f 826/77/280 823/75/273 827/75/283
f 823/75/273 826/77/280 824/77/274
f 827/75/284 823/75/275 826/77/281
f 824/77/278 826/77/281 823/75/275
f 822/77/272 828/75/285 821/75/271
f 828/75/285 822/77/272 825/77/279
f 821/75/277 828/75/286 822/77/276
f 825/77/282 822/77/276 828/75/286
f 825/77/279 827/75/283 828/75/285
f 827/75/283 825/77/279 826/77/280
f 828/75/286 827/75/284 825/77/282
f 826/77/281 825/77/282 827/75/284
f 830/77/288 815/75/259 829/75/287
f 815/75/259 830/77/288 817/77/261
f 829/75/290 815/75/265 830/77/289
f 817/77/263 830/77/289 815/75/265
f 810/76/248 831/75/291 809/75/247
f 831/75/291 810/76/248 832/76/292
f 809/75/253 831/75/293 810/76/252
f 832/76/294 810/76/252 831/75/293
f 820/77/268 829/75/287 819/75/267
f 829/75/287 820/77/268 830/77/288
f 819/75/270 829/75/290 820/77/269
f 830/77/289 820/77/269 829/75/290
f 820/77/268 817/77/261 830/77/288
f 817/77/261 820/77/268 818/77/262
f 830/77/289 817/77/263 820/77/269
f 818/77/266 820/77/269 817/77/263
f 835/76/297 834/76/296 833/76/295
f 834/76/296 835/76/297 836/76/298
f 833/76/301 834/76/300 835/76/299
f 836/76/302 835/76/299 834/76/300
f 832/76/292 812/76/250 814/76/256
f 812/76/250 832/76/292 810/76/248
f 814/76/257 812/76/254 832/76/294
f 810/76/252 832/76/294 812/76/254
f 837/75/303 836/76/298 835/76/297
f 836/76/298 837/75/303 838/75/304
f 835/76/299 836/76/302 837/75/305
f 838/75/306 837/75/305 836/76/302
f 841/75/309 840/76/308 839/75/307
f 840/76/308 841/75/309 842/76/310
f 839/75/313 840/76/312 841/75/311
f 842/76/314 841/75/311 840/76/312
f 837/75/303 833/76/295 843/75/315
f 833/76/295 837/75/303 835/76/297
f 843/75/316 833/76/301 837/75/305
f 835/76/299 837/75/305 833/76/301
f 836/76/298 844/75/317 834/76/296
f 844/75/317 836/76/298 838/75/304
f 834/76/300 844/75/318 836/76/302
f 838/75/306 836/76/302 844/75/318
f 847/76/321 846/75/320 845/75/319
f 846/75/320 847/76/321 848/76/322
f 845/75/325 846/75/324 847/76/323
f 848/76/326 847/76/323 846/75/324
f 833/76/295 844/75/317 843/75/315
f 844/75/317 833/76/295 834/76/296
f 843/75/316 844/75/318 833/76/301
f 834/76/300 833/76/301 844/75/318
f 839/75/307 847/76/321 845/75/319
f 847/76/321 839/75/307 840/76/308
f 845/75/325 847/76/323 839/75/313
f 840/76/312 839/75/313 847/76/323
f 842/76/310 846/75/320 848/76/322
f 846/75/320 842/76/310 841/75/309
f 848/76/326 846/75/324 842/76/314
f 841/75/311 842/76/314 846/75/324
f 840/76/308 848/76/322 847/76/321
f 848/76/322 840/76/308 842/76/310
f 847/76/323 848/76/326 840/76/312
f 842/76/314 840/76/312 848/76/326
f 832/76/292 813/75/255 831/75/291
f 813/75/255 832/76/292 814/76/256
f 831/75/293 813/75/258 832/76/294
f 814/76/257 832/76/294 813/75/258
f 851/79/55 850/78/50 849/78/55
f 850/78/50 851/79/55 852/79/50
f 849/78/56 850/78/52 851/79/56
f 852/79/52 851/79/56 850/78/52
f 855/79/1 854/79/1 853/79/1
f 854/79/1 855/79/1 852/79/1
f 854/79/1 852/79/1 851/79/1
f 853/79/2 854/79/2 855/79/2
f 852/79/2 855/79/2 854/79/2
f 851/79/2 852/79/2 854/79/2
f 853/79/52 856/78/52 195/78/52
f 856/78/52 853/79/52 854/79/52
f 195/78/50 856/78/50 853/79/50
f 854/79/50 853/79/50 856/78/50
f 852/79/50 857/78/57 850/78/50
f 857/78/57 852/79/50 855/79/57
f 850/78/52 857/78/58 852/79/52
f 855/79/58 852/79/52 857/78/58
f 853/79/47 857/78/47 855/79/47
f 857/78/47 853/79/47 195/78/47
f 855/79/48 857/78/48 853/79/48
f 195/78/48 853/79/48 857/78/48
f 856/78/48 851/79/48 849/78/48
f 851/79/48 856/78/48 854/79/48
f 849/78/47 851/79/47 856/78/47
f 854/79/47 856/78/47 851/79/47
f 860/79/55 859/78/50 858/78/55
f 859/78/50 860/79/55 861/79/50
f 858/78/56 859/78/52 860/79/56
f 861/79/52 860/79/56 859/78/52
f 864/79/1 863/79/1 862/79/1
f 863/79/1 864/79/1 861/79/1
f 863/79/1 861/79/1 860/79/1
f 862/79/2 863/79/2 864/79/2
f 861/79/2 864/79/2 863/79/2
f 860/79/2 861/79/2 863/79/2
f 862/79/52 865/78/52 263/78/52
f 865/78/52 862/79/52 863/79/52
f 263/78/50 865/78/50 862/79/50
f 863/79/50 862/79/50 865/78/50
f 861/79/50 866/78/57 859/78/50
f 866/78/57 861/79/50 864/79/57
f 859/78/52 866/78/58 861/79/52
f 864/79/58 861/79/52 866/78/58
f 862/79/47 866/78/47 864/79/47
f 866/78/47 862/79/47 263/78/47
f 864/79/48 866/78/48 862/79/48
f 263/78/48 862/79/48 866/78/48
f 865/78/48 860/79/48 858/78/48
f 860/79/48 865/78/48 863/79/48
f 858/78/47 860/79/47 865/78/47
f 863/79/47 865/78/47 860/79/47
f 869/79/75 868/78/22 867/78/75
f 868/78/22 869/79/75 870/79/22
f 867/78/76 868/78/21 869/79/76
f 870/79/21 869/79/76 868/78/21
f 873/79/1 872/79/1 871/79/1
f 872/79/1 873/79/1 870/79/1
f 872/79/1 870/79/1 869/79/1
f 871/79/2 872/79/2 873/79/2
f 870/79/2 873/79/2 872/79/2
f 869/79/2 870/79/2 872/79/2
f 871/79/21 874/78/21 331/78/21
f 874/78/21 871/79/21 872/79/21
f 331/78/22 874/78/22 871/79/22
f 872/79/22 871/79/22 874/78/22
f 870/79/22 875/78/77 868/78/22
f 875/78/77 870/79/22 873/79/77
f 868/78/21 875/78/78 870/79/21
f 873/79/78 870/79/21 875/78/78
f 871/79/20 875/78/20 873/79/20
f 875/78/20 871/79/20 331/78/20
f 873/79/19 875/78/19 871/79/19
f 331/78/19 871/79/19 875/78/19
f 874/78/19 869/79/19 867/78/19
f 869/79/19 874/78/19 872/79/19
f 867/78/20 869/79/20 874/78/20
f 872/79/20 874/78/20 869/79/20
f 878/79/75 877/78/22 876/78/75
f 877/78/22 878/79/75 879/79/22
f 876/78/76 877/78/21 878/79/76
f 879/79/21 878/79/76 877/78/21
f 882/79/1 881/79/1 880/79/1
f 881/79/1 882/79/1 879/79/1
f 881/79/1 879/79/1 878/79/1
f 880/79/2 881/79/2 882/79/2
f 879/79/2 882/79/2 881/79/2
f 878/79/2 879/79/2 881/79/2
f 880/79/21 883/78/21 399/78/21
f 883/78/21 880/79/21 881/79/21
f 399/78/22 883/78/22 880/79/22
f 881/79/22 880/79/22 883/78/22
f 879/79/22 884/78/77 877/78/22
f 884/78/77 879/79/22 882/79/77
f 877/78/21 884/78/78 879/79/21
f 882/79/78 879/79/21 884/78/78
f 880/79/20 884/78/20 882/79/20
f 884/78/20 880/79/20 399/78/20
f 882/79/19 884/78/19 880/79/19
f 399/78/19 880/79/19 884/78/19
f 883/78/19 878/79/19 876/78/19
f 878/79/19 883/78/19 881/79/19
f 876/78/20 878/79/20 883/78/20
f 881/79/20 883/78/20 878/79/20

g stairs




usemtl colormap

f 3/1/1 2/1/1 1/1/1
f 2/1/1 3/1/1 4/1/1
f 2/1/1 4/1/1 5/1/1
f 1/1/2 2/1/2 3/1/2
f 4/1/2 3/1/2 2/1/2
f 5/1/2 4/1/2 2/1/2
f 8/2/1 7/2/1 6/2/1
f 7/2/1 8/2/1 9/2/1
f 7/2/1 9/2/1 10/2/1
f 10/2/1 9/2/1 11/2/1
f 6/2/2 7/2/2 8/2/2
f 9/2/2 8/2/2 7/2/2
f 10/2/2 9/2/2 7/2/2
f 11/2/2 9/2/2 10/2/2
f 14/4/3 13/3/4 12/3/3
f 13/3/4 14/4/3 15/4/4
f 12/3/5 13/3/6 14/4/5
f 15/4/6 14/4/5 13/3/6
f 17/4/7 12/3/3 16/3/7
f 12/3/3 17/4/7 14/4/3
f 16/3/8 12/3/5 17/4/8
f 14/4/5 17/4/8 12/3/5
f 20/5/4 19/4/9 18/4/4
f 19/4/9 20/5/4 21/5/9
f 18/4/6 19/4/10 20/5/6
f 21/5/10 20/5/6 19/4/10
f 21/5/9 22/4/3 19/4/9
f 22/4/3 21/5/9 23/5/3
f 19/4/10 22/4/5 21/5/10
f 23/5/5 21/5/10 22/4/5
f 26/6/7 25/5/3 24/5/7
f 25/5/3 26/6/7 27/6/3
f 24/5/8 25/5/5 26/6/8
f 27/6/5 26/6/8 25/5/5
f 27/6/3 28/5/4 25/5/3
f 28/5/4 27/6/3 29/6/4
f 25/5/5 28/5/6 27/6/5
f 29/6/6 27/6/5 28/5/6
f 32/7/9 31/6/3 30/6/9
f 31/6/3 32/7/9 33/7/3
f 30/6/10 31/6/5 32/7/10
f 33/7/5 32/7/10 31/6/5
f 35/7/4 30/6/9 34/6/4
f 30/6/9 35/7/4 32/7/9
f 34/6/6 30/6/10 35/7/6
f 32/7/10 35/7/6 30/6/10
f 38/8/7 37/7/3 36/7/7
f 37/7/3 38/8/7 39/8/3
f 36/7/8 37/7/5 38/8/8
f 39/8/5 38/8/8 37/7/5
f 39/8/3 40/7/4 37/7/3
f 40/7/4 39/8/3 41/8/4
f 37/7/5 40/7/6 39/8/5
f 41/8/6 39/8/5 40/7/6
f 9/2/9 43/8/3 42/8/9
f 43/8/3 9/2/9 8/2/3
f 42/8/10 43/8/5 9/2/10
f 8/2/5 9/2/10 43/8/5
f 11/2/4 42/8/9 44/8/4
f 42/8/9 11/2/4 9/2/9
f 44/8/6 42/8/10 11/2/6
f 9/2/10 11/2/6 42/8/10
f 4/1/3 6/2/4 7/2/3
f 6/2/4 4/1/3 3/1/4
f 7/2/5 6/2/6 4/1/5
f 3/1/6 4/1/5 6/2/6
f 5/1/7 7/2/3 10/2/7
f 7/2/3 5/1/7 4/1/3
f 10/2/8 7/2/5 5/1/8
f 4/1/5 5/1/8 7/2/5
f 39/8/1 43/8/1 41/8/1
f 43/8/1 39/8/1 42/8/1
f 42/8/1 39/8/1 38/8/1
f 42/8/1 38/8/1 44/8/1
f 41/8/2 43/8/2 39/8/2
f 42/8/2 39/8/2 43/8/2
f 38/8/2 39/8/2 42/8/2
f 44/8/2 38/8/2 42/8/2
f 32/7/1 40/7/1 33/7/1
f 40/7/1 32/7/1 37/7/1
f 37/7/1 32/7/1 35/7/1
f 37/7/1 35/7/1 36/7/1
f 33/7/2 40/7/2 32/7/2
f 37/7/2 32/7/2 40/7/2
f 35/7/2 32/7/2 37/7/2
f 36/7/2 35/7/2 37/7/2
f 29/6/1 30/6/1 31/6/1
f 30/6/1 29/6/1 27/6/1
f 30/6/1 27/6/1 34/6/1
f 34/6/1 27/6/1 26/6/1
f 31/6/2 30/6/2 29/6/2
f 27/6/2 29/6/2 30/6/2
f 34/6/2 27/6/2 30/6/2
f 26/6/2 27/6/2 34/6/2
f 23/5/1 25/5/1 28/5/1
f 25/5/1 23/5/1 21/5/1
f 25/5/1 21/5/1 24/5/1
f 24/5/1 21/5/1 20/5/1
f 28/5/2 25/5/2 23/5/2
f 21/5/2 23/5/2 25/5/2
f 24/5/2 21/5/2 25/5/2
f 20/5/2 21/5/2 24/5/2
f 15/4/1 19/4/1 22/4/1
f 19/4/1 15/4/1 14/4/1
f 19/4/1 14/4/1 18/4/1
f 18/4/1 14/4/1 17/4/1
f 22/4/2 19/4/2 15/4/2
f 14/4/2 15/4/2 19/4/2
f 18/4/2 14/4/2 19/4/2
f 17/4/2 14/4/2 18/4/2
f 1/1/5 46/3/5 45/3/5
f 46/3/5 1/1/5 2/1/5
f 45/3/3 46/3/3 1/1/3
f 2/1/3 1/1/3 46/3/3
f 49/1/11 48/3/3 47/3/11
f 48/3/3 49/1/11 50/1/3
f 47/3/12 48/3/5 49/1/12
f 50/1/5 49/1/12 48/3/5
f 53/1/12 52/3/5 51/3/12
f 52/3/5 53/1/12 54/1/5
f 51/3/11 52/3/3 53/1/11
f 54/1/3 53/1/11 52/3/3
f 50/1/3 55/3/13 48/3/3
f 55/3/13 50/1/3 56/1/13
f 48/3/5 55/3/14 50/1/5
f 56/1/14 50/1/5 55/3/14
f 59/1/16 58/3/15 57/1/15
f 58/3/15 59/1/16 60/3/16
f 57/1/18 58/3/18 59/1/17
f 60/3/17 59/1/17 58/3/18
f 63/3/18 62/1/17 61/3/17
f 62/1/17 63/3/18 64/1/18
f 61/3/16 62/1/16 63/3/15
f 64/1/15 63/3/15 62/1/16
f 54/1/5 65/3/14 52/3/5
f 65/3/14 54/1/5 66/1/14
f 52/3/3 65/3/13 54/1/3
f 66/1/13 54/1/3 65/3/13
f 53/1/12 60/3/16 59/1/16
f 60/3/16 53/1/12 51/3/12
f 59/1/17 60/3/17 53/1/11
f 51/3/11 53/1/11 60/3/17
f 65/3/14 64/1/18 63/3/18
f 64/1/18 65/3/14 66/1/14
f 63/3/15 64/1/15 65/3/13
f 66/1/13 65/3/13 64/1/15
f 57/1/15 55/3/13 56/1/13
f 55/3/13 57/1/15 58/3/15
f 56/1/14 55/3/14 57/1/18
f 58/3/18 57/1/18 55/3/14
f 61/3/17 49/1/11 47/3/11
f 49/1/11 61/3/17 62/1/17
f 47/3/12 49/1/12 61/3/16
f 62/1/16 61/3/16 49/1/12
f 51/3/2 58/3/2 60/3/2
f 58/3/2 51/3/2 55/3/2
f 55/3/2 51/3/2 52/3/2
f 55/3/2 52/3/2 48/3/2
f 48/3/2 52/3/2 65/3/2
f 48/3/2 65/3/2 47/3/2
f 47/3/2 65/3/2 63/3/2
f 47/3/2 63/3/2 61/3/2
f 60/3/1 58/3/1 51/3/1
f 55/3/1 51/3/1 58/3/1
f 52/3/1 51/3/1 55/3/1
f 48/3/1 52/3/1 55/3/1
f 65/3/1 52/3/1 48/3/1
f 47/3/1 65/3/1 48/3/1
f 63/3/1 65/3/1 47/3/1
f 61/3/1 63/3/1 47/3/1
f 56/1/1 59/1/1 57/1/1
f 59/1/1 56/1/1 53/1/1
f 53/1/1 56/1/1 50/1/1
f 53/1/1 50/1/1 54/1/1
f 54/1/1 50/1/1 49/1/1
f 54/1/1 49/1/1 66/1/1
f 66/1/1 49/1/1 62/1/1
f 66/1/1 62/1/1 64/1/1
f 57/1/2 59/1/2 56/1/2
f 53/1/2 56/1/2 59/1/2
f 50/1/2 56/1/2 53/1/2
f 54/1/2 50/1/2 53/1/2
f 49/1/2 50/1/2 54/1/2
f 66/1/2 49/1/2 54/1/2
f 62/1/2 49/1/2 66/1/2
f 64/1/2 62/1/2 66/1/2
f 69/1/11 68/3/3 67/3/11
f 68/3/3 69/1/11 70/1/3
f 67/3/12 68/3/5 69/1/12
f 70/1/5 69/1/12 68/3/5
f 73/1/12 72/3/5 71/3/12
f 72/3/5 73/1/12 74/1/5
f 71/3/11 72/3/3 73/1/11
f 74/1/3 73/1/11 72/3/3
f 70/1/3 75/3/13 68/3/3
f 75/3/13 70/1/3 76/1/13
f 68/3/5 75/3/14 70/1/5
f 76/1/14 70/1/5 75/3/14
f 79/1/16 78/3/15 77/1/15
f 78/3/15 79/1/16 80/3/16
f 77/1/18 78/3/18 79/1/17
f 80/3/17 79/1/17 78/3/18
f 83/3/18 82/1/17 81/3/17
f 82/1/17 83/3/18 84/1/18
f 81/3/16 82/1/16 83/3/15
f 84/1/15 83/3/15 82/1/16
f 74/1/5 85/3/14 72/3/5
f 85/3/14 74/1/5 86/1/14
f 72/3/3 85/3/13 74/1/3
f 86/1/13 74/1/3 85/3/13
f 73/1/12 80/3/16 79/1/16
f 80/3/16 73/1/12 71/3/12
f 79/1/17 80/3/17 73/1/11
f 71/3/11 73/1/11 80/3/17
f 85/3/14 84/1/18 83/3/18
f 84/1/18 85/3/14 86/1/14
f 83/3/15 84/1/15 85/3/13
f 86/1/13 85/3/13 84/1/15
f 77/1/15 75/3/13 76/1/13
f 75/3/13 77/1/15 78/3/15
f 76/1/14 75/3/14 77/1/18
f 78/3/18 77/1/18 75/3/14
f 81/3/17 69/1/11 67/3/11
f 69/1/11 81/3/17 82/1/17
f 67/3/12 69/1/12 81/3/16
f 82/1/16 81/3/16 69/1/12
f 71/3/2 78/3/2 80/3/2
f 78/3/2 71/3/2 75/3/2
f 75/3/2 71/3/2 72/3/2
f 75/3/2 72/3/2 68/3/2
f 68/3/2 72/3/2 85/3/2
f 68/3/2 85/3/2 67/3/2
f 67/3/2 85/3/2 83/3/2
f 67/3/2 83/3/2 81/3/2
f 80/3/1 78/3/1 71/3/1
f 75/3/1 71/3/1 78/3/1
f 72/3/1 71/3/1 75/3/1
f 68/3/1 72/3/1 75/3/1
f 85/3/1 72/3/1 68/3/1
f 67/3/1 85/3/1 68/3/1
f 83/3/1 85/3/1 67/3/1
f 81/3/1 83/3/1 67/3/1
f 76/1/1 79/1/1 77/1/1
f 79/1/1 76/1/1 73/1/1
f 73/1/1 76/1/1 70/1/1
f 73/1/1 70/1/1 74/1/1
f 74/1/1 70/1/1 69/1/1
f 74/1/1 69/1/1 86/1/1
f 86/1/1 69/1/1 82/1/1
f 86/1/1 82/1/1 84/1/1
f 77/1/2 79/1/2 76/1/2
f 73/1/2 76/1/2 79/1/2
f 70/1/2 76/1/2 73/1/2
f 74/1/2 70/1/2 73/1/2
f 69/1/2 70/1/2 74/1/2
f 86/1/2 69/1/2 74/1/2
f 82/1/2 69/1/2 86/1/2
f 84/1/2 82/1/2 86/1/2
f 89/9/19 88/10/19 87/9/19
f 88/10/19 89/9/19 90/10/19
f 87/9/20 88/10/20 89/9/20
f 90/10/20 89/9/20 88/10/20
f 93/10/20 92/9/20 91/10/20
f 92/9/20 93/10/20 94/9/20
f 91/10/19 92/9/19 93/10/19
f 94/9/19 93/10/19 92/9/19
f 93/10/21 89/9/21 94/9/21
f 89/9/21 93/10/21 90/10/21
f 94/9/22 89/9/22 93/10/22
f 90/10/22 93/10/22 89/9/22
f 91/10/1 90/10/1 93/10/1
f 90/10/1 91/10/1 95/10/1
f 90/10/1 95/10/1 88/10/1
f 93/10/2 90/10/2 91/10/2
f 95/10/2 91/10/2 90/10/2
f 88/10/2 95/10/2 90/10/2
f 97/12/23 96/11/23 91/10/23
f 98/13/23 97/12/23 91/10/23
f 91/10/23 96/11/23 92/9/23
f 95/10/21 98/13/23 91/10/23
f 99/14/23 92/9/23 96/11/23
f 100/14/23 92/9/23 99/14/23
f 98/13/23 95/10/21 101/13/23
f 101/13/23 95/10/21 102/12/23
f 100/14/23 103/11/23 92/9/23
f 102/12/23 95/10/21 103/11/23
f 92/9/23 103/11/23 104/9/21
f 95/10/21 104/9/21 103/11/23
f 104/9/22 103/11/24 92/9/24
f 103/11/24 104/9/22 95/10/22
f 92/9/24 103/11/24 100/14/24
f 99/14/24 92/9/24 100/14/24
f 96/11/24 92/9/24 99/14/24
f 103/11/24 95/10/22 102/12/24
f 102/12/24 95/10/22 101/13/24
f 101/13/24 95/10/22 98/13/24
f 92/9/24 96/11/24 91/10/24
f 91/10/24 98/13/24 95/10/22
f 91/10/24 96/11/24 97/12/24
f 91/10/24 97/12/24 98/13/24
f 106/16/25 105/15/25 95/10/21
f 107/17/25 106/16/25 95/10/21
f 88/10/25 107/17/25 95/10/21
f 107/17/25 88/10/25 108/17/25
f 108/17/25 88/10/25 109/16/25
f 109/16/25 88/10/25 110/15/25
f 105/15/25 111/18/25 95/10/21
f 112/19/25 111/18/25 105/15/25
f 113/19/25 111/18/25 112/19/25
f 111/18/25 114/20/25 95/10/21
f 111/18/25 113/19/25 115/18/25
f 115/18/25 113/19/25 116/20/25
f 116/20/25 113/19/25 117/21/25
f 117/21/25 113/19/25 118/22/25
f 114/20/25 119/21/25 95/10/21
f 113/19/25 110/15/25 120/23/25
f 118/22/25 113/19/25 120/23/25
f 110/15/25 88/10/25 120/23/25
f 118/22/25 120/23/25 121/22/25
f 121/22/25 120/23/25 119/21/25
f 120/23/25 122/24/25 119/21/25
f 120/23/25 88/10/25 123/23/25
f 123/23/25 88/10/25 124/24/25
f 124/24/25 88/10/25 125/25/25
f 88/10/25 87/9/25 125/25/25
f 125/25/25 87/9/25 126/26/25
f 122/24/25 127/25/25 119/21/25
f 119/21/25 127/25/25 95/10/21
f 104/9/21 126/26/25 87/9/25
f 95/10/21 127/25/25 104/9/21
f 126/26/25 104/9/21 128/26/25
f 128/26/25 104/9/21 127/25/25
f 95/10/22 105/15/26 106/16/26
f 95/10/22 106/16/26 107/17/26
f 95/10/22 107/17/26 88/10/26
f 108/17/26 88/10/26 107/17/26
f 109/16/26 88/10/26 108/17/26
f 110/15/26 88/10/26 109/16/26
f 95/10/22 111/18/26 105/15/26
f 105/15/26 111/18/26 112/19/26
f 112/19/26 111/18/26 113/19/26
f 95/10/22 114/20/26 111/18/26
f 115/18/26 113/19/26 111/18/26
f 116/20/26 113/19/26 115/18/26
f 117/21/26 113/19/26 116/20/26
f 118/22/26 113/19/26 117/21/26
f 95/10/22 119/21/26 114/20/26
f 120/23/26 110/15/26 113/19/26
f 120/23/26 113/19/26 118/22/26
f 120/23/26 88/10/26 110/15/26
f 121/22/26 120/23/26 118/22/26
f 119/21/26 120/23/26 121/22/26
f 119/21/26 122/24/26 120/23/26
f 123/23/26 88/10/26 120/23/26
f 124/24/26 88/10/26 123/23/26
f 125/25/26 88/10/26 124/24/26
f 125/25/26 87/9/26 88/10/26
f 126/26/26 87/9/26 125/25/26
f 119/21/26 127/25/26 122/24/26
f 95/10/22 127/25/26 119/21/26
f 87/9/26 126/26/26 104/9/22
f 104/9/22 127/25/26 95/10/22
f 128/26/26 104/9/22 126/26/26
f 127/25/26 104/9/22 128/26/26
f 131/28/28 130/27/27 129/27/27
f 130/27/27 131/28/28 132/28/28
f 129/27/30 130/27/30 131/28/29
f 132/28/29 131/28/29 130/27/30
f 135/29/31 134/28/30 133/28/30
f 134/28/30 135/29/31 136/29/31
f 133/28/27 134/28/27 135/29/32
f 136/29/32 135/29/32 134/28/27
f 137/30/33 131/28/33 129/27/33
f 131/28/33 137/30/33 138/29/33
f 138/29/33 137/30/33 139/30/33
f 138/29/33 139/30/33 136/29/33
f 136/29/33 139/30/33 140/27/33
f 136/29/33 140/27/33 134/28/33
f 129/27/34 131/28/34 137/30/34
f 138/29/34 137/30/34 131/28/34
f 139/30/34 137/30/34 138/29/34
f 136/29/34 139/30/34 138/29/34
f 140/27/34 139/30/34 136/29/34
f 134/28/34 140/27/34 136/29/34
f 141/29/35 136/29/31 135/29/31
f 136/29/31 141/29/35 138/29/35
f 135/29/32 136/29/32 141/29/36
f 138/29/36 141/29/36 136/29/32
f 131/28/28 141/29/35 132/28/28
f 141/29/35 131/28/28 138/29/35
f 132/28/29 141/29/36 131/28/29
f 138/29/36 131/28/29 141/29/36
f 142/30/33 132/28/33 130/27/33
f 132/28/33 142/30/33 141/29/33
f 141/29/33 142/30/33 143/30/33
f 141/29/33 143/30/33 135/29/33
f 135/29/33 143/30/33 144/27/33
f 135/29/33 144/27/33 133/28/33
f 130/27/34 132/28/34 142/30/34
f 141/29/34 142/30/34 132/28/34
f 143/30/34 142/30/34 141/29/34
f 135/29/34 143/30/34 141/29/34
f 144/27/34 143/30/34 135/29/34
f 133/28/34 144/27/34 135/29/34
f 139/30/36 142/30/32 143/30/36
f 142/30/32 139/30/36 137/30/32
f 143/30/35 142/30/31 139/30/35
f 137/30/31 139/30/35 142/30/31
f 133/28/30 140/27/29 144/27/29
f 140/27/29 133/28/30 134/28/30
f 144/27/28 140/27/28 133/28/27
f 134/28/27 133/28/27 140/27/28
f 140/27/29 143/30/36 144/27/29
f 143/30/36 140/27/29 139/30/36
f 144/27/28 143/30/35 140/27/28
f 139/30/35 140/27/28 143/30/35
f 142/30/32 129/27/27 130/27/27
f 129/27/27 142/30/32 137/30/32
f 130/27/30 129/27/30 142/30/31
f 137/30/31 142/30/31 129/27/30
f 147/32/38 146/31/37 145/31/37
f 146/31/37 147/32/38 148/32/38
f 145/31/40 146/31/40 147/32/39
f 148/32/39 147/32/39 146/31/40
f 150/33/41 147/32/38 149/33/41
f 147/32/38 150/33/41 148/32/38
f 149/33/42 147/32/39 150/33/42
f 148/32/39 150/33/42 147/32/39
f 153/34/43 152/32/43 151/31/43
f 152/32/43 153/34/43 154/33/43
f 154/33/43 153/34/43 155/34/43
f 154/33/43 155/34/43 150/33/43
f 150/33/43 155/34/43 146/31/43
f 150/33/43 146/31/43 148/32/43
f 151/31/44 152/32/44 153/34/44
f 154/33/44 153/34/44 152/32/44
f 155/34/44 153/34/44 154/33/44
f 150/33/44 155/34/44 154/33/44
f 146/31/44 155/34/44 150/33/44
f 148/32/44 146/31/44 150/33/44
f 157/34/42 151/31/39 156/31/39
f 151/31/39 157/34/42 153/34/42
f 156/31/38 151/31/38 157/34/41
f 153/34/41 157/34/41 151/31/38
f 158/33/45 150/33/41 149/33/41
f 150/33/41 158/33/45 154/33/45
f 149/33/42 150/33/42 158/33/46
f 154/33/46 158/33/46 150/33/42
f 152/32/40 156/31/39 151/31/39
f 156/31/39 152/32/40 159/32/40
f 151/31/38 156/31/38 152/32/37
f 159/32/37 152/32/37 156/31/38
f 152/32/40 158/33/45 159/32/40
f 158/33/45 152/32/40 154/33/45
f 159/32/37 158/33/46 152/32/37
f 154/33/46 152/32/37 158/33/46
f 157/34/43 159/32/43 156/31/43
f 159/32/43 157/34/43 158/33/43
f 158/33/43 157/34/43 160/34/43
f 158/33/43 160/34/43 149/33/43
f 149/33/43 160/34/43 145/31/43
f 149/33/43 145/31/43 147/32/43
f 156/31/44 159/32/44 157/34/44
f 158/33/44 157/34/44 159/32/44
f 160/34/44 157/34/44 158/33/44
f 149/33/44 160/34/44 158/33/44
f 145/31/44 160/34/44 149/33/44
f 147/32/44 145/31/44 149/33/44
f 155/34/46 157/34/42 160/34/46
f 157/34/42 155/34/46 153/34/42
f 160/34/45 157/34/41 155/34/45
f 153/34/41 155/34/45 157/34/41
f 145/31/37 155/34/46 160/34/46
f 155/34/46 145/31/37 146/31/37
f 160/34/45 155/34/45 145/31/40
f 146/31/40 145/31/40 155/34/45
f 163/36/38 162/35/37 161/35/37
f 162/35/37 163/36/38 164/36/38
f 161/35/40 162/35/40 163/36/39
f 164/36/39 163/36/39 162/35/40
f 167/37/45 166/37/41 165/37/45
f 166/37/41 167/37/45 168/37/41
f 165/37/46 166/37/42 167/37/46
f 168/37/42 167/37/46 166/37/42
f 161/35/37 170/38/46 169/38/46
f 170/38/46 161/35/37 162/35/37
f 169/38/45 170/38/45 161/35/40
f 162/35/40 161/35/40 170/38/45
f 168/37/41 163/36/38 166/37/41
f 163/36/38 168/37/41 164/36/38
f 166/37/42 163/36/39 168/37/42
f 164/36/39 168/37/42 163/36/39
f 173/36/40 172/35/39 171/35/39
f 172/35/39 173/36/40 174/36/40
f 171/35/38 172/35/38 173/36/37
f 174/36/37 173/36/37 172/35/38
f 175/38/43 173/36/43 171/35/43
f 173/36/43 175/38/43 167/37/43
f 167/37/43 175/38/43 170/38/43
f 167/37/43 170/38/43 168/37/43
f 168/37/43 170/38/43 162/35/43
f 168/37/43 162/35/43 164/36/43
f 171/35/44 173/36/44 175/38/44
f 167/37/44 175/38/44 173/36/44
f 170/38/44 175/38/44 167/37/44
f 168/37/44 170/38/44 167/37/44
f 162/35/44 170/38/44 168/37/44
f 164/36/44 162/35/44 168/37/44
f 176/38/43 174/36/43 172/35/43
f 174/36/43 176/38/43 165/37/43
f 165/37/43 176/38/43 169/38/43
f 165/37/43 169/38/43 166/37/43
f 166/37/43 169/38/43 161/35/43
f 166/37/43 161/35/43 163/36/43
f 172/35/44 174/36/44 176/38/44
f 165/37/44 176/38/44 174/36/44
f 169/38/44 176/38/44 165/37/44
f 166/37/44 169/38/44 165/37/44
f 161/35/44 169/38/44 166/37/44
f 163/36/44 161/35/44 166/37/44
f 175/38/42 172/35/39 176/38/42
f 172/35/39 175/38/42 171/35/39
f 176/38/41 172/35/38 175/38/41
f 171/35/38 175/38/41 172/35/38
f 170/38/46 176/38/42 169/38/46
f 176/38/42 170/38/46 175/38/42
f 169/38/45 176/38/41 170/38/45
f 175/38/41 170/38/45 176/38/41
f 173/36/40 165/37/45 174/36/40
f 165/37/45 173/36/40 167/37/45
f 174/36/37 165/37/46 173/36/37
f 167/37/46 173/36/37 165/37/46
f 179/41/43 178/40/43 177/39/43
f 178/40/43 179/41/43 180/42/43
f 180/42/43 179/41/43 181/41/43
f 180/42/43 181/41/43 182/42/43
f 182/42/43 181/41/43 183/39/43
f 182/42/43 183/39/43 184/40/43
f 177/39/44 178/40/44 179/41/44
f 180/42/44 179/41/44 178/40/44
f 181/41/44 179/41/44 180/42/44
f 182/42/44 181/41/44 180/42/44
f 183/39/44 181/41/44 182/42/44
f 184/40/44 183/39/44 182/42/44
f 187/41/43 186/40/43 185/39/43
f 186/40/43 187/41/43 188/42/43
f 188/42/43 187/41/43 189/41/43
f 188/42/43 189/41/43 190/42/43
f 190/42/43 189/41/43 191/39/43
f 190/42/43 191/39/43 192/40/43
f 185/39/44 186/40/44 187/41/44
f 188/42/44 187/41/44 186/40/44
f 189/41/44 187/41/44 188/42/44
f 190/42/44 189/41/44 188/42/44
f 191/39/44 189/41/44 190/42/44
f 192/40/44 191/39/44 190/42/44
f 187/41/42 177/39/39 179/41/42
f 177/39/39 187/41/42 185/39/39
f 179/41/41 177/39/38 187/41/41
f 185/39/38 187/41/41 177/39/38
f 188/42/45 182/42/41 180/42/45
f 182/42/41 188/42/45 190/42/41
f 180/42/46 182/42/42 188/42/46
f 190/42/42 188/42/46 182/42/42
f 183/39/37 189/41/46 181/41/46
f 189/41/46 183/39/37 191/39/37
f 181/41/45 189/41/45 183/39/40
f 191/39/40 183/39/40 189/41/45
f 190/42/41 184/40/38 182/42/41
f 184/40/38 190/42/41 192/40/38
f 182/42/42 184/40/39 190/42/42
f 192/40/39 190/42/42 184/40/39
f 189/41/46 179/41/42 181/41/46
f 179/41/42 189/41/46 187/41/42
f 181/41/45 179/41/41 189/41/45
f 187/41/41 189/41/45 179/41/41
f 186/40/40 177/39/39 185/39/39
f 177/39/39 186/40/40 178/40/40
f 185/39/38 177/39/38 186/40/37
f 178/40/37 186/40/37 177/39/38
f 184/40/38 191/39/37 183/39/37
f 191/39/37 184/40/38 192/40/38
f 183/39/40 191/39/40 184/40/39
f 192/40/39 184/40/39 191/39/40
f 186/40/40 180/42/45 178/40/40
f 180/42/45 186/40/40 188/42/45
f 178/40/37 180/42/46 186/40/37
f 188/42/46 186/40/37 180/42/46
f 195/43/47 194/44/47 193/43/47
f 194/44/47 195/43/47 196/44/47
f 193/43/48 194/44/48 195/43/48
f 196/44/48 195/43/48 194/44/48
f 199/43/49 198/44/50 197/44/49
f 198/44/50 199/43/49 200/43/50
f 197/44/51 198/44/52 199/43/51
f 200/43/52 199/43/51 198/44/52
f 195/43/52 201/44/52 196/44/52
f 201/44/52 195/43/52 202/43/52
f 196/44/50 201/44/50 195/43/50
f 202/43/50 195/43/50 201/44/50
f 200/43/50 194/44/53 198/44/50
f 194/44/53 200/43/50 193/43/53
f 198/44/52 194/44/54 200/43/52
f 193/43/54 200/43/52 194/44/54
f 201/44/2 194/44/2 196/44/2
f 194/44/2 201/44/2 198/44/2
f 198/44/2 201/44/2 197/44/2
f 196/44/1 194/44/1 201/44/1
f 198/44/1 201/44/1 194/44/1
f 197/44/1 201/44/1 198/44/1
f 193/43/1 202/43/1 195/43/1
f 202/43/1 193/43/1 200/43/1
f 202/43/1 200/43/1 199/43/1
f 195/43/2 202/43/2 193/43/2
f 200/43/2 193/43/2 202/43/2
f 199/43/2 200/43/2 202/43/2
f 201/44/48 199/43/48 197/44/48
f 199/43/48 201/44/48 202/43/48
f 197/44/47 199/43/47 201/44/47
f 202/43/47 201/44/47 199/43/47
f 205/10/55 204/44/50 203/44/55
f 204/44/50 205/10/55 206/10/50
f 203/44/56 204/44/52 205/10/56
f 206/10/52 205/10/56 204/44/52
f 206/10/50 207/44/57 204/44/50
f 207/44/57 206/10/50 208/10/57
f 204/44/52 207/44/58 206/10/52
f 208/10/58 206/10/52 207/44/58
f 209/10/47 207/44/47 208/10/47
f 207/44/47 209/10/47 210/44/47
f 208/10/48 207/44/48 209/10/48
f 210/44/48 209/10/48 207/44/48
f 208/10/1 211/10/1 209/10/1
f 211/10/1 208/10/1 206/10/1
f 211/10/1 206/10/1 205/10/1
f 209/10/2 211/10/2 208/10/2
f 206/10/2 208/10/2 211/10/2
f 205/10/2 206/10/2 211/10/2
f 209/10/52 212/44/52 210/44/52
f 212/44/52 209/10/52 211/10/52
f 210/44/50 212/44/50 209/10/50
f 211/10/50 209/10/50 212/44/50
f 212/44/48 205/10/48 203/44/48
f 205/10/48 212/44/48 211/10/48
f 203/44/47 205/10/47 212/44/47
f 211/10/47 212/44/47 205/10/47
f 215/45/59 214/45/60 213/45/59
f 214/45/60 215/45/59 216/45/60
f 213/45/61 214/45/62 215/45/61
f 216/45/62 215/45/61 214/45/62
f 219/46/61 218/46/62 217/46/62
f 218/46/62 219/46/61 220/46/61
f 217/46/60 218/46/60 219/46/59
f 220/46/59 219/46/59 218/46/60
f 223/47/63 222/48/64 221/47/63
f 222/48/64 223/47/63 224/48/64
f 221/47/65 222/48/66 223/47/65
f 224/48/66 223/47/65 222/48/66
f 227/48/65 226/47/66 225/48/65
f 226/47/66 227/48/65 228/47/66
f 225/48/63 226/47/64 227/48/63
f 228/47/64 227/48/63 226/47/64
f 217/46/62 223/47/63 221/47/63
f 223/47/63 217/46/62 218/46/62
f 221/47/65 223/47/65 217/46/60
f 218/46/60 217/46/60 223/47/65
f 224/48/64 213/45/59 222/48/64
f 213/45/59 224/48/64 215/45/59
f 222/48/66 213/45/61 224/48/66
f 215/45/61 224/48/66 213/45/61
f 225/48/57 213/45/57 214/45/57
f 213/45/57 225/48/57 222/48/57
f 222/48/57 225/48/57 226/47/57
f 222/48/57 226/47/57 221/47/57
f 221/47/57 226/47/57 219/46/57
f 221/47/57 219/46/57 217/46/57
f 214/45/58 213/45/58 225/48/58
f 222/48/58 225/48/58 213/45/58
f 226/47/58 225/48/58 222/48/58
f 221/47/58 226/47/58 222/48/58
f 219/46/58 226/47/58 221/47/58
f 217/46/58 219/46/58 221/47/58
f 224/48/58 216/45/58 215/45/58
f 216/45/58 224/48/58 227/48/58
f 227/48/58 224/48/58 223/47/58
f 227/48/58 223/47/58 228/47/58
f 228/47/58 223/47/58 218/46/58
f 228/47/58 218/46/58 220/46/58
f 215/45/57 216/45/57 224/48/57
f 227/48/57 224/48/57 216/45/57
f 223/47/57 224/48/57 227/48/57
f 228/47/57 223/47/57 227/48/57
f 218/46/57 223/47/57 228/47/57
f 220/46/57 218/46/57 228/47/57
f 216/45/60 225/48/65 214/45/60
f 225/48/65 216/45/60 227/48/65
f 214/45/62 225/48/63 216/45/62
f 227/48/63 216/45/62 225/48/63
f 226/47/66 220/46/61 219/46/61
f 220/46/61 226/47/66 228/47/66
f 219/46/59 220/46/59 226/47/64
f 228/47/64 226/47/64 220/46/59
f 231/49/67 230/49/68 229/49/67
f 230/49/68 231/49/67 232/49/68
f 229/49/69 230/49/70 231/49/69
f 232/49/70 231/49/69 230/49/70
f 235/50/69 234/50/70 233/50/70
f 234/50/70 235/50/69 236/50/69
f 233/50/68 234/50/68 235/50/67
f 236/50/67 235/50/67 234/50/68
f 238/51/71 229/49/67 237/51/71
f 229/49/67 238/51/71 231/49/67
f 237/51/72 229/49/69 238/51/72
f 231/49/69 238/51/72 229/49/69
f 232/49/68 239/51/73 230/49/68
f 239/51/73 232/49/68 240/51/73
f 230/49/70 239/51/74 232/49/70
f 240/51/74 232/49/70 239/51/74
f 237/51/71 241/52/74 238/51/71
f 241/52/74 237/51/71 242/52/74
f 238/51/72 241/52/73 237/51/72
f 242/52/73 237/51/72 241/52/73
f 233/50/70 241/52/74 242/52/74
f 241/52/74 233/50/70 234/50/70
f 242/52/73 241/52/73 233/50/68
f 234/50/68 233/50/68 241/52/73
f 242/52/56 235/50/56 233/50/56
f 235/50/56 242/52/56 243/52/56
f 243/52/56 242/52/56 237/51/56
f 243/52/56 237/51/56 239/51/56
f 239/51/56 237/51/56 229/49/56
f 239/51/56 229/49/56 230/49/56
f 233/50/55 235/50/55 242/52/55
f 243/52/55 242/52/55 235/50/55
f 237/51/55 242/52/55 243/52/55
f 239/51/55 237/51/55 243/52/55
f 229/49/55 237/51/55 239/51/55
f 230/49/55 229/49/55 239/51/55
f 244/52/55 234/50/55 236/50/55
f 234/50/55 244/52/55 241/52/55
f 241/52/55 244/52/55 240/51/55
f 241/52/55 240/51/55 238/51/55
f 238/51/55 240/51/55 232/49/55
f 238/51/55 232/49/55 231/49/55
f 236/50/56 234/50/56 244/52/56
f 241/52/56 244/52/56 234/50/56
f 240/51/56 244/52/56 241/52/56
f 238/51/56 240/51/56 241/52/56
f 232/49/56 240/51/56 238/51/56
f 231/49/56 232/49/56 238/51/56
f 243/52/72 236/50/69 235/50/69
f 236/50/69 243/52/72 244/52/72
f 235/50/67 236/50/67 243/52/71
f 244/52/71 243/52/71 236/50/67
f 243/52/72 240/51/73 244/52/72
f 240/51/73 243/52/72 239/51/73
f 244/52/71 240/51/74 243/52/71
f 239/51/74 243/52/71 240/51/74
f 247/53/59 246/53/60 245/53/59
f 246/53/60 247/53/59 248/53/60
f 245/53/61 246/53/62 247/53/61
f 248/53/62 247/53/61 246/53/62
f 251/54/61 250/54/62 249/54/62
f 250/54/62 251/54/61 252/54/61
f 249/54/60 250/54/60 251/54/59
f 252/54/59 251/54/59 250/54/60
f 249/54/62 254/55/63 253/55/63
f 254/55/63 249/54/62 250/54/62
f 253/55/65 254/55/65 249/54/60
f 250/54/60 249/54/60 254/55/65
f 256/56/64 245/53/59 255/56/64
f 245/53/59 256/56/64 247/53/59
f 255/56/66 245/53/61 256/56/66
f 247/53/61 256/56/66 245/53/61
f 259/56/65 258/55/66 257/56/65
f 258/55/66 259/56/65 260/55/66
f 257/56/63 258/55/64 259/56/63
f 260/55/64 259/56/63 258/55/64
f 254/55/63 255/56/64 253/55/63
f 255/56/64 254/55/63 256/56/64
f 253/55/65 255/56/66 254/55/65
f 256/56/66 254/55/65 255/56/66
f 257/56/57 245/53/57 246/53/57
f 245/53/57 257/56/57 255/56/57
f 255/56/57 257/56/57 258/55/57
f 255/56/57 258/55/57 253/55/57
f 253/55/57 258/55/57 251/54/57
f 253/55/57 251/54/57 249/54/57
f 246/53/58 245/53/58 257/56/58
f 255/56/58 257/56/58 245/53/58
f 258/55/58 257/56/58 255/56/58
f 253/55/58 258/55/58 255/56/58
f 251/54/58 258/55/58 253/55/58
f 249/54/58 251/54/58 253/55/58
f 248/53/60 257/56/65 246/53/60
f 257/56/65 248/53/60 259/56/65
f 246/53/62 257/56/63 248/53/62
f 259/56/63 248/53/62 257/56/63
f 256/56/58 248/53/58 247/53/58
f 248/53/58 256/56/58 259/56/58
f 259/56/58 256/56/58 254/55/58
f 259/56/58 254/55/58 260/55/58
f 260/55/58 254/55/58 250/54/58
f 260/55/58 250/54/58 252/54/58
f 247/53/57 248/53/57 256/56/57
f 259/56/57 256/56/57 248/53/57
f 254/55/57 256/56/57 259/56/57
f 260/55/57 254/55/57 259/56/57
f 250/54/57 254/55/57 260/55/57
f 252/54/57 250/54/57 260/55/57
f 258/55/66 252/54/61 251/54/61
f 252/54/61 258/55/66 260/55/66
f 251/54/59 252/54/59 258/55/64
f 260/55/64 258/55/64 252/54/59
f 263/43/47 262/44/47 261/43/47
f 262/44/47 263/43/47 264/44/47
f 261/43/48 262/44/48 263/43/48
f 264/44/48 263/43/48 262/44/48
f 267/43/49 266/44/50 265/44/49
f 266/44/50 267/43/49 268/43/50
f 265/44/51 266/44/52 267/43/51
f 268/43/52 267/43/51 266/44/52
f 263/43/52 269/44/52 264/44/52
f 269/44/52 263/43/52 270/43/52
f 264/44/50 269/44/50 263/43/50
f 270/43/50 263/43/50 269/44/50
f 268/43/50 262/44/53 266/44/50
f 262/44/53 268/43/50 261/43/53
f 266/44/52 262/44/54 268/43/52
f 261/43/54 268/43/52 262/44/54
f 269/44/2 262/44/2 264/44/2
f 262/44/2 269/44/2 266/44/2
f 266/44/2 269/44/2 265/44/2
f 264/44/1 262/44/1 269/44/1
f 266/44/1 269/44/1 262/44/1
f 265/44/1 269/44/1 266/44/1
f 261/43/1 270/43/1 263/43/1
f 270/43/1 261/43/1 268/43/1
f 270/43/1 268/43/1 267/43/1
f 263/43/2 270/43/2 261/43/2
f 268/43/2 261/43/2 270/43/2
f 267/43/2 268/43/2 270/43/2
f 269/44/48 267/43/48 265/44/48
f 267/43/48 269/44/48 270/43/48
f 265/44/47 267/43/47 269/44/47
f 270/43/47 269/44/47 267/43/47
f 273/10/55 272/44/50 271/44/55
f 272/44/50 273/10/55 274/10/50
f 271/44/56 272/44/52 273/10/56
f 274/10/52 273/10/56 272/44/52
f 274/10/50 275/44/57 272/44/50
f 275/44/57 274/10/50 276/10/57
f 272/44/52 275/44/58 274/10/52
f 276/10/58 274/10/52 275/44/58
f 277/10/47 275/44/47 276/10/47
f 275/44/47 277/10/47 278/44/47
f 276/10/48 275/44/48 277/10/48
f 278/44/48 277/10/48 275/44/48
f 276/10/1 279/10/1 277/10/1
f 279/10/1 276/10/1 274/10/1
f 279/10/1 274/10/1 273/10/1
f 277/10/2 279/10/2 276/10/2
f 274/10/2 276/10/2 279/10/2
f 273/10/2 274/10/2 279/10/2
f 277/10/52 280/44/52 278/44/52
f 280/44/52 277/10/52 279/10/52
f 278/44/50 280/44/50 277/10/50
f 279/10/50 277/10/50 280/44/50
f 280/44/48 273/10/48 271/44/48
f 273/10/48 280/44/48 279/10/48
f 271/44/47 273/10/47 280/44/47
f 279/10/47 280/44/47 273/10/47
f 283/45/59 282/45/60 281/45/59
f 282/45/60 283/45/59 284/45/60
f 281/45/61 282/45/62 283/45/61
f 284/45/62 283/45/61 282/45/62
f 287/46/61 286/46/62 285/46/62
f 286/46/62 287/46/61 288/46/61
f 285/46/60 286/46/60 287/46/59
f 288/46/59 287/46/59 286/46/60
f 291/47/63 290/48/64 289/47/63
f 290/48/64 291/47/63 292/48/64
f 289/47/65 290/48/66 291/47/65
f 292/48/66 291/47/65 290/48/66
f 295/48/65 294/47/66 293/48/65
f 294/47/66 295/48/65 296/47/66
f 293/48/63 294/47/64 295/48/63
f 296/47/64 295/48/63 294/47/64
f 285/46/62 291/47/63 289/47/63
f 291/47/63 285/46/62 286/46/62
f 289/47/65 291/47/65 285/46/60
f 286/46/60 285/46/60 291/47/65
f 292/48/64 281/45/59 290/48/64
f 281/45/59 292/48/64 283/45/59
f 290/48/66 281/45/61 292/48/66
f 283/45/61 292/48/66 281/45/61
f 293/48/57 281/45/57 282/45/57
f 281/45/57 293/48/57 290/48/57
f 290/48/57 293/48/57 294/47/57
f 290/48/57 294/47/57 289/47/57
f 289/47/57 294/47/57 287/46/57
f 289/47/57 287/46/57 285/46/57
f 282/45/58 281/45/58 293/48/58
f 290/48/58 293/48/58 281/45/58
f 294/47/58 293/48/58 290/48/58
f 289/47/58 294/47/58 290/48/58
f 287/46/58 294/47/58 289/47/58
f 285/46/58 287/46/58 289/47/58
f 292/48/58 284/45/58 283/45/58
f 284/45/58 292/48/58 295/48/58
f 295/48/58 292/48/58 291/47/58
f 295/48/58 291/47/58 296/47/58
f 296/47/58 291/47/58 286/46/58
f 296/47/58 286/46/58 288/46/58
f 283/45/57 284/45/57 292/48/57
f 295/48/57 292/48/57 284/45/57
f 291/47/57 292/48/57 295/48/57
f 296/47/57 291/47/57 295/48/57
f 286/46/57 291/47/57 296/47/57
f 288/46/57 286/46/57 296/47/57
f 284/45/60 293/48/65 282/45/60
f 293/48/65 284/45/60 295/48/65
f 282/45/62 293/48/63 284/45/62
f 295/48/63 284/45/62 293/48/63
f 294/47/66 288/46/61 287/46/61
f 288/46/61 294/47/66 296/47/66
f 287/46/59 288/46/59 294/47/64
f 296/47/64 294/47/64 288/46/59
f 299/49/67 298/49/68 297/49/67
f 298/49/68 299/49/67 300/49/68
f 297/49/69 298/49/70 299/49/69
f 300/49/70 299/49/69 298/49/70
f 303/50/69 302/50/70 301/50/70
f 302/50/70 303/50/69 304/50/69
f 301/50/68 302/50/68 303/50/67
f 304/50/67 303/50/67 302/50/68
f 306/51/71 297/49/67 305/51/71
f 297/49/67 306/51/71 299/49/67
f 305/51/72 297/49/69 306/51/72
f 299/49/69 306/51/72 297/49/69
f 300/49/68 307/51/73 298/49/68
f 307/51/73 300/49/68 308/51/73
f 298/49/70 307/51/74 300/49/70
f 308/51/74 300/49/70 307/51/74
f 305/51/71 309/52/74 306/51/71
f 309/52/74 305/51/71 310/52/74
f 306/51/72 309/52/73 305/51/72
f 310/52/73 305/51/72 309/52/73
f 301/50/70 309/52/74 310/52/74
f 309/52/74 301/50/70 302/50/70
f 310/52/73 309/52/73 301/50/68
f 302/50/68 301/50/68 309/52/73
f 310/52/56 303/50/56 301/50/56
f 303/50/56 310/52/56 311/52/56
f 311/52/56 310/52/56 305/51/56
f 311/52/56 305/51/56 307/51/56
f 307/51/56 305/51/56 297/49/56
f 307/51/56 297/49/56 298/49/56
f 301/50/55 303/50/55 310/52/55
f 311/52/55 310/52/55 303/50/55
f 305/51/55 310/52/55 311/52/55
f 307/51/55 305/51/55 311/52/55
f 297/49/55 305/51/55 307/51/55
f 298/49/55 297/49/55 307/51/55
f 312/52/55 302/50/55 304/50/55
f 302/50/55 312/52/55 309/52/55
f 309/52/55 312/52/55 308/51/55
f 309/52/55 308/51/55 306/51/55
f 306/51/55 308/51/55 300/49/55
f 306/51/55 300/49/55 299/49/55
f 304/50/56 302/50/56 312/52/56
f 309/52/56 312/52/56 302/50/56
f 308/51/56 312/52/56 309/52/56
f 306/51/56 308/51/56 309/52/56
f 300/49/56 308/51/56 306/51/56
f 299/49/56 300/49/56 306/51/56
f 311/52/72 304/50/69 303/50/69
f 304/50/69 311/52/72 312/52/72
f 303/50/67 304/50/67 311/52/71
f 312/52/71 311/52/71 304/50/67
f 311/52/72 308/51/73 312/52/72
f 308/51/73 311/52/72 307/51/73
f 312/52/71 308/51/74 311/52/71
f 307/51/74 311/52/71 308/51/74
f 315/53/59 314/53/60 313/53/59
f 314/53/60 315/53/59 316/53/60
f 313/53/61 314/53/62 315/53/61
f 316/53/62 315/53/61 314/53/62
f 319/54/61 318/54/62 317/54/62
f 318/54/62 319/54/61 320/54/61
f 317/54/60 318/54/60 319/54/59
f 320/54/59 319/54/59 318/54/60
f 317/54/62 322/55/63 321/55/63
f 322/55/63 317/54/62 318/54/62
f 321/55/65 322/55/65 317/54/60
f 318/54/60 317/54/60 322/55/65
f 324/56/64 313/53/59 323/56/64
f 313/53/59 324/56/64 315/53/59
f 323/56/66 313/53/61 324/56/66
f 315/53/61 324/56/66 313/53/61
f 327/56/65 326/55/66 325/56/65
f 326/55/66 327/56/65 328/55/66
f 325/56/63 326/55/64 327/56/63
f 328/55/64 327/56/63 326/55/64
f 322/55/63 323/56/64 321/55/63
f 323/56/64 322/55/63 324/56/64
f 321/55/65 323/56/66 322/55/65
f 324/56/66 322/55/65 323/56/66
f 325/56/57 313/53/57 314/53/57
f 313/53/57 325/56/57 323/56/57
f 323/56/57 325/56/57 326/55/57
f 323/56/57 326/55/57 321/55/57
f 321/55/57 326/55/57 319/54/57
f 321/55/57 319/54/57 317/54/57
f 314/53/58 313/53/58 325/56/58
f 323/56/58 325/56/58 313/53/58
f 326/55/58 325/56/58 323/56/58
f 321/55/58 326/55/58 323/56/58
f 319/54/58 326/55/58 321/55/58
f 317/54/58 319/54/58 321/55/58
f 316/53/60 325/56/65 314/53/60
f 325/56/65 316/53/60 327/56/65
f 314/53/62 325/56/63 316/53/62
f 327/56/63 316/53/62 325/56/63
f 324/56/58 316/53/58 315/53/58
f 316/53/58 324/56/58 327/56/58
f 327/56/58 324/56/58 322/55/58
f 327/56/58 322/55/58 328/55/58
f 328/55/58 322/55/58 318/54/58
f 328/55/58 318/54/58 320/54/58
f 315/53/57 316/53/57 324/56/57
f 327/56/57 324/56/57 316/53/57
f 322/55/57 324/56/57 327/56/57
f 328/55/57 322/55/57 327/56/57
f 318/54/57 322/55/57 328/55/57
f 320/54/57 318/54/57 328/55/57
f 326/55/66 320/54/61 319/54/61
f 320/54/61 326/55/66 328/55/66
f 319/54/59 320/54/59 326/55/64
f 328/55/64 326/55/64 320/54/59
f 331/43/20 330/44/20 329/43/20
f 330/44/20 331/43/20 332/44/20
f 329/43/19 330/44/19 331/43/19
f 332/44/19 331/43/19 330/44/19
f 335/43/26 334/44/22 333/44/26
f 334/44/22 335/43/26 336/43/22
f 333/44/25 334/44/21 335/43/25
f 336/43/21 335/43/25 334/44/21
f 331/43/21 337/44/21 332/44/21
f 337/44/21 331/43/21 338/43/21
f 332/44/22 337/44/22 331/43/22
f 338/43/22 331/43/22 337/44/22
f 336/43/22 330/44/24 334/44/22
f 330/44/24 336/43/22 329/43/24
f 334/44/21 330/44/23 336/43/21
f 329/43/23 336/43/21 330/44/23
f 337/44/2 330/44/2 332/44/2
f 330/44/2 337/44/2 334/44/2
f 334/44/2 337/44/2 333/44/2
f 332/44/1 330/44/1 337/44/1
f 334/44/1 337/44/1 330/44/1
f 333/44/1 337/44/1 334/44/1
f 329/43/1 338/43/1 331/43/1
f 338/43/1 329/43/1 336/43/1
f 338/43/1 336/43/1 335/43/1
f 331/43/2 338/43/2 329/43/2
f 336/43/2 329/43/2 338/43/2
f 335/43/2 336/43/2 338/43/2
f 337/44/19 335/43/19 333/44/19
f 335/43/19 337/44/19 338/43/19
f 333/44/20 335/43/20 337/44/20
f 338/43/20 337/44/20 335/43/20
f 341/10/75 340/44/22 339/44/75
f 340/44/22 341/10/75 342/10/22
f 339/44/76 340/44/21 341/10/76
f 342/10/21 341/10/76 340/44/21
f 342/10/22 343/44/77 340/44/22
f 343/44/77 342/10/22 344/10/77
f 340/44/21 343/44/78 342/10/21
f 344/10/78 342/10/21 343/44/78
f 345/10/20 343/44/20 344/10/20
f 343/44/20 345/10/20 346/44/20
f 344/10/19 343/44/19 345/10/19
f 346/44/19 345/10/19 343/44/19
f 344/10/1 347/10/1 345/10/1
f 347/10/1 344/10/1 342/10/1
f 347/10/1 342/10/1 341/10/1
f 345/10/2 347/10/2 344/10/2
f 342/10/2 344/10/2 347/10/2
f 341/10/2 342/10/2 347/10/2
f 345/10/21 348/44/21 346/44/21
f 348/44/21 345/10/21 347/10/21
f 346/44/22 348/44/22 345/10/22
f 347/10/22 345/10/22 348/44/22
f 348/44/19 341/10/19 339/44/19
f 341/10/19 348/44/19 347/10/19
f 339/44/20 341/10/20 348/44/20
f 347/10/20 348/44/20 341/10/20
f 351/45/79 350/45/80 349/45/79
f 350/45/80 351/45/79 352/45/80
f 349/45/81 350/45/82 351/45/81
f 352/45/82 351/45/81 350/45/82
f 355/46/81 354/46/82 353/46/82
f 354/46/82 355/46/81 356/46/81
f 353/46/80 354/46/80 355/46/79
f 356/46/79 355/46/79 354/46/80
f 359/47/83 358/48/84 357/47/83
f 358/48/84 359/47/83 360/48/84
f 357/47/85 358/48/86 359/47/85
f 360/48/86 359/47/85 358/48/86
f 363/48/85 362/47/86 361/48/85
f 362/47/86 363/48/85 364/47/86
f 361/48/83 362/47/84 363/48/83
f 364/47/84 363/48/83 362/47/84
f 353/46/82 359/47/83 357/47/83
f 359/47/83 353/46/82 354/46/82
f 357/47/85 359/47/85 353/46/80
f 354/46/80 353/46/80 359/47/85
f 360/48/84 349/45/79 358/48/84
f 349/45/79 360/48/84 351/45/79
f 358/48/86 349/45/81 360/48/86
f 351/45/81 360/48/86 349/45/81
f 361/48/77 349/45/77 350/45/77
f 349/45/77 361/48/77 358/48/77
f 358/48/77 361/48/77 362/47/77
f 358/48/77 362/47/77 357/47/77
f 357/47/77 362/47/77 355/46/77
f 357/47/77 355/46/77 353/46/77
f 350/45/78 349/45/78 361/48/78
f 358/48/78 361/48/78 349/45/78
f 362/47/78 361/48/78 358/48/78
f 357/47/78 362/47/78 358/48/78
f 355/46/78 362/47/78 357/47/78
f 353/46/78 355/46/78 357/47/78
f 360/48/78 352/45/78 351/45/78
f 352/45/78 360/48/78 363/48/78
f 363/48/78 360/48/78 359/47/78
f 363/48/78 359/47/78 364/47/78
f 364/47/78 359/47/78 354/46/78
f 364/47/78 354/46/78 356/46/78
f 351/45/77 352/45/77 360/48/77
f 363/48/77 360/48/77 352/45/77
f 359/47/77 360/48/77 363/48/77
f 364/47/77 359/47/77 363/48/77
f 354/46/77 359/47/77 364/47/77
f 356/46/77 354/46/77 364/47/77
f 352/45/80 361/48/85 350/45/80
f 361/48/85 352/45/80 363/48/85
f 350/45/82 361/48/83 352/45/82
f 363/48/83 352/45/82 361/48/83
f 362/47/86 356/46/81 355/46/81
f 356/46/81 362/47/86 364/47/86
f 355/46/79 356/46/79 362/47/84
f 364/47/84 362/47/84 356/46/79
f 367/49/87 366/49/88 365/49/87
f 366/49/88 367/49/87 368/49/88
f 365/49/89 366/49/90 367/49/89
f 368/49/90 367/49/89 366/49/90
f 371/50/89 370/50/90 369/50/90
f 370/50/90 371/50/89 372/50/89
f 369/50/88 370/50/88 371/50/87
f 372/50/87 371/50/87 370/50/88
f 374/51/91 365/49/87 373/51/91
f 365/49/87 374/51/91 367/49/87
f 373/51/92 365/49/89 374/51/92
f 367/49/89 374/51/92 365/49/89
f 368/49/88 375/51/93 366/49/88
f 375/51/93 368/49/88 376/51/93
f 366/49/90 375/51/94 368/49/90
f 376/51/94 368/49/90 375/51/94
f 373/51/91 377/52/94 374/51/91
f 377/52/94 373/51/91 378/52/94
f 374/51/92 377/52/93 373/51/92
f 378/52/93 373/51/92 377/52/93
f 369/50/90 377/52/94 378/52/94
f 377/52/94 369/50/90 370/50/90
f 378/52/93 377/52/93 369/50/88
f 370/50/88 369/50/88 377/52/93
f 378/52/76 371/50/76 369/50/76
f 371/50/76 378/52/76 379/52/76
f 379/52/76 378/52/76 373/51/76
f 379/52/76 373/51/76 375/51/76
f 375/51/76 373/51/76 365/49/76
f 375/51/76 365/49/76 366/49/76
f 369/50/75 371/50/75 378/52/75
f 379/52/75 378/52/75 371/50/75
f 373/51/75 378/52/75 379/52/75
f 375/51/75 373/51/75 379/52/75
f 365/49/75 373/51/75 375/51/75
f 366/49/75 365/49/75 375/51/75
f 380/52/75 370/50/75 372/50/75
f 370/50/75 380/52/75 377/52/75
f 377/52/75 380/52/75 376/51/75
f 377/52/75 376/51/75 374/51/75
f 374/51/75 376/51/75 368/49/75
f 374/51/75 368/49/75 367/49/75
f 372/50/76 370/50/76 380/52/76
f 377/52/76 380/52/76 370/50/76
f 376/51/76 380/52/76 377/52/76
f 374/51/76 376/51/76 377/52/76
f 368/49/76 376/51/76 374/51/76
f 367/49/76 368/49/76 374/51/76
f 379/52/92 372/50/89 371/50/89
f 372/50/89 379/52/92 380/52/92
f 371/50/87 372/50/87 379/52/91
f 380/52/91 379/52/91 372/50/87
f 379/52/92 376/51/93 380/52/92
f 376/51/93 379/52/92 375/51/93
f 380/52/91 376/51/94 379/52/91
f 375/51/94 379/52/91 376/51/94
f 383/53/79 382/53/80 381/53/79
f 382/53/80 383/53/79 384/53/80
f 381/53/81 382/53/82 383/53/81
f 384/53/82 383/53/81 382/53/82
f 387/54/81 386/54/82 385/54/82
f 386/54/82 387/54/81 388/54/81
f 385/54/80 386/54/80 387/54/79
f 388/54/79 387/54/79 386/54/80
f 385/54/82 390/55/83 389/55/83
f 390/55/83 385/54/82 386/54/82
f 389/55/85 390/55/85 385/54/80
f 386/54/80 385/54/80 390/55/85
f 392/56/84 381/53/79 391/56/84
f 381/53/79 392/56/84 383/53/79
f 391/56/86 381/53/81 392/56/86
f 383/53/81 392/56/86 381/53/81
f 395/56/85 394/55/86 393/56/85
f 394/55/86 395/56/85 396/55/86
f 393/56/83 394/55/84 395/56/83
f 396/55/84 395/56/83 394/55/84
f 390/55/83 391/56/84 389/55/83
f 391/56/84 390/55/83 392/56/84
f 389/55/85 391/56/86 390/55/85
f 392/56/86 390/55/85 391/56/86
f 393/56/77 381/53/77 382/53/77
f 381/53/77 393/56/77 391/56/77
f 391/56/77 393/56/77 394/55/77
f 391/56/77 394/55/77 389/55/77
f 389/55/77 394/55/77 387/54/77
f 389/55/77 387/54/77 385/54/77
f 382/53/78 381/53/78 393/56/78
f 391/56/78 393/56/78 381/53/78
f 394/55/78 393/56/78 391/56/78
f 389/55/78 394/55/78 391/56/78
f 387/54/78 394/55/78 389/55/78
f 385/54/78 387/54/78 389/55/78
f 384/53/80 393/56/85 382/53/80
f 393/56/85 384/53/80 395/56/85
f 382/53/82 393/56/83 384/53/82
f 395/56/83 384/53/82 393/56/83
f 392/56/78 384/53/78 383/53/78
f 384/53/78 392/56/78 395/56/78
f 395/56/78 392/56/78 390/55/78
f 395/56/78 390/55/78 396/55/78
f 396/55/78 390/55/78 386/54/78
f 396/55/78 386/54/78 388/54/78
f 383/53/77 384/53/77 392/56/77
f 395/56/77 392/56/77 384/53/77
f 390/55/77 392/56/77 395/56/77
f 396/55/77 390/55/77 395/56/77
f 386/54/77 390/55/77 396/55/77
f 388/54/77 386/54/77 396/55/77
f 394/55/86 388/54/81 387/54/81
f 388/54/81 394/55/86 396/55/86
f 387/54/79 388/54/79 394/55/84
f 396/55/84 394/55/84 388/54/79
f 399/43/20 398/44/20 397/43/20
f 398/44/20 399/43/20 400/44/20
f 397/43/19 398/44/19 399/43/19
f 400/44/19 399/43/19 398/44/19
f 403/43/26 402/44/22 401/44/26
f 402/44/22 403/43/26 404/43/22
f 401/44/25 402/44/21 403/43/25
f 404/43/21 403/43/25 402/44/21
f 399/43/21 405/44/21 400/44/21
f 405/44/21 399/43/21 406/43/21
f 400/44/22 405/44/22 399/43/22
f 406/43/22 399/43/22 405/44/22
f 404/43/22 398/44/24 402/44/22
f 398/44/24 404/43/22 397/43/24
f 402/44/21 398/44/23 404/43/21
f 397/43/23 404/43/21 398/44/23
f 405/44/2 398/44/2 400/44/2
f 398/44/2 405/44/2 402/44/2
f 402/44/2 405/44/2 401/44/2
f 400/44/1 398/44/1 405/44/1
f 402/44/1 405/44/1 398/44/1
f 401/44/1 405/44/1 402/44/1
f 397/43/1 406/43/1 399/43/1
f 406/43/1 397/43/1 404/43/1
f 406/43/1 404/43/1 403/43/1
f 399/43/2 406/43/2 397/43/2
f 404/43/2 397/43/2 406/43/2
f 403/43/2 404/43/2 406/43/2
f 405/44/19 403/43/19 401/44/19
f 403/43/19 405/44/19 406/43/19
f 401/44/20 403/43/20 405/44/20
f 406/43/20 405/44/20 403/43/20
f 409/10/75 408/44/22 407/44/75
f 408/44/22 409/10/75 410/10/22
f 407/44/76 408/44/21 409/10/76
f 410/10/21 409/10/76 408/44/21
f 410/10/22 411/44/77 408/44/22
f 411/44/77 410/10/22 412/10/77
f 408/44/21 411/44/78 410/10/21
f 412/10/78 410/10/21 411/44/78
f 413/10/20 411/44/20 412/10/20
f 411/44/20 413/10/20 414/44/20
f 412/10/19 411/44/19 413/10/19
f 414/44/19 413/10/19 411/44/19
f 412/10/1 415/10/1 413/10/1
f 415/10/1 412/10/1 410/10/1
f 415/10/1 410/10/1 409/10/1
f 413/10/2 415/10/2 412/10/2
f 410/10/2 412/10/2 415/10/2
f 409/10/2 410/10/2 415/10/2
f 413/10/21 416/44/21 414/44/21
f 416/44/21 413/10/21 415/10/21
f 414/44/22 416/44/22 413/10/22
f 415/10/22 413/10/22 416/44/22
f 416/44/19 409/10/19 407/44/19
f 409/10/19 416/44/19 415/10/19
f 407/44/20 409/10/20 416/44/20
f 415/10/20 416/44/20 409/10/20
f 419/45/79 418/45/80 417/45/79
f 418/45/80 419/45/79 420/45/80
f 417/45/81 418/45/82 419/45/81
f 420/45/82 419/45/81 418/45/82
f 423/46/81 422/46/82 421/46/82
f 422/46/82 423/46/81 424/46/81
f 421/46/80 422/46/80 423/46/79
f 424/46/79 423/46/79 422/46/80
f 427/47/83 426/48/84 425/47/83
f 426/48/84 427/47/83 428/48/84
f 425/47/85 426/48/86 427/47/85
f 428/48/86 427/47/85 426/48/86
f 431/48/85 430/47/86 429/48/85
f 430/47/86 431/48/85 432/47/86
f 429/48/83 430/47/84 431/48/83
f 432/47/84 431/48/83 430/47/84
f 421/46/82 427/47/83 425/47/83
f 427/47/83 421/46/82 422/46/82
f 425/47/85 427/47/85 421/46/80
f 422/46/80 421/46/80 427/47/85
f 428/48/84 417/45/79 426/48/84
f 417/45/79 428/48/84 419/45/79
f 426/48/86 417/45/81 428/48/86
f 419/45/81 428/48/86 417/45/81
f 429/48/77 417/45/77 418/45/77
f 417/45/77 429/48/77 426/48/77
f 426/48/77 429/48/77 430/47/77
f 426/48/77 430/47/77 425/47/77
f 425/47/77 430/47/77 423/46/77
f 425/47/77 423/46/77 421/46/77
f 418/45/78 417/45/78 429/48/78
f 426/48/78 429/48/78 417/45/78
f 430/47/78 429/48/78 426/48/78
f 425/47/78 430/47/78 426/48/78
f 423/46/78 430/47/78 425/47/78
f 421/46/78 423/46/78 425/47/78
f 428/48/78 420/45/78 419/45/78
f 420/45/78 428/48/78 431/48/78
f 431/48/78 428/48/78 427/47/78
f 431/48/78 427/47/78 432/47/78
f 432/47/78 427/47/78 422/46/78
f 432/47/78 422/46/78 424/46/78
f 419/45/77 420/45/77 428/48/77
f 431/48/77 428/48/77 420/45/77
f 427/47/77 428/48/77 431/48/77
f 432/47/77 427/47/77 431/48/77
f 422/46/77 427/47/77 432/47/77
f 424/46/77 422/46/77 432/47/77
f 420/45/80 429/48/85 418/45/80
f 429/48/85 420/45/80 431/48/85
f 418/45/82 429/48/83 420/45/82
f 431/48/83 420/45/82 429/48/83
f 430/47/86 424/46/81 423/46/81
f 424/46/81 430/47/86 432/47/86
f 423/46/79 424/46/79 430/47/84
f 432/47/84 430/47/84 424/46/79
f 435/49/87 434/49/88 433/49/87
f 434/49/88 435/49/87 436/49/88
f 433/49/89 434/49/90 435/49/89
f 436/49/90 435/49/89 434/49/90
f 439/50/89 438/50/90 437/50/90
f 438/50/90 439/50/89 440/50/89
f 437/50/88 438/50/88 439/50/87
f 440/50/87 439/50/87 438/50/88
f 442/51/91 433/49/87 441/51/91
f 433/49/87 442/51/91 435/49/87
f 441/51/92 433/49/89 442/51/92
f 435/49/89 442/51/92 433/49/89
f 436/49/88 443/51/93 434/49/88
f 443/51/93 436/49/88 444/51/93
f 434/49/90 443/51/94 436/49/90
f 444/51/94 436/49/90 443/51/94
f 441/51/91 445/52/94 442/51/91
f 445/52/94 441/51/91 446/52/94
f 442/51/92 445/52/93 441/51/92
f 446/52/93 441/51/92 445/52/93
f 437/50/90 445/52/94 446/52/94
f 445/52/94 437/50/90 438/50/90
f 446/52/93 445/52/93 437/50/88
f 438/50/88 437/50/88 445/52/93
f 446/52/76 439/50/76 437/50/76
f 439/50/76 446/52/76 447/52/76
f 447/52/76 446/52/76 441/51/76
f 447/52/76 441/51/76 443/51/76
f 443/51/76 441/51/76 433/49/76
f 443/51/76 433/49/76 434/49/76
f 437/50/75 439/50/75 446/52/75
f 447/52/75 446/52/75 439/50/75
f 441/51/75 446/52/75 447/52/75
f 443/51/75 441/51/75 447/52/75
f 433/49/75 441/51/75 443/51/75
f 434/49/75 433/49/75 443/51/75
f 448/52/75 438/50/75 440/50/75
f 438/50/75 448/52/75 445/52/75
f 445/52/75 448/52/75 444/51/75
f 445/52/75 444/51/75 442/51/75
f 442/51/75 444/51/75 436/49/75
f 442/51/75 436/49/75 435/49/75
f 440/50/76 438/50/76 448/52/76
f 445/52/76 448/52/76 438/50/76
f 444/51/76 448/52/76 445/52/76
f 442/51/76 444/51/76 445/52/76
f 436/49/76 444/51/76 442/51/76
f 435/49/76 436/49/76 442/51/76
f 447/52/92 440/50/89 439/50/89
f 440/50/89 447/52/92 448/52/92
f 439/50/87 440/50/87 447/52/91
f 448/52/91 447/52/91 440/50/87
f 447/52/92 444/51/93 448/52/92
f 444/51/93 447/52/92 443/51/93
f 448/52/91 444/51/94 447/52/91
f 443/51/94 447/52/91 444/51/94
f 451/53/79 450/53/80 449/53/79
f 450/53/80 451/53/79 452/53/80
f 449/53/81 450/53/82 451/53/81
f 452/53/82 451/53/81 450/53/82
f 455/54/81 454/54/82 453/54/82
f 454/54/82 455/54/81 456/54/81
f 453/54/80 454/54/80 455/54/79
f 456/54/79 455/54/79 454/54/80
f 453/54/82 458/55/83 457/55/83
f 458/55/83 453/54/82 454/54/82
f 457/55/85 458/55/85 453/54/80
f 454/54/80 453/54/80 458/55/85
f 460/56/84 449/53/79 459/56/84
f 449/53/79 460/56/84 451/53/79
f 459/56/86 449/53/81 460/56/86
f 451/53/81 460/56/86 449/53/81
f 463/56/85 462/55/86 461/56/85
f 462/55/86 463/56/85 464/55/86
f 461/56/83 462/55/84 463/56/83
f 464/55/84 463/56/83 462/55/84
f 458/55/83 459/56/84 457/55/83
f 459/56/84 458/55/83 460/56/84
f 457/55/85 459/56/86 458/55/85
f 460/56/86 458/55/85 459/56/86
f 461/56/77 449/53/77 450/53/77
f 449/53/77 461/56/77 459/56/77
f 459/56/77 461/56/77 462/55/77
f 459/56/77 462/55/77 457/55/77
f 457/55/77 462/55/77 455/54/77
f 457/55/77 455/54/77 453/54/77
f 450/53/78 449/53/78 461/56/78
f 459/56/78 461/56/78 449/53/78
f 462/55/78 461/56/78 459/56/78
f 457/55/78 462/55/78 459/56/78
f 455/54/78 462/55/78 457/55/78
f 453/54/78 455/54/78 457/55/78
f 452/53/80 461/56/85 450/53/80
f 461/56/85 452/53/80 463/56/85
f 450/53/82 461/56/83 452/53/82
f 463/56/83 452/53/82 461/56/83
f 460/56/78 452/53/78 451/53/78
f 452/53/78 460/56/78 463/56/78
f 463/56/78 460/56/78 458/55/78
f 463/56/78 458/55/78 464/55/78
f 464/55/78 458/55/78 454/54/78
f 464/55/78 454/54/78 456/54/78
f 451/53/77 452/53/77 460/56/77
f 463/56/77 460/56/77 452/53/77
f 458/55/77 460/56/77 463/56/77
f 464/55/77 458/55/77 463/56/77
f 454/54/77 458/55/77 464/55/77
f 456/54/77 454/54/77 464/55/77
f 462/55/86 456/54/81 455/54/81
f 456/54/81 462/55/86 464/55/86
f 455/54/79 456/54/79 462/55/84
f 464/55/84 462/55/84 456/54/79
f 488/65/77 487/62/77 470/9/77
f 488/65/77 470/9/77 486/65/77
f 485/63/77 470/9/77 487/62/77
f 470/9/77 472/9/22 486/65/77
f 468/57/97 470/9/77 485/63/77
f 486/65/77 472/9/22 481/62/77
f 468/57/97 481/62/77 472/9/22
f 484/64/77 468/57/97 485/63/77
f 483/64/77 468/57/97 484/64/77
f 483/64/77 482/63/77 468/57/97
f 482/63/77 481/62/77 468/57/97
f 470/9/78 487/62/78 488/65/78
f 486/65/78 470/9/78 488/65/78
f 487/62/78 470/9/78 485/63/78
f 486/65/78 472/9/21 470/9/78
f 485/63/78 470/9/78 468/57/98
f 481/62/78 472/9/21 486/65/78
f 472/9/21 481/62/78 468/57/98
f 485/63/78 468/57/98 484/64/78
f 484/64/78 468/57/98 483/64/78
f 468/57/98 482/63/78 483/64/78
f 468/57/98 481/62/78 482/63/78
f 479/60/76 468/57/98 480/61/76
f 480/61/76 468/57/98 478/61/76
f 476/59/76 468/57/98 479/60/76
f 469/10/76 478/61/76 468/57/98
f 469/10/76 477/60/76 478/61/76
f 469/10/76 475/59/76 477/60/76
f 471/9/76 475/59/76 469/10/76
f 473/58/76 468/57/98 476/59/76
f 475/59/76 471/9/76 474/58/76
f 474/58/76 471/9/76 473/58/76
f 471/9/76 468/57/98 473/58/76
f 468/57/98 471/9/76 472/9/21
f 480/61/75 468/57/97 479/60/75
f 478/61/75 468/57/97 480/61/75
f 479/60/75 468/57/97 476/59/75
f 468/57/97 478/61/75 469/10/75
f 478/61/75 477/60/75 469/10/75
f 477/60/75 475/59/75 469/10/75
f 469/10/75 475/59/75 471/9/75
f 476/59/75 468/57/97 473/58/75
f 474/58/75 471/9/75 475/59/75
f 473/58/75 471/9/75 474/58/75
f 473/58/75 468/57/97 471/9/75
f 472/9/22 471/9/75 468/57/97
f 471/9/20 467/10/20 465/9/20
f 467/10/20 471/9/20 469/10/20
f 465/9/19 467/10/19 471/9/19
f 469/10/19 471/9/19 467/10/19
f 469/10/96 466/9/96 467/10/96
f 469/10/96 470/9/96 466/9/96
f 470/9/96 469/10/96 468/57/96
f 467/10/95 466/9/95 469/10/95
f 466/9/95 470/9/95 469/10/95
f 468/57/95 469/10/95 470/9/95
f 467/10/22 466/9/22 465/9/22
f 465/9/21 466/9/21 467/10/21
f 497/66/100 500/67/99 498/67/99
f 500/67/99 497/66/100 504/66/100
f 498/67/102 500/67/102 497/66/101
f 504/66/101 497/66/101 500/67/102
f 499/68/104 504/66/104 500/67/104
f 499/68/104 503/70/104 504/66/104
f 501/68/104 503/70/104 499/68/104
f 501/68/104 502/70/104 503/70/104
f 492/67/104 502/70/104 501/68/104
f 502/70/104 492/67/104 490/66/104
f 500/67/103 504/66/103 499/68/103
f 504/66/103 503/70/103 499/68/103
f 499/68/103 503/70/103 501/68/103
f 503/70/103 502/70/103 501/68/103
f 501/68/103 502/70/103 492/67/103
f 490/66/103 492/67/103 502/70/103
f 496/69/107 504/66/100 497/66/100
f 504/66/100 496/69/107 503/70/107
f 497/66/101 504/66/101 496/69/108
f 503/70/108 496/69/108 504/66/101
f 502/70/105 496/69/107 494/69/105
f 496/69/107 502/70/105 503/70/107
f 494/69/106 496/69/108 502/70/106
f 503/70/108 502/70/106 496/69/108
f 495/68/106 501/68/108 493/68/108
f 501/68/108 495/68/106 499/68/106
f 493/68/107 501/68/107 495/68/105
f 499/68/105 495/68/105 501/68/107
f 490/66/102 494/69/105 489/66/102
f 494/69/105 490/66/102 502/70/105
f 489/66/99 494/69/106 490/66/99
f 502/70/106 490/66/99 494/69/106
f 501/68/108 491/67/101 493/68/108
f 491/67/101 501/68/108 492/67/101
f 493/68/107 491/67/100 501/68/107
f 492/67/100 501/68/107 491/67/100
f 500/67/99 495/68/106 498/67/99
f 495/68/106 500/67/99 499/68/106
f 498/67/102 495/68/105 500/67/102
f 499/68/105 500/67/102 495/68/105
f 495/68/104 497/66/104 498/67/104
f 495/68/104 496/69/104 497/66/104
f 495/68/104 494/69/104 496/69/104
f 493/68/104 494/69/104 495/68/104
f 493/68/104 489/66/104 494/69/104
f 489/66/104 493/68/104 491/67/104
f 498/67/103 497/66/103 495/68/103
f 497/66/103 496/69/103 495/68/103
f 496/69/103 494/69/103 495/68/103
f 495/68/103 494/69/103 493/68/103
f 494/69/103 489/66/103 493/68/103
f 491/67/103 493/68/103 489/66/103
f 490/66/102 491/67/101 492/67/101
f 491/67/101 490/66/102 489/66/102
f 492/67/100 491/67/100 490/66/99
f 489/66/99 490/66/99 491/67/100
f 516/73/109 509/71/116 510/71/116
f 509/71/116 516/73/109 520/73/109
f 510/71/113 509/71/113 516/73/111
f 520/73/111 516/73/111 509/71/113
f 511/72/118 520/73/118 509/71/118
f 511/72/118 519/74/118 520/73/118
f 506/72/118 519/74/118 511/72/118
f 506/72/118 517/74/118 519/74/118
f 505/71/118 517/74/118 506/72/118
f 517/74/118 505/71/118 518/73/118
f 509/71/117 520/73/117 511/72/117
f 520/73/117 519/74/117 511/72/117
f 511/72/117 519/74/117 506/72/117
f 519/74/117 517/74/117 506/72/117
f 506/72/117 517/74/117 505/71/117
f 518/73/117 505/71/117 517/74/117
f 514/74/114 519/74/110 515/74/110
f 519/74/110 514/74/114 517/74/114
f 515/74/112 519/74/112 514/74/115
f 517/74/115 514/74/115 519/74/112
f 518/73/113 507/71/111 505/71/111
f 507/71/111 518/73/113 513/73/113
f 505/71/109 507/71/109 518/73/116
f 513/73/116 518/73/116 507/71/109
f 515/74/110 520/73/109 516/73/109
f 520/73/109 515/74/110 519/74/110
f 516/73/111 520/73/111 515/74/112
f 519/74/112 515/74/112 520/73/111
f 511/72/115 508/72/112 512/72/115
f 508/72/112 511/72/115 506/72/112
f 512/72/114 508/72/110 511/72/114
f 506/72/110 511/72/114 508/72/110
f 518/73/113 514/74/114 513/73/113
f 514/74/114 518/73/113 517/74/114
f 513/73/116 514/74/115 518/73/116
f 517/74/115 518/73/116 514/74/115
f 512/72/118 516/73/118 510/71/118
f 512/72/118 515/74/118 516/73/118
f 508/72/118 515/74/118 512/72/118
f 508/72/118 514/74/118 515/74/118
f 507/71/118 514/74/118 508/72/118
f 514/74/118 507/71/118 513/73/118
f 510/71/117 516/73/117 512/72/117
f 516/73/117 515/74/117 512/72/117
f 512/72/117 515/74/117 508/72/117
f 515/74/117 514/74/117 508/72/117
f 508/72/117 514/74/117 507/71/117
f 513/73/117 507/71/117 514/74/117
f 510/71/116 511/72/115 512/72/115
f 511/72/115 510/71/116 509/71/116
f 512/72/114 511/72/114 510/71/113
f 509/71/113 510/71/113 511/72/114
f 506/72/112 507/71/111 508/72/112
f 507/71/111 506/72/112 505/71/111
f 508/72/110 507/71/109 506/72/110
f 505/71/109 506/72/110 507/71/109
f 523/10/52 522/9/52 521/9/52
f 521/9/50 522/9/50 523/10/50
f 526/9/119 525/10/119 524/57/119
f 525/10/119 526/9/119 522/9/119
f 525/10/119 522/9/119 523/10/119
f 524/57/120 525/10/120 526/9/120
f 522/9/120 526/9/120 525/10/120
f 523/10/120 522/9/120 525/10/120
f 523/10/47 527/9/47 525/10/47
f 527/9/47 523/10/47 521/9/47
f 525/10/48 527/9/48 523/10/48
f 521/9/48 523/10/48 527/9/48
f 524/57/121 527/9/57 528/9/50
f 527/9/57 524/57/121 529/58/57
f 530/58/57 527/9/57 529/58/57
f 531/59/57 527/9/57 530/58/57
f 529/58/57 524/57/121 532/59/57
f 527/9/57 531/59/57 525/10/57
f 525/10/57 531/59/57 533/60/57
f 525/10/57 533/60/57 534/61/57
f 525/10/57 534/61/57 524/57/121
f 532/59/57 524/57/121 535/60/57
f 536/61/57 524/57/121 534/61/57
f 535/60/57 524/57/121 536/61/57
f 528/9/52 527/9/58 524/57/122
f 529/58/58 524/57/122 527/9/58
f 529/58/58 527/9/58 530/58/58
f 530/58/58 527/9/58 531/59/58
f 532/59/58 524/57/122 529/58/58
f 525/10/58 531/59/58 527/9/58
f 533/60/58 531/59/58 525/10/58
f 534/61/58 533/60/58 525/10/58
f 524/57/122 534/61/58 525/10/58
f 535/60/58 524/57/122 532/59/58
f 534/61/58 524/57/122 536/61/58
f 536/61/58 524/57/122 535/60/58
f 538/63/56 537/62/56 524/57/122
f 539/64/56 538/63/56 524/57/122
f 539/64/56 524/57/122 540/64/56
f 540/64/56 524/57/122 541/63/56
f 524/57/122 537/62/56 528/9/52
f 542/65/56 528/9/52 537/62/56
f 524/57/122 526/9/56 541/63/56
f 526/9/56 528/9/52 542/65/56
f 541/63/56 526/9/56 543/62/56
f 544/65/56 526/9/56 542/65/56
f 544/65/56 543/62/56 526/9/56
f 524/57/121 537/62/55 538/63/55
f 524/57/121 538/63/55 539/64/55
f 540/64/55 524/57/121 539/64/55
f 541/63/55 524/57/121 540/64/55
f 528/9/50 537/62/55 524/57/121
f 537/62/55 528/9/50 542/65/55
f 541/63/55 526/9/55 524/57/121
f 542/65/55 528/9/50 526/9/55
f 543/62/55 526/9/55 541/63/55
f 542/65/55 526/9/55 544/65/55
f 526/9/55 543/62/55 544/65/55
f 547/67/124 546/66/123 545/66/123
f 546/66/123 547/67/124 548/67/124
f 545/66/126 546/66/126 547/67/125
f 548/67/125 547/67/125 546/66/126
f 545/66/127 549/68/127 547/67/127
f 549/68/127 545/66/127 550/69/127
f 549/68/127 550/69/127 551/68/127
f 551/68/127 550/69/127 552/69/127
f 551/68/127 552/69/127 553/66/127
f 551/68/127 553/66/127 554/67/127
f 547/67/128 549/68/128 545/66/128
f 550/69/128 545/66/128 549/68/128
f 551/68/128 550/69/128 549/68/128
f 552/69/128 550/69/128 551/68/128
f 553/66/128 552/69/128 551/68/128
f 554/67/128 553/66/128 551/68/128
f 551/68/129 556/67/126 555/68/129
f 556/67/126 551/68/129 554/67/126
f 555/68/130 556/67/123 551/68/130
f 554/67/123 551/68/130 556/67/123
f 547/67/124 557/68/131 548/67/124
f 557/68/131 547/67/124 549/68/131
f 548/67/125 557/68/132 547/67/125
f 549/68/132 547/67/125 557/68/132
f 550/69/130 546/66/123 558/70/130
f 546/66/123 550/69/130 545/66/123
f 558/70/129 546/66/126 550/69/129
f 545/66/126 550/69/129 546/66/126
f 557/68/131 551/68/129 555/68/129
f 551/68/129 557/68/131 549/68/131
f 555/68/130 551/68/130 557/68/132
f 549/68/132 557/68/132 551/68/130
f 552/69/132 558/70/130 559/70/132
f 558/70/130 552/69/132 550/69/130
f 559/70/131 558/70/129 552/69/131
f 550/69/129 552/69/131 558/70/129
f 560/66/125 552/69/132 559/70/132
f 552/69/132 560/66/125 553/66/125
f 559/70/131 552/69/131 560/66/124
f 553/66/124 560/66/124 552/69/131
f 558/70/127 548/67/127 546/66/127
f 548/67/127 558/70/127 557/68/127
f 557/68/127 558/70/127 559/70/127
f 557/68/127 559/70/127 555/68/127
f 555/68/127 559/70/127 560/66/127
f 555/68/127 560/66/127 556/67/127
f 546/66/128 548/67/128 558/70/128
f 557/68/128 558/70/128 548/67/128
f 559/70/128 558/70/128 557/68/128
f 555/68/128 559/70/128 557/68/128
f 560/66/128 559/70/128 555/68/128
f 556/67/128 560/66/128 555/68/128
f 556/67/126 553/66/125 560/66/125
f 553/66/125 556/67/126 554/67/126
f 560/66/124 553/66/124 556/67/123
f 554/67/123 556/67/123 553/66/124
f 563/71/133 562/72/134 561/71/133
f 562/72/134 563/71/133 564/72/134
f 561/71/135 562/72/136 563/71/135
f 564/72/136 563/71/135 562/72/136
f 567/72/138 566/71/137 565/71/137
f 566/71/137 567/72/138 568/72/138
f 565/71/140 566/71/140 567/72/139
f 568/72/139 567/72/139 566/71/140
f 570/74/141 563/71/141 569/73/141
f 563/71/141 570/74/141 564/72/141
f 564/72/141 570/74/141 571/74/141
f 564/72/141 571/74/141 568/72/141
f 568/72/141 571/74/141 572/73/141
f 568/72/141 572/73/141 566/71/141
f 569/73/142 563/71/142 570/74/142
f 564/72/142 570/74/142 563/71/142
f 571/74/142 570/74/142 564/72/142
f 568/72/142 571/74/142 564/72/142
f 572/73/142 571/74/142 568/72/142
f 566/71/142 572/73/142 568/72/142
f 570/74/139 574/73/140 573/74/139
f 574/73/140 570/74/139 569/73/140
f 573/74/138 574/73/137 570/74/138
f 569/73/137 570/74/138 574/73/137
f 564/72/134 567/72/138 562/72/134
f 567/72/138 564/72/134 568/72/138
f 562/72/136 567/72/139 564/72/136
f 568/72/139 564/72/136 567/72/139
f 576/73/135 571/74/136 575/74/136
f 571/74/136 576/73/135 572/73/135
f 575/74/134 571/74/134 576/73/133
f 572/73/133 576/73/133 571/74/134
f 563/71/133 574/73/140 569/73/140
f 574/73/140 563/71/133 561/71/133
f 569/73/137 574/73/137 563/71/135
f 561/71/135 563/71/135 574/73/137
f 575/74/136 570/74/139 573/74/139
f 570/74/139 575/74/136 571/74/136
f 573/74/138 570/74/138 575/74/134
f 571/74/134 575/74/134 570/74/138
f 573/74/141 561/71/141 574/73/141
f 561/71/141 573/74/141 562/72/141
f 562/72/141 573/74/141 575/74/141
f 562/72/141 575/74/141 567/72/141
f 567/72/141 575/74/141 576/73/141
f 567/72/141 576/73/141 565/71/141
f 574/73/142 561/71/142 573/74/142
f 562/72/142 573/74/142 561/71/142
f 575/74/142 573/74/142 562/72/142
f 567/72/142 575/74/142 562/72/142
f 576/73/142 575/74/142 567/72/142
f 565/71/142 576/73/142 567/72/142
f 565/71/137 572/73/135 576/73/135
f 572/73/135 565/71/137 566/71/137
f 576/73/133 572/73/133 565/71/140
f 566/71/140 565/71/140 572/73/133
f 618/26/146 594/9/50 617/25/146
f 616/26/146 594/9/50 618/26/146
f 585/10/50 617/25/146 594/9/50
f 594/9/50 616/26/146 577/9/146
f 609/21/146 617/25/146 585/10/50
f 612/24/146 617/25/146 609/21/146
f 615/25/146 577/9/146 616/26/146
f 578/10/146 577/9/146 615/25/146
f 614/24/146 578/10/146 615/25/146
f 613/23/146 578/10/146 614/24/146
f 610/23/146 578/10/146 613/23/146
f 610/23/146 612/24/146 609/21/146
f 611/22/146 610/23/146 609/21/146
f 608/22/146 610/23/146 611/22/146
f 600/15/146 578/10/146 610/23/146
f 608/22/146 603/19/146 610/23/146
f 603/19/146 600/15/146 610/23/146
f 604/20/146 609/21/146 585/10/50
f 607/21/146 603/19/146 608/22/146
f 606/20/146 603/19/146 607/21/146
f 605/18/146 603/19/146 606/20/146
f 601/18/146 603/19/146 605/18/146
f 601/18/146 604/20/146 585/10/50
f 603/19/146 601/18/146 602/19/146
f 602/19/146 601/18/146 595/15/146
f 595/15/146 601/18/146 585/10/50
f 599/16/146 578/10/146 600/15/146
f 598/17/146 578/10/146 599/16/146
f 597/17/146 578/10/146 598/17/146
f 578/10/146 597/17/146 585/10/50
f 597/17/146 596/16/146 585/10/50
f 596/16/146 595/15/146 585/10/50
f 617/25/145 594/9/52 618/26/145
f 618/26/145 594/9/52 616/26/145
f 594/9/52 617/25/145 585/10/52
f 577/9/145 616/26/145 594/9/52
f 585/10/52 617/25/145 609/21/145
f 609/21/145 617/25/145 612/24/145
f 616/26/145 577/9/145 615/25/145
f 615/25/145 577/9/145 578/10/145
f 615/25/145 578/10/145 614/24/145
f 614/24/145 578/10/145 613/23/145
f 613/23/145 578/10/145 610/23/145
f 609/21/145 612/24/145 610/23/145
f 609/21/145 610/23/145 611/22/145
f 611/22/145 610/23/145 608/22/145
f 610/23/145 578/10/145 600/15/145
f 610/23/145 603/19/145 608/22/145
f 610/23/145 600/15/145 603/19/145
f 585/10/52 609/21/145 604/20/145
f 608/22/145 603/19/145 607/21/145
f 607/21/145 603/19/145 606/20/145
f 606/20/145 603/19/145 605/18/145
f 605/18/145 603/19/145 601/18/145
f 585/10/52 604/20/145 601/18/145
f 602/19/145 601/18/145 603/19/145
f 595/15/145 601/18/145 602/19/145
f 585/10/52 601/18/145 595/15/145
f 600/15/145 578/10/145 599/16/145
f 599/16/145 578/10/145 598/17/145
f 598/17/145 578/10/145 597/17/145
f 585/10/52 597/17/145 578/10/145
f 585/10/52 596/16/145 597/17/145
f 585/10/52 595/15/145 596/16/145
f 588/13/144 587/12/144 581/10/144
f 587/12/144 586/11/144 581/10/144
f 585/10/50 588/13/144 581/10/144
f 581/10/144 586/11/144 582/9/144
f 588/13/144 585/10/50 591/13/144
f 591/13/144 585/10/50 592/12/144
f 592/12/144 585/10/50 593/11/144
f 589/14/144 582/9/144 586/11/144
f 590/14/144 582/9/144 589/14/144
f 590/14/144 593/11/144 582/9/144
f 585/10/50 594/9/50 593/11/144
f 582/9/144 593/11/144 594/9/50
f 593/11/143 594/9/52 585/10/52
f 594/9/52 593/11/143 582/9/143
f 593/11/143 585/10/52 592/12/143
f 582/9/143 593/11/143 590/14/143
f 592/12/143 585/10/52 591/13/143
f 591/13/143 585/10/52 588/13/143
f 589/14/143 582/9/143 590/14/143
f 586/11/143 582/9/143 589/14/143
f 581/10/143 588/13/143 585/10/52
f 582/9/143 586/11/143 581/10/143
f 581/10/143 587/12/143 588/13/143
f 581/10/143 586/11/143 587/12/143
f 580/10/2 585/10/2 578/10/2
f 580/10/2 581/10/2 585/10/2
f 581/10/2 580/10/2 583/10/2
f 578/10/1 585/10/1 580/10/1
f 585/10/1 581/10/1 580/10/1
f 583/10/1 580/10/1 581/10/1
f 579/9/50 583/10/50 580/10/50
f 583/10/50 579/9/50 584/9/50
f 580/10/52 583/10/52 579/9/52
f 584/9/52 579/9/52 583/10/52
f 582/9/47 583/10/47 584/9/47
f 583/10/47 582/9/47 581/10/47
f 584/9/48 583/10/48 582/9/48
f 581/10/48 582/9/48 583/10/48
f 578/10/48 579/9/48 580/10/48
f 579/9/48 578/10/48 577/9/48
f 580/10/47 579/9/47 578/10/47
f 577/9/47 578/10/47 579/9/47
f 619/27/150 632/30/151 627/30/151
f 632/30/151 619/27/150 620/27/150
f 627/30/152 632/30/152 619/27/147
f 620/27/147 619/27/147 632/30/152
f 633/30/155 630/27/148 629/30/155
f 630/27/148 633/30/155 634/27/148
f 629/30/156 630/27/149 633/30/156
f 634/27/149 633/30/156 630/27/149
f 630/27/148 623/28/147 624/28/147
f 623/28/147 630/27/148 634/27/148
f 624/28/150 623/28/150 630/27/149
f 634/27/149 630/27/149 623/28/150
f 632/30/151 629/30/155 627/30/151
f 629/30/155 632/30/151 633/30/155
f 627/30/152 629/30/156 632/30/152
f 633/30/156 632/30/152 629/30/156
f 625/29/154 634/27/154 623/28/154
f 625/29/154 633/30/154 634/27/154
f 631/29/154 633/30/154 625/29/154
f 631/29/154 632/30/154 633/30/154
f 622/28/154 632/30/154 631/29/154
f 632/30/154 622/28/154 620/27/154
f 623/28/153 634/27/153 625/29/153
f 634/27/153 633/30/153 625/29/153
f 625/29/153 633/30/153 631/29/153
f 633/30/153 632/30/153 631/29/153
f 631/29/153 632/30/153 622/28/153
f 620/27/153 622/28/153 632/30/153
f 631/29/156 621/28/149 628/29/156
f 621/28/149 631/29/156 622/28/149
f 628/29/155 621/28/148 631/29/155
f 622/28/148 631/29/155 621/28/148
f 626/29/152 631/29/156 628/29/156
f 631/29/156 626/29/152 625/29/152
f 628/29/155 631/29/155 626/29/151
f 625/29/151 626/29/151 631/29/155
f 626/29/154 630/27/154 624/28/154
f 626/29/154 629/30/154 630/27/154
f 628/29/154 629/30/154 626/29/154
f 628/29/154 627/30/154 629/30/154
f 621/28/154 627/30/154 628/29/154
f 627/30/154 621/28/154 619/27/154
f 624/28/153 630/27/153 626/29/153
f 630/27/153 629/30/153 626/29/153
f 626/29/153 629/30/153 628/29/153
f 629/30/153 627/30/153 628/29/153
f 628/29/153 627/30/153 621/28/153
f 619/27/153 621/28/153 627/30/153
f 624/28/147 625/29/152 626/29/152
f 625/29/152 624/28/147 623/28/147
f 626/29/151 625/29/151 624/28/150
f 623/28/150 624/28/150 625/29/151
f 620/27/150 621/28/149 622/28/149
f 621/28/149 620/27/150 619/27/150
f 622/28/148 621/28/148 620/27/147
f 619/27/147 620/27/147 621/28/148
f 645/34/165 635/31/160 636/31/160
f 635/31/160 645/34/165 650/34/165
f 636/31/157 635/31/157 645/34/166
f 650/34/166 645/34/166 635/31/157
f 647/34/161 645/34/165 643/34/161
f 645/34/165 647/34/161 650/34/165
f 643/34/162 645/34/166 647/34/162
f 650/34/166 647/34/162 645/34/166
f 639/33/164 635/31/164 637/32/164
f 639/33/164 650/34/164 635/31/164
f 648/33/164 650/34/164 639/33/164
f 648/33/164 647/34/164 650/34/164
f 649/32/164 647/34/164 648/33/164
f 647/34/164 649/32/164 646/31/164
f 637/32/163 635/31/163 639/33/163
f 635/31/163 650/34/163 639/33/163
f 639/33/163 650/34/163 648/33/163
f 650/34/163 647/34/163 648/33/163
f 648/33/163 647/34/163 649/32/163
f 646/31/163 649/32/163 647/34/163
f 648/33/166 642/32/157 644/33/166
f 642/32/157 648/33/166 649/32/157
f 644/33/165 642/32/160 648/33/165
f 649/32/160 648/33/165 642/32/160
f 646/31/158 642/32/157 649/32/157
f 642/32/157 646/31/158 641/31/158
f 649/32/160 642/32/160 646/31/159
f 641/31/159 646/31/159 642/32/160
f 640/33/162 648/33/166 644/33/166
f 648/33/166 640/33/162 639/33/162
f 644/33/165 648/33/165 640/33/161
f 639/33/161 640/33/161 648/33/165
f 641/31/158 647/34/161 643/34/161
f 647/34/161 641/31/158 646/31/158
f 643/34/162 647/34/162 641/31/159
f 646/31/159 641/31/159 647/34/162
f 640/33/164 636/31/164 638/32/164
f 640/33/164 645/34/164 636/31/164
f 644/33/164 645/34/164 640/33/164
f 644/33/164 643/34/164 645/34/164
f 642/32/164 643/34/164 644/33/164
f 643/34/164 642/32/164 641/31/164
f 638/32/163 636/31/163 640/33/163
f 636/31/163 645/34/163 640/33/163
f 640/33/163 645/34/163 644/33/163
f 645/34/163 643/34/163 644/33/163
f 644/33/163 643/34/163 642/32/163
f 641/31/163 642/32/163 643/34/163
f 637/32/159 640/33/162 638/32/159
f 640/33/162 637/32/159 639/33/162
f 638/32/158 640/33/161 637/32/158
f 639/33/161 637/32/158 640/33/161
f 636/31/160 637/32/159 638/32/159
f 637/32/159 636/31/160 635/31/160
f 638/32/158 637/32/158 636/31/157
f 635/31/157 636/31/157 637/32/158
f 655/37/166 663/36/157 657/37/166
f 663/36/157 655/37/166 664/36/157
f 657/37/165 663/36/160 655/37/165
f 664/36/160 655/37/165 663/36/160
f 666/38/161 660/38/165 665/38/161
f 660/38/165 666/38/161 659/38/165
f 665/38/162 660/38/166 666/38/162
f 659/38/166 666/38/162 660/38/166
f 662/35/158 665/38/161 661/35/158
f 665/38/161 662/35/158 666/38/161
f 661/35/159 665/38/162 662/35/159
f 666/38/162 662/35/159 665/38/162
f 656/37/164 651/35/164 653/36/164
f 656/37/164 659/38/164 651/35/164
f 655/37/164 659/38/164 656/37/164
f 655/37/164 666/38/164 659/38/164
f 664/36/164 666/38/164 655/37/164
f 666/38/164 664/36/164 662/35/164
f 653/36/163 651/35/163 656/37/163
f 651/35/163 659/38/163 656/37/163
f 656/37/163 659/38/163 655/37/163
f 659/38/163 666/38/163 655/37/163
f 655/37/163 666/38/163 664/36/163
f 662/35/163 664/36/163 666/38/163
f 658/37/164 652/35/164 654/36/164
f 658/37/164 660/38/164 652/35/164
f 657/37/164 660/38/164 658/37/164
f 657/37/164 665/38/164 660/38/164
f 663/36/164 665/38/164 657/37/164
f 665/38/164 663/36/164 661/35/164
f 654/36/163 652/35/163 658/37/163
f 652/35/163 660/38/163 658/37/163
f 658/37/163 660/38/163 657/37/163
f 660/38/163 665/38/163 657/37/163
f 657/37/163 665/38/163 663/36/163
f 661/35/163 663/36/163 665/38/163
f 662/35/158 663/36/157 664/36/157
f 663/36/157 662/35/158 661/35/158
f 664/36/160 663/36/160 662/35/159
f 661/35/159 662/35/159 663/36/160
f 653/36/159 658/37/162 654/36/159
f 658/37/162 653/36/159 656/37/162
f 654/36/158 658/37/161 653/36/158
f 656/37/161 653/36/158 658/37/161
f 660/38/165 651/35/160 652/35/160
f 651/35/160 660/38/165 659/38/165
f 652/35/157 651/35/157 660/38/166
f 659/38/166 660/38/166 651/35/157
f 656/37/162 657/37/166 658/37/162
f 657/37/166 656/37/162 655/37/166
f 658/37/161 657/37/165 656/37/161
f 655/37/165 656/37/161 657/37/165
f 652/35/160 653/36/159 654/36/159
f 653/36/159 652/35/160 651/35/160
f 654/36/158 653/36/158 652/35/157
f 651/35/157 652/35/157 653/36/158
f 670/42/166 676/40/157 678/42/166
f 676/40/157 670/42/166 668/40/157
f 678/42/165 676/40/160 670/42/165
f 668/40/160 670/42/165 676/40/160
f 681/39/160 674/40/159 682/40/159
f 674/40/159 681/39/160 673/39/160
f 682/40/158 674/40/158 681/39/157
f 673/39/157 681/39/157 674/40/158
f 667/39/158 676/40/157 668/40/157
f 676/40/157 667/39/158 675/39/158
f 668/40/160 676/40/160 667/39/159
f 675/39/159 667/39/159 676/40/160
f 669/41/161 679/41/165 677/41/161
f 679/41/165 669/41/161 671/41/165
f 677/41/162 679/41/166 669/41/162
f 671/41/166 669/41/162 679/41/166
f 674/40/159 680/42/162 682/40/159
f 680/42/162 674/40/159 672/42/162
f 682/40/158 680/42/161 674/40/158
f 672/42/161 674/40/158 680/42/161
f 679/41/165 673/39/160 681/39/160
f 673/39/160 679/41/165 671/41/165
f 681/39/157 673/39/157 679/41/166
f 671/41/166 679/41/166 673/39/157
f 672/42/162 678/42/166 680/42/162
f 678/42/166 672/42/162 670/42/166
f 680/42/161 678/42/165 672/42/161
f 670/42/165 672/42/161 678/42/165
f 667/39/158 677/41/161 675/39/158
f 677/41/161 667/39/158 669/41/161
f 675/39/159 677/41/162 667/39/159
f 669/41/162 667/39/159 677/41/162
f 680/42/164 681/39/164 682/40/164
f 680/42/164 679/41/164 681/39/164
f 678/42/164 679/41/164 680/42/164
f 678/42/164 677/41/164 679/41/164
f 676/40/164 677/41/164 678/42/164
f 677/41/164 676/40/164 675/39/164
f 682/40/163 681/39/163 680/42/163
f 681/39/163 679/41/163 680/42/163
f 680/42/163 679/41/163 678/42/163
f 679/41/163 677/41/163 678/42/163
f 678/42/163 677/41/163 676/40/163
f 675/39/163 676/40/163 677/41/163
f 672/42/164 673/39/164 674/40/164
f 672/42/164 671/41/164 673/39/164
f 670/42/164 671/41/164 672/42/164
f 670/42/164 669/41/164 671/41/164
f 668/40/164 669/41/164 670/42/164
f 669/41/164 668/40/164 667/39/164
f 674/40/163 673/39/163 672/42/163
f 673/39/163 671/41/163 672/42/163
f 672/42/163 671/41/163 670/42/163
f 671/41/163 669/41/163 670/42/163
f 670/42/163 669/41/163 668/40/163
f 667/39/163 668/40/163 669/41/163
f 685/75/1 684/75/1 683/75/1
f 684/75/1 685/75/1 686/75/1
f 683/75/2 684/75/2 685/75/2
f 686/75/2 685/75/2 684/75/2
f 688/75/1 683/75/1 687/75/1
f 683/75/1 688/75/1 685/75/1
f 687/75/2 683/75/2 688/75/2
f 685/75/2 688/75/2 683/75/2
f 691/75/169 690/76/168 689/75/167
f 690/76/168 691/75/169 692/76/170
f 689/75/173 690/76/172 691/75/171
f 692/76/174 691/75/171 690/76/172
f 694/76/176 691/75/169 693/75/175
f 691/75/169 694/76/176 692/76/170
f 693/75/178 691/75/171 694/76/177
f 692/76/174 694/76/177 691/75/171
f 697/77/181 696/75/180 695/75/179
f 696/75/180 697/77/181 698/77/182
f 695/75/185 696/75/184 697/77/183
f 698/77/186 697/77/183 696/75/184
f 696/75/180 700/77/188 699/75/187
f 700/77/188 696/75/180 698/77/182
f 699/75/190 700/77/189 696/75/184
f 698/77/186 696/75/184 700/77/189
f 703/75/193 702/77/192 701/75/191
f 702/77/192 703/75/193 704/77/194
f 701/75/197 702/77/196 703/75/195
f 704/77/198 703/75/195 702/77/196
f 702/77/192 706/77/200 705/77/199
f 706/77/200 702/77/192 704/77/194
f 705/77/202 706/77/201 702/77/196
f 704/77/198 702/77/196 706/77/201
f 706/77/200 703/75/193 707/75/203
f 703/75/193 706/77/200 704/77/194
f 707/75/204 703/75/195 706/77/201
f 704/77/198 706/77/201 703/75/195
f 702/77/192 708/75/205 701/75/191
f 708/75/205 702/77/192 705/77/199
f 701/75/197 708/75/206 702/77/196
f 705/77/202 702/77/196 708/75/206
f 705/77/199 707/75/203 708/75/205
f 707/75/203 705/77/199 706/77/200
f 708/75/206 707/75/204 705/77/202
f 706/77/201 705/77/202 707/75/204
f 710/77/208 695/75/179 709/75/207
f 695/75/179 710/77/208 697/77/181
f 709/75/210 695/75/185 710/77/209
f 697/77/183 710/77/209 695/75/185
f 690/76/168 711/75/211 689/75/167
f 711/75/211 690/76/168 712/76/212
f 689/75/173 711/75/213 690/76/172
f 712/76/214 690/76/172 711/75/213
f 700/77/188 709/75/207 699/75/187
f 709/75/207 700/77/188 710/77/208
f 699/75/190 709/75/210 700/77/189
f 710/77/209 700/77/189 709/75/210
f 700/77/188 697/77/181 710/77/208
f 697/77/181 700/77/188 698/77/182
f 710/77/209 697/77/183 700/77/189
f 698/77/186 700/77/189 697/77/183
f 715/76/217 714/76/216 713/76/215
f 714/76/216 715/76/217 716/76/218
f 713/76/221 714/76/220 715/76/219
f 716/76/222 715/76/219 714/76/220
f 712/76/212 692/76/170 694/76/176
f 692/76/170 712/76/212 690/76/168
f 694/76/177 692/76/174 712/76/214
f 690/76/172 712/76/214 692/76/174
f 717/75/223 716/76/218 715/76/217
f 716/76/218 717/75/223 718/75/224
f 715/76/219 716/76/222 717/75/225
f 718/75/226 717/75/225 716/76/222
f 721/75/229 720/76/228 719/75/227
f 720/76/228 721/75/229 722/76/230
f 719/75/233 720/76/232 721/75/231
f 722/76/234 721/75/231 720/76/232
f 717/75/223 713/76/215 723/75/235
f 713/76/215 717/75/223 715/76/217
f 723/75/236 713/76/221 717/75/225
f 715/76/219 717/75/225 713/76/221
f 716/76/218 724/75/237 714/76/216
f 724/75/237 716/76/218 718/75/224
f 714/76/220 724/75/238 716/76/222
f 718/75/226 716/76/222 724/75/238
f 727/76/241 726/75/240 725/75/239
f 726/75/240 727/76/241 728/76/242
f 725/75/245 726/75/244 727/76/243
f 728/76/246 727/76/243 726/75/244
f 713/76/215 724/75/237 723/75/235
f 724/75/237 713/76/215 714/76/216
f 723/75/236 724/75/238 713/76/221
f 714/76/220 713/76/221 724/75/238
f 719/75/227 727/76/241 725/75/239
f 727/76/241 719/75/227 720/76/228
f 725/75/245 727/76/243 719/75/233
f 720/76/232 719/75/233 727/76/243
f 722/76/230 726/75/240 728/76/242
f 726/75/240 722/76/230 721/75/229
f 728/76/246 726/75/244 722/76/234
f 721/75/231 722/76/234 726/75/244
f 720/76/228 728/76/242 727/76/241
f 728/76/242 720/76/228 722/76/230
f 727/76/243 728/76/246 720/76/232
f 722/76/234 720/76/232 728/76/246
f 712/76/212 693/75/175 711/75/211
f 693/75/175 712/76/212 694/76/176
f 711/75/213 693/75/178 712/76/214
f 694/76/177 712/76/214 693/75/178
f 731/75/169 730/76/168 729/75/167
f 730/76/168 731/75/169 732/76/170
f 729/75/173 730/76/172 731/75/171
f 732/76/174 731/75/171 730/76/172
f 734/76/176 731/75/169 733/75/175
f 731/75/169 734/76/176 732/76/170
f 733/75/178 731/75/171 734/76/177
f 732/76/174 734/76/177 731/75/171
f 737/77/181 736/75/180 735/75/179
f 736/75/180 737/77/181 738/77/182
f 735/75/185 736/75/184 737/77/183
f 738/77/186 737/77/183 736/75/184
f 736/75/180 740/77/188 739/75/187
f 740/77/188 736/75/180 738/77/182
f 739/75/190 740/77/189 736/75/184
f 738/77/186 736/75/184 740/77/189
f 743/75/193 742/77/192 741/75/191
f 742/77/192 743/75/193 744/77/194
f 741/75/197 742/77/196 743/75/195
f 744/77/198 743/75/195 742/77/196
f 742/77/192 746/77/200 745/77/199
f 746/77/200 742/77/192 744/77/194
f 745/77/202 746/77/201 742/77/196
f 744/77/198 742/77/196 746/77/201
f 746/77/200 743/75/193 747/75/203
f 743/75/193 746/77/200 744/77/194
f 747/75/204 743/75/195 746/77/201
f 744/77/198 746/77/201 743/75/195
f 742/77/192 748/75/205 741/75/191
f 748/75/205 742/77/192 745/77/199
f 741/75/197 748/75/206 742/77/196
f 745/77/202 742/77/196 748/75/206
f 745/77/199 747/75/203 748/75/205
f 747/75/203 745/77/199 746/77/200
f 748/75/206 747/75/204 745/77/202
f 746/77/201 745/77/202 747/75/204
f 750/77/208 735/75/179 749/75/207
f 735/75/179 750/77/208 737/77/181
f 749/75/210 735/75/185 750/77/209
f 737/77/183 750/77/209 735/75/185
f 730/76/168 751/75/211 729/75/167
f 751/75/211 730/76/168 752/76/212
f 729/75/173 751/75/213 730/76/172
f 752/76/214 730/76/172 751/75/213
f 740/77/188 749/75/207 739/75/187
f 749/75/207 740/77/188 750/77/208
f 739/75/190 749/75/210 740/77/189
f 750/77/209 740/77/189 749/75/210
f 740/77/188 737/77/181 750/77/208
f 737/77/181 740/77/188 738/77/182
f 750/77/209 737/77/183 740/77/189
f 738/77/186 740/77/189 737/77/183
f 755/76/217 754/76/216 753/76/215
f 754/76/216 755/76/217 756/76/218
f 753/76/221 754/76/220 755/76/219
f 756/76/222 755/76/219 754/76/220
f 752/76/212 732/76/170 734/76/176
f 732/76/170 752/76/212 730/76/168
f 734/76/177 732/76/174 752/76/214
f 730/76/172 752/76/214 732/76/174
f 757/75/223 756/76/218 755/76/217
f 756/76/218 757/75/223 758/75/224
f 755/76/219 756/76/222 757/75/225
f 758/75/226 757/75/225 756/76/222
f 761/75/229 760/76/228 759/75/227
f 760/76/228 761/75/229 762/76/230
f 759/75/233 760/76/232 761/75/231
f 762/76/234 761/75/231 760/76/232
f 757/75/223 753/76/215 763/75/235
f 753/76/215 757/75/223 755/76/217
f 763/75/236 753/76/221 757/75/225
f 755/76/219 757/75/225 753/76/221
f 756/76/218 764/75/237 754/76/216
f 764/75/237 756/76/218 758/75/224
f 754/76/220 764/75/238 756/76/222
f 758/75/226 756/76/222 764/75/238
f 767/76/241 766/75/240 765/75/239
f 766/75/240 767/76/241 768/76/242
f 765/75/245 766/75/244 767/76/243
f 768/76/246 767/76/243 766/75/244
f 753/76/215 764/75/237 763/75/235
f 764/75/237 753/76/215 754/76/216
f 763/75/236 764/75/238 753/76/221
f 754/76/220 753/76/221 764/75/238
f 759/75/227 767/76/241 765/75/239
f 767/76/241 759/75/227 760/76/228
f 765/75/245 767/76/243 759/75/233
f 760/76/232 759/75/233 767/76/243
f 762/76/230 766/75/240 768/76/242
f 766/75/240 762/76/230 761/75/229
f 768/76/246 766/75/244 762/76/234
f 761/75/231 762/76/234 766/75/244
f 760/76/228 768/76/242 767/76/241
f 768/76/242 760/76/228 762/76/230
f 767/76/243 768/76/246 760/76/232
f 762/76/234 760/76/232 768/76/246
f 752/76/212 733/75/175 751/75/211
f 733/75/175 752/76/212 734/76/176
f 751/75/213 733/75/178 752/76/214
f 734/76/177 752/76/214 733/75/178
f 771/75/249 770/76/248 769/75/247
f 770/76/248 771/75/249 772/76/250
f 769/75/253 770/76/252 771/75/251
f 772/76/254 771/75/251 770/76/252
f 774/76/256 771/75/249 773/75/255
f 771/75/249 774/76/256 772/76/250
f 773/75/258 771/75/251 774/76/257
f 772/76/254 774/76/257 771/75/251
f 777/77/261 776/75/260 775/75/259
f 776/75/260 777/77/261 778/77/262
f 775/75/265 776/75/264 777/77/263
f 778/77/266 777/77/263 776/75/264
f 776/75/260 780/77/268 779/75/267
f 780/77/268 776/75/260 778/77/262
f 779/75/270 780/77/269 776/75/264
f 778/77/266 776/75/264 780/77/269
f 783/75/273 782/77/272 781/75/271
f 782/77/272 783/75/273 784/77/274
f 781/75/277 782/77/276 783/75/275
f 784/77/278 783/75/275 782/77/276
f 782/77/272 786/77/280 785/77/279
f 786/77/280 782/77/272 784/77/274
f 785/77/282 786/77/281 782/77/276
f 784/77/278 782/77/276 786/77/281
f 786/77/280 783/75/273 787/75/283
f 783/75/273 786/77/280 784/77/274
f 787/75/284 783/75/275 786/77/281
f 784/77/278 786/77/281 783/75/275
f 782/77/272 788/75/285 781/75/271
f 788/75/285 782/77/272 785/77/279
f 781/75/277 788/75/286 782/77/276
f 785/77/282 782/77/276 788/75/286
f 785/77/279 787/75/283 788/75/285
f 787/75/283 785/77/279 786/77/280
f 788/75/286 787/75/284 785/77/282
f 786/77/281 785/77/282 787/75/284
f 790/77/288 775/75/259 789/75/287
f 775/75/259 790/77/288 777/77/261
f 789/75/290 775/75/265 790/77/289
f 777/77/263 790/77/289 775/75/265
f 770/76/248 791/75/291 769/75/247
f 791/75/291 770/76/248 792/76/292
f 769/75/253 791/75/293 770/76/252
f 792/76/294 770/76/252 791/75/293
f 780/77/268 789/75/287 779/75/267
f 789/75/287 780/77/268 790/77/288
f 779/75/270 789/75/290 780/77/269
f 790/77/289 780/77/269 789/75/290
f 780/77/268 777/77/261 790/77/288
f 777/77/261 780/77/268 778/77/262
f 790/77/289 777/77/263 780/77/269
f 778/77/266 780/77/269 777/77/263
f 795/76/297 794/76/296 793/76/295
f 794/76/296 795/76/297 796/76/298
f 793/76/301 794/76/300 795/76/299
f 796/76/302 795/76/299 794/76/300
f 792/76/292 772/76/250 774/76/256
f 772/76/250 792/76/292 770/76/248
f 774/76/257 772/76/254 792/76/294
f 770/76/252 792/76/294 772/76/254
f 797/75/303 796/76/298 795/76/297
f 796/76/298 797/75/303 798/75/304
f 795/76/299 796/76/302 797/75/305
f 798/75/306 797/75/305 796/76/302
f 801/75/309 800/76/308 799/75/307
f 800/76/308 801/75/309 802/76/310
f 799/75/313 800/76/312 801/75/311
f 802/76/314 801/75/311 800/76/312
f 797/75/303 793/76/295 803/75/315
f 793/76/295 797/75/303 795/76/297
f 803/75/316 793/76/301 797/75/305
f 795/76/299 797/75/305 793/76/301
f 796/76/298 804/75/317 794/76/296
f 804/75/317 796/76/298 798/75/304
f 794/76/300 804/75/318 796/76/302
f 798/75/306 796/76/302 804/75/318
f 807/76/321 806/75/320 805/75/319
f 806/75/320 807/76/321 808/76/322
f 805/75/325 806/75/324 807/76/323
f 808/76/326 807/76/323 806/75/324
f 793/76/295 804/75/317 803/75/315
f 804/75/317 793/76/295 794/76/296
f 803/75/316 804/75/318 793/76/301
f 794/76/300 793/76/301 804/75/318
f 799/75/307 807/76/321 805/75/319
f 807/76/321 799/75/307 800/76/308
f 805/75/325 807/76/323 799/75/313
f 800/76/312 799/75/313 807/76/323
f 802/76/310 806/75/320 808/76/322
f 806/75/320 802/76/310 801/75/309
f 808/76/326 806/75/324 802/76/314
f 801/75/311 802/76/314 806/75/324
f 800/76/308 808/76/322 807/76/321
f 808/76/322 800/76/308 802/76/310
f 807/76/323 808/76/326 800/76/312
f 802/76/314 800/76/312 808/76/326
f 792/76/292 773/75/255 791/75/291
f 773/75/255 792/76/292 774/76/256
f 791/75/293 773/75/258 792/76/294
f 774/76/257 792/76/294 773/75/258
f 811/75/249 810/76/248 809/75/247
f 810/76/248 811/75/249 812/76/250
f 809/75/253 810/76/252 811/75/251
f 812/76/254 811/75/251 810/76/252
f 814/76/256 811/75/249 813/75/255
f 811/75/249 814/76/256 812/76/250
f 813/75/258 811/75/251 814/76/257
f 812/76/254 814/76/257 811/75/251
f 817/77/261 816/75/260 815/75/259
f 816/75/260 817/77/261 818/77/262
f 815/75/265 816/75/264 817/77/263
f 818/77/266 817/77/263 816/75/264
f 816/75/260 820/77/268 819/75/267
f 820/77/268 816/75/260 818/77/262
f 819/75/270 820/77/269 816/75/264
f 818/77/266 816/75/264 820/77/269
f 823/75/273 822/77/272 821/75/271
f 822/77/272 823/75/273 824/77/274
f 821/75/277 822/77/276 823/75/275
f 824/77/278 823/75/275 822/77/276
f 822/77/272 826/77/280 825/77/279
f 826/77/280 822/77/272 824/77/274
f 825/77/282 826/77/281 822/77/276
f 824/77/278 822/77/276 826/77/281
f 826/77/280 823/75/273 827/75/283
f 823/75/273 826/77/280 824/77/274
f 827/75/284 823/75/275 826/77/281
f 824/77/278 826/77/281 823/75/275
f 822/77/272 828/75/285 821/75/271
f 828/75/285 822/77/272 825/77/279
f 821/75/277 828/75/286 822/77/276
f 825/77/282 822/77/276 828/75/286
f 825/77/279 827/75/283 828/75/285
f 827/75/283 825/77/279 826/77/280
f 828/75/286 827/75/284 825/77/282
f 826/77/281 825/77/282 827/75/284
f 830/77/288 815/75/259 829/75/287
f 815/75/259 830/77/288 817/77/261
f 829/75/290 815/75/265 830/77/289
f 817/77/263 830/77/289 815/75/265
f 810/76/248 831/75/291 809/75/247
f 831/75/291 810/76/248 832/76/292
f 809/75/253 831/75/293 810/76/252
f 832/76/294 810/76/252 831/75/293
f 820/77/268 829/75/287 819/75/267
f 829/75/287 820/77/268 830/77/288
f 819/75/270 829/75/290 820/77/269
f 830/77/289 820/77/269 829/75/290
f 820/77/268 817/77/261 830/77/288
f 817/77/261 820/77/268 818/77/262
f 830/77/289 817/77/263 820/77/269
f 818/77/266 820/77/269 817/77/263
f 835/76/297 834/76/296 833/76/295
f 834/76/296 835/76/297 836/76/298
f 833/76/301 834/76/300 835/76/299
f 836/76/302 835/76/299 834/76/300
f 832/76/292 812/76/250 814/76/256
f 812/76/250 832/76/292 810/76/248
f 814/76/257 812/76/254 832/76/294
f 810/76/252 832/76/294 812/76/254
f 837/75/303 836/76/298 835/76/297
f 836/76/298 837/75/303 838/75/304
f 835/76/299 836/76/302 837/75/305
f 838/75/306 837/75/305 836/76/302
f 841/75/309 840/76/308 839/75/307
f 840/76/308 841/75/309 842/76/310
f 839/75/313 840/76/312 841/75/311
f 842/76/314 841/75/311 840/76/312
f 837/75/303 833/76/295 843/75/315
f 833/76/295 837/75/303 835/76/297
f 843/75/316 833/76/301 837/75/305
f 835/76/299 837/75/305 833/76/301
f 836/76/298 844/75/317 834/76/296
f 844/75/317 836/76/298 838/75/304
f 834/76/300 844/75/318 836/76/302
f 838/75/306 836/76/302 844/75/318
f 847/76/321 846/75/320 845/75/319
f 846/75/320 847/76/321 848/76/322
f 845/75/325 846/75/324 847/76/323
f 848/76/326 847/76/323 846/75/324
f 833/76/295 844/75/317 843/75/315
f 844/75/317 833/76/295 834/76/296
f 843/75/316 844/75/318 833/76/301
f 834/76/300 833/76/301 844/75/318
f 839/75/307 847/76/321 845/75/319
f 847/76/321 839/75/307 840/76/308
f 845/75/325 847/76/323 839/75/313
f 840/76/312 839/75/313 847/76/323
f 842/76/310 846/75/320 848/76/322
f 846/75/320 842/76/310 841/75/309
f 848/76/326 846/75/324 842/76/314
f 841/75/311 842/76/314 846/75/324
f 840/76/308 848/76/322 847/76/321
f 848/76/322 840/76/308 842/76/310
f 847/76/323 848/76/326 840/76/312
f 842/76/314 840/76/312 848/76/326
f 832/76/292 813/75/255 831/75/291
f 813/75/255 832/76/292 814/76/256
f 831/75/293 813/75/258 832/76/294
f 814/76/257 832/76/294 813/75/258
f 851/79/55 850/78/50 849/78/55
f 850/78/50 851/79/55 852/79/50
f 849/78/56 850/78/52 851/79/56
f 852/79/52 851/79/56 850/78/52
f 855/79/1 854/79/1 853/79/1
f 854/79/1 855/79/1 852/79/1
f 854/79/1 852/79/1 851/79/1
f 853/79/2 854/79/2 855/79/2
f 852/79/2 855/79/2 854/79/2
f 851/79/2 852/79/2 854/79/2
f 853/79/52 856/78/52 195/78/52
f 856/78/52 853/79/52 854/79/52
f 195/78/50 856/78/50 853/79/50
f 854/79/50 853/79/50 856/78/50
f 852/79/50 857/78/57 850/78/50
f 857/78/57 852/79/50 855/79/57
f 850/78/52 857/78/58 852/79/52
f 855/79/58 852/79/52 857/78/58
f 853/79/47 857/78/47 855/79/47
f 857/78/47 853/79/47 195/78/47
f 855/79/48 857/78/48 853/79/48
f 195/78/48 853/79/48 857/78/48
f 856/78/48 851/79/48 849/78/48
f 851/79/48 856/78/48 854/79/48
f 849/78/47 851/79/47 856/78/47
f 854/79/47 856/78/47 851/79/47
f 860/79/55 859/78/50 858/78/55
f 859/78/50 860/79/55 861/79/50
f 858/78/56 859/78/52 860/79/56
f 861/79/52 860/79/56 859/78/52
f 864/79/1 863/79/1 862/79/1
f 863/79/1 864/79/1 861/79/1
f 863/79/1 861/79/1 860/79/1
f 862/79/2 863/79/2 864/79/2
f 861/79/2 864/79/2 863/79/2
f 860/79/2 861/79/2 863/79/2
f 862/79/52 865/78/52 263/78/52
f 865/78/52 862/79/52 863/79/52
f 263/78/50 865/78/50 862/79/50
f 863/79/50 862/79/50 865/78/50
f 861/79/50 866/78/57 859/78/50
f 866/78/57 861/79/50 864/79/57
f 859/78/52 866/78/58 861/79/52
f 864/79/58 861/79/52 866/78/58
f 862/79/47 866/78/47 864/79/47
f 866/78/47 862/79/47 263/78/47
f 864/79/48 866/78/48 862/79/48
f 263/78/48 862/79/48 866/78/48
f 865/78/48 860/79/48 858/78/48
f 860/79/48 865/78/48 863/79/48
f 858/78/47 860/79/47 865/78/47
f 863/79/47 865/78/47 860/79/47
f 869/79/75 868/78/22 867/78/75
f 868/78/22 869/79/75 870/79/22
f 867/78/76 868/78/21 869/79/76
f 870/79/21 869/79/76 868/78/21
f 873/79/1 872/79/1 871/79/1
f 872/79/1 873/79/1 870/79/1
f 872/79/1 870/79/1 869/79/1
f 871/79/2 872/79/2 873/79/2
f 870/79/2 873/79/2 872/79/2
f 869/79/2 870/79/2 872/79/2
f 871/79/21 874/78/21 331/78/21
f 874/78/21 871/79/21 872/79/21
f 331/78/22 874/78/22 871/79/22
f 872/79/22 871/79/22 874/78/22
f 870/79/22 875/78/77 868/78/22
f 875/78/77 870/79/22 873/79/77
f 868/78/21 875/78/78 870/79/21
f 873/79/78 870/79/21 875/78/78
f 871/79/20 875/78/20 873/79/20
f 875/78/20 871/79/20 331/78/20
f 873/79/19 875/78/19 871/79/19
f 331/78/19 871/79/19 875/78/19
f 874/78/19 869/79/19 867/78/19
f 869/79/19 874/78/19 872/79/19
f 867/78/20 869/79/20 874/78/20
f 872/79/20 874/78/20 869/79/20
f 878/79/75 877/78/22 876/78/75
f 877/78/22 878/79/75 879/79/22
f 876/78/76 877/78/21 878/79/76
f 879/79/21 878/79/76 877/78/21
f 882/79/1 881/79/1 880/79/1
f 881/79/1 882/79/1 879/79/1
f 881/79/1 879/79/1 878/79/1
f 880/79/2 881/79/2 882/79/2
f 879/79/2 882/79/2 881/79/2
f 878/79/2 879/79/2 881/79/2
f 880/79/21 883/78/21 399/78/21
f 883/78/21 880/79/21 881/79/21
f 399/78/22 883/78/22 880/79/22
f 881/79/22 880/79/22 883/78/22
f 879/79/22 884/78/77 877/78/22
f 884/78/77 879/79/22 882/79/77
f 877/78/21 884/78/78 879/79/21
f 882/79/78 879/79/21 884/78/78
f 880/79/20 884/78/20 882/79/20
f 884/78/20 880/79/20 399/78/20
f 882/79/19 884/78/19 880/79/19
f 399/78/19 880/79/19 884/78/19
f 883/78/19 878/79/19 876/78/19
f 878/79/19 883/78/19 881/79/19
f 876/78/20 878/79/20 883/78/20
f 881/79/20 883/78/20 878/79/20

